[
  {
    "number": 59000455543681,
    "dateTime": {
      "date": {
        "year": 2019,
        "month": 10,
        "day": 17
      },
      "time": {
        "hour": 10,
        "minute": 17,
        "second": 49,
        "nano": 0
      }
    },
    "citySender": "Черкаське",
    "cityRecipient": "Яворів"
  },
  {
    "number": 59000455543682,
    "dateTime": {
      "date": {
        "year": 2019,
        "month": 10,
        "day": 17
      },
      "time": {
        "hour": 10,
        "minute": 18,
        "second": 1,
        "nano": 0
      }
    },
    "citySender": "Київ",
    "cityRecipient": "Суми"
  },
  {
    "number": 59000455543683,
    "dateTime": {
      "date": {
        "year": 2019,
        "month": 10,
        "day": 17
      },
      "time": {
        "hour": 10,
        "minute": 17,
        "second": 38,
        "nano": 0
      }
    },
    "citySender": "Ужгород",
    "cityRecipient": "Ясіня"
  },
  {
    "number": 59000455543684,
    "dateTime": {
      "date": {
        "year": 2019,
        "month": 10,
        "day": 17
      },
      "time": {
        "hour": 10,
        "minute": 17,
        "second": 3,
        "nano": 0
      }
    },
    "citySender": "Погреби",
    "cityRecipient": "Суми"
  },
  {
    "number": 59000455543685,
    "dateTime": {
      "date": {
        "year": 2019,
        "month": 10,
        "day": 17
      },
      "time": {
        "hour": 10,
        "minute": 17,
        "second": 38,
        "nano": 0
      }
    },
    "citySender": "Київ",
    "cityRecipient": "Мукачево"
  },
  {
    "number": 59000455543686,
    "dateTime": {
      "date": {
        "year": 2019,
        "month": 10,
        "day": 17
      },
      "time": {
        "hour": 10,
        "minute": 17,
        "second": 20,
        "nano": 0
      }
    },
    "citySender": "Тростянець (Вінницька обл.)",
    "cityRecipient": "Київ"
  },
  {
    "number": 59000455543687,
    "dateTime": {
      "date": {
        "year": 2019,
        "month": 10,
        "day": 17
      },
      "time": {
        "hour": 10,
        "minute": 18,
        "second": 9,
        "nano": 0
      }
    },
    "citySender": "Київ",
    "cityRecipient": "Лютіж"
  },
  {
    "number": 59000455543688,
    "dateTime": {
      "date": {
        "year": 2019,
        "month": 10,
        "day": 17
      },
      "time": {
        "hour": 10,
        "minute": 17,
        "second": 32,
        "nano": 0
      }
    },
    "citySender": "Середнє",
    "cityRecipient": "Переяслав-Хмельницький"
  },
  {
    "number": 59000455543689,
    "dateTime": {
      "date": {
        "year": 2019,
        "month": 10,
        "day": 17
      },
      "time": {
        "hour": 10,
        "minute": 18,
        "second": 9,
        "nano": 0
      }
    },
    "citySender": "Покров (Дніпропетровська обл.)",
    "cityRecipient": "Велика Новосілка"
  },
  {
    "number": 59000455543690,
    "dateTime": {
      "date": {
        "year": 2019,
        "month": 10,
        "day": 17
      },
      "time": {
        "hour": 10,
        "minute": 18,
        "second": 12,
        "nano": 0
      }
    },
    "citySender": "Затока",
    "cityRecipient": "Київ"
  },
  {
    "number": 59000455543691,
    "dateTime": {
      "date": {
        "year": 2019,
        "month": 10,
        "day": 17
      },
      "time": {
        "hour": 10,
        "minute": 17,
        "second": 50,
        "nano": 0
      }
    },
    "citySender": "Коростишів",
    "cityRecipient": "Київ"
  },
  {
    "number": 59000455543692,
    "dateTime": {
      "date": {
        "year": 2019,
        "month": 10,
        "day": 17
      },
      "time": {
        "hour": 10,
        "minute": 15,
        "second": 30,
        "nano": 0
      }
    },
    "citySender": "Березанка(Миколаївська обл.)",
    "cityRecipient": "Київ"
  },
  {
    "number": 59000455543693,
    "dateTime": {
      "date": {
        "year": 2019,
        "month": 10,
        "day": 17
      },
      "time": {
        "hour": 10,
        "minute": 18,
        "second": 4,
        "nano": 0
      }
    },
    "citySender": "Слов\u0027янськ",
    "cityRecipient": "Одеса"
  },
  {
    "number": 59000455543694,
    "dateTime": {
      "date": {
        "year": 2019,
        "month": 10,
        "day": 17
      },
      "time": {
        "hour": 10,
        "minute": 18,
        "second": 6,
        "nano": 0
      }
    },
    "citySender": "Дніпро",
    "cityRecipient": "Христинівка"
  },
  {
    "number": 59000455543695,
    "dateTime": {
      "date": {
        "year": 2019,
        "month": 10,
        "day": 17
      },
      "time": {
        "hour": 10,
        "minute": 18,
        "second": 4,
        "nano": 0
      }
    },
    "citySender": "Житомир",
    "cityRecipient": "Кропивницький"
  },
  {
    "number": 59000455543696,
    "dateTime": {
      "date": {
        "year": 2019,
        "month": 10,
        "day": 17
      },
      "time": {
        "hour": 10,
        "minute": 17,
        "second": 24,
        "nano": 0
      }
    },
    "citySender": "Гірське",
    "cityRecipient": "Нікополь (Дніпропетровська обл.)"
  },
  {
    "number": 59000455543697,
    "dateTime": {
      "date": {
        "year": 2019,
        "month": 10,
        "day": 17
      },
      "time": {
        "hour": 10,
        "minute": 17,
        "second": 20,
        "nano": 0
      }
    },
    "citySender": "Ізмаїл",
    "cityRecipient": "Чечельник"
  },
  {
    "number": 59000455543698,
    "dateTime": {
      "date": {
        "year": 2019,
        "month": 10,
        "day": 17
      },
      "time": {
        "hour": 10,
        "minute": 17,
        "second": 42,
        "nano": 0
      }
    },
    "citySender": "Біла Церква",
    "cityRecipient": "Рівне"
  },
  {
    "number": 59000455543699,
    "dateTime": {
      "date": {
        "year": 2019,
        "month": 10,
        "day": 17
      },
      "time": {
        "hour": 10,
        "minute": 17,
        "second": 9,
        "nano": 0
      }
    },
    "citySender": "Київ",
    "cityRecipient": "Полтава"
  },
  {
    "number": 59000455543700,
    "dateTime": {
      "date": {
        "year": 2019,
        "month": 10,
        "day": 17
      },
      "time": {
        "hour": 10,
        "minute": 16,
        "second": 41,
        "nano": 0
      }
    },
    "citySender": "Андрушівка",
    "cityRecipient": "Київ"
  },
  {
    "number": 59000455543701,
    "dateTime": {
      "date": {
        "year": 2019,
        "month": 10,
        "day": 17
      },
      "time": {
        "hour": 10,
        "minute": 17,
        "second": 56,
        "nano": 0
      }
    },
    "citySender": "Київ",
    "cityRecipient": "Київ"
  },
  {
    "number": 59000455543702,
    "dateTime": {
      "date": {
        "year": 2019,
        "month": 10,
        "day": 17
      },
      "time": {
        "hour": 10,
        "minute": 17,
        "second": 45,
        "nano": 0
      }
    },
    "citySender": "Хуст",
    "cityRecipient": "Новоселиця"
  },
  {
    "number": 59000455543703,
    "dateTime": {
      "date": {
        "year": 2019,
        "month": 10,
        "day": 17
      },
      "time": {
        "hour": 10,
        "minute": 18,
        "second": 9,
        "nano": 0
      }
    },
    "citySender": "Черкаси",
    "cityRecipient": "Черкаси"
  },
  {
    "number": 59000455543705,
    "dateTime": {
      "date": {
        "year": 2019,
        "month": 10,
        "day": 17
      },
      "time": {
        "hour": 10,
        "minute": 18,
        "second": 6,
        "nano": 0
      }
    },
    "citySender": "Запоріжжя",
    "cityRecipient": "Івано-Франківськ"
  },
  {
    "number": 59000455543706,
    "dateTime": {
      "date": {
        "year": 2019,
        "month": 10,
        "day": 17
      },
      "time": {
        "hour": 10,
        "minute": 17,
        "second": 14,
        "nano": 0
      }
    },
    "citySender": "Веселе (Запорізька обл.)",
    "cityRecipient": "Вишневе"
  },
  {
    "number": 59000455543707,
    "dateTime": {
      "date": {
        "year": 2019,
        "month": 10,
        "day": 17
      },
      "time": {
        "hour": 10,
        "minute": 17,
        "second": 37,
        "nano": 0
      }
    },
    "citySender": "Івано-Франківськ",
    "cityRecipient": "Київ"
  },
  {
    "number": 59000455543708,
    "dateTime": {
      "date": {
        "year": 2019,
        "month": 10,
        "day": 17
      },
      "time": {
        "hour": 10,
        "minute": 18,
        "second": 2,
        "nano": 0
      }
    },
    "citySender": "Бровари",
    "cityRecipient": "Хмельницький"
  },
  {
    "number": 59000455543709,
    "dateTime": {
      "date": {
        "year": 2019,
        "month": 10,
        "day": 17
      },
      "time": {
        "hour": 10,
        "minute": 18,
        "second": 2,
        "nano": 0
      }
    },
    "citySender": "Березань",
    "cityRecipient": "Бровари"
  },
  {
    "number": 59000455543710,
    "dateTime": {
      "date": {
        "year": 2019,
        "month": 10,
        "day": 17
      },
      "time": {
        "hour": 10,
        "minute": 17,
        "second": 56,
        "nano": 0
      }
    },
    "citySender": "Запоріжжя",
    "cityRecipient": "Київ"
  },
  {
    "number": 59000455543711,
    "dateTime": {
      "date": {
        "year": 2019,
        "month": 10,
        "day": 17
      },
      "time": {
        "hour": 10,
        "minute": 17,
        "second": 47,
        "nano": 0
      }
    },
    "citySender": "Одеса",
    "cityRecipient": "Харків"
  },
  {
    "number": 59000455543712,
    "dateTime": {
      "date": {
        "year": 2019,
        "month": 10,
        "day": 17
      },
      "time": {
        "hour": 10,
        "minute": 17,
        "second": 44,
        "nano": 0
      }
    },
    "citySender": "Засулля",
    "cityRecipient": "Київ"
  },
  {
    "number": 59000455543713,
    "dateTime": {
      "date": {
        "year": 2019,
        "month": 10,
        "day": 17
      },
      "time": {
        "hour": 10,
        "minute": 17,
        "second": 37,
        "nano": 0
      }
    },
    "citySender": "Бабаї",
    "cityRecipient": "Бердянськ"
  },
  {
    "number": 59000455543714,
    "dateTime": {
      "date": {
        "year": 2019,
        "month": 10,
        "day": 17
      },
      "time": {
        "hour": 10,
        "minute": 18,
        "second": 11,
        "nano": 0
      }
    },
    "citySender": "Київ",
    "cityRecipient": "Київ"
  },
  {
    "number": 59000455543715,
    "dateTime": {
      "date": {
        "year": 2019,
        "month": 10,
        "day": 17
      },
      "time": {
        "hour": 10,
        "minute": 17,
        "second": 55,
        "nano": 0
      }
    },
    "citySender": "Подільськ",
    "cityRecipient": "Піщанка (Вінницька обл.)"
  },
  {
    "number": 59000455543716,
    "dateTime": {
      "date": {
        "year": 2019,
        "month": 10,
        "day": 17
      },
      "time": {
        "hour": 10,
        "minute": 18,
        "second": 13,
        "nano": 0
      }
    },
    "citySender": "Рогозів",
    "cityRecipient": "Харків"
  },
  {
    "number": 59000455543717,
    "dateTime": {
      "date": {
        "year": 2019,
        "month": 10,
        "day": 17
      },
      "time": {
        "hour": 10,
        "minute": 17,
        "second": 56,
        "nano": 0
      }
    },
    "citySender": "Рені",
    "cityRecipient": "Запоріжжя"
  },
  {
    "number": 59000455543718,
    "dateTime": {
      "date": {
        "year": 2019,
        "month": 10,
        "day": 17
      },
      "time": {
        "hour": 10,
        "minute": 17,
        "second": 32,
        "nano": 0
      }
    },
    "citySender": "Ужгород",
    "cityRecipient": "Брацлав"
  },
  {
    "number": 59000455543719,
    "dateTime": {
      "date": {
        "year": 2019,
        "month": 10,
        "day": 17
      },
      "time": {
        "hour": 10,
        "minute": 17,
        "second": 56,
        "nano": 0
      }
    },
    "citySender": "Чернівці",
    "cityRecipient": "Харків"
  },
  {
    "number": 59000455543720,
    "dateTime": {
      "date": {
        "year": 2019,
        "month": 10,
        "day": 17
      },
      "time": {
        "hour": 10,
        "minute": 17,
        "second": 58,
        "nano": 0
      }
    },
    "citySender": "Київ",
    "cityRecipient": "Одеса"
  },
  {
    "number": 59000455543721,
    "dateTime": {
      "date": {
        "year": 2019,
        "month": 10,
        "day": 17
      },
      "time": {
        "hour": 10,
        "minute": 16,
        "second": 44,
        "nano": 0
      }
    },
    "citySender": "Сторожинець",
    "cityRecipient": "Ширяєве"
  },
  {
    "number": 59000455543723,
    "dateTime": {
      "date": {
        "year": 2019,
        "month": 10,
        "day": 17
      },
      "time": {
        "hour": 10,
        "minute": 17,
        "second": 42,
        "nano": 0
      }
    },
    "citySender": "Херсон",
    "cityRecipient": "Миколаїв"
  },
  {
    "number": 59000455543724,
    "dateTime": {
      "date": {
        "year": 2019,
        "month": 10,
        "day": 17
      },
      "time": {
        "hour": 10,
        "minute": 18,
        "second": 16,
        "nano": 0
      }
    },
    "citySender": "Хмельницький",
    "cityRecipient": "Рівне"
  },
  {
    "number": 59000455543725,
    "dateTime": {
      "date": {
        "year": 2019,
        "month": 10,
        "day": 17
      },
      "time": {
        "hour": 10,
        "minute": 17,
        "second": 41,
        "nano": 0
      }
    },
    "citySender": "Іванковичі",
    "cityRecipient": "Черкаси"
  },
  {
    "number": 59000455543727,
    "dateTime": {
      "date": {
        "year": 2019,
        "month": 10,
        "day": 17
      },
      "time": {
        "hour": 10,
        "minute": 9,
        "second": 57,
        "nano": 0
      }
    },
    "citySender": "Нова Каховка",
    "cityRecipient": "Київ"
  },
  {
    "number": 59000455543728,
    "dateTime": {
      "date": {
        "year": 2019,
        "month": 10,
        "day": 17
      },
      "time": {
        "hour": 10,
        "minute": 18,
        "second": 18,
        "nano": 0
      }
    },
    "citySender": "Бар",
    "cityRecipient": "Бобрик"
  },
  {
    "number": 59000455543729,
    "dateTime": {
      "date": {
        "year": 2019,
        "month": 10,
        "day": 17
      },
      "time": {
        "hour": 10,
        "minute": 18,
        "second": 9,
        "nano": 0
      }
    },
    "citySender": "Київ",
    "cityRecipient": "Авдіївка (Донецька обл.)"
  },
  {
    "number": 59000455543730,
    "dateTime": {
      "date": {
        "year": 2019,
        "month": 10,
        "day": 17
      },
      "time": {
        "hour": 10,
        "minute": 17,
        "second": 53,
        "nano": 0
      }
    },
    "citySender": "Вишневе",
    "cityRecipient": "Вінниця"
  },
  {
    "number": 59000455543731,
    "dateTime": {
      "date": {
        "year": 2019,
        "month": 10,
        "day": 17
      },
      "time": {
        "hour": 10,
        "minute": 18,
        "second": 10,
        "nano": 0
      }
    },
    "citySender": "Кривий Ріг",
    "cityRecipient": "Каховка"
  },
  {
    "number": 59000455543732,
    "dateTime": {
      "date": {
        "year": 2019,
        "month": 10,
        "day": 17
      },
      "time": {
        "hour": 10,
        "minute": 18,
        "second": 15,
        "nano": 0
      }
    },
    "citySender": "Харків",
    "cityRecipient": "Пирятин"
  },
  {
    "number": 59000455543733,
    "dateTime": {
      "date": {
        "year": 2019,
        "month": 10,
        "day": 17
      },
      "time": {
        "hour": 10,
        "minute": 18,
        "second": 15,
        "nano": 0
      }
    },
    "citySender": "Краматорськ",
    "cityRecipient": "Слов\u0027янськ"
  },
  {
    "number": 59000455543734,
    "dateTime": {
      "date": {
        "year": 2019,
        "month": 10,
        "day": 17
      },
      "time": {
        "hour": 10,
        "minute": 18,
        "second": 18,
        "nano": 0
      }
    },
    "citySender": "Київ",
    "cityRecipient": "Одеса"
  },
  {
    "number": 59000455543735,
    "dateTime": {
      "date": {
        "year": 2019,
        "month": 10,
        "day": 17
      },
      "time": {
        "hour": 10,
        "minute": 17,
        "second": 42,
        "nano": 0
      }
    },
    "citySender": "Диканька",
    "cityRecipient": "Київ"
  },
  {
    "number": 59000455543736,
    "dateTime": {
      "date": {
        "year": 2019,
        "month": 10,
        "day": 17
      },
      "time": {
        "hour": 10,
        "minute": 18,
        "second": 13,
        "nano": 0
      }
    },
    "citySender": "Київ",
    "cityRecipient": "Бахмут"
  },
  {
    "number": 59000455543737,
    "dateTime": {
      "date": {
        "year": 2019,
        "month": 10,
        "day": 17
      },
      "time": {
        "hour": 10,
        "minute": 15,
        "second": 23,
        "nano": 0
      }
    },
    "citySender": "Рогатин",
    "cityRecipient": "Дніпро"
  },
  {
    "number": 59000455543738,
    "dateTime": {
      "date": {
        "year": 2019,
        "month": 10,
        "day": 17
      },
      "time": {
        "hour": 10,
        "minute": 17,
        "second": 27,
        "nano": 0
      }
    },
    "citySender": "Прилуки",
    "cityRecipient": "Пологи (Запорізька обл.)"
  },
  {
    "number": 59000455543739,
    "dateTime": {
      "date": {
        "year": 2019,
        "month": 10,
        "day": 17
      },
      "time": {
        "hour": 10,
        "minute": 16,
        "second": 38,
        "nano": 0
      }
    },
    "citySender": "Білозерка (Херсонська обл.)",
    "cityRecipient": "Новоукраїнка"
  },
  {
    "number": 59000455543740,
    "dateTime": {
      "date": {
        "year": 2019,
        "month": 10,
        "day": 17
      },
      "time": {
        "hour": 10,
        "minute": 18,
        "second": 0,
        "nano": 0
      }
    },
    "citySender": "Житомир",
    "cityRecipient": "Малин"
  },
  {
    "number": 59000455543741,
    "dateTime": {
      "date": {
        "year": 2019,
        "month": 10,
        "day": 17
      },
      "time": {
        "hour": 10,
        "minute": 17,
        "second": 18,
        "nano": 0
      }
    },
    "citySender": "Дворічна",
    "cityRecipient": "Бровари"
  },
  {
    "number": 59000455543742,
    "dateTime": {
      "date": {
        "year": 2019,
        "month": 10,
        "day": 17
      },
      "time": {
        "hour": 10,
        "minute": 18,
        "second": 13,
        "nano": 0
      }
    },
    "citySender": "Почаїв",
    "cityRecipient": "Свалява"
  },
  {
    "number": 59000455543743,
    "dateTime": {
      "date": {
        "year": 2019,
        "month": 10,
        "day": 17
      },
      "time": {
        "hour": 10,
        "minute": 18,
        "second": 4,
        "nano": 0
      }
    },
    "citySender": "Дніпро",
    "cityRecipient": "Станиця Луганська"
  },
  {
    "number": 59000455543744,
    "dateTime": {
      "date": {
        "year": 2019,
        "month": 10,
        "day": 17
      },
      "time": {
        "hour": 10,
        "minute": 17,
        "second": 51,
        "nano": 0
      }
    },
    "citySender": "Святопетрівське (Києво-Свят.р-н)",
    "cityRecipient": "Київ"
  },
  {
    "number": 59000455543745,
    "dateTime": {
      "date": {
        "year": 2019,
        "month": 10,
        "day": 17
      },
      "time": {
        "hour": 10,
        "minute": 17,
        "second": 30,
        "nano": 0
      }
    },
    "citySender": "Сокільники",
    "cityRecipient": "Васильків"
  },
  {
    "number": 59000455543746,
    "dateTime": {
      "date": {
        "year": 2019,
        "month": 10,
        "day": 17
      },
      "time": {
        "hour": 10,
        "minute": 18,
        "second": 21,
        "nano": 0
      }
    },
    "citySender": "Запоріжжя",
    "cityRecipient": "Київ"
  },
  {
    "number": 59000455543747,
    "dateTime": {
      "date": {
        "year": 2019,
        "month": 10,
        "day": 17
      },
      "time": {
        "hour": 10,
        "minute": 17,
        "second": 51,
        "nano": 0
      }
    },
    "citySender": "Івано-Франківськ",
    "cityRecipient": "Одеса"
  },
  {
    "number": 59000455543748,
    "dateTime": {
      "date": {
        "year": 2019,
        "month": 10,
        "day": 17
      },
      "time": {
        "hour": 10,
        "minute": 18,
        "second": 22,
        "nano": 0
      }
    },
    "citySender": "Бурштин",
    "cityRecipient": "Одеса"
  },
  {
    "number": 59000455543749,
    "dateTime": {
      "date": {
        "year": 2019,
        "month": 10,
        "day": 17
      },
      "time": {
        "hour": 10,
        "minute": 18,
        "second": 22,
        "nano": 0
      }
    },
    "citySender": "Київ",
    "cityRecipient": "Дніпро"
  },
  {
    "number": 59000455543750,
    "dateTime": {
      "date": {
        "year": 2019,
        "month": 10,
        "day": 17
      },
      "time": {
        "hour": 10,
        "minute": 18,
        "second": 5,
        "nano": 0
      }
    },
    "citySender": "Житомир",
    "cityRecipient": "Вишневе"
  },
  {
    "number": 59000455543751,
    "dateTime": {
      "date": {
        "year": 2019,
        "month": 10,
        "day": 17
      },
      "time": {
        "hour": 10,
        "minute": 18,
        "second": 23,
        "nano": 0
      }
    },
    "citySender": "Дніпро",
    "cityRecipient": "Луцьк"
  },
  {
    "number": 59000455543752,
    "dateTime": {
      "date": {
        "year": 2019,
        "month": 10,
        "day": 17
      },
      "time": {
        "hour": 10,
        "minute": 17,
        "second": 36,
        "nano": 0
      }
    },
    "citySender": "Київ",
    "cityRecipient": "Чернігів"
  },
  {
    "number": 59000455543753,
    "dateTime": {
      "date": {
        "year": 2019,
        "month": 10,
        "day": 17
      },
      "time": {
        "hour": 10,
        "minute": 18,
        "second": 24,
        "nano": 0
      }
    },
    "citySender": "Луцьк",
    "cityRecipient": "Одеса"
  },
  {
    "number": 59000455543754,
    "dateTime": {
      "date": {
        "year": 2019,
        "month": 10,
        "day": 17
      },
      "time": {
        "hour": 10,
        "minute": 17,
        "second": 37,
        "nano": 0
      }
    },
    "citySender": "Тернопіль",
    "cityRecipient": "Харків"
  },
  {
    "number": 59000455543755,
    "dateTime": {
      "date": {
        "year": 2019,
        "month": 10,
        "day": 17
      },
      "time": {
        "hour": 10,
        "minute": 16,
        "second": 35,
        "nano": 0
      }
    },
    "citySender": "Суми",
    "cityRecipient": "Харків"
  },
  {
    "number": 59000455543756,
    "dateTime": {
      "date": {
        "year": 2019,
        "month": 10,
        "day": 17
      },
      "time": {
        "hour": 10,
        "minute": 17,
        "second": 34,
        "nano": 0
      }
    },
    "citySender": "Балта",
    "cityRecipient": "Павлоград"
  },
  {
    "number": 59000455543757,
    "dateTime": {
      "date": {
        "year": 2019,
        "month": 10,
        "day": 17
      },
      "time": {
        "hour": 10,
        "minute": 18,
        "second": 24,
        "nano": 0
      }
    },
    "citySender": "Київ",
    "cityRecipient": "Кіцмань"
  },
  {
    "number": 59000455543758,
    "dateTime": {
      "date": {
        "year": 2019,
        "month": 10,
        "day": 17
      },
      "time": {
        "hour": 10,
        "minute": 17,
        "second": 8,
        "nano": 0
      }
    },
    "citySender": "Овідіополь",
    "cityRecipient": "Харків"
  },
  {
    "number": 59000455543759,
    "dateTime": {
      "date": {
        "year": 2019,
        "month": 10,
        "day": 17
      },
      "time": {
        "hour": 10,
        "minute": 17,
        "second": 34,
        "nano": 0
      }
    },
    "citySender": "Запоріжжя",
    "cityRecipient": "Дніпро"
  },
  {
    "number": 59000455543760,
    "dateTime": {
      "date": {
        "year": 2019,
        "month": 10,
        "day": 17
      },
      "time": {
        "hour": 10,
        "minute": 17,
        "second": 53,
        "nano": 0
      }
    },
    "citySender": "Луцьк",
    "cityRecipient": "Маневичі"
  },
  {
    "number": 59000455543761,
    "dateTime": {
      "date": {
        "year": 2019,
        "month": 10,
        "day": 17
      },
      "time": {
        "hour": 10,
        "minute": 18,
        "second": 25,
        "nano": 0
      }
    },
    "citySender": "Котельва",
    "cityRecipient": "Кременчук"
  },
  {
    "number": 59000455543762,
    "dateTime": {
      "date": {
        "year": 2019,
        "month": 10,
        "day": 17
      },
      "time": {
        "hour": 10,
        "minute": 18,
        "second": 7,
        "nano": 0
      }
    },
    "citySender": "Дніпро",
    "cityRecipient": "Полтава"
  },
  {
    "number": 59000455543763,
    "dateTime": {
      "date": {
        "year": 2019,
        "month": 10,
        "day": 17
      },
      "time": {
        "hour": 10,
        "minute": 18,
        "second": 19,
        "nano": 0
      }
    },
    "citySender": "Хорол",
    "cityRecipient": "Київ"
  },
  {
    "number": 59000455543764,
    "dateTime": {
      "date": {
        "year": 2019,
        "month": 10,
        "day": 17
      },
      "time": {
        "hour": 10,
        "minute": 17,
        "second": 58,
        "nano": 0
      }
    },
    "citySender": "Нова Водолага",
    "cityRecipient": "Горішні Плавні"
  },
  {
    "number": 59000455543765,
    "dateTime": {
      "date": {
        "year": 2019,
        "month": 10,
        "day": 17
      },
      "time": {
        "hour": 10,
        "minute": 17,
        "second": 58,
        "nano": 0
      }
    },
    "citySender": "Городець",
    "cityRecipient": "Київ"
  },
  {
    "number": 59000455543766,
    "dateTime": {
      "date": {
        "year": 2019,
        "month": 10,
        "day": 17
      },
      "time": {
        "hour": 10,
        "minute": 18,
        "second": 14,
        "nano": 0
      }
    },
    "citySender": "Одеса",
    "cityRecipient": "Київ"
  },
  {
    "number": 59000455543767,
    "dateTime": {
      "date": {
        "year": 2019,
        "month": 10,
        "day": 17
      },
      "time": {
        "hour": 10,
        "minute": 16,
        "second": 40,
        "nano": 0
      }
    },
    "citySender": "Київ",
    "cityRecipient": "Дніпро"
  },
  {
    "number": 59000455543768,
    "dateTime": {
      "date": {
        "year": 2019,
        "month": 10,
        "day": 17
      },
      "time": {
        "hour": 10,
        "minute": 18,
        "second": 18,
        "nano": 0
      }
    },
    "citySender": "Київ",
    "cityRecipient": "Полтава"
  },
  {
    "number": 59000455543769,
    "dateTime": {
      "date": {
        "year": 2019,
        "month": 10,
        "day": 17
      },
      "time": {
        "hour": 10,
        "minute": 18,
        "second": 12,
        "nano": 0
      }
    },
    "citySender": "Одеса",
    "cityRecipient": "Виноградів"
  },
  {
    "number": 59000455543770,
    "dateTime": {
      "date": {
        "year": 2019,
        "month": 10,
        "day": 17
      },
      "time": {
        "hour": 10,
        "minute": 18,
        "second": 25,
        "nano": 0
      }
    },
    "citySender": "Харків",
    "cityRecipient": "Київ"
  },
  {
    "number": 59000455543771,
    "dateTime": {
      "date": {
        "year": 2019,
        "month": 10,
        "day": 17
      },
      "time": {
        "hour": 10,
        "minute": 18,
        "second": 11,
        "nano": 0
      }
    },
    "citySender": "Харків",
    "cityRecipient": "Вишгород"
  },
  {
    "number": 59000455543772,
    "dateTime": {
      "date": {
        "year": 2019,
        "month": 10,
        "day": 17
      },
      "time": {
        "hour": 10,
        "minute": 17,
        "second": 55,
        "nano": 0
      }
    },
    "citySender": "Новгород-Сіверський",
    "cityRecipient": "Бровари"
  },
  {
    "number": 59000455543773,
    "dateTime": {
      "date": {
        "year": 2019,
        "month": 10,
        "day": 17
      },
      "time": {
        "hour": 10,
        "minute": 18,
        "second": 19,
        "nano": 0
      }
    },
    "citySender": "Асканія-Нова",
    "cityRecipient": "Полтава"
  },
  {
    "number": 59000455543774,
    "dateTime": {
      "date": {
        "year": 2019,
        "month": 10,
        "day": 17
      },
      "time": {
        "hour": 10,
        "minute": 18,
        "second": 28,
        "nano": 0
      }
    },
    "citySender": "Сокиряни",
    "cityRecipient": "Київ"
  },
  {
    "number": 59000455543775,
    "dateTime": {
      "date": {
        "year": 2019,
        "month": 10,
        "day": 17
      },
      "time": {
        "hour": 10,
        "minute": 18,
        "second": 4,
        "nano": 0
      }
    },
    "citySender": "Новомосковськ",
    "cityRecipient": "Київ"
  },
  {
    "number": 59000455543776,
    "dateTime": {
      "date": {
        "year": 2019,
        "month": 10,
        "day": 17
      },
      "time": {
        "hour": 10,
        "minute": 17,
        "second": 59,
        "nano": 0
      }
    },
    "citySender": "Львів",
    "cityRecipient": "Київ"
  },
  {
    "number": 59000455543777,
    "dateTime": {
      "date": {
        "year": 2019,
        "month": 10,
        "day": 17
      },
      "time": {
        "hour": 10,
        "minute": 18,
        "second": 8,
        "nano": 0
      }
    },
    "citySender": "Самбір",
    "cityRecipient": "Герца"
  },
  {
    "number": 59000455543778,
    "dateTime": {
      "date": {
        "year": 2019,
        "month": 10,
        "day": 17
      },
      "time": {
        "hour": 10,
        "minute": 18,
        "second": 18,
        "nano": 0
      }
    },
    "citySender": "Коломия",
    "cityRecipient": "Київ"
  },
  {
    "number": 59000455543779,
    "dateTime": {
      "date": {
        "year": 2019,
        "month": 10,
        "day": 17
      },
      "time": {
        "hour": 10,
        "minute": 18,
        "second": 8,
        "nano": 0
      }
    },
    "citySender": "Ярмолинці",
    "cityRecipient": "Новотроїцьке (Херсонська обл.)"
  },
  {
    "number": 59000455543780,
    "dateTime": {
      "date": {
        "year": 2019,
        "month": 10,
        "day": 17
      },
      "time": {
        "hour": 10,
        "minute": 18,
        "second": 29,
        "nano": 0
      }
    },
    "citySender": "Ланівці",
    "cityRecipient": "Чортків"
  }
]