[
  {
    "number": 59000455524591,
    "dateTime": {
      "date": {
        "year": 2019,
        "month": 10,
        "day": 17
      },
      "time": {
        "hour": 9,
        "minute": 16,
        "second": 53,
        "nano": 0
      }
    },
    "citySender": "Апостолове",
    "cityRecipient": "Кременець"
  },
  {
    "number": 59000455524592,
    "dateTime": {
      "date": {
        "year": 2019,
        "month": 10,
        "day": 17
      },
      "time": {
        "hour": 9,
        "minute": 17,
        "second": 14,
        "nano": 0
      }
    },
    "citySender": "Десна (Чернігівська обл.)",
    "cityRecipient": "Чернівці"
  },
  {
    "number": 59000455524593,
    "dateTime": {
      "date": {
        "year": 2019,
        "month": 10,
        "day": 17
      },
      "time": {
        "hour": 9,
        "minute": 16,
        "second": 55,
        "nano": 0
      }
    },
    "citySender": "Чернігів",
    "cityRecipient": "Київ"
  },
  {
    "number": 59000455524594,
    "dateTime": {
      "date": {
        "year": 2019,
        "month": 10,
        "day": 17
      },
      "time": {
        "hour": 9,
        "minute": 16,
        "second": 42,
        "nano": 0
      }
    },
    "citySender": "Маріуполь",
    "cityRecipient": "Тернопіль"
  },
  {
    "number": 59000455524595,
    "dateTime": {
      "date": {
        "year": 2019,
        "month": 10,
        "day": 17
      },
      "time": {
        "hour": 9,
        "minute": 16,
        "second": 2,
        "nano": 0
      }
    },
    "citySender": "Чернівці",
    "cityRecipient": "Київ"
  },
  {
    "number": 59000455524596,
    "dateTime": {
      "date": {
        "year": 2019,
        "month": 10,
        "day": 17
      },
      "time": {
        "hour": 9,
        "minute": 16,
        "second": 45,
        "nano": 0
      }
    },
    "citySender": "Рогатин",
    "cityRecipient": "Чернівці"
  },
  {
    "number": 59000455524597,
    "dateTime": {
      "date": {
        "year": 2019,
        "month": 10,
        "day": 17
      },
      "time": {
        "hour": 9,
        "minute": 17,
        "second": 4,
        "nano": 0
      }
    },
    "citySender": "Запоріжжя",
    "cityRecipient": "Чернівці"
  },
  {
    "number": 59000455524598,
    "dateTime": {
      "date": {
        "year": 2019,
        "month": 10,
        "day": 17
      },
      "time": {
        "hour": 9,
        "minute": 16,
        "second": 43,
        "nano": 0
      }
    },
    "citySender": "Локачі",
    "cityRecipient": "Дунаївці"
  },
  {
    "number": 59000455524599,
    "dateTime": {
      "date": {
        "year": 2019,
        "month": 10,
        "day": 17
      },
      "time": {
        "hour": 9,
        "minute": 16,
        "second": 46,
        "nano": 0
      }
    },
    "citySender": "Березань",
    "cityRecipient": "Дніпро"
  },
  {
    "number": 59000455524600,
    "dateTime": {
      "date": {
        "year": 2019,
        "month": 10,
        "day": 17
      },
      "time": {
        "hour": 9,
        "minute": 16,
        "second": 24,
        "nano": 0
      }
    },
    "citySender": "Веренчанка",
    "cityRecipient": "Вінниця"
  },
  {
    "number": 59000455524601,
    "dateTime": {
      "date": {
        "year": 2019,
        "month": 10,
        "day": 17
      },
      "time": {
        "hour": 9,
        "minute": 17,
        "second": 20,
        "nano": 0
      }
    },
    "citySender": "Ужгород",
    "cityRecipient": "Київ"
  },
  {
    "number": 59000455524602,
    "dateTime": {
      "date": {
        "year": 2019,
        "month": 10,
        "day": 17
      },
      "time": {
        "hour": 9,
        "minute": 16,
        "second": 36,
        "nano": 0
      }
    },
    "citySender": "Київ",
    "cityRecipient": "Київ"
  },
  {
    "number": 59000455524603,
    "dateTime": {
      "date": {
        "year": 2019,
        "month": 10,
        "day": 17
      },
      "time": {
        "hour": 9,
        "minute": 17,
        "second": 18,
        "nano": 0
      }
    },
    "citySender": "Дрогобич",
    "cityRecipient": "Глобине"
  },
  {
    "number": 59000455524604,
    "dateTime": {
      "date": {
        "year": 2019,
        "month": 10,
        "day": 17
      },
      "time": {
        "hour": 9,
        "minute": 17,
        "second": 21,
        "nano": 0
      }
    },
    "citySender": "Харків",
    "cityRecipient": "Харків"
  },
  {
    "number": 59000455524605,
    "dateTime": {
      "date": {
        "year": 2019,
        "month": 10,
        "day": 17
      },
      "time": {
        "hour": 9,
        "minute": 16,
        "second": 55,
        "nano": 0
      }
    },
    "citySender": "Львів",
    "cityRecipient": "Бровари"
  },
  {
    "number": 59000455524606,
    "dateTime": {
      "date": {
        "year": 2019,
        "month": 10,
        "day": 17
      },
      "time": {
        "hour": 9,
        "minute": 17,
        "second": 28,
        "nano": 0
      }
    },
    "citySender": "Пирятин",
    "cityRecipient": "Полтава"
  },
  {
    "number": 59000455524607,
    "dateTime": {
      "date": {
        "year": 2019,
        "month": 10,
        "day": 17
      },
      "time": {
        "hour": 9,
        "minute": 16,
        "second": 47,
        "nano": 0
      }
    },
    "citySender": "Архангельське",
    "cityRecipient": "Кривий Ріг"
  },
  {
    "number": 59000455524608,
    "dateTime": {
      "date": {
        "year": 2019,
        "month": 10,
        "day": 17
      },
      "time": {
        "hour": 9,
        "minute": 17,
        "second": 17,
        "nano": 0
      }
    },
    "citySender": "Коростень",
    "cityRecipient": "Київ"
  },
  {
    "number": 59000455524609,
    "dateTime": {
      "date": {
        "year": 2019,
        "month": 10,
        "day": 17
      },
      "time": {
        "hour": 9,
        "minute": 16,
        "second": 39,
        "nano": 0
      }
    },
    "citySender": "Умань",
    "cityRecipient": "Львів"
  },
  {
    "number": 59000455524610,
    "dateTime": {
      "date": {
        "year": 2019,
        "month": 10,
        "day": 17
      },
      "time": {
        "hour": 9,
        "minute": 15,
        "second": 50,
        "nano": 0
      }
    },
    "citySender": "Снігурівка",
    "cityRecipient": "Закупне"
  },
  {
    "number": 59000455524611,
    "dateTime": {
      "date": {
        "year": 2019,
        "month": 10,
        "day": 17
      },
      "time": {
        "hour": 9,
        "minute": 17,
        "second": 2,
        "nano": 0
      }
    },
    "citySender": "Здолбунів",
    "cityRecipient": "Мелітополь"
  },
  {
    "number": 59000455524612,
    "dateTime": {
      "date": {
        "year": 2019,
        "month": 10,
        "day": 17
      },
      "time": {
        "hour": 9,
        "minute": 17,
        "second": 21,
        "nano": 0
      }
    },
    "citySender": "Ірпінь",
    "cityRecipient": "Липини"
  },
  {
    "number": 59000455524613,
    "dateTime": {
      "date": {
        "year": 2019,
        "month": 10,
        "day": 17
      },
      "time": {
        "hour": 9,
        "minute": 16,
        "second": 43,
        "nano": 0
      }
    },
    "citySender": "Любешів",
    "cityRecipient": "Тернопіль"
  },
  {
    "number": 59000455524614,
    "dateTime": {
      "date": {
        "year": 2019,
        "month": 10,
        "day": 17
      },
      "time": {
        "hour": 9,
        "minute": 16,
        "second": 34,
        "nano": 0
      }
    },
    "citySender": "Судова Вишня",
    "cityRecipient": "Харків"
  },
  {
    "number": 59000455524615,
    "dateTime": {
      "date": {
        "year": 2019,
        "month": 10,
        "day": 17
      },
      "time": {
        "hour": 9,
        "minute": 17,
        "second": 23,
        "nano": 0
      }
    },
    "citySender": "Херсон",
    "cityRecipient": "Львів"
  },
  {
    "number": 59000455524616,
    "dateTime": {
      "date": {
        "year": 2019,
        "month": 10,
        "day": 17
      },
      "time": {
        "hour": 9,
        "minute": 17,
        "second": 25,
        "nano": 0
      }
    },
    "citySender": "Львів",
    "cityRecipient": "Львів"
  },
  {
    "number": 59000455524617,
    "dateTime": {
      "date": {
        "year": 2019,
        "month": 10,
        "day": 17
      },
      "time": {
        "hour": 9,
        "minute": 17,
        "second": 4,
        "nano": 0
      }
    },
    "citySender": "Власівка",
    "cityRecipient": "Київ"
  },
  {
    "number": 59000455524619,
    "dateTime": {
      "date": {
        "year": 2019,
        "month": 10,
        "day": 17
      },
      "time": {
        "hour": 9,
        "minute": 17,
        "second": 3,
        "nano": 0
      }
    },
    "citySender": "Київ",
    "cityRecipient": "Умань"
  },
  {
    "number": 59000455524620,
    "dateTime": {
      "date": {
        "year": 2019,
        "month": 10,
        "day": 17
      },
      "time": {
        "hour": 9,
        "minute": 16,
        "second": 53,
        "nano": 0
      }
    },
    "citySender": "Шумськ",
    "cityRecipient": "Старокостянтинів"
  },
  {
    "number": 59000455524621,
    "dateTime": {
      "date": {
        "year": 2019,
        "month": 10,
        "day": 17
      },
      "time": {
        "hour": 9,
        "minute": 16,
        "second": 4,
        "nano": 0
      }
    },
    "citySender": "Бурштин",
    "cityRecipient": "Жихор"
  },
  {
    "number": 59000455524622,
    "dateTime": {
      "date": {
        "year": 2019,
        "month": 10,
        "day": 17
      },
      "time": {
        "hour": 9,
        "minute": 17,
        "second": 9,
        "nano": 0
      }
    },
    "citySender": "Тернопіль",
    "cityRecipient": "Бровари"
  },
  {
    "number": 59000455524623,
    "dateTime": {
      "date": {
        "year": 2019,
        "month": 10,
        "day": 17
      },
      "time": {
        "hour": 9,
        "minute": 17,
        "second": 18,
        "nano": 0
      }
    },
    "citySender": "Тарасівка",
    "cityRecipient": "Харків"
  },
  {
    "number": 59000455524624,
    "dateTime": {
      "date": {
        "year": 2019,
        "month": 10,
        "day": 17
      },
      "time": {
        "hour": 9,
        "minute": 17,
        "second": 22,
        "nano": 0
      }
    },
    "citySender": "Харків",
    "cityRecipient": "Київ"
  },
  {
    "number": 59000455524626,
    "dateTime": {
      "date": {
        "year": 2019,
        "month": 10,
        "day": 17
      },
      "time": {
        "hour": 9,
        "minute": 15,
        "second": 18,
        "nano": 0
      }
    },
    "citySender": "Ужгород",
    "cityRecipient": "Київ"
  },
  {
    "number": 59000455524627,
    "dateTime": {
      "date": {
        "year": 2019,
        "month": 10,
        "day": 17
      },
      "time": {
        "hour": 9,
        "minute": 17,
        "second": 31,
        "nano": 0
      }
    },
    "citySender": "Білогір\u0027я",
    "cityRecipient": "Фонтанка"
  },
  {
    "number": 59000455524628,
    "dateTime": {
      "date": {
        "year": 2019,
        "month": 10,
        "day": 17
      },
      "time": {
        "hour": 9,
        "minute": 15,
        "second": 26,
        "nano": 0
      }
    },
    "citySender": "Славутич",
    "cityRecipient": "Троїцьке (Луганська обл.)"
  },
  {
    "number": 59000455524629,
    "dateTime": {
      "date": {
        "year": 2019,
        "month": 10,
        "day": 17
      },
      "time": {
        "hour": 9,
        "minute": 17,
        "second": 28,
        "nano": 0
      }
    },
    "citySender": "Бровари",
    "cityRecipient": "Одеса"
  },
  {
    "number": 59000455524630,
    "dateTime": {
      "date": {
        "year": 2019,
        "month": 10,
        "day": 17
      },
      "time": {
        "hour": 9,
        "minute": 17,
        "second": 1,
        "nano": 0
      }
    },
    "citySender": "Полтава",
    "cityRecipient": "Бориспіль"
  },
  {
    "number": 59000455524631,
    "dateTime": {
      "date": {
        "year": 2019,
        "month": 10,
        "day": 17
      },
      "time": {
        "hour": 9,
        "minute": 17,
        "second": 33,
        "nano": 0
      }
    },
    "citySender": "Супрунівка (Полтавська обл.)",
    "cityRecipient": "Київ"
  },
  {
    "number": 59000455524632,
    "dateTime": {
      "date": {
        "year": 2019,
        "month": 10,
        "day": 17
      },
      "time": {
        "hour": 9,
        "minute": 17,
        "second": 19,
        "nano": 0
      }
    },
    "citySender": "Хмельницький",
    "cityRecipient": "Чемерівці"
  },
  {
    "number": 59000455524633,
    "dateTime": {
      "date": {
        "year": 2019,
        "month": 10,
        "day": 17
      },
      "time": {
        "hour": 9,
        "minute": 17,
        "second": 34,
        "nano": 0
      }
    },
    "citySender": "Макарів",
    "cityRecipient": "Харків"
  },
  {
    "number": 59000455524634,
    "dateTime": {
      "date": {
        "year": 2019,
        "month": 10,
        "day": 17
      },
      "time": {
        "hour": 9,
        "minute": 17,
        "second": 29,
        "nano": 0
      }
    },
    "citySender": "Кам\u0027янське(Дніпропетровська обл)",
    "cityRecipient": "Київ"
  },
  {
    "number": 59000455524635,
    "dateTime": {
      "date": {
        "year": 2019,
        "month": 10,
        "day": 17
      },
      "time": {
        "hour": 9,
        "minute": 16,
        "second": 58,
        "nano": 0
      }
    },
    "citySender": "Маневичі",
    "cityRecipient": "Тернопіль"
  },
  {
    "number": 59000455524636,
    "dateTime": {
      "date": {
        "year": 2019,
        "month": 10,
        "day": 17
      },
      "time": {
        "hour": 9,
        "minute": 16,
        "second": 51,
        "nano": 0
      }
    },
    "citySender": "Харків",
    "cityRecipient": "Куликів"
  },
  {
    "number": 59000455524638,
    "dateTime": {
      "date": {
        "year": 2019,
        "month": 10,
        "day": 17
      },
      "time": {
        "hour": 9,
        "minute": 17,
        "second": 6,
        "nano": 0
      }
    },
    "citySender": "Часів Яр",
    "cityRecipient": "Краматорськ"
  },
  {
    "number": 59000455524639,
    "dateTime": {
      "date": {
        "year": 2019,
        "month": 10,
        "day": 17
      },
      "time": {
        "hour": 9,
        "minute": 15,
        "second": 38,
        "nano": 0
      }
    },
    "citySender": "Дніпро",
    "cityRecipient": "Львів"
  },
  {
    "number": 59000455524640,
    "dateTime": {
      "date": {
        "year": 2019,
        "month": 10,
        "day": 17
      },
      "time": {
        "hour": 9,
        "minute": 17,
        "second": 15,
        "nano": 0
      }
    },
    "citySender": "Куп\u0027янськ",
    "cityRecipient": "Лісна Поляна"
  },
  {
    "number": 59000455524641,
    "dateTime": {
      "date": {
        "year": 2019,
        "month": 10,
        "day": 17
      },
      "time": {
        "hour": 9,
        "minute": 17,
        "second": 24,
        "nano": 0
      }
    },
    "citySender": "Львів",
    "cityRecipient": "Вінниця"
  },
  {
    "number": 59000455524642,
    "dateTime": {
      "date": {
        "year": 2019,
        "month": 10,
        "day": 17
      },
      "time": {
        "hour": 9,
        "minute": 17,
        "second": 24,
        "nano": 0
      }
    },
    "citySender": "Одеса",
    "cityRecipient": "Дніпро"
  },
  {
    "number": 59000455524643,
    "dateTime": {
      "date": {
        "year": 2019,
        "month": 10,
        "day": 17
      },
      "time": {
        "hour": 9,
        "minute": 17,
        "second": 28,
        "nano": 0
      }
    },
    "citySender": "Южноукраїнськ",
    "cityRecipient": "Київ"
  },
  {
    "number": 59000455524644,
    "dateTime": {
      "date": {
        "year": 2019,
        "month": 10,
        "day": 17
      },
      "time": {
        "hour": 9,
        "minute": 16,
        "second": 45,
        "nano": 0
      }
    },
    "citySender": "Ужгород",
    "cityRecipient": "Олександрія (м.Кіровогр.обл.райц)"
  },
  {
    "number": 59000455524645,
    "dateTime": {
      "date": {
        "year": 2019,
        "month": 10,
        "day": 17
      },
      "time": {
        "hour": 9,
        "minute": 17,
        "second": 4,
        "nano": 0
      }
    },
    "citySender": "Вишневе",
    "cityRecipient": "Київ"
  },
  {
    "number": 59000455524646,
    "dateTime": {
      "date": {
        "year": 2019,
        "month": 10,
        "day": 17
      },
      "time": {
        "hour": 9,
        "minute": 17,
        "second": 25,
        "nano": 0
      }
    },
    "citySender": "Бердичів",
    "cityRecipient": "Козятин (місто, Вінницька обл.)"
  },
  {
    "number": 59000455524647,
    "dateTime": {
      "date": {
        "year": 2019,
        "month": 10,
        "day": 17
      },
      "time": {
        "hour": 9,
        "minute": 17,
        "second": 23,
        "nano": 0
      }
    },
    "citySender": "Олешки(Херсонська обл)",
    "cityRecipient": "Велика Михайлівка"
  },
  {
    "number": 59000455524648,
    "dateTime": {
      "date": {
        "year": 2019,
        "month": 10,
        "day": 17
      },
      "time": {
        "hour": 9,
        "minute": 16,
        "second": 26,
        "nano": 0
      }
    },
    "citySender": "Конотоп",
    "cityRecipient": "Суми"
  },
  {
    "number": 59000455524649,
    "dateTime": {
      "date": {
        "year": 2019,
        "month": 10,
        "day": 17
      },
      "time": {
        "hour": 9,
        "minute": 16,
        "second": 39,
        "nano": 0
      }
    },
    "citySender": "Луцьк",
    "cityRecipient": "Одеса"
  },
  {
    "number": 59000455524650,
    "dateTime": {
      "date": {
        "year": 2019,
        "month": 10,
        "day": 17
      },
      "time": {
        "hour": 9,
        "minute": 13,
        "second": 36,
        "nano": 0
      }
    },
    "citySender": "Ділове",
    "cityRecipient": "Білгород-Дністровський"
  },
  {
    "number": 59000455524651,
    "dateTime": {
      "date": {
        "year": 2019,
        "month": 10,
        "day": 17
      },
      "time": {
        "hour": 9,
        "minute": 17,
        "second": 22,
        "nano": 0
      }
    },
    "citySender": "Костопіль",
    "cityRecipient": "Київ"
  },
  {
    "number": 59000455524652,
    "dateTime": {
      "date": {
        "year": 2019,
        "month": 10,
        "day": 17
      },
      "time": {
        "hour": 9,
        "minute": 16,
        "second": 11,
        "nano": 0
      }
    },
    "citySender": "Конотоп",
    "cityRecipient": "Одеса"
  },
  {
    "number": 59000455524653,
    "dateTime": {
      "date": {
        "year": 2019,
        "month": 10,
        "day": 17
      },
      "time": {
        "hour": 9,
        "minute": 17,
        "second": 37,
        "nano": 0
      }
    },
    "citySender": "Херсон",
    "cityRecipient": "Бохоники"
  },
  {
    "number": 59000455524654,
    "dateTime": {
      "date": {
        "year": 2019,
        "month": 10,
        "day": 17
      },
      "time": {
        "hour": 9,
        "minute": 17,
        "second": 9,
        "nano": 0
      }
    },
    "citySender": "Одеса",
    "cityRecipient": "Миронівка"
  },
  {
    "number": 59000455524655,
    "dateTime": {
      "date": {
        "year": 2019,
        "month": 10,
        "day": 17
      },
      "time": {
        "hour": 9,
        "minute": 17,
        "second": 16,
        "nano": 0
      }
    },
    "citySender": "Біла Церква",
    "cityRecipient": "Львів"
  },
  {
    "number": 59000455524656,
    "dateTime": {
      "date": {
        "year": 2019,
        "month": 10,
        "day": 17
      },
      "time": {
        "hour": 9,
        "minute": 16,
        "second": 57,
        "nano": 0
      }
    },
    "citySender": "Жовква",
    "cityRecipient": "Львів"
  },
  {
    "number": 59000455524657,
    "dateTime": {
      "date": {
        "year": 2019,
        "month": 10,
        "day": 17
      },
      "time": {
        "hour": 9,
        "minute": 17,
        "second": 39,
        "nano": 0
      }
    },
    "citySender": "Давидів",
    "cityRecipient": "Харків"
  },
  {
    "number": 59000455524658,
    "dateTime": {
      "date": {
        "year": 2019,
        "month": 10,
        "day": 17
      },
      "time": {
        "hour": 9,
        "minute": 16,
        "second": 55,
        "nano": 0
      }
    },
    "citySender": "Полтава",
    "cityRecipient": "Івано-Франківськ"
  },
  {
    "number": 59000455524659,
    "dateTime": {
      "date": {
        "year": 2019,
        "month": 10,
        "day": 17
      },
      "time": {
        "hour": 9,
        "minute": 17,
        "second": 16,
        "nano": 0
      }
    },
    "citySender": "Збараж",
    "cityRecipient": "Львів"
  },
  {
    "number": 59000455524660,
    "dateTime": {
      "date": {
        "year": 2019,
        "month": 10,
        "day": 17
      },
      "time": {
        "hour": 9,
        "minute": 16,
        "second": 51,
        "nano": 0
      }
    },
    "citySender": "Мерефа",
    "cityRecipient": "Луцьк"
  },
  {
    "number": 59000455524661,
    "dateTime": {
      "date": {
        "year": 2019,
        "month": 10,
        "day": 17
      },
      "time": {
        "hour": 9,
        "minute": 17,
        "second": 28,
        "nano": 0
      }
    },
    "citySender": "Харків",
    "cityRecipient": "Вінниця"
  },
  {
    "number": 59000455524662,
    "dateTime": {
      "date": {
        "year": 2019,
        "month": 10,
        "day": 17
      },
      "time": {
        "hour": 9,
        "minute": 17,
        "second": 37,
        "nano": 0
      }
    },
    "citySender": "Словечне",
    "cityRecipient": "Харків"
  },
  {
    "number": 59000455524663,
    "dateTime": {
      "date": {
        "year": 2019,
        "month": 10,
        "day": 17
      },
      "time": {
        "hour": 9,
        "minute": 17,
        "second": 33,
        "nano": 0
      }
    },
    "citySender": "Прилуки",
    "cityRecipient": "Пінчуки"
  },
  {
    "number": 59000455524664,
    "dateTime": {
      "date": {
        "year": 2019,
        "month": 10,
        "day": 17
      },
      "time": {
        "hour": 9,
        "minute": 17,
        "second": 30,
        "nano": 0
      }
    },
    "citySender": "Дружківка",
    "cityRecipient": "Жмеринка"
  },
  {
    "number": 59000455524665,
    "dateTime": {
      "date": {
        "year": 2019,
        "month": 10,
        "day": 17
      },
      "time": {
        "hour": 9,
        "minute": 17,
        "second": 11,
        "nano": 0
      }
    },
    "citySender": "Миколаїв",
    "cityRecipient": "Київ"
  },
  {
    "number": 59000455524666,
    "dateTime": {
      "date": {
        "year": 2019,
        "month": 10,
        "day": 17
      },
      "time": {
        "hour": 9,
        "minute": 17,
        "second": 37,
        "nano": 0
      }
    },
    "citySender": "Чорнобай",
    "cityRecipient": "Харків"
  },
  {
    "number": 59000455524667,
    "dateTime": {
      "date": {
        "year": 2019,
        "month": 10,
        "day": 17
      },
      "time": {
        "hour": 9,
        "minute": 17,
        "second": 16,
        "nano": 0
      }
    },
    "citySender": "Маньківка",
    "cityRecipient": "Черкаси"
  },
  {
    "number": 59000455524669,
    "dateTime": {
      "date": {
        "year": 2019,
        "month": 10,
        "day": 17
      },
      "time": {
        "hour": 9,
        "minute": 17,
        "second": 37,
        "nano": 0
      }
    },
    "citySender": "Київ",
    "cityRecipient": "Київ"
  },
  {
    "number": 59000455524670,
    "dateTime": {
      "date": {
        "year": 2019,
        "month": 10,
        "day": 17
      },
      "time": {
        "hour": 9,
        "minute": 15,
        "second": 58,
        "nano": 0
      }
    },
    "citySender": "Кобеляки",
    "cityRecipient": "Київ"
  },
  {
    "number": 59000455524671,
    "dateTime": {
      "date": {
        "year": 2019,
        "month": 10,
        "day": 17
      },
      "time": {
        "hour": 9,
        "minute": 16,
        "second": 30,
        "nano": 0
      }
    },
    "citySender": "Старобільськ",
    "cityRecipient": "Київ"
  },
  {
    "number": 59000455524672,
    "dateTime": {
      "date": {
        "year": 2019,
        "month": 10,
        "day": 17
      },
      "time": {
        "hour": 9,
        "minute": 17,
        "second": 17,
        "nano": 0
      }
    },
    "citySender": "Бурштин",
    "cityRecipient": "Дніпро"
  },
  {
    "number": 59000455524673,
    "dateTime": {
      "date": {
        "year": 2019,
        "month": 10,
        "day": 17
      },
      "time": {
        "hour": 9,
        "minute": 17,
        "second": 22,
        "nano": 0
      }
    },
    "citySender": "Нова Ушиця",
    "cityRecipient": "Вінниця"
  },
  {
    "number": 59000455524674,
    "dateTime": {
      "date": {
        "year": 2019,
        "month": 10,
        "day": 17
      },
      "time": {
        "hour": 9,
        "minute": 16,
        "second": 56,
        "nano": 0
      }
    },
    "citySender": "Комарно",
    "cityRecipient": "Ужгород"
  },
  {
    "number": 59000455524675,
    "dateTime": {
      "date": {
        "year": 2019,
        "month": 10,
        "day": 17
      },
      "time": {
        "hour": 9,
        "minute": 17,
        "second": 33,
        "nano": 0
      }
    },
    "citySender": "Перегонівка",
    "cityRecipient": "Нікополь (Дніпропетровська обл.)"
  },
  {
    "number": 59000455524676,
    "dateTime": {
      "date": {
        "year": 2019,
        "month": 10,
        "day": 17
      },
      "time": {
        "hour": 9,
        "minute": 17,
        "second": 23,
        "nano": 0
      }
    },
    "citySender": "Градизьк",
    "cityRecipient": "Арциз"
  },
  {
    "number": 59000455524677,
    "dateTime": {
      "date": {
        "year": 2019,
        "month": 10,
        "day": 17
      },
      "time": {
        "hour": 9,
        "minute": 17,
        "second": 22,
        "nano": 0
      }
    },
    "citySender": "Стрий",
    "cityRecipient": "Іванівка (Одеська обл., Іванівський р-н)"
  },
  {
    "number": 59000455524678,
    "dateTime": {
      "date": {
        "year": 2019,
        "month": 10,
        "day": 17
      },
      "time": {
        "hour": 9,
        "minute": 17,
        "second": 7,
        "nano": 0
      }
    },
    "citySender": "Краматорськ",
    "cityRecipient": "Харків"
  },
  {
    "number": 59000455524679,
    "dateTime": {
      "date": {
        "year": 2019,
        "month": 10,
        "day": 17
      },
      "time": {
        "hour": 9,
        "minute": 17,
        "second": 26,
        "nano": 0
      }
    },
    "citySender": "Очаків",
    "cityRecipient": "Рівне"
  },
  {
    "number": 59000455524680,
    "dateTime": {
      "date": {
        "year": 2019,
        "month": 10,
        "day": 17
      },
      "time": {
        "hour": 9,
        "minute": 17,
        "second": 38,
        "nano": 0
      }
    },
    "citySender": "Одеса",
    "cityRecipient": "Запоріжжя"
  },
  {
    "number": 59000455524681,
    "dateTime": {
      "date": {
        "year": 2019,
        "month": 10,
        "day": 17
      },
      "time": {
        "hour": 9,
        "minute": 17,
        "second": 34,
        "nano": 0
      }
    },
    "citySender": "Чернігів",
    "cityRecipient": "Львів"
  },
  {
    "number": 59000455524682,
    "dateTime": {
      "date": {
        "year": 2019,
        "month": 10,
        "day": 17
      },
      "time": {
        "hour": 9,
        "minute": 17,
        "second": 6,
        "nano": 0
      }
    },
    "citySender": "Рубіжне",
    "cityRecipient": "Дніпро"
  },
  {
    "number": 59000455524683,
    "dateTime": {
      "date": {
        "year": 2019,
        "month": 10,
        "day": 17
      },
      "time": {
        "hour": 9,
        "minute": 17,
        "second": 35,
        "nano": 0
      }
    },
    "citySender": "Станиця Луганська",
    "cityRecipient": "Решетилівка"
  },
  {
    "number": 59000455524684,
    "dateTime": {
      "date": {
        "year": 2019,
        "month": 10,
        "day": 17
      },
      "time": {
        "hour": 9,
        "minute": 17,
        "second": 27,
        "nano": 0
      }
    },
    "citySender": "Київ",
    "cityRecipient": "Київ"
  },
  {
    "number": 59000455524685,
    "dateTime": {
      "date": {
        "year": 2019,
        "month": 10,
        "day": 17
      },
      "time": {
        "hour": 9,
        "minute": 16,
        "second": 58,
        "nano": 0
      }
    },
    "citySender": "Кегичівка",
    "cityRecipient": "Біла Церква"
  },
  {
    "number": 59000455524686,
    "dateTime": {
      "date": {
        "year": 2019,
        "month": 10,
        "day": 17
      },
      "time": {
        "hour": 9,
        "minute": 17,
        "second": 19,
        "nano": 0
      }
    },
    "citySender": "Зачепилівка",
    "cityRecipient": "Пологи (Запорізька обл.)"
  },
  {
    "number": 59000455524687,
    "dateTime": {
      "date": {
        "year": 2019,
        "month": 10,
        "day": 17
      },
      "time": {
        "hour": 9,
        "minute": 16,
        "second": 29,
        "nano": 0
      }
    },
    "citySender": "Городище (Черкаська обл.)",
    "cityRecipient": "Глеваха"
  },
  {
    "number": 59000455524688,
    "dateTime": {
      "date": {
        "year": 2019,
        "month": 10,
        "day": 17
      },
      "time": {
        "hour": 9,
        "minute": 17,
        "second": 35,
        "nano": 0
      }
    },
    "citySender": "Полтава",
    "cityRecipient": "Харків"
  },
  {
    "number": 59000455524689,
    "dateTime": {
      "date": {
        "year": 2019,
        "month": 10,
        "day": 17
      },
      "time": {
        "hour": 9,
        "minute": 17,
        "second": 42,
        "nano": 0
      }
    },
    "citySender": "Дніпро",
    "cityRecipient": "Львів"
  },
  {
    "number": 59000455524690,
    "dateTime": {
      "date": {
        "year": 2019,
        "month": 10,
        "day": 17
      },
      "time": {
        "hour": 9,
        "minute": 16,
        "second": 55,
        "nano": 0
      }
    },
    "citySender": "Вербка",
    "cityRecipient": "Київ"
  }
]