[
  {
    "number": 59000455550777,
    "dateTime": {
      "date": {
        "year": 2019,
        "month": 10,
        "day": 17
      },
      "time": {
        "hour": 10,
        "minute": 39,
        "second": 52,
        "nano": 0
      }
    },
    "citySender": "Дніпро",
    "cityRecipient": "Житомир"
  },
  {
    "number": 59000455550778,
    "dateTime": {
      "date": {
        "year": 2019,
        "month": 10,
        "day": 17
      },
      "time": {
        "hour": 10,
        "minute": 39,
        "second": 51,
        "nano": 0
      }
    },
    "citySender": "Судова Вишня",
    "cityRecipient": "Київ"
  },
  {
    "number": 59000455550779,
    "dateTime": {
      "date": {
        "year": 2019,
        "month": 10,
        "day": 17
      },
      "time": {
        "hour": 10,
        "minute": 39,
        "second": 27,
        "nano": 0
      }
    },
    "citySender": "Розівка (Розівський р-н)",
    "cityRecipient": "Дніпро"
  },
  {
    "number": 59000455550780,
    "dateTime": {
      "date": {
        "year": 2019,
        "month": 10,
        "day": 17
      },
      "time": {
        "hour": 10,
        "minute": 39,
        "second": 53,
        "nano": 0
      }
    },
    "citySender": "Святопетрівське (Києво-Свят.р-н)",
    "cityRecipient": "Київ"
  },
  {
    "number": 59000455550781,
    "dateTime": {
      "date": {
        "year": 2019,
        "month": 10,
        "day": 17
      },
      "time": {
        "hour": 10,
        "minute": 39,
        "second": 34,
        "nano": 0
      }
    },
    "citySender": "Кам\u0027янець-Подільський",
    "cityRecipient": "Чернівці"
  },
  {
    "number": 59000455550782,
    "dateTime": {
      "date": {
        "year": 2019,
        "month": 10,
        "day": 17
      },
      "time": {
        "hour": 10,
        "minute": 40,
        "second": 2,
        "nano": 0
      }
    },
    "citySender": "Меденичі",
    "cityRecipient": "Колоденка"
  },
  {
    "number": 59000455550783,
    "dateTime": {
      "date": {
        "year": 2019,
        "month": 10,
        "day": 17
      },
      "time": {
        "hour": 10,
        "minute": 39,
        "second": 58,
        "nano": 0
      }
    },
    "citySender": "Крихівці",
    "cityRecipient": "Новоград-Волинський"
  },
  {
    "number": 59000455550785,
    "dateTime": {
      "date": {
        "year": 2019,
        "month": 10,
        "day": 17
      },
      "time": {
        "hour": 10,
        "minute": 40,
        "second": 2,
        "nano": 0
      }
    },
    "citySender": "Херсон",
    "cityRecipient": "Черкаси"
  },
  {
    "number": 59000455550786,
    "dateTime": {
      "date": {
        "year": 2019,
        "month": 10,
        "day": 17
      },
      "time": {
        "hour": 10,
        "minute": 39,
        "second": 46,
        "nano": 0
      }
    },
    "citySender": "Одеса",
    "cityRecipient": "Київ"
  },
  {
    "number": 59000455550787,
    "dateTime": {
      "date": {
        "year": 2019,
        "month": 10,
        "day": 17
      },
      "time": {
        "hour": 10,
        "minute": 39,
        "second": 38,
        "nano": 0
      }
    },
    "citySender": "Харків",
    "cityRecipient": "Київ"
  },
  {
    "number": 59000455550788,
    "dateTime": {
      "date": {
        "year": 2019,
        "month": 10,
        "day": 17
      },
      "time": {
        "hour": 10,
        "minute": 40,
        "second": 3,
        "nano": 0
      }
    },
    "citySender": "Кропивницький",
    "cityRecipient": "Київ"
  },
  {
    "number": 59000455550789,
    "dateTime": {
      "date": {
        "year": 2019,
        "month": 10,
        "day": 17
      },
      "time": {
        "hour": 10,
        "minute": 39,
        "second": 36,
        "nano": 0
      }
    },
    "citySender": "Маневичі",
    "cityRecipient": "Полтава"
  },
  {
    "number": 59000455550790,
    "dateTime": {
      "date": {
        "year": 2019,
        "month": 10,
        "day": 17
      },
      "time": {
        "hour": 10,
        "minute": 39,
        "second": 37,
        "nano": 0
      }
    },
    "citySender": "Запоріжжя",
    "cityRecipient": "Рівне"
  },
  {
    "number": 59000455550791,
    "dateTime": {
      "date": {
        "year": 2019,
        "month": 10,
        "day": 17
      },
      "time": {
        "hour": 10,
        "minute": 39,
        "second": 40,
        "nano": 0
      }
    },
    "citySender": "Чернігів",
    "cityRecipient": "Слов\u0027янськ"
  },
  {
    "number": 59000455550792,
    "dateTime": {
      "date": {
        "year": 2019,
        "month": 10,
        "day": 17
      },
      "time": {
        "hour": 10,
        "minute": 39,
        "second": 58,
        "nano": 0
      }
    },
    "citySender": "Кривий Ріг",
    "cityRecipient": "Умань"
  },
  {
    "number": 59000455550793,
    "dateTime": {
      "date": {
        "year": 2019,
        "month": 10,
        "day": 17
      },
      "time": {
        "hour": 10,
        "minute": 37,
        "second": 40,
        "nano": 0
      }
    },
    "citySender": "Київ",
    "cityRecipient": "Одеса"
  },
  {
    "number": 59000455550794,
    "dateTime": {
      "date": {
        "year": 2019,
        "month": 10,
        "day": 17
      },
      "time": {
        "hour": 10,
        "minute": 38,
        "second": 56,
        "nano": 0
      }
    },
    "citySender": "Новогродівка",
    "cityRecipient": "Краснопілля (Сумська обл.)"
  },
  {
    "number": 59000455550795,
    "dateTime": {
      "date": {
        "year": 2019,
        "month": 10,
        "day": 17
      },
      "time": {
        "hour": 10,
        "minute": 39,
        "second": 55,
        "nano": 0
      }
    },
    "citySender": "Київ",
    "cityRecipient": "Балки (Запорізька обл.)"
  },
  {
    "number": 59000455550796,
    "dateTime": {
      "date": {
        "year": 2019,
        "month": 10,
        "day": 17
      },
      "time": {
        "hour": 10,
        "minute": 39,
        "second": 56,
        "nano": 0
      }
    },
    "citySender": "Снятин",
    "cityRecipient": "Київ"
  },
  {
    "number": 59000455550798,
    "dateTime": {
      "date": {
        "year": 2019,
        "month": 10,
        "day": 17
      },
      "time": {
        "hour": 10,
        "minute": 39,
        "second": 53,
        "nano": 0
      }
    },
    "citySender": "Миколаїв",
    "cityRecipient": "Вишневе"
  },
  {
    "number": 59000455550799,
    "dateTime": {
      "date": {
        "year": 2019,
        "month": 10,
        "day": 17
      },
      "time": {
        "hour": 10,
        "minute": 39,
        "second": 37,
        "nano": 0
      }
    },
    "citySender": "Київ",
    "cityRecipient": "Сокаль"
  },
  {
    "number": 59000455550800,
    "dateTime": {
      "date": {
        "year": 2019,
        "month": 10,
        "day": 17
      },
      "time": {
        "hour": 10,
        "minute": 38,
        "second": 50,
        "nano": 0
      }
    },
    "citySender": "Житомир",
    "cityRecipient": "Любешів"
  },
  {
    "number": 59000455550801,
    "dateTime": {
      "date": {
        "year": 2019,
        "month": 10,
        "day": 17
      },
      "time": {
        "hour": 10,
        "minute": 40,
        "second": 1,
        "nano": 0
      }
    },
    "citySender": "Одеса",
    "cityRecipient": "Кривий Ріг"
  },
  {
    "number": 59000455550802,
    "dateTime": {
      "date": {
        "year": 2019,
        "month": 10,
        "day": 17
      },
      "time": {
        "hour": 10,
        "minute": 39,
        "second": 38,
        "nano": 0
      }
    },
    "citySender": "Миронівський (Бахмутський р-н.)",
    "cityRecipient": "Тульчин"
  },
  {
    "number": 59000455550803,
    "dateTime": {
      "date": {
        "year": 2019,
        "month": 10,
        "day": 17
      },
      "time": {
        "hour": 10,
        "minute": 40,
        "second": 0,
        "nano": 0
      }
    },
    "citySender": "Київ",
    "cityRecipient": "Київ"
  },
  {
    "number": 59000455550804,
    "dateTime": {
      "date": {
        "year": 2019,
        "month": 10,
        "day": 17
      },
      "time": {
        "hour": 10,
        "minute": 39,
        "second": 57,
        "nano": 0
      }
    },
    "citySender": "Чернігів",
    "cityRecipient": "Київ"
  },
  {
    "number": 59000455550805,
    "dateTime": {
      "date": {
        "year": 2019,
        "month": 10,
        "day": 17
      },
      "time": {
        "hour": 10,
        "minute": 40,
        "second": 6,
        "nano": 0
      }
    },
    "citySender": "Львів",
    "cityRecipient": "Харків"
  },
  {
    "number": 59000455550806,
    "dateTime": {
      "date": {
        "year": 2019,
        "month": 10,
        "day": 17
      },
      "time": {
        "hour": 10,
        "minute": 37,
        "second": 41,
        "nano": 0
      }
    },
    "citySender": "Павлівка (Вінницька обл., Калинівський р-н)",
    "cityRecipient": "Рахни-Лісові"
  },
  {
    "number": 59000455550807,
    "dateTime": {
      "date": {
        "year": 2019,
        "month": 10,
        "day": 17
      },
      "time": {
        "hour": 10,
        "minute": 40,
        "second": 3,
        "nano": 0
      }
    },
    "citySender": "Дубровиця (Рівненська обл.)",
    "cityRecipient": "Київ"
  },
  {
    "number": 59000455550808,
    "dateTime": {
      "date": {
        "year": 2019,
        "month": 10,
        "day": 17
      },
      "time": {
        "hour": 10,
        "minute": 40,
        "second": 2,
        "nano": 0
      }
    },
    "citySender": "Харків",
    "cityRecipient": "Кропивницький"
  },
  {
    "number": 59000455550809,
    "dateTime": {
      "date": {
        "year": 2019,
        "month": 10,
        "day": 17
      },
      "time": {
        "hour": 10,
        "minute": 39,
        "second": 1,
        "nano": 0
      }
    },
    "citySender": "Зміїв",
    "cityRecipient": "Дослідницьке"
  },
  {
    "number": 59000455550810,
    "dateTime": {
      "date": {
        "year": 2019,
        "month": 10,
        "day": 17
      },
      "time": {
        "hour": 10,
        "minute": 39,
        "second": 35,
        "nano": 0
      }
    },
    "citySender": "Ужгород",
    "cityRecipient": "Біла Церква"
  },
  {
    "number": 59000455550811,
    "dateTime": {
      "date": {
        "year": 2019,
        "month": 10,
        "day": 17
      },
      "time": {
        "hour": 10,
        "minute": 40,
        "second": 5,
        "nano": 0
      }
    },
    "citySender": "Ізмаїл",
    "cityRecipient": "Біла Церква"
  },
  {
    "number": 59000455550812,
    "dateTime": {
      "date": {
        "year": 2019,
        "month": 10,
        "day": 17
      },
      "time": {
        "hour": 10,
        "minute": 40,
        "second": 7,
        "nano": 0
      }
    },
    "citySender": "Черкаси",
    "cityRecipient": "Кривий Ріг"
  },
  {
    "number": 59000455550813,
    "dateTime": {
      "date": {
        "year": 2019,
        "month": 10,
        "day": 17
      },
      "time": {
        "hour": 10,
        "minute": 39,
        "second": 24,
        "nano": 0
      }
    },
    "citySender": "Мельниця-Подільська (Тернопільська обл.)",
    "cityRecipient": "Суми"
  },
  {
    "number": 59000455550814,
    "dateTime": {
      "date": {
        "year": 2019,
        "month": 10,
        "day": 17
      },
      "time": {
        "hour": 10,
        "minute": 39,
        "second": 34,
        "nano": 0
      }
    },
    "citySender": "Київ",
    "cityRecipient": "Кривий Ріг"
  },
  {
    "number": 59000455550815,
    "dateTime": {
      "date": {
        "year": 2019,
        "month": 10,
        "day": 17
      },
      "time": {
        "hour": 10,
        "minute": 40,
        "second": 0,
        "nano": 0
      }
    },
    "citySender": "Київ",
    "cityRecipient": "Балта"
  },
  {
    "number": 59000455550816,
    "dateTime": {
      "date": {
        "year": 2019,
        "month": 10,
        "day": 17
      },
      "time": {
        "hour": 10,
        "minute": 40,
        "second": 6,
        "nano": 0
      }
    },
    "citySender": "Дніпро",
    "cityRecipient": "Васильківка (Дніпропетровська обл.)"
  },
  {
    "number": 59000455550817,
    "dateTime": {
      "date": {
        "year": 2019,
        "month": 10,
        "day": 17
      },
      "time": {
        "hour": 10,
        "minute": 39,
        "second": 49,
        "nano": 0
      }
    },
    "citySender": "Полтава",
    "cityRecipient": "Київ"
  },
  {
    "number": 59000455550818,
    "dateTime": {
      "date": {
        "year": 2019,
        "month": 10,
        "day": 17
      },
      "time": {
        "hour": 10,
        "minute": 40,
        "second": 4,
        "nano": 0
      }
    },
    "citySender": "Дніпро",
    "cityRecipient": "Одеса"
  },
  {
    "number": 59000455550819,
    "dateTime": {
      "date": {
        "year": 2019,
        "month": 10,
        "day": 17
      },
      "time": {
        "hour": 10,
        "minute": 39,
        "second": 37,
        "nano": 0
      }
    },
    "citySender": "Слов\u0027янськ",
    "cityRecipient": "Харків"
  },
  {
    "number": 59000455550820,
    "dateTime": {
      "date": {
        "year": 2019,
        "month": 10,
        "day": 17
      },
      "time": {
        "hour": 10,
        "minute": 39,
        "second": 24,
        "nano": 0
      }
    },
    "citySender": "Кривий Ріг",
    "cityRecipient": "Дніпро"
  },
  {
    "number": 59000455550821,
    "dateTime": {
      "date": {
        "year": 2019,
        "month": 10,
        "day": 17
      },
      "time": {
        "hour": 10,
        "minute": 40,
        "second": 3,
        "nano": 0
      }
    },
    "citySender": "Харків",
    "cityRecipient": "Херсон"
  },
  {
    "number": 59000455550822,
    "dateTime": {
      "date": {
        "year": 2019,
        "month": 10,
        "day": 17
      },
      "time": {
        "hour": 10,
        "minute": 39,
        "second": 52,
        "nano": 0
      }
    },
    "citySender": "Маріуполь",
    "cityRecipient": "Київ"
  },
  {
    "number": 59000455550823,
    "dateTime": {
      "date": {
        "year": 2019,
        "month": 10,
        "day": 17
      },
      "time": {
        "hour": 10,
        "minute": 39,
        "second": 51,
        "nano": 0
      }
    },
    "citySender": "Київ",
    "cityRecipient": "Одеса"
  },
  {
    "number": 59000455550824,
    "dateTime": {
      "date": {
        "year": 2019,
        "month": 10,
        "day": 17
      },
      "time": {
        "hour": 10,
        "minute": 39,
        "second": 43,
        "nano": 0
      }
    },
    "citySender": "Лозова",
    "cityRecipient": "Полтава"
  },
  {
    "number": 59000455550825,
    "dateTime": {
      "date": {
        "year": 2019,
        "month": 10,
        "day": 17
      },
      "time": {
        "hour": 10,
        "minute": 40,
        "second": 5,
        "nano": 0
      }
    },
    "citySender": "Літин",
    "cityRecipient": "Чабани"
  },
  {
    "number": 59000455550826,
    "dateTime": {
      "date": {
        "year": 2019,
        "month": 10,
        "day": 17
      },
      "time": {
        "hour": 10,
        "minute": 39,
        "second": 29,
        "nano": 0
      }
    },
    "citySender": "Одеса",
    "cityRecipient": "Одеса"
  },
  {
    "number": 59000455550827,
    "dateTime": {
      "date": {
        "year": 2019,
        "month": 10,
        "day": 17
      },
      "time": {
        "hour": 10,
        "minute": 40,
        "second": 0,
        "nano": 0
      }
    },
    "citySender": "Рівне",
    "cityRecipient": "Київ"
  },
  {
    "number": 59000455550828,
    "dateTime": {
      "date": {
        "year": 2019,
        "month": 10,
        "day": 17
      },
      "time": {
        "hour": 10,
        "minute": 40,
        "second": 10,
        "nano": 0
      }
    },
    "citySender": "Запоріжжя",
    "cityRecipient": "Бахмут"
  },
  {
    "number": 59000455550829,
    "dateTime": {
      "date": {
        "year": 2019,
        "month": 10,
        "day": 17
      },
      "time": {
        "hour": 10,
        "minute": 39,
        "second": 29,
        "nano": 0
      }
    },
    "citySender": "Вишгород",
    "cityRecipient": "Обухів"
  },
  {
    "number": 59000455550830,
    "dateTime": {
      "date": {
        "year": 2019,
        "month": 10,
        "day": 17
      },
      "time": {
        "hour": 10,
        "minute": 40,
        "second": 11,
        "nano": 0
      }
    },
    "citySender": "Кривий Ріг",
    "cityRecipient": "Київ"
  },
  {
    "number": 59000455550831,
    "dateTime": {
      "date": {
        "year": 2019,
        "month": 10,
        "day": 17
      },
      "time": {
        "hour": 10,
        "minute": 40,
        "second": 11,
        "nano": 0
      }
    },
    "citySender": "Черкаси",
    "cityRecipient": "Дніпро"
  },
  {
    "number": 59000455550832,
    "dateTime": {
      "date": {
        "year": 2019,
        "month": 10,
        "day": 17
      },
      "time": {
        "hour": 10,
        "minute": 39,
        "second": 50,
        "nano": 0
      }
    },
    "citySender": "Дніпро",
    "cityRecipient": "Київ"
  },
  {
    "number": 59000455550833,
    "dateTime": {
      "date": {
        "year": 2019,
        "month": 10,
        "day": 17
      },
      "time": {
        "hour": 10,
        "minute": 39,
        "second": 39,
        "nano": 0
      }
    },
    "citySender": "Тернопіль",
    "cityRecipient": "Київ"
  },
  {
    "number": 59000455550834,
    "dateTime": {
      "date": {
        "year": 2019,
        "month": 10,
        "day": 17
      },
      "time": {
        "hour": 10,
        "minute": 39,
        "second": 58,
        "nano": 0
      }
    },
    "citySender": "Київ",
    "cityRecipient": "Славутич"
  },
  {
    "number": 59000455550836,
    "dateTime": {
      "date": {
        "year": 2019,
        "month": 10,
        "day": 17
      },
      "time": {
        "hour": 10,
        "minute": 40,
        "second": 12,
        "nano": 0
      }
    },
    "citySender": "Одеса",
    "cityRecipient": "Авангард"
  },
  {
    "number": 59000455550837,
    "dateTime": {
      "date": {
        "year": 2019,
        "month": 10,
        "day": 17
      },
      "time": {
        "hour": 10,
        "minute": 40,
        "second": 4,
        "nano": 0
      }
    },
    "citySender": "Буча",
    "cityRecipient": "Львів"
  },
  {
    "number": 59000455550838,
    "dateTime": {
      "date": {
        "year": 2019,
        "month": 10,
        "day": 17
      },
      "time": {
        "hour": 10,
        "minute": 39,
        "second": 59,
        "nano": 0
      }
    },
    "citySender": "Чернівці",
    "cityRecipient": "Київ"
  },
  {
    "number": 59000455550839,
    "dateTime": {
      "date": {
        "year": 2019,
        "month": 10,
        "day": 17
      },
      "time": {
        "hour": 10,
        "minute": 40,
        "second": 10,
        "nano": 0
      }
    },
    "citySender": "Київ",
    "cityRecipient": "Мар\u0027янське"
  },
  {
    "number": 59000455550840,
    "dateTime": {
      "date": {
        "year": 2019,
        "month": 10,
        "day": 17
      },
      "time": {
        "hour": 10,
        "minute": 40,
        "second": 3,
        "nano": 0
      }
    },
    "citySender": "Бахмач",
    "cityRecipient": "Харків"
  },
  {
    "number": 59000455550841,
    "dateTime": {
      "date": {
        "year": 2019,
        "month": 10,
        "day": 17
      },
      "time": {
        "hour": 10,
        "minute": 39,
        "second": 39,
        "nano": 0
      }
    },
    "citySender": "Покровськ (Донецька обл.)",
    "cityRecipient": "Бахмут"
  },
  {
    "number": 59000455550842,
    "dateTime": {
      "date": {
        "year": 2019,
        "month": 10,
        "day": 17
      },
      "time": {
        "hour": 10,
        "minute": 39,
        "second": 52,
        "nano": 0
      }
    },
    "citySender": "Кропивницький",
    "cityRecipient": "Київ"
  },
  {
    "number": 59000455550843,
    "dateTime": {
      "date": {
        "year": 2019,
        "month": 10,
        "day": 17
      },
      "time": {
        "hour": 10,
        "minute": 40,
        "second": 6,
        "nano": 0
      }
    },
    "citySender": "Івано-Франківськ",
    "cityRecipient": "Суми"
  },
  {
    "number": 59000455550844,
    "dateTime": {
      "date": {
        "year": 2019,
        "month": 10,
        "day": 17
      },
      "time": {
        "hour": 10,
        "minute": 40,
        "second": 13,
        "nano": 0
      }
    },
    "citySender": "Чорнобаївка",
    "cityRecipient": "Одеса"
  },
  {
    "number": 59000455550845,
    "dateTime": {
      "date": {
        "year": 2019,
        "month": 10,
        "day": 17
      },
      "time": {
        "hour": 10,
        "minute": 39,
        "second": 29,
        "nano": 0
      }
    },
    "citySender": "Балаклія (Харківська обл.)",
    "cityRecipient": "Ізюм"
  },
  {
    "number": 59000455550846,
    "dateTime": {
      "date": {
        "year": 2019,
        "month": 10,
        "day": 17
      },
      "time": {
        "hour": 10,
        "minute": 39,
        "second": 30,
        "nano": 0
      }
    },
    "citySender": "Одеса",
    "cityRecipient": "Дніпро"
  },
  {
    "number": 59000455550847,
    "dateTime": {
      "date": {
        "year": 2019,
        "month": 10,
        "day": 17
      },
      "time": {
        "hour": 10,
        "minute": 39,
        "second": 23,
        "nano": 0
      }
    },
    "citySender": "Великі Копані",
    "cityRecipient": "Берислав (Херсонська обл.)"
  },
  {
    "number": 59000455550848,
    "dateTime": {
      "date": {
        "year": 2019,
        "month": 10,
        "day": 17
      },
      "time": {
        "hour": 10,
        "minute": 39,
        "second": 57,
        "nano": 0
      }
    },
    "citySender": "Рогатин",
    "cityRecipient": "Золочів (Львівська обл.)"
  },
  {
    "number": 59000455550849,
    "dateTime": {
      "date": {
        "year": 2019,
        "month": 10,
        "day": 17
      },
      "time": {
        "hour": 10,
        "minute": 39,
        "second": 41,
        "nano": 0
      }
    },
    "citySender": "Капітанівка (Кіровоградська обл.)",
    "cityRecipient": "Хмельницький"
  },
  {
    "number": 59000455550850,
    "dateTime": {
      "date": {
        "year": 2019,
        "month": 10,
        "day": 17
      },
      "time": {
        "hour": 10,
        "minute": 39,
        "second": 55,
        "nano": 0
      }
    },
    "citySender": "Житомир",
    "cityRecipient": "Київ"
  },
  {
    "number": 59000455550851,
    "dateTime": {
      "date": {
        "year": 2019,
        "month": 10,
        "day": 17
      },
      "time": {
        "hour": 10,
        "minute": 39,
        "second": 31,
        "nano": 0
      }
    },
    "citySender": "Бердянськ",
    "cityRecipient": "Херсон"
  },
  {
    "number": 59000455550852,
    "dateTime": {
      "date": {
        "year": 2019,
        "month": 10,
        "day": 17
      },
      "time": {
        "hour": 10,
        "minute": 40,
        "second": 12,
        "nano": 0
      }
    },
    "citySender": "Полтава",
    "cityRecipient": "Полтава"
  },
  {
    "number": 59000455550853,
    "dateTime": {
      "date": {
        "year": 2019,
        "month": 10,
        "day": 17
      },
      "time": {
        "hour": 10,
        "minute": 40,
        "second": 2,
        "nano": 0
      }
    },
    "citySender": "Волноваха",
    "cityRecipient": "Радомишль"
  },
  {
    "number": 59000455550854,
    "dateTime": {
      "date": {
        "year": 2019,
        "month": 10,
        "day": 17
      },
      "time": {
        "hour": 10,
        "minute": 39,
        "second": 27,
        "nano": 0
      }
    },
    "citySender": "Випасне (Білгород-Дністровський р-н)",
    "cityRecipient": "Балаклія (Харківська обл.)"
  },
  {
    "number": 59000455550855,
    "dateTime": {
      "date": {
        "year": 2019,
        "month": 10,
        "day": 17
      },
      "time": {
        "hour": 10,
        "minute": 38,
        "second": 24,
        "nano": 0
      }
    },
    "citySender": "Костопіль",
    "cityRecipient": "Біла Криниця (Рівненська обл.)"
  },
  {
    "number": 59000455550856,
    "dateTime": {
      "date": {
        "year": 2019,
        "month": 10,
        "day": 17
      },
      "time": {
        "hour": 10,
        "minute": 40,
        "second": 15,
        "nano": 0
      }
    },
    "citySender": "Святопетрівське (Києво-Свят.р-н)",
    "cityRecipient": "Запитів"
  },
  {
    "number": 59000455550857,
    "dateTime": {
      "date": {
        "year": 2019,
        "month": 10,
        "day": 17
      },
      "time": {
        "hour": 10,
        "minute": 40,
        "second": 4,
        "nano": 0
      }
    },
    "citySender": "Київ",
    "cityRecipient": "Стоянка"
  },
  {
    "number": 59000455550858,
    "dateTime": {
      "date": {
        "year": 2019,
        "month": 10,
        "day": 17
      },
      "time": {
        "hour": 10,
        "minute": 39,
        "second": 50,
        "nano": 0
      }
    },
    "citySender": "Мелітополь",
    "cityRecipient": "Чернігів"
  },
  {
    "number": 59000455550859,
    "dateTime": {
      "date": {
        "year": 2019,
        "month": 10,
        "day": 17
      },
      "time": {
        "hour": 10,
        "minute": 39,
        "second": 30,
        "nano": 0
      }
    },
    "citySender": "Київ",
    "cityRecipient": "Херсон"
  },
  {
    "number": 59000455550860,
    "dateTime": {
      "date": {
        "year": 2019,
        "month": 10,
        "day": 17
      },
      "time": {
        "hour": 10,
        "minute": 39,
        "second": 57,
        "nano": 0
      }
    },
    "citySender": "Казанка",
    "cityRecipient": "Хотин"
  },
  {
    "number": 59000455550861,
    "dateTime": {
      "date": {
        "year": 2019,
        "month": 10,
        "day": 17
      },
      "time": {
        "hour": 10,
        "minute": 39,
        "second": 51,
        "nano": 0
      }
    },
    "citySender": "Львів",
    "cityRecipient": "Рахів"
  },
  {
    "number": 59000455550862,
    "dateTime": {
      "date": {
        "year": 2019,
        "month": 10,
        "day": 17
      },
      "time": {
        "hour": 10,
        "minute": 39,
        "second": 46,
        "nano": 0
      }
    },
    "citySender": "Харків",
    "cityRecipient": "Одеса"
  },
  {
    "number": 59000455550863,
    "dateTime": {
      "date": {
        "year": 2019,
        "month": 10,
        "day": 17
      },
      "time": {
        "hour": 10,
        "minute": 40,
        "second": 12,
        "nano": 0
      }
    },
    "citySender": "Обухів",
    "cityRecipient": "Київ"
  },
  {
    "number": 59000455550864,
    "dateTime": {
      "date": {
        "year": 2019,
        "month": 10,
        "day": 17
      },
      "time": {
        "hour": 10,
        "minute": 40,
        "second": 17,
        "nano": 0
      }
    },
    "citySender": "Одеса",
    "cityRecipient": "Рованці"
  },
  {
    "number": 59000455550865,
    "dateTime": {
      "date": {
        "year": 2019,
        "month": 10,
        "day": 17
      },
      "time": {
        "hour": 10,
        "minute": 37,
        "second": 54,
        "nano": 0
      }
    },
    "citySender": "Краснокутськ",
    "cityRecipient": "Кривий Ріг"
  },
  {
    "number": 59000455550866,
    "dateTime": {
      "date": {
        "year": 2019,
        "month": 10,
        "day": 17
      },
      "time": {
        "hour": 10,
        "minute": 37,
        "second": 54,
        "nano": 0
      }
    },
    "citySender": "Черкаси",
    "cityRecipient": "Мар\u0027їнка"
  },
  {
    "number": 59000455550868,
    "dateTime": {
      "date": {
        "year": 2019,
        "month": 10,
        "day": 17
      },
      "time": {
        "hour": 10,
        "minute": 39,
        "second": 45,
        "nano": 0
      }
    },
    "citySender": "Харків",
    "cityRecipient": "Миргород"
  },
  {
    "number": 59000455550869,
    "dateTime": {
      "date": {
        "year": 2019,
        "month": 10,
        "day": 17
      },
      "time": {
        "hour": 10,
        "minute": 39,
        "second": 28,
        "nano": 0
      }
    },
    "citySender": "Рівне",
    "cityRecipient": "Київ"
  },
  {
    "number": 59000455550870,
    "dateTime": {
      "date": {
        "year": 2019,
        "month": 10,
        "day": 17
      },
      "time": {
        "hour": 10,
        "minute": 40,
        "second": 8,
        "nano": 0
      }
    },
    "citySender": "Кривий Ріг",
    "cityRecipient": "Київ"
  },
  {
    "number": 59000455550871,
    "dateTime": {
      "date": {
        "year": 2019,
        "month": 10,
        "day": 17
      },
      "time": {
        "hour": 10,
        "minute": 38,
        "second": 31,
        "nano": 0
      }
    },
    "citySender": "Прилуки",
    "cityRecipient": "Київ"
  },
  {
    "number": 59000455550872,
    "dateTime": {
      "date": {
        "year": 2019,
        "month": 10,
        "day": 17
      },
      "time": {
        "hour": 10,
        "minute": 40,
        "second": 15,
        "nano": 0
      }
    },
    "citySender": "Ірпінь",
    "cityRecipient": "Дніпро"
  },
  {
    "number": 59000455550873,
    "dateTime": {
      "date": {
        "year": 2019,
        "month": 10,
        "day": 17
      },
      "time": {
        "hour": 10,
        "minute": 40,
        "second": 8,
        "nano": 0
      }
    },
    "citySender": "Харків",
    "cityRecipient": "Козача Лопань"
  },
  {
    "number": 59000455550874,
    "dateTime": {
      "date": {
        "year": 2019,
        "month": 10,
        "day": 17
      },
      "time": {
        "hour": 10,
        "minute": 39,
        "second": 14,
        "nano": 0
      }
    },
    "citySender": "Київ",
    "cityRecipient": "Дніпро"
  },
  {
    "number": 59000455550875,
    "dateTime": {
      "date": {
        "year": 2019,
        "month": 10,
        "day": 17
      },
      "time": {
        "hour": 10,
        "minute": 39,
        "second": 46,
        "nano": 0
      }
    },
    "citySender": "Миколаїв",
    "cityRecipient": "Бровари"
  },
  {
    "number": 59000455550876,
    "dateTime": {
      "date": {
        "year": 2019,
        "month": 10,
        "day": 17
      },
      "time": {
        "hour": 10,
        "minute": 39,
        "second": 26,
        "nano": 0
      }
    },
    "citySender": "Володимирівка (Донецька обл.)",
    "cityRecipient": "Дніпро"
  }
]