[
  {
    "number": 59000455534385,
    "dateTime": {
      "date": {
        "year": 2019,
        "month": 10,
        "day": 17
      },
      "time": {
        "hour": 9,
        "minute": 48,
        "second": 52,
        "nano": 0
      }
    },
    "citySender": "Харків",
    "cityRecipient": "Одеса"
  },
  {
    "number": 59000455534386,
    "dateTime": {
      "date": {
        "year": 2019,
        "month": 10,
        "day": 17
      },
      "time": {
        "hour": 9,
        "minute": 48,
        "second": 53,
        "nano": 0
      }
    },
    "citySender": "Комишня",
    "cityRecipient": "Суми"
  },
  {
    "number": 59000455534387,
    "dateTime": {
      "date": {
        "year": 2019,
        "month": 10,
        "day": 17
      },
      "time": {
        "hour": 9,
        "minute": 47,
        "second": 36,
        "nano": 0
      }
    },
    "citySender": "Тернопіль",
    "cityRecipient": "Чортків"
  },
  {
    "number": 59000455534388,
    "dateTime": {
      "date": {
        "year": 2019,
        "month": 10,
        "day": 17
      },
      "time": {
        "hour": 9,
        "minute": 48,
        "second": 21,
        "nano": 0
      }
    },
    "citySender": "Горінчово",
    "cityRecipient": "Миргород"
  },
  {
    "number": 59000455534390,
    "dateTime": {
      "date": {
        "year": 2019,
        "month": 10,
        "day": 17
      },
      "time": {
        "hour": 9,
        "minute": 48,
        "second": 45,
        "nano": 0
      }
    },
    "citySender": "Кропивницький",
    "cityRecipient": "Бровари"
  },
  {
    "number": 59000455534391,
    "dateTime": {
      "date": {
        "year": 2019,
        "month": 10,
        "day": 17
      },
      "time": {
        "hour": 9,
        "minute": 47,
        "second": 50,
        "nano": 0
      }
    },
    "citySender": "Високопілля",
    "cityRecipient": "Харків"
  },
  {
    "number": 59000455534392,
    "dateTime": {
      "date": {
        "year": 2019,
        "month": 10,
        "day": 17
      },
      "time": {
        "hour": 9,
        "minute": 48,
        "second": 37,
        "nano": 0
      }
    },
    "citySender": "Баришівка",
    "cityRecipient": "Вигода (Івано-Франківська обл)"
  },
  {
    "number": 59000455534393,
    "dateTime": {
      "date": {
        "year": 2019,
        "month": 10,
        "day": 17
      },
      "time": {
        "hour": 9,
        "minute": 48,
        "second": 6,
        "nano": 0
      }
    },
    "citySender": "Краснокутськ",
    "cityRecipient": "Новодружеськ"
  },
  {
    "number": 59000455534394,
    "dateTime": {
      "date": {
        "year": 2019,
        "month": 10,
        "day": 17
      },
      "time": {
        "hour": 9,
        "minute": 48,
        "second": 52,
        "nano": 0
      }
    },
    "citySender": "Коростишів",
    "cityRecipient": "Ужгород"
  },
  {
    "number": 59000455534395,
    "dateTime": {
      "date": {
        "year": 2019,
        "month": 10,
        "day": 17
      },
      "time": {
        "hour": 9,
        "minute": 48,
        "second": 23,
        "nano": 0
      }
    },
    "citySender": "Біла Церква",
    "cityRecipient": "Кривий Ріг"
  },
  {
    "number": 59000455534396,
    "dateTime": {
      "date": {
        "year": 2019,
        "month": 10,
        "day": 17
      },
      "time": {
        "hour": 9,
        "minute": 48,
        "second": 44,
        "nano": 0
      }
    },
    "citySender": "Слов\u0027янськ",
    "cityRecipient": "Маньківка"
  },
  {
    "number": 59000455534397,
    "dateTime": {
      "date": {
        "year": 2019,
        "month": 10,
        "day": 17
      },
      "time": {
        "hour": 9,
        "minute": 48,
        "second": 32,
        "nano": 0
      }
    },
    "citySender": "Новомосковськ",
    "cityRecipient": "Львів"
  },
  {
    "number": 59000455534398,
    "dateTime": {
      "date": {
        "year": 2019,
        "month": 10,
        "day": 17
      },
      "time": {
        "hour": 9,
        "minute": 48,
        "second": 30,
        "nano": 0
      }
    },
    "citySender": "Ковель",
    "cityRecipient": "Дніпро"
  },
  {
    "number": 59000455534399,
    "dateTime": {
      "date": {
        "year": 2019,
        "month": 10,
        "day": 17
      },
      "time": {
        "hour": 9,
        "minute": 48,
        "second": 4,
        "nano": 0
      }
    },
    "citySender": "Хмельницький",
    "cityRecipient": "Київ"
  },
  {
    "number": 59000455534400,
    "dateTime": {
      "date": {
        "year": 2019,
        "month": 10,
        "day": 17
      },
      "time": {
        "hour": 9,
        "minute": 48,
        "second": 48,
        "nano": 0
      }
    },
    "citySender": "Гельмязів",
    "cityRecipient": "Бориспіль"
  },
  {
    "number": 59000455534401,
    "dateTime": {
      "date": {
        "year": 2019,
        "month": 10,
        "day": 17
      },
      "time": {
        "hour": 9,
        "minute": 48,
        "second": 43,
        "nano": 0
      }
    },
    "citySender": "Чернівці",
    "cityRecipient": "Волноваха"
  },
  {
    "number": 59000455534402,
    "dateTime": {
      "date": {
        "year": 2019,
        "month": 10,
        "day": 17
      },
      "time": {
        "hour": 9,
        "minute": 48,
        "second": 51,
        "nano": 0
      }
    },
    "citySender": "Борислав (Львівська обл.)",
    "cityRecipient": "Дніпро"
  },
  {
    "number": 59000455534403,
    "dateTime": {
      "date": {
        "year": 2019,
        "month": 10,
        "day": 17
      },
      "time": {
        "hour": 9,
        "minute": 48,
        "second": 41,
        "nano": 0
      }
    },
    "citySender": "Львів",
    "cityRecipient": "Одеса"
  },
  {
    "number": 59000455534404,
    "dateTime": {
      "date": {
        "year": 2019,
        "month": 10,
        "day": 17
      },
      "time": {
        "hour": 9,
        "minute": 48,
        "second": 39,
        "nano": 0
      }
    },
    "citySender": "Одеса",
    "cityRecipient": "Київ"
  },
  {
    "number": 59000455534405,
    "dateTime": {
      "date": {
        "year": 2019,
        "month": 10,
        "day": 17
      },
      "time": {
        "hour": 9,
        "minute": 48,
        "second": 54,
        "nano": 0
      }
    },
    "citySender": "Київ",
    "cityRecipient": "Київ"
  },
  {
    "number": 59000455534406,
    "dateTime": {
      "date": {
        "year": 2019,
        "month": 10,
        "day": 17
      },
      "time": {
        "hour": 9,
        "minute": 48,
        "second": 51,
        "nano": 0
      }
    },
    "citySender": "Ізяслав",
    "cityRecipient": "Бровари"
  },
  {
    "number": 59000455534407,
    "dateTime": {
      "date": {
        "year": 2019,
        "month": 10,
        "day": 17
      },
      "time": {
        "hour": 9,
        "minute": 48,
        "second": 44,
        "nano": 0
      }
    },
    "citySender": "Київ",
    "cityRecipient": "Запоріжжя"
  },
  {
    "number": 59000455534408,
    "dateTime": {
      "date": {
        "year": 2019,
        "month": 10,
        "day": 17
      },
      "time": {
        "hour": 9,
        "minute": 47,
        "second": 37,
        "nano": 0
      }
    },
    "citySender": "Чернігів",
    "cityRecipient": "Житомир"
  },
  {
    "number": 59000455534409,
    "dateTime": {
      "date": {
        "year": 2019,
        "month": 10,
        "day": 17
      },
      "time": {
        "hour": 9,
        "minute": 46,
        "second": 43,
        "nano": 0
      }
    },
    "citySender": "Тячів",
    "cityRecipient": "Київ"
  },
  {
    "number": 59000455534410,
    "dateTime": {
      "date": {
        "year": 2019,
        "month": 10,
        "day": 17
      },
      "time": {
        "hour": 9,
        "minute": 48,
        "second": 59,
        "nano": 0
      }
    },
    "citySender": "Сєвєродонецьк",
    "cityRecipient": "Київ"
  },
  {
    "number": 59000455534411,
    "dateTime": {
      "date": {
        "year": 2019,
        "month": 10,
        "day": 17
      },
      "time": {
        "hour": 9,
        "minute": 48,
        "second": 34,
        "nano": 0
      }
    },
    "citySender": "Миргород",
    "cityRecipient": "Харків"
  },
  {
    "number": 59000455534412,
    "dateTime": {
      "date": {
        "year": 2019,
        "month": 10,
        "day": 17
      },
      "time": {
        "hour": 9,
        "minute": 48,
        "second": 56,
        "nano": 0
      }
    },
    "citySender": "Білгород-Дністровський",
    "cityRecipient": "Київ"
  },
  {
    "number": 59000455534413,
    "dateTime": {
      "date": {
        "year": 2019,
        "month": 10,
        "day": 17
      },
      "time": {
        "hour": 9,
        "minute": 48,
        "second": 38,
        "nano": 0
      }
    },
    "citySender": "Київ",
    "cityRecipient": "Київ"
  },
  {
    "number": 59000455534414,
    "dateTime": {
      "date": {
        "year": 2019,
        "month": 10,
        "day": 17
      },
      "time": {
        "hour": 9,
        "minute": 48,
        "second": 38,
        "nano": 0
      }
    },
    "citySender": "Суми",
    "cityRecipient": "Вороновиця"
  },
  {
    "number": 59000455534415,
    "dateTime": {
      "date": {
        "year": 2019,
        "month": 10,
        "day": 17
      },
      "time": {
        "hour": 9,
        "minute": 47,
        "second": 48,
        "nano": 0
      }
    },
    "citySender": "Запоріжжя",
    "cityRecipient": "Тлумач"
  },
  {
    "number": 59000455534416,
    "dateTime": {
      "date": {
        "year": 2019,
        "month": 10,
        "day": 17
      },
      "time": {
        "hour": 9,
        "minute": 48,
        "second": 56,
        "nano": 0
      }
    },
    "citySender": "Старий Самбір",
    "cityRecipient": "Березне"
  },
  {
    "number": 59000455534417,
    "dateTime": {
      "date": {
        "year": 2019,
        "month": 10,
        "day": 17
      },
      "time": {
        "hour": 9,
        "minute": 47,
        "second": 55,
        "nano": 0
      }
    },
    "citySender": "Дубровиця (Рівненська обл.)",
    "cityRecipient": "Київ"
  },
  {
    "number": 59000455534418,
    "dateTime": {
      "date": {
        "year": 2019,
        "month": 10,
        "day": 17
      },
      "time": {
        "hour": 9,
        "minute": 42,
        "second": 32,
        "nano": 0
      }
    },
    "citySender": "Стара Вижівка",
    "cityRecipient": "Билка"
  },
  {
    "number": 59000455534419,
    "dateTime": {
      "date": {
        "year": 2019,
        "month": 10,
        "day": 17
      },
      "time": {
        "hour": 9,
        "minute": 48,
        "second": 53,
        "nano": 0
      }
    },
    "citySender": "Луцьк",
    "cityRecipient": "Чуднів"
  },
  {
    "number": 59000455534420,
    "dateTime": {
      "date": {
        "year": 2019,
        "month": 10,
        "day": 17
      },
      "time": {
        "hour": 9,
        "minute": 48,
        "second": 56,
        "nano": 0
      }
    },
    "citySender": "Київ",
    "cityRecipient": "Київ"
  },
  {
    "number": 59000455534421,
    "dateTime": {
      "date": {
        "year": 2019,
        "month": 10,
        "day": 17
      },
      "time": {
        "hour": 9,
        "minute": 48,
        "second": 49,
        "nano": 0
      }
    },
    "citySender": "Мостиська",
    "cityRecipient": "Київ"
  },
  {
    "number": 59000455534422,
    "dateTime": {
      "date": {
        "year": 2019,
        "month": 10,
        "day": 17
      },
      "time": {
        "hour": 9,
        "minute": 47,
        "second": 49,
        "nano": 0
      }
    },
    "citySender": "Долинська",
    "cityRecipient": "Чабани"
  },
  {
    "number": 59000455534423,
    "dateTime": {
      "date": {
        "year": 2019,
        "month": 10,
        "day": 17
      },
      "time": {
        "hour": 9,
        "minute": 48,
        "second": 55,
        "nano": 0
      }
    },
    "citySender": "Гусятин",
    "cityRecipient": "Київ"
  },
  {
    "number": 59000455534424,
    "dateTime": {
      "date": {
        "year": 2019,
        "month": 10,
        "day": 17
      },
      "time": {
        "hour": 9,
        "minute": 48,
        "second": 28,
        "nano": 0
      }
    },
    "citySender": "Бучач",
    "cityRecipient": "Кривий Ріг"
  },
  {
    "number": 59000455534425,
    "dateTime": {
      "date": {
        "year": 2019,
        "month": 10,
        "day": 17
      },
      "time": {
        "hour": 9,
        "minute": 48,
        "second": 59,
        "nano": 0
      }
    },
    "citySender": "Давидів",
    "cityRecipient": "Єзупіль"
  },
  {
    "number": 59000455534426,
    "dateTime": {
      "date": {
        "year": 2019,
        "month": 10,
        "day": 17
      },
      "time": {
        "hour": 9,
        "minute": 48,
        "second": 38,
        "nano": 0
      }
    },
    "citySender": "Кременчук",
    "cityRecipient": "Дніпро"
  },
  {
    "number": 59000455534427,
    "dateTime": {
      "date": {
        "year": 2019,
        "month": 10,
        "day": 17
      },
      "time": {
        "hour": 9,
        "minute": 48,
        "second": 47,
        "nano": 0
      }
    },
    "citySender": "Покровське (Покровський р-н Дніпропетровська обл.)",
    "cityRecipient": "Миколаїв"
  },
  {
    "number": 59000455534428,
    "dateTime": {
      "date": {
        "year": 2019,
        "month": 10,
        "day": 17
      },
      "time": {
        "hour": 9,
        "minute": 48,
        "second": 45,
        "nano": 0
      }
    },
    "citySender": "Кропивницький",
    "cityRecipient": "Миколаїв"
  },
  {
    "number": 59000455534429,
    "dateTime": {
      "date": {
        "year": 2019,
        "month": 10,
        "day": 17
      },
      "time": {
        "hour": 9,
        "minute": 48,
        "second": 40,
        "nano": 0
      }
    },
    "citySender": "Вінниця",
    "cityRecipient": "Дрогобич"
  },
  {
    "number": 59000455534430,
    "dateTime": {
      "date": {
        "year": 2019,
        "month": 10,
        "day": 17
      },
      "time": {
        "hour": 9,
        "minute": 48,
        "second": 52,
        "nano": 0
      }
    },
    "citySender": "Кременчук",
    "cityRecipient": "Богуслав (Київська обл.)"
  },
  {
    "number": 59000455534431,
    "dateTime": {
      "date": {
        "year": 2019,
        "month": 10,
        "day": 17
      },
      "time": {
        "hour": 9,
        "minute": 48,
        "second": 36,
        "nano": 0
      }
    },
    "citySender": "Луцьк",
    "cityRecipient": "Охтирка"
  },
  {
    "number": 59000455534432,
    "dateTime": {
      "date": {
        "year": 2019,
        "month": 10,
        "day": 17
      },
      "time": {
        "hour": 9,
        "minute": 48,
        "second": 53,
        "nano": 0
      }
    },
    "citySender": "Київ",
    "cityRecipient": "Київ"
  },
  {
    "number": 59000455534433,
    "dateTime": {
      "date": {
        "year": 2019,
        "month": 10,
        "day": 17
      },
      "time": {
        "hour": 9,
        "minute": 48,
        "second": 48,
        "nano": 0
      }
    },
    "citySender": "Могилів-Подільський",
    "cityRecipient": "Львів"
  },
  {
    "number": 59000455534434,
    "dateTime": {
      "date": {
        "year": 2019,
        "month": 10,
        "day": 17
      },
      "time": {
        "hour": 9,
        "minute": 48,
        "second": 58,
        "nano": 0
      }
    },
    "citySender": "Одеса",
    "cityRecipient": "Дніпро"
  },
  {
    "number": 59000455534435,
    "dateTime": {
      "date": {
        "year": 2019,
        "month": 10,
        "day": 17
      },
      "time": {
        "hour": 9,
        "minute": 47,
        "second": 36,
        "nano": 0
      }
    },
    "citySender": "Благовіщенське(Кіровоградська обл.)",
    "cityRecipient": "Пісочин"
  },
  {
    "number": 59000455534436,
    "dateTime": {
      "date": {
        "year": 2019,
        "month": 10,
        "day": 17
      },
      "time": {
        "hour": 9,
        "minute": 48,
        "second": 23,
        "nano": 0
      }
    },
    "citySender": "Чорноморськ",
    "cityRecipient": "Київ"
  },
  {
    "number": 59000455534437,
    "dateTime": {
      "date": {
        "year": 2019,
        "month": 10,
        "day": 17
      },
      "time": {
        "hour": 9,
        "minute": 48,
        "second": 38,
        "nano": 0
      }
    },
    "citySender": "Махнівка (Вінницька обл.)",
    "cityRecipient": "Маріуполь"
  },
  {
    "number": 59000455534438,
    "dateTime": {
      "date": {
        "year": 2019,
        "month": 10,
        "day": 17
      },
      "time": {
        "hour": 9,
        "minute": 48,
        "second": 22,
        "nano": 0
      }
    },
    "citySender": "Старобільськ",
    "cityRecipient": "Київ"
  },
  {
    "number": 59000455534439,
    "dateTime": {
      "date": {
        "year": 2019,
        "month": 10,
        "day": 17
      },
      "time": {
        "hour": 9,
        "minute": 48,
        "second": 45,
        "nano": 0
      }
    },
    "citySender": "Новооржицьке",
    "cityRecipient": "Львів"
  },
  {
    "number": 59000455534440,
    "dateTime": {
      "date": {
        "year": 2019,
        "month": 10,
        "day": 17
      },
      "time": {
        "hour": 9,
        "minute": 48,
        "second": 58,
        "nano": 0
      }
    },
    "citySender": "Київ",
    "cityRecipient": "Київ"
  },
  {
    "number": 59000455534441,
    "dateTime": {
      "date": {
        "year": 2019,
        "month": 10,
        "day": 17
      },
      "time": {
        "hour": 9,
        "minute": 48,
        "second": 55,
        "nano": 0
      }
    },
    "citySender": "Львів",
    "cityRecipient": "Івано-Франківськ"
  },
  {
    "number": 59000455534442,
    "dateTime": {
      "date": {
        "year": 2019,
        "month": 10,
        "day": 17
      },
      "time": {
        "hour": 9,
        "minute": 48,
        "second": 36,
        "nano": 0
      }
    },
    "citySender": "Маньківка",
    "cityRecipient": "Каховка"
  },
  {
    "number": 59000455534443,
    "dateTime": {
      "date": {
        "year": 2019,
        "month": 10,
        "day": 17
      },
      "time": {
        "hour": 9,
        "minute": 49,
        "second": 4,
        "nano": 0
      }
    },
    "citySender": "Київ",
    "cityRecipient": "Київ"
  },
  {
    "number": 59000455534444,
    "dateTime": {
      "date": {
        "year": 2019,
        "month": 10,
        "day": 17
      },
      "time": {
        "hour": 9,
        "minute": 48,
        "second": 55,
        "nano": 0
      }
    },
    "citySender": "Почаїв",
    "cityRecipient": "Попільня"
  },
  {
    "number": 59000455534445,
    "dateTime": {
      "date": {
        "year": 2019,
        "month": 10,
        "day": 17
      },
      "time": {
        "hour": 9,
        "minute": 48,
        "second": 50,
        "nano": 0
      }
    },
    "citySender": "Харків",
    "cityRecipient": "Київ"
  },
  {
    "number": 59000455534447,
    "dateTime": {
      "date": {
        "year": 2019,
        "month": 10,
        "day": 17
      },
      "time": {
        "hour": 9,
        "minute": 48,
        "second": 45,
        "nano": 0
      }
    },
    "citySender": "Поляна (Закарпатська обл.)",
    "cityRecipient": "Київ"
  },
  {
    "number": 59000455534448,
    "dateTime": {
      "date": {
        "year": 2019,
        "month": 10,
        "day": 17
      },
      "time": {
        "hour": 9,
        "minute": 48,
        "second": 59,
        "nano": 0
      }
    },
    "citySender": "Київ",
    "cityRecipient": "Київ"
  },
  {
    "number": 59000455534449,
    "dateTime": {
      "date": {
        "year": 2019,
        "month": 10,
        "day": 17
      },
      "time": {
        "hour": 9,
        "minute": 48,
        "second": 39,
        "nano": 0
      }
    },
    "citySender": "Коростень",
    "cityRecipient": "Луцьк"
  },
  {
    "number": 59000455534450,
    "dateTime": {
      "date": {
        "year": 2019,
        "month": 10,
        "day": 17
      },
      "time": {
        "hour": 9,
        "minute": 48,
        "second": 47,
        "nano": 0
      }
    },
    "citySender": "Шпитьки",
    "cityRecipient": "Цумань"
  },
  {
    "number": 59000455534451,
    "dateTime": {
      "date": {
        "year": 2019,
        "month": 10,
        "day": 17
      },
      "time": {
        "hour": 9,
        "minute": 48,
        "second": 37,
        "nano": 0
      }
    },
    "citySender": "Київ",
    "cityRecipient": "Маяки (Одеська обл.)"
  },
  {
    "number": 59000455534452,
    "dateTime": {
      "date": {
        "year": 2019,
        "month": 10,
        "day": 17
      },
      "time": {
        "hour": 9,
        "minute": 49,
        "second": 0,
        "nano": 0
      }
    },
    "citySender": "Вишневе",
    "cityRecipient": "Дніпро"
  },
  {
    "number": 59000455534453,
    "dateTime": {
      "date": {
        "year": 2019,
        "month": 10,
        "day": 17
      },
      "time": {
        "hour": 9,
        "minute": 48,
        "second": 2,
        "nano": 0
      }
    },
    "citySender": "Новопсков",
    "cityRecipient": "Харків"
  },
  {
    "number": 59000455534454,
    "dateTime": {
      "date": {
        "year": 2019,
        "month": 10,
        "day": 17
      },
      "time": {
        "hour": 9,
        "minute": 48,
        "second": 17,
        "nano": 0
      }
    },
    "citySender": "Рівне",
    "cityRecipient": "Іршава"
  },
  {
    "number": 59000455534455,
    "dateTime": {
      "date": {
        "year": 2019,
        "month": 10,
        "day": 17
      },
      "time": {
        "hour": 9,
        "minute": 48,
        "second": 28,
        "nano": 0
      }
    },
    "citySender": "Велятино",
    "cityRecipient": "Надвірна"
  },
  {
    "number": 59000455534456,
    "dateTime": {
      "date": {
        "year": 2019,
        "month": 10,
        "day": 17
      },
      "time": {
        "hour": 9,
        "minute": 48,
        "second": 55,
        "nano": 0
      }
    },
    "citySender": "Городок(Львівська обл.)",
    "cityRecipient": "Дніпро"
  },
  {
    "number": 59000455534457,
    "dateTime": {
      "date": {
        "year": 2019,
        "month": 10,
        "day": 17
      },
      "time": {
        "hour": 9,
        "minute": 49,
        "second": 6,
        "nano": 0
      }
    },
    "citySender": "Львів",
    "cityRecipient": "Київ"
  },
  {
    "number": 59000455534458,
    "dateTime": {
      "date": {
        "year": 2019,
        "month": 10,
        "day": 17
      },
      "time": {
        "hour": 9,
        "minute": 48,
        "second": 32,
        "nano": 0
      }
    },
    "citySender": "Перечин",
    "cityRecipient": "Хмельницький"
  },
  {
    "number": 59000455534459,
    "dateTime": {
      "date": {
        "year": 2019,
        "month": 10,
        "day": 17
      },
      "time": {
        "hour": 9,
        "minute": 49,
        "second": 8,
        "nano": 0
      }
    },
    "citySender": "Черкаси",
    "cityRecipient": "Кропивницький"
  },
  {
    "number": 59000455534460,
    "dateTime": {
      "date": {
        "year": 2019,
        "month": 10,
        "day": 17
      },
      "time": {
        "hour": 9,
        "minute": 48,
        "second": 21,
        "nano": 0
      }
    },
    "citySender": "Одеса",
    "cityRecipient": "Бровари"
  },
  {
    "number": 59000455534461,
    "dateTime": {
      "date": {
        "year": 2019,
        "month": 10,
        "day": 17
      },
      "time": {
        "hour": 9,
        "minute": 49,
        "second": 5,
        "nano": 0
      }
    },
    "citySender": "Очаків",
    "cityRecipient": "Старий Крим (Донецька обл.)"
  },
  {
    "number": 59000455534462,
    "dateTime": {
      "date": {
        "year": 2019,
        "month": 10,
        "day": 17
      },
      "time": {
        "hour": 9,
        "minute": 48,
        "second": 46,
        "nano": 0
      }
    },
    "citySender": "Київ",
    "cityRecipient": "Нові Петрівці"
  },
  {
    "number": 59000455534463,
    "dateTime": {
      "date": {
        "year": 2019,
        "month": 10,
        "day": 17
      },
      "time": {
        "hour": 9,
        "minute": 49,
        "second": 5,
        "nano": 0
      }
    },
    "citySender": "Коритняни",
    "cityRecipient": "Київ"
  },
  {
    "number": 59000455534464,
    "dateTime": {
      "date": {
        "year": 2019,
        "month": 10,
        "day": 17
      },
      "time": {
        "hour": 9,
        "minute": 49,
        "second": 2,
        "nano": 0
      }
    },
    "citySender": "Харків",
    "cityRecipient": "Миколаївка (Одеська обл., Миколаївський р-н)"
  },
  {
    "number": 59000455534465,
    "dateTime": {
      "date": {
        "year": 2019,
        "month": 10,
        "day": 17
      },
      "time": {
        "hour": 9,
        "minute": 47,
        "second": 12,
        "nano": 0
      }
    },
    "citySender": "Київ",
    "cityRecipient": "Київ"
  },
  {
    "number": 59000455534466,
    "dateTime": {
      "date": {
        "year": 2019,
        "month": 10,
        "day": 17
      },
      "time": {
        "hour": 9,
        "minute": 49,
        "second": 2,
        "nano": 0
      }
    },
    "citySender": "Біла Церква",
    "cityRecipient": "Бориспіль"
  },
  {
    "number": 59000455534467,
    "dateTime": {
      "date": {
        "year": 2019,
        "month": 10,
        "day": 17
      },
      "time": {
        "hour": 9,
        "minute": 49,
        "second": 11,
        "nano": 0
      }
    },
    "citySender": "Кривий Ріг",
    "cityRecipient": "Київ"
  },
  {
    "number": 59000455534468,
    "dateTime": {
      "date": {
        "year": 2019,
        "month": 10,
        "day": 17
      },
      "time": {
        "hour": 9,
        "minute": 49,
        "second": 5,
        "nano": 0
      }
    },
    "citySender": "Долинська",
    "cityRecipient": "Запоріжжя"
  },
  {
    "number": 59000455534469,
    "dateTime": {
      "date": {
        "year": 2019,
        "month": 10,
        "day": 17
      },
      "time": {
        "hour": 9,
        "minute": 49,
        "second": 9,
        "nano": 0
      }
    },
    "citySender": "Київ",
    "cityRecipient": "Київ"
  },
  {
    "number": 59000455534470,
    "dateTime": {
      "date": {
        "year": 2019,
        "month": 10,
        "day": 17
      },
      "time": {
        "hour": 9,
        "minute": 47,
        "second": 39,
        "nano": 0
      }
    },
    "citySender": "Ратне",
    "cityRecipient": "Чайки"
  },
  {
    "number": 59000455534471,
    "dateTime": {
      "date": {
        "year": 2019,
        "month": 10,
        "day": 17
      },
      "time": {
        "hour": 9,
        "minute": 49,
        "second": 1,
        "nano": 0
      }
    },
    "citySender": "Умань",
    "cityRecipient": "Київ"
  },
  {
    "number": 59000455534472,
    "dateTime": {
      "date": {
        "year": 2019,
        "month": 10,
        "day": 17
      },
      "time": {
        "hour": 9,
        "minute": 46,
        "second": 16,
        "nano": 0
      }
    },
    "citySender": "Зарічани",
    "cityRecipient": "Одеса"
  },
  {
    "number": 59000455534473,
    "dateTime": {
      "date": {
        "year": 2019,
        "month": 10,
        "day": 17
      },
      "time": {
        "hour": 9,
        "minute": 48,
        "second": 45,
        "nano": 0
      }
    },
    "citySender": "Велика Новосілка",
    "cityRecipient": "Запоріжжя"
  },
  {
    "number": 59000455534474,
    "dateTime": {
      "date": {
        "year": 2019,
        "month": 10,
        "day": 17
      },
      "time": {
        "hour": 9,
        "minute": 48,
        "second": 26,
        "nano": 0
      }
    },
    "citySender": "Волноваха",
    "cityRecipient": "Врадіївка"
  },
  {
    "number": 59000455534475,
    "dateTime": {
      "date": {
        "year": 2019,
        "month": 10,
        "day": 17
      },
      "time": {
        "hour": 9,
        "minute": 48,
        "second": 58,
        "nano": 0
      }
    },
    "citySender": "Кобеляки",
    "cityRecipient": "Київ"
  },
  {
    "number": 59000455534476,
    "dateTime": {
      "date": {
        "year": 2019,
        "month": 10,
        "day": 17
      },
      "time": {
        "hour": 9,
        "minute": 48,
        "second": 2,
        "nano": 0
      }
    },
    "citySender": "Ширяєве",
    "cityRecipient": "Великодолинське"
  },
  {
    "number": 59000455534477,
    "dateTime": {
      "date": {
        "year": 2019,
        "month": 10,
        "day": 17
      },
      "time": {
        "hour": 9,
        "minute": 48,
        "second": 49,
        "nano": 0
      }
    },
    "citySender": "Київ",
    "cityRecipient": "Київ"
  },
  {
    "number": 59000455534478,
    "dateTime": {
      "date": {
        "year": 2019,
        "month": 10,
        "day": 17
      },
      "time": {
        "hour": 9,
        "minute": 49,
        "second": 3,
        "nano": 0
      }
    },
    "citySender": "Покров (Дніпропетровська обл.)",
    "cityRecipient": "Запоріжжя"
  },
  {
    "number": 59000455534479,
    "dateTime": {
      "date": {
        "year": 2019,
        "month": 10,
        "day": 17
      },
      "time": {
        "hour": 9,
        "minute": 46,
        "second": 54,
        "nano": 0
      }
    },
    "citySender": "Житомир",
    "cityRecipient": "Полтава"
  },
  {
    "number": 59000455534480,
    "dateTime": {
      "date": {
        "year": 2019,
        "month": 10,
        "day": 17
      },
      "time": {
        "hour": 9,
        "minute": 49,
        "second": 11,
        "nano": 0
      }
    },
    "citySender": "Маньківка",
    "cityRecipient": "Миколаїв"
  },
  {
    "number": 59000455534482,
    "dateTime": {
      "date": {
        "year": 2019,
        "month": 10,
        "day": 17
      },
      "time": {
        "hour": 9,
        "minute": 48,
        "second": 0,
        "nano": 0
      }
    },
    "citySender": "Іллінці",
    "cityRecipient": "Млинів"
  },
  {
    "number": 59000455534483,
    "dateTime": {
      "date": {
        "year": 2019,
        "month": 10,
        "day": 17
      },
      "time": {
        "hour": 9,
        "minute": 49,
        "second": 11,
        "nano": 0
      }
    },
    "citySender": "Запоріжжя",
    "cityRecipient": "Нікополь (Дніпропетровська обл.)"
  },
  {
    "number": 59000455534484,
    "dateTime": {
      "date": {
        "year": 2019,
        "month": 10,
        "day": 17
      },
      "time": {
        "hour": 9,
        "minute": 48,
        "second": 35,
        "nano": 0
      }
    },
    "citySender": "Київ",
    "cityRecipient": "Запоріжжя"
  }
]