[
  {
    "number": 59000455553576,
    "dateTime": {
      "date": {
        "year": 2019,
        "month": 10,
        "day": 17
      },
      "time": {
        "hour": 10,
        "minute": 48,
        "second": 2,
        "nano": 0
      }
    },
    "citySender": "Краматорськ",
    "cityRecipient": "Покровськ (Донецька обл.)"
  },
  {
    "number": 59000455553577,
    "dateTime": {
      "date": {
        "year": 2019,
        "month": 10,
        "day": 17
      },
      "time": {
        "hour": 10,
        "minute": 47,
        "second": 31,
        "nano": 0
      }
    },
    "citySender": "Любешів",
    "cityRecipient": "Макарів"
  },
  {
    "number": 59000455553578,
    "dateTime": {
      "date": {
        "year": 2019,
        "month": 10,
        "day": 17
      },
      "time": {
        "hour": 10,
        "minute": 48,
        "second": 10,
        "nano": 0
      }
    },
    "citySender": "Харків",
    "cityRecipient": "Київ"
  },
  {
    "number": 59000455553579,
    "dateTime": {
      "date": {
        "year": 2019,
        "month": 10,
        "day": 17
      },
      "time": {
        "hour": 10,
        "minute": 47,
        "second": 42,
        "nano": 0
      }
    },
    "citySender": "Камінь-Каширський",
    "cityRecipient": "Гоща"
  },
  {
    "number": 59000455553580,
    "dateTime": {
      "date": {
        "year": 2019,
        "month": 10,
        "day": 17
      },
      "time": {
        "hour": 10,
        "minute": 47,
        "second": 49,
        "nano": 0
      }
    },
    "citySender": "Хирів",
    "cityRecipient": "Дніпро"
  },
  {
    "number": 59000455553581,
    "dateTime": {
      "date": {
        "year": 2019,
        "month": 10,
        "day": 17
      },
      "time": {
        "hour": 10,
        "minute": 48,
        "second": 18,
        "nano": 0
      }
    },
    "citySender": "Київ",
    "cityRecipient": "Дніпро"
  },
  {
    "number": 59000455553582,
    "dateTime": {
      "date": {
        "year": 2019,
        "month": 10,
        "day": 17
      },
      "time": {
        "hour": 10,
        "minute": 48,
        "second": 1,
        "nano": 0
      }
    },
    "citySender": "Калуш",
    "cityRecipient": "Миколаїв (Львівська обл., Миколаївський р-н)"
  },
  {
    "number": 59000455553583,
    "dateTime": {
      "date": {
        "year": 2019,
        "month": 10,
        "day": 17
      },
      "time": {
        "hour": 10,
        "minute": 48,
        "second": 6,
        "nano": 0
      }
    },
    "citySender": "Київ",
    "cityRecipient": "Бровари"
  },
  {
    "number": 59000455553584,
    "dateTime": {
      "date": {
        "year": 2019,
        "month": 10,
        "day": 17
      },
      "time": {
        "hour": 10,
        "minute": 48,
        "second": 16,
        "nano": 0
      }
    },
    "citySender": "Київ",
    "cityRecipient": "Київ"
  },
  {
    "number": 59000455553585,
    "dateTime": {
      "date": {
        "year": 2019,
        "month": 10,
        "day": 17
      },
      "time": {
        "hour": 10,
        "minute": 48,
        "second": 7,
        "nano": 0
      }
    },
    "citySender": "Одеса",
    "cityRecipient": "Харків"
  },
  {
    "number": 59000455553586,
    "dateTime": {
      "date": {
        "year": 2019,
        "month": 10,
        "day": 17
      },
      "time": {
        "hour": 10,
        "minute": 48,
        "second": 8,
        "nano": 0
      }
    },
    "citySender": "Київ",
    "cityRecipient": "Одеса"
  },
  {
    "number": 59000455553587,
    "dateTime": {
      "date": {
        "year": 2019,
        "month": 10,
        "day": 17
      },
      "time": {
        "hour": 10,
        "minute": 48,
        "second": 23,
        "nano": 0
      }
    },
    "citySender": "Одеса",
    "cityRecipient": "Харків"
  },
  {
    "number": 59000455553588,
    "dateTime": {
      "date": {
        "year": 2019,
        "month": 10,
        "day": 17
      },
      "time": {
        "hour": 10,
        "minute": 48,
        "second": 2,
        "nano": 0
      }
    },
    "citySender": "Ізмаїл",
    "cityRecipient": "Воловець"
  },
  {
    "number": 59000455553589,
    "dateTime": {
      "date": {
        "year": 2019,
        "month": 10,
        "day": 17
      },
      "time": {
        "hour": 10,
        "minute": 48,
        "second": 19,
        "nano": 0
      }
    },
    "citySender": "Київ",
    "cityRecipient": "Київ"
  },
  {
    "number": 59000455553590,
    "dateTime": {
      "date": {
        "year": 2019,
        "month": 10,
        "day": 17
      },
      "time": {
        "hour": 10,
        "minute": 47,
        "second": 42,
        "nano": 0
      }
    },
    "citySender": "Котельва",
    "cityRecipient": "Київ"
  },
  {
    "number": 59000455553591,
    "dateTime": {
      "date": {
        "year": 2019,
        "month": 10,
        "day": 17
      },
      "time": {
        "hour": 10,
        "minute": 47,
        "second": 46,
        "nano": 0
      }
    },
    "citySender": "Нововолинськ",
    "cityRecipient": "Київ"
  },
  {
    "number": 59000455553592,
    "dateTime": {
      "date": {
        "year": 2019,
        "month": 10,
        "day": 17
      },
      "time": {
        "hour": 10,
        "minute": 47,
        "second": 50,
        "nano": 0
      }
    },
    "citySender": "Київ",
    "cityRecipient": "Хорол"
  },
  {
    "number": 59000455553593,
    "dateTime": {
      "date": {
        "year": 2019,
        "month": 10,
        "day": 17
      },
      "time": {
        "hour": 10,
        "minute": 47,
        "second": 50,
        "nano": 0
      }
    },
    "citySender": "Київ",
    "cityRecipient": "Львів"
  },
  {
    "number": 59000455553594,
    "dateTime": {
      "date": {
        "year": 2019,
        "month": 10,
        "day": 17
      },
      "time": {
        "hour": 10,
        "minute": 47,
        "second": 40,
        "nano": 0
      }
    },
    "citySender": "Одеса",
    "cityRecipient": "Дніпрорудне"
  },
  {
    "number": 59000455553595,
    "dateTime": {
      "date": {
        "year": 2019,
        "month": 10,
        "day": 17
      },
      "time": {
        "hour": 10,
        "minute": 48,
        "second": 0,
        "nano": 0
      }
    },
    "citySender": "Чернівці",
    "cityRecipient": "Київ"
  },
  {
    "number": 59000455553596,
    "dateTime": {
      "date": {
        "year": 2019,
        "month": 10,
        "day": 17
      },
      "time": {
        "hour": 10,
        "minute": 47,
        "second": 58,
        "nano": 0
      }
    },
    "citySender": "Костянтинівка (Донецька обл.)",
    "cityRecipient": "Кривий Ріг"
  },
  {
    "number": 59000455553597,
    "dateTime": {
      "date": {
        "year": 2019,
        "month": 10,
        "day": 17
      },
      "time": {
        "hour": 10,
        "minute": 48,
        "second": 25,
        "nano": 0
      }
    },
    "citySender": "Вінниця",
    "cityRecipient": "Київ"
  },
  {
    "number": 59000455553598,
    "dateTime": {
      "date": {
        "year": 2019,
        "month": 10,
        "day": 17
      },
      "time": {
        "hour": 10,
        "minute": 48,
        "second": 24,
        "nano": 0
      }
    },
    "citySender": "Бровари",
    "cityRecipient": "Київ"
  },
  {
    "number": 59000455553599,
    "dateTime": {
      "date": {
        "year": 2019,
        "month": 10,
        "day": 17
      },
      "time": {
        "hour": 10,
        "minute": 48,
        "second": 24,
        "nano": 0
      }
    },
    "citySender": "Харків",
    "cityRecipient": "Полтава"
  },
  {
    "number": 59000455553600,
    "dateTime": {
      "date": {
        "year": 2019,
        "month": 10,
        "day": 17
      },
      "time": {
        "hour": 10,
        "minute": 48,
        "second": 7,
        "nano": 0
      }
    },
    "citySender": "Харків",
    "cityRecipient": "Краснокутськ"
  },
  {
    "number": 59000455553601,
    "dateTime": {
      "date": {
        "year": 2019,
        "month": 10,
        "day": 17
      },
      "time": {
        "hour": 10,
        "minute": 48,
        "second": 25,
        "nano": 0
      }
    },
    "citySender": "Кропивницький",
    "cityRecipient": "Київ"
  },
  {
    "number": 59000455553602,
    "dateTime": {
      "date": {
        "year": 2019,
        "month": 10,
        "day": 17
      },
      "time": {
        "hour": 10,
        "minute": 48,
        "second": 2,
        "nano": 0
      }
    },
    "citySender": "Київ",
    "cityRecipient": "Івано-Франківськ"
  },
  {
    "number": 59000455553603,
    "dateTime": {
      "date": {
        "year": 2019,
        "month": 10,
        "day": 17
      },
      "time": {
        "hour": 10,
        "minute": 47,
        "second": 49,
        "nano": 0
      }
    },
    "citySender": "Гуляйполе",
    "cityRecipient": "Болгарка"
  },
  {
    "number": 59000455553604,
    "dateTime": {
      "date": {
        "year": 2019,
        "month": 10,
        "day": 17
      },
      "time": {
        "hour": 10,
        "minute": 48,
        "second": 26,
        "nano": 0
      }
    },
    "citySender": "Кривий Ріг",
    "cityRecipient": "Одеса"
  },
  {
    "number": 59000455553605,
    "dateTime": {
      "date": {
        "year": 2019,
        "month": 10,
        "day": 17
      },
      "time": {
        "hour": 10,
        "minute": 46,
        "second": 37,
        "nano": 0
      }
    },
    "citySender": "Вишгород",
    "cityRecipient": "Вишневе"
  },
  {
    "number": 59000455553606,
    "dateTime": {
      "date": {
        "year": 2019,
        "month": 10,
        "day": 17
      },
      "time": {
        "hour": 10,
        "minute": 47,
        "second": 17,
        "nano": 0
      }
    },
    "citySender": "Калинівка(Васильківський р-н.)",
    "cityRecipient": "Красилівка (Броварський р-н)"
  },
  {
    "number": 59000455553607,
    "dateTime": {
      "date": {
        "year": 2019,
        "month": 10,
        "day": 17
      },
      "time": {
        "hour": 10,
        "minute": 48,
        "second": 16,
        "nano": 0
      }
    },
    "citySender": "Харків",
    "cityRecipient": "Кропивницький"
  },
  {
    "number": 59000455553608,
    "dateTime": {
      "date": {
        "year": 2019,
        "month": 10,
        "day": 17
      },
      "time": {
        "hour": 10,
        "minute": 48,
        "second": 25,
        "nano": 0
      }
    },
    "citySender": "Ковель",
    "cityRecipient": "Комишуваха"
  },
  {
    "number": 59000455553609,
    "dateTime": {
      "date": {
        "year": 2019,
        "month": 10,
        "day": 17
      },
      "time": {
        "hour": 10,
        "minute": 48,
        "second": 13,
        "nano": 0
      }
    },
    "citySender": "Радивилів",
    "cityRecipient": "Вишневе"
  },
  {
    "number": 59000455553610,
    "dateTime": {
      "date": {
        "year": 2019,
        "month": 10,
        "day": 17
      },
      "time": {
        "hour": 10,
        "minute": 48,
        "second": 28,
        "nano": 0
      }
    },
    "citySender": "Дачне",
    "cityRecipient": "Київ"
  },
  {
    "number": 59000455553611,
    "dateTime": {
      "date": {
        "year": 2019,
        "month": 10,
        "day": 17
      },
      "time": {
        "hour": 10,
        "minute": 48,
        "second": 17,
        "nano": 0
      }
    },
    "citySender": "Гвардійське (Дніпропетровськ)",
    "cityRecipient": "Львів"
  },
  {
    "number": 59000455553612,
    "dateTime": {
      "date": {
        "year": 2019,
        "month": 10,
        "day": 17
      },
      "time": {
        "hour": 10,
        "minute": 48,
        "second": 13,
        "nano": 0
      }
    },
    "citySender": "Ірпінь",
    "cityRecipient": "Київ"
  },
  {
    "number": 59000455553613,
    "dateTime": {
      "date": {
        "year": 2019,
        "month": 10,
        "day": 17
      },
      "time": {
        "hour": 10,
        "minute": 48,
        "second": 20,
        "nano": 0
      }
    },
    "citySender": "Світловодськ",
    "cityRecipient": "Вінниця"
  },
  {
    "number": 59000455553614,
    "dateTime": {
      "date": {
        "year": 2019,
        "month": 10,
        "day": 17
      },
      "time": {
        "hour": 10,
        "minute": 48,
        "second": 15,
        "nano": 0
      }
    },
    "citySender": "Конотоп",
    "cityRecipient": "Кропивницький"
  },
  {
    "number": 59000455553615,
    "dateTime": {
      "date": {
        "year": 2019,
        "month": 10,
        "day": 17
      },
      "time": {
        "hour": 10,
        "minute": 47,
        "second": 29,
        "nano": 0
      }
    },
    "citySender": "Гайворон",
    "cityRecipient": "Одеса"
  },
  {
    "number": 59000455553616,
    "dateTime": {
      "date": {
        "year": 2019,
        "month": 10,
        "day": 17
      },
      "time": {
        "hour": 10,
        "minute": 48,
        "second": 10,
        "nano": 0
      }
    },
    "citySender": "Харків",
    "cityRecipient": "Варва"
  },
  {
    "number": 59000455553617,
    "dateTime": {
      "date": {
        "year": 2019,
        "month": 10,
        "day": 17
      },
      "time": {
        "hour": 10,
        "minute": 45,
        "second": 27,
        "nano": 0
      }
    },
    "citySender": "Кременчук",
    "cityRecipient": "Харків"
  },
  {
    "number": 59000455553618,
    "dateTime": {
      "date": {
        "year": 2019,
        "month": 10,
        "day": 17
      },
      "time": {
        "hour": 10,
        "minute": 47,
        "second": 49,
        "nano": 0
      }
    },
    "citySender": "Херсон",
    "cityRecipient": "Львів"
  },
  {
    "number": 59000455553619,
    "dateTime": {
      "date": {
        "year": 2019,
        "month": 10,
        "day": 17
      },
      "time": {
        "hour": 10,
        "minute": 48,
        "second": 23,
        "nano": 0
      }
    },
    "citySender": "Кропивницький",
    "cityRecipient": "Тишківка"
  },
  {
    "number": 59000455553620,
    "dateTime": {
      "date": {
        "year": 2019,
        "month": 10,
        "day": 17
      },
      "time": {
        "hour": 10,
        "minute": 48,
        "second": 29,
        "nano": 0
      }
    },
    "citySender": "Іванків(Бориспільський р-н)",
    "cityRecipient": "Харків"
  },
  {
    "number": 59000455553621,
    "dateTime": {
      "date": {
        "year": 2019,
        "month": 10,
        "day": 17
      },
      "time": {
        "hour": 10,
        "minute": 48,
        "second": 19,
        "nano": 0
      }
    },
    "citySender": "Дніпро",
    "cityRecipient": "Київ"
  },
  {
    "number": 59000455553622,
    "dateTime": {
      "date": {
        "year": 2019,
        "month": 10,
        "day": 17
      },
      "time": {
        "hour": 10,
        "minute": 48,
        "second": 5,
        "nano": 0
      }
    },
    "citySender": "Вознесенськ",
    "cityRecipient": "Коломия"
  },
  {
    "number": 59000455553623,
    "dateTime": {
      "date": {
        "year": 2019,
        "month": 10,
        "day": 17
      },
      "time": {
        "hour": 10,
        "minute": 48,
        "second": 17,
        "nano": 0
      }
    },
    "citySender": "Одеса",
    "cityRecipient": "Рівне"
  },
  {
    "number": 59000455553624,
    "dateTime": {
      "date": {
        "year": 2019,
        "month": 10,
        "day": 17
      },
      "time": {
        "hour": 10,
        "minute": 48,
        "second": 21,
        "nano": 0
      }
    },
    "citySender": "Ковель",
    "cityRecipient": "Більмак (Запорізька обл.)"
  },
  {
    "number": 59000455553625,
    "dateTime": {
      "date": {
        "year": 2019,
        "month": 10,
        "day": 17
      },
      "time": {
        "hour": 10,
        "minute": 48,
        "second": 27,
        "nano": 0
      }
    },
    "citySender": "Жидачів",
    "cityRecipient": "Бориспіль"
  },
  {
    "number": 59000455553626,
    "dateTime": {
      "date": {
        "year": 2019,
        "month": 10,
        "day": 17
      },
      "time": {
        "hour": 10,
        "minute": 48,
        "second": 14,
        "nano": 0
      }
    },
    "citySender": "Слов\u0027янськ",
    "cityRecipient": "Черкаси"
  },
  {
    "number": 59000455553627,
    "dateTime": {
      "date": {
        "year": 2019,
        "month": 10,
        "day": 17
      },
      "time": {
        "hour": 10,
        "minute": 47,
        "second": 41,
        "nano": 0
      }
    },
    "citySender": "Ралівка",
    "cityRecipient": "Чернівці"
  },
  {
    "number": 59000455553628,
    "dateTime": {
      "date": {
        "year": 2019,
        "month": 10,
        "day": 17
      },
      "time": {
        "hour": 10,
        "minute": 48,
        "second": 31,
        "nano": 0
      }
    },
    "citySender": "Біла Церква",
    "cityRecipient": "Київ"
  },
  {
    "number": 59000455553629,
    "dateTime": {
      "date": {
        "year": 2019,
        "month": 10,
        "day": 17
      },
      "time": {
        "hour": 10,
        "minute": 48,
        "second": 0,
        "nano": 0
      }
    },
    "citySender": "Харків",
    "cityRecipient": "Харків"
  },
  {
    "number": 59000455553631,
    "dateTime": {
      "date": {
        "year": 2019,
        "month": 10,
        "day": 17
      },
      "time": {
        "hour": 10,
        "minute": 48,
        "second": 32,
        "nano": 0
      }
    },
    "citySender": "Київ",
    "cityRecipient": "Одеса"
  },
  {
    "number": 59000455553632,
    "dateTime": {
      "date": {
        "year": 2019,
        "month": 10,
        "day": 17
      },
      "time": {
        "hour": 10,
        "minute": 48,
        "second": 3,
        "nano": 0
      }
    },
    "citySender": "Сокільники",
    "cityRecipient": "Київ"
  },
  {
    "number": 59000455553633,
    "dateTime": {
      "date": {
        "year": 2019,
        "month": 10,
        "day": 17
      },
      "time": {
        "hour": 10,
        "minute": 47,
        "second": 25,
        "nano": 0
      }
    },
    "citySender": "Житомир",
    "cityRecipient": "Київ"
  },
  {
    "number": 59000455553634,
    "dateTime": {
      "date": {
        "year": 2019,
        "month": 10,
        "day": 17
      },
      "time": {
        "hour": 10,
        "minute": 47,
        "second": 28,
        "nano": 0
      }
    },
    "citySender": "Миколаїв",
    "cityRecipient": "Козятин (місто, Вінницька обл.)"
  },
  {
    "number": 59000455553635,
    "dateTime": {
      "date": {
        "year": 2019,
        "month": 10,
        "day": 17
      },
      "time": {
        "hour": 10,
        "minute": 48,
        "second": 19,
        "nano": 0
      }
    },
    "citySender": "Миколаїв",
    "cityRecipient": "Київ"
  },
  {
    "number": 59000455553636,
    "dateTime": {
      "date": {
        "year": 2019,
        "month": 10,
        "day": 17
      },
      "time": {
        "hour": 10,
        "minute": 47,
        "second": 52,
        "nano": 0
      }
    },
    "citySender": "Краснокутськ",
    "cityRecipient": "Харків"
  },
  {
    "number": 59000455553637,
    "dateTime": {
      "date": {
        "year": 2019,
        "month": 10,
        "day": 17
      },
      "time": {
        "hour": 10,
        "minute": 48,
        "second": 24,
        "nano": 0
      }
    },
    "citySender": "Київ",
    "cityRecipient": "Київ"
  },
  {
    "number": 59000455553638,
    "dateTime": {
      "date": {
        "year": 2019,
        "month": 10,
        "day": 17
      },
      "time": {
        "hour": 10,
        "minute": 48,
        "second": 30,
        "nano": 0
      }
    },
    "citySender": "Полтава",
    "cityRecipient": "Харків"
  },
  {
    "number": 59000455553639,
    "dateTime": {
      "date": {
        "year": 2019,
        "month": 10,
        "day": 17
      },
      "time": {
        "hour": 10,
        "minute": 47,
        "second": 48,
        "nano": 0
      }
    },
    "citySender": "Київ",
    "cityRecipient": "Харків"
  },
  {
    "number": 59000455553640,
    "dateTime": {
      "date": {
        "year": 2019,
        "month": 10,
        "day": 17
      },
      "time": {
        "hour": 10,
        "minute": 47,
        "second": 48,
        "nano": 0
      }
    },
    "citySender": "Харків",
    "cityRecipient": "Білокуракине"
  },
  {
    "number": 59000455553641,
    "dateTime": {
      "date": {
        "year": 2019,
        "month": 10,
        "day": 17
      },
      "time": {
        "hour": 10,
        "minute": 47,
        "second": 52,
        "nano": 0
      }
    },
    "citySender": "Кропивницький",
    "cityRecipient": "Сєвєродонецьк"
  },
  {
    "number": 59000455553642,
    "dateTime": {
      "date": {
        "year": 2019,
        "month": 10,
        "day": 17
      },
      "time": {
        "hour": 10,
        "minute": 48,
        "second": 28,
        "nano": 0
      }
    },
    "citySender": "Бровари",
    "cityRecipient": "Олександрія (м.Кіровогр.обл.райц)"
  },
  {
    "number": 59000455553643,
    "dateTime": {
      "date": {
        "year": 2019,
        "month": 10,
        "day": 17
      },
      "time": {
        "hour": 10,
        "minute": 48,
        "second": 33,
        "nano": 0
      }
    },
    "citySender": "Дніпро",
    "cityRecipient": "Дніпро"
  },
  {
    "number": 59000455553644,
    "dateTime": {
      "date": {
        "year": 2019,
        "month": 10,
        "day": 17
      },
      "time": {
        "hour": 10,
        "minute": 48,
        "second": 34,
        "nano": 0
      }
    },
    "citySender": "Одеса",
    "cityRecipient": "Луцьк"
  },
  {
    "number": 59000455553645,
    "dateTime": {
      "date": {
        "year": 2019,
        "month": 10,
        "day": 17
      },
      "time": {
        "hour": 10,
        "minute": 48,
        "second": 34,
        "nano": 0
      }
    },
    "citySender": "Харків",
    "cityRecipient": "Київ"
  },
  {
    "number": 59000455553646,
    "dateTime": {
      "date": {
        "year": 2019,
        "month": 10,
        "day": 17
      },
      "time": {
        "hour": 10,
        "minute": 48,
        "second": 34,
        "nano": 0
      }
    },
    "citySender": "Надвірна",
    "cityRecipient": "Київ"
  },
  {
    "number": 59000455553647,
    "dateTime": {
      "date": {
        "year": 2019,
        "month": 10,
        "day": 17
      },
      "time": {
        "hour": 10,
        "minute": 46,
        "second": 21,
        "nano": 0
      }
    },
    "citySender": "Харків",
    "cityRecipient": "Ізюм"
  },
  {
    "number": 59000455553648,
    "dateTime": {
      "date": {
        "year": 2019,
        "month": 10,
        "day": 17
      },
      "time": {
        "hour": 10,
        "minute": 48,
        "second": 5,
        "nano": 0
      }
    },
    "citySender": "Київ",
    "cityRecipient": "Ковель"
  },
  {
    "number": 59000455553649,
    "dateTime": {
      "date": {
        "year": 2019,
        "month": 10,
        "day": 17
      },
      "time": {
        "hour": 10,
        "minute": 48,
        "second": 35,
        "nano": 0
      }
    },
    "citySender": "Отинія",
    "cityRecipient": "Хмельницький"
  },
  {
    "number": 59000455553650,
    "dateTime": {
      "date": {
        "year": 2019,
        "month": 10,
        "day": 17
      },
      "time": {
        "hour": 10,
        "minute": 48,
        "second": 35,
        "nano": 0
      }
    },
    "citySender": "Хмельницький",
    "cityRecipient": "Лебедин (Сумська обл.)"
  },
  {
    "number": 59000455553651,
    "dateTime": {
      "date": {
        "year": 2019,
        "month": 10,
        "day": 17
      },
      "time": {
        "hour": 10,
        "minute": 48,
        "second": 22,
        "nano": 0
      }
    },
    "citySender": "Київ",
    "cityRecipient": "Київ"
  },
  {
    "number": 59000455553652,
    "dateTime": {
      "date": {
        "year": 2019,
        "month": 10,
        "day": 17
      },
      "time": {
        "hour": 10,
        "minute": 47,
        "second": 54,
        "nano": 0
      }
    },
    "citySender": "Новогродівка",
    "cityRecipient": "Харків"
  },
  {
    "number": 59000455553653,
    "dateTime": {
      "date": {
        "year": 2019,
        "month": 10,
        "day": 17
      },
      "time": {
        "hour": 10,
        "minute": 48,
        "second": 10,
        "nano": 0
      }
    },
    "citySender": "Нові Санжари",
    "cityRecipient": "Канів"
  },
  {
    "number": 59000455553654,
    "dateTime": {
      "date": {
        "year": 2019,
        "month": 10,
        "day": 17
      },
      "time": {
        "hour": 10,
        "minute": 48,
        "second": 14,
        "nano": 0
      }
    },
    "citySender": "Рогатин",
    "cityRecipient": "Кривий Ріг"
  },
  {
    "number": 59000455553655,
    "dateTime": {
      "date": {
        "year": 2019,
        "month": 10,
        "day": 17
      },
      "time": {
        "hour": 10,
        "minute": 48,
        "second": 35,
        "nano": 0
      }
    },
    "citySender": "Київ",
    "cityRecipient": "Київ"
  },
  {
    "number": 59000455553656,
    "dateTime": {
      "date": {
        "year": 2019,
        "month": 10,
        "day": 17
      },
      "time": {
        "hour": 10,
        "minute": 48,
        "second": 22,
        "nano": 0
      }
    },
    "citySender": "Сарни",
    "cityRecipient": "Селещина"
  },
  {
    "number": 59000455553657,
    "dateTime": {
      "date": {
        "year": 2019,
        "month": 10,
        "day": 17
      },
      "time": {
        "hour": 10,
        "minute": 48,
        "second": 31,
        "nano": 0
      }
    },
    "citySender": "Здолбунів",
    "cityRecipient": "Обухів"
  },
  {
    "number": 59000455553658,
    "dateTime": {
      "date": {
        "year": 2019,
        "month": 10,
        "day": 17
      },
      "time": {
        "hour": 10,
        "minute": 48,
        "second": 35,
        "nano": 0
      }
    },
    "citySender": "Опитне (Бахмутський р-н)",
    "cityRecipient": "Дніпро"
  },
  {
    "number": 59000455553659,
    "dateTime": {
      "date": {
        "year": 2019,
        "month": 10,
        "day": 17
      },
      "time": {
        "hour": 10,
        "minute": 48,
        "second": 17,
        "nano": 0
      }
    },
    "citySender": "Почаїв",
    "cityRecipient": "Любешів"
  },
  {
    "number": 59000455553660,
    "dateTime": {
      "date": {
        "year": 2019,
        "month": 10,
        "day": 17
      },
      "time": {
        "hour": 10,
        "minute": 48,
        "second": 31,
        "nano": 0
      }
    },
    "citySender": "Київ",
    "cityRecipient": "Дніпро"
  },
  {
    "number": 59000455553661,
    "dateTime": {
      "date": {
        "year": 2019,
        "month": 10,
        "day": 17
      },
      "time": {
        "hour": 10,
        "minute": 48,
        "second": 14,
        "nano": 0
      }
    },
    "citySender": "Тернопіль",
    "cityRecipient": "Хуст"
  },
  {
    "number": 59000455553662,
    "dateTime": {
      "date": {
        "year": 2019,
        "month": 10,
        "day": 17
      },
      "time": {
        "hour": 10,
        "minute": 48,
        "second": 37,
        "nano": 0
      }
    },
    "citySender": "Дніпро",
    "cityRecipient": "Херсон"
  },
  {
    "number": 59000455553663,
    "dateTime": {
      "date": {
        "year": 2019,
        "month": 10,
        "day": 17
      },
      "time": {
        "hour": 10,
        "minute": 48,
        "second": 37,
        "nano": 0
      }
    },
    "citySender": "Тетіїв",
    "cityRecipient": "Київ"
  },
  {
    "number": 59000455553664,
    "dateTime": {
      "date": {
        "year": 2019,
        "month": 10,
        "day": 17
      },
      "time": {
        "hour": 10,
        "minute": 48,
        "second": 38,
        "nano": 0
      }
    },
    "citySender": "Врадіївка",
    "cityRecipient": "Авангард"
  },
  {
    "number": 59000455553665,
    "dateTime": {
      "date": {
        "year": 2019,
        "month": 10,
        "day": 17
      },
      "time": {
        "hour": 10,
        "minute": 48,
        "second": 6,
        "nano": 0
      }
    },
    "citySender": "Рубіжне",
    "cityRecipient": "Миколаїв"
  },
  {
    "number": 59000455553666,
    "dateTime": {
      "date": {
        "year": 2019,
        "month": 10,
        "day": 17
      },
      "time": {
        "hour": 10,
        "minute": 48,
        "second": 26,
        "nano": 0
      }
    },
    "citySender": "Луцьк",
    "cityRecipient": "Львів"
  },
  {
    "number": 59000455553667,
    "dateTime": {
      "date": {
        "year": 2019,
        "month": 10,
        "day": 17
      },
      "time": {
        "hour": 10,
        "minute": 48,
        "second": 37,
        "nano": 0
      }
    },
    "citySender": "Київ",
    "cityRecipient": "Люботин"
  },
  {
    "number": 59000455553668,
    "dateTime": {
      "date": {
        "year": 2019,
        "month": 10,
        "day": 17
      },
      "time": {
        "hour": 10,
        "minute": 48,
        "second": 38,
        "nano": 0
      }
    },
    "citySender": "Дніпро",
    "cityRecipient": "Полтава"
  },
  {
    "number": 59000455553669,
    "dateTime": {
      "date": {
        "year": 2019,
        "month": 10,
        "day": 17
      },
      "time": {
        "hour": 10,
        "minute": 47,
        "second": 25,
        "nano": 0
      }
    },
    "citySender": "Онуфріївка",
    "cityRecipient": "Миргород"
  },
  {
    "number": 59000455553670,
    "dateTime": {
      "date": {
        "year": 2019,
        "month": 10,
        "day": 17
      },
      "time": {
        "hour": 10,
        "minute": 48,
        "second": 11,
        "nano": 0
      }
    },
    "citySender": "Кривий Ріг",
    "cityRecipient": "Мелітополь"
  },
  {
    "number": 59000455553671,
    "dateTime": {
      "date": {
        "year": 2019,
        "month": 10,
        "day": 17
      },
      "time": {
        "hour": 10,
        "minute": 48,
        "second": 23,
        "nano": 0
      }
    },
    "citySender": "Первомайськ(Микол.обл.Первомайс.р-н)",
    "cityRecipient": "Голованівськ"
  },
  {
    "number": 59000455553673,
    "dateTime": {
      "date": {
        "year": 2019,
        "month": 10,
        "day": 17
      },
      "time": {
        "hour": 10,
        "minute": 48,
        "second": 39,
        "nano": 0
      }
    },
    "citySender": "Косів",
    "cityRecipient": "Херсон"
  },
  {
    "number": 59000455553674,
    "dateTime": {
      "date": {
        "year": 2019,
        "month": 10,
        "day": 17
      },
      "time": {
        "hour": 10,
        "minute": 48,
        "second": 28,
        "nano": 0
      }
    },
    "citySender": "Калинівка (Вінницька обл., Калинівський р-н)",
    "cityRecipient": "Київ"
  },
  {
    "number": 59000455553675,
    "dateTime": {
      "date": {
        "year": 2019,
        "month": 10,
        "day": 17
      },
      "time": {
        "hour": 10,
        "minute": 48,
        "second": 39,
        "nano": 0
      }
    },
    "citySender": "Бориспіль",
    "cityRecipient": "Дніпро"
  }
]