[
  {
    "number": 59000455516395,
    "dateTime": {
      "date": {
        "year": 2019,
        "month": 10,
        "day": 17
      },
      "time": {
        "hour": 8,
        "minute": 41,
        "second": 14,
        "nano": 0
      }
    },
    "citySender": "Київ",
    "cityRecipient": "Київ"
  },
  {
    "number": 59000455516396,
    "dateTime": {
      "date": {
        "year": 2019,
        "month": 10,
        "day": 17
      },
      "time": {
        "hour": 8,
        "minute": 41,
        "second": 9,
        "nano": 0
      }
    },
    "citySender": "Дніпро",
    "cityRecipient": "Одеса"
  },
  {
    "number": 59000455516397,
    "dateTime": {
      "date": {
        "year": 2019,
        "month": 10,
        "day": 17
      },
      "time": {
        "hour": 8,
        "minute": 41,
        "second": 30,
        "nano": 0
      }
    },
    "citySender": "Фастів",
    "cityRecipient": "Київ"
  },
  {
    "number": 59000455516398,
    "dateTime": {
      "date": {
        "year": 2019,
        "month": 10,
        "day": 17
      },
      "time": {
        "hour": 8,
        "minute": 41,
        "second": 30,
        "nano": 0
      }
    },
    "citySender": "Харків",
    "cityRecipient": "Харків"
  },
  {
    "number": 59000455516399,
    "dateTime": {
      "date": {
        "year": 2019,
        "month": 10,
        "day": 17
      },
      "time": {
        "hour": 8,
        "minute": 41,
        "second": 32,
        "nano": 0
      }
    },
    "citySender": "Остер",
    "cityRecipient": "Стецьківка"
  },
  {
    "number": 59000455516400,
    "dateTime": {
      "date": {
        "year": 2019,
        "month": 10,
        "day": 17
      },
      "time": {
        "hour": 8,
        "minute": 41,
        "second": 32,
        "nano": 0
      }
    },
    "citySender": "Львів",
    "cityRecipient": "Авангард"
  },
  {
    "number": 59000455516401,
    "dateTime": {
      "date": {
        "year": 2019,
        "month": 10,
        "day": 17
      },
      "time": {
        "hour": 8,
        "minute": 41,
        "second": 8,
        "nano": 0
      }
    },
    "citySender": "Харків",
    "cityRecipient": "Львів"
  },
  {
    "number": 59000455516402,
    "dateTime": {
      "date": {
        "year": 2019,
        "month": 10,
        "day": 17
      },
      "time": {
        "hour": 8,
        "minute": 41,
        "second": 10,
        "nano": 0
      }
    },
    "citySender": "Врадіївка",
    "cityRecipient": "Одеса"
  },
  {
    "number": 59000455516403,
    "dateTime": {
      "date": {
        "year": 2019,
        "month": 10,
        "day": 17
      },
      "time": {
        "hour": 8,
        "minute": 41,
        "second": 33,
        "nano": 0
      }
    },
    "citySender": "Скадовськ",
    "cityRecipient": "Одеса"
  },
  {
    "number": 59000455516404,
    "dateTime": {
      "date": {
        "year": 2019,
        "month": 10,
        "day": 17
      },
      "time": {
        "hour": 8,
        "minute": 41,
        "second": 33,
        "nano": 0
      }
    },
    "citySender": "Южноукраїнськ",
    "cityRecipient": "Дніпро"
  },
  {
    "number": 59000455516405,
    "dateTime": {
      "date": {
        "year": 2019,
        "month": 10,
        "day": 17
      },
      "time": {
        "hour": 8,
        "minute": 41,
        "second": 15,
        "nano": 0
      }
    },
    "citySender": "Дніпро",
    "cityRecipient": "Харків"
  },
  {
    "number": 59000455516406,
    "dateTime": {
      "date": {
        "year": 2019,
        "month": 10,
        "day": 17
      },
      "time": {
        "hour": 8,
        "minute": 41,
        "second": 12,
        "nano": 0
      }
    },
    "citySender": "Харків",
    "cityRecipient": "Дніпро"
  },
  {
    "number": 59000455516407,
    "dateTime": {
      "date": {
        "year": 2019,
        "month": 10,
        "day": 17
      },
      "time": {
        "hour": 8,
        "minute": 41,
        "second": 21,
        "nano": 0
      }
    },
    "citySender": "Хмільник (Вінницька обл.)",
    "cityRecipient": "Глухів (Сумська обл.)"
  },
  {
    "number": 59000455516408,
    "dateTime": {
      "date": {
        "year": 2019,
        "month": 10,
        "day": 17
      },
      "time": {
        "hour": 8,
        "minute": 41,
        "second": 3,
        "nano": 0
      }
    },
    "citySender": "Дніпро",
    "cityRecipient": "Дніпро"
  },
  {
    "number": 59000455516409,
    "dateTime": {
      "date": {
        "year": 2019,
        "month": 10,
        "day": 17
      },
      "time": {
        "hour": 8,
        "minute": 41,
        "second": 36,
        "nano": 0
      }
    },
    "citySender": "Львів",
    "cityRecipient": "Харків"
  },
  {
    "number": 59000455516410,
    "dateTime": {
      "date": {
        "year": 2019,
        "month": 10,
        "day": 17
      },
      "time": {
        "hour": 8,
        "minute": 41,
        "second": 22,
        "nano": 0
      }
    },
    "citySender": "Київ",
    "cityRecipient": "Суми"
  },
  {
    "number": 59000455516411,
    "dateTime": {
      "date": {
        "year": 2019,
        "month": 10,
        "day": 17
      },
      "time": {
        "hour": 8,
        "minute": 41,
        "second": 12,
        "nano": 0
      }
    },
    "citySender": "Краматорськ",
    "cityRecipient": "Шпитьки"
  },
  {
    "number": 59000455516412,
    "dateTime": {
      "date": {
        "year": 2019,
        "month": 10,
        "day": 17
      },
      "time": {
        "hour": 8,
        "minute": 41,
        "second": 25,
        "nano": 0
      }
    },
    "citySender": "Кролевець",
    "cityRecipient": "Суми"
  },
  {
    "number": 59000455516413,
    "dateTime": {
      "date": {
        "year": 2019,
        "month": 10,
        "day": 17
      },
      "time": {
        "hour": 8,
        "minute": 41,
        "second": 28,
        "nano": 0
      }
    },
    "citySender": "Харків",
    "cityRecipient": "Миколаїв"
  },
  {
    "number": 59000455516414,
    "dateTime": {
      "date": {
        "year": 2019,
        "month": 10,
        "day": 17
      },
      "time": {
        "hour": 8,
        "minute": 41,
        "second": 38,
        "nano": 0
      }
    },
    "citySender": "Київ",
    "cityRecipient": "Одеса"
  },
  {
    "number": 59000455516415,
    "dateTime": {
      "date": {
        "year": 2019,
        "month": 10,
        "day": 17
      },
      "time": {
        "hour": 8,
        "minute": 41,
        "second": 22,
        "nano": 0
      }
    },
    "citySender": "Дніпро",
    "cityRecipient": "Станиця Луганська"
  },
  {
    "number": 59000455516416,
    "dateTime": {
      "date": {
        "year": 2019,
        "month": 10,
        "day": 17
      },
      "time": {
        "hour": 8,
        "minute": 41,
        "second": 29,
        "nano": 0
      }
    },
    "citySender": "Київ",
    "cityRecipient": "Чернівці"
  },
  {
    "number": 59000455516417,
    "dateTime": {
      "date": {
        "year": 2019,
        "month": 10,
        "day": 17
      },
      "time": {
        "hour": 8,
        "minute": 41,
        "second": 34,
        "nano": 0
      }
    },
    "citySender": "Київ",
    "cityRecipient": "Київ"
  },
  {
    "number": 59000455516418,
    "dateTime": {
      "date": {
        "year": 2019,
        "month": 10,
        "day": 17
      },
      "time": {
        "hour": 8,
        "minute": 41,
        "second": 34,
        "nano": 0
      }
    },
    "citySender": "Львів",
    "cityRecipient": "Львів"
  },
  {
    "number": 59000455516419,
    "dateTime": {
      "date": {
        "year": 2019,
        "month": 10,
        "day": 17
      },
      "time": {
        "hour": 8,
        "minute": 41,
        "second": 22,
        "nano": 0
      }
    },
    "citySender": "Кагарлик",
    "cityRecipient": "Біла Церква"
  },
  {
    "number": 59000455516420,
    "dateTime": {
      "date": {
        "year": 2019,
        "month": 10,
        "day": 17
      },
      "time": {
        "hour": 8,
        "minute": 40,
        "second": 59,
        "nano": 0
      }
    },
    "citySender": "Чорнухи (Полтавська обл.)",
    "cityRecipient": "Світловодськ"
  },
  {
    "number": 59000455516421,
    "dateTime": {
      "date": {
        "year": 2019,
        "month": 10,
        "day": 17
      },
      "time": {
        "hour": 8,
        "minute": 41,
        "second": 17,
        "nano": 0
      }
    },
    "citySender": "Чигирин",
    "cityRecipient": "Київ"
  },
  {
    "number": 59000455516422,
    "dateTime": {
      "date": {
        "year": 2019,
        "month": 10,
        "day": 17
      },
      "time": {
        "hour": 8,
        "minute": 40,
        "second": 49,
        "nano": 0
      }
    },
    "citySender": "Нижні Сірогози",
    "cityRecipient": "Харків"
  },
  {
    "number": 59000455516424,
    "dateTime": {
      "date": {
        "year": 2019,
        "month": 10,
        "day": 17
      },
      "time": {
        "hour": 8,
        "minute": 41,
        "second": 41,
        "nano": 0
      }
    },
    "citySender": "Васильків",
    "cityRecipient": "Полігон"
  },
  {
    "number": 59000455516425,
    "dateTime": {
      "date": {
        "year": 2019,
        "month": 10,
        "day": 17
      },
      "time": {
        "hour": 8,
        "minute": 41,
        "second": 14,
        "nano": 0
      }
    },
    "citySender": "Дніпро",
    "cityRecipient": "Васильків"
  },
  {
    "number": 59000455516426,
    "dateTime": {
      "date": {
        "year": 2019,
        "month": 10,
        "day": 17
      },
      "time": {
        "hour": 8,
        "minute": 41,
        "second": 14,
        "nano": 0
      }
    },
    "citySender": "Дніпро",
    "cityRecipient": "Київ"
  },
  {
    "number": 59000455516427,
    "dateTime": {
      "date": {
        "year": 2019,
        "month": 10,
        "day": 17
      },
      "time": {
        "hour": 8,
        "minute": 41,
        "second": 35,
        "nano": 0
      }
    },
    "citySender": "Арциз",
    "cityRecipient": "Арциз"
  },
  {
    "number": 59000455516428,
    "dateTime": {
      "date": {
        "year": 2019,
        "month": 10,
        "day": 17
      },
      "time": {
        "hour": 8,
        "minute": 41,
        "second": 44,
        "nano": 0
      }
    },
    "citySender": "Боярка",
    "cityRecipient": "Одеса"
  },
  {
    "number": 59000455516429,
    "dateTime": {
      "date": {
        "year": 2019,
        "month": 10,
        "day": 17
      },
      "time": {
        "hour": 8,
        "minute": 41,
        "second": 38,
        "nano": 0
      }
    },
    "citySender": "Літин",
    "cityRecipient": "Біла Церква"
  },
  {
    "number": 59000455516431,
    "dateTime": {
      "date": {
        "year": 2019,
        "month": 10,
        "day": 17
      },
      "time": {
        "hour": 8,
        "minute": 41,
        "second": 38,
        "nano": 0
      }
    },
    "citySender": "Київ",
    "cityRecipient": "Тарасівці"
  },
  {
    "number": 59000455516432,
    "dateTime": {
      "date": {
        "year": 2019,
        "month": 10,
        "day": 17
      },
      "time": {
        "hour": 8,
        "minute": 41,
        "second": 48,
        "nano": 0
      }
    },
    "citySender": "Київ",
    "cityRecipient": "Рівне"
  },
  {
    "number": 59000455516433,
    "dateTime": {
      "date": {
        "year": 2019,
        "month": 10,
        "day": 17
      },
      "time": {
        "hour": 8,
        "minute": 41,
        "second": 47,
        "nano": 0
      }
    },
    "citySender": "Верхівцеве",
    "cityRecipient": "Гайсин"
  },
  {
    "number": 59000455516434,
    "dateTime": {
      "date": {
        "year": 2019,
        "month": 10,
        "day": 17
      },
      "time": {
        "hour": 8,
        "minute": 41,
        "second": 50,
        "nano": 0
      }
    },
    "citySender": "Остер",
    "cityRecipient": "Тернопіль"
  },
  {
    "number": 59000455516435,
    "dateTime": {
      "date": {
        "year": 2019,
        "month": 10,
        "day": 17
      },
      "time": {
        "hour": 8,
        "minute": 41,
        "second": 32,
        "nano": 0
      }
    },
    "citySender": "Недригайлів (Сумська обл.)",
    "cityRecipient": "Харків"
  },
  {
    "number": 59000455516436,
    "dateTime": {
      "date": {
        "year": 2019,
        "month": 10,
        "day": 17
      },
      "time": {
        "hour": 8,
        "minute": 41,
        "second": 37,
        "nano": 0
      }
    },
    "citySender": "Райське(Херсонська обл.)",
    "cityRecipient": "Київ"
  },
  {
    "number": 59000455516437,
    "dateTime": {
      "date": {
        "year": 2019,
        "month": 10,
        "day": 17
      },
      "time": {
        "hour": 8,
        "minute": 41,
        "second": 13,
        "nano": 0
      }
    },
    "citySender": "Рожнятів",
    "cityRecipient": "Львів"
  },
  {
    "number": 59000455516438,
    "dateTime": {
      "date": {
        "year": 2019,
        "month": 10,
        "day": 17
      },
      "time": {
        "hour": 8,
        "minute": 41,
        "second": 42,
        "nano": 0
      }
    },
    "citySender": "Жидачів",
    "cityRecipient": "Харків"
  },
  {
    "number": 59000455516439,
    "dateTime": {
      "date": {
        "year": 2019,
        "month": 10,
        "day": 17
      },
      "time": {
        "hour": 8,
        "minute": 41,
        "second": 48,
        "nano": 0
      }
    },
    "citySender": "Київ",
    "cityRecipient": "Київ"
  },
  {
    "number": 59000455516440,
    "dateTime": {
      "date": {
        "year": 2019,
        "month": 10,
        "day": 17
      },
      "time": {
        "hour": 8,
        "minute": 41,
        "second": 39,
        "nano": 0
      }
    },
    "citySender": "Харків",
    "cityRecipient": "Олевськ"
  },
  {
    "number": 59000455516441,
    "dateTime": {
      "date": {
        "year": 2019,
        "month": 10,
        "day": 17
      },
      "time": {
        "hour": 8,
        "minute": 41,
        "second": 15,
        "nano": 0
      }
    },
    "citySender": "Бершадь",
    "cityRecipient": "Верховина"
  },
  {
    "number": 59000455516442,
    "dateTime": {
      "date": {
        "year": 2019,
        "month": 10,
        "day": 17
      },
      "time": {
        "hour": 8,
        "minute": 41,
        "second": 56,
        "nano": 0
      }
    },
    "citySender": "Львів",
    "cityRecipient": "Київ"
  },
  {
    "number": 59000455516443,
    "dateTime": {
      "date": {
        "year": 2019,
        "month": 10,
        "day": 17
      },
      "time": {
        "hour": 8,
        "minute": 41,
        "second": 58,
        "nano": 0
      }
    },
    "citySender": "Рожнятів",
    "cityRecipient": "Харків"
  },
  {
    "number": 59000455516444,
    "dateTime": {
      "date": {
        "year": 2019,
        "month": 10,
        "day": 17
      },
      "time": {
        "hour": 8,
        "minute": 41,
        "second": 34,
        "nano": 0
      }
    },
    "citySender": "Київ",
    "cityRecipient": "Київ"
  },
  {
    "number": 59000455516445,
    "dateTime": {
      "date": {
        "year": 2019,
        "month": 10,
        "day": 17
      },
      "time": {
        "hour": 8,
        "minute": 41,
        "second": 46,
        "nano": 0
      }
    },
    "citySender": "Дніпро",
    "cityRecipient": "Калинівка(Васильківський р-н.)"
  },
  {
    "number": 59000455516446,
    "dateTime": {
      "date": {
        "year": 2019,
        "month": 10,
        "day": 17
      },
      "time": {
        "hour": 8,
        "minute": 41,
        "second": 59,
        "nano": 0
      }
    },
    "citySender": "Козельщина",
    "cityRecipient": "Ірпінь"
  },
  {
    "number": 59000455516447,
    "dateTime": {
      "date": {
        "year": 2019,
        "month": 10,
        "day": 17
      },
      "time": {
        "hour": 8,
        "minute": 41,
        "second": 59,
        "nano": 0
      }
    },
    "citySender": "Ірпінь",
    "cityRecipient": "Кривий Ріг"
  },
  {
    "number": 59000455516448,
    "dateTime": {
      "date": {
        "year": 2019,
        "month": 10,
        "day": 17
      },
      "time": {
        "hour": 8,
        "minute": 41,
        "second": 42,
        "nano": 0
      }
    },
    "citySender": "Львів",
    "cityRecipient": "Бібрка"
  },
  {
    "number": 59000455516449,
    "dateTime": {
      "date": {
        "year": 2019,
        "month": 10,
        "day": 17
      },
      "time": {
        "hour": 8,
        "minute": 41,
        "second": 41,
        "nano": 0
      }
    },
    "citySender": "Долина",
    "cityRecipient": "Тлумач"
  },
  {
    "number": 59000455516450,
    "dateTime": {
      "date": {
        "year": 2019,
        "month": 10,
        "day": 17
      },
      "time": {
        "hour": 8,
        "minute": 41,
        "second": 30,
        "nano": 0
      }
    },
    "citySender": "Мар\u0027їнка",
    "cityRecipient": "Краматорськ"
  },
  {
    "number": 59000455516451,
    "dateTime": {
      "date": {
        "year": 2019,
        "month": 10,
        "day": 17
      },
      "time": {
        "hour": 8,
        "minute": 41,
        "second": 58,
        "nano": 0
      }
    },
    "citySender": "Київ",
    "cityRecipient": "Київ"
  },
  {
    "number": 59000455516452,
    "dateTime": {
      "date": {
        "year": 2019,
        "month": 10,
        "day": 17
      },
      "time": {
        "hour": 8,
        "minute": 41,
        "second": 19,
        "nano": 0
      }
    },
    "citySender": "Новгород-Сіверський",
    "cityRecipient": "Хмельницький"
  },
  {
    "number": 59000455516453,
    "dateTime": {
      "date": {
        "year": 2019,
        "month": 10,
        "day": 17
      },
      "time": {
        "hour": 8,
        "minute": 42,
        "second": 4,
        "nano": 0
      }
    },
    "citySender": "Скадовськ",
    "cityRecipient": "Київ"
  },
  {
    "number": 59000455516454,
    "dateTime": {
      "date": {
        "year": 2019,
        "month": 10,
        "day": 17
      },
      "time": {
        "hour": 8,
        "minute": 40,
        "second": 51,
        "nano": 0
      }
    },
    "citySender": "Київ",
    "cityRecipient": "Маріуполь"
  },
  {
    "number": 59000455516455,
    "dateTime": {
      "date": {
        "year": 2019,
        "month": 10,
        "day": 17
      },
      "time": {
        "hour": 8,
        "minute": 41,
        "second": 20,
        "nano": 0
      }
    },
    "citySender": "Київ",
    "cityRecipient": "Сарни"
  },
  {
    "number": 59000455516456,
    "dateTime": {
      "date": {
        "year": 2019,
        "month": 10,
        "day": 17
      },
      "time": {
        "hour": 8,
        "minute": 42,
        "second": 6,
        "nano": 0
      }
    },
    "citySender": "Васильків",
    "cityRecipient": "Чернівці"
  },
  {
    "number": 59000455516457,
    "dateTime": {
      "date": {
        "year": 2019,
        "month": 10,
        "day": 17
      },
      "time": {
        "hour": 8,
        "minute": 42,
        "second": 7,
        "nano": 0
      }
    },
    "citySender": "Львів",
    "cityRecipient": "Київ"
  },
  {
    "number": 59000455516458,
    "dateTime": {
      "date": {
        "year": 2019,
        "month": 10,
        "day": 17
      },
      "time": {
        "hour": 8,
        "minute": 42,
        "second": 5,
        "nano": 0
      }
    },
    "citySender": "Вижниця",
    "cityRecipient": "Харків"
  },
  {
    "number": 59000455516459,
    "dateTime": {
      "date": {
        "year": 2019,
        "month": 10,
        "day": 17
      },
      "time": {
        "hour": 8,
        "minute": 41,
        "second": 44,
        "nano": 0
      }
    },
    "citySender": "Харків",
    "cityRecipient": "Дніпро"
  },
  {
    "number": 59000455516461,
    "dateTime": {
      "date": {
        "year": 2019,
        "month": 10,
        "day": 17
      },
      "time": {
        "hour": 8,
        "minute": 42,
        "second": 4,
        "nano": 0
      }
    },
    "citySender": "Фастів",
    "cityRecipient": "Мала Олександрівка"
  },
  {
    "number": 59000455516462,
    "dateTime": {
      "date": {
        "year": 2019,
        "month": 10,
        "day": 17
      },
      "time": {
        "hour": 8,
        "minute": 42,
        "second": 0,
        "nano": 0
      }
    },
    "citySender": "Харків",
    "cityRecipient": "Житомир"
  },
  {
    "number": 59000455516463,
    "dateTime": {
      "date": {
        "year": 2019,
        "month": 10,
        "day": 17
      },
      "time": {
        "hour": 8,
        "minute": 42,
        "second": 2,
        "nano": 0
      }
    },
    "citySender": "Київ",
    "cityRecipient": "Київ"
  },
  {
    "number": 59000455516464,
    "dateTime": {
      "date": {
        "year": 2019,
        "month": 10,
        "day": 17
      },
      "time": {
        "hour": 8,
        "minute": 41,
        "second": 24,
        "nano": 0
      }
    },
    "citySender": "Мала Виска",
    "cityRecipient": "Київ"
  },
  {
    "number": 59000455516465,
    "dateTime": {
      "date": {
        "year": 2019,
        "month": 10,
        "day": 17
      },
      "time": {
        "hour": 8,
        "minute": 42,
        "second": 9,
        "nano": 0
      }
    },
    "citySender": "Кілія",
    "cityRecipient": "Кропивницький"
  },
  {
    "number": 59000455516466,
    "dateTime": {
      "date": {
        "year": 2019,
        "month": 10,
        "day": 17
      },
      "time": {
        "hour": 8,
        "minute": 41,
        "second": 56,
        "nano": 0
      }
    },
    "citySender": "Харків",
    "cityRecipient": "Миколаїв"
  },
  {
    "number": 59000455516467,
    "dateTime": {
      "date": {
        "year": 2019,
        "month": 10,
        "day": 17
      },
      "time": {
        "hour": 8,
        "minute": 42,
        "second": 11,
        "nano": 0
      }
    },
    "citySender": "Львів",
    "cityRecipient": "Одеса"
  },
  {
    "number": 59000455516468,
    "dateTime": {
      "date": {
        "year": 2019,
        "month": 10,
        "day": 17
      },
      "time": {
        "hour": 8,
        "minute": 41,
        "second": 41,
        "nano": 0
      }
    },
    "citySender": "Шпола",
    "cityRecipient": "Вишеньки"
  },
  {
    "number": 59000455516469,
    "dateTime": {
      "date": {
        "year": 2019,
        "month": 10,
        "day": 17
      },
      "time": {
        "hour": 8,
        "minute": 42,
        "second": 11,
        "nano": 0
      }
    },
    "citySender": "Світлодарськ",
    "cityRecipient": "Київ"
  },
  {
    "number": 59000455516470,
    "dateTime": {
      "date": {
        "year": 2019,
        "month": 10,
        "day": 17
      },
      "time": {
        "hour": 8,
        "minute": 41,
        "second": 30,
        "nano": 0
      }
    },
    "citySender": "Дніпро",
    "cityRecipient": "Полтава"
  },
  {
    "number": 59000455516471,
    "dateTime": {
      "date": {
        "year": 2019,
        "month": 10,
        "day": 17
      },
      "time": {
        "hour": 8,
        "minute": 41,
        "second": 57,
        "nano": 0
      }
    },
    "citySender": "Харків",
    "cityRecipient": "Київ"
  },
  {
    "number": 59000455516472,
    "dateTime": {
      "date": {
        "year": 2019,
        "month": 10,
        "day": 17
      },
      "time": {
        "hour": 8,
        "minute": 42,
        "second": 12,
        "nano": 0
      }
    },
    "citySender": "Заводське(Лохвицький р-н,Полтав. обл)",
    "cityRecipient": "Одеса"
  },
  {
    "number": 59000455516473,
    "dateTime": {
      "date": {
        "year": 2019,
        "month": 10,
        "day": 17
      },
      "time": {
        "hour": 8,
        "minute": 42,
        "second": 10,
        "nano": 0
      }
    },
    "citySender": "Миколаїв",
    "cityRecipient": "Приазовське"
  },
  {
    "number": 59000455516474,
    "dateTime": {
      "date": {
        "year": 2019,
        "month": 10,
        "day": 17
      },
      "time": {
        "hour": 8,
        "minute": 42,
        "second": 6,
        "nano": 0
      }
    },
    "citySender": "Київ",
    "cityRecipient": "Кучурган"
  },
  {
    "number": 59000455516475,
    "dateTime": {
      "date": {
        "year": 2019,
        "month": 10,
        "day": 17
      },
      "time": {
        "hour": 8,
        "minute": 42,
        "second": 13,
        "nano": 0
      }
    },
    "citySender": "Київ",
    "cityRecipient": "Харків"
  },
  {
    "number": 59000455516476,
    "dateTime": {
      "date": {
        "year": 2019,
        "month": 10,
        "day": 17
      },
      "time": {
        "hour": 8,
        "minute": 42,
        "second": 13,
        "nano": 0
      }
    },
    "citySender": "Дніпро",
    "cityRecipient": "Херсон"
  },
  {
    "number": 59000455516477,
    "dateTime": {
      "date": {
        "year": 2019,
        "month": 10,
        "day": 17
      },
      "time": {
        "hour": 8,
        "minute": 42,
        "second": 10,
        "nano": 0
      }
    },
    "citySender": "Київ",
    "cityRecipient": "Львів"
  },
  {
    "number": 59000455516478,
    "dateTime": {
      "date": {
        "year": 2019,
        "month": 10,
        "day": 17
      },
      "time": {
        "hour": 8,
        "minute": 42,
        "second": 6,
        "nano": 0
      }
    },
    "citySender": "Харків",
    "cityRecipient": "Запоріжжя"
  },
  {
    "number": 59000455516479,
    "dateTime": {
      "date": {
        "year": 2019,
        "month": 10,
        "day": 17
      },
      "time": {
        "hour": 8,
        "minute": 42,
        "second": 16,
        "nano": 0
      }
    },
    "citySender": "Маріуполь",
    "cityRecipient": "Бровари"
  },
  {
    "number": 59000455516480,
    "dateTime": {
      "date": {
        "year": 2019,
        "month": 10,
        "day": 17
      },
      "time": {
        "hour": 8,
        "minute": 42,
        "second": 9,
        "nano": 0
      }
    },
    "citySender": "Київ",
    "cityRecipient": "Фонтанка"
  },
  {
    "number": 59000455516481,
    "dateTime": {
      "date": {
        "year": 2019,
        "month": 10,
        "day": 17
      },
      "time": {
        "hour": 8,
        "minute": 42,
        "second": 5,
        "nano": 0
      }
    },
    "citySender": "Кілія",
    "cityRecipient": "Одеса"
  },
  {
    "number": 59000455516482,
    "dateTime": {
      "date": {
        "year": 2019,
        "month": 10,
        "day": 17
      },
      "time": {
        "hour": 8,
        "minute": 42,
        "second": 7,
        "nano": 0
      }
    },
    "citySender": "Київ",
    "cityRecipient": "Василівка (Запорізька обл.)"
  },
  {
    "number": 59000455516484,
    "dateTime": {
      "date": {
        "year": 2019,
        "month": 10,
        "day": 17
      },
      "time": {
        "hour": 8,
        "minute": 42,
        "second": 9,
        "nano": 0
      }
    },
    "citySender": "Київ",
    "cityRecipient": "Київ"
  },
  {
    "number": 59000455516485,
    "dateTime": {
      "date": {
        "year": 2019,
        "month": 10,
        "day": 17
      },
      "time": {
        "hour": 8,
        "minute": 42,
        "second": 10,
        "nano": 0
      }
    },
    "citySender": "Львів",
    "cityRecipient": "Івано-Франківськ"
  },
  {
    "number": 59000455516486,
    "dateTime": {
      "date": {
        "year": 2019,
        "month": 10,
        "day": 17
      },
      "time": {
        "hour": 8,
        "minute": 42,
        "second": 14,
        "nano": 0
      }
    },
    "citySender": "Дніпро",
    "cityRecipient": "Велика Березовиця"
  },
  {
    "number": 59000455516487,
    "dateTime": {
      "date": {
        "year": 2019,
        "month": 10,
        "day": 17
      },
      "time": {
        "hour": 8,
        "minute": 42,
        "second": 21,
        "nano": 0
      }
    },
    "citySender": "Арциз",
    "cityRecipient": "Луцьк"
  },
  {
    "number": 59000455516488,
    "dateTime": {
      "date": {
        "year": 2019,
        "month": 10,
        "day": 17
      },
      "time": {
        "hour": 8,
        "minute": 42,
        "second": 15,
        "nano": 0
      }
    },
    "citySender": "Харків",
    "cityRecipient": "Кам\u0027янське(Дніпропетровська обл)"
  },
  {
    "number": 59000455516489,
    "dateTime": {
      "date": {
        "year": 2019,
        "month": 10,
        "day": 17
      },
      "time": {
        "hour": 8,
        "minute": 42,
        "second": 21,
        "nano": 0
      }
    },
    "citySender": "Київ",
    "cityRecipient": "Біла Церква"
  },
  {
    "number": 59000455516490,
    "dateTime": {
      "date": {
        "year": 2019,
        "month": 10,
        "day": 17
      },
      "time": {
        "hour": 8,
        "minute": 41,
        "second": 55,
        "nano": 0
      }
    },
    "citySender": "Київ",
    "cityRecipient": "Запоріжжя"
  },
  {
    "number": 59000455516491,
    "dateTime": {
      "date": {
        "year": 2019,
        "month": 10,
        "day": 17
      },
      "time": {
        "hour": 8,
        "minute": 41,
        "second": 44,
        "nano": 0
      }
    },
    "citySender": "Благовіщенське(Кіровоградська обл.)",
    "cityRecipient": "Синельникове"
  },
  {
    "number": 59000455516492,
    "dateTime": {
      "date": {
        "year": 2019,
        "month": 10,
        "day": 17
      },
      "time": {
        "hour": 8,
        "minute": 42,
        "second": 24,
        "nano": 0
      }
    },
    "citySender": "Васильків",
    "cityRecipient": "Миколаїв"
  },
  {
    "number": 59000455516493,
    "dateTime": {
      "date": {
        "year": 2019,
        "month": 10,
        "day": 17
      },
      "time": {
        "hour": 8,
        "minute": 42,
        "second": 25,
        "nano": 0
      }
    },
    "citySender": "Хорол",
    "cityRecipient": "Харків"
  },
  {
    "number": 59000455516494,
    "dateTime": {
      "date": {
        "year": 2019,
        "month": 10,
        "day": 17
      },
      "time": {
        "hour": 8,
        "minute": 42,
        "second": 28,
        "nano": 0
      }
    },
    "citySender": "Дніпро",
    "cityRecipient": "Рівне"
  }
]