[
  {
    "number": 59000455523494,
    "dateTime": {
      "date": {
        "year": 2019,
        "month": 10,
        "day": 17
      },
      "time": {
        "hour": 9,
        "minute": 12,
        "second": 34,
        "nano": 0
      }
    },
    "citySender": "Буринь",
    "cityRecipient": "Херсон"
  },
  {
    "number": 59000455523495,
    "dateTime": {
      "date": {
        "year": 2019,
        "month": 10,
        "day": 17
      },
      "time": {
        "hour": 9,
        "minute": 13,
        "second": 59,
        "nano": 0
      }
    },
    "citySender": "Балаклія (Харківська обл.)",
    "cityRecipient": "Балаклія (Харківська обл.)"
  },
  {
    "number": 59000455523496,
    "dateTime": {
      "date": {
        "year": 2019,
        "month": 10,
        "day": 17
      },
      "time": {
        "hour": 9,
        "minute": 13,
        "second": 54,
        "nano": 0
      }
    },
    "citySender": "Одеса",
    "cityRecipient": "Біла Церква"
  },
  {
    "number": 59000455523497,
    "dateTime": {
      "date": {
        "year": 2019,
        "month": 10,
        "day": 17
      },
      "time": {
        "hour": 9,
        "minute": 14,
        "second": 5,
        "nano": 0
      }
    },
    "citySender": "Синевир",
    "cityRecipient": "Київ"
  },
  {
    "number": 59000455523498,
    "dateTime": {
      "date": {
        "year": 2019,
        "month": 10,
        "day": 17
      },
      "time": {
        "hour": 9,
        "minute": 13,
        "second": 41,
        "nano": 0
      }
    },
    "citySender": "Київ",
    "cityRecipient": "Харків"
  },
  {
    "number": 59000455523499,
    "dateTime": {
      "date": {
        "year": 2019,
        "month": 10,
        "day": 17
      },
      "time": {
        "hour": 9,
        "minute": 13,
        "second": 11,
        "nano": 0
      }
    },
    "citySender": "Миколаїв",
    "cityRecipient": "Чернігів"
  },
  {
    "number": 59000455523500,
    "dateTime": {
      "date": {
        "year": 2019,
        "month": 10,
        "day": 17
      },
      "time": {
        "hour": 9,
        "minute": 14,
        "second": 0,
        "nano": 0
      }
    },
    "citySender": "Черкаси",
    "cityRecipient": "Генічеськ"
  },
  {
    "number": 59000455523501,
    "dateTime": {
      "date": {
        "year": 2019,
        "month": 10,
        "day": 17
      },
      "time": {
        "hour": 9,
        "minute": 14,
        "second": 5,
        "nano": 0
      }
    },
    "citySender": "Городок (Хмельницька обл.)",
    "cityRecipient": "Київ"
  },
  {
    "number": 59000455523502,
    "dateTime": {
      "date": {
        "year": 2019,
        "month": 10,
        "day": 17
      },
      "time": {
        "hour": 9,
        "minute": 14,
        "second": 6,
        "nano": 0
      }
    },
    "citySender": "Радушне",
    "cityRecipient": "Київ"
  },
  {
    "number": 59000455523503,
    "dateTime": {
      "date": {
        "year": 2019,
        "month": 10,
        "day": 17
      },
      "time": {
        "hour": 9,
        "minute": 13,
        "second": 34,
        "nano": 0
      }
    },
    "citySender": "Київ",
    "cityRecipient": "Луцьк"
  },
  {
    "number": 59000455523504,
    "dateTime": {
      "date": {
        "year": 2019,
        "month": 10,
        "day": 17
      },
      "time": {
        "hour": 9,
        "minute": 13,
        "second": 59,
        "nano": 0
      }
    },
    "citySender": "Вижниця",
    "cityRecipient": "Хмельницький"
  },
  {
    "number": 59000455523505,
    "dateTime": {
      "date": {
        "year": 2019,
        "month": 10,
        "day": 17
      },
      "time": {
        "hour": 9,
        "minute": 13,
        "second": 43,
        "nano": 0
      }
    },
    "citySender": "Запоріжжя",
    "cityRecipient": "Харків"
  },
  {
    "number": 59000455523506,
    "dateTime": {
      "date": {
        "year": 2019,
        "month": 10,
        "day": 17
      },
      "time": {
        "hour": 9,
        "minute": 13,
        "second": 59,
        "nano": 0
      }
    },
    "citySender": "Запоріжжя",
    "cityRecipient": "Кривий Ріг"
  },
  {
    "number": 59000455523507,
    "dateTime": {
      "date": {
        "year": 2019,
        "month": 10,
        "day": 17
      },
      "time": {
        "hour": 9,
        "minute": 14,
        "second": 6,
        "nano": 0
      }
    },
    "citySender": "Стоянка",
    "cityRecipient": "Коростень"
  },
  {
    "number": 59000455523508,
    "dateTime": {
      "date": {
        "year": 2019,
        "month": 10,
        "day": 17
      },
      "time": {
        "hour": 9,
        "minute": 14,
        "second": 7,
        "nano": 0
      }
    },
    "citySender": "Володимир-Волинський",
    "cityRecipient": "Ілічанка"
  },
  {
    "number": 59000455523509,
    "dateTime": {
      "date": {
        "year": 2019,
        "month": 10,
        "day": 17
      },
      "time": {
        "hour": 9,
        "minute": 14,
        "second": 7,
        "nano": 0
      }
    },
    "citySender": "Макарів",
    "cityRecipient": "Ірпінь"
  },
  {
    "number": 59000455523510,
    "dateTime": {
      "date": {
        "year": 2019,
        "month": 10,
        "day": 17
      },
      "time": {
        "hour": 9,
        "minute": 12,
        "second": 40,
        "nano": 0
      }
    },
    "citySender": "Кегичівка",
    "cityRecipient": "Калуш"
  },
  {
    "number": 59000455523512,
    "dateTime": {
      "date": {
        "year": 2019,
        "month": 10,
        "day": 17
      },
      "time": {
        "hour": 9,
        "minute": 13,
        "second": 59,
        "nano": 0
      }
    },
    "citySender": "Конотоп",
    "cityRecipient": "Львів"
  },
  {
    "number": 59000455523513,
    "dateTime": {
      "date": {
        "year": 2019,
        "month": 10,
        "day": 17
      },
      "time": {
        "hour": 9,
        "minute": 14,
        "second": 7,
        "nano": 0
      }
    },
    "citySender": "Івано-Франківськ",
    "cityRecipient": "Київ"
  },
  {
    "number": 59000455523514,
    "dateTime": {
      "date": {
        "year": 2019,
        "month": 10,
        "day": 17
      },
      "time": {
        "hour": 9,
        "minute": 13,
        "second": 21,
        "nano": 0
      }
    },
    "citySender": "Дрогобич",
    "cityRecipient": "Бердичів"
  },
  {
    "number": 59000455523515,
    "dateTime": {
      "date": {
        "year": 2019,
        "month": 10,
        "day": 17
      },
      "time": {
        "hour": 9,
        "minute": 13,
        "second": 57,
        "nano": 0
      }
    },
    "citySender": "Бровари",
    "cityRecipient": "Лисівка"
  },
  {
    "number": 59000455523516,
    "dateTime": {
      "date": {
        "year": 2019,
        "month": 10,
        "day": 17
      },
      "time": {
        "hour": 9,
        "minute": 13,
        "second": 45,
        "nano": 0
      }
    },
    "citySender": "Київ",
    "cityRecipient": "Покровськ (Донецька обл.)"
  },
  {
    "number": 59000455523517,
    "dateTime": {
      "date": {
        "year": 2019,
        "month": 10,
        "day": 17
      },
      "time": {
        "hour": 9,
        "minute": 13,
        "second": 52,
        "nano": 0
      }
    },
    "citySender": "Львів",
    "cityRecipient": "Дніпро"
  },
  {
    "number": 59000455523518,
    "dateTime": {
      "date": {
        "year": 2019,
        "month": 10,
        "day": 17
      },
      "time": {
        "hour": 9,
        "minute": 14,
        "second": 8,
        "nano": 0
      }
    },
    "citySender": "Миргород",
    "cityRecipient": "Одеса"
  },
  {
    "number": 59000455523519,
    "dateTime": {
      "date": {
        "year": 2019,
        "month": 10,
        "day": 17
      },
      "time": {
        "hour": 9,
        "minute": 13,
        "second": 56,
        "nano": 0
      }
    },
    "citySender": "Кривий Ріг",
    "cityRecipient": "Дніпро"
  },
  {
    "number": 59000455523521,
    "dateTime": {
      "date": {
        "year": 2019,
        "month": 10,
        "day": 17
      },
      "time": {
        "hour": 9,
        "minute": 13,
        "second": 36,
        "nano": 0
      }
    },
    "citySender": "Львів",
    "cityRecipient": "Кегичівка"
  },
  {
    "number": 59000455523522,
    "dateTime": {
      "date": {
        "year": 2019,
        "month": 10,
        "day": 17
      },
      "time": {
        "hour": 9,
        "minute": 14,
        "second": 10,
        "nano": 0
      }
    },
    "citySender": "Черкаси",
    "cityRecipient": "Харків"
  },
  {
    "number": 59000455523523,
    "dateTime": {
      "date": {
        "year": 2019,
        "month": 10,
        "day": 17
      },
      "time": {
        "hour": 9,
        "minute": 13,
        "second": 28,
        "nano": 0
      }
    },
    "citySender": "Острог",
    "cityRecipient": "Вараш"
  },
  {
    "number": 59000455523524,
    "dateTime": {
      "date": {
        "year": 2019,
        "month": 10,
        "day": 17
      },
      "time": {
        "hour": 9,
        "minute": 14,
        "second": 11,
        "nano": 0
      }
    },
    "citySender": "Чернігів",
    "cityRecipient": "Вишневе"
  },
  {
    "number": 59000455523525,
    "dateTime": {
      "date": {
        "year": 2019,
        "month": 10,
        "day": 17
      },
      "time": {
        "hour": 9,
        "minute": 14,
        "second": 0,
        "nano": 0
      }
    },
    "citySender": "Київ",
    "cityRecipient": "Харків"
  },
  {
    "number": 59000455523526,
    "dateTime": {
      "date": {
        "year": 2019,
        "month": 10,
        "day": 17
      },
      "time": {
        "hour": 9,
        "minute": 13,
        "second": 56,
        "nano": 0
      }
    },
    "citySender": "Камінь-Каширський",
    "cityRecipient": "Львів"
  },
  {
    "number": 59000455523527,
    "dateTime": {
      "date": {
        "year": 2019,
        "month": 10,
        "day": 17
      },
      "time": {
        "hour": 9,
        "minute": 12,
        "second": 55,
        "nano": 0
      }
    },
    "citySender": "Кам\u0027янець-Подільський",
    "cityRecipient": "Васильків"
  },
  {
    "number": 59000455523528,
    "dateTime": {
      "date": {
        "year": 2019,
        "month": 10,
        "day": 17
      },
      "time": {
        "hour": 9,
        "minute": 11,
        "second": 19,
        "nano": 0
      }
    },
    "citySender": "Куп\u0027янськ",
    "cityRecipient": "Київ"
  },
  {
    "number": 59000455523529,
    "dateTime": {
      "date": {
        "year": 2019,
        "month": 10,
        "day": 17
      },
      "time": {
        "hour": 9,
        "minute": 13,
        "second": 52,
        "nano": 0
      }
    },
    "citySender": "Хмельницький",
    "cityRecipient": "Золочів (Львівська обл.)"
  },
  {
    "number": 59000455523530,
    "dateTime": {
      "date": {
        "year": 2019,
        "month": 10,
        "day": 17
      },
      "time": {
        "hour": 9,
        "minute": 14,
        "second": 4,
        "nano": 0
      }
    },
    "citySender": "Солоне",
    "cityRecipient": "Маріуполь"
  },
  {
    "number": 59000455523531,
    "dateTime": {
      "date": {
        "year": 2019,
        "month": 10,
        "day": 17
      },
      "time": {
        "hour": 9,
        "minute": 13,
        "second": 35,
        "nano": 0
      }
    },
    "citySender": "Тарасівка",
    "cityRecipient": "Теплик"
  },
  {
    "number": 59000455523532,
    "dateTime": {
      "date": {
        "year": 2019,
        "month": 10,
        "day": 17
      },
      "time": {
        "hour": 9,
        "minute": 14,
        "second": 1,
        "nano": 0
      }
    },
    "citySender": "Харків",
    "cityRecipient": "Білокуракине"
  },
  {
    "number": 59000455523533,
    "dateTime": {
      "date": {
        "year": 2019,
        "month": 10,
        "day": 17
      },
      "time": {
        "hour": 9,
        "minute": 14,
        "second": 11,
        "nano": 0
      }
    },
    "citySender": "Львів",
    "cityRecipient": "Клавдієво-Тарасове"
  },
  {
    "number": 59000455523535,
    "dateTime": {
      "date": {
        "year": 2019,
        "month": 10,
        "day": 17
      },
      "time": {
        "hour": 9,
        "minute": 13,
        "second": 36,
        "nano": 0
      }
    },
    "citySender": "Харків",
    "cityRecipient": "Липова Долина"
  },
  {
    "number": 59000455523536,
    "dateTime": {
      "date": {
        "year": 2019,
        "month": 10,
        "day": 17
      },
      "time": {
        "hour": 9,
        "minute": 13,
        "second": 49,
        "nano": 0
      }
    },
    "citySender": "Київ",
    "cityRecipient": "Львів"
  },
  {
    "number": 59000455523537,
    "dateTime": {
      "date": {
        "year": 2019,
        "month": 10,
        "day": 17
      },
      "time": {
        "hour": 9,
        "minute": 13,
        "second": 50,
        "nano": 0
      }
    },
    "citySender": "Овідіополь",
    "cityRecipient": "Київ"
  },
  {
    "number": 59000455523538,
    "dateTime": {
      "date": {
        "year": 2019,
        "month": 10,
        "day": 17
      },
      "time": {
        "hour": 9,
        "minute": 13,
        "second": 58,
        "nano": 0
      }
    },
    "citySender": "Бровари",
    "cityRecipient": "Крюківщина"
  },
  {
    "number": 59000455523539,
    "dateTime": {
      "date": {
        "year": 2019,
        "month": 10,
        "day": 17
      },
      "time": {
        "hour": 9,
        "minute": 13,
        "second": 38,
        "nano": 0
      }
    },
    "citySender": "Чугуїв",
    "cityRecipient": "Шостка"
  },
  {
    "number": 59000455523540,
    "dateTime": {
      "date": {
        "year": 2019,
        "month": 10,
        "day": 17
      },
      "time": {
        "hour": 9,
        "minute": 13,
        "second": 29,
        "nano": 0
      }
    },
    "citySender": "Шостка",
    "cityRecipient": "Київ"
  },
  {
    "number": 59000455523541,
    "dateTime": {
      "date": {
        "year": 2019,
        "month": 10,
        "day": 17
      },
      "time": {
        "hour": 9,
        "minute": 14,
        "second": 8,
        "nano": 0
      }
    },
    "citySender": "Хмельницький",
    "cityRecipient": "Київ"
  },
  {
    "number": 59000455523542,
    "dateTime": {
      "date": {
        "year": 2019,
        "month": 10,
        "day": 17
      },
      "time": {
        "hour": 9,
        "minute": 14,
        "second": 4,
        "nano": 0
      }
    },
    "citySender": "Київ",
    "cityRecipient": "Заводське(Тернопільська обл.)"
  },
  {
    "number": 59000455523543,
    "dateTime": {
      "date": {
        "year": 2019,
        "month": 10,
        "day": 17
      },
      "time": {
        "hour": 9,
        "minute": 14,
        "second": 12,
        "nano": 0
      }
    },
    "citySender": "Верховина",
    "cityRecipient": "Мелітополь"
  },
  {
    "number": 59000455523544,
    "dateTime": {
      "date": {
        "year": 2019,
        "month": 10,
        "day": 17
      },
      "time": {
        "hour": 9,
        "minute": 13,
        "second": 57,
        "nano": 0
      }
    },
    "citySender": "Курахове",
    "cityRecipient": "Київ"
  },
  {
    "number": 59000455523545,
    "dateTime": {
      "date": {
        "year": 2019,
        "month": 10,
        "day": 17
      },
      "time": {
        "hour": 9,
        "minute": 14,
        "second": 14,
        "nano": 0
      }
    },
    "citySender": "Київ",
    "cityRecipient": "Одеса"
  },
  {
    "number": 59000455523546,
    "dateTime": {
      "date": {
        "year": 2019,
        "month": 10,
        "day": 17
      },
      "time": {
        "hour": 9,
        "minute": 13,
        "second": 22,
        "nano": 0
      }
    },
    "citySender": "Рогатин",
    "cityRecipient": "Дніпро"
  },
  {
    "number": 59000455523547,
    "dateTime": {
      "date": {
        "year": 2019,
        "month": 10,
        "day": 17
      },
      "time": {
        "hour": 9,
        "minute": 13,
        "second": 15,
        "nano": 0
      }
    },
    "citySender": "Скалат",
    "cityRecipient": "Мелітополь"
  },
  {
    "number": 59000455523548,
    "dateTime": {
      "date": {
        "year": 2019,
        "month": 10,
        "day": 17
      },
      "time": {
        "hour": 9,
        "minute": 12,
        "second": 35,
        "nano": 0
      }
    },
    "citySender": "Біла Церква",
    "cityRecipient": "Ірпінь"
  },
  {
    "number": 59000455523549,
    "dateTime": {
      "date": {
        "year": 2019,
        "month": 10,
        "day": 17
      },
      "time": {
        "hour": 9,
        "minute": 13,
        "second": 38,
        "nano": 0
      }
    },
    "citySender": "Одеса",
    "cityRecipient": "Вінниця"
  },
  {
    "number": 59000455523550,
    "dateTime": {
      "date": {
        "year": 2019,
        "month": 10,
        "day": 17
      },
      "time": {
        "hour": 9,
        "minute": 14,
        "second": 7,
        "nano": 0
      }
    },
    "citySender": "Шевченкове (Миколаївська обл.)",
    "cityRecipient": "Лебедин (Сумська обл.)"
  },
  {
    "number": 59000455523551,
    "dateTime": {
      "date": {
        "year": 2019,
        "month": 10,
        "day": 17
      },
      "time": {
        "hour": 9,
        "minute": 11,
        "second": 35,
        "nano": 0
      }
    },
    "citySender": "Скадовськ",
    "cityRecipient": "Горького"
  },
  {
    "number": 59000455523552,
    "dateTime": {
      "date": {
        "year": 2019,
        "month": 10,
        "day": 17
      },
      "time": {
        "hour": 9,
        "minute": 14,
        "second": 2,
        "nano": 0
      }
    },
    "citySender": "Київ",
    "cityRecipient": "Чернівці"
  },
  {
    "number": 59000455523553,
    "dateTime": {
      "date": {
        "year": 2019,
        "month": 10,
        "day": 17
      },
      "time": {
        "hour": 9,
        "minute": 14,
        "second": 13,
        "nano": 0
      }
    },
    "citySender": "Дубно",
    "cityRecipient": "Київ"
  },
  {
    "number": 59000455523554,
    "dateTime": {
      "date": {
        "year": 2019,
        "month": 10,
        "day": 17
      },
      "time": {
        "hour": 9,
        "minute": 13,
        "second": 57,
        "nano": 0
      }
    },
    "citySender": "Чернігів",
    "cityRecipient": "Вишневе"
  },
  {
    "number": 59000455523555,
    "dateTime": {
      "date": {
        "year": 2019,
        "month": 10,
        "day": 17
      },
      "time": {
        "hour": 9,
        "minute": 14,
        "second": 4,
        "nano": 0
      }
    },
    "citySender": "Очаків",
    "cityRecipient": "Вінниця"
  },
  {
    "number": 59000455523556,
    "dateTime": {
      "date": {
        "year": 2019,
        "month": 10,
        "day": 17
      },
      "time": {
        "hour": 9,
        "minute": 14,
        "second": 16,
        "nano": 0
      }
    },
    "citySender": "Прилуки",
    "cityRecipient": "Київ"
  },
  {
    "number": 59000455523557,
    "dateTime": {
      "date": {
        "year": 2019,
        "month": 10,
        "day": 17
      },
      "time": {
        "hour": 9,
        "minute": 14,
        "second": 12,
        "nano": 0
      }
    },
    "citySender": "Одеса",
    "cityRecipient": "Руська Лозова"
  },
  {
    "number": 59000455523558,
    "dateTime": {
      "date": {
        "year": 2019,
        "month": 10,
        "day": 17
      },
      "time": {
        "hour": 9,
        "minute": 13,
        "second": 59,
        "nano": 0
      }
    },
    "citySender": "Умань",
    "cityRecipient": "Харків"
  },
  {
    "number": 59000455523559,
    "dateTime": {
      "date": {
        "year": 2019,
        "month": 10,
        "day": 17
      },
      "time": {
        "hour": 9,
        "minute": 13,
        "second": 16,
        "nano": 0
      }
    },
    "citySender": "Чорнобай",
    "cityRecipient": "Київ"
  },
  {
    "number": 59000455523560,
    "dateTime": {
      "date": {
        "year": 2019,
        "month": 10,
        "day": 17
      },
      "time": {
        "hour": 9,
        "minute": 14,
        "second": 7,
        "nano": 0
      }
    },
    "citySender": "Рівне",
    "cityRecipient": "Устилуг"
  },
  {
    "number": 59000455523561,
    "dateTime": {
      "date": {
        "year": 2019,
        "month": 10,
        "day": 17
      },
      "time": {
        "hour": 9,
        "minute": 13,
        "second": 53,
        "nano": 0
      }
    },
    "citySender": "Київ",
    "cityRecipient": "Чернігів"
  },
  {
    "number": 59000455523562,
    "dateTime": {
      "date": {
        "year": 2019,
        "month": 10,
        "day": 17
      },
      "time": {
        "hour": 9,
        "minute": 14,
        "second": 17,
        "nano": 0
      }
    },
    "citySender": "Дніпро",
    "cityRecipient": "Благодатне"
  },
  {
    "number": 59000455523563,
    "dateTime": {
      "date": {
        "year": 2019,
        "month": 10,
        "day": 17
      },
      "time": {
        "hour": 9,
        "minute": 10,
        "second": 14,
        "nano": 0
      }
    },
    "citySender": "Нова Ушиця",
    "cityRecipient": "Княжичі (Броварський р-н)"
  },
  {
    "number": 59000455523564,
    "dateTime": {
      "date": {
        "year": 2019,
        "month": 10,
        "day": 17
      },
      "time": {
        "hour": 9,
        "minute": 13,
        "second": 55,
        "nano": 0
      }
    },
    "citySender": "Петриківка",
    "cityRecipient": "Коцюбинське"
  },
  {
    "number": 59000455523565,
    "dateTime": {
      "date": {
        "year": 2019,
        "month": 10,
        "day": 17
      },
      "time": {
        "hour": 9,
        "minute": 13,
        "second": 11,
        "nano": 0
      }
    },
    "citySender": "Усатове",
    "cityRecipient": "Харків"
  },
  {
    "number": 59000455523566,
    "dateTime": {
      "date": {
        "year": 2019,
        "month": 10,
        "day": 17
      },
      "time": {
        "hour": 9,
        "minute": 14,
        "second": 18,
        "nano": 0
      }
    },
    "citySender": "Засулля",
    "cityRecipient": "Одеса"
  },
  {
    "number": 59000455523567,
    "dateTime": {
      "date": {
        "year": 2019,
        "month": 10,
        "day": 17
      },
      "time": {
        "hour": 9,
        "minute": 14,
        "second": 10,
        "nano": 0
      }
    },
    "citySender": "Вінниця",
    "cityRecipient": "Київ"
  },
  {
    "number": 59000455523568,
    "dateTime": {
      "date": {
        "year": 2019,
        "month": 10,
        "day": 17
      },
      "time": {
        "hour": 9,
        "minute": 14,
        "second": 10,
        "nano": 0
      }
    },
    "citySender": "Стеблівка",
    "cityRecipient": "Рокитне (Рівненська обл., Рокитнівський р-н)"
  },
  {
    "number": 59000455523569,
    "dateTime": {
      "date": {
        "year": 2019,
        "month": 10,
        "day": 17
      },
      "time": {
        "hour": 9,
        "minute": 14,
        "second": 1,
        "nano": 0
      }
    },
    "citySender": "Петриківка",
    "cityRecipient": "Дніпро"
  },
  {
    "number": 59000455523570,
    "dateTime": {
      "date": {
        "year": 2019,
        "month": 10,
        "day": 17
      },
      "time": {
        "hour": 9,
        "minute": 14,
        "second": 17,
        "nano": 0
      }
    },
    "citySender": "Свеса",
    "cityRecipient": "Баришівка"
  },
  {
    "number": 59000455523571,
    "dateTime": {
      "date": {
        "year": 2019,
        "month": 10,
        "day": 17
      },
      "time": {
        "hour": 9,
        "minute": 14,
        "second": 2,
        "nano": 0
      }
    },
    "citySender": "Чернівці",
    "cityRecipient": "Київ"
  },
  {
    "number": 59000455523572,
    "dateTime": {
      "date": {
        "year": 2019,
        "month": 10,
        "day": 17
      },
      "time": {
        "hour": 9,
        "minute": 14,
        "second": 19,
        "nano": 0
      }
    },
    "citySender": "Черкаси",
    "cityRecipient": "Рівне"
  },
  {
    "number": 59000455523573,
    "dateTime": {
      "date": {
        "year": 2019,
        "month": 10,
        "day": 17
      },
      "time": {
        "hour": 9,
        "minute": 14,
        "second": 2,
        "nano": 0
      }
    },
    "citySender": "Мелітополь",
    "cityRecipient": "Краматорськ"
  },
  {
    "number": 59000455523574,
    "dateTime": {
      "date": {
        "year": 2019,
        "month": 10,
        "day": 17
      },
      "time": {
        "hour": 9,
        "minute": 14,
        "second": 14,
        "nano": 0
      }
    },
    "citySender": "Київ",
    "cityRecipient": "Олевськ"
  },
  {
    "number": 59000455523575,
    "dateTime": {
      "date": {
        "year": 2019,
        "month": 10,
        "day": 17
      },
      "time": {
        "hour": 9,
        "minute": 14,
        "second": 4,
        "nano": 0
      }
    },
    "citySender": "Токмак",
    "cityRecipient": "Мелітополь"
  },
  {
    "number": 59000455523576,
    "dateTime": {
      "date": {
        "year": 2019,
        "month": 10,
        "day": 17
      },
      "time": {
        "hour": 9,
        "minute": 14,
        "second": 6,
        "nano": 0
      }
    },
    "citySender": "Одеса",
    "cityRecipient": "Мукачево"
  },
  {
    "number": 59000455523577,
    "dateTime": {
      "date": {
        "year": 2019,
        "month": 10,
        "day": 17
      },
      "time": {
        "hour": 9,
        "minute": 14,
        "second": 13,
        "nano": 0
      }
    },
    "citySender": "Буськ",
    "cityRecipient": "Бузьке"
  },
  {
    "number": 59000455523578,
    "dateTime": {
      "date": {
        "year": 2019,
        "month": 10,
        "day": 17
      },
      "time": {
        "hour": 9,
        "minute": 12,
        "second": 10,
        "nano": 0
      }
    },
    "citySender": "Хмельницький",
    "cityRecipient": "Чулаківка"
  },
  {
    "number": 59000455523579,
    "dateTime": {
      "date": {
        "year": 2019,
        "month": 10,
        "day": 17
      },
      "time": {
        "hour": 9,
        "minute": 13,
        "second": 16,
        "nano": 0
      }
    },
    "citySender": "Тячів",
    "cityRecipient": "Богдан"
  },
  {
    "number": 59000455523580,
    "dateTime": {
      "date": {
        "year": 2019,
        "month": 10,
        "day": 17
      },
      "time": {
        "hour": 9,
        "minute": 13,
        "second": 55,
        "nano": 0
      }
    },
    "citySender": "Прилуки",
    "cityRecipient": "Почаїв"
  },
  {
    "number": 59000455523581,
    "dateTime": {
      "date": {
        "year": 2019,
        "month": 10,
        "day": 17
      },
      "time": {
        "hour": 9,
        "minute": 14,
        "second": 12,
        "nano": 0
      }
    },
    "citySender": "Тернопіль",
    "cityRecipient": "Харків"
  },
  {
    "number": 59000455523582,
    "dateTime": {
      "date": {
        "year": 2019,
        "month": 10,
        "day": 17
      },
      "time": {
        "hour": 9,
        "minute": 13,
        "second": 25,
        "nano": 0
      }
    },
    "citySender": "Романів",
    "cityRecipient": "Одеса"
  },
  {
    "number": 59000455523583,
    "dateTime": {
      "date": {
        "year": 2019,
        "month": 10,
        "day": 17
      },
      "time": {
        "hour": 9,
        "minute": 14,
        "second": 21,
        "nano": 0
      }
    },
    "citySender": "Дніпро",
    "cityRecipient": "Вінниця"
  },
  {
    "number": 59000455523584,
    "dateTime": {
      "date": {
        "year": 2019,
        "month": 10,
        "day": 17
      },
      "time": {
        "hour": 9,
        "minute": 8,
        "second": 18,
        "nano": 0
      }
    },
    "citySender": "Дніпро",
    "cityRecipient": "Вишневе"
  },
  {
    "number": 59000455523585,
    "dateTime": {
      "date": {
        "year": 2019,
        "month": 10,
        "day": 17
      },
      "time": {
        "hour": 9,
        "minute": 14,
        "second": 13,
        "nano": 0
      }
    },
    "citySender": "Борислав (Львівська обл.)",
    "cityRecipient": "Хмельницький"
  },
  {
    "number": 59000455523586,
    "dateTime": {
      "date": {
        "year": 2019,
        "month": 10,
        "day": 17
      },
      "time": {
        "hour": 9,
        "minute": 14,
        "second": 22,
        "nano": 0
      }
    },
    "citySender": "Запоріжжя",
    "cityRecipient": "Херсон"
  },
  {
    "number": 59000455523587,
    "dateTime": {
      "date": {
        "year": 2019,
        "month": 10,
        "day": 17
      },
      "time": {
        "hour": 9,
        "minute": 14,
        "second": 22,
        "nano": 0
      }
    },
    "citySender": "Більмак (Запорізька обл.)",
    "cityRecipient": "Львів"
  },
  {
    "number": 59000455523588,
    "dateTime": {
      "date": {
        "year": 2019,
        "month": 10,
        "day": 17
      },
      "time": {
        "hour": 9,
        "minute": 14,
        "second": 16,
        "nano": 0
      }
    },
    "citySender": "Гусятин",
    "cityRecipient": "Київ"
  },
  {
    "number": 59000455523589,
    "dateTime": {
      "date": {
        "year": 2019,
        "month": 10,
        "day": 17
      },
      "time": {
        "hour": 9,
        "minute": 14,
        "second": 20,
        "nano": 0
      }
    },
    "citySender": "Одеса",
    "cityRecipient": "Одеса"
  },
  {
    "number": 59000455523590,
    "dateTime": {
      "date": {
        "year": 2019,
        "month": 10,
        "day": 17
      },
      "time": {
        "hour": 9,
        "minute": 14,
        "second": 10,
        "nano": 0
      }
    },
    "citySender": "Курахове",
    "cityRecipient": "Дніпро"
  },
  {
    "number": 59000455523591,
    "dateTime": {
      "date": {
        "year": 2019,
        "month": 10,
        "day": 17
      },
      "time": {
        "hour": 9,
        "minute": 14,
        "second": 14,
        "nano": 0
      }
    },
    "citySender": "Кропивницький",
    "cityRecipient": "Бердичів"
  },
  {
    "number": 59000455523592,
    "dateTime": {
      "date": {
        "year": 2019,
        "month": 10,
        "day": 17
      },
      "time": {
        "hour": 9,
        "minute": 13,
        "second": 42,
        "nano": 0
      }
    },
    "citySender": "Рафалівка",
    "cityRecipient": "Гадяч"
  }
]