[
  {
    "number": 59000455531985,
    "dateTime": {
      "date": {
        "year": 2019,
        "month": 10,
        "day": 17
      },
      "time": {
        "hour": 9,
        "minute": 40,
        "second": 51,
        "nano": 0
      }
    },
    "citySender": "Київ",
    "cityRecipient": "Миколаїв"
  },
  {
    "number": 59000455531986,
    "dateTime": {
      "date": {
        "year": 2019,
        "month": 10,
        "day": 17
      },
      "time": {
        "hour": 9,
        "minute": 40,
        "second": 54,
        "nano": 0
      }
    },
    "citySender": "Київ",
    "cityRecipient": "Херсон"
  },
  {
    "number": 59000455531987,
    "dateTime": {
      "date": {
        "year": 2019,
        "month": 10,
        "day": 17
      },
      "time": {
        "hour": 9,
        "minute": 40,
        "second": 22,
        "nano": 0
      }
    },
    "citySender": "Липовець",
    "cityRecipient": "Запоріжжя"
  },
  {
    "number": 59000455531988,
    "dateTime": {
      "date": {
        "year": 2019,
        "month": 10,
        "day": 17
      },
      "time": {
        "hour": 9,
        "minute": 40,
        "second": 46,
        "nano": 0
      }
    },
    "citySender": "Київ",
    "cityRecipient": "Кучурган"
  },
  {
    "number": 59000455531989,
    "dateTime": {
      "date": {
        "year": 2019,
        "month": 10,
        "day": 17
      },
      "time": {
        "hour": 9,
        "minute": 40,
        "second": 29,
        "nano": 0
      }
    },
    "citySender": "Кропивницький",
    "cityRecipient": "Харків"
  },
  {
    "number": 59000455531990,
    "dateTime": {
      "date": {
        "year": 2019,
        "month": 10,
        "day": 17
      },
      "time": {
        "hour": 9,
        "minute": 40,
        "second": 11,
        "nano": 0
      }
    },
    "citySender": "Деражня",
    "cityRecipient": "Вінниця"
  },
  {
    "number": 59000455531991,
    "dateTime": {
      "date": {
        "year": 2019,
        "month": 10,
        "day": 17
      },
      "time": {
        "hour": 9,
        "minute": 40,
        "second": 57,
        "nano": 0
      }
    },
    "citySender": "Черкаси",
    "cityRecipient": "Полтава"
  },
  {
    "number": 59000455531992,
    "dateTime": {
      "date": {
        "year": 2019,
        "month": 10,
        "day": 17
      },
      "time": {
        "hour": 9,
        "minute": 40,
        "second": 59,
        "nano": 0
      }
    },
    "citySender": "Київ",
    "cityRecipient": "Київ"
  },
  {
    "number": 59000455531993,
    "dateTime": {
      "date": {
        "year": 2019,
        "month": 10,
        "day": 17
      },
      "time": {
        "hour": 9,
        "minute": 40,
        "second": 55,
        "nano": 0
      }
    },
    "citySender": "Краснопілля (Сумська обл.)",
    "cityRecipient": "Київ"
  },
  {
    "number": 59000455531994,
    "dateTime": {
      "date": {
        "year": 2019,
        "month": 10,
        "day": 17
      },
      "time": {
        "hour": 9,
        "minute": 40,
        "second": 52,
        "nano": 0
      }
    },
    "citySender": "Ходосівка",
    "cityRecipient": "Калуш"
  },
  {
    "number": 59000455531995,
    "dateTime": {
      "date": {
        "year": 2019,
        "month": 10,
        "day": 17
      },
      "time": {
        "hour": 9,
        "minute": 40,
        "second": 32,
        "nano": 0
      }
    },
    "citySender": "Херсон",
    "cityRecipient": "Дніпро"
  },
  {
    "number": 59000455531996,
    "dateTime": {
      "date": {
        "year": 2019,
        "month": 10,
        "day": 17
      },
      "time": {
        "hour": 9,
        "minute": 41,
        "second": 5,
        "nano": 0
      }
    },
    "citySender": "Запоріжжя",
    "cityRecipient": "Бахмут"
  },
  {
    "number": 59000455531997,
    "dateTime": {
      "date": {
        "year": 2019,
        "month": 10,
        "day": 17
      },
      "time": {
        "hour": 9,
        "minute": 40,
        "second": 45,
        "nano": 0
      }
    },
    "citySender": "Розсошенці(Полтавська обл.)",
    "cityRecipient": "Одеса"
  },
  {
    "number": 59000455531998,
    "dateTime": {
      "date": {
        "year": 2019,
        "month": 10,
        "day": 17
      },
      "time": {
        "hour": 9,
        "minute": 40,
        "second": 34,
        "nano": 0
      }
    },
    "citySender": "Мангуш",
    "cityRecipient": "Дніпро"
  },
  {
    "number": 59000455531999,
    "dateTime": {
      "date": {
        "year": 2019,
        "month": 10,
        "day": 17
      },
      "time": {
        "hour": 9,
        "minute": 41,
        "second": 3,
        "nano": 0
      }
    },
    "citySender": "Чортків",
    "cityRecipient": "Яворів"
  },
  {
    "number": 59000455532000,
    "dateTime": {
      "date": {
        "year": 2019,
        "month": 10,
        "day": 17
      },
      "time": {
        "hour": 9,
        "minute": 41,
        "second": 6,
        "nano": 0
      }
    },
    "citySender": "Гуляйполе",
    "cityRecipient": "Умань"
  },
  {
    "number": 59000455532001,
    "dateTime": {
      "date": {
        "year": 2019,
        "month": 10,
        "day": 17
      },
      "time": {
        "hour": 9,
        "minute": 41,
        "second": 0,
        "nano": 0
      }
    },
    "citySender": "Київ",
    "cityRecipient": "Київ"
  },
  {
    "number": 59000455532002,
    "dateTime": {
      "date": {
        "year": 2019,
        "month": 10,
        "day": 17
      },
      "time": {
        "hour": 9,
        "minute": 40,
        "second": 47,
        "nano": 0
      }
    },
    "citySender": "Дрогобич",
    "cityRecipient": "Хмельницький"
  },
  {
    "number": 59000455532004,
    "dateTime": {
      "date": {
        "year": 2019,
        "month": 10,
        "day": 17
      },
      "time": {
        "hour": 9,
        "minute": 41,
        "second": 6,
        "nano": 0
      }
    },
    "citySender": "Дніпро",
    "cityRecipient": "Рівне"
  },
  {
    "number": 59000455532005,
    "dateTime": {
      "date": {
        "year": 2019,
        "month": 10,
        "day": 17
      },
      "time": {
        "hour": 9,
        "minute": 40,
        "second": 21,
        "nano": 0
      }
    },
    "citySender": "Таврійськ (Херсонська обл.)",
    "cityRecipient": "Корсунь-Шевченківський"
  },
  {
    "number": 59000455532006,
    "dateTime": {
      "date": {
        "year": 2019,
        "month": 10,
        "day": 17
      },
      "time": {
        "hour": 9,
        "minute": 40,
        "second": 25,
        "nano": 0
      }
    },
    "citySender": "Самбір",
    "cityRecipient": "Чернівці"
  },
  {
    "number": 59000455532007,
    "dateTime": {
      "date": {
        "year": 2019,
        "month": 10,
        "day": 17
      },
      "time": {
        "hour": 9,
        "minute": 40,
        "second": 59,
        "nano": 0
      }
    },
    "citySender": "Львів",
    "cityRecipient": "Івано-Франківськ"
  },
  {
    "number": 59000455532008,
    "dateTime": {
      "date": {
        "year": 2019,
        "month": 10,
        "day": 17
      },
      "time": {
        "hour": 9,
        "minute": 40,
        "second": 38,
        "nano": 0
      }
    },
    "citySender": "Харків",
    "cityRecipient": "Южноукраїнськ"
  },
  {
    "number": 59000455532010,
    "dateTime": {
      "date": {
        "year": 2019,
        "month": 10,
        "day": 17
      },
      "time": {
        "hour": 9,
        "minute": 41,
        "second": 7,
        "nano": 0
      }
    },
    "citySender": "Токмак",
    "cityRecipient": "Дніпро"
  },
  {
    "number": 59000455532011,
    "dateTime": {
      "date": {
        "year": 2019,
        "month": 10,
        "day": 17
      },
      "time": {
        "hour": 9,
        "minute": 41,
        "second": 7,
        "nano": 0
      }
    },
    "citySender": "Ратне",
    "cityRecipient": "Київ"
  },
  {
    "number": 59000455532012,
    "dateTime": {
      "date": {
        "year": 2019,
        "month": 10,
        "day": 17
      },
      "time": {
        "hour": 9,
        "minute": 40,
        "second": 51,
        "nano": 0
      }
    },
    "citySender": "Олевськ",
    "cityRecipient": "Харків"
  },
  {
    "number": 59000455532013,
    "dateTime": {
      "date": {
        "year": 2019,
        "month": 10,
        "day": 17
      },
      "time": {
        "hour": 9,
        "minute": 40,
        "second": 49,
        "nano": 0
      }
    },
    "citySender": "Брацлав",
    "cityRecipient": "Ковель"
  },
  {
    "number": 59000455532014,
    "dateTime": {
      "date": {
        "year": 2019,
        "month": 10,
        "day": 17
      },
      "time": {
        "hour": 9,
        "minute": 40,
        "second": 40,
        "nano": 0
      }
    },
    "citySender": "Івано-Франківськ",
    "cityRecipient": "Дніпро"
  },
  {
    "number": 59000455532015,
    "dateTime": {
      "date": {
        "year": 2019,
        "month": 10,
        "day": 17
      },
      "time": {
        "hour": 9,
        "minute": 40,
        "second": 5,
        "nano": 0
      }
    },
    "citySender": "Запоріжжя",
    "cityRecipient": "Шепетівка"
  },
  {
    "number": 59000455532017,
    "dateTime": {
      "date": {
        "year": 2019,
        "month": 10,
        "day": 17
      },
      "time": {
        "hour": 9,
        "minute": 40,
        "second": 35,
        "nano": 0
      }
    },
    "citySender": "Дніпро",
    "cityRecipient": "Суми"
  },
  {
    "number": 59000455532018,
    "dateTime": {
      "date": {
        "year": 2019,
        "month": 10,
        "day": 17
      },
      "time": {
        "hour": 9,
        "minute": 39,
        "second": 19,
        "nano": 0
      }
    },
    "citySender": "Новий Розділ",
    "cityRecipient": "Херсон"
  },
  {
    "number": 59000455532019,
    "dateTime": {
      "date": {
        "year": 2019,
        "month": 10,
        "day": 17
      },
      "time": {
        "hour": 9,
        "minute": 40,
        "second": 27,
        "nano": 0
      }
    },
    "citySender": "Моршин",
    "cityRecipient": "Київ"
  },
  {
    "number": 59000455532020,
    "dateTime": {
      "date": {
        "year": 2019,
        "month": 10,
        "day": 17
      },
      "time": {
        "hour": 9,
        "minute": 40,
        "second": 49,
        "nano": 0
      }
    },
    "citySender": "Нова Водолага",
    "cityRecipient": "Київ"
  },
  {
    "number": 59000455532021,
    "dateTime": {
      "date": {
        "year": 2019,
        "month": 10,
        "day": 17
      },
      "time": {
        "hour": 9,
        "minute": 41,
        "second": 7,
        "nano": 0
      }
    },
    "citySender": "Полтава",
    "cityRecipient": "Кременчук"
  },
  {
    "number": 59000455532023,
    "dateTime": {
      "date": {
        "year": 2019,
        "month": 10,
        "day": 17
      },
      "time": {
        "hour": 9,
        "minute": 41,
        "second": 0,
        "nano": 0
      }
    },
    "citySender": "Запоріжжя",
    "cityRecipient": "Черкаси"
  },
  {
    "number": 59000455532024,
    "dateTime": {
      "date": {
        "year": 2019,
        "month": 10,
        "day": 17
      },
      "time": {
        "hour": 9,
        "minute": 39,
        "second": 38,
        "nano": 0
      }
    },
    "citySender": "Харків",
    "cityRecipient": "Київ"
  },
  {
    "number": 59000455532025,
    "dateTime": {
      "date": {
        "year": 2019,
        "month": 10,
        "day": 17
      },
      "time": {
        "hour": 9,
        "minute": 38,
        "second": 6,
        "nano": 0
      }
    },
    "citySender": "Чернівці",
    "cityRecipient": "Тернопіль"
  },
  {
    "number": 59000455532026,
    "dateTime": {
      "date": {
        "year": 2019,
        "month": 10,
        "day": 17
      },
      "time": {
        "hour": 9,
        "minute": 40,
        "second": 12,
        "nano": 0
      }
    },
    "citySender": "Маріуполь",
    "cityRecipient": "Покровськ (Донецька обл.)"
  },
  {
    "number": 59000455532027,
    "dateTime": {
      "date": {
        "year": 2019,
        "month": 10,
        "day": 17
      },
      "time": {
        "hour": 9,
        "minute": 41,
        "second": 8,
        "nano": 0
      }
    },
    "citySender": "Верхівцеве",
    "cityRecipient": "Ківерці"
  },
  {
    "number": 59000455532028,
    "dateTime": {
      "date": {
        "year": 2019,
        "month": 10,
        "day": 17
      },
      "time": {
        "hour": 9,
        "minute": 40,
        "second": 49,
        "nano": 0
      }
    },
    "citySender": "Маневичі",
    "cityRecipient": "Бердянськ"
  },
  {
    "number": 59000455532029,
    "dateTime": {
      "date": {
        "year": 2019,
        "month": 10,
        "day": 17
      },
      "time": {
        "hour": 9,
        "minute": 41,
        "second": 9,
        "nano": 0
      }
    },
    "citySender": "Калинівка (Вітовський р-н., Миколаївська обл.)",
    "cityRecipient": "Соловичі"
  },
  {
    "number": 59000455532030,
    "dateTime": {
      "date": {
        "year": 2019,
        "month": 10,
        "day": 17
      },
      "time": {
        "hour": 9,
        "minute": 40,
        "second": 52,
        "nano": 0
      }
    },
    "citySender": "Васильків",
    "cityRecipient": "Київ"
  },
  {
    "number": 59000455532031,
    "dateTime": {
      "date": {
        "year": 2019,
        "month": 10,
        "day": 17
      },
      "time": {
        "hour": 9,
        "minute": 41,
        "second": 13,
        "nano": 0
      }
    },
    "citySender": "Калинівка (Вінницька обл., Калинівський р-н)",
    "cityRecipient": "Київ"
  },
  {
    "number": 59000455532032,
    "dateTime": {
      "date": {
        "year": 2019,
        "month": 10,
        "day": 17
      },
      "time": {
        "hour": 9,
        "minute": 41,
        "second": 9,
        "nano": 0
      }
    },
    "citySender": "Літин",
    "cityRecipient": "Харків"
  },
  {
    "number": 59000455532033,
    "dateTime": {
      "date": {
        "year": 2019,
        "month": 10,
        "day": 17
      },
      "time": {
        "hour": 9,
        "minute": 40,
        "second": 56,
        "nano": 0
      }
    },
    "citySender": "Київ",
    "cityRecipient": "Київ"
  },
  {
    "number": 59000455532034,
    "dateTime": {
      "date": {
        "year": 2019,
        "month": 10,
        "day": 17
      },
      "time": {
        "hour": 9,
        "minute": 41,
        "second": 0,
        "nano": 0
      }
    },
    "citySender": "Бердичів",
    "cityRecipient": "Київ"
  },
  {
    "number": 59000455532035,
    "dateTime": {
      "date": {
        "year": 2019,
        "month": 10,
        "day": 17
      },
      "time": {
        "hour": 9,
        "minute": 41,
        "second": 3,
        "nano": 0
      }
    },
    "citySender": "Кременчук",
    "cityRecipient": "Кобеляки"
  },
  {
    "number": 59000455532036,
    "dateTime": {
      "date": {
        "year": 2019,
        "month": 10,
        "day": 17
      },
      "time": {
        "hour": 9,
        "minute": 41,
        "second": 13,
        "nano": 0
      }
    },
    "citySender": "Ільниця",
    "cityRecipient": "Крюківщина"
  },
  {
    "number": 59000455532038,
    "dateTime": {
      "date": {
        "year": 2019,
        "month": 10,
        "day": 17
      },
      "time": {
        "hour": 9,
        "minute": 40,
        "second": 48,
        "nano": 0
      }
    },
    "citySender": "Золочів(Харківська обл.)",
    "cityRecipient": "Харків"
  },
  {
    "number": 59000455532039,
    "dateTime": {
      "date": {
        "year": 2019,
        "month": 10,
        "day": 17
      },
      "time": {
        "hour": 9,
        "minute": 40,
        "second": 43,
        "nano": 0
      }
    },
    "citySender": "Львів",
    "cityRecipient": "Київ"
  },
  {
    "number": 59000455532040,
    "dateTime": {
      "date": {
        "year": 2019,
        "month": 10,
        "day": 17
      },
      "time": {
        "hour": 9,
        "minute": 40,
        "second": 56,
        "nano": 0
      }
    },
    "citySender": "Київ",
    "cityRecipient": "Яготин"
  },
  {
    "number": 59000455532041,
    "dateTime": {
      "date": {
        "year": 2019,
        "month": 10,
        "day": 17
      },
      "time": {
        "hour": 9,
        "minute": 40,
        "second": 39,
        "nano": 0
      }
    },
    "citySender": "Олександрія (м.Кіровогр.обл.райц)",
    "cityRecipient": "Київ"
  },
  {
    "number": 59000455532042,
    "dateTime": {
      "date": {
        "year": 2019,
        "month": 10,
        "day": 17
      },
      "time": {
        "hour": 9,
        "minute": 41,
        "second": 9,
        "nano": 0
      }
    },
    "citySender": "Володимир-Волинський",
    "cityRecipient": "Черкаси"
  },
  {
    "number": 59000455532043,
    "dateTime": {
      "date": {
        "year": 2019,
        "month": 10,
        "day": 17
      },
      "time": {
        "hour": 9,
        "minute": 41,
        "second": 9,
        "nano": 0
      }
    },
    "citySender": "Тараща",
    "cityRecipient": "Велика Лепетиха"
  },
  {
    "number": 59000455532045,
    "dateTime": {
      "date": {
        "year": 2019,
        "month": 10,
        "day": 17
      },
      "time": {
        "hour": 9,
        "minute": 40,
        "second": 34,
        "nano": 0
      }
    },
    "citySender": "Славута",
    "cityRecipient": "Бориспіль"
  },
  {
    "number": 59000455532046,
    "dateTime": {
      "date": {
        "year": 2019,
        "month": 10,
        "day": 17
      },
      "time": {
        "hour": 9,
        "minute": 41,
        "second": 13,
        "nano": 0
      }
    },
    "citySender": "Перемишляни",
    "cityRecipient": "Умань"
  },
  {
    "number": 59000455532047,
    "dateTime": {
      "date": {
        "year": 2019,
        "month": 10,
        "day": 17
      },
      "time": {
        "hour": 9,
        "minute": 41,
        "second": 14,
        "nano": 0
      }
    },
    "citySender": "Любомль",
    "cityRecipient": "Київ"
  },
  {
    "number": 59000455532048,
    "dateTime": {
      "date": {
        "year": 2019,
        "month": 10,
        "day": 17
      },
      "time": {
        "hour": 9,
        "minute": 41,
        "second": 16,
        "nano": 0
      }
    },
    "citySender": "Рівне",
    "cityRecipient": "Кути (Косівський р-н)"
  },
  {
    "number": 59000455532049,
    "dateTime": {
      "date": {
        "year": 2019,
        "month": 10,
        "day": 17
      },
      "time": {
        "hour": 9,
        "minute": 41,
        "second": 12,
        "nano": 0
      }
    },
    "citySender": "Хмельницький",
    "cityRecipient": "Шепетівка"
  },
  {
    "number": 59000455532050,
    "dateTime": {
      "date": {
        "year": 2019,
        "month": 10,
        "day": 17
      },
      "time": {
        "hour": 9,
        "minute": 40,
        "second": 52,
        "nano": 0
      }
    },
    "citySender": "Нікополь (Дніпропетровська обл.)",
    "cityRecipient": "Київ"
  },
  {
    "number": 59000455532051,
    "dateTime": {
      "date": {
        "year": 2019,
        "month": 10,
        "day": 17
      },
      "time": {
        "hour": 9,
        "minute": 40,
        "second": 44,
        "nano": 0
      }
    },
    "citySender": "Станиця Луганська",
    "cityRecipient": "Одеса"
  },
  {
    "number": 59000455532052,
    "dateTime": {
      "date": {
        "year": 2019,
        "month": 10,
        "day": 17
      },
      "time": {
        "hour": 9,
        "minute": 40,
        "second": 25,
        "nano": 0
      }
    },
    "citySender": "Любар",
    "cityRecipient": "Сквира"
  },
  {
    "number": 59000455532053,
    "dateTime": {
      "date": {
        "year": 2019,
        "month": 10,
        "day": 17
      },
      "time": {
        "hour": 9,
        "minute": 40,
        "second": 50,
        "nano": 0
      }
    },
    "citySender": "Харків",
    "cityRecipient": "Київ"
  },
  {
    "number": 59000455532054,
    "dateTime": {
      "date": {
        "year": 2019,
        "month": 10,
        "day": 17
      },
      "time": {
        "hour": 9,
        "minute": 40,
        "second": 36,
        "nano": 0
      }
    },
    "citySender": "Гвіздець",
    "cityRecipient": "Вінниця"
  },
  {
    "number": 59000455532055,
    "dateTime": {
      "date": {
        "year": 2019,
        "month": 10,
        "day": 17
      },
      "time": {
        "hour": 9,
        "minute": 40,
        "second": 58,
        "nano": 0
      }
    },
    "citySender": "Шепетівка",
    "cityRecipient": "Полтава"
  },
  {
    "number": 59000455532056,
    "dateTime": {
      "date": {
        "year": 2019,
        "month": 10,
        "day": 17
      },
      "time": {
        "hour": 9,
        "minute": 40,
        "second": 59,
        "nano": 0
      }
    },
    "citySender": "Рогатин",
    "cityRecipient": "Кременчук"
  },
  {
    "number": 59000455532057,
    "dateTime": {
      "date": {
        "year": 2019,
        "month": 10,
        "day": 17
      },
      "time": {
        "hour": 9,
        "minute": 41,
        "second": 18,
        "nano": 0
      }
    },
    "citySender": "Полтава",
    "cityRecipient": "Одеса"
  },
  {
    "number": 59000455532058,
    "dateTime": {
      "date": {
        "year": 2019,
        "month": 10,
        "day": 17
      },
      "time": {
        "hour": 9,
        "minute": 41,
        "second": 17,
        "nano": 0
      }
    },
    "citySender": "Котельва",
    "cityRecipient": "Токарі"
  },
  {
    "number": 59000455532059,
    "dateTime": {
      "date": {
        "year": 2019,
        "month": 10,
        "day": 17
      },
      "time": {
        "hour": 9,
        "minute": 40,
        "second": 2,
        "nano": 0
      }
    },
    "citySender": "Лозова",
    "cityRecipient": "Козин (Київська обл.)"
  },
  {
    "number": 59000455532062,
    "dateTime": {
      "date": {
        "year": 2019,
        "month": 10,
        "day": 17
      },
      "time": {
        "hour": 9,
        "minute": 41,
        "second": 11,
        "nano": 0
      }
    },
    "citySender": "Київ",
    "cityRecipient": "Дніпро"
  },
  {
    "number": 59000455532063,
    "dateTime": {
      "date": {
        "year": 2019,
        "month": 10,
        "day": 17
      },
      "time": {
        "hour": 9,
        "minute": 41,
        "second": 15,
        "nano": 0
      }
    },
    "citySender": "Випасне (Білгород-Дністровський р-н)",
    "cityRecipient": "Київ"
  },
  {
    "number": 59000455532064,
    "dateTime": {
      "date": {
        "year": 2019,
        "month": 10,
        "day": 17
      },
      "time": {
        "hour": 9,
        "minute": 41,
        "second": 9,
        "nano": 0
      }
    },
    "citySender": "Львів",
    "cityRecipient": "Чернівці"
  },
  {
    "number": 59000455532066,
    "dateTime": {
      "date": {
        "year": 2019,
        "month": 10,
        "day": 17
      },
      "time": {
        "hour": 9,
        "minute": 40,
        "second": 32,
        "nano": 0
      }
    },
    "citySender": "Кам\u0027янка-Дніпровська (Запорізька обл.)",
    "cityRecipient": "Святопетрівське (Києво-Свят.р-н)"
  },
  {
    "number": 59000455532067,
    "dateTime": {
      "date": {
        "year": 2019,
        "month": 10,
        "day": 17
      },
      "time": {
        "hour": 9,
        "minute": 41,
        "second": 14,
        "nano": 0
      }
    },
    "citySender": "Біла Церква",
    "cityRecipient": "Димер"
  },
  {
    "number": 59000455532068,
    "dateTime": {
      "date": {
        "year": 2019,
        "month": 10,
        "day": 17
      },
      "time": {
        "hour": 9,
        "minute": 41,
        "second": 13,
        "nano": 0
      }
    },
    "citySender": "Южне",
    "cityRecipient": "Дніпро"
  },
  {
    "number": 59000455532069,
    "dateTime": {
      "date": {
        "year": 2019,
        "month": 10,
        "day": 17
      },
      "time": {
        "hour": 9,
        "minute": 41,
        "second": 17,
        "nano": 0
      }
    },
    "citySender": "Первомайськ(Микол.обл.Первомайс.р-н)",
    "cityRecipient": "Львів"
  },
  {
    "number": 59000455532070,
    "dateTime": {
      "date": {
        "year": 2019,
        "month": 10,
        "day": 17
      },
      "time": {
        "hour": 9,
        "minute": 40,
        "second": 25,
        "nano": 0
      }
    },
    "citySender": "Харків",
    "cityRecipient": "Львів"
  },
  {
    "number": 59000455532071,
    "dateTime": {
      "date": {
        "year": 2019,
        "month": 10,
        "day": 17
      },
      "time": {
        "hour": 9,
        "minute": 41,
        "second": 17,
        "nano": 0
      }
    },
    "citySender": "Оброшине",
    "cityRecipient": "Запитів"
  },
  {
    "number": 59000455532072,
    "dateTime": {
      "date": {
        "year": 2019,
        "month": 10,
        "day": 17
      },
      "time": {
        "hour": 9,
        "minute": 40,
        "second": 37,
        "nano": 0
      }
    },
    "citySender": "Часів Яр",
    "cityRecipient": "Вінниця"
  },
  {
    "number": 59000455532073,
    "dateTime": {
      "date": {
        "year": 2019,
        "month": 10,
        "day": 17
      },
      "time": {
        "hour": 9,
        "minute": 40,
        "second": 28,
        "nano": 0
      }
    },
    "citySender": "Рокосово",
    "cityRecipient": "Солотвино"
  },
  {
    "number": 59000455532074,
    "dateTime": {
      "date": {
        "year": 2019,
        "month": 10,
        "day": 17
      },
      "time": {
        "hour": 9,
        "minute": 40,
        "second": 43,
        "nano": 0
      }
    },
    "citySender": "Коростишів",
    "cityRecipient": "Житомир"
  },
  {
    "number": 59000455532075,
    "dateTime": {
      "date": {
        "year": 2019,
        "month": 10,
        "day": 17
      },
      "time": {
        "hour": 9,
        "minute": 41,
        "second": 8,
        "nano": 0
      }
    },
    "citySender": "Одеса",
    "cityRecipient": "Луцьк"
  },
  {
    "number": 59000455532076,
    "dateTime": {
      "date": {
        "year": 2019,
        "month": 10,
        "day": 17
      },
      "time": {
        "hour": 9,
        "minute": 41,
        "second": 20,
        "nano": 0
      }
    },
    "citySender": "Луцьк",
    "cityRecipient": "Запоріжжя"
  },
  {
    "number": 59000455532077,
    "dateTime": {
      "date": {
        "year": 2019,
        "month": 10,
        "day": 17
      },
      "time": {
        "hour": 9,
        "minute": 40,
        "second": 16,
        "nano": 0
      }
    },
    "citySender": "Біла Церква",
    "cityRecipient": "Київ"
  },
  {
    "number": 59000455532078,
    "dateTime": {
      "date": {
        "year": 2019,
        "month": 10,
        "day": 17
      },
      "time": {
        "hour": 9,
        "minute": 41,
        "second": 2,
        "nano": 0
      }
    },
    "citySender": "Нова Водолага",
    "cityRecipient": "Запоріжжя"
  },
  {
    "number": 59000455532079,
    "dateTime": {
      "date": {
        "year": 2019,
        "month": 10,
        "day": 17
      },
      "time": {
        "hour": 9,
        "minute": 40,
        "second": 30,
        "nano": 0
      }
    },
    "citySender": "Ямпіль (Вінницька обл.)",
    "cityRecipient": "Оріхів"
  },
  {
    "number": 59000455532081,
    "dateTime": {
      "date": {
        "year": 2019,
        "month": 10,
        "day": 17
      },
      "time": {
        "hour": 9,
        "minute": 41,
        "second": 24,
        "nano": 0
      }
    },
    "citySender": "Дніпро",
    "cityRecipient": "Київ"
  },
  {
    "number": 59000455532082,
    "dateTime": {
      "date": {
        "year": 2019,
        "month": 10,
        "day": 17
      },
      "time": {
        "hour": 9,
        "minute": 39,
        "second": 28,
        "nano": 0
      }
    },
    "citySender": "Маріуполь",
    "cityRecipient": "Нові Білокоровичі"
  },
  {
    "number": 59000455532083,
    "dateTime": {
      "date": {
        "year": 2019,
        "month": 10,
        "day": 17
      },
      "time": {
        "hour": 9,
        "minute": 39,
        "second": 51,
        "nano": 0
      }
    },
    "citySender": "Полтава",
    "cityRecipient": "Київ"
  },
  {
    "number": 59000455532084,
    "dateTime": {
      "date": {
        "year": 2019,
        "month": 10,
        "day": 17
      },
      "time": {
        "hour": 9,
        "minute": 40,
        "second": 59,
        "nano": 0
      }
    },
    "citySender": "Березанка(Миколаївська обл.)",
    "cityRecipient": "Десна (Чернігівська обл.)"
  }
]