[
  {
    "number": 59000455531486,
    "dateTime": {
      "date": {
        "year": 2019,
        "month": 10,
        "day": 17
      },
      "time": {
        "hour": 9,
        "minute": 38,
        "second": 44,
        "nano": 0
      }
    },
    "citySender": "Тернівка",
    "cityRecipient": "Дніпро"
  },
  {
    "number": 59000455531487,
    "dateTime": {
      "date": {
        "year": 2019,
        "month": 10,
        "day": 17
      },
      "time": {
        "hour": 9,
        "minute": 38,
        "second": 47,
        "nano": 0
      }
    },
    "citySender": "Нікополь (Дніпропетровська обл.)",
    "cityRecipient": "Київ"
  },
  {
    "number": 59000455531488,
    "dateTime": {
      "date": {
        "year": 2019,
        "month": 10,
        "day": 17
      },
      "time": {
        "hour": 9,
        "minute": 38,
        "second": 53,
        "nano": 0
      }
    },
    "citySender": "Турбів",
    "cityRecipient": "Київ"
  },
  {
    "number": 59000455531489,
    "dateTime": {
      "date": {
        "year": 2019,
        "month": 10,
        "day": 17
      },
      "time": {
        "hour": 9,
        "minute": 38,
        "second": 45,
        "nano": 0
      }
    },
    "citySender": "Івано-Франківськ",
    "cityRecipient": "Надвірна"
  },
  {
    "number": 59000455531490,
    "dateTime": {
      "date": {
        "year": 2019,
        "month": 10,
        "day": 17
      },
      "time": {
        "hour": 9,
        "minute": 39,
        "second": 16,
        "nano": 0
      }
    },
    "citySender": "Київ",
    "cityRecipient": "Херсон"
  },
  {
    "number": 59000455531491,
    "dateTime": {
      "date": {
        "year": 2019,
        "month": 10,
        "day": 17
      },
      "time": {
        "hour": 9,
        "minute": 39,
        "second": 25,
        "nano": 0
      }
    },
    "citySender": "Жашків",
    "cityRecipient": "Тернопіль"
  },
  {
    "number": 59000455531492,
    "dateTime": {
      "date": {
        "year": 2019,
        "month": 10,
        "day": 17
      },
      "time": {
        "hour": 9,
        "minute": 37,
        "second": 35,
        "nano": 0
      }
    },
    "citySender": "Чернігів",
    "cityRecipient": "Київ"
  },
  {
    "number": 59000455531493,
    "dateTime": {
      "date": {
        "year": 2019,
        "month": 10,
        "day": 17
      },
      "time": {
        "hour": 9,
        "minute": 38,
        "second": 59,
        "nano": 0
      }
    },
    "citySender": "Жмеринка",
    "cityRecipient": "Кременчук"
  },
  {
    "number": 59000455531494,
    "dateTime": {
      "date": {
        "year": 2019,
        "month": 10,
        "day": 17
      },
      "time": {
        "hour": 9,
        "minute": 39,
        "second": 25,
        "nano": 0
      }
    },
    "citySender": "Кривий Ріг",
    "cityRecipient": "Київ"
  },
  {
    "number": 59000455531495,
    "dateTime": {
      "date": {
        "year": 2019,
        "month": 10,
        "day": 17
      },
      "time": {
        "hour": 9,
        "minute": 39,
        "second": 24,
        "nano": 0
      }
    },
    "citySender": "Ратне",
    "cityRecipient": "Шостка"
  },
  {
    "number": 59000455531496,
    "dateTime": {
      "date": {
        "year": 2019,
        "month": 10,
        "day": 17
      },
      "time": {
        "hour": 9,
        "minute": 39,
        "second": 25,
        "nano": 0
      }
    },
    "citySender": "Володарка",
    "cityRecipient": "Мирноград"
  },
  {
    "number": 59000455531497,
    "dateTime": {
      "date": {
        "year": 2019,
        "month": 10,
        "day": 17
      },
      "time": {
        "hour": 9,
        "minute": 39,
        "second": 26,
        "nano": 0
      }
    },
    "citySender": "Бердянськ",
    "cityRecipient": "Харків"
  },
  {
    "number": 59000455531498,
    "dateTime": {
      "date": {
        "year": 2019,
        "month": 10,
        "day": 17
      },
      "time": {
        "hour": 9,
        "minute": 39,
        "second": 18,
        "nano": 0
      }
    },
    "citySender": "Миколаїв",
    "cityRecipient": "Оженин"
  },
  {
    "number": 59000455531499,
    "dateTime": {
      "date": {
        "year": 2019,
        "month": 10,
        "day": 17
      },
      "time": {
        "hour": 9,
        "minute": 39,
        "second": 4,
        "nano": 0
      }
    },
    "citySender": "Одеса",
    "cityRecipient": "Київ"
  },
  {
    "number": 59000455531500,
    "dateTime": {
      "date": {
        "year": 2019,
        "month": 10,
        "day": 17
      },
      "time": {
        "hour": 9,
        "minute": 39,
        "second": 7,
        "nano": 0
      }
    },
    "citySender": "Шпола",
    "cityRecipient": "Бровари"
  },
  {
    "number": 59000455531501,
    "dateTime": {
      "date": {
        "year": 2019,
        "month": 10,
        "day": 17
      },
      "time": {
        "hour": 9,
        "minute": 39,
        "second": 25,
        "nano": 0
      }
    },
    "citySender": "Спаське (Дніпропетровська обл.)",
    "cityRecipient": "Ужгород"
  },
  {
    "number": 59000455531503,
    "dateTime": {
      "date": {
        "year": 2019,
        "month": 10,
        "day": 17
      },
      "time": {
        "hour": 9,
        "minute": 38,
        "second": 55,
        "nano": 0
      }
    },
    "citySender": "Чернівці",
    "cityRecipient": "Дніпро"
  },
  {
    "number": 59000455531504,
    "dateTime": {
      "date": {
        "year": 2019,
        "month": 10,
        "day": 17
      },
      "time": {
        "hour": 9,
        "minute": 39,
        "second": 6,
        "nano": 0
      }
    },
    "citySender": "Овідіополь",
    "cityRecipient": "Білгород-Дністровський"
  },
  {
    "number": 59000455531505,
    "dateTime": {
      "date": {
        "year": 2019,
        "month": 10,
        "day": 17
      },
      "time": {
        "hour": 9,
        "minute": 39,
        "second": 0,
        "nano": 0
      }
    },
    "citySender": "Святогірськ",
    "cityRecipient": "Маріуполь"
  },
  {
    "number": 59000455531506,
    "dateTime": {
      "date": {
        "year": 2019,
        "month": 10,
        "day": 17
      },
      "time": {
        "hour": 9,
        "minute": 39,
        "second": 28,
        "nano": 0
      }
    },
    "citySender": "Дніпро",
    "cityRecipient": "Білгород-Дністровський"
  },
  {
    "number": 59000455531507,
    "dateTime": {
      "date": {
        "year": 2019,
        "month": 10,
        "day": 17
      },
      "time": {
        "hour": 9,
        "minute": 39,
        "second": 28,
        "nano": 0
      }
    },
    "citySender": "Южне",
    "cityRecipient": "Стоянка"
  },
  {
    "number": 59000455531508,
    "dateTime": {
      "date": {
        "year": 2019,
        "month": 10,
        "day": 17
      },
      "time": {
        "hour": 9,
        "minute": 39,
        "second": 18,
        "nano": 0
      }
    },
    "citySender": "Київ",
    "cityRecipient": "Чернігів"
  },
  {
    "number": 59000455531509,
    "dateTime": {
      "date": {
        "year": 2019,
        "month": 10,
        "day": 17
      },
      "time": {
        "hour": 9,
        "minute": 39,
        "second": 22,
        "nano": 0
      }
    },
    "citySender": "Київ",
    "cityRecipient": "Суми"
  },
  {
    "number": 59000455531510,
    "dateTime": {
      "date": {
        "year": 2019,
        "month": 10,
        "day": 17
      },
      "time": {
        "hour": 9,
        "minute": 39,
        "second": 29,
        "nano": 0
      }
    },
    "citySender": "Монастирище",
    "cityRecipient": "Київ"
  },
  {
    "number": 59000455531511,
    "dateTime": {
      "date": {
        "year": 2019,
        "month": 10,
        "day": 17
      },
      "time": {
        "hour": 9,
        "minute": 39,
        "second": 17,
        "nano": 0
      }
    },
    "citySender": "Харків",
    "cityRecipient": "Київ"
  },
  {
    "number": 59000455531513,
    "dateTime": {
      "date": {
        "year": 2019,
        "month": 10,
        "day": 17
      },
      "time": {
        "hour": 9,
        "minute": 37,
        "second": 35,
        "nano": 0
      }
    },
    "citySender": "Андрушівка",
    "cityRecipient": "Новомосковськ"
  },
  {
    "number": 59000455531514,
    "dateTime": {
      "date": {
        "year": 2019,
        "month": 10,
        "day": 17
      },
      "time": {
        "hour": 9,
        "minute": 38,
        "second": 54,
        "nano": 0
      }
    },
    "citySender": "Шепетівка",
    "cityRecipient": "Рівне"
  },
  {
    "number": 59000455531515,
    "dateTime": {
      "date": {
        "year": 2019,
        "month": 10,
        "day": 17
      },
      "time": {
        "hour": 9,
        "minute": 39,
        "second": 8,
        "nano": 0
      }
    },
    "citySender": "Львів",
    "cityRecipient": "Миколаїв"
  },
  {
    "number": 59000455531516,
    "dateTime": {
      "date": {
        "year": 2019,
        "month": 10,
        "day": 17
      },
      "time": {
        "hour": 9,
        "minute": 39,
        "second": 27,
        "nano": 0
      }
    },
    "citySender": "Київ",
    "cityRecipient": "Вишгород"
  },
  {
    "number": 59000455531517,
    "dateTime": {
      "date": {
        "year": 2019,
        "month": 10,
        "day": 17
      },
      "time": {
        "hour": 9,
        "minute": 39,
        "second": 7,
        "nano": 0
      }
    },
    "citySender": "Теплодар",
    "cityRecipient": "Валки"
  },
  {
    "number": 59000455531518,
    "dateTime": {
      "date": {
        "year": 2019,
        "month": 10,
        "day": 17
      },
      "time": {
        "hour": 9,
        "minute": 38,
        "second": 59,
        "nano": 0
      }
    },
    "citySender": "Дніпро",
    "cityRecipient": "Київ"
  },
  {
    "number": 59000455531519,
    "dateTime": {
      "date": {
        "year": 2019,
        "month": 10,
        "day": 17
      },
      "time": {
        "hour": 9,
        "minute": 39,
        "second": 19,
        "nano": 0
      }
    },
    "citySender": "Генічеськ",
    "cityRecipient": "Чернігів"
  },
  {
    "number": 59000455531520,
    "dateTime": {
      "date": {
        "year": 2019,
        "month": 10,
        "day": 17
      },
      "time": {
        "hour": 9,
        "minute": 39,
        "second": 29,
        "nano": 0
      }
    },
    "citySender": "Львів",
    "cityRecipient": "Броди"
  },
  {
    "number": 59000455531521,
    "dateTime": {
      "date": {
        "year": 2019,
        "month": 10,
        "day": 17
      },
      "time": {
        "hour": 9,
        "minute": 39,
        "second": 22,
        "nano": 0
      }
    },
    "citySender": "Запоріжжя",
    "cityRecipient": "Харків"
  },
  {
    "number": 59000455531523,
    "dateTime": {
      "date": {
        "year": 2019,
        "month": 10,
        "day": 17
      },
      "time": {
        "hour": 9,
        "minute": 39,
        "second": 8,
        "nano": 0
      }
    },
    "citySender": "Решетилівка",
    "cityRecipient": "Одеса"
  },
  {
    "number": 59000455531524,
    "dateTime": {
      "date": {
        "year": 2019,
        "month": 10,
        "day": 17
      },
      "time": {
        "hour": 9,
        "minute": 38,
        "second": 54,
        "nano": 0
      }
    },
    "citySender": "Київ",
    "cityRecipient": "Кривий Ріг"
  },
  {
    "number": 59000455531525,
    "dateTime": {
      "date": {
        "year": 2019,
        "month": 10,
        "day": 17
      },
      "time": {
        "hour": 9,
        "minute": 39,
        "second": 25,
        "nano": 0
      }
    },
    "citySender": "Переяслав-Хмельницький",
    "cityRecipient": "Київ"
  },
  {
    "number": 59000455531526,
    "dateTime": {
      "date": {
        "year": 2019,
        "month": 10,
        "day": 17
      },
      "time": {
        "hour": 9,
        "minute": 38,
        "second": 41,
        "nano": 0
      }
    },
    "citySender": "Павлоград",
    "cityRecipient": "Київ"
  },
  {
    "number": 59000455531527,
    "dateTime": {
      "date": {
        "year": 2019,
        "month": 10,
        "day": 17
      },
      "time": {
        "hour": 9,
        "minute": 37,
        "second": 11,
        "nano": 0
      }
    },
    "citySender": "Тростянець (Сумська обл.)",
    "cityRecipient": "Конотоп"
  },
  {
    "number": 59000455531528,
    "dateTime": {
      "date": {
        "year": 2019,
        "month": 10,
        "day": 17
      },
      "time": {
        "hour": 9,
        "minute": 39,
        "second": 13,
        "nano": 0
      }
    },
    "citySender": "Червона Слобода (Київська обл.)",
    "cityRecipient": "Великий Дальник"
  },
  {
    "number": 59000455531529,
    "dateTime": {
      "date": {
        "year": 2019,
        "month": 10,
        "day": 17
      },
      "time": {
        "hour": 9,
        "minute": 39,
        "second": 28,
        "nano": 0
      }
    },
    "citySender": "Харків",
    "cityRecipient": "Кам\u0027янське(Дніпропетровська обл)"
  },
  {
    "number": 59000455531530,
    "dateTime": {
      "date": {
        "year": 2019,
        "month": 10,
        "day": 17
      },
      "time": {
        "hour": 9,
        "minute": 39,
        "second": 29,
        "nano": 0
      }
    },
    "citySender": "Бровари",
    "cityRecipient": "Київ"
  },
  {
    "number": 59000455531533,
    "dateTime": {
      "date": {
        "year": 2019,
        "month": 10,
        "day": 17
      },
      "time": {
        "hour": 9,
        "minute": 39,
        "second": 33,
        "nano": 0
      }
    },
    "citySender": "Черкаси",
    "cityRecipient": "Корсунь-Шевченківський"
  },
  {
    "number": 59000455531534,
    "dateTime": {
      "date": {
        "year": 2019,
        "month": 10,
        "day": 17
      },
      "time": {
        "hour": 9,
        "minute": 39,
        "second": 35,
        "nano": 0
      }
    },
    "citySender": "Павлоград",
    "cityRecipient": "Київ"
  },
  {
    "number": 59000455531535,
    "dateTime": {
      "date": {
        "year": 2019,
        "month": 10,
        "day": 17
      },
      "time": {
        "hour": 9,
        "minute": 39,
        "second": 22,
        "nano": 0
      }
    },
    "citySender": "Харків",
    "cityRecipient": "Борова (Київська обл.)"
  },
  {
    "number": 59000455531536,
    "dateTime": {
      "date": {
        "year": 2019,
        "month": 10,
        "day": 17
      },
      "time": {
        "hour": 9,
        "minute": 39,
        "second": 15,
        "nano": 0
      }
    },
    "citySender": "Київ",
    "cityRecipient": "Рівне"
  },
  {
    "number": 59000455531537,
    "dateTime": {
      "date": {
        "year": 2019,
        "month": 10,
        "day": 17
      },
      "time": {
        "hour": 9,
        "minute": 39,
        "second": 33,
        "nano": 0
      }
    },
    "citySender": "Одеса",
    "cityRecipient": "Кременчук"
  },
  {
    "number": 59000455531538,
    "dateTime": {
      "date": {
        "year": 2019,
        "month": 10,
        "day": 17
      },
      "time": {
        "hour": 9,
        "minute": 39,
        "second": 6,
        "nano": 0
      }
    },
    "citySender": "Запоріжжя",
    "cityRecipient": "Харків"
  },
  {
    "number": 59000455531539,
    "dateTime": {
      "date": {
        "year": 2019,
        "month": 10,
        "day": 17
      },
      "time": {
        "hour": 9,
        "minute": 39,
        "second": 32,
        "nano": 0
      }
    },
    "citySender": "Вороновиця",
    "cityRecipient": "Славутич"
  },
  {
    "number": 59000455531540,
    "dateTime": {
      "date": {
        "year": 2019,
        "month": 10,
        "day": 17
      },
      "time": {
        "hour": 9,
        "minute": 39,
        "second": 36,
        "nano": 0
      }
    },
    "citySender": "Одеса",
    "cityRecipient": "Дніпро"
  },
  {
    "number": 59000455531541,
    "dateTime": {
      "date": {
        "year": 2019,
        "month": 10,
        "day": 17
      },
      "time": {
        "hour": 9,
        "minute": 38,
        "second": 51,
        "nano": 0
      }
    },
    "citySender": "Часів Яр",
    "cityRecipient": "Мирноград"
  },
  {
    "number": 59000455531542,
    "dateTime": {
      "date": {
        "year": 2019,
        "month": 10,
        "day": 17
      },
      "time": {
        "hour": 9,
        "minute": 37,
        "second": 59,
        "nano": 0
      }
    },
    "citySender": "Старобільськ",
    "cityRecipient": "Київ"
  },
  {
    "number": 59000455531543,
    "dateTime": {
      "date": {
        "year": 2019,
        "month": 10,
        "day": 17
      },
      "time": {
        "hour": 9,
        "minute": 37,
        "second": 54,
        "nano": 0
      }
    },
    "citySender": "Краснопавлівка",
    "cityRecipient": "Київ"
  },
  {
    "number": 59000455531544,
    "dateTime": {
      "date": {
        "year": 2019,
        "month": 10,
        "day": 17
      },
      "time": {
        "hour": 9,
        "minute": 38,
        "second": 50,
        "nano": 0
      }
    },
    "citySender": "Стрий",
    "cityRecipient": "Горішні Плавні"
  },
  {
    "number": 59000455531545,
    "dateTime": {
      "date": {
        "year": 2019,
        "month": 10,
        "day": 17
      },
      "time": {
        "hour": 9,
        "minute": 38,
        "second": 59,
        "nano": 0
      }
    },
    "citySender": "Кропивницький",
    "cityRecipient": "Київ"
  },
  {
    "number": 59000455531546,
    "dateTime": {
      "date": {
        "year": 2019,
        "month": 10,
        "day": 17
      },
      "time": {
        "hour": 9,
        "minute": 39,
        "second": 30,
        "nano": 0
      }
    },
    "citySender": "Одеса",
    "cityRecipient": "Одеса"
  },
  {
    "number": 59000455531547,
    "dateTime": {
      "date": {
        "year": 2019,
        "month": 10,
        "day": 17
      },
      "time": {
        "hour": 9,
        "minute": 38,
        "second": 59,
        "nano": 0
      }
    },
    "citySender": "Харків",
    "cityRecipient": "Київ"
  },
  {
    "number": 59000455531548,
    "dateTime": {
      "date": {
        "year": 2019,
        "month": 10,
        "day": 17
      },
      "time": {
        "hour": 9,
        "minute": 39,
        "second": 24,
        "nano": 0
      }
    },
    "citySender": "Київ",
    "cityRecipient": "Київ"
  },
  {
    "number": 59000455531549,
    "dateTime": {
      "date": {
        "year": 2019,
        "month": 10,
        "day": 17
      },
      "time": {
        "hour": 9,
        "minute": 39,
        "second": 13,
        "nano": 0
      }
    },
    "citySender": "Курахове",
    "cityRecipient": "Київ"
  },
  {
    "number": 59000455531550,
    "dateTime": {
      "date": {
        "year": 2019,
        "month": 10,
        "day": 17
      },
      "time": {
        "hour": 9,
        "minute": 39,
        "second": 38,
        "nano": 0
      }
    },
    "citySender": "Доманівка",
    "cityRecipient": "Одеса"
  },
  {
    "number": 59000455531551,
    "dateTime": {
      "date": {
        "year": 2019,
        "month": 10,
        "day": 17
      },
      "time": {
        "hour": 9,
        "minute": 38,
        "second": 55,
        "nano": 0
      }
    },
    "citySender": "Одеса",
    "cityRecipient": "Затишшя"
  },
  {
    "number": 59000455531552,
    "dateTime": {
      "date": {
        "year": 2019,
        "month": 10,
        "day": 17
      },
      "time": {
        "hour": 9,
        "minute": 39,
        "second": 27,
        "nano": 0
      }
    },
    "citySender": "Миколаїв",
    "cityRecipient": "Харків"
  },
  {
    "number": 59000455531553,
    "dateTime": {
      "date": {
        "year": 2019,
        "month": 10,
        "day": 17
      },
      "time": {
        "hour": 9,
        "minute": 39,
        "second": 3,
        "nano": 0
      }
    },
    "citySender": "Дніпровське",
    "cityRecipient": "Харків"
  },
  {
    "number": 59000455531554,
    "dateTime": {
      "date": {
        "year": 2019,
        "month": 10,
        "day": 17
      },
      "time": {
        "hour": 9,
        "minute": 39,
        "second": 30,
        "nano": 0
      }
    },
    "citySender": "Одеса",
    "cityRecipient": "Одеса"
  },
  {
    "number": 59000455531555,
    "dateTime": {
      "date": {
        "year": 2019,
        "month": 10,
        "day": 17
      },
      "time": {
        "hour": 9,
        "minute": 39,
        "second": 12,
        "nano": 0
      }
    },
    "citySender": "Херсон",
    "cityRecipient": "Чернівці"
  },
  {
    "number": 59000455531556,
    "dateTime": {
      "date": {
        "year": 2019,
        "month": 10,
        "day": 17
      },
      "time": {
        "hour": 9,
        "minute": 39,
        "second": 24,
        "nano": 0
      }
    },
    "citySender": "Солоне",
    "cityRecipient": "Сокирниця (Хуст.р-н,Закарпатська обл.)"
  },
  {
    "number": 59000455531557,
    "dateTime": {
      "date": {
        "year": 2019,
        "month": 10,
        "day": 17
      },
      "time": {
        "hour": 9,
        "minute": 39,
        "second": 28,
        "nano": 0
      }
    },
    "citySender": "Суми",
    "cityRecipient": "Київ"
  },
  {
    "number": 59000455531558,
    "dateTime": {
      "date": {
        "year": 2019,
        "month": 10,
        "day": 17
      },
      "time": {
        "hour": 9,
        "minute": 39,
        "second": 37,
        "nano": 0
      }
    },
    "citySender": "Любимівка (Каховський р-н)",
    "cityRecipient": "Винники"
  },
  {
    "number": 59000455531559,
    "dateTime": {
      "date": {
        "year": 2019,
        "month": 10,
        "day": 17
      },
      "time": {
        "hour": 9,
        "minute": 39,
        "second": 40,
        "nano": 0
      }
    },
    "citySender": "Звенигородка",
    "cityRecipient": "Одеса"
  },
  {
    "number": 59000455531560,
    "dateTime": {
      "date": {
        "year": 2019,
        "month": 10,
        "day": 17
      },
      "time": {
        "hour": 9,
        "minute": 39,
        "second": 5,
        "nano": 0
      }
    },
    "citySender": "Семенівка(Полт.обл., Семенів.р-н)",
    "cityRecipient": "Полтава"
  },
  {
    "number": 59000455531561,
    "dateTime": {
      "date": {
        "year": 2019,
        "month": 10,
        "day": 17
      },
      "time": {
        "hour": 9,
        "minute": 39,
        "second": 10,
        "nano": 0
      }
    },
    "citySender": "Лиман(Донецька обл)",
    "cityRecipient": "Добропілля"
  },
  {
    "number": 59000455531562,
    "dateTime": {
      "date": {
        "year": 2019,
        "month": 10,
        "day": 17
      },
      "time": {
        "hour": 9,
        "minute": 39,
        "second": 40,
        "nano": 0
      }
    },
    "citySender": "Коломия",
    "cityRecipient": "Львів"
  },
  {
    "number": 59000455531563,
    "dateTime": {
      "date": {
        "year": 2019,
        "month": 10,
        "day": 17
      },
      "time": {
        "hour": 9,
        "minute": 39,
        "second": 41,
        "nano": 0
      }
    },
    "citySender": "Рясне-Руське",
    "cityRecipient": "Кам\u0027янське(Дніпропетровська обл)"
  },
  {
    "number": 59000455531564,
    "dateTime": {
      "date": {
        "year": 2019,
        "month": 10,
        "day": 17
      },
      "time": {
        "hour": 9,
        "minute": 39,
        "second": 36,
        "nano": 0
      }
    },
    "citySender": "Бровари",
    "cityRecipient": "Полтава"
  },
  {
    "number": 59000455531565,
    "dateTime": {
      "date": {
        "year": 2019,
        "month": 10,
        "day": 17
      },
      "time": {
        "hour": 9,
        "minute": 39,
        "second": 33,
        "nano": 0
      }
    },
    "citySender": "Чернігів",
    "cityRecipient": "Харків"
  },
  {
    "number": 59000455531567,
    "dateTime": {
      "date": {
        "year": 2019,
        "month": 10,
        "day": 17
      },
      "time": {
        "hour": 9,
        "minute": 39,
        "second": 10,
        "nano": 0
      }
    },
    "citySender": "Київ",
    "cityRecipient": "Рівне"
  },
  {
    "number": 59000455531568,
    "dateTime": {
      "date": {
        "year": 2019,
        "month": 10,
        "day": 17
      },
      "time": {
        "hour": 9,
        "minute": 39,
        "second": 15,
        "nano": 0
      }
    },
    "citySender": "Райське(Херсонська обл.)",
    "cityRecipient": "Ужгород"
  },
  {
    "number": 59000455531569,
    "dateTime": {
      "date": {
        "year": 2019,
        "month": 10,
        "day": 17
      },
      "time": {
        "hour": 9,
        "minute": 39,
        "second": 16,
        "nano": 0
      }
    },
    "citySender": "Воловець",
    "cityRecipient": "Стрілки"
  },
  {
    "number": 59000455531570,
    "dateTime": {
      "date": {
        "year": 2019,
        "month": 10,
        "day": 17
      },
      "time": {
        "hour": 9,
        "minute": 38,
        "second": 27,
        "nano": 0
      }
    },
    "citySender": "Одеса",
    "cityRecipient": "Житомир"
  },
  {
    "number": 59000455531571,
    "dateTime": {
      "date": {
        "year": 2019,
        "month": 10,
        "day": 17
      },
      "time": {
        "hour": 9,
        "minute": 39,
        "second": 34,
        "nano": 0
      }
    },
    "citySender": "Вінниця",
    "cityRecipient": "Чаплинка (Херсонська обл.)"
  },
  {
    "number": 59000455531572,
    "dateTime": {
      "date": {
        "year": 2019,
        "month": 10,
        "day": 17
      },
      "time": {
        "hour": 9,
        "minute": 38,
        "second": 57,
        "nano": 0
      }
    },
    "citySender": "Криве Озеро",
    "cityRecipient": "Київ"
  },
  {
    "number": 59000455531575,
    "dateTime": {
      "date": {
        "year": 2019,
        "month": 10,
        "day": 17
      },
      "time": {
        "hour": 9,
        "minute": 39,
        "second": 38,
        "nano": 0
      }
    },
    "citySender": "Київ",
    "cityRecipient": "Київ"
  },
  {
    "number": 59000455531576,
    "dateTime": {
      "date": {
        "year": 2019,
        "month": 10,
        "day": 17
      },
      "time": {
        "hour": 9,
        "minute": 39,
        "second": 29,
        "nano": 0
      }
    },
    "citySender": "Глибока",
    "cityRecipient": "Дніпро"
  },
  {
    "number": 59000455531577,
    "dateTime": {
      "date": {
        "year": 2019,
        "month": 10,
        "day": 17
      },
      "time": {
        "hour": 9,
        "minute": 38,
        "second": 48,
        "nano": 0
      }
    },
    "citySender": "Олександрія (м.Кіровогр.обл.райц)",
    "cityRecipient": "Кропивницький"
  },
  {
    "number": 59000455531578,
    "dateTime": {
      "date": {
        "year": 2019,
        "month": 10,
        "day": 17
      },
      "time": {
        "hour": 9,
        "minute": 39,
        "second": 11,
        "nano": 0
      }
    },
    "citySender": "Житомир",
    "cityRecipient": "Коростень"
  },
  {
    "number": 59000455531579,
    "dateTime": {
      "date": {
        "year": 2019,
        "month": 10,
        "day": 17
      },
      "time": {
        "hour": 9,
        "minute": 39,
        "second": 21,
        "nano": 0
      }
    },
    "citySender": "Запоріжжя",
    "cityRecipient": "Запоріжжя"
  },
  {
    "number": 59000455531580,
    "dateTime": {
      "date": {
        "year": 2019,
        "month": 10,
        "day": 17
      },
      "time": {
        "hour": 9,
        "minute": 38,
        "second": 34,
        "nano": 0
      }
    },
    "citySender": "Южноукраїнськ",
    "cityRecipient": "Сміла"
  },
  {
    "number": 59000455531581,
    "dateTime": {
      "date": {
        "year": 2019,
        "month": 10,
        "day": 17
      },
      "time": {
        "hour": 9,
        "minute": 39,
        "second": 17,
        "nano": 0
      }
    },
    "citySender": "Подільськ",
    "cityRecipient": "Одеса"
  },
  {
    "number": 59000455531582,
    "dateTime": {
      "date": {
        "year": 2019,
        "month": 10,
        "day": 17
      },
      "time": {
        "hour": 9,
        "minute": 38,
        "second": 59,
        "nano": 0
      }
    },
    "citySender": "Кривий Ріг",
    "cityRecipient": "Миколаїв"
  },
  {
    "number": 59000455531584,
    "dateTime": {
      "date": {
        "year": 2019,
        "month": 10,
        "day": 17
      },
      "time": {
        "hour": 9,
        "minute": 39,
        "second": 24,
        "nano": 0
      }
    },
    "citySender": "Запоріжжя",
    "cityRecipient": "Харків"
  },
  {
    "number": 59000455531585,
    "dateTime": {
      "date": {
        "year": 2019,
        "month": 10,
        "day": 17
      },
      "time": {
        "hour": 9,
        "minute": 39,
        "second": 44,
        "nano": 0
      }
    },
    "citySender": "Полтава",
    "cityRecipient": "Вільне (Криворізький р-н)"
  }
]