[
  {
    "number": 59000455536085,
    "dateTime": {
      "date": {
        "year": 2019,
        "month": 10,
        "day": 17
      },
      "time": {
        "hour": 9,
        "minute": 54,
        "second": 19,
        "nano": 0
      }
    },
    "citySender": "Рокитне (Рівненська обл., Рокитнівський р-н)",
    "cityRecipient": "Рівне"
  },
  {
    "number": 59000455536086,
    "dateTime": {
      "date": {
        "year": 2019,
        "month": 10,
        "day": 17
      },
      "time": {
        "hour": 9,
        "minute": 54,
        "second": 15,
        "nano": 0
      }
    },
    "citySender": "Запоріжжя",
    "cityRecipient": "Обухів"
  },
  {
    "number": 59000455536087,
    "dateTime": {
      "date": {
        "year": 2019,
        "month": 10,
        "day": 17
      },
      "time": {
        "hour": 9,
        "minute": 54,
        "second": 18,
        "nano": 0
      }
    },
    "citySender": "Кривий Ріг",
    "cityRecipient": "Київ"
  },
  {
    "number": 59000455536088,
    "dateTime": {
      "date": {
        "year": 2019,
        "month": 10,
        "day": 17
      },
      "time": {
        "hour": 9,
        "minute": 53,
        "second": 59,
        "nano": 0
      }
    },
    "citySender": "Полтава",
    "cityRecipient": "Сєвєродонецьк"
  },
  {
    "number": 59000455536089,
    "dateTime": {
      "date": {
        "year": 2019,
        "month": 10,
        "day": 17
      },
      "time": {
        "hour": 9,
        "minute": 54,
        "second": 13,
        "nano": 0
      }
    },
    "citySender": "Чернівці",
    "cityRecipient": "Чернігів"
  },
  {
    "number": 59000455536090,
    "dateTime": {
      "date": {
        "year": 2019,
        "month": 10,
        "day": 17
      },
      "time": {
        "hour": 9,
        "minute": 54,
        "second": 21,
        "nano": 0
      }
    },
    "citySender": "Запоріжжя",
    "cityRecipient": "Володимир-Волинський"
  },
  {
    "number": 59000455536091,
    "dateTime": {
      "date": {
        "year": 2019,
        "month": 10,
        "day": 17
      },
      "time": {
        "hour": 9,
        "minute": 54,
        "second": 19,
        "nano": 0
      }
    },
    "citySender": "Вінниця",
    "cityRecipient": "Мелітополь"
  },
  {
    "number": 59000455536092,
    "dateTime": {
      "date": {
        "year": 2019,
        "month": 10,
        "day": 17
      },
      "time": {
        "hour": 9,
        "minute": 54,
        "second": 28,
        "nano": 0
      }
    },
    "citySender": "Кириківка(Великописарів.р-н)",
    "cityRecipient": "Київ"
  },
  {
    "number": 59000455536093,
    "dateTime": {
      "date": {
        "year": 2019,
        "month": 10,
        "day": 17
      },
      "time": {
        "hour": 9,
        "minute": 54,
        "second": 22,
        "nano": 0
      }
    },
    "citySender": "Слов\u0027янськ",
    "cityRecipient": "Київ"
  },
  {
    "number": 59000455536094,
    "dateTime": {
      "date": {
        "year": 2019,
        "month": 10,
        "day": 17
      },
      "time": {
        "hour": 9,
        "minute": 54,
        "second": 8,
        "nano": 0
      }
    },
    "citySender": "Київ",
    "cityRecipient": "Київ"
  },
  {
    "number": 59000455536095,
    "dateTime": {
      "date": {
        "year": 2019,
        "month": 10,
        "day": 17
      },
      "time": {
        "hour": 9,
        "minute": 54,
        "second": 21,
        "nano": 0
      }
    },
    "citySender": "Київ",
    "cityRecipient": "Київ"
  },
  {
    "number": 59000455536096,
    "dateTime": {
      "date": {
        "year": 2019,
        "month": 10,
        "day": 17
      },
      "time": {
        "hour": 9,
        "minute": 53,
        "second": 54,
        "nano": 0
      }
    },
    "citySender": "Миколаїв",
    "cityRecipient": "Одеса"
  },
  {
    "number": 59000455536098,
    "dateTime": {
      "date": {
        "year": 2019,
        "month": 10,
        "day": 17
      },
      "time": {
        "hour": 9,
        "minute": 53,
        "second": 45,
        "nano": 0
      }
    },
    "citySender": "Авіаторське",
    "cityRecipient": "Київ"
  },
  {
    "number": 59000455536099,
    "dateTime": {
      "date": {
        "year": 2019,
        "month": 10,
        "day": 17
      },
      "time": {
        "hour": 9,
        "minute": 54,
        "second": 16,
        "nano": 0
      }
    },
    "citySender": "Снятин",
    "cityRecipient": "Ірпінь"
  },
  {
    "number": 59000455536100,
    "dateTime": {
      "date": {
        "year": 2019,
        "month": 10,
        "day": 17
      },
      "time": {
        "hour": 9,
        "minute": 53,
        "second": 57,
        "nano": 0
      }
    },
    "citySender": "Херсон",
    "cityRecipient": "Каїри"
  },
  {
    "number": 59000455536101,
    "dateTime": {
      "date": {
        "year": 2019,
        "month": 10,
        "day": 17
      },
      "time": {
        "hour": 9,
        "minute": 54,
        "second": 30,
        "nano": 0
      }
    },
    "citySender": "Калинівка (Вітовський р-н., Миколаївська обл.)",
    "cityRecipient": "Бровари"
  },
  {
    "number": 59000455536102,
    "dateTime": {
      "date": {
        "year": 2019,
        "month": 10,
        "day": 17
      },
      "time": {
        "hour": 9,
        "minute": 54,
        "second": 30,
        "nano": 0
      }
    },
    "citySender": "Тячів",
    "cityRecipient": "Київ"
  },
  {
    "number": 59000455536104,
    "dateTime": {
      "date": {
        "year": 2019,
        "month": 10,
        "day": 17
      },
      "time": {
        "hour": 9,
        "minute": 54,
        "second": 3,
        "nano": 0
      }
    },
    "citySender": "Чернігів",
    "cityRecipient": "Крюківщина"
  },
  {
    "number": 59000455536105,
    "dateTime": {
      "date": {
        "year": 2019,
        "month": 10,
        "day": 17
      },
      "time": {
        "hour": 9,
        "minute": 53,
        "second": 47,
        "nano": 0
      }
    },
    "citySender": "Сєвєродонецьк",
    "cityRecipient": "Вишневе"
  },
  {
    "number": 59000455536106,
    "dateTime": {
      "date": {
        "year": 2019,
        "month": 10,
        "day": 17
      },
      "time": {
        "hour": 9,
        "minute": 54,
        "second": 27,
        "nano": 0
      }
    },
    "citySender": "Лебедин (Сумська обл.)",
    "cityRecipient": "Запоріжжя"
  },
  {
    "number": 59000455536107,
    "dateTime": {
      "date": {
        "year": 2019,
        "month": 10,
        "day": 17
      },
      "time": {
        "hour": 9,
        "minute": 54,
        "second": 31,
        "nano": 0
      }
    },
    "citySender": "Чортків",
    "cityRecipient": "Первомайський (Харківська обл.)"
  },
  {
    "number": 59000455536108,
    "dateTime": {
      "date": {
        "year": 2019,
        "month": 10,
        "day": 17
      },
      "time": {
        "hour": 9,
        "minute": 52,
        "second": 5,
        "nano": 0
      }
    },
    "citySender": "Мостиська",
    "cityRecipient": "Запоріжжя"
  },
  {
    "number": 59000455536109,
    "dateTime": {
      "date": {
        "year": 2019,
        "month": 10,
        "day": 17
      },
      "time": {
        "hour": 9,
        "minute": 54,
        "second": 18,
        "nano": 0
      }
    },
    "citySender": "Сокаль",
    "cityRecipient": "Вовчанськ"
  },
  {
    "number": 59000455536110,
    "dateTime": {
      "date": {
        "year": 2019,
        "month": 10,
        "day": 17
      },
      "time": {
        "hour": 9,
        "minute": 53,
        "second": 51,
        "nano": 0
      }
    },
    "citySender": "Миколаїв",
    "cityRecipient": "Дніпро"
  },
  {
    "number": 59000455536111,
    "dateTime": {
      "date": {
        "year": 2019,
        "month": 10,
        "day": 17
      },
      "time": {
        "hour": 9,
        "minute": 53,
        "second": 35,
        "nano": 0
      }
    },
    "citySender": "Ірпінь",
    "cityRecipient": "Костянтинівка (Донецька обл.)"
  },
  {
    "number": 59000455536113,
    "dateTime": {
      "date": {
        "year": 2019,
        "month": 10,
        "day": 17
      },
      "time": {
        "hour": 9,
        "minute": 53,
        "second": 2,
        "nano": 0
      }
    },
    "citySender": "Софіївка(Дніпропетровська обл.)",
    "cityRecipient": "Старі Бабани"
  },
  {
    "number": 59000455536114,
    "dateTime": {
      "date": {
        "year": 2019,
        "month": 10,
        "day": 17
      },
      "time": {
        "hour": 9,
        "minute": 54,
        "second": 22,
        "nano": 0
      }
    },
    "citySender": "Запоріжжя",
    "cityRecipient": "Дніпро"
  },
  {
    "number": 59000455536115,
    "dateTime": {
      "date": {
        "year": 2019,
        "month": 10,
        "day": 17
      },
      "time": {
        "hour": 9,
        "minute": 54,
        "second": 7,
        "nano": 0
      }
    },
    "citySender": "Запоріжжя",
    "cityRecipient": "Одеса"
  },
  {
    "number": 59000455536117,
    "dateTime": {
      "date": {
        "year": 2019,
        "month": 10,
        "day": 17
      },
      "time": {
        "hour": 9,
        "minute": 54,
        "second": 29,
        "nano": 0
      }
    },
    "citySender": "Київ",
    "cityRecipient": "Кучурган"
  },
  {
    "number": 59000455536118,
    "dateTime": {
      "date": {
        "year": 2019,
        "month": 10,
        "day": 17
      },
      "time": {
        "hour": 9,
        "minute": 54,
        "second": 4,
        "nano": 0
      }
    },
    "citySender": "Ріпки",
    "cityRecipient": "Докучаєвське"
  },
  {
    "number": 59000455536119,
    "dateTime": {
      "date": {
        "year": 2019,
        "month": 10,
        "day": 17
      },
      "time": {
        "hour": 9,
        "minute": 54,
        "second": 29,
        "nano": 0
      }
    },
    "citySender": "Любашівка",
    "cityRecipient": "Полтава"
  },
  {
    "number": 59000455536120,
    "dateTime": {
      "date": {
        "year": 2019,
        "month": 10,
        "day": 17
      },
      "time": {
        "hour": 9,
        "minute": 54,
        "second": 29,
        "nano": 0
      }
    },
    "citySender": "Біла Церква",
    "cityRecipient": "Київ"
  },
  {
    "number": 59000455536121,
    "dateTime": {
      "date": {
        "year": 2019,
        "month": 10,
        "day": 17
      },
      "time": {
        "hour": 9,
        "minute": 54,
        "second": 0,
        "nano": 0
      }
    },
    "citySender": "Велика Лепетиха",
    "cityRecipient": "Вишневе"
  },
  {
    "number": 59000455536122,
    "dateTime": {
      "date": {
        "year": 2019,
        "month": 10,
        "day": 17
      },
      "time": {
        "hour": 9,
        "minute": 54,
        "second": 4,
        "nano": 0
      }
    },
    "citySender": "Мелітополь",
    "cityRecipient": "Запоріжжя"
  },
  {
    "number": 59000455536123,
    "dateTime": {
      "date": {
        "year": 2019,
        "month": 10,
        "day": 17
      },
      "time": {
        "hour": 9,
        "minute": 54,
        "second": 14,
        "nano": 0
      }
    },
    "citySender": "Львів",
    "cityRecipient": "Коломия"
  },
  {
    "number": 59000455536124,
    "dateTime": {
      "date": {
        "year": 2019,
        "month": 10,
        "day": 17
      },
      "time": {
        "hour": 9,
        "minute": 53,
        "second": 43,
        "nano": 0
      }
    },
    "citySender": "Підволочиськ",
    "cityRecipient": "Миколаїв"
  },
  {
    "number": 59000455536125,
    "dateTime": {
      "date": {
        "year": 2019,
        "month": 10,
        "day": 17
      },
      "time": {
        "hour": 9,
        "minute": 54,
        "second": 5,
        "nano": 0
      }
    },
    "citySender": "Чутове",
    "cityRecipient": "Київ"
  },
  {
    "number": 59000455536126,
    "dateTime": {
      "date": {
        "year": 2019,
        "month": 10,
        "day": 17
      },
      "time": {
        "hour": 9,
        "minute": 54,
        "second": 24,
        "nano": 0
      }
    },
    "citySender": "Одеса",
    "cityRecipient": "Вінниця"
  },
  {
    "number": 59000455536127,
    "dateTime": {
      "date": {
        "year": 2019,
        "month": 10,
        "day": 17
      },
      "time": {
        "hour": 9,
        "minute": 54,
        "second": 14,
        "nano": 0
      }
    },
    "citySender": "Вороньків",
    "cityRecipient": "Житомир"
  },
  {
    "number": 59000455536128,
    "dateTime": {
      "date": {
        "year": 2019,
        "month": 10,
        "day": 17
      },
      "time": {
        "hour": 9,
        "minute": 53,
        "second": 39,
        "nano": 0
      }
    },
    "citySender": "Хорол",
    "cityRecipient": "Харків"
  },
  {
    "number": 59000455536129,
    "dateTime": {
      "date": {
        "year": 2019,
        "month": 10,
        "day": 17
      },
      "time": {
        "hour": 9,
        "minute": 54,
        "second": 22,
        "nano": 0
      }
    },
    "citySender": "Львів",
    "cityRecipient": "Київ"
  },
  {
    "number": 59000455536130,
    "dateTime": {
      "date": {
        "year": 2019,
        "month": 10,
        "day": 17
      },
      "time": {
        "hour": 9,
        "minute": 54,
        "second": 26,
        "nano": 0
      }
    },
    "citySender": "Дніпровське",
    "cityRecipient": "Київ"
  },
  {
    "number": 59000455536131,
    "dateTime": {
      "date": {
        "year": 2019,
        "month": 10,
        "day": 17
      },
      "time": {
        "hour": 9,
        "minute": 54,
        "second": 24,
        "nano": 0
      }
    },
    "citySender": "Львів",
    "cityRecipient": "Суми"
  },
  {
    "number": 59000455536132,
    "dateTime": {
      "date": {
        "year": 2019,
        "month": 10,
        "day": 17
      },
      "time": {
        "hour": 9,
        "minute": 54,
        "second": 37,
        "nano": 0
      }
    },
    "citySender": "Київ",
    "cityRecipient": "Одеса"
  },
  {
    "number": 59000455536133,
    "dateTime": {
      "date": {
        "year": 2019,
        "month": 10,
        "day": 17
      },
      "time": {
        "hour": 9,
        "minute": 53,
        "second": 56,
        "nano": 0
      }
    },
    "citySender": "Ужгород",
    "cityRecipient": "Некрасове (Вінницький р-н)"
  },
  {
    "number": 59000455536134,
    "dateTime": {
      "date": {
        "year": 2019,
        "month": 10,
        "day": 17
      },
      "time": {
        "hour": 9,
        "minute": 54,
        "second": 13,
        "nano": 0
      }
    },
    "citySender": "Краматорськ",
    "cityRecipient": "Костопіль"
  },
  {
    "number": 59000455536135,
    "dateTime": {
      "date": {
        "year": 2019,
        "month": 10,
        "day": 17
      },
      "time": {
        "hour": 9,
        "minute": 54,
        "second": 37,
        "nano": 0
      }
    },
    "citySender": "Тячів",
    "cityRecipient": "Київ"
  },
  {
    "number": 59000455536136,
    "dateTime": {
      "date": {
        "year": 2019,
        "month": 10,
        "day": 17
      },
      "time": {
        "hour": 9,
        "minute": 54,
        "second": 0,
        "nano": 0
      }
    },
    "citySender": "Лисянка",
    "cityRecipient": "Київ"
  },
  {
    "number": 59000455536137,
    "dateTime": {
      "date": {
        "year": 2019,
        "month": 10,
        "day": 17
      },
      "time": {
        "hour": 9,
        "minute": 53,
        "second": 49,
        "nano": 0
      }
    },
    "citySender": "Дніпро",
    "cityRecipient": "Київ"
  },
  {
    "number": 59000455536138,
    "dateTime": {
      "date": {
        "year": 2019,
        "month": 10,
        "day": 17
      },
      "time": {
        "hour": 9,
        "minute": 53,
        "second": 36,
        "nano": 0
      }
    },
    "citySender": "Березівка",
    "cityRecipient": "Одеса"
  },
  {
    "number": 59000455536139,
    "dateTime": {
      "date": {
        "year": 2019,
        "month": 10,
        "day": 17
      },
      "time": {
        "hour": 9,
        "minute": 54,
        "second": 10,
        "nano": 0
      }
    },
    "citySender": "Київ",
    "cityRecipient": "Київ"
  },
  {
    "number": 59000455536140,
    "dateTime": {
      "date": {
        "year": 2019,
        "month": 10,
        "day": 17
      },
      "time": {
        "hour": 9,
        "minute": 53,
        "second": 27,
        "nano": 0
      }
    },
    "citySender": "Нікольське (Володарський р-н., Донецька обл.)",
    "cityRecipient": "Миколаїв"
  },
  {
    "number": 59000455536141,
    "dateTime": {
      "date": {
        "year": 2019,
        "month": 10,
        "day": 17
      },
      "time": {
        "hour": 9,
        "minute": 54,
        "second": 6,
        "nano": 0
      }
    },
    "citySender": "Кагарлик",
    "cityRecipient": "Київ"
  },
  {
    "number": 59000455536142,
    "dateTime": {
      "date": {
        "year": 2019,
        "month": 10,
        "day": 17
      },
      "time": {
        "hour": 9,
        "minute": 53,
        "second": 37,
        "nano": 0
      }
    },
    "citySender": "Вінниця",
    "cityRecipient": "Харків"
  },
  {
    "number": 59000455536143,
    "dateTime": {
      "date": {
        "year": 2019,
        "month": 10,
        "day": 17
      },
      "time": {
        "hour": 9,
        "minute": 54,
        "second": 39,
        "nano": 0
      }
    },
    "citySender": "Чернігів",
    "cityRecipient": "Ірпінь"
  },
  {
    "number": 59000455536144,
    "dateTime": {
      "date": {
        "year": 2019,
        "month": 10,
        "day": 17
      },
      "time": {
        "hour": 9,
        "minute": 54,
        "second": 39,
        "nano": 0
      }
    },
    "citySender": "Ромни",
    "cityRecipient": "Павлоград"
  },
  {
    "number": 59000455536145,
    "dateTime": {
      "date": {
        "year": 2019,
        "month": 10,
        "day": 17
      },
      "time": {
        "hour": 9,
        "minute": 54,
        "second": 27,
        "nano": 0
      }
    },
    "citySender": "Дніпро",
    "cityRecipient": "Буки"
  },
  {
    "number": 59000455536146,
    "dateTime": {
      "date": {
        "year": 2019,
        "month": 10,
        "day": 17
      },
      "time": {
        "hour": 9,
        "minute": 54,
        "second": 40,
        "nano": 0
      }
    },
    "citySender": "Костянтинівка (Донецька обл.)",
    "cityRecipient": "Київ"
  },
  {
    "number": 59000455536147,
    "dateTime": {
      "date": {
        "year": 2019,
        "month": 10,
        "day": 17
      },
      "time": {
        "hour": 9,
        "minute": 54,
        "second": 35,
        "nano": 0
      }
    },
    "citySender": "Вільнянськ",
    "cityRecipient": "Харків"
  },
  {
    "number": 59000455536148,
    "dateTime": {
      "date": {
        "year": 2019,
        "month": 10,
        "day": 17
      },
      "time": {
        "hour": 9,
        "minute": 54,
        "second": 4,
        "nano": 0
      }
    },
    "citySender": "Щасливе",
    "cityRecipient": "Боярка"
  },
  {
    "number": 59000455536149,
    "dateTime": {
      "date": {
        "year": 2019,
        "month": 10,
        "day": 17
      },
      "time": {
        "hour": 9,
        "minute": 54,
        "second": 33,
        "nano": 0
      }
    },
    "citySender": "Почаїв",
    "cityRecipient": "Бердичів"
  },
  {
    "number": 59000455536150,
    "dateTime": {
      "date": {
        "year": 2019,
        "month": 10,
        "day": 17
      },
      "time": {
        "hour": 9,
        "minute": 54,
        "second": 41,
        "nano": 0
      }
    },
    "citySender": "Житомир",
    "cityRecipient": "Запоріжжя"
  },
  {
    "number": 59000455536151,
    "dateTime": {
      "date": {
        "year": 2019,
        "month": 10,
        "day": 17
      },
      "time": {
        "hour": 9,
        "minute": 54,
        "second": 32,
        "nano": 0
      }
    },
    "citySender": "Степанці",
    "cityRecipient": "Обухів"
  },
  {
    "number": 59000455536152,
    "dateTime": {
      "date": {
        "year": 2019,
        "month": 10,
        "day": 17
      },
      "time": {
        "hour": 9,
        "minute": 54,
        "second": 31,
        "nano": 0
      }
    },
    "citySender": "Київ",
    "cityRecipient": "Харків"
  },
  {
    "number": 59000455536153,
    "dateTime": {
      "date": {
        "year": 2019,
        "month": 10,
        "day": 17
      },
      "time": {
        "hour": 9,
        "minute": 54,
        "second": 21,
        "nano": 0
      }
    },
    "citySender": "Мукачево",
    "cityRecipient": "Вознесенськ"
  },
  {
    "number": 59000455536154,
    "dateTime": {
      "date": {
        "year": 2019,
        "month": 10,
        "day": 17
      },
      "time": {
        "hour": 9,
        "minute": 54,
        "second": 20,
        "nano": 0
      }
    },
    "citySender": "Луцьк",
    "cityRecipient": "Володимирець"
  },
  {
    "number": 59000455536155,
    "dateTime": {
      "date": {
        "year": 2019,
        "month": 10,
        "day": 17
      },
      "time": {
        "hour": 9,
        "minute": 54,
        "second": 1,
        "nano": 0
      }
    },
    "citySender": "Харків",
    "cityRecipient": "Курахове"
  },
  {
    "number": 59000455536156,
    "dateTime": {
      "date": {
        "year": 2019,
        "month": 10,
        "day": 17
      },
      "time": {
        "hour": 9,
        "minute": 54,
        "second": 7,
        "nano": 0
      }
    },
    "citySender": "Київ",
    "cityRecipient": "Київ"
  },
  {
    "number": 59000455536157,
    "dateTime": {
      "date": {
        "year": 2019,
        "month": 10,
        "day": 17
      },
      "time": {
        "hour": 9,
        "minute": 54,
        "second": 14,
        "nano": 0
      }
    },
    "citySender": "Болград (Одеська обл.)",
    "cityRecipient": "Гайсин"
  },
  {
    "number": 59000455536158,
    "dateTime": {
      "date": {
        "year": 2019,
        "month": 10,
        "day": 17
      },
      "time": {
        "hour": 9,
        "minute": 54,
        "second": 0,
        "nano": 0
      }
    },
    "citySender": "Новоград-Волинський",
    "cityRecipient": "Київ"
  },
  {
    "number": 59000455536159,
    "dateTime": {
      "date": {
        "year": 2019,
        "month": 10,
        "day": 17
      },
      "time": {
        "hour": 9,
        "minute": 54,
        "second": 27,
        "nano": 0
      }
    },
    "citySender": "Біла Церква",
    "cityRecipient": "Київ"
  },
  {
    "number": 59000455536160,
    "dateTime": {
      "date": {
        "year": 2019,
        "month": 10,
        "day": 17
      },
      "time": {
        "hour": 9,
        "minute": 54,
        "second": 17,
        "nano": 0
      }
    },
    "citySender": "Вінниця",
    "cityRecipient": "Бар"
  },
  {
    "number": 59000455536161,
    "dateTime": {
      "date": {
        "year": 2019,
        "month": 10,
        "day": 17
      },
      "time": {
        "hour": 9,
        "minute": 54,
        "second": 18,
        "nano": 0
      }
    },
    "citySender": "Одеса",
    "cityRecipient": "Дніпро"
  },
  {
    "number": 59000455536162,
    "dateTime": {
      "date": {
        "year": 2019,
        "month": 10,
        "day": 17
      },
      "time": {
        "hour": 9,
        "minute": 51,
        "second": 19,
        "nano": 0
      }
    },
    "citySender": "Авдіївка (Донецька обл.)",
    "cityRecipient": "Кринички"
  },
  {
    "number": 59000455536163,
    "dateTime": {
      "date": {
        "year": 2019,
        "month": 10,
        "day": 17
      },
      "time": {
        "hour": 9,
        "minute": 54,
        "second": 1,
        "nano": 0
      }
    },
    "citySender": "Городище (Черкаська обл.)",
    "cityRecipient": "Мукачево"
  },
  {
    "number": 59000455536164,
    "dateTime": {
      "date": {
        "year": 2019,
        "month": 10,
        "day": 17
      },
      "time": {
        "hour": 9,
        "minute": 53,
        "second": 59,
        "nano": 0
      }
    },
    "citySender": "Дубно",
    "cityRecipient": "Львів"
  },
  {
    "number": 59000455536165,
    "dateTime": {
      "date": {
        "year": 2019,
        "month": 10,
        "day": 17
      },
      "time": {
        "hour": 9,
        "minute": 54,
        "second": 19,
        "nano": 0
      }
    },
    "citySender": "Запоріжжя",
    "cityRecipient": "Бузьке"
  },
  {
    "number": 59000455536166,
    "dateTime": {
      "date": {
        "year": 2019,
        "month": 10,
        "day": 17
      },
      "time": {
        "hour": 9,
        "minute": 53,
        "second": 44,
        "nano": 0
      }
    },
    "citySender": "Талалаївка (Талалаївський р-н., Чернігівська обл.)",
    "cityRecipient": "Куп\u0027янськ"
  },
  {
    "number": 59000455536167,
    "dateTime": {
      "date": {
        "year": 2019,
        "month": 10,
        "day": 17
      },
      "time": {
        "hour": 9,
        "minute": 53,
        "second": 55,
        "nano": 0
      }
    },
    "citySender": "Ширяєве",
    "cityRecipient": "Буча"
  },
  {
    "number": 59000455536168,
    "dateTime": {
      "date": {
        "year": 2019,
        "month": 10,
        "day": 17
      },
      "time": {
        "hour": 9,
        "minute": 54,
        "second": 12,
        "nano": 0
      }
    },
    "citySender": "Київ",
    "cityRecipient": "Стрий"
  },
  {
    "number": 59000455536169,
    "dateTime": {
      "date": {
        "year": 2019,
        "month": 10,
        "day": 17
      },
      "time": {
        "hour": 9,
        "minute": 54,
        "second": 43,
        "nano": 0
      }
    },
    "citySender": "Полтава",
    "cityRecipient": "Маріуполь"
  },
  {
    "number": 59000455536170,
    "dateTime": {
      "date": {
        "year": 2019,
        "month": 10,
        "day": 17
      },
      "time": {
        "hour": 9,
        "minute": 54,
        "second": 8,
        "nano": 0
      }
    },
    "citySender": "Львів",
    "cityRecipient": "Черкаси"
  },
  {
    "number": 59000455536171,
    "dateTime": {
      "date": {
        "year": 2019,
        "month": 10,
        "day": 17
      },
      "time": {
        "hour": 9,
        "minute": 54,
        "second": 40,
        "nano": 0
      }
    },
    "citySender": "Мар\u0027янське",
    "cityRecipient": "Чабани"
  },
  {
    "number": 59000455536172,
    "dateTime": {
      "date": {
        "year": 2019,
        "month": 10,
        "day": 17
      },
      "time": {
        "hour": 9,
        "minute": 54,
        "second": 34,
        "nano": 0
      }
    },
    "citySender": "Виноградів",
    "cityRecipient": "Виноградів"
  },
  {
    "number": 59000455536173,
    "dateTime": {
      "date": {
        "year": 2019,
        "month": 10,
        "day": 17
      },
      "time": {
        "hour": 9,
        "minute": 54,
        "second": 23,
        "nano": 0
      }
    },
    "citySender": "Новий Розділ",
    "cityRecipient": "Сокаль"
  },
  {
    "number": 59000455536174,
    "dateTime": {
      "date": {
        "year": 2019,
        "month": 10,
        "day": 17
      },
      "time": {
        "hour": 9,
        "minute": 54,
        "second": 35,
        "nano": 0
      }
    },
    "citySender": "Бар",
    "cityRecipient": "Київ"
  },
  {
    "number": 59000455536175,
    "dateTime": {
      "date": {
        "year": 2019,
        "month": 10,
        "day": 17
      },
      "time": {
        "hour": 9,
        "minute": 54,
        "second": 45,
        "nano": 0
      }
    },
    "citySender": "Ніжин",
    "cityRecipient": "Одеса"
  },
  {
    "number": 59000455536176,
    "dateTime": {
      "date": {
        "year": 2019,
        "month": 10,
        "day": 17
      },
      "time": {
        "hour": 9,
        "minute": 54,
        "second": 38,
        "nano": 0
      }
    },
    "citySender": "Київ",
    "cityRecipient": "Київ"
  },
  {
    "number": 59000455536177,
    "dateTime": {
      "date": {
        "year": 2019,
        "month": 10,
        "day": 17
      },
      "time": {
        "hour": 9,
        "minute": 54,
        "second": 41,
        "nano": 0
      }
    },
    "citySender": "Новомосковськ",
    "cityRecipient": "Бориспіль"
  },
  {
    "number": 59000455536178,
    "dateTime": {
      "date": {
        "year": 2019,
        "month": 10,
        "day": 17
      },
      "time": {
        "hour": 9,
        "minute": 54,
        "second": 45,
        "nano": 0
      }
    },
    "citySender": "Тячів",
    "cityRecipient": "Київ"
  },
  {
    "number": 59000455536179,
    "dateTime": {
      "date": {
        "year": 2019,
        "month": 10,
        "day": 17
      },
      "time": {
        "hour": 9,
        "minute": 53,
        "second": 55,
        "nano": 0
      }
    },
    "citySender": "Київ",
    "cityRecipient": "Львів"
  },
  {
    "number": 59000455536180,
    "dateTime": {
      "date": {
        "year": 2019,
        "month": 10,
        "day": 17
      },
      "time": {
        "hour": 9,
        "minute": 54,
        "second": 44,
        "nano": 0
      }
    },
    "citySender": "Вигода (Івано-Франківська обл)",
    "cityRecipient": "Київ"
  },
  {
    "number": 59000455536181,
    "dateTime": {
      "date": {
        "year": 2019,
        "month": 10,
        "day": 17
      },
      "time": {
        "hour": 9,
        "minute": 54,
        "second": 25,
        "nano": 0
      }
    },
    "citySender": "Червоноград (Львівська обл.)",
    "cityRecipient": "Київ"
  },
  {
    "number": 59000455536182,
    "dateTime": {
      "date": {
        "year": 2019,
        "month": 10,
        "day": 17
      },
      "time": {
        "hour": 9,
        "minute": 54,
        "second": 37,
        "nano": 0
      }
    },
    "citySender": "Вінниця",
    "cityRecipient": "Сміла"
  },
  {
    "number": 59000455536183,
    "dateTime": {
      "date": {
        "year": 2019,
        "month": 10,
        "day": 17
      },
      "time": {
        "hour": 9,
        "minute": 54,
        "second": 39,
        "nano": 0
      }
    },
    "citySender": "Одеса",
    "cityRecipient": "Тараща"
  },
  {
    "number": 59000455536184,
    "dateTime": {
      "date": {
        "year": 2019,
        "month": 10,
        "day": 17
      },
      "time": {
        "hour": 9,
        "minute": 54,
        "second": 17,
        "nano": 0
      }
    },
    "citySender": "Рожище",
    "cityRecipient": "Львів"
  }
]