[
  {
    "number": 59000455534985,
    "dateTime": {
      "date": {
        "year": 2019,
        "month": 10,
        "day": 17
      },
      "time": {
        "hour": 9,
        "minute": 49,
        "second": 31,
        "nano": 0
      }
    },
    "citySender": "Крихівці",
    "cityRecipient": "Тернопіль"
  },
  {
    "number": 59000455534986,
    "dateTime": {
      "date": {
        "year": 2019,
        "month": 10,
        "day": 17
      },
      "time": {
        "hour": 9,
        "minute": 50,
        "second": 17,
        "nano": 0
      }
    },
    "citySender": "Київ",
    "cityRecipient": "Стрий"
  },
  {
    "number": 59000455534987,
    "dateTime": {
      "date": {
        "year": 2019,
        "month": 10,
        "day": 17
      },
      "time": {
        "hour": 9,
        "minute": 50,
        "second": 8,
        "nano": 0
      }
    },
    "citySender": "Миколаїв",
    "cityRecipient": "Біловодськ"
  },
  {
    "number": 59000455534988,
    "dateTime": {
      "date": {
        "year": 2019,
        "month": 10,
        "day": 17
      },
      "time": {
        "hour": 9,
        "minute": 50,
        "second": 43,
        "nano": 0
      }
    },
    "citySender": "Суми",
    "cityRecipient": "Київ"
  },
  {
    "number": 59000455534989,
    "dateTime": {
      "date": {
        "year": 2019,
        "month": 10,
        "day": 17
      },
      "time": {
        "hour": 9,
        "minute": 50,
        "second": 31,
        "nano": 0
      }
    },
    "citySender": "Гаврилівка",
    "cityRecipient": "Переяслав-Хмельницький"
  },
  {
    "number": 59000455534990,
    "dateTime": {
      "date": {
        "year": 2019,
        "month": 10,
        "day": 17
      },
      "time": {
        "hour": 9,
        "minute": 50,
        "second": 34,
        "nano": 0
      }
    },
    "citySender": "Івано-Франківськ",
    "cityRecipient": "Дніпро"
  },
  {
    "number": 59000455534991,
    "dateTime": {
      "date": {
        "year": 2019,
        "month": 10,
        "day": 17
      },
      "time": {
        "hour": 9,
        "minute": 50,
        "second": 14,
        "nano": 0
      }
    },
    "citySender": "Кам\u0027янське(Дніпропетровська обл)",
    "cityRecipient": "Кривий Ріг"
  },
  {
    "number": 59000455534992,
    "dateTime": {
      "date": {
        "year": 2019,
        "month": 10,
        "day": 17
      },
      "time": {
        "hour": 9,
        "minute": 50,
        "second": 26,
        "nano": 0
      }
    },
    "citySender": "Харків",
    "cityRecipient": "Чернівці"
  },
  {
    "number": 59000455534993,
    "dateTime": {
      "date": {
        "year": 2019,
        "month": 10,
        "day": 17
      },
      "time": {
        "hour": 9,
        "minute": 49,
        "second": 7,
        "nano": 0
      }
    },
    "citySender": "Київ",
    "cityRecipient": "Полтава"
  },
  {
    "number": 59000455534994,
    "dateTime": {
      "date": {
        "year": 2019,
        "month": 10,
        "day": 17
      },
      "time": {
        "hour": 9,
        "minute": 50,
        "second": 1,
        "nano": 0
      }
    },
    "citySender": "Черкаси",
    "cityRecipient": "Черкаси"
  },
  {
    "number": 59000455534995,
    "dateTime": {
      "date": {
        "year": 2019,
        "month": 10,
        "day": 17
      },
      "time": {
        "hour": 9,
        "minute": 50,
        "second": 34,
        "nano": 0
      }
    },
    "citySender": "Циркуни",
    "cityRecipient": "Херсон"
  },
  {
    "number": 59000455534996,
    "dateTime": {
      "date": {
        "year": 2019,
        "month": 10,
        "day": 17
      },
      "time": {
        "hour": 9,
        "minute": 50,
        "second": 49,
        "nano": 0
      }
    },
    "citySender": "Перемишляни",
    "cityRecipient": "Дніпро"
  },
  {
    "number": 59000455534997,
    "dateTime": {
      "date": {
        "year": 2019,
        "month": 10,
        "day": 17
      },
      "time": {
        "hour": 9,
        "minute": 49,
        "second": 46,
        "nano": 0
      }
    },
    "citySender": "Бердянськ",
    "cityRecipient": "Петрове (Петрівський р-н., Кіровоградська обл)"
  },
  {
    "number": 59000455534998,
    "dateTime": {
      "date": {
        "year": 2019,
        "month": 10,
        "day": 17
      },
      "time": {
        "hour": 9,
        "minute": 49,
        "second": 48,
        "nano": 0
      }
    },
    "citySender": "Бар",
    "cityRecipient": "Перечин"
  },
  {
    "number": 59000455534999,
    "dateTime": {
      "date": {
        "year": 2019,
        "month": 10,
        "day": 17
      },
      "time": {
        "hour": 9,
        "minute": 50,
        "second": 46,
        "nano": 0
      }
    },
    "citySender": "Київ",
    "cityRecipient": "Луцьк"
  },
  {
    "number": 59000455535000,
    "dateTime": {
      "date": {
        "year": 2019,
        "month": 10,
        "day": 17
      },
      "time": {
        "hour": 9,
        "minute": 50,
        "second": 33,
        "nano": 0
      }
    },
    "citySender": "Андріївка (Бердянський р-н)",
    "cityRecipient": "Запоріжжя"
  },
  {
    "number": 59000455535001,
    "dateTime": {
      "date": {
        "year": 2019,
        "month": 10,
        "day": 17
      },
      "time": {
        "hour": 9,
        "minute": 50,
        "second": 36,
        "nano": 0
      }
    },
    "citySender": "Луцьк",
    "cityRecipient": "Кропивницький"
  },
  {
    "number": 59000455535002,
    "dateTime": {
      "date": {
        "year": 2019,
        "month": 10,
        "day": 17
      },
      "time": {
        "hour": 9,
        "minute": 50,
        "second": 40,
        "nano": 0
      }
    },
    "citySender": "Київ",
    "cityRecipient": "Дніпро"
  },
  {
    "number": 59000455535003,
    "dateTime": {
      "date": {
        "year": 2019,
        "month": 10,
        "day": 17
      },
      "time": {
        "hour": 9,
        "minute": 50,
        "second": 17,
        "nano": 0
      }
    },
    "citySender": "Маневичі",
    "cityRecipient": "Київ"
  },
  {
    "number": 59000455535004,
    "dateTime": {
      "date": {
        "year": 2019,
        "month": 10,
        "day": 17
      },
      "time": {
        "hour": 9,
        "minute": 50,
        "second": 35,
        "nano": 0
      }
    },
    "citySender": "Київ",
    "cityRecipient": "Київ"
  },
  {
    "number": 59000455535005,
    "dateTime": {
      "date": {
        "year": 2019,
        "month": 10,
        "day": 17
      },
      "time": {
        "hour": 9,
        "minute": 50,
        "second": 45,
        "nano": 0
      }
    },
    "citySender": "Львів",
    "cityRecipient": "Київ"
  },
  {
    "number": 59000455535006,
    "dateTime": {
      "date": {
        "year": 2019,
        "month": 10,
        "day": 17
      },
      "time": {
        "hour": 9,
        "minute": 50,
        "second": 39,
        "nano": 0
      }
    },
    "citySender": "Маріуполь",
    "cityRecipient": "Дніпро"
  },
  {
    "number": 59000455535007,
    "dateTime": {
      "date": {
        "year": 2019,
        "month": 10,
        "day": 17
      },
      "time": {
        "hour": 9,
        "minute": 50,
        "second": 53,
        "nano": 0
      }
    },
    "citySender": "Одеса",
    "cityRecipient": "Харків"
  },
  {
    "number": 59000455535008,
    "dateTime": {
      "date": {
        "year": 2019,
        "month": 10,
        "day": 17
      },
      "time": {
        "hour": 9,
        "minute": 50,
        "second": 0,
        "nano": 0
      }
    },
    "citySender": "Чорноморськ",
    "cityRecipient": "Кривий Ріг"
  },
  {
    "number": 59000455535009,
    "dateTime": {
      "date": {
        "year": 2019,
        "month": 10,
        "day": 17
      },
      "time": {
        "hour": 9,
        "minute": 50,
        "second": 8,
        "nano": 0
      }
    },
    "citySender": "Івано-Франківськ",
    "cityRecipient": "Ужгород"
  },
  {
    "number": 59000455535010,
    "dateTime": {
      "date": {
        "year": 2019,
        "month": 10,
        "day": 17
      },
      "time": {
        "hour": 9,
        "minute": 50,
        "second": 18,
        "nano": 0
      }
    },
    "citySender": "Харків",
    "cityRecipient": "Київ"
  },
  {
    "number": 59000455535011,
    "dateTime": {
      "date": {
        "year": 2019,
        "month": 10,
        "day": 17
      },
      "time": {
        "hour": 9,
        "minute": 50,
        "second": 39,
        "nano": 0
      }
    },
    "citySender": "Вараш",
    "cityRecipient": "Петропавлівка (Дніпропетровська обл.)"
  },
  {
    "number": 59000455535012,
    "dateTime": {
      "date": {
        "year": 2019,
        "month": 10,
        "day": 17
      },
      "time": {
        "hour": 9,
        "minute": 49,
        "second": 17,
        "nano": 0
      }
    },
    "citySender": "Ємільчине",
    "cityRecipient": "Вишневе"
  },
  {
    "number": 59000455535014,
    "dateTime": {
      "date": {
        "year": 2019,
        "month": 10,
        "day": 17
      },
      "time": {
        "hour": 9,
        "minute": 50,
        "second": 18,
        "nano": 0
      }
    },
    "citySender": "Заводське(Лохвицький р-н,Полтав. обл)",
    "cityRecipient": "Київ"
  },
  {
    "number": 59000455535015,
    "dateTime": {
      "date": {
        "year": 2019,
        "month": 10,
        "day": 17
      },
      "time": {
        "hour": 9,
        "minute": 50,
        "second": 23,
        "nano": 0
      }
    },
    "citySender": "Зміїв",
    "cityRecipient": "Київ"
  },
  {
    "number": 59000455535016,
    "dateTime": {
      "date": {
        "year": 2019,
        "month": 10,
        "day": 17
      },
      "time": {
        "hour": 9,
        "minute": 50,
        "second": 33,
        "nano": 0
      }
    },
    "citySender": "Київ",
    "cityRecipient": "Одеса"
  },
  {
    "number": 59000455535017,
    "dateTime": {
      "date": {
        "year": 2019,
        "month": 10,
        "day": 17
      },
      "time": {
        "hour": 9,
        "minute": 50,
        "second": 13,
        "nano": 0
      }
    },
    "citySender": "Гадяч",
    "cityRecipient": "Зміїв"
  },
  {
    "number": 59000455535018,
    "dateTime": {
      "date": {
        "year": 2019,
        "month": 10,
        "day": 17
      },
      "time": {
        "hour": 9,
        "minute": 49,
        "second": 6,
        "nano": 0
      }
    },
    "citySender": "Стрий",
    "cityRecipient": "Київ"
  },
  {
    "number": 59000455535019,
    "dateTime": {
      "date": {
        "year": 2019,
        "month": 10,
        "day": 17
      },
      "time": {
        "hour": 9,
        "minute": 50,
        "second": 46,
        "nano": 0
      }
    },
    "citySender": "Львів",
    "cityRecipient": "Львів"
  },
  {
    "number": 59000455535020,
    "dateTime": {
      "date": {
        "year": 2019,
        "month": 10,
        "day": 17
      },
      "time": {
        "hour": 9,
        "minute": 50,
        "second": 57,
        "nano": 0
      }
    },
    "citySender": "Буштино",
    "cityRecipient": "Кривий Ріг"
  },
  {
    "number": 59000455535021,
    "dateTime": {
      "date": {
        "year": 2019,
        "month": 10,
        "day": 17
      },
      "time": {
        "hour": 9,
        "minute": 50,
        "second": 57,
        "nano": 0
      }
    },
    "citySender": "Нива Трудова",
    "cityRecipient": "Кривий Ріг"
  },
  {
    "number": 59000455535022,
    "dateTime": {
      "date": {
        "year": 2019,
        "month": 10,
        "day": 17
      },
      "time": {
        "hour": 9,
        "minute": 50,
        "second": 48,
        "nano": 0
      }
    },
    "citySender": "Біла Церква",
    "cityRecipient": "Дніпро"
  },
  {
    "number": 59000455535023,
    "dateTime": {
      "date": {
        "year": 2019,
        "month": 10,
        "day": 17
      },
      "time": {
        "hour": 9,
        "minute": 50,
        "second": 48,
        "nano": 0
      }
    },
    "citySender": "Харків",
    "cityRecipient": "Радивилів"
  },
  {
    "number": 59000455535024,
    "dateTime": {
      "date": {
        "year": 2019,
        "month": 10,
        "day": 17
      },
      "time": {
        "hour": 9,
        "minute": 50,
        "second": 42,
        "nano": 0
      }
    },
    "citySender": "Ізмаїл",
    "cityRecipient": "Київ"
  },
  {
    "number": 59000455535025,
    "dateTime": {
      "date": {
        "year": 2019,
        "month": 10,
        "day": 17
      },
      "time": {
        "hour": 9,
        "minute": 50,
        "second": 35,
        "nano": 0
      }
    },
    "citySender": "Черкаси",
    "cityRecipient": "Калинівка (Вінницька обл., Калинівський р-н)"
  },
  {
    "number": 59000455535026,
    "dateTime": {
      "date": {
        "year": 2019,
        "month": 10,
        "day": 17
      },
      "time": {
        "hour": 9,
        "minute": 50,
        "second": 58,
        "nano": 0
      }
    },
    "citySender": "Товсте",
    "cityRecipient": "Одеса"
  },
  {
    "number": 59000455535027,
    "dateTime": {
      "date": {
        "year": 2019,
        "month": 10,
        "day": 17
      },
      "time": {
        "hour": 9,
        "minute": 50,
        "second": 47,
        "nano": 0
      }
    },
    "citySender": "Дніпро",
    "cityRecipient": "Умань"
  },
  {
    "number": 59000455535028,
    "dateTime": {
      "date": {
        "year": 2019,
        "month": 10,
        "day": 17
      },
      "time": {
        "hour": 9,
        "minute": 50,
        "second": 9,
        "nano": 0
      }
    },
    "citySender": "Карлівка",
    "cityRecipient": "Київ"
  },
  {
    "number": 59000455535029,
    "dateTime": {
      "date": {
        "year": 2019,
        "month": 10,
        "day": 17
      },
      "time": {
        "hour": 9,
        "minute": 50,
        "second": 53,
        "nano": 0
      }
    },
    "citySender": "Київ",
    "cityRecipient": "Миргород"
  },
  {
    "number": 59000455535030,
    "dateTime": {
      "date": {
        "year": 2019,
        "month": 10,
        "day": 17
      },
      "time": {
        "hour": 9,
        "minute": 50,
        "second": 25,
        "nano": 0
      }
    },
    "citySender": "Чернівці",
    "cityRecipient": "Бучач"
  },
  {
    "number": 59000455535031,
    "dateTime": {
      "date": {
        "year": 2019,
        "month": 10,
        "day": 17
      },
      "time": {
        "hour": 9,
        "minute": 50,
        "second": 4,
        "nano": 0
      }
    },
    "citySender": "Чернігів",
    "cityRecipient": "Кам\u0027янське(Дніпропетровська обл)"
  },
  {
    "number": 59000455535032,
    "dateTime": {
      "date": {
        "year": 2019,
        "month": 10,
        "day": 17
      },
      "time": {
        "hour": 9,
        "minute": 50,
        "second": 37,
        "nano": 0
      }
    },
    "citySender": "Містки (Сватівський р-н)",
    "cityRecipient": "Дніпро"
  },
  {
    "number": 59000455535033,
    "dateTime": {
      "date": {
        "year": 2019,
        "month": 10,
        "day": 17
      },
      "time": {
        "hour": 9,
        "minute": 50,
        "second": 42,
        "nano": 0
      }
    },
    "citySender": "Олешки(Херсонська обл)",
    "cityRecipient": "Ладижин"
  },
  {
    "number": 59000455535034,
    "dateTime": {
      "date": {
        "year": 2019,
        "month": 10,
        "day": 17
      },
      "time": {
        "hour": 9,
        "minute": 50,
        "second": 8,
        "nano": 0
      }
    },
    "citySender": "Червоноград (Львівська обл.)",
    "cityRecipient": "Христинівка"
  },
  {
    "number": 59000455535035,
    "dateTime": {
      "date": {
        "year": 2019,
        "month": 10,
        "day": 17
      },
      "time": {
        "hour": 9,
        "minute": 49,
        "second": 16,
        "nano": 0
      }
    },
    "citySender": "Львів",
    "cityRecipient": "Київ"
  },
  {
    "number": 59000455535036,
    "dateTime": {
      "date": {
        "year": 2019,
        "month": 10,
        "day": 17
      },
      "time": {
        "hour": 9,
        "minute": 51,
        "second": 0,
        "nano": 0
      }
    },
    "citySender": "Каховка",
    "cityRecipient": "Вишгород"
  },
  {
    "number": 59000455535038,
    "dateTime": {
      "date": {
        "year": 2019,
        "month": 10,
        "day": 17
      },
      "time": {
        "hour": 9,
        "minute": 51,
        "second": 1,
        "nano": 0
      }
    },
    "citySender": "Одеса",
    "cityRecipient": "Теребовля"
  },
  {
    "number": 59000455535039,
    "dateTime": {
      "date": {
        "year": 2019,
        "month": 10,
        "day": 17
      },
      "time": {
        "hour": 9,
        "minute": 51,
        "second": 0,
        "nano": 0
      }
    },
    "citySender": "Київ",
    "cityRecipient": "Кремінна"
  },
  {
    "number": 59000455535040,
    "dateTime": {
      "date": {
        "year": 2019,
        "month": 10,
        "day": 17
      },
      "time": {
        "hour": 9,
        "minute": 51,
        "second": 2,
        "nano": 0
      }
    },
    "citySender": "Київ",
    "cityRecipient": "Одеса"
  },
  {
    "number": 59000455535041,
    "dateTime": {
      "date": {
        "year": 2019,
        "month": 10,
        "day": 17
      },
      "time": {
        "hour": 9,
        "minute": 49,
        "second": 10,
        "nano": 0
      }
    },
    "citySender": "Дніпро",
    "cityRecipient": "Київ"
  },
  {
    "number": 59000455535042,
    "dateTime": {
      "date": {
        "year": 2019,
        "month": 10,
        "day": 17
      },
      "time": {
        "hour": 9,
        "minute": 50,
        "second": 34,
        "nano": 0
      }
    },
    "citySender": "Моршин",
    "cityRecipient": "Нововолинськ"
  },
  {
    "number": 59000455535043,
    "dateTime": {
      "date": {
        "year": 2019,
        "month": 10,
        "day": 17
      },
      "time": {
        "hour": 9,
        "minute": 51,
        "second": 3,
        "nano": 0
      }
    },
    "citySender": "Хмельницький",
    "cityRecipient": "Бар"
  },
  {
    "number": 59000455535044,
    "dateTime": {
      "date": {
        "year": 2019,
        "month": 10,
        "day": 17
      },
      "time": {
        "hour": 9,
        "minute": 50,
        "second": 32,
        "nano": 0
      }
    },
    "citySender": "Моршин",
    "cityRecipient": "Миколаїв"
  },
  {
    "number": 59000455535045,
    "dateTime": {
      "date": {
        "year": 2019,
        "month": 10,
        "day": 17
      },
      "time": {
        "hour": 9,
        "minute": 50,
        "second": 52,
        "nano": 0
      }
    },
    "citySender": "Брошнів-Осада",
    "cityRecipient": "Солоницівка"
  },
  {
    "number": 59000455535046,
    "dateTime": {
      "date": {
        "year": 2019,
        "month": 10,
        "day": 17
      },
      "time": {
        "hour": 9,
        "minute": 50,
        "second": 53,
        "nano": 0
      }
    },
    "citySender": "Ніжин",
    "cityRecipient": "Гірське"
  },
  {
    "number": 59000455535047,
    "dateTime": {
      "date": {
        "year": 2019,
        "month": 10,
        "day": 17
      },
      "time": {
        "hour": 9,
        "minute": 51,
        "second": 3,
        "nano": 0
      }
    },
    "citySender": "Київ",
    "cityRecipient": "Заставна"
  },
  {
    "number": 59000455535048,
    "dateTime": {
      "date": {
        "year": 2019,
        "month": 10,
        "day": 17
      },
      "time": {
        "hour": 9,
        "minute": 50,
        "second": 50,
        "nano": 0
      }
    },
    "citySender": "Ковель",
    "cityRecipient": "Борщів"
  },
  {
    "number": 59000455535049,
    "dateTime": {
      "date": {
        "year": 2019,
        "month": 10,
        "day": 17
      },
      "time": {
        "hour": 9,
        "minute": 50,
        "second": 30,
        "nano": 0
      }
    },
    "citySender": "Велика Новосілка",
    "cityRecipient": "Дніпро"
  },
  {
    "number": 59000455535050,
    "dateTime": {
      "date": {
        "year": 2019,
        "month": 10,
        "day": 17
      },
      "time": {
        "hour": 9,
        "minute": 50,
        "second": 59,
        "nano": 0
      }
    },
    "citySender": "Ромни",
    "cityRecipient": "Харків"
  },
  {
    "number": 59000455535051,
    "dateTime": {
      "date": {
        "year": 2019,
        "month": 10,
        "day": 17
      },
      "time": {
        "hour": 9,
        "minute": 51,
        "second": 2,
        "nano": 0
      }
    },
    "citySender": "Ізюм",
    "cityRecipient": "Лозова"
  },
  {
    "number": 59000455535052,
    "dateTime": {
      "date": {
        "year": 2019,
        "month": 10,
        "day": 17
      },
      "time": {
        "hour": 9,
        "minute": 50,
        "second": 37,
        "nano": 0
      }
    },
    "citySender": "Часів Яр",
    "cityRecipient": "Дніпро"
  },
  {
    "number": 59000455535053,
    "dateTime": {
      "date": {
        "year": 2019,
        "month": 10,
        "day": 17
      },
      "time": {
        "hour": 9,
        "minute": 50,
        "second": 28,
        "nano": 0
      }
    },
    "citySender": "Путила",
    "cityRecipient": "Херсон"
  },
  {
    "number": 59000455535054,
    "dateTime": {
      "date": {
        "year": 2019,
        "month": 10,
        "day": 17
      },
      "time": {
        "hour": 9,
        "minute": 50,
        "second": 29,
        "nano": 0
      }
    },
    "citySender": "Малин",
    "cityRecipient": "Гора (Бориспільський р-н., Київська обл.)"
  },
  {
    "number": 59000455535055,
    "dateTime": {
      "date": {
        "year": 2019,
        "month": 10,
        "day": 17
      },
      "time": {
        "hour": 9,
        "minute": 50,
        "second": 49,
        "nano": 0
      }
    },
    "citySender": "Одеса",
    "cityRecipient": "Бердичів"
  },
  {
    "number": 59000455535056,
    "dateTime": {
      "date": {
        "year": 2019,
        "month": 10,
        "day": 17
      },
      "time": {
        "hour": 9,
        "minute": 49,
        "second": 55,
        "nano": 0
      }
    },
    "citySender": "Івано-Франківськ",
    "cityRecipient": "Львів"
  },
  {
    "number": 59000455535057,
    "dateTime": {
      "date": {
        "year": 2019,
        "month": 10,
        "day": 17
      },
      "time": {
        "hour": 9,
        "minute": 50,
        "second": 29,
        "nano": 0
      }
    },
    "citySender": "Кам\u0027янець-Подільський",
    "cityRecipient": "Дунаївці"
  },
  {
    "number": 59000455535058,
    "dateTime": {
      "date": {
        "year": 2019,
        "month": 10,
        "day": 17
      },
      "time": {
        "hour": 9,
        "minute": 51,
        "second": 6,
        "nano": 0
      }
    },
    "citySender": "Запоріжжя",
    "cityRecipient": "Київ"
  },
  {
    "number": 59000455535059,
    "dateTime": {
      "date": {
        "year": 2019,
        "month": 10,
        "day": 17
      },
      "time": {
        "hour": 9,
        "minute": 51,
        "second": 6,
        "nano": 0
      }
    },
    "citySender": "Нововолинськ",
    "cityRecipient": "Харків"
  },
  {
    "number": 59000455535060,
    "dateTime": {
      "date": {
        "year": 2019,
        "month": 10,
        "day": 17
      },
      "time": {
        "hour": 9,
        "minute": 51,
        "second": 6,
        "nano": 0
      }
    },
    "citySender": "Гельмязів",
    "cityRecipient": "Балта"
  },
  {
    "number": 59000455535061,
    "dateTime": {
      "date": {
        "year": 2019,
        "month": 10,
        "day": 17
      },
      "time": {
        "hour": 9,
        "minute": 51,
        "second": 7,
        "nano": 0
      }
    },
    "citySender": "Олександрівка (Дніпропетровський р-н)",
    "cityRecipient": "Одеса"
  },
  {
    "number": 59000455535062,
    "dateTime": {
      "date": {
        "year": 2019,
        "month": 10,
        "day": 17
      },
      "time": {
        "hour": 9,
        "minute": 51,
        "second": 5,
        "nano": 0
      }
    },
    "citySender": "Лохвиця",
    "cityRecipient": "Олександрія (м.Кіровогр.обл.райц)"
  },
  {
    "number": 59000455535063,
    "dateTime": {
      "date": {
        "year": 2019,
        "month": 10,
        "day": 17
      },
      "time": {
        "hour": 9,
        "minute": 50,
        "second": 23,
        "nano": 0
      }
    },
    "citySender": "Буча",
    "cityRecipient": "Пісочин"
  },
  {
    "number": 59000455535064,
    "dateTime": {
      "date": {
        "year": 2019,
        "month": 10,
        "day": 17
      },
      "time": {
        "hour": 9,
        "minute": 51,
        "second": 6,
        "nano": 0
      }
    },
    "citySender": "Коростишів",
    "cityRecipient": "Луцьк"
  },
  {
    "number": 59000455535065,
    "dateTime": {
      "date": {
        "year": 2019,
        "month": 10,
        "day": 17
      },
      "time": {
        "hour": 9,
        "minute": 50,
        "second": 54,
        "nano": 0
      }
    },
    "citySender": "Харків",
    "cityRecipient": "Біла Церква"
  },
  {
    "number": 59000455535066,
    "dateTime": {
      "date": {
        "year": 2019,
        "month": 10,
        "day": 17
      },
      "time": {
        "hour": 9,
        "minute": 50,
        "second": 14,
        "nano": 0
      }
    },
    "citySender": "Київ",
    "cityRecipient": "Торецьк"
  },
  {
    "number": 59000455535067,
    "dateTime": {
      "date": {
        "year": 2019,
        "month": 10,
        "day": 17
      },
      "time": {
        "hour": 9,
        "minute": 50,
        "second": 45,
        "nano": 0
      }
    },
    "citySender": "Харків",
    "cityRecipient": "Київ"
  },
  {
    "number": 59000455535068,
    "dateTime": {
      "date": {
        "year": 2019,
        "month": 10,
        "day": 17
      },
      "time": {
        "hour": 9,
        "minute": 50,
        "second": 34,
        "nano": 0
      }
    },
    "citySender": "Херсон",
    "cityRecipient": "Костопіль"
  },
  {
    "number": 59000455535069,
    "dateTime": {
      "date": {
        "year": 2019,
        "month": 10,
        "day": 17
      },
      "time": {
        "hour": 9,
        "minute": 51,
        "second": 9,
        "nano": 0
      }
    },
    "citySender": "Товсте",
    "cityRecipient": "Львів"
  },
  {
    "number": 59000455535070,
    "dateTime": {
      "date": {
        "year": 2019,
        "month": 10,
        "day": 17
      },
      "time": {
        "hour": 9,
        "minute": 50,
        "second": 48,
        "nano": 0
      }
    },
    "citySender": "Умань",
    "cityRecipient": "Тетіїв"
  },
  {
    "number": 59000455535071,
    "dateTime": {
      "date": {
        "year": 2019,
        "month": 10,
        "day": 17
      },
      "time": {
        "hour": 9,
        "minute": 51,
        "second": 6,
        "nano": 0
      }
    },
    "citySender": "Бердичів",
    "cityRecipient": "Ілічанка"
  },
  {
    "number": 59000455535072,
    "dateTime": {
      "date": {
        "year": 2019,
        "month": 10,
        "day": 17
      },
      "time": {
        "hour": 9,
        "minute": 50,
        "second": 24,
        "nano": 0
      }
    },
    "citySender": "Дніпро",
    "cityRecipient": "Дніпро"
  },
  {
    "number": 59000455535073,
    "dateTime": {
      "date": {
        "year": 2019,
        "month": 10,
        "day": 17
      },
      "time": {
        "hour": 9,
        "minute": 50,
        "second": 56,
        "nano": 0
      }
    },
    "citySender": "Охтирка",
    "cityRecipient": "Київ"
  },
  {
    "number": 59000455535074,
    "dateTime": {
      "date": {
        "year": 2019,
        "month": 10,
        "day": 17
      },
      "time": {
        "hour": 9,
        "minute": 51,
        "second": 2,
        "nano": 0
      }
    },
    "citySender": "Харків",
    "cityRecipient": "Полтава"
  },
  {
    "number": 59000455535075,
    "dateTime": {
      "date": {
        "year": 2019,
        "month": 10,
        "day": 17
      },
      "time": {
        "hour": 9,
        "minute": 49,
        "second": 10,
        "nano": 0
      }
    },
    "citySender": "Новий Буг",
    "cityRecipient": "Київ"
  },
  {
    "number": 59000455535076,
    "dateTime": {
      "date": {
        "year": 2019,
        "month": 10,
        "day": 17
      },
      "time": {
        "hour": 9,
        "minute": 50,
        "second": 30,
        "nano": 0
      }
    },
    "citySender": "Куликів",
    "cityRecipient": "Львів"
  },
  {
    "number": 59000455535077,
    "dateTime": {
      "date": {
        "year": 2019,
        "month": 10,
        "day": 17
      },
      "time": {
        "hour": 9,
        "minute": 51,
        "second": 9,
        "nano": 0
      }
    },
    "citySender": "Івано-Франківськ",
    "cityRecipient": "Новодністровськ"
  },
  {
    "number": 59000455535078,
    "dateTime": {
      "date": {
        "year": 2019,
        "month": 10,
        "day": 17
      },
      "time": {
        "hour": 9,
        "minute": 50,
        "second": 47,
        "nano": 0
      }
    },
    "citySender": "Побузьке",
    "cityRecipient": "Львів"
  },
  {
    "number": 59000455535079,
    "dateTime": {
      "date": {
        "year": 2019,
        "month": 10,
        "day": 17
      },
      "time": {
        "hour": 9,
        "minute": 51,
        "second": 10,
        "nano": 0
      }
    },
    "citySender": "Стрий",
    "cityRecipient": "Київ"
  },
  {
    "number": 59000455535080,
    "dateTime": {
      "date": {
        "year": 2019,
        "month": 10,
        "day": 17
      },
      "time": {
        "hour": 9,
        "minute": 51,
        "second": 8,
        "nano": 0
      }
    },
    "citySender": "Кривий Ріг",
    "cityRecipient": "Обухів"
  },
  {
    "number": 59000455535081,
    "dateTime": {
      "date": {
        "year": 2019,
        "month": 10,
        "day": 17
      },
      "time": {
        "hour": 9,
        "minute": 50,
        "second": 25,
        "nano": 0
      }
    },
    "citySender": "Маріуполь",
    "cityRecipient": "Бахмут"
  },
  {
    "number": 59000455535082,
    "dateTime": {
      "date": {
        "year": 2019,
        "month": 10,
        "day": 17
      },
      "time": {
        "hour": 9,
        "minute": 51,
        "second": 3,
        "nano": 0
      }
    },
    "citySender": "Лебедин (Сумська обл.)",
    "cityRecipient": "Київ"
  },
  {
    "number": 59000455535083,
    "dateTime": {
      "date": {
        "year": 2019,
        "month": 10,
        "day": 17
      },
      "time": {
        "hour": 9,
        "minute": 50,
        "second": 11,
        "nano": 0
      }
    },
    "citySender": "Гайсин",
    "cityRecipient": "Бершадь"
  },
  {
    "number": 59000455535084,
    "dateTime": {
      "date": {
        "year": 2019,
        "month": 10,
        "day": 17
      },
      "time": {
        "hour": 9,
        "minute": 50,
        "second": 57,
        "nano": 0
      }
    },
    "citySender": "Одеса",
    "cityRecipient": "Роздільна (Одеська обл.)"
  }
]