[
  {
    "number": 59000455549180,
    "dateTime": {
      "date": {
        "year": 2019,
        "month": 10,
        "day": 17
      },
      "time": {
        "hour": 10,
        "minute": 34,
        "second": 11,
        "nano": 0
      }
    },
    "citySender": "Запоріжжя",
    "cityRecipient": "Стоянка"
  },
  {
    "number": 59000455549181,
    "dateTime": {
      "date": {
        "year": 2019,
        "month": 10,
        "day": 17
      },
      "time": {
        "hour": 10,
        "minute": 34,
        "second": 11,
        "nano": 0
      }
    },
    "citySender": "Дніпро",
    "cityRecipient": "Богодухів"
  },
  {
    "number": 59000455549182,
    "dateTime": {
      "date": {
        "year": 2019,
        "month": 10,
        "day": 17
      },
      "time": {
        "hour": 10,
        "minute": 34,
        "second": 35,
        "nano": 0
      }
    },
    "citySender": "Переяслав-Хмельницький",
    "cityRecipient": "Бровари"
  },
  {
    "number": 59000455549183,
    "dateTime": {
      "date": {
        "year": 2019,
        "month": 10,
        "day": 17
      },
      "time": {
        "hour": 10,
        "minute": 34,
        "second": 43,
        "nano": 0
      }
    },
    "citySender": "Київ",
    "cityRecipient": "Київ"
  },
  {
    "number": 59000455549184,
    "dateTime": {
      "date": {
        "year": 2019,
        "month": 10,
        "day": 17
      },
      "time": {
        "hour": 10,
        "minute": 34,
        "second": 47,
        "nano": 0
      }
    },
    "citySender": "Обухів",
    "cityRecipient": "Солотвино"
  },
  {
    "number": 59000455549185,
    "dateTime": {
      "date": {
        "year": 2019,
        "month": 10,
        "day": 17
      },
      "time": {
        "hour": 10,
        "minute": 34,
        "second": 54,
        "nano": 0
      }
    },
    "citySender": "Павлоград",
    "cityRecipient": "Іллінці"
  },
  {
    "number": 59000455549186,
    "dateTime": {
      "date": {
        "year": 2019,
        "month": 10,
        "day": 17
      },
      "time": {
        "hour": 10,
        "minute": 34,
        "second": 15,
        "nano": 0
      }
    },
    "citySender": "Львів",
    "cityRecipient": "Боярка"
  },
  {
    "number": 59000455549187,
    "dateTime": {
      "date": {
        "year": 2019,
        "month": 10,
        "day": 17
      },
      "time": {
        "hour": 10,
        "minute": 34,
        "second": 54,
        "nano": 0
      }
    },
    "citySender": "Васильків",
    "cityRecipient": "Київ"
  },
  {
    "number": 59000455549188,
    "dateTime": {
      "date": {
        "year": 2019,
        "month": 10,
        "day": 17
      },
      "time": {
        "hour": 10,
        "minute": 34,
        "second": 56,
        "nano": 0
      }
    },
    "citySender": "Луцьк",
    "cityRecipient": "Рубіжне"
  },
  {
    "number": 59000455549189,
    "dateTime": {
      "date": {
        "year": 2019,
        "month": 10,
        "day": 17
      },
      "time": {
        "hour": 10,
        "minute": 34,
        "second": 29,
        "nano": 0
      }
    },
    "citySender": "Зміїнець",
    "cityRecipient": "Рівне"
  },
  {
    "number": 59000455549190,
    "dateTime": {
      "date": {
        "year": 2019,
        "month": 10,
        "day": 17
      },
      "time": {
        "hour": 10,
        "minute": 35,
        "second": 1,
        "nano": 0
      }
    },
    "citySender": "Дніпро",
    "cityRecipient": "Київ"
  },
  {
    "number": 59000455549191,
    "dateTime": {
      "date": {
        "year": 2019,
        "month": 10,
        "day": 17
      },
      "time": {
        "hour": 10,
        "minute": 34,
        "second": 57,
        "nano": 0
      }
    },
    "citySender": "Запоріжжя",
    "cityRecipient": "Київ"
  },
  {
    "number": 59000455549192,
    "dateTime": {
      "date": {
        "year": 2019,
        "month": 10,
        "day": 17
      },
      "time": {
        "hour": 10,
        "minute": 34,
        "second": 42,
        "nano": 0
      }
    },
    "citySender": "Кропивницький",
    "cityRecipient": "Костянтинівка (Донецька обл.)"
  },
  {
    "number": 59000455549193,
    "dateTime": {
      "date": {
        "year": 2019,
        "month": 10,
        "day": 17
      },
      "time": {
        "hour": 10,
        "minute": 34,
        "second": 48,
        "nano": 0
      }
    },
    "citySender": "Хмельницький",
    "cityRecipient": "Новоархангельськ"
  },
  {
    "number": 59000455549194,
    "dateTime": {
      "date": {
        "year": 2019,
        "month": 10,
        "day": 17
      },
      "time": {
        "hour": 10,
        "minute": 34,
        "second": 49,
        "nano": 0
      }
    },
    "citySender": "Київ",
    "cityRecipient": "Мукачево"
  },
  {
    "number": 59000455549195,
    "dateTime": {
      "date": {
        "year": 2019,
        "month": 10,
        "day": 17
      },
      "time": {
        "hour": 10,
        "minute": 34,
        "second": 24,
        "nano": 0
      }
    },
    "citySender": "Суми",
    "cityRecipient": "Ямпіль (Вінницька обл.)"
  },
  {
    "number": 59000455549196,
    "dateTime": {
      "date": {
        "year": 2019,
        "month": 10,
        "day": 17
      },
      "time": {
        "hour": 10,
        "minute": 34,
        "second": 51,
        "nano": 0
      }
    },
    "citySender": "Диканька",
    "cityRecipient": "Бровари"
  },
  {
    "number": 59000455549197,
    "dateTime": {
      "date": {
        "year": 2019,
        "month": 10,
        "day": 17
      },
      "time": {
        "hour": 10,
        "minute": 34,
        "second": 57,
        "nano": 0
      }
    },
    "citySender": "Вінниця",
    "cityRecipient": "Одеса"
  },
  {
    "number": 59000455549198,
    "dateTime": {
      "date": {
        "year": 2019,
        "month": 10,
        "day": 17
      },
      "time": {
        "hour": 10,
        "minute": 34,
        "second": 33,
        "nano": 0
      }
    },
    "citySender": "Чернівці",
    "cityRecipient": "Кривий Ріг"
  },
  {
    "number": 59000455549199,
    "dateTime": {
      "date": {
        "year": 2019,
        "month": 10,
        "day": 17
      },
      "time": {
        "hour": 10,
        "minute": 34,
        "second": 48,
        "nano": 0
      }
    },
    "citySender": "Вишгород",
    "cityRecipient": "Київ"
  },
  {
    "number": 59000455549200,
    "dateTime": {
      "date": {
        "year": 2019,
        "month": 10,
        "day": 17
      },
      "time": {
        "hour": 10,
        "minute": 33,
        "second": 55,
        "nano": 0
      }
    },
    "citySender": "Буринь",
    "cityRecipient": "Тарасівка (Кіровоградська обл.)"
  },
  {
    "number": 59000455549201,
    "dateTime": {
      "date": {
        "year": 2019,
        "month": 10,
        "day": 17
      },
      "time": {
        "hour": 10,
        "minute": 34,
        "second": 32,
        "nano": 0
      }
    },
    "citySender": "Кам\u0027янське(Дніпропетровська обл)",
    "cityRecipient": "Київ"
  },
  {
    "number": 59000455549202,
    "dateTime": {
      "date": {
        "year": 2019,
        "month": 10,
        "day": 17
      },
      "time": {
        "hour": 10,
        "minute": 34,
        "second": 34,
        "nano": 0
      }
    },
    "citySender": "Генічеськ",
    "cityRecipient": "Київ"
  },
  {
    "number": 59000455549203,
    "dateTime": {
      "date": {
        "year": 2019,
        "month": 10,
        "day": 17
      },
      "time": {
        "hour": 10,
        "minute": 34,
        "second": 8,
        "nano": 0
      }
    },
    "citySender": "Олександрівка (смт.Кіровог.обл.райц)",
    "cityRecipient": "Козятин (місто, Вінницька обл.)"
  },
  {
    "number": 59000455549204,
    "dateTime": {
      "date": {
        "year": 2019,
        "month": 10,
        "day": 17
      },
      "time": {
        "hour": 10,
        "minute": 34,
        "second": 50,
        "nano": 0
      }
    },
    "citySender": "Петропавлівка (Дніпропетровська обл.)",
    "cityRecipient": "Дніпро"
  },
  {
    "number": 59000455549205,
    "dateTime": {
      "date": {
        "year": 2019,
        "month": 10,
        "day": 17
      },
      "time": {
        "hour": 10,
        "minute": 35,
        "second": 6,
        "nano": 0
      }
    },
    "citySender": "Рясне-Руське",
    "cityRecipient": "Глобине"
  },
  {
    "number": 59000455549206,
    "dateTime": {
      "date": {
        "year": 2019,
        "month": 10,
        "day": 17
      },
      "time": {
        "hour": 10,
        "minute": 34,
        "second": 56,
        "nano": 0
      }
    },
    "citySender": "Київ",
    "cityRecipient": "Броди"
  },
  {
    "number": 59000455549207,
    "dateTime": {
      "date": {
        "year": 2019,
        "month": 10,
        "day": 17
      },
      "time": {
        "hour": 10,
        "minute": 34,
        "second": 43,
        "nano": 0
      }
    },
    "citySender": "Миколаїв (Львівська обл., Миколаївський р-н)",
    "cityRecipient": "Київ"
  },
  {
    "number": 59000455549208,
    "dateTime": {
      "date": {
        "year": 2019,
        "month": 10,
        "day": 17
      },
      "time": {
        "hour": 10,
        "minute": 34,
        "second": 31,
        "nano": 0
      }
    },
    "citySender": "Кагарлик",
    "cityRecipient": "Чернігів"
  },
  {
    "number": 59000455549209,
    "dateTime": {
      "date": {
        "year": 2019,
        "month": 10,
        "day": 17
      },
      "time": {
        "hour": 10,
        "minute": 35,
        "second": 2,
        "nano": 0
      }
    },
    "citySender": "Літин",
    "cityRecipient": "Марківка"
  },
  {
    "number": 59000455549210,
    "dateTime": {
      "date": {
        "year": 2019,
        "month": 10,
        "day": 17
      },
      "time": {
        "hour": 10,
        "minute": 34,
        "second": 36,
        "nano": 0
      }
    },
    "citySender": "Почаїв",
    "cityRecipient": "Приютівка (Кіровоградська обл.)"
  },
  {
    "number": 59000455549211,
    "dateTime": {
      "date": {
        "year": 2019,
        "month": 10,
        "day": 17
      },
      "time": {
        "hour": 10,
        "minute": 34,
        "second": 38,
        "nano": 0
      }
    },
    "citySender": "Київ",
    "cityRecipient": "Генічеськ"
  },
  {
    "number": 59000455549213,
    "dateTime": {
      "date": {
        "year": 2019,
        "month": 10,
        "day": 17
      },
      "time": {
        "hour": 10,
        "minute": 34,
        "second": 42,
        "nano": 0
      }
    },
    "citySender": "Білогородка (Київська обл.)",
    "cityRecipient": "Дніпро"
  },
  {
    "number": 59000455549214,
    "dateTime": {
      "date": {
        "year": 2019,
        "month": 10,
        "day": 17
      },
      "time": {
        "hour": 10,
        "minute": 35,
        "second": 8,
        "nano": 0
      }
    },
    "citySender": "Рівне",
    "cityRecipient": "Полтава"
  },
  {
    "number": 59000455549215,
    "dateTime": {
      "date": {
        "year": 2019,
        "month": 10,
        "day": 17
      },
      "time": {
        "hour": 10,
        "minute": 33,
        "second": 48,
        "nano": 0
      }
    },
    "citySender": "Підволочиськ",
    "cityRecipient": "Вербки (Дніпропетровська обл.)"
  },
  {
    "number": 59000455549216,
    "dateTime": {
      "date": {
        "year": 2019,
        "month": 10,
        "day": 17
      },
      "time": {
        "hour": 10,
        "minute": 33,
        "second": 49,
        "nano": 0
      }
    },
    "citySender": "Бердянськ",
    "cityRecipient": "Одеса"
  },
  {
    "number": 59000455549217,
    "dateTime": {
      "date": {
        "year": 2019,
        "month": 10,
        "day": 17
      },
      "time": {
        "hour": 10,
        "minute": 34,
        "second": 59,
        "nano": 0
      }
    },
    "citySender": "Харків",
    "cityRecipient": "Київ"
  },
  {
    "number": 59000455549218,
    "dateTime": {
      "date": {
        "year": 2019,
        "month": 10,
        "day": 17
      },
      "time": {
        "hour": 10,
        "minute": 34,
        "second": 34,
        "nano": 0
      }
    },
    "citySender": "Маріуполь",
    "cityRecipient": "Київ"
  },
  {
    "number": 59000455549219,
    "dateTime": {
      "date": {
        "year": 2019,
        "month": 10,
        "day": 17
      },
      "time": {
        "hour": 10,
        "minute": 34,
        "second": 13,
        "nano": 0
      }
    },
    "citySender": "Запоріжжя",
    "cityRecipient": "Полтава"
  },
  {
    "number": 59000455549220,
    "dateTime": {
      "date": {
        "year": 2019,
        "month": 10,
        "day": 17
      },
      "time": {
        "hour": 10,
        "minute": 34,
        "second": 57,
        "nano": 0
      }
    },
    "citySender": "Кривий Ріг",
    "cityRecipient": "Херсон"
  },
  {
    "number": 59000455549221,
    "dateTime": {
      "date": {
        "year": 2019,
        "month": 10,
        "day": 17
      },
      "time": {
        "hour": 10,
        "minute": 33,
        "second": 58,
        "nano": 0
      }
    },
    "citySender": "Кам\u0027янське(Дніпропетровська обл)",
    "cityRecipient": "Нові Петрівці"
  },
  {
    "number": 59000455549222,
    "dateTime": {
      "date": {
        "year": 2019,
        "month": 10,
        "day": 17
      },
      "time": {
        "hour": 10,
        "minute": 35,
        "second": 9,
        "nano": 0
      }
    },
    "citySender": "Браїлів",
    "cityRecipient": "Одеса"
  },
  {
    "number": 59000455549223,
    "dateTime": {
      "date": {
        "year": 2019,
        "month": 10,
        "day": 17
      },
      "time": {
        "hour": 10,
        "minute": 35,
        "second": 1,
        "nano": 0
      }
    },
    "citySender": "Дніпро",
    "cityRecipient": "Київ"
  },
  {
    "number": 59000455549224,
    "dateTime": {
      "date": {
        "year": 2019,
        "month": 10,
        "day": 17
      },
      "time": {
        "hour": 10,
        "minute": 35,
        "second": 9,
        "nano": 0
      }
    },
    "citySender": "Одеса",
    "cityRecipient": "Авангард"
  },
  {
    "number": 59000455549225,
    "dateTime": {
      "date": {
        "year": 2019,
        "month": 10,
        "day": 17
      },
      "time": {
        "hour": 10,
        "minute": 35,
        "second": 9,
        "nano": 0
      }
    },
    "citySender": "Суми",
    "cityRecipient": "Нова Каховка"
  },
  {
    "number": 59000455549226,
    "dateTime": {
      "date": {
        "year": 2019,
        "month": 10,
        "day": 17
      },
      "time": {
        "hour": 10,
        "minute": 34,
        "second": 54,
        "nano": 0
      }
    },
    "citySender": "Харків",
    "cityRecipient": "Харків"
  },
  {
    "number": 59000455549227,
    "dateTime": {
      "date": {
        "year": 2019,
        "month": 10,
        "day": 17
      },
      "time": {
        "hour": 10,
        "minute": 34,
        "second": 47,
        "nano": 0
      }
    },
    "citySender": "Клугино-Башкирівка",
    "cityRecipient": "Київ"
  },
  {
    "number": 59000455549228,
    "dateTime": {
      "date": {
        "year": 2019,
        "month": 10,
        "day": 17
      },
      "time": {
        "hour": 10,
        "minute": 35,
        "second": 2,
        "nano": 0
      }
    },
    "citySender": "Біла Церква",
    "cityRecipient": "Козятин (місто, Вінницька обл.)"
  },
  {
    "number": 59000455549229,
    "dateTime": {
      "date": {
        "year": 2019,
        "month": 10,
        "day": 17
      },
      "time": {
        "hour": 10,
        "minute": 33,
        "second": 48,
        "nano": 0
      }
    },
    "citySender": "Дубно",
    "cityRecipient": "Корець"
  },
  {
    "number": 59000455549230,
    "dateTime": {
      "date": {
        "year": 2019,
        "month": 10,
        "day": 17
      },
      "time": {
        "hour": 10,
        "minute": 34,
        "second": 9,
        "nano": 0
      }
    },
    "citySender": "Київ",
    "cityRecipient": "Дніпро"
  },
  {
    "number": 59000455549231,
    "dateTime": {
      "date": {
        "year": 2019,
        "month": 10,
        "day": 17
      },
      "time": {
        "hour": 10,
        "minute": 34,
        "second": 55,
        "nano": 0
      }
    },
    "citySender": "Харків",
    "cityRecipient": "Миколаїв"
  },
  {
    "number": 59000455549232,
    "dateTime": {
      "date": {
        "year": 2019,
        "month": 10,
        "day": 17
      },
      "time": {
        "hour": 10,
        "minute": 34,
        "second": 58,
        "nano": 0
      }
    },
    "citySender": "Ратне",
    "cityRecipient": "Одеса"
  },
  {
    "number": 59000455549233,
    "dateTime": {
      "date": {
        "year": 2019,
        "month": 10,
        "day": 17
      },
      "time": {
        "hour": 10,
        "minute": 35,
        "second": 0,
        "nano": 0
      }
    },
    "citySender": "Любешів",
    "cityRecipient": "Чернігів"
  },
  {
    "number": 59000455549234,
    "dateTime": {
      "date": {
        "year": 2019,
        "month": 10,
        "day": 17
      },
      "time": {
        "hour": 10,
        "minute": 35,
        "second": 11,
        "nano": 0
      }
    },
    "citySender": "Українка",
    "cityRecipient": "Дніпро"
  },
  {
    "number": 59000455549235,
    "dateTime": {
      "date": {
        "year": 2019,
        "month": 10,
        "day": 17
      },
      "time": {
        "hour": 10,
        "minute": 35,
        "second": 11,
        "nano": 0
      }
    },
    "citySender": "Запоріжжя",
    "cityRecipient": "Бахмут"
  },
  {
    "number": 59000455549236,
    "dateTime": {
      "date": {
        "year": 2019,
        "month": 10,
        "day": 17
      },
      "time": {
        "hour": 10,
        "minute": 34,
        "second": 23,
        "nano": 0
      }
    },
    "citySender": "Полтава",
    "cityRecipient": "Нові Санжари"
  },
  {
    "number": 59000455549237,
    "dateTime": {
      "date": {
        "year": 2019,
        "month": 10,
        "day": 17
      },
      "time": {
        "hour": 10,
        "minute": 34,
        "second": 55,
        "nano": 0
      }
    },
    "citySender": "Миколаїв",
    "cityRecipient": "Пісочин"
  },
  {
    "number": 59000455549238,
    "dateTime": {
      "date": {
        "year": 2019,
        "month": 10,
        "day": 17
      },
      "time": {
        "hour": 10,
        "minute": 34,
        "second": 39,
        "nano": 0
      }
    },
    "citySender": "Чернігів",
    "cityRecipient": "Київ"
  },
  {
    "number": 59000455549239,
    "dateTime": {
      "date": {
        "year": 2019,
        "month": 10,
        "day": 17
      },
      "time": {
        "hour": 10,
        "minute": 34,
        "second": 37,
        "nano": 0
      }
    },
    "citySender": "Київ",
    "cityRecipient": "Харків"
  },
  {
    "number": 59000455549240,
    "dateTime": {
      "date": {
        "year": 2019,
        "month": 10,
        "day": 17
      },
      "time": {
        "hour": 10,
        "minute": 35,
        "second": 12,
        "nano": 0
      }
    },
    "citySender": "Карлівка",
    "cityRecipient": "Київ"
  },
  {
    "number": 59000455549241,
    "dateTime": {
      "date": {
        "year": 2019,
        "month": 10,
        "day": 17
      },
      "time": {
        "hour": 10,
        "minute": 35,
        "second": 7,
        "nano": 0
      }
    },
    "citySender": "Самбір",
    "cityRecipient": "Перечин"
  },
  {
    "number": 59000455549242,
    "dateTime": {
      "date": {
        "year": 2019,
        "month": 10,
        "day": 17
      },
      "time": {
        "hour": 10,
        "minute": 34,
        "second": 28,
        "nano": 0
      }
    },
    "citySender": "Білгород-Дністровський",
    "cityRecipient": "Львів"
  },
  {
    "number": 59000455549243,
    "dateTime": {
      "date": {
        "year": 2019,
        "month": 10,
        "day": 17
      },
      "time": {
        "hour": 10,
        "minute": 35,
        "second": 2,
        "nano": 0
      }
    },
    "citySender": "Южноукраїнськ",
    "cityRecipient": "Київ"
  },
  {
    "number": 59000455549244,
    "dateTime": {
      "date": {
        "year": 2019,
        "month": 10,
        "day": 17
      },
      "time": {
        "hour": 10,
        "minute": 34,
        "second": 55,
        "nano": 0
      }
    },
    "citySender": "Чорнобай",
    "cityRecipient": "Київ"
  },
  {
    "number": 59000455549245,
    "dateTime": {
      "date": {
        "year": 2019,
        "month": 10,
        "day": 17
      },
      "time": {
        "hour": 10,
        "minute": 35,
        "second": 13,
        "nano": 0
      }
    },
    "citySender": "Миколаївка (Петропавлівський р-н)",
    "cityRecipient": "Київ"
  },
  {
    "number": 59000455549246,
    "dateTime": {
      "date": {
        "year": 2019,
        "month": 10,
        "day": 17
      },
      "time": {
        "hour": 10,
        "minute": 34,
        "second": 53,
        "nano": 0
      }
    },
    "citySender": "Харків",
    "cityRecipient": "Київ"
  },
  {
    "number": 59000455549247,
    "dateTime": {
      "date": {
        "year": 2019,
        "month": 10,
        "day": 17
      },
      "time": {
        "hour": 10,
        "minute": 34,
        "second": 32,
        "nano": 0
      }
    },
    "citySender": "Яворів",
    "cityRecipient": "Чернівці"
  },
  {
    "number": 59000455549248,
    "dateTime": {
      "date": {
        "year": 2019,
        "month": 10,
        "day": 17
      },
      "time": {
        "hour": 10,
        "minute": 34,
        "second": 57,
        "nano": 0
      }
    },
    "citySender": "Харків",
    "cityRecipient": "Хмельницький"
  },
  {
    "number": 59000455549249,
    "dateTime": {
      "date": {
        "year": 2019,
        "month": 10,
        "day": 17
      },
      "time": {
        "hour": 10,
        "minute": 35,
        "second": 8,
        "nano": 0
      }
    },
    "citySender": "Мошни",
    "cityRecipient": "Київ"
  },
  {
    "number": 59000455549250,
    "dateTime": {
      "date": {
        "year": 2019,
        "month": 10,
        "day": 17
      },
      "time": {
        "hour": 10,
        "minute": 34,
        "second": 55,
        "nano": 0
      }
    },
    "citySender": "Харків",
    "cityRecipient": "Чугуїв"
  },
  {
    "number": 59000455549251,
    "dateTime": {
      "date": {
        "year": 2019,
        "month": 10,
        "day": 17
      },
      "time": {
        "hour": 10,
        "minute": 33,
        "second": 31,
        "nano": 0
      }
    },
    "citySender": "Рокитне (Київська обл., Рокитнянський р-н)",
    "cityRecipient": "Харків"
  },
  {
    "number": 59000455549252,
    "dateTime": {
      "date": {
        "year": 2019,
        "month": 10,
        "day": 17
      },
      "time": {
        "hour": 10,
        "minute": 35,
        "second": 7,
        "nano": 0
      }
    },
    "citySender": "Рубанівка",
    "cityRecipient": "Тернопіль"
  },
  {
    "number": 59000455549253,
    "dateTime": {
      "date": {
        "year": 2019,
        "month": 10,
        "day": 17
      },
      "time": {
        "hour": 10,
        "minute": 35,
        "second": 6,
        "nano": 0
      }
    },
    "citySender": "Дрогобич",
    "cityRecipient": "Львів"
  },
  {
    "number": 59000455549254,
    "dateTime": {
      "date": {
        "year": 2019,
        "month": 10,
        "day": 17
      },
      "time": {
        "hour": 10,
        "minute": 35,
        "second": 6,
        "nano": 0
      }
    },
    "citySender": "Заболотів (Снятинський р-н)",
    "cityRecipient": "Судова Вишня"
  },
  {
    "number": 59000455549255,
    "dateTime": {
      "date": {
        "year": 2019,
        "month": 10,
        "day": 17
      },
      "time": {
        "hour": 10,
        "minute": 34,
        "second": 37,
        "nano": 0
      }
    },
    "citySender": "Львів",
    "cityRecipient": "Вільногірськ"
  },
  {
    "number": 59000455549256,
    "dateTime": {
      "date": {
        "year": 2019,
        "month": 10,
        "day": 17
      },
      "time": {
        "hour": 10,
        "minute": 35,
        "second": 15,
        "nano": 0
      }
    },
    "citySender": "Київ",
    "cityRecipient": "Київ"
  },
  {
    "number": 59000455549257,
    "dateTime": {
      "date": {
        "year": 2019,
        "month": 10,
        "day": 17
      },
      "time": {
        "hour": 10,
        "minute": 33,
        "second": 52,
        "nano": 0
      }
    },
    "citySender": "Куп\u0027янськ",
    "cityRecipient": "Харків"
  },
  {
    "number": 59000455549258,
    "dateTime": {
      "date": {
        "year": 2019,
        "month": 10,
        "day": 17
      },
      "time": {
        "hour": 10,
        "minute": 35,
        "second": 16,
        "nano": 0
      }
    },
    "citySender": "Київ",
    "cityRecipient": "Київ"
  },
  {
    "number": 59000455549259,
    "dateTime": {
      "date": {
        "year": 2019,
        "month": 10,
        "day": 17
      },
      "time": {
        "hour": 10,
        "minute": 33,
        "second": 50,
        "nano": 0
      }
    },
    "citySender": "Згурівка",
    "cityRecipient": "Оріхів"
  },
  {
    "number": 59000455549260,
    "dateTime": {
      "date": {
        "year": 2019,
        "month": 10,
        "day": 17
      },
      "time": {
        "hour": 10,
        "minute": 34,
        "second": 19,
        "nano": 0
      }
    },
    "citySender": "Херсон",
    "cityRecipient": "Київ"
  },
  {
    "number": 59000455549261,
    "dateTime": {
      "date": {
        "year": 2019,
        "month": 10,
        "day": 17
      },
      "time": {
        "hour": 10,
        "minute": 34,
        "second": 5,
        "nano": 0
      }
    },
    "citySender": "Одеса",
    "cityRecipient": "Скадовськ"
  },
  {
    "number": 59000455549262,
    "dateTime": {
      "date": {
        "year": 2019,
        "month": 10,
        "day": 17
      },
      "time": {
        "hour": 10,
        "minute": 33,
        "second": 45,
        "nano": 0
      }
    },
    "citySender": "Шабо",
    "cityRecipient": "Васильків"
  },
  {
    "number": 59000455549263,
    "dateTime": {
      "date": {
        "year": 2019,
        "month": 10,
        "day": 17
      },
      "time": {
        "hour": 10,
        "minute": 31,
        "second": 34,
        "nano": 0
      }
    },
    "citySender": "Рожнятів",
    "cityRecipient": "Коломия"
  },
  {
    "number": 59000455549264,
    "dateTime": {
      "date": {
        "year": 2019,
        "month": 10,
        "day": 17
      },
      "time": {
        "hour": 10,
        "minute": 33,
        "second": 21,
        "nano": 0
      }
    },
    "citySender": "Южне",
    "cityRecipient": "Хмельницький"
  },
  {
    "number": 59000455549265,
    "dateTime": {
      "date": {
        "year": 2019,
        "month": 10,
        "day": 17
      },
      "time": {
        "hour": 10,
        "minute": 35,
        "second": 17,
        "nano": 0
      }
    },
    "citySender": "Вири",
    "cityRecipient": "Черкаси"
  },
  {
    "number": 59000455549266,
    "dateTime": {
      "date": {
        "year": 2019,
        "month": 10,
        "day": 17
      },
      "time": {
        "hour": 10,
        "minute": 34,
        "second": 46,
        "nano": 0
      }
    },
    "citySender": "Костопіль",
    "cityRecipient": "Кропивницький"
  },
  {
    "number": 59000455549267,
    "dateTime": {
      "date": {
        "year": 2019,
        "month": 10,
        "day": 17
      },
      "time": {
        "hour": 10,
        "minute": 35,
        "second": 17,
        "nano": 0
      }
    },
    "citySender": "Жидачів",
    "cityRecipient": "Волноваха"
  },
  {
    "number": 59000455549268,
    "dateTime": {
      "date": {
        "year": 2019,
        "month": 10,
        "day": 17
      },
      "time": {
        "hour": 10,
        "minute": 35,
        "second": 13,
        "nano": 0
      }
    },
    "citySender": "Нові Санжари",
    "cityRecipient": "Чорноморськ"
  },
  {
    "number": 59000455549269,
    "dateTime": {
      "date": {
        "year": 2019,
        "month": 10,
        "day": 17
      },
      "time": {
        "hour": 10,
        "minute": 34,
        "second": 55,
        "nano": 0
      }
    },
    "citySender": "Лубни",
    "cityRecipient": "Полтава"
  },
  {
    "number": 59000455549270,
    "dateTime": {
      "date": {
        "year": 2019,
        "month": 10,
        "day": 17
      },
      "time": {
        "hour": 10,
        "minute": 34,
        "second": 33,
        "nano": 0
      }
    },
    "citySender": "Одеса",
    "cityRecipient": "Київ"
  },
  {
    "number": 59000455549271,
    "dateTime": {
      "date": {
        "year": 2019,
        "month": 10,
        "day": 17
      },
      "time": {
        "hour": 10,
        "minute": 34,
        "second": 58,
        "nano": 0
      }
    },
    "citySender": "Шишаки",
    "cityRecipient": "Нова Каховка"
  },
  {
    "number": 59000455549272,
    "dateTime": {
      "date": {
        "year": 2019,
        "month": 10,
        "day": 17
      },
      "time": {
        "hour": 10,
        "minute": 35,
        "second": 11,
        "nano": 0
      }
    },
    "citySender": "Київ",
    "cityRecipient": "Нові Санжари"
  },
  {
    "number": 59000455549273,
    "dateTime": {
      "date": {
        "year": 2019,
        "month": 10,
        "day": 17
      },
      "time": {
        "hour": 10,
        "minute": 35,
        "second": 17,
        "nano": 0
      }
    },
    "citySender": "Бровари",
    "cityRecipient": "Одеса"
  },
  {
    "number": 59000455549274,
    "dateTime": {
      "date": {
        "year": 2019,
        "month": 10,
        "day": 17
      },
      "time": {
        "hour": 10,
        "minute": 34,
        "second": 48,
        "nano": 0
      }
    },
    "citySender": "Луцьк",
    "cityRecipient": "Володимир-Волинський"
  },
  {
    "number": 59000455549275,
    "dateTime": {
      "date": {
        "year": 2019,
        "month": 10,
        "day": 17
      },
      "time": {
        "hour": 10,
        "minute": 35,
        "second": 0,
        "nano": 0
      }
    },
    "citySender": "Дніпро",
    "cityRecipient": "Київ"
  },
  {
    "number": 59000455549276,
    "dateTime": {
      "date": {
        "year": 2019,
        "month": 10,
        "day": 17
      },
      "time": {
        "hour": 10,
        "minute": 35,
        "second": 14,
        "nano": 0
      }
    },
    "citySender": "Озерне (Житомирська обл.)",
    "cityRecipient": "Полтава"
  },
  {
    "number": 59000455549277,
    "dateTime": {
      "date": {
        "year": 2019,
        "month": 10,
        "day": 17
      },
      "time": {
        "hour": 10,
        "minute": 34,
        "second": 44,
        "nano": 0
      }
    },
    "citySender": "Миколаїв",
    "cityRecipient": "Запоріжжя"
  },
  {
    "number": 59000455549278,
    "dateTime": {
      "date": {
        "year": 2019,
        "month": 10,
        "day": 17
      },
      "time": {
        "hour": 10,
        "minute": 35,
        "second": 10,
        "nano": 0
      }
    },
    "citySender": "Київ",
    "cityRecipient": "Київ"
  },
  {
    "number": 59000455549279,
    "dateTime": {
      "date": {
        "year": 2019,
        "month": 10,
        "day": 17
      },
      "time": {
        "hour": 10,
        "minute": 34,
        "second": 3,
        "nano": 0
      }
    },
    "citySender": "Харків",
    "cityRecipient": "Дніпро"
  }
]