[
  {
    "number": 59000455525591,
    "dateTime": {
      "date": {
        "year": 2019,
        "month": 10,
        "day": 17
      },
      "time": {
        "hour": 9,
        "minute": 20,
        "second": 19,
        "nano": 0
      }
    },
    "citySender": "Кривий Ріг",
    "cityRecipient": "Чугуїв"
  },
  {
    "number": 59000455525592,
    "dateTime": {
      "date": {
        "year": 2019,
        "month": 10,
        "day": 17
      },
      "time": {
        "hour": 9,
        "minute": 20,
        "second": 31,
        "nano": 0
      }
    },
    "citySender": "Київ",
    "cityRecipient": "Київ"
  },
  {
    "number": 59000455525593,
    "dateTime": {
      "date": {
        "year": 2019,
        "month": 10,
        "day": 17
      },
      "time": {
        "hour": 9,
        "minute": 20,
        "second": 27,
        "nano": 0
      }
    },
    "citySender": "Южноукраїнськ",
    "cityRecipient": "Южноукраїнськ"
  },
  {
    "number": 59000455525594,
    "dateTime": {
      "date": {
        "year": 2019,
        "month": 10,
        "day": 17
      },
      "time": {
        "hour": 9,
        "minute": 20,
        "second": 14,
        "nano": 0
      }
    },
    "citySender": "Бровари",
    "cityRecipient": "Бровари"
  },
  {
    "number": 59000455525595,
    "dateTime": {
      "date": {
        "year": 2019,
        "month": 10,
        "day": 17
      },
      "time": {
        "hour": 9,
        "minute": 20,
        "second": 24,
        "nano": 0
      }
    },
    "citySender": "Київ",
    "cityRecipient": "Харків"
  },
  {
    "number": 59000455525596,
    "dateTime": {
      "date": {
        "year": 2019,
        "month": 10,
        "day": 17
      },
      "time": {
        "hour": 9,
        "minute": 20,
        "second": 30,
        "nano": 0
      }
    },
    "citySender": "Запоріжжя",
    "cityRecipient": "Полтава"
  },
  {
    "number": 59000455525597,
    "dateTime": {
      "date": {
        "year": 2019,
        "month": 10,
        "day": 17
      },
      "time": {
        "hour": 9,
        "minute": 20,
        "second": 18,
        "nano": 0
      }
    },
    "citySender": "Бережани (Тернопільська обл.)",
    "cityRecipient": "Чернівці"
  },
  {
    "number": 59000455525598,
    "dateTime": {
      "date": {
        "year": 2019,
        "month": 10,
        "day": 17
      },
      "time": {
        "hour": 9,
        "minute": 20,
        "second": 29,
        "nano": 0
      }
    },
    "citySender": "Київ",
    "cityRecipient": "Лиман(Донецька обл)"
  },
  {
    "number": 59000455525599,
    "dateTime": {
      "date": {
        "year": 2019,
        "month": 10,
        "day": 17
      },
      "time": {
        "hour": 9,
        "minute": 19,
        "second": 41,
        "nano": 0
      }
    },
    "citySender": "Дніпро",
    "cityRecipient": "Київ"
  },
  {
    "number": 59000455525600,
    "dateTime": {
      "date": {
        "year": 2019,
        "month": 10,
        "day": 17
      },
      "time": {
        "hour": 9,
        "minute": 19,
        "second": 31,
        "nano": 0
      }
    },
    "citySender": "Авіаторське",
    "cityRecipient": "Львів"
  },
  {
    "number": 59000455525601,
    "dateTime": {
      "date": {
        "year": 2019,
        "month": 10,
        "day": 17
      },
      "time": {
        "hour": 8,
        "minute": 42,
        "second": 46,
        "nano": 0
      }
    },
    "citySender": "Бучач",
    "cityRecipient": "Сквира"
  },
  {
    "number": 59000455525602,
    "dateTime": {
      "date": {
        "year": 2019,
        "month": 10,
        "day": 17
      },
      "time": {
        "hour": 9,
        "minute": 19,
        "second": 6,
        "nano": 0
      }
    },
    "citySender": "Тернопіль",
    "cityRecipient": "Київ"
  },
  {
    "number": 59000455525603,
    "dateTime": {
      "date": {
        "year": 2019,
        "month": 10,
        "day": 17
      },
      "time": {
        "hour": 9,
        "minute": 20,
        "second": 2,
        "nano": 0
      }
    },
    "citySender": "Ратне",
    "cityRecipient": "Вараш"
  },
  {
    "number": 59000455525604,
    "dateTime": {
      "date": {
        "year": 2019,
        "month": 10,
        "day": 17
      },
      "time": {
        "hour": 9,
        "minute": 20,
        "second": 21,
        "nano": 0
      }
    },
    "citySender": "Велика Знам\u0027янка",
    "cityRecipient": "Торецьк"
  },
  {
    "number": 59000455525605,
    "dateTime": {
      "date": {
        "year": 2019,
        "month": 10,
        "day": 17
      },
      "time": {
        "hour": 9,
        "minute": 20,
        "second": 22,
        "nano": 0
      }
    },
    "citySender": "Одеса",
    "cityRecipient": "Дніпро"
  },
  {
    "number": 59000455525606,
    "dateTime": {
      "date": {
        "year": 2019,
        "month": 10,
        "day": 17
      },
      "time": {
        "hour": 9,
        "minute": 19,
        "second": 34,
        "nano": 0
      }
    },
    "citySender": "Мар\u0027їнка",
    "cityRecipient": "Дружківка"
  },
  {
    "number": 59000455525607,
    "dateTime": {
      "date": {
        "year": 2019,
        "month": 10,
        "day": 17
      },
      "time": {
        "hour": 9,
        "minute": 20,
        "second": 7,
        "nano": 0
      }
    },
    "citySender": "Київ",
    "cityRecipient": "Дніпро"
  },
  {
    "number": 59000455525608,
    "dateTime": {
      "date": {
        "year": 2019,
        "month": 10,
        "day": 17
      },
      "time": {
        "hour": 9,
        "minute": 20,
        "second": 21,
        "nano": 0
      }
    },
    "citySender": "Одеса",
    "cityRecipient": "Дніпро"
  },
  {
    "number": 59000455525609,
    "dateTime": {
      "date": {
        "year": 2019,
        "month": 10,
        "day": 17
      },
      "time": {
        "hour": 9,
        "minute": 20,
        "second": 22,
        "nano": 0
      }
    },
    "citySender": "Верховина",
    "cityRecipient": "Горохів"
  },
  {
    "number": 59000455525610,
    "dateTime": {
      "date": {
        "year": 2019,
        "month": 10,
        "day": 17
      },
      "time": {
        "hour": 9,
        "minute": 20,
        "second": 16,
        "nano": 0
      }
    },
    "citySender": "Київ",
    "cityRecipient": "Київ"
  },
  {
    "number": 59000455525611,
    "dateTime": {
      "date": {
        "year": 2019,
        "month": 10,
        "day": 17
      },
      "time": {
        "hour": 9,
        "minute": 20,
        "second": 34,
        "nano": 0
      }
    },
    "citySender": "Тарасівка",
    "cityRecipient": "Нові Петрівці"
  },
  {
    "number": 59000455525612,
    "dateTime": {
      "date": {
        "year": 2019,
        "month": 10,
        "day": 17
      },
      "time": {
        "hour": 9,
        "minute": 20,
        "second": 34,
        "nano": 0
      }
    },
    "citySender": "Полтава",
    "cityRecipient": "Яреськи"
  },
  {
    "number": 59000455525613,
    "dateTime": {
      "date": {
        "year": 2019,
        "month": 10,
        "day": 17
      },
      "time": {
        "hour": 9,
        "minute": 20,
        "second": 13,
        "nano": 0
      }
    },
    "citySender": "Дніпро",
    "cityRecipient": "Одеса"
  },
  {
    "number": 59000455525614,
    "dateTime": {
      "date": {
        "year": 2019,
        "month": 10,
        "day": 17
      },
      "time": {
        "hour": 9,
        "minute": 20,
        "second": 35,
        "nano": 0
      }
    },
    "citySender": "Київ",
    "cityRecipient": "Ілічанка"
  },
  {
    "number": 59000455525615,
    "dateTime": {
      "date": {
        "year": 2019,
        "month": 10,
        "day": 17
      },
      "time": {
        "hour": 9,
        "minute": 20,
        "second": 27,
        "nano": 0
      }
    },
    "citySender": "Ракошино",
    "cityRecipient": "Угринів (Тисменицький р-н., Івано-Франк. обл.)"
  },
  {
    "number": 59000455525616,
    "dateTime": {
      "date": {
        "year": 2019,
        "month": 10,
        "day": 17
      },
      "time": {
        "hour": 9,
        "minute": 19,
        "second": 5,
        "nano": 0
      }
    },
    "citySender": "Теребовля",
    "cityRecipient": "Снятин"
  },
  {
    "number": 59000455525617,
    "dateTime": {
      "date": {
        "year": 2019,
        "month": 10,
        "day": 17
      },
      "time": {
        "hour": 9,
        "minute": 17,
        "second": 35,
        "nano": 0
      }
    },
    "citySender": "Арбузинка",
    "cityRecipient": "Харків"
  },
  {
    "number": 59000455525618,
    "dateTime": {
      "date": {
        "year": 2019,
        "month": 10,
        "day": 17
      },
      "time": {
        "hour": 9,
        "minute": 20,
        "second": 35,
        "nano": 0
      }
    },
    "citySender": "Куликів",
    "cityRecipient": "Кривий Ріг"
  },
  {
    "number": 59000455525619,
    "dateTime": {
      "date": {
        "year": 2019,
        "month": 10,
        "day": 17
      },
      "time": {
        "hour": 9,
        "minute": 19,
        "second": 35,
        "nano": 0
      }
    },
    "citySender": "Миколаїв",
    "cityRecipient": "Сміла"
  },
  {
    "number": 59000455525620,
    "dateTime": {
      "date": {
        "year": 2019,
        "month": 10,
        "day": 17
      },
      "time": {
        "hour": 9,
        "minute": 19,
        "second": 41,
        "nano": 0
      }
    },
    "citySender": "Гуляйполе",
    "cityRecipient": "Дніпро"
  },
  {
    "number": 59000455525621,
    "dateTime": {
      "date": {
        "year": 2019,
        "month": 10,
        "day": 17
      },
      "time": {
        "hour": 9,
        "minute": 19,
        "second": 35,
        "nano": 0
      }
    },
    "citySender": "Черкаси",
    "cityRecipient": "Дніпро"
  },
  {
    "number": 59000455525622,
    "dateTime": {
      "date": {
        "year": 2019,
        "month": 10,
        "day": 17
      },
      "time": {
        "hour": 9,
        "minute": 19,
        "second": 44,
        "nano": 0
      }
    },
    "citySender": "Острог",
    "cityRecipient": "Чабани"
  },
  {
    "number": 59000455525623,
    "dateTime": {
      "date": {
        "year": 2019,
        "month": 10,
        "day": 17
      },
      "time": {
        "hour": 9,
        "minute": 19,
        "second": 34,
        "nano": 0
      }
    },
    "citySender": "Демидівка",
    "cityRecipient": "Київ"
  },
  {
    "number": 59000455525624,
    "dateTime": {
      "date": {
        "year": 2019,
        "month": 10,
        "day": 17
      },
      "time": {
        "hour": 9,
        "minute": 20,
        "second": 11,
        "nano": 0
      }
    },
    "citySender": "Дніпро",
    "cityRecipient": "Полтава"
  },
  {
    "number": 59000455525625,
    "dateTime": {
      "date": {
        "year": 2019,
        "month": 10,
        "day": 17
      },
      "time": {
        "hour": 9,
        "minute": 20,
        "second": 25,
        "nano": 0
      }
    },
    "citySender": "Суми",
    "cityRecipient": "Недригайлів (Сумська обл.)"
  },
  {
    "number": 59000455525626,
    "dateTime": {
      "date": {
        "year": 2019,
        "month": 10,
        "day": 17
      },
      "time": {
        "hour": 9,
        "minute": 20,
        "second": 20,
        "nano": 0
      }
    },
    "citySender": "Запоріжжя",
    "cityRecipient": "Херсон"
  },
  {
    "number": 59000455525627,
    "dateTime": {
      "date": {
        "year": 2019,
        "month": 10,
        "day": 17
      },
      "time": {
        "hour": 9,
        "minute": 20,
        "second": 20,
        "nano": 0
      }
    },
    "citySender": "Вишгород",
    "cityRecipient": "Львів"
  },
  {
    "number": 59000455525628,
    "dateTime": {
      "date": {
        "year": 2019,
        "month": 10,
        "day": 17
      },
      "time": {
        "hour": 9,
        "minute": 20,
        "second": 32,
        "nano": 0
      }
    },
    "citySender": "Прилуки",
    "cityRecipient": "Київ"
  },
  {
    "number": 59000455525629,
    "dateTime": {
      "date": {
        "year": 2019,
        "month": 10,
        "day": 17
      },
      "time": {
        "hour": 9,
        "minute": 19,
        "second": 32,
        "nano": 0
      }
    },
    "citySender": "Копайгород",
    "cityRecipient": "Рівне"
  },
  {
    "number": 59000455525630,
    "dateTime": {
      "date": {
        "year": 2019,
        "month": 10,
        "day": 17
      },
      "time": {
        "hour": 9,
        "minute": 20,
        "second": 16,
        "nano": 0
      }
    },
    "citySender": "Полтава",
    "cityRecipient": "Сєвєродонецьк"
  },
  {
    "number": 59000455525631,
    "dateTime": {
      "date": {
        "year": 2019,
        "month": 10,
        "day": 17
      },
      "time": {
        "hour": 9,
        "minute": 19,
        "second": 57,
        "nano": 0
      }
    },
    "citySender": "Сторожинець",
    "cityRecipient": "Хмельницький"
  },
  {
    "number": 59000455525632,
    "dateTime": {
      "date": {
        "year": 2019,
        "month": 10,
        "day": 17
      },
      "time": {
        "hour": 9,
        "minute": 20,
        "second": 25,
        "nano": 0
      }
    },
    "citySender": "Маріуполь",
    "cityRecipient": "Запоріжжя"
  },
  {
    "number": 59000455525633,
    "dateTime": {
      "date": {
        "year": 2019,
        "month": 10,
        "day": 17
      },
      "time": {
        "hour": 9,
        "minute": 20,
        "second": 17,
        "nano": 0
      }
    },
    "citySender": "Лисичанськ",
    "cityRecipient": "Київ"
  },
  {
    "number": 59000455525634,
    "dateTime": {
      "date": {
        "year": 2019,
        "month": 10,
        "day": 17
      },
      "time": {
        "hour": 9,
        "minute": 20,
        "second": 26,
        "nano": 0
      }
    },
    "citySender": "Кам\u0027янське(Дніпропетровська обл)",
    "cityRecipient": "Іванків(Бориспільський р-н)"
  },
  {
    "number": 59000455525635,
    "dateTime": {
      "date": {
        "year": 2019,
        "month": 10,
        "day": 17
      },
      "time": {
        "hour": 9,
        "minute": 20,
        "second": 28,
        "nano": 0
      }
    },
    "citySender": "Біла",
    "cityRecipient": "Київ"
  },
  {
    "number": 59000455525636,
    "dateTime": {
      "date": {
        "year": 2019,
        "month": 10,
        "day": 17
      },
      "time": {
        "hour": 9,
        "minute": 20,
        "second": 24,
        "nano": 0
      }
    },
    "citySender": "Солоницівка",
    "cityRecipient": "Василівка (Запорізька обл.)"
  },
  {
    "number": 59000455525637,
    "dateTime": {
      "date": {
        "year": 2019,
        "month": 10,
        "day": 17
      },
      "time": {
        "hour": 9,
        "minute": 20,
        "second": 23,
        "nano": 0
      }
    },
    "citySender": "Прилуки",
    "cityRecipient": "Первомайський (Харківська обл.)"
  },
  {
    "number": 59000455525638,
    "dateTime": {
      "date": {
        "year": 2019,
        "month": 10,
        "day": 17
      },
      "time": {
        "hour": 9,
        "minute": 20,
        "second": 17,
        "nano": 0
      }
    },
    "citySender": "Одеса",
    "cityRecipient": "Запоріжжя"
  },
  {
    "number": 59000455525640,
    "dateTime": {
      "date": {
        "year": 2019,
        "month": 10,
        "day": 17
      },
      "time": {
        "hour": 9,
        "minute": 20,
        "second": 9,
        "nano": 0
      }
    },
    "citySender": "Полтава",
    "cityRecipient": "Павлоград"
  },
  {
    "number": 59000455525641,
    "dateTime": {
      "date": {
        "year": 2019,
        "month": 10,
        "day": 17
      },
      "time": {
        "hour": 9,
        "minute": 19,
        "second": 25,
        "nano": 0
      }
    },
    "citySender": "Красноград (Харківська обл)",
    "cityRecipient": "Кам\u0027янське(Дніпропетровська обл)"
  },
  {
    "number": 59000455525642,
    "dateTime": {
      "date": {
        "year": 2019,
        "month": 10,
        "day": 17
      },
      "time": {
        "hour": 9,
        "minute": 20,
        "second": 7,
        "nano": 0
      }
    },
    "citySender": "Буча",
    "cityRecipient": "Біла Церква"
  },
  {
    "number": 59000455525643,
    "dateTime": {
      "date": {
        "year": 2019,
        "month": 10,
        "day": 17
      },
      "time": {
        "hour": 9,
        "minute": 20,
        "second": 31,
        "nano": 0
      }
    },
    "citySender": "Дніпро",
    "cityRecipient": "Маріуполь"
  },
  {
    "number": 59000455525644,
    "dateTime": {
      "date": {
        "year": 2019,
        "month": 10,
        "day": 17
      },
      "time": {
        "hour": 9,
        "minute": 20,
        "second": 17,
        "nano": 0
      }
    },
    "citySender": "Добропілля",
    "cityRecipient": "Миронівський (Бахмутський р-н.)"
  },
  {
    "number": 59000455525646,
    "dateTime": {
      "date": {
        "year": 2019,
        "month": 10,
        "day": 17
      },
      "time": {
        "hour": 9,
        "minute": 20,
        "second": 14,
        "nano": 0
      }
    },
    "citySender": "Подільськ",
    "cityRecipient": "Харків"
  },
  {
    "number": 59000455525647,
    "dateTime": {
      "date": {
        "year": 2019,
        "month": 10,
        "day": 17
      },
      "time": {
        "hour": 9,
        "minute": 20,
        "second": 28,
        "nano": 0
      }
    },
    "citySender": "Київ",
    "cityRecipient": "Рівне"
  },
  {
    "number": 59000455525648,
    "dateTime": {
      "date": {
        "year": 2019,
        "month": 10,
        "day": 17
      },
      "time": {
        "hour": 9,
        "minute": 19,
        "second": 59,
        "nano": 0
      }
    },
    "citySender": "Заводське(Лохвицький р-н,Полтав. обл)",
    "cityRecipient": "Харків"
  },
  {
    "number": 59000455525649,
    "dateTime": {
      "date": {
        "year": 2019,
        "month": 10,
        "day": 17
      },
      "time": {
        "hour": 9,
        "minute": 20,
        "second": 35,
        "nano": 0
      }
    },
    "citySender": "Переяслав-Хмельницький",
    "cityRecipient": "Коломия"
  },
  {
    "number": 59000455525650,
    "dateTime": {
      "date": {
        "year": 2019,
        "month": 10,
        "day": 17
      },
      "time": {
        "hour": 9,
        "minute": 20,
        "second": 16,
        "nano": 0
      }
    },
    "citySender": "Хмельницький",
    "cityRecipient": "Яворів"
  },
  {
    "number": 59000455525651,
    "dateTime": {
      "date": {
        "year": 2019,
        "month": 10,
        "day": 17
      },
      "time": {
        "hour": 9,
        "minute": 20,
        "second": 9,
        "nano": 0
      }
    },
    "citySender": "Хмельницький",
    "cityRecipient": "Бровари"
  },
  {
    "number": 59000455525652,
    "dateTime": {
      "date": {
        "year": 2019,
        "month": 10,
        "day": 17
      },
      "time": {
        "hour": 9,
        "minute": 20,
        "second": 41,
        "nano": 0
      }
    },
    "citySender": "Покровськ (Донецька обл.)",
    "cityRecipient": "Київ"
  },
  {
    "number": 59000455525653,
    "dateTime": {
      "date": {
        "year": 2019,
        "month": 10,
        "day": 17
      },
      "time": {
        "hour": 9,
        "minute": 19,
        "second": 55,
        "nano": 0
      }
    },
    "citySender": "Миколаїв",
    "cityRecipient": "Київ"
  },
  {
    "number": 59000455525654,
    "dateTime": {
      "date": {
        "year": 2019,
        "month": 10,
        "day": 17
      },
      "time": {
        "hour": 9,
        "minute": 20,
        "second": 42,
        "nano": 0
      }
    },
    "citySender": "Полтава",
    "cityRecipient": "Миколаїв"
  },
  {
    "number": 59000455525655,
    "dateTime": {
      "date": {
        "year": 2019,
        "month": 10,
        "day": 17
      },
      "time": {
        "hour": 9,
        "minute": 20,
        "second": 42,
        "nano": 0
      }
    },
    "citySender": "Київ",
    "cityRecipient": "Кам\u0027янське(Дніпропетровська обл)"
  },
  {
    "number": 59000455525656,
    "dateTime": {
      "date": {
        "year": 2019,
        "month": 10,
        "day": 17
      },
      "time": {
        "hour": 9,
        "minute": 20,
        "second": 39,
        "nano": 0
      }
    },
    "citySender": "Літин",
    "cityRecipient": "Одеса"
  },
  {
    "number": 59000455525657,
    "dateTime": {
      "date": {
        "year": 2019,
        "month": 10,
        "day": 17
      },
      "time": {
        "hour": 9,
        "minute": 19,
        "second": 44,
        "nano": 0
      }
    },
    "citySender": "Власівка",
    "cityRecipient": "Одеса"
  },
  {
    "number": 59000455525658,
    "dateTime": {
      "date": {
        "year": 2019,
        "month": 10,
        "day": 17
      },
      "time": {
        "hour": 9,
        "minute": 20,
        "second": 39,
        "nano": 0
      }
    },
    "citySender": "Мізоч",
    "cityRecipient": "Київ"
  },
  {
    "number": 59000455525659,
    "dateTime": {
      "date": {
        "year": 2019,
        "month": 10,
        "day": 17
      },
      "time": {
        "hour": 9,
        "minute": 20,
        "second": 43,
        "nano": 0
      }
    },
    "citySender": "Попасна",
    "cityRecipient": "Бородянка"
  },
  {
    "number": 59000455525660,
    "dateTime": {
      "date": {
        "year": 2019,
        "month": 10,
        "day": 17
      },
      "time": {
        "hour": 9,
        "minute": 20,
        "second": 6,
        "nano": 0
      }
    },
    "citySender": "Харків",
    "cityRecipient": "Снігурівка"
  },
  {
    "number": 59000455525661,
    "dateTime": {
      "date": {
        "year": 2019,
        "month": 10,
        "day": 17
      },
      "time": {
        "hour": 9,
        "minute": 20,
        "second": 39,
        "nano": 0
      }
    },
    "citySender": "Старокостянтинів",
    "cityRecipient": "Полтава"
  },
  {
    "number": 59000455525662,
    "dateTime": {
      "date": {
        "year": 2019,
        "month": 10,
        "day": 17
      },
      "time": {
        "hour": 9,
        "minute": 20,
        "second": 43,
        "nano": 0
      }
    },
    "citySender": "Черкаси",
    "cityRecipient": "Білгород-Дністровський"
  },
  {
    "number": 59000455525663,
    "dateTime": {
      "date": {
        "year": 2019,
        "month": 10,
        "day": 17
      },
      "time": {
        "hour": 9,
        "minute": 20,
        "second": 7,
        "nano": 0
      }
    },
    "citySender": "Гайсин",
    "cityRecipient": "Біла Церква"
  },
  {
    "number": 59000455525664,
    "dateTime": {
      "date": {
        "year": 2019,
        "month": 10,
        "day": 17
      },
      "time": {
        "hour": 9,
        "minute": 20,
        "second": 43,
        "nano": 0
      }
    },
    "citySender": "Гаврилівка",
    "cityRecipient": "Тернопіль"
  },
  {
    "number": 59000455525665,
    "dateTime": {
      "date": {
        "year": 2019,
        "month": 10,
        "day": 17
      },
      "time": {
        "hour": 9,
        "minute": 20,
        "second": 32,
        "nano": 0
      }
    },
    "citySender": "Стрілковичі",
    "cityRecipient": "Суми"
  },
  {
    "number": 59000455525666,
    "dateTime": {
      "date": {
        "year": 2019,
        "month": 10,
        "day": 17
      },
      "time": {
        "hour": 9,
        "minute": 20,
        "second": 36,
        "nano": 0
      }
    },
    "citySender": "Скала-Подільська",
    "cityRecipient": "Львів"
  },
  {
    "number": 59000455525667,
    "dateTime": {
      "date": {
        "year": 2019,
        "month": 10,
        "day": 17
      },
      "time": {
        "hour": 9,
        "minute": 20,
        "second": 27,
        "nano": 0
      }
    },
    "citySender": "Лубни",
    "cityRecipient": "Харків"
  },
  {
    "number": 59000455525668,
    "dateTime": {
      "date": {
        "year": 2019,
        "month": 10,
        "day": 17
      },
      "time": {
        "hour": 9,
        "minute": 20,
        "second": 16,
        "nano": 0
      }
    },
    "citySender": "Тернопіль",
    "cityRecipient": "Луцьк"
  },
  {
    "number": 59000455525669,
    "dateTime": {
      "date": {
        "year": 2019,
        "month": 10,
        "day": 17
      },
      "time": {
        "hour": 9,
        "minute": 20,
        "second": 44,
        "nano": 0
      }
    },
    "citySender": "Чорний Острів",
    "cityRecipient": "Київ"
  },
  {
    "number": 59000455525670,
    "dateTime": {
      "date": {
        "year": 2019,
        "month": 10,
        "day": 17
      },
      "time": {
        "hour": 9,
        "minute": 20,
        "second": 33,
        "nano": 0
      }
    },
    "citySender": "Зіньків (Хмельницька обл.)",
    "cityRecipient": "Вишневе"
  },
  {
    "number": 59000455525671,
    "dateTime": {
      "date": {
        "year": 2019,
        "month": 10,
        "day": 17
      },
      "time": {
        "hour": 9,
        "minute": 19,
        "second": 41,
        "nano": 0
      }
    },
    "citySender": "Одеса",
    "cityRecipient": "Київ"
  },
  {
    "number": 59000455525672,
    "dateTime": {
      "date": {
        "year": 2019,
        "month": 10,
        "day": 17
      },
      "time": {
        "hour": 9,
        "minute": 20,
        "second": 17,
        "nano": 0
      }
    },
    "citySender": "Гуляйполе",
    "cityRecipient": "Київ"
  },
  {
    "number": 59000455525673,
    "dateTime": {
      "date": {
        "year": 2019,
        "month": 10,
        "day": 17
      },
      "time": {
        "hour": 9,
        "minute": 20,
        "second": 41,
        "nano": 0
      }
    },
    "citySender": "Малехів",
    "cityRecipient": "Вільнянськ"
  },
  {
    "number": 59000455525674,
    "dateTime": {
      "date": {
        "year": 2019,
        "month": 10,
        "day": 17
      },
      "time": {
        "hour": 9,
        "minute": 20,
        "second": 28,
        "nano": 0
      }
    },
    "citySender": "Одеса",
    "cityRecipient": "Дубляни (Львів.обл.,Жовків.р-н)"
  },
  {
    "number": 59000455525675,
    "dateTime": {
      "date": {
        "year": 2019,
        "month": 10,
        "day": 17
      },
      "time": {
        "hour": 9,
        "minute": 14,
        "second": 46,
        "nano": 0
      }
    },
    "citySender": "Новий Калинів",
    "cityRecipient": "Кропивницький"
  },
  {
    "number": 59000455525676,
    "dateTime": {
      "date": {
        "year": 2019,
        "month": 10,
        "day": 17
      },
      "time": {
        "hour": 9,
        "minute": 20,
        "second": 14,
        "nano": 0
      }
    },
    "citySender": "Українка",
    "cityRecipient": "Київ"
  },
  {
    "number": 59000455525677,
    "dateTime": {
      "date": {
        "year": 2019,
        "month": 10,
        "day": 17
      },
      "time": {
        "hour": 9,
        "minute": 19,
        "second": 48,
        "nano": 0
      }
    },
    "citySender": "Волноваха",
    "cityRecipient": "Львів"
  },
  {
    "number": 59000455525678,
    "dateTime": {
      "date": {
        "year": 2019,
        "month": 10,
        "day": 17
      },
      "time": {
        "hour": 9,
        "minute": 20,
        "second": 44,
        "nano": 0
      }
    },
    "citySender": "Синельникове",
    "cityRecipient": "Таврійськ (Херсонська обл.)"
  },
  {
    "number": 59000455525679,
    "dateTime": {
      "date": {
        "year": 2019,
        "month": 10,
        "day": 17
      },
      "time": {
        "hour": 9,
        "minute": 20,
        "second": 14,
        "nano": 0
      }
    },
    "citySender": "Кропивницький",
    "cityRecipient": "Лосинівка"
  },
  {
    "number": 59000455525680,
    "dateTime": {
      "date": {
        "year": 2019,
        "month": 10,
        "day": 17
      },
      "time": {
        "hour": 9,
        "minute": 20,
        "second": 39,
        "nano": 0
      }
    },
    "citySender": "Новий Розділ",
    "cityRecipient": "Вільногірськ"
  },
  {
    "number": 59000455525681,
    "dateTime": {
      "date": {
        "year": 2019,
        "month": 10,
        "day": 17
      },
      "time": {
        "hour": 9,
        "minute": 20,
        "second": 38,
        "nano": 0
      }
    },
    "citySender": "Перечин",
    "cityRecipient": "Одеса"
  },
  {
    "number": 59000455525682,
    "dateTime": {
      "date": {
        "year": 2019,
        "month": 10,
        "day": 17
      },
      "time": {
        "hour": 9,
        "minute": 20,
        "second": 47,
        "nano": 0
      }
    },
    "citySender": "Десна (Чернігівська обл.)",
    "cityRecipient": "Вінниця"
  },
  {
    "number": 59000455525683,
    "dateTime": {
      "date": {
        "year": 2019,
        "month": 10,
        "day": 17
      },
      "time": {
        "hour": 9,
        "minute": 20,
        "second": 32,
        "nano": 0
      }
    },
    "citySender": "Харків",
    "cityRecipient": "Чернігів"
  },
  {
    "number": 59000455525684,
    "dateTime": {
      "date": {
        "year": 2019,
        "month": 10,
        "day": 17
      },
      "time": {
        "hour": 9,
        "minute": 20,
        "second": 27,
        "nano": 0
      }
    },
    "citySender": "Яремче",
    "cityRecipient": "Павлоград"
  },
  {
    "number": 59000455525685,
    "dateTime": {
      "date": {
        "year": 2019,
        "month": 10,
        "day": 17
      },
      "time": {
        "hour": 9,
        "minute": 20,
        "second": 47,
        "nano": 0
      }
    },
    "citySender": "Київ",
    "cityRecipient": "Миколаїв"
  },
  {
    "number": 59000455525686,
    "dateTime": {
      "date": {
        "year": 2019,
        "month": 10,
        "day": 17
      },
      "time": {
        "hour": 9,
        "minute": 20,
        "second": 7,
        "nano": 0
      }
    },
    "citySender": "Ланівці",
    "cityRecipient": "Львів"
  },
  {
    "number": 59000455525687,
    "dateTime": {
      "date": {
        "year": 2019,
        "month": 10,
        "day": 17
      },
      "time": {
        "hour": 9,
        "minute": 20,
        "second": 48,
        "nano": 0
      }
    },
    "citySender": "Ужгород",
    "cityRecipient": "Київ"
  },
  {
    "number": 59000455525688,
    "dateTime": {
      "date": {
        "year": 2019,
        "month": 10,
        "day": 17
      },
      "time": {
        "hour": 9,
        "minute": 20,
        "second": 48,
        "nano": 0
      }
    },
    "citySender": "Верхньодніпровськ",
    "cityRecipient": "Харків"
  },
  {
    "number": 59000455525689,
    "dateTime": {
      "date": {
        "year": 2019,
        "month": 10,
        "day": 17
      },
      "time": {
        "hour": 9,
        "minute": 20,
        "second": 20,
        "nano": 0
      }
    },
    "citySender": "Біла Церква",
    "cityRecipient": "Одеса"
  },
  {
    "number": 59000455525690,
    "dateTime": {
      "date": {
        "year": 2019,
        "month": 10,
        "day": 17
      },
      "time": {
        "hour": 9,
        "minute": 20,
        "second": 47,
        "nano": 0
      }
    },
    "citySender": "Устинівка",
    "cityRecipient": "Бориспіль"
  }
]