[
  {
    "number": 59000455542882,
    "dateTime": {
      "date": {
        "year": 2019,
        "month": 10,
        "day": 17
      },
      "time": {
        "hour": 10,
        "minute": 13,
        "second": 25,
        "nano": 0
      }
    },
    "citySender": "Трускавець",
    "cityRecipient": "Київ"
  },
  {
    "number": 59000455542883,
    "dateTime": {
      "date": {
        "year": 2019,
        "month": 10,
        "day": 17
      },
      "time": {
        "hour": 10,
        "minute": 15,
        "second": 10,
        "nano": 0
      }
    },
    "citySender": "Веселе (Запорізька обл.)",
    "cityRecipient": "Київ"
  },
  {
    "number": 59000455542884,
    "dateTime": {
      "date": {
        "year": 2019,
        "month": 10,
        "day": 17
      },
      "time": {
        "hour": 10,
        "minute": 15,
        "second": 26,
        "nano": 0
      }
    },
    "citySender": "Харків",
    "cityRecipient": "Київ"
  },
  {
    "number": 59000455542885,
    "dateTime": {
      "date": {
        "year": 2019,
        "month": 10,
        "day": 17
      },
      "time": {
        "hour": 10,
        "minute": 15,
        "second": 50,
        "nano": 0
      }
    },
    "citySender": "Київ",
    "cityRecipient": "Миколаїв"
  },
  {
    "number": 59000455542886,
    "dateTime": {
      "date": {
        "year": 2019,
        "month": 10,
        "day": 17
      },
      "time": {
        "hour": 10,
        "minute": 15,
        "second": 48,
        "nano": 0
      }
    },
    "citySender": "Слов\u0027янськ",
    "cityRecipient": "Одеса"
  },
  {
    "number": 59000455542887,
    "dateTime": {
      "date": {
        "year": 2019,
        "month": 10,
        "day": 17
      },
      "time": {
        "hour": 10,
        "minute": 15,
        "second": 48,
        "nano": 0
      }
    },
    "citySender": "Житомир",
    "cityRecipient": "Жидачів"
  },
  {
    "number": 59000455542888,
    "dateTime": {
      "date": {
        "year": 2019,
        "month": 10,
        "day": 17
      },
      "time": {
        "hour": 10,
        "minute": 15,
        "second": 37,
        "nano": 0
      }
    },
    "citySender": "Золочів (Львівська обл.)",
    "cityRecipient": "Київ"
  },
  {
    "number": 59000455542889,
    "dateTime": {
      "date": {
        "year": 2019,
        "month": 10,
        "day": 17
      },
      "time": {
        "hour": 10,
        "minute": 15,
        "second": 31,
        "nano": 0
      }
    },
    "citySender": "Каховка",
    "cityRecipient": "Костопіль"
  },
  {
    "number": 59000455542890,
    "dateTime": {
      "date": {
        "year": 2019,
        "month": 10,
        "day": 17
      },
      "time": {
        "hour": 10,
        "minute": 15,
        "second": 13,
        "nano": 0
      }
    },
    "citySender": "Київ",
    "cityRecipient": "Київ"
  },
  {
    "number": 59000455542891,
    "dateTime": {
      "date": {
        "year": 2019,
        "month": 10,
        "day": 17
      },
      "time": {
        "hour": 10,
        "minute": 15,
        "second": 34,
        "nano": 0
      }
    },
    "citySender": "Кропивницький",
    "cityRecipient": "Красноград (Харківська обл)"
  },
  {
    "number": 59000455542892,
    "dateTime": {
      "date": {
        "year": 2019,
        "month": 10,
        "day": 17
      },
      "time": {
        "hour": 10,
        "minute": 15,
        "second": 35,
        "nano": 0
      }
    },
    "citySender": "Токмак",
    "cityRecipient": "Кривий Ріг"
  },
  {
    "number": 59000455542893,
    "dateTime": {
      "date": {
        "year": 2019,
        "month": 10,
        "day": 17
      },
      "time": {
        "hour": 10,
        "minute": 15,
        "second": 51,
        "nano": 0
      }
    },
    "citySender": "Одеса",
    "cityRecipient": "Княжичі (Броварський р-н)"
  },
  {
    "number": 59000455542894,
    "dateTime": {
      "date": {
        "year": 2019,
        "month": 10,
        "day": 17
      },
      "time": {
        "hour": 10,
        "minute": 15,
        "second": 29,
        "nano": 0
      }
    },
    "citySender": "Сарни",
    "cityRecipient": "Рівне"
  },
  {
    "number": 59000455542895,
    "dateTime": {
      "date": {
        "year": 2019,
        "month": 10,
        "day": 17
      },
      "time": {
        "hour": 10,
        "minute": 15,
        "second": 26,
        "nano": 0
      }
    },
    "citySender": "Одеса",
    "cityRecipient": "Київ"
  },
  {
    "number": 59000455542896,
    "dateTime": {
      "date": {
        "year": 2019,
        "month": 10,
        "day": 17
      },
      "time": {
        "hour": 10,
        "minute": 14,
        "second": 57,
        "nano": 0
      }
    },
    "citySender": "Київ",
    "cityRecipient": "Пирятин"
  },
  {
    "number": 59000455542897,
    "dateTime": {
      "date": {
        "year": 2019,
        "month": 10,
        "day": 17
      },
      "time": {
        "hour": 10,
        "minute": 15,
        "second": 9,
        "nano": 0
      }
    },
    "citySender": "Горького",
    "cityRecipient": "Київ"
  },
  {
    "number": 59000455542898,
    "dateTime": {
      "date": {
        "year": 2019,
        "month": 10,
        "day": 17
      },
      "time": {
        "hour": 10,
        "minute": 15,
        "second": 26,
        "nano": 0
      }
    },
    "citySender": "Біла",
    "cityRecipient": "Київ"
  },
  {
    "number": 59000455542899,
    "dateTime": {
      "date": {
        "year": 2019,
        "month": 10,
        "day": 17
      },
      "time": {
        "hour": 10,
        "minute": 15,
        "second": 37,
        "nano": 0
      }
    },
    "citySender": "Лиман(Донецька обл)",
    "cityRecipient": "Київ"
  },
  {
    "number": 59000455542900,
    "dateTime": {
      "date": {
        "year": 2019,
        "month": 10,
        "day": 17
      },
      "time": {
        "hour": 10,
        "minute": 14,
        "second": 37,
        "nano": 0
      }
    },
    "citySender": "Ніжин",
    "cityRecipient": "Новомиргород"
  },
  {
    "number": 59000455542901,
    "dateTime": {
      "date": {
        "year": 2019,
        "month": 10,
        "day": 17
      },
      "time": {
        "hour": 10,
        "minute": 15,
        "second": 43,
        "nano": 0
      }
    },
    "citySender": "Київ",
    "cityRecipient": "Київ"
  },
  {
    "number": 59000455542902,
    "dateTime": {
      "date": {
        "year": 2019,
        "month": 10,
        "day": 17
      },
      "time": {
        "hour": 10,
        "minute": 15,
        "second": 28,
        "nano": 0
      }
    },
    "citySender": "Старокостянтинів",
    "cityRecipient": "Чернігів"
  },
  {
    "number": 59000455542903,
    "dateTime": {
      "date": {
        "year": 2019,
        "month": 10,
        "day": 17
      },
      "time": {
        "hour": 10,
        "minute": 15,
        "second": 49,
        "nano": 0
      }
    },
    "citySender": "Білолуцьк",
    "cityRecipient": "Київ"
  },
  {
    "number": 59000455542904,
    "dateTime": {
      "date": {
        "year": 2019,
        "month": 10,
        "day": 17
      },
      "time": {
        "hour": 10,
        "minute": 15,
        "second": 38,
        "nano": 0
      }
    },
    "citySender": "Одеса",
    "cityRecipient": "Миколаїв"
  },
  {
    "number": 59000455542905,
    "dateTime": {
      "date": {
        "year": 2019,
        "month": 10,
        "day": 17
      },
      "time": {
        "hour": 10,
        "minute": 15,
        "second": 53,
        "nano": 0
      }
    },
    "citySender": "Дніпро",
    "cityRecipient": "Київ"
  },
  {
    "number": 59000455542906,
    "dateTime": {
      "date": {
        "year": 2019,
        "month": 10,
        "day": 17
      },
      "time": {
        "hour": 10,
        "minute": 15,
        "second": 52,
        "nano": 0
      }
    },
    "citySender": "Чугуїв",
    "cityRecipient": "Зіньків"
  },
  {
    "number": 59000455542907,
    "dateTime": {
      "date": {
        "year": 2019,
        "month": 10,
        "day": 17
      },
      "time": {
        "hour": 10,
        "minute": 15,
        "second": 50,
        "nano": 0
      }
    },
    "citySender": "Дніпровське",
    "cityRecipient": "Сторожинець"
  },
  {
    "number": 59000455542908,
    "dateTime": {
      "date": {
        "year": 2019,
        "month": 10,
        "day": 17
      },
      "time": {
        "hour": 10,
        "minute": 15,
        "second": 53,
        "nano": 0
      }
    },
    "citySender": "Дніпро",
    "cityRecipient": "Покровськ (Донецька обл.)"
  },
  {
    "number": 59000455542909,
    "dateTime": {
      "date": {
        "year": 2019,
        "month": 10,
        "day": 17
      },
      "time": {
        "hour": 10,
        "minute": 15,
        "second": 19,
        "nano": 0
      }
    },
    "citySender": "Черкаси",
    "cityRecipient": "Сєвєродонецьк"
  },
  {
    "number": 59000455542911,
    "dateTime": {
      "date": {
        "year": 2019,
        "month": 10,
        "day": 17
      },
      "time": {
        "hour": 10,
        "minute": 15,
        "second": 53,
        "nano": 0
      }
    },
    "citySender": "Покровське (Покровський р-н Дніпропетровська обл.)",
    "cityRecipient": "Дніпро"
  },
  {
    "number": 59000455542912,
    "dateTime": {
      "date": {
        "year": 2019,
        "month": 10,
        "day": 17
      },
      "time": {
        "hour": 10,
        "minute": 15,
        "second": 43,
        "nano": 0
      }
    },
    "citySender": "Київ",
    "cityRecipient": "Обухів"
  },
  {
    "number": 59000455542913,
    "dateTime": {
      "date": {
        "year": 2019,
        "month": 10,
        "day": 17
      },
      "time": {
        "hour": 10,
        "minute": 15,
        "second": 54,
        "nano": 0
      }
    },
    "citySender": "Козятин (місто, Вінницька обл.)",
    "cityRecipient": "Червоноград (Львівська обл.)"
  },
  {
    "number": 59000455542914,
    "dateTime": {
      "date": {
        "year": 2019,
        "month": 10,
        "day": 17
      },
      "time": {
        "hour": 10,
        "minute": 15,
        "second": 37,
        "nano": 0
      }
    },
    "citySender": "Одеса",
    "cityRecipient": "Криве Озеро"
  },
  {
    "number": 59000455542915,
    "dateTime": {
      "date": {
        "year": 2019,
        "month": 10,
        "day": 17
      },
      "time": {
        "hour": 10,
        "minute": 15,
        "second": 29,
        "nano": 0
      }
    },
    "citySender": "Калуш",
    "cityRecipient": "Львів"
  },
  {
    "number": 59000455542916,
    "dateTime": {
      "date": {
        "year": 2019,
        "month": 10,
        "day": 17
      },
      "time": {
        "hour": 10,
        "minute": 15,
        "second": 27,
        "nano": 0
      }
    },
    "citySender": "Мелітополь",
    "cityRecipient": "Львів"
  },
  {
    "number": 59000455542918,
    "dateTime": {
      "date": {
        "year": 2019,
        "month": 10,
        "day": 17
      },
      "time": {
        "hour": 10,
        "minute": 15,
        "second": 36,
        "nano": 0
      }
    },
    "citySender": "Ходосівка",
    "cityRecipient": "Українка"
  },
  {
    "number": 59000455542919,
    "dateTime": {
      "date": {
        "year": 2019,
        "month": 10,
        "day": 17
      },
      "time": {
        "hour": 10,
        "minute": 15,
        "second": 36,
        "nano": 0
      }
    },
    "citySender": "Мелітополь",
    "cityRecipient": "Врадіївка"
  },
  {
    "number": 59000455542920,
    "dateTime": {
      "date": {
        "year": 2019,
        "month": 10,
        "day": 17
      },
      "time": {
        "hour": 10,
        "minute": 14,
        "second": 49,
        "nano": 0
      }
    },
    "citySender": "Київ",
    "cityRecipient": "Ніжин"
  },
  {
    "number": 59000455542921,
    "dateTime": {
      "date": {
        "year": 2019,
        "month": 10,
        "day": 17
      },
      "time": {
        "hour": 10,
        "minute": 15,
        "second": 52,
        "nano": 0
      }
    },
    "citySender": "Коломия",
    "cityRecipient": "Київ"
  },
  {
    "number": 59000455542922,
    "dateTime": {
      "date": {
        "year": 2019,
        "month": 10,
        "day": 17
      },
      "time": {
        "hour": 10,
        "minute": 15,
        "second": 31,
        "nano": 0
      }
    },
    "citySender": "Слов\u0027янськ",
    "cityRecipient": "Бердянськ"
  },
  {
    "number": 59000455542923,
    "dateTime": {
      "date": {
        "year": 2019,
        "month": 10,
        "day": 17
      },
      "time": {
        "hour": 10,
        "minute": 15,
        "second": 56,
        "nano": 0
      }
    },
    "citySender": "Харків",
    "cityRecipient": "Маріуполь"
  },
  {
    "number": 59000455542924,
    "dateTime": {
      "date": {
        "year": 2019,
        "month": 10,
        "day": 17
      },
      "time": {
        "hour": 10,
        "minute": 14,
        "second": 53,
        "nano": 0
      }
    },
    "citySender": "Суми",
    "cityRecipient": "Бердичів"
  },
  {
    "number": 59000455542925,
    "dateTime": {
      "date": {
        "year": 2019,
        "month": 10,
        "day": 17
      },
      "time": {
        "hour": 10,
        "minute": 15,
        "second": 56,
        "nano": 0
      }
    },
    "citySender": "Городок(Львівська обл.)",
    "cityRecipient": "Київ"
  },
  {
    "number": 59000455542926,
    "dateTime": {
      "date": {
        "year": 2019,
        "month": 10,
        "day": 17
      },
      "time": {
        "hour": 10,
        "minute": 15,
        "second": 51,
        "nano": 0
      }
    },
    "citySender": "Івано-Франківськ",
    "cityRecipient": "Київ"
  },
  {
    "number": 59000455542927,
    "dateTime": {
      "date": {
        "year": 2019,
        "month": 10,
        "day": 17
      },
      "time": {
        "hour": 10,
        "minute": 15,
        "second": 52,
        "nano": 0
      }
    },
    "citySender": "Кременчук",
    "cityRecipient": "Кременчук"
  },
  {
    "number": 59000455542928,
    "dateTime": {
      "date": {
        "year": 2019,
        "month": 10,
        "day": 17
      },
      "time": {
        "hour": 10,
        "minute": 15,
        "second": 57,
        "nano": 0
      }
    },
    "citySender": "Косів",
    "cityRecipient": "Стецьківка"
  },
  {
    "number": 59000455542929,
    "dateTime": {
      "date": {
        "year": 2019,
        "month": 10,
        "day": 17
      },
      "time": {
        "hour": 10,
        "minute": 15,
        "second": 43,
        "nano": 0
      }
    },
    "citySender": "Житомир",
    "cityRecipient": "Хирів"
  },
  {
    "number": 59000455542930,
    "dateTime": {
      "date": {
        "year": 2019,
        "month": 10,
        "day": 17
      },
      "time": {
        "hour": 10,
        "minute": 15,
        "second": 43,
        "nano": 0
      }
    },
    "citySender": "Київ",
    "cityRecipient": "Вінниця"
  },
  {
    "number": 59000455542931,
    "dateTime": {
      "date": {
        "year": 2019,
        "month": 10,
        "day": 17
      },
      "time": {
        "hour": 10,
        "minute": 15,
        "second": 30,
        "nano": 0
      }
    },
    "citySender": "Пологи (Запорізька обл.)",
    "cityRecipient": "Мілове"
  },
  {
    "number": 59000455542932,
    "dateTime": {
      "date": {
        "year": 2019,
        "month": 10,
        "day": 17
      },
      "time": {
        "hour": 10,
        "minute": 15,
        "second": 48,
        "nano": 0
      }
    },
    "citySender": "Нова Збур\u0027ївка",
    "cityRecipient": "Чорноморське"
  },
  {
    "number": 59000455542933,
    "dateTime": {
      "date": {
        "year": 2019,
        "month": 10,
        "day": 17
      },
      "time": {
        "hour": 10,
        "minute": 15,
        "second": 57,
        "nano": 0
      }
    },
    "citySender": "Зеленогірське",
    "cityRecipient": "Одеса"
  },
  {
    "number": 59000455542934,
    "dateTime": {
      "date": {
        "year": 2019,
        "month": 10,
        "day": 17
      },
      "time": {
        "hour": 10,
        "minute": 15,
        "second": 37,
        "nano": 0
      }
    },
    "citySender": "Почаїв",
    "cityRecipient": "Лохвиця"
  },
  {
    "number": 59000455542935,
    "dateTime": {
      "date": {
        "year": 2019,
        "month": 10,
        "day": 17
      },
      "time": {
        "hour": 10,
        "minute": 15,
        "second": 42,
        "nano": 0
      }
    },
    "citySender": "Київ",
    "cityRecipient": "Київ"
  },
  {
    "number": 59000455542936,
    "dateTime": {
      "date": {
        "year": 2019,
        "month": 10,
        "day": 17
      },
      "time": {
        "hour": 10,
        "minute": 15,
        "second": 57,
        "nano": 0
      }
    },
    "citySender": "Одеса",
    "cityRecipient": "Вінниця"
  },
  {
    "number": 59000455542937,
    "dateTime": {
      "date": {
        "year": 2019,
        "month": 10,
        "day": 17
      },
      "time": {
        "hour": 10,
        "minute": 15,
        "second": 37,
        "nano": 0
      }
    },
    "citySender": "Кам\u0027янське(Дніпропетровська обл)",
    "cityRecipient": "Жашків"
  },
  {
    "number": 59000455542938,
    "dateTime": {
      "date": {
        "year": 2019,
        "month": 10,
        "day": 17
      },
      "time": {
        "hour": 10,
        "minute": 15,
        "second": 20,
        "nano": 0
      }
    },
    "citySender": "Бровари",
    "cityRecipient": "Дніпро"
  },
  {
    "number": 59000455542939,
    "dateTime": {
      "date": {
        "year": 2019,
        "month": 10,
        "day": 17
      },
      "time": {
        "hour": 10,
        "minute": 15,
        "second": 33,
        "nano": 0
      }
    },
    "citySender": "Старобільськ",
    "cityRecipient": "Одеса"
  },
  {
    "number": 59000455542940,
    "dateTime": {
      "date": {
        "year": 2019,
        "month": 10,
        "day": 17
      },
      "time": {
        "hour": 10,
        "minute": 15,
        "second": 2,
        "nano": 0
      }
    },
    "citySender": "Нікополь (Дніпропетровська обл.)",
    "cityRecipient": "Клугино-Башкирівка"
  },
  {
    "number": 59000455542941,
    "dateTime": {
      "date": {
        "year": 2019,
        "month": 10,
        "day": 17
      },
      "time": {
        "hour": 10,
        "minute": 15,
        "second": 44,
        "nano": 0
      }
    },
    "citySender": "Токмак",
    "cityRecipient": "Харків"
  },
  {
    "number": 59000455542942,
    "dateTime": {
      "date": {
        "year": 2019,
        "month": 10,
        "day": 17
      },
      "time": {
        "hour": 10,
        "minute": 14,
        "second": 39,
        "nano": 0
      }
    },
    "citySender": "Тростянець (Сумська обл.)",
    "cityRecipient": "Київ"
  },
  {
    "number": 59000455542943,
    "dateTime": {
      "date": {
        "year": 2019,
        "month": 10,
        "day": 17
      },
      "time": {
        "hour": 10,
        "minute": 15,
        "second": 39,
        "nano": 0
      }
    },
    "citySender": "Локачі",
    "cityRecipient": "Одеса"
  },
  {
    "number": 59000455542944,
    "dateTime": {
      "date": {
        "year": 2019,
        "month": 10,
        "day": 17
      },
      "time": {
        "hour": 10,
        "minute": 15,
        "second": 53,
        "nano": 0
      }
    },
    "citySender": "Янишівка",
    "cityRecipient": "Черкаси"
  },
  {
    "number": 59000455542945,
    "dateTime": {
      "date": {
        "year": 2019,
        "month": 10,
        "day": 17
      },
      "time": {
        "hour": 10,
        "minute": 14,
        "second": 52,
        "nano": 0
      }
    },
    "citySender": "П\u0027ядики",
    "cityRecipient": "Київ"
  },
  {
    "number": 59000455542946,
    "dateTime": {
      "date": {
        "year": 2019,
        "month": 10,
        "day": 17
      },
      "time": {
        "hour": 10,
        "minute": 15,
        "second": 51,
        "nano": 0
      }
    },
    "citySender": "Запоріжжя",
    "cityRecipient": "Ставище"
  },
  {
    "number": 59000455542947,
    "dateTime": {
      "date": {
        "year": 2019,
        "month": 10,
        "day": 17
      },
      "time": {
        "hour": 10,
        "minute": 15,
        "second": 40,
        "nano": 0
      }
    },
    "citySender": "Брусилів",
    "cityRecipient": "Івано-Франківськ"
  },
  {
    "number": 59000455542948,
    "dateTime": {
      "date": {
        "year": 2019,
        "month": 10,
        "day": 17
      },
      "time": {
        "hour": 10,
        "minute": 15,
        "second": 25,
        "nano": 0
      }
    },
    "citySender": "Рубіжне",
    "cityRecipient": "Вовчанськ"
  },
  {
    "number": 59000455542949,
    "dateTime": {
      "date": {
        "year": 2019,
        "month": 10,
        "day": 17
      },
      "time": {
        "hour": 10,
        "minute": 15,
        "second": 36,
        "nano": 0
      }
    },
    "citySender": "Біла Церква",
    "cityRecipient": "Житомир"
  },
  {
    "number": 59000455542950,
    "dateTime": {
      "date": {
        "year": 2019,
        "month": 10,
        "day": 17
      },
      "time": {
        "hour": 10,
        "minute": 14,
        "second": 42,
        "nano": 0
      }
    },
    "citySender": "Житомир",
    "cityRecipient": "Кропивницький"
  },
  {
    "number": 59000455542951,
    "dateTime": {
      "date": {
        "year": 2019,
        "month": 10,
        "day": 17
      },
      "time": {
        "hour": 10,
        "minute": 15,
        "second": 39,
        "nano": 0
      }
    },
    "citySender": "Уланів",
    "cityRecipient": "Хмільник (Вінницька обл.)"
  },
  {
    "number": 59000455542952,
    "dateTime": {
      "date": {
        "year": 2019,
        "month": 10,
        "day": 17
      },
      "time": {
        "hour": 10,
        "minute": 15,
        "second": 44,
        "nano": 0
      }
    },
    "citySender": "Дубровиця (Рівненська обл.)",
    "cityRecipient": "Вишневе"
  },
  {
    "number": 59000455542953,
    "dateTime": {
      "date": {
        "year": 2019,
        "month": 10,
        "day": 17
      },
      "time": {
        "hour": 10,
        "minute": 15,
        "second": 17,
        "nano": 0
      }
    },
    "citySender": "Ізюм",
    "cityRecipient": "Київ"
  },
  {
    "number": 59000455542954,
    "dateTime": {
      "date": {
        "year": 2019,
        "month": 10,
        "day": 17
      },
      "time": {
        "hour": 10,
        "minute": 15,
        "second": 44,
        "nano": 0
      }
    },
    "citySender": "Вільнянськ",
    "cityRecipient": "Миколаїв"
  },
  {
    "number": 59000455542955,
    "dateTime": {
      "date": {
        "year": 2019,
        "month": 10,
        "day": 17
      },
      "time": {
        "hour": 10,
        "minute": 16,
        "second": 0,
        "nano": 0
      }
    },
    "citySender": "Шевченкове (Київська обл.)",
    "cityRecipient": "Одеса"
  },
  {
    "number": 59000455542956,
    "dateTime": {
      "date": {
        "year": 2019,
        "month": 10,
        "day": 17
      },
      "time": {
        "hour": 10,
        "minute": 15,
        "second": 3,
        "nano": 0
      }
    },
    "citySender": "Пирятин",
    "cityRecipient": "Харків"
  },
  {
    "number": 59000455542957,
    "dateTime": {
      "date": {
        "year": 2019,
        "month": 10,
        "day": 17
      },
      "time": {
        "hour": 10,
        "minute": 15,
        "second": 56,
        "nano": 0
      }
    },
    "citySender": "Попасна",
    "cityRecipient": "Чортків"
  },
  {
    "number": 59000455542958,
    "dateTime": {
      "date": {
        "year": 2019,
        "month": 10,
        "day": 17
      },
      "time": {
        "hour": 10,
        "minute": 15,
        "second": 34,
        "nano": 0
      }
    },
    "citySender": "Летичів",
    "cityRecipient": "Станиця Луганська"
  },
  {
    "number": 59000455542959,
    "dateTime": {
      "date": {
        "year": 2019,
        "month": 10,
        "day": 17
      },
      "time": {
        "hour": 10,
        "minute": 16,
        "second": 0,
        "nano": 0
      }
    },
    "citySender": "Одеса",
    "cityRecipient": "Київ"
  },
  {
    "number": 59000455542960,
    "dateTime": {
      "date": {
        "year": 2019,
        "month": 10,
        "day": 17
      },
      "time": {
        "hour": 10,
        "minute": 15,
        "second": 46,
        "nano": 0
      }
    },
    "citySender": "Харків",
    "cityRecipient": "Київ"
  },
  {
    "number": 59000455542961,
    "dateTime": {
      "date": {
        "year": 2019,
        "month": 10,
        "day": 17
      },
      "time": {
        "hour": 10,
        "minute": 15,
        "second": 59,
        "nano": 0
      }
    },
    "citySender": "Харків",
    "cityRecipient": "Харків"
  },
  {
    "number": 59000455542962,
    "dateTime": {
      "date": {
        "year": 2019,
        "month": 10,
        "day": 17
      },
      "time": {
        "hour": 10,
        "minute": 16,
        "second": 1,
        "nano": 0
      }
    },
    "citySender": "Слов\u0027янськ",
    "cityRecipient": "Авангард"
  },
  {
    "number": 59000455542963,
    "dateTime": {
      "date": {
        "year": 2019,
        "month": 10,
        "day": 17
      },
      "time": {
        "hour": 10,
        "minute": 15,
        "second": 51,
        "nano": 0
      }
    },
    "citySender": "Коблеве",
    "cityRecipient": "Львів"
  },
  {
    "number": 59000455542964,
    "dateTime": {
      "date": {
        "year": 2019,
        "month": 10,
        "day": 17
      },
      "time": {
        "hour": 10,
        "minute": 15,
        "second": 53,
        "nano": 0
      }
    },
    "citySender": "Кривий Ріг",
    "cityRecipient": "Київ"
  },
  {
    "number": 59000455542965,
    "dateTime": {
      "date": {
        "year": 2019,
        "month": 10,
        "day": 17
      },
      "time": {
        "hour": 10,
        "minute": 15,
        "second": 59,
        "nano": 0
      }
    },
    "citySender": "Київ",
    "cityRecipient": "Одеса"
  },
  {
    "number": 59000455542966,
    "dateTime": {
      "date": {
        "year": 2019,
        "month": 10,
        "day": 17
      },
      "time": {
        "hour": 10,
        "minute": 15,
        "second": 28,
        "nano": 0
      }
    },
    "citySender": "Одеса",
    "cityRecipient": "Львів"
  },
  {
    "number": 59000455542967,
    "dateTime": {
      "date": {
        "year": 2019,
        "month": 10,
        "day": 17
      },
      "time": {
        "hour": 10,
        "minute": 14,
        "second": 31,
        "nano": 0
      }
    },
    "citySender": "Ясенів-Пільний",
    "cityRecipient": "Бровари"
  },
  {
    "number": 59000455542968,
    "dateTime": {
      "date": {
        "year": 2019,
        "month": 10,
        "day": 17
      },
      "time": {
        "hour": 10,
        "minute": 15,
        "second": 37,
        "nano": 0
      }
    },
    "citySender": "Харків",
    "cityRecipient": "Київ"
  },
  {
    "number": 59000455542969,
    "dateTime": {
      "date": {
        "year": 2019,
        "month": 10,
        "day": 17
      },
      "time": {
        "hour": 10,
        "minute": 15,
        "second": 39,
        "nano": 0
      }
    },
    "citySender": "Вінниця",
    "cityRecipient": "Миколаїв"
  },
  {
    "number": 59000455542970,
    "dateTime": {
      "date": {
        "year": 2019,
        "month": 10,
        "day": 17
      },
      "time": {
        "hour": 10,
        "minute": 16,
        "second": 0,
        "nano": 0
      }
    },
    "citySender": "Покров (Дніпропетровська обл.)",
    "cityRecipient": "Гончарівське"
  },
  {
    "number": 59000455542971,
    "dateTime": {
      "date": {
        "year": 2019,
        "month": 10,
        "day": 17
      },
      "time": {
        "hour": 10,
        "minute": 15,
        "second": 43,
        "nano": 0
      }
    },
    "citySender": "Слов\u0027янськ",
    "cityRecipient": "Харків"
  },
  {
    "number": 59000455542972,
    "dateTime": {
      "date": {
        "year": 2019,
        "month": 10,
        "day": 17
      },
      "time": {
        "hour": 10,
        "minute": 15,
        "second": 59,
        "nano": 0
      }
    },
    "citySender": "Добромиль",
    "cityRecipient": "Кам\u0027янка-Бузька"
  },
  {
    "number": 59000455542973,
    "dateTime": {
      "date": {
        "year": 2019,
        "month": 10,
        "day": 17
      },
      "time": {
        "hour": 10,
        "minute": 15,
        "second": 51,
        "nano": 0
      }
    },
    "citySender": "Буча",
    "cityRecipient": "Київ"
  },
  {
    "number": 59000455542974,
    "dateTime": {
      "date": {
        "year": 2019,
        "month": 10,
        "day": 17
      },
      "time": {
        "hour": 10,
        "minute": 15,
        "second": 59,
        "nano": 0
      }
    },
    "citySender": "Прилуки",
    "cityRecipient": "Київ"
  },
  {
    "number": 59000455542975,
    "dateTime": {
      "date": {
        "year": 2019,
        "month": 10,
        "day": 17
      },
      "time": {
        "hour": 10,
        "minute": 15,
        "second": 59,
        "nano": 0
      }
    },
    "citySender": "Хмельницький",
    "cityRecipient": "Ходосівка"
  },
  {
    "number": 59000455542976,
    "dateTime": {
      "date": {
        "year": 2019,
        "month": 10,
        "day": 17
      },
      "time": {
        "hour": 10,
        "minute": 16,
        "second": 3,
        "nano": 0
      }
    },
    "citySender": "Київ",
    "cityRecipient": "Костянтинівка (Донецька обл.)"
  },
  {
    "number": 59000455542978,
    "dateTime": {
      "date": {
        "year": 2019,
        "month": 10,
        "day": 17
      },
      "time": {
        "hour": 10,
        "minute": 16,
        "second": 3,
        "nano": 0
      }
    },
    "citySender": "Кривий Ріг",
    "cityRecipient": "Червоноград (Львівська обл.)"
  },
  {
    "number": 59000455542980,
    "dateTime": {
      "date": {
        "year": 2019,
        "month": 10,
        "day": 17
      },
      "time": {
        "hour": 10,
        "minute": 15,
        "second": 25,
        "nano": 0
      }
    },
    "citySender": "Хирів",
    "cityRecipient": "Ананьїв"
  }
]