[
  {
    "number": 59000455514395,
    "dateTime": {
      "date": {
        "year": 2019,
        "month": 10,
        "day": 17
      },
      "time": {
        "hour": 8,
        "minute": 15,
        "second": 7,
        "nano": 0
      }
    },
    "citySender": "Білокуракине",
    "cityRecipient": "Суми"
  },
  {
    "number": 59000455514396,
    "dateTime": {
      "date": {
        "year": 2019,
        "month": 10,
        "day": 17
      },
      "time": {
        "hour": 8,
        "minute": 15,
        "second": 20,
        "nano": 0
      }
    },
    "citySender": "Дніпро",
    "cityRecipient": "Дніпро"
  },
  {
    "number": 59000455514397,
    "dateTime": {
      "date": {
        "year": 2019,
        "month": 10,
        "day": 17
      },
      "time": {
        "hour": 8,
        "minute": 15,
        "second": 11,
        "nano": 0
      }
    },
    "citySender": "Дніпро",
    "cityRecipient": "Кам\u0027янське(Дніпропетровська обл)"
  },
  {
    "number": 59000455514398,
    "dateTime": {
      "date": {
        "year": 2019,
        "month": 10,
        "day": 17
      },
      "time": {
        "hour": 8,
        "minute": 15,
        "second": 19,
        "nano": 0
      }
    },
    "citySender": "Харків",
    "cityRecipient": "Київ"
  },
  {
    "number": 59000455514399,
    "dateTime": {
      "date": {
        "year": 2019,
        "month": 10,
        "day": 17
      },
      "time": {
        "hour": 8,
        "minute": 15,
        "second": 28,
        "nano": 0
      }
    },
    "citySender": "Жмеринка",
    "cityRecipient": "Одеса"
  },
  {
    "number": 59000455514400,
    "dateTime": {
      "date": {
        "year": 2019,
        "month": 10,
        "day": 17
      },
      "time": {
        "hour": 8,
        "minute": 15,
        "second": 24,
        "nano": 0
      }
    },
    "citySender": "Бориспіль",
    "cityRecipient": "Київ"
  },
  {
    "number": 59000455514401,
    "dateTime": {
      "date": {
        "year": 2019,
        "month": 10,
        "day": 17
      },
      "time": {
        "hour": 8,
        "minute": 15,
        "second": 16,
        "nano": 0
      }
    },
    "citySender": "П\u0027ятигори",
    "cityRecipient": "Київ"
  },
  {
    "number": 59000455514402,
    "dateTime": {
      "date": {
        "year": 2019,
        "month": 10,
        "day": 17
      },
      "time": {
        "hour": 8,
        "minute": 15,
        "second": 31,
        "nano": 0
      }
    },
    "citySender": "Татарбунари",
    "cityRecipient": "Кропивницький"
  },
  {
    "number": 59000455514403,
    "dateTime": {
      "date": {
        "year": 2019,
        "month": 10,
        "day": 17
      },
      "time": {
        "hour": 8,
        "minute": 14,
        "second": 51,
        "nano": 0
      }
    },
    "citySender": "Шпола",
    "cityRecipient": "Київ"
  },
  {
    "number": 59000455514404,
    "dateTime": {
      "date": {
        "year": 2019,
        "month": 10,
        "day": 17
      },
      "time": {
        "hour": 8,
        "minute": 15,
        "second": 31,
        "nano": 0
      }
    },
    "citySender": "Боярка",
    "cityRecipient": "Вишневе"
  },
  {
    "number": 59000455514405,
    "dateTime": {
      "date": {
        "year": 2019,
        "month": 10,
        "day": 17
      },
      "time": {
        "hour": 8,
        "minute": 15,
        "second": 19,
        "nano": 0
      }
    },
    "citySender": "Кам\u0027янка-Дніпровська (Запорізька обл.)",
    "cityRecipient": "Бровари"
  },
  {
    "number": 59000455514406,
    "dateTime": {
      "date": {
        "year": 2019,
        "month": 10,
        "day": 17
      },
      "time": {
        "hour": 8,
        "minute": 14,
        "second": 41,
        "nano": 0
      }
    },
    "citySender": "Знам\u0027янка (Кіровоградська обл.)",
    "cityRecipient": "Білгород-Дністровський"
  },
  {
    "number": 59000455514407,
    "dateTime": {
      "date": {
        "year": 2019,
        "month": 10,
        "day": 17
      },
      "time": {
        "hour": 8,
        "minute": 15,
        "second": 26,
        "nano": 0
      }
    },
    "citySender": "Київ",
    "cityRecipient": "Біла Церква"
  },
  {
    "number": 59000455514408,
    "dateTime": {
      "date": {
        "year": 2019,
        "month": 10,
        "day": 17
      },
      "time": {
        "hour": 8,
        "minute": 15,
        "second": 38,
        "nano": 0
      }
    },
    "citySender": "Диканька",
    "cityRecipient": "Запоріжжя"
  },
  {
    "number": 59000455514409,
    "dateTime": {
      "date": {
        "year": 2019,
        "month": 10,
        "day": 17
      },
      "time": {
        "hour": 8,
        "minute": 15,
        "second": 25,
        "nano": 0
      }
    },
    "citySender": "Драбів",
    "cityRecipient": "Дубове"
  },
  {
    "number": 59000455514410,
    "dateTime": {
      "date": {
        "year": 2019,
        "month": 10,
        "day": 17
      },
      "time": {
        "hour": 8,
        "minute": 15,
        "second": 9,
        "nano": 0
      }
    },
    "citySender": "Київ",
    "cityRecipient": "Долинська"
  },
  {
    "number": 59000455514411,
    "dateTime": {
      "date": {
        "year": 2019,
        "month": 10,
        "day": 17
      },
      "time": {
        "hour": 8,
        "minute": 15,
        "second": 29,
        "nano": 0
      }
    },
    "citySender": "Дніпро",
    "cityRecipient": "Зеленодольськ"
  },
  {
    "number": 59000455514412,
    "dateTime": {
      "date": {
        "year": 2019,
        "month": 10,
        "day": 17
      },
      "time": {
        "hour": 8,
        "minute": 14,
        "second": 38,
        "nano": 0
      }
    },
    "citySender": "Містки (Сватівський р-н)",
    "cityRecipient": "Родинське"
  },
  {
    "number": 59000455514413,
    "dateTime": {
      "date": {
        "year": 2019,
        "month": 10,
        "day": 17
      },
      "time": {
        "hour": 8,
        "minute": 15,
        "second": 31,
        "nano": 0
      }
    },
    "citySender": "Скадовськ",
    "cityRecipient": "Широке (Херсонська обл.)"
  },
  {
    "number": 59000455514414,
    "dateTime": {
      "date": {
        "year": 2019,
        "month": 10,
        "day": 17
      },
      "time": {
        "hour": 8,
        "minute": 15,
        "second": 19,
        "nano": 0
      }
    },
    "citySender": "Київ",
    "cityRecipient": "Розсошенці(Полтавська обл.)"
  },
  {
    "number": 59000455514415,
    "dateTime": {
      "date": {
        "year": 2019,
        "month": 10,
        "day": 17
      },
      "time": {
        "hour": 8,
        "minute": 15,
        "second": 20,
        "nano": 0
      }
    },
    "citySender": "Харків",
    "cityRecipient": "Мамалига"
  },
  {
    "number": 59000455514416,
    "dateTime": {
      "date": {
        "year": 2019,
        "month": 10,
        "day": 17
      },
      "time": {
        "hour": 8,
        "minute": 15,
        "second": 44,
        "nano": 0
      }
    },
    "citySender": "Гайворон",
    "cityRecipient": "Харків"
  },
  {
    "number": 59000455514417,
    "dateTime": {
      "date": {
        "year": 2019,
        "month": 10,
        "day": 17
      },
      "time": {
        "hour": 8,
        "minute": 15,
        "second": 45,
        "nano": 0
      }
    },
    "citySender": "Станиця Луганська",
    "cityRecipient": "Київ"
  },
  {
    "number": 59000455514418,
    "dateTime": {
      "date": {
        "year": 2019,
        "month": 10,
        "day": 17
      },
      "time": {
        "hour": 8,
        "minute": 15,
        "second": 37,
        "nano": 0
      }
    },
    "citySender": "Дніпро",
    "cityRecipient": "Одеса"
  },
  {
    "number": 59000455514419,
    "dateTime": {
      "date": {
        "year": 2019,
        "month": 10,
        "day": 17
      },
      "time": {
        "hour": 8,
        "minute": 15,
        "second": 19,
        "nano": 0
      }
    },
    "citySender": "Львів",
    "cityRecipient": "Миколаїв"
  },
  {
    "number": 59000455514420,
    "dateTime": {
      "date": {
        "year": 2019,
        "month": 10,
        "day": 17
      },
      "time": {
        "hour": 8,
        "minute": 15,
        "second": 46,
        "nano": 0
      }
    },
    "citySender": "Миколаїв (Львівська обл., Миколаївський р-н)",
    "cityRecipient": "Мелітополь"
  },
  {
    "number": 59000455514421,
    "dateTime": {
      "date": {
        "year": 2019,
        "month": 10,
        "day": 17
      },
      "time": {
        "hour": 8,
        "minute": 15,
        "second": 38,
        "nano": 0
      }
    },
    "citySender": "Дніпро",
    "cityRecipient": "Херсон"
  },
  {
    "number": 59000455514422,
    "dateTime": {
      "date": {
        "year": 2019,
        "month": 10,
        "day": 17
      },
      "time": {
        "hour": 8,
        "minute": 15,
        "second": 47,
        "nano": 0
      }
    },
    "citySender": "Магдалинівка",
    "cityRecipient": "Київ"
  },
  {
    "number": 59000455514423,
    "dateTime": {
      "date": {
        "year": 2019,
        "month": 10,
        "day": 17
      },
      "time": {
        "hour": 8,
        "minute": 15,
        "second": 26,
        "nano": 0
      }
    },
    "citySender": "Барвінкове",
    "cityRecipient": "Гаврилівка"
  },
  {
    "number": 59000455514424,
    "dateTime": {
      "date": {
        "year": 2019,
        "month": 10,
        "day": 17
      },
      "time": {
        "hour": 8,
        "minute": 15,
        "second": 43,
        "nano": 0
      }
    },
    "citySender": "Київ",
    "cityRecipient": "Краматорськ"
  },
  {
    "number": 59000455514425,
    "dateTime": {
      "date": {
        "year": 2019,
        "month": 10,
        "day": 17
      },
      "time": {
        "hour": 8,
        "minute": 15,
        "second": 28,
        "nano": 0
      }
    },
    "citySender": "Київ",
    "cityRecipient": "Київ"
  },
  {
    "number": 59000455514426,
    "dateTime": {
      "date": {
        "year": 2019,
        "month": 10,
        "day": 17
      },
      "time": {
        "hour": 8,
        "minute": 15,
        "second": 36,
        "nano": 0
      }
    },
    "citySender": "Київ",
    "cityRecipient": "Лубни"
  },
  {
    "number": 59000455514427,
    "dateTime": {
      "date": {
        "year": 2019,
        "month": 10,
        "day": 17
      },
      "time": {
        "hour": 8,
        "minute": 15,
        "second": 9,
        "nano": 0
      }
    },
    "citySender": "Київ",
    "cityRecipient": "Горенка"
  },
  {
    "number": 59000455514428,
    "dateTime": {
      "date": {
        "year": 2019,
        "month": 10,
        "day": 17
      },
      "time": {
        "hour": 8,
        "minute": 15,
        "second": 48,
        "nano": 0
      }
    },
    "citySender": "Хмельницький",
    "cityRecipient": "Рожнятів"
  },
  {
    "number": 59000455514429,
    "dateTime": {
      "date": {
        "year": 2019,
        "month": 10,
        "day": 17
      },
      "time": {
        "hour": 8,
        "minute": 15,
        "second": 52,
        "nano": 0
      }
    },
    "citySender": "Вижниця",
    "cityRecipient": "Вишневе"
  },
  {
    "number": 59000455514430,
    "dateTime": {
      "date": {
        "year": 2019,
        "month": 10,
        "day": 17
      },
      "time": {
        "hour": 8,
        "minute": 15,
        "second": 51,
        "nano": 0
      }
    },
    "citySender": "Тетіїв",
    "cityRecipient": "Мена"
  },
  {
    "number": 59000455514431,
    "dateTime": {
      "date": {
        "year": 2019,
        "month": 10,
        "day": 17
      },
      "time": {
        "hour": 8,
        "minute": 15,
        "second": 55,
        "nano": 0
      }
    },
    "citySender": "Бориспіль",
    "cityRecipient": "Чернятин (Жмеринський р-н)"
  },
  {
    "number": 59000455514432,
    "dateTime": {
      "date": {
        "year": 2019,
        "month": 10,
        "day": 17
      },
      "time": {
        "hour": 8,
        "minute": 15,
        "second": 55,
        "nano": 0
      }
    },
    "citySender": "Вовчанськ",
    "cityRecipient": "Київ"
  },
  {
    "number": 59000455514433,
    "dateTime": {
      "date": {
        "year": 2019,
        "month": 10,
        "day": 17
      },
      "time": {
        "hour": 8,
        "minute": 15,
        "second": 55,
        "nano": 0
      }
    },
    "citySender": "Канів",
    "cityRecipient": "Луцьк"
  },
  {
    "number": 59000455514435,
    "dateTime": {
      "date": {
        "year": 2019,
        "month": 10,
        "day": 17
      },
      "time": {
        "hour": 8,
        "minute": 15,
        "second": 53,
        "nano": 0
      }
    },
    "citySender": "Дніпро",
    "cityRecipient": "Дніпро"
  },
  {
    "number": 59000455514436,
    "dateTime": {
      "date": {
        "year": 2019,
        "month": 10,
        "day": 17
      },
      "time": {
        "hour": 8,
        "minute": 15,
        "second": 56,
        "nano": 0
      }
    },
    "citySender": "Мар\u0027їнка",
    "cityRecipient": "Вишневе"
  },
  {
    "number": 59000455514437,
    "dateTime": {
      "date": {
        "year": 2019,
        "month": 10,
        "day": 17
      },
      "time": {
        "hour": 8,
        "minute": 16,
        "second": 0,
        "nano": 0
      }
    },
    "citySender": "Харків",
    "cityRecipient": "Дніпро"
  },
  {
    "number": 59000455514438,
    "dateTime": {
      "date": {
        "year": 2019,
        "month": 10,
        "day": 17
      },
      "time": {
        "hour": 8,
        "minute": 15,
        "second": 25,
        "nano": 0
      }
    },
    "citySender": "Харків",
    "cityRecipient": "Київ"
  },
  {
    "number": 59000455514439,
    "dateTime": {
      "date": {
        "year": 2019,
        "month": 10,
        "day": 17
      },
      "time": {
        "hour": 8,
        "minute": 16,
        "second": 0,
        "nano": 0
      }
    },
    "citySender": "Київ",
    "cityRecipient": "Київ"
  },
  {
    "number": 59000455514440,
    "dateTime": {
      "date": {
        "year": 2019,
        "month": 10,
        "day": 17
      },
      "time": {
        "hour": 8,
        "minute": 15,
        "second": 40,
        "nano": 0
      }
    },
    "citySender": "Волочиськ",
    "cityRecipient": "Славута"
  },
  {
    "number": 59000455514441,
    "dateTime": {
      "date": {
        "year": 2019,
        "month": 10,
        "day": 17
      },
      "time": {
        "hour": 8,
        "minute": 15,
        "second": 32,
        "nano": 0
      }
    },
    "citySender": "Долинська",
    "cityRecipient": "Бобровиця"
  },
  {
    "number": 59000455514442,
    "dateTime": {
      "date": {
        "year": 2019,
        "month": 10,
        "day": 17
      },
      "time": {
        "hour": 8,
        "minute": 14,
        "second": 1,
        "nano": 0
      }
    },
    "citySender": "Баришівка",
    "cityRecipient": "Іванків (Іванківський р-н)"
  },
  {
    "number": 59000455514443,
    "dateTime": {
      "date": {
        "year": 2019,
        "month": 10,
        "day": 17
      },
      "time": {
        "hour": 8,
        "minute": 16,
        "second": 2,
        "nano": 0
      }
    },
    "citySender": "Харків",
    "cityRecipient": "Львів"
  },
  {
    "number": 59000455514444,
    "dateTime": {
      "date": {
        "year": 2019,
        "month": 10,
        "day": 17
      },
      "time": {
        "hour": 8,
        "minute": 15,
        "second": 35,
        "nano": 0
      }
    },
    "citySender": "Криве Озеро",
    "cityRecipient": "Сміла"
  },
  {
    "number": 59000455514445,
    "dateTime": {
      "date": {
        "year": 2019,
        "month": 10,
        "day": 17
      },
      "time": {
        "hour": 8,
        "minute": 15,
        "second": 34,
        "nano": 0
      }
    },
    "citySender": "Жидачів",
    "cityRecipient": "Одеса"
  },
  {
    "number": 59000455514446,
    "dateTime": {
      "date": {
        "year": 2019,
        "month": 10,
        "day": 17
      },
      "time": {
        "hour": 8,
        "minute": 15,
        "second": 25,
        "nano": 0
      }
    },
    "citySender": "Курахове",
    "cityRecipient": "Київ"
  },
  {
    "number": 59000455514447,
    "dateTime": {
      "date": {
        "year": 2019,
        "month": 10,
        "day": 17
      },
      "time": {
        "hour": 8,
        "minute": 16,
        "second": 9,
        "nano": 0
      }
    },
    "citySender": "Нижня Дуванка",
    "cityRecipient": "Миколаїв"
  },
  {
    "number": 59000455514448,
    "dateTime": {
      "date": {
        "year": 2019,
        "month": 10,
        "day": 17
      },
      "time": {
        "hour": 8,
        "minute": 16,
        "second": 1,
        "nano": 0
      }
    },
    "citySender": "Харків",
    "cityRecipient": "Бердянськ"
  },
  {
    "number": 59000455514450,
    "dateTime": {
      "date": {
        "year": 2019,
        "month": 10,
        "day": 17
      },
      "time": {
        "hour": 8,
        "minute": 16,
        "second": 16,
        "nano": 0
      }
    },
    "citySender": "Бориспіль",
    "cityRecipient": "Київ"
  },
  {
    "number": 59000455514451,
    "dateTime": {
      "date": {
        "year": 2019,
        "month": 10,
        "day": 17
      },
      "time": {
        "hour": 8,
        "minute": 16,
        "second": 7,
        "nano": 0
      }
    },
    "citySender": "Старовойтове",
    "cityRecipient": "Дніпро"
  },
  {
    "number": 59000455514452,
    "dateTime": {
      "date": {
        "year": 2019,
        "month": 10,
        "day": 17
      },
      "time": {
        "hour": 8,
        "minute": 15,
        "second": 53,
        "nano": 0
      }
    },
    "citySender": "Київ",
    "cityRecipient": "Миколаїв"
  },
  {
    "number": 59000455514453,
    "dateTime": {
      "date": {
        "year": 2019,
        "month": 10,
        "day": 17
      },
      "time": {
        "hour": 8,
        "minute": 15,
        "second": 40,
        "nano": 0
      }
    },
    "citySender": "Київ",
    "cityRecipient": "Кривий Ріг"
  },
  {
    "number": 59000455514454,
    "dateTime": {
      "date": {
        "year": 2019,
        "month": 10,
        "day": 17
      },
      "time": {
        "hour": 8,
        "minute": 15,
        "second": 8,
        "nano": 0
      }
    },
    "citySender": "Київ",
    "cityRecipient": "Судилків"
  },
  {
    "number": 59000455514455,
    "dateTime": {
      "date": {
        "year": 2019,
        "month": 10,
        "day": 17
      },
      "time": {
        "hour": 8,
        "minute": 15,
        "second": 47,
        "nano": 0
      }
    },
    "citySender": "Краматорськ",
    "cityRecipient": "Київ"
  },
  {
    "number": 59000455514456,
    "dateTime": {
      "date": {
        "year": 2019,
        "month": 10,
        "day": 17
      },
      "time": {
        "hour": 8,
        "minute": 16,
        "second": 9,
        "nano": 0
      }
    },
    "citySender": "Дніпро",
    "cityRecipient": "Бердичів"
  },
  {
    "number": 59000455514457,
    "dateTime": {
      "date": {
        "year": 2019,
        "month": 10,
        "day": 17
      },
      "time": {
        "hour": 8,
        "minute": 15,
        "second": 6,
        "nano": 0
      }
    },
    "citySender": "Щастя",
    "cityRecipient": "Полтава"
  },
  {
    "number": 59000455514458,
    "dateTime": {
      "date": {
        "year": 2019,
        "month": 10,
        "day": 17
      },
      "time": {
        "hour": 8,
        "minute": 16,
        "second": 10,
        "nano": 0
      }
    },
    "citySender": "Немирів (Вінницька обл.)",
    "cityRecipient": "Київ"
  },
  {
    "number": 59000455514459,
    "dateTime": {
      "date": {
        "year": 2019,
        "month": 10,
        "day": 17
      },
      "time": {
        "hour": 8,
        "minute": 16,
        "second": 15,
        "nano": 0
      }
    },
    "citySender": "Харків",
    "cityRecipient": "Хмельницький"
  },
  {
    "number": 59000455514460,
    "dateTime": {
      "date": {
        "year": 2019,
        "month": 10,
        "day": 17
      },
      "time": {
        "hour": 8,
        "minute": 15,
        "second": 50,
        "nano": 0
      }
    },
    "citySender": "Київ",
    "cityRecipient": "Одеса"
  },
  {
    "number": 59000455514461,
    "dateTime": {
      "date": {
        "year": 2019,
        "month": 10,
        "day": 17
      },
      "time": {
        "hour": 8,
        "minute": 16,
        "second": 10,
        "nano": 0
      }
    },
    "citySender": "Буринь",
    "cityRecipient": "Київ"
  },
  {
    "number": 59000455514462,
    "dateTime": {
      "date": {
        "year": 2019,
        "month": 10,
        "day": 17
      },
      "time": {
        "hour": 8,
        "minute": 16,
        "second": 27,
        "nano": 0
      }
    },
    "citySender": "Татарбунари",
    "cityRecipient": "Одеса"
  },
  {
    "number": 59000455514463,
    "dateTime": {
      "date": {
        "year": 2019,
        "month": 10,
        "day": 17
      },
      "time": {
        "hour": 8,
        "minute": 16,
        "second": 21,
        "nano": 0
      }
    },
    "citySender": "Київ",
    "cityRecipient": "Київ"
  },
  {
    "number": 59000455514464,
    "dateTime": {
      "date": {
        "year": 2019,
        "month": 10,
        "day": 17
      },
      "time": {
        "hour": 8,
        "minute": 15,
        "second": 39,
        "nano": 0
      }
    },
    "citySender": "Курахове",
    "cityRecipient": "Луцьк"
  },
  {
    "number": 59000455514465,
    "dateTime": {
      "date": {
        "year": 2019,
        "month": 10,
        "day": 17
      },
      "time": {
        "hour": 8,
        "minute": 15,
        "second": 37,
        "nano": 0
      }
    },
    "citySender": "Ратне",
    "cityRecipient": "Шепетівка"
  },
  {
    "number": 59000455514466,
    "dateTime": {
      "date": {
        "year": 2019,
        "month": 10,
        "day": 17
      },
      "time": {
        "hour": 8,
        "minute": 16,
        "second": 6,
        "nano": 0
      }
    },
    "citySender": "Кам\u0027янське(Дніпропетровська обл)",
    "cityRecipient": "Дніпро"
  },
  {
    "number": 59000455514467,
    "dateTime": {
      "date": {
        "year": 2019,
        "month": 10,
        "day": 17
      },
      "time": {
        "hour": 8,
        "minute": 16,
        "second": 20,
        "nano": 0
      }
    },
    "citySender": "Дніпро",
    "cityRecipient": "Запоріжжя"
  },
  {
    "number": 59000455514468,
    "dateTime": {
      "date": {
        "year": 2019,
        "month": 10,
        "day": 17
      },
      "time": {
        "hour": 8,
        "minute": 16,
        "second": 30,
        "nano": 0
      }
    },
    "citySender": "Велика Багачка",
    "cityRecipient": "Львів"
  },
  {
    "number": 59000455514469,
    "dateTime": {
      "date": {
        "year": 2019,
        "month": 10,
        "day": 17
      },
      "time": {
        "hour": 8,
        "minute": 16,
        "second": 32,
        "nano": 0
      }
    },
    "citySender": "Баранівка",
    "cityRecipient": "Одеса"
  },
  {
    "number": 59000455514470,
    "dateTime": {
      "date": {
        "year": 2019,
        "month": 10,
        "day": 17
      },
      "time": {
        "hour": 8,
        "minute": 16,
        "second": 25,
        "nano": 0
      }
    },
    "citySender": "Харків",
    "cityRecipient": "Соколівка"
  },
  {
    "number": 59000455514471,
    "dateTime": {
      "date": {
        "year": 2019,
        "month": 10,
        "day": 17
      },
      "time": {
        "hour": 8,
        "minute": 16,
        "second": 33,
        "nano": 0
      }
    },
    "citySender": "Хорол",
    "cityRecipient": "Київ"
  },
  {
    "number": 59000455514472,
    "dateTime": {
      "date": {
        "year": 2019,
        "month": 10,
        "day": 17
      },
      "time": {
        "hour": 8,
        "minute": 15,
        "second": 37,
        "nano": 0
      }
    },
    "citySender": "Шаргород (Вінницька обл.)",
    "cityRecipient": "Димер"
  },
  {
    "number": 59000455514473,
    "dateTime": {
      "date": {
        "year": 2019,
        "month": 10,
        "day": 17
      },
      "time": {
        "hour": 8,
        "minute": 16,
        "second": 3,
        "nano": 0
      }
    },
    "citySender": "Богодухів",
    "cityRecipient": "Хмельницький"
  },
  {
    "number": 59000455514474,
    "dateTime": {
      "date": {
        "year": 2019,
        "month": 10,
        "day": 17
      },
      "time": {
        "hour": 8,
        "minute": 16,
        "second": 29,
        "nano": 0
      }
    },
    "citySender": "Київ",
    "cityRecipient": "Жовті Води"
  },
  {
    "number": 59000455514475,
    "dateTime": {
      "date": {
        "year": 2019,
        "month": 10,
        "day": 17
      },
      "time": {
        "hour": 8,
        "minute": 15,
        "second": 50,
        "nano": 0
      }
    },
    "citySender": "Харків",
    "cityRecipient": "Покотилівка"
  },
  {
    "number": 59000455514476,
    "dateTime": {
      "date": {
        "year": 2019,
        "month": 10,
        "day": 17
      },
      "time": {
        "hour": 8,
        "minute": 16,
        "second": 29,
        "nano": 0
      }
    },
    "citySender": "Харків",
    "cityRecipient": "Чайки"
  },
  {
    "number": 59000455514477,
    "dateTime": {
      "date": {
        "year": 2019,
        "month": 10,
        "day": 17
      },
      "time": {
        "hour": 8,
        "minute": 15,
        "second": 7,
        "nano": 0
      }
    },
    "citySender": "Велика Багачка",
    "cityRecipient": "Оржиця"
  },
  {
    "number": 59000455514478,
    "dateTime": {
      "date": {
        "year": 2019,
        "month": 10,
        "day": 17
      },
      "time": {
        "hour": 8,
        "minute": 16,
        "second": 13,
        "nano": 0
      }
    },
    "citySender": "Київ",
    "cityRecipient": "Хмельницький"
  },
  {
    "number": 59000455514479,
    "dateTime": {
      "date": {
        "year": 2019,
        "month": 10,
        "day": 17
      },
      "time": {
        "hour": 8,
        "minute": 16,
        "second": 7,
        "nano": 0
      }
    },
    "citySender": "Олександрівка (смт.Кіровог.обл.райц)",
    "cityRecipient": "Васильків"
  },
  {
    "number": 59000455514480,
    "dateTime": {
      "date": {
        "year": 2019,
        "month": 10,
        "day": 17
      },
      "time": {
        "hour": 8,
        "minute": 14,
        "second": 46,
        "nano": 0
      }
    },
    "citySender": "Новгород-Сіверський",
    "cityRecipient": "Полтава"
  },
  {
    "number": 59000455514481,
    "dateTime": {
      "date": {
        "year": 2019,
        "month": 10,
        "day": 17
      },
      "time": {
        "hour": 8,
        "minute": 16,
        "second": 40,
        "nano": 0
      }
    },
    "citySender": "Бориспіль",
    "cityRecipient": "Одеса"
  },
  {
    "number": 59000455514482,
    "dateTime": {
      "date": {
        "year": 2019,
        "month": 10,
        "day": 17
      },
      "time": {
        "hour": 8,
        "minute": 16,
        "second": 21,
        "nano": 0
      }
    },
    "citySender": "Київ",
    "cityRecipient": "Запоріжжя"
  },
  {
    "number": 59000455514483,
    "dateTime": {
      "date": {
        "year": 2019,
        "month": 10,
        "day": 17
      },
      "time": {
        "hour": 8,
        "minute": 16,
        "second": 15,
        "nano": 0
      }
    },
    "citySender": "Київ",
    "cityRecipient": "Харків"
  },
  {
    "number": 59000455514484,
    "dateTime": {
      "date": {
        "year": 2019,
        "month": 10,
        "day": 17
      },
      "time": {
        "hour": 8,
        "minute": 16,
        "second": 44,
        "nano": 0
      }
    },
    "citySender": "Київ",
    "cityRecipient": "Київ"
  },
  {
    "number": 59000455514485,
    "dateTime": {
      "date": {
        "year": 2019,
        "month": 10,
        "day": 17
      },
      "time": {
        "hour": 8,
        "minute": 16,
        "second": 38,
        "nano": 0
      }
    },
    "citySender": "Київ",
    "cityRecipient": "Курахове"
  },
  {
    "number": 59000455514486,
    "dateTime": {
      "date": {
        "year": 2019,
        "month": 10,
        "day": 17
      },
      "time": {
        "hour": 8,
        "minute": 16,
        "second": 5,
        "nano": 0
      }
    },
    "citySender": "Харків",
    "cityRecipient": "Чорноморськ"
  },
  {
    "number": 59000455514487,
    "dateTime": {
      "date": {
        "year": 2019,
        "month": 10,
        "day": 17
      },
      "time": {
        "hour": 8,
        "minute": 16,
        "second": 19,
        "nano": 0
      }
    },
    "citySender": "Харків",
    "cityRecipient": "Київ"
  },
  {
    "number": 59000455514488,
    "dateTime": {
      "date": {
        "year": 2019,
        "month": 10,
        "day": 17
      },
      "time": {
        "hour": 8,
        "minute": 16,
        "second": 40,
        "nano": 0
      }
    },
    "citySender": "Київ",
    "cityRecipient": "Київ"
  },
  {
    "number": 59000455514489,
    "dateTime": {
      "date": {
        "year": 2019,
        "month": 10,
        "day": 17
      },
      "time": {
        "hour": 8,
        "minute": 16,
        "second": 18,
        "nano": 0
      }
    },
    "citySender": "Київ",
    "cityRecipient": "Миколаїв"
  },
  {
    "number": 59000455514490,
    "dateTime": {
      "date": {
        "year": 2019,
        "month": 10,
        "day": 17
      },
      "time": {
        "hour": 8,
        "minute": 16,
        "second": 52,
        "nano": 0
      }
    },
    "citySender": "Дніпро",
    "cityRecipient": "Київ"
  },
  {
    "number": 59000455514491,
    "dateTime": {
      "date": {
        "year": 2019,
        "month": 10,
        "day": 17
      },
      "time": {
        "hour": 8,
        "minute": 16,
        "second": 36,
        "nano": 0
      }
    },
    "citySender": "Одеса",
    "cityRecipient": "Харків"
  },
  {
    "number": 59000455514492,
    "dateTime": {
      "date": {
        "year": 2019,
        "month": 10,
        "day": 17
      },
      "time": {
        "hour": 8,
        "minute": 17,
        "second": 1,
        "nano": 0
      }
    },
    "citySender": "Зборів",
    "cityRecipient": "Київ"
  },
  {
    "number": 59000455514493,
    "dateTime": {
      "date": {
        "year": 2019,
        "month": 10,
        "day": 17
      },
      "time": {
        "hour": 8,
        "minute": 17,
        "second": 3,
        "nano": 0
      }
    },
    "citySender": "Комишня",
    "cityRecipient": "Васильків"
  },
  {
    "number": 59000455514494,
    "dateTime": {
      "date": {
        "year": 2019,
        "month": 10,
        "day": 17
      },
      "time": {
        "hour": 8,
        "minute": 17,
        "second": 4,
        "nano": 0
      }
    },
    "citySender": "Кривий Ріг",
    "cityRecipient": "Одеса"
  }
]