[
  {
    "number": 59000455542082,
    "dateTime": {
      "date": {
        "year": 2019,
        "month": 10,
        "day": 17
      },
      "time": {
        "hour": 10,
        "minute": 13,
        "second": 5,
        "nano": 0
      }
    },
    "citySender": "Київ",
    "cityRecipient": "Київ"
  },
  {
    "number": 59000455542083,
    "dateTime": {
      "date": {
        "year": 2019,
        "month": 10,
        "day": 17
      },
      "time": {
        "hour": 10,
        "minute": 9,
        "second": 34,
        "nano": 0
      }
    },
    "citySender": "Шацьк",
    "cityRecipient": "Борзна"
  },
  {
    "number": 59000455542084,
    "dateTime": {
      "date": {
        "year": 2019,
        "month": 10,
        "day": 17
      },
      "time": {
        "hour": 10,
        "minute": 12,
        "second": 31,
        "nano": 0
      }
    },
    "citySender": "Новомосковськ",
    "cityRecipient": "Первомайський (Харківська обл.)"
  },
  {
    "number": 59000455542085,
    "dateTime": {
      "date": {
        "year": 2019,
        "month": 10,
        "day": 17
      },
      "time": {
        "hour": 10,
        "minute": 12,
        "second": 45,
        "nano": 0
      }
    },
    "citySender": "Іванівка (Одеська обл., Іванівський р-н)",
    "cityRecipient": "Бровари"
  },
  {
    "number": 59000455542086,
    "dateTime": {
      "date": {
        "year": 2019,
        "month": 10,
        "day": 17
      },
      "time": {
        "hour": 10,
        "minute": 12,
        "second": 53,
        "nano": 0
      }
    },
    "citySender": "Бровари",
    "cityRecipient": "Запоріжжя"
  },
  {
    "number": 59000455542087,
    "dateTime": {
      "date": {
        "year": 2019,
        "month": 10,
        "day": 17
      },
      "time": {
        "hour": 10,
        "minute": 12,
        "second": 27,
        "nano": 0
      }
    },
    "citySender": "Покровське (Покровський р-н Дніпропетровська обл.)",
    "cityRecipient": "Тарасівка (Броварський р-н)"
  },
  {
    "number": 59000455542088,
    "dateTime": {
      "date": {
        "year": 2019,
        "month": 10,
        "day": 17
      },
      "time": {
        "hour": 10,
        "minute": 12,
        "second": 51,
        "nano": 0
      }
    },
    "citySender": "Сєвєродонецьк",
    "cityRecipient": "Одеса"
  },
  {
    "number": 59000455542089,
    "dateTime": {
      "date": {
        "year": 2019,
        "month": 10,
        "day": 17
      },
      "time": {
        "hour": 10,
        "minute": 13,
        "second": 16,
        "nano": 0
      }
    },
    "citySender": "Хуст",
    "cityRecipient": "Вінниця"
  },
  {
    "number": 59000455542090,
    "dateTime": {
      "date": {
        "year": 2019,
        "month": 10,
        "day": 17
      },
      "time": {
        "hour": 10,
        "minute": 12,
        "second": 5,
        "nano": 0
      }
    },
    "citySender": "Київ",
    "cityRecipient": "Київ"
  },
  {
    "number": 59000455542091,
    "dateTime": {
      "date": {
        "year": 2019,
        "month": 10,
        "day": 17
      },
      "time": {
        "hour": 10,
        "minute": 13,
        "second": 13,
        "nano": 0
      }
    },
    "citySender": "Збараж",
    "cityRecipient": "Київ"
  },
  {
    "number": 59000455542092,
    "dateTime": {
      "date": {
        "year": 2019,
        "month": 10,
        "day": 17
      },
      "time": {
        "hour": 10,
        "minute": 12,
        "second": 30,
        "nano": 0
      }
    },
    "citySender": "Вишгород",
    "cityRecipient": "Тернопіль"
  },
  {
    "number": 59000455542093,
    "dateTime": {
      "date": {
        "year": 2019,
        "month": 10,
        "day": 17
      },
      "time": {
        "hour": 10,
        "minute": 13,
        "second": 13,
        "nano": 0
      }
    },
    "citySender": "Почаїв",
    "cityRecipient": "Новгородка(Кіровоградська обл.)"
  },
  {
    "number": 59000455542094,
    "dateTime": {
      "date": {
        "year": 2019,
        "month": 10,
        "day": 17
      },
      "time": {
        "hour": 10,
        "minute": 13,
        "second": 21,
        "nano": 0
      }
    },
    "citySender": "Миколаїв",
    "cityRecipient": "Новомосковськ"
  },
  {
    "number": 59000455542095,
    "dateTime": {
      "date": {
        "year": 2019,
        "month": 10,
        "day": 17
      },
      "time": {
        "hour": 10,
        "minute": 13,
        "second": 5,
        "nano": 0
      }
    },
    "citySender": "Мелітополь",
    "cityRecipient": "Херсон"
  },
  {
    "number": 59000455542096,
    "dateTime": {
      "date": {
        "year": 2019,
        "month": 10,
        "day": 17
      },
      "time": {
        "hour": 10,
        "minute": 12,
        "second": 55,
        "nano": 0
      }
    },
    "citySender": "Бердичів",
    "cityRecipient": "Київ"
  },
  {
    "number": 59000455542097,
    "dateTime": {
      "date": {
        "year": 2019,
        "month": 10,
        "day": 17
      },
      "time": {
        "hour": 10,
        "minute": 13,
        "second": 17,
        "nano": 0
      }
    },
    "citySender": "Березань",
    "cityRecipient": "Городня"
  },
  {
    "number": 59000455542098,
    "dateTime": {
      "date": {
        "year": 2019,
        "month": 10,
        "day": 17
      },
      "time": {
        "hour": 10,
        "minute": 13,
        "second": 18,
        "nano": 0
      }
    },
    "citySender": "Вільшани (Харківська обл.)",
    "cityRecipient": "Вільшана (Черкаська обл.)"
  },
  {
    "number": 59000455542099,
    "dateTime": {
      "date": {
        "year": 2019,
        "month": 10,
        "day": 17
      },
      "time": {
        "hour": 10,
        "minute": 12,
        "second": 21,
        "nano": 0
      }
    },
    "citySender": "Харків",
    "cityRecipient": "Київ"
  },
  {
    "number": 59000455542100,
    "dateTime": {
      "date": {
        "year": 2019,
        "month": 10,
        "day": 17
      },
      "time": {
        "hour": 10,
        "minute": 13,
        "second": 22,
        "nano": 0
      }
    },
    "citySender": "Київ",
    "cityRecipient": "Володимир-Волинський"
  },
  {
    "number": 59000455542101,
    "dateTime": {
      "date": {
        "year": 2019,
        "month": 10,
        "day": 17
      },
      "time": {
        "hour": 10,
        "minute": 13,
        "second": 22,
        "nano": 0
      }
    },
    "citySender": "Радомишль",
    "cityRecipient": "Київ"
  },
  {
    "number": 59000455542102,
    "dateTime": {
      "date": {
        "year": 2019,
        "month": 10,
        "day": 17
      },
      "time": {
        "hour": 10,
        "minute": 12,
        "second": 37,
        "nano": 0
      }
    },
    "citySender": "Вінниця",
    "cityRecipient": "Токмак"
  },
  {
    "number": 59000455542103,
    "dateTime": {
      "date": {
        "year": 2019,
        "month": 10,
        "day": 17
      },
      "time": {
        "hour": 10,
        "minute": 13,
        "second": 4,
        "nano": 0
      }
    },
    "citySender": "Київ",
    "cityRecipient": "Київ"
  },
  {
    "number": 59000455542104,
    "dateTime": {
      "date": {
        "year": 2019,
        "month": 10,
        "day": 17
      },
      "time": {
        "hour": 10,
        "minute": 13,
        "second": 25,
        "nano": 0
      }
    },
    "citySender": "Нижні Сірогози",
    "cityRecipient": "Київ"
  },
  {
    "number": 59000455542105,
    "dateTime": {
      "date": {
        "year": 2019,
        "month": 10,
        "day": 17
      },
      "time": {
        "hour": 10,
        "minute": 13,
        "second": 15,
        "nano": 0
      }
    },
    "citySender": "Кривий Ріг",
    "cityRecipient": "Дніпро"
  },
  {
    "number": 59000455542106,
    "dateTime": {
      "date": {
        "year": 2019,
        "month": 10,
        "day": 17
      },
      "time": {
        "hour": 10,
        "minute": 13,
        "second": 24,
        "nano": 0
      }
    },
    "citySender": "Одеса",
    "cityRecipient": "Житомир"
  },
  {
    "number": 59000455542107,
    "dateTime": {
      "date": {
        "year": 2019,
        "month": 10,
        "day": 17
      },
      "time": {
        "hour": 10,
        "minute": 13,
        "second": 6,
        "nano": 0
      }
    },
    "citySender": "Лисичанськ",
    "cityRecipient": "Рокитне (Рівненська обл., Рокитнівський р-н)"
  },
  {
    "number": 59000455542108,
    "dateTime": {
      "date": {
        "year": 2019,
        "month": 10,
        "day": 17
      },
      "time": {
        "hour": 10,
        "minute": 12,
        "second": 38,
        "nano": 0
      }
    },
    "citySender": "Тернопіль",
    "cityRecipient": "Харків"
  },
  {
    "number": 59000455542109,
    "dateTime": {
      "date": {
        "year": 2019,
        "month": 10,
        "day": 17
      },
      "time": {
        "hour": 10,
        "minute": 12,
        "second": 17,
        "nano": 0
      }
    },
    "citySender": "Вінниця",
    "cityRecipient": "Новоград-Волинський"
  },
  {
    "number": 59000455542110,
    "dateTime": {
      "date": {
        "year": 2019,
        "month": 10,
        "day": 17
      },
      "time": {
        "hour": 10,
        "minute": 13,
        "second": 26,
        "nano": 0
      }
    },
    "citySender": "Якушинці",
    "cityRecipient": "Одеса"
  },
  {
    "number": 59000455542111,
    "dateTime": {
      "date": {
        "year": 2019,
        "month": 10,
        "day": 17
      },
      "time": {
        "hour": 10,
        "minute": 13,
        "second": 1,
        "nano": 0
      }
    },
    "citySender": "Дніпро",
    "cityRecipient": "Київ"
  },
  {
    "number": 59000455542112,
    "dateTime": {
      "date": {
        "year": 2019,
        "month": 10,
        "day": 17
      },
      "time": {
        "hour": 10,
        "minute": 13,
        "second": 11,
        "nano": 0
      }
    },
    "citySender": "Івано-Франківськ",
    "cityRecipient": "Біла Криниця (Рівненська обл.)"
  },
  {
    "number": 59000455542113,
    "dateTime": {
      "date": {
        "year": 2019,
        "month": 10,
        "day": 17
      },
      "time": {
        "hour": 10,
        "minute": 12,
        "second": 54,
        "nano": 0
      }
    },
    "citySender": "Рафалівка",
    "cityRecipient": "Київ"
  },
  {
    "number": 59000455542114,
    "dateTime": {
      "date": {
        "year": 2019,
        "month": 10,
        "day": 17
      },
      "time": {
        "hour": 10,
        "minute": 13,
        "second": 23,
        "nano": 0
      }
    },
    "citySender": "Бар",
    "cityRecipient": "Великий Дальник"
  },
  {
    "number": 59000455542115,
    "dateTime": {
      "date": {
        "year": 2019,
        "month": 10,
        "day": 17
      },
      "time": {
        "hour": 10,
        "minute": 13,
        "second": 18,
        "nano": 0
      }
    },
    "citySender": "Кропивницький",
    "cityRecipient": "Рівне (Новоукраїнський р-н Кіровоградська обл.)"
  },
  {
    "number": 59000455542116,
    "dateTime": {
      "date": {
        "year": 2019,
        "month": 10,
        "day": 17
      },
      "time": {
        "hour": 10,
        "minute": 12,
        "second": 52,
        "nano": 0
      }
    },
    "citySender": "Лиман(Донецька обл)",
    "cityRecipient": "Нові Білокоровичі"
  },
  {
    "number": 59000455542117,
    "dateTime": {
      "date": {
        "year": 2019,
        "month": 10,
        "day": 17
      },
      "time": {
        "hour": 10,
        "minute": 13,
        "second": 27,
        "nano": 0
      }
    },
    "citySender": "Кривий Ріг",
    "cityRecipient": "Київ"
  },
  {
    "number": 59000455542118,
    "dateTime": {
      "date": {
        "year": 2019,
        "month": 10,
        "day": 17
      },
      "time": {
        "hour": 10,
        "minute": 12,
        "second": 59,
        "nano": 0
      }
    },
    "citySender": "Стрижавка",
    "cityRecipient": "Миколаїв"
  },
  {
    "number": 59000455542119,
    "dateTime": {
      "date": {
        "year": 2019,
        "month": 10,
        "day": 17
      },
      "time": {
        "hour": 10,
        "minute": 13,
        "second": 14,
        "nano": 0
      }
    },
    "citySender": "Вінниця",
    "cityRecipient": "Львів"
  },
  {
    "number": 59000455542120,
    "dateTime": {
      "date": {
        "year": 2019,
        "month": 10,
        "day": 17
      },
      "time": {
        "hour": 10,
        "minute": 13,
        "second": 6,
        "nano": 0
      }
    },
    "citySender": "Херсон",
    "cityRecipient": "Чернівці"
  },
  {
    "number": 59000455542121,
    "dateTime": {
      "date": {
        "year": 2019,
        "month": 10,
        "day": 17
      },
      "time": {
        "hour": 10,
        "minute": 12,
        "second": 19,
        "nano": 0
      }
    },
    "citySender": "Житомир",
    "cityRecipient": "Шаргород (Вінницька обл.)"
  },
  {
    "number": 59000455542122,
    "dateTime": {
      "date": {
        "year": 2019,
        "month": 10,
        "day": 17
      },
      "time": {
        "hour": 10,
        "minute": 13,
        "second": 24,
        "nano": 0
      }
    },
    "citySender": "Київ",
    "cityRecipient": "Київ"
  },
  {
    "number": 59000455542123,
    "dateTime": {
      "date": {
        "year": 2019,
        "month": 10,
        "day": 17
      },
      "time": {
        "hour": 10,
        "minute": 12,
        "second": 39,
        "nano": 0
      }
    },
    "citySender": "Київ",
    "cityRecipient": "Радомишль"
  },
  {
    "number": 59000455542124,
    "dateTime": {
      "date": {
        "year": 2019,
        "month": 10,
        "day": 17
      },
      "time": {
        "hour": 10,
        "minute": 11,
        "second": 39,
        "nano": 0
      }
    },
    "citySender": "Білозерка (Херсонська обл.)",
    "cityRecipient": "Новоукраїнка"
  },
  {
    "number": 59000455542125,
    "dateTime": {
      "date": {
        "year": 2019,
        "month": 10,
        "day": 17
      },
      "time": {
        "hour": 10,
        "minute": 13,
        "second": 29,
        "nano": 0
      }
    },
    "citySender": "Долина",
    "cityRecipient": "Харків"
  },
  {
    "number": 59000455542126,
    "dateTime": {
      "date": {
        "year": 2019,
        "month": 10,
        "day": 17
      },
      "time": {
        "hour": 10,
        "minute": 12,
        "second": 30,
        "nano": 0
      }
    },
    "citySender": "Пісочин",
    "cityRecipient": "Прилуки"
  },
  {
    "number": 59000455542127,
    "dateTime": {
      "date": {
        "year": 2019,
        "month": 10,
        "day": 17
      },
      "time": {
        "hour": 10,
        "minute": 12,
        "second": 29,
        "nano": 0
      }
    },
    "citySender": "Краковець",
    "cityRecipient": "Знам\u0027янка (Кіровоградська обл.)"
  },
  {
    "number": 59000455542128,
    "dateTime": {
      "date": {
        "year": 2019,
        "month": 10,
        "day": 17
      },
      "time": {
        "hour": 10,
        "minute": 12,
        "second": 41,
        "nano": 0
      }
    },
    "citySender": "Суми",
    "cityRecipient": "Торецьк"
  },
  {
    "number": 59000455542129,
    "dateTime": {
      "date": {
        "year": 2019,
        "month": 10,
        "day": 17
      },
      "time": {
        "hour": 10,
        "minute": 13,
        "second": 30,
        "nano": 0
      }
    },
    "citySender": "Валки",
    "cityRecipient": "Вільне (Криворізький р-н)"
  },
  {
    "number": 59000455542130,
    "dateTime": {
      "date": {
        "year": 2019,
        "month": 10,
        "day": 17
      },
      "time": {
        "hour": 10,
        "minute": 12,
        "second": 58,
        "nano": 0
      }
    },
    "citySender": "Рівне",
    "cityRecipient": "Новоград-Волинський"
  },
  {
    "number": 59000455542131,
    "dateTime": {
      "date": {
        "year": 2019,
        "month": 10,
        "day": 17
      },
      "time": {
        "hour": 10,
        "minute": 12,
        "second": 49,
        "nano": 0
      }
    },
    "citySender": "Чорноморськ",
    "cityRecipient": "Сновськ"
  },
  {
    "number": 59000455542132,
    "dateTime": {
      "date": {
        "year": 2019,
        "month": 10,
        "day": 17
      },
      "time": {
        "hour": 10,
        "minute": 12,
        "second": 32,
        "nano": 0
      }
    },
    "citySender": "Дніпро",
    "cityRecipient": "Рівне"
  },
  {
    "number": 59000455542133,
    "dateTime": {
      "date": {
        "year": 2019,
        "month": 10,
        "day": 17
      },
      "time": {
        "hour": 10,
        "minute": 13,
        "second": 20,
        "nano": 0
      }
    },
    "citySender": "Одеса",
    "cityRecipient": "Чернівці"
  },
  {
    "number": 59000455542134,
    "dateTime": {
      "date": {
        "year": 2019,
        "month": 10,
        "day": 17
      },
      "time": {
        "hour": 10,
        "minute": 13,
        "second": 31,
        "nano": 0
      }
    },
    "citySender": "Ружин",
    "cityRecipient": "Ірпінь"
  },
  {
    "number": 59000455542135,
    "dateTime": {
      "date": {
        "year": 2019,
        "month": 10,
        "day": 17
      },
      "time": {
        "hour": 10,
        "minute": 13,
        "second": 1,
        "nano": 0
      }
    },
    "citySender": "Запоріжжя",
    "cityRecipient": "Київ"
  },
  {
    "number": 59000455542136,
    "dateTime": {
      "date": {
        "year": 2019,
        "month": 10,
        "day": 17
      },
      "time": {
        "hour": 10,
        "minute": 12,
        "second": 13,
        "nano": 0
      }
    },
    "citySender": "Суми",
    "cityRecipient": "Ірпінь"
  },
  {
    "number": 59000455542137,
    "dateTime": {
      "date": {
        "year": 2019,
        "month": 10,
        "day": 17
      },
      "time": {
        "hour": 10,
        "minute": 12,
        "second": 47,
        "nano": 0
      }
    },
    "citySender": "Одеса",
    "cityRecipient": "Запоріжжя"
  },
  {
    "number": 59000455542138,
    "dateTime": {
      "date": {
        "year": 2019,
        "month": 10,
        "day": 17
      },
      "time": {
        "hour": 10,
        "minute": 13,
        "second": 31,
        "nano": 0
      }
    },
    "citySender": "Кременчук",
    "cityRecipient": "Одеса"
  },
  {
    "number": 59000455542139,
    "dateTime": {
      "date": {
        "year": 2019,
        "month": 10,
        "day": 17
      },
      "time": {
        "hour": 10,
        "minute": 13,
        "second": 9,
        "nano": 0
      }
    },
    "citySender": "Київ",
    "cityRecipient": "Одеса"
  },
  {
    "number": 59000455542140,
    "dateTime": {
      "date": {
        "year": 2019,
        "month": 10,
        "day": 17
      },
      "time": {
        "hour": 10,
        "minute": 13,
        "second": 30,
        "nano": 0
      }
    },
    "citySender": "Запоріжжя",
    "cityRecipient": "Харків"
  },
  {
    "number": 59000455542141,
    "dateTime": {
      "date": {
        "year": 2019,
        "month": 10,
        "day": 17
      },
      "time": {
        "hour": 10,
        "minute": 12,
        "second": 40,
        "nano": 0
      }
    },
    "citySender": "Широке (Широківський р-н. Дніпропетровська обл)",
    "cityRecipient": "Липці"
  },
  {
    "number": 59000455542142,
    "dateTime": {
      "date": {
        "year": 2019,
        "month": 10,
        "day": 17
      },
      "time": {
        "hour": 10,
        "minute": 13,
        "second": 22,
        "nano": 0
      }
    },
    "citySender": "Кегичівка",
    "cityRecipient": "Вінниця"
  },
  {
    "number": 59000455542143,
    "dateTime": {
      "date": {
        "year": 2019,
        "month": 10,
        "day": 17
      },
      "time": {
        "hour": 10,
        "minute": 13,
        "second": 18,
        "nano": 0
      }
    },
    "citySender": "Куликів",
    "cityRecipient": "Зарічне(Рівненська обл.)"
  },
  {
    "number": 59000455542144,
    "dateTime": {
      "date": {
        "year": 2019,
        "month": 10,
        "day": 17
      },
      "time": {
        "hour": 10,
        "minute": 11,
        "second": 44,
        "nano": 0
      }
    },
    "citySender": "Власівка",
    "cityRecipient": "Молодіжне"
  },
  {
    "number": 59000455542145,
    "dateTime": {
      "date": {
        "year": 2019,
        "month": 10,
        "day": 17
      },
      "time": {
        "hour": 10,
        "minute": 13,
        "second": 21,
        "nano": 0
      }
    },
    "citySender": "Луцьк",
    "cityRecipient": "Іршава"
  },
  {
    "number": 59000455542146,
    "dateTime": {
      "date": {
        "year": 2019,
        "month": 10,
        "day": 17
      },
      "time": {
        "hour": 10,
        "minute": 13,
        "second": 28,
        "nano": 0
      }
    },
    "citySender": "Новоградківка",
    "cityRecipient": "Бровари"
  },
  {
    "number": 59000455542147,
    "dateTime": {
      "date": {
        "year": 2019,
        "month": 10,
        "day": 17
      },
      "time": {
        "hour": 10,
        "minute": 13,
        "second": 14,
        "nano": 0
      }
    },
    "citySender": "Харків",
    "cityRecipient": "Харків"
  },
  {
    "number": 59000455542148,
    "dateTime": {
      "date": {
        "year": 2019,
        "month": 10,
        "day": 17
      },
      "time": {
        "hour": 10,
        "minute": 13,
        "second": 21,
        "nano": 0
      }
    },
    "citySender": "Гончарівське",
    "cityRecipient": "Новгородське (Донецька обл.)"
  },
  {
    "number": 59000455542149,
    "dateTime": {
      "date": {
        "year": 2019,
        "month": 10,
        "day": 17
      },
      "time": {
        "hour": 10,
        "minute": 11,
        "second": 30,
        "nano": 0
      }
    },
    "citySender": "Запоріжжя",
    "cityRecipient": "Харків"
  },
  {
    "number": 59000455542150,
    "dateTime": {
      "date": {
        "year": 2019,
        "month": 10,
        "day": 17
      },
      "time": {
        "hour": 10,
        "minute": 12,
        "second": 49,
        "nano": 0
      }
    },
    "citySender": "Бердянськ",
    "cityRecipient": "Березанка(Миколаївська обл.)"
  },
  {
    "number": 59000455542151,
    "dateTime": {
      "date": {
        "year": 2019,
        "month": 10,
        "day": 17
      },
      "time": {
        "hour": 10,
        "minute": 13,
        "second": 27,
        "nano": 0
      }
    },
    "citySender": "Рубіжне",
    "cityRecipient": "Бровари"
  },
  {
    "number": 59000455542152,
    "dateTime": {
      "date": {
        "year": 2019,
        "month": 10,
        "day": 17
      },
      "time": {
        "hour": 10,
        "minute": 13,
        "second": 19,
        "nano": 0
      }
    },
    "citySender": "Буча",
    "cityRecipient": "Бровари"
  },
  {
    "number": 59000455542153,
    "dateTime": {
      "date": {
        "year": 2019,
        "month": 10,
        "day": 17
      },
      "time": {
        "hour": 10,
        "minute": 13,
        "second": 33,
        "nano": 0
      }
    },
    "citySender": "Київ",
    "cityRecipient": "Ужгород"
  },
  {
    "number": 59000455542154,
    "dateTime": {
      "date": {
        "year": 2019,
        "month": 10,
        "day": 17
      },
      "time": {
        "hour": 10,
        "minute": 12,
        "second": 43,
        "nano": 0
      }
    },
    "citySender": "Конотоп",
    "cityRecipient": "Київ"
  },
  {
    "number": 59000455542155,
    "dateTime": {
      "date": {
        "year": 2019,
        "month": 10,
        "day": 17
      },
      "time": {
        "hour": 10,
        "minute": 13,
        "second": 29,
        "nano": 0
      }
    },
    "citySender": "Львів",
    "cityRecipient": "Вінниця"
  },
  {
    "number": 59000455542156,
    "dateTime": {
      "date": {
        "year": 2019,
        "month": 10,
        "day": 17
      },
      "time": {
        "hour": 10,
        "minute": 13,
        "second": 7,
        "nano": 0
      }
    },
    "citySender": "Лисичанськ",
    "cityRecipient": "Харків"
  },
  {
    "number": 59000455542157,
    "dateTime": {
      "date": {
        "year": 2019,
        "month": 10,
        "day": 17
      },
      "time": {
        "hour": 10,
        "minute": 13,
        "second": 31,
        "nano": 0
      }
    },
    "citySender": "Харків",
    "cityRecipient": "Херсон"
  },
  {
    "number": 59000455542158,
    "dateTime": {
      "date": {
        "year": 2019,
        "month": 10,
        "day": 17
      },
      "time": {
        "hour": 10,
        "minute": 13,
        "second": 35,
        "nano": 0
      }
    },
    "citySender": "Київ",
    "cityRecipient": "Львів"
  },
  {
    "number": 59000455542159,
    "dateTime": {
      "date": {
        "year": 2019,
        "month": 10,
        "day": 17
      },
      "time": {
        "hour": 10,
        "minute": 13,
        "second": 10,
        "nano": 0
      }
    },
    "citySender": "Одеса",
    "cityRecipient": "Одеса"
  },
  {
    "number": 59000455542160,
    "dateTime": {
      "date": {
        "year": 2019,
        "month": 10,
        "day": 17
      },
      "time": {
        "hour": 10,
        "minute": 12,
        "second": 57,
        "nano": 0
      }
    },
    "citySender": "Гола Пристань",
    "cityRecipient": "Скадовськ"
  },
  {
    "number": 59000455542161,
    "dateTime": {
      "date": {
        "year": 2019,
        "month": 10,
        "day": 17
      },
      "time": {
        "hour": 10,
        "minute": 13,
        "second": 12,
        "nano": 0
      }
    },
    "citySender": "Семенівка(Чернігівська обл.)",
    "cityRecipient": "Львів"
  },
  {
    "number": 59000455542162,
    "dateTime": {
      "date": {
        "year": 2019,
        "month": 10,
        "day": 17
      },
      "time": {
        "hour": 10,
        "minute": 13,
        "second": 35,
        "nano": 0
      }
    },
    "citySender": "Львів",
    "cityRecipient": "Тернопіль"
  },
  {
    "number": 59000455542163,
    "dateTime": {
      "date": {
        "year": 2019,
        "month": 10,
        "day": 17
      },
      "time": {
        "hour": 10,
        "minute": 13,
        "second": 13,
        "nano": 0
      }
    },
    "citySender": "Кам\u0027янське(Дніпропетровська обл)",
    "cityRecipient": "Одеса"
  },
  {
    "number": 59000455542164,
    "dateTime": {
      "date": {
        "year": 2019,
        "month": 10,
        "day": 17
      },
      "time": {
        "hour": 10,
        "minute": 12,
        "second": 35,
        "nano": 0
      }
    },
    "citySender": "Бориспіль",
    "cityRecipient": "Київ"
  },
  {
    "number": 59000455542166,
    "dateTime": {
      "date": {
        "year": 2019,
        "month": 10,
        "day": 17
      },
      "time": {
        "hour": 10,
        "minute": 13,
        "second": 24,
        "nano": 0
      }
    },
    "citySender": "Обухів",
    "cityRecipient": "Чернігів"
  },
  {
    "number": 59000455542167,
    "dateTime": {
      "date": {
        "year": 2019,
        "month": 10,
        "day": 17
      },
      "time": {
        "hour": 10,
        "minute": 13,
        "second": 38,
        "nano": 0
      }
    },
    "citySender": "Гожули",
    "cityRecipient": "Червоноград (Львівська обл.)"
  },
  {
    "number": 59000455542168,
    "dateTime": {
      "date": {
        "year": 2019,
        "month": 10,
        "day": 17
      },
      "time": {
        "hour": 10,
        "minute": 13,
        "second": 38,
        "nano": 0
      }
    },
    "citySender": "Теофіполь",
    "cityRecipient": "Київ"
  },
  {
    "number": 59000455542169,
    "dateTime": {
      "date": {
        "year": 2019,
        "month": 10,
        "day": 17
      },
      "time": {
        "hour": 10,
        "minute": 12,
        "second": 55,
        "nano": 0
      }
    },
    "citySender": "Лозова",
    "cityRecipient": "Одеса"
  },
  {
    "number": 59000455542170,
    "dateTime": {
      "date": {
        "year": 2019,
        "month": 10,
        "day": 17
      },
      "time": {
        "hour": 10,
        "minute": 13,
        "second": 37,
        "nano": 0
      }
    },
    "citySender": "Харків",
    "cityRecipient": "Кам\u0027янець-Подільський"
  },
  {
    "number": 59000455542171,
    "dateTime": {
      "date": {
        "year": 2019,
        "month": 10,
        "day": 17
      },
      "time": {
        "hour": 10,
        "minute": 13,
        "second": 30,
        "nano": 0
      }
    },
    "citySender": "Дрогобич",
    "cityRecipient": "Золочів (Львівська обл.)"
  },
  {
    "number": 59000455542172,
    "dateTime": {
      "date": {
        "year": 2019,
        "month": 10,
        "day": 17
      },
      "time": {
        "hour": 10,
        "minute": 12,
        "second": 33,
        "nano": 0
      }
    },
    "citySender": "Одеса",
    "cityRecipient": "Брацлав"
  },
  {
    "number": 59000455542173,
    "dateTime": {
      "date": {
        "year": 2019,
        "month": 10,
        "day": 17
      },
      "time": {
        "hour": 10,
        "minute": 13,
        "second": 31,
        "nano": 0
      }
    },
    "citySender": "Кам\u0027янець-Подільський",
    "cityRecipient": "Харків"
  },
  {
    "number": 59000455542174,
    "dateTime": {
      "date": {
        "year": 2019,
        "month": 10,
        "day": 17
      },
      "time": {
        "hour": 10,
        "minute": 13,
        "second": 18,
        "nano": 0
      }
    },
    "citySender": "Харків",
    "cityRecipient": "Київ"
  },
  {
    "number": 59000455542175,
    "dateTime": {
      "date": {
        "year": 2019,
        "month": 10,
        "day": 17
      },
      "time": {
        "hour": 10,
        "minute": 13,
        "second": 31,
        "nano": 0
      }
    },
    "citySender": "Київ",
    "cityRecipient": "Київ"
  },
  {
    "number": 59000455542176,
    "dateTime": {
      "date": {
        "year": 2019,
        "month": 10,
        "day": 17
      },
      "time": {
        "hour": 10,
        "minute": 13,
        "second": 25,
        "nano": 0
      }
    },
    "citySender": "П\u0027ятихатки",
    "cityRecipient": "Стоянка"
  },
  {
    "number": 59000455542177,
    "dateTime": {
      "date": {
        "year": 2019,
        "month": 10,
        "day": 17
      },
      "time": {
        "hour": 10,
        "minute": 12,
        "second": 48,
        "nano": 0
      }
    },
    "citySender": "Вінниця",
    "cityRecipient": "Миколаїв"
  },
  {
    "number": 59000455542178,
    "dateTime": {
      "date": {
        "year": 2019,
        "month": 10,
        "day": 17
      },
      "time": {
        "hour": 10,
        "minute": 13,
        "second": 3,
        "nano": 0
      }
    },
    "citySender": "Львів",
    "cityRecipient": "Українка"
  },
  {
    "number": 59000455542179,
    "dateTime": {
      "date": {
        "year": 2019,
        "month": 10,
        "day": 17
      },
      "time": {
        "hour": 10,
        "minute": 12,
        "second": 36,
        "nano": 0
      }
    },
    "citySender": "Харків",
    "cityRecipient": "Дніпро"
  },
  {
    "number": 59000455542180,
    "dateTime": {
      "date": {
        "year": 2019,
        "month": 10,
        "day": 17
      },
      "time": {
        "hour": 10,
        "minute": 12,
        "second": 43,
        "nano": 0
      }
    },
    "citySender": "Томаківка",
    "cityRecipient": "Київ"
  },
  {
    "number": 59000455542181,
    "dateTime": {
      "date": {
        "year": 2019,
        "month": 10,
        "day": 17
      },
      "time": {
        "hour": 10,
        "minute": 13,
        "second": 34,
        "nano": 0
      }
    },
    "citySender": "Кривий Ріг",
    "cityRecipient": "Кривий Ріг"
  }
]