[
  {
    "number": 59000455513996,
    "dateTime": {
      "date": {
        "year": 2019,
        "month": 10,
        "day": 17
      },
      "time": {
        "hour": 8,
        "minute": 8,
        "second": 59,
        "nano": 0
      }
    },
    "citySender": "Рожище",
    "cityRecipient": "Київ"
  },
  {
    "number": 59000455513997,
    "dateTime": {
      "date": {
        "year": 2019,
        "month": 10,
        "day": 17
      },
      "time": {
        "hour": 8,
        "minute": 8,
        "second": 59,
        "nano": 0
      }
    },
    "citySender": "Краматорськ",
    "cityRecipient": "Одеса"
  },
  {
    "number": 59000455513999,
    "dateTime": {
      "date": {
        "year": 2019,
        "month": 10,
        "day": 17
      },
      "time": {
        "hour": 8,
        "minute": 8,
        "second": 37,
        "nano": 0
      }
    },
    "citySender": "Львів",
    "cityRecipient": "Київ"
  },
  {
    "number": 59000455514000,
    "dateTime": {
      "date": {
        "year": 2019,
        "month": 10,
        "day": 17
      },
      "time": {
        "hour": 8,
        "minute": 8,
        "second": 46,
        "nano": 0
      }
    },
    "citySender": "Глухів (Сумська обл.)",
    "cityRecipient": "Миколаївка(Білопільський р-н)"
  },
  {
    "number": 59000455514001,
    "dateTime": {
      "date": {
        "year": 2019,
        "month": 10,
        "day": 17
      },
      "time": {
        "hour": 8,
        "minute": 8,
        "second": 57,
        "nano": 0
      }
    },
    "citySender": "Одеса",
    "cityRecipient": "Ізмаїл"
  },
  {
    "number": 59000455514002,
    "dateTime": {
      "date": {
        "year": 2019,
        "month": 10,
        "day": 17
      },
      "time": {
        "hour": 8,
        "minute": 9,
        "second": 3,
        "nano": 0
      }
    },
    "citySender": "Полтава",
    "cityRecipient": "Київ"
  },
  {
    "number": 59000455514003,
    "dateTime": {
      "date": {
        "year": 2019,
        "month": 10,
        "day": 17
      },
      "time": {
        "hour": 8,
        "minute": 9,
        "second": 2,
        "nano": 0
      }
    },
    "citySender": "Київ",
    "cityRecipient": "Болехів"
  },
  {
    "number": 59000455514004,
    "dateTime": {
      "date": {
        "year": 2019,
        "month": 10,
        "day": 17
      },
      "time": {
        "hour": 8,
        "minute": 8,
        "second": 19,
        "nano": 0
      }
    },
    "citySender": "Дніпро",
    "cityRecipient": "Харків"
  },
  {
    "number": 59000455514005,
    "dateTime": {
      "date": {
        "year": 2019,
        "month": 10,
        "day": 17
      },
      "time": {
        "hour": 8,
        "minute": 9,
        "second": 4,
        "nano": 0
      }
    },
    "citySender": "Летичів",
    "cityRecipient": "Тернопіль"
  },
  {
    "number": 59000455514007,
    "dateTime": {
      "date": {
        "year": 2019,
        "month": 10,
        "day": 17
      },
      "time": {
        "hour": 8,
        "minute": 9,
        "second": 8,
        "nano": 0
      }
    },
    "citySender": "Глибока",
    "cityRecipient": "Рівне"
  },
  {
    "number": 59000455514008,
    "dateTime": {
      "date": {
        "year": 2019,
        "month": 10,
        "day": 17
      },
      "time": {
        "hour": 8,
        "minute": 9,
        "second": 9,
        "nano": 0
      }
    },
    "citySender": "Дніпро",
    "cityRecipient": "Суми"
  },
  {
    "number": 59000455514009,
    "dateTime": {
      "date": {
        "year": 2019,
        "month": 10,
        "day": 17
      },
      "time": {
        "hour": 8,
        "minute": 8,
        "second": 50,
        "nano": 0
      }
    },
    "citySender": "Волочиськ",
    "cityRecipient": "Подільськ"
  },
  {
    "number": 59000455514010,
    "dateTime": {
      "date": {
        "year": 2019,
        "month": 10,
        "day": 17
      },
      "time": {
        "hour": 8,
        "minute": 7,
        "second": 33,
        "nano": 0
      }
    },
    "citySender": "Соледар",
    "cityRecipient": "Одеса"
  },
  {
    "number": 59000455514011,
    "dateTime": {
      "date": {
        "year": 2019,
        "month": 10,
        "day": 17
      },
      "time": {
        "hour": 8,
        "minute": 9,
        "second": 13,
        "nano": 0
      }
    },
    "citySender": "Рівне",
    "cityRecipient": "Житомир"
  },
  {
    "number": 59000455514012,
    "dateTime": {
      "date": {
        "year": 2019,
        "month": 10,
        "day": 17
      },
      "time": {
        "hour": 8,
        "minute": 7,
        "second": 35,
        "nano": 0
      }
    },
    "citySender": "Ратне",
    "cityRecipient": "Красилівка (Броварський р-н)"
  },
  {
    "number": 59000455514013,
    "dateTime": {
      "date": {
        "year": 2019,
        "month": 10,
        "day": 17
      },
      "time": {
        "hour": 8,
        "minute": 8,
        "second": 33,
        "nano": 0
      }
    },
    "citySender": "Курахове",
    "cityRecipient": "Харків"
  },
  {
    "number": 59000455514014,
    "dateTime": {
      "date": {
        "year": 2019,
        "month": 10,
        "day": 17
      },
      "time": {
        "hour": 8,
        "minute": 9,
        "second": 15,
        "nano": 0
      }
    },
    "citySender": "Мерефа",
    "cityRecipient": "Київ"
  },
  {
    "number": 59000455514015,
    "dateTime": {
      "date": {
        "year": 2019,
        "month": 10,
        "day": 17
      },
      "time": {
        "hour": 8,
        "minute": 9,
        "second": 15,
        "nano": 0
      }
    },
    "citySender": "Рожище",
    "cityRecipient": "Київ"
  },
  {
    "number": 59000455514016,
    "dateTime": {
      "date": {
        "year": 2019,
        "month": 10,
        "day": 17
      },
      "time": {
        "hour": 8,
        "minute": 9,
        "second": 16,
        "nano": 0
      }
    },
    "citySender": "Новомиргород",
    "cityRecipient": "Хмельницький"
  },
  {
    "number": 59000455514017,
    "dateTime": {
      "date": {
        "year": 2019,
        "month": 10,
        "day": 17
      },
      "time": {
        "hour": 8,
        "minute": 8,
        "second": 57,
        "nano": 0
      }
    },
    "citySender": "Одеса",
    "cityRecipient": "Свалява"
  },
  {
    "number": 59000455514018,
    "dateTime": {
      "date": {
        "year": 2019,
        "month": 10,
        "day": 17
      },
      "time": {
        "hour": 8,
        "minute": 9,
        "second": 6,
        "nano": 0
      }
    },
    "citySender": "Харків",
    "cityRecipient": "Добропілля"
  },
  {
    "number": 59000455514019,
    "dateTime": {
      "date": {
        "year": 2019,
        "month": 10,
        "day": 17
      },
      "time": {
        "hour": 8,
        "minute": 8,
        "second": 21,
        "nano": 0
      }
    },
    "citySender": "Біловодськ",
    "cityRecipient": "Київ"
  },
  {
    "number": 59000455514020,
    "dateTime": {
      "date": {
        "year": 2019,
        "month": 10,
        "day": 17
      },
      "time": {
        "hour": 8,
        "minute": 9,
        "second": 18,
        "nano": 0
      }
    },
    "citySender": "Краматорськ",
    "cityRecipient": "Харків"
  },
  {
    "number": 59000455514021,
    "dateTime": {
      "date": {
        "year": 2019,
        "month": 10,
        "day": 17
      },
      "time": {
        "hour": 8,
        "minute": 9,
        "second": 19,
        "nano": 0
      }
    },
    "citySender": "Братське",
    "cityRecipient": "Бровари"
  },
  {
    "number": 59000455514022,
    "dateTime": {
      "date": {
        "year": 2019,
        "month": 10,
        "day": 17
      },
      "time": {
        "hour": 8,
        "minute": 9,
        "second": 19,
        "nano": 0
      }
    },
    "citySender": "Полтава",
    "cityRecipient": "Київ"
  },
  {
    "number": 59000455514023,
    "dateTime": {
      "date": {
        "year": 2019,
        "month": 10,
        "day": 17
      },
      "time": {
        "hour": 8,
        "minute": 9,
        "second": 6,
        "nano": 0
      }
    },
    "citySender": "Київ",
    "cityRecipient": "Васильків"
  },
  {
    "number": 59000455514024,
    "dateTime": {
      "date": {
        "year": 2019,
        "month": 10,
        "day": 17
      },
      "time": {
        "hour": 8,
        "minute": 8,
        "second": 24,
        "nano": 0
      }
    },
    "citySender": "Богодухів",
    "cityRecipient": "Львів"
  },
  {
    "number": 59000455514025,
    "dateTime": {
      "date": {
        "year": 2019,
        "month": 10,
        "day": 17
      },
      "time": {
        "hour": 8,
        "minute": 9,
        "second": 16,
        "nano": 0
      }
    },
    "citySender": "Київ",
    "cityRecipient": "Бердичів"
  },
  {
    "number": 59000455514027,
    "dateTime": {
      "date": {
        "year": 2019,
        "month": 10,
        "day": 17
      },
      "time": {
        "hour": 8,
        "minute": 8,
        "second": 35,
        "nano": 0
      }
    },
    "citySender": "Велика Багачка",
    "cityRecipient": "Миргород"
  },
  {
    "number": 59000455514028,
    "dateTime": {
      "date": {
        "year": 2019,
        "month": 10,
        "day": 17
      },
      "time": {
        "hour": 8,
        "minute": 9,
        "second": 9,
        "nano": 0
      }
    },
    "citySender": "Новоукраїнка",
    "cityRecipient": "Рокитне (Київська обл., Рокитнянський р-н)"
  },
  {
    "number": 59000455514030,
    "dateTime": {
      "date": {
        "year": 2019,
        "month": 10,
        "day": 17
      },
      "time": {
        "hour": 8,
        "minute": 8,
        "second": 42,
        "nano": 0
      }
    },
    "citySender": "Чернівці(Вінницька обл.)",
    "cityRecipient": "Київ"
  },
  {
    "number": 59000455514031,
    "dateTime": {
      "date": {
        "year": 2019,
        "month": 10,
        "day": 17
      },
      "time": {
        "hour": 8,
        "minute": 9,
        "second": 28,
        "nano": 0
      }
    },
    "citySender": "Кролевець",
    "cityRecipient": "Харків"
  },
  {
    "number": 59000455514032,
    "dateTime": {
      "date": {
        "year": 2019,
        "month": 10,
        "day": 17
      },
      "time": {
        "hour": 8,
        "minute": 9,
        "second": 23,
        "nano": 0
      }
    },
    "citySender": "Київ",
    "cityRecipient": "Івано-Франківськ"
  },
  {
    "number": 59000455514033,
    "dateTime": {
      "date": {
        "year": 2019,
        "month": 10,
        "day": 17
      },
      "time": {
        "hour": 8,
        "minute": 9,
        "second": 18,
        "nano": 0
      }
    },
    "citySender": "Київ",
    "cityRecipient": "Дніпро"
  },
  {
    "number": 59000455514034,
    "dateTime": {
      "date": {
        "year": 2019,
        "month": 10,
        "day": 17
      },
      "time": {
        "hour": 8,
        "minute": 9,
        "second": 31,
        "nano": 0
      }
    },
    "citySender": "Лебедин (Сумська обл.)",
    "cityRecipient": "Одеса"
  },
  {
    "number": 59000455514035,
    "dateTime": {
      "date": {
        "year": 2019,
        "month": 10,
        "day": 17
      },
      "time": {
        "hour": 8,
        "minute": 9,
        "second": 21,
        "nano": 0
      }
    },
    "citySender": "Харків",
    "cityRecipient": "Вінниця"
  },
  {
    "number": 59000455514036,
    "dateTime": {
      "date": {
        "year": 2019,
        "month": 10,
        "day": 17
      },
      "time": {
        "hour": 8,
        "minute": 9,
        "second": 26,
        "nano": 0
      }
    },
    "citySender": "Київ",
    "cityRecipient": "Одеса"
  },
  {
    "number": 59000455514037,
    "dateTime": {
      "date": {
        "year": 2019,
        "month": 10,
        "day": 17
      },
      "time": {
        "hour": 8,
        "minute": 5,
        "second": 57,
        "nano": 0
      }
    },
    "citySender": "Благовіщенське(Кіровоградська обл.)",
    "cityRecipient": "Буча"
  },
  {
    "number": 59000455514038,
    "dateTime": {
      "date": {
        "year": 2019,
        "month": 10,
        "day": 17
      },
      "time": {
        "hour": 8,
        "minute": 9,
        "second": 18,
        "nano": 0
      }
    },
    "citySender": "Ярмолинці",
    "cityRecipient": "Київ"
  },
  {
    "number": 59000455514039,
    "dateTime": {
      "date": {
        "year": 2019,
        "month": 10,
        "day": 17
      },
      "time": {
        "hour": 8,
        "minute": 9,
        "second": 10,
        "nano": 0
      }
    },
    "citySender": "Липова Долина",
    "cityRecipient": "Харків"
  },
  {
    "number": 59000455514040,
    "dateTime": {
      "date": {
        "year": 2019,
        "month": 10,
        "day": 17
      },
      "time": {
        "hour": 8,
        "minute": 8,
        "second": 47,
        "nano": 0
      }
    },
    "citySender": "Богуслав (Київська обл.)",
    "cityRecipient": "Бровари"
  },
  {
    "number": 59000455514041,
    "dateTime": {
      "date": {
        "year": 2019,
        "month": 10,
        "day": 17
      },
      "time": {
        "hour": 8,
        "minute": 9,
        "second": 7,
        "nano": 0
      }
    },
    "citySender": "Дніпро",
    "cityRecipient": "Волноваха"
  },
  {
    "number": 59000455514042,
    "dateTime": {
      "date": {
        "year": 2019,
        "month": 10,
        "day": 17
      },
      "time": {
        "hour": 8,
        "minute": 9,
        "second": 35,
        "nano": 0
      }
    },
    "citySender": "Дніпро",
    "cityRecipient": "Дніпро"
  },
  {
    "number": 59000455514043,
    "dateTime": {
      "date": {
        "year": 2019,
        "month": 10,
        "day": 17
      },
      "time": {
        "hour": 8,
        "minute": 8,
        "second": 34,
        "nano": 0
      }
    },
    "citySender": "Буринь",
    "cityRecipient": "Запоріжжя"
  },
  {
    "number": 59000455514044,
    "dateTime": {
      "date": {
        "year": 2019,
        "month": 10,
        "day": 17
      },
      "time": {
        "hour": 8,
        "minute": 9,
        "second": 41,
        "nano": 0
      }
    },
    "citySender": "Київ",
    "cityRecipient": "Дніпро"
  },
  {
    "number": 59000455514045,
    "dateTime": {
      "date": {
        "year": 2019,
        "month": 10,
        "day": 17
      },
      "time": {
        "hour": 8,
        "minute": 9,
        "second": 32,
        "nano": 0
      }
    },
    "citySender": "Харків",
    "cityRecipient": "Біловодськ"
  },
  {
    "number": 59000455514046,
    "dateTime": {
      "date": {
        "year": 2019,
        "month": 10,
        "day": 17
      },
      "time": {
        "hour": 8,
        "minute": 9,
        "second": 16,
        "nano": 0
      }
    },
    "citySender": "Львів",
    "cityRecipient": "Кам\u0027янець-Подільський"
  },
  {
    "number": 59000455514047,
    "dateTime": {
      "date": {
        "year": 2019,
        "month": 10,
        "day": 17
      },
      "time": {
        "hour": 8,
        "minute": 9,
        "second": 33,
        "nano": 0
      }
    },
    "citySender": "Київ",
    "cityRecipient": "Чернівці"
  },
  {
    "number": 59000455514048,
    "dateTime": {
      "date": {
        "year": 2019,
        "month": 10,
        "day": 17
      },
      "time": {
        "hour": 8,
        "minute": 9,
        "second": 34,
        "nano": 0
      }
    },
    "citySender": "Київ",
    "cityRecipient": "Львів"
  },
  {
    "number": 59000455514049,
    "dateTime": {
      "date": {
        "year": 2019,
        "month": 10,
        "day": 17
      },
      "time": {
        "hour": 8,
        "minute": 9,
        "second": 20,
        "nano": 0
      }
    },
    "citySender": "Переяслав-Хмельницький",
    "cityRecipient": "Лисичанськ"
  },
  {
    "number": 59000455514050,
    "dateTime": {
      "date": {
        "year": 2019,
        "month": 10,
        "day": 17
      },
      "time": {
        "hour": 8,
        "minute": 8,
        "second": 19,
        "nano": 0
      }
    },
    "citySender": "Нова Ушиця",
    "cityRecipient": "Бердичів"
  },
  {
    "number": 59000455514051,
    "dateTime": {
      "date": {
        "year": 2019,
        "month": 10,
        "day": 17
      },
      "time": {
        "hour": 8,
        "minute": 9,
        "second": 46,
        "nano": 0
      }
    },
    "citySender": "Київ",
    "cityRecipient": "Київ"
  },
  {
    "number": 59000455514052,
    "dateTime": {
      "date": {
        "year": 2019,
        "month": 10,
        "day": 17
      },
      "time": {
        "hour": 8,
        "minute": 9,
        "second": 23,
        "nano": 0
      }
    },
    "citySender": "Дніпро",
    "cityRecipient": "Вінниця"
  },
  {
    "number": 59000455514053,
    "dateTime": {
      "date": {
        "year": 2019,
        "month": 10,
        "day": 17
      },
      "time": {
        "hour": 8,
        "minute": 8,
        "second": 59,
        "nano": 0
      }
    },
    "citySender": "Київ",
    "cityRecipient": "Райгородок(Слов\u0027янський р-н)"
  },
  {
    "number": 59000455514054,
    "dateTime": {
      "date": {
        "year": 2019,
        "month": 10,
        "day": 17
      },
      "time": {
        "hour": 8,
        "minute": 9,
        "second": 48,
        "nano": 0
      }
    },
    "citySender": "Лебедин (Сумська обл.)",
    "cityRecipient": "Кропивницький"
  },
  {
    "number": 59000455514055,
    "dateTime": {
      "date": {
        "year": 2019,
        "month": 10,
        "day": 17
      },
      "time": {
        "hour": 8,
        "minute": 8,
        "second": 50,
        "nano": 0
      }
    },
    "citySender": "Новоукраїнка",
    "cityRecipient": "Київ"
  },
  {
    "number": 59000455514056,
    "dateTime": {
      "date": {
        "year": 2019,
        "month": 10,
        "day": 17
      },
      "time": {
        "hour": 8,
        "minute": 9,
        "second": 14,
        "nano": 0
      }
    },
    "citySender": "Харків",
    "cityRecipient": "Львів"
  },
  {
    "number": 59000455514057,
    "dateTime": {
      "date": {
        "year": 2019,
        "month": 10,
        "day": 17
      },
      "time": {
        "hour": 8,
        "minute": 9,
        "second": 49,
        "nano": 0
      }
    },
    "citySender": "Полтава",
    "cityRecipient": "Київ"
  },
  {
    "number": 59000455514058,
    "dateTime": {
      "date": {
        "year": 2019,
        "month": 10,
        "day": 17
      },
      "time": {
        "hour": 8,
        "minute": 9,
        "second": 19,
        "nano": 0
      }
    },
    "citySender": "Харків",
    "cityRecipient": "Харків"
  },
  {
    "number": 59000455514059,
    "dateTime": {
      "date": {
        "year": 2019,
        "month": 10,
        "day": 17
      },
      "time": {
        "hour": 8,
        "minute": 9,
        "second": 46,
        "nano": 0
      }
    },
    "citySender": "Київ",
    "cityRecipient": "Київ"
  },
  {
    "number": 59000455514060,
    "dateTime": {
      "date": {
        "year": 2019,
        "month": 10,
        "day": 17
      },
      "time": {
        "hour": 8,
        "minute": 9,
        "second": 50,
        "nano": 0
      }
    },
    "citySender": "Київ",
    "cityRecipient": "Херсон"
  },
  {
    "number": 59000455514062,
    "dateTime": {
      "date": {
        "year": 2019,
        "month": 10,
        "day": 17
      },
      "time": {
        "hour": 8,
        "minute": 9,
        "second": 45,
        "nano": 0
      }
    },
    "citySender": "Волочиськ",
    "cityRecipient": "Березівка"
  },
  {
    "number": 59000455514063,
    "dateTime": {
      "date": {
        "year": 2019,
        "month": 10,
        "day": 17
      },
      "time": {
        "hour": 8,
        "minute": 8,
        "second": 43,
        "nano": 0
      }
    },
    "citySender": "Олександрівка (смт.Кіровог.обл.райц)",
    "cityRecipient": "Київ"
  },
  {
    "number": 59000455514065,
    "dateTime": {
      "date": {
        "year": 2019,
        "month": 10,
        "day": 17
      },
      "time": {
        "hour": 8,
        "minute": 9,
        "second": 53,
        "nano": 0
      }
    },
    "citySender": "Волочиськ",
    "cityRecipient": "Харків"
  },
  {
    "number": 59000455514066,
    "dateTime": {
      "date": {
        "year": 2019,
        "month": 10,
        "day": 17
      },
      "time": {
        "hour": 8,
        "minute": 9,
        "second": 42,
        "nano": 0
      }
    },
    "citySender": "Драбів",
    "cityRecipient": "Буча"
  },
  {
    "number": 59000455514067,
    "dateTime": {
      "date": {
        "year": 2019,
        "month": 10,
        "day": 17
      },
      "time": {
        "hour": 8,
        "minute": 9,
        "second": 31,
        "nano": 0
      }
    },
    "citySender": "Одеса",
    "cityRecipient": "Угринів (Тисменицький р-н., Івано-Франк. обл.)"
  },
  {
    "number": 59000455514068,
    "dateTime": {
      "date": {
        "year": 2019,
        "month": 10,
        "day": 17
      },
      "time": {
        "hour": 8,
        "minute": 9,
        "second": 45,
        "nano": 0
      }
    },
    "citySender": "Київ",
    "cityRecipient": "Біла Церква"
  },
  {
    "number": 59000455514069,
    "dateTime": {
      "date": {
        "year": 2019,
        "month": 10,
        "day": 17
      },
      "time": {
        "hour": 8,
        "minute": 9,
        "second": 4,
        "nano": 0
      }
    },
    "citySender": "Вознесенськ",
    "cityRecipient": "Запоріжжя"
  },
  {
    "number": 59000455514070,
    "dateTime": {
      "date": {
        "year": 2019,
        "month": 10,
        "day": 17
      },
      "time": {
        "hour": 8,
        "minute": 9,
        "second": 0,
        "nano": 0
      }
    },
    "citySender": "Дніпро",
    "cityRecipient": "Ірпінь"
  },
  {
    "number": 59000455514071,
    "dateTime": {
      "date": {
        "year": 2019,
        "month": 10,
        "day": 17
      },
      "time": {
        "hour": 8,
        "minute": 9,
        "second": 42,
        "nano": 0
      }
    },
    "citySender": "Київ",
    "cityRecipient": "Біла Церква"
  },
  {
    "number": 59000455514072,
    "dateTime": {
      "date": {
        "year": 2019,
        "month": 10,
        "day": 17
      },
      "time": {
        "hour": 8,
        "minute": 9,
        "second": 37,
        "nano": 0
      }
    },
    "citySender": "Новгородське (Донецька обл.)",
    "cityRecipient": "Рубіжне"
  },
  {
    "number": 59000455514073,
    "dateTime": {
      "date": {
        "year": 2019,
        "month": 10,
        "day": 17
      },
      "time": {
        "hour": 8,
        "minute": 9,
        "second": 59,
        "nano": 0
      }
    },
    "citySender": "Лебедин (Сумська обл.)",
    "cityRecipient": "Одеса"
  },
  {
    "number": 59000455514074,
    "dateTime": {
      "date": {
        "year": 2019,
        "month": 10,
        "day": 17
      },
      "time": {
        "hour": 8,
        "minute": 9,
        "second": 49,
        "nano": 0
      }
    },
    "citySender": "Київ",
    "cityRecipient": "Новоархангельськ"
  },
  {
    "number": 59000455514075,
    "dateTime": {
      "date": {
        "year": 2019,
        "month": 10,
        "day": 17
      },
      "time": {
        "hour": 8,
        "minute": 10,
        "second": 0,
        "nano": 0
      }
    },
    "citySender": "Київ",
    "cityRecipient": "Ілічанка"
  },
  {
    "number": 59000455514076,
    "dateTime": {
      "date": {
        "year": 2019,
        "month": 10,
        "day": 17
      },
      "time": {
        "hour": 8,
        "minute": 10,
        "second": 3,
        "nano": 0
      }
    },
    "citySender": "Київ",
    "cityRecipient": "Київ"
  },
  {
    "number": 59000455514077,
    "dateTime": {
      "date": {
        "year": 2019,
        "month": 10,
        "day": 17
      },
      "time": {
        "hour": 8,
        "minute": 9,
        "second": 54,
        "nano": 0
      }
    },
    "citySender": "Дніпро",
    "cityRecipient": "Київ"
  },
  {
    "number": 59000455514078,
    "dateTime": {
      "date": {
        "year": 2019,
        "month": 10,
        "day": 17
      },
      "time": {
        "hour": 8,
        "minute": 10,
        "second": 7,
        "nano": 0
      }
    },
    "citySender": "Краматорськ",
    "cityRecipient": "Жовтанці"
  },
  {
    "number": 59000455514079,
    "dateTime": {
      "date": {
        "year": 2019,
        "month": 10,
        "day": 17
      },
      "time": {
        "hour": 8,
        "minute": 9,
        "second": 58,
        "nano": 0
      }
    },
    "citySender": "Київ",
    "cityRecipient": "Київ"
  },
  {
    "number": 59000455514080,
    "dateTime": {
      "date": {
        "year": 2019,
        "month": 10,
        "day": 17
      },
      "time": {
        "hour": 8,
        "minute": 9,
        "second": 8,
        "nano": 0
      }
    },
    "citySender": "Київ",
    "cityRecipient": "Біла Церква"
  },
  {
    "number": 59000455514081,
    "dateTime": {
      "date": {
        "year": 2019,
        "month": 10,
        "day": 17
      },
      "time": {
        "hour": 8,
        "minute": 8,
        "second": 39,
        "nano": 0
      }
    },
    "citySender": "Білозерка (Херсонська обл.)",
    "cityRecipient": "Миколаїв"
  },
  {
    "number": 59000455514082,
    "dateTime": {
      "date": {
        "year": 2019,
        "month": 10,
        "day": 17
      },
      "time": {
        "hour": 8,
        "minute": 10,
        "second": 8,
        "nano": 0
      }
    },
    "citySender": "Полтава",
    "cityRecipient": "Ілічанка"
  },
  {
    "number": 59000455514083,
    "dateTime": {
      "date": {
        "year": 2019,
        "month": 10,
        "day": 17
      },
      "time": {
        "hour": 8,
        "minute": 10,
        "second": 1,
        "nano": 0
      }
    },
    "citySender": "Станиця Луганська",
    "cityRecipient": "Київ"
  },
  {
    "number": 59000455514084,
    "dateTime": {
      "date": {
        "year": 2019,
        "month": 10,
        "day": 17
      },
      "time": {
        "hour": 8,
        "minute": 10,
        "second": 10,
        "nano": 0
      }
    },
    "citySender": "Київ",
    "cityRecipient": "Хмельницький"
  },
  {
    "number": 59000455514085,
    "dateTime": {
      "date": {
        "year": 2019,
        "month": 10,
        "day": 17
      },
      "time": {
        "hour": 8,
        "minute": 9,
        "second": 51,
        "nano": 0
      }
    },
    "citySender": "Київ",
    "cityRecipient": "Київ"
  },
  {
    "number": 59000455514086,
    "dateTime": {
      "date": {
        "year": 2019,
        "month": 10,
        "day": 17
      },
      "time": {
        "hour": 8,
        "minute": 9,
        "second": 4,
        "nano": 0
      }
    },
    "citySender": "Решетилівка",
    "cityRecipient": "Черкаси"
  },
  {
    "number": 59000455514087,
    "dateTime": {
      "date": {
        "year": 2019,
        "month": 10,
        "day": 17
      },
      "time": {
        "hour": 8,
        "minute": 10,
        "second": 9,
        "nano": 0
      }
    },
    "citySender": "Дніпро",
    "cityRecipient": "Харків"
  },
  {
    "number": 59000455514088,
    "dateTime": {
      "date": {
        "year": 2019,
        "month": 10,
        "day": 17
      },
      "time": {
        "hour": 8,
        "minute": 10,
        "second": 9,
        "nano": 0
      }
    },
    "citySender": "Дніпро",
    "cityRecipient": "Ізюм"
  },
  {
    "number": 59000455514089,
    "dateTime": {
      "date": {
        "year": 2019,
        "month": 10,
        "day": 17
      },
      "time": {
        "hour": 8,
        "minute": 10,
        "second": 18,
        "nano": 0
      }
    },
    "citySender": "Кролевець",
    "cityRecipient": "Дніпро"
  },
  {
    "number": 59000455514090,
    "dateTime": {
      "date": {
        "year": 2019,
        "month": 10,
        "day": 17
      },
      "time": {
        "hour": 8,
        "minute": 10,
        "second": 18,
        "nano": 0
      }
    },
    "citySender": "Середина-Буда",
    "cityRecipient": "Харків"
  },
  {
    "number": 59000455514091,
    "dateTime": {
      "date": {
        "year": 2019,
        "month": 10,
        "day": 17
      },
      "time": {
        "hour": 8,
        "minute": 9,
        "second": 58,
        "nano": 0
      }
    },
    "citySender": "Львів",
    "cityRecipient": "Пісочин"
  },
  {
    "number": 59000455514092,
    "dateTime": {
      "date": {
        "year": 2019,
        "month": 10,
        "day": 17
      },
      "time": {
        "hour": 8,
        "minute": 10,
        "second": 19,
        "nano": 0
      }
    },
    "citySender": "Київ",
    "cityRecipient": "Сєвєродонецьк"
  },
  {
    "number": 59000455514093,
    "dateTime": {
      "date": {
        "year": 2019,
        "month": 10,
        "day": 17
      },
      "time": {
        "hour": 8,
        "minute": 9,
        "second": 58,
        "nano": 0
      }
    },
    "citySender": "Київ",
    "cityRecipient": "Київ"
  },
  {
    "number": 59000455514094,
    "dateTime": {
      "date": {
        "year": 2019,
        "month": 10,
        "day": 17
      },
      "time": {
        "hour": 8,
        "minute": 10,
        "second": 19,
        "nano": 0
      }
    },
    "citySender": "Балаклея (Черкаська обл.)",
    "cityRecipient": "Миколаїв"
  }
]