[
  {
    "number": 59000455538283,
    "dateTime": {
      "date": {
        "year": 2019,
        "month": 10,
        "day": 17
      },
      "time": {
        "hour": 10,
        "minute": 0,
        "second": 54,
        "nano": 0
      }
    },
    "citySender": "Івано-Франківськ",
    "cityRecipient": "Львів"
  },
  {
    "number": 59000455538285,
    "dateTime": {
      "date": {
        "year": 2019,
        "month": 10,
        "day": 17
      },
      "time": {
        "hour": 10,
        "minute": 0,
        "second": 54,
        "nano": 0
      }
    },
    "citySender": "Кривий Ріг",
    "cityRecipient": "Київ"
  },
  {
    "number": 59000455538286,
    "dateTime": {
      "date": {
        "year": 2019,
        "month": 10,
        "day": 17
      },
      "time": {
        "hour": 10,
        "minute": 1,
        "second": 9,
        "nano": 0
      }
    },
    "citySender": "Харків",
    "cityRecipient": "Болгарка"
  },
  {
    "number": 59000455538287,
    "dateTime": {
      "date": {
        "year": 2019,
        "month": 10,
        "day": 17
      },
      "time": {
        "hour": 10,
        "minute": 0,
        "second": 55,
        "nano": 0
      }
    },
    "citySender": "Стара Вижівка",
    "cityRecipient": "Київ"
  },
  {
    "number": 59000455538288,
    "dateTime": {
      "date": {
        "year": 2019,
        "month": 10,
        "day": 17
      },
      "time": {
        "hour": 10,
        "minute": 0,
        "second": 51,
        "nano": 0
      }
    },
    "citySender": "Тернопіль",
    "cityRecipient": "Кривий Ріг"
  },
  {
    "number": 59000455538290,
    "dateTime": {
      "date": {
        "year": 2019,
        "month": 10,
        "day": 17
      },
      "time": {
        "hour": 10,
        "minute": 0,
        "second": 41,
        "nano": 0
      }
    },
    "citySender": "Краматорськ",
    "cityRecipient": "Львів"
  },
  {
    "number": 59000455538291,
    "dateTime": {
      "date": {
        "year": 2019,
        "month": 10,
        "day": 17
      },
      "time": {
        "hour": 10,
        "minute": 1,
        "second": 22,
        "nano": 0
      }
    },
    "citySender": "Львів",
    "cityRecipient": "Чернівці"
  },
  {
    "number": 59000455538292,
    "dateTime": {
      "date": {
        "year": 2019,
        "month": 10,
        "day": 17
      },
      "time": {
        "hour": 10,
        "minute": 1,
        "second": 17,
        "nano": 0
      }
    },
    "citySender": "Хмельницький",
    "cityRecipient": "Хмельницький"
  },
  {
    "number": 59000455538293,
    "dateTime": {
      "date": {
        "year": 2019,
        "month": 10,
        "day": 17
      },
      "time": {
        "hour": 10,
        "minute": 1,
        "second": 19,
        "nano": 0
      }
    },
    "citySender": "Краматорськ",
    "cityRecipient": "Київ"
  },
  {
    "number": 59000455538294,
    "dateTime": {
      "date": {
        "year": 2019,
        "month": 10,
        "day": 17
      },
      "time": {
        "hour": 10,
        "minute": 0,
        "second": 9,
        "nano": 0
      }
    },
    "citySender": "Білики",
    "cityRecipient": "Рокитне (Рівненська обл., Рокитнівський р-н)"
  },
  {
    "number": 59000455538295,
    "dateTime": {
      "date": {
        "year": 2019,
        "month": 10,
        "day": 17
      },
      "time": {
        "hour": 10,
        "minute": 1,
        "second": 23,
        "nano": 0
      }
    },
    "citySender": "Чутове",
    "cityRecipient": "Харків"
  },
  {
    "number": 59000455538296,
    "dateTime": {
      "date": {
        "year": 2019,
        "month": 10,
        "day": 17
      },
      "time": {
        "hour": 10,
        "minute": 1,
        "second": 12,
        "nano": 0
      }
    },
    "citySender": "Ковель",
    "cityRecipient": "Рівне"
  },
  {
    "number": 59000455538297,
    "dateTime": {
      "date": {
        "year": 2019,
        "month": 10,
        "day": 17
      },
      "time": {
        "hour": 9,
        "minute": 59,
        "second": 38,
        "nano": 0
      }
    },
    "citySender": "Керецьки",
    "cityRecipient": "Київ"
  },
  {
    "number": 59000455538298,
    "dateTime": {
      "date": {
        "year": 2019,
        "month": 10,
        "day": 17
      },
      "time": {
        "hour": 10,
        "minute": 1,
        "second": 15,
        "nano": 0
      }
    },
    "citySender": "Маріуполь",
    "cityRecipient": "Київ"
  },
  {
    "number": 59000455538299,
    "dateTime": {
      "date": {
        "year": 2019,
        "month": 10,
        "day": 17
      },
      "time": {
        "hour": 10,
        "minute": 1,
        "second": 24,
        "nano": 0
      }
    },
    "citySender": "Харків",
    "cityRecipient": "Торчин"
  },
  {
    "number": 59000455538300,
    "dateTime": {
      "date": {
        "year": 2019,
        "month": 10,
        "day": 17
      },
      "time": {
        "hour": 10,
        "minute": 0,
        "second": 53,
        "nano": 0
      }
    },
    "citySender": "Шепетівка",
    "cityRecipient": "Мокре"
  },
  {
    "number": 59000455538301,
    "dateTime": {
      "date": {
        "year": 2019,
        "month": 10,
        "day": 17
      },
      "time": {
        "hour": 10,
        "minute": 1,
        "second": 6,
        "nano": 0
      }
    },
    "citySender": "Костопіль",
    "cityRecipient": "Костопіль"
  },
  {
    "number": 59000455538302,
    "dateTime": {
      "date": {
        "year": 2019,
        "month": 10,
        "day": 17
      },
      "time": {
        "hour": 10,
        "minute": 1,
        "second": 23,
        "nano": 0
      }
    },
    "citySender": "Енергодар",
    "cityRecipient": "Бровари"
  },
  {
    "number": 59000455538303,
    "dateTime": {
      "date": {
        "year": 2019,
        "month": 10,
        "day": 17
      },
      "time": {
        "hour": 10,
        "minute": 0,
        "second": 59,
        "nano": 0
      }
    },
    "citySender": "Христинівка",
    "cityRecipient": "Подільськ"
  },
  {
    "number": 59000455538304,
    "dateTime": {
      "date": {
        "year": 2019,
        "month": 10,
        "day": 17
      },
      "time": {
        "hour": 10,
        "minute": 0,
        "second": 5,
        "nano": 0
      }
    },
    "citySender": "Кривий Ріг",
    "cityRecipient": "Кривий Ріг"
  },
  {
    "number": 59000455538305,
    "dateTime": {
      "date": {
        "year": 2019,
        "month": 10,
        "day": 17
      },
      "time": {
        "hour": 10,
        "minute": 1,
        "second": 22,
        "nano": 0
      }
    },
    "citySender": "Київ",
    "cityRecipient": "Київ"
  },
  {
    "number": 59000455538306,
    "dateTime": {
      "date": {
        "year": 2019,
        "month": 10,
        "day": 17
      },
      "time": {
        "hour": 10,
        "minute": 1,
        "second": 6,
        "nano": 0
      }
    },
    "citySender": "Краматорськ",
    "cityRecipient": "Покровськ (Донецька обл.)"
  },
  {
    "number": 59000455538307,
    "dateTime": {
      "date": {
        "year": 2019,
        "month": 10,
        "day": 17
      },
      "time": {
        "hour": 10,
        "minute": 1,
        "second": 16,
        "nano": 0
      }
    },
    "citySender": "Кривий Ріг",
    "cityRecipient": "Львів"
  },
  {
    "number": 59000455538308,
    "dateTime": {
      "date": {
        "year": 2019,
        "month": 10,
        "day": 17
      },
      "time": {
        "hour": 10,
        "minute": 1,
        "second": 14,
        "nano": 0
      }
    },
    "citySender": "Луків",
    "cityRecipient": "Львів"
  },
  {
    "number": 59000455538309,
    "dateTime": {
      "date": {
        "year": 2019,
        "month": 10,
        "day": 17
      },
      "time": {
        "hour": 10,
        "minute": 1,
        "second": 7,
        "nano": 0
      }
    },
    "citySender": "Харків",
    "cityRecipient": "Київ"
  },
  {
    "number": 59000455538310,
    "dateTime": {
      "date": {
        "year": 2019,
        "month": 10,
        "day": 17
      },
      "time": {
        "hour": 10,
        "minute": 1,
        "second": 10,
        "nano": 0
      }
    },
    "citySender": "Свеса",
    "cityRecipient": "Запоріжжя"
  },
  {
    "number": 59000455538311,
    "dateTime": {
      "date": {
        "year": 2019,
        "month": 10,
        "day": 17
      },
      "time": {
        "hour": 10,
        "minute": 0,
        "second": 29,
        "nano": 0
      }
    },
    "citySender": "Зачепилівка",
    "cityRecipient": "Київ"
  },
  {
    "number": 59000455538312,
    "dateTime": {
      "date": {
        "year": 2019,
        "month": 10,
        "day": 17
      },
      "time": {
        "hour": 10,
        "minute": 1,
        "second": 13,
        "nano": 0
      }
    },
    "citySender": "Харків",
    "cityRecipient": "Черкаси"
  },
  {
    "number": 59000455538313,
    "dateTime": {
      "date": {
        "year": 2019,
        "month": 10,
        "day": 17
      },
      "time": {
        "hour": 10,
        "minute": 0,
        "second": 59,
        "nano": 0
      }
    },
    "citySender": "Миколаїв",
    "cityRecipient": "Харків"
  },
  {
    "number": 59000455538314,
    "dateTime": {
      "date": {
        "year": 2019,
        "month": 10,
        "day": 17
      },
      "time": {
        "hour": 10,
        "minute": 1,
        "second": 20,
        "nano": 0
      }
    },
    "citySender": "Проліски",
    "cityRecipient": "Харків"
  },
  {
    "number": 59000455538315,
    "dateTime": {
      "date": {
        "year": 2019,
        "month": 10,
        "day": 17
      },
      "time": {
        "hour": 10,
        "minute": 1,
        "second": 10,
        "nano": 0
      }
    },
    "citySender": "Горохів",
    "cityRecipient": "Одеса"
  },
  {
    "number": 59000455538316,
    "dateTime": {
      "date": {
        "year": 2019,
        "month": 10,
        "day": 17
      },
      "time": {
        "hour": 9,
        "minute": 59,
        "second": 51,
        "nano": 0
      }
    },
    "citySender": "Гоголеве (Полтавська обл.)",
    "cityRecipient": "Тинне"
  },
  {
    "number": 59000455538317,
    "dateTime": {
      "date": {
        "year": 2019,
        "month": 10,
        "day": 17
      },
      "time": {
        "hour": 10,
        "minute": 1,
        "second": 19,
        "nano": 0
      }
    },
    "citySender": "Верховина",
    "cityRecipient": "Гірник"
  },
  {
    "number": 59000455538318,
    "dateTime": {
      "date": {
        "year": 2019,
        "month": 10,
        "day": 17
      },
      "time": {
        "hour": 10,
        "minute": 1,
        "second": 21,
        "nano": 0
      }
    },
    "citySender": "Вишневе",
    "cityRecipient": "Київ"
  },
  {
    "number": 59000455538319,
    "dateTime": {
      "date": {
        "year": 2019,
        "month": 10,
        "day": 17
      },
      "time": {
        "hour": 10,
        "minute": 0,
        "second": 42,
        "nano": 0
      }
    },
    "citySender": "Подільськ",
    "cityRecipient": "Одеса"
  },
  {
    "number": 59000455538320,
    "dateTime": {
      "date": {
        "year": 2019,
        "month": 10,
        "day": 17
      },
      "time": {
        "hour": 10,
        "minute": 0,
        "second": 44,
        "nano": 0
      }
    },
    "citySender": "Одеса",
    "cityRecipient": "Дніпро"
  },
  {
    "number": 59000455538321,
    "dateTime": {
      "date": {
        "year": 2019,
        "month": 10,
        "day": 17
      },
      "time": {
        "hour": 10,
        "minute": 1,
        "second": 20,
        "nano": 0
      }
    },
    "citySender": "Одеса",
    "cityRecipient": "Київ"
  },
  {
    "number": 59000455538322,
    "dateTime": {
      "date": {
        "year": 2019,
        "month": 10,
        "day": 17
      },
      "time": {
        "hour": 10,
        "minute": 1,
        "second": 28,
        "nano": 0
      }
    },
    "citySender": "Великодолинське",
    "cityRecipient": "Хорошів"
  },
  {
    "number": 59000455538323,
    "dateTime": {
      "date": {
        "year": 2019,
        "month": 10,
        "day": 17
      },
      "time": {
        "hour": 9,
        "minute": 59,
        "second": 53,
        "nano": 0
      }
    },
    "citySender": "Виноградів",
    "cityRecipient": "Тернівка"
  },
  {
    "number": 59000455538324,
    "dateTime": {
      "date": {
        "year": 2019,
        "month": 10,
        "day": 17
      },
      "time": {
        "hour": 10,
        "minute": 0,
        "second": 44,
        "nano": 0
      }
    },
    "citySender": "Київ",
    "cityRecipient": "Дніпро"
  },
  {
    "number": 59000455538325,
    "dateTime": {
      "date": {
        "year": 2019,
        "month": 10,
        "day": 17
      },
      "time": {
        "hour": 10,
        "minute": 1,
        "second": 22,
        "nano": 0
      }
    },
    "citySender": "Луцьк",
    "cityRecipient": "Одеса"
  },
  {
    "number": 59000455538326,
    "dateTime": {
      "date": {
        "year": 2019,
        "month": 10,
        "day": 17
      },
      "time": {
        "hour": 10,
        "minute": 1,
        "second": 24,
        "nano": 0
      }
    },
    "citySender": "Камінь-Каширський",
    "cityRecipient": "Київ"
  },
  {
    "number": 59000455538327,
    "dateTime": {
      "date": {
        "year": 2019,
        "month": 10,
        "day": 17
      },
      "time": {
        "hour": 10,
        "minute": 1,
        "second": 17,
        "nano": 0
      }
    },
    "citySender": "Дніпро",
    "cityRecipient": "Олександрія (м.Кіровогр.обл.райц)"
  },
  {
    "number": 59000455538328,
    "dateTime": {
      "date": {
        "year": 2019,
        "month": 10,
        "day": 17
      },
      "time": {
        "hour": 10,
        "minute": 0,
        "second": 54,
        "nano": 0
      }
    },
    "citySender": "Львів",
    "cityRecipient": "Херсон"
  },
  {
    "number": 59000455538329,
    "dateTime": {
      "date": {
        "year": 2019,
        "month": 10,
        "day": 17
      },
      "time": {
        "hour": 10,
        "minute": 1,
        "second": 29,
        "nano": 0
      }
    },
    "citySender": "Стрий",
    "cityRecipient": "Львів"
  },
  {
    "number": 59000455538330,
    "dateTime": {
      "date": {
        "year": 2019,
        "month": 10,
        "day": 17
      },
      "time": {
        "hour": 10,
        "minute": 1,
        "second": 29,
        "nano": 0
      }
    },
    "citySender": "Яворів",
    "cityRecipient": "Одеса"
  },
  {
    "number": 59000455538331,
    "dateTime": {
      "date": {
        "year": 2019,
        "month": 10,
        "day": 17
      },
      "time": {
        "hour": 10,
        "minute": 0,
        "second": 56,
        "nano": 0
      }
    },
    "citySender": "Мельниця-Подільська (Тернопільська обл.)",
    "cityRecipient": "Одеса"
  },
  {
    "number": 59000455538332,
    "dateTime": {
      "date": {
        "year": 2019,
        "month": 10,
        "day": 17
      },
      "time": {
        "hour": 10,
        "minute": 1,
        "second": 22,
        "nano": 0
      }
    },
    "citySender": "Почаїв",
    "cityRecipient": "Київ"
  },
  {
    "number": 59000455538333,
    "dateTime": {
      "date": {
        "year": 2019,
        "month": 10,
        "day": 17
      },
      "time": {
        "hour": 10,
        "minute": 1,
        "second": 5,
        "nano": 0
      }
    },
    "citySender": "Одеса",
    "cityRecipient": "Полтава"
  },
  {
    "number": 59000455538334,
    "dateTime": {
      "date": {
        "year": 2019,
        "month": 10,
        "day": 17
      },
      "time": {
        "hour": 10,
        "minute": 1,
        "second": 29,
        "nano": 0
      }
    },
    "citySender": "Сміла",
    "cityRecipient": "Сміла"
  },
  {
    "number": 59000455538335,
    "dateTime": {
      "date": {
        "year": 2019,
        "month": 10,
        "day": 17
      },
      "time": {
        "hour": 10,
        "minute": 1,
        "second": 12,
        "nano": 0
      }
    },
    "citySender": "Київ",
    "cityRecipient": "Вишневе"
  },
  {
    "number": 59000455538336,
    "dateTime": {
      "date": {
        "year": 2019,
        "month": 10,
        "day": 17
      },
      "time": {
        "hour": 10,
        "minute": 1,
        "second": 1,
        "nano": 0
      }
    },
    "citySender": "Арциз",
    "cityRecipient": "Одеса"
  },
  {
    "number": 59000455538337,
    "dateTime": {
      "date": {
        "year": 2019,
        "month": 10,
        "day": 17
      },
      "time": {
        "hour": 10,
        "minute": 1,
        "second": 18,
        "nano": 0
      }
    },
    "citySender": "Коломия",
    "cityRecipient": "Харків"
  },
  {
    "number": 59000455538338,
    "dateTime": {
      "date": {
        "year": 2019,
        "month": 10,
        "day": 17
      },
      "time": {
        "hour": 10,
        "minute": 1,
        "second": 28,
        "nano": 0
      }
    },
    "citySender": "Одеса",
    "cityRecipient": "Кривий Ріг"
  },
  {
    "number": 59000455538339,
    "dateTime": {
      "date": {
        "year": 2019,
        "month": 10,
        "day": 17
      },
      "time": {
        "hour": 10,
        "minute": 1,
        "second": 27,
        "nano": 0
      }
    },
    "citySender": "Почаїв",
    "cityRecipient": "Пісочин"
  },
  {
    "number": 59000455538340,
    "dateTime": {
      "date": {
        "year": 2019,
        "month": 10,
        "day": 17
      },
      "time": {
        "hour": 10,
        "minute": 1,
        "second": 11,
        "nano": 0
      }
    },
    "citySender": "Львів",
    "cityRecipient": "Дніпро"
  },
  {
    "number": 59000455538341,
    "dateTime": {
      "date": {
        "year": 2019,
        "month": 10,
        "day": 17
      },
      "time": {
        "hour": 10,
        "minute": 1,
        "second": 20,
        "nano": 0
      }
    },
    "citySender": "Київ",
    "cityRecipient": "Дрогобич"
  },
  {
    "number": 59000455538342,
    "dateTime": {
      "date": {
        "year": 2019,
        "month": 10,
        "day": 17
      },
      "time": {
        "hour": 10,
        "minute": 0,
        "second": 55,
        "nano": 0
      }
    },
    "citySender": "Київ",
    "cityRecipient": "Княжичі (Броварський р-н)"
  },
  {
    "number": 59000455538343,
    "dateTime": {
      "date": {
        "year": 2019,
        "month": 10,
        "day": 17
      },
      "time": {
        "hour": 10,
        "minute": 1,
        "second": 17,
        "nano": 0
      }
    },
    "citySender": "Харків",
    "cityRecipient": "Новомиргород"
  },
  {
    "number": 59000455538344,
    "dateTime": {
      "date": {
        "year": 2019,
        "month": 10,
        "day": 17
      },
      "time": {
        "hour": 10,
        "minute": 1,
        "second": 27,
        "nano": 0
      }
    },
    "citySender": "Київ",
    "cityRecipient": "Святопетрівське (Києво-Свят.р-н)"
  },
  {
    "number": 59000455538345,
    "dateTime": {
      "date": {
        "year": 2019,
        "month": 10,
        "day": 17
      },
      "time": {
        "hour": 10,
        "minute": 0,
        "second": 40,
        "nano": 0
      }
    },
    "citySender": "Вараш",
    "cityRecipient": "Одеса"
  },
  {
    "number": 59000455538346,
    "dateTime": {
      "date": {
        "year": 2019,
        "month": 10,
        "day": 17
      },
      "time": {
        "hour": 10,
        "minute": 1,
        "second": 21,
        "nano": 0
      }
    },
    "citySender": "Казанка",
    "cityRecipient": "Миколаїв"
  },
  {
    "number": 59000455538347,
    "dateTime": {
      "date": {
        "year": 2019,
        "month": 10,
        "day": 17
      },
      "time": {
        "hour": 10,
        "minute": 0,
        "second": 55,
        "nano": 0
      }
    },
    "citySender": "Маріуполь",
    "cityRecipient": "Київ"
  },
  {
    "number": 59000455538348,
    "dateTime": {
      "date": {
        "year": 2019,
        "month": 10,
        "day": 17
      },
      "time": {
        "hour": 10,
        "minute": 1,
        "second": 11,
        "nano": 0
      }
    },
    "citySender": "Суми",
    "cityRecipient": "Семенівка(Чернігівська обл.)"
  },
  {
    "number": 59000455538349,
    "dateTime": {
      "date": {
        "year": 2019,
        "month": 10,
        "day": 17
      },
      "time": {
        "hour": 10,
        "minute": 0,
        "second": 56,
        "nano": 0
      }
    },
    "citySender": "Київ",
    "cityRecipient": "Івано-Франківськ"
  },
  {
    "number": 59000455538350,
    "dateTime": {
      "date": {
        "year": 2019,
        "month": 10,
        "day": 17
      },
      "time": {
        "hour": 10,
        "minute": 1,
        "second": 26,
        "nano": 0
      }
    },
    "citySender": "Рубіжне",
    "cityRecipient": "Бондарівка"
  },
  {
    "number": 59000455538351,
    "dateTime": {
      "date": {
        "year": 2019,
        "month": 10,
        "day": 17
      },
      "time": {
        "hour": 10,
        "minute": 1,
        "second": 29,
        "nano": 0
      }
    },
    "citySender": "Київ",
    "cityRecipient": "Київ"
  },
  {
    "number": 59000455538352,
    "dateTime": {
      "date": {
        "year": 2019,
        "month": 10,
        "day": 17
      },
      "time": {
        "hour": 10,
        "minute": 0,
        "second": 53,
        "nano": 0
      }
    },
    "citySender": "Київ",
    "cityRecipient": "Київ"
  },
  {
    "number": 59000455538353,
    "dateTime": {
      "date": {
        "year": 2019,
        "month": 10,
        "day": 17
      },
      "time": {
        "hour": 10,
        "minute": 0,
        "second": 39,
        "nano": 0
      }
    },
    "citySender": "Миколаїв",
    "cityRecipient": "Слов\u0027янськ"
  },
  {
    "number": 59000455538354,
    "dateTime": {
      "date": {
        "year": 2019,
        "month": 10,
        "day": 17
      },
      "time": {
        "hour": 10,
        "minute": 0,
        "second": 48,
        "nano": 0
      }
    },
    "citySender": "Тернопіль",
    "cityRecipient": "Київ"
  },
  {
    "number": 59000455538355,
    "dateTime": {
      "date": {
        "year": 2019,
        "month": 10,
        "day": 17
      },
      "time": {
        "hour": 10,
        "minute": 1,
        "second": 20,
        "nano": 0
      }
    },
    "citySender": "Яблунів",
    "cityRecipient": "Жовква"
  },
  {
    "number": 59000455538356,
    "dateTime": {
      "date": {
        "year": 2019,
        "month": 10,
        "day": 17
      },
      "time": {
        "hour": 10,
        "minute": 1,
        "second": 25,
        "nano": 0
      }
    },
    "citySender": "Запоріжжя",
    "cityRecipient": "Київ"
  },
  {
    "number": 59000455538357,
    "dateTime": {
      "date": {
        "year": 2019,
        "month": 10,
        "day": 17
      },
      "time": {
        "hour": 10,
        "minute": 0,
        "second": 46,
        "nano": 0
      }
    },
    "citySender": "Вінниця",
    "cityRecipient": "Львів"
  },
  {
    "number": 59000455538358,
    "dateTime": {
      "date": {
        "year": 2019,
        "month": 10,
        "day": 17
      },
      "time": {
        "hour": 10,
        "minute": 0,
        "second": 26,
        "nano": 0
      }
    },
    "citySender": "Ходорів",
    "cityRecipient": "Буськ"
  },
  {
    "number": 59000455538359,
    "dateTime": {
      "date": {
        "year": 2019,
        "month": 10,
        "day": 17
      },
      "time": {
        "hour": 10,
        "minute": 1,
        "second": 19,
        "nano": 0
      }
    },
    "citySender": "Городок (Хмельницька обл.)",
    "cityRecipient": "Київ"
  },
  {
    "number": 59000455538360,
    "dateTime": {
      "date": {
        "year": 2019,
        "month": 10,
        "day": 17
      },
      "time": {
        "hour": 10,
        "minute": 1,
        "second": 15,
        "nano": 0
      }
    },
    "citySender": "Ладижин",
    "cityRecipient": "Черкаси"
  },
  {
    "number": 59000455538361,
    "dateTime": {
      "date": {
        "year": 2019,
        "month": 10,
        "day": 17
      },
      "time": {
        "hour": 10,
        "minute": 1,
        "second": 6,
        "nano": 0
      }
    },
    "citySender": "Одеса",
    "cityRecipient": "Покровськ (Донецька обл.)"
  },
  {
    "number": 59000455538363,
    "dateTime": {
      "date": {
        "year": 2019,
        "month": 10,
        "day": 17
      },
      "time": {
        "hour": 10,
        "minute": 1,
        "second": 11,
        "nano": 0
      }
    },
    "citySender": "Бориспіль",
    "cityRecipient": "Кам\u0027янське(Дніпропетровська обл)"
  },
  {
    "number": 59000455538364,
    "dateTime": {
      "date": {
        "year": 2019,
        "month": 10,
        "day": 17
      },
      "time": {
        "hour": 10,
        "minute": 0,
        "second": 10,
        "nano": 0
      }
    },
    "citySender": "Дніпро",
    "cityRecipient": "Чайки"
  },
  {
    "number": 59000455538365,
    "dateTime": {
      "date": {
        "year": 2019,
        "month": 10,
        "day": 17
      },
      "time": {
        "hour": 9,
        "minute": 58,
        "second": 48,
        "nano": 0
      }
    },
    "citySender": "Благовіщенське(Кіровоградська обл.)",
    "cityRecipient": "Поляниця (Буковель)"
  },
  {
    "number": 59000455538366,
    "dateTime": {
      "date": {
        "year": 2019,
        "month": 10,
        "day": 17
      },
      "time": {
        "hour": 10,
        "minute": 1,
        "second": 33,
        "nano": 0
      }
    },
    "citySender": "Долина",
    "cityRecipient": "Хмельницький"
  },
  {
    "number": 59000455538367,
    "dateTime": {
      "date": {
        "year": 2019,
        "month": 10,
        "day": 17
      },
      "time": {
        "hour": 10,
        "minute": 1,
        "second": 12,
        "nano": 0
      }
    },
    "citySender": "Чуднів",
    "cityRecipient": "Львів"
  },
  {
    "number": 59000455538368,
    "dateTime": {
      "date": {
        "year": 2019,
        "month": 10,
        "day": 17
      },
      "time": {
        "hour": 10,
        "minute": 1,
        "second": 27,
        "nano": 0
      }
    },
    "citySender": "Київ",
    "cityRecipient": "Чабани"
  },
  {
    "number": 59000455538369,
    "dateTime": {
      "date": {
        "year": 2019,
        "month": 10,
        "day": 17
      },
      "time": {
        "hour": 10,
        "minute": 1,
        "second": 13,
        "nano": 0
      }
    },
    "citySender": "Дніпро",
    "cityRecipient": "Дніпро"
  },
  {
    "number": 59000455538370,
    "dateTime": {
      "date": {
        "year": 2019,
        "month": 10,
        "day": 17
      },
      "time": {
        "hour": 10,
        "minute": 1,
        "second": 12,
        "nano": 0
      }
    },
    "citySender": "Бобровиця",
    "cityRecipient": "Дніпро"
  },
  {
    "number": 59000455538371,
    "dateTime": {
      "date": {
        "year": 2019,
        "month": 10,
        "day": 17
      },
      "time": {
        "hour": 10,
        "minute": 1,
        "second": 1,
        "nano": 0
      }
    },
    "citySender": "Тернопіль",
    "cityRecipient": "Львів"
  },
  {
    "number": 59000455538372,
    "dateTime": {
      "date": {
        "year": 2019,
        "month": 10,
        "day": 17
      },
      "time": {
        "hour": 10,
        "minute": 1,
        "second": 22,
        "nano": 0
      }
    },
    "citySender": "Одеса",
    "cityRecipient": "Херсон"
  },
  {
    "number": 59000455538373,
    "dateTime": {
      "date": {
        "year": 2019,
        "month": 10,
        "day": 17
      },
      "time": {
        "hour": 10,
        "minute": 1,
        "second": 27,
        "nano": 0
      }
    },
    "citySender": "Шепетівка",
    "cityRecipient": "Рівне"
  },
  {
    "number": 59000455538374,
    "dateTime": {
      "date": {
        "year": 2019,
        "month": 10,
        "day": 17
      },
      "time": {
        "hour": 10,
        "minute": 0,
        "second": 57,
        "nano": 0
      }
    },
    "citySender": "Липова Долина",
    "cityRecipient": "Київ"
  },
  {
    "number": 59000455538375,
    "dateTime": {
      "date": {
        "year": 2019,
        "month": 10,
        "day": 17
      },
      "time": {
        "hour": 10,
        "minute": 1,
        "second": 18,
        "nano": 0
      }
    },
    "citySender": "Луцьк",
    "cityRecipient": "Горохів"
  },
  {
    "number": 59000455538376,
    "dateTime": {
      "date": {
        "year": 2019,
        "month": 10,
        "day": 17
      },
      "time": {
        "hour": 10,
        "minute": 0,
        "second": 53,
        "nano": 0
      }
    },
    "citySender": "Родинське",
    "cityRecipient": "Київ"
  },
  {
    "number": 59000455538377,
    "dateTime": {
      "date": {
        "year": 2019,
        "month": 10,
        "day": 17
      },
      "time": {
        "hour": 10,
        "minute": 1,
        "second": 34,
        "nano": 0
      }
    },
    "citySender": "Волочиськ",
    "cityRecipient": "Харків"
  },
  {
    "number": 59000455538378,
    "dateTime": {
      "date": {
        "year": 2019,
        "month": 10,
        "day": 17
      },
      "time": {
        "hour": 9,
        "minute": 59,
        "second": 38,
        "nano": 0
      }
    },
    "citySender": "Радивилів",
    "cityRecipient": "Ковель"
  },
  {
    "number": 59000455538379,
    "dateTime": {
      "date": {
        "year": 2019,
        "month": 10,
        "day": 17
      },
      "time": {
        "hour": 10,
        "minute": 0,
        "second": 28,
        "nano": 0
      }
    },
    "citySender": "Поляна (Закарпатська обл.)",
    "cityRecipient": "Канів"
  },
  {
    "number": 59000455538380,
    "dateTime": {
      "date": {
        "year": 2019,
        "month": 10,
        "day": 17
      },
      "time": {
        "hour": 10,
        "minute": 1,
        "second": 25,
        "nano": 0
      }
    },
    "citySender": "Липини",
    "cityRecipient": "Дубровиця (Рівненська обл.)"
  },
  {
    "number": 59000455538382,
    "dateTime": {
      "date": {
        "year": 2019,
        "month": 10,
        "day": 17
      },
      "time": {
        "hour": 10,
        "minute": 1,
        "second": 25,
        "nano": 0
      }
    },
    "citySender": "Заболотів (Снятинський р-н)",
    "cityRecipient": "Станиця Луганська"
  }
]