[
  {
    "number": 59000455539882,
    "dateTime": {
      "date": {
        "year": 2019,
        "month": 10,
        "day": 17
      },
      "time": {
        "hour": 10,
        "minute": 5,
        "second": 14,
        "nano": 0
      }
    },
    "citySender": "Дніпро",
    "cityRecipient": "Київ"
  },
  {
    "number": 59000455539883,
    "dateTime": {
      "date": {
        "year": 2019,
        "month": 10,
        "day": 17
      },
      "time": {
        "hour": 10,
        "minute": 6,
        "second": 19,
        "nano": 0
      }
    },
    "citySender": "Лохвиця",
    "cityRecipient": "Кропивницький"
  },
  {
    "number": 59000455539884,
    "dateTime": {
      "date": {
        "year": 2019,
        "month": 10,
        "day": 17
      },
      "time": {
        "hour": 10,
        "minute": 5,
        "second": 55,
        "nano": 0
      }
    },
    "citySender": "Жихор",
    "cityRecipient": "Запоріжжя"
  },
  {
    "number": 59000455539885,
    "dateTime": {
      "date": {
        "year": 2019,
        "month": 10,
        "day": 17
      },
      "time": {
        "hour": 10,
        "minute": 5,
        "second": 51,
        "nano": 0
      }
    },
    "citySender": "Мелітополь",
    "cityRecipient": "Первомайськ(Микол.обл.Первомайс.р-н)"
  },
  {
    "number": 59000455539886,
    "dateTime": {
      "date": {
        "year": 2019,
        "month": 10,
        "day": 17
      },
      "time": {
        "hour": 10,
        "minute": 5,
        "second": 22,
        "nano": 0
      }
    },
    "citySender": "Харків",
    "cityRecipient": "Кривий Ріг"
  },
  {
    "number": 59000455539887,
    "dateTime": {
      "date": {
        "year": 2019,
        "month": 10,
        "day": 17
      },
      "time": {
        "hour": 10,
        "minute": 5,
        "second": 53,
        "nano": 0
      }
    },
    "citySender": "Полтава",
    "cityRecipient": "Обухів"
  },
  {
    "number": 59000455539889,
    "dateTime": {
      "date": {
        "year": 2019,
        "month": 10,
        "day": 17
      },
      "time": {
        "hour": 10,
        "minute": 5,
        "second": 29,
        "nano": 0
      }
    },
    "citySender": "Суми",
    "cityRecipient": "Харків"
  },
  {
    "number": 59000455539890,
    "dateTime": {
      "date": {
        "year": 2019,
        "month": 10,
        "day": 17
      },
      "time": {
        "hour": 10,
        "minute": 6,
        "second": 14,
        "nano": 0
      }
    },
    "citySender": "Київ",
    "cityRecipient": "Миколаїв"
  },
  {
    "number": 59000455539891,
    "dateTime": {
      "date": {
        "year": 2019,
        "month": 10,
        "day": 17
      },
      "time": {
        "hour": 10,
        "minute": 6,
        "second": 2,
        "nano": 0
      }
    },
    "citySender": "Східниця",
    "cityRecipient": "Одеса"
  },
  {
    "number": 59000455539892,
    "dateTime": {
      "date": {
        "year": 2019,
        "month": 10,
        "day": 17
      },
      "time": {
        "hour": 10,
        "minute": 6,
        "second": 5,
        "nano": 0
      }
    },
    "citySender": "Світловодськ",
    "cityRecipient": "Вишневе"
  },
  {
    "number": 59000455539893,
    "dateTime": {
      "date": {
        "year": 2019,
        "month": 10,
        "day": 17
      },
      "time": {
        "hour": 10,
        "minute": 5,
        "second": 24,
        "nano": 0
      }
    },
    "citySender": "Чуднів",
    "cityRecipient": "Ніжин"
  },
  {
    "number": 59000455539894,
    "dateTime": {
      "date": {
        "year": 2019,
        "month": 10,
        "day": 17
      },
      "time": {
        "hour": 10,
        "minute": 6,
        "second": 5,
        "nano": 0
      }
    },
    "citySender": "Заставна",
    "cityRecipient": "Херсон"
  },
  {
    "number": 59000455539895,
    "dateTime": {
      "date": {
        "year": 2019,
        "month": 10,
        "day": 17
      },
      "time": {
        "hour": 10,
        "minute": 6,
        "second": 19,
        "nano": 0
      }
    },
    "citySender": "Київ",
    "cityRecipient": "Коцюбинське"
  },
  {
    "number": 59000455539896,
    "dateTime": {
      "date": {
        "year": 2019,
        "month": 10,
        "day": 17
      },
      "time": {
        "hour": 10,
        "minute": 6,
        "second": 23,
        "nano": 0
      }
    },
    "citySender": "Долинська",
    "cityRecipient": "Київ"
  },
  {
    "number": 59000455539897,
    "dateTime": {
      "date": {
        "year": 2019,
        "month": 10,
        "day": 17
      },
      "time": {
        "hour": 10,
        "minute": 5,
        "second": 50,
        "nano": 0
      }
    },
    "citySender": "Київ",
    "cityRecipient": "Забір\u0027я"
  },
  {
    "number": 59000455539898,
    "dateTime": {
      "date": {
        "year": 2019,
        "month": 10,
        "day": 17
      },
      "time": {
        "hour": 10,
        "minute": 6,
        "second": 28,
        "nano": 0
      }
    },
    "citySender": "Харків",
    "cityRecipient": "Київ"
  },
  {
    "number": 59000455539899,
    "dateTime": {
      "date": {
        "year": 2019,
        "month": 10,
        "day": 17
      },
      "time": {
        "hour": 10,
        "minute": 5,
        "second": 59,
        "nano": 0
      }
    },
    "citySender": "Суми",
    "cityRecipient": "Одеса"
  },
  {
    "number": 59000455539900,
    "dateTime": {
      "date": {
        "year": 2019,
        "month": 10,
        "day": 17
      },
      "time": {
        "hour": 10,
        "minute": 6,
        "second": 4,
        "nano": 0
      }
    },
    "citySender": "Сторожинець",
    "cityRecipient": "Володимирець"
  },
  {
    "number": 59000455539901,
    "dateTime": {
      "date": {
        "year": 2019,
        "month": 10,
        "day": 17
      },
      "time": {
        "hour": 10,
        "minute": 5,
        "second": 59,
        "nano": 0
      }
    },
    "citySender": "Краматорськ",
    "cityRecipient": "Полтава"
  },
  {
    "number": 59000455539902,
    "dateTime": {
      "date": {
        "year": 2019,
        "month": 10,
        "day": 17
      },
      "time": {
        "hour": 10,
        "minute": 5,
        "second": 52,
        "nano": 0
      }
    },
    "citySender": "Полтава",
    "cityRecipient": "Дніпро"
  },
  {
    "number": 59000455539903,
    "dateTime": {
      "date": {
        "year": 2019,
        "month": 10,
        "day": 17
      },
      "time": {
        "hour": 10,
        "minute": 6,
        "second": 13,
        "nano": 0
      }
    },
    "citySender": "Дніпро",
    "cityRecipient": "Запоріжжя"
  },
  {
    "number": 59000455539904,
    "dateTime": {
      "date": {
        "year": 2019,
        "month": 10,
        "day": 17
      },
      "time": {
        "hour": 10,
        "minute": 6,
        "second": 11,
        "nano": 0
      }
    },
    "citySender": "Київ",
    "cityRecipient": "Миколаївка (Слов’янська міська рада)"
  },
  {
    "number": 59000455539905,
    "dateTime": {
      "date": {
        "year": 2019,
        "month": 10,
        "day": 17
      },
      "time": {
        "hour": 10,
        "minute": 6,
        "second": 20,
        "nano": 0
      }
    },
    "citySender": "Одеса",
    "cityRecipient": "Бровари"
  },
  {
    "number": 59000455539906,
    "dateTime": {
      "date": {
        "year": 2019,
        "month": 10,
        "day": 17
      },
      "time": {
        "hour": 10,
        "minute": 6,
        "second": 29,
        "nano": 0
      }
    },
    "citySender": "Солоницівка",
    "cityRecipient": "Хмельницький"
  },
  {
    "number": 59000455539907,
    "dateTime": {
      "date": {
        "year": 2019,
        "month": 10,
        "day": 17
      },
      "time": {
        "hour": 10,
        "minute": 5,
        "second": 16,
        "nano": 0
      }
    },
    "citySender": "Кропивницький",
    "cityRecipient": "Одеса"
  },
  {
    "number": 59000455539908,
    "dateTime": {
      "date": {
        "year": 2019,
        "month": 10,
        "day": 17
      },
      "time": {
        "hour": 10,
        "minute": 5,
        "second": 55,
        "nano": 0
      }
    },
    "citySender": "Харків",
    "cityRecipient": "Кривий Ріг"
  },
  {
    "number": 59000455539909,
    "dateTime": {
      "date": {
        "year": 2019,
        "month": 10,
        "day": 17
      },
      "time": {
        "hour": 10,
        "minute": 6,
        "second": 8,
        "nano": 0
      }
    },
    "citySender": "Олевськ",
    "cityRecipient": "Машівка"
  },
  {
    "number": 59000455539910,
    "dateTime": {
      "date": {
        "year": 2019,
        "month": 10,
        "day": 17
      },
      "time": {
        "hour": 10,
        "minute": 6,
        "second": 30,
        "nano": 0
      }
    },
    "citySender": "Білгород-Дністровський",
    "cityRecipient": "Вишневе"
  },
  {
    "number": 59000455539911,
    "dateTime": {
      "date": {
        "year": 2019,
        "month": 10,
        "day": 17
      },
      "time": {
        "hour": 10,
        "minute": 6,
        "second": 30,
        "nano": 0
      }
    },
    "citySender": "Тарутине",
    "cityRecipient": "Львів"
  },
  {
    "number": 59000455539912,
    "dateTime": {
      "date": {
        "year": 2019,
        "month": 10,
        "day": 17
      },
      "time": {
        "hour": 10,
        "minute": 6,
        "second": 21,
        "nano": 0
      }
    },
    "citySender": "Київ",
    "cityRecipient": "Обухів"
  },
  {
    "number": 59000455539913,
    "dateTime": {
      "date": {
        "year": 2019,
        "month": 10,
        "day": 17
      },
      "time": {
        "hour": 10,
        "minute": 5,
        "second": 42,
        "nano": 0
      }
    },
    "citySender": "Суми",
    "cityRecipient": "Чаплинка (Херсонська обл.)"
  },
  {
    "number": 59000455539914,
    "dateTime": {
      "date": {
        "year": 2019,
        "month": 10,
        "day": 17
      },
      "time": {
        "hour": 10,
        "minute": 4,
        "second": 55,
        "nano": 0
      }
    },
    "citySender": "Полтава",
    "cityRecipient": "Чернігів"
  },
  {
    "number": 59000455539915,
    "dateTime": {
      "date": {
        "year": 2019,
        "month": 10,
        "day": 17
      },
      "time": {
        "hour": 10,
        "minute": 6,
        "second": 7,
        "nano": 0
      }
    },
    "citySender": "Київ",
    "cityRecipient": "Київ"
  },
  {
    "number": 59000455539916,
    "dateTime": {
      "date": {
        "year": 2019,
        "month": 10,
        "day": 17
      },
      "time": {
        "hour": 10,
        "minute": 6,
        "second": 17,
        "nano": 0
      }
    },
    "citySender": "Миколаїв",
    "cityRecipient": "Київ"
  },
  {
    "number": 59000455539917,
    "dateTime": {
      "date": {
        "year": 2019,
        "month": 10,
        "day": 17
      },
      "time": {
        "hour": 10,
        "minute": 6,
        "second": 30,
        "nano": 0
      }
    },
    "citySender": "Мирноград",
    "cityRecipient": "Харків"
  },
  {
    "number": 59000455539918,
    "dateTime": {
      "date": {
        "year": 2019,
        "month": 10,
        "day": 17
      },
      "time": {
        "hour": 10,
        "minute": 4,
        "second": 52,
        "nano": 0
      }
    },
    "citySender": "Яготин",
    "cityRecipient": "Житомир"
  },
  {
    "number": 59000455539919,
    "dateTime": {
      "date": {
        "year": 2019,
        "month": 10,
        "day": 17
      },
      "time": {
        "hour": 10,
        "minute": 6,
        "second": 30,
        "nano": 0
      }
    },
    "citySender": "Лисичанськ",
    "cityRecipient": "Дніпро"
  },
  {
    "number": 59000455539920,
    "dateTime": {
      "date": {
        "year": 2019,
        "month": 10,
        "day": 17
      },
      "time": {
        "hour": 10,
        "minute": 5,
        "second": 53,
        "nano": 0
      }
    },
    "citySender": "Ужгород",
    "cityRecipient": "Авангард"
  },
  {
    "number": 59000455539921,
    "dateTime": {
      "date": {
        "year": 2019,
        "month": 10,
        "day": 17
      },
      "time": {
        "hour": 10,
        "minute": 5,
        "second": 49,
        "nano": 0
      }
    },
    "citySender": "Гуляйполе",
    "cityRecipient": "Київ"
  },
  {
    "number": 59000455539922,
    "dateTime": {
      "date": {
        "year": 2019,
        "month": 10,
        "day": 17
      },
      "time": {
        "hour": 10,
        "minute": 6,
        "second": 24,
        "nano": 0
      }
    },
    "citySender": "Гребінка (Полтавська обл.)",
    "cityRecipient": "Бровари"
  },
  {
    "number": 59000455539923,
    "dateTime": {
      "date": {
        "year": 2019,
        "month": 10,
        "day": 17
      },
      "time": {
        "hour": 10,
        "minute": 6,
        "second": 32,
        "nano": 0
      }
    },
    "citySender": "Дніпро",
    "cityRecipient": "Тернопіль"
  },
  {
    "number": 59000455539924,
    "dateTime": {
      "date": {
        "year": 2019,
        "month": 10,
        "day": 17
      },
      "time": {
        "hour": 10,
        "minute": 6,
        "second": 5,
        "nano": 0
      }
    },
    "citySender": "Хуст",
    "cityRecipient": "Львів"
  },
  {
    "number": 59000455539925,
    "dateTime": {
      "date": {
        "year": 2019,
        "month": 10,
        "day": 17
      },
      "time": {
        "hour": 10,
        "minute": 6,
        "second": 21,
        "nano": 0
      }
    },
    "citySender": "Божедарівка(Криничанський р-н)",
    "cityRecipient": "Кустолово-Суходілка"
  },
  {
    "number": 59000455539926,
    "dateTime": {
      "date": {
        "year": 2019,
        "month": 10,
        "day": 17
      },
      "time": {
        "hour": 10,
        "minute": 6,
        "second": 32,
        "nano": 0
      }
    },
    "citySender": "Покров (Дніпропетровська обл.)",
    "cityRecipient": "Лубни"
  },
  {
    "number": 59000455539927,
    "dateTime": {
      "date": {
        "year": 2019,
        "month": 10,
        "day": 17
      },
      "time": {
        "hour": 10,
        "minute": 5,
        "second": 33,
        "nano": 0
      }
    },
    "citySender": "Київ",
    "cityRecipient": "Славута"
  },
  {
    "number": 59000455539928,
    "dateTime": {
      "date": {
        "year": 2019,
        "month": 10,
        "day": 17
      },
      "time": {
        "hour": 10,
        "minute": 6,
        "second": 33,
        "nano": 0
      }
    },
    "citySender": "Бориспіль",
    "cityRecipient": "Рівне"
  },
  {
    "number": 59000455539929,
    "dateTime": {
      "date": {
        "year": 2019,
        "month": 10,
        "day": 17
      },
      "time": {
        "hour": 10,
        "minute": 6,
        "second": 33,
        "nano": 0
      }
    },
    "citySender": "Київ",
    "cityRecipient": "Дніпро"
  },
  {
    "number": 59000455539930,
    "dateTime": {
      "date": {
        "year": 2019,
        "month": 10,
        "day": 17
      },
      "time": {
        "hour": 10,
        "minute": 6,
        "second": 16,
        "nano": 0
      }
    },
    "citySender": "Харків",
    "cityRecipient": "Сміла"
  },
  {
    "number": 59000455539931,
    "dateTime": {
      "date": {
        "year": 2019,
        "month": 10,
        "day": 17
      },
      "time": {
        "hour": 10,
        "minute": 6,
        "second": 22,
        "nano": 0
      }
    },
    "citySender": "Івано-Франківськ",
    "cityRecipient": "Львів"
  },
  {
    "number": 59000455539932,
    "dateTime": {
      "date": {
        "year": 2019,
        "month": 10,
        "day": 17
      },
      "time": {
        "hour": 10,
        "minute": 6,
        "second": 22,
        "nano": 0
      }
    },
    "citySender": "Українка",
    "cityRecipient": "Київ"
  },
  {
    "number": 59000455539934,
    "dateTime": {
      "date": {
        "year": 2019,
        "month": 10,
        "day": 17
      },
      "time": {
        "hour": 10,
        "minute": 6,
        "second": 34,
        "nano": 0
      }
    },
    "citySender": "Черкаси",
    "cityRecipient": "Бровари"
  },
  {
    "number": 59000455539935,
    "dateTime": {
      "date": {
        "year": 2019,
        "month": 10,
        "day": 17
      },
      "time": {
        "hour": 10,
        "minute": 6,
        "second": 11,
        "nano": 0
      }
    },
    "citySender": "Дніпро",
    "cityRecipient": "Київ"
  },
  {
    "number": 59000455539936,
    "dateTime": {
      "date": {
        "year": 2019,
        "month": 10,
        "day": 17
      },
      "time": {
        "hour": 10,
        "minute": 6,
        "second": 23,
        "nano": 0
      }
    },
    "citySender": "Ужгород",
    "cityRecipient": "Винники"
  },
  {
    "number": 59000455539937,
    "dateTime": {
      "date": {
        "year": 2019,
        "month": 10,
        "day": 17
      },
      "time": {
        "hour": 10,
        "minute": 5,
        "second": 8,
        "nano": 0
      }
    },
    "citySender": "Сєвєродонецьк",
    "cityRecipient": "Сторожинець"
  },
  {
    "number": 59000455539938,
    "dateTime": {
      "date": {
        "year": 2019,
        "month": 10,
        "day": 17
      },
      "time": {
        "hour": 10,
        "minute": 6,
        "second": 30,
        "nano": 0
      }
    },
    "citySender": "Доброслав",
    "cityRecipient": "Бердянськ"
  },
  {
    "number": 59000455539939,
    "dateTime": {
      "date": {
        "year": 2019,
        "month": 10,
        "day": 17
      },
      "time": {
        "hour": 10,
        "minute": 5,
        "second": 41,
        "nano": 0
      }
    },
    "citySender": "Нікополь (Дніпропетровська обл.)",
    "cityRecipient": "Кривий Ріг"
  },
  {
    "number": 59000455539940,
    "dateTime": {
      "date": {
        "year": 2019,
        "month": 10,
        "day": 17
      },
      "time": {
        "hour": 10,
        "minute": 6,
        "second": 32,
        "nano": 0
      }
    },
    "citySender": "Одеса",
    "cityRecipient": "Пулини"
  },
  {
    "number": 59000455539941,
    "dateTime": {
      "date": {
        "year": 2019,
        "month": 10,
        "day": 17
      },
      "time": {
        "hour": 10,
        "minute": 6,
        "second": 16,
        "nano": 0
      }
    },
    "citySender": "Харків",
    "cityRecipient": "Дніпро"
  },
  {
    "number": 59000455539942,
    "dateTime": {
      "date": {
        "year": 2019,
        "month": 10,
        "day": 17
      },
      "time": {
        "hour": 10,
        "minute": 6,
        "second": 22,
        "nano": 0
      }
    },
    "citySender": "Дніпро",
    "cityRecipient": "Київ"
  },
  {
    "number": 59000455539943,
    "dateTime": {
      "date": {
        "year": 2019,
        "month": 10,
        "day": 17
      },
      "time": {
        "hour": 10,
        "minute": 5,
        "second": 31,
        "nano": 0
      }
    },
    "citySender": "Калуш",
    "cityRecipient": "Київ"
  },
  {
    "number": 59000455539944,
    "dateTime": {
      "date": {
        "year": 2019,
        "month": 10,
        "day": 17
      },
      "time": {
        "hour": 10,
        "minute": 6,
        "second": 36,
        "nano": 0
      }
    },
    "citySender": "Добропілля",
    "cityRecipient": "Івано-Франківськ"
  },
  {
    "number": 59000455539945,
    "dateTime": {
      "date": {
        "year": 2019,
        "month": 10,
        "day": 17
      },
      "time": {
        "hour": 10,
        "minute": 6,
        "second": 5,
        "nano": 0
      }
    },
    "citySender": "Оратів",
    "cityRecipient": "Коломия"
  },
  {
    "number": 59000455539946,
    "dateTime": {
      "date": {
        "year": 2019,
        "month": 10,
        "day": 17
      },
      "time": {
        "hour": 10,
        "minute": 6,
        "second": 26,
        "nano": 0
      }
    },
    "citySender": "Дніпро",
    "cityRecipient": "Дніпро"
  },
  {
    "number": 59000455539947,
    "dateTime": {
      "date": {
        "year": 2019,
        "month": 10,
        "day": 17
      },
      "time": {
        "hour": 10,
        "minute": 6,
        "second": 10,
        "nano": 0
      }
    },
    "citySender": "Хмельницький",
    "cityRecipient": "Вінниця"
  },
  {
    "number": 59000455539948,
    "dateTime": {
      "date": {
        "year": 2019,
        "month": 10,
        "day": 17
      },
      "time": {
        "hour": 10,
        "minute": 6,
        "second": 36,
        "nano": 0
      }
    },
    "citySender": "Ківшовата",
    "cityRecipient": "Харків"
  },
  {
    "number": 59000455539949,
    "dateTime": {
      "date": {
        "year": 2019,
        "month": 10,
        "day": 17
      },
      "time": {
        "hour": 10,
        "minute": 5,
        "second": 14,
        "nano": 0
      }
    },
    "citySender": "Костянтинівка (Донецька обл.)",
    "cityRecipient": "Некрасове (Вінницький р-н)"
  },
  {
    "number": 59000455539950,
    "dateTime": {
      "date": {
        "year": 2019,
        "month": 10,
        "day": 17
      },
      "time": {
        "hour": 10,
        "minute": 5,
        "second": 32,
        "nano": 0
      }
    },
    "citySender": "Одеса",
    "cityRecipient": "Богданівка (Дніпропетровська обл.)"
  },
  {
    "number": 59000455539951,
    "dateTime": {
      "date": {
        "year": 2019,
        "month": 10,
        "day": 17
      },
      "time": {
        "hour": 10,
        "minute": 6,
        "second": 21,
        "nano": 0
      }
    },
    "citySender": "Одеса",
    "cityRecipient": "Одеса"
  },
  {
    "number": 59000455539952,
    "dateTime": {
      "date": {
        "year": 2019,
        "month": 10,
        "day": 17
      },
      "time": {
        "hour": 10,
        "minute": 5,
        "second": 51,
        "nano": 0
      }
    },
    "citySender": "Київ",
    "cityRecipient": "Миронівка"
  },
  {
    "number": 59000455539953,
    "dateTime": {
      "date": {
        "year": 2019,
        "month": 10,
        "day": 17
      },
      "time": {
        "hour": 10,
        "minute": 6,
        "second": 12,
        "nano": 0
      }
    },
    "citySender": "Вінниця",
    "cityRecipient": "Харків"
  },
  {
    "number": 59000455539954,
    "dateTime": {
      "date": {
        "year": 2019,
        "month": 10,
        "day": 17
      },
      "time": {
        "hour": 10,
        "minute": 5,
        "second": 42,
        "nano": 0
      }
    },
    "citySender": "Вінниця",
    "cityRecipient": "Київ"
  },
  {
    "number": 59000455539955,
    "dateTime": {
      "date": {
        "year": 2019,
        "month": 10,
        "day": 17
      },
      "time": {
        "hour": 10,
        "minute": 5,
        "second": 58,
        "nano": 0
      }
    },
    "citySender": "Миколаїв (Львівська обл., Миколаївський р-н)",
    "cityRecipient": "Львів"
  },
  {
    "number": 59000455539956,
    "dateTime": {
      "date": {
        "year": 2019,
        "month": 10,
        "day": 17
      },
      "time": {
        "hour": 10,
        "minute": 6,
        "second": 35,
        "nano": 0
      }
    },
    "citySender": "Славутич",
    "cityRecipient": "Харків"
  },
  {
    "number": 59000455539957,
    "dateTime": {
      "date": {
        "year": 2019,
        "month": 10,
        "day": 17
      },
      "time": {
        "hour": 10,
        "minute": 6,
        "second": 31,
        "nano": 0
      }
    },
    "citySender": "Великомихайлівка",
    "cityRecipient": "Краматорськ"
  },
  {
    "number": 59000455539958,
    "dateTime": {
      "date": {
        "year": 2019,
        "month": 10,
        "day": 17
      },
      "time": {
        "hour": 10,
        "minute": 5,
        "second": 31,
        "nano": 0
      }
    },
    "citySender": "Ямпіль (Вінницька обл.)",
    "cityRecipient": "Рівне"
  },
  {
    "number": 59000455539959,
    "dateTime": {
      "date": {
        "year": 2019,
        "month": 10,
        "day": 17
      },
      "time": {
        "hour": 10,
        "minute": 6,
        "second": 21,
        "nano": 0
      }
    },
    "citySender": "Почаїв",
    "cityRecipient": "Київ"
  },
  {
    "number": 59000455539960,
    "dateTime": {
      "date": {
        "year": 2019,
        "month": 10,
        "day": 17
      },
      "time": {
        "hour": 10,
        "minute": 6,
        "second": 36,
        "nano": 0
      }
    },
    "citySender": "Київ",
    "cityRecipient": "Київ"
  },
  {
    "number": 59000455539961,
    "dateTime": {
      "date": {
        "year": 2019,
        "month": 10,
        "day": 17
      },
      "time": {
        "hour": 10,
        "minute": 6,
        "second": 40,
        "nano": 0
      }
    },
    "citySender": "Бориспіль",
    "cityRecipient": "Рівне"
  },
  {
    "number": 59000455539962,
    "dateTime": {
      "date": {
        "year": 2019,
        "month": 10,
        "day": 17
      },
      "time": {
        "hour": 10,
        "minute": 5,
        "second": 57,
        "nano": 0
      }
    },
    "citySender": "Одеса",
    "cityRecipient": "Київ"
  },
  {
    "number": 59000455539963,
    "dateTime": {
      "date": {
        "year": 2019,
        "month": 10,
        "day": 17
      },
      "time": {
        "hour": 10,
        "minute": 6,
        "second": 13,
        "nano": 0
      }
    },
    "citySender": "Могилів-Подільський",
    "cityRecipient": "Київ"
  },
  {
    "number": 59000455539964,
    "dateTime": {
      "date": {
        "year": 2019,
        "month": 10,
        "day": 17
      },
      "time": {
        "hour": 10,
        "minute": 5,
        "second": 26,
        "nano": 0
      }
    },
    "citySender": "Чернігів",
    "cityRecipient": "Київ"
  },
  {
    "number": 59000455539965,
    "dateTime": {
      "date": {
        "year": 2019,
        "month": 10,
        "day": 17
      },
      "time": {
        "hour": 10,
        "minute": 6,
        "second": 21,
        "nano": 0
      }
    },
    "citySender": "Одеса",
    "cityRecipient": "Київ"
  },
  {
    "number": 59000455539966,
    "dateTime": {
      "date": {
        "year": 2019,
        "month": 10,
        "day": 17
      },
      "time": {
        "hour": 10,
        "minute": 6,
        "second": 26,
        "nano": 0
      }
    },
    "citySender": "Кривий Ріг",
    "cityRecipient": "Запоріжжя"
  },
  {
    "number": 59000455539967,
    "dateTime": {
      "date": {
        "year": 2019,
        "month": 10,
        "day": 17
      },
      "time": {
        "hour": 10,
        "minute": 6,
        "second": 41,
        "nano": 0
      }
    },
    "citySender": "Часів Яр",
    "cityRecipient": "Одеса"
  },
  {
    "number": 59000455539968,
    "dateTime": {
      "date": {
        "year": 2019,
        "month": 10,
        "day": 17
      },
      "time": {
        "hour": 10,
        "minute": 1,
        "second": 14,
        "nano": 0
      }
    },
    "citySender": "Ширяєве",
    "cityRecipient": "Одеса"
  },
  {
    "number": 59000455539969,
    "dateTime": {
      "date": {
        "year": 2019,
        "month": 10,
        "day": 17
      },
      "time": {
        "hour": 10,
        "minute": 5,
        "second": 43,
        "nano": 0
      }
    },
    "citySender": "Сколе",
    "cityRecipient": "Дубов\u0027язівка"
  },
  {
    "number": 59000455539970,
    "dateTime": {
      "date": {
        "year": 2019,
        "month": 10,
        "day": 17
      },
      "time": {
        "hour": 10,
        "minute": 6,
        "second": 23,
        "nano": 0
      }
    },
    "citySender": "Луцьк",
    "cityRecipient": "Княжичі (Броварський р-н)"
  },
  {
    "number": 59000455539971,
    "dateTime": {
      "date": {
        "year": 2019,
        "month": 10,
        "day": 17
      },
      "time": {
        "hour": 10,
        "minute": 6,
        "second": 28,
        "nano": 0
      }
    },
    "citySender": "Умань",
    "cityRecipient": "Харків"
  },
  {
    "number": 59000455539972,
    "dateTime": {
      "date": {
        "year": 2019,
        "month": 10,
        "day": 17
      },
      "time": {
        "hour": 10,
        "minute": 4,
        "second": 38,
        "nano": 0
      }
    },
    "citySender": "Велика Багачка",
    "cityRecipient": "Кагарлик"
  },
  {
    "number": 59000455539973,
    "dateTime": {
      "date": {
        "year": 2019,
        "month": 10,
        "day": 17
      },
      "time": {
        "hour": 10,
        "minute": 6,
        "second": 41,
        "nano": 0
      }
    },
    "citySender": "Кам\u0027янське(Дніпропетровська обл)",
    "cityRecipient": "Кременчук"
  },
  {
    "number": 59000455539974,
    "dateTime": {
      "date": {
        "year": 2019,
        "month": 10,
        "day": 17
      },
      "time": {
        "hour": 10,
        "minute": 5,
        "second": 59,
        "nano": 0
      }
    },
    "citySender": "Маріуполь",
    "cityRecipient": "Харків"
  },
  {
    "number": 59000455539975,
    "dateTime": {
      "date": {
        "year": 2019,
        "month": 10,
        "day": 17
      },
      "time": {
        "hour": 10,
        "minute": 6,
        "second": 30,
        "nano": 0
      }
    },
    "citySender": "Київ",
    "cityRecipient": "Київ"
  },
  {
    "number": 59000455539977,
    "dateTime": {
      "date": {
        "year": 2019,
        "month": 10,
        "day": 17
      },
      "time": {
        "hour": 10,
        "minute": 5,
        "second": 42,
        "nano": 0
      }
    },
    "citySender": "Межова",
    "cityRecipient": "Полтава"
  },
  {
    "number": 59000455539978,
    "dateTime": {
      "date": {
        "year": 2019,
        "month": 10,
        "day": 17
      },
      "time": {
        "hour": 10,
        "minute": 6,
        "second": 19,
        "nano": 0
      }
    },
    "citySender": "Водяне (Кам\u0027янсько-Дніпровський р-н)",
    "cityRecipient": "Київ"
  },
  {
    "number": 59000455539979,
    "dateTime": {
      "date": {
        "year": 2019,
        "month": 10,
        "day": 17
      },
      "time": {
        "hour": 10,
        "minute": 6,
        "second": 41,
        "nano": 0
      }
    },
    "citySender": "Бар",
    "cityRecipient": "Городок (Хмельницька обл.)"
  },
  {
    "number": 59000455539980,
    "dateTime": {
      "date": {
        "year": 2019,
        "month": 10,
        "day": 17
      },
      "time": {
        "hour": 10,
        "minute": 6,
        "second": 21,
        "nano": 0
      }
    },
    "citySender": "Конотоп",
    "cityRecipient": "Київ"
  },
  {
    "number": 59000455539981,
    "dateTime": {
      "date": {
        "year": 2019,
        "month": 10,
        "day": 17
      },
      "time": {
        "hour": 10,
        "minute": 6,
        "second": 43,
        "nano": 0
      }
    },
    "citySender": "Київ",
    "cityRecipient": "Львів"
  }
]