[
  {
    "number": 59000455534685,
    "dateTime": {
      "date": {
        "year": 2019,
        "month": 10,
        "day": 17
      },
      "time": {
        "hour": 9,
        "minute": 49,
        "second": 36,
        "nano": 0
      }
    },
    "citySender": "Краматорськ",
    "cityRecipient": "Одеса"
  },
  {
    "number": 59000455534686,
    "dateTime": {
      "date": {
        "year": 2019,
        "month": 10,
        "day": 17
      },
      "time": {
        "hour": 9,
        "minute": 49,
        "second": 36,
        "nano": 0
      }
    },
    "citySender": "Бершадь",
    "cityRecipient": "Вінниця"
  },
  {
    "number": 59000455534687,
    "dateTime": {
      "date": {
        "year": 2019,
        "month": 10,
        "day": 17
      },
      "time": {
        "hour": 9,
        "minute": 49,
        "second": 38,
        "nano": 0
      }
    },
    "citySender": "Старобільськ",
    "cityRecipient": "Мілове"
  },
  {
    "number": 59000455534688,
    "dateTime": {
      "date": {
        "year": 2019,
        "month": 10,
        "day": 17
      },
      "time": {
        "hour": 9,
        "minute": 49,
        "second": 36,
        "nano": 0
      }
    },
    "citySender": "Івано-Франківськ",
    "cityRecipient": "Одеса"
  },
  {
    "number": 59000455534689,
    "dateTime": {
      "date": {
        "year": 2019,
        "month": 10,
        "day": 17
      },
      "time": {
        "hour": 9,
        "minute": 49,
        "second": 42,
        "nano": 0
      }
    },
    "citySender": "Турка",
    "cityRecipient": "Запоріжжя"
  },
  {
    "number": 59000455534690,
    "dateTime": {
      "date": {
        "year": 2019,
        "month": 10,
        "day": 17
      },
      "time": {
        "hour": 9,
        "minute": 49,
        "second": 45,
        "nano": 0
      }
    },
    "citySender": "Полтава",
    "cityRecipient": "Слов\u0027янськ"
  },
  {
    "number": 59000455534691,
    "dateTime": {
      "date": {
        "year": 2019,
        "month": 10,
        "day": 17
      },
      "time": {
        "hour": 9,
        "minute": 49,
        "second": 50,
        "nano": 0
      }
    },
    "citySender": "Харків",
    "cityRecipient": "Новомосковськ"
  },
  {
    "number": 59000455534692,
    "dateTime": {
      "date": {
        "year": 2019,
        "month": 10,
        "day": 17
      },
      "time": {
        "hour": 9,
        "minute": 49,
        "second": 23,
        "nano": 0
      }
    },
    "citySender": "Київ",
    "cityRecipient": "Бровари"
  },
  {
    "number": 59000455534693,
    "dateTime": {
      "date": {
        "year": 2019,
        "month": 10,
        "day": 17
      },
      "time": {
        "hour": 9,
        "minute": 49,
        "second": 53,
        "nano": 0
      }
    },
    "citySender": "Київ",
    "cityRecipient": "Київ"
  },
  {
    "number": 59000455534694,
    "dateTime": {
      "date": {
        "year": 2019,
        "month": 10,
        "day": 17
      },
      "time": {
        "hour": 9,
        "minute": 49,
        "second": 15,
        "nano": 0
      }
    },
    "citySender": "Дрогобич",
    "cityRecipient": "Обухів"
  },
  {
    "number": 59000455534695,
    "dateTime": {
      "date": {
        "year": 2019,
        "month": 10,
        "day": 17
      },
      "time": {
        "hour": 9,
        "minute": 49,
        "second": 29,
        "nano": 0
      }
    },
    "citySender": "Київ",
    "cityRecipient": "Світловодськ"
  },
  {
    "number": 59000455534696,
    "dateTime": {
      "date": {
        "year": 2019,
        "month": 10,
        "day": 17
      },
      "time": {
        "hour": 9,
        "minute": 49,
        "second": 36,
        "nano": 0
      }
    },
    "citySender": "Ратне",
    "cityRecipient": "Дніпро"
  },
  {
    "number": 59000455534697,
    "dateTime": {
      "date": {
        "year": 2019,
        "month": 10,
        "day": 17
      },
      "time": {
        "hour": 9,
        "minute": 49,
        "second": 40,
        "nano": 0
      }
    },
    "citySender": "Кропивницький",
    "cityRecipient": "Одеса"
  },
  {
    "number": 59000455534698,
    "dateTime": {
      "date": {
        "year": 2019,
        "month": 10,
        "day": 17
      },
      "time": {
        "hour": 9,
        "minute": 49,
        "second": 35,
        "nano": 0
      }
    },
    "citySender": "Київ",
    "cityRecipient": "Усатове"
  },
  {
    "number": 59000455534699,
    "dateTime": {
      "date": {
        "year": 2019,
        "month": 10,
        "day": 17
      },
      "time": {
        "hour": 9,
        "minute": 49,
        "second": 58,
        "nano": 0
      }
    },
    "citySender": "Одеса",
    "cityRecipient": "Авангард"
  },
  {
    "number": 59000455534700,
    "dateTime": {
      "date": {
        "year": 2019,
        "month": 10,
        "day": 17
      },
      "time": {
        "hour": 9,
        "minute": 49,
        "second": 27,
        "nano": 0
      }
    },
    "citySender": "Київ",
    "cityRecipient": "Київ"
  },
  {
    "number": 59000455534701,
    "dateTime": {
      "date": {
        "year": 2019,
        "month": 10,
        "day": 17
      },
      "time": {
        "hour": 9,
        "minute": 49,
        "second": 18,
        "nano": 0
      }
    },
    "citySender": "Сокиряни",
    "cityRecipient": "Білозерське (Донецька обл.)"
  },
  {
    "number": 59000455534702,
    "dateTime": {
      "date": {
        "year": 2019,
        "month": 10,
        "day": 17
      },
      "time": {
        "hour": 9,
        "minute": 49,
        "second": 32,
        "nano": 0
      }
    },
    "citySender": "Тернівка",
    "cityRecipient": "Суми"
  },
  {
    "number": 59000455534704,
    "dateTime": {
      "date": {
        "year": 2019,
        "month": 10,
        "day": 17
      },
      "time": {
        "hour": 9,
        "minute": 49,
        "second": 30,
        "nano": 0
      }
    },
    "citySender": "Почаїв",
    "cityRecipient": "Калинівка (Вінницька обл., Калинівський р-н)"
  },
  {
    "number": 59000455534705,
    "dateTime": {
      "date": {
        "year": 2019,
        "month": 10,
        "day": 17
      },
      "time": {
        "hour": 9,
        "minute": 48,
        "second": 51,
        "nano": 0
      }
    },
    "citySender": "Полтава",
    "cityRecipient": "Одеса"
  },
  {
    "number": 59000455534706,
    "dateTime": {
      "date": {
        "year": 2019,
        "month": 10,
        "day": 17
      },
      "time": {
        "hour": 9,
        "minute": 49,
        "second": 14,
        "nano": 0
      }
    },
    "citySender": "Ковель",
    "cityRecipient": "Дніпро"
  },
  {
    "number": 59000455534707,
    "dateTime": {
      "date": {
        "year": 2019,
        "month": 10,
        "day": 17
      },
      "time": {
        "hour": 9,
        "minute": 49,
        "second": 18,
        "nano": 0
      }
    },
    "citySender": "Пирятин",
    "cityRecipient": "Харків"
  },
  {
    "number": 59000455534708,
    "dateTime": {
      "date": {
        "year": 2019,
        "month": 10,
        "day": 17
      },
      "time": {
        "hour": 9,
        "minute": 49,
        "second": 59,
        "nano": 0
      }
    },
    "citySender": "Маріуполь",
    "cityRecipient": "Полтава"
  },
  {
    "number": 59000455534709,
    "dateTime": {
      "date": {
        "year": 2019,
        "month": 10,
        "day": 17
      },
      "time": {
        "hour": 9,
        "minute": 49,
        "second": 40,
        "nano": 0
      }
    },
    "citySender": "Дніпро",
    "cityRecipient": "Львів"
  },
  {
    "number": 59000455534710,
    "dateTime": {
      "date": {
        "year": 2019,
        "month": 10,
        "day": 17
      },
      "time": {
        "hour": 9,
        "minute": 49,
        "second": 51,
        "nano": 0
      }
    },
    "citySender": "Київ",
    "cityRecipient": "Заставна"
  },
  {
    "number": 59000455534711,
    "dateTime": {
      "date": {
        "year": 2019,
        "month": 10,
        "day": 17
      },
      "time": {
        "hour": 9,
        "minute": 49,
        "second": 19,
        "nano": 0
      }
    },
    "citySender": "Київ",
    "cityRecipient": "Харків"
  },
  {
    "number": 59000455534712,
    "dateTime": {
      "date": {
        "year": 2019,
        "month": 10,
        "day": 17
      },
      "time": {
        "hour": 9,
        "minute": 49,
        "second": 44,
        "nano": 0
      }
    },
    "citySender": "Полтава",
    "cityRecipient": "Київ"
  },
  {
    "number": 59000455534713,
    "dateTime": {
      "date": {
        "year": 2019,
        "month": 10,
        "day": 17
      },
      "time": {
        "hour": 9,
        "minute": 49,
        "second": 34,
        "nano": 0
      }
    },
    "citySender": "Харків",
    "cityRecipient": "Солоницівка"
  },
  {
    "number": 59000455534714,
    "dateTime": {
      "date": {
        "year": 2019,
        "month": 10,
        "day": 17
      },
      "time": {
        "hour": 9,
        "minute": 49,
        "second": 16,
        "nano": 0
      }
    },
    "citySender": "Київ",
    "cityRecipient": "Чернігів"
  },
  {
    "number": 59000455534715,
    "dateTime": {
      "date": {
        "year": 2019,
        "month": 10,
        "day": 17
      },
      "time": {
        "hour": 9,
        "minute": 49,
        "second": 15,
        "nano": 0
      }
    },
    "citySender": "Золотоноша",
    "cityRecipient": "Вінниця"
  },
  {
    "number": 59000455534716,
    "dateTime": {
      "date": {
        "year": 2019,
        "month": 10,
        "day": 17
      },
      "time": {
        "hour": 9,
        "minute": 49,
        "second": 38,
        "nano": 0
      }
    },
    "citySender": "Харків",
    "cityRecipient": "Дніпро"
  },
  {
    "number": 59000455534718,
    "dateTime": {
      "date": {
        "year": 2019,
        "month": 10,
        "day": 17
      },
      "time": {
        "hour": 9,
        "minute": 49,
        "second": 49,
        "nano": 0
      }
    },
    "citySender": "Київ",
    "cityRecipient": "Запоріжжя"
  },
  {
    "number": 59000455534719,
    "dateTime": {
      "date": {
        "year": 2019,
        "month": 10,
        "day": 17
      },
      "time": {
        "hour": 9,
        "minute": 50,
        "second": 1,
        "nano": 0
      }
    },
    "citySender": "Черкаси",
    "cityRecipient": "Бровари"
  },
  {
    "number": 59000455534720,
    "dateTime": {
      "date": {
        "year": 2019,
        "month": 10,
        "day": 17
      },
      "time": {
        "hour": 9,
        "minute": 49,
        "second": 39,
        "nano": 0
      }
    },
    "citySender": "Погреби",
    "cityRecipient": "Умань"
  },
  {
    "number": 59000455534721,
    "dateTime": {
      "date": {
        "year": 2019,
        "month": 10,
        "day": 17
      },
      "time": {
        "hour": 9,
        "minute": 49,
        "second": 59,
        "nano": 0
      }
    },
    "citySender": "Коростишів",
    "cityRecipient": "Снятин"
  },
  {
    "number": 59000455534722,
    "dateTime": {
      "date": {
        "year": 2019,
        "month": 10,
        "day": 17
      },
      "time": {
        "hour": 9,
        "minute": 49,
        "second": 15,
        "nano": 0
      }
    },
    "citySender": "Вознесенськ",
    "cityRecipient": "Врадіївка"
  },
  {
    "number": 59000455534723,
    "dateTime": {
      "date": {
        "year": 2019,
        "month": 10,
        "day": 17
      },
      "time": {
        "hour": 9,
        "minute": 49,
        "second": 24,
        "nano": 0
      }
    },
    "citySender": "Київ",
    "cityRecipient": "Львів"
  },
  {
    "number": 59000455534724,
    "dateTime": {
      "date": {
        "year": 2019,
        "month": 10,
        "day": 17
      },
      "time": {
        "hour": 9,
        "minute": 49,
        "second": 22,
        "nano": 0
      }
    },
    "citySender": "Хмельницький",
    "cityRecipient": "Підволочиськ"
  },
  {
    "number": 59000455534726,
    "dateTime": {
      "date": {
        "year": 2019,
        "month": 10,
        "day": 17
      },
      "time": {
        "hour": 9,
        "minute": 49,
        "second": 54,
        "nano": 0
      }
    },
    "citySender": "Полтава",
    "cityRecipient": "Енергодар"
  },
  {
    "number": 59000455534727,
    "dateTime": {
      "date": {
        "year": 2019,
        "month": 10,
        "day": 17
      },
      "time": {
        "hour": 9,
        "minute": 49,
        "second": 40,
        "nano": 0
      }
    },
    "citySender": "Поляна (Закарпатська обл.)",
    "cityRecipient": "Ужгород"
  },
  {
    "number": 59000455534728,
    "dateTime": {
      "date": {
        "year": 2019,
        "month": 10,
        "day": 17
      },
      "time": {
        "hour": 9,
        "minute": 50,
        "second": 0,
        "nano": 0
      }
    },
    "citySender": "Львів",
    "cityRecipient": "Велика Багачка"
  },
  {
    "number": 59000455534729,
    "dateTime": {
      "date": {
        "year": 2019,
        "month": 10,
        "day": 17
      },
      "time": {
        "hour": 9,
        "minute": 49,
        "second": 39,
        "nano": 0
      }
    },
    "citySender": "Почаїв",
    "cityRecipient": "Сокаль"
  },
  {
    "number": 59000455534730,
    "dateTime": {
      "date": {
        "year": 2019,
        "month": 10,
        "day": 17
      },
      "time": {
        "hour": 9,
        "minute": 49,
        "second": 44,
        "nano": 0
      }
    },
    "citySender": "Маньківка",
    "cityRecipient": "Харків"
  },
  {
    "number": 59000455534731,
    "dateTime": {
      "date": {
        "year": 2019,
        "month": 10,
        "day": 17
      },
      "time": {
        "hour": 9,
        "minute": 50,
        "second": 0,
        "nano": 0
      }
    },
    "citySender": "Старобільськ",
    "cityRecipient": "Чернівці"
  },
  {
    "number": 59000455534732,
    "dateTime": {
      "date": {
        "year": 2019,
        "month": 10,
        "day": 17
      },
      "time": {
        "hour": 9,
        "minute": 49,
        "second": 31,
        "nano": 0
      }
    },
    "citySender": "Маріуполь",
    "cityRecipient": "Новомосковськ"
  },
  {
    "number": 59000455534733,
    "dateTime": {
      "date": {
        "year": 2019,
        "month": 10,
        "day": 17
      },
      "time": {
        "hour": 9,
        "minute": 49,
        "second": 49,
        "nano": 0
      }
    },
    "citySender": "Тернопіль",
    "cityRecipient": "Калуш"
  },
  {
    "number": 59000455534734,
    "dateTime": {
      "date": {
        "year": 2019,
        "month": 10,
        "day": 17
      },
      "time": {
        "hour": 9,
        "minute": 48,
        "second": 53,
        "nano": 0
      }
    },
    "citySender": "Парафіївка",
    "cityRecipient": "Харків"
  },
  {
    "number": 59000455534735,
    "dateTime": {
      "date": {
        "year": 2019,
        "month": 10,
        "day": 17
      },
      "time": {
        "hour": 9,
        "minute": 49,
        "second": 56,
        "nano": 0
      }
    },
    "citySender": "Львів",
    "cityRecipient": "Борислав (Львівська обл.)"
  },
  {
    "number": 59000455534736,
    "dateTime": {
      "date": {
        "year": 2019,
        "month": 10,
        "day": 17
      },
      "time": {
        "hour": 9,
        "minute": 49,
        "second": 56,
        "nano": 0
      }
    },
    "citySender": "Київ",
    "cityRecipient": "Харків"
  },
  {
    "number": 59000455534737,
    "dateTime": {
      "date": {
        "year": 2019,
        "month": 10,
        "day": 17
      },
      "time": {
        "hour": 9,
        "minute": 50,
        "second": 3,
        "nano": 0
      }
    },
    "citySender": "Камінь-Каширський",
    "cityRecipient": "Київ"
  },
  {
    "number": 59000455534738,
    "dateTime": {
      "date": {
        "year": 2019,
        "month": 10,
        "day": 17
      },
      "time": {
        "hour": 9,
        "minute": 50,
        "second": 6,
        "nano": 0
      }
    },
    "citySender": "Київ",
    "cityRecipient": "Київ"
  },
  {
    "number": 59000455534739,
    "dateTime": {
      "date": {
        "year": 2019,
        "month": 10,
        "day": 17
      },
      "time": {
        "hour": 9,
        "minute": 49,
        "second": 26,
        "nano": 0
      }
    },
    "citySender": "Кропивницький",
    "cityRecipient": "Олександрія (м.Кіровогр.обл.райц)"
  },
  {
    "number": 59000455534740,
    "dateTime": {
      "date": {
        "year": 2019,
        "month": 10,
        "day": 17
      },
      "time": {
        "hour": 9,
        "minute": 49,
        "second": 57,
        "nano": 0
      }
    },
    "citySender": "Дніпро",
    "cityRecipient": "Київ"
  },
  {
    "number": 59000455534741,
    "dateTime": {
      "date": {
        "year": 2019,
        "month": 10,
        "day": 17
      },
      "time": {
        "hour": 9,
        "minute": 49,
        "second": 56,
        "nano": 0
      }
    },
    "citySender": "Одеса",
    "cityRecipient": "Білгород-Дністровський"
  },
  {
    "number": 59000455534742,
    "dateTime": {
      "date": {
        "year": 2019,
        "month": 10,
        "day": 17
      },
      "time": {
        "hour": 9,
        "minute": 49,
        "second": 26,
        "nano": 0
      }
    },
    "citySender": "Кременчук",
    "cityRecipient": "Черкаси"
  },
  {
    "number": 59000455534743,
    "dateTime": {
      "date": {
        "year": 2019,
        "month": 10,
        "day": 17
      },
      "time": {
        "hour": 9,
        "minute": 49,
        "second": 48,
        "nano": 0
      }
    },
    "citySender": "Київ",
    "cityRecipient": "Дніпро"
  },
  {
    "number": 59000455534744,
    "dateTime": {
      "date": {
        "year": 2019,
        "month": 10,
        "day": 17
      },
      "time": {
        "hour": 9,
        "minute": 49,
        "second": 21,
        "nano": 0
      }
    },
    "citySender": "Ужгород",
    "cityRecipient": "Одеса"
  },
  {
    "number": 59000455534745,
    "dateTime": {
      "date": {
        "year": 2019,
        "month": 10,
        "day": 17
      },
      "time": {
        "hour": 9,
        "minute": 49,
        "second": 23,
        "nano": 0
      }
    },
    "citySender": "Рені",
    "cityRecipient": "Кропивницький"
  },
  {
    "number": 59000455534746,
    "dateTime": {
      "date": {
        "year": 2019,
        "month": 10,
        "day": 17
      },
      "time": {
        "hour": 9,
        "minute": 49,
        "second": 44,
        "nano": 0
      }
    },
    "citySender": "Харків",
    "cityRecipient": "Одеса"
  },
  {
    "number": 59000455534747,
    "dateTime": {
      "date": {
        "year": 2019,
        "month": 10,
        "day": 17
      },
      "time": {
        "hour": 9,
        "minute": 50,
        "second": 4,
        "nano": 0
      }
    },
    "citySender": "Гусятин",
    "cityRecipient": "Вознесенськ"
  },
  {
    "number": 59000455534749,
    "dateTime": {
      "date": {
        "year": 2019,
        "month": 10,
        "day": 17
      },
      "time": {
        "hour": 9,
        "minute": 49,
        "second": 25,
        "nano": 0
      }
    },
    "citySender": "Гнівань",
    "cityRecipient": "Стрижавка"
  },
  {
    "number": 59000455534750,
    "dateTime": {
      "date": {
        "year": 2019,
        "month": 10,
        "day": 17
      },
      "time": {
        "hour": 9,
        "minute": 49,
        "second": 25,
        "nano": 0
      }
    },
    "citySender": "Вугледар",
    "cityRecipient": "Львів"
  },
  {
    "number": 59000455534751,
    "dateTime": {
      "date": {
        "year": 2019,
        "month": 10,
        "day": 17
      },
      "time": {
        "hour": 9,
        "minute": 50,
        "second": 0,
        "nano": 0
      }
    },
    "citySender": "Хмільник (Вінницька обл.)",
    "cityRecipient": "Чугуїв"
  },
  {
    "number": 59000455534752,
    "dateTime": {
      "date": {
        "year": 2019,
        "month": 10,
        "day": 17
      },
      "time": {
        "hour": 9,
        "minute": 50,
        "second": 0,
        "nano": 0
      }
    },
    "citySender": "Старобільськ",
    "cityRecipient": "Кам\u0027янець-Подільський"
  },
  {
    "number": 59000455534753,
    "dateTime": {
      "date": {
        "year": 2019,
        "month": 10,
        "day": 17
      },
      "time": {
        "hour": 9,
        "minute": 48,
        "second": 56,
        "nano": 0
      }
    },
    "citySender": "Тульчин",
    "cityRecipient": "Стара Синява"
  },
  {
    "number": 59000455534754,
    "dateTime": {
      "date": {
        "year": 2019,
        "month": 10,
        "day": 17
      },
      "time": {
        "hour": 9,
        "minute": 49,
        "second": 30,
        "nano": 0
      }
    },
    "citySender": "Кам\u0027янське(Дніпропетровська обл)",
    "cityRecipient": "Бориспіль"
  },
  {
    "number": 59000455534755,
    "dateTime": {
      "date": {
        "year": 2019,
        "month": 10,
        "day": 17
      },
      "time": {
        "hour": 9,
        "minute": 49,
        "second": 59,
        "nano": 0
      }
    },
    "citySender": "Київ",
    "cityRecipient": "Муровані Курилівці"
  },
  {
    "number": 59000455534756,
    "dateTime": {
      "date": {
        "year": 2019,
        "month": 10,
        "day": 17
      },
      "time": {
        "hour": 9,
        "minute": 49,
        "second": 49,
        "nano": 0
      }
    },
    "citySender": "Хуст",
    "cityRecipient": "Херсон"
  },
  {
    "number": 59000455534757,
    "dateTime": {
      "date": {
        "year": 2019,
        "month": 10,
        "day": 17
      },
      "time": {
        "hour": 9,
        "minute": 50,
        "second": 4,
        "nano": 0
      }
    },
    "citySender": "Кремінна",
    "cityRecipient": "Київ"
  },
  {
    "number": 59000455534758,
    "dateTime": {
      "date": {
        "year": 2019,
        "month": 10,
        "day": 17
      },
      "time": {
        "hour": 9,
        "minute": 48,
        "second": 58,
        "nano": 0
      }
    },
    "citySender": "Одеса",
    "cityRecipient": "Подільськ"
  },
  {
    "number": 59000455534759,
    "dateTime": {
      "date": {
        "year": 2019,
        "month": 10,
        "day": 17
      },
      "time": {
        "hour": 9,
        "minute": 49,
        "second": 22,
        "nano": 0
      }
    },
    "citySender": "Конотоп",
    "cityRecipient": "Харків"
  },
  {
    "number": 59000455534760,
    "dateTime": {
      "date": {
        "year": 2019,
        "month": 10,
        "day": 17
      },
      "time": {
        "hour": 9,
        "minute": 49,
        "second": 19,
        "nano": 0
      }
    },
    "citySender": "Нікополь (Дніпропетровська обл.)",
    "cityRecipient": "Запоріжжя"
  },
  {
    "number": 59000455534761,
    "dateTime": {
      "date": {
        "year": 2019,
        "month": 10,
        "day": 17
      },
      "time": {
        "hour": 9,
        "minute": 50,
        "second": 2,
        "nano": 0
      }
    },
    "citySender": "Роздільна (Одеська обл.)",
    "cityRecipient": "Чернівці"
  },
  {
    "number": 59000455534762,
    "dateTime": {
      "date": {
        "year": 2019,
        "month": 10,
        "day": 17
      },
      "time": {
        "hour": 9,
        "minute": 47,
        "second": 39,
        "nano": 0
      }
    },
    "citySender": "Світловодськ",
    "cityRecipient": "Харків"
  },
  {
    "number": 59000455534763,
    "dateTime": {
      "date": {
        "year": 2019,
        "month": 10,
        "day": 17
      },
      "time": {
        "hour": 9,
        "minute": 49,
        "second": 24,
        "nano": 0
      }
    },
    "citySender": "Ратне",
    "cityRecipient": "Київ"
  },
  {
    "number": 59000455534764,
    "dateTime": {
      "date": {
        "year": 2019,
        "month": 10,
        "day": 17
      },
      "time": {
        "hour": 9,
        "minute": 49,
        "second": 38,
        "nano": 0
      }
    },
    "citySender": "Кривий Ріг",
    "cityRecipient": "Київ"
  },
  {
    "number": 59000455534765,
    "dateTime": {
      "date": {
        "year": 2019,
        "month": 10,
        "day": 17
      },
      "time": {
        "hour": 9,
        "minute": 49,
        "second": 53,
        "nano": 0
      }
    },
    "citySender": "Харків",
    "cityRecipient": "Київ"
  },
  {
    "number": 59000455534766,
    "dateTime": {
      "date": {
        "year": 2019,
        "month": 10,
        "day": 17
      },
      "time": {
        "hour": 9,
        "minute": 49,
        "second": 16,
        "nano": 0
      }
    },
    "citySender": "Межова",
    "cityRecipient": "Дніпро"
  },
  {
    "number": 59000455534767,
    "dateTime": {
      "date": {
        "year": 2019,
        "month": 10,
        "day": 17
      },
      "time": {
        "hour": 9,
        "minute": 49,
        "second": 9,
        "nano": 0
      }
    },
    "citySender": "Усатове",
    "cityRecipient": "Ковель"
  },
  {
    "number": 59000455534768,
    "dateTime": {
      "date": {
        "year": 2019,
        "month": 10,
        "day": 17
      },
      "time": {
        "hour": 9,
        "minute": 49,
        "second": 52,
        "nano": 0
      }
    },
    "citySender": "Харків",
    "cityRecipient": "Черкаси"
  },
  {
    "number": 59000455534769,
    "dateTime": {
      "date": {
        "year": 2019,
        "month": 10,
        "day": 17
      },
      "time": {
        "hour": 9,
        "minute": 50,
        "second": 13,
        "nano": 0
      }
    },
    "citySender": "Товсте",
    "cityRecipient": "Львів"
  },
  {
    "number": 59000455534770,
    "dateTime": {
      "date": {
        "year": 2019,
        "month": 10,
        "day": 17
      },
      "time": {
        "hour": 9,
        "minute": 49,
        "second": 7,
        "nano": 0
      }
    },
    "citySender": "Київ",
    "cityRecipient": "Бобринець"
  },
  {
    "number": 59000455534771,
    "dateTime": {
      "date": {
        "year": 2019,
        "month": 10,
        "day": 17
      },
      "time": {
        "hour": 9,
        "minute": 50,
        "second": 13,
        "nano": 0
      }
    },
    "citySender": "Суми",
    "cityRecipient": "Київ"
  },
  {
    "number": 59000455534772,
    "dateTime": {
      "date": {
        "year": 2019,
        "month": 10,
        "day": 17
      },
      "time": {
        "hour": 9,
        "minute": 49,
        "second": 45,
        "nano": 0
      }
    },
    "citySender": "Ватутіне",
    "cityRecipient": "Дніпро"
  },
  {
    "number": 59000455534773,
    "dateTime": {
      "date": {
        "year": 2019,
        "month": 10,
        "day": 17
      },
      "time": {
        "hour": 9,
        "minute": 49,
        "second": 16,
        "nano": 0
      }
    },
    "citySender": "Новопсков",
    "cityRecipient": "Київ"
  },
  {
    "number": 59000455534774,
    "dateTime": {
      "date": {
        "year": 2019,
        "month": 10,
        "day": 17
      },
      "time": {
        "hour": 9,
        "minute": 50,
        "second": 12,
        "nano": 0
      }
    },
    "citySender": "Рубці",
    "cityRecipient": "Одеса"
  },
  {
    "number": 59000455534775,
    "dateTime": {
      "date": {
        "year": 2019,
        "month": 10,
        "day": 17
      },
      "time": {
        "hour": 9,
        "minute": 50,
        "second": 4,
        "nano": 0
      }
    },
    "citySender": "Старобільськ",
    "cityRecipient": "Івано-Франківськ"
  },
  {
    "number": 59000455534776,
    "dateTime": {
      "date": {
        "year": 2019,
        "month": 10,
        "day": 17
      },
      "time": {
        "hour": 9,
        "minute": 49,
        "second": 1,
        "nano": 0
      }
    },
    "citySender": "Бориспіль",
    "cityRecipient": "Київ"
  },
  {
    "number": 59000455534777,
    "dateTime": {
      "date": {
        "year": 2019,
        "month": 10,
        "day": 17
      },
      "time": {
        "hour": 9,
        "minute": 49,
        "second": 43,
        "nano": 0
      }
    },
    "citySender": "Київ",
    "cityRecipient": "Харків"
  },
  {
    "number": 59000455534778,
    "dateTime": {
      "date": {
        "year": 2019,
        "month": 10,
        "day": 17
      },
      "time": {
        "hour": 9,
        "minute": 50,
        "second": 13,
        "nano": 0
      }
    },
    "citySender": "Одеса",
    "cityRecipient": "Київ"
  },
  {
    "number": 59000455534779,
    "dateTime": {
      "date": {
        "year": 2019,
        "month": 10,
        "day": 17
      },
      "time": {
        "hour": 9,
        "minute": 50,
        "second": 15,
        "nano": 0
      }
    },
    "citySender": "Буштино",
    "cityRecipient": "Львів"
  },
  {
    "number": 59000455534782,
    "dateTime": {
      "date": {
        "year": 2019,
        "month": 10,
        "day": 17
      },
      "time": {
        "hour": 9,
        "minute": 50,
        "second": 16,
        "nano": 0
      }
    },
    "citySender": "Стрий",
    "cityRecipient": "Львів"
  },
  {
    "number": 59000455534783,
    "dateTime": {
      "date": {
        "year": 2019,
        "month": 10,
        "day": 17
      },
      "time": {
        "hour": 9,
        "minute": 48,
        "second": 58,
        "nano": 0
      }
    },
    "citySender": "Кривий Ріг",
    "cityRecipient": "Вінниця"
  },
  {
    "number": 59000455534784,
    "dateTime": {
      "date": {
        "year": 2019,
        "month": 10,
        "day": 17
      },
      "time": {
        "hour": 9,
        "minute": 50,
        "second": 5,
        "nano": 0
      }
    },
    "citySender": "Полтава",
    "cityRecipient": "Миколаїв"
  }
]