[
  {
    "number": 59000455554976,
    "dateTime": {
      "date": {
        "year": 2019,
        "month": 10,
        "day": 17
      },
      "time": {
        "hour": 10,
        "minute": 51,
        "second": 46,
        "nano": 0
      }
    },
    "citySender": "Білицьке(Донецька обл.)",
    "cityRecipient": "Дніпро"
  },
  {
    "number": 59000455554977,
    "dateTime": {
      "date": {
        "year": 2019,
        "month": 10,
        "day": 17
      },
      "time": {
        "hour": 10,
        "minute": 52,
        "second": 18,
        "nano": 0
      }
    },
    "citySender": "Київ",
    "cityRecipient": "Татарбунари"
  },
  {
    "number": 59000455554978,
    "dateTime": {
      "date": {
        "year": 2019,
        "month": 10,
        "day": 17
      },
      "time": {
        "hour": 10,
        "minute": 52,
        "second": 1,
        "nano": 0
      }
    },
    "citySender": "Іршава",
    "cityRecipient": "Київ"
  },
  {
    "number": 59000455554979,
    "dateTime": {
      "date": {
        "year": 2019,
        "month": 10,
        "day": 17
      },
      "time": {
        "hour": 10,
        "minute": 52,
        "second": 5,
        "nano": 0
      }
    },
    "citySender": "Солоне",
    "cityRecipient": "Славута"
  },
  {
    "number": 59000455554980,
    "dateTime": {
      "date": {
        "year": 2019,
        "month": 10,
        "day": 17
      },
      "time": {
        "hour": 10,
        "minute": 52,
        "second": 18,
        "nano": 0
      }
    },
    "citySender": "Черкаси",
    "cityRecipient": "Мукачево"
  },
  {
    "number": 59000455554981,
    "dateTime": {
      "date": {
        "year": 2019,
        "month": 10,
        "day": 17
      },
      "time": {
        "hour": 10,
        "minute": 52,
        "second": 11,
        "nano": 0
      }
    },
    "citySender": "Житомир",
    "cityRecipient": "Рівне"
  },
  {
    "number": 59000455554982,
    "dateTime": {
      "date": {
        "year": 2019,
        "month": 10,
        "day": 17
      },
      "time": {
        "hour": 10,
        "minute": 52,
        "second": 17,
        "nano": 0
      }
    },
    "citySender": "Давидів",
    "cityRecipient": "Вишково"
  },
  {
    "number": 59000455554983,
    "dateTime": {
      "date": {
        "year": 2019,
        "month": 10,
        "day": 17
      },
      "time": {
        "hour": 10,
        "minute": 50,
        "second": 57,
        "nano": 0
      }
    },
    "citySender": "Вишневе",
    "cityRecipient": "Київ"
  },
  {
    "number": 59000455554984,
    "dateTime": {
      "date": {
        "year": 2019,
        "month": 10,
        "day": 17
      },
      "time": {
        "hour": 10,
        "minute": 51,
        "second": 57,
        "nano": 0
      }
    },
    "citySender": "Рівне",
    "cityRecipient": "Дніпро"
  },
  {
    "number": 59000455554985,
    "dateTime": {
      "date": {
        "year": 2019,
        "month": 10,
        "day": 17
      },
      "time": {
        "hour": 10,
        "minute": 52,
        "second": 12,
        "nano": 0
      }
    },
    "citySender": "Костопіль",
    "cityRecipient": "Київ"
  },
  {
    "number": 59000455554987,
    "dateTime": {
      "date": {
        "year": 2019,
        "month": 10,
        "day": 17
      },
      "time": {
        "hour": 10,
        "minute": 52,
        "second": 5,
        "nano": 0
      }
    },
    "citySender": "Ужгород",
    "cityRecipient": "Київ"
  },
  {
    "number": 59000455554988,
    "dateTime": {
      "date": {
        "year": 2019,
        "month": 10,
        "day": 17
      },
      "time": {
        "hour": 10,
        "minute": 51,
        "second": 2,
        "nano": 0
      }
    },
    "citySender": "Первомайський (Харківська обл.)",
    "cityRecipient": "Каланчак"
  },
  {
    "number": 59000455554989,
    "dateTime": {
      "date": {
        "year": 2019,
        "month": 10,
        "day": 17
      },
      "time": {
        "hour": 10,
        "minute": 51,
        "second": 55,
        "nano": 0
      }
    },
    "citySender": "Могилів-Подільський",
    "cityRecipient": "Одеса"
  },
  {
    "number": 59000455554990,
    "dateTime": {
      "date": {
        "year": 2019,
        "month": 10,
        "day": 17
      },
      "time": {
        "hour": 10,
        "minute": 51,
        "second": 47,
        "nano": 0
      }
    },
    "citySender": "Липова Долина",
    "cityRecipient": "Одеса"
  },
  {
    "number": 59000455554991,
    "dateTime": {
      "date": {
        "year": 2019,
        "month": 10,
        "day": 17
      },
      "time": {
        "hour": 10,
        "minute": 51,
        "second": 58,
        "nano": 0
      }
    },
    "citySender": "Первомайськ(Микол.обл.Первомайс.р-н)",
    "cityRecipient": "Київ"
  },
  {
    "number": 59000455554992,
    "dateTime": {
      "date": {
        "year": 2019,
        "month": 10,
        "day": 17
      },
      "time": {
        "hour": 10,
        "minute": 52,
        "second": 2,
        "nano": 0
      }
    },
    "citySender": "Маріуполь",
    "cityRecipient": "Запоріжжя"
  },
  {
    "number": 59000455554993,
    "dateTime": {
      "date": {
        "year": 2019,
        "month": 10,
        "day": 17
      },
      "time": {
        "hour": 10,
        "minute": 52,
        "second": 22,
        "nano": 0
      }
    },
    "citySender": "Чернігів",
    "cityRecipient": "Переяслав-Хмельницький"
  },
  {
    "number": 59000455554994,
    "dateTime": {
      "date": {
        "year": 2019,
        "month": 10,
        "day": 17
      },
      "time": {
        "hour": 10,
        "minute": 51,
        "second": 48,
        "nano": 0
      }
    },
    "citySender": "Дніпро",
    "cityRecipient": "Київ"
  },
  {
    "number": 59000455554995,
    "dateTime": {
      "date": {
        "year": 2019,
        "month": 10,
        "day": 17
      },
      "time": {
        "hour": 10,
        "minute": 52,
        "second": 22,
        "nano": 0
      }
    },
    "citySender": "Вапнярка",
    "cityRecipient": "Бровари"
  },
  {
    "number": 59000455554996,
    "dateTime": {
      "date": {
        "year": 2019,
        "month": 10,
        "day": 17
      },
      "time": {
        "hour": 10,
        "minute": 52,
        "second": 10,
        "nano": 0
      }
    },
    "citySender": "Запоріжжя",
    "cityRecipient": "Дніпро"
  },
  {
    "number": 59000455554997,
    "dateTime": {
      "date": {
        "year": 2019,
        "month": 10,
        "day": 17
      },
      "time": {
        "hour": 10,
        "minute": 52,
        "second": 5,
        "nano": 0
      }
    },
    "citySender": "Київ",
    "cityRecipient": "Кривий Ріг"
  },
  {
    "number": 59000455554998,
    "dateTime": {
      "date": {
        "year": 2019,
        "month": 10,
        "day": 17
      },
      "time": {
        "hour": 10,
        "minute": 52,
        "second": 23,
        "nano": 0
      }
    },
    "citySender": "Клішківці",
    "cityRecipient": "Одеса"
  },
  {
    "number": 59000455554999,
    "dateTime": {
      "date": {
        "year": 2019,
        "month": 10,
        "day": 17
      },
      "time": {
        "hour": 10,
        "minute": 52,
        "second": 12,
        "nano": 0
      }
    },
    "citySender": "Київ",
    "cityRecipient": "Дніпро"
  },
  {
    "number": 59000455555000,
    "dateTime": {
      "date": {
        "year": 2019,
        "month": 10,
        "day": 17
      },
      "time": {
        "hour": 10,
        "minute": 52,
        "second": 21,
        "nano": 0
      }
    },
    "citySender": "Запоріжжя",
    "cityRecipient": "Новодністровськ"
  },
  {
    "number": 59000455555001,
    "dateTime": {
      "date": {
        "year": 2019,
        "month": 10,
        "day": 17
      },
      "time": {
        "hour": 10,
        "minute": 50,
        "second": 49,
        "nano": 0
      }
    },
    "citySender": "Ізюм",
    "cityRecipient": "Очаків"
  },
  {
    "number": 59000455555002,
    "dateTime": {
      "date": {
        "year": 2019,
        "month": 10,
        "day": 17
      },
      "time": {
        "hour": 10,
        "minute": 52,
        "second": 20,
        "nano": 0
      }
    },
    "citySender": "Кривий Ріг",
    "cityRecipient": "Кривий Ріг"
  },
  {
    "number": 59000455555003,
    "dateTime": {
      "date": {
        "year": 2019,
        "month": 10,
        "day": 17
      },
      "time": {
        "hour": 10,
        "minute": 52,
        "second": 8,
        "nano": 0
      }
    },
    "citySender": "Голованівськ",
    "cityRecipient": "Дніпро"
  },
  {
    "number": 59000455555004,
    "dateTime": {
      "date": {
        "year": 2019,
        "month": 10,
        "day": 17
      },
      "time": {
        "hour": 10,
        "minute": 51,
        "second": 43,
        "nano": 0
      }
    },
    "citySender": "Нікополь (Дніпропетровська обл.)",
    "cityRecipient": "Київ"
  },
  {
    "number": 59000455555005,
    "dateTime": {
      "date": {
        "year": 2019,
        "month": 10,
        "day": 17
      },
      "time": {
        "hour": 10,
        "minute": 52,
        "second": 9,
        "nano": 0
      }
    },
    "citySender": "Кам\u0027янське(Дніпропетровська обл)",
    "cityRecipient": "Дніпро"
  },
  {
    "number": 59000455555006,
    "dateTime": {
      "date": {
        "year": 2019,
        "month": 10,
        "day": 17
      },
      "time": {
        "hour": 10,
        "minute": 52,
        "second": 23,
        "nano": 0
      }
    },
    "citySender": "Харків",
    "cityRecipient": "Мукачево"
  },
  {
    "number": 59000455555007,
    "dateTime": {
      "date": {
        "year": 2019,
        "month": 10,
        "day": 17
      },
      "time": {
        "hour": 10,
        "minute": 51,
        "second": 37,
        "nano": 0
      }
    },
    "citySender": "Літин",
    "cityRecipient": "Харків"
  },
  {
    "number": 59000455555008,
    "dateTime": {
      "date": {
        "year": 2019,
        "month": 10,
        "day": 17
      },
      "time": {
        "hour": 10,
        "minute": 48,
        "second": 12,
        "nano": 0
      }
    },
    "citySender": "Рожище",
    "cityRecipient": "Дар\u0027ївка"
  },
  {
    "number": 59000455555009,
    "dateTime": {
      "date": {
        "year": 2019,
        "month": 10,
        "day": 17
      },
      "time": {
        "hour": 10,
        "minute": 51,
        "second": 55,
        "nano": 0
      }
    },
    "citySender": "Одеса",
    "cityRecipient": "Київ"
  },
  {
    "number": 59000455555010,
    "dateTime": {
      "date": {
        "year": 2019,
        "month": 10,
        "day": 17
      },
      "time": {
        "hour": 10,
        "minute": 51,
        "second": 6,
        "nano": 0
      }
    },
    "citySender": "Городенка",
    "cityRecipient": "Київ"
  },
  {
    "number": 59000455555011,
    "dateTime": {
      "date": {
        "year": 2019,
        "month": 10,
        "day": 17
      },
      "time": {
        "hour": 10,
        "minute": 52,
        "second": 11,
        "nano": 0
      }
    },
    "citySender": "Маріуполь",
    "cityRecipient": "Луцьк"
  },
  {
    "number": 59000455555012,
    "dateTime": {
      "date": {
        "year": 2019,
        "month": 10,
        "day": 17
      },
      "time": {
        "hour": 10,
        "minute": 52,
        "second": 22,
        "nano": 0
      }
    },
    "citySender": "Усть-Путила",
    "cityRecipient": "Святогірськ"
  },
  {
    "number": 59000455555013,
    "dateTime": {
      "date": {
        "year": 2019,
        "month": 10,
        "day": 17
      },
      "time": {
        "hour": 10,
        "minute": 52,
        "second": 23,
        "nano": 0
      }
    },
    "citySender": "Тячів",
    "cityRecipient": "Одеса"
  },
  {
    "number": 59000455555014,
    "dateTime": {
      "date": {
        "year": 2019,
        "month": 10,
        "day": 17
      },
      "time": {
        "hour": 10,
        "minute": 52,
        "second": 26,
        "nano": 0
      }
    },
    "citySender": "Костянтинівка (Донецька обл.)",
    "cityRecipient": "Київ"
  },
  {
    "number": 59000455555015,
    "dateTime": {
      "date": {
        "year": 2019,
        "month": 10,
        "day": 17
      },
      "time": {
        "hour": 10,
        "minute": 52,
        "second": 11,
        "nano": 0
      }
    },
    "citySender": "Київ",
    "cityRecipient": "Суми"
  },
  {
    "number": 59000455555016,
    "dateTime": {
      "date": {
        "year": 2019,
        "month": 10,
        "day": 17
      },
      "time": {
        "hour": 10,
        "minute": 51,
        "second": 56,
        "nano": 0
      }
    },
    "citySender": "Полтава",
    "cityRecipient": "Суми"
  },
  {
    "number": 59000455555017,
    "dateTime": {
      "date": {
        "year": 2019,
        "month": 10,
        "day": 17
      },
      "time": {
        "hour": 10,
        "minute": 52,
        "second": 25,
        "nano": 0
      }
    },
    "citySender": "Покров (Дніпропетровська обл.)",
    "cityRecipient": "Охтирка"
  },
  {
    "number": 59000455555018,
    "dateTime": {
      "date": {
        "year": 2019,
        "month": 10,
        "day": 17
      },
      "time": {
        "hour": 10,
        "minute": 50,
        "second": 18,
        "nano": 0
      }
    },
    "citySender": "Згурівка",
    "cityRecipient": "Куп\u0027янськ"
  },
  {
    "number": 59000455555019,
    "dateTime": {
      "date": {
        "year": 2019,
        "month": 10,
        "day": 17
      },
      "time": {
        "hour": 10,
        "minute": 51,
        "second": 48,
        "nano": 0
      }
    },
    "citySender": "Миколаїв",
    "cityRecipient": "Чернівці"
  },
  {
    "number": 59000455555020,
    "dateTime": {
      "date": {
        "year": 2019,
        "month": 10,
        "day": 17
      },
      "time": {
        "hour": 10,
        "minute": 52,
        "second": 22,
        "nano": 0
      }
    },
    "citySender": "Київ",
    "cityRecipient": "Київ"
  },
  {
    "number": 59000455555021,
    "dateTime": {
      "date": {
        "year": 2019,
        "month": 10,
        "day": 17
      },
      "time": {
        "hour": 10,
        "minute": 52,
        "second": 26,
        "nano": 0
      }
    },
    "citySender": "Запоріжжя",
    "cityRecipient": "Енергодар"
  },
  {
    "number": 59000455555022,
    "dateTime": {
      "date": {
        "year": 2019,
        "month": 10,
        "day": 17
      },
      "time": {
        "hour": 10,
        "minute": 52,
        "second": 17,
        "nano": 0
      }
    },
    "citySender": "Тинне",
    "cityRecipient": "Київ"
  },
  {
    "number": 59000455555023,
    "dateTime": {
      "date": {
        "year": 2019,
        "month": 10,
        "day": 17
      },
      "time": {
        "hour": 10,
        "minute": 52,
        "second": 26,
        "nano": 0
      }
    },
    "citySender": "Високий",
    "cityRecipient": "Київ"
  },
  {
    "number": 59000455555024,
    "dateTime": {
      "date": {
        "year": 2019,
        "month": 10,
        "day": 17
      },
      "time": {
        "hour": 10,
        "minute": 52,
        "second": 16,
        "nano": 0
      }
    },
    "citySender": "Дніпро",
    "cityRecipient": "Новоайдар"
  },
  {
    "number": 59000455555025,
    "dateTime": {
      "date": {
        "year": 2019,
        "month": 10,
        "day": 17
      },
      "time": {
        "hour": 10,
        "minute": 52,
        "second": 8,
        "nano": 0
      }
    },
    "citySender": "Київ",
    "cityRecipient": "Горохів"
  },
  {
    "number": 59000455555026,
    "dateTime": {
      "date": {
        "year": 2019,
        "month": 10,
        "day": 17
      },
      "time": {
        "hour": 10,
        "minute": 52,
        "second": 2,
        "nano": 0
      }
    },
    "citySender": "Житомир",
    "cityRecipient": "Новодністровськ"
  },
  {
    "number": 59000455555027,
    "dateTime": {
      "date": {
        "year": 2019,
        "month": 10,
        "day": 17
      },
      "time": {
        "hour": 10,
        "minute": 52,
        "second": 22,
        "nano": 0
      }
    },
    "citySender": "Мелітополь",
    "cityRecipient": "Полтава"
  },
  {
    "number": 59000455555028,
    "dateTime": {
      "date": {
        "year": 2019,
        "month": 10,
        "day": 17
      },
      "time": {
        "hour": 10,
        "minute": 52,
        "second": 16,
        "nano": 0
      }
    },
    "citySender": "Старокостянтинів",
    "cityRecipient": "Київ"
  },
  {
    "number": 59000455555029,
    "dateTime": {
      "date": {
        "year": 2019,
        "month": 10,
        "day": 17
      },
      "time": {
        "hour": 10,
        "minute": 52,
        "second": 20,
        "nano": 0
      }
    },
    "citySender": "Чернігів",
    "cityRecipient": "Овруч"
  },
  {
    "number": 59000455555030,
    "dateTime": {
      "date": {
        "year": 2019,
        "month": 10,
        "day": 17
      },
      "time": {
        "hour": 10,
        "minute": 52,
        "second": 1,
        "nano": 0
      }
    },
    "citySender": "Любомль",
    "cityRecipient": "Великий Бурлук"
  },
  {
    "number": 59000455555031,
    "dateTime": {
      "date": {
        "year": 2019,
        "month": 10,
        "day": 17
      },
      "time": {
        "hour": 10,
        "minute": 52,
        "second": 20,
        "nano": 0
      }
    },
    "citySender": "Бахмут",
    "cityRecipient": "Київ"
  },
  {
    "number": 59000455555032,
    "dateTime": {
      "date": {
        "year": 2019,
        "month": 10,
        "day": 17
      },
      "time": {
        "hour": 10,
        "minute": 52,
        "second": 28,
        "nano": 0
      }
    },
    "citySender": "Петродолинське",
    "cityRecipient": "Рівне"
  },
  {
    "number": 59000455555033,
    "dateTime": {
      "date": {
        "year": 2019,
        "month": 10,
        "day": 17
      },
      "time": {
        "hour": 10,
        "minute": 51,
        "second": 20,
        "nano": 0
      }
    },
    "citySender": "Харків",
    "cityRecipient": "Ставище"
  },
  {
    "number": 59000455555034,
    "dateTime": {
      "date": {
        "year": 2019,
        "month": 10,
        "day": 17
      },
      "time": {
        "hour": 10,
        "minute": 52,
        "second": 20,
        "nano": 0
      }
    },
    "citySender": "Пирятин",
    "cityRecipient": "Харків"
  },
  {
    "number": 59000455555035,
    "dateTime": {
      "date": {
        "year": 2019,
        "month": 10,
        "day": 17
      },
      "time": {
        "hour": 10,
        "minute": 51,
        "second": 19,
        "nano": 0
      }
    },
    "citySender": "Новомиргород",
    "cityRecipient": "Київ"
  },
  {
    "number": 59000455555036,
    "dateTime": {
      "date": {
        "year": 2019,
        "month": 10,
        "day": 17
      },
      "time": {
        "hour": 10,
        "minute": 51,
        "second": 46,
        "nano": 0
      }
    },
    "citySender": "Василівка (Запорізька обл.)",
    "cityRecipient": "Корсунь-Шевченківський"
  },
  {
    "number": 59000455555037,
    "dateTime": {
      "date": {
        "year": 2019,
        "month": 10,
        "day": 17
      },
      "time": {
        "hour": 10,
        "minute": 52,
        "second": 28,
        "nano": 0
      }
    },
    "citySender": "Отинія",
    "cityRecipient": "Одеса"
  },
  {
    "number": 59000455555038,
    "dateTime": {
      "date": {
        "year": 2019,
        "month": 10,
        "day": 17
      },
      "time": {
        "hour": 10,
        "minute": 51,
        "second": 35,
        "nano": 0
      }
    },
    "citySender": "Дніпро",
    "cityRecipient": "Павлоград"
  },
  {
    "number": 59000455555039,
    "dateTime": {
      "date": {
        "year": 2019,
        "month": 10,
        "day": 17
      },
      "time": {
        "hour": 10,
        "minute": 51,
        "second": 57,
        "nano": 0
      }
    },
    "citySender": "Почаїв",
    "cityRecipient": "Козова"
  },
  {
    "number": 59000455555040,
    "dateTime": {
      "date": {
        "year": 2019,
        "month": 10,
        "day": 17
      },
      "time": {
        "hour": 10,
        "minute": 52,
        "second": 17,
        "nano": 0
      }
    },
    "citySender": "Княжичі (Броварський р-н)",
    "cityRecipient": "Люботин"
  },
  {
    "number": 59000455555041,
    "dateTime": {
      "date": {
        "year": 2019,
        "month": 10,
        "day": 17
      },
      "time": {
        "hour": 10,
        "minute": 52,
        "second": 27,
        "nano": 0
      }
    },
    "citySender": "Ковель",
    "cityRecipient": "Балаклія (Харківська обл.)"
  },
  {
    "number": 59000455555042,
    "dateTime": {
      "date": {
        "year": 2019,
        "month": 10,
        "day": 17
      },
      "time": {
        "hour": 10,
        "minute": 50,
        "second": 52,
        "nano": 0
      }
    },
    "citySender": "Полтава",
    "cityRecipient": "Кам\u0027янське(Дніпропетровська обл)"
  },
  {
    "number": 59000455555043,
    "dateTime": {
      "date": {
        "year": 2019,
        "month": 10,
        "day": 17
      },
      "time": {
        "hour": 10,
        "minute": 52,
        "second": 2,
        "nano": 0
      }
    },
    "citySender": "Тульчин",
    "cityRecipient": "Теплодар"
  },
  {
    "number": 59000455555044,
    "dateTime": {
      "date": {
        "year": 2019,
        "month": 10,
        "day": 17
      },
      "time": {
        "hour": 10,
        "minute": 52,
        "second": 3,
        "nano": 0
      }
    },
    "citySender": "Вознесенськ",
    "cityRecipient": "Миколаїв"
  },
  {
    "number": 59000455555045,
    "dateTime": {
      "date": {
        "year": 2019,
        "month": 10,
        "day": 17
      },
      "time": {
        "hour": 10,
        "minute": 51,
        "second": 43,
        "nano": 0
      }
    },
    "citySender": "Енергодар",
    "cityRecipient": "Десна (Чернігівська обл.)"
  },
  {
    "number": 59000455555046,
    "dateTime": {
      "date": {
        "year": 2019,
        "month": 10,
        "day": 17
      },
      "time": {
        "hour": 10,
        "minute": 52,
        "second": 27,
        "nano": 0
      }
    },
    "citySender": "Костянтинівка (Донецька обл.)",
    "cityRecipient": "Костянтинівка (Донецька обл.)"
  },
  {
    "number": 59000455555047,
    "dateTime": {
      "date": {
        "year": 2019,
        "month": 10,
        "day": 17
      },
      "time": {
        "hour": 10,
        "minute": 52,
        "second": 30,
        "nano": 0
      }
    },
    "citySender": "Іванків (Іванківський р-н)",
    "cityRecipient": "Умань"
  },
  {
    "number": 59000455555048,
    "dateTime": {
      "date": {
        "year": 2019,
        "month": 10,
        "day": 17
      },
      "time": {
        "hour": 10,
        "minute": 52,
        "second": 25,
        "nano": 0
      }
    },
    "citySender": "Знам\u0027янка (Кіровоградська обл.)",
    "cityRecipient": "Петрове (Петрівський р-н., Кіровоградська обл)"
  },
  {
    "number": 59000455555049,
    "dateTime": {
      "date": {
        "year": 2019,
        "month": 10,
        "day": 17
      },
      "time": {
        "hour": 10,
        "minute": 51,
        "second": 52,
        "nano": 0
      }
    },
    "citySender": "Кривий Ріг",
    "cityRecipient": "Дніпро"
  },
  {
    "number": 59000455555050,
    "dateTime": {
      "date": {
        "year": 2019,
        "month": 10,
        "day": 17
      },
      "time": {
        "hour": 10,
        "minute": 52,
        "second": 8,
        "nano": 0
      }
    },
    "citySender": "Київ",
    "cityRecipient": "Полтава"
  },
  {
    "number": 59000455555051,
    "dateTime": {
      "date": {
        "year": 2019,
        "month": 10,
        "day": 17
      },
      "time": {
        "hour": 10,
        "minute": 52,
        "second": 27,
        "nano": 0
      }
    },
    "citySender": "Хуст",
    "cityRecipient": "Радомишль"
  },
  {
    "number": 59000455555053,
    "dateTime": {
      "date": {
        "year": 2019,
        "month": 10,
        "day": 17
      },
      "time": {
        "hour": 10,
        "minute": 51,
        "second": 40,
        "nano": 0
      }
    },
    "citySender": "Кривий Ріг",
    "cityRecipient": "Дніпро"
  },
  {
    "number": 59000455555054,
    "dateTime": {
      "date": {
        "year": 2019,
        "month": 10,
        "day": 17
      },
      "time": {
        "hour": 10,
        "minute": 52,
        "second": 8,
        "nano": 0
      }
    },
    "citySender": "Харків",
    "cityRecipient": "Запоріжжя"
  },
  {
    "number": 59000455555055,
    "dateTime": {
      "date": {
        "year": 2019,
        "month": 10,
        "day": 17
      },
      "time": {
        "hour": 10,
        "minute": 51,
        "second": 55,
        "nano": 0
      }
    },
    "citySender": "Харків",
    "cityRecipient": "Водяне (Кам\u0027янсько-Дніпровський р-н)"
  },
  {
    "number": 59000455555056,
    "dateTime": {
      "date": {
        "year": 2019,
        "month": 10,
        "day": 17
      },
      "time": {
        "hour": 10,
        "minute": 52,
        "second": 21,
        "nano": 0
      }
    },
    "citySender": "Рівне",
    "cityRecipient": "Черкаси"
  },
  {
    "number": 59000455555057,
    "dateTime": {
      "date": {
        "year": 2019,
        "month": 10,
        "day": 17
      },
      "time": {
        "hour": 10,
        "minute": 52,
        "second": 29,
        "nano": 0
      }
    },
    "citySender": "Бучач",
    "cityRecipient": "Київ"
  },
  {
    "number": 59000455555058,
    "dateTime": {
      "date": {
        "year": 2019,
        "month": 10,
        "day": 17
      },
      "time": {
        "hour": 10,
        "minute": 52,
        "second": 31,
        "nano": 0
      }
    },
    "citySender": "Київ",
    "cityRecipient": "Одеса"
  },
  {
    "number": 59000455555059,
    "dateTime": {
      "date": {
        "year": 2019,
        "month": 10,
        "day": 17
      },
      "time": {
        "hour": 10,
        "minute": 47,
        "second": 47,
        "nano": 0
      }
    },
    "citySender": "Магдалинівка",
    "cityRecipient": "Пирятин"
  },
  {
    "number": 59000455555060,
    "dateTime": {
      "date": {
        "year": 2019,
        "month": 10,
        "day": 17
      },
      "time": {
        "hour": 10,
        "minute": 51,
        "second": 24,
        "nano": 0
      }
    },
    "citySender": "Херсон",
    "cityRecipient": "Київ"
  },
  {
    "number": 59000455555061,
    "dateTime": {
      "date": {
        "year": 2019,
        "month": 10,
        "day": 17
      },
      "time": {
        "hour": 10,
        "minute": 52,
        "second": 0,
        "nano": 0
      }
    },
    "citySender": "Стайки",
    "cityRecipient": "Київ"
  },
  {
    "number": 59000455555062,
    "dateTime": {
      "date": {
        "year": 2019,
        "month": 10,
        "day": 17
      },
      "time": {
        "hour": 10,
        "minute": 52,
        "second": 32,
        "nano": 0
      }
    },
    "citySender": "Тячів",
    "cityRecipient": "Київ"
  },
  {
    "number": 59000455555063,
    "dateTime": {
      "date": {
        "year": 2019,
        "month": 10,
        "day": 17
      },
      "time": {
        "hour": 10,
        "minute": 51,
        "second": 40,
        "nano": 0
      }
    },
    "citySender": "Житомир",
    "cityRecipient": "Київ"
  },
  {
    "number": 59000455555064,
    "dateTime": {
      "date": {
        "year": 2019,
        "month": 10,
        "day": 17
      },
      "time": {
        "hour": 10,
        "minute": 52,
        "second": 25,
        "nano": 0
      }
    },
    "citySender": "Чернівці",
    "cityRecipient": "Кремінна"
  },
  {
    "number": 59000455555065,
    "dateTime": {
      "date": {
        "year": 2019,
        "month": 10,
        "day": 17
      },
      "time": {
        "hour": 10,
        "minute": 52,
        "second": 9,
        "nano": 0
      }
    },
    "citySender": "Чернігів",
    "cityRecipient": "Одеса"
  },
  {
    "number": 59000455555066,
    "dateTime": {
      "date": {
        "year": 2019,
        "month": 10,
        "day": 17
      },
      "time": {
        "hour": 10,
        "minute": 51,
        "second": 53,
        "nano": 0
      }
    },
    "citySender": "Летичів",
    "cityRecipient": "Одеса"
  },
  {
    "number": 59000455555067,
    "dateTime": {
      "date": {
        "year": 2019,
        "month": 10,
        "day": 17
      },
      "time": {
        "hour": 10,
        "minute": 52,
        "second": 25,
        "nano": 0
      }
    },
    "citySender": "Пересадівка",
    "cityRecipient": "Устинівка"
  },
  {
    "number": 59000455555068,
    "dateTime": {
      "date": {
        "year": 2019,
        "month": 10,
        "day": 17
      },
      "time": {
        "hour": 10,
        "minute": 51,
        "second": 35,
        "nano": 0
      }
    },
    "citySender": "Сокільники",
    "cityRecipient": "Косівська Поляна"
  },
  {
    "number": 59000455555069,
    "dateTime": {
      "date": {
        "year": 2019,
        "month": 10,
        "day": 17
      },
      "time": {
        "hour": 10,
        "minute": 52,
        "second": 17,
        "nano": 0
      }
    },
    "citySender": "Дніпро",
    "cityRecipient": "Кременчук"
  },
  {
    "number": 59000455555070,
    "dateTime": {
      "date": {
        "year": 2019,
        "month": 10,
        "day": 17
      },
      "time": {
        "hour": 10,
        "minute": 52,
        "second": 33,
        "nano": 0
      }
    },
    "citySender": "Полтава",
    "cityRecipient": "Львів"
  },
  {
    "number": 59000455555071,
    "dateTime": {
      "date": {
        "year": 2019,
        "month": 10,
        "day": 17
      },
      "time": {
        "hour": 10,
        "minute": 52,
        "second": 30,
        "nano": 0
      }
    },
    "citySender": "Переяслав-Хмельницький",
    "cityRecipient": "Перегінське"
  },
  {
    "number": 59000455555072,
    "dateTime": {
      "date": {
        "year": 2019,
        "month": 10,
        "day": 17
      },
      "time": {
        "hour": 10,
        "minute": 52,
        "second": 33,
        "nano": 0
      }
    },
    "citySender": "Чернігів",
    "cityRecipient": "Бровари"
  },
  {
    "number": 59000455555073,
    "dateTime": {
      "date": {
        "year": 2019,
        "month": 10,
        "day": 17
      },
      "time": {
        "hour": 10,
        "minute": 52,
        "second": 2,
        "nano": 0
      }
    },
    "citySender": "Слов\u0027янськ",
    "cityRecipient": "Степове (Дніпропетровська обл.)"
  },
  {
    "number": 59000455555074,
    "dateTime": {
      "date": {
        "year": 2019,
        "month": 10,
        "day": 17
      },
      "time": {
        "hour": 10,
        "minute": 52,
        "second": 7,
        "nano": 0
      }
    },
    "citySender": "Іршава",
    "cityRecipient": "Хуст"
  },
  {
    "number": 59000455555075,
    "dateTime": {
      "date": {
        "year": 2019,
        "month": 10,
        "day": 17
      },
      "time": {
        "hour": 10,
        "minute": 52,
        "second": 33,
        "nano": 0
      }
    },
    "citySender": "Дніпро",
    "cityRecipient": "Кам\u0027янець-Подільський"
  }
]