[
  {
    "number": 59000455530188,
    "dateTime": {
      "date": {
        "year": 2019,
        "month": 10,
        "day": 17
      },
      "time": {
        "hour": 9,
        "minute": 35,
        "second": 14,
        "nano": 0
      }
    },
    "citySender": "Маріуполь",
    "cityRecipient": "Київ"
  },
  {
    "number": 59000455530189,
    "dateTime": {
      "date": {
        "year": 2019,
        "month": 10,
        "day": 17
      },
      "time": {
        "hour": 9,
        "minute": 35,
        "second": 8,
        "nano": 0
      }
    },
    "citySender": "Львів",
    "cityRecipient": "Кіцмань"
  },
  {
    "number": 59000455530190,
    "dateTime": {
      "date": {
        "year": 2019,
        "month": 10,
        "day": 17
      },
      "time": {
        "hour": 9,
        "minute": 34,
        "second": 32,
        "nano": 0
      }
    },
    "citySender": "Вознесенськ",
    "cityRecipient": "Одеса"
  },
  {
    "number": 59000455530192,
    "dateTime": {
      "date": {
        "year": 2019,
        "month": 10,
        "day": 17
      },
      "time": {
        "hour": 9,
        "minute": 35,
        "second": 16,
        "nano": 0
      }
    },
    "citySender": "Зимна Вода",
    "cityRecipient": "Дрогобич"
  },
  {
    "number": 59000455530193,
    "dateTime": {
      "date": {
        "year": 2019,
        "month": 10,
        "day": 17
      },
      "time": {
        "hour": 9,
        "minute": 35,
        "second": 14,
        "nano": 0
      }
    },
    "citySender": "Лиман(Донецька обл)",
    "cityRecipient": "Харків"
  },
  {
    "number": 59000455530194,
    "dateTime": {
      "date": {
        "year": 2019,
        "month": 10,
        "day": 17
      },
      "time": {
        "hour": 9,
        "minute": 35,
        "second": 0,
        "nano": 0
      }
    },
    "citySender": "Сміла",
    "cityRecipient": "Київ"
  },
  {
    "number": 59000455530195,
    "dateTime": {
      "date": {
        "year": 2019,
        "month": 10,
        "day": 17
      },
      "time": {
        "hour": 9,
        "minute": 34,
        "second": 57,
        "nano": 0
      }
    },
    "citySender": "Сіверськ",
    "cityRecipient": "Торецьк"
  },
  {
    "number": 59000455530196,
    "dateTime": {
      "date": {
        "year": 2019,
        "month": 10,
        "day": 17
      },
      "time": {
        "hour": 9,
        "minute": 35,
        "second": 17,
        "nano": 0
      }
    },
    "citySender": "Київ",
    "cityRecipient": "Житомир"
  },
  {
    "number": 59000455530197,
    "dateTime": {
      "date": {
        "year": 2019,
        "month": 10,
        "day": 17
      },
      "time": {
        "hour": 9,
        "minute": 35,
        "second": 14,
        "nano": 0
      }
    },
    "citySender": "Київ",
    "cityRecipient": "Боярка"
  },
  {
    "number": 59000455530198,
    "dateTime": {
      "date": {
        "year": 2019,
        "month": 10,
        "day": 17
      },
      "time": {
        "hour": 9,
        "minute": 35,
        "second": 17,
        "nano": 0
      }
    },
    "citySender": "Кам\u0027янське(Дніпропетровська обл)",
    "cityRecipient": "Стецьківка"
  },
  {
    "number": 59000455530200,
    "dateTime": {
      "date": {
        "year": 2019,
        "month": 10,
        "day": 17
      },
      "time": {
        "hour": 9,
        "minute": 34,
        "second": 46,
        "nano": 0
      }
    },
    "citySender": "Тернівка",
    "cityRecipient": "Вовчанськ"
  },
  {
    "number": 59000455530201,
    "dateTime": {
      "date": {
        "year": 2019,
        "month": 10,
        "day": 17
      },
      "time": {
        "hour": 9,
        "minute": 34,
        "second": 50,
        "nano": 0
      }
    },
    "citySender": "Сахновщина (Харківська обл.)",
    "cityRecipient": "Ізюм"
  },
  {
    "number": 59000455530202,
    "dateTime": {
      "date": {
        "year": 2019,
        "month": 10,
        "day": 17
      },
      "time": {
        "hour": 9,
        "minute": 35,
        "second": 10,
        "nano": 0
      }
    },
    "citySender": "Київ",
    "cityRecipient": "Одеса"
  },
  {
    "number": 59000455530203,
    "dateTime": {
      "date": {
        "year": 2019,
        "month": 10,
        "day": 17
      },
      "time": {
        "hour": 9,
        "minute": 35,
        "second": 18,
        "nano": 0
      }
    },
    "citySender": "Олександрія (м.Кіровогр.обл.райц)",
    "cityRecipient": "Одеса"
  },
  {
    "number": 59000455530204,
    "dateTime": {
      "date": {
        "year": 2019,
        "month": 10,
        "day": 17
      },
      "time": {
        "hour": 9,
        "minute": 34,
        "second": 57,
        "nano": 0
      }
    },
    "citySender": "Київ",
    "cityRecipient": "Київ"
  },
  {
    "number": 59000455530206,
    "dateTime": {
      "date": {
        "year": 2019,
        "month": 10,
        "day": 17
      },
      "time": {
        "hour": 9,
        "minute": 34,
        "second": 49,
        "nano": 0
      }
    },
    "citySender": "Велика Багачка",
    "cityRecipient": "Київ"
  },
  {
    "number": 59000455530207,
    "dateTime": {
      "date": {
        "year": 2019,
        "month": 10,
        "day": 17
      },
      "time": {
        "hour": 9,
        "minute": 34,
        "second": 33,
        "nano": 0
      }
    },
    "citySender": "Київ",
    "cityRecipient": "Хмельницький"
  },
  {
    "number": 59000455530208,
    "dateTime": {
      "date": {
        "year": 2019,
        "month": 10,
        "day": 17
      },
      "time": {
        "hour": 9,
        "minute": 35,
        "second": 18,
        "nano": 0
      }
    },
    "citySender": "Львів",
    "cityRecipient": "Запоріжжя"
  },
  {
    "number": 59000455530209,
    "dateTime": {
      "date": {
        "year": 2019,
        "month": 10,
        "day": 17
      },
      "time": {
        "hour": 9,
        "minute": 35,
        "second": 5,
        "nano": 0
      }
    },
    "citySender": "Коломия",
    "cityRecipient": "Соснівка (Львівська обл.)"
  },
  {
    "number": 59000455530210,
    "dateTime": {
      "date": {
        "year": 2019,
        "month": 10,
        "day": 17
      },
      "time": {
        "hour": 9,
        "minute": 35,
        "second": 0,
        "nano": 0
      }
    },
    "citySender": "Красноград (Харківська обл)",
    "cityRecipient": "Харків"
  },
  {
    "number": 59000455530211,
    "dateTime": {
      "date": {
        "year": 2019,
        "month": 10,
        "day": 17
      },
      "time": {
        "hour": 9,
        "minute": 35,
        "second": 4,
        "nano": 0
      }
    },
    "citySender": "Радехів",
    "cityRecipient": "Сєвєродонецьк"
  },
  {
    "number": 59000455530212,
    "dateTime": {
      "date": {
        "year": 2019,
        "month": 10,
        "day": 17
      },
      "time": {
        "hour": 9,
        "minute": 34,
        "second": 28,
        "nano": 0
      }
    },
    "citySender": "Київ",
    "cityRecipient": "Опішня"
  },
  {
    "number": 59000455530213,
    "dateTime": {
      "date": {
        "year": 2019,
        "month": 10,
        "day": 17
      },
      "time": {
        "hour": 9,
        "minute": 35,
        "second": 8,
        "nano": 0
      }
    },
    "citySender": "Волноваха",
    "cityRecipient": "Дніпро"
  },
  {
    "number": 59000455530214,
    "dateTime": {
      "date": {
        "year": 2019,
        "month": 10,
        "day": 17
      },
      "time": {
        "hour": 9,
        "minute": 34,
        "second": 37,
        "nano": 0
      }
    },
    "citySender": "Нетішин",
    "cityRecipient": "Чернігів"
  },
  {
    "number": 59000455530215,
    "dateTime": {
      "date": {
        "year": 2019,
        "month": 10,
        "day": 17
      },
      "time": {
        "hour": 9,
        "minute": 35,
        "second": 10,
        "nano": 0
      }
    },
    "citySender": "Чабани",
    "cityRecipient": "Богородчани"
  },
  {
    "number": 59000455530216,
    "dateTime": {
      "date": {
        "year": 2019,
        "month": 10,
        "day": 17
      },
      "time": {
        "hour": 9,
        "minute": 34,
        "second": 33,
        "nano": 0
      }
    },
    "citySender": "Васищеве",
    "cityRecipient": "Київ"
  },
  {
    "number": 59000455530217,
    "dateTime": {
      "date": {
        "year": 2019,
        "month": 10,
        "day": 17
      },
      "time": {
        "hour": 9,
        "minute": 35,
        "second": 13,
        "nano": 0
      }
    },
    "citySender": "Магерів",
    "cityRecipient": "Самбір"
  },
  {
    "number": 59000455530218,
    "dateTime": {
      "date": {
        "year": 2019,
        "month": 10,
        "day": 17
      },
      "time": {
        "hour": 9,
        "minute": 34,
        "second": 55,
        "nano": 0
      }
    },
    "citySender": "Костянтинівка (Донецька обл.)",
    "cityRecipient": "Ужгород"
  },
  {
    "number": 59000455530219,
    "dateTime": {
      "date": {
        "year": 2019,
        "month": 10,
        "day": 17
      },
      "time": {
        "hour": 9,
        "minute": 33,
        "second": 2,
        "nano": 0
      }
    },
    "citySender": "Харків",
    "cityRecipient": "Київ"
  },
  {
    "number": 59000455530220,
    "dateTime": {
      "date": {
        "year": 2019,
        "month": 10,
        "day": 17
      },
      "time": {
        "hour": 9,
        "minute": 35,
        "second": 4,
        "nano": 0
      }
    },
    "citySender": "Маньківка",
    "cityRecipient": "Мирноград"
  },
  {
    "number": 59000455530221,
    "dateTime": {
      "date": {
        "year": 2019,
        "month": 10,
        "day": 17
      },
      "time": {
        "hour": 9,
        "minute": 35,
        "second": 20,
        "nano": 0
      }
    },
    "citySender": "Іванків (Іванківський р-н)",
    "cityRecipient": "Київ"
  },
  {
    "number": 59000455530223,
    "dateTime": {
      "date": {
        "year": 2019,
        "month": 10,
        "day": 17
      },
      "time": {
        "hour": 9,
        "minute": 35,
        "second": 13,
        "nano": 0
      }
    },
    "citySender": "Енергодар",
    "cityRecipient": "Полтава"
  },
  {
    "number": 59000455530224,
    "dateTime": {
      "date": {
        "year": 2019,
        "month": 10,
        "day": 17
      },
      "time": {
        "hour": 9,
        "minute": 35,
        "second": 17,
        "nano": 0
      }
    },
    "citySender": "Конотоп",
    "cityRecipient": "Дніпро"
  },
  {
    "number": 59000455530225,
    "dateTime": {
      "date": {
        "year": 2019,
        "month": 10,
        "day": 17
      },
      "time": {
        "hour": 9,
        "minute": 34,
        "second": 38,
        "nano": 0
      }
    },
    "citySender": "Вінниця",
    "cityRecipient": "Київ"
  },
  {
    "number": 59000455530226,
    "dateTime": {
      "date": {
        "year": 2019,
        "month": 10,
        "day": 17
      },
      "time": {
        "hour": 9,
        "minute": 34,
        "second": 57,
        "nano": 0
      }
    },
    "citySender": "Острог",
    "cityRecipient": "Хмельницький"
  },
  {
    "number": 59000455530227,
    "dateTime": {
      "date": {
        "year": 2019,
        "month": 10,
        "day": 17
      },
      "time": {
        "hour": 9,
        "minute": 35,
        "second": 21,
        "nano": 0
      }
    },
    "citySender": "Миколаїв",
    "cityRecipient": "Суми"
  },
  {
    "number": 59000455530228,
    "dateTime": {
      "date": {
        "year": 2019,
        "month": 10,
        "day": 17
      },
      "time": {
        "hour": 9,
        "minute": 34,
        "second": 51,
        "nano": 0
      }
    },
    "citySender": "Кременчук",
    "cityRecipient": "Київ"
  },
  {
    "number": 59000455530229,
    "dateTime": {
      "date": {
        "year": 2019,
        "month": 10,
        "day": 17
      },
      "time": {
        "hour": 9,
        "minute": 35,
        "second": 3,
        "nano": 0
      }
    },
    "citySender": "Городенка",
    "cityRecipient": "Кривий Ріг"
  },
  {
    "number": 59000455530230,
    "dateTime": {
      "date": {
        "year": 2019,
        "month": 10,
        "day": 17
      },
      "time": {
        "hour": 9,
        "minute": 35,
        "second": 6,
        "nano": 0
      }
    },
    "citySender": "Угринів (Тисменицький р-н., Івано-Франк. обл.)",
    "cityRecipient": "Одеса"
  },
  {
    "number": 59000455530231,
    "dateTime": {
      "date": {
        "year": 2019,
        "month": 10,
        "day": 17
      },
      "time": {
        "hour": 9,
        "minute": 33,
        "second": 18,
        "nano": 0
      }
    },
    "citySender": "Вороніж",
    "cityRecipient": "Кринички"
  },
  {
    "number": 59000455530233,
    "dateTime": {
      "date": {
        "year": 2019,
        "month": 10,
        "day": 17
      },
      "time": {
        "hour": 9,
        "minute": 35,
        "second": 11,
        "nano": 0
      }
    },
    "citySender": "Київ",
    "cityRecipient": "Кривий Ріг"
  },
  {
    "number": 59000455530234,
    "dateTime": {
      "date": {
        "year": 2019,
        "month": 10,
        "day": 17
      },
      "time": {
        "hour": 9,
        "minute": 33,
        "second": 35,
        "nano": 0
      }
    },
    "citySender": "Ріпки",
    "cityRecipient": "Київ"
  },
  {
    "number": 59000455530235,
    "dateTime": {
      "date": {
        "year": 2019,
        "month": 10,
        "day": 17
      },
      "time": {
        "hour": 9,
        "minute": 35,
        "second": 19,
        "nano": 0
      }
    },
    "citySender": "Перемишляни",
    "cityRecipient": "Умань"
  },
  {
    "number": 59000455530236,
    "dateTime": {
      "date": {
        "year": 2019,
        "month": 10,
        "day": 17
      },
      "time": {
        "hour": 9,
        "minute": 35,
        "second": 20,
        "nano": 0
      }
    },
    "citySender": "Кам\u0027янець-Подільський",
    "cityRecipient": "Запоріжжя"
  },
  {
    "number": 59000455530237,
    "dateTime": {
      "date": {
        "year": 2019,
        "month": 10,
        "day": 17
      },
      "time": {
        "hour": 9,
        "minute": 33,
        "second": 46,
        "nano": 0
      }
    },
    "citySender": "Узин",
    "cityRecipient": "Ладан"
  },
  {
    "number": 59000455530238,
    "dateTime": {
      "date": {
        "year": 2019,
        "month": 10,
        "day": 17
      },
      "time": {
        "hour": 9,
        "minute": 34,
        "second": 20,
        "nano": 0
      }
    },
    "citySender": "Черкаське",
    "cityRecipient": "Баришівка"
  },
  {
    "number": 59000455530240,
    "dateTime": {
      "date": {
        "year": 2019,
        "month": 10,
        "day": 17
      },
      "time": {
        "hour": 9,
        "minute": 35,
        "second": 8,
        "nano": 0
      }
    },
    "citySender": "Мелітополь",
    "cityRecipient": "Запоріжжя"
  },
  {
    "number": 59000455530241,
    "dateTime": {
      "date": {
        "year": 2019,
        "month": 10,
        "day": 17
      },
      "time": {
        "hour": 9,
        "minute": 35,
        "second": 21,
        "nano": 0
      }
    },
    "citySender": "Одеса",
    "cityRecipient": "Київ"
  },
  {
    "number": 59000455530242,
    "dateTime": {
      "date": {
        "year": 2019,
        "month": 10,
        "day": 17
      },
      "time": {
        "hour": 9,
        "minute": 34,
        "second": 40,
        "nano": 0
      }
    },
    "citySender": "Полтава",
    "cityRecipient": "Черкаси"
  },
  {
    "number": 59000455530243,
    "dateTime": {
      "date": {
        "year": 2019,
        "month": 10,
        "day": 17
      },
      "time": {
        "hour": 9,
        "minute": 35,
        "second": 19,
        "nano": 0
      }
    },
    "citySender": "Сєвєродонецьк",
    "cityRecipient": "Харків"
  },
  {
    "number": 59000455530244,
    "dateTime": {
      "date": {
        "year": 2019,
        "month": 10,
        "day": 17
      },
      "time": {
        "hour": 9,
        "minute": 35,
        "second": 7,
        "nano": 0
      }
    },
    "citySender": "Пісочин",
    "cityRecipient": "Каховка"
  },
  {
    "number": 59000455530245,
    "dateTime": {
      "date": {
        "year": 2019,
        "month": 10,
        "day": 17
      },
      "time": {
        "hour": 9,
        "minute": 34,
        "second": 59,
        "nano": 0
      }
    },
    "citySender": "Київ",
    "cityRecipient": "Київ"
  },
  {
    "number": 59000455530246,
    "dateTime": {
      "date": {
        "year": 2019,
        "month": 10,
        "day": 17
      },
      "time": {
        "hour": 9,
        "minute": 34,
        "second": 39,
        "nano": 0
      }
    },
    "citySender": "Вараш",
    "cityRecipient": "Київ"
  },
  {
    "number": 59000455530247,
    "dateTime": {
      "date": {
        "year": 2019,
        "month": 10,
        "day": 17
      },
      "time": {
        "hour": 9,
        "minute": 34,
        "second": 1,
        "nano": 0
      }
    },
    "citySender": "Сватове",
    "cityRecipient": "Авангард"
  },
  {
    "number": 59000455530248,
    "dateTime": {
      "date": {
        "year": 2019,
        "month": 10,
        "day": 17
      },
      "time": {
        "hour": 9,
        "minute": 35,
        "second": 24,
        "nano": 0
      }
    },
    "citySender": "Кольчино",
    "cityRecipient": "Дачне"
  },
  {
    "number": 59000455530249,
    "dateTime": {
      "date": {
        "year": 2019,
        "month": 10,
        "day": 17
      },
      "time": {
        "hour": 9,
        "minute": 34,
        "second": 37,
        "nano": 0
      }
    },
    "citySender": "Добромиль",
    "cityRecipient": "Вінниця"
  },
  {
    "number": 59000455530250,
    "dateTime": {
      "date": {
        "year": 2019,
        "month": 10,
        "day": 17
      },
      "time": {
        "hour": 9,
        "minute": 35,
        "second": 24,
        "nano": 0
      }
    },
    "citySender": "Житомир",
    "cityRecipient": "Покров (Дніпропетровська обл.)"
  },
  {
    "number": 59000455530251,
    "dateTime": {
      "date": {
        "year": 2019,
        "month": 10,
        "day": 17
      },
      "time": {
        "hour": 9,
        "minute": 34,
        "second": 56,
        "nano": 0
      }
    },
    "citySender": "Одеса",
    "cityRecipient": "Чорноморськ"
  },
  {
    "number": 59000455530252,
    "dateTime": {
      "date": {
        "year": 2019,
        "month": 10,
        "day": 17
      },
      "time": {
        "hour": 9,
        "minute": 34,
        "second": 19,
        "nano": 0
      }
    },
    "citySender": "Сміла",
    "cityRecipient": "Вишневе"
  },
  {
    "number": 59000455530253,
    "dateTime": {
      "date": {
        "year": 2019,
        "month": 10,
        "day": 17
      },
      "time": {
        "hour": 9,
        "minute": 35,
        "second": 16,
        "nano": 0
      }
    },
    "citySender": "Камінь-Каширський",
    "cityRecipient": "Переяслав-Хмельницький"
  },
  {
    "number": 59000455530254,
    "dateTime": {
      "date": {
        "year": 2019,
        "month": 10,
        "day": 17
      },
      "time": {
        "hour": 9,
        "minute": 35,
        "second": 26,
        "nano": 0
      }
    },
    "citySender": "Царичанка",
    "cityRecipient": "Одеса"
  },
  {
    "number": 59000455530255,
    "dateTime": {
      "date": {
        "year": 2019,
        "month": 10,
        "day": 17
      },
      "time": {
        "hour": 9,
        "minute": 35,
        "second": 17,
        "nano": 0
      }
    },
    "citySender": "Слов\u0027янськ",
    "cityRecipient": "Михайлівка-Рубежівка"
  },
  {
    "number": 59000455530256,
    "dateTime": {
      "date": {
        "year": 2019,
        "month": 10,
        "day": 17
      },
      "time": {
        "hour": 9,
        "minute": 34,
        "second": 17,
        "nano": 0
      }
    },
    "citySender": "Ланівці",
    "cityRecipient": "Старий Самбір"
  },
  {
    "number": 59000455530257,
    "dateTime": {
      "date": {
        "year": 2019,
        "month": 10,
        "day": 17
      },
      "time": {
        "hour": 9,
        "minute": 35,
        "second": 26,
        "nano": 0
      }
    },
    "citySender": "Цепцевичі",
    "cityRecipient": "Одеса"
  },
  {
    "number": 59000455530258,
    "dateTime": {
      "date": {
        "year": 2019,
        "month": 10,
        "day": 17
      },
      "time": {
        "hour": 9,
        "minute": 34,
        "second": 55,
        "nano": 0
      }
    },
    "citySender": "Харків",
    "cityRecipient": "Дніпро"
  },
  {
    "number": 59000455530259,
    "dateTime": {
      "date": {
        "year": 2019,
        "month": 10,
        "day": 17
      },
      "time": {
        "hour": 9,
        "minute": 34,
        "second": 58,
        "nano": 0
      }
    },
    "citySender": "Рівне",
    "cityRecipient": "Київ"
  },
  {
    "number": 59000455530261,
    "dateTime": {
      "date": {
        "year": 2019,
        "month": 10,
        "day": 17
      },
      "time": {
        "hour": 9,
        "minute": 35,
        "second": 15,
        "nano": 0
      }
    },
    "citySender": "Демидівка",
    "cityRecipient": "Київ"
  },
  {
    "number": 59000455530262,
    "dateTime": {
      "date": {
        "year": 2019,
        "month": 10,
        "day": 17
      },
      "time": {
        "hour": 9,
        "minute": 35,
        "second": 14,
        "nano": 0
      }
    },
    "citySender": "Переяслав-Хмельницький",
    "cityRecipient": "Ржищів"
  },
  {
    "number": 59000455530263,
    "dateTime": {
      "date": {
        "year": 2019,
        "month": 10,
        "day": 17
      },
      "time": {
        "hour": 9,
        "minute": 34,
        "second": 29,
        "nano": 0
      }
    },
    "citySender": "Буча",
    "cityRecipient": "Київ"
  },
  {
    "number": 59000455530264,
    "dateTime": {
      "date": {
        "year": 2019,
        "month": 10,
        "day": 17
      },
      "time": {
        "hour": 9,
        "minute": 35,
        "second": 19,
        "nano": 0
      }
    },
    "citySender": "Сквира",
    "cityRecipient": "Рудня"
  },
  {
    "number": 59000455530265,
    "dateTime": {
      "date": {
        "year": 2019,
        "month": 10,
        "day": 17
      },
      "time": {
        "hour": 9,
        "minute": 34,
        "second": 27,
        "nano": 0
      }
    },
    "citySender": "Стрий",
    "cityRecipient": "Запоріжжя"
  },
  {
    "number": 59000455530266,
    "dateTime": {
      "date": {
        "year": 2019,
        "month": 10,
        "day": 17
      },
      "time": {
        "hour": 9,
        "minute": 35,
        "second": 5,
        "nano": 0
      }
    },
    "citySender": "Пирятин",
    "cityRecipient": "Прилуки"
  },
  {
    "number": 59000455530267,
    "dateTime": {
      "date": {
        "year": 2019,
        "month": 10,
        "day": 17
      },
      "time": {
        "hour": 9,
        "minute": 35,
        "second": 26,
        "nano": 0
      }
    },
    "citySender": "Харків",
    "cityRecipient": "Харків"
  },
  {
    "number": 59000455530268,
    "dateTime": {
      "date": {
        "year": 2019,
        "month": 10,
        "day": 17
      },
      "time": {
        "hour": 9,
        "minute": 35,
        "second": 23,
        "nano": 0
      }
    },
    "citySender": "Боярка",
    "cityRecipient": "Вишневе"
  },
  {
    "number": 59000455530269,
    "dateTime": {
      "date": {
        "year": 2019,
        "month": 10,
        "day": 17
      },
      "time": {
        "hour": 9,
        "minute": 34,
        "second": 30,
        "nano": 0
      }
    },
    "citySender": "Біла Церква",
    "cityRecipient": "Хмельницький"
  },
  {
    "number": 59000455530270,
    "dateTime": {
      "date": {
        "year": 2019,
        "month": 10,
        "day": 17
      },
      "time": {
        "hour": 9,
        "minute": 34,
        "second": 34,
        "nano": 0
      }
    },
    "citySender": "Перемишляни",
    "cityRecipient": "Київ"
  },
  {
    "number": 59000455530271,
    "dateTime": {
      "date": {
        "year": 2019,
        "month": 10,
        "day": 17
      },
      "time": {
        "hour": 9,
        "minute": 35,
        "second": 12,
        "nano": 0
      }
    },
    "citySender": "Вільшанка (Кіровоградська обл.)",
    "cityRecipient": "Теплик"
  },
  {
    "number": 59000455530272,
    "dateTime": {
      "date": {
        "year": 2019,
        "month": 10,
        "day": 17
      },
      "time": {
        "hour": 9,
        "minute": 34,
        "second": 47,
        "nano": 0
      }
    },
    "citySender": "Запоріжжя",
    "cityRecipient": "Кам\u0027янське(Дніпропетровська обл)"
  },
  {
    "number": 59000455530273,
    "dateTime": {
      "date": {
        "year": 2019,
        "month": 10,
        "day": 17
      },
      "time": {
        "hour": 9,
        "minute": 35,
        "second": 0,
        "nano": 0
      }
    },
    "citySender": "Теребовля",
    "cityRecipient": "Тернопіль"
  },
  {
    "number": 59000455530274,
    "dateTime": {
      "date": {
        "year": 2019,
        "month": 10,
        "day": 17
      },
      "time": {
        "hour": 9,
        "minute": 35,
        "second": 24,
        "nano": 0
      }
    },
    "citySender": "Чернівці",
    "cityRecipient": "Львів"
  },
  {
    "number": 59000455530275,
    "dateTime": {
      "date": {
        "year": 2019,
        "month": 10,
        "day": 17
      },
      "time": {
        "hour": 9,
        "minute": 35,
        "second": 21,
        "nano": 0
      }
    },
    "citySender": "Київ",
    "cityRecipient": "Мила"
  },
  {
    "number": 59000455530276,
    "dateTime": {
      "date": {
        "year": 2019,
        "month": 10,
        "day": 17
      },
      "time": {
        "hour": 9,
        "minute": 35,
        "second": 7,
        "nano": 0
      }
    },
    "citySender": "Гірське",
    "cityRecipient": "Київ"
  },
  {
    "number": 59000455530277,
    "dateTime": {
      "date": {
        "year": 2019,
        "month": 10,
        "day": 17
      },
      "time": {
        "hour": 9,
        "minute": 34,
        "second": 31,
        "nano": 0
      }
    },
    "citySender": "Нетішин",
    "cityRecipient": "Арциз"
  },
  {
    "number": 59000455530278,
    "dateTime": {
      "date": {
        "year": 2019,
        "month": 10,
        "day": 17
      },
      "time": {
        "hour": 9,
        "minute": 35,
        "second": 15,
        "nano": 0
      }
    },
    "citySender": "Гайсин",
    "cityRecipient": "Харків"
  },
  {
    "number": 59000455530279,
    "dateTime": {
      "date": {
        "year": 2019,
        "month": 10,
        "day": 17
      },
      "time": {
        "hour": 9,
        "minute": 35,
        "second": 28,
        "nano": 0
      }
    },
    "citySender": "Хотів",
    "cityRecipient": "Миколаїв"
  },
  {
    "number": 59000455530280,
    "dateTime": {
      "date": {
        "year": 2019,
        "month": 10,
        "day": 17
      },
      "time": {
        "hour": 9,
        "minute": 35,
        "second": 18,
        "nano": 0
      }
    },
    "citySender": "Ужгород",
    "cityRecipient": "Коломия"
  },
  {
    "number": 59000455530281,
    "dateTime": {
      "date": {
        "year": 2019,
        "month": 10,
        "day": 17
      },
      "time": {
        "hour": 9,
        "minute": 35,
        "second": 30,
        "nano": 0
      }
    },
    "citySender": "Пирогівці",
    "cityRecipient": "Крижопіль"
  },
  {
    "number": 59000455530282,
    "dateTime": {
      "date": {
        "year": 2019,
        "month": 10,
        "day": 17
      },
      "time": {
        "hour": 9,
        "minute": 34,
        "second": 57,
        "nano": 0
      }
    },
    "citySender": "Одеса",
    "cityRecipient": "Станиця Луганська"
  },
  {
    "number": 59000455530283,
    "dateTime": {
      "date": {
        "year": 2019,
        "month": 10,
        "day": 17
      },
      "time": {
        "hour": 9,
        "minute": 35,
        "second": 19,
        "nano": 0
      }
    },
    "citySender": "Славута",
    "cityRecipient": "Синельникове"
  },
  {
    "number": 59000455530284,
    "dateTime": {
      "date": {
        "year": 2019,
        "month": 10,
        "day": 17
      },
      "time": {
        "hour": 9,
        "minute": 35,
        "second": 29,
        "nano": 0
      }
    },
    "citySender": "Велика Писарівка",
    "cityRecipient": "Харків"
  },
  {
    "number": 59000455530285,
    "dateTime": {
      "date": {
        "year": 2019,
        "month": 10,
        "day": 17
      },
      "time": {
        "hour": 9,
        "minute": 35,
        "second": 28,
        "nano": 0
      }
    },
    "citySender": "Печеніги",
    "cityRecipient": "Київ"
  },
  {
    "number": 59000455530286,
    "dateTime": {
      "date": {
        "year": 2019,
        "month": 10,
        "day": 17
      },
      "time": {
        "hour": 9,
        "minute": 35,
        "second": 6,
        "nano": 0
      }
    },
    "citySender": "Миколаїв",
    "cityRecipient": "Київ"
  },
  {
    "number": 59000455530287,
    "dateTime": {
      "date": {
        "year": 2019,
        "month": 10,
        "day": 17
      },
      "time": {
        "hour": 9,
        "minute": 35,
        "second": 28,
        "nano": 0
      }
    },
    "citySender": "Чугуїв",
    "cityRecipient": "Кропивницький"
  }
]