[
  {
    "number": 59000455534085,
    "dateTime": {
      "date": {
        "year": 2019,
        "month": 10,
        "day": 17
      },
      "time": {
        "hour": 9,
        "minute": 47,
        "second": 49,
        "nano": 0
      }
    },
    "citySender": "Старе",
    "cityRecipient": "Бровари"
  },
  {
    "number": 59000455534086,
    "dateTime": {
      "date": {
        "year": 2019,
        "month": 10,
        "day": 17
      },
      "time": {
        "hour": 9,
        "minute": 47,
        "second": 19,
        "nano": 0
      }
    },
    "citySender": "Харків",
    "cityRecipient": "Кривий Ріг"
  },
  {
    "number": 59000455534088,
    "dateTime": {
      "date": {
        "year": 2019,
        "month": 10,
        "day": 17
      },
      "time": {
        "hour": 9,
        "minute": 47,
        "second": 42,
        "nano": 0
      }
    },
    "citySender": "Верхівцеве",
    "cityRecipient": "Київ"
  },
  {
    "number": 59000455534089,
    "dateTime": {
      "date": {
        "year": 2019,
        "month": 10,
        "day": 17
      },
      "time": {
        "hour": 9,
        "minute": 47,
        "second": 38,
        "nano": 0
      }
    },
    "citySender": "Олександрія (м.Кіровогр.обл.райц)",
    "cityRecipient": "Львів"
  },
  {
    "number": 59000455534090,
    "dateTime": {
      "date": {
        "year": 2019,
        "month": 10,
        "day": 17
      },
      "time": {
        "hour": 9,
        "minute": 47,
        "second": 23,
        "nano": 0
      }
    },
    "citySender": "Кропивницький",
    "cityRecipient": "Харків"
  },
  {
    "number": 59000455534091,
    "dateTime": {
      "date": {
        "year": 2019,
        "month": 10,
        "day": 17
      },
      "time": {
        "hour": 9,
        "minute": 47,
        "second": 37,
        "nano": 0
      }
    },
    "citySender": "Первомайськ(Микол.обл.Первомайс.р-н)",
    "cityRecipient": "Одеса"
  },
  {
    "number": 59000455534092,
    "dateTime": {
      "date": {
        "year": 2019,
        "month": 10,
        "day": 17
      },
      "time": {
        "hour": 9,
        "minute": 47,
        "second": 22,
        "nano": 0
      }
    },
    "citySender": "Харків",
    "cityRecipient": "Лисичанськ"
  },
  {
    "number": 59000455534093,
    "dateTime": {
      "date": {
        "year": 2019,
        "month": 10,
        "day": 17
      },
      "time": {
        "hour": 9,
        "minute": 47,
        "second": 47,
        "nano": 0
      }
    },
    "citySender": "Кобилецька Поляна",
    "cityRecipient": "Одеса"
  },
  {
    "number": 59000455534094,
    "dateTime": {
      "date": {
        "year": 2019,
        "month": 10,
        "day": 17
      },
      "time": {
        "hour": 9,
        "minute": 47,
        "second": 45,
        "nano": 0
      }
    },
    "citySender": "Житомир",
    "cityRecipient": "Одеса"
  },
  {
    "number": 59000455534095,
    "dateTime": {
      "date": {
        "year": 2019,
        "month": 10,
        "day": 17
      },
      "time": {
        "hour": 9,
        "minute": 47,
        "second": 52,
        "nano": 0
      }
    },
    "citySender": "Олексієво-Дружківка",
    "cityRecipient": "Вільногірськ"
  },
  {
    "number": 59000455534096,
    "dateTime": {
      "date": {
        "year": 2019,
        "month": 10,
        "day": 17
      },
      "time": {
        "hour": 9,
        "minute": 47,
        "second": 51,
        "nano": 0
      }
    },
    "citySender": "Зарічне(Рівненська обл.)",
    "cityRecipient": "Одеса"
  },
  {
    "number": 59000455534097,
    "dateTime": {
      "date": {
        "year": 2019,
        "month": 10,
        "day": 17
      },
      "time": {
        "hour": 9,
        "minute": 47,
        "second": 35,
        "nano": 0
      }
    },
    "citySender": "Хорол",
    "cityRecipient": "Київ"
  },
  {
    "number": 59000455534098,
    "dateTime": {
      "date": {
        "year": 2019,
        "month": 10,
        "day": 17
      },
      "time": {
        "hour": 9,
        "minute": 47,
        "second": 43,
        "nano": 0
      }
    },
    "citySender": "Вишневе",
    "cityRecipient": "Новоград-Волинський"
  },
  {
    "number": 59000455534099,
    "dateTime": {
      "date": {
        "year": 2019,
        "month": 10,
        "day": 17
      },
      "time": {
        "hour": 9,
        "minute": 47,
        "second": 36,
        "nano": 0
      }
    },
    "citySender": "Старокостянтинів",
    "cityRecipient": "Луцьк"
  },
  {
    "number": 59000455534100,
    "dateTime": {
      "date": {
        "year": 2019,
        "month": 10,
        "day": 17
      },
      "time": {
        "hour": 9,
        "minute": 47,
        "second": 45,
        "nano": 0
      }
    },
    "citySender": "Дніпро",
    "cityRecipient": "Кременчук"
  },
  {
    "number": 59000455534101,
    "dateTime": {
      "date": {
        "year": 2019,
        "month": 10,
        "day": 17
      },
      "time": {
        "hour": 9,
        "minute": 47,
        "second": 10,
        "nano": 0
      }
    },
    "citySender": "Жовті Води",
    "cityRecipient": "Київ"
  },
  {
    "number": 59000455534102,
    "dateTime": {
      "date": {
        "year": 2019,
        "month": 10,
        "day": 17
      },
      "time": {
        "hour": 9,
        "minute": 47,
        "second": 49,
        "nano": 0
      }
    },
    "citySender": "Коростишів",
    "cityRecipient": "Дніпро"
  },
  {
    "number": 59000455534103,
    "dateTime": {
      "date": {
        "year": 2019,
        "month": 10,
        "day": 17
      },
      "time": {
        "hour": 9,
        "minute": 47,
        "second": 49,
        "nano": 0
      }
    },
    "citySender": "Київ",
    "cityRecipient": "Одеса"
  },
  {
    "number": 59000455534104,
    "dateTime": {
      "date": {
        "year": 2019,
        "month": 10,
        "day": 17
      },
      "time": {
        "hour": 9,
        "minute": 47,
        "second": 42,
        "nano": 0
      }
    },
    "citySender": "Торговиця (Кіровоградська обл.)",
    "cityRecipient": "Городище (Рівненський р-н., Рівненська обл.)"
  },
  {
    "number": 59000455534105,
    "dateTime": {
      "date": {
        "year": 2019,
        "month": 10,
        "day": 17
      },
      "time": {
        "hour": 9,
        "minute": 46,
        "second": 26,
        "nano": 0
      }
    },
    "citySender": "Кривий Ріг",
    "cityRecipient": "Болград (Одеська обл.)"
  },
  {
    "number": 59000455534106,
    "dateTime": {
      "date": {
        "year": 2019,
        "month": 10,
        "day": 17
      },
      "time": {
        "hour": 9,
        "minute": 47,
        "second": 33,
        "nano": 0
      }
    },
    "citySender": "Дніпровське",
    "cityRecipient": "Куп\u0027янськ"
  },
  {
    "number": 59000455534107,
    "dateTime": {
      "date": {
        "year": 2019,
        "month": 10,
        "day": 17
      },
      "time": {
        "hour": 9,
        "minute": 47,
        "second": 49,
        "nano": 0
      }
    },
    "citySender": "Київ",
    "cityRecipient": "Київ"
  },
  {
    "number": 59000455534109,
    "dateTime": {
      "date": {
        "year": 2019,
        "month": 10,
        "day": 17
      },
      "time": {
        "hour": 9,
        "minute": 47,
        "second": 35,
        "nano": 0
      }
    },
    "citySender": "Могилів-Подільський",
    "cityRecipient": "Харків"
  },
  {
    "number": 59000455534110,
    "dateTime": {
      "date": {
        "year": 2019,
        "month": 10,
        "day": 17
      },
      "time": {
        "hour": 9,
        "minute": 47,
        "second": 36,
        "nano": 0
      }
    },
    "citySender": "Пирятин",
    "cityRecipient": "Кам\u0027янське(Дніпропетровська обл)"
  },
  {
    "number": 59000455534111,
    "dateTime": {
      "date": {
        "year": 2019,
        "month": 10,
        "day": 17
      },
      "time": {
        "hour": 9,
        "minute": 47,
        "second": 35,
        "nano": 0
      }
    },
    "citySender": "Кам\u0027янське(Дніпропетровська обл)",
    "cityRecipient": "Дніпро"
  },
  {
    "number": 59000455534112,
    "dateTime": {
      "date": {
        "year": 2019,
        "month": 10,
        "day": 17
      },
      "time": {
        "hour": 9,
        "minute": 47,
        "second": 10,
        "nano": 0
      }
    },
    "citySender": "Олександрія (м.Кіровогр.обл.райц)",
    "cityRecipient": "Миколаїв"
  },
  {
    "number": 59000455534113,
    "dateTime": {
      "date": {
        "year": 2019,
        "month": 10,
        "day": 17
      },
      "time": {
        "hour": 9,
        "minute": 47,
        "second": 39,
        "nano": 0
      }
    },
    "citySender": "Любешів",
    "cityRecipient": "Яворів"
  },
  {
    "number": 59000455534114,
    "dateTime": {
      "date": {
        "year": 2019,
        "month": 10,
        "day": 17
      },
      "time": {
        "hour": 9,
        "minute": 47,
        "second": 31,
        "nano": 0
      }
    },
    "citySender": "Львів",
    "cityRecipient": "Київ"
  },
  {
    "number": 59000455534115,
    "dateTime": {
      "date": {
        "year": 2019,
        "month": 10,
        "day": 17
      },
      "time": {
        "hour": 9,
        "minute": 46,
        "second": 57,
        "nano": 0
      }
    },
    "citySender": "Миколаїв",
    "cityRecipient": "Нова Каховка"
  },
  {
    "number": 59000455534116,
    "dateTime": {
      "date": {
        "year": 2019,
        "month": 10,
        "day": 17
      },
      "time": {
        "hour": 9,
        "minute": 47,
        "second": 52,
        "nano": 0
      }
    },
    "citySender": "Конотоп",
    "cityRecipient": "Конотоп"
  },
  {
    "number": 59000455534117,
    "dateTime": {
      "date": {
        "year": 2019,
        "month": 10,
        "day": 17
      },
      "time": {
        "hour": 9,
        "minute": 47,
        "second": 55,
        "nano": 0
      }
    },
    "citySender": "Немирів (Вінницька обл.)",
    "cityRecipient": "Іллінці"
  },
  {
    "number": 59000455534118,
    "dateTime": {
      "date": {
        "year": 2019,
        "month": 10,
        "day": 17
      },
      "time": {
        "hour": 9,
        "minute": 47,
        "second": 40,
        "nano": 0
      }
    },
    "citySender": "Вишгород",
    "cityRecipient": "Київ"
  },
  {
    "number": 59000455534119,
    "dateTime": {
      "date": {
        "year": 2019,
        "month": 10,
        "day": 17
      },
      "time": {
        "hour": 9,
        "minute": 47,
        "second": 29,
        "nano": 0
      }
    },
    "citySender": "Почаїв",
    "cityRecipient": "Глобине"
  },
  {
    "number": 59000455534120,
    "dateTime": {
      "date": {
        "year": 2019,
        "month": 10,
        "day": 17
      },
      "time": {
        "hour": 9,
        "minute": 47,
        "second": 53,
        "nano": 0
      }
    },
    "citySender": "Боярка",
    "cityRecipient": "Шостка"
  },
  {
    "number": 59000455534121,
    "dateTime": {
      "date": {
        "year": 2019,
        "month": 10,
        "day": 17
      },
      "time": {
        "hour": 9,
        "minute": 47,
        "second": 49,
        "nano": 0
      }
    },
    "citySender": "Гайсин",
    "cityRecipient": "Рожнятів"
  },
  {
    "number": 59000455534122,
    "dateTime": {
      "date": {
        "year": 2019,
        "month": 10,
        "day": 17
      },
      "time": {
        "hour": 9,
        "minute": 47,
        "second": 8,
        "nano": 0
      }
    },
    "citySender": "Пісківка",
    "cityRecipient": "Біленьке(Запорізька обл.)"
  },
  {
    "number": 59000455534123,
    "dateTime": {
      "date": {
        "year": 2019,
        "month": 10,
        "day": 17
      },
      "time": {
        "hour": 9,
        "minute": 47,
        "second": 36,
        "nano": 0
      }
    },
    "citySender": "Ковель",
    "cityRecipient": "Київ"
  },
  {
    "number": 59000455534124,
    "dateTime": {
      "date": {
        "year": 2019,
        "month": 10,
        "day": 17
      },
      "time": {
        "hour": 9,
        "minute": 47,
        "second": 31,
        "nano": 0
      }
    },
    "citySender": "Олешки(Херсонська обл)",
    "cityRecipient": "Запоріжжя"
  },
  {
    "number": 59000455534125,
    "dateTime": {
      "date": {
        "year": 2019,
        "month": 10,
        "day": 17
      },
      "time": {
        "hour": 9,
        "minute": 47,
        "second": 37,
        "nano": 0
      }
    },
    "citySender": "Шаян",
    "cityRecipient": "Миколаїв"
  },
  {
    "number": 59000455534126,
    "dateTime": {
      "date": {
        "year": 2019,
        "month": 10,
        "day": 17
      },
      "time": {
        "hour": 9,
        "minute": 47,
        "second": 51,
        "nano": 0
      }
    },
    "citySender": "Добросин",
    "cityRecipient": "Київ"
  },
  {
    "number": 59000455534127,
    "dateTime": {
      "date": {
        "year": 2019,
        "month": 10,
        "day": 17
      },
      "time": {
        "hour": 9,
        "minute": 47,
        "second": 18,
        "nano": 0
      }
    },
    "citySender": "Нова Каховка",
    "cityRecipient": "Одеса"
  },
  {
    "number": 59000455534128,
    "dateTime": {
      "date": {
        "year": 2019,
        "month": 10,
        "day": 17
      },
      "time": {
        "hour": 9,
        "minute": 47,
        "second": 27,
        "nano": 0
      }
    },
    "citySender": "Кремінна",
    "cityRecipient": "Київ"
  },
  {
    "number": 59000455534129,
    "dateTime": {
      "date": {
        "year": 2019,
        "month": 10,
        "day": 17
      },
      "time": {
        "hour": 9,
        "minute": 47,
        "second": 36,
        "nano": 0
      }
    },
    "citySender": "Павлоград",
    "cityRecipient": "Київ"
  },
  {
    "number": 59000455534130,
    "dateTime": {
      "date": {
        "year": 2019,
        "month": 10,
        "day": 17
      },
      "time": {
        "hour": 9,
        "minute": 46,
        "second": 32,
        "nano": 0
      }
    },
    "citySender": "Олександрія (м.Кіровогр.обл.райц)",
    "cityRecipient": "Білозір\u0027я"
  },
  {
    "number": 59000455534131,
    "dateTime": {
      "date": {
        "year": 2019,
        "month": 10,
        "day": 17
      },
      "time": {
        "hour": 9,
        "minute": 47,
        "second": 24,
        "nano": 0
      }
    },
    "citySender": "Івано-Франківськ",
    "cityRecipient": "Київ"
  },
  {
    "number": 59000455534132,
    "dateTime": {
      "date": {
        "year": 2019,
        "month": 10,
        "day": 17
      },
      "time": {
        "hour": 9,
        "minute": 46,
        "second": 53,
        "nano": 0
      }
    },
    "citySender": "Чортків",
    "cityRecipient": "Одеса"
  },
  {
    "number": 59000455534133,
    "dateTime": {
      "date": {
        "year": 2019,
        "month": 10,
        "day": 17
      },
      "time": {
        "hour": 9,
        "minute": 45,
        "second": 38,
        "nano": 0
      }
    },
    "citySender": "Березнегувате",
    "cityRecipient": "Миколаїв"
  },
  {
    "number": 59000455534134,
    "dateTime": {
      "date": {
        "year": 2019,
        "month": 10,
        "day": 17
      },
      "time": {
        "hour": 9,
        "minute": 47,
        "second": 34,
        "nano": 0
      }
    },
    "citySender": "Київ",
    "cityRecipient": "Харків"
  },
  {
    "number": 59000455534136,
    "dateTime": {
      "date": {
        "year": 2019,
        "month": 10,
        "day": 17
      },
      "time": {
        "hour": 9,
        "minute": 46,
        "second": 58,
        "nano": 0
      }
    },
    "citySender": "Полтава",
    "cityRecipient": "Ялта (Донецька обл.)"
  },
  {
    "number": 59000455534137,
    "dateTime": {
      "date": {
        "year": 2019,
        "month": 10,
        "day": 17
      },
      "time": {
        "hour": 9,
        "minute": 47,
        "second": 57,
        "nano": 0
      }
    },
    "citySender": "Дуліби",
    "cityRecipient": "Хмельницький"
  },
  {
    "number": 59000455534138,
    "dateTime": {
      "date": {
        "year": 2019,
        "month": 10,
        "day": 17
      },
      "time": {
        "hour": 9,
        "minute": 47,
        "second": 50,
        "nano": 0
      }
    },
    "citySender": "Харків",
    "cityRecipient": "Мелітополь"
  },
  {
    "number": 59000455534139,
    "dateTime": {
      "date": {
        "year": 2019,
        "month": 10,
        "day": 17
      },
      "time": {
        "hour": 9,
        "minute": 47,
        "second": 42,
        "nano": 0
      }
    },
    "citySender": "Дніпро",
    "cityRecipient": "Буча"
  },
  {
    "number": 59000455534140,
    "dateTime": {
      "date": {
        "year": 2019,
        "month": 10,
        "day": 17
      },
      "time": {
        "hour": 9,
        "minute": 47,
        "second": 58,
        "nano": 0
      }
    },
    "citySender": "Запоріжжя",
    "cityRecipient": "Київ"
  },
  {
    "number": 59000455534141,
    "dateTime": {
      "date": {
        "year": 2019,
        "month": 10,
        "day": 17
      },
      "time": {
        "hour": 9,
        "minute": 47,
        "second": 18,
        "nano": 0
      }
    },
    "citySender": "Ясногірка",
    "cityRecipient": "Кривий Ріг"
  },
  {
    "number": 59000455534142,
    "dateTime": {
      "date": {
        "year": 2019,
        "month": 10,
        "day": 17
      },
      "time": {
        "hour": 9,
        "minute": 46,
        "second": 59,
        "nano": 0
      }
    },
    "citySender": "Борова (Київська обл.)",
    "cityRecipient": "Дунаїв"
  },
  {
    "number": 59000455534143,
    "dateTime": {
      "date": {
        "year": 2019,
        "month": 10,
        "day": 17
      },
      "time": {
        "hour": 9,
        "minute": 48,
        "second": 0,
        "nano": 0
      }
    },
    "citySender": "Нова Каховка",
    "cityRecipient": "Дніпро"
  },
  {
    "number": 59000455534144,
    "dateTime": {
      "date": {
        "year": 2019,
        "month": 10,
        "day": 17
      },
      "time": {
        "hour": 9,
        "minute": 47,
        "second": 50,
        "nano": 0
      }
    },
    "citySender": "Київ",
    "cityRecipient": "Волноваха"
  },
  {
    "number": 59000455534145,
    "dateTime": {
      "date": {
        "year": 2019,
        "month": 10,
        "day": 17
      },
      "time": {
        "hour": 9,
        "minute": 47,
        "second": 25,
        "nano": 0
      }
    },
    "citySender": "Узин",
    "cityRecipient": "Чугуїв"
  },
  {
    "number": 59000455534146,
    "dateTime": {
      "date": {
        "year": 2019,
        "month": 10,
        "day": 17
      },
      "time": {
        "hour": 9,
        "minute": 47,
        "second": 44,
        "nano": 0
      }
    },
    "citySender": "Балта",
    "cityRecipient": "Київ"
  },
  {
    "number": 59000455534147,
    "dateTime": {
      "date": {
        "year": 2019,
        "month": 10,
        "day": 17
      },
      "time": {
        "hour": 9,
        "minute": 46,
        "second": 40,
        "nano": 0
      }
    },
    "citySender": "Одеса",
    "cityRecipient": "Новгородське (Донецька обл.)"
  },
  {
    "number": 59000455534148,
    "dateTime": {
      "date": {
        "year": 2019,
        "month": 10,
        "day": 17
      },
      "time": {
        "hour": 9,
        "minute": 47,
        "second": 59,
        "nano": 0
      }
    },
    "citySender": "Київ",
    "cityRecipient": "Маріуполь"
  },
  {
    "number": 59000455534149,
    "dateTime": {
      "date": {
        "year": 2019,
        "month": 10,
        "day": 17
      },
      "time": {
        "hour": 9,
        "minute": 47,
        "second": 9,
        "nano": 0
      }
    },
    "citySender": "Верхній Рогачик",
    "cityRecipient": "Київ"
  },
  {
    "number": 59000455534150,
    "dateTime": {
      "date": {
        "year": 2019,
        "month": 10,
        "day": 17
      },
      "time": {
        "hour": 9,
        "minute": 47,
        "second": 49,
        "nano": 0
      }
    },
    "citySender": "Кременчук",
    "cityRecipient": "Дніпро"
  },
  {
    "number": 59000455534151,
    "dateTime": {
      "date": {
        "year": 2019,
        "month": 10,
        "day": 17
      },
      "time": {
        "hour": 9,
        "minute": 47,
        "second": 41,
        "nano": 0
      }
    },
    "citySender": "Крихівці",
    "cityRecipient": "Київ"
  },
  {
    "number": 59000455534152,
    "dateTime": {
      "date": {
        "year": 2019,
        "month": 10,
        "day": 17
      },
      "time": {
        "hour": 9,
        "minute": 47,
        "second": 30,
        "nano": 0
      }
    },
    "citySender": "Берислав (Херсонська обл.)",
    "cityRecipient": "Нововоронцовка"
  },
  {
    "number": 59000455534153,
    "dateTime": {
      "date": {
        "year": 2019,
        "month": 10,
        "day": 17
      },
      "time": {
        "hour": 9,
        "minute": 47,
        "second": 57,
        "nano": 0
      }
    },
    "citySender": "Строганівка",
    "cityRecipient": "Одеса"
  },
  {
    "number": 59000455534154,
    "dateTime": {
      "date": {
        "year": 2019,
        "month": 10,
        "day": 17
      },
      "time": {
        "hour": 9,
        "minute": 47,
        "second": 56,
        "nano": 0
      }
    },
    "citySender": "Київ",
    "cityRecipient": "Київ"
  },
  {
    "number": 59000455534155,
    "dateTime": {
      "date": {
        "year": 2019,
        "month": 10,
        "day": 17
      },
      "time": {
        "hour": 9,
        "minute": 47,
        "second": 55,
        "nano": 0
      }
    },
    "citySender": "Чернівці",
    "cityRecipient": "Одеса"
  },
  {
    "number": 59000455534156,
    "dateTime": {
      "date": {
        "year": 2019,
        "month": 10,
        "day": 17
      },
      "time": {
        "hour": 9,
        "minute": 48,
        "second": 0,
        "nano": 0
      }
    },
    "citySender": "Басівка",
    "cityRecipient": "Билбасівка"
  },
  {
    "number": 59000455534157,
    "dateTime": {
      "date": {
        "year": 2019,
        "month": 10,
        "day": 17
      },
      "time": {
        "hour": 9,
        "minute": 47,
        "second": 43,
        "nano": 0
      }
    },
    "citySender": "Одеса",
    "cityRecipient": "Ізмаїл"
  },
  {
    "number": 59000455534158,
    "dateTime": {
      "date": {
        "year": 2019,
        "month": 10,
        "day": 17
      },
      "time": {
        "hour": 9,
        "minute": 48,
        "second": 4,
        "nano": 0
      }
    },
    "citySender": "Ружин",
    "cityRecipient": "Рівне"
  },
  {
    "number": 59000455534159,
    "dateTime": {
      "date": {
        "year": 2019,
        "month": 10,
        "day": 17
      },
      "time": {
        "hour": 9,
        "minute": 48,
        "second": 4,
        "nano": 0
      }
    },
    "citySender": "Київ",
    "cityRecipient": "Київ"
  },
  {
    "number": 59000455534160,
    "dateTime": {
      "date": {
        "year": 2019,
        "month": 10,
        "day": 17
      },
      "time": {
        "hour": 9,
        "minute": 47,
        "second": 33,
        "nano": 0
      }
    },
    "citySender": "Подільськ",
    "cityRecipient": "Одеса"
  },
  {
    "number": 59000455534161,
    "dateTime": {
      "date": {
        "year": 2019,
        "month": 10,
        "day": 17
      },
      "time": {
        "hour": 9,
        "minute": 47,
        "second": 51,
        "nano": 0
      }
    },
    "citySender": "Первомайськ(Микол.обл.Первомайс.р-н)",
    "cityRecipient": "Зарванці"
  },
  {
    "number": 59000455534162,
    "dateTime": {
      "date": {
        "year": 2019,
        "month": 10,
        "day": 17
      },
      "time": {
        "hour": 9,
        "minute": 47,
        "second": 50,
        "nano": 0
      }
    },
    "citySender": "Турійськ",
    "cityRecipient": "Стрий"
  },
  {
    "number": 59000455534163,
    "dateTime": {
      "date": {
        "year": 2019,
        "month": 10,
        "day": 17
      },
      "time": {
        "hour": 9,
        "minute": 47,
        "second": 37,
        "nano": 0
      }
    },
    "citySender": "Маневичі",
    "cityRecipient": "Запоріжжя"
  },
  {
    "number": 59000455534164,
    "dateTime": {
      "date": {
        "year": 2019,
        "month": 10,
        "day": 17
      },
      "time": {
        "hour": 9,
        "minute": 48,
        "second": 0,
        "nano": 0
      }
    },
    "citySender": "Літин",
    "cityRecipient": "Вишневе"
  },
  {
    "number": 59000455534165,
    "dateTime": {
      "date": {
        "year": 2019,
        "month": 10,
        "day": 17
      },
      "time": {
        "hour": 9,
        "minute": 48,
        "second": 5,
        "nano": 0
      }
    },
    "citySender": "Калуш",
    "cityRecipient": "Львів"
  },
  {
    "number": 59000455534166,
    "dateTime": {
      "date": {
        "year": 2019,
        "month": 10,
        "day": 17
      },
      "time": {
        "hour": 9,
        "minute": 47,
        "second": 30,
        "nano": 0
      }
    },
    "citySender": "Стрий",
    "cityRecipient": "Київ"
  },
  {
    "number": 59000455534167,
    "dateTime": {
      "date": {
        "year": 2019,
        "month": 10,
        "day": 17
      },
      "time": {
        "hour": 9,
        "minute": 47,
        "second": 36,
        "nano": 0
      }
    },
    "citySender": "Херсон",
    "cityRecipient": "Полтава"
  },
  {
    "number": 59000455534168,
    "dateTime": {
      "date": {
        "year": 2019,
        "month": 10,
        "day": 17
      },
      "time": {
        "hour": 9,
        "minute": 47,
        "second": 53,
        "nano": 0
      }
    },
    "citySender": "Харків",
    "cityRecipient": "Дніпро"
  },
  {
    "number": 59000455534169,
    "dateTime": {
      "date": {
        "year": 2019,
        "month": 10,
        "day": 17
      },
      "time": {
        "hour": 9,
        "minute": 47,
        "second": 41,
        "nano": 0
      }
    },
    "citySender": "Прилуки",
    "cityRecipient": "Середина-Буда"
  },
  {
    "number": 59000455534170,
    "dateTime": {
      "date": {
        "year": 2019,
        "month": 10,
        "day": 17
      },
      "time": {
        "hour": 9,
        "minute": 47,
        "second": 57,
        "nano": 0
      }
    },
    "citySender": "Нововолинськ",
    "cityRecipient": "Харків"
  },
  {
    "number": 59000455534171,
    "dateTime": {
      "date": {
        "year": 2019,
        "month": 10,
        "day": 17
      },
      "time": {
        "hour": 9,
        "minute": 47,
        "second": 34,
        "nano": 0
      }
    },
    "citySender": "Львів",
    "cityRecipient": "Київ"
  },
  {
    "number": 59000455534172,
    "dateTime": {
      "date": {
        "year": 2019,
        "month": 10,
        "day": 17
      },
      "time": {
        "hour": 9,
        "minute": 47,
        "second": 21,
        "nano": 0
      }
    },
    "citySender": "Кривий Ріг",
    "cityRecipient": "Дніпро"
  },
  {
    "number": 59000455534173,
    "dateTime": {
      "date": {
        "year": 2019,
        "month": 10,
        "day": 17
      },
      "time": {
        "hour": 9,
        "minute": 44,
        "second": 10,
        "nano": 0
      }
    },
    "citySender": "Славутич",
    "cityRecipient": "Київ"
  },
  {
    "number": 59000455534174,
    "dateTime": {
      "date": {
        "year": 2019,
        "month": 10,
        "day": 17
      },
      "time": {
        "hour": 9,
        "minute": 47,
        "second": 42,
        "nano": 0
      }
    },
    "citySender": "Мостиська",
    "cityRecipient": "Київ"
  },
  {
    "number": 59000455534175,
    "dateTime": {
      "date": {
        "year": 2019,
        "month": 10,
        "day": 17
      },
      "time": {
        "hour": 9,
        "minute": 46,
        "second": 25,
        "nano": 0
      }
    },
    "citySender": "Завалля (Кіровоград. обл)",
    "cityRecipient": "Одеса"
  },
  {
    "number": 59000455534176,
    "dateTime": {
      "date": {
        "year": 2019,
        "month": 10,
        "day": 17
      },
      "time": {
        "hour": 9,
        "minute": 48,
        "second": 9,
        "nano": 0
      }
    },
    "citySender": "Берестечко",
    "cityRecipient": "Харків"
  },
  {
    "number": 59000455534177,
    "dateTime": {
      "date": {
        "year": 2019,
        "month": 10,
        "day": 17
      },
      "time": {
        "hour": 9,
        "minute": 48,
        "second": 2,
        "nano": 0
      }
    },
    "citySender": "Новоград-Волинський",
    "cityRecipient": "Львів"
  },
  {
    "number": 59000455534178,
    "dateTime": {
      "date": {
        "year": 2019,
        "month": 10,
        "day": 17
      },
      "time": {
        "hour": 9,
        "minute": 47,
        "second": 29,
        "nano": 0
      }
    },
    "citySender": "Львів",
    "cityRecipient": "Київ"
  },
  {
    "number": 59000455534179,
    "dateTime": {
      "date": {
        "year": 2019,
        "month": 10,
        "day": 17
      },
      "time": {
        "hour": 9,
        "minute": 47,
        "second": 42,
        "nano": 0
      }
    },
    "citySender": "Київ",
    "cityRecipient": "Харків"
  },
  {
    "number": 59000455534181,
    "dateTime": {
      "date": {
        "year": 2019,
        "month": 10,
        "day": 17
      },
      "time": {
        "hour": 9,
        "minute": 48,
        "second": 9,
        "nano": 0
      }
    },
    "citySender": "Жовті Води",
    "cityRecipient": "Харків"
  },
  {
    "number": 59000455534182,
    "dateTime": {
      "date": {
        "year": 2019,
        "month": 10,
        "day": 17
      },
      "time": {
        "hour": 9,
        "minute": 48,
        "second": 9,
        "nano": 0
      }
    },
    "citySender": "Війтівка",
    "cityRecipient": "Березівка"
  },
  {
    "number": 59000455534183,
    "dateTime": {
      "date": {
        "year": 2019,
        "month": 10,
        "day": 17
      },
      "time": {
        "hour": 9,
        "minute": 47,
        "second": 12,
        "nano": 0
      }
    },
    "citySender": "Бурштин",
    "cityRecipient": "Слов\u0027янськ"
  },
  {
    "number": 59000455534184,
    "dateTime": {
      "date": {
        "year": 2019,
        "month": 10,
        "day": 17
      },
      "time": {
        "hour": 9,
        "minute": 48,
        "second": 4,
        "nano": 0
      }
    },
    "citySender": "Дніпро",
    "cityRecipient": "Буча"
  }
]