[
  {
    "number": 59000455530786,
    "dateTime": {
      "date": {
        "year": 2019,
        "month": 10,
        "day": 17
      },
      "time": {
        "hour": 9,
        "minute": 37,
        "second": 8,
        "nano": 0
      }
    },
    "citySender": "Одеса",
    "cityRecipient": "Київ"
  },
  {
    "number": 59000455530787,
    "dateTime": {
      "date": {
        "year": 2019,
        "month": 10,
        "day": 17
      },
      "time": {
        "hour": 9,
        "minute": 36,
        "second": 45,
        "nano": 0
      }
    },
    "citySender": "Полтава",
    "cityRecipient": "Запоріжжя"
  },
  {
    "number": 59000455530788,
    "dateTime": {
      "date": {
        "year": 2019,
        "month": 10,
        "day": 17
      },
      "time": {
        "hour": 9,
        "minute": 37,
        "second": 4,
        "nano": 0
      }
    },
    "citySender": "Петрове (Одеська обл.)",
    "cityRecipient": "Петрове (Петрівський р-н., Кіровоградська обл)"
  },
  {
    "number": 59000455530789,
    "dateTime": {
      "date": {
        "year": 2019,
        "month": 10,
        "day": 17
      },
      "time": {
        "hour": 9,
        "minute": 35,
        "second": 36,
        "nano": 0
      }
    },
    "citySender": "Каховка",
    "cityRecipient": "Чорноморськ"
  },
  {
    "number": 59000455530791,
    "dateTime": {
      "date": {
        "year": 2019,
        "month": 10,
        "day": 17
      },
      "time": {
        "hour": 9,
        "minute": 36,
        "second": 20,
        "nano": 0
      }
    },
    "citySender": "Дніпро",
    "cityRecipient": "Рівне"
  },
  {
    "number": 59000455530792,
    "dateTime": {
      "date": {
        "year": 2019,
        "month": 10,
        "day": 17
      },
      "time": {
        "hour": 9,
        "minute": 36,
        "second": 48,
        "nano": 0
      }
    },
    "citySender": "Одеса",
    "cityRecipient": "Дніпро"
  },
  {
    "number": 59000455530793,
    "dateTime": {
      "date": {
        "year": 2019,
        "month": 10,
        "day": 17
      },
      "time": {
        "hour": 9,
        "minute": 37,
        "second": 7,
        "nano": 0
      }
    },
    "citySender": "Запоріжжя",
    "cityRecipient": "Київ"
  },
  {
    "number": 59000455530795,
    "dateTime": {
      "date": {
        "year": 2019,
        "month": 10,
        "day": 17
      },
      "time": {
        "hour": 9,
        "minute": 37,
        "second": 3,
        "nano": 0
      }
    },
    "citySender": "Борщів",
    "cityRecipient": "Полтава"
  },
  {
    "number": 59000455530796,
    "dateTime": {
      "date": {
        "year": 2019,
        "month": 10,
        "day": 17
      },
      "time": {
        "hour": 9,
        "minute": 37,
        "second": 2,
        "nano": 0
      }
    },
    "citySender": "Київ",
    "cityRecipient": "Просяна (Покровський р-н)"
  },
  {
    "number": 59000455530797,
    "dateTime": {
      "date": {
        "year": 2019,
        "month": 10,
        "day": 17
      },
      "time": {
        "hour": 9,
        "minute": 36,
        "second": 5,
        "nano": 0
      }
    },
    "citySender": "Покровськ (Донецька обл.)",
    "cityRecipient": "Нікольське (Володарський р-н., Донецька обл.)"
  },
  {
    "number": 59000455530798,
    "dateTime": {
      "date": {
        "year": 2019,
        "month": 10,
        "day": 17
      },
      "time": {
        "hour": 9,
        "minute": 36,
        "second": 33,
        "nano": 0
      }
    },
    "citySender": "Якимівка (Запорізька обл.)",
    "cityRecipient": "Київ"
  },
  {
    "number": 59000455530799,
    "dateTime": {
      "date": {
        "year": 2019,
        "month": 10,
        "day": 17
      },
      "time": {
        "hour": 9,
        "minute": 36,
        "second": 22,
        "nano": 0
      }
    },
    "citySender": "Харків",
    "cityRecipient": "Харків"
  },
  {
    "number": 59000455530801,
    "dateTime": {
      "date": {
        "year": 2019,
        "month": 10,
        "day": 17
      },
      "time": {
        "hour": 9,
        "minute": 36,
        "second": 47,
        "nano": 0
      }
    },
    "citySender": "Козацьке (Херсонська обл.)",
    "cityRecipient": "Одеса"
  },
  {
    "number": 59000455530802,
    "dateTime": {
      "date": {
        "year": 2019,
        "month": 10,
        "day": 17
      },
      "time": {
        "hour": 9,
        "minute": 37,
        "second": 0,
        "nano": 0
      }
    },
    "citySender": "Львів",
    "cityRecipient": "Ралівка"
  },
  {
    "number": 59000455530803,
    "dateTime": {
      "date": {
        "year": 2019,
        "month": 10,
        "day": 17
      },
      "time": {
        "hour": 9,
        "minute": 36,
        "second": 38,
        "nano": 0
      }
    },
    "citySender": "Жидачів",
    "cityRecipient": "Миколаїв"
  },
  {
    "number": 59000455530804,
    "dateTime": {
      "date": {
        "year": 2019,
        "month": 10,
        "day": 17
      },
      "time": {
        "hour": 9,
        "minute": 36,
        "second": 55,
        "nano": 0
      }
    },
    "citySender": "Київ",
    "cityRecipient": "Берегове"
  },
  {
    "number": 59000455530805,
    "dateTime": {
      "date": {
        "year": 2019,
        "month": 10,
        "day": 17
      },
      "time": {
        "hour": 9,
        "minute": 36,
        "second": 50,
        "nano": 0
      }
    },
    "citySender": "Київ",
    "cityRecipient": "Київ"
  },
  {
    "number": 59000455530806,
    "dateTime": {
      "date": {
        "year": 2019,
        "month": 10,
        "day": 17
      },
      "time": {
        "hour": 9,
        "minute": 37,
        "second": 8,
        "nano": 0
      }
    },
    "citySender": "Миколаїв",
    "cityRecipient": "Миколаїв"
  },
  {
    "number": 59000455530807,
    "dateTime": {
      "date": {
        "year": 2019,
        "month": 10,
        "day": 17
      },
      "time": {
        "hour": 9,
        "minute": 36,
        "second": 12,
        "nano": 0
      }
    },
    "citySender": "Одеса",
    "cityRecipient": "Ізмаїл"
  },
  {
    "number": 59000455530808,
    "dateTime": {
      "date": {
        "year": 2019,
        "month": 10,
        "day": 17
      },
      "time": {
        "hour": 9,
        "minute": 37,
        "second": 12,
        "nano": 0
      }
    },
    "citySender": "Запоріжжя",
    "cityRecipient": "Чугуїв"
  },
  {
    "number": 59000455530809,
    "dateTime": {
      "date": {
        "year": 2019,
        "month": 10,
        "day": 17
      },
      "time": {
        "hour": 9,
        "minute": 36,
        "second": 49,
        "nano": 0
      }
    },
    "citySender": "Буча",
    "cityRecipient": "Заліщики"
  },
  {
    "number": 59000455530810,
    "dateTime": {
      "date": {
        "year": 2019,
        "month": 10,
        "day": 17
      },
      "time": {
        "hour": 9,
        "minute": 37,
        "second": 1,
        "nano": 0
      }
    },
    "citySender": "Хмельницький",
    "cityRecipient": "Полтава"
  },
  {
    "number": 59000455530811,
    "dateTime": {
      "date": {
        "year": 2019,
        "month": 10,
        "day": 17
      },
      "time": {
        "hour": 9,
        "minute": 36,
        "second": 26,
        "nano": 0
      }
    },
    "citySender": "Городенка",
    "cityRecipient": "Одеса"
  },
  {
    "number": 59000455530812,
    "dateTime": {
      "date": {
        "year": 2019,
        "month": 10,
        "day": 17
      },
      "time": {
        "hour": 9,
        "minute": 37,
        "second": 10,
        "nano": 0
      }
    },
    "citySender": "Словечне",
    "cityRecipient": "Бородянка"
  },
  {
    "number": 59000455530813,
    "dateTime": {
      "date": {
        "year": 2019,
        "month": 10,
        "day": 17
      },
      "time": {
        "hour": 9,
        "minute": 36,
        "second": 50,
        "nano": 0
      }
    },
    "citySender": "Борислав (Львівська обл.)",
    "cityRecipient": "Бориня"
  },
  {
    "number": 59000455530814,
    "dateTime": {
      "date": {
        "year": 2019,
        "month": 10,
        "day": 17
      },
      "time": {
        "hour": 9,
        "minute": 37,
        "second": 13,
        "nano": 0
      }
    },
    "citySender": "Копичинці (Гусятинський р-н)",
    "cityRecipient": "Кривий Ріг"
  },
  {
    "number": 59000455530815,
    "dateTime": {
      "date": {
        "year": 2019,
        "month": 10,
        "day": 17
      },
      "time": {
        "hour": 9,
        "minute": 36,
        "second": 58,
        "nano": 0
      }
    },
    "citySender": "Житомир",
    "cityRecipient": "Полтава"
  },
  {
    "number": 59000455530816,
    "dateTime": {
      "date": {
        "year": 2019,
        "month": 10,
        "day": 17
      },
      "time": {
        "hour": 9,
        "minute": 36,
        "second": 58,
        "nano": 0
      }
    },
    "citySender": "Ворохта",
    "cityRecipient": "Рожнятів"
  },
  {
    "number": 59000455530817,
    "dateTime": {
      "date": {
        "year": 2019,
        "month": 10,
        "day": 17
      },
      "time": {
        "hour": 9,
        "minute": 36,
        "second": 48,
        "nano": 0
      }
    },
    "citySender": "Херсон",
    "cityRecipient": "Одеса"
  },
  {
    "number": 59000455530818,
    "dateTime": {
      "date": {
        "year": 2019,
        "month": 10,
        "day": 17
      },
      "time": {
        "hour": 9,
        "minute": 36,
        "second": 37,
        "nano": 0
      }
    },
    "citySender": "Бабаї",
    "cityRecipient": "Золочів(Харківська обл.)"
  },
  {
    "number": 59000455530819,
    "dateTime": {
      "date": {
        "year": 2019,
        "month": 10,
        "day": 17
      },
      "time": {
        "hour": 9,
        "minute": 37,
        "second": 11,
        "nano": 0
      }
    },
    "citySender": "Малехів",
    "cityRecipient": "Монастириська"
  },
  {
    "number": 59000455530820,
    "dateTime": {
      "date": {
        "year": 2019,
        "month": 10,
        "day": 17
      },
      "time": {
        "hour": 9,
        "minute": 36,
        "second": 34,
        "nano": 0
      }
    },
    "citySender": "Нова Водолага",
    "cityRecipient": "Берислав (Херсонська обл.)"
  },
  {
    "number": 59000455530821,
    "dateTime": {
      "date": {
        "year": 2019,
        "month": 10,
        "day": 17
      },
      "time": {
        "hour": 9,
        "minute": 36,
        "second": 10,
        "nano": 0
      }
    },
    "citySender": "Мукачево",
    "cityRecipient": "Волноваха"
  },
  {
    "number": 59000455530822,
    "dateTime": {
      "date": {
        "year": 2019,
        "month": 10,
        "day": 17
      },
      "time": {
        "hour": 9,
        "minute": 36,
        "second": 58,
        "nano": 0
      }
    },
    "citySender": "Бар",
    "cityRecipient": "Дніпро"
  },
  {
    "number": 59000455530823,
    "dateTime": {
      "date": {
        "year": 2019,
        "month": 10,
        "day": 17
      },
      "time": {
        "hour": 9,
        "minute": 37,
        "second": 4,
        "nano": 0
      }
    },
    "citySender": "Дніпро",
    "cityRecipient": "Ніжин"
  },
  {
    "number": 59000455530824,
    "dateTime": {
      "date": {
        "year": 2019,
        "month": 10,
        "day": 17
      },
      "time": {
        "hour": 9,
        "minute": 36,
        "second": 29,
        "nano": 0
      }
    },
    "citySender": "Лужани",
    "cityRecipient": "Калинівка (Вінницька обл., Калинівський р-н)"
  },
  {
    "number": 59000455530825,
    "dateTime": {
      "date": {
        "year": 2019,
        "month": 10,
        "day": 17
      },
      "time": {
        "hour": 9,
        "minute": 37,
        "second": 15,
        "nano": 0
      }
    },
    "citySender": "Холми",
    "cityRecipient": "Рівне"
  },
  {
    "number": 59000455530826,
    "dateTime": {
      "date": {
        "year": 2019,
        "month": 10,
        "day": 17
      },
      "time": {
        "hour": 9,
        "minute": 36,
        "second": 56,
        "nano": 0
      }
    },
    "citySender": "Нікополь (Дніпропетровська обл.)",
    "cityRecipient": "Фастів"
  },
  {
    "number": 59000455530827,
    "dateTime": {
      "date": {
        "year": 2019,
        "month": 10,
        "day": 17
      },
      "time": {
        "hour": 9,
        "minute": 36,
        "second": 53,
        "nano": 0
      }
    },
    "citySender": "Харків",
    "cityRecipient": "Поляниця (Буковель)"
  },
  {
    "number": 59000455530828,
    "dateTime": {
      "date": {
        "year": 2019,
        "month": 10,
        "day": 17
      },
      "time": {
        "hour": 9,
        "minute": 37,
        "second": 9,
        "nano": 0
      }
    },
    "citySender": "Покров (Дніпропетровська обл.)",
    "cityRecipient": "Львів"
  },
  {
    "number": 59000455530829,
    "dateTime": {
      "date": {
        "year": 2019,
        "month": 10,
        "day": 17
      },
      "time": {
        "hour": 9,
        "minute": 35,
        "second": 37,
        "nano": 0
      }
    },
    "citySender": "Київ",
    "cityRecipient": "Нікополь (Дніпропетровська обл.)"
  },
  {
    "number": 59000455530830,
    "dateTime": {
      "date": {
        "year": 2019,
        "month": 10,
        "day": 17
      },
      "time": {
        "hour": 9,
        "minute": 37,
        "second": 16,
        "nano": 0
      }
    },
    "citySender": "Стеблівка",
    "cityRecipient": "Радехів"
  },
  {
    "number": 59000455530832,
    "dateTime": {
      "date": {
        "year": 2019,
        "month": 10,
        "day": 17
      },
      "time": {
        "hour": 9,
        "minute": 36,
        "second": 36,
        "nano": 0
      }
    },
    "citySender": "Кропивницький",
    "cityRecipient": "Миколаїв"
  },
  {
    "number": 59000455530833,
    "dateTime": {
      "date": {
        "year": 2019,
        "month": 10,
        "day": 17
      },
      "time": {
        "hour": 9,
        "minute": 37,
        "second": 9,
        "nano": 0
      }
    },
    "citySender": "Ужгород",
    "cityRecipient": "Київ"
  },
  {
    "number": 59000455530834,
    "dateTime": {
      "date": {
        "year": 2019,
        "month": 10,
        "day": 17
      },
      "time": {
        "hour": 9,
        "minute": 37,
        "second": 12,
        "nano": 0
      }
    },
    "citySender": "Володимирівське",
    "cityRecipient": "Борщів"
  },
  {
    "number": 59000455530835,
    "dateTime": {
      "date": {
        "year": 2019,
        "month": 10,
        "day": 17
      },
      "time": {
        "hour": 9,
        "minute": 36,
        "second": 57,
        "nano": 0
      }
    },
    "citySender": "Біла Церква",
    "cityRecipient": "Одеса"
  },
  {
    "number": 59000455530836,
    "dateTime": {
      "date": {
        "year": 2019,
        "month": 10,
        "day": 17
      },
      "time": {
        "hour": 9,
        "minute": 37,
        "second": 15,
        "nano": 0
      }
    },
    "citySender": "Київ",
    "cityRecipient": "Київ"
  },
  {
    "number": 59000455530837,
    "dateTime": {
      "date": {
        "year": 2019,
        "month": 10,
        "day": 17
      },
      "time": {
        "hour": 9,
        "minute": 36,
        "second": 59,
        "nano": 0
      }
    },
    "citySender": "Шпола",
    "cityRecipient": "Харків"
  },
  {
    "number": 59000455530838,
    "dateTime": {
      "date": {
        "year": 2019,
        "month": 10,
        "day": 17
      },
      "time": {
        "hour": 9,
        "minute": 37,
        "second": 7,
        "nano": 0
      }
    },
    "citySender": "Київ",
    "cityRecipient": "Христинівка"
  },
  {
    "number": 59000455530839,
    "dateTime": {
      "date": {
        "year": 2019,
        "month": 10,
        "day": 17
      },
      "time": {
        "hour": 9,
        "minute": 37,
        "second": 19,
        "nano": 0
      }
    },
    "citySender": "Михайлівка (Михайлівський р-н., Запорізька обл.)",
    "cityRecipient": "Київ"
  },
  {
    "number": 59000455530840,
    "dateTime": {
      "date": {
        "year": 2019,
        "month": 10,
        "day": 17
      },
      "time": {
        "hour": 9,
        "minute": 37,
        "second": 16,
        "nano": 0
      }
    },
    "citySender": "Харків",
    "cityRecipient": "Дніпро"
  },
  {
    "number": 59000455530841,
    "dateTime": {
      "date": {
        "year": 2019,
        "month": 10,
        "day": 17
      },
      "time": {
        "hour": 9,
        "minute": 37,
        "second": 5,
        "nano": 0
      }
    },
    "citySender": "Київ",
    "cityRecipient": "Красноград (Харківська обл)"
  },
  {
    "number": 59000455530842,
    "dateTime": {
      "date": {
        "year": 2019,
        "month": 10,
        "day": 17
      },
      "time": {
        "hour": 9,
        "minute": 36,
        "second": 38,
        "nano": 0
      }
    },
    "citySender": "Великі Лучки",
    "cityRecipient": "Київ"
  },
  {
    "number": 59000455530843,
    "dateTime": {
      "date": {
        "year": 2019,
        "month": 10,
        "day": 17
      },
      "time": {
        "hour": 9,
        "minute": 37,
        "second": 8,
        "nano": 0
      }
    },
    "citySender": "Жидачів",
    "cityRecipient": "Кути (Косівський р-н)"
  },
  {
    "number": 59000455530844,
    "dateTime": {
      "date": {
        "year": 2019,
        "month": 10,
        "day": 17
      },
      "time": {
        "hour": 9,
        "minute": 36,
        "second": 51,
        "nano": 0
      }
    },
    "citySender": "Львів",
    "cityRecipient": "Броди"
  },
  {
    "number": 59000455530845,
    "dateTime": {
      "date": {
        "year": 2019,
        "month": 10,
        "day": 17
      },
      "time": {
        "hour": 9,
        "minute": 37,
        "second": 7,
        "nano": 0
      }
    },
    "citySender": "Стара Сіль",
    "cityRecipient": "Кривий Ріг"
  },
  {
    "number": 59000455530846,
    "dateTime": {
      "date": {
        "year": 2019,
        "month": 10,
        "day": 17
      },
      "time": {
        "hour": 9,
        "minute": 37,
        "second": 19,
        "nano": 0
      }
    },
    "citySender": "Дніпро",
    "cityRecipient": "Петриківка"
  },
  {
    "number": 59000455530848,
    "dateTime": {
      "date": {
        "year": 2019,
        "month": 10,
        "day": 17
      },
      "time": {
        "hour": 9,
        "minute": 37,
        "second": 10,
        "nano": 0
      }
    },
    "citySender": "Київ",
    "cityRecipient": "Одеса"
  },
  {
    "number": 59000455530849,
    "dateTime": {
      "date": {
        "year": 2019,
        "month": 10,
        "day": 17
      },
      "time": {
        "hour": 9,
        "minute": 35,
        "second": 24,
        "nano": 0
      }
    },
    "citySender": "Канів",
    "cityRecipient": "Любешів"
  },
  {
    "number": 59000455530851,
    "dateTime": {
      "date": {
        "year": 2019,
        "month": 10,
        "day": 17
      },
      "time": {
        "hour": 9,
        "minute": 36,
        "second": 5,
        "nano": 0
      }
    },
    "citySender": "Шумськ",
    "cityRecipient": "Одеса"
  },
  {
    "number": 59000455530852,
    "dateTime": {
      "date": {
        "year": 2019,
        "month": 10,
        "day": 17
      },
      "time": {
        "hour": 9,
        "minute": 37,
        "second": 14,
        "nano": 0
      }
    },
    "citySender": "Одеса",
    "cityRecipient": "Павлоград"
  },
  {
    "number": 59000455530853,
    "dateTime": {
      "date": {
        "year": 2019,
        "month": 10,
        "day": 17
      },
      "time": {
        "hour": 9,
        "minute": 36,
        "second": 38,
        "nano": 0
      }
    },
    "citySender": "Ізмаїл",
    "cityRecipient": "Київ"
  },
  {
    "number": 59000455530854,
    "dateTime": {
      "date": {
        "year": 2019,
        "month": 10,
        "day": 17
      },
      "time": {
        "hour": 9,
        "minute": 36,
        "second": 57,
        "nano": 0
      }
    },
    "citySender": "Чернігів",
    "cityRecipient": "Київ"
  },
  {
    "number": 59000455530855,
    "dateTime": {
      "date": {
        "year": 2019,
        "month": 10,
        "day": 17
      },
      "time": {
        "hour": 9,
        "minute": 37,
        "second": 0,
        "nano": 0
      }
    },
    "citySender": "Міжгір\u0027я",
    "cityRecipient": "Дніпро"
  },
  {
    "number": 59000455530856,
    "dateTime": {
      "date": {
        "year": 2019,
        "month": 10,
        "day": 17
      },
      "time": {
        "hour": 9,
        "minute": 37,
        "second": 12,
        "nano": 0
      }
    },
    "citySender": "Дніпро",
    "cityRecipient": "Володарка"
  },
  {
    "number": 59000455530857,
    "dateTime": {
      "date": {
        "year": 2019,
        "month": 10,
        "day": 17
      },
      "time": {
        "hour": 9,
        "minute": 36,
        "second": 38,
        "nano": 0
      }
    },
    "citySender": "Харків",
    "cityRecipient": "Харків"
  },
  {
    "number": 59000455530858,
    "dateTime": {
      "date": {
        "year": 2019,
        "month": 10,
        "day": 17
      },
      "time": {
        "hour": 9,
        "minute": 36,
        "second": 44,
        "nano": 0
      }
    },
    "citySender": "Чернівці",
    "cityRecipient": "Київ"
  },
  {
    "number": 59000455530859,
    "dateTime": {
      "date": {
        "year": 2019,
        "month": 10,
        "day": 17
      },
      "time": {
        "hour": 9,
        "minute": 37,
        "second": 9,
        "nano": 0
      }
    },
    "citySender": "Київ",
    "cityRecipient": "Київ"
  },
  {
    "number": 59000455530860,
    "dateTime": {
      "date": {
        "year": 2019,
        "month": 10,
        "day": 17
      },
      "time": {
        "hour": 9,
        "minute": 34,
        "second": 22,
        "nano": 0
      }
    },
    "citySender": "Пирятин",
    "cityRecipient": "Дніпро"
  },
  {
    "number": 59000455530861,
    "dateTime": {
      "date": {
        "year": 2019,
        "month": 10,
        "day": 17
      },
      "time": {
        "hour": 9,
        "minute": 35,
        "second": 20,
        "nano": 0
      }
    },
    "citySender": "Заболотів (Снятинський р-н)",
    "cityRecipient": "Київ"
  },
  {
    "number": 59000455530862,
    "dateTime": {
      "date": {
        "year": 2019,
        "month": 10,
        "day": 17
      },
      "time": {
        "hour": 9,
        "minute": 36,
        "second": 56,
        "nano": 0
      }
    },
    "citySender": "Івано-Франківськ",
    "cityRecipient": "Одеса"
  },
  {
    "number": 59000455530863,
    "dateTime": {
      "date": {
        "year": 2019,
        "month": 10,
        "day": 17
      },
      "time": {
        "hour": 9,
        "minute": 37,
        "second": 13,
        "nano": 0
      }
    },
    "citySender": "Київ",
    "cityRecipient": "Коростишів"
  },
  {
    "number": 59000455530864,
    "dateTime": {
      "date": {
        "year": 2019,
        "month": 10,
        "day": 17
      },
      "time": {
        "hour": 9,
        "minute": 35,
        "second": 40,
        "nano": 0
      }
    },
    "citySender": "Запоріжжя",
    "cityRecipient": "Дніпро"
  },
  {
    "number": 59000455530865,
    "dateTime": {
      "date": {
        "year": 2019,
        "month": 10,
        "day": 17
      },
      "time": {
        "hour": 9,
        "minute": 36,
        "second": 56,
        "nano": 0
      }
    },
    "citySender": "Марківка",
    "cityRecipient": "Харків"
  },
  {
    "number": 59000455530868,
    "dateTime": {
      "date": {
        "year": 2019,
        "month": 10,
        "day": 17
      },
      "time": {
        "hour": 9,
        "minute": 36,
        "second": 56,
        "nano": 0
      }
    },
    "citySender": "Рованці",
    "cityRecipient": "Запоріжжя"
  },
  {
    "number": 59000455530869,
    "dateTime": {
      "date": {
        "year": 2019,
        "month": 10,
        "day": 17
      },
      "time": {
        "hour": 9,
        "minute": 36,
        "second": 17,
        "nano": 0
      }
    },
    "citySender": "Кам\u0027янське(Дніпропетровська обл)",
    "cityRecipient": "Київ"
  },
  {
    "number": 59000455530870,
    "dateTime": {
      "date": {
        "year": 2019,
        "month": 10,
        "day": 17
      },
      "time": {
        "hour": 9,
        "minute": 37,
        "second": 20,
        "nano": 0
      }
    },
    "citySender": "Драбинівка",
    "cityRecipient": "Тернопіль"
  },
  {
    "number": 59000455530871,
    "dateTime": {
      "date": {
        "year": 2019,
        "month": 10,
        "day": 17
      },
      "time": {
        "hour": 9,
        "minute": 37,
        "second": 16,
        "nano": 0
      }
    },
    "citySender": "Миколаїв",
    "cityRecipient": "Суми"
  },
  {
    "number": 59000455530872,
    "dateTime": {
      "date": {
        "year": 2019,
        "month": 10,
        "day": 17
      },
      "time": {
        "hour": 9,
        "minute": 37,
        "second": 17,
        "nano": 0
      }
    },
    "citySender": "Київ",
    "cityRecipient": "Бориспіль"
  },
  {
    "number": 59000455530873,
    "dateTime": {
      "date": {
        "year": 2019,
        "month": 10,
        "day": 17
      },
      "time": {
        "hour": 9,
        "minute": 37,
        "second": 10,
        "nano": 0
      }
    },
    "citySender": "Луцьк",
    "cityRecipient": "Київ"
  },
  {
    "number": 59000455530874,
    "dateTime": {
      "date": {
        "year": 2019,
        "month": 10,
        "day": 17
      },
      "time": {
        "hour": 9,
        "minute": 37,
        "second": 25,
        "nano": 0
      }
    },
    "citySender": "Середнє Водяне",
    "cityRecipient": "Каховка"
  },
  {
    "number": 59000455530875,
    "dateTime": {
      "date": {
        "year": 2019,
        "month": 10,
        "day": 17
      },
      "time": {
        "hour": 9,
        "minute": 36,
        "second": 56,
        "nano": 0
      }
    },
    "citySender": "Гніздичів",
    "cityRecipient": "Луцьк"
  },
  {
    "number": 59000455530876,
    "dateTime": {
      "date": {
        "year": 2019,
        "month": 10,
        "day": 17
      },
      "time": {
        "hour": 9,
        "minute": 37,
        "second": 0,
        "nano": 0
      }
    },
    "citySender": "Буча",
    "cityRecipient": "Київ"
  },
  {
    "number": 59000455530877,
    "dateTime": {
      "date": {
        "year": 2019,
        "month": 10,
        "day": 17
      },
      "time": {
        "hour": 9,
        "minute": 36,
        "second": 3,
        "nano": 0
      }
    },
    "citySender": "Колки",
    "cityRecipient": "Рівне"
  },
  {
    "number": 59000455530879,
    "dateTime": {
      "date": {
        "year": 2019,
        "month": 10,
        "day": 17
      },
      "time": {
        "hour": 9,
        "minute": 37,
        "second": 18,
        "nano": 0
      }
    },
    "citySender": "Ромодан",
    "cityRecipient": "Бровари"
  },
  {
    "number": 59000455530880,
    "dateTime": {
      "date": {
        "year": 2019,
        "month": 10,
        "day": 17
      },
      "time": {
        "hour": 9,
        "minute": 37,
        "second": 26,
        "nano": 0
      }
    },
    "citySender": "Харків",
    "cityRecipient": "Київ"
  },
  {
    "number": 59000455530881,
    "dateTime": {
      "date": {
        "year": 2019,
        "month": 10,
        "day": 17
      },
      "time": {
        "hour": 9,
        "minute": 36,
        "second": 53,
        "nano": 0
      }
    },
    "citySender": "Куп\u0027янськ",
    "cityRecipient": "Чернівці"
  },
  {
    "number": 59000455530882,
    "dateTime": {
      "date": {
        "year": 2019,
        "month": 10,
        "day": 17
      },
      "time": {
        "hour": 9,
        "minute": 36,
        "second": 3,
        "nano": 0
      }
    },
    "citySender": "Нова Ушиця",
    "cityRecipient": "Станиця Луганська"
  },
  {
    "number": 59000455530883,
    "dateTime": {
      "date": {
        "year": 2019,
        "month": 10,
        "day": 17
      },
      "time": {
        "hour": 9,
        "minute": 36,
        "second": 58,
        "nano": 0
      }
    },
    "citySender": "Звенигородка",
    "cityRecipient": "Лисянка"
  },
  {
    "number": 59000455530884,
    "dateTime": {
      "date": {
        "year": 2019,
        "month": 10,
        "day": 17
      },
      "time": {
        "hour": 9,
        "minute": 37,
        "second": 17,
        "nano": 0
      }
    },
    "citySender": "Долина",
    "cityRecipient": "Коломия"
  },
  {
    "number": 59000455530885,
    "dateTime": {
      "date": {
        "year": 2019,
        "month": 10,
        "day": 17
      },
      "time": {
        "hour": 9,
        "minute": 37,
        "second": 14,
        "nano": 0
      }
    },
    "citySender": "Дар\u0027ївка",
    "cityRecipient": "Київ"
  }
]