[
  {
    "number": 59000455536485,
    "dateTime": {
      "date": {
        "year": 2019,
        "month": 10,
        "day": 17
      },
      "time": {
        "hour": 9,
        "minute": 55,
        "second": 44,
        "nano": 0
      }
    },
    "citySender": "Київ",
    "cityRecipient": "Київ"
  },
  {
    "number": 59000455536486,
    "dateTime": {
      "date": {
        "year": 2019,
        "month": 10,
        "day": 17
      },
      "time": {
        "hour": 9,
        "minute": 55,
        "second": 44,
        "nano": 0
      }
    },
    "citySender": "Київ",
    "cityRecipient": "Запоріжжя"
  },
  {
    "number": 59000455536487,
    "dateTime": {
      "date": {
        "year": 2019,
        "month": 10,
        "day": 17
      },
      "time": {
        "hour": 9,
        "minute": 55,
        "second": 36,
        "nano": 0
      }
    },
    "citySender": "Харків",
    "cityRecipient": "Коломак"
  },
  {
    "number": 59000455536488,
    "dateTime": {
      "date": {
        "year": 2019,
        "month": 10,
        "day": 17
      },
      "time": {
        "hour": 9,
        "minute": 55,
        "second": 37,
        "nano": 0
      }
    },
    "citySender": "Львів",
    "cityRecipient": "Горенка"
  },
  {
    "number": 59000455536489,
    "dateTime": {
      "date": {
        "year": 2019,
        "month": 10,
        "day": 17
      },
      "time": {
        "hour": 9,
        "minute": 55,
        "second": 10,
        "nano": 0
      }
    },
    "citySender": "Житомир",
    "cityRecipient": "Мирноград"
  },
  {
    "number": 59000455536490,
    "dateTime": {
      "date": {
        "year": 2019,
        "month": 10,
        "day": 17
      },
      "time": {
        "hour": 9,
        "minute": 54,
        "second": 10,
        "nano": 0
      }
    },
    "citySender": "Харків",
    "cityRecipient": "Київ"
  },
  {
    "number": 59000455536491,
    "dateTime": {
      "date": {
        "year": 2019,
        "month": 10,
        "day": 17
      },
      "time": {
        "hour": 9,
        "minute": 55,
        "second": 42,
        "nano": 0
      }
    },
    "citySender": "Бровари",
    "cityRecipient": "Дніпро"
  },
  {
    "number": 59000455536492,
    "dateTime": {
      "date": {
        "year": 2019,
        "month": 10,
        "day": 17
      },
      "time": {
        "hour": 9,
        "minute": 55,
        "second": 35,
        "nano": 0
      }
    },
    "citySender": "Дніпро",
    "cityRecipient": "Славута"
  },
  {
    "number": 59000455536494,
    "dateTime": {
      "date": {
        "year": 2019,
        "month": 10,
        "day": 17
      },
      "time": {
        "hour": 9,
        "minute": 55,
        "second": 44,
        "nano": 0
      }
    },
    "citySender": "Червоноград (Львівська обл.)",
    "cityRecipient": "Дніпро"
  },
  {
    "number": 59000455536495,
    "dateTime": {
      "date": {
        "year": 2019,
        "month": 10,
        "day": 17
      },
      "time": {
        "hour": 9,
        "minute": 55,
        "second": 18,
        "nano": 0
      }
    },
    "citySender": "Дніпро",
    "cityRecipient": "Кривий Ріг"
  },
  {
    "number": 59000455536496,
    "dateTime": {
      "date": {
        "year": 2019,
        "month": 10,
        "day": 17
      },
      "time": {
        "hour": 9,
        "minute": 55,
        "second": 45,
        "nano": 0
      }
    },
    "citySender": "Судова Вишня",
    "cityRecipient": "Луцьк"
  },
  {
    "number": 59000455536497,
    "dateTime": {
      "date": {
        "year": 2019,
        "month": 10,
        "day": 17
      },
      "time": {
        "hour": 9,
        "minute": 54,
        "second": 2,
        "nano": 0
      }
    },
    "citySender": "Літки",
    "cityRecipient": "Київ"
  },
  {
    "number": 59000455536498,
    "dateTime": {
      "date": {
        "year": 2019,
        "month": 10,
        "day": 17
      },
      "time": {
        "hour": 9,
        "minute": 55,
        "second": 21,
        "nano": 0
      }
    },
    "citySender": "Львів",
    "cityRecipient": "Гостролуччя"
  },
  {
    "number": 59000455536499,
    "dateTime": {
      "date": {
        "year": 2019,
        "month": 10,
        "day": 17
      },
      "time": {
        "hour": 9,
        "minute": 55,
        "second": 41,
        "nano": 0
      }
    },
    "citySender": "Київ",
    "cityRecipient": "Диканька"
  },
  {
    "number": 59000455536500,
    "dateTime": {
      "date": {
        "year": 2019,
        "month": 10,
        "day": 17
      },
      "time": {
        "hour": 9,
        "minute": 55,
        "second": 46,
        "nano": 0
      }
    },
    "citySender": "Київ",
    "cityRecipient": "Кривий Ріг"
  },
  {
    "number": 59000455536501,
    "dateTime": {
      "date": {
        "year": 2019,
        "month": 10,
        "day": 17
      },
      "time": {
        "hour": 9,
        "minute": 54,
        "second": 56,
        "nano": 0
      }
    },
    "citySender": "Новоархангельськ",
    "cityRecipient": "Овідіополь"
  },
  {
    "number": 59000455536502,
    "dateTime": {
      "date": {
        "year": 2019,
        "month": 10,
        "day": 17
      },
      "time": {
        "hour": 9,
        "minute": 55,
        "second": 22,
        "nano": 0
      }
    },
    "citySender": "Харків",
    "cityRecipient": "Козача Лопань"
  },
  {
    "number": 59000455536503,
    "dateTime": {
      "date": {
        "year": 2019,
        "month": 10,
        "day": 17
      },
      "time": {
        "hour": 9,
        "minute": 55,
        "second": 48,
        "nano": 0
      }
    },
    "citySender": "Добропілля",
    "cityRecipient": "Харків"
  },
  {
    "number": 59000455536504,
    "dateTime": {
      "date": {
        "year": 2019,
        "month": 10,
        "day": 17
      },
      "time": {
        "hour": 9,
        "minute": 55,
        "second": 41,
        "nano": 0
      }
    },
    "citySender": "Тернопіль",
    "cityRecipient": "Ужгород"
  },
  {
    "number": 59000455536505,
    "dateTime": {
      "date": {
        "year": 2019,
        "month": 10,
        "day": 17
      },
      "time": {
        "hour": 9,
        "minute": 55,
        "second": 2,
        "nano": 0
      }
    },
    "citySender": "Одеса",
    "cityRecipient": "Київ"
  },
  {
    "number": 59000455536506,
    "dateTime": {
      "date": {
        "year": 2019,
        "month": 10,
        "day": 17
      },
      "time": {
        "hour": 9,
        "minute": 55,
        "second": 45,
        "nano": 0
      }
    },
    "citySender": "Київ",
    "cityRecipient": "Новомиргород"
  },
  {
    "number": 59000455536507,
    "dateTime": {
      "date": {
        "year": 2019,
        "month": 10,
        "day": 17
      },
      "time": {
        "hour": 9,
        "minute": 55,
        "second": 48,
        "nano": 0
      }
    },
    "citySender": "Ужгород",
    "cityRecipient": "Южне"
  },
  {
    "number": 59000455536508,
    "dateTime": {
      "date": {
        "year": 2019,
        "month": 10,
        "day": 17
      },
      "time": {
        "hour": 9,
        "minute": 54,
        "second": 23,
        "nano": 0
      }
    },
    "citySender": "Меденичі",
    "cityRecipient": "Херсон"
  },
  {
    "number": 59000455536509,
    "dateTime": {
      "date": {
        "year": 2019,
        "month": 10,
        "day": 17
      },
      "time": {
        "hour": 9,
        "minute": 55,
        "second": 40,
        "nano": 0
      }
    },
    "citySender": "Коломия",
    "cityRecipient": "Чернівці"
  },
  {
    "number": 59000455536510,
    "dateTime": {
      "date": {
        "year": 2019,
        "month": 10,
        "day": 17
      },
      "time": {
        "hour": 9,
        "minute": 55,
        "second": 50,
        "nano": 0
      }
    },
    "citySender": "Тячів",
    "cityRecipient": "Київ"
  },
  {
    "number": 59000455536511,
    "dateTime": {
      "date": {
        "year": 2019,
        "month": 10,
        "day": 17
      },
      "time": {
        "hour": 9,
        "minute": 55,
        "second": 38,
        "nano": 0
      }
    },
    "citySender": "Житомир",
    "cityRecipient": "Одеса"
  },
  {
    "number": 59000455536512,
    "dateTime": {
      "date": {
        "year": 2019,
        "month": 10,
        "day": 17
      },
      "time": {
        "hour": 9,
        "minute": 55,
        "second": 51,
        "nano": 0
      }
    },
    "citySender": "Дніпро",
    "cityRecipient": "Чернятин (Жмеринський р-н)"
  },
  {
    "number": 59000455536513,
    "dateTime": {
      "date": {
        "year": 2019,
        "month": 10,
        "day": 17
      },
      "time": {
        "hour": 9,
        "minute": 53,
        "second": 8,
        "nano": 0
      }
    },
    "citySender": "Сарата",
    "cityRecipient": "Одеса"
  },
  {
    "number": 59000455536515,
    "dateTime": {
      "date": {
        "year": 2019,
        "month": 10,
        "day": 17
      },
      "time": {
        "hour": 9,
        "minute": 55,
        "second": 41,
        "nano": 0
      }
    },
    "citySender": "Харків",
    "cityRecipient": "Київ"
  },
  {
    "number": 59000455536516,
    "dateTime": {
      "date": {
        "year": 2019,
        "month": 10,
        "day": 17
      },
      "time": {
        "hour": 9,
        "minute": 55,
        "second": 36,
        "nano": 0
      }
    },
    "citySender": "Маріуполь",
    "cityRecipient": "Дніпро"
  },
  {
    "number": 59000455536517,
    "dateTime": {
      "date": {
        "year": 2019,
        "month": 10,
        "day": 17
      },
      "time": {
        "hour": 9,
        "minute": 54,
        "second": 17,
        "nano": 0
      }
    },
    "citySender": "Ширяєве",
    "cityRecipient": "Плесецьке"
  },
  {
    "number": 59000455536518,
    "dateTime": {
      "date": {
        "year": 2019,
        "month": 10,
        "day": 17
      },
      "time": {
        "hour": 9,
        "minute": 55,
        "second": 48,
        "nano": 0
      }
    },
    "citySender": "Калинівка (Березанський р-н., Миколаївська обл.)",
    "cityRecipient": "Калинівка (Вітовський р-н., Миколаївська обл.)"
  },
  {
    "number": 59000455536519,
    "dateTime": {
      "date": {
        "year": 2019,
        "month": 10,
        "day": 17
      },
      "time": {
        "hour": 9,
        "minute": 54,
        "second": 54,
        "nano": 0
      }
    },
    "citySender": "Дубровиця (Рівненська обл.)",
    "cityRecipient": "Київ"
  },
  {
    "number": 59000455536520,
    "dateTime": {
      "date": {
        "year": 2019,
        "month": 10,
        "day": 17
      },
      "time": {
        "hour": 9,
        "minute": 55,
        "second": 42,
        "nano": 0
      }
    },
    "citySender": "Мелітополь",
    "cityRecipient": "Благовіщенське(Кіровоградська обл.)"
  },
  {
    "number": 59000455536521,
    "dateTime": {
      "date": {
        "year": 2019,
        "month": 10,
        "day": 17
      },
      "time": {
        "hour": 9,
        "minute": 55,
        "second": 49,
        "nano": 0
      }
    },
    "citySender": "Генічеськ",
    "cityRecipient": "Черкаси"
  },
  {
    "number": 59000455536522,
    "dateTime": {
      "date": {
        "year": 2019,
        "month": 10,
        "day": 17
      },
      "time": {
        "hour": 9,
        "minute": 55,
        "second": 54,
        "nano": 0
      }
    },
    "citySender": "Судова Вишня",
    "cityRecipient": "Одеса"
  },
  {
    "number": 59000455536523,
    "dateTime": {
      "date": {
        "year": 2019,
        "month": 10,
        "day": 17
      },
      "time": {
        "hour": 9,
        "minute": 55,
        "second": 54,
        "nano": 0
      }
    },
    "citySender": "Київ",
    "cityRecipient": "Харків"
  },
  {
    "number": 59000455536524,
    "dateTime": {
      "date": {
        "year": 2019,
        "month": 10,
        "day": 17
      },
      "time": {
        "hour": 9,
        "minute": 55,
        "second": 48,
        "nano": 0
      }
    },
    "citySender": "Луцьк",
    "cityRecipient": "Ірпінь"
  },
  {
    "number": 59000455536525,
    "dateTime": {
      "date": {
        "year": 2019,
        "month": 10,
        "day": 17
      },
      "time": {
        "hour": 9,
        "minute": 55,
        "second": 53,
        "nano": 0
      }
    },
    "citySender": "Нікополь (Дніпропетровська обл.)",
    "cityRecipient": "Кам\u0027янець-Подільський"
  },
  {
    "number": 59000455536526,
    "dateTime": {
      "date": {
        "year": 2019,
        "month": 10,
        "day": 17
      },
      "time": {
        "hour": 9,
        "minute": 55,
        "second": 53,
        "nano": 0
      }
    },
    "citySender": "Десна (Чернігівська обл.)",
    "cityRecipient": "Дубно"
  },
  {
    "number": 59000455536527,
    "dateTime": {
      "date": {
        "year": 2019,
        "month": 10,
        "day": 17
      },
      "time": {
        "hour": 9,
        "minute": 55,
        "second": 32,
        "nano": 0
      }
    },
    "citySender": "Бердянськ",
    "cityRecipient": "Київ"
  },
  {
    "number": 59000455536528,
    "dateTime": {
      "date": {
        "year": 2019,
        "month": 10,
        "day": 17
      },
      "time": {
        "hour": 9,
        "minute": 55,
        "second": 14,
        "nano": 0
      }
    },
    "citySender": "Конотоп",
    "cityRecipient": "Суми"
  },
  {
    "number": 59000455536529,
    "dateTime": {
      "date": {
        "year": 2019,
        "month": 10,
        "day": 17
      },
      "time": {
        "hour": 9,
        "minute": 55,
        "second": 21,
        "nano": 0
      }
    },
    "citySender": "Почаїв",
    "cityRecipient": "Кліщинці"
  },
  {
    "number": 59000455536531,
    "dateTime": {
      "date": {
        "year": 2019,
        "month": 10,
        "day": 17
      },
      "time": {
        "hour": 9,
        "minute": 55,
        "second": 31,
        "nano": 0
      }
    },
    "citySender": "Жашків",
    "cityRecipient": "Львів"
  },
  {
    "number": 59000455536532,
    "dateTime": {
      "date": {
        "year": 2019,
        "month": 10,
        "day": 17
      },
      "time": {
        "hour": 9,
        "minute": 55,
        "second": 56,
        "nano": 0
      }
    },
    "citySender": "Київ",
    "cityRecipient": "Київ"
  },
  {
    "number": 59000455536533,
    "dateTime": {
      "date": {
        "year": 2019,
        "month": 10,
        "day": 17
      },
      "time": {
        "hour": 9,
        "minute": 55,
        "second": 55,
        "nano": 0
      }
    },
    "citySender": "Охтирка",
    "cityRecipient": "Харків"
  },
  {
    "number": 59000455536534,
    "dateTime": {
      "date": {
        "year": 2019,
        "month": 10,
        "day": 17
      },
      "time": {
        "hour": 9,
        "minute": 55,
        "second": 56,
        "nano": 0
      }
    },
    "citySender": "Тячів",
    "cityRecipient": "Київ"
  },
  {
    "number": 59000455536535,
    "dateTime": {
      "date": {
        "year": 2019,
        "month": 10,
        "day": 17
      },
      "time": {
        "hour": 9,
        "minute": 55,
        "second": 13,
        "nano": 0
      }
    },
    "citySender": "Харків",
    "cityRecipient": "Київ"
  },
  {
    "number": 59000455536536,
    "dateTime": {
      "date": {
        "year": 2019,
        "month": 10,
        "day": 17
      },
      "time": {
        "hour": 9,
        "minute": 55,
        "second": 18,
        "nano": 0
      }
    },
    "citySender": "Київ",
    "cityRecipient": "Суми"
  },
  {
    "number": 59000455536537,
    "dateTime": {
      "date": {
        "year": 2019,
        "month": 10,
        "day": 17
      },
      "time": {
        "hour": 9,
        "minute": 55,
        "second": 49,
        "nano": 0
      }
    },
    "citySender": "Кагарлик",
    "cityRecipient": "Миколаїв"
  },
  {
    "number": 59000455536538,
    "dateTime": {
      "date": {
        "year": 2019,
        "month": 10,
        "day": 17
      },
      "time": {
        "hour": 9,
        "minute": 54,
        "second": 56,
        "nano": 0
      }
    },
    "citySender": "Запоріжжя",
    "cityRecipient": "Одеса"
  },
  {
    "number": 59000455536539,
    "dateTime": {
      "date": {
        "year": 2019,
        "month": 10,
        "day": 17
      },
      "time": {
        "hour": 9,
        "minute": 55,
        "second": 41,
        "nano": 0
      }
    },
    "citySender": "Харків",
    "cityRecipient": "Київ"
  },
  {
    "number": 59000455536540,
    "dateTime": {
      "date": {
        "year": 2019,
        "month": 10,
        "day": 17
      },
      "time": {
        "hour": 9,
        "minute": 55,
        "second": 58,
        "nano": 0
      }
    },
    "citySender": "Івано-Франківськ",
    "cityRecipient": "Хмельницький"
  },
  {
    "number": 59000455536541,
    "dateTime": {
      "date": {
        "year": 2019,
        "month": 10,
        "day": 17
      },
      "time": {
        "hour": 9,
        "minute": 53,
        "second": 46,
        "nano": 0
      }
    },
    "citySender": "Михайлівка (Гайсинський р-н., Вінницька обл.)",
    "cityRecipient": "Буча"
  },
  {
    "number": 59000455536542,
    "dateTime": {
      "date": {
        "year": 2019,
        "month": 10,
        "day": 17
      },
      "time": {
        "hour": 9,
        "minute": 55,
        "second": 59,
        "nano": 0
      }
    },
    "citySender": "Калинівка (Вітовський р-н., Миколаївська обл.)",
    "cityRecipient": "Харків"
  },
  {
    "number": 59000455536543,
    "dateTime": {
      "date": {
        "year": 2019,
        "month": 10,
        "day": 17
      },
      "time": {
        "hour": 9,
        "minute": 55,
        "second": 47,
        "nano": 0
      }
    },
    "citySender": "Київ",
    "cityRecipient": "Київ"
  },
  {
    "number": 59000455536544,
    "dateTime": {
      "date": {
        "year": 2019,
        "month": 10,
        "day": 17
      },
      "time": {
        "hour": 9,
        "minute": 55,
        "second": 55,
        "nano": 0
      }
    },
    "citySender": "Запоріжжя",
    "cityRecipient": "Фастів"
  },
  {
    "number": 59000455536545,
    "dateTime": {
      "date": {
        "year": 2019,
        "month": 10,
        "day": 17
      },
      "time": {
        "hour": 9,
        "minute": 56,
        "second": 0,
        "nano": 0
      }
    },
    "citySender": "Київ",
    "cityRecipient": "Харків"
  },
  {
    "number": 59000455536547,
    "dateTime": {
      "date": {
        "year": 2019,
        "month": 10,
        "day": 17
      },
      "time": {
        "hour": 9,
        "minute": 55,
        "second": 51,
        "nano": 0
      }
    },
    "citySender": "Харків",
    "cityRecipient": "Вінниця"
  },
  {
    "number": 59000455536549,
    "dateTime": {
      "date": {
        "year": 2019,
        "month": 10,
        "day": 17
      },
      "time": {
        "hour": 9,
        "minute": 56,
        "second": 0,
        "nano": 0
      }
    },
    "citySender": "Роздільна (Одеська обл.)",
    "cityRecipient": "Дніпро"
  },
  {
    "number": 59000455536550,
    "dateTime": {
      "date": {
        "year": 2019,
        "month": 10,
        "day": 17
      },
      "time": {
        "hour": 9,
        "minute": 55,
        "second": 48,
        "nano": 0
      }
    },
    "citySender": "Кривий Ріг",
    "cityRecipient": "Київ"
  },
  {
    "number": 59000455536551,
    "dateTime": {
      "date": {
        "year": 2019,
        "month": 10,
        "day": 17
      },
      "time": {
        "hour": 9,
        "minute": 55,
        "second": 43,
        "nano": 0
      }
    },
    "citySender": "Андрушівка",
    "cityRecipient": "Київ"
  },
  {
    "number": 59000455536552,
    "dateTime": {
      "date": {
        "year": 2019,
        "month": 10,
        "day": 17
      },
      "time": {
        "hour": 9,
        "minute": 55,
        "second": 24,
        "nano": 0
      }
    },
    "citySender": "Кам\u0027янське(Дніпропетровська обл)",
    "cityRecipient": "Київ"
  },
  {
    "number": 59000455536553,
    "dateTime": {
      "date": {
        "year": 2019,
        "month": 10,
        "day": 17
      },
      "time": {
        "hour": 9,
        "minute": 54,
        "second": 40,
        "nano": 0
      }
    },
    "citySender": "Кам\u0027янське(Дніпропетровська обл)",
    "cityRecipient": "Онуфріївка"
  },
  {
    "number": 59000455536554,
    "dateTime": {
      "date": {
        "year": 2019,
        "month": 10,
        "day": 17
      },
      "time": {
        "hour": 9,
        "minute": 55,
        "second": 51,
        "nano": 0
      }
    },
    "citySender": "Харків",
    "cityRecipient": "Фастів"
  },
  {
    "number": 59000455536555,
    "dateTime": {
      "date": {
        "year": 2019,
        "month": 10,
        "day": 17
      },
      "time": {
        "hour": 9,
        "minute": 55,
        "second": 53,
        "nano": 0
      }
    },
    "citySender": "Верховина",
    "cityRecipient": "Іванків (Іванківський р-н)"
  },
  {
    "number": 59000455536556,
    "dateTime": {
      "date": {
        "year": 2019,
        "month": 10,
        "day": 17
      },
      "time": {
        "hour": 9,
        "minute": 55,
        "second": 54,
        "nano": 0
      }
    },
    "citySender": "Дніпро",
    "cityRecipient": "Дніпро"
  },
  {
    "number": 59000455536557,
    "dateTime": {
      "date": {
        "year": 2019,
        "month": 10,
        "day": 17
      },
      "time": {
        "hour": 9,
        "minute": 55,
        "second": 59,
        "nano": 0
      }
    },
    "citySender": "Кропивницький",
    "cityRecipient": "Харків"
  },
  {
    "number": 59000455536558,
    "dateTime": {
      "date": {
        "year": 2019,
        "month": 10,
        "day": 17
      },
      "time": {
        "hour": 9,
        "minute": 55,
        "second": 33,
        "nano": 0
      }
    },
    "citySender": "Хорол",
    "cityRecipient": "Стара Вижівка"
  },
  {
    "number": 59000455536559,
    "dateTime": {
      "date": {
        "year": 2019,
        "month": 10,
        "day": 17
      },
      "time": {
        "hour": 9,
        "minute": 55,
        "second": 49,
        "nano": 0
      }
    },
    "citySender": "Васильківка (Дніпропетровська обл.)",
    "cityRecipient": "Харків"
  },
  {
    "number": 59000455536560,
    "dateTime": {
      "date": {
        "year": 2019,
        "month": 10,
        "day": 17
      },
      "time": {
        "hour": 9,
        "minute": 55,
        "second": 27,
        "nano": 0
      }
    },
    "citySender": "Рівне",
    "cityRecipient": "Краматорськ"
  },
  {
    "number": 59000455536561,
    "dateTime": {
      "date": {
        "year": 2019,
        "month": 10,
        "day": 17
      },
      "time": {
        "hour": 9,
        "minute": 56,
        "second": 4,
        "nano": 0
      }
    },
    "citySender": "Тячів",
    "cityRecipient": "Київ"
  },
  {
    "number": 59000455536562,
    "dateTime": {
      "date": {
        "year": 2019,
        "month": 10,
        "day": 17
      },
      "time": {
        "hour": 9,
        "minute": 56,
        "second": 4,
        "nano": 0
      }
    },
    "citySender": "Маріуполь",
    "cityRecipient": "Пісочин"
  },
  {
    "number": 59000455536563,
    "dateTime": {
      "date": {
        "year": 2019,
        "month": 10,
        "day": 17
      },
      "time": {
        "hour": 9,
        "minute": 55,
        "second": 18,
        "nano": 0
      }
    },
    "citySender": "Очаків",
    "cityRecipient": "Житомир"
  },
  {
    "number": 59000455536564,
    "dateTime": {
      "date": {
        "year": 2019,
        "month": 10,
        "day": 17
      },
      "time": {
        "hour": 9,
        "minute": 56,
        "second": 4,
        "nano": 0
      }
    },
    "citySender": "Благовіщенське(Кіровоградська обл.)",
    "cityRecipient": "Дніпро"
  },
  {
    "number": 59000455536565,
    "dateTime": {
      "date": {
        "year": 2019,
        "month": 10,
        "day": 17
      },
      "time": {
        "hour": 9,
        "minute": 55,
        "second": 41,
        "nano": 0
      }
    },
    "citySender": "Костянтинівка (Донецька обл.)",
    "cityRecipient": "Кривий Ріг"
  },
  {
    "number": 59000455536566,
    "dateTime": {
      "date": {
        "year": 2019,
        "month": 10,
        "day": 17
      },
      "time": {
        "hour": 9,
        "minute": 55,
        "second": 7,
        "nano": 0
      }
    },
    "citySender": "Мостиська",
    "cityRecipient": "Київ"
  },
  {
    "number": 59000455536567,
    "dateTime": {
      "date": {
        "year": 2019,
        "month": 10,
        "day": 17
      },
      "time": {
        "hour": 9,
        "minute": 55,
        "second": 51,
        "nano": 0
      }
    },
    "citySender": "Бахмут",
    "cityRecipient": "Харків"
  },
  {
    "number": 59000455536568,
    "dateTime": {
      "date": {
        "year": 2019,
        "month": 10,
        "day": 17
      },
      "time": {
        "hour": 9,
        "minute": 55,
        "second": 58,
        "nano": 0
      }
    },
    "citySender": "Харків",
    "cityRecipient": "Харків"
  },
  {
    "number": 59000455536569,
    "dateTime": {
      "date": {
        "year": 2019,
        "month": 10,
        "day": 17
      },
      "time": {
        "hour": 9,
        "minute": 54,
        "second": 54,
        "nano": 0
      }
    },
    "citySender": "Бровари",
    "cityRecipient": "Кривий Ріг"
  },
  {
    "number": 59000455536570,
    "dateTime": {
      "date": {
        "year": 2019,
        "month": 10,
        "day": 17
      },
      "time": {
        "hour": 9,
        "minute": 55,
        "second": 28,
        "nano": 0
      }
    },
    "citySender": "Дніпро",
    "cityRecipient": "Дніпро"
  },
  {
    "number": 59000455536571,
    "dateTime": {
      "date": {
        "year": 2019,
        "month": 10,
        "day": 17
      },
      "time": {
        "hour": 9,
        "minute": 53,
        "second": 32,
        "nano": 0
      }
    },
    "citySender": "Херсон",
    "cityRecipient": "Житомир"
  },
  {
    "number": 59000455536572,
    "dateTime": {
      "date": {
        "year": 2019,
        "month": 10,
        "day": 17
      },
      "time": {
        "hour": 9,
        "minute": 55,
        "second": 38,
        "nano": 0
      }
    },
    "citySender": "Вінниця",
    "cityRecipient": "Вінниця"
  },
  {
    "number": 59000455536573,
    "dateTime": {
      "date": {
        "year": 2019,
        "month": 10,
        "day": 17
      },
      "time": {
        "hour": 9,
        "minute": 55,
        "second": 23,
        "nano": 0
      }
    },
    "citySender": "Київ",
    "cityRecipient": "Надвірна"
  },
  {
    "number": 59000455536574,
    "dateTime": {
      "date": {
        "year": 2019,
        "month": 10,
        "day": 17
      },
      "time": {
        "hour": 9,
        "minute": 52,
        "second": 55,
        "nano": 0
      }
    },
    "citySender": "Заводське(Лохвицький р-н,Полтав. обл)",
    "cityRecipient": "Київ"
  },
  {
    "number": 59000455536575,
    "dateTime": {
      "date": {
        "year": 2019,
        "month": 10,
        "day": 17
      },
      "time": {
        "hour": 9,
        "minute": 56,
        "second": 3,
        "nano": 0
      }
    },
    "citySender": "Львів",
    "cityRecipient": "Сміла"
  },
  {
    "number": 59000455536576,
    "dateTime": {
      "date": {
        "year": 2019,
        "month": 10,
        "day": 17
      },
      "time": {
        "hour": 9,
        "minute": 55,
        "second": 53,
        "nano": 0
      }
    },
    "citySender": "Горішні Плавні",
    "cityRecipient": "Київ"
  },
  {
    "number": 59000455536578,
    "dateTime": {
      "date": {
        "year": 2019,
        "month": 10,
        "day": 17
      },
      "time": {
        "hour": 9,
        "minute": 56,
        "second": 6,
        "nano": 0
      }
    },
    "citySender": "Київ",
    "cityRecipient": "Кременчук"
  },
  {
    "number": 59000455536579,
    "dateTime": {
      "date": {
        "year": 2019,
        "month": 10,
        "day": 17
      },
      "time": {
        "hour": 9,
        "minute": 55,
        "second": 31,
        "nano": 0
      }
    },
    "citySender": "Мукачево",
    "cityRecipient": "Київ"
  },
  {
    "number": 59000455536580,
    "dateTime": {
      "date": {
        "year": 2019,
        "month": 10,
        "day": 17
      },
      "time": {
        "hour": 9,
        "minute": 54,
        "second": 58,
        "nano": 0
      }
    },
    "citySender": "Київ",
    "cityRecipient": "Житомир"
  },
  {
    "number": 59000455536581,
    "dateTime": {
      "date": {
        "year": 2019,
        "month": 10,
        "day": 17
      },
      "time": {
        "hour": 9,
        "minute": 55,
        "second": 39,
        "nano": 0
      }
    },
    "citySender": "Нікополь (Дніпропетровська обл.)",
    "cityRecipient": "Дніпро"
  },
  {
    "number": 59000455536582,
    "dateTime": {
      "date": {
        "year": 2019,
        "month": 10,
        "day": 17
      },
      "time": {
        "hour": 9,
        "minute": 53,
        "second": 24,
        "nano": 0
      }
    },
    "citySender": "Кремінна",
    "cityRecipient": "Орлівщина"
  },
  {
    "number": 59000455536583,
    "dateTime": {
      "date": {
        "year": 2019,
        "month": 10,
        "day": 17
      },
      "time": {
        "hour": 9,
        "minute": 55,
        "second": 43,
        "nano": 0
      }
    },
    "citySender": "Часів Яр",
    "cityRecipient": "Суми"
  },
  {
    "number": 59000455536584,
    "dateTime": {
      "date": {
        "year": 2019,
        "month": 10,
        "day": 17
      },
      "time": {
        "hour": 9,
        "minute": 56,
        "second": 4,
        "nano": 0
      }
    },
    "citySender": "Новий Розділ",
    "cityRecipient": "Краковець"
  }
]