[
  {
    "number": 59000455526091,
    "dateTime": {
      "date": {
        "year": 2019,
        "month": 10,
        "day": 17
      },
      "time": {
        "hour": 9,
        "minute": 21,
        "second": 46,
        "nano": 0
      }
    },
    "citySender": "Київ",
    "cityRecipient": "Конотоп"
  },
  {
    "number": 59000455526092,
    "dateTime": {
      "date": {
        "year": 2019,
        "month": 10,
        "day": 17
      },
      "time": {
        "hour": 9,
        "minute": 21,
        "second": 45,
        "nano": 0
      }
    },
    "citySender": "Дніпро",
    "cityRecipient": "Дніпро"
  },
  {
    "number": 59000455526093,
    "dateTime": {
      "date": {
        "year": 2019,
        "month": 10,
        "day": 17
      },
      "time": {
        "hour": 9,
        "minute": 21,
        "second": 54,
        "nano": 0
      }
    },
    "citySender": "Покров (Дніпропетровська обл.)",
    "cityRecipient": "Бахмут"
  },
  {
    "number": 59000455526094,
    "dateTime": {
      "date": {
        "year": 2019,
        "month": 10,
        "day": 17
      },
      "time": {
        "hour": 9,
        "minute": 21,
        "second": 56,
        "nano": 0
      }
    },
    "citySender": "Лохвиця",
    "cityRecipient": "Новоселиця"
  },
  {
    "number": 59000455526095,
    "dateTime": {
      "date": {
        "year": 2019,
        "month": 10,
        "day": 17
      },
      "time": {
        "hour": 9,
        "minute": 21,
        "second": 39,
        "nano": 0
      }
    },
    "citySender": "Кривий Ріг",
    "cityRecipient": "Коцюбинське"
  },
  {
    "number": 59000455526096,
    "dateTime": {
      "date": {
        "year": 2019,
        "month": 10,
        "day": 17
      },
      "time": {
        "hour": 9,
        "minute": 21,
        "second": 38,
        "nano": 0
      }
    },
    "citySender": "Гусятин",
    "cityRecipient": "Нова Каховка"
  },
  {
    "number": 59000455526097,
    "dateTime": {
      "date": {
        "year": 2019,
        "month": 10,
        "day": 17
      },
      "time": {
        "hour": 9,
        "minute": 21,
        "second": 32,
        "nano": 0
      }
    },
    "citySender": "Краматорськ",
    "cityRecipient": "Попасна"
  },
  {
    "number": 59000455526098,
    "dateTime": {
      "date": {
        "year": 2019,
        "month": 10,
        "day": 17
      },
      "time": {
        "hour": 9,
        "minute": 21,
        "second": 7,
        "nano": 0
      }
    },
    "citySender": "Ратне",
    "cityRecipient": "Луцьк"
  },
  {
    "number": 59000455526099,
    "dateTime": {
      "date": {
        "year": 2019,
        "month": 10,
        "day": 17
      },
      "time": {
        "hour": 9,
        "minute": 21,
        "second": 21,
        "nano": 0
      }
    },
    "citySender": "Борщів",
    "cityRecipient": "Бучач"
  },
  {
    "number": 59000455526100,
    "dateTime": {
      "date": {
        "year": 2019,
        "month": 10,
        "day": 17
      },
      "time": {
        "hour": 9,
        "minute": 21,
        "second": 42,
        "nano": 0
      }
    },
    "citySender": "Мала Білозерка",
    "cityRecipient": "Запоріжжя"
  },
  {
    "number": 59000455526101,
    "dateTime": {
      "date": {
        "year": 2019,
        "month": 10,
        "day": 17
      },
      "time": {
        "hour": 9,
        "minute": 21,
        "second": 43,
        "nano": 0
      }
    },
    "citySender": "Харків",
    "cityRecipient": "Миргород"
  },
  {
    "number": 59000455526102,
    "dateTime": {
      "date": {
        "year": 2019,
        "month": 10,
        "day": 17
      },
      "time": {
        "hour": 9,
        "minute": 21,
        "second": 27,
        "nano": 0
      }
    },
    "citySender": "Біла Церква",
    "cityRecipient": "Глеваха"
  },
  {
    "number": 59000455526103,
    "dateTime": {
      "date": {
        "year": 2019,
        "month": 10,
        "day": 17
      },
      "time": {
        "hour": 9,
        "minute": 21,
        "second": 9,
        "nano": 0
      }
    },
    "citySender": "Шаргород (Вінницька обл.)",
    "cityRecipient": "Кам\u0027янець-Подільський"
  },
  {
    "number": 59000455526104,
    "dateTime": {
      "date": {
        "year": 2019,
        "month": 10,
        "day": 17
      },
      "time": {
        "hour": 9,
        "minute": 16,
        "second": 57,
        "nano": 0
      }
    },
    "citySender": "Северинівка (Київська обл.)",
    "cityRecipient": "Вишневе"
  },
  {
    "number": 59000455526105,
    "dateTime": {
      "date": {
        "year": 2019,
        "month": 10,
        "day": 17
      },
      "time": {
        "hour": 9,
        "minute": 21,
        "second": 33,
        "nano": 0
      }
    },
    "citySender": "Київ",
    "cityRecipient": "Дніпро"
  },
  {
    "number": 59000455526106,
    "dateTime": {
      "date": {
        "year": 2019,
        "month": 10,
        "day": 17
      },
      "time": {
        "hour": 9,
        "minute": 21,
        "second": 58,
        "nano": 0
      }
    },
    "citySender": "Кролевець",
    "cityRecipient": "Авдіївка (Донецька обл.)"
  },
  {
    "number": 59000455526107,
    "dateTime": {
      "date": {
        "year": 2019,
        "month": 10,
        "day": 17
      },
      "time": {
        "hour": 9,
        "minute": 21,
        "second": 49,
        "nano": 0
      }
    },
    "citySender": "Бровари",
    "cityRecipient": "Бровари"
  },
  {
    "number": 59000455526108,
    "dateTime": {
      "date": {
        "year": 2019,
        "month": 10,
        "day": 17
      },
      "time": {
        "hour": 9,
        "minute": 21,
        "second": 36,
        "nano": 0
      }
    },
    "citySender": "Гайсин",
    "cityRecipient": "Київ"
  },
  {
    "number": 59000455526109,
    "dateTime": {
      "date": {
        "year": 2019,
        "month": 10,
        "day": 17
      },
      "time": {
        "hour": 9,
        "minute": 22,
        "second": 0,
        "nano": 0
      }
    },
    "citySender": "Боярка",
    "cityRecipient": "Львів"
  },
  {
    "number": 59000455526110,
    "dateTime": {
      "date": {
        "year": 2019,
        "month": 10,
        "day": 17
      },
      "time": {
        "hour": 9,
        "minute": 20,
        "second": 41,
        "nano": 0
      }
    },
    "citySender": "Кривий Ріг",
    "cityRecipient": "Східниця"
  },
  {
    "number": 59000455526111,
    "dateTime": {
      "date": {
        "year": 2019,
        "month": 10,
        "day": 17
      },
      "time": {
        "hour": 9,
        "minute": 22,
        "second": 5,
        "nano": 0
      }
    },
    "citySender": "Угринів (Тисменицький р-н., Івано-Франк. обл.)",
    "cityRecipient": "Житомир"
  },
  {
    "number": 59000455526112,
    "dateTime": {
      "date": {
        "year": 2019,
        "month": 10,
        "day": 17
      },
      "time": {
        "hour": 9,
        "minute": 22,
        "second": 3,
        "nano": 0
      }
    },
    "citySender": "Луцьк",
    "cityRecipient": "Одеса"
  },
  {
    "number": 59000455526113,
    "dateTime": {
      "date": {
        "year": 2019,
        "month": 10,
        "day": 17
      },
      "time": {
        "hour": 9,
        "minute": 21,
        "second": 41,
        "nano": 0
      }
    },
    "citySender": "Новотроїцьке (Херсонська обл.)",
    "cityRecipient": "Херсон"
  },
  {
    "number": 59000455526114,
    "dateTime": {
      "date": {
        "year": 2019,
        "month": 10,
        "day": 17
      },
      "time": {
        "hour": 9,
        "minute": 22,
        "second": 5,
        "nano": 0
      }
    },
    "citySender": "Київ",
    "cityRecipient": "Чернівці"
  },
  {
    "number": 59000455526115,
    "dateTime": {
      "date": {
        "year": 2019,
        "month": 10,
        "day": 17
      },
      "time": {
        "hour": 9,
        "minute": 21,
        "second": 46,
        "nano": 0
      }
    },
    "citySender": "Одеса",
    "cityRecipient": "Сквира"
  },
  {
    "number": 59000455526116,
    "dateTime": {
      "date": {
        "year": 2019,
        "month": 10,
        "day": 17
      },
      "time": {
        "hour": 9,
        "minute": 21,
        "second": 52,
        "nano": 0
      }
    },
    "citySender": "Дніпро",
    "cityRecipient": "Синельникове"
  },
  {
    "number": 59000455526117,
    "dateTime": {
      "date": {
        "year": 2019,
        "month": 10,
        "day": 17
      },
      "time": {
        "hour": 9,
        "minute": 22,
        "second": 2,
        "nano": 0
      }
    },
    "citySender": "Івано-Франківськ",
    "cityRecipient": "Радомишль"
  },
  {
    "number": 59000455526118,
    "dateTime": {
      "date": {
        "year": 2019,
        "month": 10,
        "day": 17
      },
      "time": {
        "hour": 9,
        "minute": 21,
        "second": 46,
        "nano": 0
      }
    },
    "citySender": "Кривий Ріг",
    "cityRecipient": "Київ"
  },
  {
    "number": 59000455526119,
    "dateTime": {
      "date": {
        "year": 2019,
        "month": 10,
        "day": 17
      },
      "time": {
        "hour": 9,
        "minute": 21,
        "second": 38,
        "nano": 0
      }
    },
    "citySender": "Знам\u0027янка (Кіровоградська обл.)",
    "cityRecipient": "Київ"
  },
  {
    "number": 59000455526120,
    "dateTime": {
      "date": {
        "year": 2019,
        "month": 10,
        "day": 17
      },
      "time": {
        "hour": 9,
        "minute": 22,
        "second": 5,
        "nano": 0
      }
    },
    "citySender": "Київ",
    "cityRecipient": "Покровськ (Донецька обл.)"
  },
  {
    "number": 59000455526121,
    "dateTime": {
      "date": {
        "year": 2019,
        "month": 10,
        "day": 17
      },
      "time": {
        "hour": 9,
        "minute": 21,
        "second": 54,
        "nano": 0
      }
    },
    "citySender": "Дніпрорудне",
    "cityRecipient": "Київ"
  },
  {
    "number": 59000455526122,
    "dateTime": {
      "date": {
        "year": 2019,
        "month": 10,
        "day": 17
      },
      "time": {
        "hour": 9,
        "minute": 21,
        "second": 57,
        "nano": 0
      }
    },
    "citySender": "Енергодар",
    "cityRecipient": "Дніпро"
  },
  {
    "number": 59000455526123,
    "dateTime": {
      "date": {
        "year": 2019,
        "month": 10,
        "day": 17
      },
      "time": {
        "hour": 9,
        "minute": 21,
        "second": 31,
        "nano": 0
      }
    },
    "citySender": "Олевськ",
    "cityRecipient": "Вінниця"
  },
  {
    "number": 59000455526124,
    "dateTime": {
      "date": {
        "year": 2019,
        "month": 10,
        "day": 17
      },
      "time": {
        "hour": 9,
        "minute": 21,
        "second": 47,
        "nano": 0
      }
    },
    "citySender": "Шаян",
    "cityRecipient": "Вишневе"
  },
  {
    "number": 59000455526125,
    "dateTime": {
      "date": {
        "year": 2019,
        "month": 10,
        "day": 17
      },
      "time": {
        "hour": 9,
        "minute": 21,
        "second": 38,
        "nano": 0
      }
    },
    "citySender": "Старокостянтинів",
    "cityRecipient": "Хлібодарське"
  },
  {
    "number": 59000455526126,
    "dateTime": {
      "date": {
        "year": 2019,
        "month": 10,
        "day": 17
      },
      "time": {
        "hour": 9,
        "minute": 21,
        "second": 43,
        "nano": 0
      }
    },
    "citySender": "Рівне",
    "cityRecipient": "Київ"
  },
  {
    "number": 59000455526127,
    "dateTime": {
      "date": {
        "year": 2019,
        "month": 10,
        "day": 17
      },
      "time": {
        "hour": 9,
        "minute": 22,
        "second": 6,
        "nano": 0
      }
    },
    "citySender": "Чернігів",
    "cityRecipient": "Нижнів"
  },
  {
    "number": 59000455526128,
    "dateTime": {
      "date": {
        "year": 2019,
        "month": 10,
        "day": 17
      },
      "time": {
        "hour": 9,
        "minute": 22,
        "second": 8,
        "nano": 0
      }
    },
    "citySender": "Київ",
    "cityRecipient": "Буча"
  },
  {
    "number": 59000455526129,
    "dateTime": {
      "date": {
        "year": 2019,
        "month": 10,
        "day": 17
      },
      "time": {
        "hour": 9,
        "minute": 22,
        "second": 6,
        "nano": 0
      }
    },
    "citySender": "Городок (Хмельницька обл.)",
    "cityRecipient": "Новоград-Волинський"
  },
  {
    "number": 59000455526130,
    "dateTime": {
      "date": {
        "year": 2019,
        "month": 10,
        "day": 17
      },
      "time": {
        "hour": 9,
        "minute": 22,
        "second": 10,
        "nano": 0
      }
    },
    "citySender": "Івано-Франківськ",
    "cityRecipient": "Нова Каховка"
  },
  {
    "number": 59000455526131,
    "dateTime": {
      "date": {
        "year": 2019,
        "month": 10,
        "day": 17
      },
      "time": {
        "hour": 9,
        "minute": 20,
        "second": 54,
        "nano": 0
      }
    },
    "citySender": "Покровськ (Донецька обл.)",
    "cityRecipient": "Бровари"
  },
  {
    "number": 59000455526132,
    "dateTime": {
      "date": {
        "year": 2019,
        "month": 10,
        "day": 17
      },
      "time": {
        "hour": 9,
        "minute": 22,
        "second": 5,
        "nano": 0
      }
    },
    "citySender": "Коломия",
    "cityRecipient": "Виноградів"
  },
  {
    "number": 59000455526133,
    "dateTime": {
      "date": {
        "year": 2019,
        "month": 10,
        "day": 17
      },
      "time": {
        "hour": 9,
        "minute": 21,
        "second": 44,
        "nano": 0
      }
    },
    "citySender": "Шостка",
    "cityRecipient": "Київ"
  },
  {
    "number": 59000455526134,
    "dateTime": {
      "date": {
        "year": 2019,
        "month": 10,
        "day": 17
      },
      "time": {
        "hour": 9,
        "minute": 21,
        "second": 56,
        "nano": 0
      }
    },
    "citySender": "Лебедин (Сумська обл.)",
    "cityRecipient": "Полтава"
  },
  {
    "number": 59000455526135,
    "dateTime": {
      "date": {
        "year": 2019,
        "month": 10,
        "day": 17
      },
      "time": {
        "hour": 9,
        "minute": 22,
        "second": 1,
        "nano": 0
      }
    },
    "citySender": "Біла Церква",
    "cityRecipient": "Київ"
  },
  {
    "number": 59000455526136,
    "dateTime": {
      "date": {
        "year": 2019,
        "month": 10,
        "day": 17
      },
      "time": {
        "hour": 9,
        "minute": 22,
        "second": 6,
        "nano": 0
      }
    },
    "citySender": "Южне",
    "cityRecipient": "Київ"
  },
  {
    "number": 59000455526137,
    "dateTime": {
      "date": {
        "year": 2019,
        "month": 10,
        "day": 17
      },
      "time": {
        "hour": 9,
        "minute": 21,
        "second": 1,
        "nano": 0
      }
    },
    "citySender": "Житомир",
    "cityRecipient": "Великодолинське"
  },
  {
    "number": 59000455526138,
    "dateTime": {
      "date": {
        "year": 2019,
        "month": 10,
        "day": 17
      },
      "time": {
        "hour": 9,
        "minute": 22,
        "second": 10,
        "nano": 0
      }
    },
    "citySender": "Первомайськ(Микол.обл.Первомайс.р-н)",
    "cityRecipient": "Миколаїв"
  },
  {
    "number": 59000455526139,
    "dateTime": {
      "date": {
        "year": 2019,
        "month": 10,
        "day": 17
      },
      "time": {
        "hour": 9,
        "minute": 22,
        "second": 10,
        "nano": 0
      }
    },
    "citySender": "Болград (Одеська обл.)",
    "cityRecipient": "Буча"
  },
  {
    "number": 59000455526140,
    "dateTime": {
      "date": {
        "year": 2019,
        "month": 10,
        "day": 17
      },
      "time": {
        "hour": 9,
        "minute": 21,
        "second": 21,
        "nano": 0
      }
    },
    "citySender": "Ратне",
    "cityRecipient": "Сарни"
  },
  {
    "number": 59000455526141,
    "dateTime": {
      "date": {
        "year": 2019,
        "month": 10,
        "day": 17
      },
      "time": {
        "hour": 9,
        "minute": 22,
        "second": 11,
        "nano": 0
      }
    },
    "citySender": "Харків",
    "cityRecipient": "Лиман(Донецька обл)"
  },
  {
    "number": 59000455526142,
    "dateTime": {
      "date": {
        "year": 2019,
        "month": 10,
        "day": 17
      },
      "time": {
        "hour": 9,
        "minute": 21,
        "second": 19,
        "nano": 0
      }
    },
    "citySender": "Бучач",
    "cityRecipient": "Полтава"
  },
  {
    "number": 59000455526143,
    "dateTime": {
      "date": {
        "year": 2019,
        "month": 10,
        "day": 17
      },
      "time": {
        "hour": 9,
        "minute": 22,
        "second": 10,
        "nano": 0
      }
    },
    "citySender": "Тарасівка",
    "cityRecipient": "Вишневе"
  },
  {
    "number": 59000455526144,
    "dateTime": {
      "date": {
        "year": 2019,
        "month": 10,
        "day": 17
      },
      "time": {
        "hour": 9,
        "minute": 22,
        "second": 12,
        "nano": 0
      }
    },
    "citySender": "Київ",
    "cityRecipient": "Київ"
  },
  {
    "number": 59000455526145,
    "dateTime": {
      "date": {
        "year": 2019,
        "month": 10,
        "day": 17
      },
      "time": {
        "hour": 9,
        "minute": 22,
        "second": 2,
        "nano": 0
      }
    },
    "citySender": "Львів",
    "cityRecipient": "Київ"
  },
  {
    "number": 59000455526146,
    "dateTime": {
      "date": {
        "year": 2019,
        "month": 10,
        "day": 17
      },
      "time": {
        "hour": 9,
        "minute": 22,
        "second": 5,
        "nano": 0
      }
    },
    "citySender": "Дніпро",
    "cityRecipient": "Одеса"
  },
  {
    "number": 59000455526147,
    "dateTime": {
      "date": {
        "year": 2019,
        "month": 10,
        "day": 17
      },
      "time": {
        "hour": 9,
        "minute": 22,
        "second": 1,
        "nano": 0
      }
    },
    "citySender": "Київ",
    "cityRecipient": "Київ"
  },
  {
    "number": 59000455526151,
    "dateTime": {
      "date": {
        "year": 2019,
        "month": 10,
        "day": 17
      },
      "time": {
        "hour": 9,
        "minute": 22,
        "second": 14,
        "nano": 0
      }
    },
    "citySender": "Прилуки",
    "cityRecipient": "Одеса"
  },
  {
    "number": 59000455526152,
    "dateTime": {
      "date": {
        "year": 2019,
        "month": 10,
        "day": 17
      },
      "time": {
        "hour": 9,
        "minute": 22,
        "second": 11,
        "nano": 0
      }
    },
    "citySender": "Рубіжне",
    "cityRecipient": "Бахмут"
  },
  {
    "number": 59000455526153,
    "dateTime": {
      "date": {
        "year": 2019,
        "month": 10,
        "day": 17
      },
      "time": {
        "hour": 9,
        "minute": 22,
        "second": 4,
        "nano": 0
      }
    },
    "citySender": "Одеса",
    "cityRecipient": "Дніпро"
  },
  {
    "number": 59000455526155,
    "dateTime": {
      "date": {
        "year": 2019,
        "month": 10,
        "day": 17
      },
      "time": {
        "hour": 9,
        "minute": 22,
        "second": 5,
        "nano": 0
      }
    },
    "citySender": "Одеса",
    "cityRecipient": "Вознесенськ"
  },
  {
    "number": 59000455526156,
    "dateTime": {
      "date": {
        "year": 2019,
        "month": 10,
        "day": 17
      },
      "time": {
        "hour": 9,
        "minute": 21,
        "second": 41,
        "nano": 0
      }
    },
    "citySender": "Краматорськ",
    "cityRecipient": "Київ"
  },
  {
    "number": 59000455526157,
    "dateTime": {
      "date": {
        "year": 2019,
        "month": 10,
        "day": 17
      },
      "time": {
        "hour": 9,
        "minute": 22,
        "second": 15,
        "nano": 0
      }
    },
    "citySender": "Київ",
    "cityRecipient": "Чайки"
  },
  {
    "number": 59000455526158,
    "dateTime": {
      "date": {
        "year": 2019,
        "month": 10,
        "day": 17
      },
      "time": {
        "hour": 9,
        "minute": 21,
        "second": 56,
        "nano": 0
      }
    },
    "citySender": "Градениці",
    "cityRecipient": "Вознесенськ"
  },
  {
    "number": 59000455526159,
    "dateTime": {
      "date": {
        "year": 2019,
        "month": 10,
        "day": 17
      },
      "time": {
        "hour": 9,
        "minute": 21,
        "second": 25,
        "nano": 0
      }
    },
    "citySender": "Власівка",
    "cityRecipient": "Київ"
  },
  {
    "number": 59000455526160,
    "dateTime": {
      "date": {
        "year": 2019,
        "month": 10,
        "day": 17
      },
      "time": {
        "hour": 9,
        "minute": 22,
        "second": 16,
        "nano": 0
      }
    },
    "citySender": "Ланчин",
    "cityRecipient": "Харків"
  },
  {
    "number": 59000455526161,
    "dateTime": {
      "date": {
        "year": 2019,
        "month": 10,
        "day": 17
      },
      "time": {
        "hour": 9,
        "minute": 22,
        "second": 9,
        "nano": 0
      }
    },
    "citySender": "Запоріжжя",
    "cityRecipient": "Вінниця"
  },
  {
    "number": 59000455526163,
    "dateTime": {
      "date": {
        "year": 2019,
        "month": 10,
        "day": 17
      },
      "time": {
        "hour": 9,
        "minute": 21,
        "second": 35,
        "nano": 0
      }
    },
    "citySender": "Одеса",
    "cityRecipient": "Костопіль"
  },
  {
    "number": 59000455526164,
    "dateTime": {
      "date": {
        "year": 2019,
        "month": 10,
        "day": 17
      },
      "time": {
        "hour": 9,
        "minute": 22,
        "second": 7,
        "nano": 0
      }
    },
    "citySender": "Костопіль",
    "cityRecipient": "Звенигородка"
  },
  {
    "number": 59000455526165,
    "dateTime": {
      "date": {
        "year": 2019,
        "month": 10,
        "day": 17
      },
      "time": {
        "hour": 9,
        "minute": 22,
        "second": 0,
        "nano": 0
      }
    },
    "citySender": "Южне",
    "cityRecipient": "Київ"
  },
  {
    "number": 59000455526166,
    "dateTime": {
      "date": {
        "year": 2019,
        "month": 10,
        "day": 17
      },
      "time": {
        "hour": 9,
        "minute": 21,
        "second": 47,
        "nano": 0
      }
    },
    "citySender": "Яреськи",
    "cityRecipient": "Київ"
  },
  {
    "number": 59000455526167,
    "dateTime": {
      "date": {
        "year": 2019,
        "month": 10,
        "day": 17
      },
      "time": {
        "hour": 9,
        "minute": 21,
        "second": 24,
        "nano": 0
      }
    },
    "citySender": "Конотоп",
    "cityRecipient": "Полтава"
  },
  {
    "number": 59000455526168,
    "dateTime": {
      "date": {
        "year": 2019,
        "month": 10,
        "day": 17
      },
      "time": {
        "hour": 9,
        "minute": 22,
        "second": 9,
        "nano": 0
      }
    },
    "citySender": "Мукачево",
    "cityRecipient": "Харків"
  },
  {
    "number": 59000455526169,
    "dateTime": {
      "date": {
        "year": 2019,
        "month": 10,
        "day": 17
      },
      "time": {
        "hour": 9,
        "minute": 21,
        "second": 41,
        "nano": 0
      }
    },
    "citySender": "Козельщина",
    "cityRecipient": "Київ"
  },
  {
    "number": 59000455526170,
    "dateTime": {
      "date": {
        "year": 2019,
        "month": 10,
        "day": 17
      },
      "time": {
        "hour": 9,
        "minute": 22,
        "second": 18,
        "nano": 0
      }
    },
    "citySender": "Стара Вижівка",
    "cityRecipient": "Київ"
  },
  {
    "number": 59000455526171,
    "dateTime": {
      "date": {
        "year": 2019,
        "month": 10,
        "day": 17
      },
      "time": {
        "hour": 9,
        "minute": 22,
        "second": 13,
        "nano": 0
      }
    },
    "citySender": "Березне",
    "cityRecipient": "Київ"
  },
  {
    "number": 59000455526173,
    "dateTime": {
      "date": {
        "year": 2019,
        "month": 10,
        "day": 17
      },
      "time": {
        "hour": 9,
        "minute": 21,
        "second": 30,
        "nano": 0
      }
    },
    "citySender": "Тисмениця",
    "cityRecipient": "Балаклія (Харківська обл.)"
  },
  {
    "number": 59000455526174,
    "dateTime": {
      "date": {
        "year": 2019,
        "month": 10,
        "day": 17
      },
      "time": {
        "hour": 9,
        "minute": 21,
        "second": 55,
        "nano": 0
      }
    },
    "citySender": "Долина",
    "cityRecipient": "Ужгород"
  },
  {
    "number": 59000455526175,
    "dateTime": {
      "date": {
        "year": 2019,
        "month": 10,
        "day": 17
      },
      "time": {
        "hour": 9,
        "minute": 22,
        "second": 19,
        "nano": 0
      }
    },
    "citySender": "Бахмач",
    "cityRecipient": "Київ"
  },
  {
    "number": 59000455526176,
    "dateTime": {
      "date": {
        "year": 2019,
        "month": 10,
        "day": 17
      },
      "time": {
        "hour": 9,
        "minute": 22,
        "second": 9,
        "nano": 0
      }
    },
    "citySender": "Одеса",
    "cityRecipient": "Київ"
  },
  {
    "number": 59000455526177,
    "dateTime": {
      "date": {
        "year": 2019,
        "month": 10,
        "day": 17
      },
      "time": {
        "hour": 9,
        "minute": 21,
        "second": 41,
        "nano": 0
      }
    },
    "citySender": "Велика Лепетиха",
    "cityRecipient": "Васильків"
  },
  {
    "number": 59000455526178,
    "dateTime": {
      "date": {
        "year": 2019,
        "month": 10,
        "day": 17
      },
      "time": {
        "hour": 9,
        "minute": 21,
        "second": 32,
        "nano": 0
      }
    },
    "citySender": "Шостка",
    "cityRecipient": "Київ"
  },
  {
    "number": 59000455526179,
    "dateTime": {
      "date": {
        "year": 2019,
        "month": 10,
        "day": 17
      },
      "time": {
        "hour": 9,
        "minute": 22,
        "second": 13,
        "nano": 0
      }
    },
    "citySender": "Житомир",
    "cityRecipient": "Чайки"
  },
  {
    "number": 59000455526180,
    "dateTime": {
      "date": {
        "year": 2019,
        "month": 10,
        "day": 17
      },
      "time": {
        "hour": 9,
        "minute": 22,
        "second": 19,
        "nano": 0
      }
    },
    "citySender": "Угринів (Тисменицький р-н., Івано-Франк. обл.)",
    "cityRecipient": "Бучач"
  },
  {
    "number": 59000455526181,
    "dateTime": {
      "date": {
        "year": 2019,
        "month": 10,
        "day": 17
      },
      "time": {
        "hour": 9,
        "minute": 21,
        "second": 38,
        "nano": 0
      }
    },
    "citySender": "Великодолинське",
    "cityRecipient": "Сагунівка"
  },
  {
    "number": 59000455526182,
    "dateTime": {
      "date": {
        "year": 2019,
        "month": 10,
        "day": 17
      },
      "time": {
        "hour": 9,
        "minute": 22,
        "second": 16,
        "nano": 0
      }
    },
    "citySender": "Дніпро",
    "cityRecipient": "Компаніївка"
  },
  {
    "number": 59000455526183,
    "dateTime": {
      "date": {
        "year": 2019,
        "month": 10,
        "day": 17
      },
      "time": {
        "hour": 9,
        "minute": 22,
        "second": 10,
        "nano": 0
      }
    },
    "citySender": "Біла Церква",
    "cityRecipient": "Київ"
  },
  {
    "number": 59000455526184,
    "dateTime": {
      "date": {
        "year": 2019,
        "month": 10,
        "day": 17
      },
      "time": {
        "hour": 9,
        "minute": 22,
        "second": 9,
        "nano": 0
      }
    },
    "citySender": "Полонне",
    "cityRecipient": "Роздольне"
  },
  {
    "number": 59000455526185,
    "dateTime": {
      "date": {
        "year": 2019,
        "month": 10,
        "day": 17
      },
      "time": {
        "hour": 9,
        "minute": 22,
        "second": 18,
        "nano": 0
      }
    },
    "citySender": "Рава-Руська",
    "cityRecipient": "Київ"
  },
  {
    "number": 59000455526186,
    "dateTime": {
      "date": {
        "year": 2019,
        "month": 10,
        "day": 17
      },
      "time": {
        "hour": 9,
        "minute": 21,
        "second": 30,
        "nano": 0
      }
    },
    "citySender": "Рубіжне",
    "cityRecipient": "Стара Синява"
  },
  {
    "number": 59000455526187,
    "dateTime": {
      "date": {
        "year": 2019,
        "month": 10,
        "day": 17
      },
      "time": {
        "hour": 9,
        "minute": 22,
        "second": 19,
        "nano": 0
      }
    },
    "citySender": "Київ",
    "cityRecipient": "Павлоград"
  },
  {
    "number": 59000455526188,
    "dateTime": {
      "date": {
        "year": 2019,
        "month": 10,
        "day": 17
      },
      "time": {
        "hour": 9,
        "minute": 21,
        "second": 50,
        "nano": 0
      }
    },
    "citySender": "Запоріжжя",
    "cityRecipient": "Мирноград"
  },
  {
    "number": 59000455526190,
    "dateTime": {
      "date": {
        "year": 2019,
        "month": 10,
        "day": 17
      },
      "time": {
        "hour": 9,
        "minute": 22,
        "second": 8,
        "nano": 0
      }
    },
    "citySender": "Хирів",
    "cityRecipient": "Дніпро"
  }
]