[
  {
    "number": 59000455521493,
    "dateTime": {
      "date": {
        "year": 2019,
        "month": 10,
        "day": 17
      },
      "time": {
        "hour": 9,
        "minute": 7,
        "second": 16,
        "nano": 0
      }
    },
    "citySender": "Маріуполь",
    "cityRecipient": "Одеса"
  },
  {
    "number": 59000455521494,
    "dateTime": {
      "date": {
        "year": 2019,
        "month": 10,
        "day": 17
      },
      "time": {
        "hour": 9,
        "minute": 7,
        "second": 52,
        "nano": 0
      }
    },
    "citySender": "Новий Розділ",
    "cityRecipient": "Київ"
  },
  {
    "number": 59000455521496,
    "dateTime": {
      "date": {
        "year": 2019,
        "month": 10,
        "day": 17
      },
      "time": {
        "hour": 9,
        "minute": 6,
        "second": 49,
        "nano": 0
      }
    },
    "citySender": "Краматорськ",
    "cityRecipient": "Дніпро"
  },
  {
    "number": 59000455521497,
    "dateTime": {
      "date": {
        "year": 2019,
        "month": 10,
        "day": 17
      },
      "time": {
        "hour": 9,
        "minute": 7,
        "second": 56,
        "nano": 0
      }
    },
    "citySender": "Пісочин",
    "cityRecipient": "Тернопіль"
  },
  {
    "number": 59000455521498,
    "dateTime": {
      "date": {
        "year": 2019,
        "month": 10,
        "day": 17
      },
      "time": {
        "hour": 9,
        "minute": 8,
        "second": 5,
        "nano": 0
      }
    },
    "citySender": "Долина",
    "cityRecipient": "Дніпро"
  },
  {
    "number": 59000455521499,
    "dateTime": {
      "date": {
        "year": 2019,
        "month": 10,
        "day": 17
      },
      "time": {
        "hour": 9,
        "minute": 7,
        "second": 55,
        "nano": 0
      }
    },
    "citySender": "Київ",
    "cityRecipient": "Марганець"
  },
  {
    "number": 59000455521500,
    "dateTime": {
      "date": {
        "year": 2019,
        "month": 10,
        "day": 17
      },
      "time": {
        "hour": 9,
        "minute": 8,
        "second": 5,
        "nano": 0
      }
    },
    "citySender": "Іршава",
    "cityRecipient": "Київ"
  },
  {
    "number": 59000455521501,
    "dateTime": {
      "date": {
        "year": 2019,
        "month": 10,
        "day": 17
      },
      "time": {
        "hour": 9,
        "minute": 7,
        "second": 22,
        "nano": 0
      }
    },
    "citySender": "Михайлівка (Михайлівський р-н., Запорізька обл.)",
    "cityRecipient": "Київ"
  },
  {
    "number": 59000455521502,
    "dateTime": {
      "date": {
        "year": 2019,
        "month": 10,
        "day": 17
      },
      "time": {
        "hour": 9,
        "minute": 7,
        "second": 44,
        "nano": 0
      }
    },
    "citySender": "Вінниця",
    "cityRecipient": "Луцьк"
  },
  {
    "number": 59000455521503,
    "dateTime": {
      "date": {
        "year": 2019,
        "month": 10,
        "day": 17
      },
      "time": {
        "hour": 9,
        "minute": 8,
        "second": 9,
        "nano": 0
      }
    },
    "citySender": "Миколаївка (Одеська обл., Миколаївський р-н)",
    "cityRecipient": "Харків"
  },
  {
    "number": 59000455521504,
    "dateTime": {
      "date": {
        "year": 2019,
        "month": 10,
        "day": 17
      },
      "time": {
        "hour": 9,
        "minute": 7,
        "second": 37,
        "nano": 0
      }
    },
    "citySender": "Клавдієво-Тарасове",
    "cityRecipient": "Кривий Ріг"
  },
  {
    "number": 59000455521505,
    "dateTime": {
      "date": {
        "year": 2019,
        "month": 10,
        "day": 17
      },
      "time": {
        "hour": 9,
        "minute": 7,
        "second": 58,
        "nano": 0
      }
    },
    "citySender": "Київ",
    "cityRecipient": "Чернігів"
  },
  {
    "number": 59000455521506,
    "dateTime": {
      "date": {
        "year": 2019,
        "month": 10,
        "day": 17
      },
      "time": {
        "hour": 9,
        "minute": 7,
        "second": 25,
        "nano": 0
      }
    },
    "citySender": "Коломия",
    "cityRecipient": "Київ"
  },
  {
    "number": 59000455521507,
    "dateTime": {
      "date": {
        "year": 2019,
        "month": 10,
        "day": 17
      },
      "time": {
        "hour": 9,
        "minute": 3,
        "second": 33,
        "nano": 0
      }
    },
    "citySender": "Ізюм",
    "cityRecipient": "Казанка"
  },
  {
    "number": 59000455521508,
    "dateTime": {
      "date": {
        "year": 2019,
        "month": 10,
        "day": 17
      },
      "time": {
        "hour": 9,
        "minute": 8,
        "second": 10,
        "nano": 0
      }
    },
    "citySender": "Горонда",
    "cityRecipient": "Київ"
  },
  {
    "number": 59000455521509,
    "dateTime": {
      "date": {
        "year": 2019,
        "month": 10,
        "day": 17
      },
      "time": {
        "hour": 9,
        "minute": 8,
        "second": 7,
        "nano": 0
      }
    },
    "citySender": "Южне",
    "cityRecipient": "Полігон"
  },
  {
    "number": 59000455521510,
    "dateTime": {
      "date": {
        "year": 2019,
        "month": 10,
        "day": 17
      },
      "time": {
        "hour": 9,
        "minute": 8,
        "second": 10,
        "nano": 0
      }
    },
    "citySender": "Корюківка",
    "cityRecipient": "Львів"
  },
  {
    "number": 59000455521511,
    "dateTime": {
      "date": {
        "year": 2019,
        "month": 10,
        "day": 17
      },
      "time": {
        "hour": 9,
        "minute": 8,
        "second": 10,
        "nano": 0
      }
    },
    "citySender": "Чернігів",
    "cityRecipient": "Одеса"
  },
  {
    "number": 59000455521512,
    "dateTime": {
      "date": {
        "year": 2019,
        "month": 10,
        "day": 17
      },
      "time": {
        "hour": 9,
        "minute": 8,
        "second": 2,
        "nano": 0
      }
    },
    "citySender": "Київ",
    "cityRecipient": "Київ"
  },
  {
    "number": 59000455521513,
    "dateTime": {
      "date": {
        "year": 2019,
        "month": 10,
        "day": 17
      },
      "time": {
        "hour": 9,
        "minute": 8,
        "second": 11,
        "nano": 0
      }
    },
    "citySender": "Заставна",
    "cityRecipient": "Полтава"
  },
  {
    "number": 59000455521514,
    "dateTime": {
      "date": {
        "year": 2019,
        "month": 10,
        "day": 17
      },
      "time": {
        "hour": 9,
        "minute": 8,
        "second": 4,
        "nano": 0
      }
    },
    "citySender": "Глухів (Сумська обл.)",
    "cityRecipient": "Чернівці"
  },
  {
    "number": 59000455521515,
    "dateTime": {
      "date": {
        "year": 2019,
        "month": 10,
        "day": 17
      },
      "time": {
        "hour": 9,
        "minute": 8,
        "second": 11,
        "nano": 0
      }
    },
    "citySender": "Кременчук",
    "cityRecipient": "Дрогобич"
  },
  {
    "number": 59000455521516,
    "dateTime": {
      "date": {
        "year": 2019,
        "month": 10,
        "day": 17
      },
      "time": {
        "hour": 9,
        "minute": 8,
        "second": 9,
        "nano": 0
      }
    },
    "citySender": "Мар\u0027їнка",
    "cityRecipient": "Дніпро"
  },
  {
    "number": 59000455521517,
    "dateTime": {
      "date": {
        "year": 2019,
        "month": 10,
        "day": 17
      },
      "time": {
        "hour": 9,
        "minute": 7,
        "second": 52,
        "nano": 0
      }
    },
    "citySender": "Тараща",
    "cityRecipient": "Богуслав (Київська обл.)"
  },
  {
    "number": 59000455521518,
    "dateTime": {
      "date": {
        "year": 2019,
        "month": 10,
        "day": 17
      },
      "time": {
        "hour": 9,
        "minute": 8,
        "second": 6,
        "nano": 0
      }
    },
    "citySender": "Очаків",
    "cityRecipient": "Київ"
  },
  {
    "number": 59000455521519,
    "dateTime": {
      "date": {
        "year": 2019,
        "month": 10,
        "day": 17
      },
      "time": {
        "hour": 9,
        "minute": 8,
        "second": 12,
        "nano": 0
      }
    },
    "citySender": "Княжичі (Броварський р-н)",
    "cityRecipient": "Харків"
  },
  {
    "number": 59000455521520,
    "dateTime": {
      "date": {
        "year": 2019,
        "month": 10,
        "day": 17
      },
      "time": {
        "hour": 9,
        "minute": 8,
        "second": 8,
        "nano": 0
      }
    },
    "citySender": "Летичів",
    "cityRecipient": "Одеса"
  },
  {
    "number": 59000455521521,
    "dateTime": {
      "date": {
        "year": 2019,
        "month": 10,
        "day": 17
      },
      "time": {
        "hour": 9,
        "minute": 8,
        "second": 13,
        "nano": 0
      }
    },
    "citySender": "Вугледар",
    "cityRecipient": "Київ"
  },
  {
    "number": 59000455521522,
    "dateTime": {
      "date": {
        "year": 2019,
        "month": 10,
        "day": 17
      },
      "time": {
        "hour": 9,
        "minute": 8,
        "second": 0,
        "nano": 0
      }
    },
    "citySender": "Новоукраїнка",
    "cityRecipient": "Ірпінь"
  },
  {
    "number": 59000455521523,
    "dateTime": {
      "date": {
        "year": 2019,
        "month": 10,
        "day": 17
      },
      "time": {
        "hour": 9,
        "minute": 7,
        "second": 21,
        "nano": 0
      }
    },
    "citySender": "Генічеськ",
    "cityRecipient": "Трускавець"
  },
  {
    "number": 59000455521524,
    "dateTime": {
      "date": {
        "year": 2019,
        "month": 10,
        "day": 17
      },
      "time": {
        "hour": 9,
        "minute": 8,
        "second": 12,
        "nano": 0
      }
    },
    "citySender": "Полтава",
    "cityRecipient": "Луцьк"
  },
  {
    "number": 59000455521525,
    "dateTime": {
      "date": {
        "year": 2019,
        "month": 10,
        "day": 17
      },
      "time": {
        "hour": 9,
        "minute": 7,
        "second": 52,
        "nano": 0
      }
    },
    "citySender": "Київ",
    "cityRecipient": "Хмільник (Вінницька обл.)"
  },
  {
    "number": 59000455521526,
    "dateTime": {
      "date": {
        "year": 2019,
        "month": 10,
        "day": 17
      },
      "time": {
        "hour": 9,
        "minute": 7,
        "second": 32,
        "nano": 0
      }
    },
    "citySender": "Приморськ (Запорізька обл.)",
    "cityRecipient": "Львів"
  },
  {
    "number": 59000455521527,
    "dateTime": {
      "date": {
        "year": 2019,
        "month": 10,
        "day": 17
      },
      "time": {
        "hour": 9,
        "minute": 7,
        "second": 52,
        "nano": 0
      }
    },
    "citySender": "Одеса",
    "cityRecipient": "Одеса"
  },
  {
    "number": 59000455521528,
    "dateTime": {
      "date": {
        "year": 2019,
        "month": 10,
        "day": 17
      },
      "time": {
        "hour": 9,
        "minute": 7,
        "second": 57,
        "nano": 0
      }
    },
    "citySender": "Торецьк",
    "cityRecipient": "Харків"
  },
  {
    "number": 59000455521529,
    "dateTime": {
      "date": {
        "year": 2019,
        "month": 10,
        "day": 17
      },
      "time": {
        "hour": 9,
        "minute": 8,
        "second": 2,
        "nano": 0
      }
    },
    "citySender": "Одеса",
    "cityRecipient": "Южне"
  },
  {
    "number": 59000455521530,
    "dateTime": {
      "date": {
        "year": 2019,
        "month": 10,
        "day": 17
      },
      "time": {
        "hour": 9,
        "minute": 8,
        "second": 14,
        "nano": 0
      }
    },
    "citySender": "Київ",
    "cityRecipient": "Київ"
  },
  {
    "number": 59000455521531,
    "dateTime": {
      "date": {
        "year": 2019,
        "month": 10,
        "day": 17
      },
      "time": {
        "hour": 9,
        "minute": 8,
        "second": 2,
        "nano": 0
      }
    },
    "citySender": "Вижниця",
    "cityRecipient": "Чернівці"
  },
  {
    "number": 59000455521532,
    "dateTime": {
      "date": {
        "year": 2019,
        "month": 10,
        "day": 17
      },
      "time": {
        "hour": 9,
        "minute": 7,
        "second": 14,
        "nano": 0
      }
    },
    "citySender": "Снятин",
    "cityRecipient": "Запоріжжя"
  },
  {
    "number": 59000455521533,
    "dateTime": {
      "date": {
        "year": 2019,
        "month": 10,
        "day": 17
      },
      "time": {
        "hour": 9,
        "minute": 7,
        "second": 55,
        "nano": 0
      }
    },
    "citySender": "Олександрія (м.Кіровогр.обл.райц)",
    "cityRecipient": "Київ"
  },
  {
    "number": 59000455521534,
    "dateTime": {
      "date": {
        "year": 2019,
        "month": 10,
        "day": 17
      },
      "time": {
        "hour": 9,
        "minute": 7,
        "second": 57,
        "nano": 0
      }
    },
    "citySender": "Дунаївці (Дунаєвецький р-н.)",
    "cityRecipient": "Летичів"
  },
  {
    "number": 59000455521535,
    "dateTime": {
      "date": {
        "year": 2019,
        "month": 10,
        "day": 17
      },
      "time": {
        "hour": 9,
        "minute": 7,
        "second": 38,
        "nano": 0
      }
    },
    "citySender": "Покровськ (Донецька обл.)",
    "cityRecipient": "Одеса"
  },
  {
    "number": 59000455521536,
    "dateTime": {
      "date": {
        "year": 2019,
        "month": 10,
        "day": 17
      },
      "time": {
        "hour": 9,
        "minute": 7,
        "second": 46,
        "nano": 0
      }
    },
    "citySender": "Тарасівка",
    "cityRecipient": "Кропивницький"
  },
  {
    "number": 59000455521537,
    "dateTime": {
      "date": {
        "year": 2019,
        "month": 10,
        "day": 17
      },
      "time": {
        "hour": 9,
        "minute": 6,
        "second": 35,
        "nano": 0
      }
    },
    "citySender": "Енергодар",
    "cityRecipient": "Харків"
  },
  {
    "number": 59000455521538,
    "dateTime": {
      "date": {
        "year": 2019,
        "month": 10,
        "day": 17
      },
      "time": {
        "hour": 9,
        "minute": 7,
        "second": 56,
        "nano": 0
      }
    },
    "citySender": "Ільниця",
    "cityRecipient": "Виноградів"
  },
  {
    "number": 59000455521539,
    "dateTime": {
      "date": {
        "year": 2019,
        "month": 10,
        "day": 17
      },
      "time": {
        "hour": 9,
        "minute": 8,
        "second": 2,
        "nano": 0
      }
    },
    "citySender": "Харків",
    "cityRecipient": "Київ"
  },
  {
    "number": 59000455521540,
    "dateTime": {
      "date": {
        "year": 2019,
        "month": 10,
        "day": 17
      },
      "time": {
        "hour": 9,
        "minute": 8,
        "second": 0,
        "nano": 0
      }
    },
    "citySender": "Харків",
    "cityRecipient": "Харків"
  },
  {
    "number": 59000455521541,
    "dateTime": {
      "date": {
        "year": 2019,
        "month": 10,
        "day": 17
      },
      "time": {
        "hour": 9,
        "minute": 8,
        "second": 9,
        "nano": 0
      }
    },
    "citySender": "Дніпро",
    "cityRecipient": "Одеса"
  },
  {
    "number": 59000455521542,
    "dateTime": {
      "date": {
        "year": 2019,
        "month": 10,
        "day": 17
      },
      "time": {
        "hour": 9,
        "minute": 7,
        "second": 40,
        "nano": 0
      }
    },
    "citySender": "Рівне",
    "cityRecipient": "Хмельницький"
  },
  {
    "number": 59000455521543,
    "dateTime": {
      "date": {
        "year": 2019,
        "month": 10,
        "day": 17
      },
      "time": {
        "hour": 9,
        "minute": 8,
        "second": 8,
        "nano": 0
      }
    },
    "citySender": "Одеса",
    "cityRecipient": "Лиман(Донецька обл)"
  },
  {
    "number": 59000455521544,
    "dateTime": {
      "date": {
        "year": 2019,
        "month": 10,
        "day": 17
      },
      "time": {
        "hour": 9,
        "minute": 7,
        "second": 26,
        "nano": 0
      }
    },
    "citySender": "Вишневе",
    "cityRecipient": "Славута"
  },
  {
    "number": 59000455521545,
    "dateTime": {
      "date": {
        "year": 2019,
        "month": 10,
        "day": 17
      },
      "time": {
        "hour": 9,
        "minute": 7,
        "second": 27,
        "nano": 0
      }
    },
    "citySender": "Новий Розділ",
    "cityRecipient": "Київ"
  },
  {
    "number": 59000455521546,
    "dateTime": {
      "date": {
        "year": 2019,
        "month": 10,
        "day": 17
      },
      "time": {
        "hour": 9,
        "minute": 7,
        "second": 39,
        "nano": 0
      }
    },
    "citySender": "Побузьке",
    "cityRecipient": "Дніпро"
  },
  {
    "number": 59000455521547,
    "dateTime": {
      "date": {
        "year": 2019,
        "month": 10,
        "day": 17
      },
      "time": {
        "hour": 9,
        "minute": 7,
        "second": 23,
        "nano": 0
      }
    },
    "citySender": "Овруч",
    "cityRecipient": "Коростишів"
  },
  {
    "number": 59000455521548,
    "dateTime": {
      "date": {
        "year": 2019,
        "month": 10,
        "day": 17
      },
      "time": {
        "hour": 9,
        "minute": 8,
        "second": 1,
        "nano": 0
      }
    },
    "citySender": "Буча",
    "cityRecipient": "Київ"
  },
  {
    "number": 59000455521549,
    "dateTime": {
      "date": {
        "year": 2019,
        "month": 10,
        "day": 17
      },
      "time": {
        "hour": 9,
        "minute": 8,
        "second": 16,
        "nano": 0
      }
    },
    "citySender": "Київ",
    "cityRecipient": "Вінниця"
  },
  {
    "number": 59000455521550,
    "dateTime": {
      "date": {
        "year": 2019,
        "month": 10,
        "day": 17
      },
      "time": {
        "hour": 9,
        "minute": 8,
        "second": 5,
        "nano": 0
      }
    },
    "citySender": "Перемишляни",
    "cityRecipient": "Герца"
  },
  {
    "number": 59000455521552,
    "dateTime": {
      "date": {
        "year": 2019,
        "month": 10,
        "day": 17
      },
      "time": {
        "hour": 9,
        "minute": 7,
        "second": 27,
        "nano": 0
      }
    },
    "citySender": "Київ",
    "cityRecipient": "Харків"
  },
  {
    "number": 59000455521553,
    "dateTime": {
      "date": {
        "year": 2019,
        "month": 10,
        "day": 17
      },
      "time": {
        "hour": 9,
        "minute": 8,
        "second": 4,
        "nano": 0
      }
    },
    "citySender": "Харків",
    "cityRecipient": "Чугуїв"
  },
  {
    "number": 59000455521554,
    "dateTime": {
      "date": {
        "year": 2019,
        "month": 10,
        "day": 17
      },
      "time": {
        "hour": 9,
        "minute": 8,
        "second": 5,
        "nano": 0
      }
    },
    "citySender": "Олександрія (м.Кіровогр.обл.райц)",
    "cityRecipient": "Дніпро"
  },
  {
    "number": 59000455521555,
    "dateTime": {
      "date": {
        "year": 2019,
        "month": 10,
        "day": 17
      },
      "time": {
        "hour": 9,
        "minute": 8,
        "second": 8,
        "nano": 0
      }
    },
    "citySender": "Васильків",
    "cityRecipient": "Полтава"
  },
  {
    "number": 59000455521556,
    "dateTime": {
      "date": {
        "year": 2019,
        "month": 10,
        "day": 17
      },
      "time": {
        "hour": 9,
        "minute": 8,
        "second": 12,
        "nano": 0
      }
    },
    "citySender": "Знаменівка (Новомосковський р-н)",
    "cityRecipient": "Дніпро"
  },
  {
    "number": 59000455521557,
    "dateTime": {
      "date": {
        "year": 2019,
        "month": 10,
        "day": 17
      },
      "time": {
        "hour": 9,
        "minute": 8,
        "second": 12,
        "nano": 0
      }
    },
    "citySender": "Біла Церква",
    "cityRecipient": "Клевань"
  },
  {
    "number": 59000455521558,
    "dateTime": {
      "date": {
        "year": 2019,
        "month": 10,
        "day": 17
      },
      "time": {
        "hour": 9,
        "minute": 8,
        "second": 13,
        "nano": 0
      }
    },
    "citySender": "Берегове",
    "cityRecipient": "Бровари"
  },
  {
    "number": 59000455521559,
    "dateTime": {
      "date": {
        "year": 2019,
        "month": 10,
        "day": 17
      },
      "time": {
        "hour": 9,
        "minute": 8,
        "second": 7,
        "nano": 0
      }
    },
    "citySender": "Трускавець",
    "cityRecipient": "Київ"
  },
  {
    "number": 59000455521560,
    "dateTime": {
      "date": {
        "year": 2019,
        "month": 10,
        "day": 17
      },
      "time": {
        "hour": 9,
        "minute": 7,
        "second": 13,
        "nano": 0
      }
    },
    "citySender": "Таїрове",
    "cityRecipient": "Львів"
  },
  {
    "number": 59000455521561,
    "dateTime": {
      "date": {
        "year": 2019,
        "month": 10,
        "day": 17
      },
      "time": {
        "hour": 9,
        "minute": 8,
        "second": 19,
        "nano": 0
      }
    },
    "citySender": "Кучурган",
    "cityRecipient": "Київ"
  },
  {
    "number": 59000455521563,
    "dateTime": {
      "date": {
        "year": 2019,
        "month": 10,
        "day": 17
      },
      "time": {
        "hour": 9,
        "minute": 7,
        "second": 58,
        "nano": 0
      }
    },
    "citySender": "Київ",
    "cityRecipient": "Біла Церква"
  },
  {
    "number": 59000455521564,
    "dateTime": {
      "date": {
        "year": 2019,
        "month": 10,
        "day": 17
      },
      "time": {
        "hour": 9,
        "minute": 8,
        "second": 5,
        "nano": 0
      }
    },
    "citySender": "Суми",
    "cityRecipient": "Ічня"
  },
  {
    "number": 59000455521566,
    "dateTime": {
      "date": {
        "year": 2019,
        "month": 10,
        "day": 17
      },
      "time": {
        "hour": 9,
        "minute": 8,
        "second": 20,
        "nano": 0
      }
    },
    "citySender": "Запоріжжя",
    "cityRecipient": "Київ"
  },
  {
    "number": 59000455521567,
    "dateTime": {
      "date": {
        "year": 2019,
        "month": 10,
        "day": 17
      },
      "time": {
        "hour": 9,
        "minute": 8,
        "second": 20,
        "nano": 0
      }
    },
    "citySender": "Київ",
    "cityRecipient": "Хмельницький"
  },
  {
    "number": 59000455521568,
    "dateTime": {
      "date": {
        "year": 2019,
        "month": 10,
        "day": 17
      },
      "time": {
        "hour": 9,
        "minute": 7,
        "second": 50,
        "nano": 0
      }
    },
    "citySender": "Ралівка",
    "cityRecipient": "Сміла"
  },
  {
    "number": 59000455521569,
    "dateTime": {
      "date": {
        "year": 2019,
        "month": 10,
        "day": 17
      },
      "time": {
        "hour": 9,
        "minute": 7,
        "second": 11,
        "nano": 0
      }
    },
    "citySender": "Бар",
    "cityRecipient": "Нікольське (Володарський р-н., Донецька обл.)"
  },
  {
    "number": 59000455521570,
    "dateTime": {
      "date": {
        "year": 2019,
        "month": 10,
        "day": 17
      },
      "time": {
        "hour": 9,
        "minute": 8,
        "second": 11,
        "nano": 0
      }
    },
    "citySender": "Черкаси",
    "cityRecipient": "Львів"
  },
  {
    "number": 59000455521571,
    "dateTime": {
      "date": {
        "year": 2019,
        "month": 10,
        "day": 17
      },
      "time": {
        "hour": 9,
        "minute": 8,
        "second": 21,
        "nano": 0
      }
    },
    "citySender": "Хуст",
    "cityRecipient": "Рівне"
  },
  {
    "number": 59000455521572,
    "dateTime": {
      "date": {
        "year": 2019,
        "month": 10,
        "day": 17
      },
      "time": {
        "hour": 9,
        "minute": 7,
        "second": 45,
        "nano": 0
      }
    },
    "citySender": "Чечельник",
    "cityRecipient": "Білгород-Дністровський"
  },
  {
    "number": 59000455521573,
    "dateTime": {
      "date": {
        "year": 2019,
        "month": 10,
        "day": 17
      },
      "time": {
        "hour": 9,
        "minute": 7,
        "second": 40,
        "nano": 0
      }
    },
    "citySender": "Одеса",
    "cityRecipient": "Первомайськ(Микол.обл.Первомайс.р-н)"
  },
  {
    "number": 59000455521574,
    "dateTime": {
      "date": {
        "year": 2019,
        "month": 10,
        "day": 17
      },
      "time": {
        "hour": 9,
        "minute": 7,
        "second": 40,
        "nano": 0
      }
    },
    "citySender": "Павлиш",
    "cityRecipient": "Київ"
  },
  {
    "number": 59000455521575,
    "dateTime": {
      "date": {
        "year": 2019,
        "month": 10,
        "day": 17
      },
      "time": {
        "hour": 9,
        "minute": 7,
        "second": 52,
        "nano": 0
      }
    },
    "citySender": "Покровськ (Донецька обл.)",
    "cityRecipient": "Дніпро"
  },
  {
    "number": 59000455521576,
    "dateTime": {
      "date": {
        "year": 2019,
        "month": 10,
        "day": 17
      },
      "time": {
        "hour": 9,
        "minute": 8,
        "second": 22,
        "nano": 0
      }
    },
    "citySender": "Заболоття (Волинська обл.)",
    "cityRecipient": "Ілічанка"
  },
  {
    "number": 59000455521577,
    "dateTime": {
      "date": {
        "year": 2019,
        "month": 10,
        "day": 17
      },
      "time": {
        "hour": 9,
        "minute": 6,
        "second": 42,
        "nano": 0
      }
    },
    "citySender": "Біла Церква",
    "cityRecipient": "Київ"
  },
  {
    "number": 59000455521578,
    "dateTime": {
      "date": {
        "year": 2019,
        "month": 10,
        "day": 17
      },
      "time": {
        "hour": 9,
        "minute": 8,
        "second": 16,
        "nano": 0
      }
    },
    "citySender": "Вінниця",
    "cityRecipient": "Білгород-Дністровський"
  },
  {
    "number": 59000455521579,
    "dateTime": {
      "date": {
        "year": 2019,
        "month": 10,
        "day": 17
      },
      "time": {
        "hour": 9,
        "minute": 8,
        "second": 13,
        "nano": 0
      }
    },
    "citySender": "Херсон",
    "cityRecipient": "Київ"
  },
  {
    "number": 59000455521580,
    "dateTime": {
      "date": {
        "year": 2019,
        "month": 10,
        "day": 17
      },
      "time": {
        "hour": 9,
        "minute": 8,
        "second": 0,
        "nano": 0
      }
    },
    "citySender": "Зборів",
    "cityRecipient": "Переяслав-Хмельницький"
  },
  {
    "number": 59000455521581,
    "dateTime": {
      "date": {
        "year": 2019,
        "month": 10,
        "day": 17
      },
      "time": {
        "hour": 9,
        "minute": 5,
        "second": 58,
        "nano": 0
      }
    },
    "citySender": "Винники",
    "cityRecipient": "Київ"
  },
  {
    "number": 59000455521582,
    "dateTime": {
      "date": {
        "year": 2019,
        "month": 10,
        "day": 17
      },
      "time": {
        "hour": 9,
        "minute": 7,
        "second": 7,
        "nano": 0
      }
    },
    "citySender": "Стебник",
    "cityRecipient": "Буськ"
  },
  {
    "number": 59000455521583,
    "dateTime": {
      "date": {
        "year": 2019,
        "month": 10,
        "day": 17
      },
      "time": {
        "hour": 9,
        "minute": 7,
        "second": 35,
        "nano": 0
      }
    },
    "citySender": "Олевськ",
    "cityRecipient": "Полтава"
  },
  {
    "number": 59000455521584,
    "dateTime": {
      "date": {
        "year": 2019,
        "month": 10,
        "day": 17
      },
      "time": {
        "hour": 9,
        "minute": 8,
        "second": 9,
        "nano": 0
      }
    },
    "citySender": "Лебедин (Сумська обл.)",
    "cityRecipient": "Харків"
  },
  {
    "number": 59000455521585,
    "dateTime": {
      "date": {
        "year": 2019,
        "month": 10,
        "day": 17
      },
      "time": {
        "hour": 9,
        "minute": 7,
        "second": 37,
        "nano": 0
      }
    },
    "citySender": "Харків",
    "cityRecipient": "Харків"
  },
  {
    "number": 59000455521586,
    "dateTime": {
      "date": {
        "year": 2019,
        "month": 10,
        "day": 17
      },
      "time": {
        "hour": 9,
        "minute": 7,
        "second": 45,
        "nano": 0
      }
    },
    "citySender": "Косів",
    "cityRecipient": "Суми"
  },
  {
    "number": 59000455521587,
    "dateTime": {
      "date": {
        "year": 2019,
        "month": 10,
        "day": 17
      },
      "time": {
        "hour": 9,
        "minute": 8,
        "second": 24,
        "nano": 0
      }
    },
    "citySender": "Велика Новосілка",
    "cityRecipient": "Шаргород (Вінницька обл.)"
  },
  {
    "number": 59000455521588,
    "dateTime": {
      "date": {
        "year": 2019,
        "month": 10,
        "day": 17
      },
      "time": {
        "hour": 9,
        "minute": 7,
        "second": 57,
        "nano": 0
      }
    },
    "citySender": "Івано-Франківськ",
    "cityRecipient": "Полтава"
  },
  {
    "number": 59000455521589,
    "dateTime": {
      "date": {
        "year": 2019,
        "month": 10,
        "day": 17
      },
      "time": {
        "hour": 9,
        "minute": 8,
        "second": 24,
        "nano": 0
      }
    },
    "citySender": "Новомосковськ",
    "cityRecipient": "Кривий Ріг"
  },
  {
    "number": 59000455521590,
    "dateTime": {
      "date": {
        "year": 2019,
        "month": 10,
        "day": 17
      },
      "time": {
        "hour": 9,
        "minute": 7,
        "second": 51,
        "nano": 0
      }
    },
    "citySender": "Київ",
    "cityRecipient": "Миколаїв"
  },
  {
    "number": 59000455521591,
    "dateTime": {
      "date": {
        "year": 2019,
        "month": 10,
        "day": 17
      },
      "time": {
        "hour": 9,
        "minute": 7,
        "second": 43,
        "nano": 0
      }
    },
    "citySender": "Кучурган",
    "cityRecipient": "Кілія"
  },
  {
    "number": 59000455521592,
    "dateTime": {
      "date": {
        "year": 2019,
        "month": 10,
        "day": 17
      },
      "time": {
        "hour": 9,
        "minute": 7,
        "second": 41,
        "nano": 0
      }
    },
    "citySender": "Київ",
    "cityRecipient": "Київ"
  }
]