[
  {
    "number": 59000455537084,
    "dateTime": {
      "date": {
        "year": 2019,
        "month": 10,
        "day": 17
      },
      "time": {
        "hour": 9,
        "minute": 56,
        "second": 5,
        "nano": 0
      }
    },
    "citySender": "Житомир",
    "cityRecipient": "Київ"
  },
  {
    "number": 59000455537085,
    "dateTime": {
      "date": {
        "year": 2019,
        "month": 10,
        "day": 17
      },
      "time": {
        "hour": 9,
        "minute": 57,
        "second": 9,
        "nano": 0
      }
    },
    "citySender": "Вінниця",
    "cityRecipient": "Івано-Франківськ"
  },
  {
    "number": 59000455537086,
    "dateTime": {
      "date": {
        "year": 2019,
        "month": 10,
        "day": 17
      },
      "time": {
        "hour": 9,
        "minute": 57,
        "second": 31,
        "nano": 0
      }
    },
    "citySender": "Якимівка (Запорізька обл.)",
    "cityRecipient": "Київ"
  },
  {
    "number": 59000455537087,
    "dateTime": {
      "date": {
        "year": 2019,
        "month": 10,
        "day": 17
      },
      "time": {
        "hour": 9,
        "minute": 57,
        "second": 13,
        "nano": 0
      }
    },
    "citySender": "Велика Писарівка",
    "cityRecipient": "Баришівка"
  },
  {
    "number": 59000455537088,
    "dateTime": {
      "date": {
        "year": 2019,
        "month": 10,
        "day": 17
      },
      "time": {
        "hour": 9,
        "minute": 56,
        "second": 52,
        "nano": 0
      }
    },
    "citySender": "Кам\u0027янець-Подільський",
    "cityRecipient": "Вінниця"
  },
  {
    "number": 59000455537089,
    "dateTime": {
      "date": {
        "year": 2019,
        "month": 10,
        "day": 17
      },
      "time": {
        "hour": 9,
        "minute": 56,
        "second": 22,
        "nano": 0
      }
    },
    "citySender": "Вендичани",
    "cityRecipient": "Тячів"
  },
  {
    "number": 59000455537090,
    "dateTime": {
      "date": {
        "year": 2019,
        "month": 10,
        "day": 17
      },
      "time": {
        "hour": 9,
        "minute": 57,
        "second": 20,
        "nano": 0
      }
    },
    "citySender": "Баранинці (Закарпатська обл.)",
    "cityRecipient": "Одеса"
  },
  {
    "number": 59000455537091,
    "dateTime": {
      "date": {
        "year": 2019,
        "month": 10,
        "day": 17
      },
      "time": {
        "hour": 9,
        "minute": 57,
        "second": 30,
        "nano": 0
      }
    },
    "citySender": "Харків",
    "cityRecipient": "Нові Петрівці"
  },
  {
    "number": 59000455537092,
    "dateTime": {
      "date": {
        "year": 2019,
        "month": 10,
        "day": 17
      },
      "time": {
        "hour": 9,
        "minute": 56,
        "second": 55,
        "nano": 0
      }
    },
    "citySender": "Вилкове",
    "cityRecipient": "Київ"
  },
  {
    "number": 59000455537093,
    "dateTime": {
      "date": {
        "year": 2019,
        "month": 10,
        "day": 17
      },
      "time": {
        "hour": 9,
        "minute": 57,
        "second": 11,
        "nano": 0
      }
    },
    "citySender": "Дубровиця (Рівненська обл.)",
    "cityRecipient": "Чернівці"
  },
  {
    "number": 59000455537095,
    "dateTime": {
      "date": {
        "year": 2019,
        "month": 10,
        "day": 17
      },
      "time": {
        "hour": 9,
        "minute": 55,
        "second": 44,
        "nano": 0
      }
    },
    "citySender": "Одеса",
    "cityRecipient": "Новомосковськ"
  },
  {
    "number": 59000455537096,
    "dateTime": {
      "date": {
        "year": 2019,
        "month": 10,
        "day": 17
      },
      "time": {
        "hour": 9,
        "minute": 56,
        "second": 52,
        "nano": 0
      }
    },
    "citySender": "Городище (Черкаська обл.)",
    "cityRecipient": "Носівка"
  },
  {
    "number": 59000455537097,
    "dateTime": {
      "date": {
        "year": 2019,
        "month": 10,
        "day": 17
      },
      "time": {
        "hour": 9,
        "minute": 57,
        "second": 15,
        "nano": 0
      }
    },
    "citySender": "Кривий Ріг",
    "cityRecipient": "Болград (Одеська обл.)"
  },
  {
    "number": 59000455537098,
    "dateTime": {
      "date": {
        "year": 2019,
        "month": 10,
        "day": 17
      },
      "time": {
        "hour": 9,
        "minute": 57,
        "second": 6,
        "nano": 0
      }
    },
    "citySender": "Угля",
    "cityRecipient": "Погреби"
  },
  {
    "number": 59000455537099,
    "dateTime": {
      "date": {
        "year": 2019,
        "month": 10,
        "day": 17
      },
      "time": {
        "hour": 9,
        "minute": 57,
        "second": 9,
        "nano": 0
      }
    },
    "citySender": "Запоріжжя",
    "cityRecipient": "Київ"
  },
  {
    "number": 59000455537100,
    "dateTime": {
      "date": {
        "year": 2019,
        "month": 10,
        "day": 17
      },
      "time": {
        "hour": 9,
        "minute": 57,
        "second": 6,
        "nano": 0
      }
    },
    "citySender": "Дашів",
    "cityRecipient": "Київ"
  },
  {
    "number": 59000455537101,
    "dateTime": {
      "date": {
        "year": 2019,
        "month": 10,
        "day": 17
      },
      "time": {
        "hour": 9,
        "minute": 57,
        "second": 11,
        "nano": 0
      }
    },
    "citySender": "Солоне",
    "cityRecipient": "Чабани"
  },
  {
    "number": 59000455537102,
    "dateTime": {
      "date": {
        "year": 2019,
        "month": 10,
        "day": 17
      },
      "time": {
        "hour": 9,
        "minute": 57,
        "second": 33,
        "nano": 0
      }
    },
    "citySender": "Обухів",
    "cityRecipient": "Луцьк"
  },
  {
    "number": 59000455537103,
    "dateTime": {
      "date": {
        "year": 2019,
        "month": 10,
        "day": 17
      },
      "time": {
        "hour": 9,
        "minute": 57,
        "second": 9,
        "nano": 0
      }
    },
    "citySender": "Шепетівка",
    "cityRecipient": "Нетішин"
  },
  {
    "number": 59000455537104,
    "dateTime": {
      "date": {
        "year": 2019,
        "month": 10,
        "day": 17
      },
      "time": {
        "hour": 9,
        "minute": 57,
        "second": 37,
        "nano": 0
      }
    },
    "citySender": "Харків",
    "cityRecipient": "Біла Церква"
  },
  {
    "number": 59000455537105,
    "dateTime": {
      "date": {
        "year": 2019,
        "month": 10,
        "day": 17
      },
      "time": {
        "hour": 9,
        "minute": 57,
        "second": 38,
        "nano": 0
      }
    },
    "citySender": "Дружба (Тернопільська обл.)",
    "cityRecipient": "Кривий Ріг"
  },
  {
    "number": 59000455537106,
    "dateTime": {
      "date": {
        "year": 2019,
        "month": 10,
        "day": 17
      },
      "time": {
        "hour": 9,
        "minute": 57,
        "second": 14,
        "nano": 0
      }
    },
    "citySender": "Костопіль",
    "cityRecipient": "Київ"
  },
  {
    "number": 59000455537107,
    "dateTime": {
      "date": {
        "year": 2019,
        "month": 10,
        "day": 17
      },
      "time": {
        "hour": 9,
        "minute": 57,
        "second": 7,
        "nano": 0
      }
    },
    "citySender": "Тернівка",
    "cityRecipient": "Кам\u0027янське(Дніпропетровська обл)"
  },
  {
    "number": 59000455537108,
    "dateTime": {
      "date": {
        "year": 2019,
        "month": 10,
        "day": 17
      },
      "time": {
        "hour": 9,
        "minute": 57,
        "second": 16,
        "nano": 0
      }
    },
    "citySender": "Дніпро",
    "cityRecipient": "Дніпро"
  },
  {
    "number": 59000455537109,
    "dateTime": {
      "date": {
        "year": 2019,
        "month": 10,
        "day": 17
      },
      "time": {
        "hour": 9,
        "minute": 57,
        "second": 12,
        "nano": 0
      }
    },
    "citySender": "Одеса",
    "cityRecipient": "Ірпінь"
  },
  {
    "number": 59000455537110,
    "dateTime": {
      "date": {
        "year": 2019,
        "month": 10,
        "day": 17
      },
      "time": {
        "hour": 9,
        "minute": 56,
        "second": 50,
        "nano": 0
      }
    },
    "citySender": "Кривий Ріг",
    "cityRecipient": "Кілія"
  },
  {
    "number": 59000455537111,
    "dateTime": {
      "date": {
        "year": 2019,
        "month": 10,
        "day": 17
      },
      "time": {
        "hour": 9,
        "minute": 57,
        "second": 36,
        "nano": 0
      }
    },
    "citySender": "Болград (Одеська обл.)",
    "cityRecipient": "Дніпро"
  },
  {
    "number": 59000455537112,
    "dateTime": {
      "date": {
        "year": 2019,
        "month": 10,
        "day": 17
      },
      "time": {
        "hour": 9,
        "minute": 57,
        "second": 40,
        "nano": 0
      }
    },
    "citySender": "Морозівка",
    "cityRecipient": "Львів"
  },
  {
    "number": 59000455537113,
    "dateTime": {
      "date": {
        "year": 2019,
        "month": 10,
        "day": 17
      },
      "time": {
        "hour": 9,
        "minute": 54,
        "second": 11,
        "nano": 0
      }
    },
    "citySender": "Івано-Франківськ",
    "cityRecipient": "Львів"
  },
  {
    "number": 59000455537114,
    "dateTime": {
      "date": {
        "year": 2019,
        "month": 10,
        "day": 17
      },
      "time": {
        "hour": 9,
        "minute": 57,
        "second": 20,
        "nano": 0
      }
    },
    "citySender": "Горохів",
    "cityRecipient": "Гримайлів"
  },
  {
    "number": 59000455537115,
    "dateTime": {
      "date": {
        "year": 2019,
        "month": 10,
        "day": 17
      },
      "time": {
        "hour": 9,
        "minute": 56,
        "second": 25,
        "nano": 0
      }
    },
    "citySender": "Вишеньки",
    "cityRecipient": "Запоріжжя"
  },
  {
    "number": 59000455537116,
    "dateTime": {
      "date": {
        "year": 2019,
        "month": 10,
        "day": 17
      },
      "time": {
        "hour": 9,
        "minute": 57,
        "second": 28,
        "nano": 0
      }
    },
    "citySender": "Дніпро",
    "cityRecipient": "Немирів (Вінницька обл.)"
  },
  {
    "number": 59000455537117,
    "dateTime": {
      "date": {
        "year": 2019,
        "month": 10,
        "day": 17
      },
      "time": {
        "hour": 9,
        "minute": 57,
        "second": 26,
        "nano": 0
      }
    },
    "citySender": "Кремінна",
    "cityRecipient": "Арциз"
  },
  {
    "number": 59000455537118,
    "dateTime": {
      "date": {
        "year": 2019,
        "month": 10,
        "day": 17
      },
      "time": {
        "hour": 9,
        "minute": 57,
        "second": 23,
        "nano": 0
      }
    },
    "citySender": "Кам\u0027янське(Дніпропетровська обл)",
    "cityRecipient": "Бузова"
  },
  {
    "number": 59000455537119,
    "dateTime": {
      "date": {
        "year": 2019,
        "month": 10,
        "day": 17
      },
      "time": {
        "hour": 9,
        "minute": 56,
        "second": 51,
        "nano": 0
      }
    },
    "citySender": "Нова Водолага",
    "cityRecipient": "Одеса"
  },
  {
    "number": 59000455537120,
    "dateTime": {
      "date": {
        "year": 2019,
        "month": 10,
        "day": 17
      },
      "time": {
        "hour": 9,
        "minute": 57,
        "second": 26,
        "nano": 0
      }
    },
    "citySender": "Полтава",
    "cityRecipient": "Полтава"
  },
  {
    "number": 59000455537122,
    "dateTime": {
      "date": {
        "year": 2019,
        "month": 10,
        "day": 17
      },
      "time": {
        "hour": 9,
        "minute": 57,
        "second": 30,
        "nano": 0
      }
    },
    "citySender": "Миколаїв",
    "cityRecipient": "Одеса"
  },
  {
    "number": 59000455537123,
    "dateTime": {
      "date": {
        "year": 2019,
        "month": 10,
        "day": 17
      },
      "time": {
        "hour": 9,
        "minute": 56,
        "second": 59,
        "nano": 0
      }
    },
    "citySender": "Херсон",
    "cityRecipient": "Харків"
  },
  {
    "number": 59000455537124,
    "dateTime": {
      "date": {
        "year": 2019,
        "month": 10,
        "day": 17
      },
      "time": {
        "hour": 9,
        "minute": 57,
        "second": 37,
        "nano": 0
      }
    },
    "citySender": "Червоноград (Львівська обл.)",
    "cityRecipient": "Львів"
  },
  {
    "number": 59000455537125,
    "dateTime": {
      "date": {
        "year": 2019,
        "month": 10,
        "day": 17
      },
      "time": {
        "hour": 9,
        "minute": 57,
        "second": 42,
        "nano": 0
      }
    },
    "citySender": "Олександрія (м.Кіровогр.обл.райц)",
    "cityRecipient": "Дніпро"
  },
  {
    "number": 59000455537127,
    "dateTime": {
      "date": {
        "year": 2019,
        "month": 10,
        "day": 17
      },
      "time": {
        "hour": 9,
        "minute": 57,
        "second": 20,
        "nano": 0
      }
    },
    "citySender": "Харків",
    "cityRecipient": "Дружківка"
  },
  {
    "number": 59000455537128,
    "dateTime": {
      "date": {
        "year": 2019,
        "month": 10,
        "day": 17
      },
      "time": {
        "hour": 9,
        "minute": 57,
        "second": 34,
        "nano": 0
      }
    },
    "citySender": "Великодолинське",
    "cityRecipient": "Подільськ"
  },
  {
    "number": 59000455537129,
    "dateTime": {
      "date": {
        "year": 2019,
        "month": 10,
        "day": 17
      },
      "time": {
        "hour": 9,
        "minute": 57,
        "second": 4,
        "nano": 0
      }
    },
    "citySender": "Нетішин",
    "cityRecipient": "Київ"
  },
  {
    "number": 59000455537130,
    "dateTime": {
      "date": {
        "year": 2019,
        "month": 10,
        "day": 17
      },
      "time": {
        "hour": 9,
        "minute": 56,
        "second": 34,
        "nano": 0
      }
    },
    "citySender": "Нетішин",
    "cityRecipient": "Вінниця"
  },
  {
    "number": 59000455537131,
    "dateTime": {
      "date": {
        "year": 2019,
        "month": 10,
        "day": 17
      },
      "time": {
        "hour": 9,
        "minute": 57,
        "second": 33,
        "nano": 0
      }
    },
    "citySender": "Покров (Дніпропетровська обл.)",
    "cityRecipient": "Миколаїв"
  },
  {
    "number": 59000455537132,
    "dateTime": {
      "date": {
        "year": 2019,
        "month": 10,
        "day": 17
      },
      "time": {
        "hour": 9,
        "minute": 57,
        "second": 26,
        "nano": 0
      }
    },
    "citySender": "Одеса",
    "cityRecipient": "Чернівці"
  },
  {
    "number": 59000455537133,
    "dateTime": {
      "date": {
        "year": 2019,
        "month": 10,
        "day": 17
      },
      "time": {
        "hour": 9,
        "minute": 57,
        "second": 36,
        "nano": 0
      }
    },
    "citySender": "Ставище",
    "cityRecipient": "Вербка (Вінницька обл.)"
  },
  {
    "number": 59000455537134,
    "dateTime": {
      "date": {
        "year": 2019,
        "month": 10,
        "day": 17
      },
      "time": {
        "hour": 9,
        "minute": 57,
        "second": 44,
        "nano": 0
      }
    },
    "citySender": "Карлівка",
    "cityRecipient": "Київ"
  },
  {
    "number": 59000455537135,
    "dateTime": {
      "date": {
        "year": 2019,
        "month": 10,
        "day": 17
      },
      "time": {
        "hour": 9,
        "minute": 57,
        "second": 36,
        "nano": 0
      }
    },
    "citySender": "Волноваха",
    "cityRecipient": "Львів"
  },
  {
    "number": 59000455537136,
    "dateTime": {
      "date": {
        "year": 2019,
        "month": 10,
        "day": 17
      },
      "time": {
        "hour": 9,
        "minute": 57,
        "second": 44,
        "nano": 0
      }
    },
    "citySender": "Одеса",
    "cityRecipient": "Кілія"
  },
  {
    "number": 59000455537137,
    "dateTime": {
      "date": {
        "year": 2019,
        "month": 10,
        "day": 17
      },
      "time": {
        "hour": 9,
        "minute": 57,
        "second": 30,
        "nano": 0
      }
    },
    "citySender": "Одеса",
    "cityRecipient": "Подільськ"
  },
  {
    "number": 59000455537138,
    "dateTime": {
      "date": {
        "year": 2019,
        "month": 10,
        "day": 17
      },
      "time": {
        "hour": 9,
        "minute": 57,
        "second": 22,
        "nano": 0
      }
    },
    "citySender": "Бердичів",
    "cityRecipient": "Харків"
  },
  {
    "number": 59000455537141,
    "dateTime": {
      "date": {
        "year": 2019,
        "month": 10,
        "day": 17
      },
      "time": {
        "hour": 9,
        "minute": 57,
        "second": 0,
        "nano": 0
      }
    },
    "citySender": "Чернівці",
    "cityRecipient": "Миколаїв"
  },
  {
    "number": 59000455537142,
    "dateTime": {
      "date": {
        "year": 2019,
        "month": 10,
        "day": 17
      },
      "time": {
        "hour": 9,
        "minute": 57,
        "second": 20,
        "nano": 0
      }
    },
    "citySender": "Київ",
    "cityRecipient": "Рівне"
  },
  {
    "number": 59000455537143,
    "dateTime": {
      "date": {
        "year": 2019,
        "month": 10,
        "day": 17
      },
      "time": {
        "hour": 9,
        "minute": 57,
        "second": 45,
        "nano": 0
      }
    },
    "citySender": "Бобринець",
    "cityRecipient": "Вінниця"
  },
  {
    "number": 59000455537144,
    "dateTime": {
      "date": {
        "year": 2019,
        "month": 10,
        "day": 17
      },
      "time": {
        "hour": 9,
        "minute": 57,
        "second": 27,
        "nano": 0
      }
    },
    "citySender": "Чабани",
    "cityRecipient": "Хмельницький"
  },
  {
    "number": 59000455537145,
    "dateTime": {
      "date": {
        "year": 2019,
        "month": 10,
        "day": 17
      },
      "time": {
        "hour": 9,
        "minute": 57,
        "second": 14,
        "nano": 0
      }
    },
    "citySender": "Стрий",
    "cityRecipient": "Миколаїв"
  },
  {
    "number": 59000455537146,
    "dateTime": {
      "date": {
        "year": 2019,
        "month": 10,
        "day": 17
      },
      "time": {
        "hour": 9,
        "minute": 57,
        "second": 34,
        "nano": 0
      }
    },
    "citySender": "Стрижавка",
    "cityRecipient": "Макарів"
  },
  {
    "number": 59000455537147,
    "dateTime": {
      "date": {
        "year": 2019,
        "month": 10,
        "day": 17
      },
      "time": {
        "hour": 9,
        "minute": 57,
        "second": 5,
        "nano": 0
      }
    },
    "citySender": "Миколаїв",
    "cityRecipient": "Запоріжжя"
  },
  {
    "number": 59000455537148,
    "dateTime": {
      "date": {
        "year": 2019,
        "month": 10,
        "day": 17
      },
      "time": {
        "hour": 9,
        "minute": 57,
        "second": 17,
        "nano": 0
      }
    },
    "citySender": "Воловець",
    "cityRecipient": "Дубно"
  },
  {
    "number": 59000455537149,
    "dateTime": {
      "date": {
        "year": 2019,
        "month": 10,
        "day": 17
      },
      "time": {
        "hour": 9,
        "minute": 56,
        "second": 41,
        "nano": 0
      }
    },
    "citySender": "Радехів",
    "cityRecipient": "Бочківці"
  },
  {
    "number": 59000455537150,
    "dateTime": {
      "date": {
        "year": 2019,
        "month": 10,
        "day": 17
      },
      "time": {
        "hour": 9,
        "minute": 57,
        "second": 28,
        "nano": 0
      }
    },
    "citySender": "Луцьк",
    "cityRecipient": "Бровари"
  },
  {
    "number": 59000455537151,
    "dateTime": {
      "date": {
        "year": 2019,
        "month": 10,
        "day": 17
      },
      "time": {
        "hour": 9,
        "minute": 56,
        "second": 25,
        "nano": 0
      }
    },
    "citySender": "Великий Березний",
    "cityRecipient": "Одеса"
  },
  {
    "number": 59000455537152,
    "dateTime": {
      "date": {
        "year": 2019,
        "month": 10,
        "day": 17
      },
      "time": {
        "hour": 9,
        "minute": 56,
        "second": 27,
        "nano": 0
      }
    },
    "citySender": "Жеребкове",
    "cityRecipient": "Одеса"
  },
  {
    "number": 59000455537153,
    "dateTime": {
      "date": {
        "year": 2019,
        "month": 10,
        "day": 17
      },
      "time": {
        "hour": 9,
        "minute": 57,
        "second": 44,
        "nano": 0
      }
    },
    "citySender": "Біловодськ",
    "cityRecipient": "Іванівка (Одеська обл., Іванівський р-н)"
  },
  {
    "number": 59000455537154,
    "dateTime": {
      "date": {
        "year": 2019,
        "month": 10,
        "day": 17
      },
      "time": {
        "hour": 9,
        "minute": 57,
        "second": 35,
        "nano": 0
      }
    },
    "citySender": "Львів",
    "cityRecipient": "Львів"
  },
  {
    "number": 59000455537155,
    "dateTime": {
      "date": {
        "year": 2019,
        "month": 10,
        "day": 17
      },
      "time": {
        "hour": 9,
        "minute": 55,
        "second": 57,
        "nano": 0
      }
    },
    "citySender": "Добропілля",
    "cityRecipient": "Київ"
  },
  {
    "number": 59000455537156,
    "dateTime": {
      "date": {
        "year": 2019,
        "month": 10,
        "day": 17
      },
      "time": {
        "hour": 9,
        "minute": 57,
        "second": 14,
        "nano": 0
      }
    },
    "citySender": "Дніпро",
    "cityRecipient": "Вишневе"
  },
  {
    "number": 59000455537157,
    "dateTime": {
      "date": {
        "year": 2019,
        "month": 10,
        "day": 17
      },
      "time": {
        "hour": 9,
        "minute": 57,
        "second": 42,
        "nano": 0
      }
    },
    "citySender": "Київ",
    "cityRecipient": "Київ"
  },
  {
    "number": 59000455537158,
    "dateTime": {
      "date": {
        "year": 2019,
        "month": 10,
        "day": 17
      },
      "time": {
        "hour": 9,
        "minute": 57,
        "second": 16,
        "nano": 0
      }
    },
    "citySender": "Царичанка",
    "cityRecipient": "Київ"
  },
  {
    "number": 59000455537159,
    "dateTime": {
      "date": {
        "year": 2019,
        "month": 10,
        "day": 17
      },
      "time": {
        "hour": 9,
        "minute": 57,
        "second": 40,
        "nano": 0
      }
    },
    "citySender": "Смоліне",
    "cityRecipient": "Київ"
  },
  {
    "number": 59000455537160,
    "dateTime": {
      "date": {
        "year": 2019,
        "month": 10,
        "day": 17
      },
      "time": {
        "hour": 9,
        "minute": 57,
        "second": 38,
        "nano": 0
      }
    },
    "citySender": "Миколаїв",
    "cityRecipient": "Первомайськ(Микол.обл.Первомайс.р-н)"
  },
  {
    "number": 59000455537161,
    "dateTime": {
      "date": {
        "year": 2019,
        "month": 10,
        "day": 17
      },
      "time": {
        "hour": 9,
        "minute": 56,
        "second": 21,
        "nano": 0
      }
    },
    "citySender": "Вінниця",
    "cityRecipient": "Ананьїв"
  },
  {
    "number": 59000455537162,
    "dateTime": {
      "date": {
        "year": 2019,
        "month": 10,
        "day": 17
      },
      "time": {
        "hour": 9,
        "minute": 56,
        "second": 43,
        "nano": 0
      }
    },
    "citySender": "Оброшине",
    "cityRecipient": "Луцьк"
  },
  {
    "number": 59000455537163,
    "dateTime": {
      "date": {
        "year": 2019,
        "month": 10,
        "day": 17
      },
      "time": {
        "hour": 9,
        "minute": 57,
        "second": 38,
        "nano": 0
      }
    },
    "citySender": "Котельва",
    "cityRecipient": "Харків"
  },
  {
    "number": 59000455537164,
    "dateTime": {
      "date": {
        "year": 2019,
        "month": 10,
        "day": 17
      },
      "time": {
        "hour": 9,
        "minute": 57,
        "second": 41,
        "nano": 0
      }
    },
    "citySender": "Київ",
    "cityRecipient": "Кілія"
  },
  {
    "number": 59000455537165,
    "dateTime": {
      "date": {
        "year": 2019,
        "month": 10,
        "day": 17
      },
      "time": {
        "hour": 9,
        "minute": 57,
        "second": 21,
        "nano": 0
      }
    },
    "citySender": "Нова Збур\u0027ївка",
    "cityRecipient": "Бориспіль"
  },
  {
    "number": 59000455537166,
    "dateTime": {
      "date": {
        "year": 2019,
        "month": 10,
        "day": 17
      },
      "time": {
        "hour": 9,
        "minute": 57,
        "second": 48,
        "nano": 0
      }
    },
    "citySender": "Київ",
    "cityRecipient": "Олександрівка (Олександрійський р-н, Кіров. обл.)"
  },
  {
    "number": 59000455537167,
    "dateTime": {
      "date": {
        "year": 2019,
        "month": 10,
        "day": 17
      },
      "time": {
        "hour": 9,
        "minute": 56,
        "second": 55,
        "nano": 0
      }
    },
    "citySender": "Тиврів",
    "cityRecipient": "Одеса"
  },
  {
    "number": 59000455537169,
    "dateTime": {
      "date": {
        "year": 2019,
        "month": 10,
        "day": 17
      },
      "time": {
        "hour": 9,
        "minute": 56,
        "second": 21,
        "nano": 0
      }
    },
    "citySender": "Чигирин",
    "cityRecipient": "Черкаси"
  },
  {
    "number": 59000455537170,
    "dateTime": {
      "date": {
        "year": 2019,
        "month": 10,
        "day": 17
      },
      "time": {
        "hour": 9,
        "minute": 57,
        "second": 49,
        "nano": 0
      }
    },
    "citySender": "Святогірськ",
    "cityRecipient": "Стоянка"
  },
  {
    "number": 59000455537172,
    "dateTime": {
      "date": {
        "year": 2019,
        "month": 10,
        "day": 17
      },
      "time": {
        "hour": 9,
        "minute": 57,
        "second": 16,
        "nano": 0
      }
    },
    "citySender": "Оболонь (Семенівський р-н)",
    "cityRecipient": "Запоріжжя"
  },
  {
    "number": 59000455537173,
    "dateTime": {
      "date": {
        "year": 2019,
        "month": 10,
        "day": 17
      },
      "time": {
        "hour": 9,
        "minute": 57,
        "second": 44,
        "nano": 0
      }
    },
    "citySender": "Літин",
    "cityRecipient": "Виноградів"
  },
  {
    "number": 59000455537174,
    "dateTime": {
      "date": {
        "year": 2019,
        "month": 10,
        "day": 17
      },
      "time": {
        "hour": 9,
        "minute": 57,
        "second": 25,
        "nano": 0
      }
    },
    "citySender": "Долина",
    "cityRecipient": "Хмельницький"
  },
  {
    "number": 59000455537175,
    "dateTime": {
      "date": {
        "year": 2019,
        "month": 10,
        "day": 17
      },
      "time": {
        "hour": 9,
        "minute": 57,
        "second": 50,
        "nano": 0
      }
    },
    "citySender": "Покровськ (Донецька обл.)",
    "cityRecipient": "Маріуполь"
  },
  {
    "number": 59000455537176,
    "dateTime": {
      "date": {
        "year": 2019,
        "month": 10,
        "day": 17
      },
      "time": {
        "hour": 9,
        "minute": 56,
        "second": 0,
        "nano": 0
      }
    },
    "citySender": "Кривий Ріг",
    "cityRecipient": "Рені"
  },
  {
    "number": 59000455537177,
    "dateTime": {
      "date": {
        "year": 2019,
        "month": 10,
        "day": 17
      },
      "time": {
        "hour": 9,
        "minute": 57,
        "second": 44,
        "nano": 0
      }
    },
    "citySender": "Одеса",
    "cityRecipient": "Одеса"
  },
  {
    "number": 59000455537178,
    "dateTime": {
      "date": {
        "year": 2019,
        "month": 10,
        "day": 17
      },
      "time": {
        "hour": 9,
        "minute": 57,
        "second": 50,
        "nano": 0
      }
    },
    "citySender": "Новомиколаївка(Скадовський р-н)",
    "cityRecipient": "Харків"
  },
  {
    "number": 59000455537179,
    "dateTime": {
      "date": {
        "year": 2019,
        "month": 10,
        "day": 17
      },
      "time": {
        "hour": 9,
        "minute": 57,
        "second": 51,
        "nano": 0
      }
    },
    "citySender": "Львів",
    "cityRecipient": "Ілічанка"
  },
  {
    "number": 59000455537180,
    "dateTime": {
      "date": {
        "year": 2019,
        "month": 10,
        "day": 17
      },
      "time": {
        "hour": 9,
        "minute": 57,
        "second": 29,
        "nano": 0
      }
    },
    "citySender": "Мирноград",
    "cityRecipient": "Брусилів"
  },
  {
    "number": 59000455537181,
    "dateTime": {
      "date": {
        "year": 2019,
        "month": 10,
        "day": 17
      },
      "time": {
        "hour": 9,
        "minute": 57,
        "second": 42,
        "nano": 0
      }
    },
    "citySender": "Коломия",
    "cityRecipient": "Ковель"
  },
  {
    "number": 59000455537182,
    "dateTime": {
      "date": {
        "year": 2019,
        "month": 10,
        "day": 17
      },
      "time": {
        "hour": 9,
        "minute": 57,
        "second": 43,
        "nano": 0
      }
    },
    "citySender": "Запоріжжя",
    "cityRecipient": "Ставище"
  },
  {
    "number": 59000455537183,
    "dateTime": {
      "date": {
        "year": 2019,
        "month": 10,
        "day": 17
      },
      "time": {
        "hour": 9,
        "minute": 56,
        "second": 47,
        "nano": 0
      }
    },
    "citySender": "Семенівка(Полт.обл., Семенів.р-н)",
    "cityRecipient": "Кременчук"
  }
]