[
  {
    "number": 59000454749113,
    "dateTime": {
      "date": {
        "year": 2019,
        "month": 10,
        "day": 14
      },
      "time": {
        "hour": 9,
        "minute": 32,
        "second": 14,
        "nano": 0
      }
    },
    "citySender": "Київ",
    "cityRecipient": "Київ"
  },
  {
    "number": 59000454749114,
    "dateTime": {
      "date": {
        "year": 2019,
        "month": 10,
        "day": 14
      },
      "time": {
        "hour": 9,
        "minute": 32,
        "second": 15,
        "nano": 0
      }
    },
    "citySender": "Тухля",
    "cityRecipient": "Радомишль"
  },
  {
    "number": 59000454749115,
    "dateTime": {
      "date": {
        "year": 2019,
        "month": 10,
        "day": 14
      },
      "time": {
        "hour": 9,
        "minute": 32,
        "second": 15,
        "nano": 0
      }
    },
    "citySender": "Великі Копані",
    "cityRecipient": "Херсон"
  },
  {
    "number": 59000454749116,
    "dateTime": {
      "date": {
        "year": 2019,
        "month": 10,
        "day": 14
      },
      "time": {
        "hour": 9,
        "minute": 32,
        "second": 15,
        "nano": 0
      }
    },
    "citySender": "Гнівань",
    "cityRecipient": "Вінниця"
  },
  {
    "number": 59000454749117,
    "dateTime": {
      "date": {
        "year": 2019,
        "month": 10,
        "day": 14
      },
      "time": {
        "hour": 9,
        "minute": 32,
        "second": 5,
        "nano": 0
      }
    },
    "citySender": "Покровськ (Донецька обл.)",
    "cityRecipient": "Покровське (Покровський р-н Дніпропетровська обл.)"
  },
  {
    "number": 59000454749118,
    "dateTime": {
      "date": {
        "year": 2019,
        "month": 10,
        "day": 14
      },
      "time": {
        "hour": 9,
        "minute": 31,
        "second": 45,
        "nano": 0
      }
    },
    "citySender": "Генічеськ",
    "cityRecipient": "Київ"
  },
  {
    "number": 59000454749119,
    "dateTime": {
      "date": {
        "year": 2019,
        "month": 10,
        "day": 14
      },
      "time": {
        "hour": 9,
        "minute": 32,
        "second": 8,
        "nano": 0
      }
    },
    "citySender": "Івано-Франківськ",
    "cityRecipient": "Слов\u0027янськ"
  },
  {
    "number": 59000454749120,
    "dateTime": {
      "date": {
        "year": 2019,
        "month": 10,
        "day": 14
      },
      "time": {
        "hour": 9,
        "minute": 31,
        "second": 54,
        "nano": 0
      }
    },
    "citySender": "Райське(Херсонська обл.)",
    "cityRecipient": "Дніпро"
  },
  {
    "number": 59000454749121,
    "dateTime": {
      "date": {
        "year": 2019,
        "month": 10,
        "day": 14
      },
      "time": {
        "hour": 9,
        "minute": 32,
        "second": 16,
        "nano": 0
      }
    },
    "citySender": "Долина",
    "cityRecipient": "Івано-Франківськ"
  },
  {
    "number": 59000454749122,
    "dateTime": {
      "date": {
        "year": 2019,
        "month": 10,
        "day": 14
      },
      "time": {
        "hour": 9,
        "minute": 32,
        "second": 17,
        "nano": 0
      }
    },
    "citySender": "Мукачево",
    "cityRecipient": "Полтава"
  },
  {
    "number": 59000454749123,
    "dateTime": {
      "date": {
        "year": 2019,
        "month": 10,
        "day": 14
      },
      "time": {
        "hour": 9,
        "minute": 32,
        "second": 17,
        "nano": 0
      }
    },
    "citySender": "Київ",
    "cityRecipient": "Київ"
  },
  {
    "number": 59000454749124,
    "dateTime": {
      "date": {
        "year": 2019,
        "month": 10,
        "day": 14
      },
      "time": {
        "hour": 9,
        "minute": 30,
        "second": 28,
        "nano": 0
      }
    },
    "citySender": "Київ",
    "cityRecipient": "Київ"
  },
  {
    "number": 59000454749125,
    "dateTime": {
      "date": {
        "year": 2019,
        "month": 10,
        "day": 14
      },
      "time": {
        "hour": 9,
        "minute": 32,
        "second": 17,
        "nano": 0
      }
    },
    "citySender": "Одеса",
    "cityRecipient": "Одеса"
  },
  {
    "number": 59000454749126,
    "dateTime": {
      "date": {
        "year": 2019,
        "month": 10,
        "day": 14
      },
      "time": {
        "hour": 9,
        "minute": 32,
        "second": 18,
        "nano": 0
      }
    },
    "citySender": "Коростень",
    "cityRecipient": "Київ"
  },
  {
    "number": 59000454749127,
    "dateTime": {
      "date": {
        "year": 2019,
        "month": 10,
        "day": 14
      },
      "time": {
        "hour": 9,
        "minute": 32,
        "second": 18,
        "nano": 0
      }
    },
    "citySender": "Черкаси",
    "cityRecipient": "Черкаси"
  },
  {
    "number": 59000454749128,
    "dateTime": {
      "date": {
        "year": 2019,
        "month": 10,
        "day": 14
      },
      "time": {
        "hour": 9,
        "minute": 32,
        "second": 10,
        "nano": 0
      }
    },
    "citySender": "Вишневе",
    "cityRecipient": "Київ"
  },
  {
    "number": 59000454749129,
    "dateTime": {
      "date": {
        "year": 2019,
        "month": 10,
        "day": 14
      },
      "time": {
        "hour": 9,
        "minute": 31,
        "second": 48,
        "nano": 0
      }
    },
    "citySender": "Слобожанське(Зміївський р-н., Харківська обл.)",
    "cityRecipient": "Харків"
  },
  {
    "number": 59000454749130,
    "dateTime": {
      "date": {
        "year": 2019,
        "month": 10,
        "day": 14
      },
      "time": {
        "hour": 9,
        "minute": 31,
        "second": 47,
        "nano": 0
      }
    },
    "citySender": "Кропивницький",
    "cityRecipient": "Одеса"
  },
  {
    "number": 59000454749131,
    "dateTime": {
      "date": {
        "year": 2019,
        "month": 10,
        "day": 14
      },
      "time": {
        "hour": 9,
        "minute": 32,
        "second": 21,
        "nano": 0
      }
    },
    "citySender": "Олексієво-Дружківка",
    "cityRecipient": "Слов\u0027янськ"
  },
  {
    "number": 59000454749132,
    "dateTime": {
      "date": {
        "year": 2019,
        "month": 10,
        "day": 14
      },
      "time": {
        "hour": 9,
        "minute": 32,
        "second": 18,
        "nano": 0
      }
    },
    "citySender": "Каховка",
    "cityRecipient": "Каховка"
  },
  {
    "number": 59000454749133,
    "dateTime": {
      "date": {
        "year": 2019,
        "month": 10,
        "day": 14
      },
      "time": {
        "hour": 9,
        "minute": 32,
        "second": 18,
        "nano": 0
      }
    },
    "citySender": "Запоріжжя",
    "cityRecipient": "Запоріжжя"
  },
  {
    "number": 59000454749134,
    "dateTime": {
      "date": {
        "year": 2019,
        "month": 10,
        "day": 14
      },
      "time": {
        "hour": 9,
        "minute": 32,
        "second": 14,
        "nano": 0
      }
    },
    "citySender": "Середина-Буда",
    "cityRecipient": "Шкло"
  },
  {
    "number": 59000454749135,
    "dateTime": {
      "date": {
        "year": 2019,
        "month": 10,
        "day": 14
      },
      "time": {
        "hour": 9,
        "minute": 32,
        "second": 12,
        "nano": 0
      }
    },
    "citySender": "Київ",
    "cityRecipient": "Підгородне (Дніпропетровська обл.)"
  },
  {
    "number": 59000454749136,
    "dateTime": {
      "date": {
        "year": 2019,
        "month": 10,
        "day": 14
      },
      "time": {
        "hour": 9,
        "minute": 32,
        "second": 24,
        "nano": 0
      }
    },
    "citySender": "Фастів",
    "cityRecipient": "Київ"
  },
  {
    "number": 59000454749137,
    "dateTime": {
      "date": {
        "year": 2019,
        "month": 10,
        "day": 14
      },
      "time": {
        "hour": 9,
        "minute": 32,
        "second": 24,
        "nano": 0
      }
    },
    "citySender": "Жмеринка",
    "cityRecipient": "Вінниця"
  },
  {
    "number": 59000454749138,
    "dateTime": {
      "date": {
        "year": 2019,
        "month": 10,
        "day": 14
      },
      "time": {
        "hour": 9,
        "minute": 32,
        "second": 20,
        "nano": 0
      }
    },
    "citySender": "Київ",
    "cityRecipient": "Дніпро"
  },
  {
    "number": 59000454749139,
    "dateTime": {
      "date": {
        "year": 2019,
        "month": 10,
        "day": 14
      },
      "time": {
        "hour": 9,
        "minute": 31,
        "second": 55,
        "nano": 0
      }
    },
    "citySender": "Розсошенці(Полтавська обл.)",
    "cityRecipient": "Івано-Франківськ"
  },
  {
    "number": 59000454749140,
    "dateTime": {
      "date": {
        "year": 2019,
        "month": 10,
        "day": 14
      },
      "time": {
        "hour": 9,
        "minute": 32,
        "second": 26,
        "nano": 0
      }
    },
    "citySender": "Київ",
    "cityRecipient": "Київ"
  },
  {
    "number": 59000454749141,
    "dateTime": {
      "date": {
        "year": 2019,
        "month": 10,
        "day": 14
      },
      "time": {
        "hour": 9,
        "minute": 31,
        "second": 45,
        "nano": 0
      }
    },
    "citySender": "Первомайськ(Микол.обл.Первомайс.р-н)",
    "cityRecipient": "Київ"
  },
  {
    "number": 59000454749142,
    "dateTime": {
      "date": {
        "year": 2019,
        "month": 10,
        "day": 14
      },
      "time": {
        "hour": 9,
        "minute": 32,
        "second": 22,
        "nano": 0
      }
    },
    "citySender": "Галич",
    "cityRecipient": "Харків"
  },
  {
    "number": 59000454749143,
    "dateTime": {
      "date": {
        "year": 2019,
        "month": 10,
        "day": 14
      },
      "time": {
        "hour": 9,
        "minute": 31,
        "second": 58,
        "nano": 0
      }
    },
    "citySender": "Харків",
    "cityRecipient": "Перегінське"
  },
  {
    "number": 59000454749144,
    "dateTime": {
      "date": {
        "year": 2019,
        "month": 10,
        "day": 14
      },
      "time": {
        "hour": 9,
        "minute": 32,
        "second": 27,
        "nano": 0
      }
    },
    "citySender": "Судова Вишня",
    "cityRecipient": "Нива Трудова"
  },
  {
    "number": 59000454749145,
    "dateTime": {
      "date": {
        "year": 2019,
        "month": 10,
        "day": 14
      },
      "time": {
        "hour": 9,
        "minute": 32,
        "second": 22,
        "nano": 0
      }
    },
    "citySender": "Біла Церква",
    "cityRecipient": "Мамаївці"
  },
  {
    "number": 59000454749146,
    "dateTime": {
      "date": {
        "year": 2019,
        "month": 10,
        "day": 14
      },
      "time": {
        "hour": 9,
        "minute": 31,
        "second": 49,
        "nano": 0
      }
    },
    "citySender": "Щастя",
    "cityRecipient": "Київ"
  },
  {
    "number": 59000454749147,
    "dateTime": {
      "date": {
        "year": 2019,
        "month": 10,
        "day": 14
      },
      "time": {
        "hour": 9,
        "minute": 31,
        "second": 55,
        "nano": 0
      }
    },
    "citySender": "Київ",
    "cityRecipient": "Чкаловське"
  },
  {
    "number": 59000454749148,
    "dateTime": {
      "date": {
        "year": 2019,
        "month": 10,
        "day": 14
      },
      "time": {
        "hour": 9,
        "minute": 32,
        "second": 5,
        "nano": 0
      }
    },
    "citySender": "Глухів (Сумська обл.)",
    "cityRecipient": "Львів"
  },
  {
    "number": 59000454749149,
    "dateTime": {
      "date": {
        "year": 2019,
        "month": 10,
        "day": 14
      },
      "time": {
        "hour": 9,
        "minute": 32,
        "second": 26,
        "nano": 0
      }
    },
    "citySender": "Чернівці",
    "cityRecipient": "Київ"
  },
  {
    "number": 59000454749150,
    "dateTime": {
      "date": {
        "year": 2019,
        "month": 10,
        "day": 14
      },
      "time": {
        "hour": 9,
        "minute": 32,
        "second": 6,
        "nano": 0
      }
    },
    "citySender": "Мукачево",
    "cityRecipient": "Львів"
  },
  {
    "number": 59000454749151,
    "dateTime": {
      "date": {
        "year": 2019,
        "month": 10,
        "day": 14
      },
      "time": {
        "hour": 9,
        "minute": 32,
        "second": 28,
        "nano": 0
      }
    },
    "citySender": "Шацьк",
    "cityRecipient": "Харків"
  },
  {
    "number": 59000454749152,
    "dateTime": {
      "date": {
        "year": 2019,
        "month": 10,
        "day": 14
      },
      "time": {
        "hour": 9,
        "minute": 31,
        "second": 58,
        "nano": 0
      }
    },
    "citySender": "Київ",
    "cityRecipient": "Київ"
  },
  {
    "number": 59000454749153,
    "dateTime": {
      "date": {
        "year": 2019,
        "month": 10,
        "day": 14
      },
      "time": {
        "hour": 9,
        "minute": 32,
        "second": 28,
        "nano": 0
      }
    },
    "citySender": "Вінниця",
    "cityRecipient": "Вінниця"
  },
  {
    "number": 59000454749154,
    "dateTime": {
      "date": {
        "year": 2019,
        "month": 10,
        "day": 14
      },
      "time": {
        "hour": 9,
        "minute": 32,
        "second": 2,
        "nano": 0
      }
    },
    "citySender": "Івано-Франківськ",
    "cityRecipient": "Одеса"
  },
  {
    "number": 59000454749156,
    "dateTime": {
      "date": {
        "year": 2019,
        "month": 10,
        "day": 14
      },
      "time": {
        "hour": 9,
        "minute": 31,
        "second": 51,
        "nano": 0
      }
    },
    "citySender": "Коломия",
    "cityRecipient": "Київ"
  },
  {
    "number": 59000454749157,
    "dateTime": {
      "date": {
        "year": 2019,
        "month": 10,
        "day": 14
      },
      "time": {
        "hour": 9,
        "minute": 32,
        "second": 28,
        "nano": 0
      }
    },
    "citySender": "Київ",
    "cityRecipient": "Харків"
  },
  {
    "number": 59000454749158,
    "dateTime": {
      "date": {
        "year": 2019,
        "month": 10,
        "day": 14
      },
      "time": {
        "hour": 9,
        "minute": 32,
        "second": 30,
        "nano": 0
      }
    },
    "citySender": "Сінгури",
    "cityRecipient": "Житомир"
  },
  {
    "number": 59000454749159,
    "dateTime": {
      "date": {
        "year": 2019,
        "month": 10,
        "day": 14
      },
      "time": {
        "hour": 9,
        "minute": 30,
        "second": 49,
        "nano": 0
      }
    },
    "citySender": "Часів Яр",
    "cityRecipient": "Маріуполь"
  },
  {
    "number": 59000454749160,
    "dateTime": {
      "date": {
        "year": 2019,
        "month": 10,
        "day": 14
      },
      "time": {
        "hour": 9,
        "minute": 31,
        "second": 52,
        "nano": 0
      }
    },
    "citySender": "Вороньків",
    "cityRecipient": "Баришівка"
  },
  {
    "number": 59000454749161,
    "dateTime": {
      "date": {
        "year": 2019,
        "month": 10,
        "day": 14
      },
      "time": {
        "hour": 9,
        "minute": 32,
        "second": 4,
        "nano": 0
      }
    },
    "citySender": "Сагунівка",
    "cityRecipient": "Марганець"
  },
  {
    "number": 59000454749162,
    "dateTime": {
      "date": {
        "year": 2019,
        "month": 10,
        "day": 14
      },
      "time": {
        "hour": 9,
        "minute": 31,
        "second": 55,
        "nano": 0
      }
    },
    "citySender": "Кременчук",
    "cityRecipient": "Київ"
  },
  {
    "number": 59000454749163,
    "dateTime": {
      "date": {
        "year": 2019,
        "month": 10,
        "day": 14
      },
      "time": {
        "hour": 9,
        "minute": 32,
        "second": 32,
        "nano": 0
      }
    },
    "citySender": "Сміла",
    "cityRecipient": "Київ"
  },
  {
    "number": 59000454749164,
    "dateTime": {
      "date": {
        "year": 2019,
        "month": 10,
        "day": 14
      },
      "time": {
        "hour": 9,
        "minute": 32,
        "second": 33,
        "nano": 0
      }
    },
    "citySender": "Лисичанськ",
    "cityRecipient": "Сєвєродонецьк"
  },
  {
    "number": 59000454749165,
    "dateTime": {
      "date": {
        "year": 2019,
        "month": 10,
        "day": 14
      },
      "time": {
        "hour": 9,
        "minute": 31,
        "second": 27,
        "nano": 0
      }
    },
    "citySender": "Кривий Ріг",
    "cityRecipient": "Полтава"
  },
  {
    "number": 59000454749166,
    "dateTime": {
      "date": {
        "year": 2019,
        "month": 10,
        "day": 14
      },
      "time": {
        "hour": 9,
        "minute": 32,
        "second": 24,
        "nano": 0
      }
    },
    "citySender": "Черкаси",
    "cityRecipient": "Винники"
  },
  {
    "number": 59000454749167,
    "dateTime": {
      "date": {
        "year": 2019,
        "month": 10,
        "day": 14
      },
      "time": {
        "hour": 9,
        "minute": 32,
        "second": 15,
        "nano": 0
      }
    },
    "citySender": "Київ",
    "cityRecipient": "Шостка"
  },
  {
    "number": 59000454749168,
    "dateTime": {
      "date": {
        "year": 2019,
        "month": 10,
        "day": 14
      },
      "time": {
        "hour": 9,
        "minute": 31,
        "second": 51,
        "nano": 0
      }
    },
    "citySender": "Роздільна (Одеська обл.)",
    "cityRecipient": "Бахмут"
  },
  {
    "number": 59000454749169,
    "dateTime": {
      "date": {
        "year": 2019,
        "month": 10,
        "day": 14
      },
      "time": {
        "hour": 9,
        "minute": 32,
        "second": 13,
        "nano": 0
      }
    },
    "citySender": "Ізмаїл",
    "cityRecipient": "Кривий Ріг"
  },
  {
    "number": 59000454749170,
    "dateTime": {
      "date": {
        "year": 2019,
        "month": 10,
        "day": 14
      },
      "time": {
        "hour": 9,
        "minute": 32,
        "second": 34,
        "nano": 0
      }
    },
    "citySender": "Шумськ",
    "cityRecipient": "Тернопіль"
  },
  {
    "number": 59000454749171,
    "dateTime": {
      "date": {
        "year": 2019,
        "month": 10,
        "day": 14
      },
      "time": {
        "hour": 9,
        "minute": 32,
        "second": 28,
        "nano": 0
      }
    },
    "citySender": "Дніпро",
    "cityRecipient": "Дніпро"
  },
  {
    "number": 59000454749172,
    "dateTime": {
      "date": {
        "year": 2019,
        "month": 10,
        "day": 14
      },
      "time": {
        "hour": 9,
        "minute": 31,
        "second": 39,
        "nano": 0
      }
    },
    "citySender": "Запоріжжя",
    "cityRecipient": "Київ"
  },
  {
    "number": 59000454749173,
    "dateTime": {
      "date": {
        "year": 2019,
        "month": 10,
        "day": 14
      },
      "time": {
        "hour": 9,
        "minute": 32,
        "second": 35,
        "nano": 0
      }
    },
    "citySender": "Тульчин",
    "cityRecipient": "Вінниця"
  },
  {
    "number": 59000454749174,
    "dateTime": {
      "date": {
        "year": 2019,
        "month": 10,
        "day": 14
      },
      "time": {
        "hour": 9,
        "minute": 32,
        "second": 20,
        "nano": 0
      }
    },
    "citySender": "Маріуполь",
    "cityRecipient": "Харків"
  },
  {
    "number": 59000454749175,
    "dateTime": {
      "date": {
        "year": 2019,
        "month": 10,
        "day": 14
      },
      "time": {
        "hour": 9,
        "minute": 32,
        "second": 15,
        "nano": 0
      }
    },
    "citySender": "Волочиськ",
    "cityRecipient": "Харків"
  },
  {
    "number": 59000454749176,
    "dateTime": {
      "date": {
        "year": 2019,
        "month": 10,
        "day": 14
      },
      "time": {
        "hour": 9,
        "minute": 32,
        "second": 31,
        "nano": 0
      }
    },
    "citySender": "Минай",
    "cityRecipient": "Руські Комарівці"
  },
  {
    "number": 59000454749178,
    "dateTime": {
      "date": {
        "year": 2019,
        "month": 10,
        "day": 14
      },
      "time": {
        "hour": 9,
        "minute": 31,
        "second": 59,
        "nano": 0
      }
    },
    "citySender": "Чоп",
    "cityRecipient": "Одеса"
  },
  {
    "number": 59000454749179,
    "dateTime": {
      "date": {
        "year": 2019,
        "month": 10,
        "day": 14
      },
      "time": {
        "hour": 9,
        "minute": 32,
        "second": 14,
        "nano": 0
      }
    },
    "citySender": "Київ",
    "cityRecipient": "Ужгород"
  },
  {
    "number": 59000454749180,
    "dateTime": {
      "date": {
        "year": 2019,
        "month": 10,
        "day": 14
      },
      "time": {
        "hour": 9,
        "minute": 32,
        "second": 5,
        "nano": 0
      }
    },
    "citySender": "Київ",
    "cityRecipient": "Харків"
  },
  {
    "number": 59000454749181,
    "dateTime": {
      "date": {
        "year": 2019,
        "month": 10,
        "day": 14
      },
      "time": {
        "hour": 9,
        "minute": 32,
        "second": 37,
        "nano": 0
      }
    },
    "citySender": "Оноківці (ст. Доманинці)",
    "cityRecipient": "Мукачево"
  },
  {
    "number": 59000454749183,
    "dateTime": {
      "date": {
        "year": 2019,
        "month": 10,
        "day": 14
      },
      "time": {
        "hour": 9,
        "minute": 32,
        "second": 29,
        "nano": 0
      }
    },
    "citySender": "Велика Лепетиха",
    "cityRecipient": "Долина"
  },
  {
    "number": 59000454749184,
    "dateTime": {
      "date": {
        "year": 2019,
        "month": 10,
        "day": 14
      },
      "time": {
        "hour": 9,
        "minute": 32,
        "second": 38,
        "nano": 0
      }
    },
    "citySender": "Кам\u0027янка-Бузька",
    "cityRecipient": "Львів"
  },
  {
    "number": 59000454749185,
    "dateTime": {
      "date": {
        "year": 2019,
        "month": 10,
        "day": 14
      },
      "time": {
        "hour": 9,
        "minute": 32,
        "second": 38,
        "nano": 0
      }
    },
    "citySender": "Жмеринка",
    "cityRecipient": "Вінниця"
  },
  {
    "number": 59000454749186,
    "dateTime": {
      "date": {
        "year": 2019,
        "month": 10,
        "day": 14
      },
      "time": {
        "hour": 9,
        "minute": 32,
        "second": 38,
        "nano": 0
      }
    },
    "citySender": "Почапинці",
    "cityRecipient": "Тернопіль"
  },
  {
    "number": 59000454749187,
    "dateTime": {
      "date": {
        "year": 2019,
        "month": 10,
        "day": 14
      },
      "time": {
        "hour": 9,
        "minute": 32,
        "second": 27,
        "nano": 0
      }
    },
    "citySender": "Яготин",
    "cityRecipient": "Новомиргород"
  },
  {
    "number": 59000454749188,
    "dateTime": {
      "date": {
        "year": 2019,
        "month": 10,
        "day": 14
      },
      "time": {
        "hour": 9,
        "minute": 32,
        "second": 39,
        "nano": 0
      }
    },
    "citySender": "Хмільник (Вінницька обл.)",
    "cityRecipient": "Вінниця"
  },
  {
    "number": 59000454749189,
    "dateTime": {
      "date": {
        "year": 2019,
        "month": 10,
        "day": 14
      },
      "time": {
        "hour": 9,
        "minute": 31,
        "second": 21,
        "nano": 0
      }
    },
    "citySender": "Балта",
    "cityRecipient": "Ширяєве"
  },
  {
    "number": 59000454749190,
    "dateTime": {
      "date": {
        "year": 2019,
        "month": 10,
        "day": 14
      },
      "time": {
        "hour": 9,
        "minute": 32,
        "second": 31,
        "nano": 0
      }
    },
    "citySender": "Марганець",
    "cityRecipient": "Дніпро"
  },
  {
    "number": 59000454749191,
    "dateTime": {
      "date": {
        "year": 2019,
        "month": 10,
        "day": 14
      },
      "time": {
        "hour": 9,
        "minute": 32,
        "second": 36,
        "nano": 0
      }
    },
    "citySender": "Борислав (Львівська обл.)",
    "cityRecipient": "Берегове"
  },
  {
    "number": 59000454749192,
    "dateTime": {
      "date": {
        "year": 2019,
        "month": 10,
        "day": 14
      },
      "time": {
        "hour": 9,
        "minute": 32,
        "second": 41,
        "nano": 0
      }
    },
    "citySender": "Гавришівка",
    "cityRecipient": "Вінниця"
  },
  {
    "number": 59000454749193,
    "dateTime": {
      "date": {
        "year": 2019,
        "month": 10,
        "day": 14
      },
      "time": {
        "hour": 9,
        "minute": 32,
        "second": 31,
        "nano": 0
      }
    },
    "citySender": "Десна (Чернігівська обл.)",
    "cityRecipient": "Лозова"
  },
  {
    "number": 59000454749194,
    "dateTime": {
      "date": {
        "year": 2019,
        "month": 10,
        "day": 14
      },
      "time": {
        "hour": 9,
        "minute": 32,
        "second": 41,
        "nano": 0
      }
    },
    "citySender": "Черкаси",
    "cityRecipient": "Черкаси"
  },
  {
    "number": 59000454749195,
    "dateTime": {
      "date": {
        "year": 2019,
        "month": 10,
        "day": 14
      },
      "time": {
        "hour": 9,
        "minute": 32,
        "second": 42,
        "nano": 0
      }
    },
    "citySender": "Біла Церква",
    "cityRecipient": "Одеса"
  },
  {
    "number": 59000454749196,
    "dateTime": {
      "date": {
        "year": 2019,
        "month": 10,
        "day": 14
      },
      "time": {
        "hour": 9,
        "minute": 31,
        "second": 21,
        "nano": 0
      }
    },
    "citySender": "Усатове",
    "cityRecipient": "Подільськ"
  },
  {
    "number": 59000454749197,
    "dateTime": {
      "date": {
        "year": 2019,
        "month": 10,
        "day": 14
      },
      "time": {
        "hour": 9,
        "minute": 32,
        "second": 42,
        "nano": 0
      }
    },
    "citySender": "Добротвір",
    "cityRecipient": "Київ"
  },
  {
    "number": 59000454749198,
    "dateTime": {
      "date": {
        "year": 2019,
        "month": 10,
        "day": 14
      },
      "time": {
        "hour": 9,
        "minute": 32,
        "second": 27,
        "nano": 0
      }
    },
    "citySender": "Полтава",
    "cityRecipient": "Харків"
  },
  {
    "number": 59000454749199,
    "dateTime": {
      "date": {
        "year": 2019,
        "month": 10,
        "day": 14
      },
      "time": {
        "hour": 9,
        "minute": 32,
        "second": 43,
        "nano": 0
      }
    },
    "citySender": "Уланів",
    "cityRecipient": "Житомир"
  },
  {
    "number": 59000454749200,
    "dateTime": {
      "date": {
        "year": 2019,
        "month": 10,
        "day": 14
      },
      "time": {
        "hour": 9,
        "minute": 32,
        "second": 31,
        "nano": 0
      }
    },
    "citySender": "Вінниця",
    "cityRecipient": "Київ"
  },
  {
    "number": 59000454749201,
    "dateTime": {
      "date": {
        "year": 2019,
        "month": 10,
        "day": 14
      },
      "time": {
        "hour": 9,
        "minute": 32,
        "second": 43,
        "nano": 0
      }
    },
    "citySender": "Сміла",
    "cityRecipient": "Черкаси"
  },
  {
    "number": 59000454749202,
    "dateTime": {
      "date": {
        "year": 2019,
        "month": 10,
        "day": 14
      },
      "time": {
        "hour": 9,
        "minute": 31,
        "second": 7,
        "nano": 0
      }
    },
    "citySender": "Олександрія (м.Кіровогр.обл.райц)",
    "cityRecipient": "Тернопіль"
  },
  {
    "number": 59000454749203,
    "dateTime": {
      "date": {
        "year": 2019,
        "month": 10,
        "day": 14
      },
      "time": {
        "hour": 9,
        "minute": 32,
        "second": 43,
        "nano": 0
      }
    },
    "citySender": "Київ",
    "cityRecipient": "Київ"
  },
  {
    "number": 59000454749205,
    "dateTime": {
      "date": {
        "year": 2019,
        "month": 10,
        "day": 14
      },
      "time": {
        "hour": 9,
        "minute": 32,
        "second": 20,
        "nano": 0
      }
    },
    "citySender": "Ужгород",
    "cityRecipient": "Київ"
  },
  {
    "number": 59000454749206,
    "dateTime": {
      "date": {
        "year": 2019,
        "month": 10,
        "day": 14
      },
      "time": {
        "hour": 9,
        "minute": 30,
        "second": 17,
        "nano": 0
      }
    },
    "citySender": "Київ",
    "cityRecipient": "Черкаси"
  },
  {
    "number": 59000454749207,
    "dateTime": {
      "date": {
        "year": 2019,
        "month": 10,
        "day": 14
      },
      "time": {
        "hour": 9,
        "minute": 32,
        "second": 45,
        "nano": 0
      }
    },
    "citySender": "Приморськ (Запорізька обл.)",
    "cityRecipient": "Запоріжжя"
  },
  {
    "number": 59000454749208,
    "dateTime": {
      "date": {
        "year": 2019,
        "month": 10,
        "day": 14
      },
      "time": {
        "hour": 9,
        "minute": 32,
        "second": 45,
        "nano": 0
      }
    },
    "citySender": "Фастів",
    "cityRecipient": "Харків"
  },
  {
    "number": 59000454749209,
    "dateTime": {
      "date": {
        "year": 2019,
        "month": 10,
        "day": 14
      },
      "time": {
        "hour": 9,
        "minute": 32,
        "second": 40,
        "nano": 0
      }
    },
    "citySender": "Диканька",
    "cityRecipient": "Підгайчики (Львівська обл.)"
  },
  {
    "number": 59000454749210,
    "dateTime": {
      "date": {
        "year": 2019,
        "month": 10,
        "day": 14
      },
      "time": {
        "hour": 9,
        "minute": 32,
        "second": 37,
        "nano": 0
      }
    },
    "citySender": "Хмельницький",
    "cityRecipient": "Вишгород"
  },
  {
    "number": 59000454749211,
    "dateTime": {
      "date": {
        "year": 2019,
        "month": 10,
        "day": 14
      },
      "time": {
        "hour": 9,
        "minute": 32,
        "second": 7,
        "nano": 0
      }
    },
    "citySender": "Дніпро",
    "cityRecipient": "Миколаїв"
  },
  {
    "number": 59000454749212,
    "dateTime": {
      "date": {
        "year": 2019,
        "month": 10,
        "day": 14
      },
      "time": {
        "hour": 9,
        "minute": 32,
        "second": 40,
        "nano": 0
      }
    },
    "citySender": "Малехів",
    "cityRecipient": "Одеса"
  }
]