[
  {
    "number": 59000454763599,
    "dateTime": {
      "date": {
        "year": 2019,
        "month": 10,
        "day": 14
      },
      "time": {
        "hour": 10,
        "minute": 38,
        "second": 24,
        "nano": 0
      }
    },
    "citySender": "Київ",
    "cityRecipient": "Київ"
  },
  {
    "number": 59000454763600,
    "dateTime": {
      "date": {
        "year": 2019,
        "month": 10,
        "day": 14
      },
      "time": {
        "hour": 10,
        "minute": 38,
        "second": 34,
        "nano": 0
      }
    },
    "citySender": "Дніпро",
    "cityRecipient": "Київ"
  },
  {
    "number": 59000454763601,
    "dateTime": {
      "date": {
        "year": 2019,
        "month": 10,
        "day": 14
      },
      "time": {
        "hour": 10,
        "minute": 38,
        "second": 45,
        "nano": 0
      }
    },
    "citySender": "Велика Знам\u0027янка",
    "cityRecipient": "Запоріжжя"
  },
  {
    "number": 59000454763602,
    "dateTime": {
      "date": {
        "year": 2019,
        "month": 10,
        "day": 14
      },
      "time": {
        "hour": 10,
        "minute": 38,
        "second": 45,
        "nano": 0
      }
    },
    "citySender": "Літин",
    "cityRecipient": "Вінниця"
  },
  {
    "number": 59000454763603,
    "dateTime": {
      "date": {
        "year": 2019,
        "month": 10,
        "day": 14
      },
      "time": {
        "hour": 10,
        "minute": 38,
        "second": 9,
        "nano": 0
      }
    },
    "citySender": "Одеса",
    "cityRecipient": "Нікополь (Дніпропетровська обл.)"
  },
  {
    "number": 59000454763604,
    "dateTime": {
      "date": {
        "year": 2019,
        "month": 10,
        "day": 14
      },
      "time": {
        "hour": 10,
        "minute": 38,
        "second": 45,
        "nano": 0
      }
    },
    "citySender": "Нижнє Селище",
    "cityRecipient": "Мукачево"
  },
  {
    "number": 59000454763605,
    "dateTime": {
      "date": {
        "year": 2019,
        "month": 10,
        "day": 14
      },
      "time": {
        "hour": 10,
        "minute": 38,
        "second": 38,
        "nano": 0
      }
    },
    "citySender": "Київ",
    "cityRecipient": "Київ"
  },
  {
    "number": 59000454763606,
    "dateTime": {
      "date": {
        "year": 2019,
        "month": 10,
        "day": 14
      },
      "time": {
        "hour": 10,
        "minute": 38,
        "second": 46,
        "nano": 0
      }
    },
    "citySender": "Копайгород",
    "cityRecipient": "Вінниця"
  },
  {
    "number": 59000454763607,
    "dateTime": {
      "date": {
        "year": 2019,
        "month": 10,
        "day": 14
      },
      "time": {
        "hour": 10,
        "minute": 38,
        "second": 34,
        "nano": 0
      }
    },
    "citySender": "Харків",
    "cityRecipient": "Рівне"
  },
  {
    "number": 59000454763608,
    "dateTime": {
      "date": {
        "year": 2019,
        "month": 10,
        "day": 14
      },
      "time": {
        "hour": 10,
        "minute": 38,
        "second": 46,
        "nano": 0
      }
    },
    "citySender": "Нива Трудова",
    "cityRecipient": "Кривий Ріг"
  },
  {
    "number": 59000454763609,
    "dateTime": {
      "date": {
        "year": 2019,
        "month": 10,
        "day": 14
      },
      "time": {
        "hour": 10,
        "minute": 38,
        "second": 46,
        "nano": 0
      }
    },
    "citySender": "Біла Церква",
    "cityRecipient": "Ратне"
  },
  {
    "number": 59000454763610,
    "dateTime": {
      "date": {
        "year": 2019,
        "month": 10,
        "day": 14
      },
      "time": {
        "hour": 10,
        "minute": 38,
        "second": 47,
        "nano": 0
      }
    },
    "citySender": "Якимівка (Запорізька обл.)",
    "cityRecipient": "Харків"
  },
  {
    "number": 59000454763611,
    "dateTime": {
      "date": {
        "year": 2019,
        "month": 10,
        "day": 14
      },
      "time": {
        "hour": 10,
        "minute": 38,
        "second": 44,
        "nano": 0
      }
    },
    "citySender": "Київ",
    "cityRecipient": "Київ"
  },
  {
    "number": 59000454763612,
    "dateTime": {
      "date": {
        "year": 2019,
        "month": 10,
        "day": 14
      },
      "time": {
        "hour": 10,
        "minute": 38,
        "second": 30,
        "nano": 0
      }
    },
    "citySender": "Сєвєродонецьк",
    "cityRecipient": "Харків"
  },
  {
    "number": 59000454763613,
    "dateTime": {
      "date": {
        "year": 2019,
        "month": 10,
        "day": 14
      },
      "time": {
        "hour": 10,
        "minute": 38,
        "second": 35,
        "nano": 0
      }
    },
    "citySender": "Тячів",
    "cityRecipient": "Дніпро"
  },
  {
    "number": 59000454763614,
    "dateTime": {
      "date": {
        "year": 2019,
        "month": 10,
        "day": 14
      },
      "time": {
        "hour": 10,
        "minute": 38,
        "second": 29,
        "nano": 0
      }
    },
    "citySender": "Одеса",
    "cityRecipient": "Київ"
  },
  {
    "number": 59000454763615,
    "dateTime": {
      "date": {
        "year": 2019,
        "month": 10,
        "day": 14
      },
      "time": {
        "hour": 10,
        "minute": 38,
        "second": 20,
        "nano": 0
      }
    },
    "citySender": "Мелітополь",
    "cityRecipient": "Коростишів"
  },
  {
    "number": 59000454763616,
    "dateTime": {
      "date": {
        "year": 2019,
        "month": 10,
        "day": 14
      },
      "time": {
        "hour": 10,
        "minute": 38,
        "second": 49,
        "nano": 0
      }
    },
    "citySender": "Київ",
    "cityRecipient": "Київ"
  },
  {
    "number": 59000454763617,
    "dateTime": {
      "date": {
        "year": 2019,
        "month": 10,
        "day": 14
      },
      "time": {
        "hour": 10,
        "minute": 37,
        "second": 27,
        "nano": 0
      }
    },
    "citySender": "Харків",
    "cityRecipient": "Вінниця"
  },
  {
    "number": 59000454763618,
    "dateTime": {
      "date": {
        "year": 2019,
        "month": 10,
        "day": 14
      },
      "time": {
        "hour": 10,
        "minute": 38,
        "second": 39,
        "nano": 0
      }
    },
    "citySender": "Київ",
    "cityRecipient": "Львів"
  },
  {
    "number": 59000454763619,
    "dateTime": {
      "date": {
        "year": 2019,
        "month": 10,
        "day": 14
      },
      "time": {
        "hour": 10,
        "minute": 37,
        "second": 59,
        "nano": 0
      }
    },
    "citySender": "Поляна (Закарпатська обл.)",
    "cityRecipient": "Обухів"
  },
  {
    "number": 59000454763620,
    "dateTime": {
      "date": {
        "year": 2019,
        "month": 10,
        "day": 14
      },
      "time": {
        "hour": 10,
        "minute": 38,
        "second": 33,
        "nano": 0
      }
    },
    "citySender": "Херсон",
    "cityRecipient": "Одеса"
  },
  {
    "number": 59000454763621,
    "dateTime": {
      "date": {
        "year": 2019,
        "month": 10,
        "day": 14
      },
      "time": {
        "hour": 10,
        "minute": 38,
        "second": 49,
        "nano": 0
      }
    },
    "citySender": "Гайворон",
    "cityRecipient": "Умань"
  },
  {
    "number": 59000454763622,
    "dateTime": {
      "date": {
        "year": 2019,
        "month": 10,
        "day": 14
      },
      "time": {
        "hour": 10,
        "minute": 38,
        "second": 12,
        "nano": 0
      }
    },
    "citySender": "Київ",
    "cityRecipient": "Київ"
  },
  {
    "number": 59000454763623,
    "dateTime": {
      "date": {
        "year": 2019,
        "month": 10,
        "day": 14
      },
      "time": {
        "hour": 10,
        "minute": 38,
        "second": 46,
        "nano": 0
      }
    },
    "citySender": "Полтава",
    "cityRecipient": "Полтава"
  },
  {
    "number": 59000454763624,
    "dateTime": {
      "date": {
        "year": 2019,
        "month": 10,
        "day": 14
      },
      "time": {
        "hour": 10,
        "minute": 38,
        "second": 43,
        "nano": 0
      }
    },
    "citySender": "Львів",
    "cityRecipient": "Умань"
  },
  {
    "number": 59000454763625,
    "dateTime": {
      "date": {
        "year": 2019,
        "month": 10,
        "day": 14
      },
      "time": {
        "hour": 10,
        "minute": 38,
        "second": 37,
        "nano": 0
      }
    },
    "citySender": "Чернівці",
    "cityRecipient": "Балабине"
  },
  {
    "number": 59000454763626,
    "dateTime": {
      "date": {
        "year": 2019,
        "month": 10,
        "day": 14
      },
      "time": {
        "hour": 10,
        "minute": 38,
        "second": 50,
        "nano": 0
      }
    },
    "citySender": "Кельменці",
    "cityRecipient": "Канів"
  },
  {
    "number": 59000454763627,
    "dateTime": {
      "date": {
        "year": 2019,
        "month": 10,
        "day": 14
      },
      "time": {
        "hour": 10,
        "minute": 38,
        "second": 9,
        "nano": 0
      }
    },
    "citySender": "Коломия",
    "cityRecipient": "Миколаїв (Львівська обл., Миколаївський р-н)"
  },
  {
    "number": 59000454763628,
    "dateTime": {
      "date": {
        "year": 2019,
        "month": 10,
        "day": 14
      },
      "time": {
        "hour": 10,
        "minute": 38,
        "second": 51,
        "nano": 0
      }
    },
    "citySender": "Харків",
    "cityRecipient": "Харків"
  },
  {
    "number": 59000454763629,
    "dateTime": {
      "date": {
        "year": 2019,
        "month": 10,
        "day": 14
      },
      "time": {
        "hour": 10,
        "minute": 38,
        "second": 47,
        "nano": 0
      }
    },
    "citySender": "Одеса",
    "cityRecipient": "Дніпро"
  },
  {
    "number": 59000454763630,
    "dateTime": {
      "date": {
        "year": 2019,
        "month": 10,
        "day": 14
      },
      "time": {
        "hour": 10,
        "minute": 38,
        "second": 43,
        "nano": 0
      }
    },
    "citySender": "Чернівці",
    "cityRecipient": "Миколаїв"
  },
  {
    "number": 59000454763631,
    "dateTime": {
      "date": {
        "year": 2019,
        "month": 10,
        "day": 14
      },
      "time": {
        "hour": 10,
        "minute": 38,
        "second": 51,
        "nano": 0
      }
    },
    "citySender": "Мельниця-Подільська (Тернопільська обл.)",
    "cityRecipient": "Тернопіль"
  },
  {
    "number": 59000454763632,
    "dateTime": {
      "date": {
        "year": 2019,
        "month": 10,
        "day": 14
      },
      "time": {
        "hour": 10,
        "minute": 38,
        "second": 51,
        "nano": 0
      }
    },
    "citySender": "Київ",
    "cityRecipient": "Коростишів"
  },
  {
    "number": 59000454763633,
    "dateTime": {
      "date": {
        "year": 2019,
        "month": 10,
        "day": 14
      },
      "time": {
        "hour": 10,
        "minute": 38,
        "second": 29,
        "nano": 0
      }
    },
    "citySender": "Київ",
    "cityRecipient": "Київ"
  },
  {
    "number": 59000454763634,
    "dateTime": {
      "date": {
        "year": 2019,
        "month": 10,
        "day": 14
      },
      "time": {
        "hour": 10,
        "minute": 38,
        "second": 38,
        "nano": 0
      }
    },
    "citySender": "Ворзель",
    "cityRecipient": "Білгород-Дністровський"
  },
  {
    "number": 59000454763636,
    "dateTime": {
      "date": {
        "year": 2019,
        "month": 10,
        "day": 14
      },
      "time": {
        "hour": 10,
        "minute": 38,
        "second": 13,
        "nano": 0
      }
    },
    "citySender": "Херсон",
    "cityRecipient": "Любешів"
  },
  {
    "number": 59000454763637,
    "dateTime": {
      "date": {
        "year": 2019,
        "month": 10,
        "day": 14
      },
      "time": {
        "hour": 10,
        "minute": 38,
        "second": 30,
        "nano": 0
      }
    },
    "citySender": "Южне",
    "cityRecipient": "Сторожинець"
  },
  {
    "number": 59000454763638,
    "dateTime": {
      "date": {
        "year": 2019,
        "month": 10,
        "day": 14
      },
      "time": {
        "hour": 10,
        "minute": 38,
        "second": 52,
        "nano": 0
      }
    },
    "citySender": "Опитне (Бахмутський р-н)",
    "cityRecipient": "Полтава"
  },
  {
    "number": 59000454763639,
    "dateTime": {
      "date": {
        "year": 2019,
        "month": 10,
        "day": 14
      },
      "time": {
        "hour": 10,
        "minute": 38,
        "second": 15,
        "nano": 0
      }
    },
    "citySender": "Тернівка",
    "cityRecipient": "Одеса"
  },
  {
    "number": 59000454763640,
    "dateTime": {
      "date": {
        "year": 2019,
        "month": 10,
        "day": 14
      },
      "time": {
        "hour": 10,
        "minute": 38,
        "second": 53,
        "nano": 0
      }
    },
    "citySender": "Рожнятів",
    "cityRecipient": "Івано-Франківськ"
  },
  {
    "number": 59000454763641,
    "dateTime": {
      "date": {
        "year": 2019,
        "month": 10,
        "day": 14
      },
      "time": {
        "hour": 10,
        "minute": 38,
        "second": 53,
        "nano": 0
      }
    },
    "citySender": "Перещепине",
    "cityRecipient": "Бохоники"
  },
  {
    "number": 59000454763642,
    "dateTime": {
      "date": {
        "year": 2019,
        "month": 10,
        "day": 14
      },
      "time": {
        "hour": 10,
        "minute": 38,
        "second": 46,
        "nano": 0
      }
    },
    "citySender": "Кременчук",
    "cityRecipient": "Балта"
  },
  {
    "number": 59000454763643,
    "dateTime": {
      "date": {
        "year": 2019,
        "month": 10,
        "day": 14
      },
      "time": {
        "hour": 10,
        "minute": 38,
        "second": 53,
        "nano": 0
      }
    },
    "citySender": "Фастів",
    "cityRecipient": "Київ"
  },
  {
    "number": 59000454763644,
    "dateTime": {
      "date": {
        "year": 2019,
        "month": 10,
        "day": 14
      },
      "time": {
        "hour": 10,
        "minute": 38,
        "second": 43,
        "nano": 0
      }
    },
    "citySender": "Дубно",
    "cityRecipient": "Кропивницький"
  },
  {
    "number": 59000454763645,
    "dateTime": {
      "date": {
        "year": 2019,
        "month": 10,
        "day": 14
      },
      "time": {
        "hour": 10,
        "minute": 38,
        "second": 54,
        "nano": 0
      }
    },
    "citySender": "Таїрове",
    "cityRecipient": "Одеса"
  },
  {
    "number": 59000454763646,
    "dateTime": {
      "date": {
        "year": 2019,
        "month": 10,
        "day": 14
      },
      "time": {
        "hour": 10,
        "minute": 38,
        "second": 54,
        "nano": 0
      }
    },
    "citySender": "Київ",
    "cityRecipient": "Київ"
  },
  {
    "number": 59000454763647,
    "dateTime": {
      "date": {
        "year": 2019,
        "month": 10,
        "day": 14
      },
      "time": {
        "hour": 10,
        "minute": 38,
        "second": 5,
        "nano": 0
      }
    },
    "citySender": "Шумськ",
    "cityRecipient": "Курахове"
  },
  {
    "number": 59000454763648,
    "dateTime": {
      "date": {
        "year": 2019,
        "month": 10,
        "day": 14
      },
      "time": {
        "hour": 10,
        "minute": 38,
        "second": 43,
        "nano": 0
      }
    },
    "citySender": "Хмельницький",
    "cityRecipient": "Мирноград"
  },
  {
    "number": 59000454763649,
    "dateTime": {
      "date": {
        "year": 2019,
        "month": 10,
        "day": 14
      },
      "time": {
        "hour": 10,
        "minute": 38,
        "second": 28,
        "nano": 0
      }
    },
    "citySender": "Станиця Луганська",
    "cityRecipient": "Львів"
  },
  {
    "number": 59000454763650,
    "dateTime": {
      "date": {
        "year": 2019,
        "month": 10,
        "day": 14
      },
      "time": {
        "hour": 10,
        "minute": 38,
        "second": 21,
        "nano": 0
      }
    },
    "citySender": "Чигирин",
    "cityRecipient": "Кривий Ріг"
  },
  {
    "number": 59000454763651,
    "dateTime": {
      "date": {
        "year": 2019,
        "month": 10,
        "day": 14
      },
      "time": {
        "hour": 10,
        "minute": 38,
        "second": 51,
        "nano": 0
      }
    },
    "citySender": "Овідіополь",
    "cityRecipient": "Київ"
  },
  {
    "number": 59000454763652,
    "dateTime": {
      "date": {
        "year": 2019,
        "month": 10,
        "day": 14
      },
      "time": {
        "hour": 10,
        "minute": 38,
        "second": 7,
        "nano": 0
      }
    },
    "citySender": "Кропивницький",
    "cityRecipient": "Одеса"
  },
  {
    "number": 59000454763653,
    "dateTime": {
      "date": {
        "year": 2019,
        "month": 10,
        "day": 14
      },
      "time": {
        "hour": 10,
        "minute": 38,
        "second": 30,
        "nano": 0
      }
    },
    "citySender": "Бережани (Тернопільська обл.)",
    "cityRecipient": "Теофіполь"
  },
  {
    "number": 59000454763654,
    "dateTime": {
      "date": {
        "year": 2019,
        "month": 10,
        "day": 14
      },
      "time": {
        "hour": 10,
        "minute": 37,
        "second": 5,
        "nano": 0
      }
    },
    "citySender": "Володимирівське",
    "cityRecipient": "Запоріжжя"
  },
  {
    "number": 59000454763655,
    "dateTime": {
      "date": {
        "year": 2019,
        "month": 10,
        "day": 14
      },
      "time": {
        "hour": 10,
        "minute": 37,
        "second": 49,
        "nano": 0
      }
    },
    "citySender": "Тернопіль",
    "cityRecipient": "Біляївка"
  },
  {
    "number": 59000454763656,
    "dateTime": {
      "date": {
        "year": 2019,
        "month": 10,
        "day": 14
      },
      "time": {
        "hour": 10,
        "minute": 37,
        "second": 45,
        "nano": 0
      }
    },
    "citySender": "Івано-Франківськ",
    "cityRecipient": "Дніпро"
  },
  {
    "number": 59000454763657,
    "dateTime": {
      "date": {
        "year": 2019,
        "month": 10,
        "day": 14
      },
      "time": {
        "hour": 10,
        "minute": 38,
        "second": 52,
        "nano": 0
      }
    },
    "citySender": "Тернопіль",
    "cityRecipient": "Костопіль"
  },
  {
    "number": 59000454763658,
    "dateTime": {
      "date": {
        "year": 2019,
        "month": 10,
        "day": 14
      },
      "time": {
        "hour": 10,
        "minute": 38,
        "second": 15,
        "nano": 0
      }
    },
    "citySender": "Нововолинськ",
    "cityRecipient": "Київ"
  },
  {
    "number": 59000454763659,
    "dateTime": {
      "date": {
        "year": 2019,
        "month": 10,
        "day": 14
      },
      "time": {
        "hour": 10,
        "minute": 38,
        "second": 57,
        "nano": 0
      }
    },
    "citySender": "Олександрія (м.Кіровогр.обл.райц)",
    "cityRecipient": "Кропивницький"
  },
  {
    "number": 59000454763660,
    "dateTime": {
      "date": {
        "year": 2019,
        "month": 10,
        "day": 14
      },
      "time": {
        "hour": 10,
        "minute": 38,
        "second": 57,
        "nano": 0
      }
    },
    "citySender": "Новотроїцьке (Херсонська обл.)",
    "cityRecipient": "Херсон"
  },
  {
    "number": 59000454763661,
    "dateTime": {
      "date": {
        "year": 2019,
        "month": 10,
        "day": 14
      },
      "time": {
        "hour": 10,
        "minute": 37,
        "second": 27,
        "nano": 0
      }
    },
    "citySender": "Сєвєродонецьк",
    "cityRecipient": "Хлібодарівка"
  },
  {
    "number": 59000454763662,
    "dateTime": {
      "date": {
        "year": 2019,
        "month": 10,
        "day": 14
      },
      "time": {
        "hour": 10,
        "minute": 38,
        "second": 49,
        "nano": 0
      }
    },
    "citySender": "Харків",
    "cityRecipient": "Київ"
  },
  {
    "number": 59000454763663,
    "dateTime": {
      "date": {
        "year": 2019,
        "month": 10,
        "day": 14
      },
      "time": {
        "hour": 10,
        "minute": 38,
        "second": 26,
        "nano": 0
      }
    },
    "citySender": "Копичинці (Гусятинський р-н)",
    "cityRecipient": "Київ"
  },
  {
    "number": 59000454763664,
    "dateTime": {
      "date": {
        "year": 2019,
        "month": 10,
        "day": 14
      },
      "time": {
        "hour": 10,
        "minute": 38,
        "second": 8,
        "nano": 0
      }
    },
    "citySender": "Нікополь (Дніпропетровська обл.)",
    "cityRecipient": "Біленьке(Запорізька обл.)"
  },
  {
    "number": 59000454763665,
    "dateTime": {
      "date": {
        "year": 2019,
        "month": 10,
        "day": 14
      },
      "time": {
        "hour": 10,
        "minute": 38,
        "second": 24,
        "nano": 0
      }
    },
    "citySender": "Добропілля",
    "cityRecipient": "Турка"
  },
  {
    "number": 59000454763666,
    "dateTime": {
      "date": {
        "year": 2019,
        "month": 10,
        "day": 14
      },
      "time": {
        "hour": 10,
        "minute": 38,
        "second": 45,
        "nano": 0
      }
    },
    "citySender": "Тячів",
    "cityRecipient": "Павлиш"
  },
  {
    "number": 59000454763667,
    "dateTime": {
      "date": {
        "year": 2019,
        "month": 10,
        "day": 14
      },
      "time": {
        "hour": 10,
        "minute": 38,
        "second": 34,
        "nano": 0
      }
    },
    "citySender": "Київ",
    "cityRecipient": "Київ"
  },
  {
    "number": 59000454763668,
    "dateTime": {
      "date": {
        "year": 2019,
        "month": 10,
        "day": 14
      },
      "time": {
        "hour": 10,
        "minute": 38,
        "second": 59,
        "nano": 0
      }
    },
    "citySender": "Гримайлів",
    "cityRecipient": "Тернопіль"
  },
  {
    "number": 59000454763669,
    "dateTime": {
      "date": {
        "year": 2019,
        "month": 10,
        "day": 14
      },
      "time": {
        "hour": 10,
        "minute": 38,
        "second": 15,
        "nano": 0
      }
    },
    "citySender": "Нетішин",
    "cityRecipient": "Кременчук"
  },
  {
    "number": 59000454763670,
    "dateTime": {
      "date": {
        "year": 2019,
        "month": 10,
        "day": 14
      },
      "time": {
        "hour": 10,
        "minute": 38,
        "second": 23,
        "nano": 0
      }
    },
    "citySender": "Київ",
    "cityRecipient": "Щастя"
  },
  {
    "number": 59000454763671,
    "dateTime": {
      "date": {
        "year": 2019,
        "month": 10,
        "day": 14
      },
      "time": {
        "hour": 10,
        "minute": 38,
        "second": 59,
        "nano": 0
      }
    },
    "citySender": "Гадяч",
    "cityRecipient": "Полтава"
  },
  {
    "number": 59000454763672,
    "dateTime": {
      "date": {
        "year": 2019,
        "month": 10,
        "day": 14
      },
      "time": {
        "hour": 10,
        "minute": 38,
        "second": 54,
        "nano": 0
      }
    },
    "citySender": "Дрогобич",
    "cityRecipient": "Київ"
  },
  {
    "number": 59000454763673,
    "dateTime": {
      "date": {
        "year": 2019,
        "month": 10,
        "day": 14
      },
      "time": {
        "hour": 10,
        "minute": 38,
        "second": 56,
        "nano": 0
      }
    },
    "citySender": "Миколаїв",
    "cityRecipient": "Харків"
  },
  {
    "number": 59000454763674,
    "dateTime": {
      "date": {
        "year": 2019,
        "month": 10,
        "day": 14
      },
      "time": {
        "hour": 10,
        "minute": 39,
        "second": 0,
        "nano": 0
      }
    },
    "citySender": "Калинівка (Вінницька обл., Калинівський р-н)",
    "cityRecipient": "Вінниця"
  },
  {
    "number": 59000454763675,
    "dateTime": {
      "date": {
        "year": 2019,
        "month": 10,
        "day": 14
      },
      "time": {
        "hour": 10,
        "minute": 39,
        "second": 0,
        "nano": 0
      }
    },
    "citySender": "Усатове",
    "cityRecipient": "Одеса"
  },
  {
    "number": 59000454763676,
    "dateTime": {
      "date": {
        "year": 2019,
        "month": 10,
        "day": 14
      },
      "time": {
        "hour": 10,
        "minute": 38,
        "second": 44,
        "nano": 0
      }
    },
    "citySender": "Любомль",
    "cityRecipient": "Маріуполь"
  },
  {
    "number": 59000454763677,
    "dateTime": {
      "date": {
        "year": 2019,
        "month": 10,
        "day": 14
      },
      "time": {
        "hour": 10,
        "minute": 39,
        "second": 1,
        "nano": 0
      }
    },
    "citySender": "Київ",
    "cityRecipient": "Київ"
  },
  {
    "number": 59000454763678,
    "dateTime": {
      "date": {
        "year": 2019,
        "month": 10,
        "day": 14
      },
      "time": {
        "hour": 10,
        "minute": 38,
        "second": 37,
        "nano": 0
      }
    },
    "citySender": "Київ",
    "cityRecipient": "Київ"
  },
  {
    "number": 59000454763679,
    "dateTime": {
      "date": {
        "year": 2019,
        "month": 10,
        "day": 14
      },
      "time": {
        "hour": 10,
        "minute": 38,
        "second": 47,
        "nano": 0
      }
    },
    "citySender": "Мукачево",
    "cityRecipient": "Чернівці"
  },
  {
    "number": 59000454763680,
    "dateTime": {
      "date": {
        "year": 2019,
        "month": 10,
        "day": 14
      },
      "time": {
        "hour": 10,
        "minute": 38,
        "second": 59,
        "nano": 0
      }
    },
    "citySender": "Дрогобич",
    "cityRecipient": "Вінниця"
  },
  {
    "number": 59000454763682,
    "dateTime": {
      "date": {
        "year": 2019,
        "month": 10,
        "day": 14
      },
      "time": {
        "hour": 10,
        "minute": 39,
        "second": 2,
        "nano": 0
      }
    },
    "citySender": "Бар",
    "cityRecipient": "Вінниця"
  },
  {
    "number": 59000454763683,
    "dateTime": {
      "date": {
        "year": 2019,
        "month": 10,
        "day": 14
      },
      "time": {
        "hour": 10,
        "minute": 38,
        "second": 59,
        "nano": 0
      }
    },
    "citySender": "Шостка",
    "cityRecipient": "Харків"
  },
  {
    "number": 59000454763684,
    "dateTime": {
      "date": {
        "year": 2019,
        "month": 10,
        "day": 14
      },
      "time": {
        "hour": 10,
        "minute": 39,
        "second": 0,
        "nano": 0
      }
    },
    "citySender": "Вільшана (Черкаська обл.)",
    "cityRecipient": "Нікополь (Дніпропетровська обл.)"
  },
  {
    "number": 59000454763685,
    "dateTime": {
      "date": {
        "year": 2019,
        "month": 10,
        "day": 14
      },
      "time": {
        "hour": 10,
        "minute": 38,
        "second": 47,
        "nano": 0
      }
    },
    "citySender": "Одеса",
    "cityRecipient": "Київ"
  },
  {
    "number": 59000454763686,
    "dateTime": {
      "date": {
        "year": 2019,
        "month": 10,
        "day": 14
      },
      "time": {
        "hour": 10,
        "minute": 38,
        "second": 6,
        "nano": 0
      }
    },
    "citySender": "Харків",
    "cityRecipient": "Покров (Дніпропетровська обл.)"
  },
  {
    "number": 59000454763687,
    "dateTime": {
      "date": {
        "year": 2019,
        "month": 10,
        "day": 14
      },
      "time": {
        "hour": 10,
        "minute": 39,
        "second": 3,
        "nano": 0
      }
    },
    "citySender": "Великий Бичків",
    "cityRecipient": "Львів"
  },
  {
    "number": 59000454763688,
    "dateTime": {
      "date": {
        "year": 2019,
        "month": 10,
        "day": 14
      },
      "time": {
        "hour": 10,
        "minute": 39,
        "second": 2,
        "nano": 0
      }
    },
    "citySender": "Одеса",
    "cityRecipient": "Варва"
  },
  {
    "number": 59000454763689,
    "dateTime": {
      "date": {
        "year": 2019,
        "month": 10,
        "day": 14
      },
      "time": {
        "hour": 10,
        "minute": 38,
        "second": 45,
        "nano": 0
      }
    },
    "citySender": "Солоне",
    "cityRecipient": "Дніпро"
  },
  {
    "number": 59000454763690,
    "dateTime": {
      "date": {
        "year": 2019,
        "month": 10,
        "day": 14
      },
      "time": {
        "hour": 10,
        "minute": 38,
        "second": 49,
        "nano": 0
      }
    },
    "citySender": "Брюховичі",
    "cityRecipient": "Курахове"
  },
  {
    "number": 59000454763691,
    "dateTime": {
      "date": {
        "year": 2019,
        "month": 10,
        "day": 14
      },
      "time": {
        "hour": 10,
        "minute": 39,
        "second": 3,
        "nano": 0
      }
    },
    "citySender": "Диканька",
    "cityRecipient": "Каланчак"
  },
  {
    "number": 59000454763693,
    "dateTime": {
      "date": {
        "year": 2019,
        "month": 10,
        "day": 14
      },
      "time": {
        "hour": 10,
        "minute": 37,
        "second": 14,
        "nano": 0
      }
    },
    "citySender": "Київ",
    "cityRecipient": "Павлоград"
  },
  {
    "number": 59000454763694,
    "dateTime": {
      "date": {
        "year": 2019,
        "month": 10,
        "day": 14
      },
      "time": {
        "hour": 10,
        "minute": 38,
        "second": 19,
        "nano": 0
      }
    },
    "citySender": "Костопіль",
    "cityRecipient": "Миколаїв"
  },
  {
    "number": 59000454763695,
    "dateTime": {
      "date": {
        "year": 2019,
        "month": 10,
        "day": 14
      },
      "time": {
        "hour": 10,
        "minute": 39,
        "second": 4,
        "nano": 0
      }
    },
    "citySender": "Запоріжжя",
    "cityRecipient": "Запоріжжя"
  },
  {
    "number": 59000454763696,
    "dateTime": {
      "date": {
        "year": 2019,
        "month": 10,
        "day": 14
      },
      "time": {
        "hour": 10,
        "minute": 38,
        "second": 38,
        "nano": 0
      }
    },
    "citySender": "Кривий Ріг",
    "cityRecipient": "Яворів"
  },
  {
    "number": 59000454763697,
    "dateTime": {
      "date": {
        "year": 2019,
        "month": 10,
        "day": 14
      },
      "time": {
        "hour": 10,
        "minute": 39,
        "second": 4,
        "nano": 0
      }
    },
    "citySender": "Київ",
    "cityRecipient": "Тернопіль"
  },
  {
    "number": 59000454763698,
    "dateTime": {
      "date": {
        "year": 2019,
        "month": 10,
        "day": 14
      },
      "time": {
        "hour": 10,
        "minute": 38,
        "second": 41,
        "nano": 0
      }
    },
    "citySender": "Київ",
    "cityRecipient": "Чернівці"
  }
]