[
  {
    "number": 59000454759599,
    "dateTime": {
      "date": {
        "year": 2019,
        "month": 10,
        "day": 14
      },
      "time": {
        "hour": 10,
        "minute": 21,
        "second": 11,
        "nano": 0
      }
    },
    "citySender": "Волноваха",
    "cityRecipient": "Окни"
  },
  {
    "number": 59000454759600,
    "dateTime": {
      "date": {
        "year": 2019,
        "month": 10,
        "day": 14
      },
      "time": {
        "hour": 10,
        "minute": 21,
        "second": 11,
        "nano": 0
      }
    },
    "citySender": "Рівне",
    "cityRecipient": "Сарни"
  },
  {
    "number": 59000454759601,
    "dateTime": {
      "date": {
        "year": 2019,
        "month": 10,
        "day": 14
      },
      "time": {
        "hour": 10,
        "minute": 21,
        "second": 54,
        "nano": 0
      }
    },
    "citySender": "Енергодар",
    "cityRecipient": "Дніпро"
  },
  {
    "number": 59000454759602,
    "dateTime": {
      "date": {
        "year": 2019,
        "month": 10,
        "day": 14
      },
      "time": {
        "hour": 10,
        "minute": 21,
        "second": 28,
        "nano": 0
      }
    },
    "citySender": "Нова Каховка",
    "cityRecipient": "Моршин"
  },
  {
    "number": 59000454759603,
    "dateTime": {
      "date": {
        "year": 2019,
        "month": 10,
        "day": 14
      },
      "time": {
        "hour": 10,
        "minute": 21,
        "second": 55,
        "nano": 0
      }
    },
    "citySender": "Київ",
    "cityRecipient": "Київ"
  },
  {
    "number": 59000454759604,
    "dateTime": {
      "date": {
        "year": 2019,
        "month": 10,
        "day": 14
      },
      "time": {
        "hour": 10,
        "minute": 21,
        "second": 6,
        "nano": 0
      }
    },
    "citySender": "Гнідин",
    "cityRecipient": "Херсон"
  },
  {
    "number": 59000454759605,
    "dateTime": {
      "date": {
        "year": 2019,
        "month": 10,
        "day": 14
      },
      "time": {
        "hour": 10,
        "minute": 21,
        "second": 43,
        "nano": 0
      }
    },
    "citySender": "Вінниця",
    "cityRecipient": "Київ"
  },
  {
    "number": 59000454759606,
    "dateTime": {
      "date": {
        "year": 2019,
        "month": 10,
        "day": 14
      },
      "time": {
        "hour": 10,
        "minute": 21,
        "second": 28,
        "nano": 0
      }
    },
    "citySender": "Тячів",
    "cityRecipient": "Дар\u0027ївка"
  },
  {
    "number": 59000454759608,
    "dateTime": {
      "date": {
        "year": 2019,
        "month": 10,
        "day": 14
      },
      "time": {
        "hour": 10,
        "minute": 21,
        "second": 56,
        "nano": 0
      }
    },
    "citySender": "Рожнятів",
    "cityRecipient": "Івано-Франківськ"
  },
  {
    "number": 59000454759609,
    "dateTime": {
      "date": {
        "year": 2019,
        "month": 10,
        "day": 14
      },
      "time": {
        "hour": 10,
        "minute": 21,
        "second": 40,
        "nano": 0
      }
    },
    "citySender": "Одеса",
    "cityRecipient": "Скоморохи"
  },
  {
    "number": 59000454759610,
    "dateTime": {
      "date": {
        "year": 2019,
        "month": 10,
        "day": 14
      },
      "time": {
        "hour": 10,
        "minute": 21,
        "second": 53,
        "nano": 0
      }
    },
    "citySender": "Запоріжжя",
    "cityRecipient": "Запоріжжя"
  },
  {
    "number": 59000454759611,
    "dateTime": {
      "date": {
        "year": 2019,
        "month": 10,
        "day": 14
      },
      "time": {
        "hour": 10,
        "minute": 21,
        "second": 53,
        "nano": 0
      }
    },
    "citySender": "Васильків",
    "cityRecipient": "Кодима"
  },
  {
    "number": 59000454759612,
    "dateTime": {
      "date": {
        "year": 2019,
        "month": 10,
        "day": 14
      },
      "time": {
        "hour": 10,
        "minute": 21,
        "second": 30,
        "nano": 0
      }
    },
    "citySender": "Чернівці",
    "cityRecipient": "Одеса"
  },
  {
    "number": 59000454759613,
    "dateTime": {
      "date": {
        "year": 2019,
        "month": 10,
        "day": 14
      },
      "time": {
        "hour": 10,
        "minute": 21,
        "second": 23,
        "nano": 0
      }
    },
    "citySender": "Шостка",
    "cityRecipient": "Первомайський (Харківська обл.)"
  },
  {
    "number": 59000454759614,
    "dateTime": {
      "date": {
        "year": 2019,
        "month": 10,
        "day": 14
      },
      "time": {
        "hour": 10,
        "minute": 21,
        "second": 58,
        "nano": 0
      }
    },
    "citySender": "Нижні Ворота",
    "cityRecipient": "Мукачево"
  },
  {
    "number": 59000454759615,
    "dateTime": {
      "date": {
        "year": 2019,
        "month": 10,
        "day": 14
      },
      "time": {
        "hour": 10,
        "minute": 21,
        "second": 52,
        "nano": 0
      }
    },
    "citySender": "Харків",
    "cityRecipient": "Бровари"
  },
  {
    "number": 59000454759616,
    "dateTime": {
      "date": {
        "year": 2019,
        "month": 10,
        "day": 14
      },
      "time": {
        "hour": 10,
        "minute": 21,
        "second": 58,
        "nano": 0
      }
    },
    "citySender": "Мукачево",
    "cityRecipient": "Городенка"
  },
  {
    "number": 59000454759617,
    "dateTime": {
      "date": {
        "year": 2019,
        "month": 10,
        "day": 14
      },
      "time": {
        "hour": 10,
        "minute": 21,
        "second": 58,
        "nano": 0
      }
    },
    "citySender": "Великі Копані",
    "cityRecipient": "Херсон"
  },
  {
    "number": 59000454759618,
    "dateTime": {
      "date": {
        "year": 2019,
        "month": 10,
        "day": 14
      },
      "time": {
        "hour": 10,
        "minute": 21,
        "second": 30,
        "nano": 0
      }
    },
    "citySender": "Ужгород",
    "cityRecipient": "Запоріжжя"
  },
  {
    "number": 59000454759619,
    "dateTime": {
      "date": {
        "year": 2019,
        "month": 10,
        "day": 14
      },
      "time": {
        "hour": 10,
        "minute": 21,
        "second": 6,
        "nano": 0
      }
    },
    "citySender": "Херсон",
    "cityRecipient": "Луцьк"
  },
  {
    "number": 59000454759620,
    "dateTime": {
      "date": {
        "year": 2019,
        "month": 10,
        "day": 14
      },
      "time": {
        "hour": 10,
        "minute": 21,
        "second": 59,
        "nano": 0
      }
    },
    "citySender": "Кам\u0027янське(Дніпропетровська обл)",
    "cityRecipient": "Дніпро"
  },
  {
    "number": 59000454759621,
    "dateTime": {
      "date": {
        "year": 2019,
        "month": 10,
        "day": 14
      },
      "time": {
        "hour": 10,
        "minute": 21,
        "second": 46,
        "nano": 0
      }
    },
    "citySender": "Здолбунів",
    "cityRecipient": "Білгород-Дністровський"
  },
  {
    "number": 59000454759622,
    "dateTime": {
      "date": {
        "year": 2019,
        "month": 10,
        "day": 14
      },
      "time": {
        "hour": 10,
        "minute": 22,
        "second": 0,
        "nano": 0
      }
    },
    "citySender": "Вільшанка (Кіровоградська обл.)",
    "cityRecipient": "Умань"
  },
  {
    "number": 59000454759623,
    "dateTime": {
      "date": {
        "year": 2019,
        "month": 10,
        "day": 14
      },
      "time": {
        "hour": 10,
        "minute": 21,
        "second": 35,
        "nano": 0
      }
    },
    "citySender": "Зміїв",
    "cityRecipient": "Кривий Ріг"
  },
  {
    "number": 59000454759624,
    "dateTime": {
      "date": {
        "year": 2019,
        "month": 10,
        "day": 14
      },
      "time": {
        "hour": 10,
        "minute": 22,
        "second": 0,
        "nano": 0
      }
    },
    "citySender": "Геронимівка",
    "cityRecipient": "Київ"
  },
  {
    "number": 59000454759625,
    "dateTime": {
      "date": {
        "year": 2019,
        "month": 10,
        "day": 14
      },
      "time": {
        "hour": 10,
        "minute": 21,
        "second": 0,
        "nano": 0
      }
    },
    "citySender": "Дніпро",
    "cityRecipient": "Київ"
  },
  {
    "number": 59000454759626,
    "dateTime": {
      "date": {
        "year": 2019,
        "month": 10,
        "day": 14
      },
      "time": {
        "hour": 10,
        "minute": 21,
        "second": 39,
        "nano": 0
      }
    },
    "citySender": "Енергодар",
    "cityRecipient": "Божківське"
  },
  {
    "number": 59000454759627,
    "dateTime": {
      "date": {
        "year": 2019,
        "month": 10,
        "day": 14
      },
      "time": {
        "hour": 10,
        "minute": 22,
        "second": 0,
        "nano": 0
      }
    },
    "citySender": "Доманівка",
    "cityRecipient": "Умань"
  },
  {
    "number": 59000454759628,
    "dateTime": {
      "date": {
        "year": 2019,
        "month": 10,
        "day": 14
      },
      "time": {
        "hour": 10,
        "minute": 21,
        "second": 23,
        "nano": 0
      }
    },
    "citySender": "Миколаїв",
    "cityRecipient": "Львів"
  },
  {
    "number": 59000454759629,
    "dateTime": {
      "date": {
        "year": 2019,
        "month": 10,
        "day": 14
      },
      "time": {
        "hour": 10,
        "minute": 20,
        "second": 40,
        "nano": 0
      }
    },
    "citySender": "Кропивницький",
    "cityRecipient": "Чигирин"
  },
  {
    "number": 59000454759631,
    "dateTime": {
      "date": {
        "year": 2019,
        "month": 10,
        "day": 14
      },
      "time": {
        "hour": 10,
        "minute": 22,
        "second": 1,
        "nano": 0
      }
    },
    "citySender": "Почаїв",
    "cityRecipient": "Тернопіль"
  },
  {
    "number": 59000454759632,
    "dateTime": {
      "date": {
        "year": 2019,
        "month": 10,
        "day": 14
      },
      "time": {
        "hour": 10,
        "minute": 21,
        "second": 25,
        "nano": 0
      }
    },
    "citySender": "Лисичанськ",
    "cityRecipient": "Київ"
  },
  {
    "number": 59000454759633,
    "dateTime": {
      "date": {
        "year": 2019,
        "month": 10,
        "day": 14
      },
      "time": {
        "hour": 10,
        "minute": 20,
        "second": 41,
        "nano": 0
      }
    },
    "citySender": "Піщанка (Вінницька обл.)",
    "cityRecipient": "Дніпро"
  },
  {
    "number": 59000454759634,
    "dateTime": {
      "date": {
        "year": 2019,
        "month": 10,
        "day": 14
      },
      "time": {
        "hour": 10,
        "minute": 22,
        "second": 1,
        "nano": 0
      }
    },
    "citySender": "Тернопіль",
    "cityRecipient": "Тернопіль"
  },
  {
    "number": 59000454759635,
    "dateTime": {
      "date": {
        "year": 2019,
        "month": 10,
        "day": 14
      },
      "time": {
        "hour": 10,
        "minute": 21,
        "second": 25,
        "nano": 0
      }
    },
    "citySender": "Волноваха",
    "cityRecipient": "Полтава"
  },
  {
    "number": 59000454759636,
    "dateTime": {
      "date": {
        "year": 2019,
        "month": 10,
        "day": 14
      },
      "time": {
        "hour": 10,
        "minute": 22,
        "second": 0,
        "nano": 0
      }
    },
    "citySender": "Авангард",
    "cityRecipient": "Одеса"
  },
  {
    "number": 59000454759637,
    "dateTime": {
      "date": {
        "year": 2019,
        "month": 10,
        "day": 14
      },
      "time": {
        "hour": 10,
        "minute": 21,
        "second": 53,
        "nano": 0
      }
    },
    "citySender": "Виноградів",
    "cityRecipient": "Луцьк"
  },
  {
    "number": 59000454759638,
    "dateTime": {
      "date": {
        "year": 2019,
        "month": 10,
        "day": 14
      },
      "time": {
        "hour": 10,
        "minute": 21,
        "second": 37,
        "nano": 0
      }
    },
    "citySender": "Мелітополь",
    "cityRecipient": "Харків"
  },
  {
    "number": 59000454759639,
    "dateTime": {
      "date": {
        "year": 2019,
        "month": 10,
        "day": 14
      },
      "time": {
        "hour": 10,
        "minute": 21,
        "second": 59,
        "nano": 0
      }
    },
    "citySender": "Дніпро",
    "cityRecipient": "Дніпро"
  },
  {
    "number": 59000454759640,
    "dateTime": {
      "date": {
        "year": 2019,
        "month": 10,
        "day": 14
      },
      "time": {
        "hour": 10,
        "minute": 20,
        "second": 57,
        "nano": 0
      }
    },
    "citySender": "Нова Водолага",
    "cityRecipient": "Маріуполь"
  },
  {
    "number": 59000454759641,
    "dateTime": {
      "date": {
        "year": 2019,
        "month": 10,
        "day": 14
      },
      "time": {
        "hour": 10,
        "minute": 22,
        "second": 2,
        "nano": 0
      }
    },
    "citySender": "Чортків",
    "cityRecipient": "Полтава"
  },
  {
    "number": 59000454759642,
    "dateTime": {
      "date": {
        "year": 2019,
        "month": 10,
        "day": 14
      },
      "time": {
        "hour": 10,
        "minute": 22,
        "second": 4,
        "nano": 0
      }
    },
    "citySender": "Старокостянтинів",
    "cityRecipient": "Вінниця"
  },
  {
    "number": 59000454759643,
    "dateTime": {
      "date": {
        "year": 2019,
        "month": 10,
        "day": 14
      },
      "time": {
        "hour": 10,
        "minute": 22,
        "second": 0,
        "nano": 0
      }
    },
    "citySender": "Овідіополь",
    "cityRecipient": "Київ"
  },
  {
    "number": 59000454759645,
    "dateTime": {
      "date": {
        "year": 2019,
        "month": 10,
        "day": 14
      },
      "time": {
        "hour": 10,
        "minute": 21,
        "second": 42,
        "nano": 0
      }
    },
    "citySender": "Запоріжжя",
    "cityRecipient": "Таїрове"
  },
  {
    "number": 59000454759646,
    "dateTime": {
      "date": {
        "year": 2019,
        "month": 10,
        "day": 14
      },
      "time": {
        "hour": 10,
        "minute": 22,
        "second": 5,
        "nano": 0
      }
    },
    "citySender": "Товсте",
    "cityRecipient": "Тернопіль"
  },
  {
    "number": 59000454759647,
    "dateTime": {
      "date": {
        "year": 2019,
        "month": 10,
        "day": 14
      },
      "time": {
        "hour": 10,
        "minute": 22,
        "second": 5,
        "nano": 0
      }
    },
    "citySender": "Тернопіль",
    "cityRecipient": "Тернопіль"
  },
  {
    "number": 59000454759648,
    "dateTime": {
      "date": {
        "year": 2019,
        "month": 10,
        "day": 14
      },
      "time": {
        "hour": 10,
        "minute": 21,
        "second": 38,
        "nano": 0
      }
    },
    "citySender": "Дніпро",
    "cityRecipient": "Вишневе"
  },
  {
    "number": 59000454759649,
    "dateTime": {
      "date": {
        "year": 2019,
        "month": 10,
        "day": 14
      },
      "time": {
        "hour": 10,
        "minute": 21,
        "second": 56,
        "nano": 0
      }
    },
    "citySender": "Харків",
    "cityRecipient": "Суми"
  },
  {
    "number": 59000454759651,
    "dateTime": {
      "date": {
        "year": 2019,
        "month": 10,
        "day": 14
      },
      "time": {
        "hour": 10,
        "minute": 17,
        "second": 2,
        "nano": 0
      }
    },
    "citySender": "Стоянка",
    "cityRecipient": "Київ"
  },
  {
    "number": 59000454759652,
    "dateTime": {
      "date": {
        "year": 2019,
        "month": 10,
        "day": 14
      },
      "time": {
        "hour": 10,
        "minute": 22,
        "second": 7,
        "nano": 0
      }
    },
    "citySender": "Некрасове (Вінницький р-н)",
    "cityRecipient": "Вінниця"
  },
  {
    "number": 59000454759653,
    "dateTime": {
      "date": {
        "year": 2019,
        "month": 10,
        "day": 14
      },
      "time": {
        "hour": 10,
        "minute": 21,
        "second": 11,
        "nano": 0
      }
    },
    "citySender": "Львів",
    "cityRecipient": "Ходорів"
  },
  {
    "number": 59000454759654,
    "dateTime": {
      "date": {
        "year": 2019,
        "month": 10,
        "day": 14
      },
      "time": {
        "hour": 10,
        "minute": 22,
        "second": 1,
        "nano": 0
      }
    },
    "citySender": "Київ",
    "cityRecipient": "Київ"
  },
  {
    "number": 59000454759655,
    "dateTime": {
      "date": {
        "year": 2019,
        "month": 10,
        "day": 14
      },
      "time": {
        "hour": 10,
        "minute": 22,
        "second": 1,
        "nano": 0
      }
    },
    "citySender": "Одеса",
    "cityRecipient": "Сокиряни"
  },
  {
    "number": 59000454759656,
    "dateTime": {
      "date": {
        "year": 2019,
        "month": 10,
        "day": 14
      },
      "time": {
        "hour": 10,
        "minute": 21,
        "second": 50,
        "nano": 0
      }
    },
    "citySender": "Нікольське (Володарський р-н., Донецька обл.)",
    "cityRecipient": "Вишневе"
  },
  {
    "number": 59000454759657,
    "dateTime": {
      "date": {
        "year": 2019,
        "month": 10,
        "day": 14
      },
      "time": {
        "hour": 10,
        "minute": 22,
        "second": 8,
        "nano": 0
      }
    },
    "citySender": "Новотроїцьке (Херсонська обл.)",
    "cityRecipient": "Херсон"
  },
  {
    "number": 59000454759658,
    "dateTime": {
      "date": {
        "year": 2019,
        "month": 10,
        "day": 14
      },
      "time": {
        "hour": 10,
        "minute": 21,
        "second": 47,
        "nano": 0
      }
    },
    "citySender": "Кривий Ріг",
    "cityRecipient": "Дніпро"
  },
  {
    "number": 59000454759660,
    "dateTime": {
      "date": {
        "year": 2019,
        "month": 10,
        "day": 14
      },
      "time": {
        "hour": 10,
        "minute": 22,
        "second": 9,
        "nano": 0
      }
    },
    "citySender": "Ратне",
    "cityRecipient": "Чернігів"
  },
  {
    "number": 59000454759661,
    "dateTime": {
      "date": {
        "year": 2019,
        "month": 10,
        "day": 14
      },
      "time": {
        "hour": 10,
        "minute": 21,
        "second": 58,
        "nano": 0
      }
    },
    "citySender": "Павлоград",
    "cityRecipient": "Дніпро"
  },
  {
    "number": 59000454759662,
    "dateTime": {
      "date": {
        "year": 2019,
        "month": 10,
        "day": 14
      },
      "time": {
        "hour": 10,
        "minute": 21,
        "second": 25,
        "nano": 0
      }
    },
    "citySender": "Запоріжжя",
    "cityRecipient": "Ірпінь"
  },
  {
    "number": 59000454759663,
    "dateTime": {
      "date": {
        "year": 2019,
        "month": 10,
        "day": 14
      },
      "time": {
        "hour": 10,
        "minute": 22,
        "second": 1,
        "nano": 0
      }
    },
    "citySender": "Віньківці",
    "cityRecipient": "Київ"
  },
  {
    "number": 59000454759664,
    "dateTime": {
      "date": {
        "year": 2019,
        "month": 10,
        "day": 14
      },
      "time": {
        "hour": 10,
        "minute": 21,
        "second": 50,
        "nano": 0
      }
    },
    "citySender": "Андрушівка",
    "cityRecipient": "Ніжин"
  },
  {
    "number": 59000454759666,
    "dateTime": {
      "date": {
        "year": 2019,
        "month": 10,
        "day": 14
      },
      "time": {
        "hour": 10,
        "minute": 20,
        "second": 24,
        "nano": 0
      }
    },
    "citySender": "Запоріжжя",
    "cityRecipient": "Київ"
  },
  {
    "number": 59000454759667,
    "dateTime": {
      "date": {
        "year": 2019,
        "month": 10,
        "day": 14
      },
      "time": {
        "hour": 10,
        "minute": 22,
        "second": 11,
        "nano": 0
      }
    },
    "citySender": "Переяслав-Хмельницький",
    "cityRecipient": "Київ"
  },
  {
    "number": 59000454759668,
    "dateTime": {
      "date": {
        "year": 2019,
        "month": 10,
        "day": 14
      },
      "time": {
        "hour": 10,
        "minute": 22,
        "second": 5,
        "nano": 0
      }
    },
    "citySender": "Рівне",
    "cityRecipient": "Піщанка(Дніпропетровська обл.)"
  },
  {
    "number": 59000454759669,
    "dateTime": {
      "date": {
        "year": 2019,
        "month": 10,
        "day": 14
      },
      "time": {
        "hour": 10,
        "minute": 21,
        "second": 35,
        "nano": 0
      }
    },
    "citySender": "Калуш",
    "cityRecipient": "Червоноград (Львівська обл.)"
  },
  {
    "number": 59000454759670,
    "dateTime": {
      "date": {
        "year": 2019,
        "month": 10,
        "day": 14
      },
      "time": {
        "hour": 10,
        "minute": 21,
        "second": 27,
        "nano": 0
      }
    },
    "citySender": "Кропивницький",
    "cityRecipient": "Копайгород"
  },
  {
    "number": 59000454759671,
    "dateTime": {
      "date": {
        "year": 2019,
        "month": 10,
        "day": 14
      },
      "time": {
        "hour": 10,
        "minute": 19,
        "second": 54,
        "nano": 0
      }
    },
    "citySender": "Вишневе",
    "cityRecipient": "Київ"
  },
  {
    "number": 59000454759672,
    "dateTime": {
      "date": {
        "year": 2019,
        "month": 10,
        "day": 14
      },
      "time": {
        "hour": 10,
        "minute": 22,
        "second": 6,
        "nano": 0
      }
    },
    "citySender": "Дніпро",
    "cityRecipient": "Київ"
  },
  {
    "number": 59000454759673,
    "dateTime": {
      "date": {
        "year": 2019,
        "month": 10,
        "day": 14
      },
      "time": {
        "hour": 10,
        "minute": 21,
        "second": 12,
        "nano": 0
      }
    },
    "citySender": "Коломия",
    "cityRecipient": "Київ"
  },
  {
    "number": 59000454759674,
    "dateTime": {
      "date": {
        "year": 2019,
        "month": 10,
        "day": 14
      },
      "time": {
        "hour": 10,
        "minute": 21,
        "second": 40,
        "nano": 0
      }
    },
    "citySender": "Донське",
    "cityRecipient": "Дачне"
  },
  {
    "number": 59000454759675,
    "dateTime": {
      "date": {
        "year": 2019,
        "month": 10,
        "day": 14
      },
      "time": {
        "hour": 10,
        "minute": 21,
        "second": 39,
        "nano": 0
      }
    },
    "citySender": "Славутич",
    "cityRecipient": "Кременчук"
  },
  {
    "number": 59000454759676,
    "dateTime": {
      "date": {
        "year": 2019,
        "month": 10,
        "day": 14
      },
      "time": {
        "hour": 10,
        "minute": 21,
        "second": 34,
        "nano": 0
      }
    },
    "citySender": "Кам\u0027янець-Подільський",
    "cityRecipient": "Бориспіль"
  },
  {
    "number": 59000454759677,
    "dateTime": {
      "date": {
        "year": 2019,
        "month": 10,
        "day": 14
      },
      "time": {
        "hour": 10,
        "minute": 21,
        "second": 42,
        "nano": 0
      }
    },
    "citySender": "Бердянськ",
    "cityRecipient": "Солоне"
  },
  {
    "number": 59000454759678,
    "dateTime": {
      "date": {
        "year": 2019,
        "month": 10,
        "day": 14
      },
      "time": {
        "hour": 10,
        "minute": 22,
        "second": 0,
        "nano": 0
      }
    },
    "citySender": "Рубіжне",
    "cityRecipient": "Житомир"
  },
  {
    "number": 59000454759679,
    "dateTime": {
      "date": {
        "year": 2019,
        "month": 10,
        "day": 14
      },
      "time": {
        "hour": 10,
        "minute": 22,
        "second": 13,
        "nano": 0
      }
    },
    "citySender": "Гримайлів",
    "cityRecipient": "Тернопіль"
  },
  {
    "number": 59000454759680,
    "dateTime": {
      "date": {
        "year": 2019,
        "month": 10,
        "day": 14
      },
      "time": {
        "hour": 10,
        "minute": 22,
        "second": 13,
        "nano": 0
      }
    },
    "citySender": "Жмеринка",
    "cityRecipient": "Вінниця"
  },
  {
    "number": 59000454759681,
    "dateTime": {
      "date": {
        "year": 2019,
        "month": 10,
        "day": 14
      },
      "time": {
        "hour": 10,
        "minute": 22,
        "second": 11,
        "nano": 0
      }
    },
    "citySender": "Одеса",
    "cityRecipient": "Нова Каховка"
  },
  {
    "number": 59000454759682,
    "dateTime": {
      "date": {
        "year": 2019,
        "month": 10,
        "day": 14
      },
      "time": {
        "hour": 10,
        "minute": 22,
        "second": 7,
        "nano": 0
      }
    },
    "citySender": "Чернівці",
    "cityRecipient": "Тернопіль"
  },
  {
    "number": 59000454759683,
    "dateTime": {
      "date": {
        "year": 2019,
        "month": 10,
        "day": 14
      },
      "time": {
        "hour": 10,
        "minute": 21,
        "second": 50,
        "nano": 0
      }
    },
    "citySender": "Дніпро",
    "cityRecipient": "Єланець"
  },
  {
    "number": 59000454759684,
    "dateTime": {
      "date": {
        "year": 2019,
        "month": 10,
        "day": 14
      },
      "time": {
        "hour": 10,
        "minute": 22,
        "second": 14,
        "nano": 0
      }
    },
    "citySender": "Вапнярка",
    "cityRecipient": "Вінниця"
  },
  {
    "number": 59000454759686,
    "dateTime": {
      "date": {
        "year": 2019,
        "month": 10,
        "day": 14
      },
      "time": {
        "hour": 10,
        "minute": 22,
        "second": 10,
        "nano": 0
      }
    },
    "citySender": "Харків",
    "cityRecipient": "Харків"
  },
  {
    "number": 59000454759687,
    "dateTime": {
      "date": {
        "year": 2019,
        "month": 10,
        "day": 14
      },
      "time": {
        "hour": 10,
        "minute": 21,
        "second": 54,
        "nano": 0
      }
    },
    "citySender": "Чернівці",
    "cityRecipient": "Одеса"
  },
  {
    "number": 59000454759688,
    "dateTime": {
      "date": {
        "year": 2019,
        "month": 10,
        "day": 14
      },
      "time": {
        "hour": 10,
        "minute": 22,
        "second": 15,
        "nano": 0
      }
    },
    "citySender": "Чорноморськ",
    "cityRecipient": "Одеса"
  },
  {
    "number": 59000454759689,
    "dateTime": {
      "date": {
        "year": 2019,
        "month": 10,
        "day": 14
      },
      "time": {
        "hour": 10,
        "minute": 22,
        "second": 15,
        "nano": 0
      }
    },
    "citySender": "Київ",
    "cityRecipient": "Київ"
  },
  {
    "number": 59000454759690,
    "dateTime": {
      "date": {
        "year": 2019,
        "month": 10,
        "day": 14
      },
      "time": {
        "hour": 10,
        "minute": 21,
        "second": 43,
        "nano": 0
      }
    },
    "citySender": "Кременчук",
    "cityRecipient": "Бровари"
  },
  {
    "number": 59000454759691,
    "dateTime": {
      "date": {
        "year": 2019,
        "month": 10,
        "day": 14
      },
      "time": {
        "hour": 10,
        "minute": 22,
        "second": 12,
        "nano": 0
      }
    },
    "citySender": "Харків",
    "cityRecipient": "Привілля (Троїцький р-н)"
  },
  {
    "number": 59000454759692,
    "dateTime": {
      "date": {
        "year": 2019,
        "month": 10,
        "day": 14
      },
      "time": {
        "hour": 10,
        "minute": 22,
        "second": 11,
        "nano": 0
      }
    },
    "citySender": "Івано-Франківськ",
    "cityRecipient": "Косів"
  },
  {
    "number": 59000454759693,
    "dateTime": {
      "date": {
        "year": 2019,
        "month": 10,
        "day": 14
      },
      "time": {
        "hour": 10,
        "minute": 21,
        "second": 49,
        "nano": 0
      }
    },
    "citySender": "Нерубайське",
    "cityRecipient": "Миколаїв"
  },
  {
    "number": 59000454759694,
    "dateTime": {
      "date": {
        "year": 2019,
        "month": 10,
        "day": 14
      },
      "time": {
        "hour": 10,
        "minute": 22,
        "second": 17,
        "nano": 0
      }
    },
    "citySender": "Нижнє Селище",
    "cityRecipient": "Мукачево"
  },
  {
    "number": 59000454759696,
    "dateTime": {
      "date": {
        "year": 2019,
        "month": 10,
        "day": 14
      },
      "time": {
        "hour": 10,
        "minute": 22,
        "second": 18,
        "nano": 0
      }
    },
    "citySender": "Збараж",
    "cityRecipient": "Новоград-Волинський"
  },
  {
    "number": 59000454759697,
    "dateTime": {
      "date": {
        "year": 2019,
        "month": 10,
        "day": 14
      },
      "time": {
        "hour": 10,
        "minute": 21,
        "second": 23,
        "nano": 0
      }
    },
    "citySender": "Костопіль",
    "cityRecipient": "Тернопіль"
  },
  {
    "number": 59000454759698,
    "dateTime": {
      "date": {
        "year": 2019,
        "month": 10,
        "day": 14
      },
      "time": {
        "hour": 10,
        "minute": 22,
        "second": 14,
        "nano": 0
      }
    },
    "citySender": "Київ",
    "cityRecipient": "Київ"
  }
]