[
  {
    "number": 59000454774692,
    "dateTime": {
      "date": {
        "year": 2019,
        "month": 10,
        "day": 14
      },
      "time": {
        "hour": 11,
        "minute": 20,
        "second": 10,
        "nano": 0
      }
    },
    "citySender": "Помічна",
    "cityRecipient": "Київ"
  },
  {
    "number": 59000454774693,
    "dateTime": {
      "date": {
        "year": 2019,
        "month": 10,
        "day": 14
      },
      "time": {
        "hour": 11,
        "minute": 20,
        "second": 19,
        "nano": 0
      }
    },
    "citySender": "Кам\u0027янка-Дніпровська (Запорізька обл.)",
    "cityRecipient": "Запоріжжя"
  },
  {
    "number": 59000454774694,
    "dateTime": {
      "date": {
        "year": 2019,
        "month": 10,
        "day": 14
      },
      "time": {
        "hour": 11,
        "minute": 20,
        "second": 20,
        "nano": 0
      }
    },
    "citySender": "Волноваха",
    "cityRecipient": "Маріуполь"
  },
  {
    "number": 59000454774695,
    "dateTime": {
      "date": {
        "year": 2019,
        "month": 10,
        "day": 14
      },
      "time": {
        "hour": 11,
        "minute": 20,
        "second": 20,
        "nano": 0
      }
    },
    "citySender": "Коростень",
    "cityRecipient": "Київ"
  },
  {
    "number": 59000454774696,
    "dateTime": {
      "date": {
        "year": 2019,
        "month": 10,
        "day": 14
      },
      "time": {
        "hour": 11,
        "minute": 19,
        "second": 52,
        "nano": 0
      }
    },
    "citySender": "Солоницівка",
    "cityRecipient": "Красне (Львівська обл.)"
  },
  {
    "number": 59000454774697,
    "dateTime": {
      "date": {
        "year": 2019,
        "month": 10,
        "day": 14
      },
      "time": {
        "hour": 11,
        "minute": 20,
        "second": 11,
        "nano": 0
      }
    },
    "citySender": "Полтава",
    "cityRecipient": "Олександрівка (смт.Кіровог.обл.райц)"
  },
  {
    "number": 59000454774698,
    "dateTime": {
      "date": {
        "year": 2019,
        "month": 10,
        "day": 14
      },
      "time": {
        "hour": 11,
        "minute": 19,
        "second": 24,
        "nano": 0
      }
    },
    "citySender": "Маріуполь",
    "cityRecipient": "Київ"
  },
  {
    "number": 59000454774699,
    "dateTime": {
      "date": {
        "year": 2019,
        "month": 10,
        "day": 14
      },
      "time": {
        "hour": 11,
        "minute": 20,
        "second": 6,
        "nano": 0
      }
    },
    "citySender": "Жовква",
    "cityRecipient": "Чортків"
  },
  {
    "number": 59000454774700,
    "dateTime": {
      "date": {
        "year": 2019,
        "month": 10,
        "day": 14
      },
      "time": {
        "hour": 11,
        "minute": 20,
        "second": 21,
        "nano": 0
      }
    },
    "citySender": "Рахни-Лісові",
    "cityRecipient": "Вінниця"
  },
  {
    "number": 59000454774701,
    "dateTime": {
      "date": {
        "year": 2019,
        "month": 10,
        "day": 14
      },
      "time": {
        "hour": 11,
        "minute": 20,
        "second": 11,
        "nano": 0
      }
    },
    "citySender": "Кам\u0027янське(Дніпропетровська обл)",
    "cityRecipient": "Херсон"
  },
  {
    "number": 59000454774702,
    "dateTime": {
      "date": {
        "year": 2019,
        "month": 10,
        "day": 14
      },
      "time": {
        "hour": 11,
        "minute": 20,
        "second": 11,
        "nano": 0
      }
    },
    "citySender": "Попасна",
    "cityRecipient": "Житомир"
  },
  {
    "number": 59000454774703,
    "dateTime": {
      "date": {
        "year": 2019,
        "month": 10,
        "day": 14
      },
      "time": {
        "hour": 11,
        "minute": 20,
        "second": 17,
        "nano": 0
      }
    },
    "citySender": "Ірпінь",
    "cityRecipient": "Глеваха"
  },
  {
    "number": 59000454774704,
    "dateTime": {
      "date": {
        "year": 2019,
        "month": 10,
        "day": 14
      },
      "time": {
        "hour": 11,
        "minute": 20,
        "second": 21,
        "nano": 0
      }
    },
    "citySender": "Тиврів",
    "cityRecipient": "Вінниця"
  },
  {
    "number": 59000454774705,
    "dateTime": {
      "date": {
        "year": 2019,
        "month": 10,
        "day": 14
      },
      "time": {
        "hour": 11,
        "minute": 20,
        "second": 21,
        "nano": 0
      }
    },
    "citySender": "Балки (Запорізька обл.)",
    "cityRecipient": "Запоріжжя"
  },
  {
    "number": 59000454774706,
    "dateTime": {
      "date": {
        "year": 2019,
        "month": 10,
        "day": 14
      },
      "time": {
        "hour": 11,
        "minute": 19,
        "second": 8,
        "nano": 0
      }
    },
    "citySender": "Чорноморськ",
    "cityRecipient": "Тарасівка"
  },
  {
    "number": 59000454774707,
    "dateTime": {
      "date": {
        "year": 2019,
        "month": 10,
        "day": 14
      },
      "time": {
        "hour": 11,
        "minute": 20,
        "second": 21,
        "nano": 0
      }
    },
    "citySender": "Тернопіль",
    "cityRecipient": "Тернопіль"
  },
  {
    "number": 59000454774708,
    "dateTime": {
      "date": {
        "year": 2019,
        "month": 10,
        "day": 14
      },
      "time": {
        "hour": 11,
        "minute": 20,
        "second": 22,
        "nano": 0
      }
    },
    "citySender": "Кривий Ріг",
    "cityRecipient": "Кривий Ріг"
  },
  {
    "number": 59000454774709,
    "dateTime": {
      "date": {
        "year": 2019,
        "month": 10,
        "day": 14
      },
      "time": {
        "hour": 11,
        "minute": 19,
        "second": 57,
        "nano": 0
      }
    },
    "citySender": "Львів",
    "cityRecipient": "Львів"
  },
  {
    "number": 59000454774710,
    "dateTime": {
      "date": {
        "year": 2019,
        "month": 10,
        "day": 14
      },
      "time": {
        "hour": 11,
        "minute": 20,
        "second": 8,
        "nano": 0
      }
    },
    "citySender": "Літин",
    "cityRecipient": "Дніпро"
  },
  {
    "number": 59000454774711,
    "dateTime": {
      "date": {
        "year": 2019,
        "month": 10,
        "day": 14
      },
      "time": {
        "hour": 11,
        "minute": 20,
        "second": 23,
        "nano": 0
      }
    },
    "citySender": "Рені",
    "cityRecipient": "Одеса"
  },
  {
    "number": 59000454774712,
    "dateTime": {
      "date": {
        "year": 2019,
        "month": 10,
        "day": 14
      },
      "time": {
        "hour": 11,
        "minute": 20,
        "second": 16,
        "nano": 0
      }
    },
    "citySender": "Львів",
    "cityRecipient": "Львів"
  },
  {
    "number": 59000454774713,
    "dateTime": {
      "date": {
        "year": 2019,
        "month": 10,
        "day": 14
      },
      "time": {
        "hour": 11,
        "minute": 20,
        "second": 22,
        "nano": 0
      }
    },
    "citySender": "Калинівка (Вінницька обл., Калинівський р-н)",
    "cityRecipient": "Харків"
  },
  {
    "number": 59000454774714,
    "dateTime": {
      "date": {
        "year": 2019,
        "month": 10,
        "day": 14
      },
      "time": {
        "hour": 11,
        "minute": 20,
        "second": 23,
        "nano": 0
      }
    },
    "citySender": "Красилів",
    "cityRecipient": "Тернопіль"
  },
  {
    "number": 59000454774716,
    "dateTime": {
      "date": {
        "year": 2019,
        "month": 10,
        "day": 14
      },
      "time": {
        "hour": 11,
        "minute": 19,
        "second": 54,
        "nano": 0
      }
    },
    "citySender": "Харків",
    "cityRecipient": "Дніпро"
  },
  {
    "number": 59000454774717,
    "dateTime": {
      "date": {
        "year": 2019,
        "month": 10,
        "day": 14
      },
      "time": {
        "hour": 11,
        "minute": 19,
        "second": 46,
        "nano": 0
      }
    },
    "citySender": "Харків",
    "cityRecipient": "Сміла"
  },
  {
    "number": 59000454774718,
    "dateTime": {
      "date": {
        "year": 2019,
        "month": 10,
        "day": 14
      },
      "time": {
        "hour": 11,
        "minute": 20,
        "second": 11,
        "nano": 0
      }
    },
    "citySender": "Ужгород",
    "cityRecipient": "Краматорськ"
  },
  {
    "number": 59000454774720,
    "dateTime": {
      "date": {
        "year": 2019,
        "month": 10,
        "day": 14
      },
      "time": {
        "hour": 11,
        "minute": 19,
        "second": 36,
        "nano": 0
      }
    },
    "citySender": "Київ",
    "cityRecipient": "Балта"
  },
  {
    "number": 59000454774721,
    "dateTime": {
      "date": {
        "year": 2019,
        "month": 10,
        "day": 14
      },
      "time": {
        "hour": 11,
        "minute": 20,
        "second": 24,
        "nano": 0
      }
    },
    "citySender": "Київ",
    "cityRecipient": "Торецьк"
  },
  {
    "number": 59000454774722,
    "dateTime": {
      "date": {
        "year": 2019,
        "month": 10,
        "day": 14
      },
      "time": {
        "hour": 11,
        "minute": 19,
        "second": 51,
        "nano": 0
      }
    },
    "citySender": "Одеса",
    "cityRecipient": "Київ"
  },
  {
    "number": 59000454774723,
    "dateTime": {
      "date": {
        "year": 2019,
        "month": 10,
        "day": 14
      },
      "time": {
        "hour": 11,
        "minute": 20,
        "second": 26,
        "nano": 0
      }
    },
    "citySender": "Вінниця",
    "cityRecipient": "Вінниця"
  },
  {
    "number": 59000454774724,
    "dateTime": {
      "date": {
        "year": 2019,
        "month": 10,
        "day": 14
      },
      "time": {
        "hour": 11,
        "minute": 20,
        "second": 7,
        "nano": 0
      }
    },
    "citySender": "Дніпро",
    "cityRecipient": "Волноваха"
  },
  {
    "number": 59000454774725,
    "dateTime": {
      "date": {
        "year": 2019,
        "month": 10,
        "day": 14
      },
      "time": {
        "hour": 11,
        "minute": 20,
        "second": 26,
        "nano": 0
      }
    },
    "citySender": "Харків",
    "cityRecipient": "Харків"
  },
  {
    "number": 59000454774726,
    "dateTime": {
      "date": {
        "year": 2019,
        "month": 10,
        "day": 14
      },
      "time": {
        "hour": 11,
        "minute": 19,
        "second": 56,
        "nano": 0
      }
    },
    "citySender": "Харків",
    "cityRecipient": "Бровари"
  },
  {
    "number": 59000454774727,
    "dateTime": {
      "date": {
        "year": 2019,
        "month": 10,
        "day": 14
      },
      "time": {
        "hour": 11,
        "minute": 20,
        "second": 14,
        "nano": 0
      }
    },
    "citySender": "Могилів-Подільський",
    "cityRecipient": "Львів"
  },
  {
    "number": 59000454774728,
    "dateTime": {
      "date": {
        "year": 2019,
        "month": 10,
        "day": 14
      },
      "time": {
        "hour": 11,
        "minute": 20,
        "second": 23,
        "nano": 0
      }
    },
    "citySender": "Андріївка (Волноваський р-н., Донецька обл.)",
    "cityRecipient": "Харків"
  },
  {
    "number": 59000454774729,
    "dateTime": {
      "date": {
        "year": 2019,
        "month": 10,
        "day": 14
      },
      "time": {
        "hour": 11,
        "minute": 20,
        "second": 27,
        "nano": 0
      }
    },
    "citySender": "Бахмут",
    "cityRecipient": "Слов\u0027янськ"
  },
  {
    "number": 59000454774730,
    "dateTime": {
      "date": {
        "year": 2019,
        "month": 10,
        "day": 14
      },
      "time": {
        "hour": 11,
        "minute": 18,
        "second": 27,
        "nano": 0
      }
    },
    "citySender": "Кривий Ріг",
    "cityRecipient": "Київ"
  },
  {
    "number": 59000454774731,
    "dateTime": {
      "date": {
        "year": 2019,
        "month": 10,
        "day": 14
      },
      "time": {
        "hour": 11,
        "minute": 19,
        "second": 51,
        "nano": 0
      }
    },
    "citySender": "Одеса",
    "cityRecipient": "Тростянець (Сумська обл.)"
  },
  {
    "number": 59000454774732,
    "dateTime": {
      "date": {
        "year": 2019,
        "month": 10,
        "day": 14
      },
      "time": {
        "hour": 11,
        "minute": 20,
        "second": 28,
        "nano": 0
      }
    },
    "citySender": "Вінниця",
    "cityRecipient": "Вінниця"
  },
  {
    "number": 59000454774733,
    "dateTime": {
      "date": {
        "year": 2019,
        "month": 10,
        "day": 14
      },
      "time": {
        "hour": 11,
        "minute": 20,
        "second": 21,
        "nano": 0
      }
    },
    "citySender": "Київ",
    "cityRecipient": "Вишневе"
  },
  {
    "number": 59000454774734,
    "dateTime": {
      "date": {
        "year": 2019,
        "month": 10,
        "day": 14
      },
      "time": {
        "hour": 11,
        "minute": 20,
        "second": 8,
        "nano": 0
      }
    },
    "citySender": "Вінниця",
    "cityRecipient": "Ладижин"
  },
  {
    "number": 59000454774735,
    "dateTime": {
      "date": {
        "year": 2019,
        "month": 10,
        "day": 14
      },
      "time": {
        "hour": 11,
        "minute": 20,
        "second": 28,
        "nano": 0
      }
    },
    "citySender": "Тернопіль",
    "cityRecipient": "Тернопіль"
  },
  {
    "number": 59000454774736,
    "dateTime": {
      "date": {
        "year": 2019,
        "month": 10,
        "day": 14
      },
      "time": {
        "hour": 11,
        "minute": 20,
        "second": 28,
        "nano": 0
      }
    },
    "citySender": "Усатове",
    "cityRecipient": "Одеса"
  },
  {
    "number": 59000454774738,
    "dateTime": {
      "date": {
        "year": 2019,
        "month": 10,
        "day": 14
      },
      "time": {
        "hour": 11,
        "minute": 20,
        "second": 23,
        "nano": 0
      }
    },
    "citySender": "Чернівці",
    "cityRecipient": "Бровари"
  },
  {
    "number": 59000454774739,
    "dateTime": {
      "date": {
        "year": 2019,
        "month": 10,
        "day": 14
      },
      "time": {
        "hour": 11,
        "minute": 20,
        "second": 7,
        "nano": 0
      }
    },
    "citySender": "Львів",
    "cityRecipient": "Київ"
  },
  {
    "number": 59000454774740,
    "dateTime": {
      "date": {
        "year": 2019,
        "month": 10,
        "day": 14
      },
      "time": {
        "hour": 11,
        "minute": 20,
        "second": 28,
        "nano": 0
      }
    },
    "citySender": "Коростень",
    "cityRecipient": "Київ"
  },
  {
    "number": 59000454774741,
    "dateTime": {
      "date": {
        "year": 2019,
        "month": 10,
        "day": 14
      },
      "time": {
        "hour": 11,
        "minute": 20,
        "second": 6,
        "nano": 0
      }
    },
    "citySender": "Старобільськ",
    "cityRecipient": "Пісківка"
  },
  {
    "number": 59000454774742,
    "dateTime": {
      "date": {
        "year": 2019,
        "month": 10,
        "day": 14
      },
      "time": {
        "hour": 11,
        "minute": 20,
        "second": 10,
        "nano": 0
      }
    },
    "citySender": "Кременчук",
    "cityRecipient": "Київ"
  },
  {
    "number": 59000454774744,
    "dateTime": {
      "date": {
        "year": 2019,
        "month": 10,
        "day": 14
      },
      "time": {
        "hour": 11,
        "minute": 20,
        "second": 29,
        "nano": 0
      }
    },
    "citySender": "Липовець",
    "cityRecipient": "Вінниця"
  },
  {
    "number": 59000454774745,
    "dateTime": {
      "date": {
        "year": 2019,
        "month": 10,
        "day": 14
      },
      "time": {
        "hour": 11,
        "minute": 20,
        "second": 29,
        "nano": 0
      }
    },
    "citySender": "Геронимівка",
    "cityRecipient": "Черкаси"
  },
  {
    "number": 59000454774746,
    "dateTime": {
      "date": {
        "year": 2019,
        "month": 10,
        "day": 14
      },
      "time": {
        "hour": 11,
        "minute": 20,
        "second": 19,
        "nano": 0
      }
    },
    "citySender": "Дрогобич",
    "cityRecipient": "Одеса"
  },
  {
    "number": 59000454774747,
    "dateTime": {
      "date": {
        "year": 2019,
        "month": 10,
        "day": 14
      },
      "time": {
        "hour": 11,
        "minute": 19,
        "second": 48,
        "nano": 0
      }
    },
    "citySender": "Полтава",
    "cityRecipient": "Одеса"
  },
  {
    "number": 59000454774748,
    "dateTime": {
      "date": {
        "year": 2019,
        "month": 10,
        "day": 14
      },
      "time": {
        "hour": 11,
        "minute": 20,
        "second": 30,
        "nano": 0
      }
    },
    "citySender": "Київ",
    "cityRecipient": "Київ"
  },
  {
    "number": 59000454774749,
    "dateTime": {
      "date": {
        "year": 2019,
        "month": 10,
        "day": 14
      },
      "time": {
        "hour": 11,
        "minute": 18,
        "second": 40,
        "nano": 0
      }
    },
    "citySender": "Узин",
    "cityRecipient": "Київ"
  },
  {
    "number": 59000454774750,
    "dateTime": {
      "date": {
        "year": 2019,
        "month": 10,
        "day": 14
      },
      "time": {
        "hour": 11,
        "minute": 20,
        "second": 12,
        "nano": 0
      }
    },
    "citySender": "Полтава",
    "cityRecipient": "Київ"
  },
  {
    "number": 59000454774751,
    "dateTime": {
      "date": {
        "year": 2019,
        "month": 10,
        "day": 14
      },
      "time": {
        "hour": 11,
        "minute": 19,
        "second": 50,
        "nano": 0
      }
    },
    "citySender": "Кіцмань",
    "cityRecipient": "Харків"
  },
  {
    "number": 59000454774752,
    "dateTime": {
      "date": {
        "year": 2019,
        "month": 10,
        "day": 14
      },
      "time": {
        "hour": 11,
        "minute": 20,
        "second": 20,
        "nano": 0
      }
    },
    "citySender": "Хотянівка",
    "cityRecipient": "Вінниця"
  },
  {
    "number": 59000454774753,
    "dateTime": {
      "date": {
        "year": 2019,
        "month": 10,
        "day": 14
      },
      "time": {
        "hour": 11,
        "minute": 20,
        "second": 20,
        "nano": 0
      }
    },
    "citySender": "Львів",
    "cityRecipient": "Рудки"
  },
  {
    "number": 59000454774754,
    "dateTime": {
      "date": {
        "year": 2019,
        "month": 10,
        "day": 14
      },
      "time": {
        "hour": 11,
        "minute": 20,
        "second": 32,
        "nano": 0
      }
    },
    "citySender": "Київ",
    "cityRecipient": "Київ"
  },
  {
    "number": 59000454774755,
    "dateTime": {
      "date": {
        "year": 2019,
        "month": 10,
        "day": 14
      },
      "time": {
        "hour": 11,
        "minute": 20,
        "second": 13,
        "nano": 0
      }
    },
    "citySender": "Київ",
    "cityRecipient": "Вінниця"
  },
  {
    "number": 59000454774756,
    "dateTime": {
      "date": {
        "year": 2019,
        "month": 10,
        "day": 14
      },
      "time": {
        "hour": 11,
        "minute": 20,
        "second": 32,
        "nano": 0
      }
    },
    "citySender": "Київ",
    "cityRecipient": "Київ"
  },
  {
    "number": 59000454774757,
    "dateTime": {
      "date": {
        "year": 2019,
        "month": 10,
        "day": 14
      },
      "time": {
        "hour": 11,
        "minute": 20,
        "second": 3,
        "nano": 0
      }
    },
    "citySender": "Київ",
    "cityRecipient": "Хмельницький"
  },
  {
    "number": 59000454774758,
    "dateTime": {
      "date": {
        "year": 2019,
        "month": 10,
        "day": 14
      },
      "time": {
        "hour": 11,
        "minute": 20,
        "second": 18,
        "nano": 0
      }
    },
    "citySender": "Київ",
    "cityRecipient": "Київ"
  },
  {
    "number": 59000454774759,
    "dateTime": {
      "date": {
        "year": 2019,
        "month": 10,
        "day": 14
      },
      "time": {
        "hour": 11,
        "minute": 20,
        "second": 32,
        "nano": 0
      }
    },
    "citySender": "Молодіжне",
    "cityRecipient": "Одеса"
  },
  {
    "number": 59000454774760,
    "dateTime": {
      "date": {
        "year": 2019,
        "month": 10,
        "day": 14
      },
      "time": {
        "hour": 11,
        "minute": 20,
        "second": 33,
        "nano": 0
      }
    },
    "citySender": "Київ",
    "cityRecipient": "Київ"
  },
  {
    "number": 59000454774761,
    "dateTime": {
      "date": {
        "year": 2019,
        "month": 10,
        "day": 14
      },
      "time": {
        "hour": 11,
        "minute": 20,
        "second": 23,
        "nano": 0
      }
    },
    "citySender": "Сєвєродонецьк",
    "cityRecipient": "Дружківка"
  },
  {
    "number": 59000454774762,
    "dateTime": {
      "date": {
        "year": 2019,
        "month": 10,
        "day": 14
      },
      "time": {
        "hour": 11,
        "minute": 20,
        "second": 33,
        "nano": 0
      }
    },
    "citySender": "Генічеськ",
    "cityRecipient": "Київ"
  },
  {
    "number": 59000454774763,
    "dateTime": {
      "date": {
        "year": 2019,
        "month": 10,
        "day": 14
      },
      "time": {
        "hour": 11,
        "minute": 20,
        "second": 28,
        "nano": 0
      }
    },
    "citySender": "Суми",
    "cityRecipient": "Харків"
  },
  {
    "number": 59000454774764,
    "dateTime": {
      "date": {
        "year": 2019,
        "month": 10,
        "day": 14
      },
      "time": {
        "hour": 11,
        "minute": 20,
        "second": 33,
        "nano": 0
      }
    },
    "citySender": "Запоріжжя",
    "cityRecipient": "Запоріжжя"
  },
  {
    "number": 59000454774765,
    "dateTime": {
      "date": {
        "year": 2019,
        "month": 10,
        "day": 14
      },
      "time": {
        "hour": 11,
        "minute": 20,
        "second": 33,
        "nano": 0
      }
    },
    "citySender": "Тлумач",
    "cityRecipient": "Івано-Франківськ"
  },
  {
    "number": 59000454774766,
    "dateTime": {
      "date": {
        "year": 2019,
        "month": 10,
        "day": 14
      },
      "time": {
        "hour": 11,
        "minute": 20,
        "second": 30,
        "nano": 0
      }
    },
    "citySender": "Львів",
    "cityRecipient": "Вища Дубечня"
  },
  {
    "number": 59000454774767,
    "dateTime": {
      "date": {
        "year": 2019,
        "month": 10,
        "day": 14
      },
      "time": {
        "hour": 11,
        "minute": 20,
        "second": 34,
        "nano": 0
      }
    },
    "citySender": "Володимир-Волинський",
    "cityRecipient": "Луцьк"
  },
  {
    "number": 59000454774768,
    "dateTime": {
      "date": {
        "year": 2019,
        "month": 10,
        "day": 14
      },
      "time": {
        "hour": 11,
        "minute": 20,
        "second": 35,
        "nano": 0
      }
    },
    "citySender": "Луцьк",
    "cityRecipient": "Луцьк"
  },
  {
    "number": 59000454774769,
    "dateTime": {
      "date": {
        "year": 2019,
        "month": 10,
        "day": 14
      },
      "time": {
        "hour": 11,
        "minute": 19,
        "second": 52,
        "nano": 0
      }
    },
    "citySender": "Дубно",
    "cityRecipient": "Диканька"
  },
  {
    "number": 59000454774770,
    "dateTime": {
      "date": {
        "year": 2019,
        "month": 10,
        "day": 14
      },
      "time": {
        "hour": 11,
        "minute": 20,
        "second": 17,
        "nano": 0
      }
    },
    "citySender": "Київ",
    "cityRecipient": "Київ"
  },
  {
    "number": 59000454774771,
    "dateTime": {
      "date": {
        "year": 2019,
        "month": 10,
        "day": 14
      },
      "time": {
        "hour": 11,
        "minute": 20,
        "second": 33,
        "nano": 0
      }
    },
    "citySender": "Кобеляки",
    "cityRecipient": "Божедарівка(Криничанський р-н)"
  },
  {
    "number": 59000454774772,
    "dateTime": {
      "date": {
        "year": 2019,
        "month": 10,
        "day": 14
      },
      "time": {
        "hour": 11,
        "minute": 19,
        "second": 47,
        "nano": 0
      }
    },
    "citySender": "Полтава",
    "cityRecipient": "Київ"
  },
  {
    "number": 59000454774773,
    "dateTime": {
      "date": {
        "year": 2019,
        "month": 10,
        "day": 14
      },
      "time": {
        "hour": 11,
        "minute": 20,
        "second": 36,
        "nano": 0
      }
    },
    "citySender": "Вінниця",
    "cityRecipient": "Вінниця"
  },
  {
    "number": 59000454774774,
    "dateTime": {
      "date": {
        "year": 2019,
        "month": 10,
        "day": 14
      },
      "time": {
        "hour": 11,
        "minute": 20,
        "second": 5,
        "nano": 0
      }
    },
    "citySender": "Кропивницький",
    "cityRecipient": "Дворічна"
  },
  {
    "number": 59000454774775,
    "dateTime": {
      "date": {
        "year": 2019,
        "month": 10,
        "day": 14
      },
      "time": {
        "hour": 11,
        "minute": 20,
        "second": 13,
        "nano": 0
      }
    },
    "citySender": "Дружківка",
    "cityRecipient": "Ірпінь"
  },
  {
    "number": 59000454774776,
    "dateTime": {
      "date": {
        "year": 2019,
        "month": 10,
        "day": 14
      },
      "time": {
        "hour": 11,
        "minute": 19,
        "second": 53,
        "nano": 0
      }
    },
    "citySender": "Київ",
    "cityRecipient": "Хмільник (Вінницька обл.)"
  },
  {
    "number": 59000454774777,
    "dateTime": {
      "date": {
        "year": 2019,
        "month": 10,
        "day": 14
      },
      "time": {
        "hour": 11,
        "minute": 20,
        "second": 11,
        "nano": 0
      }
    },
    "citySender": "Хмельницький",
    "cityRecipient": "Віньківці"
  },
  {
    "number": 59000454774778,
    "dateTime": {
      "date": {
        "year": 2019,
        "month": 10,
        "day": 14
      },
      "time": {
        "hour": 11,
        "minute": 20,
        "second": 7,
        "nano": 0
      }
    },
    "citySender": "Київ",
    "cityRecipient": "Харків"
  },
  {
    "number": 59000454774779,
    "dateTime": {
      "date": {
        "year": 2019,
        "month": 10,
        "day": 14
      },
      "time": {
        "hour": 11,
        "minute": 19,
        "second": 56,
        "nano": 0
      }
    },
    "citySender": "Харків",
    "cityRecipient": "Волноваха"
  },
  {
    "number": 59000454774780,
    "dateTime": {
      "date": {
        "year": 2019,
        "month": 10,
        "day": 14
      },
      "time": {
        "hour": 11,
        "minute": 20,
        "second": 19,
        "nano": 0
      }
    },
    "citySender": "Київ",
    "cityRecipient": "Ямпіль (Сумська обл.)"
  },
  {
    "number": 59000454774781,
    "dateTime": {
      "date": {
        "year": 2019,
        "month": 10,
        "day": 14
      },
      "time": {
        "hour": 11,
        "minute": 20,
        "second": 5,
        "nano": 0
      }
    },
    "citySender": "Заводське(Лохвицький р-н,Полтав. обл)",
    "cityRecipient": "Рівне"
  },
  {
    "number": 59000454774782,
    "dateTime": {
      "date": {
        "year": 2019,
        "month": 10,
        "day": 14
      },
      "time": {
        "hour": 11,
        "minute": 20,
        "second": 37,
        "nano": 0
      }
    },
    "citySender": "Харків",
    "cityRecipient": "Суми"
  },
  {
    "number": 59000454774783,
    "dateTime": {
      "date": {
        "year": 2019,
        "month": 10,
        "day": 14
      },
      "time": {
        "hour": 11,
        "minute": 20,
        "second": 38,
        "nano": 0
      }
    },
    "citySender": "Єрки",
    "cityRecipient": "Черкаси"
  },
  {
    "number": 59000454774784,
    "dateTime": {
      "date": {
        "year": 2019,
        "month": 10,
        "day": 14
      },
      "time": {
        "hour": 11,
        "minute": 20,
        "second": 20,
        "nano": 0
      }
    },
    "citySender": "Запоріжжя",
    "cityRecipient": "Черкаси"
  },
  {
    "number": 59000454774785,
    "dateTime": {
      "date": {
        "year": 2019,
        "month": 10,
        "day": 14
      },
      "time": {
        "hour": 11,
        "minute": 20,
        "second": 39,
        "nano": 0
      }
    },
    "citySender": "Кропивницький",
    "cityRecipient": "Кропивницький"
  },
  {
    "number": 59000454774786,
    "dateTime": {
      "date": {
        "year": 2019,
        "month": 10,
        "day": 14
      },
      "time": {
        "hour": 11,
        "minute": 20,
        "second": 30,
        "nano": 0
      }
    },
    "citySender": "Одеса",
    "cityRecipient": "Львів"
  },
  {
    "number": 59000454774787,
    "dateTime": {
      "date": {
        "year": 2019,
        "month": 10,
        "day": 14
      },
      "time": {
        "hour": 11,
        "minute": 20,
        "second": 39,
        "nano": 0
      }
    },
    "citySender": "Голоби",
    "cityRecipient": "Луцьк"
  },
  {
    "number": 59000454774788,
    "dateTime": {
      "date": {
        "year": 2019,
        "month": 10,
        "day": 14
      },
      "time": {
        "hour": 11,
        "minute": 20,
        "second": 37,
        "nano": 0
      }
    },
    "citySender": "Авангард",
    "cityRecipient": "Одеса"
  },
  {
    "number": 59000454774790,
    "dateTime": {
      "date": {
        "year": 2019,
        "month": 10,
        "day": 14
      },
      "time": {
        "hour": 11,
        "minute": 20,
        "second": 6,
        "nano": 0
      }
    },
    "citySender": "Руська Лозова",
    "cityRecipient": "Київ"
  },
  {
    "number": 59000454774791,
    "dateTime": {
      "date": {
        "year": 2019,
        "month": 10,
        "day": 14
      },
      "time": {
        "hour": 11,
        "minute": 20,
        "second": 29,
        "nano": 0
      }
    },
    "citySender": "Кривий Ріг",
    "cityRecipient": "Рясне-Руське"
  }
]