[
  {
    "number": 59000454745816,
    "dateTime": {
      "date": {
        "year": 2019,
        "month": 10,
        "day": 14
      },
      "time": {
        "hour": 9,
        "minute": 14,
        "second": 8,
        "nano": 0
      }
    },
    "citySender": "Збараж",
    "cityRecipient": "Кривий Ріг"
  },
  {
    "number": 59000454745817,
    "dateTime": {
      "date": {
        "year": 2019,
        "month": 10,
        "day": 14
      },
      "time": {
        "hour": 9,
        "minute": 14,
        "second": 9,
        "nano": 0
      }
    },
    "citySender": "Лисичанськ",
    "cityRecipient": "Сєвєродонецьк"
  },
  {
    "number": 59000454745818,
    "dateTime": {
      "date": {
        "year": 2019,
        "month": 10,
        "day": 14
      },
      "time": {
        "hour": 9,
        "minute": 11,
        "second": 28,
        "nano": 0
      }
    },
    "citySender": "Олександрія (м.Кіровогр.обл.райц)",
    "cityRecipient": "Одеса"
  },
  {
    "number": 59000454745819,
    "dateTime": {
      "date": {
        "year": 2019,
        "month": 10,
        "day": 14
      },
      "time": {
        "hour": 9,
        "minute": 13,
        "second": 38,
        "nano": 0
      }
    },
    "citySender": "Кременчук",
    "cityRecipient": "Запоріжжя"
  },
  {
    "number": 59000454745820,
    "dateTime": {
      "date": {
        "year": 2019,
        "month": 10,
        "day": 14
      },
      "time": {
        "hour": 9,
        "minute": 14,
        "second": 9,
        "nano": 0
      }
    },
    "citySender": "Хоростків",
    "cityRecipient": "Тернопіль"
  },
  {
    "number": 59000454745821,
    "dateTime": {
      "date": {
        "year": 2019,
        "month": 10,
        "day": 14
      },
      "time": {
        "hour": 9,
        "minute": 13,
        "second": 59,
        "nano": 0
      }
    },
    "citySender": "Запоріжжя",
    "cityRecipient": "Львів"
  },
  {
    "number": 59000454745822,
    "dateTime": {
      "date": {
        "year": 2019,
        "month": 10,
        "day": 14
      },
      "time": {
        "hour": 9,
        "minute": 14,
        "second": 10,
        "nano": 0
      }
    },
    "citySender": "Золочів(Харківська обл.)",
    "cityRecipient": "Харків"
  },
  {
    "number": 59000454745823,
    "dateTime": {
      "date": {
        "year": 2019,
        "month": 10,
        "day": 14
      },
      "time": {
        "hour": 9,
        "minute": 14,
        "second": 10,
        "nano": 0
      }
    },
    "citySender": "Одеса",
    "cityRecipient": "Одеса"
  },
  {
    "number": 59000454745825,
    "dateTime": {
      "date": {
        "year": 2019,
        "month": 10,
        "day": 14
      },
      "time": {
        "hour": 9,
        "minute": 14,
        "second": 11,
        "nano": 0
      }
    },
    "citySender": "Черкаси",
    "cityRecipient": "Черкаси"
  },
  {
    "number": 59000454745826,
    "dateTime": {
      "date": {
        "year": 2019,
        "month": 10,
        "day": 14
      },
      "time": {
        "hour": 9,
        "minute": 14,
        "second": 11,
        "nano": 0
      }
    },
    "citySender": "Харків",
    "cityRecipient": "Одеса"
  },
  {
    "number": 59000454745828,
    "dateTime": {
      "date": {
        "year": 2019,
        "month": 10,
        "day": 14
      },
      "time": {
        "hour": 9,
        "minute": 14,
        "second": 12,
        "nano": 0
      }
    },
    "citySender": "Стрий",
    "cityRecipient": "Львів"
  },
  {
    "number": 59000454745829,
    "dateTime": {
      "date": {
        "year": 2019,
        "month": 10,
        "day": 14
      },
      "time": {
        "hour": 9,
        "minute": 13,
        "second": 55,
        "nano": 0
      }
    },
    "citySender": "Київ",
    "cityRecipient": "Світловодськ"
  },
  {
    "number": 59000454745830,
    "dateTime": {
      "date": {
        "year": 2019,
        "month": 10,
        "day": 14
      },
      "time": {
        "hour": 9,
        "minute": 14,
        "second": 12,
        "nano": 0
      }
    },
    "citySender": "Київ",
    "cityRecipient": "Київ"
  },
  {
    "number": 59000454745831,
    "dateTime": {
      "date": {
        "year": 2019,
        "month": 10,
        "day": 14
      },
      "time": {
        "hour": 9,
        "minute": 13,
        "second": 39,
        "nano": 0
      }
    },
    "citySender": "Хмельницький",
    "cityRecipient": "Вінниця"
  },
  {
    "number": 59000454745832,
    "dateTime": {
      "date": {
        "year": 2019,
        "month": 10,
        "day": 14
      },
      "time": {
        "hour": 9,
        "minute": 10,
        "second": 41,
        "nano": 0
      }
    },
    "citySender": "Київ",
    "cityRecipient": "Ланівці"
  },
  {
    "number": 59000454745833,
    "dateTime": {
      "date": {
        "year": 2019,
        "month": 10,
        "day": 14
      },
      "time": {
        "hour": 9,
        "minute": 13,
        "second": 58,
        "nano": 0
      }
    },
    "citySender": "Одеса",
    "cityRecipient": "Одеса"
  },
  {
    "number": 59000454745834,
    "dateTime": {
      "date": {
        "year": 2019,
        "month": 10,
        "day": 14
      },
      "time": {
        "hour": 9,
        "minute": 14,
        "second": 4,
        "nano": 0
      }
    },
    "citySender": "Одеса",
    "cityRecipient": "Суми"
  },
  {
    "number": 59000454745835,
    "dateTime": {
      "date": {
        "year": 2019,
        "month": 10,
        "day": 14
      },
      "time": {
        "hour": 9,
        "minute": 13,
        "second": 30,
        "nano": 0
      }
    },
    "citySender": "Щасливе",
    "cityRecipient": "Куп\u0027янськ-Вузловий"
  },
  {
    "number": 59000454745836,
    "dateTime": {
      "date": {
        "year": 2019,
        "month": 10,
        "day": 14
      },
      "time": {
        "hour": 9,
        "minute": 14,
        "second": 14,
        "nano": 0
      }
    },
    "citySender": "Велика Димерка",
    "cityRecipient": "Київ"
  },
  {
    "number": 59000454745837,
    "dateTime": {
      "date": {
        "year": 2019,
        "month": 10,
        "day": 14
      },
      "time": {
        "hour": 9,
        "minute": 13,
        "second": 50,
        "nano": 0
      }
    },
    "citySender": "Криве Озеро",
    "cityRecipient": "Одеса"
  },
  {
    "number": 59000454745838,
    "dateTime": {
      "date": {
        "year": 2019,
        "month": 10,
        "day": 14
      },
      "time": {
        "hour": 9,
        "minute": 14,
        "second": 12,
        "nano": 0
      }
    },
    "citySender": "Херсон",
    "cityRecipient": "Київ"
  },
  {
    "number": 59000454745839,
    "dateTime": {
      "date": {
        "year": 2019,
        "month": 10,
        "day": 14
      },
      "time": {
        "hour": 9,
        "minute": 13,
        "second": 57,
        "nano": 0
      }
    },
    "citySender": "Свалява",
    "cityRecipient": "Драгово"
  },
  {
    "number": 59000454745840,
    "dateTime": {
      "date": {
        "year": 2019,
        "month": 10,
        "day": 14
      },
      "time": {
        "hour": 9,
        "minute": 14,
        "second": 16,
        "nano": 0
      }
    },
    "citySender": "Великі Копані",
    "cityRecipient": "Херсон"
  },
  {
    "number": 59000454745841,
    "dateTime": {
      "date": {
        "year": 2019,
        "month": 10,
        "day": 14
      },
      "time": {
        "hour": 9,
        "minute": 14,
        "second": 11,
        "nano": 0
      }
    },
    "citySender": "Чернівці",
    "cityRecipient": "Чернівці"
  },
  {
    "number": 59000454745842,
    "dateTime": {
      "date": {
        "year": 2019,
        "month": 10,
        "day": 14
      },
      "time": {
        "hour": 9,
        "minute": 14,
        "second": 16,
        "nano": 0
      }
    },
    "citySender": "Харків",
    "cityRecipient": "Київ"
  },
  {
    "number": 59000454745843,
    "dateTime": {
      "date": {
        "year": 2019,
        "month": 10,
        "day": 14
      },
      "time": {
        "hour": 9,
        "minute": 13,
        "second": 50,
        "nano": 0
      }
    },
    "citySender": "Дніпро",
    "cityRecipient": "Київ"
  },
  {
    "number": 59000454745844,
    "dateTime": {
      "date": {
        "year": 2019,
        "month": 10,
        "day": 14
      },
      "time": {
        "hour": 9,
        "minute": 14,
        "second": 17,
        "nano": 0
      }
    },
    "citySender": "Стрий",
    "cityRecipient": "Львів"
  },
  {
    "number": 59000454745845,
    "dateTime": {
      "date": {
        "year": 2019,
        "month": 10,
        "day": 14
      },
      "time": {
        "hour": 9,
        "minute": 14,
        "second": 17,
        "nano": 0
      }
    },
    "citySender": "Черкаси",
    "cityRecipient": "Черкаси"
  },
  {
    "number": 59000454745846,
    "dateTime": {
      "date": {
        "year": 2019,
        "month": 10,
        "day": 14
      },
      "time": {
        "hour": 9,
        "minute": 14,
        "second": 9,
        "nano": 0
      }
    },
    "citySender": "Станиця Луганська",
    "cityRecipient": "Крюківщина"
  },
  {
    "number": 59000454745847,
    "dateTime": {
      "date": {
        "year": 2019,
        "month": 10,
        "day": 14
      },
      "time": {
        "hour": 9,
        "minute": 14,
        "second": 17,
        "nano": 0
      }
    },
    "citySender": "Житомир",
    "cityRecipient": "Житомир"
  },
  {
    "number": 59000454745848,
    "dateTime": {
      "date": {
        "year": 2019,
        "month": 10,
        "day": 14
      },
      "time": {
        "hour": 9,
        "minute": 13,
        "second": 27,
        "nano": 0
      }
    },
    "citySender": "Сартана (Донецька обл.)",
    "cityRecipient": "Київ"
  },
  {
    "number": 59000454745849,
    "dateTime": {
      "date": {
        "year": 2019,
        "month": 10,
        "day": 14
      },
      "time": {
        "hour": 9,
        "minute": 13,
        "second": 56,
        "nano": 0
      }
    },
    "citySender": "Новгородське (Донецька обл.)",
    "cityRecipient": "Харків"
  },
  {
    "number": 59000454745851,
    "dateTime": {
      "date": {
        "year": 2019,
        "month": 10,
        "day": 14
      },
      "time": {
        "hour": 9,
        "minute": 14,
        "second": 19,
        "nano": 0
      }
    },
    "citySender": "Муровані Курилівці",
    "cityRecipient": "Вінниця"
  },
  {
    "number": 59000454745852,
    "dateTime": {
      "date": {
        "year": 2019,
        "month": 10,
        "day": 14
      },
      "time": {
        "hour": 9,
        "minute": 13,
        "second": 20,
        "nano": 0
      }
    },
    "citySender": "Краснопілля (Сумська обл.)",
    "cityRecipient": "Суми"
  },
  {
    "number": 59000454745853,
    "dateTime": {
      "date": {
        "year": 2019,
        "month": 10,
        "day": 14
      },
      "time": {
        "hour": 9,
        "minute": 13,
        "second": 49,
        "nano": 0
      }
    },
    "citySender": "Дунаївці",
    "cityRecipient": "Дніпро"
  },
  {
    "number": 59000454745854,
    "dateTime": {
      "date": {
        "year": 2019,
        "month": 10,
        "day": 14
      },
      "time": {
        "hour": 9,
        "minute": 14,
        "second": 6,
        "nano": 0
      }
    },
    "citySender": "Стрий",
    "cityRecipient": "Одеса"
  },
  {
    "number": 59000454745855,
    "dateTime": {
      "date": {
        "year": 2019,
        "month": 10,
        "day": 14
      },
      "time": {
        "hour": 9,
        "minute": 14,
        "second": 22,
        "nano": 0
      }
    },
    "citySender": "Вендичани",
    "cityRecipient": "Вінниця"
  },
  {
    "number": 59000454745856,
    "dateTime": {
      "date": {
        "year": 2019,
        "month": 10,
        "day": 14
      },
      "time": {
        "hour": 9,
        "minute": 14,
        "second": 14,
        "nano": 0
      }
    },
    "citySender": "Ізюм",
    "cityRecipient": "Хотин"
  },
  {
    "number": 59000454745857,
    "dateTime": {
      "date": {
        "year": 2019,
        "month": 10,
        "day": 14
      },
      "time": {
        "hour": 9,
        "minute": 14,
        "second": 18,
        "nano": 0
      }
    },
    "citySender": "Радомишль",
    "cityRecipient": "Жидачів"
  },
  {
    "number": 59000454745858,
    "dateTime": {
      "date": {
        "year": 2019,
        "month": 10,
        "day": 14
      },
      "time": {
        "hour": 9,
        "minute": 14,
        "second": 19,
        "nano": 0
      }
    },
    "citySender": "Новоборисівка",
    "cityRecipient": "Київ"
  },
  {
    "number": 59000454745859,
    "dateTime": {
      "date": {
        "year": 2019,
        "month": 10,
        "day": 14
      },
      "time": {
        "hour": 9,
        "minute": 14,
        "second": 18,
        "nano": 0
      }
    },
    "citySender": "Полтава",
    "cityRecipient": "Миргород"
  },
  {
    "number": 59000454745860,
    "dateTime": {
      "date": {
        "year": 2019,
        "month": 10,
        "day": 14
      },
      "time": {
        "hour": 9,
        "minute": 14,
        "second": 22,
        "nano": 0
      }
    },
    "citySender": "Чонгар(Херсонська обл.)",
    "cityRecipient": "Київ"
  },
  {
    "number": 59000454745861,
    "dateTime": {
      "date": {
        "year": 2019,
        "month": 10,
        "day": 14
      },
      "time": {
        "hour": 9,
        "minute": 14,
        "second": 15,
        "nano": 0
      }
    },
    "citySender": "Подільськ",
    "cityRecipient": "Гайворон"
  },
  {
    "number": 59000454745862,
    "dateTime": {
      "date": {
        "year": 2019,
        "month": 10,
        "day": 14
      },
      "time": {
        "hour": 9,
        "minute": 14,
        "second": 6,
        "nano": 0
      }
    },
    "citySender": "Городенка",
    "cityRecipient": "Ладижин"
  },
  {
    "number": 59000454745863,
    "dateTime": {
      "date": {
        "year": 2019,
        "month": 10,
        "day": 14
      },
      "time": {
        "hour": 9,
        "minute": 14,
        "second": 24,
        "nano": 0
      }
    },
    "citySender": "Дніпро",
    "cityRecipient": "Харків"
  },
  {
    "number": 59000454745864,
    "dateTime": {
      "date": {
        "year": 2019,
        "month": 10,
        "day": 14
      },
      "time": {
        "hour": 9,
        "minute": 14,
        "second": 1,
        "nano": 0
      }
    },
    "citySender": "Ізюм",
    "cityRecipient": "Черкаси"
  },
  {
    "number": 59000454745865,
    "dateTime": {
      "date": {
        "year": 2019,
        "month": 10,
        "day": 14
      },
      "time": {
        "hour": 9,
        "minute": 13,
        "second": 57,
        "nano": 0
      }
    },
    "citySender": "Кегичівка",
    "cityRecipient": "Дніпро"
  },
  {
    "number": 59000454745866,
    "dateTime": {
      "date": {
        "year": 2019,
        "month": 10,
        "day": 14
      },
      "time": {
        "hour": 9,
        "minute": 14,
        "second": 18,
        "nano": 0
      }
    },
    "citySender": "Запоріжжя",
    "cityRecipient": "Київ"
  },
  {
    "number": 59000454745867,
    "dateTime": {
      "date": {
        "year": 2019,
        "month": 10,
        "day": 14
      },
      "time": {
        "hour": 9,
        "minute": 14,
        "second": 4,
        "nano": 0
      }
    },
    "citySender": "Кам\u0027янське(Дніпропетровська обл)",
    "cityRecipient": "Покров (Дніпропетровська обл.)"
  },
  {
    "number": 59000454745868,
    "dateTime": {
      "date": {
        "year": 2019,
        "month": 10,
        "day": 14
      },
      "time": {
        "hour": 9,
        "minute": 13,
        "second": 28,
        "nano": 0
      }
    },
    "citySender": "Суми",
    "cityRecipient": "Тернопіль"
  },
  {
    "number": 59000454745869,
    "dateTime": {
      "date": {
        "year": 2019,
        "month": 10,
        "day": 14
      },
      "time": {
        "hour": 9,
        "minute": 13,
        "second": 56,
        "nano": 0
      }
    },
    "citySender": "Луцьк",
    "cityRecipient": "Бершадь"
  },
  {
    "number": 59000454745871,
    "dateTime": {
      "date": {
        "year": 2019,
        "month": 10,
        "day": 14
      },
      "time": {
        "hour": 9,
        "minute": 14,
        "second": 28,
        "nano": 0
      }
    },
    "citySender": "Молодіжне",
    "cityRecipient": "Одеса"
  },
  {
    "number": 59000454745872,
    "dateTime": {
      "date": {
        "year": 2019,
        "month": 10,
        "day": 14
      },
      "time": {
        "hour": 9,
        "minute": 14,
        "second": 17,
        "nano": 0
      }
    },
    "citySender": "Велика Лепетиха",
    "cityRecipient": "Одеса"
  },
  {
    "number": 59000454745873,
    "dateTime": {
      "date": {
        "year": 2019,
        "month": 10,
        "day": 14
      },
      "time": {
        "hour": 9,
        "minute": 14,
        "second": 28,
        "nano": 0
      }
    },
    "citySender": "Ланівці",
    "cityRecipient": "Тернопіль"
  },
  {
    "number": 59000454745874,
    "dateTime": {
      "date": {
        "year": 2019,
        "month": 10,
        "day": 14
      },
      "time": {
        "hour": 9,
        "minute": 14,
        "second": 28,
        "nano": 0
      }
    },
    "citySender": "Київ",
    "cityRecipient": "Подільськ"
  },
  {
    "number": 59000454745875,
    "dateTime": {
      "date": {
        "year": 2019,
        "month": 10,
        "day": 14
      },
      "time": {
        "hour": 9,
        "minute": 14,
        "second": 29,
        "nano": 0
      }
    },
    "citySender": "Київ",
    "cityRecipient": "Київ"
  },
  {
    "number": 59000454745876,
    "dateTime": {
      "date": {
        "year": 2019,
        "month": 10,
        "day": 14
      },
      "time": {
        "hour": 9,
        "minute": 14,
        "second": 6,
        "nano": 0
      }
    },
    "citySender": "Запоріжжя",
    "cityRecipient": "Святопетрівське (Києво-Свят.р-н)"
  },
  {
    "number": 59000454745878,
    "dateTime": {
      "date": {
        "year": 2019,
        "month": 10,
        "day": 14
      },
      "time": {
        "hour": 9,
        "minute": 14,
        "second": 2,
        "nano": 0
      }
    },
    "citySender": "Новояворівськ",
    "cityRecipient": "Новогродівка"
  },
  {
    "number": 59000454745879,
    "dateTime": {
      "date": {
        "year": 2019,
        "month": 10,
        "day": 14
      },
      "time": {
        "hour": 9,
        "minute": 14,
        "second": 30,
        "nano": 0
      }
    },
    "citySender": "Червона Слобода (Черкаська обл.)",
    "cityRecipient": "Черкаси"
  },
  {
    "number": 59000454745880,
    "dateTime": {
      "date": {
        "year": 2019,
        "month": 10,
        "day": 14
      },
      "time": {
        "hour": 9,
        "minute": 14,
        "second": 30,
        "nano": 0
      }
    },
    "citySender": "Кам\u0027янське(Дніпропетровська обл)",
    "cityRecipient": "Дніпро"
  },
  {
    "number": 59000454745881,
    "dateTime": {
      "date": {
        "year": 2019,
        "month": 10,
        "day": 14
      },
      "time": {
        "hour": 9,
        "minute": 14,
        "second": 31,
        "nano": 0
      }
    },
    "citySender": "Київ",
    "cityRecipient": "Київ"
  },
  {
    "number": 59000454745882,
    "dateTime": {
      "date": {
        "year": 2019,
        "month": 10,
        "day": 14
      },
      "time": {
        "hour": 9,
        "minute": 14,
        "second": 5,
        "nano": 0
      }
    },
    "citySender": "Тернопіль",
    "cityRecipient": "Рівне"
  },
  {
    "number": 59000454745883,
    "dateTime": {
      "date": {
        "year": 2019,
        "month": 10,
        "day": 14
      },
      "time": {
        "hour": 9,
        "minute": 14,
        "second": 18,
        "nano": 0
      }
    },
    "citySender": "Буча",
    "cityRecipient": "Дніпро"
  },
  {
    "number": 59000454745885,
    "dateTime": {
      "date": {
        "year": 2019,
        "month": 10,
        "day": 14
      },
      "time": {
        "hour": 9,
        "minute": 14,
        "second": 32,
        "nano": 0
      }
    },
    "citySender": "Сміла",
    "cityRecipient": "Черкаси"
  },
  {
    "number": 59000454745886,
    "dateTime": {
      "date": {
        "year": 2019,
        "month": 10,
        "day": 14
      },
      "time": {
        "hour": 9,
        "minute": 14,
        "second": 32,
        "nano": 0
      }
    },
    "citySender": "Кролевець",
    "cityRecipient": "Київ"
  },
  {
    "number": 59000454745887,
    "dateTime": {
      "date": {
        "year": 2019,
        "month": 10,
        "day": 14
      },
      "time": {
        "hour": 9,
        "minute": 14,
        "second": 18,
        "nano": 0
      }
    },
    "citySender": "Краматорськ",
    "cityRecipient": "Болград (Одеська обл.)"
  },
  {
    "number": 59000454745889,
    "dateTime": {
      "date": {
        "year": 2019,
        "month": 10,
        "day": 14
      },
      "time": {
        "hour": 9,
        "minute": 14,
        "second": 32,
        "nano": 0
      }
    },
    "citySender": "Новомосковськ",
    "cityRecipient": "Підгірці (Київська обл.)"
  },
  {
    "number": 59000454745890,
    "dateTime": {
      "date": {
        "year": 2019,
        "month": 10,
        "day": 14
      },
      "time": {
        "hour": 9,
        "minute": 12,
        "second": 16,
        "nano": 0
      }
    },
    "citySender": "Бурштин",
    "cityRecipient": "Харків"
  },
  {
    "number": 59000454745891,
    "dateTime": {
      "date": {
        "year": 2019,
        "month": 10,
        "day": 14
      },
      "time": {
        "hour": 9,
        "minute": 14,
        "second": 33,
        "nano": 0
      }
    },
    "citySender": "Новоселиця",
    "cityRecipient": "Вінниця"
  },
  {
    "number": 59000454745892,
    "dateTime": {
      "date": {
        "year": 2019,
        "month": 10,
        "day": 14
      },
      "time": {
        "hour": 9,
        "minute": 14,
        "second": 23,
        "nano": 0
      }
    },
    "citySender": "Ходорів",
    "cityRecipient": "Харків"
  },
  {
    "number": 59000454745893,
    "dateTime": {
      "date": {
        "year": 2019,
        "month": 10,
        "day": 14
      },
      "time": {
        "hour": 9,
        "minute": 13,
        "second": 25,
        "nano": 0
      }
    },
    "citySender": "Харків",
    "cityRecipient": "Харків"
  },
  {
    "number": 59000454745894,
    "dateTime": {
      "date": {
        "year": 2019,
        "month": 10,
        "day": 14
      },
      "time": {
        "hour": 9,
        "minute": 14,
        "second": 26,
        "nano": 0
      }
    },
    "citySender": "Нове",
    "cityRecipient": "Нове Місто"
  },
  {
    "number": 59000454745895,
    "dateTime": {
      "date": {
        "year": 2019,
        "month": 10,
        "day": 14
      },
      "time": {
        "hour": 9,
        "minute": 14,
        "second": 22,
        "nano": 0
      }
    },
    "citySender": "Біла Церква",
    "cityRecipient": "Дніпро"
  },
  {
    "number": 59000454745896,
    "dateTime": {
      "date": {
        "year": 2019,
        "month": 10,
        "day": 14
      },
      "time": {
        "hour": 9,
        "minute": 14,
        "second": 15,
        "nano": 0
      }
    },
    "citySender": "Ніжин",
    "cityRecipient": "Львів"
  },
  {
    "number": 59000454745898,
    "dateTime": {
      "date": {
        "year": 2019,
        "month": 10,
        "day": 14
      },
      "time": {
        "hour": 9,
        "minute": 13,
        "second": 18,
        "nano": 0
      }
    },
    "citySender": "Біла",
    "cityRecipient": "Біла Церква"
  },
  {
    "number": 59000454745899,
    "dateTime": {
      "date": {
        "year": 2019,
        "month": 10,
        "day": 14
      },
      "time": {
        "hour": 9,
        "minute": 14,
        "second": 36,
        "nano": 0
      }
    },
    "citySender": "Краснопавлівка",
    "cityRecipient": "Запоріжжя"
  },
  {
    "number": 59000454745900,
    "dateTime": {
      "date": {
        "year": 2019,
        "month": 10,
        "day": 14
      },
      "time": {
        "hour": 9,
        "minute": 14,
        "second": 36,
        "nano": 0
      }
    },
    "citySender": "Роздільна (Одеська обл.)",
    "cityRecipient": "Одеса"
  },
  {
    "number": 59000454745901,
    "dateTime": {
      "date": {
        "year": 2019,
        "month": 10,
        "day": 14
      },
      "time": {
        "hour": 9,
        "minute": 12,
        "second": 19,
        "nano": 0
      }
    },
    "citySender": "Озерна",
    "cityRecipient": "Київ"
  },
  {
    "number": 59000454745902,
    "dateTime": {
      "date": {
        "year": 2019,
        "month": 10,
        "day": 14
      },
      "time": {
        "hour": 9,
        "minute": 14,
        "second": 36,
        "nano": 0
      }
    },
    "citySender": "Велика Димерка",
    "cityRecipient": "Київ"
  },
  {
    "number": 59000454745903,
    "dateTime": {
      "date": {
        "year": 2019,
        "month": 10,
        "day": 14
      },
      "time": {
        "hour": 9,
        "minute": 14,
        "second": 35,
        "nano": 0
      }
    },
    "citySender": "Новгород-Сіверський",
    "cityRecipient": "Бровари"
  },
  {
    "number": 59000454745904,
    "dateTime": {
      "date": {
        "year": 2019,
        "month": 10,
        "day": 14
      },
      "time": {
        "hour": 9,
        "minute": 13,
        "second": 28,
        "nano": 0
      }
    },
    "citySender": "Благовіщенське(Кіровоградська обл.)",
    "cityRecipient": "Одеса"
  },
  {
    "number": 59000454745905,
    "dateTime": {
      "date": {
        "year": 2019,
        "month": 10,
        "day": 14
      },
      "time": {
        "hour": 9,
        "minute": 14,
        "second": 25,
        "nano": 0
      }
    },
    "citySender": "Харків",
    "cityRecipient": "Київ"
  },
  {
    "number": 59000454745906,
    "dateTime": {
      "date": {
        "year": 2019,
        "month": 10,
        "day": 14
      },
      "time": {
        "hour": 9,
        "minute": 14,
        "second": 30,
        "nano": 0
      }
    },
    "citySender": "Великий Рожин",
    "cityRecipient": "Рожнів"
  },
  {
    "number": 59000454745907,
    "dateTime": {
      "date": {
        "year": 2019,
        "month": 10,
        "day": 14
      },
      "time": {
        "hour": 9,
        "minute": 14,
        "second": 38,
        "nano": 0
      }
    },
    "citySender": "Хмільник (Вінницька обл.)",
    "cityRecipient": "Вінниця"
  },
  {
    "number": 59000454745908,
    "dateTime": {
      "date": {
        "year": 2019,
        "month": 10,
        "day": 14
      },
      "time": {
        "hour": 9,
        "minute": 14,
        "second": 38,
        "nano": 0
      }
    },
    "citySender": "Дніпро",
    "cityRecipient": "Бердичів"
  },
  {
    "number": 59000454745909,
    "dateTime": {
      "date": {
        "year": 2019,
        "month": 10,
        "day": 14
      },
      "time": {
        "hour": 9,
        "minute": 14,
        "second": 35,
        "nano": 0
      }
    },
    "citySender": "Кам\u0027янка-Дніпровська (Запорізька обл.)",
    "cityRecipient": "Київ"
  },
  {
    "number": 59000454745910,
    "dateTime": {
      "date": {
        "year": 2019,
        "month": 10,
        "day": 14
      },
      "time": {
        "hour": 9,
        "minute": 14,
        "second": 39,
        "nano": 0
      }
    },
    "citySender": "Ямпіль (Сумська обл.)",
    "cityRecipient": "Київ"
  },
  {
    "number": 59000454745911,
    "dateTime": {
      "date": {
        "year": 2019,
        "month": 10,
        "day": 14
      },
      "time": {
        "hour": 9,
        "minute": 14,
        "second": 31,
        "nano": 0
      }
    },
    "citySender": "Скала-Подільська",
    "cityRecipient": "Херсон"
  },
  {
    "number": 59000454745912,
    "dateTime": {
      "date": {
        "year": 2019,
        "month": 10,
        "day": 14
      },
      "time": {
        "hour": 9,
        "minute": 14,
        "second": 40,
        "nano": 0
      }
    },
    "citySender": "Ілічанка",
    "cityRecipient": "Одеса"
  },
  {
    "number": 59000454745913,
    "dateTime": {
      "date": {
        "year": 2019,
        "month": 10,
        "day": 14
      },
      "time": {
        "hour": 9,
        "minute": 13,
        "second": 21,
        "nano": 0
      }
    },
    "citySender": "Тернопіль",
    "cityRecipient": "Черкаси"
  },
  {
    "number": 59000454745914,
    "dateTime": {
      "date": {
        "year": 2019,
        "month": 10,
        "day": 14
      },
      "time": {
        "hour": 9,
        "minute": 13,
        "second": 54,
        "nano": 0
      }
    },
    "citySender": "Харків",
    "cityRecipient": "Київ"
  },
  {
    "number": 59000454745915,
    "dateTime": {
      "date": {
        "year": 2019,
        "month": 10,
        "day": 14
      },
      "time": {
        "hour": 9,
        "minute": 14,
        "second": 4,
        "nano": 0
      }
    },
    "citySender": "Чорнобай",
    "cityRecipient": "Марганець"
  }
]