[
  {
    "number": 59000454763199,
    "dateTime": {
      "date": {
        "year": 2019,
        "month": 10,
        "day": 14
      },
      "time": {
        "hour": 10,
        "minute": 36,
        "second": 47,
        "nano": 0
      }
    },
    "citySender": "Ворзель",
    "cityRecipient": "Вишгород"
  },
  {
    "number": 59000454763200,
    "dateTime": {
      "date": {
        "year": 2019,
        "month": 10,
        "day": 14
      },
      "time": {
        "hour": 10,
        "minute": 36,
        "second": 28,
        "nano": 0
      }
    },
    "citySender": "Харків",
    "cityRecipient": "Бердянськ"
  },
  {
    "number": 59000454763201,
    "dateTime": {
      "date": {
        "year": 2019,
        "month": 10,
        "day": 14
      },
      "time": {
        "hour": 10,
        "minute": 36,
        "second": 23,
        "nano": 0
      }
    },
    "citySender": "Одеса",
    "cityRecipient": "Сокільники"
  },
  {
    "number": 59000454763202,
    "dateTime": {
      "date": {
        "year": 2019,
        "month": 10,
        "day": 14
      },
      "time": {
        "hour": 10,
        "minute": 37,
        "second": 0,
        "nano": 0
      }
    },
    "citySender": "Копайгород",
    "cityRecipient": "Вінниця"
  },
  {
    "number": 59000454763203,
    "dateTime": {
      "date": {
        "year": 2019,
        "month": 10,
        "day": 14
      },
      "time": {
        "hour": 10,
        "minute": 35,
        "second": 42,
        "nano": 0
      }
    },
    "citySender": "Бердянськ",
    "cityRecipient": "Бузьке"
  },
  {
    "number": 59000454763204,
    "dateTime": {
      "date": {
        "year": 2019,
        "month": 10,
        "day": 14
      },
      "time": {
        "hour": 10,
        "minute": 36,
        "second": 44,
        "nano": 0
      }
    },
    "citySender": "Харків",
    "cityRecipient": "Київ"
  },
  {
    "number": 59000454763205,
    "dateTime": {
      "date": {
        "year": 2019,
        "month": 10,
        "day": 14
      },
      "time": {
        "hour": 10,
        "minute": 36,
        "second": 27,
        "nano": 0
      }
    },
    "citySender": "Знам\u0027янка (Кіровоградська обл.)",
    "cityRecipient": "Київ"
  },
  {
    "number": 59000454763206,
    "dateTime": {
      "date": {
        "year": 2019,
        "month": 10,
        "day": 14
      },
      "time": {
        "hour": 10,
        "minute": 36,
        "second": 9,
        "nano": 0
      }
    },
    "citySender": "Лозова",
    "cityRecipient": "Одеса"
  },
  {
    "number": 59000454763207,
    "dateTime": {
      "date": {
        "year": 2019,
        "month": 10,
        "day": 14
      },
      "time": {
        "hour": 10,
        "minute": 37,
        "second": 0,
        "nano": 0
      }
    },
    "citySender": "Жмеринка",
    "cityRecipient": "Вінниця"
  },
  {
    "number": 59000454763208,
    "dateTime": {
      "date": {
        "year": 2019,
        "month": 10,
        "day": 14
      },
      "time": {
        "hour": 10,
        "minute": 36,
        "second": 37,
        "nano": 0
      }
    },
    "citySender": "Київ",
    "cityRecipient": "Київ"
  },
  {
    "number": 59000454763209,
    "dateTime": {
      "date": {
        "year": 2019,
        "month": 10,
        "day": 14
      },
      "time": {
        "hour": 10,
        "minute": 36,
        "second": 54,
        "nano": 0
      }
    },
    "citySender": "Івано-Франківськ",
    "cityRecipient": "Кривий Ріг"
  },
  {
    "number": 59000454763210,
    "dateTime": {
      "date": {
        "year": 2019,
        "month": 10,
        "day": 14
      },
      "time": {
        "hour": 10,
        "minute": 37,
        "second": 1,
        "nano": 0
      }
    },
    "citySender": "Довбиш",
    "cityRecipient": "Доброслав"
  },
  {
    "number": 59000454763211,
    "dateTime": {
      "date": {
        "year": 2019,
        "month": 10,
        "day": 14
      },
      "time": {
        "hour": 10,
        "minute": 36,
        "second": 27,
        "nano": 0
      }
    },
    "citySender": "Тульчин",
    "cityRecipient": "Київ"
  },
  {
    "number": 59000454763212,
    "dateTime": {
      "date": {
        "year": 2019,
        "month": 10,
        "day": 14
      },
      "time": {
        "hour": 10,
        "minute": 36,
        "second": 52,
        "nano": 0
      }
    },
    "citySender": "Тячів",
    "cityRecipient": "Заворичі"
  },
  {
    "number": 59000454763213,
    "dateTime": {
      "date": {
        "year": 2019,
        "month": 10,
        "day": 14
      },
      "time": {
        "hour": 10,
        "minute": 37,
        "second": 2,
        "nano": 0
      }
    },
    "citySender": "Новояворівськ",
    "cityRecipient": "Львів"
  },
  {
    "number": 59000454763214,
    "dateTime": {
      "date": {
        "year": 2019,
        "month": 10,
        "day": 14
      },
      "time": {
        "hour": 10,
        "minute": 37,
        "second": 3,
        "nano": 0
      }
    },
    "citySender": "Таїрове",
    "cityRecipient": "Одеса"
  },
  {
    "number": 59000454763215,
    "dateTime": {
      "date": {
        "year": 2019,
        "month": 10,
        "day": 14
      },
      "time": {
        "hour": 10,
        "minute": 36,
        "second": 59,
        "nano": 0
      }
    },
    "citySender": "Дрогобич",
    "cityRecipient": "Чернігів"
  },
  {
    "number": 59000454763216,
    "dateTime": {
      "date": {
        "year": 2019,
        "month": 10,
        "day": 14
      },
      "time": {
        "hour": 10,
        "minute": 37,
        "second": 4,
        "nano": 0
      }
    },
    "citySender": "Одеса",
    "cityRecipient": "Косів"
  },
  {
    "number": 59000454763217,
    "dateTime": {
      "date": {
        "year": 2019,
        "month": 10,
        "day": 14
      },
      "time": {
        "hour": 10,
        "minute": 36,
        "second": 43,
        "nano": 0
      }
    },
    "citySender": "Кривий Ріг",
    "cityRecipient": "Хмельницький"
  },
  {
    "number": 59000454763218,
    "dateTime": {
      "date": {
        "year": 2019,
        "month": 10,
        "day": 14
      },
      "time": {
        "hour": 10,
        "minute": 36,
        "second": 36,
        "nano": 0
      }
    },
    "citySender": "Шепетівка",
    "cityRecipient": "Київ"
  },
  {
    "number": 59000454763219,
    "dateTime": {
      "date": {
        "year": 2019,
        "month": 10,
        "day": 14
      },
      "time": {
        "hour": 10,
        "minute": 37,
        "second": 6,
        "nano": 0
      }
    },
    "citySender": "Калинівка (Вінницька обл., Калинівський р-н)",
    "cityRecipient": "Вінниця"
  },
  {
    "number": 59000454763220,
    "dateTime": {
      "date": {
        "year": 2019,
        "month": 10,
        "day": 14
      },
      "time": {
        "hour": 10,
        "minute": 37,
        "second": 6,
        "nano": 0
      }
    },
    "citySender": "Коростень",
    "cityRecipient": "Київ"
  },
  {
    "number": 59000454763221,
    "dateTime": {
      "date": {
        "year": 2019,
        "month": 10,
        "day": 14
      },
      "time": {
        "hour": 10,
        "minute": 36,
        "second": 46,
        "nano": 0
      }
    },
    "citySender": "Запоріжжя",
    "cityRecipient": "Калуш"
  },
  {
    "number": 59000454763222,
    "dateTime": {
      "date": {
        "year": 2019,
        "month": 10,
        "day": 14
      },
      "time": {
        "hour": 10,
        "minute": 36,
        "second": 15,
        "nano": 0
      }
    },
    "citySender": "Яблунів",
    "cityRecipient": "Коростишів"
  },
  {
    "number": 59000454763223,
    "dateTime": {
      "date": {
        "year": 2019,
        "month": 10,
        "day": 14
      },
      "time": {
        "hour": 10,
        "minute": 35,
        "second": 45,
        "nano": 0
      }
    },
    "citySender": "Покотилівка",
    "cityRecipient": "Тернопіль"
  },
  {
    "number": 59000454763224,
    "dateTime": {
      "date": {
        "year": 2019,
        "month": 10,
        "day": 14
      },
      "time": {
        "hour": 10,
        "minute": 37,
        "second": 6,
        "nano": 0
      }
    },
    "citySender": "Одеса",
    "cityRecipient": "Полігон"
  },
  {
    "number": 59000454763225,
    "dateTime": {
      "date": {
        "year": 2019,
        "month": 10,
        "day": 14
      },
      "time": {
        "hour": 10,
        "minute": 36,
        "second": 50,
        "nano": 0
      }
    },
    "citySender": "Карлівка",
    "cityRecipient": "Харків"
  },
  {
    "number": 59000454763226,
    "dateTime": {
      "date": {
        "year": 2019,
        "month": 10,
        "day": 14
      },
      "time": {
        "hour": 10,
        "minute": 37,
        "second": 6,
        "nano": 0
      }
    },
    "citySender": "Краматорськ",
    "cityRecipient": "Бориспіль"
  },
  {
    "number": 59000454763227,
    "dateTime": {
      "date": {
        "year": 2019,
        "month": 10,
        "day": 14
      },
      "time": {
        "hour": 10,
        "minute": 37,
        "second": 6,
        "nano": 0
      }
    },
    "citySender": "Ірпінь",
    "cityRecipient": "Харків"
  },
  {
    "number": 59000454763228,
    "dateTime": {
      "date": {
        "year": 2019,
        "month": 10,
        "day": 14
      },
      "time": {
        "hour": 10,
        "minute": 37,
        "second": 7,
        "nano": 0
      }
    },
    "citySender": "Харків",
    "cityRecipient": "Харків"
  },
  {
    "number": 59000454763229,
    "dateTime": {
      "date": {
        "year": 2019,
        "month": 10,
        "day": 14
      },
      "time": {
        "hour": 10,
        "minute": 37,
        "second": 8,
        "nano": 0
      }
    },
    "citySender": "Нижнє Селище",
    "cityRecipient": "Мукачево"
  },
  {
    "number": 59000454763230,
    "dateTime": {
      "date": {
        "year": 2019,
        "month": 10,
        "day": 14
      },
      "time": {
        "hour": 10,
        "minute": 37,
        "second": 9,
        "nano": 0
      }
    },
    "citySender": "Перещепине",
    "cityRecipient": "Кривий Ріг"
  },
  {
    "number": 59000454763231,
    "dateTime": {
      "date": {
        "year": 2019,
        "month": 10,
        "day": 14
      },
      "time": {
        "hour": 10,
        "minute": 36,
        "second": 50,
        "nano": 0
      }
    },
    "citySender": "Брацлав",
    "cityRecipient": "Вінниця"
  },
  {
    "number": 59000454763232,
    "dateTime": {
      "date": {
        "year": 2019,
        "month": 10,
        "day": 14
      },
      "time": {
        "hour": 10,
        "minute": 36,
        "second": 47,
        "nano": 0
      }
    },
    "citySender": "Дніпро",
    "cityRecipient": "Рава-Руська"
  },
  {
    "number": 59000454763233,
    "dateTime": {
      "date": {
        "year": 2019,
        "month": 10,
        "day": 14
      },
      "time": {
        "hour": 10,
        "minute": 37,
        "second": 9,
        "nano": 0
      }
    },
    "citySender": "Новотроїцьке (Херсонська обл.)",
    "cityRecipient": "Херсон"
  },
  {
    "number": 59000454763234,
    "dateTime": {
      "date": {
        "year": 2019,
        "month": 10,
        "day": 14
      },
      "time": {
        "hour": 10,
        "minute": 36,
        "second": 38,
        "nano": 0
      }
    },
    "citySender": "Кропивницький",
    "cityRecipient": "Київ"
  },
  {
    "number": 59000454763235,
    "dateTime": {
      "date": {
        "year": 2019,
        "month": 10,
        "day": 14
      },
      "time": {
        "hour": 10,
        "minute": 37,
        "second": 0,
        "nano": 0
      }
    },
    "citySender": "Дубно",
    "cityRecipient": "Енергодар"
  },
  {
    "number": 59000454763236,
    "dateTime": {
      "date": {
        "year": 2019,
        "month": 10,
        "day": 14
      },
      "time": {
        "hour": 10,
        "minute": 36,
        "second": 30,
        "nano": 0
      }
    },
    "citySender": "Львів",
    "cityRecipient": "Львів"
  },
  {
    "number": 59000454763237,
    "dateTime": {
      "date": {
        "year": 2019,
        "month": 10,
        "day": 14
      },
      "time": {
        "hour": 10,
        "minute": 37,
        "second": 4,
        "nano": 0
      }
    },
    "citySender": "Харків",
    "cityRecipient": "Кременчук"
  },
  {
    "number": 59000454763238,
    "dateTime": {
      "date": {
        "year": 2019,
        "month": 10,
        "day": 14
      },
      "time": {
        "hour": 10,
        "minute": 36,
        "second": 39,
        "nano": 0
      }
    },
    "citySender": "Мала Виска",
    "cityRecipient": "Київ"
  },
  {
    "number": 59000454763239,
    "dateTime": {
      "date": {
        "year": 2019,
        "month": 10,
        "day": 14
      },
      "time": {
        "hour": 10,
        "minute": 35,
        "second": 59,
        "nano": 0
      }
    },
    "citySender": "Глухів (Сумська обл.)",
    "cityRecipient": "Полтава"
  },
  {
    "number": 59000454763240,
    "dateTime": {
      "date": {
        "year": 2019,
        "month": 10,
        "day": 14
      },
      "time": {
        "hour": 10,
        "minute": 37,
        "second": 10,
        "nano": 0
      }
    },
    "citySender": "Біла",
    "cityRecipient": "Одеса"
  },
  {
    "number": 59000454763241,
    "dateTime": {
      "date": {
        "year": 2019,
        "month": 10,
        "day": 14
      },
      "time": {
        "hour": 10,
        "minute": 37,
        "second": 8,
        "nano": 0
      }
    },
    "citySender": "Київ",
    "cityRecipient": "Київ"
  },
  {
    "number": 59000454763242,
    "dateTime": {
      "date": {
        "year": 2019,
        "month": 10,
        "day": 14
      },
      "time": {
        "hour": 10,
        "minute": 37,
        "second": 9,
        "nano": 0
      }
    },
    "citySender": "Бородянка",
    "cityRecipient": "Добровеличківка"
  },
  {
    "number": 59000454763243,
    "dateTime": {
      "date": {
        "year": 2019,
        "month": 10,
        "day": 14
      },
      "time": {
        "hour": 10,
        "minute": 36,
        "second": 54,
        "nano": 0
      }
    },
    "citySender": "Нікополь (Дніпропетровська обл.)",
    "cityRecipient": "Біла Церква"
  },
  {
    "number": 59000454763244,
    "dateTime": {
      "date": {
        "year": 2019,
        "month": 10,
        "day": 14
      },
      "time": {
        "hour": 10,
        "minute": 36,
        "second": 28,
        "nano": 0
      }
    },
    "citySender": "Київ",
    "cityRecipient": "Липова Долина"
  },
  {
    "number": 59000454763245,
    "dateTime": {
      "date": {
        "year": 2019,
        "month": 10,
        "day": 14
      },
      "time": {
        "hour": 10,
        "minute": 36,
        "second": 32,
        "nano": 0
      }
    },
    "citySender": "Диканька",
    "cityRecipient": "Полтава"
  },
  {
    "number": 59000454763246,
    "dateTime": {
      "date": {
        "year": 2019,
        "month": 10,
        "day": 14
      },
      "time": {
        "hour": 10,
        "minute": 29,
        "second": 11,
        "nano": 0
      }
    },
    "citySender": "Одеса",
    "cityRecipient": "Кривий Ріг"
  },
  {
    "number": 59000454763247,
    "dateTime": {
      "date": {
        "year": 2019,
        "month": 10,
        "day": 14
      },
      "time": {
        "hour": 10,
        "minute": 36,
        "second": 54,
        "nano": 0
      }
    },
    "citySender": "Старомлинівка",
    "cityRecipient": "Київ"
  },
  {
    "number": 59000454763248,
    "dateTime": {
      "date": {
        "year": 2019,
        "month": 10,
        "day": 14
      },
      "time": {
        "hour": 10,
        "minute": 37,
        "second": 12,
        "nano": 0
      }
    },
    "citySender": "Коломия",
    "cityRecipient": "Новоселиця"
  },
  {
    "number": 59000454763249,
    "dateTime": {
      "date": {
        "year": 2019,
        "month": 10,
        "day": 14
      },
      "time": {
        "hour": 10,
        "minute": 36,
        "second": 59,
        "nano": 0
      }
    },
    "citySender": "Чернівці",
    "cityRecipient": "Київ"
  },
  {
    "number": 59000454763250,
    "dateTime": {
      "date": {
        "year": 2019,
        "month": 10,
        "day": 14
      },
      "time": {
        "hour": 10,
        "minute": 37,
        "second": 4,
        "nano": 0
      }
    },
    "citySender": "Вінниця",
    "cityRecipient": "Київ"
  },
  {
    "number": 59000454763251,
    "dateTime": {
      "date": {
        "year": 2019,
        "month": 10,
        "day": 14
      },
      "time": {
        "hour": 10,
        "minute": 37,
        "second": 15,
        "nano": 0
      }
    },
    "citySender": "Лубни",
    "cityRecipient": "Київ"
  },
  {
    "number": 59000454763252,
    "dateTime": {
      "date": {
        "year": 2019,
        "month": 10,
        "day": 14
      },
      "time": {
        "hour": 10,
        "minute": 36,
        "second": 56,
        "nano": 0
      }
    },
    "citySender": "Богородчани",
    "cityRecipient": "Запоріжжя"
  },
  {
    "number": 59000454763253,
    "dateTime": {
      "date": {
        "year": 2019,
        "month": 10,
        "day": 14
      },
      "time": {
        "hour": 10,
        "minute": 36,
        "second": 52,
        "nano": 0
      }
    },
    "citySender": "Одеса",
    "cityRecipient": "Суми"
  },
  {
    "number": 59000454763254,
    "dateTime": {
      "date": {
        "year": 2019,
        "month": 10,
        "day": 14
      },
      "time": {
        "hour": 10,
        "minute": 37,
        "second": 10,
        "nano": 0
      }
    },
    "citySender": "Київ",
    "cityRecipient": "Бровари"
  },
  {
    "number": 59000454763255,
    "dateTime": {
      "date": {
        "year": 2019,
        "month": 10,
        "day": 14
      },
      "time": {
        "hour": 10,
        "minute": 37,
        "second": 11,
        "nano": 0
      }
    },
    "citySender": "Ізюм",
    "cityRecipient": "Мелітополь"
  },
  {
    "number": 59000454763256,
    "dateTime": {
      "date": {
        "year": 2019,
        "month": 10,
        "day": 14
      },
      "time": {
        "hour": 10,
        "minute": 37,
        "second": 16,
        "nano": 0
      }
    },
    "citySender": "Черкаси",
    "cityRecipient": "Черкаси"
  },
  {
    "number": 59000454763257,
    "dateTime": {
      "date": {
        "year": 2019,
        "month": 10,
        "day": 14
      },
      "time": {
        "hour": 10,
        "minute": 36,
        "second": 49,
        "nano": 0
      }
    },
    "citySender": "Одеса",
    "cityRecipient": "Умань"
  },
  {
    "number": 59000454763258,
    "dateTime": {
      "date": {
        "year": 2019,
        "month": 10,
        "day": 14
      },
      "time": {
        "hour": 10,
        "minute": 37,
        "second": 1,
        "nano": 0
      }
    },
    "citySender": "Дніпро",
    "cityRecipient": "Нікополь (Дніпропетровська обл.)"
  },
  {
    "number": 59000454763259,
    "dateTime": {
      "date": {
        "year": 2019,
        "month": 10,
        "day": 14
      },
      "time": {
        "hour": 10,
        "minute": 37,
        "second": 14,
        "nano": 0
      }
    },
    "citySender": "Чернівці",
    "cityRecipient": "Чернівці"
  },
  {
    "number": 59000454763260,
    "dateTime": {
      "date": {
        "year": 2019,
        "month": 10,
        "day": 14
      },
      "time": {
        "hour": 10,
        "minute": 37,
        "second": 8,
        "nano": 0
      }
    },
    "citySender": "Котельва",
    "cityRecipient": "Кропивницький"
  },
  {
    "number": 59000454763261,
    "dateTime": {
      "date": {
        "year": 2019,
        "month": 10,
        "day": 14
      },
      "time": {
        "hour": 10,
        "minute": 37,
        "second": 16,
        "nano": 0
      }
    },
    "citySender": "Одеса",
    "cityRecipient": "Яготин"
  },
  {
    "number": 59000454763262,
    "dateTime": {
      "date": {
        "year": 2019,
        "month": 10,
        "day": 14
      },
      "time": {
        "hour": 10,
        "minute": 37,
        "second": 17,
        "nano": 0
      }
    },
    "citySender": "Київ",
    "cityRecipient": "Київ"
  },
  {
    "number": 59000454763263,
    "dateTime": {
      "date": {
        "year": 2019,
        "month": 10,
        "day": 14
      },
      "time": {
        "hour": 10,
        "minute": 37,
        "second": 17,
        "nano": 0
      }
    },
    "citySender": "Черкаси",
    "cityRecipient": "Черкаси"
  },
  {
    "number": 59000454763264,
    "dateTime": {
      "date": {
        "year": 2019,
        "month": 10,
        "day": 14
      },
      "time": {
        "hour": 10,
        "minute": 36,
        "second": 29,
        "nano": 0
      }
    },
    "citySender": "Хмельницький",
    "cityRecipient": "Херсон"
  },
  {
    "number": 59000454763265,
    "dateTime": {
      "date": {
        "year": 2019,
        "month": 10,
        "day": 14
      },
      "time": {
        "hour": 10,
        "minute": 36,
        "second": 49,
        "nano": 0
      }
    },
    "citySender": "Петриківка",
    "cityRecipient": "Старокозаче"
  },
  {
    "number": 59000454763266,
    "dateTime": {
      "date": {
        "year": 2019,
        "month": 10,
        "day": 14
      },
      "time": {
        "hour": 10,
        "minute": 36,
        "second": 51,
        "nano": 0
      }
    },
    "citySender": "Чернівці",
    "cityRecipient": "Київ"
  },
  {
    "number": 59000454763267,
    "dateTime": {
      "date": {
        "year": 2019,
        "month": 10,
        "day": 14
      },
      "time": {
        "hour": 10,
        "minute": 35,
        "second": 54,
        "nano": 0
      }
    },
    "citySender": "Петриківка",
    "cityRecipient": "Покровське (Покровський р-н Дніпропетровська обл.)"
  },
  {
    "number": 59000454763268,
    "dateTime": {
      "date": {
        "year": 2019,
        "month": 10,
        "day": 14
      },
      "time": {
        "hour": 10,
        "minute": 36,
        "second": 28,
        "nano": 0
      }
    },
    "citySender": "Мукачево",
    "cityRecipient": "Минай"
  },
  {
    "number": 59000454763269,
    "dateTime": {
      "date": {
        "year": 2019,
        "month": 10,
        "day": 14
      },
      "time": {
        "hour": 10,
        "minute": 37,
        "second": 14,
        "nano": 0
      }
    },
    "citySender": "Шумськ",
    "cityRecipient": "Київ"
  },
  {
    "number": 59000454763270,
    "dateTime": {
      "date": {
        "year": 2019,
        "month": 10,
        "day": 14
      },
      "time": {
        "hour": 10,
        "minute": 37,
        "second": 19,
        "nano": 0
      }
    },
    "citySender": "Таїрове",
    "cityRecipient": "Одеса"
  },
  {
    "number": 59000454763271,
    "dateTime": {
      "date": {
        "year": 2019,
        "month": 10,
        "day": 14
      },
      "time": {
        "hour": 10,
        "minute": 37,
        "second": 19,
        "nano": 0
      }
    },
    "citySender": "Ланівці",
    "cityRecipient": "Тернопіль"
  },
  {
    "number": 59000454763272,
    "dateTime": {
      "date": {
        "year": 2019,
        "month": 10,
        "day": 14
      },
      "time": {
        "hour": 10,
        "minute": 37,
        "second": 19,
        "nano": 0
      }
    },
    "citySender": "Угринів (Тисменицький р-н., Івано-Франк. обл.)",
    "cityRecipient": "Луцьк"
  },
  {
    "number": 59000454763273,
    "dateTime": {
      "date": {
        "year": 2019,
        "month": 10,
        "day": 14
      },
      "time": {
        "hour": 10,
        "minute": 37,
        "second": 20,
        "nano": 0
      }
    },
    "citySender": "Вознесенка",
    "cityRecipient": "Дніпро"
  },
  {
    "number": 59000454763274,
    "dateTime": {
      "date": {
        "year": 2019,
        "month": 10,
        "day": 14
      },
      "time": {
        "hour": 10,
        "minute": 37,
        "second": 20,
        "nano": 0
      }
    },
    "citySender": "Некрасове (Вінницький р-н)",
    "cityRecipient": "Вінниця"
  },
  {
    "number": 59000454763275,
    "dateTime": {
      "date": {
        "year": 2019,
        "month": 10,
        "day": 14
      },
      "time": {
        "hour": 10,
        "minute": 37,
        "second": 17,
        "nano": 0
      }
    },
    "citySender": "Маріуполь",
    "cityRecipient": "Слов\u0027янськ"
  },
  {
    "number": 59000454763276,
    "dateTime": {
      "date": {
        "year": 2019,
        "month": 10,
        "day": 14
      },
      "time": {
        "hour": 10,
        "minute": 37,
        "second": 14,
        "nano": 0
      }
    },
    "citySender": "Біла Церква",
    "cityRecipient": "Горішні Плавні"
  },
  {
    "number": 59000454763278,
    "dateTime": {
      "date": {
        "year": 2019,
        "month": 10,
        "day": 14
      },
      "time": {
        "hour": 10,
        "minute": 36,
        "second": 51,
        "nano": 0
      }
    },
    "citySender": "Овруч",
    "cityRecipient": "Курісове"
  },
  {
    "number": 59000454763279,
    "dateTime": {
      "date": {
        "year": 2019,
        "month": 10,
        "day": 14
      },
      "time": {
        "hour": 10,
        "minute": 37,
        "second": 21,
        "nano": 0
      }
    },
    "citySender": "Київ",
    "cityRecipient": "Київ"
  },
  {
    "number": 59000454763280,
    "dateTime": {
      "date": {
        "year": 2019,
        "month": 10,
        "day": 14
      },
      "time": {
        "hour": 10,
        "minute": 37,
        "second": 21,
        "nano": 0
      }
    },
    "citySender": "Гадяч",
    "cityRecipient": "Полтава"
  },
  {
    "number": 59000454763281,
    "dateTime": {
      "date": {
        "year": 2019,
        "month": 10,
        "day": 14
      },
      "time": {
        "hour": 10,
        "minute": 36,
        "second": 34,
        "nano": 0
      }
    },
    "citySender": "Рожнів",
    "cityRecipient": "Мелітополь"
  },
  {
    "number": 59000454763282,
    "dateTime": {
      "date": {
        "year": 2019,
        "month": 10,
        "day": 14
      },
      "time": {
        "hour": 10,
        "minute": 36,
        "second": 44,
        "nano": 0
      }
    },
    "citySender": "Східниця",
    "cityRecipient": "Крюківщина"
  },
  {
    "number": 59000454763283,
    "dateTime": {
      "date": {
        "year": 2019,
        "month": 10,
        "day": 14
      },
      "time": {
        "hour": 10,
        "minute": 36,
        "second": 26,
        "nano": 0
      }
    },
    "citySender": "Вилкове",
    "cityRecipient": "Кінецьпіль"
  },
  {
    "number": 59000454763284,
    "dateTime": {
      "date": {
        "year": 2019,
        "month": 10,
        "day": 14
      },
      "time": {
        "hour": 10,
        "minute": 37,
        "second": 15,
        "nano": 0
      }
    },
    "citySender": "Широке (Широківський р-н. Дніпропетровська обл)",
    "cityRecipient": "Київ"
  },
  {
    "number": 59000454763285,
    "dateTime": {
      "date": {
        "year": 2019,
        "month": 10,
        "day": 14
      },
      "time": {
        "hour": 10,
        "minute": 37,
        "second": 23,
        "nano": 0
      }
    },
    "citySender": "Гримайлів",
    "cityRecipient": "Тернопіль"
  },
  {
    "number": 59000454763286,
    "dateTime": {
      "date": {
        "year": 2019,
        "month": 10,
        "day": 14
      },
      "time": {
        "hour": 10,
        "minute": 37,
        "second": 23,
        "nano": 0
      }
    },
    "citySender": "Львів",
    "cityRecipient": "Пирогівці"
  },
  {
    "number": 59000454763287,
    "dateTime": {
      "date": {
        "year": 2019,
        "month": 10,
        "day": 14
      },
      "time": {
        "hour": 10,
        "minute": 37,
        "second": 3,
        "nano": 0
      }
    },
    "citySender": "Бахмач",
    "cityRecipient": "Київ"
  },
  {
    "number": 59000454763288,
    "dateTime": {
      "date": {
        "year": 2019,
        "month": 10,
        "day": 14
      },
      "time": {
        "hour": 10,
        "minute": 36,
        "second": 55,
        "nano": 0
      }
    },
    "citySender": "Вигода (Івано-Франківська обл)",
    "cityRecipient": "Запитів"
  },
  {
    "number": 59000454763289,
    "dateTime": {
      "date": {
        "year": 2019,
        "month": 10,
        "day": 14
      },
      "time": {
        "hour": 10,
        "minute": 36,
        "second": 53,
        "nano": 0
      }
    },
    "citySender": "Станиця Луганська",
    "cityRecipient": "Харків"
  },
  {
    "number": 59000454763290,
    "dateTime": {
      "date": {
        "year": 2019,
        "month": 10,
        "day": 14
      },
      "time": {
        "hour": 10,
        "minute": 37,
        "second": 15,
        "nano": 0
      }
    },
    "citySender": "Київ",
    "cityRecipient": "Павлоград"
  },
  {
    "number": 59000454763292,
    "dateTime": {
      "date": {
        "year": 2019,
        "month": 10,
        "day": 14
      },
      "time": {
        "hour": 10,
        "minute": 37,
        "second": 25,
        "nano": 0
      }
    },
    "citySender": "Запоріжжя",
    "cityRecipient": "Запоріжжя"
  },
  {
    "number": 59000454763293,
    "dateTime": {
      "date": {
        "year": 2019,
        "month": 10,
        "day": 14
      },
      "time": {
        "hour": 10,
        "minute": 37,
        "second": 11,
        "nano": 0
      }
    },
    "citySender": "Тячів",
    "cityRecipient": "Львів"
  },
  {
    "number": 59000454763294,
    "dateTime": {
      "date": {
        "year": 2019,
        "month": 10,
        "day": 14
      },
      "time": {
        "hour": 10,
        "minute": 36,
        "second": 29,
        "nano": 0
      }
    },
    "citySender": "Шацьк",
    "cityRecipient": "Київ"
  },
  {
    "number": 59000454763295,
    "dateTime": {
      "date": {
        "year": 2019,
        "month": 10,
        "day": 14
      },
      "time": {
        "hour": 10,
        "minute": 35,
        "second": 10,
        "nano": 0
      }
    },
    "citySender": "Ріпки",
    "cityRecipient": "Київ"
  },
  {
    "number": 59000454763297,
    "dateTime": {
      "date": {
        "year": 2019,
        "month": 10,
        "day": 14
      },
      "time": {
        "hour": 10,
        "minute": 37,
        "second": 26,
        "nano": 0
      }
    },
    "citySender": "Хоростків",
    "cityRecipient": "Тернопіль"
  },
  {
    "number": 59000454763298,
    "dateTime": {
      "date": {
        "year": 2019,
        "month": 10,
        "day": 14
      },
      "time": {
        "hour": 10,
        "minute": 36,
        "second": 7,
        "nano": 0
      }
    },
    "citySender": "Одеса",
    "cityRecipient": "Харків"
  }
]