[
  {
    "number": 59000454758100,
    "dateTime": {
      "date": {
        "year": 2019,
        "month": 10,
        "day": 14
      },
      "time": {
        "hour": 10,
        "minute": 15,
        "second": 23,
        "nano": 0
      }
    },
    "citySender": "Городок(Львівська обл.)",
    "cityRecipient": "Нікополь (Дніпропетровська обл.)"
  },
  {
    "number": 59000454758101,
    "dateTime": {
      "date": {
        "year": 2019,
        "month": 10,
        "day": 14
      },
      "time": {
        "hour": 10,
        "minute": 14,
        "second": 9,
        "nano": 0
      }
    },
    "citySender": "Корець",
    "cityRecipient": "Кам\u0027янець-Подільський"
  },
  {
    "number": 59000454758103,
    "dateTime": {
      "date": {
        "year": 2019,
        "month": 10,
        "day": 14
      },
      "time": {
        "hour": 10,
        "minute": 15,
        "second": 3,
        "nano": 0
      }
    },
    "citySender": "Чернігів",
    "cityRecipient": "Сєвєродонецьк"
  },
  {
    "number": 59000454758104,
    "dateTime": {
      "date": {
        "year": 2019,
        "month": 10,
        "day": 14
      },
      "time": {
        "hour": 10,
        "minute": 15,
        "second": 23,
        "nano": 0
      }
    },
    "citySender": "Десна (Чернігівська обл.)",
    "cityRecipient": "Новоград-Волинський"
  },
  {
    "number": 59000454758105,
    "dateTime": {
      "date": {
        "year": 2019,
        "month": 10,
        "day": 14
      },
      "time": {
        "hour": 10,
        "minute": 15,
        "second": 1,
        "nano": 0
      }
    },
    "citySender": "Житомир",
    "cityRecipient": "Львів"
  },
  {
    "number": 59000454758106,
    "dateTime": {
      "date": {
        "year": 2019,
        "month": 10,
        "day": 14
      },
      "time": {
        "hour": 10,
        "minute": 15,
        "second": 9,
        "nano": 0
      }
    },
    "citySender": "Житомир",
    "cityRecipient": "Малин"
  },
  {
    "number": 59000454758108,
    "dateTime": {
      "date": {
        "year": 2019,
        "month": 10,
        "day": 14
      },
      "time": {
        "hour": 10,
        "minute": 14,
        "second": 40,
        "nano": 0
      }
    },
    "citySender": "Ужгород",
    "cityRecipient": "Київ"
  },
  {
    "number": 59000454758109,
    "dateTime": {
      "date": {
        "year": 2019,
        "month": 10,
        "day": 14
      },
      "time": {
        "hour": 10,
        "minute": 15,
        "second": 26,
        "nano": 0
      }
    },
    "citySender": "Некрасове (Вінницький р-н)",
    "cityRecipient": "Вінниця"
  },
  {
    "number": 59000454758110,
    "dateTime": {
      "date": {
        "year": 2019,
        "month": 10,
        "day": 14
      },
      "time": {
        "hour": 10,
        "minute": 15,
        "second": 8,
        "nano": 0
      }
    },
    "citySender": "Заболоття (Волинська обл.)",
    "cityRecipient": "Чуднів"
  },
  {
    "number": 59000454758111,
    "dateTime": {
      "date": {
        "year": 2019,
        "month": 10,
        "day": 14
      },
      "time": {
        "hour": 10,
        "minute": 14,
        "second": 54,
        "nano": 0
      }
    },
    "citySender": "Київ",
    "cityRecipient": "Славутич"
  },
  {
    "number": 59000454758112,
    "dateTime": {
      "date": {
        "year": 2019,
        "month": 10,
        "day": 14
      },
      "time": {
        "hour": 10,
        "minute": 14,
        "second": 50,
        "nano": 0
      }
    },
    "citySender": "Щасливе",
    "cityRecipient": "Хорол"
  },
  {
    "number": 59000454758113,
    "dateTime": {
      "date": {
        "year": 2019,
        "month": 10,
        "day": 14
      },
      "time": {
        "hour": 10,
        "minute": 15,
        "second": 24,
        "nano": 0
      }
    },
    "citySender": "Одеса",
    "cityRecipient": "Мостиська"
  },
  {
    "number": 59000454758114,
    "dateTime": {
      "date": {
        "year": 2019,
        "month": 10,
        "day": 14
      },
      "time": {
        "hour": 10,
        "minute": 14,
        "second": 58,
        "nano": 0
      }
    },
    "citySender": "Харків",
    "cityRecipient": "Вінниця"
  },
  {
    "number": 59000454758115,
    "dateTime": {
      "date": {
        "year": 2019,
        "month": 10,
        "day": 14
      },
      "time": {
        "hour": 10,
        "minute": 15,
        "second": 28,
        "nano": 0
      }
    },
    "citySender": "Київ",
    "cityRecipient": "Київ"
  },
  {
    "number": 59000454758116,
    "dateTime": {
      "date": {
        "year": 2019,
        "month": 10,
        "day": 14
      },
      "time": {
        "hour": 10,
        "minute": 14,
        "second": 25,
        "nano": 0
      }
    },
    "citySender": "Чернігів",
    "cityRecipient": "Андріївка (Бердянський р-н)"
  },
  {
    "number": 59000454758117,
    "dateTime": {
      "date": {
        "year": 2019,
        "month": 10,
        "day": 14
      },
      "time": {
        "hour": 10,
        "minute": 15,
        "second": 16,
        "nano": 0
      }
    },
    "citySender": "Київ",
    "cityRecipient": "Київ"
  },
  {
    "number": 59000454758118,
    "dateTime": {
      "date": {
        "year": 2019,
        "month": 10,
        "day": 14
      },
      "time": {
        "hour": 10,
        "minute": 14,
        "second": 56,
        "nano": 0
      }
    },
    "citySender": "Полтава",
    "cityRecipient": "Тростянець (Вінницька обл.)"
  },
  {
    "number": 59000454758119,
    "dateTime": {
      "date": {
        "year": 2019,
        "month": 10,
        "day": 14
      },
      "time": {
        "hour": 10,
        "minute": 15,
        "second": 29,
        "nano": 0
      }
    },
    "citySender": "Дніпро",
    "cityRecipient": "Дніпро"
  },
  {
    "number": 59000454758120,
    "dateTime": {
      "date": {
        "year": 2019,
        "month": 10,
        "day": 14
      },
      "time": {
        "hour": 10,
        "minute": 14,
        "second": 6,
        "nano": 0
      }
    },
    "citySender": "Рівне",
    "cityRecipient": "Київ"
  },
  {
    "number": 59000454758121,
    "dateTime": {
      "date": {
        "year": 2019,
        "month": 10,
        "day": 14
      },
      "time": {
        "hour": 10,
        "minute": 15,
        "second": 29,
        "nano": 0
      }
    },
    "citySender": "Дніпро",
    "cityRecipient": "Кривий Ріг"
  },
  {
    "number": 59000454758122,
    "dateTime": {
      "date": {
        "year": 2019,
        "month": 10,
        "day": 14
      },
      "time": {
        "hour": 10,
        "minute": 15,
        "second": 29,
        "nano": 0
      }
    },
    "citySender": "Криве Озеро",
    "cityRecipient": "Умань"
  },
  {
    "number": 59000454758123,
    "dateTime": {
      "date": {
        "year": 2019,
        "month": 10,
        "day": 14
      },
      "time": {
        "hour": 10,
        "minute": 15,
        "second": 27,
        "nano": 0
      }
    },
    "citySender": "Чернівці",
    "cityRecipient": "Чернівці"
  },
  {
    "number": 59000454758124,
    "dateTime": {
      "date": {
        "year": 2019,
        "month": 10,
        "day": 14
      },
      "time": {
        "hour": 10,
        "minute": 15,
        "second": 30,
        "nano": 0
      }
    },
    "citySender": "Чечельник",
    "cityRecipient": "Умань"
  },
  {
    "number": 59000454758125,
    "dateTime": {
      "date": {
        "year": 2019,
        "month": 10,
        "day": 14
      },
      "time": {
        "hour": 10,
        "minute": 15,
        "second": 28,
        "nano": 0
      }
    },
    "citySender": "Олександрівка (смт.Кіровог.обл.райц)",
    "cityRecipient": "Покровське (Мангушський р-н)"
  },
  {
    "number": 59000454758126,
    "dateTime": {
      "date": {
        "year": 2019,
        "month": 10,
        "day": 14
      },
      "time": {
        "hour": 10,
        "minute": 15,
        "second": 16,
        "nano": 0
      }
    },
    "citySender": "Ізюм",
    "cityRecipient": "Кам\u0027янське(Дніпропетровська обл)"
  },
  {
    "number": 59000454758127,
    "dateTime": {
      "date": {
        "year": 2019,
        "month": 10,
        "day": 14
      },
      "time": {
        "hour": 10,
        "minute": 15,
        "second": 16,
        "nano": 0
      }
    },
    "citySender": "Нова Каховка",
    "cityRecipient": "Київ"
  },
  {
    "number": 59000454758128,
    "dateTime": {
      "date": {
        "year": 2019,
        "month": 10,
        "day": 14
      },
      "time": {
        "hour": 10,
        "minute": 14,
        "second": 56,
        "nano": 0
      }
    },
    "citySender": "Миколаїв",
    "cityRecipient": "Київ"
  },
  {
    "number": 59000454758129,
    "dateTime": {
      "date": {
        "year": 2019,
        "month": 10,
        "day": 14
      },
      "time": {
        "hour": 10,
        "minute": 15,
        "second": 31,
        "nano": 0
      }
    },
    "citySender": "Миколаїв",
    "cityRecipient": "Харків"
  },
  {
    "number": 59000454758130,
    "dateTime": {
      "date": {
        "year": 2019,
        "month": 10,
        "day": 14
      },
      "time": {
        "hour": 10,
        "minute": 15,
        "second": 20,
        "nano": 0
      }
    },
    "citySender": "Івано-Франківськ",
    "cityRecipient": "Кременчук"
  },
  {
    "number": 59000454758131,
    "dateTime": {
      "date": {
        "year": 2019,
        "month": 10,
        "day": 14
      },
      "time": {
        "hour": 10,
        "minute": 12,
        "second": 4,
        "nano": 0
      }
    },
    "citySender": "Кременець",
    "cityRecipient": "Ірпінь"
  },
  {
    "number": 59000454758132,
    "dateTime": {
      "date": {
        "year": 2019,
        "month": 10,
        "day": 14
      },
      "time": {
        "hour": 10,
        "minute": 15,
        "second": 11,
        "nano": 0
      }
    },
    "citySender": "Рені",
    "cityRecipient": "Одеса"
  },
  {
    "number": 59000454758133,
    "dateTime": {
      "date": {
        "year": 2019,
        "month": 10,
        "day": 14
      },
      "time": {
        "hour": 10,
        "minute": 15,
        "second": 29,
        "nano": 0
      }
    },
    "citySender": "Галич",
    "cityRecipient": "Чукалівка"
  },
  {
    "number": 59000454758134,
    "dateTime": {
      "date": {
        "year": 2019,
        "month": 10,
        "day": 14
      },
      "time": {
        "hour": 10,
        "minute": 15,
        "second": 31,
        "nano": 0
      }
    },
    "citySender": "Товсте",
    "cityRecipient": "Тернопіль"
  },
  {
    "number": 59000454758136,
    "dateTime": {
      "date": {
        "year": 2019,
        "month": 10,
        "day": 14
      },
      "time": {
        "hour": 10,
        "minute": 15,
        "second": 25,
        "nano": 0
      }
    },
    "citySender": "Дніпро",
    "cityRecipient": "Бахмут"
  },
  {
    "number": 59000454758137,
    "dateTime": {
      "date": {
        "year": 2019,
        "month": 10,
        "day": 14
      },
      "time": {
        "hour": 10,
        "minute": 14,
        "second": 12,
        "nano": 0
      }
    },
    "citySender": "Київ",
    "cityRecipient": "Львів"
  },
  {
    "number": 59000454758138,
    "dateTime": {
      "date": {
        "year": 2019,
        "month": 10,
        "day": 14
      },
      "time": {
        "hour": 10,
        "minute": 15,
        "second": 33,
        "nano": 0
      }
    },
    "citySender": "Городок(Львівська обл.)",
    "cityRecipient": "Київ"
  },
  {
    "number": 59000454758139,
    "dateTime": {
      "date": {
        "year": 2019,
        "month": 10,
        "day": 14
      },
      "time": {
        "hour": 10,
        "minute": 15,
        "second": 26,
        "nano": 0
      }
    },
    "citySender": "Київ",
    "cityRecipient": "Більмак (Запорізька обл.)"
  },
  {
    "number": 59000454758140,
    "dateTime": {
      "date": {
        "year": 2019,
        "month": 10,
        "day": 14
      },
      "time": {
        "hour": 10,
        "minute": 15,
        "second": 33,
        "nano": 0
      }
    },
    "citySender": "Черкаси",
    "cityRecipient": "Черкаси"
  },
  {
    "number": 59000454758141,
    "dateTime": {
      "date": {
        "year": 2019,
        "month": 10,
        "day": 14
      },
      "time": {
        "hour": 10,
        "minute": 12,
        "second": 54,
        "nano": 0
      }
    },
    "citySender": "Ізмаїл",
    "cityRecipient": "Вознесенськ"
  },
  {
    "number": 59000454758142,
    "dateTime": {
      "date": {
        "year": 2019,
        "month": 10,
        "day": 14
      },
      "time": {
        "hour": 10,
        "minute": 15,
        "second": 35,
        "nano": 0
      }
    },
    "citySender": "Кобеляки",
    "cityRecipient": "Київ"
  },
  {
    "number": 59000454758143,
    "dateTime": {
      "date": {
        "year": 2019,
        "month": 10,
        "day": 14
      },
      "time": {
        "hour": 10,
        "minute": 15,
        "second": 26,
        "nano": 0
      }
    },
    "citySender": "Чоп",
    "cityRecipient": "Мукачево"
  },
  {
    "number": 59000454758144,
    "dateTime": {
      "date": {
        "year": 2019,
        "month": 10,
        "day": 14
      },
      "time": {
        "hour": 10,
        "minute": 15,
        "second": 26,
        "nano": 0
      }
    },
    "citySender": "Лисичанськ",
    "cityRecipient": "Одеса"
  },
  {
    "number": 59000454758145,
    "dateTime": {
      "date": {
        "year": 2019,
        "month": 10,
        "day": 14
      },
      "time": {
        "hour": 10,
        "minute": 15,
        "second": 10,
        "nano": 0
      }
    },
    "citySender": "Охтирка",
    "cityRecipient": "Харків"
  },
  {
    "number": 59000454758146,
    "dateTime": {
      "date": {
        "year": 2019,
        "month": 10,
        "day": 14
      },
      "time": {
        "hour": 10,
        "minute": 14,
        "second": 51,
        "nano": 0
      }
    },
    "citySender": "Запоріжжя",
    "cityRecipient": "Козельщина"
  },
  {
    "number": 59000454758147,
    "dateTime": {
      "date": {
        "year": 2019,
        "month": 10,
        "day": 14
      },
      "time": {
        "hour": 10,
        "minute": 15,
        "second": 16,
        "nano": 0
      }
    },
    "citySender": "Харків",
    "cityRecipient": "Вишневе"
  },
  {
    "number": 59000454758148,
    "dateTime": {
      "date": {
        "year": 2019,
        "month": 10,
        "day": 14
      },
      "time": {
        "hour": 10,
        "minute": 15,
        "second": 17,
        "nano": 0
      }
    },
    "citySender": "Миколаїв",
    "cityRecipient": "Івано-Франківськ"
  },
  {
    "number": 59000454758149,
    "dateTime": {
      "date": {
        "year": 2019,
        "month": 10,
        "day": 14
      },
      "time": {
        "hour": 10,
        "minute": 15,
        "second": 37,
        "nano": 0
      }
    },
    "citySender": "Харків",
    "cityRecipient": "Харків"
  },
  {
    "number": 59000454758150,
    "dateTime": {
      "date": {
        "year": 2019,
        "month": 10,
        "day": 14
      },
      "time": {
        "hour": 10,
        "minute": 14,
        "second": 51,
        "nano": 0
      }
    },
    "citySender": "Любомль",
    "cityRecipient": "Білгород-Дністровський"
  },
  {
    "number": 59000454758151,
    "dateTime": {
      "date": {
        "year": 2019,
        "month": 10,
        "day": 14
      },
      "time": {
        "hour": 10,
        "minute": 15,
        "second": 25,
        "nano": 0
      }
    },
    "citySender": "Харків",
    "cityRecipient": "Старобільськ"
  },
  {
    "number": 59000454758152,
    "dateTime": {
      "date": {
        "year": 2019,
        "month": 10,
        "day": 14
      },
      "time": {
        "hour": 10,
        "minute": 15,
        "second": 29,
        "nano": 0
      }
    },
    "citySender": "Миколаїв",
    "cityRecipient": "Одеса"
  },
  {
    "number": 59000454758153,
    "dateTime": {
      "date": {
        "year": 2019,
        "month": 10,
        "day": 14
      },
      "time": {
        "hour": 10,
        "minute": 15,
        "second": 38,
        "nano": 0
      }
    },
    "citySender": "Козова",
    "cityRecipient": "Тернопіль"
  },
  {
    "number": 59000454758154,
    "dateTime": {
      "date": {
        "year": 2019,
        "month": 10,
        "day": 14
      },
      "time": {
        "hour": 10,
        "minute": 14,
        "second": 16,
        "nano": 0
      }
    },
    "citySender": "Верхній Рогачик",
    "cityRecipient": "Київ"
  },
  {
    "number": 59000454758155,
    "dateTime": {
      "date": {
        "year": 2019,
        "month": 10,
        "day": 14
      },
      "time": {
        "hour": 10,
        "minute": 15,
        "second": 39,
        "nano": 0
      }
    },
    "citySender": "Ланівці",
    "cityRecipient": "Тернопіль"
  },
  {
    "number": 59000454758156,
    "dateTime": {
      "date": {
        "year": 2019,
        "month": 10,
        "day": 14
      },
      "time": {
        "hour": 10,
        "minute": 15,
        "second": 39,
        "nano": 0
      }
    },
    "citySender": "Жмеринка",
    "cityRecipient": "Вінниця"
  },
  {
    "number": 59000454758157,
    "dateTime": {
      "date": {
        "year": 2019,
        "month": 10,
        "day": 14
      },
      "time": {
        "hour": 10,
        "minute": 15,
        "second": 39,
        "nano": 0
      }
    },
    "citySender": "Вознесенка",
    "cityRecipient": "Запоріжжя"
  },
  {
    "number": 59000454758159,
    "dateTime": {
      "date": {
        "year": 2019,
        "month": 10,
        "day": 14
      },
      "time": {
        "hour": 10,
        "minute": 15,
        "second": 25,
        "nano": 0
      }
    },
    "citySender": "Дніпро",
    "cityRecipient": "Суми"
  },
  {
    "number": 59000454758160,
    "dateTime": {
      "date": {
        "year": 2019,
        "month": 10,
        "day": 14
      },
      "time": {
        "hour": 10,
        "minute": 15,
        "second": 31,
        "nano": 0
      }
    },
    "citySender": "Івано-Франкове",
    "cityRecipient": "Барвінкове"
  },
  {
    "number": 59000454758161,
    "dateTime": {
      "date": {
        "year": 2019,
        "month": 10,
        "day": 14
      },
      "time": {
        "hour": 10,
        "minute": 15,
        "second": 38,
        "nano": 0
      }
    },
    "citySender": "Одеса",
    "cityRecipient": "Херсон"
  },
  {
    "number": 59000454758162,
    "dateTime": {
      "date": {
        "year": 2019,
        "month": 10,
        "day": 14
      },
      "time": {
        "hour": 10,
        "minute": 15,
        "second": 7,
        "nano": 0
      }
    },
    "citySender": "Харків",
    "cityRecipient": "Олександрія (м.Кіровогр.обл.райц)"
  },
  {
    "number": 59000454758163,
    "dateTime": {
      "date": {
        "year": 2019,
        "month": 10,
        "day": 14
      },
      "time": {
        "hour": 10,
        "minute": 14,
        "second": 42,
        "nano": 0
      }
    },
    "citySender": "Ланчин",
    "cityRecipient": "Львів"
  },
  {
    "number": 59000454758164,
    "dateTime": {
      "date": {
        "year": 2019,
        "month": 10,
        "day": 14
      },
      "time": {
        "hour": 10,
        "minute": 14,
        "second": 52,
        "nano": 0
      }
    },
    "citySender": "Львів",
    "cityRecipient": "Херсон"
  },
  {
    "number": 59000454758166,
    "dateTime": {
      "date": {
        "year": 2019,
        "month": 10,
        "day": 14
      },
      "time": {
        "hour": 10,
        "minute": 15,
        "second": 42,
        "nano": 0
      }
    },
    "citySender": "Бердичів",
    "cityRecipient": "Житомир"
  },
  {
    "number": 59000454758168,
    "dateTime": {
      "date": {
        "year": 2019,
        "month": 10,
        "day": 14
      },
      "time": {
        "hour": 10,
        "minute": 15,
        "second": 32,
        "nano": 0
      }
    },
    "citySender": "Черкаси",
    "cityRecipient": "Іршава"
  },
  {
    "number": 59000454758169,
    "dateTime": {
      "date": {
        "year": 2019,
        "month": 10,
        "day": 14
      },
      "time": {
        "hour": 10,
        "minute": 15,
        "second": 18,
        "nano": 0
      }
    },
    "citySender": "Ізмаїл",
    "cityRecipient": "Запоріжжя"
  },
  {
    "number": 59000454758170,
    "dateTime": {
      "date": {
        "year": 2019,
        "month": 10,
        "day": 14
      },
      "time": {
        "hour": 10,
        "minute": 15,
        "second": 41,
        "nano": 0
      }
    },
    "citySender": "Авангард",
    "cityRecipient": "Одеса"
  },
  {
    "number": 59000454758171,
    "dateTime": {
      "date": {
        "year": 2019,
        "month": 10,
        "day": 14
      },
      "time": {
        "hour": 10,
        "minute": 15,
        "second": 39,
        "nano": 0
      }
    },
    "citySender": "Перемишляни",
    "cityRecipient": "Київ"
  },
  {
    "number": 59000454758172,
    "dateTime": {
      "date": {
        "year": 2019,
        "month": 10,
        "day": 14
      },
      "time": {
        "hour": 10,
        "minute": 15,
        "second": 40,
        "nano": 0
      }
    },
    "citySender": "Одеса",
    "cityRecipient": "Ужгород"
  },
  {
    "number": 59000454758173,
    "dateTime": {
      "date": {
        "year": 2019,
        "month": 10,
        "day": 14
      },
      "time": {
        "hour": 10,
        "minute": 15,
        "second": 43,
        "nano": 0
      }
    },
    "citySender": "Велика Березовиця",
    "cityRecipient": "Тернопіль"
  },
  {
    "number": 59000454758174,
    "dateTime": {
      "date": {
        "year": 2019,
        "month": 10,
        "day": 14
      },
      "time": {
        "hour": 10,
        "minute": 15,
        "second": 43,
        "nano": 0
      }
    },
    "citySender": "Полтава",
    "cityRecipient": "Полтава"
  },
  {
    "number": 59000454758175,
    "dateTime": {
      "date": {
        "year": 2019,
        "month": 10,
        "day": 14
      },
      "time": {
        "hour": 10,
        "minute": 15,
        "second": 44,
        "nano": 0
      }
    },
    "citySender": "Одеса",
    "cityRecipient": "Одеса"
  },
  {
    "number": 59000454758177,
    "dateTime": {
      "date": {
        "year": 2019,
        "month": 10,
        "day": 14
      },
      "time": {
        "hour": 10,
        "minute": 15,
        "second": 16,
        "nano": 0
      }
    },
    "citySender": "Ужгород",
    "cityRecipient": "Суми"
  },
  {
    "number": 59000454758178,
    "dateTime": {
      "date": {
        "year": 2019,
        "month": 10,
        "day": 14
      },
      "time": {
        "hour": 10,
        "minute": 15,
        "second": 45,
        "nano": 0
      }
    },
    "citySender": "Вапнярка",
    "cityRecipient": "Вінниця"
  },
  {
    "number": 59000454758179,
    "dateTime": {
      "date": {
        "year": 2019,
        "month": 10,
        "day": 14
      },
      "time": {
        "hour": 10,
        "minute": 14,
        "second": 8,
        "nano": 0
      }
    },
    "citySender": "Хмельницький",
    "cityRecipient": "Харків"
  },
  {
    "number": 59000454758180,
    "dateTime": {
      "date": {
        "year": 2019,
        "month": 10,
        "day": 14
      },
      "time": {
        "hour": 10,
        "minute": 15,
        "second": 45,
        "nano": 0
      }
    },
    "citySender": "Нижні Ворота",
    "cityRecipient": "Мукачево"
  },
  {
    "number": 59000454758181,
    "dateTime": {
      "date": {
        "year": 2019,
        "month": 10,
        "day": 14
      },
      "time": {
        "hour": 10,
        "minute": 15,
        "second": 26,
        "nano": 0
      }
    },
    "citySender": "Черкаси",
    "cityRecipient": "Київ"
  },
  {
    "number": 59000454758182,
    "dateTime": {
      "date": {
        "year": 2019,
        "month": 10,
        "day": 14
      },
      "time": {
        "hour": 10,
        "minute": 15,
        "second": 20,
        "nano": 0
      }
    },
    "citySender": "Запоріжжя",
    "cityRecipient": "Харків"
  },
  {
    "number": 59000454758183,
    "dateTime": {
      "date": {
        "year": 2019,
        "month": 10,
        "day": 14
      },
      "time": {
        "hour": 10,
        "minute": 15,
        "second": 45,
        "nano": 0
      }
    },
    "citySender": "Бердянськ",
    "cityRecipient": "Київ"
  },
  {
    "number": 59000454758184,
    "dateTime": {
      "date": {
        "year": 2019,
        "month": 10,
        "day": 14
      },
      "time": {
        "hour": 10,
        "minute": 14,
        "second": 17,
        "nano": 0
      }
    },
    "citySender": "Ніжин",
    "cityRecipient": "Київ"
  },
  {
    "number": 59000454758185,
    "dateTime": {
      "date": {
        "year": 2019,
        "month": 10,
        "day": 14
      },
      "time": {
        "hour": 10,
        "minute": 15,
        "second": 10,
        "nano": 0
      }
    },
    "citySender": "Запоріжжя",
    "cityRecipient": "Каховка"
  },
  {
    "number": 59000454758186,
    "dateTime": {
      "date": {
        "year": 2019,
        "month": 10,
        "day": 14
      },
      "time": {
        "hour": 10,
        "minute": 15,
        "second": 7,
        "nano": 0
      }
    },
    "citySender": "Сміла",
    "cityRecipient": "Запоріжжя"
  },
  {
    "number": 59000454758187,
    "dateTime": {
      "date": {
        "year": 2019,
        "month": 10,
        "day": 14
      },
      "time": {
        "hour": 10,
        "minute": 14,
        "second": 4,
        "nano": 0
      }
    },
    "citySender": "Запоріжжя",
    "cityRecipient": "Кустолово-Суходілка"
  },
  {
    "number": 59000454758189,
    "dateTime": {
      "date": {
        "year": 2019,
        "month": 10,
        "day": 14
      },
      "time": {
        "hour": 10,
        "minute": 15,
        "second": 27,
        "nano": 0
      }
    },
    "citySender": "Богородчани",
    "cityRecipient": "Христинівка"
  },
  {
    "number": 59000454758190,
    "dateTime": {
      "date": {
        "year": 2019,
        "month": 10,
        "day": 14
      },
      "time": {
        "hour": 10,
        "minute": 15,
        "second": 48,
        "nano": 0
      }
    },
    "citySender": "Бердянськ",
    "cityRecipient": "Бердянськ"
  },
  {
    "number": 59000454758191,
    "dateTime": {
      "date": {
        "year": 2019,
        "month": 10,
        "day": 14
      },
      "time": {
        "hour": 10,
        "minute": 15,
        "second": 31,
        "nano": 0
      }
    },
    "citySender": "Рудки",
    "cityRecipient": "Одеса"
  },
  {
    "number": 59000454758192,
    "dateTime": {
      "date": {
        "year": 2019,
        "month": 10,
        "day": 14
      },
      "time": {
        "hour": 10,
        "minute": 15,
        "second": 49,
        "nano": 0
      }
    },
    "citySender": "Вінниця",
    "cityRecipient": "Вінниця"
  },
  {
    "number": 59000454758193,
    "dateTime": {
      "date": {
        "year": 2019,
        "month": 10,
        "day": 14
      },
      "time": {
        "hour": 10,
        "minute": 15,
        "second": 19,
        "nano": 0
      }
    },
    "citySender": "Володимир-Волинський",
    "cityRecipient": "Одеса"
  },
  {
    "number": 59000454758194,
    "dateTime": {
      "date": {
        "year": 2019,
        "month": 10,
        "day": 14
      },
      "time": {
        "hour": 10,
        "minute": 14,
        "second": 53,
        "nano": 0
      }
    },
    "citySender": "Запоріжжя",
    "cityRecipient": "Одеса"
  },
  {
    "number": 59000454758195,
    "dateTime": {
      "date": {
        "year": 2019,
        "month": 10,
        "day": 14
      },
      "time": {
        "hour": 10,
        "minute": 15,
        "second": 49,
        "nano": 0
      }
    },
    "citySender": "Київ",
    "cityRecipient": "Старокозаче"
  },
  {
    "number": 59000454758196,
    "dateTime": {
      "date": {
        "year": 2019,
        "month": 10,
        "day": 14
      },
      "time": {
        "hour": 10,
        "minute": 15,
        "second": 42,
        "nano": 0
      }
    },
    "citySender": "Київ",
    "cityRecipient": "Київ"
  },
  {
    "number": 59000454758197,
    "dateTime": {
      "date": {
        "year": 2019,
        "month": 10,
        "day": 14
      },
      "time": {
        "hour": 10,
        "minute": 15,
        "second": 49,
        "nano": 0
      }
    },
    "citySender": "Великі Копані",
    "cityRecipient": "Херсон"
  },
  {
    "number": 59000454758198,
    "dateTime": {
      "date": {
        "year": 2019,
        "month": 10,
        "day": 14
      },
      "time": {
        "hour": 10,
        "minute": 15,
        "second": 50,
        "nano": 0
      }
    },
    "citySender": "Київ",
    "cityRecipient": "Київ"
  },
  {
    "number": 59000454758199,
    "dateTime": {
      "date": {
        "year": 2019,
        "month": 10,
        "day": 14
      },
      "time": {
        "hour": 10,
        "minute": 15,
        "second": 8,
        "nano": 0
      }
    },
    "citySender": "Овідіополь",
    "cityRecipient": "Київ"
  }
]