[
  {
    "number": 59000454781786,
    "dateTime": {
      "date": {
        "year": 2019,
        "month": 10,
        "day": 14
      },
      "time": {
        "hour": 11,
        "minute": 42,
        "second": 4,
        "nano": 0
      }
    },
    "citySender": "Київ",
    "cityRecipient": "Ужгород"
  },
  {
    "number": 59000454781787,
    "dateTime": {
      "date": {
        "year": 2019,
        "month": 10,
        "day": 14
      },
      "time": {
        "hour": 11,
        "minute": 42,
        "second": 44,
        "nano": 0
      }
    },
    "citySender": "Терпіння",
    "cityRecipient": "Запоріжжя"
  },
  {
    "number": 59000454781788,
    "dateTime": {
      "date": {
        "year": 2019,
        "month": 10,
        "day": 14
      },
      "time": {
        "hour": 11,
        "minute": 42,
        "second": 48,
        "nano": 0
      }
    },
    "citySender": "Львів",
    "cityRecipient": "Львів"
  },
  {
    "number": 59000454781789,
    "dateTime": {
      "date": {
        "year": 2019,
        "month": 10,
        "day": 14
      },
      "time": {
        "hour": 11,
        "minute": 42,
        "second": 26,
        "nano": 0
      }
    },
    "citySender": "Київ",
    "cityRecipient": "Первомайськ(Микол.обл.Первомайс.р-н)"
  },
  {
    "number": 59000454781790,
    "dateTime": {
      "date": {
        "year": 2019,
        "month": 10,
        "day": 14
      },
      "time": {
        "hour": 11,
        "minute": 42,
        "second": 17,
        "nano": 0
      }
    },
    "citySender": "Тернопіль",
    "cityRecipient": "Шостка"
  },
  {
    "number": 59000454781791,
    "dateTime": {
      "date": {
        "year": 2019,
        "month": 10,
        "day": 14
      },
      "time": {
        "hour": 11,
        "minute": 42,
        "second": 49,
        "nano": 0
      }
    },
    "citySender": "Тягинка",
    "cityRecipient": "Херсон"
  },
  {
    "number": 59000454781792,
    "dateTime": {
      "date": {
        "year": 2019,
        "month": 10,
        "day": 14
      },
      "time": {
        "hour": 11,
        "minute": 42,
        "second": 48,
        "nano": 0
      }
    },
    "citySender": "Запоріжжя",
    "cityRecipient": "Львів"
  },
  {
    "number": 59000454781793,
    "dateTime": {
      "date": {
        "year": 2019,
        "month": 10,
        "day": 14
      },
      "time": {
        "hour": 11,
        "minute": 42,
        "second": 49,
        "nano": 0
      }
    },
    "citySender": "Запоріжжя",
    "cityRecipient": "Запоріжжя"
  },
  {
    "number": 59000454781794,
    "dateTime": {
      "date": {
        "year": 2019,
        "month": 10,
        "day": 14
      },
      "time": {
        "hour": 11,
        "minute": 42,
        "second": 41,
        "nano": 0
      }
    },
    "citySender": "Кам\u0027янець-Подільський",
    "cityRecipient": "Ізяслав"
  },
  {
    "number": 59000454781795,
    "dateTime": {
      "date": {
        "year": 2019,
        "month": 10,
        "day": 14
      },
      "time": {
        "hour": 11,
        "minute": 42,
        "second": 38,
        "nano": 0
      }
    },
    "citySender": "Одеса",
    "cityRecipient": "Одеса"
  },
  {
    "number": 59000454781797,
    "dateTime": {
      "date": {
        "year": 2019,
        "month": 10,
        "day": 14
      },
      "time": {
        "hour": 11,
        "minute": 42,
        "second": 48,
        "nano": 0
      }
    },
    "citySender": "Харків",
    "cityRecipient": "Вугледар"
  },
  {
    "number": 59000454781798,
    "dateTime": {
      "date": {
        "year": 2019,
        "month": 10,
        "day": 14
      },
      "time": {
        "hour": 11,
        "minute": 42,
        "second": 42,
        "nano": 0
      }
    },
    "citySender": "Черкаси",
    "cityRecipient": "Цвіткове"
  },
  {
    "number": 59000454781799,
    "dateTime": {
      "date": {
        "year": 2019,
        "month": 10,
        "day": 14
      },
      "time": {
        "hour": 11,
        "minute": 42,
        "second": 22,
        "nano": 0
      }
    },
    "citySender": "Стрілковичі",
    "cityRecipient": "Арциз"
  },
  {
    "number": 59000454781800,
    "dateTime": {
      "date": {
        "year": 2019,
        "month": 10,
        "day": 14
      },
      "time": {
        "hour": 11,
        "minute": 42,
        "second": 49,
        "nano": 0
      }
    },
    "citySender": "Київ",
    "cityRecipient": "Копилів"
  },
  {
    "number": 59000454781801,
    "dateTime": {
      "date": {
        "year": 2019,
        "month": 10,
        "day": 14
      },
      "time": {
        "hour": 11,
        "minute": 42,
        "second": 28,
        "nano": 0
      }
    },
    "citySender": "Кропивницький",
    "cityRecipient": "Київ"
  },
  {
    "number": 59000454781802,
    "dateTime": {
      "date": {
        "year": 2019,
        "month": 10,
        "day": 14
      },
      "time": {
        "hour": 11,
        "minute": 42,
        "second": 51,
        "nano": 0
      }
    },
    "citySender": "Великі Копані",
    "cityRecipient": "Херсон"
  },
  {
    "number": 59000454781803,
    "dateTime": {
      "date": {
        "year": 2019,
        "month": 10,
        "day": 14
      },
      "time": {
        "hour": 11,
        "minute": 42,
        "second": 33,
        "nano": 0
      }
    },
    "citySender": "Сторожинець",
    "cityRecipient": "Івано-Франківськ"
  },
  {
    "number": 59000454781804,
    "dateTime": {
      "date": {
        "year": 2019,
        "month": 10,
        "day": 14
      },
      "time": {
        "hour": 11,
        "minute": 42,
        "second": 38,
        "nano": 0
      }
    },
    "citySender": "Львів",
    "cityRecipient": "Кривий Ріг"
  },
  {
    "number": 59000454781805,
    "dateTime": {
      "date": {
        "year": 2019,
        "month": 10,
        "day": 14
      },
      "time": {
        "hour": 11,
        "minute": 42,
        "second": 20,
        "nano": 0
      }
    },
    "citySender": "Харків",
    "cityRecipient": "Запоріжжя"
  },
  {
    "number": 59000454781806,
    "dateTime": {
      "date": {
        "year": 2019,
        "month": 10,
        "day": 14
      },
      "time": {
        "hour": 11,
        "minute": 42,
        "second": 31,
        "nano": 0
      }
    },
    "citySender": "Чорнобаївка",
    "cityRecipient": "Тернопіль"
  },
  {
    "number": 59000454781807,
    "dateTime": {
      "date": {
        "year": 2019,
        "month": 10,
        "day": 14
      },
      "time": {
        "hour": 11,
        "minute": 42,
        "second": 44,
        "nano": 0
      }
    },
    "citySender": "Одеса",
    "cityRecipient": "Київ"
  },
  {
    "number": 59000454781808,
    "dateTime": {
      "date": {
        "year": 2019,
        "month": 10,
        "day": 14
      },
      "time": {
        "hour": 11,
        "minute": 42,
        "second": 36,
        "nano": 0
      }
    },
    "citySender": "Мукачево",
    "cityRecipient": "Харків"
  },
  {
    "number": 59000454781809,
    "dateTime": {
      "date": {
        "year": 2019,
        "month": 10,
        "day": 14
      },
      "time": {
        "hour": 11,
        "minute": 42,
        "second": 3,
        "nano": 0
      }
    },
    "citySender": "Немовичі",
    "cityRecipient": "Рогозів"
  },
  {
    "number": 59000454781810,
    "dateTime": {
      "date": {
        "year": 2019,
        "month": 10,
        "day": 14
      },
      "time": {
        "hour": 11,
        "minute": 42,
        "second": 24,
        "nano": 0
      }
    },
    "citySender": "Хмельницький",
    "cityRecipient": "Київ"
  },
  {
    "number": 59000454781811,
    "dateTime": {
      "date": {
        "year": 2019,
        "month": 10,
        "day": 14
      },
      "time": {
        "hour": 11,
        "minute": 42,
        "second": 28,
        "nano": 0
      }
    },
    "citySender": "Житомир",
    "cityRecipient": "Переяслав-Хмельницький"
  },
  {
    "number": 59000454781812,
    "dateTime": {
      "date": {
        "year": 2019,
        "month": 10,
        "day": 14
      },
      "time": {
        "hour": 11,
        "minute": 42,
        "second": 52,
        "nano": 0
      }
    },
    "citySender": "Жмеринка",
    "cityRecipient": "Вінниця"
  },
  {
    "number": 59000454781813,
    "dateTime": {
      "date": {
        "year": 2019,
        "month": 10,
        "day": 14
      },
      "time": {
        "hour": 11,
        "minute": 42,
        "second": 39,
        "nano": 0
      }
    },
    "citySender": "Ладижин",
    "cityRecipient": "Одеса"
  },
  {
    "number": 59000454781814,
    "dateTime": {
      "date": {
        "year": 2019,
        "month": 10,
        "day": 14
      },
      "time": {
        "hour": 11,
        "minute": 42,
        "second": 52,
        "nano": 0
      }
    },
    "citySender": "Вінниця",
    "cityRecipient": "Вінниця"
  },
  {
    "number": 59000454781815,
    "dateTime": {
      "date": {
        "year": 2019,
        "month": 10,
        "day": 14
      },
      "time": {
        "hour": 11,
        "minute": 41,
        "second": 53,
        "nano": 0
      }
    },
    "citySender": "Білозерка (Херсонська обл.)",
    "cityRecipient": "Київ"
  },
  {
    "number": 59000454781816,
    "dateTime": {
      "date": {
        "year": 2019,
        "month": 10,
        "day": 14
      },
      "time": {
        "hour": 11,
        "minute": 42,
        "second": 41,
        "nano": 0
      }
    },
    "citySender": "Чайки",
    "cityRecipient": "Одеса"
  },
  {
    "number": 59000454781818,
    "dateTime": {
      "date": {
        "year": 2019,
        "month": 10,
        "day": 14
      },
      "time": {
        "hour": 11,
        "minute": 42,
        "second": 43,
        "nano": 0
      }
    },
    "citySender": "Свалява",
    "cityRecipient": "Коростень"
  },
  {
    "number": 59000454781819,
    "dateTime": {
      "date": {
        "year": 2019,
        "month": 10,
        "day": 14
      },
      "time": {
        "hour": 11,
        "minute": 42,
        "second": 53,
        "nano": 0
      }
    },
    "citySender": "Кельменці",
    "cityRecipient": "Першотравенськ (Дніпропетровська обл)"
  },
  {
    "number": 59000454781820,
    "dateTime": {
      "date": {
        "year": 2019,
        "month": 10,
        "day": 14
      },
      "time": {
        "hour": 11,
        "minute": 42,
        "second": 19,
        "nano": 0
      }
    },
    "citySender": "Херсон",
    "cityRecipient": "Біла Церква"
  },
  {
    "number": 59000454781821,
    "dateTime": {
      "date": {
        "year": 2019,
        "month": 10,
        "day": 14
      },
      "time": {
        "hour": 11,
        "minute": 42,
        "second": 39,
        "nano": 0
      }
    },
    "citySender": "Дніпро",
    "cityRecipient": "Київ"
  },
  {
    "number": 59000454781822,
    "dateTime": {
      "date": {
        "year": 2019,
        "month": 10,
        "day": 14
      },
      "time": {
        "hour": 11,
        "minute": 42,
        "second": 49,
        "nano": 0
      }
    },
    "citySender": "Прилуки",
    "cityRecipient": "Київ"
  },
  {
    "number": 59000454781823,
    "dateTime": {
      "date": {
        "year": 2019,
        "month": 10,
        "day": 14
      },
      "time": {
        "hour": 11,
        "minute": 42,
        "second": 55,
        "nano": 0
      }
    },
    "citySender": "Київ",
    "cityRecipient": "Ірпінь"
  },
  {
    "number": 59000454781824,
    "dateTime": {
      "date": {
        "year": 2019,
        "month": 10,
        "day": 14
      },
      "time": {
        "hour": 11,
        "minute": 42,
        "second": 5,
        "nano": 0
      }
    },
    "citySender": "Вишневе",
    "cityRecipient": "Дніпро"
  },
  {
    "number": 59000454781825,
    "dateTime": {
      "date": {
        "year": 2019,
        "month": 10,
        "day": 14
      },
      "time": {
        "hour": 11,
        "minute": 41,
        "second": 54,
        "nano": 0
      }
    },
    "citySender": "Дніпро",
    "cityRecipient": "Одеса"
  },
  {
    "number": 59000454781826,
    "dateTime": {
      "date": {
        "year": 2019,
        "month": 10,
        "day": 14
      },
      "time": {
        "hour": 11,
        "minute": 42,
        "second": 55,
        "nano": 0
      }
    },
    "citySender": "Вільшана (Черкаська обл.)",
    "cityRecipient": "Ізмаїл"
  },
  {
    "number": 59000454781827,
    "dateTime": {
      "date": {
        "year": 2019,
        "month": 10,
        "day": 14
      },
      "time": {
        "hour": 11,
        "minute": 42,
        "second": 56,
        "nano": 0
      }
    },
    "citySender": "Гельмязів",
    "cityRecipient": "Черкаси"
  },
  {
    "number": 59000454781828,
    "dateTime": {
      "date": {
        "year": 2019,
        "month": 10,
        "day": 14
      },
      "time": {
        "hour": 11,
        "minute": 42,
        "second": 45,
        "nano": 0
      }
    },
    "citySender": "Київ",
    "cityRecipient": "Трускавець"
  },
  {
    "number": 59000454781829,
    "dateTime": {
      "date": {
        "year": 2019,
        "month": 10,
        "day": 14
      },
      "time": {
        "hour": 11,
        "minute": 42,
        "second": 29,
        "nano": 0
      }
    },
    "citySender": "Київ",
    "cityRecipient": "Львів"
  },
  {
    "number": 59000454781830,
    "dateTime": {
      "date": {
        "year": 2019,
        "month": 10,
        "day": 14
      },
      "time": {
        "hour": 11,
        "minute": 42,
        "second": 56,
        "nano": 0
      }
    },
    "citySender": "Кривий Ріг",
    "cityRecipient": "Кривий Ріг"
  },
  {
    "number": 59000454781831,
    "dateTime": {
      "date": {
        "year": 2019,
        "month": 10,
        "day": 14
      },
      "time": {
        "hour": 11,
        "minute": 42,
        "second": 52,
        "nano": 0
      }
    },
    "citySender": "Харків",
    "cityRecipient": "Харків"
  },
  {
    "number": 59000454781832,
    "dateTime": {
      "date": {
        "year": 2019,
        "month": 10,
        "day": 14
      },
      "time": {
        "hour": 11,
        "minute": 41,
        "second": 35,
        "nano": 0
      }
    },
    "citySender": "Одеса",
    "cityRecipient": "Львів"
  },
  {
    "number": 59000454781835,
    "dateTime": {
      "date": {
        "year": 2019,
        "month": 10,
        "day": 14
      },
      "time": {
        "hour": 11,
        "minute": 42,
        "second": 53,
        "nano": 0
      }
    },
    "citySender": "Тернівка",
    "cityRecipient": "Трускавець"
  },
  {
    "number": 59000454781836,
    "dateTime": {
      "date": {
        "year": 2019,
        "month": 10,
        "day": 14
      },
      "time": {
        "hour": 11,
        "minute": 42,
        "second": 57,
        "nano": 0
      }
    },
    "citySender": "Ватутіне",
    "cityRecipient": "Черкаси"
  },
  {
    "number": 59000454781837,
    "dateTime": {
      "date": {
        "year": 2019,
        "month": 10,
        "day": 14
      },
      "time": {
        "hour": 11,
        "minute": 42,
        "second": 43,
        "nano": 0
      }
    },
    "citySender": "Дніпро",
    "cityRecipient": "Стоянка"
  },
  {
    "number": 59000454781838,
    "dateTime": {
      "date": {
        "year": 2019,
        "month": 10,
        "day": 14
      },
      "time": {
        "hour": 11,
        "minute": 42,
        "second": 58,
        "nano": 0
      }
    },
    "citySender": "Вінниця",
    "cityRecipient": "Вінниця"
  },
  {
    "number": 59000454781839,
    "dateTime": {
      "date": {
        "year": 2019,
        "month": 10,
        "day": 14
      },
      "time": {
        "hour": 11,
        "minute": 42,
        "second": 58,
        "nano": 0
      }
    },
    "citySender": "Київ",
    "cityRecipient": "Київ"
  },
  {
    "number": 59000454781841,
    "dateTime": {
      "date": {
        "year": 2019,
        "month": 10,
        "day": 14
      },
      "time": {
        "hour": 11,
        "minute": 42,
        "second": 47,
        "nano": 0
      }
    },
    "citySender": "Івано-Франківськ",
    "cityRecipient": "Вишневе"
  },
  {
    "number": 59000454781842,
    "dateTime": {
      "date": {
        "year": 2019,
        "month": 10,
        "day": 14
      },
      "time": {
        "hour": 11,
        "minute": 42,
        "second": 58,
        "nano": 0
      }
    },
    "citySender": "Усатове",
    "cityRecipient": "Одеса"
  },
  {
    "number": 59000454781843,
    "dateTime": {
      "date": {
        "year": 2019,
        "month": 10,
        "day": 14
      },
      "time": {
        "hour": 11,
        "minute": 42,
        "second": 56,
        "nano": 0
      }
    },
    "citySender": "Новоград-Волинський",
    "cityRecipient": "Біла Церква"
  },
  {
    "number": 59000454781844,
    "dateTime": {
      "date": {
        "year": 2019,
        "month": 10,
        "day": 14
      },
      "time": {
        "hour": 11,
        "minute": 42,
        "second": 21,
        "nano": 0
      }
    },
    "citySender": "Київ",
    "cityRecipient": "Київ"
  },
  {
    "number": 59000454781845,
    "dateTime": {
      "date": {
        "year": 2019,
        "month": 10,
        "day": 14
      },
      "time": {
        "hour": 11,
        "minute": 42,
        "second": 59,
        "nano": 0
      }
    },
    "citySender": "Шкло",
    "cityRecipient": "Буча"
  },
  {
    "number": 59000454781846,
    "dateTime": {
      "date": {
        "year": 2019,
        "month": 10,
        "day": 14
      },
      "time": {
        "hour": 11,
        "minute": 42,
        "second": 19,
        "nano": 0
      }
    },
    "citySender": "Львів",
    "cityRecipient": "Київ"
  },
  {
    "number": 59000454781847,
    "dateTime": {
      "date": {
        "year": 2019,
        "month": 10,
        "day": 14
      },
      "time": {
        "hour": 11,
        "minute": 43,
        "second": 0,
        "nano": 0
      }
    },
    "citySender": "Одеса",
    "cityRecipient": "Одеса"
  },
  {
    "number": 59000454781848,
    "dateTime": {
      "date": {
        "year": 2019,
        "month": 10,
        "day": 14
      },
      "time": {
        "hour": 11,
        "minute": 43,
        "second": 0,
        "nano": 0
      }
    },
    "citySender": "Рівне",
    "cityRecipient": "Рівне"
  },
  {
    "number": 59000454781849,
    "dateTime": {
      "date": {
        "year": 2019,
        "month": 10,
        "day": 14
      },
      "time": {
        "hour": 11,
        "minute": 42,
        "second": 59,
        "nano": 0
      }
    },
    "citySender": "Коростень",
    "cityRecipient": "Львів"
  },
  {
    "number": 59000454781850,
    "dateTime": {
      "date": {
        "year": 2019,
        "month": 10,
        "day": 14
      },
      "time": {
        "hour": 11,
        "minute": 42,
        "second": 33,
        "nano": 0
      }
    },
    "citySender": "Луцьк",
    "cityRecipient": "Дніпро"
  },
  {
    "number": 59000454781851,
    "dateTime": {
      "date": {
        "year": 2019,
        "month": 10,
        "day": 14
      },
      "time": {
        "hour": 11,
        "minute": 42,
        "second": 43,
        "nano": 0
      }
    },
    "citySender": "Хмельницький",
    "cityRecipient": "Львів"
  },
  {
    "number": 59000454781852,
    "dateTime": {
      "date": {
        "year": 2019,
        "month": 10,
        "day": 14
      },
      "time": {
        "hour": 11,
        "minute": 43,
        "second": 0,
        "nano": 0
      }
    },
    "citySender": "Тлумач",
    "cityRecipient": "Івано-Франківськ"
  },
  {
    "number": 59000454781853,
    "dateTime": {
      "date": {
        "year": 2019,
        "month": 10,
        "day": 14
      },
      "time": {
        "hour": 11,
        "minute": 42,
        "second": 23,
        "nano": 0
      }
    },
    "citySender": "Червоноград (Львівська обл.)",
    "cityRecipient": "Львів"
  },
  {
    "number": 59000454781854,
    "dateTime": {
      "date": {
        "year": 2019,
        "month": 10,
        "day": 14
      },
      "time": {
        "hour": 11,
        "minute": 41,
        "second": 20,
        "nano": 0
      }
    },
    "citySender": "Житомир",
    "cityRecipient": "Ізмаїл"
  },
  {
    "number": 59000454781855,
    "dateTime": {
      "date": {
        "year": 2019,
        "month": 10,
        "day": 14
      },
      "time": {
        "hour": 11,
        "minute": 43,
        "second": 1,
        "nano": 0
      }
    },
    "citySender": "Кривий Ріг",
    "cityRecipient": "Кривий Ріг"
  },
  {
    "number": 59000454781858,
    "dateTime": {
      "date": {
        "year": 2019,
        "month": 10,
        "day": 14
      },
      "time": {
        "hour": 11,
        "minute": 42,
        "second": 29,
        "nano": 0
      }
    },
    "citySender": "Долина",
    "cityRecipient": "Харків"
  },
  {
    "number": 59000454781859,
    "dateTime": {
      "date": {
        "year": 2019,
        "month": 10,
        "day": 14
      },
      "time": {
        "hour": 11,
        "minute": 43,
        "second": 1,
        "nano": 0
      }
    },
    "citySender": "Кривий Ріг",
    "cityRecipient": "Кривий Ріг"
  },
  {
    "number": 59000454781860,
    "dateTime": {
      "date": {
        "year": 2019,
        "month": 10,
        "day": 14
      },
      "time": {
        "hour": 11,
        "minute": 42,
        "second": 41,
        "nano": 0
      }
    },
    "citySender": "Одеса",
    "cityRecipient": "Переяслав-Хмельницький"
  },
  {
    "number": 59000454781861,
    "dateTime": {
      "date": {
        "year": 2019,
        "month": 10,
        "day": 14
      },
      "time": {
        "hour": 11,
        "minute": 42,
        "second": 47,
        "nano": 0
      }
    },
    "citySender": "Авангард",
    "cityRecipient": "Одеса"
  },
  {
    "number": 59000454781862,
    "dateTime": {
      "date": {
        "year": 2019,
        "month": 10,
        "day": 14
      },
      "time": {
        "hour": 11,
        "minute": 42,
        "second": 22,
        "nano": 0
      }
    },
    "citySender": "Кам\u0027янець-Подільський",
    "cityRecipient": "Васильків"
  },
  {
    "number": 59000454781863,
    "dateTime": {
      "date": {
        "year": 2019,
        "month": 10,
        "day": 14
      },
      "time": {
        "hour": 11,
        "minute": 42,
        "second": 26,
        "nano": 0
      }
    },
    "citySender": "Подільськ",
    "cityRecipient": "Вільшанка (Новоархангельський р-н)"
  },
  {
    "number": 59000454781864,
    "dateTime": {
      "date": {
        "year": 2019,
        "month": 10,
        "day": 14
      },
      "time": {
        "hour": 11,
        "minute": 42,
        "second": 38,
        "nano": 0
      }
    },
    "citySender": "Луцьк",
    "cityRecipient": "Володимир-Волинський"
  },
  {
    "number": 59000454781865,
    "dateTime": {
      "date": {
        "year": 2019,
        "month": 10,
        "day": 14
      },
      "time": {
        "hour": 11,
        "minute": 41,
        "second": 37,
        "nano": 0
      }
    },
    "citySender": "Заріччя(Закарпатська обл.)",
    "cityRecipient": "Корсунь-Шевченківський"
  },
  {
    "number": 59000454781866,
    "dateTime": {
      "date": {
        "year": 2019,
        "month": 10,
        "day": 14
      },
      "time": {
        "hour": 11,
        "minute": 43,
        "second": 2,
        "nano": 0
      }
    },
    "citySender": "Київ",
    "cityRecipient": "Київ"
  },
  {
    "number": 59000454781867,
    "dateTime": {
      "date": {
        "year": 2019,
        "month": 10,
        "day": 14
      },
      "time": {
        "hour": 11,
        "minute": 42,
        "second": 50,
        "nano": 0
      }
    },
    "citySender": "Дніпро",
    "cityRecipient": "Бердянськ"
  },
  {
    "number": 59000454781868,
    "dateTime": {
      "date": {
        "year": 2019,
        "month": 10,
        "day": 14
      },
      "time": {
        "hour": 11,
        "minute": 42,
        "second": 35,
        "nano": 0
      }
    },
    "citySender": "Любомль",
    "cityRecipient": "Херсон"
  },
  {
    "number": 59000454781870,
    "dateTime": {
      "date": {
        "year": 2019,
        "month": 10,
        "day": 14
      },
      "time": {
        "hour": 11,
        "minute": 42,
        "second": 52,
        "nano": 0
      }
    },
    "citySender": "Маріуполь",
    "cityRecipient": "Курахове"
  },
  {
    "number": 59000454781871,
    "dateTime": {
      "date": {
        "year": 2019,
        "month": 10,
        "day": 14
      },
      "time": {
        "hour": 11,
        "minute": 43,
        "second": 2,
        "nano": 0
      }
    },
    "citySender": "Кривий Ріг",
    "cityRecipient": "Кривий Ріг"
  },
  {
    "number": 59000454781872,
    "dateTime": {
      "date": {
        "year": 2019,
        "month": 10,
        "day": 14
      },
      "time": {
        "hour": 11,
        "minute": 42,
        "second": 54,
        "nano": 0
      }
    },
    "citySender": "Одеса",
    "cityRecipient": "Окни"
  },
  {
    "number": 59000454781873,
    "dateTime": {
      "date": {
        "year": 2019,
        "month": 10,
        "day": 14
      },
      "time": {
        "hour": 11,
        "minute": 42,
        "second": 44,
        "nano": 0
      }
    },
    "citySender": "Матвіївка(Вільнянський р-н)",
    "cityRecipient": "Одеса"
  },
  {
    "number": 59000454781874,
    "dateTime": {
      "date": {
        "year": 2019,
        "month": 10,
        "day": 14
      },
      "time": {
        "hour": 11,
        "minute": 43,
        "second": 3,
        "nano": 0
      }
    },
    "citySender": "Рожнятів",
    "cityRecipient": "Івано-Франківськ"
  },
  {
    "number": 59000454781875,
    "dateTime": {
      "date": {
        "year": 2019,
        "month": 10,
        "day": 14
      },
      "time": {
        "hour": 11,
        "minute": 43,
        "second": 3,
        "nano": 0
      }
    },
    "citySender": "Ужгород",
    "cityRecipient": "Мукачево"
  },
  {
    "number": 59000454781876,
    "dateTime": {
      "date": {
        "year": 2019,
        "month": 10,
        "day": 14
      },
      "time": {
        "hour": 11,
        "minute": 43,
        "second": 3,
        "nano": 0
      }
    },
    "citySender": "Одеса",
    "cityRecipient": "Одеса"
  },
  {
    "number": 59000454781877,
    "dateTime": {
      "date": {
        "year": 2019,
        "month": 10,
        "day": 14
      },
      "time": {
        "hour": 11,
        "minute": 42,
        "second": 45,
        "nano": 0
      }
    },
    "citySender": "Ромни",
    "cityRecipient": "Свалява"
  },
  {
    "number": 59000454781878,
    "dateTime": {
      "date": {
        "year": 2019,
        "month": 10,
        "day": 14
      },
      "time": {
        "hour": 11,
        "minute": 43,
        "second": 4,
        "nano": 0
      }
    },
    "citySender": "Вознесенка",
    "cityRecipient": "Запоріжжя"
  },
  {
    "number": 59000454781879,
    "dateTime": {
      "date": {
        "year": 2019,
        "month": 10,
        "day": 14
      },
      "time": {
        "hour": 11,
        "minute": 42,
        "second": 12,
        "nano": 0
      }
    },
    "citySender": "Тернопіль",
    "cityRecipient": "Тернопіль"
  },
  {
    "number": 59000454781880,
    "dateTime": {
      "date": {
        "year": 2019,
        "month": 10,
        "day": 14
      },
      "time": {
        "hour": 11,
        "minute": 42,
        "second": 38,
        "nano": 0
      }
    },
    "citySender": "Трипілля (Київська обл.)",
    "cityRecipient": "Київ"
  },
  {
    "number": 59000454781881,
    "dateTime": {
      "date": {
        "year": 2019,
        "month": 10,
        "day": 14
      },
      "time": {
        "hour": 11,
        "minute": 43,
        "second": 5,
        "nano": 0
      }
    },
    "citySender": "Любешів",
    "cityRecipient": "Луцьк"
  },
  {
    "number": 59000454781882,
    "dateTime": {
      "date": {
        "year": 2019,
        "month": 10,
        "day": 14
      },
      "time": {
        "hour": 11,
        "minute": 42,
        "second": 57,
        "nano": 0
      }
    },
    "citySender": "Ужгород",
    "cityRecipient": "Київ"
  },
  {
    "number": 59000454781883,
    "dateTime": {
      "date": {
        "year": 2019,
        "month": 10,
        "day": 14
      },
      "time": {
        "hour": 11,
        "minute": 43,
        "second": 5,
        "nano": 0
      }
    },
    "citySender": "Вінниця",
    "cityRecipient": "Вінниця"
  },
  {
    "number": 59000454781884,
    "dateTime": {
      "date": {
        "year": 2019,
        "month": 10,
        "day": 14
      },
      "time": {
        "hour": 11,
        "minute": 42,
        "second": 20,
        "nano": 0
      }
    },
    "citySender": "Радехів",
    "cityRecipient": "Зимна Вода"
  },
  {
    "number": 59000454781885,
    "dateTime": {
      "date": {
        "year": 2019,
        "month": 10,
        "day": 14
      },
      "time": {
        "hour": 11,
        "minute": 42,
        "second": 25,
        "nano": 0
      }
    },
    "citySender": "Тернопіль",
    "cityRecipient": "Дніпро"
  }
]