[
  {
    "number": 59000454770596,
    "dateTime": {
      "date": {
        "year": 2019,
        "month": 10,
        "day": 14
      },
      "time": {
        "hour": 11,
        "minute": 4,
        "second": 49,
        "nano": 0
      }
    },
    "citySender": "Красноград (Харківська обл)",
    "cityRecipient": "Липкуватівка"
  },
  {
    "number": 59000454770597,
    "dateTime": {
      "date": {
        "year": 2019,
        "month": 10,
        "day": 14
      },
      "time": {
        "hour": 11,
        "minute": 5,
        "second": 32,
        "nano": 0
      }
    },
    "citySender": "Харків",
    "cityRecipient": "Карпівка (Широківський р-н)"
  },
  {
    "number": 59000454770598,
    "dateTime": {
      "date": {
        "year": 2019,
        "month": 10,
        "day": 14
      },
      "time": {
        "hour": 11,
        "minute": 5,
        "second": 49,
        "nano": 0
      }
    },
    "citySender": "Пісочин",
    "cityRecipient": "Харків"
  },
  {
    "number": 59000454770599,
    "dateTime": {
      "date": {
        "year": 2019,
        "month": 10,
        "day": 14
      },
      "time": {
        "hour": 11,
        "minute": 5,
        "second": 49,
        "nano": 0
      }
    },
    "citySender": "Кременчук",
    "cityRecipient": "Київ"
  },
  {
    "number": 59000454770600,
    "dateTime": {
      "date": {
        "year": 2019,
        "month": 10,
        "day": 14
      },
      "time": {
        "hour": 11,
        "minute": 5,
        "second": 47,
        "nano": 0
      }
    },
    "citySender": "Херсон",
    "cityRecipient": "Дачне"
  },
  {
    "number": 59000454770601,
    "dateTime": {
      "date": {
        "year": 2019,
        "month": 10,
        "day": 14
      },
      "time": {
        "hour": 11,
        "minute": 5,
        "second": 19,
        "nano": 0
      }
    },
    "citySender": "Львів",
    "cityRecipient": "Київ"
  },
  {
    "number": 59000454770602,
    "dateTime": {
      "date": {
        "year": 2019,
        "month": 10,
        "day": 14
      },
      "time": {
        "hour": 11,
        "minute": 5,
        "second": 50,
        "nano": 0
      }
    },
    "citySender": "Вапнярка",
    "cityRecipient": "Вінниця"
  },
  {
    "number": 59000454770603,
    "dateTime": {
      "date": {
        "year": 2019,
        "month": 10,
        "day": 14
      },
      "time": {
        "hour": 11,
        "minute": 5,
        "second": 50,
        "nano": 0
      }
    },
    "citySender": "Кривий Ріг",
    "cityRecipient": "Запоріжжя"
  },
  {
    "number": 59000454770604,
    "dateTime": {
      "date": {
        "year": 2019,
        "month": 10,
        "day": 14
      },
      "time": {
        "hour": 11,
        "minute": 4,
        "second": 12,
        "nano": 0
      }
    },
    "citySender": "Одеса",
    "cityRecipient": "Сєвєродонецьк"
  },
  {
    "number": 59000454770605,
    "dateTime": {
      "date": {
        "year": 2019,
        "month": 10,
        "day": 14
      },
      "time": {
        "hour": 11,
        "minute": 5,
        "second": 50,
        "nano": 0
      }
    },
    "citySender": "Лисянка",
    "cityRecipient": "Черкаси"
  },
  {
    "number": 59000454770606,
    "dateTime": {
      "date": {
        "year": 2019,
        "month": 10,
        "day": 14
      },
      "time": {
        "hour": 11,
        "minute": 5,
        "second": 48,
        "nano": 0
      }
    },
    "citySender": "Южне",
    "cityRecipient": "Чернівці"
  },
  {
    "number": 59000454770607,
    "dateTime": {
      "date": {
        "year": 2019,
        "month": 10,
        "day": 14
      },
      "time": {
        "hour": 11,
        "minute": 5,
        "second": 19,
        "nano": 0
      }
    },
    "citySender": "Ладижин",
    "cityRecipient": "Київ"
  },
  {
    "number": 59000454770608,
    "dateTime": {
      "date": {
        "year": 2019,
        "month": 10,
        "day": 14
      },
      "time": {
        "hour": 11,
        "minute": 5,
        "second": 51,
        "nano": 0
      }
    },
    "citySender": "Літин",
    "cityRecipient": "Вінниця"
  },
  {
    "number": 59000454770609,
    "dateTime": {
      "date": {
        "year": 2019,
        "month": 10,
        "day": 14
      },
      "time": {
        "hour": 11,
        "minute": 5,
        "second": 21,
        "nano": 0
      }
    },
    "citySender": "Харків",
    "cityRecipient": "Кропивницький"
  },
  {
    "number": 59000454770610,
    "dateTime": {
      "date": {
        "year": 2019,
        "month": 10,
        "day": 14
      },
      "time": {
        "hour": 11,
        "minute": 5,
        "second": 27,
        "nano": 0
      }
    },
    "citySender": "Київ",
    "cityRecipient": "Одеса"
  },
  {
    "number": 59000454770611,
    "dateTime": {
      "date": {
        "year": 2019,
        "month": 10,
        "day": 14
      },
      "time": {
        "hour": 11,
        "minute": 5,
        "second": 52,
        "nano": 0
      }
    },
    "citySender": "Полтава",
    "cityRecipient": "Полтава"
  },
  {
    "number": 59000454770612,
    "dateTime": {
      "date": {
        "year": 2019,
        "month": 10,
        "day": 14
      },
      "time": {
        "hour": 11,
        "minute": 5,
        "second": 52,
        "nano": 0
      }
    },
    "citySender": "Великий Бичків",
    "cityRecipient": "Чернятин (Жмеринський р-н)"
  },
  {
    "number": 59000454770613,
    "dateTime": {
      "date": {
        "year": 2019,
        "month": 10,
        "day": 14
      },
      "time": {
        "hour": 11,
        "minute": 5,
        "second": 52,
        "nano": 0
      }
    },
    "citySender": "Вараш",
    "cityRecipient": "Червоноград (Львівська обл.)"
  },
  {
    "number": 59000454770614,
    "dateTime": {
      "date": {
        "year": 2019,
        "month": 10,
        "day": 14
      },
      "time": {
        "hour": 11,
        "minute": 4,
        "second": 33,
        "nano": 0
      }
    },
    "citySender": "Мелітополь",
    "cityRecipient": "Щастя"
  },
  {
    "number": 59000454770615,
    "dateTime": {
      "date": {
        "year": 2019,
        "month": 10,
        "day": 14
      },
      "time": {
        "hour": 11,
        "minute": 5,
        "second": 48,
        "nano": 0
      }
    },
    "citySender": "Київ",
    "cityRecipient": "Маріуполь"
  },
  {
    "number": 59000454770616,
    "dateTime": {
      "date": {
        "year": 2019,
        "month": 10,
        "day": 14
      },
      "time": {
        "hour": 11,
        "minute": 5,
        "second": 52,
        "nano": 0
      }
    },
    "citySender": "Рівне",
    "cityRecipient": "Рівне"
  },
  {
    "number": 59000454770617,
    "dateTime": {
      "date": {
        "year": 2019,
        "month": 10,
        "day": 14
      },
      "time": {
        "hour": 11,
        "minute": 5,
        "second": 49,
        "nano": 0
      }
    },
    "citySender": "Вороньків",
    "cityRecipient": "Одеса"
  },
  {
    "number": 59000454770618,
    "dateTime": {
      "date": {
        "year": 2019,
        "month": 10,
        "day": 14
      },
      "time": {
        "hour": 11,
        "minute": 5,
        "second": 4,
        "nano": 0
      }
    },
    "citySender": "Ірпінь",
    "cityRecipient": "Херсон"
  },
  {
    "number": 59000454770619,
    "dateTime": {
      "date": {
        "year": 2019,
        "month": 10,
        "day": 14
      },
      "time": {
        "hour": 11,
        "minute": 5,
        "second": 7,
        "nano": 0
      }
    },
    "citySender": "Любар",
    "cityRecipient": "Володимир-Волинський"
  },
  {
    "number": 59000454770620,
    "dateTime": {
      "date": {
        "year": 2019,
        "month": 10,
        "day": 14
      },
      "time": {
        "hour": 11,
        "minute": 5,
        "second": 53,
        "nano": 0
      }
    },
    "citySender": "Єрки",
    "cityRecipient": "Черкаси"
  },
  {
    "number": 59000454770621,
    "dateTime": {
      "date": {
        "year": 2019,
        "month": 10,
        "day": 14
      },
      "time": {
        "hour": 11,
        "minute": 5,
        "second": 8,
        "nano": 0
      }
    },
    "citySender": "Житомир",
    "cityRecipient": "Кременчук"
  },
  {
    "number": 59000454770622,
    "dateTime": {
      "date": {
        "year": 2019,
        "month": 10,
        "day": 14
      },
      "time": {
        "hour": 11,
        "minute": 5,
        "second": 51,
        "nano": 0
      }
    },
    "citySender": "Полтава",
    "cityRecipient": "Полтава"
  },
  {
    "number": 59000454770623,
    "dateTime": {
      "date": {
        "year": 2019,
        "month": 10,
        "day": 14
      },
      "time": {
        "hour": 11,
        "minute": 5,
        "second": 53,
        "nano": 0
      }
    },
    "citySender": "Київ",
    "cityRecipient": "Київ"
  },
  {
    "number": 59000454770624,
    "dateTime": {
      "date": {
        "year": 2019,
        "month": 10,
        "day": 14
      },
      "time": {
        "hour": 11,
        "minute": 5,
        "second": 44,
        "nano": 0
      }
    },
    "citySender": "Дніпро",
    "cityRecipient": "Київ"
  },
  {
    "number": 59000454770625,
    "dateTime": {
      "date": {
        "year": 2019,
        "month": 10,
        "day": 14
      },
      "time": {
        "hour": 11,
        "minute": 5,
        "second": 53,
        "nano": 0
      }
    },
    "citySender": "Київ",
    "cityRecipient": "Хмельницький"
  },
  {
    "number": 59000454770626,
    "dateTime": {
      "date": {
        "year": 2019,
        "month": 10,
        "day": 14
      },
      "time": {
        "hour": 11,
        "minute": 5,
        "second": 17,
        "nano": 0
      }
    },
    "citySender": "Полтава",
    "cityRecipient": "Київ"
  },
  {
    "number": 59000454770627,
    "dateTime": {
      "date": {
        "year": 2019,
        "month": 10,
        "day": 14
      },
      "time": {
        "hour": 11,
        "minute": 5,
        "second": 54,
        "nano": 0
      }
    },
    "citySender": "Одеса",
    "cityRecipient": "Одеса"
  },
  {
    "number": 59000454770628,
    "dateTime": {
      "date": {
        "year": 2019,
        "month": 10,
        "day": 14
      },
      "time": {
        "hour": 11,
        "minute": 5,
        "second": 43,
        "nano": 0
      }
    },
    "citySender": "Львів",
    "cityRecipient": "Короп"
  },
  {
    "number": 59000454770629,
    "dateTime": {
      "date": {
        "year": 2019,
        "month": 10,
        "day": 14
      },
      "time": {
        "hour": 11,
        "minute": 5,
        "second": 52,
        "nano": 0
      }
    },
    "citySender": "Київ",
    "cityRecipient": "Київ"
  },
  {
    "number": 59000454770631,
    "dateTime": {
      "date": {
        "year": 2019,
        "month": 10,
        "day": 14
      },
      "time": {
        "hour": 11,
        "minute": 5,
        "second": 55,
        "nano": 0
      }
    },
    "citySender": "Тарасівка",
    "cityRecipient": "Київ"
  },
  {
    "number": 59000454770632,
    "dateTime": {
      "date": {
        "year": 2019,
        "month": 10,
        "day": 14
      },
      "time": {
        "hour": 11,
        "minute": 5,
        "second": 53,
        "nano": 0
      }
    },
    "citySender": "Харків",
    "cityRecipient": "Одеса"
  },
  {
    "number": 59000454770633,
    "dateTime": {
      "date": {
        "year": 2019,
        "month": 10,
        "day": 14
      },
      "time": {
        "hour": 11,
        "minute": 5,
        "second": 9,
        "nano": 0
      }
    },
    "citySender": "Дніпро",
    "cityRecipient": "Київ"
  },
  {
    "number": 59000454770634,
    "dateTime": {
      "date": {
        "year": 2019,
        "month": 10,
        "day": 14
      },
      "time": {
        "hour": 11,
        "minute": 5,
        "second": 37,
        "nano": 0
      }
    },
    "citySender": "Київ",
    "cityRecipient": "Краматорськ"
  },
  {
    "number": 59000454770635,
    "dateTime": {
      "date": {
        "year": 2019,
        "month": 10,
        "day": 14
      },
      "time": {
        "hour": 11,
        "minute": 5,
        "second": 32,
        "nano": 0
      }
    },
    "citySender": "Нікополь (Дніпропетровська обл.)",
    "cityRecipient": "Київ"
  },
  {
    "number": 59000454770636,
    "dateTime": {
      "date": {
        "year": 2019,
        "month": 10,
        "day": 14
      },
      "time": {
        "hour": 11,
        "minute": 5,
        "second": 50,
        "nano": 0
      }
    },
    "citySender": "Іршава",
    "cityRecipient": "Нетішин"
  },
  {
    "number": 59000454770637,
    "dateTime": {
      "date": {
        "year": 2019,
        "month": 10,
        "day": 14
      },
      "time": {
        "hour": 11,
        "minute": 5,
        "second": 53,
        "nano": 0
      }
    },
    "citySender": "Полтава",
    "cityRecipient": "Полтава"
  },
  {
    "number": 59000454770638,
    "dateTime": {
      "date": {
        "year": 2019,
        "month": 10,
        "day": 14
      },
      "time": {
        "hour": 11,
        "minute": 5,
        "second": 57,
        "nano": 0
      }
    },
    "citySender": "Тернопіль",
    "cityRecipient": "Тернопіль"
  },
  {
    "number": 59000454770639,
    "dateTime": {
      "date": {
        "year": 2019,
        "month": 10,
        "day": 14
      },
      "time": {
        "hour": 11,
        "minute": 5,
        "second": 57,
        "nano": 0
      }
    },
    "citySender": "Опитне (Бахмутський р-н)",
    "cityRecipient": "Золочів (Львівська обл.)"
  },
  {
    "number": 59000454770640,
    "dateTime": {
      "date": {
        "year": 2019,
        "month": 10,
        "day": 14
      },
      "time": {
        "hour": 11,
        "minute": 5,
        "second": 34,
        "nano": 0
      }
    },
    "citySender": "Довге (Закарпатська обл.)",
    "cityRecipient": "Вишгород"
  },
  {
    "number": 59000454770641,
    "dateTime": {
      "date": {
        "year": 2019,
        "month": 10,
        "day": 14
      },
      "time": {
        "hour": 11,
        "minute": 5,
        "second": 57,
        "nano": 0
      }
    },
    "citySender": "Липовець",
    "cityRecipient": "Вінниця"
  },
  {
    "number": 59000454770642,
    "dateTime": {
      "date": {
        "year": 2019,
        "month": 10,
        "day": 14
      },
      "time": {
        "hour": 11,
        "minute": 5,
        "second": 43,
        "nano": 0
      }
    },
    "citySender": "Дніпро",
    "cityRecipient": "Демидів"
  },
  {
    "number": 59000454770643,
    "dateTime": {
      "date": {
        "year": 2019,
        "month": 10,
        "day": 14
      },
      "time": {
        "hour": 11,
        "minute": 5,
        "second": 57,
        "nano": 0
      }
    },
    "citySender": "Вінниця",
    "cityRecipient": "Вінниця"
  },
  {
    "number": 59000454770644,
    "dateTime": {
      "date": {
        "year": 2019,
        "month": 10,
        "day": 14
      },
      "time": {
        "hour": 11,
        "minute": 5,
        "second": 55,
        "nano": 0
      }
    },
    "citySender": "Авангард",
    "cityRecipient": "Одеса"
  },
  {
    "number": 59000454770645,
    "dateTime": {
      "date": {
        "year": 2019,
        "month": 10,
        "day": 14
      },
      "time": {
        "hour": 11,
        "minute": 5,
        "second": 58,
        "nano": 0
      }
    },
    "citySender": "Щасливе",
    "cityRecipient": "Чернігів"
  },
  {
    "number": 59000454770646,
    "dateTime": {
      "date": {
        "year": 2019,
        "month": 10,
        "day": 14
      },
      "time": {
        "hour": 11,
        "minute": 5,
        "second": 41,
        "nano": 0
      }
    },
    "citySender": "Одеса",
    "cityRecipient": "Ужгород"
  },
  {
    "number": 59000454770647,
    "dateTime": {
      "date": {
        "year": 2019,
        "month": 10,
        "day": 14
      },
      "time": {
        "hour": 11,
        "minute": 5,
        "second": 46,
        "nano": 0
      }
    },
    "citySender": "Черкаси",
    "cityRecipient": "Вишково"
  },
  {
    "number": 59000454770648,
    "dateTime": {
      "date": {
        "year": 2019,
        "month": 10,
        "day": 14
      },
      "time": {
        "hour": 11,
        "minute": 5,
        "second": 9,
        "nano": 0
      }
    },
    "citySender": "Муровані Курилівці",
    "cityRecipient": "Київ"
  },
  {
    "number": 59000454770649,
    "dateTime": {
      "date": {
        "year": 2019,
        "month": 10,
        "day": 14
      },
      "time": {
        "hour": 11,
        "minute": 5,
        "second": 48,
        "nano": 0
      }
    },
    "citySender": "Кропивницький",
    "cityRecipient": "Обухів"
  },
  {
    "number": 59000454770650,
    "dateTime": {
      "date": {
        "year": 2019,
        "month": 10,
        "day": 14
      },
      "time": {
        "hour": 11,
        "minute": 5,
        "second": 38,
        "nano": 0
      }
    },
    "citySender": "Тернопіль",
    "cityRecipient": "Дніпро"
  },
  {
    "number": 59000454770651,
    "dateTime": {
      "date": {
        "year": 2019,
        "month": 10,
        "day": 14
      },
      "time": {
        "hour": 11,
        "minute": 6,
        "second": 0,
        "nano": 0
      }
    },
    "citySender": "Запоріжжя",
    "cityRecipient": "Запоріжжя"
  },
  {
    "number": 59000454770652,
    "dateTime": {
      "date": {
        "year": 2019,
        "month": 10,
        "day": 14
      },
      "time": {
        "hour": 11,
        "minute": 5,
        "second": 49,
        "nano": 0
      }
    },
    "citySender": "Київ",
    "cityRecipient": "Київ"
  },
  {
    "number": 59000454770653,
    "dateTime": {
      "date": {
        "year": 2019,
        "month": 10,
        "day": 14
      },
      "time": {
        "hour": 11,
        "minute": 5,
        "second": 22,
        "nano": 0
      }
    },
    "citySender": "Кривий Ріг",
    "cityRecipient": "Бердянськ"
  },
  {
    "number": 59000454770655,
    "dateTime": {
      "date": {
        "year": 2019,
        "month": 10,
        "day": 14
      },
      "time": {
        "hour": 11,
        "minute": 6,
        "second": 2,
        "nano": 0
      }
    },
    "citySender": "Новотроїцьке (Херсонська обл.)",
    "cityRecipient": "Херсон"
  },
  {
    "number": 59000454770656,
    "dateTime": {
      "date": {
        "year": 2019,
        "month": 10,
        "day": 14
      },
      "time": {
        "hour": 11,
        "minute": 5,
        "second": 49,
        "nano": 0
      }
    },
    "citySender": "Львів",
    "cityRecipient": "Херсон"
  },
  {
    "number": 59000454770657,
    "dateTime": {
      "date": {
        "year": 2019,
        "month": 10,
        "day": 14
      },
      "time": {
        "hour": 11,
        "minute": 5,
        "second": 53,
        "nano": 0
      }
    },
    "citySender": "Біла Церква",
    "cityRecipient": "Михайлівка (Михайлівський р-н., Запорізька обл.)"
  },
  {
    "number": 59000454770658,
    "dateTime": {
      "date": {
        "year": 2019,
        "month": 10,
        "day": 14
      },
      "time": {
        "hour": 11,
        "minute": 5,
        "second": 41,
        "nano": 0
      }
    },
    "citySender": "Дніпро",
    "cityRecipient": "Кривий Ріг"
  },
  {
    "number": 59000454770660,
    "dateTime": {
      "date": {
        "year": 2019,
        "month": 10,
        "day": 14
      },
      "time": {
        "hour": 11,
        "minute": 5,
        "second": 56,
        "nano": 0
      }
    },
    "citySender": "Харків",
    "cityRecipient": "Люботин"
  },
  {
    "number": 59000454770661,
    "dateTime": {
      "date": {
        "year": 2019,
        "month": 10,
        "day": 14
      },
      "time": {
        "hour": 11,
        "minute": 5,
        "second": 49,
        "nano": 0
      }
    },
    "citySender": "Дніпро",
    "cityRecipient": "Дніпро"
  },
  {
    "number": 59000454770662,
    "dateTime": {
      "date": {
        "year": 2019,
        "month": 10,
        "day": 14
      },
      "time": {
        "hour": 11,
        "minute": 6,
        "second": 1,
        "nano": 0
      }
    },
    "citySender": "Мостиська",
    "cityRecipient": "Київ"
  },
  {
    "number": 59000454770663,
    "dateTime": {
      "date": {
        "year": 2019,
        "month": 10,
        "day": 14
      },
      "time": {
        "hour": 11,
        "minute": 6,
        "second": 4,
        "nano": 0
      }
    },
    "citySender": "Красноград (Харківська обл)",
    "cityRecipient": "Хмельницький"
  },
  {
    "number": 59000454770664,
    "dateTime": {
      "date": {
        "year": 2019,
        "month": 10,
        "day": 14
      },
      "time": {
        "hour": 11,
        "minute": 6,
        "second": 2,
        "nano": 0
      }
    },
    "citySender": "Нересниця (Тячівський р-н)",
    "cityRecipient": "Львів"
  },
  {
    "number": 59000454770665,
    "dateTime": {
      "date": {
        "year": 2019,
        "month": 10,
        "day": 14
      },
      "time": {
        "hour": 11,
        "minute": 5,
        "second": 54,
        "nano": 0
      }
    },
    "citySender": "Одеса",
    "cityRecipient": "Черкаси"
  },
  {
    "number": 59000454770666,
    "dateTime": {
      "date": {
        "year": 2019,
        "month": 10,
        "day": 14
      },
      "time": {
        "hour": 11,
        "minute": 6,
        "second": 3,
        "nano": 0
      }
    },
    "citySender": "Авангард",
    "cityRecipient": "Одеса"
  },
  {
    "number": 59000454770667,
    "dateTime": {
      "date": {
        "year": 2019,
        "month": 10,
        "day": 14
      },
      "time": {
        "hour": 11,
        "minute": 4,
        "second": 51,
        "nano": 0
      }
    },
    "citySender": "Калуш",
    "cityRecipient": "Одеса"
  },
  {
    "number": 59000454770669,
    "dateTime": {
      "date": {
        "year": 2019,
        "month": 10,
        "day": 14
      },
      "time": {
        "hour": 11,
        "minute": 5,
        "second": 58,
        "nano": 0
      }
    },
    "citySender": "Київ",
    "cityRecipient": "Одеса"
  },
  {
    "number": 59000454770670,
    "dateTime": {
      "date": {
        "year": 2019,
        "month": 10,
        "day": 14
      },
      "time": {
        "hour": 11,
        "minute": 6,
        "second": 5,
        "nano": 0
      }
    },
    "citySender": "Тлумач",
    "cityRecipient": "Івано-Франківськ"
  },
  {
    "number": 59000454770671,
    "dateTime": {
      "date": {
        "year": 2019,
        "month": 10,
        "day": 14
      },
      "time": {
        "hour": 11,
        "minute": 6,
        "second": 5,
        "nano": 0
      }
    },
    "citySender": "Чернівці",
    "cityRecipient": "Чернівці"
  },
  {
    "number": 59000454770672,
    "dateTime": {
      "date": {
        "year": 2019,
        "month": 10,
        "day": 14
      },
      "time": {
        "hour": 11,
        "minute": 5,
        "second": 42,
        "nano": 0
      }
    },
    "citySender": "Тернопіль",
    "cityRecipient": "Тернопіль"
  },
  {
    "number": 59000454770673,
    "dateTime": {
      "date": {
        "year": 2019,
        "month": 10,
        "day": 14
      },
      "time": {
        "hour": 11,
        "minute": 5,
        "second": 46,
        "nano": 0
      }
    },
    "citySender": "Бахмут",
    "cityRecipient": "Дніпро"
  },
  {
    "number": 59000454770674,
    "dateTime": {
      "date": {
        "year": 2019,
        "month": 10,
        "day": 14
      },
      "time": {
        "hour": 11,
        "minute": 5,
        "second": 48,
        "nano": 0
      }
    },
    "citySender": "Тернопіль",
    "cityRecipient": "Одеса"
  },
  {
    "number": 59000454770675,
    "dateTime": {
      "date": {
        "year": 2019,
        "month": 10,
        "day": 14
      },
      "time": {
        "hour": 11,
        "minute": 5,
        "second": 28,
        "nano": 0
      }
    },
    "citySender": "Івано-Франківськ",
    "cityRecipient": "Київ"
  },
  {
    "number": 59000454770676,
    "dateTime": {
      "date": {
        "year": 2019,
        "month": 10,
        "day": 14
      },
      "time": {
        "hour": 11,
        "minute": 5,
        "second": 53,
        "nano": 0
      }
    },
    "citySender": "Кам\u0027янка-Бузька",
    "cityRecipient": "Красне (Львівська обл.)"
  },
  {
    "number": 59000454770677,
    "dateTime": {
      "date": {
        "year": 2019,
        "month": 10,
        "day": 14
      },
      "time": {
        "hour": 11,
        "minute": 5,
        "second": 54,
        "nano": 0
      }
    },
    "citySender": "Новоселиця",
    "cityRecipient": "Харків"
  },
  {
    "number": 59000454770678,
    "dateTime": {
      "date": {
        "year": 2019,
        "month": 10,
        "day": 14
      },
      "time": {
        "hour": 11,
        "minute": 5,
        "second": 46,
        "nano": 0
      }
    },
    "citySender": "Нерубайське",
    "cityRecipient": "Охтирка"
  },
  {
    "number": 59000454770679,
    "dateTime": {
      "date": {
        "year": 2019,
        "month": 10,
        "day": 14
      },
      "time": {
        "hour": 11,
        "minute": 5,
        "second": 17,
        "nano": 0
      }
    },
    "citySender": "Миколаїв",
    "cityRecipient": "Башмачка"
  },
  {
    "number": 59000454770680,
    "dateTime": {
      "date": {
        "year": 2019,
        "month": 10,
        "day": 14
      },
      "time": {
        "hour": 11,
        "minute": 5,
        "second": 29,
        "nano": 0
      }
    },
    "citySender": "Бердичів",
    "cityRecipient": "Радомишль"
  },
  {
    "number": 59000454770681,
    "dateTime": {
      "date": {
        "year": 2019,
        "month": 10,
        "day": 14
      },
      "time": {
        "hour": 11,
        "minute": 5,
        "second": 54,
        "nano": 0
      }
    },
    "citySender": "Червоноград (Львівська обл.)",
    "cityRecipient": "Рожище"
  },
  {
    "number": 59000454770682,
    "dateTime": {
      "date": {
        "year": 2019,
        "month": 10,
        "day": 14
      },
      "time": {
        "hour": 11,
        "minute": 5,
        "second": 16,
        "nano": 0
      }
    },
    "citySender": "Львів",
    "cityRecipient": "Станичне"
  },
  {
    "number": 59000454770683,
    "dateTime": {
      "date": {
        "year": 2019,
        "month": 10,
        "day": 14
      },
      "time": {
        "hour": 11,
        "minute": 5,
        "second": 59,
        "nano": 0
      }
    },
    "citySender": "Горенка",
    "cityRecipient": "Сновськ"
  },
  {
    "number": 59000454770684,
    "dateTime": {
      "date": {
        "year": 2019,
        "month": 10,
        "day": 14
      },
      "time": {
        "hour": 11,
        "minute": 6,
        "second": 9,
        "nano": 0
      }
    },
    "citySender": "Одеса",
    "cityRecipient": "Калуш"
  },
  {
    "number": 59000454770685,
    "dateTime": {
      "date": {
        "year": 2019,
        "month": 10,
        "day": 14
      },
      "time": {
        "hour": 11,
        "minute": 6,
        "second": 3,
        "nano": 0
      }
    },
    "citySender": "Львів",
    "cityRecipient": "Чайки"
  },
  {
    "number": 59000454770686,
    "dateTime": {
      "date": {
        "year": 2019,
        "month": 10,
        "day": 14
      },
      "time": {
        "hour": 11,
        "minute": 6,
        "second": 11,
        "nano": 0
      }
    },
    "citySender": "Київ",
    "cityRecipient": "Київ"
  },
  {
    "number": 59000454770687,
    "dateTime": {
      "date": {
        "year": 2019,
        "month": 10,
        "day": 14
      },
      "time": {
        "hour": 11,
        "minute": 6,
        "second": 11,
        "nano": 0
      }
    },
    "citySender": "Руська Лозова",
    "cityRecipient": "Вільне (Криворізький р-н)"
  },
  {
    "number": 59000454770688,
    "dateTime": {
      "date": {
        "year": 2019,
        "month": 10,
        "day": 14
      },
      "time": {
        "hour": 11,
        "minute": 6,
        "second": 11,
        "nano": 0
      }
    },
    "citySender": "Новгородське (Донецька обл.)",
    "cityRecipient": "Одеса"
  },
  {
    "number": 59000454770689,
    "dateTime": {
      "date": {
        "year": 2019,
        "month": 10,
        "day": 14
      },
      "time": {
        "hour": 11,
        "minute": 5,
        "second": 54,
        "nano": 0
      }
    },
    "citySender": "Харків",
    "cityRecipient": "Долина"
  },
  {
    "number": 59000454770690,
    "dateTime": {
      "date": {
        "year": 2019,
        "month": 10,
        "day": 14
      },
      "time": {
        "hour": 11,
        "minute": 6,
        "second": 12,
        "nano": 0
      }
    },
    "citySender": "Калинівка (Вінницька обл., Калинівський р-н)",
    "cityRecipient": "Вінниця"
  },
  {
    "number": 59000454770691,
    "dateTime": {
      "date": {
        "year": 2019,
        "month": 10,
        "day": 14
      },
      "time": {
        "hour": 11,
        "minute": 6,
        "second": 13,
        "nano": 0
      }
    },
    "citySender": "Жмеринка",
    "cityRecipient": "Вінниця"
  },
  {
    "number": 59000454770692,
    "dateTime": {
      "date": {
        "year": 2019,
        "month": 10,
        "day": 14
      },
      "time": {
        "hour": 11,
        "minute": 6,
        "second": 13,
        "nano": 0
      }
    },
    "citySender": "Мукачево",
    "cityRecipient": "Мукачево"
  },
  {
    "number": 59000454770693,
    "dateTime": {
      "date": {
        "year": 2019,
        "month": 10,
        "day": 14
      },
      "time": {
        "hour": 11,
        "minute": 6,
        "second": 9,
        "nano": 0
      }
    },
    "citySender": "Кропивницький",
    "cityRecipient": "Ілічанка"
  },
  {
    "number": 59000454770694,
    "dateTime": {
      "date": {
        "year": 2019,
        "month": 10,
        "day": 14
      },
      "time": {
        "hour": 11,
        "minute": 5,
        "second": 51,
        "nano": 0
      }
    },
    "citySender": "Херсон",
    "cityRecipient": "Запоріжжя"
  }
]