[
  {
    "number": 59000454755105,
    "dateTime": {
      "date": {
        "year": 2019,
        "month": 10,
        "day": 14
      },
      "time": {
        "hour": 10,
        "minute": 1,
        "second": 20,
        "nano": 0
      }
    },
    "citySender": "Ходосівка",
    "cityRecipient": "Київ"
  },
  {
    "number": 59000454755106,
    "dateTime": {
      "date": {
        "year": 2019,
        "month": 10,
        "day": 14
      },
      "time": {
        "hour": 10,
        "minute": 1,
        "second": 20,
        "nano": 0
      }
    },
    "citySender": "Київ",
    "cityRecipient": "Київ"
  },
  {
    "number": 59000454755107,
    "dateTime": {
      "date": {
        "year": 2019,
        "month": 10,
        "day": 14
      },
      "time": {
        "hour": 10,
        "minute": 0,
        "second": 58,
        "nano": 0
      }
    },
    "citySender": "Вінниця",
    "cityRecipient": "Слов\u0027янськ"
  },
  {
    "number": 59000454755108,
    "dateTime": {
      "date": {
        "year": 2019,
        "month": 10,
        "day": 14
      },
      "time": {
        "hour": 9,
        "minute": 59,
        "second": 23,
        "nano": 0
      }
    },
    "citySender": "Івано-Франківськ",
    "cityRecipient": "Бобринець"
  },
  {
    "number": 59000454755109,
    "dateTime": {
      "date": {
        "year": 2019,
        "month": 10,
        "day": 14
      },
      "time": {
        "hour": 10,
        "minute": 0,
        "second": 14,
        "nano": 0
      }
    },
    "citySender": "Новомосковськ",
    "cityRecipient": "Білицьке(Донецька обл.)"
  },
  {
    "number": 59000454755110,
    "dateTime": {
      "date": {
        "year": 2019,
        "month": 10,
        "day": 14
      },
      "time": {
        "hour": 10,
        "minute": 0,
        "second": 55,
        "nano": 0
      }
    },
    "citySender": "Київ",
    "cityRecipient": "Івано-Франківськ"
  },
  {
    "number": 59000454755111,
    "dateTime": {
      "date": {
        "year": 2019,
        "month": 10,
        "day": 14
      },
      "time": {
        "hour": 10,
        "minute": 1,
        "second": 21,
        "nano": 0
      }
    },
    "citySender": "Дніпро",
    "cityRecipient": "Зимна Вода"
  },
  {
    "number": 59000454755112,
    "dateTime": {
      "date": {
        "year": 2019,
        "month": 10,
        "day": 14
      },
      "time": {
        "hour": 10,
        "minute": 0,
        "second": 1,
        "nano": 0
      }
    },
    "citySender": "Мангуш",
    "cityRecipient": "Хмельницький"
  },
  {
    "number": 59000454755113,
    "dateTime": {
      "date": {
        "year": 2019,
        "month": 10,
        "day": 14
      },
      "time": {
        "hour": 10,
        "minute": 1,
        "second": 19,
        "nano": 0
      }
    },
    "citySender": "Полтава",
    "cityRecipient": "Полтава"
  },
  {
    "number": 59000454755114,
    "dateTime": {
      "date": {
        "year": 2019,
        "month": 10,
        "day": 14
      },
      "time": {
        "hour": 10,
        "minute": 1,
        "second": 23,
        "nano": 0
      }
    },
    "citySender": "Житомир",
    "cityRecipient": "Фонтанка"
  },
  {
    "number": 59000454755115,
    "dateTime": {
      "date": {
        "year": 2019,
        "month": 10,
        "day": 14
      },
      "time": {
        "hour": 10,
        "minute": 1,
        "second": 23,
        "nano": 0
      }
    },
    "citySender": "Дніпро",
    "cityRecipient": "Ржищів"
  },
  {
    "number": 59000454755116,
    "dateTime": {
      "date": {
        "year": 2019,
        "month": 10,
        "day": 14
      },
      "time": {
        "hour": 10,
        "minute": 1,
        "second": 12,
        "nano": 0
      }
    },
    "citySender": "Одеса",
    "cityRecipient": "Запоріжжя"
  },
  {
    "number": 59000454755117,
    "dateTime": {
      "date": {
        "year": 2019,
        "month": 10,
        "day": 14
      },
      "time": {
        "hour": 10,
        "minute": 1,
        "second": 20,
        "nano": 0
      }
    },
    "citySender": "Теребовля",
    "cityRecipient": "Золотники (Тернопільська обл.)"
  },
  {
    "number": 59000454755118,
    "dateTime": {
      "date": {
        "year": 2019,
        "month": 10,
        "day": 14
      },
      "time": {
        "hour": 10,
        "minute": 1,
        "second": 1,
        "nano": 0
      }
    },
    "citySender": "Олександрівка (смт.Кіровог.обл.райц)",
    "cityRecipient": "Краматорськ"
  },
  {
    "number": 59000454755119,
    "dateTime": {
      "date": {
        "year": 2019,
        "month": 10,
        "day": 14
      },
      "time": {
        "hour": 10,
        "minute": 1,
        "second": 24,
        "nano": 0
      }
    },
    "citySender": "Кам\u0027янське(Дніпропетровська обл)",
    "cityRecipient": "Дніпро"
  },
  {
    "number": 59000454755120,
    "dateTime": {
      "date": {
        "year": 2019,
        "month": 10,
        "day": 14
      },
      "time": {
        "hour": 10,
        "minute": 0,
        "second": 46,
        "nano": 0
      }
    },
    "citySender": "Кривий Ріг",
    "cityRecipient": "Дніпро"
  },
  {
    "number": 59000454755121,
    "dateTime": {
      "date": {
        "year": 2019,
        "month": 10,
        "day": 14
      },
      "time": {
        "hour": 10,
        "minute": 0,
        "second": 51,
        "nano": 0
      }
    },
    "citySender": "Великий Дальник",
    "cityRecipient": "Дніпро"
  },
  {
    "number": 59000454755122,
    "dateTime": {
      "date": {
        "year": 2019,
        "month": 10,
        "day": 14
      },
      "time": {
        "hour": 10,
        "minute": 1,
        "second": 17,
        "nano": 0
      }
    },
    "citySender": "Стрий",
    "cityRecipient": "Бровари"
  },
  {
    "number": 59000454755123,
    "dateTime": {
      "date": {
        "year": 2019,
        "month": 10,
        "day": 14
      },
      "time": {
        "hour": 10,
        "minute": 1,
        "second": 24,
        "nano": 0
      }
    },
    "citySender": "Гадяч",
    "cityRecipient": "Полтава"
  },
  {
    "number": 59000454755124,
    "dateTime": {
      "date": {
        "year": 2019,
        "month": 10,
        "day": 14
      },
      "time": {
        "hour": 10,
        "minute": 1,
        "second": 23,
        "nano": 0
      }
    },
    "citySender": "Авангард",
    "cityRecipient": "Одеса"
  },
  {
    "number": 59000454755125,
    "dateTime": {
      "date": {
        "year": 2019,
        "month": 10,
        "day": 14
      },
      "time": {
        "hour": 10,
        "minute": 1,
        "second": 25,
        "nano": 0
      }
    },
    "citySender": "Чорноморськ",
    "cityRecipient": "Одеса"
  },
  {
    "number": 59000454755126,
    "dateTime": {
      "date": {
        "year": 2019,
        "month": 10,
        "day": 14
      },
      "time": {
        "hour": 10,
        "minute": 0,
        "second": 46,
        "nano": 0
      }
    },
    "citySender": "Станиця Луганська",
    "cityRecipient": "Миколаїв"
  },
  {
    "number": 59000454755127,
    "dateTime": {
      "date": {
        "year": 2019,
        "month": 10,
        "day": 14
      },
      "time": {
        "hour": 10,
        "minute": 1,
        "second": 5,
        "nano": 0
      }
    },
    "citySender": "Лубни",
    "cityRecipient": "Слов\u0027янськ"
  },
  {
    "number": 59000454755128,
    "dateTime": {
      "date": {
        "year": 2019,
        "month": 10,
        "day": 14
      },
      "time": {
        "hour": 10,
        "minute": 1,
        "second": 28,
        "nano": 0
      }
    },
    "citySender": "Харків",
    "cityRecipient": "Харків"
  },
  {
    "number": 59000454755129,
    "dateTime": {
      "date": {
        "year": 2019,
        "month": 10,
        "day": 14
      },
      "time": {
        "hour": 10,
        "minute": 1,
        "second": 28,
        "nano": 0
      }
    },
    "citySender": "Товсте",
    "cityRecipient": "Тернопіль"
  },
  {
    "number": 59000454755131,
    "dateTime": {
      "date": {
        "year": 2019,
        "month": 10,
        "day": 14
      },
      "time": {
        "hour": 10,
        "minute": 1,
        "second": 12,
        "nano": 0
      }
    },
    "citySender": "Івано-Франківськ",
    "cityRecipient": "Берегове"
  },
  {
    "number": 59000454755132,
    "dateTime": {
      "date": {
        "year": 2019,
        "month": 10,
        "day": 14
      },
      "time": {
        "hour": 10,
        "minute": 1,
        "second": 6,
        "nano": 0
      }
    },
    "citySender": "Славута",
    "cityRecipient": "Хмельницький"
  },
  {
    "number": 59000454755133,
    "dateTime": {
      "date": {
        "year": 2019,
        "month": 10,
        "day": 14
      },
      "time": {
        "hour": 10,
        "minute": 1,
        "second": 28,
        "nano": 0
      }
    },
    "citySender": "Вишневе",
    "cityRecipient": "Авангард"
  },
  {
    "number": 59000454755134,
    "dateTime": {
      "date": {
        "year": 2019,
        "month": 10,
        "day": 14
      },
      "time": {
        "hour": 10,
        "minute": 1,
        "second": 29,
        "nano": 0
      }
    },
    "citySender": "Щастя",
    "cityRecipient": "Сєвєродонецьк"
  },
  {
    "number": 59000454755135,
    "dateTime": {
      "date": {
        "year": 2019,
        "month": 10,
        "day": 14
      },
      "time": {
        "hour": 10,
        "minute": 1,
        "second": 29,
        "nano": 0
      }
    },
    "citySender": "Костянтинівка(Арбузинський р-н, Микол.обл.)",
    "cityRecipient": "Умань"
  },
  {
    "number": 59000454755136,
    "dateTime": {
      "date": {
        "year": 2019,
        "month": 10,
        "day": 14
      },
      "time": {
        "hour": 10,
        "minute": 1,
        "second": 17,
        "nano": 0
      }
    },
    "citySender": "Жашків",
    "cityRecipient": "Южне"
  },
  {
    "number": 59000454755137,
    "dateTime": {
      "date": {
        "year": 2019,
        "month": 10,
        "day": 14
      },
      "time": {
        "hour": 10,
        "minute": 1,
        "second": 26,
        "nano": 0
      }
    },
    "citySender": "Магдалинівка",
    "cityRecipient": "Одеса"
  },
  {
    "number": 59000454755139,
    "dateTime": {
      "date": {
        "year": 2019,
        "month": 10,
        "day": 14
      },
      "time": {
        "hour": 10,
        "minute": 1,
        "second": 30,
        "nano": 0
      }
    },
    "citySender": "Київ",
    "cityRecipient": "Київ"
  },
  {
    "number": 59000454755140,
    "dateTime": {
      "date": {
        "year": 2019,
        "month": 10,
        "day": 14
      },
      "time": {
        "hour": 10,
        "minute": 1,
        "second": 30,
        "nano": 0
      }
    },
    "citySender": "Гадяч",
    "cityRecipient": "Полтава"
  },
  {
    "number": 59000454755141,
    "dateTime": {
      "date": {
        "year": 2019,
        "month": 10,
        "day": 14
      },
      "time": {
        "hour": 10,
        "minute": 0,
        "second": 54,
        "nano": 0
      }
    },
    "citySender": "Київ",
    "cityRecipient": "Одеса"
  },
  {
    "number": 59000454755142,
    "dateTime": {
      "date": {
        "year": 2019,
        "month": 10,
        "day": 14
      },
      "time": {
        "hour": 10,
        "minute": 1,
        "second": 31,
        "nano": 0
      }
    },
    "citySender": "Дніпро",
    "cityRecipient": "Дніпро"
  },
  {
    "number": 59000454755143,
    "dateTime": {
      "date": {
        "year": 2019,
        "month": 10,
        "day": 14
      },
      "time": {
        "hour": 10,
        "minute": 1,
        "second": 28,
        "nano": 0
      }
    },
    "citySender": "Вінниця",
    "cityRecipient": "Лозова"
  },
  {
    "number": 59000454755144,
    "dateTime": {
      "date": {
        "year": 2019,
        "month": 10,
        "day": 14
      },
      "time": {
        "hour": 10,
        "minute": 1,
        "second": 26,
        "nano": 0
      }
    },
    "citySender": "Переяслав-Хмельницький",
    "cityRecipient": "Одеса"
  },
  {
    "number": 59000454755145,
    "dateTime": {
      "date": {
        "year": 2019,
        "month": 10,
        "day": 14
      },
      "time": {
        "hour": 10,
        "minute": 1,
        "second": 33,
        "nano": 0
      }
    },
    "citySender": "Олевськ",
    "cityRecipient": "Київ"
  },
  {
    "number": 59000454755146,
    "dateTime": {
      "date": {
        "year": 2019,
        "month": 10,
        "day": 14
      },
      "time": {
        "hour": 10,
        "minute": 1,
        "second": 33,
        "nano": 0
      }
    },
    "citySender": "Сутиски",
    "cityRecipient": "Вінниця"
  },
  {
    "number": 59000454755147,
    "dateTime": {
      "date": {
        "year": 2019,
        "month": 10,
        "day": 14
      },
      "time": {
        "hour": 10,
        "minute": 1,
        "second": 28,
        "nano": 0
      }
    },
    "citySender": "Одеса",
    "cityRecipient": "Христинівка"
  },
  {
    "number": 59000454755148,
    "dateTime": {
      "date": {
        "year": 2019,
        "month": 10,
        "day": 14
      },
      "time": {
        "hour": 10,
        "minute": 1,
        "second": 33,
        "nano": 0
      }
    },
    "citySender": "Черкаси",
    "cityRecipient": "Черкаси"
  },
  {
    "number": 59000454755149,
    "dateTime": {
      "date": {
        "year": 2019,
        "month": 10,
        "day": 14
      },
      "time": {
        "hour": 10,
        "minute": 1,
        "second": 16,
        "nano": 0
      }
    },
    "citySender": "Нововолинськ",
    "cityRecipient": "Бабаї"
  },
  {
    "number": 59000454755150,
    "dateTime": {
      "date": {
        "year": 2019,
        "month": 10,
        "day": 14
      },
      "time": {
        "hour": 10,
        "minute": 0,
        "second": 51,
        "nano": 0
      }
    },
    "citySender": "Дніпро",
    "cityRecipient": "Кременчук"
  },
  {
    "number": 59000454755151,
    "dateTime": {
      "date": {
        "year": 2019,
        "month": 10,
        "day": 14
      },
      "time": {
        "hour": 10,
        "minute": 1,
        "second": 30,
        "nano": 0
      }
    },
    "citySender": "Нововолинськ",
    "cityRecipient": "Ірпінь"
  },
  {
    "number": 59000454755152,
    "dateTime": {
      "date": {
        "year": 2019,
        "month": 10,
        "day": 14
      },
      "time": {
        "hour": 10,
        "minute": 1,
        "second": 8,
        "nano": 0
      }
    },
    "citySender": "Київ",
    "cityRecipient": "Харків"
  },
  {
    "number": 59000454755153,
    "dateTime": {
      "date": {
        "year": 2019,
        "month": 10,
        "day": 14
      },
      "time": {
        "hour": 10,
        "minute": 0,
        "second": 54,
        "nano": 0
      }
    },
    "citySender": "Моршин",
    "cityRecipient": "Українка"
  },
  {
    "number": 59000454755154,
    "dateTime": {
      "date": {
        "year": 2019,
        "month": 10,
        "day": 14
      },
      "time": {
        "hour": 10,
        "minute": 1,
        "second": 12,
        "nano": 0
      }
    },
    "citySender": "Судова Вишня",
    "cityRecipient": "Київ"
  },
  {
    "number": 59000454755155,
    "dateTime": {
      "date": {
        "year": 2019,
        "month": 10,
        "day": 14
      },
      "time": {
        "hour": 10,
        "minute": 1,
        "second": 34,
        "nano": 0
      }
    },
    "citySender": "Дніпро",
    "cityRecipient": "Одеса"
  },
  {
    "number": 59000454755156,
    "dateTime": {
      "date": {
        "year": 2019,
        "month": 10,
        "day": 14
      },
      "time": {
        "hour": 10,
        "minute": 1,
        "second": 34,
        "nano": 0
      }
    },
    "citySender": "Збараж",
    "cityRecipient": "Одеса"
  },
  {
    "number": 59000454755157,
    "dateTime": {
      "date": {
        "year": 2019,
        "month": 10,
        "day": 14
      },
      "time": {
        "hour": 10,
        "minute": 0,
        "second": 13,
        "nano": 0
      }
    },
    "citySender": "Дубровиця (Рівненська обл.)",
    "cityRecipient": "Бровари"
  },
  {
    "number": 59000454755158,
    "dateTime": {
      "date": {
        "year": 2019,
        "month": 10,
        "day": 14
      },
      "time": {
        "hour": 10,
        "minute": 1,
        "second": 23,
        "nano": 0
      }
    },
    "citySender": "Дубно",
    "cityRecipient": "Одеса"
  },
  {
    "number": 59000454755160,
    "dateTime": {
      "date": {
        "year": 2019,
        "month": 10,
        "day": 14
      },
      "time": {
        "hour": 10,
        "minute": 1,
        "second": 35,
        "nano": 0
      }
    },
    "citySender": "Ходосівка",
    "cityRecipient": "Київ"
  },
  {
    "number": 59000454755161,
    "dateTime": {
      "date": {
        "year": 2019,
        "month": 10,
        "day": 14
      },
      "time": {
        "hour": 10,
        "minute": 1,
        "second": 8,
        "nano": 0
      }
    },
    "citySender": "Перечин",
    "cityRecipient": "Путивль"
  },
  {
    "number": 59000454755162,
    "dateTime": {
      "date": {
        "year": 2019,
        "month": 10,
        "day": 14
      },
      "time": {
        "hour": 10,
        "minute": 1,
        "second": 33,
        "nano": 0
      }
    },
    "citySender": "Чернівці",
    "cityRecipient": "Київ"
  },
  {
    "number": 59000454755163,
    "dateTime": {
      "date": {
        "year": 2019,
        "month": 10,
        "day": 14
      },
      "time": {
        "hour": 10,
        "minute": 0,
        "second": 16,
        "nano": 0
      }
    },
    "citySender": "Запоріжжя",
    "cityRecipient": "Київ"
  },
  {
    "number": 59000454755164,
    "dateTime": {
      "date": {
        "year": 2019,
        "month": 10,
        "day": 14
      },
      "time": {
        "hour": 10,
        "minute": 1,
        "second": 23,
        "nano": 0
      }
    },
    "citySender": "Чернівці",
    "cityRecipient": "Харків"
  },
  {
    "number": 59000454755165,
    "dateTime": {
      "date": {
        "year": 2019,
        "month": 10,
        "day": 14
      },
      "time": {
        "hour": 10,
        "minute": 0,
        "second": 56,
        "nano": 0
      }
    },
    "citySender": "Харків",
    "cityRecipient": "Кривий Ріг"
  },
  {
    "number": 59000454755166,
    "dateTime": {
      "date": {
        "year": 2019,
        "month": 10,
        "day": 14
      },
      "time": {
        "hour": 10,
        "minute": 1,
        "second": 36,
        "nano": 0
      }
    },
    "citySender": "Лисичанськ",
    "cityRecipient": "Сєвєродонецьк"
  },
  {
    "number": 59000454755167,
    "dateTime": {
      "date": {
        "year": 2019,
        "month": 10,
        "day": 14
      },
      "time": {
        "hour": 10,
        "minute": 1,
        "second": 35,
        "nano": 0
      }
    },
    "citySender": "Покровське (Покровський р-н Дніпропетровська обл.)",
    "cityRecipient": "Вінниця"
  },
  {
    "number": 59000454755169,
    "dateTime": {
      "date": {
        "year": 2019,
        "month": 10,
        "day": 14
      },
      "time": {
        "hour": 10,
        "minute": 1,
        "second": 30,
        "nano": 0
      }
    },
    "citySender": "Миронівка",
    "cityRecipient": "Ксаверівка (Київська обл.)"
  },
  {
    "number": 59000454755170,
    "dateTime": {
      "date": {
        "year": 2019,
        "month": 10,
        "day": 14
      },
      "time": {
        "hour": 10,
        "minute": 1,
        "second": 25,
        "nano": 0
      }
    },
    "citySender": "Шостка",
    "cityRecipient": "Харків"
  },
  {
    "number": 59000454755171,
    "dateTime": {
      "date": {
        "year": 2019,
        "month": 10,
        "day": 14
      },
      "time": {
        "hour": 10,
        "minute": 0,
        "second": 59,
        "nano": 0
      }
    },
    "citySender": "Костопіль",
    "cityRecipient": "Київ"
  },
  {
    "number": 59000454755172,
    "dateTime": {
      "date": {
        "year": 2019,
        "month": 10,
        "day": 14
      },
      "time": {
        "hour": 10,
        "minute": 1,
        "second": 37,
        "nano": 0
      }
    },
    "citySender": "Кам\u0027янське(Дніпропетровська обл)",
    "cityRecipient": "Дніпро"
  },
  {
    "number": 59000454755173,
    "dateTime": {
      "date": {
        "year": 2019,
        "month": 10,
        "day": 14
      },
      "time": {
        "hour": 10,
        "minute": 1,
        "second": 37,
        "nano": 0
      }
    },
    "citySender": "Бугас",
    "cityRecipient": "Київ"
  },
  {
    "number": 59000454755174,
    "dateTime": {
      "date": {
        "year": 2019,
        "month": 10,
        "day": 14
      },
      "time": {
        "hour": 10,
        "minute": 1,
        "second": 38,
        "nano": 0
      }
    },
    "citySender": "Доманівка",
    "cityRecipient": "Умань"
  },
  {
    "number": 59000454755175,
    "dateTime": {
      "date": {
        "year": 2019,
        "month": 10,
        "day": 14
      },
      "time": {
        "hour": 10,
        "minute": 1,
        "second": 38,
        "nano": 0
      }
    },
    "citySender": "Гнівань",
    "cityRecipient": "Вінниця"
  },
  {
    "number": 59000454755176,
    "dateTime": {
      "date": {
        "year": 2019,
        "month": 10,
        "day": 14
      },
      "time": {
        "hour": 10,
        "minute": 1,
        "second": 14,
        "nano": 0
      }
    },
    "citySender": "Богуслав (Київська обл.)",
    "cityRecipient": "Петропавлівка (Дніпропетровська обл.)"
  },
  {
    "number": 59000454755177,
    "dateTime": {
      "date": {
        "year": 2019,
        "month": 10,
        "day": 14
      },
      "time": {
        "hour": 10,
        "minute": 0,
        "second": 30,
        "nano": 0
      }
    },
    "citySender": "Запоріжжя",
    "cityRecipient": "Петропавлівка (Дніпропетровська обл.)"
  },
  {
    "number": 59000454755178,
    "dateTime": {
      "date": {
        "year": 2019,
        "month": 10,
        "day": 14
      },
      "time": {
        "hour": 10,
        "minute": 1,
        "second": 30,
        "nano": 0
      }
    },
    "citySender": "Вінниця",
    "cityRecipient": "Ірпінь"
  },
  {
    "number": 59000454755179,
    "dateTime": {
      "date": {
        "year": 2019,
        "month": 10,
        "day": 14
      },
      "time": {
        "hour": 10,
        "minute": 1,
        "second": 35,
        "nano": 0
      }
    },
    "citySender": "Херсон",
    "cityRecipient": "Київ"
  },
  {
    "number": 59000454755180,
    "dateTime": {
      "date": {
        "year": 2019,
        "month": 10,
        "day": 14
      },
      "time": {
        "hour": 10,
        "minute": 1,
        "second": 14,
        "nano": 0
      }
    },
    "citySender": "Харків",
    "cityRecipient": "Мар\u0027янське"
  },
  {
    "number": 59000454755181,
    "dateTime": {
      "date": {
        "year": 2019,
        "month": 10,
        "day": 14
      },
      "time": {
        "hour": 10,
        "minute": 1,
        "second": 39,
        "nano": 0
      }
    },
    "citySender": "Олександрія (м.Кіровогр.обл.райц)",
    "cityRecipient": "Кропивницький"
  },
  {
    "number": 59000454755182,
    "dateTime": {
      "date": {
        "year": 2019,
        "month": 10,
        "day": 14
      },
      "time": {
        "hour": 10,
        "minute": 1,
        "second": 10,
        "nano": 0
      }
    },
    "citySender": "Бар",
    "cityRecipient": "Хмельницький"
  },
  {
    "number": 59000454755183,
    "dateTime": {
      "date": {
        "year": 2019,
        "month": 10,
        "day": 14
      },
      "time": {
        "hour": 10,
        "minute": 1,
        "second": 28,
        "nano": 0
      }
    },
    "citySender": "Київ",
    "cityRecipient": "Сєвєродонецьк"
  },
  {
    "number": 59000454755184,
    "dateTime": {
      "date": {
        "year": 2019,
        "month": 10,
        "day": 14
      },
      "time": {
        "hour": 10,
        "minute": 0,
        "second": 37,
        "nano": 0
      }
    },
    "citySender": "Пушкарівка",
    "cityRecipient": "Костопіль"
  },
  {
    "number": 59000454755185,
    "dateTime": {
      "date": {
        "year": 2019,
        "month": 10,
        "day": 14
      },
      "time": {
        "hour": 10,
        "minute": 1,
        "second": 42,
        "nano": 0
      }
    },
    "citySender": "Тульчин",
    "cityRecipient": "Вінниця"
  },
  {
    "number": 59000454755186,
    "dateTime": {
      "date": {
        "year": 2019,
        "month": 10,
        "day": 14
      },
      "time": {
        "hour": 10,
        "minute": 1,
        "second": 33,
        "nano": 0
      }
    },
    "citySender": "Краматорськ",
    "cityRecipient": "Пісочин"
  },
  {
    "number": 59000454755187,
    "dateTime": {
      "date": {
        "year": 2019,
        "month": 10,
        "day": 14
      },
      "time": {
        "hour": 10,
        "minute": 1,
        "second": 33,
        "nano": 0
      }
    },
    "citySender": "Бровари",
    "cityRecipient": "Миргород"
  },
  {
    "number": 59000454755188,
    "dateTime": {
      "date": {
        "year": 2019,
        "month": 10,
        "day": 14
      },
      "time": {
        "hour": 10,
        "minute": 1,
        "second": 3,
        "nano": 0
      }
    },
    "citySender": "Мукачево",
    "cityRecipient": "Київ"
  },
  {
    "number": 59000454755189,
    "dateTime": {
      "date": {
        "year": 2019,
        "month": 10,
        "day": 14
      },
      "time": {
        "hour": 10,
        "minute": 1,
        "second": 34,
        "nano": 0
      }
    },
    "citySender": "Одеса",
    "cityRecipient": "Суми"
  },
  {
    "number": 59000454755190,
    "dateTime": {
      "date": {
        "year": 2019,
        "month": 10,
        "day": 14
      },
      "time": {
        "hour": 10,
        "minute": 1,
        "second": 44,
        "nano": 0
      }
    },
    "citySender": "Тернопіль",
    "cityRecipient": "Тернопіль"
  },
  {
    "number": 59000454755191,
    "dateTime": {
      "date": {
        "year": 2019,
        "month": 10,
        "day": 14
      },
      "time": {
        "hour": 10,
        "minute": 1,
        "second": 29,
        "nano": 0
      }
    },
    "citySender": "Харків",
    "cityRecipient": "Коломия"
  },
  {
    "number": 59000454755192,
    "dateTime": {
      "date": {
        "year": 2019,
        "month": 10,
        "day": 14
      },
      "time": {
        "hour": 10,
        "minute": 1,
        "second": 3,
        "nano": 0
      }
    },
    "citySender": "Умань",
    "cityRecipient": "Київ"
  },
  {
    "number": 59000454755193,
    "dateTime": {
      "date": {
        "year": 2019,
        "month": 10,
        "day": 14
      },
      "time": {
        "hour": 9,
        "minute": 57,
        "second": 21,
        "nano": 0
      }
    },
    "citySender": "Сосниця",
    "cityRecipient": "Новотроїцьке (Донецька обл.)"
  },
  {
    "number": 59000454755194,
    "dateTime": {
      "date": {
        "year": 2019,
        "month": 10,
        "day": 14
      },
      "time": {
        "hour": 10,
        "minute": 1,
        "second": 16,
        "nano": 0
      }
    },
    "citySender": "Дніпро",
    "cityRecipient": "Запоріжжя"
  },
  {
    "number": 59000454755195,
    "dateTime": {
      "date": {
        "year": 2019,
        "month": 10,
        "day": 14
      },
      "time": {
        "hour": 10,
        "minute": 1,
        "second": 45,
        "nano": 0
      }
    },
    "citySender": "Київ",
    "cityRecipient": "Київ"
  },
  {
    "number": 59000454755198,
    "dateTime": {
      "date": {
        "year": 2019,
        "month": 10,
        "day": 14
      },
      "time": {
        "hour": 10,
        "minute": 1,
        "second": 46,
        "nano": 0
      }
    },
    "citySender": "Ріпки",
    "cityRecipient": "Харків"
  },
  {
    "number": 59000454755199,
    "dateTime": {
      "date": {
        "year": 2019,
        "month": 10,
        "day": 14
      },
      "time": {
        "hour": 10,
        "minute": 1,
        "second": 12,
        "nano": 0
      }
    },
    "citySender": "Київ",
    "cityRecipient": "Вінниця"
  },
  {
    "number": 59000454755200,
    "dateTime": {
      "date": {
        "year": 2019,
        "month": 10,
        "day": 14
      },
      "time": {
        "hour": 10,
        "minute": 1,
        "second": 38,
        "nano": 0
      }
    },
    "citySender": "Чабани",
    "cityRecipient": "Київ"
  },
  {
    "number": 59000454755201,
    "dateTime": {
      "date": {
        "year": 2019,
        "month": 10,
        "day": 14
      },
      "time": {
        "hour": 10,
        "minute": 1,
        "second": 48,
        "nano": 0
      }
    },
    "citySender": "Царичанка",
    "cityRecipient": "Дніпро"
  },
  {
    "number": 59000454755202,
    "dateTime": {
      "date": {
        "year": 2019,
        "month": 10,
        "day": 14
      },
      "time": {
        "hour": 10,
        "minute": 1,
        "second": 22,
        "nano": 0
      }
    },
    "citySender": "Синельникове",
    "cityRecipient": "Мелекіне"
  },
  {
    "number": 59000454755203,
    "dateTime": {
      "date": {
        "year": 2019,
        "month": 10,
        "day": 14
      },
      "time": {
        "hour": 9,
        "minute": 57,
        "second": 0,
        "nano": 0
      }
    },
    "citySender": "Херсон",
    "cityRecipient": "Херсон"
  },
  {
    "number": 59000454755204,
    "dateTime": {
      "date": {
        "year": 2019,
        "month": 10,
        "day": 14
      },
      "time": {
        "hour": 10,
        "minute": 1,
        "second": 49,
        "nano": 0
      }
    },
    "citySender": "Козова",
    "cityRecipient": "Тернопіль"
  }
]