[
  {
    "number": 59000454791883,
    "dateTime": {
      "date": {
        "year": 2019,
        "month": 10,
        "day": 14
      },
      "time": {
        "hour": 12,
        "minute": 11,
        "second": 44,
        "nano": 0
      }
    },
    "citySender": "Овруч",
    "cityRecipient": "Крюківщина"
  },
  {
    "number": 59000454791884,
    "dateTime": {
      "date": {
        "year": 2019,
        "month": 10,
        "day": 14
      },
      "time": {
        "hour": 12,
        "minute": 11,
        "second": 48,
        "nano": 0
      }
    },
    "citySender": "Кривий Ріг",
    "cityRecipient": "Дніпро"
  },
  {
    "number": 59000454791885,
    "dateTime": {
      "date": {
        "year": 2019,
        "month": 10,
        "day": 14
      },
      "time": {
        "hour": 12,
        "minute": 13,
        "second": 10,
        "nano": 0
      }
    },
    "citySender": "Вінниця",
    "cityRecipient": "Вінниця"
  },
  {
    "number": 59000454791886,
    "dateTime": {
      "date": {
        "year": 2019,
        "month": 10,
        "day": 14
      },
      "time": {
        "hour": 12,
        "minute": 11,
        "second": 56,
        "nano": 0
      }
    },
    "citySender": "Верхньодніпровськ",
    "cityRecipient": "Харків"
  },
  {
    "number": 59000454791887,
    "dateTime": {
      "date": {
        "year": 2019,
        "month": 10,
        "day": 14
      },
      "time": {
        "hour": 12,
        "minute": 13,
        "second": 10,
        "nano": 0
      }
    },
    "citySender": "Київ",
    "cityRecipient": "Київ"
  },
  {
    "number": 59000454791888,
    "dateTime": {
      "date": {
        "year": 2019,
        "month": 10,
        "day": 14
      },
      "time": {
        "hour": 12,
        "minute": 13,
        "second": 10,
        "nano": 0
      }
    },
    "citySender": "Харків",
    "cityRecipient": "Серебрія"
  },
  {
    "number": 59000454791889,
    "dateTime": {
      "date": {
        "year": 2019,
        "month": 10,
        "day": 14
      },
      "time": {
        "hour": 12,
        "minute": 13,
        "second": 10,
        "nano": 0
      }
    },
    "citySender": "Львів",
    "cityRecipient": "Львів"
  },
  {
    "number": 59000454791890,
    "dateTime": {
      "date": {
        "year": 2019,
        "month": 10,
        "day": 14
      },
      "time": {
        "hour": 12,
        "minute": 13,
        "second": 9,
        "nano": 0
      }
    },
    "citySender": "Тернопіль",
    "cityRecipient": "Миколаїв"
  },
  {
    "number": 59000454791891,
    "dateTime": {
      "date": {
        "year": 2019,
        "month": 10,
        "day": 14
      },
      "time": {
        "hour": 12,
        "minute": 13,
        "second": 10,
        "nano": 0
      }
    },
    "citySender": "Кривий Ріг",
    "cityRecipient": "Кривий Ріг"
  },
  {
    "number": 59000454791892,
    "dateTime": {
      "date": {
        "year": 2019,
        "month": 10,
        "day": 14
      },
      "time": {
        "hour": 12,
        "minute": 12,
        "second": 50,
        "nano": 0
      }
    },
    "citySender": "Запоріжжя",
    "cityRecipient": "Ясіня"
  },
  {
    "number": 59000454791893,
    "dateTime": {
      "date": {
        "year": 2019,
        "month": 10,
        "day": 14
      },
      "time": {
        "hour": 12,
        "minute": 11,
        "second": 49,
        "nano": 0
      }
    },
    "citySender": "Київ",
    "cityRecipient": "Миколаїв"
  },
  {
    "number": 59000454791894,
    "dateTime": {
      "date": {
        "year": 2019,
        "month": 10,
        "day": 14
      },
      "time": {
        "hour": 12,
        "minute": 13,
        "second": 11,
        "nano": 0
      }
    },
    "citySender": "Кривий Ріг",
    "cityRecipient": "Кривий Ріг"
  },
  {
    "number": 59000454791895,
    "dateTime": {
      "date": {
        "year": 2019,
        "month": 10,
        "day": 14
      },
      "time": {
        "hour": 12,
        "minute": 13,
        "second": 11,
        "nano": 0
      }
    },
    "citySender": "Любешів",
    "cityRecipient": "Дачне"
  },
  {
    "number": 59000454791896,
    "dateTime": {
      "date": {
        "year": 2019,
        "month": 10,
        "day": 14
      },
      "time": {
        "hour": 12,
        "minute": 12,
        "second": 41,
        "nano": 0
      }
    },
    "citySender": "Київ",
    "cityRecipient": "Вороньків"
  },
  {
    "number": 59000454791897,
    "dateTime": {
      "date": {
        "year": 2019,
        "month": 10,
        "day": 14
      },
      "time": {
        "hour": 12,
        "minute": 12,
        "second": 51,
        "nano": 0
      }
    },
    "citySender": "Стебник",
    "cityRecipient": "Івано-Франкове"
  },
  {
    "number": 59000454791898,
    "dateTime": {
      "date": {
        "year": 2019,
        "month": 10,
        "day": 14
      },
      "time": {
        "hour": 12,
        "minute": 13,
        "second": 2,
        "nano": 0
      }
    },
    "citySender": "Біла Церква",
    "cityRecipient": "Кожанка"
  },
  {
    "number": 59000454791899,
    "dateTime": {
      "date": {
        "year": 2019,
        "month": 10,
        "day": 14
      },
      "time": {
        "hour": 12,
        "minute": 12,
        "second": 19,
        "nano": 0
      }
    },
    "citySender": "Мелітополь",
    "cityRecipient": "Харків"
  },
  {
    "number": 59000454791900,
    "dateTime": {
      "date": {
        "year": 2019,
        "month": 10,
        "day": 14
      },
      "time": {
        "hour": 12,
        "minute": 13,
        "second": 11,
        "nano": 0
      }
    },
    "citySender": "Запоріжжя",
    "cityRecipient": "Запоріжжя"
  },
  {
    "number": 59000454791901,
    "dateTime": {
      "date": {
        "year": 2019,
        "month": 10,
        "day": 14
      },
      "time": {
        "hour": 12,
        "minute": 12,
        "second": 41,
        "nano": 0
      }
    },
    "citySender": "Покровськ (Донецька обл.)",
    "cityRecipient": "Ямпіль (Вінницька обл.)"
  },
  {
    "number": 59000454791902,
    "dateTime": {
      "date": {
        "year": 2019,
        "month": 10,
        "day": 14
      },
      "time": {
        "hour": 12,
        "minute": 12,
        "second": 43,
        "nano": 0
      }
    },
    "citySender": "Чинадійово",
    "cityRecipient": "Ізмаїл"
  },
  {
    "number": 59000454791904,
    "dateTime": {
      "date": {
        "year": 2019,
        "month": 10,
        "day": 14
      },
      "time": {
        "hour": 12,
        "minute": 12,
        "second": 12,
        "nano": 0
      }
    },
    "citySender": "Мукачево",
    "cityRecipient": "Ужгород"
  },
  {
    "number": 59000454791905,
    "dateTime": {
      "date": {
        "year": 2019,
        "month": 10,
        "day": 14
      },
      "time": {
        "hour": 12,
        "minute": 12,
        "second": 49,
        "nano": 0
      }
    },
    "citySender": "Світловодськ",
    "cityRecipient": "Київ"
  },
  {
    "number": 59000454791906,
    "dateTime": {
      "date": {
        "year": 2019,
        "month": 10,
        "day": 14
      },
      "time": {
        "hour": 12,
        "minute": 13,
        "second": 6,
        "nano": 0
      }
    },
    "citySender": "Харків",
    "cityRecipient": "Київ"
  },
  {
    "number": 59000454791907,
    "dateTime": {
      "date": {
        "year": 2019,
        "month": 10,
        "day": 14
      },
      "time": {
        "hour": 12,
        "minute": 12,
        "second": 19,
        "nano": 0
      }
    },
    "citySender": "Добропілля",
    "cityRecipient": "Маріуполь"
  },
  {
    "number": 59000454791908,
    "dateTime": {
      "date": {
        "year": 2019,
        "month": 10,
        "day": 14
      },
      "time": {
        "hour": 12,
        "minute": 12,
        "second": 58,
        "nano": 0
      }
    },
    "citySender": "Київ",
    "cityRecipient": "Одеса"
  },
  {
    "number": 59000454791909,
    "dateTime": {
      "date": {
        "year": 2019,
        "month": 10,
        "day": 14
      },
      "time": {
        "hour": 12,
        "minute": 13,
        "second": 3,
        "nano": 0
      }
    },
    "citySender": "Одеса",
    "cityRecipient": "Чернігів"
  },
  {
    "number": 59000454791910,
    "dateTime": {
      "date": {
        "year": 2019,
        "month": 10,
        "day": 14
      },
      "time": {
        "hour": 12,
        "minute": 13,
        "second": 13,
        "nano": 0
      }
    },
    "citySender": "Київ",
    "cityRecipient": "Київ"
  },
  {
    "number": 59000454791911,
    "dateTime": {
      "date": {
        "year": 2019,
        "month": 10,
        "day": 14
      },
      "time": {
        "hour": 12,
        "minute": 13,
        "second": 13,
        "nano": 0
      }
    },
    "citySender": "Кривий Ріг",
    "cityRecipient": "Кривий Ріг"
  },
  {
    "number": 59000454791912,
    "dateTime": {
      "date": {
        "year": 2019,
        "month": 10,
        "day": 14
      },
      "time": {
        "hour": 12,
        "minute": 12,
        "second": 55,
        "nano": 0
      }
    },
    "citySender": "Ірпінь",
    "cityRecipient": "Кременчук"
  },
  {
    "number": 59000454791913,
    "dateTime": {
      "date": {
        "year": 2019,
        "month": 10,
        "day": 14
      },
      "time": {
        "hour": 12,
        "minute": 13,
        "second": 14,
        "nano": 0
      }
    },
    "citySender": "Харків",
    "cityRecipient": "Харків"
  },
  {
    "number": 59000454791916,
    "dateTime": {
      "date": {
        "year": 2019,
        "month": 10,
        "day": 14
      },
      "time": {
        "hour": 12,
        "minute": 12,
        "second": 49,
        "nano": 0
      }
    },
    "citySender": "Запоріжжя",
    "cityRecipient": "Михайлівка (Михайлівський р-н., Запорізька обл.)"
  },
  {
    "number": 59000454791917,
    "dateTime": {
      "date": {
        "year": 2019,
        "month": 10,
        "day": 14
      },
      "time": {
        "hour": 12,
        "minute": 13,
        "second": 14,
        "nano": 0
      }
    },
    "citySender": "Тягинка",
    "cityRecipient": "Херсон"
  },
  {
    "number": 59000454791918,
    "dateTime": {
      "date": {
        "year": 2019,
        "month": 10,
        "day": 14
      },
      "time": {
        "hour": 12,
        "minute": 12,
        "second": 52,
        "nano": 0
      }
    },
    "citySender": "Запоріжжя",
    "cityRecipient": "Кирилівка (Донецька обл., Нікольський р-н)"
  },
  {
    "number": 59000454791919,
    "dateTime": {
      "date": {
        "year": 2019,
        "month": 10,
        "day": 14
      },
      "time": {
        "hour": 12,
        "minute": 13,
        "second": 14,
        "nano": 0
      }
    },
    "citySender": "Карлівка",
    "cityRecipient": "Гельмязів"
  },
  {
    "number": 59000454791920,
    "dateTime": {
      "date": {
        "year": 2019,
        "month": 10,
        "day": 14
      },
      "time": {
        "hour": 12,
        "minute": 13,
        "second": 15,
        "nano": 0
      }
    },
    "citySender": "Червоногригорівка",
    "cityRecipient": "Запоріжжя"
  },
  {
    "number": 59000454791921,
    "dateTime": {
      "date": {
        "year": 2019,
        "month": 10,
        "day": 14
      },
      "time": {
        "hour": 12,
        "minute": 13,
        "second": 15,
        "nano": 0
      }
    },
    "citySender": "Великі Копані",
    "cityRecipient": "Київ"
  },
  {
    "number": 59000454791922,
    "dateTime": {
      "date": {
        "year": 2019,
        "month": 10,
        "day": 14
      },
      "time": {
        "hour": 12,
        "minute": 13,
        "second": 15,
        "nano": 0
      }
    },
    "citySender": "Одеса",
    "cityRecipient": "Біла Церква"
  },
  {
    "number": 59000454791923,
    "dateTime": {
      "date": {
        "year": 2019,
        "month": 10,
        "day": 14
      },
      "time": {
        "hour": 12,
        "minute": 13,
        "second": 15,
        "nano": 0
      }
    },
    "citySender": "Кривий Ріг",
    "cityRecipient": "Кривий Ріг"
  },
  {
    "number": 59000454791924,
    "dateTime": {
      "date": {
        "year": 2019,
        "month": 10,
        "day": 14
      },
      "time": {
        "hour": 12,
        "minute": 12,
        "second": 23,
        "nano": 0
      }
    },
    "citySender": "Київ",
    "cityRecipient": "Київ"
  },
  {
    "number": 59000454791925,
    "dateTime": {
      "date": {
        "year": 2019,
        "month": 10,
        "day": 14
      },
      "time": {
        "hour": 12,
        "minute": 13,
        "second": 10,
        "nano": 0
      }
    },
    "citySender": "Одеса",
    "cityRecipient": "Київ"
  },
  {
    "number": 59000454791926,
    "dateTime": {
      "date": {
        "year": 2019,
        "month": 10,
        "day": 14
      },
      "time": {
        "hour": 12,
        "minute": 13,
        "second": 15,
        "nano": 0
      }
    },
    "citySender": "Рені",
    "cityRecipient": "Одеса"
  },
  {
    "number": 59000454791927,
    "dateTime": {
      "date": {
        "year": 2019,
        "month": 10,
        "day": 14
      },
      "time": {
        "hour": 12,
        "minute": 12,
        "second": 49,
        "nano": 0
      }
    },
    "citySender": "Одеса",
    "cityRecipient": "Київ"
  },
  {
    "number": 59000454791928,
    "dateTime": {
      "date": {
        "year": 2019,
        "month": 10,
        "day": 14
      },
      "time": {
        "hour": 12,
        "minute": 13,
        "second": 10,
        "nano": 0
      }
    },
    "citySender": "Київ",
    "cityRecipient": "Біла Церква"
  },
  {
    "number": 59000454791929,
    "dateTime": {
      "date": {
        "year": 2019,
        "month": 10,
        "day": 14
      },
      "time": {
        "hour": 12,
        "minute": 13,
        "second": 12,
        "nano": 0
      }
    },
    "citySender": "Кам\u0027янець-Подільський",
    "cityRecipient": "Дніпро"
  },
  {
    "number": 59000454791930,
    "dateTime": {
      "date": {
        "year": 2019,
        "month": 10,
        "day": 14
      },
      "time": {
        "hour": 12,
        "minute": 12,
        "second": 29,
        "nano": 0
      }
    },
    "citySender": "Одеса",
    "cityRecipient": "Миколаїв (Львівська обл., Миколаївський р-н)"
  },
  {
    "number": 59000454791931,
    "dateTime": {
      "date": {
        "year": 2019,
        "month": 10,
        "day": 14
      },
      "time": {
        "hour": 12,
        "minute": 13,
        "second": 1,
        "nano": 0
      }
    },
    "citySender": "Дніпро",
    "cityRecipient": "Київ"
  },
  {
    "number": 59000454791932,
    "dateTime": {
      "date": {
        "year": 2019,
        "month": 10,
        "day": 14
      },
      "time": {
        "hour": 12,
        "minute": 13,
        "second": 16,
        "nano": 0
      }
    },
    "citySender": "Кривий Ріг",
    "cityRecipient": "Кривий Ріг"
  },
  {
    "number": 59000454791933,
    "dateTime": {
      "date": {
        "year": 2019,
        "month": 10,
        "day": 14
      },
      "time": {
        "hour": 12,
        "minute": 13,
        "second": 16,
        "nano": 0
      }
    },
    "citySender": "Вінниця",
    "cityRecipient": "Вінниця"
  },
  {
    "number": 59000454791934,
    "dateTime": {
      "date": {
        "year": 2019,
        "month": 10,
        "day": 14
      },
      "time": {
        "hour": 12,
        "minute": 13,
        "second": 17,
        "nano": 0
      }
    },
    "citySender": "Берегове",
    "cityRecipient": "Мукачево"
  },
  {
    "number": 59000454791935,
    "dateTime": {
      "date": {
        "year": 2019,
        "month": 10,
        "day": 14
      },
      "time": {
        "hour": 12,
        "minute": 13,
        "second": 17,
        "nano": 0
      }
    },
    "citySender": "Київ",
    "cityRecipient": "Карапиші"
  },
  {
    "number": 59000454791936,
    "dateTime": {
      "date": {
        "year": 2019,
        "month": 10,
        "day": 14
      },
      "time": {
        "hour": 12,
        "minute": 13,
        "second": 18,
        "nano": 0
      }
    },
    "citySender": "Вінниця",
    "cityRecipient": "Вінниця"
  },
  {
    "number": 59000454791937,
    "dateTime": {
      "date": {
        "year": 2019,
        "month": 10,
        "day": 14
      },
      "time": {
        "hour": 12,
        "minute": 13,
        "second": 15,
        "nano": 0
      }
    },
    "citySender": "Полтава",
    "cityRecipient": "Полтава"
  },
  {
    "number": 59000454791938,
    "dateTime": {
      "date": {
        "year": 2019,
        "month": 10,
        "day": 14
      },
      "time": {
        "hour": 12,
        "minute": 13,
        "second": 18,
        "nano": 0
      }
    },
    "citySender": "Кривий Ріг",
    "cityRecipient": "Кривий Ріг"
  },
  {
    "number": 59000454791939,
    "dateTime": {
      "date": {
        "year": 2019,
        "month": 10,
        "day": 14
      },
      "time": {
        "hour": 12,
        "minute": 13,
        "second": 6,
        "nano": 0
      }
    },
    "citySender": "Солоницівка",
    "cityRecipient": "Житомир"
  },
  {
    "number": 59000454791940,
    "dateTime": {
      "date": {
        "year": 2019,
        "month": 10,
        "day": 14
      },
      "time": {
        "hour": 12,
        "minute": 13,
        "second": 18,
        "nano": 0
      }
    },
    "citySender": "Кривий Ріг",
    "cityRecipient": "Кривий Ріг"
  },
  {
    "number": 59000454791941,
    "dateTime": {
      "date": {
        "year": 2019,
        "month": 10,
        "day": 14
      },
      "time": {
        "hour": 12,
        "minute": 13,
        "second": 18,
        "nano": 0
      }
    },
    "citySender": "Вінниця",
    "cityRecipient": "Вінниця"
  },
  {
    "number": 59000454791942,
    "dateTime": {
      "date": {
        "year": 2019,
        "month": 10,
        "day": 14
      },
      "time": {
        "hour": 12,
        "minute": 13,
        "second": 18,
        "nano": 0
      }
    },
    "citySender": "Київ",
    "cityRecipient": "Київ"
  },
  {
    "number": 59000454791943,
    "dateTime": {
      "date": {
        "year": 2019,
        "month": 10,
        "day": 14
      },
      "time": {
        "hour": 12,
        "minute": 13,
        "second": 19,
        "nano": 0
      }
    },
    "citySender": "Харків",
    "cityRecipient": "Харків"
  },
  {
    "number": 59000454791944,
    "dateTime": {
      "date": {
        "year": 2019,
        "month": 10,
        "day": 14
      },
      "time": {
        "hour": 12,
        "minute": 12,
        "second": 32,
        "nano": 0
      }
    },
    "citySender": "Нерубайське",
    "cityRecipient": "Вінниця"
  },
  {
    "number": 59000454791945,
    "dateTime": {
      "date": {
        "year": 2019,
        "month": 10,
        "day": 14
      },
      "time": {
        "hour": 12,
        "minute": 13,
        "second": 18,
        "nano": 0
      }
    },
    "citySender": "Київ",
    "cityRecipient": "Бородянка"
  },
  {
    "number": 59000454791946,
    "dateTime": {
      "date": {
        "year": 2019,
        "month": 10,
        "day": 14
      },
      "time": {
        "hour": 12,
        "minute": 13,
        "second": 17,
        "nano": 0
      }
    },
    "citySender": "Авангард",
    "cityRecipient": "Одеса"
  },
  {
    "number": 59000454791947,
    "dateTime": {
      "date": {
        "year": 2019,
        "month": 10,
        "day": 14
      },
      "time": {
        "hour": 12,
        "minute": 12,
        "second": 44,
        "nano": 0
      }
    },
    "citySender": "Одеса",
    "cityRecipient": "Веселинове"
  },
  {
    "number": 59000454791948,
    "dateTime": {
      "date": {
        "year": 2019,
        "month": 10,
        "day": 14
      },
      "time": {
        "hour": 12,
        "minute": 13,
        "second": 12,
        "nano": 0
      }
    },
    "citySender": "Суми",
    "cityRecipient": "Ужгород"
  },
  {
    "number": 59000454791949,
    "dateTime": {
      "date": {
        "year": 2019,
        "month": 10,
        "day": 14
      },
      "time": {
        "hour": 12,
        "minute": 13,
        "second": 20,
        "nano": 0
      }
    },
    "citySender": "Вінниця",
    "cityRecipient": "Вінниця"
  },
  {
    "number": 59000454791950,
    "dateTime": {
      "date": {
        "year": 2019,
        "month": 10,
        "day": 14
      },
      "time": {
        "hour": 12,
        "minute": 13,
        "second": 20,
        "nano": 0
      }
    },
    "citySender": "Запоріжжя",
    "cityRecipient": "Запоріжжя"
  },
  {
    "number": 59000454791951,
    "dateTime": {
      "date": {
        "year": 2019,
        "month": 10,
        "day": 14
      },
      "time": {
        "hour": 12,
        "minute": 12,
        "second": 25,
        "nano": 0
      }
    },
    "citySender": "Полтава",
    "cityRecipient": "Житомир"
  },
  {
    "number": 59000454791952,
    "dateTime": {
      "date": {
        "year": 2019,
        "month": 10,
        "day": 14
      },
      "time": {
        "hour": 12,
        "minute": 13,
        "second": 0,
        "nano": 0
      }
    },
    "citySender": "Нікополь (Дніпропетровська обл.)",
    "cityRecipient": "Ватутіне"
  },
  {
    "number": 59000454791953,
    "dateTime": {
      "date": {
        "year": 2019,
        "month": 10,
        "day": 14
      },
      "time": {
        "hour": 12,
        "minute": 13,
        "second": 20,
        "nano": 0
      }
    },
    "citySender": "Київ",
    "cityRecipient": "Київ"
  },
  {
    "number": 59000454791954,
    "dateTime": {
      "date": {
        "year": 2019,
        "month": 10,
        "day": 14
      },
      "time": {
        "hour": 12,
        "minute": 12,
        "second": 55,
        "nano": 0
      }
    },
    "citySender": "Харків",
    "cityRecipient": "Татарбунари"
  },
  {
    "number": 59000454791955,
    "dateTime": {
      "date": {
        "year": 2019,
        "month": 10,
        "day": 14
      },
      "time": {
        "hour": 12,
        "minute": 12,
        "second": 6,
        "nano": 0
      }
    },
    "citySender": "Київ",
    "cityRecipient": "Лисянка"
  },
  {
    "number": 59000454791956,
    "dateTime": {
      "date": {
        "year": 2019,
        "month": 10,
        "day": 14
      },
      "time": {
        "hour": 12,
        "minute": 12,
        "second": 1,
        "nano": 0
      }
    },
    "citySender": "Львів",
    "cityRecipient": "Кривий Ріг"
  },
  {
    "number": 59000454791957,
    "dateTime": {
      "date": {
        "year": 2019,
        "month": 10,
        "day": 14
      },
      "time": {
        "hour": 12,
        "minute": 13,
        "second": 21,
        "nano": 0
      }
    },
    "citySender": "Запоріжжя",
    "cityRecipient": "Запоріжжя"
  },
  {
    "number": 59000454791958,
    "dateTime": {
      "date": {
        "year": 2019,
        "month": 10,
        "day": 14
      },
      "time": {
        "hour": 12,
        "minute": 13,
        "second": 20,
        "nano": 0
      }
    },
    "citySender": "Чабани",
    "cityRecipient": "Кривий Ріг"
  },
  {
    "number": 59000454791959,
    "dateTime": {
      "date": {
        "year": 2019,
        "month": 10,
        "day": 14
      },
      "time": {
        "hour": 12,
        "minute": 12,
        "second": 41,
        "nano": 0
      }
    },
    "citySender": "Крихівці",
    "cityRecipient": "Чернівці"
  },
  {
    "number": 59000454791960,
    "dateTime": {
      "date": {
        "year": 2019,
        "month": 10,
        "day": 14
      },
      "time": {
        "hour": 12,
        "minute": 13,
        "second": 9,
        "nano": 0
      }
    },
    "citySender": "Калуш",
    "cityRecipient": "Срібне"
  },
  {
    "number": 59000454791961,
    "dateTime": {
      "date": {
        "year": 2019,
        "month": 10,
        "day": 14
      },
      "time": {
        "hour": 12,
        "minute": 13,
        "second": 21,
        "nano": 0
      }
    },
    "citySender": "Дніпро",
    "cityRecipient": "Чабани"
  },
  {
    "number": 59000454791962,
    "dateTime": {
      "date": {
        "year": 2019,
        "month": 10,
        "day": 14
      },
      "time": {
        "hour": 12,
        "minute": 12,
        "second": 29,
        "nano": 0
      }
    },
    "citySender": "Полтава",
    "cityRecipient": "Ірпінь"
  },
  {
    "number": 59000454791963,
    "dateTime": {
      "date": {
        "year": 2019,
        "month": 10,
        "day": 14
      },
      "time": {
        "hour": 12,
        "minute": 13,
        "second": 18,
        "nano": 0
      }
    },
    "citySender": "Теребовля",
    "cityRecipient": "Тернопіль"
  },
  {
    "number": 59000454791964,
    "dateTime": {
      "date": {
        "year": 2019,
        "month": 10,
        "day": 14
      },
      "time": {
        "hour": 12,
        "minute": 13,
        "second": 21,
        "nano": 0
      }
    },
    "citySender": "Київ",
    "cityRecipient": "Київ"
  },
  {
    "number": 59000454791965,
    "dateTime": {
      "date": {
        "year": 2019,
        "month": 10,
        "day": 14
      },
      "time": {
        "hour": 12,
        "minute": 12,
        "second": 42,
        "nano": 0
      }
    },
    "citySender": "Ріпки",
    "cityRecipient": "Київ"
  },
  {
    "number": 59000454791966,
    "dateTime": {
      "date": {
        "year": 2019,
        "month": 10,
        "day": 14
      },
      "time": {
        "hour": 12,
        "minute": 13,
        "second": 21,
        "nano": 0
      }
    },
    "citySender": "Кривий Ріг",
    "cityRecipient": "Кривий Ріг"
  },
  {
    "number": 59000454791967,
    "dateTime": {
      "date": {
        "year": 2019,
        "month": 10,
        "day": 14
      },
      "time": {
        "hour": 12,
        "minute": 13,
        "second": 21,
        "nano": 0
      }
    },
    "citySender": "Жмеринка",
    "cityRecipient": "Вінниця"
  },
  {
    "number": 59000454791968,
    "dateTime": {
      "date": {
        "year": 2019,
        "month": 10,
        "day": 14
      },
      "time": {
        "hour": 12,
        "minute": 12,
        "second": 55,
        "nano": 0
      }
    },
    "citySender": "Київ",
    "cityRecipient": "Київ"
  },
  {
    "number": 59000454791969,
    "dateTime": {
      "date": {
        "year": 2019,
        "month": 10,
        "day": 14
      },
      "time": {
        "hour": 12,
        "minute": 13,
        "second": 8,
        "nano": 0
      }
    },
    "citySender": "Київ",
    "cityRecipient": "Суми"
  },
  {
    "number": 59000454791970,
    "dateTime": {
      "date": {
        "year": 2019,
        "month": 10,
        "day": 14
      },
      "time": {
        "hour": 12,
        "minute": 13,
        "second": 20,
        "nano": 0
      }
    },
    "citySender": "Одеса",
    "cityRecipient": "Любашівка"
  },
  {
    "number": 59000454791971,
    "dateTime": {
      "date": {
        "year": 2019,
        "month": 10,
        "day": 14
      },
      "time": {
        "hour": 12,
        "minute": 12,
        "second": 55,
        "nano": 0
      }
    },
    "citySender": "Ладижин",
    "cityRecipient": "Львів"
  },
  {
    "number": 59000454791972,
    "dateTime": {
      "date": {
        "year": 2019,
        "month": 10,
        "day": 14
      },
      "time": {
        "hour": 12,
        "minute": 12,
        "second": 55,
        "nano": 0
      }
    },
    "citySender": "Новомиколаївка(Скадовський р-н)",
    "cityRecipient": "Київ"
  },
  {
    "number": 59000454791973,
    "dateTime": {
      "date": {
        "year": 2019,
        "month": 10,
        "day": 14
      },
      "time": {
        "hour": 12,
        "minute": 13,
        "second": 20,
        "nano": 0
      }
    },
    "citySender": "Харків",
    "cityRecipient": "Пісочин"
  },
  {
    "number": 59000454791974,
    "dateTime": {
      "date": {
        "year": 2019,
        "month": 10,
        "day": 14
      },
      "time": {
        "hour": 12,
        "minute": 13,
        "second": 11,
        "nano": 0
      }
    },
    "citySender": "Умань",
    "cityRecipient": "Херсон"
  },
  {
    "number": 59000454791975,
    "dateTime": {
      "date": {
        "year": 2019,
        "month": 10,
        "day": 14
      },
      "time": {
        "hour": 12,
        "minute": 12,
        "second": 18,
        "nano": 0
      }
    },
    "citySender": "Бориспіль",
    "cityRecipient": "Ружин"
  },
  {
    "number": 59000454791976,
    "dateTime": {
      "date": {
        "year": 2019,
        "month": 10,
        "day": 14
      },
      "time": {
        "hour": 12,
        "minute": 12,
        "second": 44,
        "nano": 0
      }
    },
    "citySender": "Київ",
    "cityRecipient": "Єланець"
  },
  {
    "number": 59000454791977,
    "dateTime": {
      "date": {
        "year": 2019,
        "month": 10,
        "day": 14
      },
      "time": {
        "hour": 12,
        "minute": 13,
        "second": 23,
        "nano": 0
      }
    },
    "citySender": "Якушинці",
    "cityRecipient": "Вінниця"
  },
  {
    "number": 59000454791978,
    "dateTime": {
      "date": {
        "year": 2019,
        "month": 10,
        "day": 14
      },
      "time": {
        "hour": 12,
        "minute": 13,
        "second": 23,
        "nano": 0
      }
    },
    "citySender": "Бровари",
    "cityRecipient": "Київ"
  },
  {
    "number": 59000454791979,
    "dateTime": {
      "date": {
        "year": 2019,
        "month": 10,
        "day": 14
      },
      "time": {
        "hour": 12,
        "minute": 13,
        "second": 23,
        "nano": 0
      }
    },
    "citySender": "Васильків",
    "cityRecipient": "Тернопіль"
  },
  {
    "number": 59000454791980,
    "dateTime": {
      "date": {
        "year": 2019,
        "month": 10,
        "day": 14
      },
      "time": {
        "hour": 12,
        "minute": 13,
        "second": 24,
        "nano": 0
      }
    },
    "citySender": "Одеса",
    "cityRecipient": "Одеса"
  },
  {
    "number": 59000454791981,
    "dateTime": {
      "date": {
        "year": 2019,
        "month": 10,
        "day": 14
      },
      "time": {
        "hour": 12,
        "minute": 13,
        "second": 23,
        "nano": 0
      }
    },
    "citySender": "Київ",
    "cityRecipient": "Київ"
  },
  {
    "number": 59000454791982,
    "dateTime": {
      "date": {
        "year": 2019,
        "month": 10,
        "day": 14
      },
      "time": {
        "hour": 12,
        "minute": 12,
        "second": 55,
        "nano": 0
      }
    },
    "citySender": "Полтава",
    "cityRecipient": "Харків"
  }
]