[
  {
    "number": 59000454789683,
    "dateTime": {
      "date": {
        "year": 2019,
        "month": 10,
        "day": 14
      },
      "time": {
        "hour": 12,
        "minute": 6,
        "second": 43,
        "nano": 0
      }
    },
    "citySender": "Вінниця",
    "cityRecipient": "Вінниця"
  },
  {
    "number": 59000454789684,
    "dateTime": {
      "date": {
        "year": 2019,
        "month": 10,
        "day": 14
      },
      "time": {
        "hour": 12,
        "minute": 6,
        "second": 41,
        "nano": 0
      }
    },
    "citySender": "Тернопіль",
    "cityRecipient": "Харків"
  },
  {
    "number": 59000454789685,
    "dateTime": {
      "date": {
        "year": 2019,
        "month": 10,
        "day": 14
      },
      "time": {
        "hour": 12,
        "minute": 6,
        "second": 36,
        "nano": 0
      }
    },
    "citySender": "Угринів (Тисменицький р-н., Івано-Франк. обл.)",
    "cityRecipient": "Баранинці (Закарпатська обл.)"
  },
  {
    "number": 59000454789687,
    "dateTime": {
      "date": {
        "year": 2019,
        "month": 10,
        "day": 14
      },
      "time": {
        "hour": 12,
        "minute": 6,
        "second": 23,
        "nano": 0
      }
    },
    "citySender": "Запоріжжя",
    "cityRecipient": "Шостка"
  },
  {
    "number": 59000454789688,
    "dateTime": {
      "date": {
        "year": 2019,
        "month": 10,
        "day": 14
      },
      "time": {
        "hour": 12,
        "minute": 5,
        "second": 27,
        "nano": 0
      }
    },
    "citySender": "Мельниця-Подільська (Тернопільська обл.)",
    "cityRecipient": "Лебедин (Сумська обл.)"
  },
  {
    "number": 59000454789689,
    "dateTime": {
      "date": {
        "year": 2019,
        "month": 10,
        "day": 14
      },
      "time": {
        "hour": 12,
        "minute": 6,
        "second": 37,
        "nano": 0
      }
    },
    "citySender": "Здолбунів",
    "cityRecipient": "Вовчанськ"
  },
  {
    "number": 59000454789690,
    "dateTime": {
      "date": {
        "year": 2019,
        "month": 10,
        "day": 14
      },
      "time": {
        "hour": 12,
        "minute": 6,
        "second": 44,
        "nano": 0
      }
    },
    "citySender": "Вінниця",
    "cityRecipient": "Вінниця"
  },
  {
    "number": 59000454789691,
    "dateTime": {
      "date": {
        "year": 2019,
        "month": 10,
        "day": 14
      },
      "time": {
        "hour": 12,
        "minute": 6,
        "second": 45,
        "nano": 0
      }
    },
    "citySender": "Гельмязів",
    "cityRecipient": "Черкаси"
  },
  {
    "number": 59000454789692,
    "dateTime": {
      "date": {
        "year": 2019,
        "month": 10,
        "day": 14
      },
      "time": {
        "hour": 12,
        "minute": 6,
        "second": 45,
        "nano": 0
      }
    },
    "citySender": "Кароліно-Бугаз",
    "cityRecipient": "Одеса"
  },
  {
    "number": 59000454789694,
    "dateTime": {
      "date": {
        "year": 2019,
        "month": 10,
        "day": 14
      },
      "time": {
        "hour": 12,
        "minute": 6,
        "second": 46,
        "nano": 0
      }
    },
    "citySender": "Київ",
    "cityRecipient": "Київ"
  },
  {
    "number": 59000454789695,
    "dateTime": {
      "date": {
        "year": 2019,
        "month": 10,
        "day": 14
      },
      "time": {
        "hour": 12,
        "minute": 6,
        "second": 13,
        "nano": 0
      }
    },
    "citySender": "Харків",
    "cityRecipient": "Суми"
  },
  {
    "number": 59000454789696,
    "dateTime": {
      "date": {
        "year": 2019,
        "month": 10,
        "day": 14
      },
      "time": {
        "hour": 12,
        "minute": 6,
        "second": 45,
        "nano": 0
      }
    },
    "citySender": "Одеса",
    "cityRecipient": "Червоноград (Львівська обл.)"
  },
  {
    "number": 59000454789697,
    "dateTime": {
      "date": {
        "year": 2019,
        "month": 10,
        "day": 14
      },
      "time": {
        "hour": 12,
        "minute": 6,
        "second": 34,
        "nano": 0
      }
    },
    "citySender": "Буча",
    "cityRecipient": "Десна (Чернігівська обл.)"
  },
  {
    "number": 59000454789698,
    "dateTime": {
      "date": {
        "year": 2019,
        "month": 10,
        "day": 14
      },
      "time": {
        "hour": 12,
        "minute": 6,
        "second": 27,
        "nano": 0
      }
    },
    "citySender": "Одеса",
    "cityRecipient": "Київ"
  },
  {
    "number": 59000454789699,
    "dateTime": {
      "date": {
        "year": 2019,
        "month": 10,
        "day": 14
      },
      "time": {
        "hour": 12,
        "minute": 6,
        "second": 46,
        "nano": 0
      }
    },
    "citySender": "Антонівка (Скадовський р-н)",
    "cityRecipient": "Дніпро"
  },
  {
    "number": 59000454789700,
    "dateTime": {
      "date": {
        "year": 2019,
        "month": 10,
        "day": 14
      },
      "time": {
        "hour": 12,
        "minute": 6,
        "second": 38,
        "nano": 0
      }
    },
    "citySender": "Буча",
    "cityRecipient": "Житомир"
  },
  {
    "number": 59000454789701,
    "dateTime": {
      "date": {
        "year": 2019,
        "month": 10,
        "day": 14
      },
      "time": {
        "hour": 12,
        "minute": 6,
        "second": 46,
        "nano": 0
      }
    },
    "citySender": "Запоріжжя",
    "cityRecipient": "Запоріжжя"
  },
  {
    "number": 59000454789703,
    "dateTime": {
      "date": {
        "year": 2019,
        "month": 10,
        "day": 14
      },
      "time": {
        "hour": 12,
        "minute": 6,
        "second": 29,
        "nano": 0
      }
    },
    "citySender": "Харків",
    "cityRecipient": "Кривий Ріг"
  },
  {
    "number": 59000454789704,
    "dateTime": {
      "date": {
        "year": 2019,
        "month": 10,
        "day": 14
      },
      "time": {
        "hour": 12,
        "minute": 6,
        "second": 33,
        "nano": 0
      }
    },
    "citySender": "Берегове",
    "cityRecipient": "Золочів (Львівська обл.)"
  },
  {
    "number": 59000454789705,
    "dateTime": {
      "date": {
        "year": 2019,
        "month": 10,
        "day": 14
      },
      "time": {
        "hour": 12,
        "minute": 6,
        "second": 42,
        "nano": 0
      }
    },
    "citySender": "Лозова",
    "cityRecipient": "Бердянськ"
  },
  {
    "number": 59000454789706,
    "dateTime": {
      "date": {
        "year": 2019,
        "month": 10,
        "day": 14
      },
      "time": {
        "hour": 12,
        "minute": 6,
        "second": 47,
        "nano": 0
      }
    },
    "citySender": "Запоріжжя",
    "cityRecipient": "Запоріжжя"
  },
  {
    "number": 59000454789707,
    "dateTime": {
      "date": {
        "year": 2019,
        "month": 10,
        "day": 14
      },
      "time": {
        "hour": 12,
        "minute": 6,
        "second": 47,
        "nano": 0
      }
    },
    "citySender": "Любешів",
    "cityRecipient": "Луцьк"
  },
  {
    "number": 59000454789708,
    "dateTime": {
      "date": {
        "year": 2019,
        "month": 10,
        "day": 14
      },
      "time": {
        "hour": 12,
        "minute": 6,
        "second": 45,
        "nano": 0
      }
    },
    "citySender": "Авангард",
    "cityRecipient": "Одеса"
  },
  {
    "number": 59000454789709,
    "dateTime": {
      "date": {
        "year": 2019,
        "month": 10,
        "day": 14
      },
      "time": {
        "hour": 12,
        "minute": 6,
        "second": 39,
        "nano": 0
      }
    },
    "citySender": "Запоріжжя",
    "cityRecipient": "Київ"
  },
  {
    "number": 59000454789710,
    "dateTime": {
      "date": {
        "year": 2019,
        "month": 10,
        "day": 14
      },
      "time": {
        "hour": 12,
        "minute": 6,
        "second": 48,
        "nano": 0
      }
    },
    "citySender": "Чернівці",
    "cityRecipient": "Чернівці"
  },
  {
    "number": 59000454789711,
    "dateTime": {
      "date": {
        "year": 2019,
        "month": 10,
        "day": 14
      },
      "time": {
        "hour": 12,
        "minute": 6,
        "second": 41,
        "nano": 0
      }
    },
    "citySender": "Горішні Плавні",
    "cityRecipient": "Миколаїв"
  },
  {
    "number": 59000454789712,
    "dateTime": {
      "date": {
        "year": 2019,
        "month": 10,
        "day": 14
      },
      "time": {
        "hour": 12,
        "minute": 6,
        "second": 48,
        "nano": 0
      }
    },
    "citySender": "Білозерське (Донецька обл.)",
    "cityRecipient": "Дніпро"
  },
  {
    "number": 59000454789713,
    "dateTime": {
      "date": {
        "year": 2019,
        "month": 10,
        "day": 14
      },
      "time": {
        "hour": 12,
        "minute": 6,
        "second": 28,
        "nano": 0
      }
    },
    "citySender": "Тернопіль",
    "cityRecipient": "Харків"
  },
  {
    "number": 59000454789714,
    "dateTime": {
      "date": {
        "year": 2019,
        "month": 10,
        "day": 14
      },
      "time": {
        "hour": 12,
        "minute": 6,
        "second": 2,
        "nano": 0
      }
    },
    "citySender": "Запоріжжя",
    "cityRecipient": "Маріуполь"
  },
  {
    "number": 59000454789715,
    "dateTime": {
      "date": {
        "year": 2019,
        "month": 10,
        "day": 14
      },
      "time": {
        "hour": 12,
        "minute": 6,
        "second": 45,
        "nano": 0
      }
    },
    "citySender": "Лубни",
    "cityRecipient": "Одеса"
  },
  {
    "number": 59000454789716,
    "dateTime": {
      "date": {
        "year": 2019,
        "month": 10,
        "day": 14
      },
      "time": {
        "hour": 12,
        "minute": 6,
        "second": 49,
        "nano": 0
      }
    },
    "citySender": "Запоріжжя",
    "cityRecipient": "Запоріжжя"
  },
  {
    "number": 59000454789717,
    "dateTime": {
      "date": {
        "year": 2019,
        "month": 10,
        "day": 14
      },
      "time": {
        "hour": 12,
        "minute": 6,
        "second": 49,
        "nano": 0
      }
    },
    "citySender": "Чернятин (Жмеринський р-н)",
    "cityRecipient": "Вінниця"
  },
  {
    "number": 59000454789718,
    "dateTime": {
      "date": {
        "year": 2019,
        "month": 10,
        "day": 14
      },
      "time": {
        "hour": 12,
        "minute": 6,
        "second": 37,
        "nano": 0
      }
    },
    "citySender": "Хмельницький",
    "cityRecipient": "Коцюбинське"
  },
  {
    "number": 59000454789719,
    "dateTime": {
      "date": {
        "year": 2019,
        "month": 10,
        "day": 14
      },
      "time": {
        "hour": 12,
        "minute": 5,
        "second": 59,
        "nano": 0
      }
    },
    "citySender": "Харків",
    "cityRecipient": "Єланець"
  },
  {
    "number": 59000454789720,
    "dateTime": {
      "date": {
        "year": 2019,
        "month": 10,
        "day": 14
      },
      "time": {
        "hour": 12,
        "minute": 6,
        "second": 49,
        "nano": 0
      }
    },
    "citySender": "Тульчин",
    "cityRecipient": "Вінниця"
  },
  {
    "number": 59000454789721,
    "dateTime": {
      "date": {
        "year": 2019,
        "month": 10,
        "day": 14
      },
      "time": {
        "hour": 12,
        "minute": 6,
        "second": 9,
        "nano": 0
      }
    },
    "citySender": "Запоріжжя",
    "cityRecipient": "Великодолинське"
  },
  {
    "number": 59000454789722,
    "dateTime": {
      "date": {
        "year": 2019,
        "month": 10,
        "day": 14
      },
      "time": {
        "hour": 12,
        "minute": 6,
        "second": 42,
        "nano": 0
      }
    },
    "citySender": "Запоріжжя",
    "cityRecipient": "Київ"
  },
  {
    "number": 59000454789723,
    "dateTime": {
      "date": {
        "year": 2019,
        "month": 10,
        "day": 14
      },
      "time": {
        "hour": 12,
        "minute": 6,
        "second": 46,
        "nano": 0
      }
    },
    "citySender": "Доманівка",
    "cityRecipient": "Умань"
  },
  {
    "number": 59000454789724,
    "dateTime": {
      "date": {
        "year": 2019,
        "month": 10,
        "day": 14
      },
      "time": {
        "hour": 12,
        "minute": 6,
        "second": 48,
        "nano": 0
      }
    },
    "citySender": "Перещепине",
    "cityRecipient": "Дніпро"
  },
  {
    "number": 59000454789725,
    "dateTime": {
      "date": {
        "year": 2019,
        "month": 10,
        "day": 14
      },
      "time": {
        "hour": 12,
        "minute": 6,
        "second": 50,
        "nano": 0
      }
    },
    "citySender": "Львів",
    "cityRecipient": "Львів"
  },
  {
    "number": 59000454789726,
    "dateTime": {
      "date": {
        "year": 2019,
        "month": 10,
        "day": 14
      },
      "time": {
        "hour": 12,
        "minute": 6,
        "second": 24,
        "nano": 0
      }
    },
    "citySender": "Київ",
    "cityRecipient": "Хмельницький"
  },
  {
    "number": 59000454789727,
    "dateTime": {
      "date": {
        "year": 2019,
        "month": 10,
        "day": 14
      },
      "time": {
        "hour": 12,
        "minute": 6,
        "second": 50,
        "nano": 0
      }
    },
    "citySender": "Умань",
    "cityRecipient": "Одеса"
  },
  {
    "number": 59000454789729,
    "dateTime": {
      "date": {
        "year": 2019,
        "month": 10,
        "day": 14
      },
      "time": {
        "hour": 12,
        "minute": 6,
        "second": 48,
        "nano": 0
      }
    },
    "citySender": "Харків",
    "cityRecipient": "Харків"
  },
  {
    "number": 59000454789730,
    "dateTime": {
      "date": {
        "year": 2019,
        "month": 10,
        "day": 14
      },
      "time": {
        "hour": 12,
        "minute": 6,
        "second": 30,
        "nano": 0
      }
    },
    "citySender": "Одеса",
    "cityRecipient": "Житомир"
  },
  {
    "number": 59000454789731,
    "dateTime": {
      "date": {
        "year": 2019,
        "month": 10,
        "day": 14
      },
      "time": {
        "hour": 12,
        "minute": 5,
        "second": 8,
        "nano": 0
      }
    },
    "citySender": "Василівка (Запорізька обл.)",
    "cityRecipient": "Жовті Води"
  },
  {
    "number": 59000454789733,
    "dateTime": {
      "date": {
        "year": 2019,
        "month": 10,
        "day": 14
      },
      "time": {
        "hour": 12,
        "minute": 6,
        "second": 50,
        "nano": 0
      }
    },
    "citySender": "Кельменці",
    "cityRecipient": "Кременець"
  },
  {
    "number": 59000454789734,
    "dateTime": {
      "date": {
        "year": 2019,
        "month": 10,
        "day": 14
      },
      "time": {
        "hour": 12,
        "minute": 6,
        "second": 51,
        "nano": 0
      }
    },
    "citySender": "Київ",
    "cityRecipient": "Бровари"
  },
  {
    "number": 59000454789735,
    "dateTime": {
      "date": {
        "year": 2019,
        "month": 10,
        "day": 14
      },
      "time": {
        "hour": 12,
        "minute": 6,
        "second": 11,
        "nano": 0
      }
    },
    "citySender": "Івано-Франківськ",
    "cityRecipient": "Дніпро"
  },
  {
    "number": 59000454789736,
    "dateTime": {
      "date": {
        "year": 2019,
        "month": 10,
        "day": 14
      },
      "time": {
        "hour": 12,
        "minute": 6,
        "second": 36,
        "nano": 0
      }
    },
    "citySender": "Бровари",
    "cityRecipient": "Гірник"
  },
  {
    "number": 59000454789737,
    "dateTime": {
      "date": {
        "year": 2019,
        "month": 10,
        "day": 14
      },
      "time": {
        "hour": 12,
        "minute": 6,
        "second": 17,
        "nano": 0
      }
    },
    "citySender": "Одеса",
    "cityRecipient": "Київ"
  },
  {
    "number": 59000454789738,
    "dateTime": {
      "date": {
        "year": 2019,
        "month": 10,
        "day": 14
      },
      "time": {
        "hour": 12,
        "minute": 6,
        "second": 52,
        "nano": 0
      }
    },
    "citySender": "Кривий Ріг",
    "cityRecipient": "Кривий Ріг"
  },
  {
    "number": 59000454789739,
    "dateTime": {
      "date": {
        "year": 2019,
        "month": 10,
        "day": 14
      },
      "time": {
        "hour": 12,
        "minute": 6,
        "second": 17,
        "nano": 0
      }
    },
    "citySender": "Кривий Ріг",
    "cityRecipient": "Степань"
  },
  {
    "number": 59000454789740,
    "dateTime": {
      "date": {
        "year": 2019,
        "month": 10,
        "day": 14
      },
      "time": {
        "hour": 12,
        "minute": 6,
        "second": 53,
        "nano": 0
      }
    },
    "citySender": "Попільня",
    "cityRecipient": "Житомир"
  },
  {
    "number": 59000454789741,
    "dateTime": {
      "date": {
        "year": 2019,
        "month": 10,
        "day": 14
      },
      "time": {
        "hour": 12,
        "minute": 6,
        "second": 53,
        "nano": 0
      }
    },
    "citySender": "Кривий Ріг",
    "cityRecipient": "Кривий Ріг"
  },
  {
    "number": 59000454789742,
    "dateTime": {
      "date": {
        "year": 2019,
        "month": 10,
        "day": 14
      },
      "time": {
        "hour": 12,
        "minute": 6,
        "second": 53,
        "nano": 0
      }
    },
    "citySender": "Велика Михайлівка",
    "cityRecipient": "Одеса"
  },
  {
    "number": 59000454789743,
    "dateTime": {
      "date": {
        "year": 2019,
        "month": 10,
        "day": 14
      },
      "time": {
        "hour": 12,
        "minute": 6,
        "second": 53,
        "nano": 0
      }
    },
    "citySender": "Чечельник",
    "cityRecipient": "Умань"
  },
  {
    "number": 59000454789744,
    "dateTime": {
      "date": {
        "year": 2019,
        "month": 10,
        "day": 14
      },
      "time": {
        "hour": 12,
        "minute": 6,
        "second": 16,
        "nano": 0
      }
    },
    "citySender": "Сміла",
    "cityRecipient": "Білгород-Дністровський"
  },
  {
    "number": 59000454789745,
    "dateTime": {
      "date": {
        "year": 2019,
        "month": 10,
        "day": 14
      },
      "time": {
        "hour": 12,
        "minute": 5,
        "second": 42,
        "nano": 0
      }
    },
    "citySender": "Арциз",
    "cityRecipient": "Дніпро"
  },
  {
    "number": 59000454789746,
    "dateTime": {
      "date": {
        "year": 2019,
        "month": 10,
        "day": 14
      },
      "time": {
        "hour": 12,
        "minute": 6,
        "second": 53,
        "nano": 0
      }
    },
    "citySender": "Київ",
    "cityRecipient": "Київ"
  },
  {
    "number": 59000454789747,
    "dateTime": {
      "date": {
        "year": 2019,
        "month": 10,
        "day": 14
      },
      "time": {
        "hour": 12,
        "minute": 6,
        "second": 30,
        "nano": 0
      }
    },
    "citySender": "Глухів (Сумська обл.)",
    "cityRecipient": "Бердянськ"
  },
  {
    "number": 59000454789748,
    "dateTime": {
      "date": {
        "year": 2019,
        "month": 10,
        "day": 14
      },
      "time": {
        "hour": 12,
        "minute": 6,
        "second": 50,
        "nano": 0
      }
    },
    "citySender": "Харків",
    "cityRecipient": "Харків"
  },
  {
    "number": 59000454789749,
    "dateTime": {
      "date": {
        "year": 2019,
        "month": 10,
        "day": 14
      },
      "time": {
        "hour": 12,
        "minute": 6,
        "second": 50,
        "nano": 0
      }
    },
    "citySender": "Токмак",
    "cityRecipient": "Київ"
  },
  {
    "number": 59000454789750,
    "dateTime": {
      "date": {
        "year": 2019,
        "month": 10,
        "day": 14
      },
      "time": {
        "hour": 12,
        "minute": 6,
        "second": 53,
        "nano": 0
      }
    },
    "citySender": "Одеса",
    "cityRecipient": "Арциз"
  },
  {
    "number": 59000454789751,
    "dateTime": {
      "date": {
        "year": 2019,
        "month": 10,
        "day": 14
      },
      "time": {
        "hour": 12,
        "minute": 5,
        "second": 43,
        "nano": 0
      }
    },
    "citySender": "Кривий Ріг",
    "cityRecipient": "Шишаки"
  },
  {
    "number": 59000454789752,
    "dateTime": {
      "date": {
        "year": 2019,
        "month": 10,
        "day": 14
      },
      "time": {
        "hour": 12,
        "minute": 6,
        "second": 42,
        "nano": 0
      }
    },
    "citySender": "Кривий Ріг",
    "cityRecipient": "Жеребкове"
  },
  {
    "number": 59000454789753,
    "dateTime": {
      "date": {
        "year": 2019,
        "month": 10,
        "day": 14
      },
      "time": {
        "hour": 12,
        "minute": 6,
        "second": 45,
        "nano": 0
      }
    },
    "citySender": "Ірпінь",
    "cityRecipient": "Володарка"
  },
  {
    "number": 59000454789754,
    "dateTime": {
      "date": {
        "year": 2019,
        "month": 10,
        "day": 14
      },
      "time": {
        "hour": 12,
        "minute": 6,
        "second": 27,
        "nano": 0
      }
    },
    "citySender": "Рахів",
    "cityRecipient": "Чернівці"
  },
  {
    "number": 59000454789755,
    "dateTime": {
      "date": {
        "year": 2019,
        "month": 10,
        "day": 14
      },
      "time": {
        "hour": 12,
        "minute": 5,
        "second": 47,
        "nano": 0
      }
    },
    "citySender": "Винники",
    "cityRecipient": "Стоянка"
  },
  {
    "number": 59000454789756,
    "dateTime": {
      "date": {
        "year": 2019,
        "month": 10,
        "day": 14
      },
      "time": {
        "hour": 12,
        "minute": 4,
        "second": 31,
        "nano": 0
      }
    },
    "citySender": "Татарбунари",
    "cityRecipient": "Одеса"
  },
  {
    "number": 59000454789757,
    "dateTime": {
      "date": {
        "year": 2019,
        "month": 10,
        "day": 14
      },
      "time": {
        "hour": 12,
        "minute": 6,
        "second": 38,
        "nano": 0
      }
    },
    "citySender": "Ужгород",
    "cityRecipient": "Київ"
  },
  {
    "number": 59000454789758,
    "dateTime": {
      "date": {
        "year": 2019,
        "month": 10,
        "day": 14
      },
      "time": {
        "hour": 12,
        "minute": 6,
        "second": 51,
        "nano": 0
      }
    },
    "citySender": "Старобільськ",
    "cityRecipient": "Старобільськ"
  },
  {
    "number": 59000454789759,
    "dateTime": {
      "date": {
        "year": 2019,
        "month": 10,
        "day": 14
      },
      "time": {
        "hour": 12,
        "minute": 6,
        "second": 19,
        "nano": 0
      }
    },
    "citySender": "Харків",
    "cityRecipient": "Харків"
  },
  {
    "number": 59000454789760,
    "dateTime": {
      "date": {
        "year": 2019,
        "month": 10,
        "day": 14
      },
      "time": {
        "hour": 12,
        "minute": 6,
        "second": 40,
        "nano": 0
      }
    },
    "citySender": "Балаклія (Харківська обл.)",
    "cityRecipient": "Лисичанськ"
  },
  {
    "number": 59000454789761,
    "dateTime": {
      "date": {
        "year": 2019,
        "month": 10,
        "day": 14
      },
      "time": {
        "hour": 12,
        "minute": 6,
        "second": 56,
        "nano": 0
      }
    },
    "citySender": "Калинівка (Вінницька обл., Калинівський р-н)",
    "cityRecipient": "Вінниця"
  },
  {
    "number": 59000454789762,
    "dateTime": {
      "date": {
        "year": 2019,
        "month": 10,
        "day": 14
      },
      "time": {
        "hour": 12,
        "minute": 6,
        "second": 56,
        "nano": 0
      }
    },
    "citySender": "Рені",
    "cityRecipient": "Одеса"
  },
  {
    "number": 59000454789763,
    "dateTime": {
      "date": {
        "year": 2019,
        "month": 10,
        "day": 14
      },
      "time": {
        "hour": 12,
        "minute": 6,
        "second": 45,
        "nano": 0
      }
    },
    "citySender": "Одеса",
    "cityRecipient": "Мелітополь"
  },
  {
    "number": 59000454789764,
    "dateTime": {
      "date": {
        "year": 2019,
        "month": 10,
        "day": 14
      },
      "time": {
        "hour": 12,
        "minute": 6,
        "second": 50,
        "nano": 0
      }
    },
    "citySender": "Голованівськ",
    "cityRecipient": "Кам\u0027янець-Подільський"
  },
  {
    "number": 59000454789765,
    "dateTime": {
      "date": {
        "year": 2019,
        "month": 10,
        "day": 14
      },
      "time": {
        "hour": 12,
        "minute": 6,
        "second": 48,
        "nano": 0
      }
    },
    "citySender": "Київ",
    "cityRecipient": "Новопсков"
  },
  {
    "number": 59000454789766,
    "dateTime": {
      "date": {
        "year": 2019,
        "month": 10,
        "day": 14
      },
      "time": {
        "hour": 12,
        "minute": 6,
        "second": 39,
        "nano": 0
      }
    },
    "citySender": "Краковець",
    "cityRecipient": "Дружківка"
  },
  {
    "number": 59000454789767,
    "dateTime": {
      "date": {
        "year": 2019,
        "month": 10,
        "day": 14
      },
      "time": {
        "hour": 12,
        "minute": 6,
        "second": 57,
        "nano": 0
      }
    },
    "citySender": "Львів",
    "cityRecipient": "Кам\u0027янець-Подільський"
  },
  {
    "number": 59000454789768,
    "dateTime": {
      "date": {
        "year": 2019,
        "month": 10,
        "day": 14
      },
      "time": {
        "hour": 12,
        "minute": 6,
        "second": 57,
        "nano": 0
      }
    },
    "citySender": "Черкаси",
    "cityRecipient": "Кропивницький"
  },
  {
    "number": 59000454789769,
    "dateTime": {
      "date": {
        "year": 2019,
        "month": 10,
        "day": 14
      },
      "time": {
        "hour": 12,
        "minute": 6,
        "second": 57,
        "nano": 0
      }
    },
    "citySender": "Запоріжжя",
    "cityRecipient": "Запоріжжя"
  },
  {
    "number": 59000454789770,
    "dateTime": {
      "date": {
        "year": 2019,
        "month": 10,
        "day": 14
      },
      "time": {
        "hour": 12,
        "minute": 6,
        "second": 40,
        "nano": 0
      }
    },
    "citySender": "Хмельницький",
    "cityRecipient": "Харків"
  },
  {
    "number": 59000454789771,
    "dateTime": {
      "date": {
        "year": 2019,
        "month": 10,
        "day": 14
      },
      "time": {
        "hour": 12,
        "minute": 6,
        "second": 53,
        "nano": 0
      }
    },
    "citySender": "Чаплинка (Херсонська обл.)",
    "cityRecipient": "Херсон"
  },
  {
    "number": 59000454789772,
    "dateTime": {
      "date": {
        "year": 2019,
        "month": 10,
        "day": 14
      },
      "time": {
        "hour": 12,
        "minute": 6,
        "second": 43,
        "nano": 0
      }
    },
    "citySender": "Кучурган",
    "cityRecipient": "Ірпінь"
  },
  {
    "number": 59000454789773,
    "dateTime": {
      "date": {
        "year": 2019,
        "month": 10,
        "day": 14
      },
      "time": {
        "hour": 12,
        "minute": 6,
        "second": 57,
        "nano": 0
      }
    },
    "citySender": "Київ",
    "cityRecipient": "Київ"
  },
  {
    "number": 59000454789774,
    "dateTime": {
      "date": {
        "year": 2019,
        "month": 10,
        "day": 14
      },
      "time": {
        "hour": 12,
        "minute": 4,
        "second": 2,
        "nano": 0
      }
    },
    "citySender": "Кодима",
    "cityRecipient": "Одеса"
  },
  {
    "number": 59000454789775,
    "dateTime": {
      "date": {
        "year": 2019,
        "month": 10,
        "day": 14
      },
      "time": {
        "hour": 12,
        "minute": 6,
        "second": 58,
        "nano": 0
      }
    },
    "citySender": "Кривий Ріг",
    "cityRecipient": "Кривий Ріг"
  },
  {
    "number": 59000454789776,
    "dateTime": {
      "date": {
        "year": 2019,
        "month": 10,
        "day": 14
      },
      "time": {
        "hour": 12,
        "minute": 6,
        "second": 28,
        "nano": 0
      }
    },
    "citySender": "Івано-Франківськ",
    "cityRecipient": "Умань"
  },
  {
    "number": 59000454789778,
    "dateTime": {
      "date": {
        "year": 2019,
        "month": 10,
        "day": 14
      },
      "time": {
        "hour": 12,
        "minute": 6,
        "second": 56,
        "nano": 0
      }
    },
    "citySender": "Кам\u0027янське(Дніпропетровська обл)",
    "cityRecipient": "Харків"
  },
  {
    "number": 59000454789779,
    "dateTime": {
      "date": {
        "year": 2019,
        "month": 10,
        "day": 14
      },
      "time": {
        "hour": 12,
        "minute": 6,
        "second": 56,
        "nano": 0
      }
    },
    "citySender": "Полтава",
    "cityRecipient": "Полтава"
  },
  {
    "number": 59000454789780,
    "dateTime": {
      "date": {
        "year": 2019,
        "month": 10,
        "day": 14
      },
      "time": {
        "hour": 12,
        "minute": 6,
        "second": 26,
        "nano": 0
      }
    },
    "citySender": "Запоріжжя",
    "cityRecipient": "Дніпро"
  },
  {
    "number": 59000454789781,
    "dateTime": {
      "date": {
        "year": 2019,
        "month": 10,
        "day": 14
      },
      "time": {
        "hour": 12,
        "minute": 6,
        "second": 10,
        "nano": 0
      }
    },
    "citySender": "Ковель",
    "cityRecipient": "Маневичі"
  },
  {
    "number": 59000454789782,
    "dateTime": {
      "date": {
        "year": 2019,
        "month": 10,
        "day": 14
      },
      "time": {
        "hour": 12,
        "minute": 6,
        "second": 48,
        "nano": 0
      }
    },
    "citySender": "Львів",
    "cityRecipient": "Курахове"
  }
]