[
  {
    "number": 59000454781486,
    "dateTime": {
      "date": {
        "year": 2019,
        "month": 10,
        "day": 14
      },
      "time": {
        "hour": 11,
        "minute": 41,
        "second": 14,
        "nano": 0
      }
    },
    "citySender": "Бровари",
    "cityRecipient": "Дніпро"
  },
  {
    "number": 59000454781487,
    "dateTime": {
      "date": {
        "year": 2019,
        "month": 10,
        "day": 14
      },
      "time": {
        "hour": 11,
        "minute": 41,
        "second": 52,
        "nano": 0
      }
    },
    "citySender": "Кривий Ріг",
    "cityRecipient": "Кривий Ріг"
  },
  {
    "number": 59000454781488,
    "dateTime": {
      "date": {
        "year": 2019,
        "month": 10,
        "day": 14
      },
      "time": {
        "hour": 11,
        "minute": 41,
        "second": 53,
        "nano": 0
      }
    },
    "citySender": "Кривий Ріг",
    "cityRecipient": "Кривий Ріг"
  },
  {
    "number": 59000454781489,
    "dateTime": {
      "date": {
        "year": 2019,
        "month": 10,
        "day": 14
      },
      "time": {
        "hour": 11,
        "minute": 41,
        "second": 41,
        "nano": 0
      }
    },
    "citySender": "Лебедин (Сумська обл.)",
    "cityRecipient": "Іркліїв"
  },
  {
    "number": 59000454781490,
    "dateTime": {
      "date": {
        "year": 2019,
        "month": 10,
        "day": 14
      },
      "time": {
        "hour": 11,
        "minute": 41,
        "second": 33,
        "nano": 0
      }
    },
    "citySender": "Чернівці",
    "cityRecipient": "Хмельницький"
  },
  {
    "number": 59000454781491,
    "dateTime": {
      "date": {
        "year": 2019,
        "month": 10,
        "day": 14
      },
      "time": {
        "hour": 11,
        "minute": 41,
        "second": 19,
        "nano": 0
      }
    },
    "citySender": "Суми",
    "cityRecipient": "Полтава"
  },
  {
    "number": 59000454781492,
    "dateTime": {
      "date": {
        "year": 2019,
        "month": 10,
        "day": 14
      },
      "time": {
        "hour": 11,
        "minute": 41,
        "second": 53,
        "nano": 0
      }
    },
    "citySender": "Київ",
    "cityRecipient": "Київ"
  },
  {
    "number": 59000454781493,
    "dateTime": {
      "date": {
        "year": 2019,
        "month": 10,
        "day": 14
      },
      "time": {
        "hour": 11,
        "minute": 41,
        "second": 53,
        "nano": 0
      }
    },
    "citySender": "Дніпро",
    "cityRecipient": "Київ"
  },
  {
    "number": 59000454781494,
    "dateTime": {
      "date": {
        "year": 2019,
        "month": 10,
        "day": 14
      },
      "time": {
        "hour": 11,
        "minute": 40,
        "second": 55,
        "nano": 0
      }
    },
    "citySender": "Бровари",
    "cityRecipient": "Київ"
  },
  {
    "number": 59000454781495,
    "dateTime": {
      "date": {
        "year": 2019,
        "month": 10,
        "day": 14
      },
      "time": {
        "hour": 11,
        "minute": 41,
        "second": 54,
        "nano": 0
      }
    },
    "citySender": "Хоростків",
    "cityRecipient": "Тернопіль"
  },
  {
    "number": 59000454781496,
    "dateTime": {
      "date": {
        "year": 2019,
        "month": 10,
        "day": 14
      },
      "time": {
        "hour": 11,
        "minute": 41,
        "second": 40,
        "nano": 0
      }
    },
    "citySender": "Авангард",
    "cityRecipient": "Одеса"
  },
  {
    "number": 59000454781497,
    "dateTime": {
      "date": {
        "year": 2019,
        "month": 10,
        "day": 14
      },
      "time": {
        "hour": 11,
        "minute": 41,
        "second": 23,
        "nano": 0
      }
    },
    "citySender": "Харків",
    "cityRecipient": "Одеса"
  },
  {
    "number": 59000454781498,
    "dateTime": {
      "date": {
        "year": 2019,
        "month": 10,
        "day": 14
      },
      "time": {
        "hour": 11,
        "minute": 41,
        "second": 55,
        "nano": 0
      }
    },
    "citySender": "Тульчин",
    "cityRecipient": "Вінниця"
  },
  {
    "number": 59000454781499,
    "dateTime": {
      "date": {
        "year": 2019,
        "month": 10,
        "day": 14
      },
      "time": {
        "hour": 11,
        "minute": 41,
        "second": 32,
        "nano": 0
      }
    },
    "citySender": "Луцьк",
    "cityRecipient": "Веселинове"
  },
  {
    "number": 59000454781500,
    "dateTime": {
      "date": {
        "year": 2019,
        "month": 10,
        "day": 14
      },
      "time": {
        "hour": 11,
        "minute": 41,
        "second": 55,
        "nano": 0
      }
    },
    "citySender": "Запоріжжя",
    "cityRecipient": "Запоріжжя"
  },
  {
    "number": 59000454781501,
    "dateTime": {
      "date": {
        "year": 2019,
        "month": 10,
        "day": 14
      },
      "time": {
        "hour": 11,
        "minute": 41,
        "second": 55,
        "nano": 0
      }
    },
    "citySender": "Вінниця",
    "cityRecipient": "Вінниця"
  },
  {
    "number": 59000454781502,
    "dateTime": {
      "date": {
        "year": 2019,
        "month": 10,
        "day": 14
      },
      "time": {
        "hour": 11,
        "minute": 41,
        "second": 50,
        "nano": 0
      }
    },
    "citySender": "Київ",
    "cityRecipient": "Вишгород"
  },
  {
    "number": 59000454781503,
    "dateTime": {
      "date": {
        "year": 2019,
        "month": 10,
        "day": 14
      },
      "time": {
        "hour": 11,
        "minute": 41,
        "second": 54,
        "nano": 0
      }
    },
    "citySender": "Тернівка",
    "cityRecipient": "Ізюм"
  },
  {
    "number": 59000454781504,
    "dateTime": {
      "date": {
        "year": 2019,
        "month": 10,
        "day": 14
      },
      "time": {
        "hour": 11,
        "minute": 41,
        "second": 56,
        "nano": 0
      }
    },
    "citySender": "Жмеринка",
    "cityRecipient": "Вінниця"
  },
  {
    "number": 59000454781505,
    "dateTime": {
      "date": {
        "year": 2019,
        "month": 10,
        "day": 14
      },
      "time": {
        "hour": 11,
        "minute": 41,
        "second": 40,
        "nano": 0
      }
    },
    "citySender": "Кучурган",
    "cityRecipient": "Запоріжжя"
  },
  {
    "number": 59000454781506,
    "dateTime": {
      "date": {
        "year": 2019,
        "month": 10,
        "day": 14
      },
      "time": {
        "hour": 11,
        "minute": 41,
        "second": 43,
        "nano": 0
      }
    },
    "citySender": "Дніпро",
    "cityRecipient": "Білозерське (Донецька обл.)"
  },
  {
    "number": 59000454781507,
    "dateTime": {
      "date": {
        "year": 2019,
        "month": 10,
        "day": 14
      },
      "time": {
        "hour": 11,
        "minute": 41,
        "second": 56,
        "nano": 0
      }
    },
    "citySender": "Дніпро",
    "cityRecipient": "Кам\u0027янець-Подільський"
  },
  {
    "number": 59000454781508,
    "dateTime": {
      "date": {
        "year": 2019,
        "month": 10,
        "day": 14
      },
      "time": {
        "hour": 11,
        "minute": 41,
        "second": 56,
        "nano": 0
      }
    },
    "citySender": "Мельниця-Подільська (Тернопільська обл.)",
    "cityRecipient": "Тернопіль"
  },
  {
    "number": 59000454781509,
    "dateTime": {
      "date": {
        "year": 2019,
        "month": 10,
        "day": 14
      },
      "time": {
        "hour": 11,
        "minute": 41,
        "second": 45,
        "nano": 0
      }
    },
    "citySender": "Ужгород",
    "cityRecipient": "Одеса"
  },
  {
    "number": 59000454781510,
    "dateTime": {
      "date": {
        "year": 2019,
        "month": 10,
        "day": 14
      },
      "time": {
        "hour": 11,
        "minute": 41,
        "second": 25,
        "nano": 0
      }
    },
    "citySender": "Овруч",
    "cityRecipient": "Рудне"
  },
  {
    "number": 59000454781512,
    "dateTime": {
      "date": {
        "year": 2019,
        "month": 10,
        "day": 14
      },
      "time": {
        "hour": 11,
        "minute": 40,
        "second": 54,
        "nano": 0
      }
    },
    "citySender": "Козова",
    "cityRecipient": "Київ"
  },
  {
    "number": 59000454781513,
    "dateTime": {
      "date": {
        "year": 2019,
        "month": 10,
        "day": 14
      },
      "time": {
        "hour": 11,
        "minute": 41,
        "second": 48,
        "nano": 0
      }
    },
    "citySender": "Київ",
    "cityRecipient": "Київ"
  },
  {
    "number": 59000454781514,
    "dateTime": {
      "date": {
        "year": 2019,
        "month": 10,
        "day": 14
      },
      "time": {
        "hour": 11,
        "minute": 41,
        "second": 58,
        "nano": 0
      }
    },
    "citySender": "Бахмут",
    "cityRecipient": "Слов\u0027янськ"
  },
  {
    "number": 59000454781515,
    "dateTime": {
      "date": {
        "year": 2019,
        "month": 10,
        "day": 14
      },
      "time": {
        "hour": 11,
        "minute": 41,
        "second": 57,
        "nano": 0
      }
    },
    "citySender": "Овруч",
    "cityRecipient": "Київ"
  },
  {
    "number": 59000454781516,
    "dateTime": {
      "date": {
        "year": 2019,
        "month": 10,
        "day": 14
      },
      "time": {
        "hour": 11,
        "minute": 41,
        "second": 44,
        "nano": 0
      }
    },
    "citySender": "Львів",
    "cityRecipient": "Київ"
  },
  {
    "number": 59000454781517,
    "dateTime": {
      "date": {
        "year": 2019,
        "month": 10,
        "day": 14
      },
      "time": {
        "hour": 11,
        "minute": 41,
        "second": 40,
        "nano": 0
      }
    },
    "citySender": "Ковель",
    "cityRecipient": "Дніпро"
  },
  {
    "number": 59000454781518,
    "dateTime": {
      "date": {
        "year": 2019,
        "month": 10,
        "day": 14
      },
      "time": {
        "hour": 11,
        "minute": 41,
        "second": 37,
        "nano": 0
      }
    },
    "citySender": "Київ",
    "cityRecipient": "Київ"
  },
  {
    "number": 59000454781519,
    "dateTime": {
      "date": {
        "year": 2019,
        "month": 10,
        "day": 14
      },
      "time": {
        "hour": 11,
        "minute": 41,
        "second": 24,
        "nano": 0
      }
    },
    "citySender": "Львів",
    "cityRecipient": "Тернопіль"
  },
  {
    "number": 59000454781520,
    "dateTime": {
      "date": {
        "year": 2019,
        "month": 10,
        "day": 14
      },
      "time": {
        "hour": 11,
        "minute": 41,
        "second": 59,
        "nano": 0
      }
    },
    "citySender": "Кривий Ріг",
    "cityRecipient": "Кривий Ріг"
  },
  {
    "number": 59000454781521,
    "dateTime": {
      "date": {
        "year": 2019,
        "month": 10,
        "day": 14
      },
      "time": {
        "hour": 11,
        "minute": 41,
        "second": 59,
        "nano": 0
      }
    },
    "citySender": "Харків",
    "cityRecipient": "Харків"
  },
  {
    "number": 59000454781522,
    "dateTime": {
      "date": {
        "year": 2019,
        "month": 10,
        "day": 14
      },
      "time": {
        "hour": 11,
        "minute": 40,
        "second": 11,
        "nano": 0
      }
    },
    "citySender": "Попасна",
    "cityRecipient": "Лисичанськ"
  },
  {
    "number": 59000454781523,
    "dateTime": {
      "date": {
        "year": 2019,
        "month": 10,
        "day": 14
      },
      "time": {
        "hour": 11,
        "minute": 41,
        "second": 25,
        "nano": 0
      }
    },
    "citySender": "Броди",
    "cityRecipient": "Київ"
  },
  {
    "number": 59000454781524,
    "dateTime": {
      "date": {
        "year": 2019,
        "month": 10,
        "day": 14
      },
      "time": {
        "hour": 11,
        "minute": 41,
        "second": 59,
        "nano": 0
      }
    },
    "citySender": "Вінниця",
    "cityRecipient": "Вінниця"
  },
  {
    "number": 59000454781526,
    "dateTime": {
      "date": {
        "year": 2019,
        "month": 10,
        "day": 14
      },
      "time": {
        "hour": 11,
        "minute": 41,
        "second": 40,
        "nano": 0
      }
    },
    "citySender": "Кременчук",
    "cityRecipient": "Дніпро"
  },
  {
    "number": 59000454781527,
    "dateTime": {
      "date": {
        "year": 2019,
        "month": 10,
        "day": 14
      },
      "time": {
        "hour": 11,
        "minute": 42,
        "second": 0,
        "nano": 0
      }
    },
    "citySender": "Запоріжжя",
    "cityRecipient": "Запоріжжя"
  },
  {
    "number": 59000454781528,
    "dateTime": {
      "date": {
        "year": 2019,
        "month": 10,
        "day": 14
      },
      "time": {
        "hour": 11,
        "minute": 41,
        "second": 59,
        "nano": 0
      }
    },
    "citySender": "Полтава",
    "cityRecipient": "Дніпро"
  },
  {
    "number": 59000454781529,
    "dateTime": {
      "date": {
        "year": 2019,
        "month": 10,
        "day": 14
      },
      "time": {
        "hour": 11,
        "minute": 41,
        "second": 59,
        "nano": 0
      }
    },
    "citySender": "Авангард",
    "cityRecipient": "Одеса"
  },
  {
    "number": 59000454781530,
    "dateTime": {
      "date": {
        "year": 2019,
        "month": 10,
        "day": 14
      },
      "time": {
        "hour": 11,
        "minute": 41,
        "second": 11,
        "nano": 0
      }
    },
    "citySender": "Рені",
    "cityRecipient": "Лазурне (Херсонська обл.)"
  },
  {
    "number": 59000454781531,
    "dateTime": {
      "date": {
        "year": 2019,
        "month": 10,
        "day": 14
      },
      "time": {
        "hour": 11,
        "minute": 41,
        "second": 19,
        "nano": 0
      }
    },
    "citySender": "Львів",
    "cityRecipient": "Київ"
  },
  {
    "number": 59000454781532,
    "dateTime": {
      "date": {
        "year": 2019,
        "month": 10,
        "day": 14
      },
      "time": {
        "hour": 11,
        "minute": 41,
        "second": 0,
        "nano": 0
      }
    },
    "citySender": "Миколаїв",
    "cityRecipient": "Хмельницький"
  },
  {
    "number": 59000454781533,
    "dateTime": {
      "date": {
        "year": 2019,
        "month": 10,
        "day": 14
      },
      "time": {
        "hour": 11,
        "minute": 41,
        "second": 38,
        "nano": 0
      }
    },
    "citySender": "Стрілковичі",
    "cityRecipient": "Арциз"
  },
  {
    "number": 59000454781534,
    "dateTime": {
      "date": {
        "year": 2019,
        "month": 10,
        "day": 14
      },
      "time": {
        "hour": 11,
        "minute": 41,
        "second": 8,
        "nano": 0
      }
    },
    "citySender": "Житомир",
    "cityRecipient": "Новоайдар"
  },
  {
    "number": 59000454781535,
    "dateTime": {
      "date": {
        "year": 2019,
        "month": 10,
        "day": 14
      },
      "time": {
        "hour": 11,
        "minute": 41,
        "second": 36,
        "nano": 0
      }
    },
    "citySender": "Дніпро",
    "cityRecipient": "Дніпро"
  },
  {
    "number": 59000454781536,
    "dateTime": {
      "date": {
        "year": 2019,
        "month": 10,
        "day": 14
      },
      "time": {
        "hour": 11,
        "minute": 42,
        "second": 2,
        "nano": 0
      }
    },
    "citySender": "Київ",
    "cityRecipient": "Київ"
  },
  {
    "number": 59000454781538,
    "dateTime": {
      "date": {
        "year": 2019,
        "month": 10,
        "day": 14
      },
      "time": {
        "hour": 11,
        "minute": 41,
        "second": 16,
        "nano": 0
      }
    },
    "citySender": "Біла Церква",
    "cityRecipient": "Івано-Франківськ"
  },
  {
    "number": 59000454781539,
    "dateTime": {
      "date": {
        "year": 2019,
        "month": 10,
        "day": 14
      },
      "time": {
        "hour": 11,
        "minute": 41,
        "second": 26,
        "nano": 0
      }
    },
    "citySender": "Усть-Путила",
    "cityRecipient": "Київ"
  },
  {
    "number": 59000454781540,
    "dateTime": {
      "date": {
        "year": 2019,
        "month": 10,
        "day": 14
      },
      "time": {
        "hour": 11,
        "minute": 41,
        "second": 42,
        "nano": 0
      }
    },
    "citySender": "Дніпро",
    "cityRecipient": "Новгородське (Донецька обл.)"
  },
  {
    "number": 59000454781542,
    "dateTime": {
      "date": {
        "year": 2019,
        "month": 10,
        "day": 14
      },
      "time": {
        "hour": 11,
        "minute": 42,
        "second": 3,
        "nano": 0
      }
    },
    "citySender": "Кривий Ріг",
    "cityRecipient": "Кривий Ріг"
  },
  {
    "number": 59000454781543,
    "dateTime": {
      "date": {
        "year": 2019,
        "month": 10,
        "day": 14
      },
      "time": {
        "hour": 11,
        "minute": 42,
        "second": 3,
        "nano": 0
      }
    },
    "citySender": "Вінниця",
    "cityRecipient": "Вінниця"
  },
  {
    "number": 59000454781544,
    "dateTime": {
      "date": {
        "year": 2019,
        "month": 10,
        "day": 14
      },
      "time": {
        "hour": 11,
        "minute": 41,
        "second": 34,
        "nano": 0
      }
    },
    "citySender": "Одеса",
    "cityRecipient": "Красногорівка"
  },
  {
    "number": 59000454781546,
    "dateTime": {
      "date": {
        "year": 2019,
        "month": 10,
        "day": 14
      },
      "time": {
        "hour": 11,
        "minute": 41,
        "second": 52,
        "nano": 0
      }
    },
    "citySender": "Хмельницький",
    "cityRecipient": "Вишеньки"
  },
  {
    "number": 59000454781547,
    "dateTime": {
      "date": {
        "year": 2019,
        "month": 10,
        "day": 14
      },
      "time": {
        "hour": 11,
        "minute": 41,
        "second": 56,
        "nano": 0
      }
    },
    "citySender": "Тараща",
    "cityRecipient": "Сиротине"
  },
  {
    "number": 59000454781548,
    "dateTime": {
      "date": {
        "year": 2019,
        "month": 10,
        "day": 14
      },
      "time": {
        "hour": 11,
        "minute": 41,
        "second": 4,
        "nano": 0
      }
    },
    "citySender": "Сєвєродонецьк",
    "cityRecipient": "Харків"
  },
  {
    "number": 59000454781549,
    "dateTime": {
      "date": {
        "year": 2019,
        "month": 10,
        "day": 14
      },
      "time": {
        "hour": 11,
        "minute": 42,
        "second": 4,
        "nano": 0
      }
    },
    "citySender": "Вінниця",
    "cityRecipient": "Вінниця"
  },
  {
    "number": 59000454781551,
    "dateTime": {
      "date": {
        "year": 2019,
        "month": 10,
        "day": 14
      },
      "time": {
        "hour": 11,
        "minute": 42,
        "second": 4,
        "nano": 0
      }
    },
    "citySender": "Ужгород",
    "cityRecipient": "Мукачево"
  },
  {
    "number": 59000454781552,
    "dateTime": {
      "date": {
        "year": 2019,
        "month": 10,
        "day": 14
      },
      "time": {
        "hour": 11,
        "minute": 42,
        "second": 4,
        "nano": 0
      }
    },
    "citySender": "Київ",
    "cityRecipient": "Ірпінь"
  },
  {
    "number": 59000454781553,
    "dateTime": {
      "date": {
        "year": 2019,
        "month": 10,
        "day": 14
      },
      "time": {
        "hour": 11,
        "minute": 41,
        "second": 54,
        "nano": 0
      }
    },
    "citySender": "Чоп",
    "cityRecipient": "Полтава"
  },
  {
    "number": 59000454781554,
    "dateTime": {
      "date": {
        "year": 2019,
        "month": 10,
        "day": 14
      },
      "time": {
        "hour": 11,
        "minute": 41,
        "second": 10,
        "nano": 0
      }
    },
    "citySender": "Полтава",
    "cityRecipient": "Горішні Плавні"
  },
  {
    "number": 59000454781555,
    "dateTime": {
      "date": {
        "year": 2019,
        "month": 10,
        "day": 14
      },
      "time": {
        "hour": 11,
        "minute": 42,
        "second": 5,
        "nano": 0
      }
    },
    "citySender": "Володарка",
    "cityRecipient": "Київ"
  },
  {
    "number": 59000454781556,
    "dateTime": {
      "date": {
        "year": 2019,
        "month": 10,
        "day": 14
      },
      "time": {
        "hour": 11,
        "minute": 41,
        "second": 26,
        "nano": 0
      }
    },
    "citySender": "Київ",
    "cityRecipient": "Делятин"
  },
  {
    "number": 59000454781557,
    "dateTime": {
      "date": {
        "year": 2019,
        "month": 10,
        "day": 14
      },
      "time": {
        "hour": 11,
        "minute": 41,
        "second": 50,
        "nano": 0
      }
    },
    "citySender": "Дубровиця (Рівненська обл.)",
    "cityRecipient": "Валки"
  },
  {
    "number": 59000454781558,
    "dateTime": {
      "date": {
        "year": 2019,
        "month": 10,
        "day": 14
      },
      "time": {
        "hour": 11,
        "minute": 41,
        "second": 23,
        "nano": 0
      }
    },
    "citySender": "Таранівка",
    "cityRecipient": "Бородянка"
  },
  {
    "number": 59000454781559,
    "dateTime": {
      "date": {
        "year": 2019,
        "month": 10,
        "day": 14
      },
      "time": {
        "hour": 11,
        "minute": 41,
        "second": 39,
        "nano": 0
      }
    },
    "citySender": "Одеса",
    "cityRecipient": "Біла Церква"
  },
  {
    "number": 59000454781560,
    "dateTime": {
      "date": {
        "year": 2019,
        "month": 10,
        "day": 14
      },
      "time": {
        "hour": 11,
        "minute": 42,
        "second": 3,
        "nano": 0
      }
    },
    "citySender": "Одеса",
    "cityRecipient": "Київ"
  },
  {
    "number": 59000454781561,
    "dateTime": {
      "date": {
        "year": 2019,
        "month": 10,
        "day": 14
      },
      "time": {
        "hour": 11,
        "minute": 42,
        "second": 7,
        "nano": 0
      }
    },
    "citySender": "Шкло",
    "cityRecipient": "Білозерка (Херсонська обл.)"
  },
  {
    "number": 59000454781562,
    "dateTime": {
      "date": {
        "year": 2019,
        "month": 10,
        "day": 14
      },
      "time": {
        "hour": 11,
        "minute": 42,
        "second": 7,
        "nano": 0
      }
    },
    "citySender": "Станіславчик",
    "cityRecipient": "Вінниця"
  },
  {
    "number": 59000454781564,
    "dateTime": {
      "date": {
        "year": 2019,
        "month": 10,
        "day": 14
      },
      "time": {
        "hour": 11,
        "minute": 41,
        "second": 43,
        "nano": 0
      }
    },
    "citySender": "Вінниця",
    "cityRecipient": "Житомир"
  },
  {
    "number": 59000454781565,
    "dateTime": {
      "date": {
        "year": 2019,
        "month": 10,
        "day": 14
      },
      "time": {
        "hour": 11,
        "minute": 42,
        "second": 7,
        "nano": 0
      }
    },
    "citySender": "Звенигородка",
    "cityRecipient": "Черкаси"
  },
  {
    "number": 59000454781566,
    "dateTime": {
      "date": {
        "year": 2019,
        "month": 10,
        "day": 14
      },
      "time": {
        "hour": 11,
        "minute": 41,
        "second": 35,
        "nano": 0
      }
    },
    "citySender": "Харків",
    "cityRecipient": "Львів"
  },
  {
    "number": 59000454781567,
    "dateTime": {
      "date": {
        "year": 2019,
        "month": 10,
        "day": 14
      },
      "time": {
        "hour": 11,
        "minute": 38,
        "second": 8,
        "nano": 0
      }
    },
    "citySender": "Новий Буг",
    "cityRecipient": "Миколаїв"
  },
  {
    "number": 59000454781568,
    "dateTime": {
      "date": {
        "year": 2019,
        "month": 10,
        "day": 14
      },
      "time": {
        "hour": 11,
        "minute": 41,
        "second": 56,
        "nano": 0
      }
    },
    "citySender": "Черкаси",
    "cityRecipient": "Болград (Одеська обл.)"
  },
  {
    "number": 59000454781569,
    "dateTime": {
      "date": {
        "year": 2019,
        "month": 10,
        "day": 14
      },
      "time": {
        "hour": 11,
        "minute": 42,
        "second": 8,
        "nano": 0
      }
    },
    "citySender": "Олевськ",
    "cityRecipient": "Київ"
  },
  {
    "number": 59000454781570,
    "dateTime": {
      "date": {
        "year": 2019,
        "month": 10,
        "day": 14
      },
      "time": {
        "hour": 11,
        "minute": 41,
        "second": 56,
        "nano": 0
      }
    },
    "citySender": "Чорноморськ",
    "cityRecipient": "Дніпро"
  },
  {
    "number": 59000454781571,
    "dateTime": {
      "date": {
        "year": 2019,
        "month": 10,
        "day": 14
      },
      "time": {
        "hour": 11,
        "minute": 42,
        "second": 7,
        "nano": 0
      }
    },
    "citySender": "Харків",
    "cityRecipient": "Харків"
  },
  {
    "number": 59000454781572,
    "dateTime": {
      "date": {
        "year": 2019,
        "month": 10,
        "day": 14
      },
      "time": {
        "hour": 11,
        "minute": 42,
        "second": 1,
        "nano": 0
      }
    },
    "citySender": "Харків",
    "cityRecipient": "Кегичівка"
  },
  {
    "number": 59000454781573,
    "dateTime": {
      "date": {
        "year": 2019,
        "month": 10,
        "day": 14
      },
      "time": {
        "hour": 11,
        "minute": 42,
        "second": 9,
        "nano": 0
      }
    },
    "citySender": "Тлумач",
    "cityRecipient": "Івано-Франківськ"
  },
  {
    "number": 59000454781574,
    "dateTime": {
      "date": {
        "year": 2019,
        "month": 10,
        "day": 14
      },
      "time": {
        "hour": 11,
        "minute": 41,
        "second": 36,
        "nano": 0
      }
    },
    "citySender": "Ужгород",
    "cityRecipient": "Нересниця (Тячівський р-н)"
  },
  {
    "number": 59000454781575,
    "dateTime": {
      "date": {
        "year": 2019,
        "month": 10,
        "day": 14
      },
      "time": {
        "hour": 11,
        "minute": 41,
        "second": 29,
        "nano": 0
      }
    },
    "citySender": "Полтава",
    "cityRecipient": "Шаровечка"
  },
  {
    "number": 59000454781576,
    "dateTime": {
      "date": {
        "year": 2019,
        "month": 10,
        "day": 14
      },
      "time": {
        "hour": 11,
        "minute": 41,
        "second": 31,
        "nano": 0
      }
    },
    "citySender": "Хмельницький",
    "cityRecipient": "Івано-Франківськ"
  },
  {
    "number": 59000454781577,
    "dateTime": {
      "date": {
        "year": 2019,
        "month": 10,
        "day": 14
      },
      "time": {
        "hour": 11,
        "minute": 41,
        "second": 57,
        "nano": 0
      }
    },
    "citySender": "Стрий",
    "cityRecipient": "Дубровиця (Рівненська обл.)"
  },
  {
    "number": 59000454781578,
    "dateTime": {
      "date": {
        "year": 2019,
        "month": 10,
        "day": 14
      },
      "time": {
        "hour": 11,
        "minute": 42,
        "second": 7,
        "nano": 0
      }
    },
    "citySender": "Авангард",
    "cityRecipient": "Одеса"
  },
  {
    "number": 59000454781579,
    "dateTime": {
      "date": {
        "year": 2019,
        "month": 10,
        "day": 14
      },
      "time": {
        "hour": 11,
        "minute": 42,
        "second": 10,
        "nano": 0
      }
    },
    "citySender": "Чернівці",
    "cityRecipient": "Чернівці"
  },
  {
    "number": 59000454781580,
    "dateTime": {
      "date": {
        "year": 2019,
        "month": 10,
        "day": 14
      },
      "time": {
        "hour": 11,
        "minute": 42,
        "second": 10,
        "nano": 0
      }
    },
    "citySender": "Тягинка",
    "cityRecipient": "Херсон"
  },
  {
    "number": 59000454781581,
    "dateTime": {
      "date": {
        "year": 2019,
        "month": 10,
        "day": 14
      },
      "time": {
        "hour": 11,
        "minute": 42,
        "second": 8,
        "nano": 0
      }
    },
    "citySender": "Київ",
    "cityRecipient": "Київ"
  },
  {
    "number": 59000454781582,
    "dateTime": {
      "date": {
        "year": 2019,
        "month": 10,
        "day": 14
      },
      "time": {
        "hour": 11,
        "minute": 42,
        "second": 11,
        "nano": 0
      }
    },
    "citySender": "Усатове",
    "cityRecipient": "Одеса"
  },
  {
    "number": 59000454781583,
    "dateTime": {
      "date": {
        "year": 2019,
        "month": 10,
        "day": 14
      },
      "time": {
        "hour": 11,
        "minute": 42,
        "second": 11,
        "nano": 0
      }
    },
    "citySender": "Вінниця",
    "cityRecipient": "Вінниця"
  },
  {
    "number": 59000454781584,
    "dateTime": {
      "date": {
        "year": 2019,
        "month": 10,
        "day": 14
      },
      "time": {
        "hour": 11,
        "minute": 41,
        "second": 54,
        "nano": 0
      }
    },
    "citySender": "Луцьк",
    "cityRecipient": "Дрогобич"
  },
  {
    "number": 59000454781585,
    "dateTime": {
      "date": {
        "year": 2019,
        "month": 10,
        "day": 14
      },
      "time": {
        "hour": 11,
        "minute": 42,
        "second": 12,
        "nano": 0
      }
    },
    "citySender": "Дніпро",
    "cityRecipient": "Київ"
  }
]