[
  {
    "number": 59000454746515,
    "dateTime": {
      "date": {
        "year": 2019,
        "month": 10,
        "day": 14
      },
      "time": {
        "hour": 9,
        "minute": 17,
        "second": 56,
        "nano": 0
      }
    },
    "citySender": "Городенка",
    "cityRecipient": "Одеса"
  },
  {
    "number": 59000454746516,
    "dateTime": {
      "date": {
        "year": 2019,
        "month": 10,
        "day": 14
      },
      "time": {
        "hour": 9,
        "minute": 18,
        "second": 6,
        "nano": 0
      }
    },
    "citySender": "Сміла",
    "cityRecipient": "Черкаси"
  },
  {
    "number": 59000454746517,
    "dateTime": {
      "date": {
        "year": 2019,
        "month": 10,
        "day": 14
      },
      "time": {
        "hour": 9,
        "minute": 17,
        "second": 52,
        "nano": 0
      }
    },
    "citySender": "Чугуїв",
    "cityRecipient": "Львів"
  },
  {
    "number": 59000454746518,
    "dateTime": {
      "date": {
        "year": 2019,
        "month": 10,
        "day": 14
      },
      "time": {
        "hour": 9,
        "minute": 17,
        "second": 42,
        "nano": 0
      }
    },
    "citySender": "Вінниця",
    "cityRecipient": "Южне"
  },
  {
    "number": 59000454746519,
    "dateTime": {
      "date": {
        "year": 2019,
        "month": 10,
        "day": 14
      },
      "time": {
        "hour": 9,
        "minute": 17,
        "second": 31,
        "nano": 0
      }
    },
    "citySender": "Василівка (Запорізька обл.)",
    "cityRecipient": "Маріуполь"
  },
  {
    "number": 59000454746520,
    "dateTime": {
      "date": {
        "year": 2019,
        "month": 10,
        "day": 14
      },
      "time": {
        "hour": 9,
        "minute": 18,
        "second": 6,
        "nano": 0
      }
    },
    "citySender": "Рокитне (Рівненська обл., Рокитнівський р-н)",
    "cityRecipient": "Запоріжжя"
  },
  {
    "number": 59000454746521,
    "dateTime": {
      "date": {
        "year": 2019,
        "month": 10,
        "day": 14
      },
      "time": {
        "hour": 9,
        "minute": 17,
        "second": 50,
        "nano": 0
      }
    },
    "citySender": "Полтава",
    "cityRecipient": "Білгород-Дністровський"
  },
  {
    "number": 59000454746522,
    "dateTime": {
      "date": {
        "year": 2019,
        "month": 10,
        "day": 14
      },
      "time": {
        "hour": 9,
        "minute": 17,
        "second": 54,
        "nano": 0
      }
    },
    "citySender": "Київ",
    "cityRecipient": "Кам\u0027янське(Дніпропетровська обл)"
  },
  {
    "number": 59000454746523,
    "dateTime": {
      "date": {
        "year": 2019,
        "month": 10,
        "day": 14
      },
      "time": {
        "hour": 9,
        "minute": 18,
        "second": 7,
        "nano": 0
      }
    },
    "citySender": "Миколаївка (Петропавлівський р-н)",
    "cityRecipient": "Кривий Ріг"
  },
  {
    "number": 59000454746524,
    "dateTime": {
      "date": {
        "year": 2019,
        "month": 10,
        "day": 14
      },
      "time": {
        "hour": 9,
        "minute": 17,
        "second": 57,
        "nano": 0
      }
    },
    "citySender": "Кривий Ріг",
    "cityRecipient": "Кривий Ріг"
  },
  {
    "number": 59000454746525,
    "dateTime": {
      "date": {
        "year": 2019,
        "month": 10,
        "day": 14
      },
      "time": {
        "hour": 9,
        "minute": 18,
        "second": 7,
        "nano": 0
      }
    },
    "citySender": "Роздільна (Одеська обл.)",
    "cityRecipient": "Одеса"
  },
  {
    "number": 59000454746526,
    "dateTime": {
      "date": {
        "year": 2019,
        "month": 10,
        "day": 14
      },
      "time": {
        "hour": 9,
        "minute": 17,
        "second": 57,
        "nano": 0
      }
    },
    "citySender": "Дніпро",
    "cityRecipient": "Тульчин"
  },
  {
    "number": 59000454746528,
    "dateTime": {
      "date": {
        "year": 2019,
        "month": 10,
        "day": 14
      },
      "time": {
        "hour": 9,
        "minute": 18,
        "second": 8,
        "nano": 0
      }
    },
    "citySender": "Київ",
    "cityRecipient": "Київ"
  },
  {
    "number": 59000454746529,
    "dateTime": {
      "date": {
        "year": 2019,
        "month": 10,
        "day": 14
      },
      "time": {
        "hour": 9,
        "minute": 18,
        "second": 8,
        "nano": 0
      }
    },
    "citySender": "Шацьк",
    "cityRecipient": "Запоріжжя"
  },
  {
    "number": 59000454746530,
    "dateTime": {
      "date": {
        "year": 2019,
        "month": 10,
        "day": 14
      },
      "time": {
        "hour": 9,
        "minute": 17,
        "second": 13,
        "nano": 0
      }
    },
    "citySender": "Львів",
    "cityRecipient": "Старокостянтинів"
  },
  {
    "number": 59000454746531,
    "dateTime": {
      "date": {
        "year": 2019,
        "month": 10,
        "day": 14
      },
      "time": {
        "hour": 9,
        "minute": 17,
        "second": 48,
        "nano": 0
      }
    },
    "citySender": "Дунаївці (Дунаєвецький р-н.)",
    "cityRecipient": "Херсон"
  },
  {
    "number": 59000454746532,
    "dateTime": {
      "date": {
        "year": 2019,
        "month": 10,
        "day": 14
      },
      "time": {
        "hour": 9,
        "minute": 16,
        "second": 19,
        "nano": 0
      }
    },
    "citySender": "Млинів",
    "cityRecipient": "Королево"
  },
  {
    "number": 59000454746533,
    "dateTime": {
      "date": {
        "year": 2019,
        "month": 10,
        "day": 14
      },
      "time": {
        "hour": 9,
        "minute": 17,
        "second": 48,
        "nano": 0
      }
    },
    "citySender": "Запоріжжя",
    "cityRecipient": "Нікополь (Дніпропетровська обл.)"
  },
  {
    "number": 59000454746534,
    "dateTime": {
      "date": {
        "year": 2019,
        "month": 10,
        "day": 14
      },
      "time": {
        "hour": 9,
        "minute": 17,
        "second": 44,
        "nano": 0
      }
    },
    "citySender": "Острог",
    "cityRecipient": "Вінниця"
  },
  {
    "number": 59000454746535,
    "dateTime": {
      "date": {
        "year": 2019,
        "month": 10,
        "day": 14
      },
      "time": {
        "hour": 9,
        "minute": 17,
        "second": 47,
        "nano": 0
      }
    },
    "citySender": "Вільногірськ",
    "cityRecipient": "Дніпро"
  },
  {
    "number": 59000454746536,
    "dateTime": {
      "date": {
        "year": 2019,
        "month": 10,
        "day": 14
      },
      "time": {
        "hour": 9,
        "minute": 18,
        "second": 11,
        "nano": 0
      }
    },
    "citySender": "Ілічанка",
    "cityRecipient": "Одеса"
  },
  {
    "number": 59000454746537,
    "dateTime": {
      "date": {
        "year": 2019,
        "month": 10,
        "day": 14
      },
      "time": {
        "hour": 9,
        "minute": 18,
        "second": 11,
        "nano": 0
      }
    },
    "citySender": "Дніпрорудне",
    "cityRecipient": "Одеса"
  },
  {
    "number": 59000454746538,
    "dateTime": {
      "date": {
        "year": 2019,
        "month": 10,
        "day": 14
      },
      "time": {
        "hour": 9,
        "minute": 17,
        "second": 40,
        "nano": 0
      }
    },
    "citySender": "Крюківщина",
    "cityRecipient": "Кам\u0027янське(Дніпропетровська обл)"
  },
  {
    "number": 59000454746539,
    "dateTime": {
      "date": {
        "year": 2019,
        "month": 10,
        "day": 14
      },
      "time": {
        "hour": 9,
        "minute": 17,
        "second": 34,
        "nano": 0
      }
    },
    "citySender": "Кропивницький",
    "cityRecipient": "Дніпро"
  },
  {
    "number": 59000454746540,
    "dateTime": {
      "date": {
        "year": 2019,
        "month": 10,
        "day": 14
      },
      "time": {
        "hour": 9,
        "minute": 17,
        "second": 38,
        "nano": 0
      }
    },
    "citySender": "Харків",
    "cityRecipient": "Кропивницький"
  },
  {
    "number": 59000454746541,
    "dateTime": {
      "date": {
        "year": 2019,
        "month": 10,
        "day": 14
      },
      "time": {
        "hour": 9,
        "minute": 18,
        "second": 1,
        "nano": 0
      }
    },
    "citySender": "Суми",
    "cityRecipient": "Одеса"
  },
  {
    "number": 59000454746542,
    "dateTime": {
      "date": {
        "year": 2019,
        "month": 10,
        "day": 14
      },
      "time": {
        "hour": 9,
        "minute": 17,
        "second": 42,
        "nano": 0
      }
    },
    "citySender": "Гребінка (Полтавська обл.)",
    "cityRecipient": "Маріуполь"
  },
  {
    "number": 59000454746543,
    "dateTime": {
      "date": {
        "year": 2019,
        "month": 10,
        "day": 14
      },
      "time": {
        "hour": 9,
        "minute": 18,
        "second": 11,
        "nano": 0
      }
    },
    "citySender": "Дніпро",
    "cityRecipient": "Бучач"
  },
  {
    "number": 59000454746544,
    "dateTime": {
      "date": {
        "year": 2019,
        "month": 10,
        "day": 14
      },
      "time": {
        "hour": 9,
        "minute": 18,
        "second": 14,
        "nano": 0
      }
    },
    "citySender": "Гуляйполе",
    "cityRecipient": "Запоріжжя"
  },
  {
    "number": 59000454746545,
    "dateTime": {
      "date": {
        "year": 2019,
        "month": 10,
        "day": 14
      },
      "time": {
        "hour": 9,
        "minute": 17,
        "second": 59,
        "nano": 0
      }
    },
    "citySender": "Золотоноша",
    "cityRecipient": "Білогородка (Київська обл.)"
  },
  {
    "number": 59000454746546,
    "dateTime": {
      "date": {
        "year": 2019,
        "month": 10,
        "day": 14
      },
      "time": {
        "hour": 9,
        "minute": 18,
        "second": 11,
        "nano": 0
      }
    },
    "citySender": "Київ",
    "cityRecipient": "Одеса"
  },
  {
    "number": 59000454746547,
    "dateTime": {
      "date": {
        "year": 2019,
        "month": 10,
        "day": 14
      },
      "time": {
        "hour": 9,
        "minute": 18,
        "second": 10,
        "nano": 0
      }
    },
    "citySender": "Тернопіль",
    "cityRecipient": "Тернопіль"
  },
  {
    "number": 59000454746548,
    "dateTime": {
      "date": {
        "year": 2019,
        "month": 10,
        "day": 14
      },
      "time": {
        "hour": 9,
        "minute": 18,
        "second": 2,
        "nano": 0
      }
    },
    "citySender": "Ромни",
    "cityRecipient": "Полтава"
  },
  {
    "number": 59000454746549,
    "dateTime": {
      "date": {
        "year": 2019,
        "month": 10,
        "day": 14
      },
      "time": {
        "hour": 9,
        "minute": 18,
        "second": 15,
        "nano": 0
      }
    },
    "citySender": "Розсошенці(Полтавська обл.)",
    "cityRecipient": "Мала Виска"
  },
  {
    "number": 59000454746550,
    "dateTime": {
      "date": {
        "year": 2019,
        "month": 10,
        "day": 14
      },
      "time": {
        "hour": 9,
        "minute": 18,
        "second": 16,
        "nano": 0
      }
    },
    "citySender": "Муровані Курилівці",
    "cityRecipient": "Вінниця"
  },
  {
    "number": 59000454746551,
    "dateTime": {
      "date": {
        "year": 2019,
        "month": 10,
        "day": 14
      },
      "time": {
        "hour": 9,
        "minute": 18,
        "second": 14,
        "nano": 0
      }
    },
    "citySender": "Хмельницький",
    "cityRecipient": "Київ"
  },
  {
    "number": 59000454746552,
    "dateTime": {
      "date": {
        "year": 2019,
        "month": 10,
        "day": 14
      },
      "time": {
        "hour": 9,
        "minute": 18,
        "second": 14,
        "nano": 0
      }
    },
    "citySender": "Херсон",
    "cityRecipient": "Київ"
  },
  {
    "number": 59000454746553,
    "dateTime": {
      "date": {
        "year": 2019,
        "month": 10,
        "day": 14
      },
      "time": {
        "hour": 9,
        "minute": 18,
        "second": 17,
        "nano": 0
      }
    },
    "citySender": "Стрий",
    "cityRecipient": "Львів"
  },
  {
    "number": 59000454746555,
    "dateTime": {
      "date": {
        "year": 2019,
        "month": 10,
        "day": 14
      },
      "time": {
        "hour": 9,
        "minute": 18,
        "second": 13,
        "nano": 0
      }
    },
    "citySender": "Чубинське",
    "cityRecipient": "Кропивницький"
  },
  {
    "number": 59000454746556,
    "dateTime": {
      "date": {
        "year": 2019,
        "month": 10,
        "day": 14
      },
      "time": {
        "hour": 9,
        "minute": 18,
        "second": 14,
        "nano": 0
      }
    },
    "citySender": "Київ",
    "cityRecipient": "Київ"
  },
  {
    "number": 59000454746557,
    "dateTime": {
      "date": {
        "year": 2019,
        "month": 10,
        "day": 14
      },
      "time": {
        "hour": 9,
        "minute": 18,
        "second": 3,
        "nano": 0
      }
    },
    "citySender": "Виноградів",
    "cityRecipient": "Харків"
  },
  {
    "number": 59000454746558,
    "dateTime": {
      "date": {
        "year": 2019,
        "month": 10,
        "day": 14
      },
      "time": {
        "hour": 9,
        "minute": 18,
        "second": 19,
        "nano": 0
      }
    },
    "citySender": "Житомир",
    "cityRecipient": "Житомир"
  },
  {
    "number": 59000454746559,
    "dateTime": {
      "date": {
        "year": 2019,
        "month": 10,
        "day": 14
      },
      "time": {
        "hour": 9,
        "minute": 18,
        "second": 17,
        "nano": 0
      }
    },
    "citySender": "Дніпро",
    "cityRecipient": "Київ"
  },
  {
    "number": 59000454746560,
    "dateTime": {
      "date": {
        "year": 2019,
        "month": 10,
        "day": 14
      },
      "time": {
        "hour": 9,
        "minute": 17,
        "second": 53,
        "nano": 0
      }
    },
    "citySender": "Бершадь",
    "cityRecipient": "Київ"
  },
  {
    "number": 59000454746562,
    "dateTime": {
      "date": {
        "year": 2019,
        "month": 10,
        "day": 14
      },
      "time": {
        "hour": 9,
        "minute": 18,
        "second": 20,
        "nano": 0
      }
    },
    "citySender": "Уланів",
    "cityRecipient": "Житомир"
  },
  {
    "number": 59000454746563,
    "dateTime": {
      "date": {
        "year": 2019,
        "month": 10,
        "day": 14
      },
      "time": {
        "hour": 9,
        "minute": 17,
        "second": 56,
        "nano": 0
      }
    },
    "citySender": "Королево",
    "cityRecipient": "Вараш"
  },
  {
    "number": 59000454746564,
    "dateTime": {
      "date": {
        "year": 2019,
        "month": 10,
        "day": 14
      },
      "time": {
        "hour": 9,
        "minute": 18,
        "second": 20,
        "nano": 0
      }
    },
    "citySender": "Велика Димерка",
    "cityRecipient": "Київ"
  },
  {
    "number": 59000454746565,
    "dateTime": {
      "date": {
        "year": 2019,
        "month": 10,
        "day": 14
      },
      "time": {
        "hour": 9,
        "minute": 17,
        "second": 46,
        "nano": 0
      }
    },
    "citySender": "Рівне",
    "cityRecipient": "Одеса"
  },
  {
    "number": 59000454746566,
    "dateTime": {
      "date": {
        "year": 2019,
        "month": 10,
        "day": 14
      },
      "time": {
        "hour": 9,
        "minute": 18,
        "second": 22,
        "nano": 0
      }
    },
    "citySender": "Шумськ",
    "cityRecipient": "Тернопіль"
  },
  {
    "number": 59000454746567,
    "dateTime": {
      "date": {
        "year": 2019,
        "month": 10,
        "day": 14
      },
      "time": {
        "hour": 9,
        "minute": 18,
        "second": 17,
        "nano": 0
      }
    },
    "citySender": "Бахмут",
    "cityRecipient": "Одеса"
  },
  {
    "number": 59000454746568,
    "dateTime": {
      "date": {
        "year": 2019,
        "month": 10,
        "day": 14
      },
      "time": {
        "hour": 9,
        "minute": 17,
        "second": 56,
        "nano": 0
      }
    },
    "citySender": "Світлодарськ",
    "cityRecipient": "Гайсин"
  },
  {
    "number": 59000454746569,
    "dateTime": {
      "date": {
        "year": 2019,
        "month": 10,
        "day": 14
      },
      "time": {
        "hour": 9,
        "minute": 17,
        "second": 36,
        "nano": 0
      }
    },
    "citySender": "Бобровиця",
    "cityRecipient": "Каховка"
  },
  {
    "number": 59000454746570,
    "dateTime": {
      "date": {
        "year": 2019,
        "month": 10,
        "day": 14
      },
      "time": {
        "hour": 9,
        "minute": 17,
        "second": 16,
        "nano": 0
      }
    },
    "citySender": "Новомосковськ",
    "cityRecipient": "Синельникове"
  },
  {
    "number": 59000454746572,
    "dateTime": {
      "date": {
        "year": 2019,
        "month": 10,
        "day": 14
      },
      "time": {
        "hour": 9,
        "minute": 18,
        "second": 23,
        "nano": 0
      }
    },
    "citySender": "Маріуполь",
    "cityRecipient": "Київ"
  },
  {
    "number": 59000454746573,
    "dateTime": {
      "date": {
        "year": 2019,
        "month": 10,
        "day": 14
      },
      "time": {
        "hour": 9,
        "minute": 18,
        "second": 9,
        "nano": 0
      }
    },
    "citySender": "Благовіщенське(Кіровоградська обл.)",
    "cityRecipient": "Бориспіль"
  },
  {
    "number": 59000454746574,
    "dateTime": {
      "date": {
        "year": 2019,
        "month": 10,
        "day": 14
      },
      "time": {
        "hour": 9,
        "minute": 18,
        "second": 24,
        "nano": 0
      }
    },
    "citySender": "Кам\u0027янське(Дніпропетровська обл)",
    "cityRecipient": "Дніпро"
  },
  {
    "number": 59000454746575,
    "dateTime": {
      "date": {
        "year": 2019,
        "month": 10,
        "day": 14
      },
      "time": {
        "hour": 9,
        "minute": 17,
        "second": 52,
        "nano": 0
      }
    },
    "citySender": "Лозова",
    "cityRecipient": "Київ"
  },
  {
    "number": 59000454746576,
    "dateTime": {
      "date": {
        "year": 2019,
        "month": 10,
        "day": 14
      },
      "time": {
        "hour": 9,
        "minute": 18,
        "second": 25,
        "nano": 0
      }
    },
    "citySender": "Черкаси",
    "cityRecipient": "Черкаси"
  },
  {
    "number": 59000454746577,
    "dateTime": {
      "date": {
        "year": 2019,
        "month": 10,
        "day": 14
      },
      "time": {
        "hour": 9,
        "minute": 18,
        "second": 25,
        "nano": 0
      }
    },
    "citySender": "Бар",
    "cityRecipient": "Вінниця"
  },
  {
    "number": 59000454746578,
    "dateTime": {
      "date": {
        "year": 2019,
        "month": 10,
        "day": 14
      },
      "time": {
        "hour": 9,
        "minute": 18,
        "second": 25,
        "nano": 0
      }
    },
    "citySender": "Мурафа",
    "cityRecipient": "Вінниця"
  },
  {
    "number": 59000454746579,
    "dateTime": {
      "date": {
        "year": 2019,
        "month": 10,
        "day": 14
      },
      "time": {
        "hour": 9,
        "minute": 18,
        "second": 20,
        "nano": 0
      }
    },
    "citySender": "Чернівці",
    "cityRecipient": "Курахове"
  },
  {
    "number": 59000454746580,
    "dateTime": {
      "date": {
        "year": 2019,
        "month": 10,
        "day": 14
      },
      "time": {
        "hour": 9,
        "minute": 17,
        "second": 57,
        "nano": 0
      }
    },
    "citySender": "Шостка",
    "cityRecipient": "Чорноморськ"
  },
  {
    "number": 59000454746581,
    "dateTime": {
      "date": {
        "year": 2019,
        "month": 10,
        "day": 14
      },
      "time": {
        "hour": 9,
        "minute": 17,
        "second": 56,
        "nano": 0
      }
    },
    "citySender": "Славута",
    "cityRecipient": "Обухів"
  },
  {
    "number": 59000454746582,
    "dateTime": {
      "date": {
        "year": 2019,
        "month": 10,
        "day": 14
      },
      "time": {
        "hour": 9,
        "minute": 17,
        "second": 42,
        "nano": 0
      }
    },
    "citySender": "Нова Ушиця",
    "cityRecipient": "Вінниця"
  },
  {
    "number": 59000454746583,
    "dateTime": {
      "date": {
        "year": 2019,
        "month": 10,
        "day": 14
      },
      "time": {
        "hour": 9,
        "minute": 18,
        "second": 27,
        "nano": 0
      }
    },
    "citySender": "Вишково",
    "cityRecipient": "Львів"
  },
  {
    "number": 59000454746584,
    "dateTime": {
      "date": {
        "year": 2019,
        "month": 10,
        "day": 14
      },
      "time": {
        "hour": 9,
        "minute": 18,
        "second": 27,
        "nano": 0
      }
    },
    "citySender": "Оноківці (ст. Доманинці)",
    "cityRecipient": "Мукачево"
  },
  {
    "number": 59000454746585,
    "dateTime": {
      "date": {
        "year": 2019,
        "month": 10,
        "day": 14
      },
      "time": {
        "hour": 9,
        "minute": 18,
        "second": 10,
        "nano": 0
      }
    },
    "citySender": "Тячів",
    "cityRecipient": "Конотоп"
  },
  {
    "number": 59000454746586,
    "dateTime": {
      "date": {
        "year": 2019,
        "month": 10,
        "day": 14
      },
      "time": {
        "hour": 9,
        "minute": 18,
        "second": 27,
        "nano": 0
      }
    },
    "citySender": "Київ",
    "cityRecipient": "Дачне"
  },
  {
    "number": 59000454746587,
    "dateTime": {
      "date": {
        "year": 2019,
        "month": 10,
        "day": 14
      },
      "time": {
        "hour": 9,
        "minute": 17,
        "second": 27,
        "nano": 0
      }
    },
    "citySender": "Одеса",
    "cityRecipient": "Велика Новосілка"
  },
  {
    "number": 59000454746588,
    "dateTime": {
      "date": {
        "year": 2019,
        "month": 10,
        "day": 14
      },
      "time": {
        "hour": 9,
        "minute": 18,
        "second": 28,
        "nano": 0
      }
    },
    "citySender": "Дніпрорудне",
    "cityRecipient": "Київ"
  },
  {
    "number": 59000454746589,
    "dateTime": {
      "date": {
        "year": 2019,
        "month": 10,
        "day": 14
      },
      "time": {
        "hour": 9,
        "minute": 18,
        "second": 6,
        "nano": 0
      }
    },
    "citySender": "Київ",
    "cityRecipient": "Балабине"
  },
  {
    "number": 59000454746591,
    "dateTime": {
      "date": {
        "year": 2019,
        "month": 10,
        "day": 14
      },
      "time": {
        "hour": 9,
        "minute": 18,
        "second": 29,
        "nano": 0
      }
    },
    "citySender": "Скала-Подільська",
    "cityRecipient": "Тернопіль"
  },
  {
    "number": 59000454746592,
    "dateTime": {
      "date": {
        "year": 2019,
        "month": 10,
        "day": 14
      },
      "time": {
        "hour": 9,
        "minute": 17,
        "second": 44,
        "nano": 0
      }
    },
    "citySender": "Олександрія (м.Кіровогр.обл.райц)",
    "cityRecipient": "Кропивницький"
  },
  {
    "number": 59000454746593,
    "dateTime": {
      "date": {
        "year": 2019,
        "month": 10,
        "day": 14
      },
      "time": {
        "hour": 9,
        "minute": 17,
        "second": 54,
        "nano": 0
      }
    },
    "citySender": "Одеса",
    "cityRecipient": "Хмельницький"
  },
  {
    "number": 59000454746595,
    "dateTime": {
      "date": {
        "year": 2019,
        "month": 10,
        "day": 14
      },
      "time": {
        "hour": 9,
        "minute": 17,
        "second": 58,
        "nano": 0
      }
    },
    "citySender": "Яремче",
    "cityRecipient": "Київ"
  },
  {
    "number": 59000454746596,
    "dateTime": {
      "date": {
        "year": 2019,
        "month": 10,
        "day": 14
      },
      "time": {
        "hour": 9,
        "minute": 16,
        "second": 56,
        "nano": 0
      }
    },
    "citySender": "Звенигородка",
    "cityRecipient": "Бровари"
  },
  {
    "number": 59000454746597,
    "dateTime": {
      "date": {
        "year": 2019,
        "month": 10,
        "day": 14
      },
      "time": {
        "hour": 9,
        "minute": 18,
        "second": 32,
        "nano": 0
      }
    },
    "citySender": "Хмільник (Вінницька обл.)",
    "cityRecipient": "Вінниця"
  },
  {
    "number": 59000454746598,
    "dateTime": {
      "date": {
        "year": 2019,
        "month": 10,
        "day": 14
      },
      "time": {
        "hour": 9,
        "minute": 18,
        "second": 23,
        "nano": 0
      }
    },
    "citySender": "Одеса",
    "cityRecipient": "Львів"
  },
  {
    "number": 59000454746599,
    "dateTime": {
      "date": {
        "year": 2019,
        "month": 10,
        "day": 14
      },
      "time": {
        "hour": 9,
        "minute": 17,
        "second": 37,
        "nano": 0
      }
    },
    "citySender": "Дніпро",
    "cityRecipient": "Полігон"
  },
  {
    "number": 59000454746600,
    "dateTime": {
      "date": {
        "year": 2019,
        "month": 10,
        "day": 14
      },
      "time": {
        "hour": 9,
        "minute": 18,
        "second": 33,
        "nano": 0
      }
    },
    "citySender": "Чортків",
    "cityRecipient": "Миколаїв"
  },
  {
    "number": 59000454746601,
    "dateTime": {
      "date": {
        "year": 2019,
        "month": 10,
        "day": 14
      },
      "time": {
        "hour": 9,
        "minute": 18,
        "second": 33,
        "nano": 0
      }
    },
    "citySender": "Київ",
    "cityRecipient": "Київ"
  },
  {
    "number": 59000454746602,
    "dateTime": {
      "date": {
        "year": 2019,
        "month": 10,
        "day": 14
      },
      "time": {
        "hour": 9,
        "minute": 17,
        "second": 57,
        "nano": 0
      }
    },
    "citySender": "Запоріжжя",
    "cityRecipient": "Тридуби"
  },
  {
    "number": 59000454746603,
    "dateTime": {
      "date": {
        "year": 2019,
        "month": 10,
        "day": 14
      },
      "time": {
        "hour": 9,
        "minute": 18,
        "second": 33,
        "nano": 0
      }
    },
    "citySender": "Сміла",
    "cityRecipient": "Черкаси"
  },
  {
    "number": 59000454746604,
    "dateTime": {
      "date": {
        "year": 2019,
        "month": 10,
        "day": 14
      },
      "time": {
        "hour": 9,
        "minute": 18,
        "second": 33,
        "nano": 0
      }
    },
    "citySender": "Червона Слобода (Черкаська обл.)",
    "cityRecipient": "Черкаси"
  },
  {
    "number": 59000454746605,
    "dateTime": {
      "date": {
        "year": 2019,
        "month": 10,
        "day": 14
      },
      "time": {
        "hour": 9,
        "minute": 18,
        "second": 16,
        "nano": 0
      }
    },
    "citySender": "Почаїв",
    "cityRecipient": "Синяк"
  },
  {
    "number": 59000454746606,
    "dateTime": {
      "date": {
        "year": 2019,
        "month": 10,
        "day": 14
      },
      "time": {
        "hour": 9,
        "minute": 18,
        "second": 15,
        "nano": 0
      }
    },
    "citySender": "Харків",
    "cityRecipient": "Одеса"
  },
  {
    "number": 59000454746607,
    "dateTime": {
      "date": {
        "year": 2019,
        "month": 10,
        "day": 14
      },
      "time": {
        "hour": 9,
        "minute": 18,
        "second": 32,
        "nano": 0
      }
    },
    "citySender": "Вишневе",
    "cityRecipient": "Київ"
  },
  {
    "number": 59000454746608,
    "dateTime": {
      "date": {
        "year": 2019,
        "month": 10,
        "day": 14
      },
      "time": {
        "hour": 9,
        "minute": 18,
        "second": 35,
        "nano": 0
      }
    },
    "citySender": "Арциз",
    "cityRecipient": "Одеса"
  },
  {
    "number": 59000454746609,
    "dateTime": {
      "date": {
        "year": 2019,
        "month": 10,
        "day": 14
      },
      "time": {
        "hour": 9,
        "minute": 18,
        "second": 25,
        "nano": 0
      }
    },
    "citySender": "Івано-Франківськ",
    "cityRecipient": "Київ"
  },
  {
    "number": 59000454746610,
    "dateTime": {
      "date": {
        "year": 2019,
        "month": 10,
        "day": 14
      },
      "time": {
        "hour": 9,
        "minute": 18,
        "second": 35,
        "nano": 0
      }
    },
    "citySender": "Одеса",
    "cityRecipient": "Одеса"
  },
  {
    "number": 59000454746611,
    "dateTime": {
      "date": {
        "year": 2019,
        "month": 10,
        "day": 14
      },
      "time": {
        "hour": 9,
        "minute": 17,
        "second": 45,
        "nano": 0
      }
    },
    "citySender": "Київ",
    "cityRecipient": "Чаплинка (Херсонська обл.)"
  },
  {
    "number": 59000454746612,
    "dateTime": {
      "date": {
        "year": 2019,
        "month": 10,
        "day": 14
      },
      "time": {
        "hour": 9,
        "minute": 18,
        "second": 11,
        "nano": 0
      }
    },
    "citySender": "Катюжанка",
    "cityRecipient": "Одеса"
  },
  {
    "number": 59000454746613,
    "dateTime": {
      "date": {
        "year": 2019,
        "month": 10,
        "day": 14
      },
      "time": {
        "hour": 9,
        "minute": 18,
        "second": 10,
        "nano": 0
      }
    },
    "citySender": "Київ",
    "cityRecipient": "Херсон"
  },
  {
    "number": 59000454746614,
    "dateTime": {
      "date": {
        "year": 2019,
        "month": 10,
        "day": 14
      },
      "time": {
        "hour": 9,
        "minute": 18,
        "second": 18,
        "nano": 0
      }
    },
    "citySender": "Бахмач",
    "cityRecipient": "Зміїнець"
  }
]