[
  {
    "number": 59000454760299,
    "dateTime": {
      "date": {
        "year": 2019,
        "month": 10,
        "day": 14
      },
      "time": {
        "hour": 10,
        "minute": 24,
        "second": 50,
        "nano": 0
      }
    },
    "citySender": "Миколаїв",
    "cityRecipient": "Харків"
  },
  {
    "number": 59000454760300,
    "dateTime": {
      "date": {
        "year": 2019,
        "month": 10,
        "day": 14
      },
      "time": {
        "hour": 10,
        "minute": 24,
        "second": 51,
        "nano": 0
      }
    },
    "citySender": "Гримайлів",
    "cityRecipient": "Тернопіль"
  },
  {
    "number": 59000454760301,
    "dateTime": {
      "date": {
        "year": 2019,
        "month": 10,
        "day": 14
      },
      "time": {
        "hour": 10,
        "minute": 24,
        "second": 51,
        "nano": 0
      }
    },
    "citySender": "Городок(Львівська обл.)",
    "cityRecipient": "Дачне"
  },
  {
    "number": 59000454760302,
    "dateTime": {
      "date": {
        "year": 2019,
        "month": 10,
        "day": 14
      },
      "time": {
        "hour": 10,
        "minute": 24,
        "second": 13,
        "nano": 0
      }
    },
    "citySender": "Чернігів",
    "cityRecipient": "Мирноград"
  },
  {
    "number": 59000454760303,
    "dateTime": {
      "date": {
        "year": 2019,
        "month": 10,
        "day": 14
      },
      "time": {
        "hour": 10,
        "minute": 24,
        "second": 38,
        "nano": 0
      }
    },
    "citySender": "Кривий Ріг",
    "cityRecipient": "Одеса"
  },
  {
    "number": 59000454760304,
    "dateTime": {
      "date": {
        "year": 2019,
        "month": 10,
        "day": 14
      },
      "time": {
        "hour": 10,
        "minute": 24,
        "second": 49,
        "nano": 0
      }
    },
    "citySender": "Авангард",
    "cityRecipient": "Одеса"
  },
  {
    "number": 59000454760305,
    "dateTime": {
      "date": {
        "year": 2019,
        "month": 10,
        "day": 14
      },
      "time": {
        "hour": 10,
        "minute": 24,
        "second": 8,
        "nano": 0
      }
    },
    "citySender": "Одеса",
    "cityRecipient": "Київ"
  },
  {
    "number": 59000454760306,
    "dateTime": {
      "date": {
        "year": 2019,
        "month": 10,
        "day": 14
      },
      "time": {
        "hour": 10,
        "minute": 24,
        "second": 49,
        "nano": 0
      }
    },
    "citySender": "Баранинці (Закарпатська обл.)",
    "cityRecipient": "Дніпро"
  },
  {
    "number": 59000454760307,
    "dateTime": {
      "date": {
        "year": 2019,
        "month": 10,
        "day": 14
      },
      "time": {
        "hour": 10,
        "minute": 24,
        "second": 52,
        "nano": 0
      }
    },
    "citySender": "Новотроїцьке (Херсонська обл.)",
    "cityRecipient": "Херсон"
  },
  {
    "number": 59000454760308,
    "dateTime": {
      "date": {
        "year": 2019,
        "month": 10,
        "day": 14
      },
      "time": {
        "hour": 10,
        "minute": 24,
        "second": 39,
        "nano": 0
      }
    },
    "citySender": "Київ",
    "cityRecipient": "Нова Каховка"
  },
  {
    "number": 59000454760309,
    "dateTime": {
      "date": {
        "year": 2019,
        "month": 10,
        "day": 14
      },
      "time": {
        "hour": 10,
        "minute": 24,
        "second": 53,
        "nano": 0
      }
    },
    "citySender": "Царичанка",
    "cityRecipient": "Дніпро"
  },
  {
    "number": 59000454760310,
    "dateTime": {
      "date": {
        "year": 2019,
        "month": 10,
        "day": 14
      },
      "time": {
        "hour": 10,
        "minute": 24,
        "second": 50,
        "nano": 0
      }
    },
    "citySender": "Северинівка (Таращанський р-н)",
    "cityRecipient": "Северинівка (Київська обл.)"
  },
  {
    "number": 59000454760311,
    "dateTime": {
      "date": {
        "year": 2019,
        "month": 10,
        "day": 14
      },
      "time": {
        "hour": 10,
        "minute": 24,
        "second": 46,
        "nano": 0
      }
    },
    "citySender": "Княжичі (Броварський р-н)",
    "cityRecipient": "Петрове (Петрівський р-н., Кіровоградська обл)"
  },
  {
    "number": 59000454760313,
    "dateTime": {
      "date": {
        "year": 2019,
        "month": 10,
        "day": 14
      },
      "time": {
        "hour": 10,
        "minute": 24,
        "second": 44,
        "nano": 0
      }
    },
    "citySender": "Ірпінь",
    "cityRecipient": "Івано-Франківськ"
  },
  {
    "number": 59000454760314,
    "dateTime": {
      "date": {
        "year": 2019,
        "month": 10,
        "day": 14
      },
      "time": {
        "hour": 10,
        "minute": 24,
        "second": 22,
        "nano": 0
      }
    },
    "citySender": "Кропивницький",
    "cityRecipient": "Ковель"
  },
  {
    "number": 59000454760315,
    "dateTime": {
      "date": {
        "year": 2019,
        "month": 10,
        "day": 14
      },
      "time": {
        "hour": 10,
        "minute": 24,
        "second": 4,
        "nano": 0
      }
    },
    "citySender": "Біла Церква",
    "cityRecipient": "Горішні Плавні"
  },
  {
    "number": 59000454760316,
    "dateTime": {
      "date": {
        "year": 2019,
        "month": 10,
        "day": 14
      },
      "time": {
        "hour": 10,
        "minute": 23,
        "second": 33,
        "nano": 0
      }
    },
    "citySender": "Київ",
    "cityRecipient": "Жмеринка"
  },
  {
    "number": 59000454760317,
    "dateTime": {
      "date": {
        "year": 2019,
        "month": 10,
        "day": 14
      },
      "time": {
        "hour": 10,
        "minute": 24,
        "second": 53,
        "nano": 0
      }
    },
    "citySender": "Чернігів",
    "cityRecipient": "Київ"
  },
  {
    "number": 59000454760318,
    "dateTime": {
      "date": {
        "year": 2019,
        "month": 10,
        "day": 14
      },
      "time": {
        "hour": 10,
        "minute": 24,
        "second": 52,
        "nano": 0
      }
    },
    "citySender": "Кременчук",
    "cityRecipient": "Харків"
  },
  {
    "number": 59000454760319,
    "dateTime": {
      "date": {
        "year": 2019,
        "month": 10,
        "day": 14
      },
      "time": {
        "hour": 10,
        "minute": 23,
        "second": 43,
        "nano": 0
      }
    },
    "citySender": "Велика Новосілка",
    "cityRecipient": "Любарці"
  },
  {
    "number": 59000454760320,
    "dateTime": {
      "date": {
        "year": 2019,
        "month": 10,
        "day": 14
      },
      "time": {
        "hour": 10,
        "minute": 24,
        "second": 55,
        "nano": 0
      }
    },
    "citySender": "Олександрія (м.Кіровогр.обл.райц)",
    "cityRecipient": "Кропивницький"
  },
  {
    "number": 59000454760321,
    "dateTime": {
      "date": {
        "year": 2019,
        "month": 10,
        "day": 14
      },
      "time": {
        "hour": 10,
        "minute": 24,
        "second": 54,
        "nano": 0
      }
    },
    "citySender": "Макарів",
    "cityRecipient": "Дніпро"
  },
  {
    "number": 59000454760322,
    "dateTime": {
      "date": {
        "year": 2019,
        "month": 10,
        "day": 14
      },
      "time": {
        "hour": 10,
        "minute": 24,
        "second": 52,
        "nano": 0
      }
    },
    "citySender": "Дніпро",
    "cityRecipient": "Дніпро"
  },
  {
    "number": 59000454760323,
    "dateTime": {
      "date": {
        "year": 2019,
        "month": 10,
        "day": 14
      },
      "time": {
        "hour": 10,
        "minute": 24,
        "second": 56,
        "nano": 0
      }
    },
    "citySender": "Київ",
    "cityRecipient": "Київ"
  },
  {
    "number": 59000454760324,
    "dateTime": {
      "date": {
        "year": 2019,
        "month": 10,
        "day": 14
      },
      "time": {
        "hour": 10,
        "minute": 24,
        "second": 51,
        "nano": 0
      }
    },
    "citySender": "Новоград-Волинський",
    "cityRecipient": "Київ"
  },
  {
    "number": 59000454760325,
    "dateTime": {
      "date": {
        "year": 2019,
        "month": 10,
        "day": 14
      },
      "time": {
        "hour": 10,
        "minute": 24,
        "second": 40,
        "nano": 0
      }
    },
    "citySender": "Рясне-Руське",
    "cityRecipient": "Харків"
  },
  {
    "number": 59000454760326,
    "dateTime": {
      "date": {
        "year": 2019,
        "month": 10,
        "day": 14
      },
      "time": {
        "hour": 10,
        "minute": 24,
        "second": 56,
        "nano": 0
      }
    },
    "citySender": "Вільшанка (Кіровоградська обл.)",
    "cityRecipient": "Умань"
  },
  {
    "number": 59000454760327,
    "dateTime": {
      "date": {
        "year": 2019,
        "month": 10,
        "day": 14
      },
      "time": {
        "hour": 10,
        "minute": 24,
        "second": 44,
        "nano": 0
      }
    },
    "citySender": "Високий",
    "cityRecipient": "Добропілля"
  },
  {
    "number": 59000454760328,
    "dateTime": {
      "date": {
        "year": 2019,
        "month": 10,
        "day": 14
      },
      "time": {
        "hour": 10,
        "minute": 23,
        "second": 49,
        "nano": 0
      }
    },
    "citySender": "Дружківка",
    "cityRecipient": "Святопетрівське (Києво-Свят.р-н)"
  },
  {
    "number": 59000454760329,
    "dateTime": {
      "date": {
        "year": 2019,
        "month": 10,
        "day": 14
      },
      "time": {
        "hour": 10,
        "minute": 24,
        "second": 44,
        "nano": 0
      }
    },
    "citySender": "Івано-Франківськ",
    "cityRecipient": "Житомир"
  },
  {
    "number": 59000454760330,
    "dateTime": {
      "date": {
        "year": 2019,
        "month": 10,
        "day": 14
      },
      "time": {
        "hour": 10,
        "minute": 24,
        "second": 4,
        "nano": 0
      }
    },
    "citySender": "Кам\u0027янець-Подільський",
    "cityRecipient": "Тернопіль"
  },
  {
    "number": 59000454760331,
    "dateTime": {
      "date": {
        "year": 2019,
        "month": 10,
        "day": 14
      },
      "time": {
        "hour": 10,
        "minute": 24,
        "second": 40,
        "nano": 0
      }
    },
    "citySender": "Миколаїв",
    "cityRecipient": "Бровари"
  },
  {
    "number": 59000454760332,
    "dateTime": {
      "date": {
        "year": 2019,
        "month": 10,
        "day": 14
      },
      "time": {
        "hour": 10,
        "minute": 23,
        "second": 57,
        "nano": 0
      }
    },
    "citySender": "Бориспіль",
    "cityRecipient": "Любешів"
  },
  {
    "number": 59000454760333,
    "dateTime": {
      "date": {
        "year": 2019,
        "month": 10,
        "day": 14
      },
      "time": {
        "hour": 10,
        "minute": 24,
        "second": 58,
        "nano": 0
      }
    },
    "citySender": "Почаїв",
    "cityRecipient": "Тернопіль"
  },
  {
    "number": 59000454760334,
    "dateTime": {
      "date": {
        "year": 2019,
        "month": 10,
        "day": 14
      },
      "time": {
        "hour": 10,
        "minute": 24,
        "second": 57,
        "nano": 0
      }
    },
    "citySender": "Бориспіль",
    "cityRecipient": "Дніпро"
  },
  {
    "number": 59000454760335,
    "dateTime": {
      "date": {
        "year": 2019,
        "month": 10,
        "day": 14
      },
      "time": {
        "hour": 10,
        "minute": 24,
        "second": 56,
        "nano": 0
      }
    },
    "citySender": "Мар\u0027їнка",
    "cityRecipient": "Одеса"
  },
  {
    "number": 59000454760336,
    "dateTime": {
      "date": {
        "year": 2019,
        "month": 10,
        "day": 14
      },
      "time": {
        "hour": 10,
        "minute": 24,
        "second": 59,
        "nano": 0
      }
    },
    "citySender": "Миколаїв",
    "cityRecipient": "Київ"
  },
  {
    "number": 59000454760337,
    "dateTime": {
      "date": {
        "year": 2019,
        "month": 10,
        "day": 14
      },
      "time": {
        "hour": 10,
        "minute": 24,
        "second": 57,
        "nano": 0
      }
    },
    "citySender": "Авангард",
    "cityRecipient": "Одеса"
  },
  {
    "number": 59000454760338,
    "dateTime": {
      "date": {
        "year": 2019,
        "month": 10,
        "day": 14
      },
      "time": {
        "hour": 10,
        "minute": 24,
        "second": 46,
        "nano": 0
      }
    },
    "citySender": "Свалява",
    "cityRecipient": "Маневичі"
  },
  {
    "number": 59000454760339,
    "dateTime": {
      "date": {
        "year": 2019,
        "month": 10,
        "day": 14
      },
      "time": {
        "hour": 10,
        "minute": 24,
        "second": 35,
        "nano": 0
      }
    },
    "citySender": "Львів",
    "cityRecipient": "Харків"
  },
  {
    "number": 59000454760340,
    "dateTime": {
      "date": {
        "year": 2019,
        "month": 10,
        "day": 14
      },
      "time": {
        "hour": 10,
        "minute": 24,
        "second": 43,
        "nano": 0
      }
    },
    "citySender": "Миколаїв",
    "cityRecipient": "Кривий Ріг"
  },
  {
    "number": 59000454760341,
    "dateTime": {
      "date": {
        "year": 2019,
        "month": 10,
        "day": 14
      },
      "time": {
        "hour": 10,
        "minute": 25,
        "second": 0,
        "nano": 0
      }
    },
    "citySender": "Кам\u0027янка-Дніпровська (Запорізька обл.)",
    "cityRecipient": "Запоріжжя"
  },
  {
    "number": 59000454760342,
    "dateTime": {
      "date": {
        "year": 2019,
        "month": 10,
        "day": 14
      },
      "time": {
        "hour": 10,
        "minute": 24,
        "second": 48,
        "nano": 0
      }
    },
    "citySender": "Тячів",
    "cityRecipient": "Сколе"
  },
  {
    "number": 59000454760343,
    "dateTime": {
      "date": {
        "year": 2019,
        "month": 10,
        "day": 14
      },
      "time": {
        "hour": 10,
        "minute": 16,
        "second": 17,
        "nano": 0
      }
    },
    "citySender": "Павлівка (Херсонська обл.)",
    "cityRecipient": "Шевченкове (Миколаївська обл.)"
  },
  {
    "number": 59000454760344,
    "dateTime": {
      "date": {
        "year": 2019,
        "month": 10,
        "day": 14
      },
      "time": {
        "hour": 10,
        "minute": 25,
        "second": 0,
        "nano": 0
      }
    },
    "citySender": "Таїрове",
    "cityRecipient": "Одеса"
  },
  {
    "number": 59000454760345,
    "dateTime": {
      "date": {
        "year": 2019,
        "month": 10,
        "day": 14
      },
      "time": {
        "hour": 10,
        "minute": 24,
        "second": 34,
        "nano": 0
      }
    },
    "citySender": "Немирів (Львівська обл.)",
    "cityRecipient": "Миколаїв"
  },
  {
    "number": 59000454760346,
    "dateTime": {
      "date": {
        "year": 2019,
        "month": 10,
        "day": 14
      },
      "time": {
        "hour": 10,
        "minute": 24,
        "second": 53,
        "nano": 0
      }
    },
    "citySender": "Харків",
    "cityRecipient": "Харків"
  },
  {
    "number": 59000454760347,
    "dateTime": {
      "date": {
        "year": 2019,
        "month": 10,
        "day": 14
      },
      "time": {
        "hour": 10,
        "minute": 24,
        "second": 4,
        "nano": 0
      }
    },
    "citySender": "Богородчани",
    "cityRecipient": "Ромни"
  },
  {
    "number": 59000454760348,
    "dateTime": {
      "date": {
        "year": 2019,
        "month": 10,
        "day": 14
      },
      "time": {
        "hour": 10,
        "minute": 25,
        "second": 2,
        "nano": 0
      }
    },
    "citySender": "Очаків",
    "cityRecipient": "Бровари"
  },
  {
    "number": 59000454760349,
    "dateTime": {
      "date": {
        "year": 2019,
        "month": 10,
        "day": 14
      },
      "time": {
        "hour": 10,
        "minute": 24,
        "second": 48,
        "nano": 0
      }
    },
    "citySender": "Полтава",
    "cityRecipient": "Харків"
  },
  {
    "number": 59000454760350,
    "dateTime": {
      "date": {
        "year": 2019,
        "month": 10,
        "day": 14
      },
      "time": {
        "hour": 10,
        "minute": 24,
        "second": 35,
        "nano": 0
      }
    },
    "citySender": "Вінниця",
    "cityRecipient": "Черкаси"
  },
  {
    "number": 59000454760351,
    "dateTime": {
      "date": {
        "year": 2019,
        "month": 10,
        "day": 14
      },
      "time": {
        "hour": 10,
        "minute": 25,
        "second": 2,
        "nano": 0
      }
    },
    "citySender": "Київ",
    "cityRecipient": "Ланівці"
  },
  {
    "number": 59000454760352,
    "dateTime": {
      "date": {
        "year": 2019,
        "month": 10,
        "day": 14
      },
      "time": {
        "hour": 10,
        "minute": 23,
        "second": 54,
        "nano": 0
      }
    },
    "citySender": "Хорошів",
    "cityRecipient": "Бердичів"
  },
  {
    "number": 59000454760353,
    "dateTime": {
      "date": {
        "year": 2019,
        "month": 10,
        "day": 14
      },
      "time": {
        "hour": 10,
        "minute": 25,
        "second": 3,
        "nano": 0
      }
    },
    "citySender": "Жовті Води",
    "cityRecipient": "Енергодар"
  },
  {
    "number": 59000454760354,
    "dateTime": {
      "date": {
        "year": 2019,
        "month": 10,
        "day": 14
      },
      "time": {
        "hour": 10,
        "minute": 24,
        "second": 34,
        "nano": 0
      }
    },
    "citySender": "Опитне (Бахмутський р-н)",
    "cityRecipient": "Хмельницький"
  },
  {
    "number": 59000454760355,
    "dateTime": {
      "date": {
        "year": 2019,
        "month": 10,
        "day": 14
      },
      "time": {
        "hour": 10,
        "minute": 19,
        "second": 18,
        "nano": 0
      }
    },
    "citySender": "Кагарлик",
    "cityRecipient": "Чернівці"
  },
  {
    "number": 59000454760356,
    "dateTime": {
      "date": {
        "year": 2019,
        "month": 10,
        "day": 14
      },
      "time": {
        "hour": 10,
        "minute": 25,
        "second": 5,
        "nano": 0
      }
    },
    "citySender": "Ріпки",
    "cityRecipient": "Черкаси"
  },
  {
    "number": 59000454760357,
    "dateTime": {
      "date": {
        "year": 2019,
        "month": 10,
        "day": 14
      },
      "time": {
        "hour": 10,
        "minute": 25,
        "second": 2,
        "nano": 0
      }
    },
    "citySender": "Житомир",
    "cityRecipient": "Київ"
  },
  {
    "number": 59000454760358,
    "dateTime": {
      "date": {
        "year": 2019,
        "month": 10,
        "day": 14
      },
      "time": {
        "hour": 10,
        "minute": 25,
        "second": 0,
        "nano": 0
      }
    },
    "citySender": "Львів",
    "cityRecipient": "Житомир"
  },
  {
    "number": 59000454760359,
    "dateTime": {
      "date": {
        "year": 2019,
        "month": 10,
        "day": 14
      },
      "time": {
        "hour": 10,
        "minute": 25,
        "second": 5,
        "nano": 0
      }
    },
    "citySender": "Чечельник",
    "cityRecipient": "Умань"
  },
  {
    "number": 59000454760360,
    "dateTime": {
      "date": {
        "year": 2019,
        "month": 10,
        "day": 14
      },
      "time": {
        "hour": 10,
        "minute": 24,
        "second": 48,
        "nano": 0
      }
    },
    "citySender": "Дубно",
    "cityRecipient": "Старокостянтинів"
  },
  {
    "number": 59000454760361,
    "dateTime": {
      "date": {
        "year": 2019,
        "month": 10,
        "day": 14
      },
      "time": {
        "hour": 10,
        "minute": 25,
        "second": 3,
        "nano": 0
      }
    },
    "citySender": "Дніпро",
    "cityRecipient": "Дніпро"
  },
  {
    "number": 59000454760362,
    "dateTime": {
      "date": {
        "year": 2019,
        "month": 10,
        "day": 14
      },
      "time": {
        "hour": 10,
        "minute": 24,
        "second": 48,
        "nano": 0
      }
    },
    "citySender": "Київ",
    "cityRecipient": "Сеньківка"
  },
  {
    "number": 59000454760363,
    "dateTime": {
      "date": {
        "year": 2019,
        "month": 10,
        "day": 14
      },
      "time": {
        "hour": 10,
        "minute": 24,
        "second": 59,
        "nano": 0
      }
    },
    "citySender": "Бахмут",
    "cityRecipient": "Коломия"
  },
  {
    "number": 59000454760364,
    "dateTime": {
      "date": {
        "year": 2019,
        "month": 10,
        "day": 14
      },
      "time": {
        "hour": 10,
        "minute": 24,
        "second": 41,
        "nano": 0
      }
    },
    "citySender": "Київ",
    "cityRecipient": "Київ"
  },
  {
    "number": 59000454760365,
    "dateTime": {
      "date": {
        "year": 2019,
        "month": 10,
        "day": 14
      },
      "time": {
        "hour": 10,
        "minute": 25,
        "second": 9,
        "nano": 0
      }
    },
    "citySender": "Вапнярка",
    "cityRecipient": "Вінниця"
  },
  {
    "number": 59000454760366,
    "dateTime": {
      "date": {
        "year": 2019,
        "month": 10,
        "day": 14
      },
      "time": {
        "hour": 10,
        "minute": 24,
        "second": 46,
        "nano": 0
      }
    },
    "citySender": "Новомосковськ",
    "cityRecipient": "Київ"
  },
  {
    "number": 59000454760367,
    "dateTime": {
      "date": {
        "year": 2019,
        "month": 10,
        "day": 14
      },
      "time": {
        "hour": 10,
        "minute": 24,
        "second": 53,
        "nano": 0
      }
    },
    "citySender": "Київ",
    "cityRecipient": "Одеса"
  },
  {
    "number": 59000454760368,
    "dateTime": {
      "date": {
        "year": 2019,
        "month": 10,
        "day": 14
      },
      "time": {
        "hour": 10,
        "minute": 24,
        "second": 59,
        "nano": 0
      }
    },
    "citySender": "Харків",
    "cityRecipient": "Кривий Ріг"
  },
  {
    "number": 59000454760369,
    "dateTime": {
      "date": {
        "year": 2019,
        "month": 10,
        "day": 14
      },
      "time": {
        "hour": 10,
        "minute": 25,
        "second": 8,
        "nano": 0
      }
    },
    "citySender": "Одеса",
    "cityRecipient": "Немішаєве"
  },
  {
    "number": 59000454760370,
    "dateTime": {
      "date": {
        "year": 2019,
        "month": 10,
        "day": 14
      },
      "time": {
        "hour": 10,
        "minute": 25,
        "second": 0,
        "nano": 0
      }
    },
    "citySender": "Одеса",
    "cityRecipient": "Южне"
  },
  {
    "number": 59000454760371,
    "dateTime": {
      "date": {
        "year": 2019,
        "month": 10,
        "day": 14
      },
      "time": {
        "hour": 10,
        "minute": 25,
        "second": 9,
        "nano": 0
      }
    },
    "citySender": "Миколаїв",
    "cityRecipient": "Харків"
  },
  {
    "number": 59000454760372,
    "dateTime": {
      "date": {
        "year": 2019,
        "month": 10,
        "day": 14
      },
      "time": {
        "hour": 10,
        "minute": 24,
        "second": 58,
        "nano": 0
      }
    },
    "citySender": "Київ",
    "cityRecipient": "Лозова"
  },
  {
    "number": 59000454760373,
    "dateTime": {
      "date": {
        "year": 2019,
        "month": 10,
        "day": 14
      },
      "time": {
        "hour": 10,
        "minute": 25,
        "second": 3,
        "nano": 0
      }
    },
    "citySender": "Київ",
    "cityRecipient": "Київ"
  },
  {
    "number": 59000454760374,
    "dateTime": {
      "date": {
        "year": 2019,
        "month": 10,
        "day": 14
      },
      "time": {
        "hour": 10,
        "minute": 25,
        "second": 10,
        "nano": 0
      }
    },
    "citySender": "Усатове",
    "cityRecipient": "Одеса"
  },
  {
    "number": 59000454760375,
    "dateTime": {
      "date": {
        "year": 2019,
        "month": 10,
        "day": 14
      },
      "time": {
        "hour": 10,
        "minute": 24,
        "second": 31,
        "nano": 0
      }
    },
    "citySender": "Івано-Франківськ",
    "cityRecipient": "Брусилів"
  },
  {
    "number": 59000454760376,
    "dateTime": {
      "date": {
        "year": 2019,
        "month": 10,
        "day": 14
      },
      "time": {
        "hour": 10,
        "minute": 24,
        "second": 48,
        "nano": 0
      }
    },
    "citySender": "Луцьк",
    "cityRecipient": "Дружківка"
  },
  {
    "number": 59000454760377,
    "dateTime": {
      "date": {
        "year": 2019,
        "month": 10,
        "day": 14
      },
      "time": {
        "hour": 10,
        "minute": 24,
        "second": 43,
        "nano": 0
      }
    },
    "citySender": "Київ",
    "cityRecipient": "Київ"
  },
  {
    "number": 59000454760378,
    "dateTime": {
      "date": {
        "year": 2019,
        "month": 10,
        "day": 14
      },
      "time": {
        "hour": 10,
        "minute": 24,
        "second": 9,
        "nano": 0
      }
    },
    "citySender": "Чернівці",
    "cityRecipient": "Дніпро"
  },
  {
    "number": 59000454760379,
    "dateTime": {
      "date": {
        "year": 2019,
        "month": 10,
        "day": 14
      },
      "time": {
        "hour": 10,
        "minute": 24,
        "second": 20,
        "nano": 0
      }
    },
    "citySender": "Харків",
    "cityRecipient": "Дружківка"
  },
  {
    "number": 59000454760380,
    "dateTime": {
      "date": {
        "year": 2019,
        "month": 10,
        "day": 14
      },
      "time": {
        "hour": 10,
        "minute": 25,
        "second": 11,
        "nano": 0
      }
    },
    "citySender": "Вінниця",
    "cityRecipient": "Вінниця"
  },
  {
    "number": 59000454760381,
    "dateTime": {
      "date": {
        "year": 2019,
        "month": 10,
        "day": 14
      },
      "time": {
        "hour": 10,
        "minute": 24,
        "second": 59,
        "nano": 0
      }
    },
    "citySender": "Одеса",
    "cityRecipient": "Київ"
  },
  {
    "number": 59000454760382,
    "dateTime": {
      "date": {
        "year": 2019,
        "month": 10,
        "day": 14
      },
      "time": {
        "hour": 10,
        "minute": 25,
        "second": 4,
        "nano": 0
      }
    },
    "citySender": "Львів",
    "cityRecipient": "Львів"
  },
  {
    "number": 59000454760383,
    "dateTime": {
      "date": {
        "year": 2019,
        "month": 10,
        "day": 14
      },
      "time": {
        "hour": 10,
        "minute": 25,
        "second": 2,
        "nano": 0
      }
    },
    "citySender": "Ірпінь",
    "cityRecipient": "Тарутине"
  },
  {
    "number": 59000454760384,
    "dateTime": {
      "date": {
        "year": 2019,
        "month": 10,
        "day": 14
      },
      "time": {
        "hour": 10,
        "minute": 4,
        "second": 14,
        "nano": 0
      }
    },
    "citySender": "Хлібодарське",
    "cityRecipient": "Дніпро"
  },
  {
    "number": 59000454760385,
    "dateTime": {
      "date": {
        "year": 2019,
        "month": 10,
        "day": 14
      },
      "time": {
        "hour": 10,
        "minute": 25,
        "second": 12,
        "nano": 0
      }
    },
    "citySender": "Бар",
    "cityRecipient": "Вінниця"
  },
  {
    "number": 59000454760386,
    "dateTime": {
      "date": {
        "year": 2019,
        "month": 10,
        "day": 14
      },
      "time": {
        "hour": 10,
        "minute": 24,
        "second": 50,
        "nano": 0
      }
    },
    "citySender": "Кривий Ріг",
    "cityRecipient": "Київ"
  },
  {
    "number": 59000454760388,
    "dateTime": {
      "date": {
        "year": 2019,
        "month": 10,
        "day": 14
      },
      "time": {
        "hour": 10,
        "minute": 24,
        "second": 27,
        "nano": 0
      }
    },
    "citySender": "Ізюм",
    "cityRecipient": "Одеса"
  },
  {
    "number": 59000454760389,
    "dateTime": {
      "date": {
        "year": 2019,
        "month": 10,
        "day": 14
      },
      "time": {
        "hour": 10,
        "minute": 25,
        "second": 13,
        "nano": 0
      }
    },
    "citySender": "Дніпро",
    "cityRecipient": "Косонь (Косино)"
  },
  {
    "number": 59000454760390,
    "dateTime": {
      "date": {
        "year": 2019,
        "month": 10,
        "day": 14
      },
      "time": {
        "hour": 10,
        "minute": 22,
        "second": 13,
        "nano": 0
      }
    },
    "citySender": "Канів",
    "cityRecipient": "Ярмолинці"
  },
  {
    "number": 59000454760391,
    "dateTime": {
      "date": {
        "year": 2019,
        "month": 10,
        "day": 14
      },
      "time": {
        "hour": 10,
        "minute": 25,
        "second": 16,
        "nano": 0
      }
    },
    "citySender": "Жмеринка",
    "cityRecipient": "Вінниця"
  },
  {
    "number": 59000454760392,
    "dateTime": {
      "date": {
        "year": 2019,
        "month": 10,
        "day": 14
      },
      "time": {
        "hour": 10,
        "minute": 25,
        "second": 16,
        "nano": 0
      }
    },
    "citySender": "Щастя",
    "cityRecipient": "Сєвєродонецьк"
  },
  {
    "number": 59000454760393,
    "dateTime": {
      "date": {
        "year": 2019,
        "month": 10,
        "day": 14
      },
      "time": {
        "hour": 10,
        "minute": 24,
        "second": 40,
        "nano": 0
      }
    },
    "citySender": "Кривий Ріг",
    "cityRecipient": "Київ"
  },
  {
    "number": 59000454760394,
    "dateTime": {
      "date": {
        "year": 2019,
        "month": 10,
        "day": 14
      },
      "time": {
        "hour": 10,
        "minute": 25,
        "second": 0,
        "nano": 0
      }
    },
    "citySender": "Коцюбинське",
    "cityRecipient": "Київ"
  },
  {
    "number": 59000454760395,
    "dateTime": {
      "date": {
        "year": 2019,
        "month": 10,
        "day": 14
      },
      "time": {
        "hour": 10,
        "minute": 25,
        "second": 16,
        "nano": 0
      }
    },
    "citySender": "Київ",
    "cityRecipient": "Ілічанка"
  },
  {
    "number": 59000454760396,
    "dateTime": {
      "date": {
        "year": 2019,
        "month": 10,
        "day": 14
      },
      "time": {
        "hour": 10,
        "minute": 25,
        "second": 12,
        "nano": 0
      }
    },
    "citySender": "Запоріжжя",
    "cityRecipient": "Могилів-Подільський"
  },
  {
    "number": 59000454760397,
    "dateTime": {
      "date": {
        "year": 2019,
        "month": 10,
        "day": 14
      },
      "time": {
        "hour": 10,
        "minute": 24,
        "second": 50,
        "nano": 0
      }
    },
    "citySender": "Чернівці",
    "cityRecipient": "Львів"
  },
  {
    "number": 59000454760398,
    "dateTime": {
      "date": {
        "year": 2019,
        "month": 10,
        "day": 14
      },
      "time": {
        "hour": 10,
        "minute": 25,
        "second": 18,
        "nano": 0
      }
    },
    "citySender": "Фастів",
    "cityRecipient": "Київ"
  }
]