[
  {
    "number": 59000454748713,
    "dateTime": {
      "date": {
        "year": 2019,
        "month": 10,
        "day": 14
      },
      "time": {
        "hour": 9,
        "minute": 30,
        "second": 9,
        "nano": 0
      }
    },
    "citySender": "Бердичів",
    "cityRecipient": "Житомир"
  },
  {
    "number": 59000454748714,
    "dateTime": {
      "date": {
        "year": 2019,
        "month": 10,
        "day": 14
      },
      "time": {
        "hour": 9,
        "minute": 29,
        "second": 54,
        "nano": 0
      }
    },
    "citySender": "Харків",
    "cityRecipient": "Харків"
  },
  {
    "number": 59000454748715,
    "dateTime": {
      "date": {
        "year": 2019,
        "month": 10,
        "day": 14
      },
      "time": {
        "hour": 9,
        "minute": 13,
        "second": 55,
        "nano": 0
      }
    },
    "citySender": "Львів",
    "cityRecipient": "Калуш"
  },
  {
    "number": 59000454748716,
    "dateTime": {
      "date": {
        "year": 2019,
        "month": 10,
        "day": 14
      },
      "time": {
        "hour": 9,
        "minute": 30,
        "second": 9,
        "nano": 0
      }
    },
    "citySender": "Рівне",
    "cityRecipient": "Рівне"
  },
  {
    "number": 59000454748717,
    "dateTime": {
      "date": {
        "year": 2019,
        "month": 10,
        "day": 14
      },
      "time": {
        "hour": 9,
        "minute": 30,
        "second": 10,
        "nano": 0
      }
    },
    "citySender": "Гавришівка",
    "cityRecipient": "Вінниця"
  },
  {
    "number": 59000454748718,
    "dateTime": {
      "date": {
        "year": 2019,
        "month": 10,
        "day": 14
      },
      "time": {
        "hour": 9,
        "minute": 29,
        "second": 39,
        "nano": 0
      }
    },
    "citySender": "Київ",
    "cityRecipient": "Чорноморськ"
  },
  {
    "number": 59000454748719,
    "dateTime": {
      "date": {
        "year": 2019,
        "month": 10,
        "day": 14
      },
      "time": {
        "hour": 9,
        "minute": 30,
        "second": 11,
        "nano": 0
      }
    },
    "citySender": "Гнівань",
    "cityRecipient": "Вінниця"
  },
  {
    "number": 59000454748721,
    "dateTime": {
      "date": {
        "year": 2019,
        "month": 10,
        "day": 14
      },
      "time": {
        "hour": 9,
        "minute": 30,
        "second": 12,
        "nano": 0
      }
    },
    "citySender": "Козача Лопань",
    "cityRecipient": "Харків"
  },
  {
    "number": 59000454748722,
    "dateTime": {
      "date": {
        "year": 2019,
        "month": 10,
        "day": 14
      },
      "time": {
        "hour": 9,
        "minute": 30,
        "second": 5,
        "nano": 0
      }
    },
    "citySender": "Дніпро",
    "cityRecipient": "Дніпро"
  },
  {
    "number": 59000454748723,
    "dateTime": {
      "date": {
        "year": 2019,
        "month": 10,
        "day": 14
      },
      "time": {
        "hour": 9,
        "minute": 29,
        "second": 56,
        "nano": 0
      }
    },
    "citySender": "Кути (Косівський р-н)",
    "cityRecipient": "Житомир"
  },
  {
    "number": 59000454748724,
    "dateTime": {
      "date": {
        "year": 2019,
        "month": 10,
        "day": 14
      },
      "time": {
        "hour": 9,
        "minute": 30,
        "second": 4,
        "nano": 0
      }
    },
    "citySender": "Велика Лепетиха",
    "cityRecipient": "Луцьк"
  },
  {
    "number": 59000454748725,
    "dateTime": {
      "date": {
        "year": 2019,
        "month": 10,
        "day": 14
      },
      "time": {
        "hour": 9,
        "minute": 29,
        "second": 17,
        "nano": 0
      }
    },
    "citySender": "Семенівка(Чернігівська обл.)",
    "cityRecipient": "Марганець"
  },
  {
    "number": 59000454748726,
    "dateTime": {
      "date": {
        "year": 2019,
        "month": 10,
        "day": 14
      },
      "time": {
        "hour": 9,
        "minute": 29,
        "second": 57,
        "nano": 0
      }
    },
    "citySender": "Шацьк",
    "cityRecipient": "Харків"
  },
  {
    "number": 59000454748727,
    "dateTime": {
      "date": {
        "year": 2019,
        "month": 10,
        "day": 14
      },
      "time": {
        "hour": 9,
        "minute": 29,
        "second": 31,
        "nano": 0
      }
    },
    "citySender": "Івано-Франківськ",
    "cityRecipient": "Запоріжжя"
  },
  {
    "number": 59000454748728,
    "dateTime": {
      "date": {
        "year": 2019,
        "month": 10,
        "day": 14
      },
      "time": {
        "hour": 9,
        "minute": 29,
        "second": 42,
        "nano": 0
      }
    },
    "citySender": "Радехів",
    "cityRecipient": "Первомайський (Харківська обл.)"
  },
  {
    "number": 59000454748729,
    "dateTime": {
      "date": {
        "year": 2019,
        "month": 10,
        "day": 14
      },
      "time": {
        "hour": 9,
        "minute": 29,
        "second": 46,
        "nano": 0
      }
    },
    "citySender": "Одеса",
    "cityRecipient": "Львів"
  },
  {
    "number": 59000454748730,
    "dateTime": {
      "date": {
        "year": 2019,
        "month": 10,
        "day": 14
      },
      "time": {
        "hour": 9,
        "minute": 30,
        "second": 14,
        "nano": 0
      }
    },
    "citySender": "Кременець",
    "cityRecipient": "Тернопіль"
  },
  {
    "number": 59000454748731,
    "dateTime": {
      "date": {
        "year": 2019,
        "month": 10,
        "day": 14
      },
      "time": {
        "hour": 9,
        "minute": 30,
        "second": 9,
        "nano": 0
      }
    },
    "citySender": "Черніїв",
    "cityRecipient": "Харків"
  },
  {
    "number": 59000454748732,
    "dateTime": {
      "date": {
        "year": 2019,
        "month": 10,
        "day": 14
      },
      "time": {
        "hour": 9,
        "minute": 28,
        "second": 50,
        "nano": 0
      }
    },
    "citySender": "Маневичі",
    "cityRecipient": "Запоріжжя"
  },
  {
    "number": 59000454748733,
    "dateTime": {
      "date": {
        "year": 2019,
        "month": 10,
        "day": 14
      },
      "time": {
        "hour": 9,
        "minute": 30,
        "second": 15,
        "nano": 0
      }
    },
    "citySender": "Шумськ",
    "cityRecipient": "Тернопіль"
  },
  {
    "number": 59000454748734,
    "dateTime": {
      "date": {
        "year": 2019,
        "month": 10,
        "day": 14
      },
      "time": {
        "hour": 9,
        "minute": 29,
        "second": 57,
        "nano": 0
      }
    },
    "citySender": "Дніпро",
    "cityRecipient": "Кам\u0027янське(Дніпропетровська обл)"
  },
  {
    "number": 59000454748735,
    "dateTime": {
      "date": {
        "year": 2019,
        "month": 10,
        "day": 14
      },
      "time": {
        "hour": 9,
        "minute": 29,
        "second": 40,
        "nano": 0
      }
    },
    "citySender": "Фастів",
    "cityRecipient": "Дніпро"
  },
  {
    "number": 59000454748736,
    "dateTime": {
      "date": {
        "year": 2019,
        "month": 10,
        "day": 14
      },
      "time": {
        "hour": 9,
        "minute": 30,
        "second": 10,
        "nano": 0
      }
    },
    "citySender": "Кам\u0027янець-Подільський",
    "cityRecipient": "Одеса"
  },
  {
    "number": 59000454748737,
    "dateTime": {
      "date": {
        "year": 2019,
        "month": 10,
        "day": 14
      },
      "time": {
        "hour": 9,
        "minute": 30,
        "second": 17,
        "nano": 0
      }
    },
    "citySender": "Черкаси",
    "cityRecipient": "Черкаси"
  },
  {
    "number": 59000454748738,
    "dateTime": {
      "date": {
        "year": 2019,
        "month": 10,
        "day": 14
      },
      "time": {
        "hour": 9,
        "minute": 30,
        "second": 17,
        "nano": 0
      }
    },
    "citySender": "Жмеринка",
    "cityRecipient": "Вінниця"
  },
  {
    "number": 59000454748739,
    "dateTime": {
      "date": {
        "year": 2019,
        "month": 10,
        "day": 14
      },
      "time": {
        "hour": 9,
        "minute": 30,
        "second": 9,
        "nano": 0
      }
    },
    "citySender": "Бровари",
    "cityRecipient": "Буча"
  },
  {
    "number": 59000454748740,
    "dateTime": {
      "date": {
        "year": 2019,
        "month": 10,
        "day": 14
      },
      "time": {
        "hour": 9,
        "minute": 29,
        "second": 27,
        "nano": 0
      }
    },
    "citySender": "Іллінці",
    "cityRecipient": "Вінниця"
  },
  {
    "number": 59000454748743,
    "dateTime": {
      "date": {
        "year": 2019,
        "month": 10,
        "day": 14
      },
      "time": {
        "hour": 9,
        "minute": 30,
        "second": 19,
        "nano": 0
      }
    },
    "citySender": "Жмеринка",
    "cityRecipient": "Іршава"
  },
  {
    "number": 59000454748745,
    "dateTime": {
      "date": {
        "year": 2019,
        "month": 10,
        "day": 14
      },
      "time": {
        "hour": 9,
        "minute": 30,
        "second": 19,
        "nano": 0
      }
    },
    "citySender": "Зачепилівка",
    "cityRecipient": "Полтава"
  },
  {
    "number": 59000454748746,
    "dateTime": {
      "date": {
        "year": 2019,
        "month": 10,
        "day": 14
      },
      "time": {
        "hour": 9,
        "minute": 30,
        "second": 10,
        "nano": 0
      }
    },
    "citySender": "Київ",
    "cityRecipient": "Вінниця"
  },
  {
    "number": 59000454748747,
    "dateTime": {
      "date": {
        "year": 2019,
        "month": 10,
        "day": 14
      },
      "time": {
        "hour": 9,
        "minute": 30,
        "second": 11,
        "nano": 0
      }
    },
    "citySender": "Дніпро",
    "cityRecipient": "Подвірки"
  },
  {
    "number": 59000454748748,
    "dateTime": {
      "date": {
        "year": 2019,
        "month": 10,
        "day": 14
      },
      "time": {
        "hour": 9,
        "minute": 30,
        "second": 20,
        "nano": 0
      }
    },
    "citySender": "Велика Березовиця",
    "cityRecipient": "Тернопіль"
  },
  {
    "number": 59000454748749,
    "dateTime": {
      "date": {
        "year": 2019,
        "month": 10,
        "day": 14
      },
      "time": {
        "hour": 9,
        "minute": 30,
        "second": 20,
        "nano": 0
      }
    },
    "citySender": "Київ",
    "cityRecipient": "Київ"
  },
  {
    "number": 59000454748750,
    "dateTime": {
      "date": {
        "year": 2019,
        "month": 10,
        "day": 14
      },
      "time": {
        "hour": 9,
        "minute": 30,
        "second": 21,
        "nano": 0
      }
    },
    "citySender": "Нова Галещина (Козельщинський р-н)",
    "cityRecipient": "Пісочин"
  },
  {
    "number": 59000454748752,
    "dateTime": {
      "date": {
        "year": 2019,
        "month": 10,
        "day": 14
      },
      "time": {
        "hour": 9,
        "minute": 29,
        "second": 11,
        "nano": 0
      }
    },
    "citySender": "Полтава",
    "cityRecipient": "Київ"
  },
  {
    "number": 59000454748753,
    "dateTime": {
      "date": {
        "year": 2019,
        "month": 10,
        "day": 14
      },
      "time": {
        "hour": 9,
        "minute": 30,
        "second": 22,
        "nano": 0
      }
    },
    "citySender": "Мерефа",
    "cityRecipient": "Харків"
  },
  {
    "number": 59000454748754,
    "dateTime": {
      "date": {
        "year": 2019,
        "month": 10,
        "day": 14
      },
      "time": {
        "hour": 9,
        "minute": 30,
        "second": 18,
        "nano": 0
      }
    },
    "citySender": "Новгородківка (Мелітопольський р-н,Запорізька обл)",
    "cityRecipient": "Новогродівка"
  },
  {
    "number": 59000454748755,
    "dateTime": {
      "date": {
        "year": 2019,
        "month": 10,
        "day": 14
      },
      "time": {
        "hour": 9,
        "minute": 30,
        "second": 22,
        "nano": 0
      }
    },
    "citySender": "Київ",
    "cityRecipient": "Київ"
  },
  {
    "number": 59000454748756,
    "dateTime": {
      "date": {
        "year": 2019,
        "month": 10,
        "day": 14
      },
      "time": {
        "hour": 9,
        "minute": 30,
        "second": 15,
        "nano": 0
      }
    },
    "citySender": "Ковель",
    "cityRecipient": "Миколаїв"
  },
  {
    "number": 59000454748758,
    "dateTime": {
      "date": {
        "year": 2019,
        "month": 10,
        "day": 14
      },
      "time": {
        "hour": 9,
        "minute": 29,
        "second": 34,
        "nano": 0
      }
    },
    "citySender": "Романів",
    "cityRecipient": "Вінниця"
  },
  {
    "number": 59000454748759,
    "dateTime": {
      "date": {
        "year": 2019,
        "month": 10,
        "day": 14
      },
      "time": {
        "hour": 9,
        "minute": 29,
        "second": 26,
        "nano": 0
      }
    },
    "citySender": "Харків",
    "cityRecipient": "Дібрівка"
  },
  {
    "number": 59000454748760,
    "dateTime": {
      "date": {
        "year": 2019,
        "month": 10,
        "day": 14
      },
      "time": {
        "hour": 9,
        "minute": 30,
        "second": 16,
        "nano": 0
      }
    },
    "citySender": "Дніпро",
    "cityRecipient": "Українка"
  },
  {
    "number": 59000454748761,
    "dateTime": {
      "date": {
        "year": 2019,
        "month": 10,
        "day": 14
      },
      "time": {
        "hour": 9,
        "minute": 29,
        "second": 53,
        "nano": 0
      }
    },
    "citySender": "Херсон",
    "cityRecipient": "Піщанка(Дніпропетровська обл.)"
  },
  {
    "number": 59000454748762,
    "dateTime": {
      "date": {
        "year": 2019,
        "month": 10,
        "day": 14
      },
      "time": {
        "hour": 9,
        "minute": 30,
        "second": 18,
        "nano": 0
      }
    },
    "citySender": "Київ",
    "cityRecipient": "Новотроїцьке (Донецька обл.)"
  },
  {
    "number": 59000454748763,
    "dateTime": {
      "date": {
        "year": 2019,
        "month": 10,
        "day": 14
      },
      "time": {
        "hour": 9,
        "minute": 30,
        "second": 27,
        "nano": 0
      }
    },
    "citySender": "Канів",
    "cityRecipient": "Черкаси"
  },
  {
    "number": 59000454748764,
    "dateTime": {
      "date": {
        "year": 2019,
        "month": 10,
        "day": 14
      },
      "time": {
        "hour": 9,
        "minute": 30,
        "second": 16,
        "nano": 0
      }
    },
    "citySender": "Чернівці",
    "cityRecipient": "Іванків (Іванківський р-н)"
  },
  {
    "number": 59000454748765,
    "dateTime": {
      "date": {
        "year": 2019,
        "month": 10,
        "day": 14
      },
      "time": {
        "hour": 9,
        "minute": 28,
        "second": 34,
        "nano": 0
      }
    },
    "citySender": "Броди",
    "cityRecipient": "Київ"
  },
  {
    "number": 59000454748766,
    "dateTime": {
      "date": {
        "year": 2019,
        "month": 10,
        "day": 14
      },
      "time": {
        "hour": 9,
        "minute": 30,
        "second": 19,
        "nano": 0
      }
    },
    "citySender": "Селидове",
    "cityRecipient": "Рівне"
  },
  {
    "number": 59000454748768,
    "dateTime": {
      "date": {
        "year": 2019,
        "month": 10,
        "day": 14
      },
      "time": {
        "hour": 9,
        "minute": 30,
        "second": 28,
        "nano": 0
      }
    },
    "citySender": "Київ",
    "cityRecipient": "Київ"
  },
  {
    "number": 59000454748769,
    "dateTime": {
      "date": {
        "year": 2019,
        "month": 10,
        "day": 14
      },
      "time": {
        "hour": 9,
        "minute": 30,
        "second": 27,
        "nano": 0
      }
    },
    "citySender": "Сквира",
    "cityRecipient": "Колочава"
  },
  {
    "number": 59000454748770,
    "dateTime": {
      "date": {
        "year": 2019,
        "month": 10,
        "day": 14
      },
      "time": {
        "hour": 9,
        "minute": 30,
        "second": 17,
        "nano": 0
      }
    },
    "citySender": "Київ",
    "cityRecipient": "Покровськ (Донецька обл.)"
  },
  {
    "number": 59000454748772,
    "dateTime": {
      "date": {
        "year": 2019,
        "month": 10,
        "day": 14
      },
      "time": {
        "hour": 9,
        "minute": 29,
        "second": 10,
        "nano": 0
      }
    },
    "citySender": "Вінниця",
    "cityRecipient": "Білики"
  },
  {
    "number": 59000454748773,
    "dateTime": {
      "date": {
        "year": 2019,
        "month": 10,
        "day": 14
      },
      "time": {
        "hour": 9,
        "minute": 30,
        "second": 29,
        "nano": 0
      }
    },
    "citySender": "Залізний Порт",
    "cityRecipient": "Кривий Ріг"
  },
  {
    "number": 59000454748774,
    "dateTime": {
      "date": {
        "year": 2019,
        "month": 10,
        "day": 14
      },
      "time": {
        "hour": 9,
        "minute": 30,
        "second": 22,
        "nano": 0
      }
    },
    "citySender": "Харків",
    "cityRecipient": "Чорноморськ"
  },
  {
    "number": 59000454748775,
    "dateTime": {
      "date": {
        "year": 2019,
        "month": 10,
        "day": 14
      },
      "time": {
        "hour": 9,
        "minute": 30,
        "second": 30,
        "nano": 0
      }
    },
    "citySender": "Одеса",
    "cityRecipient": "Одеса"
  },
  {
    "number": 59000454748776,
    "dateTime": {
      "date": {
        "year": 2019,
        "month": 10,
        "day": 14
      },
      "time": {
        "hour": 9,
        "minute": 30,
        "second": 30,
        "nano": 0
      }
    },
    "citySender": "Коростень",
    "cityRecipient": "Київ"
  },
  {
    "number": 59000454748777,
    "dateTime": {
      "date": {
        "year": 2019,
        "month": 10,
        "day": 14
      },
      "time": {
        "hour": 9,
        "minute": 29,
        "second": 26,
        "nano": 0
      }
    },
    "citySender": "Яготин",
    "cityRecipient": "Глухів (Сумська обл.)"
  },
  {
    "number": 59000454748778,
    "dateTime": {
      "date": {
        "year": 2019,
        "month": 10,
        "day": 14
      },
      "time": {
        "hour": 9,
        "minute": 30,
        "second": 30,
        "nano": 0
      }
    },
    "citySender": "Київ",
    "cityRecipient": "Львів"
  },
  {
    "number": 59000454748779,
    "dateTime": {
      "date": {
        "year": 2019,
        "month": 10,
        "day": 14
      },
      "time": {
        "hour": 9,
        "minute": 30,
        "second": 17,
        "nano": 0
      }
    },
    "citySender": "Жмеринка",
    "cityRecipient": "Курісове"
  },
  {
    "number": 59000454748780,
    "dateTime": {
      "date": {
        "year": 2019,
        "month": 10,
        "day": 14
      },
      "time": {
        "hour": 9,
        "minute": 30,
        "second": 14,
        "nano": 0
      }
    },
    "citySender": "Хотянівка",
    "cityRecipient": "Київ"
  },
  {
    "number": 59000454748781,
    "dateTime": {
      "date": {
        "year": 2019,
        "month": 10,
        "day": 14
      },
      "time": {
        "hour": 9,
        "minute": 30,
        "second": 28,
        "nano": 0
      }
    },
    "citySender": "Сіверськ",
    "cityRecipient": "Полтава"
  },
  {
    "number": 59000454748782,
    "dateTime": {
      "date": {
        "year": 2019,
        "month": 10,
        "day": 14
      },
      "time": {
        "hour": 9,
        "minute": 30,
        "second": 18,
        "nano": 0
      }
    },
    "citySender": "Львів",
    "cityRecipient": "Київ"
  },
  {
    "number": 59000454748783,
    "dateTime": {
      "date": {
        "year": 2019,
        "month": 10,
        "day": 14
      },
      "time": {
        "hour": 9,
        "minute": 27,
        "second": 54,
        "nano": 0
      }
    },
    "citySender": "Дунаївці",
    "cityRecipient": "Львів"
  },
  {
    "number": 59000454748784,
    "dateTime": {
      "date": {
        "year": 2019,
        "month": 10,
        "day": 14
      },
      "time": {
        "hour": 9,
        "minute": 28,
        "second": 37,
        "nano": 0
      }
    },
    "citySender": "Олександрія (м.Кіровогр.обл.райц)",
    "cityRecipient": "Київ"
  },
  {
    "number": 59000454748785,
    "dateTime": {
      "date": {
        "year": 2019,
        "month": 10,
        "day": 14
      },
      "time": {
        "hour": 9,
        "minute": 29,
        "second": 46,
        "nano": 0
      }
    },
    "citySender": "Слов\u0027янськ",
    "cityRecipient": "Запоріжжя"
  },
  {
    "number": 59000454748786,
    "dateTime": {
      "date": {
        "year": 2019,
        "month": 10,
        "day": 14
      },
      "time": {
        "hour": 9,
        "minute": 30,
        "second": 33,
        "nano": 0
      }
    },
    "citySender": "Тульчин",
    "cityRecipient": "Вінниця"
  },
  {
    "number": 59000454748787,
    "dateTime": {
      "date": {
        "year": 2019,
        "month": 10,
        "day": 14
      },
      "time": {
        "hour": 9,
        "minute": 30,
        "second": 27,
        "nano": 0
      }
    },
    "citySender": "Чернівці",
    "cityRecipient": "Харків"
  },
  {
    "number": 59000454748788,
    "dateTime": {
      "date": {
        "year": 2019,
        "month": 10,
        "day": 14
      },
      "time": {
        "hour": 9,
        "minute": 30,
        "second": 3,
        "nano": 0
      }
    },
    "citySender": "Ужгород",
    "cityRecipient": "Кропивницький"
  },
  {
    "number": 59000454748789,
    "dateTime": {
      "date": {
        "year": 2019,
        "month": 10,
        "day": 14
      },
      "time": {
        "hour": 9,
        "minute": 30,
        "second": 34,
        "nano": 0
      }
    },
    "citySender": "Київ",
    "cityRecipient": "Київ"
  },
  {
    "number": 59000454748790,
    "dateTime": {
      "date": {
        "year": 2019,
        "month": 10,
        "day": 14
      },
      "time": {
        "hour": 9,
        "minute": 30,
        "second": 16,
        "nano": 0
      }
    },
    "citySender": "Черкаси",
    "cityRecipient": "Львів"
  },
  {
    "number": 59000454748791,
    "dateTime": {
      "date": {
        "year": 2019,
        "month": 10,
        "day": 14
      },
      "time": {
        "hour": 9,
        "minute": 30,
        "second": 4,
        "nano": 0
      }
    },
    "citySender": "Покровськ (Донецька обл.)",
    "cityRecipient": "Бахмут"
  },
  {
    "number": 59000454748792,
    "dateTime": {
      "date": {
        "year": 2019,
        "month": 10,
        "day": 14
      },
      "time": {
        "hour": 9,
        "minute": 30,
        "second": 36,
        "nano": 0
      }
    },
    "citySender": "Збараж",
    "cityRecipient": "Бориспіль"
  },
  {
    "number": 59000454748793,
    "dateTime": {
      "date": {
        "year": 2019,
        "month": 10,
        "day": 14
      },
      "time": {
        "hour": 9,
        "minute": 30,
        "second": 32,
        "nano": 0
      }
    },
    "citySender": "Харків",
    "cityRecipient": "Харків"
  },
  {
    "number": 59000454748794,
    "dateTime": {
      "date": {
        "year": 2019,
        "month": 10,
        "day": 14
      },
      "time": {
        "hour": 9,
        "minute": 30,
        "second": 20,
        "nano": 0
      }
    },
    "citySender": "Благовіщенка (Кам\u0027янсько-Дніпровський р-н)",
    "cityRecipient": "Миколаїв"
  },
  {
    "number": 59000454748795,
    "dateTime": {
      "date": {
        "year": 2019,
        "month": 10,
        "day": 14
      },
      "time": {
        "hour": 9,
        "minute": 30,
        "second": 37,
        "nano": 0
      }
    },
    "citySender": "Київ",
    "cityRecipient": "Київ"
  },
  {
    "number": 59000454748796,
    "dateTime": {
      "date": {
        "year": 2019,
        "month": 10,
        "day": 14
      },
      "time": {
        "hour": 9,
        "minute": 30,
        "second": 37,
        "nano": 0
      }
    },
    "citySender": "Шацьк",
    "cityRecipient": "Київ"
  },
  {
    "number": 59000454748797,
    "dateTime": {
      "date": {
        "year": 2019,
        "month": 10,
        "day": 14
      },
      "time": {
        "hour": 9,
        "minute": 30,
        "second": 37,
        "nano": 0
      }
    },
    "citySender": "Київ",
    "cityRecipient": "Київ"
  },
  {
    "number": 59000454748798,
    "dateTime": {
      "date": {
        "year": 2019,
        "month": 10,
        "day": 14
      },
      "time": {
        "hour": 9,
        "minute": 29,
        "second": 13,
        "nano": 0
      }
    },
    "citySender": "Гірське",
    "cityRecipient": "Старобільськ"
  },
  {
    "number": 59000454748799,
    "dateTime": {
      "date": {
        "year": 2019,
        "month": 10,
        "day": 14
      },
      "time": {
        "hour": 9,
        "minute": 30,
        "second": 37,
        "nano": 0
      }
    },
    "citySender": "Гнівань",
    "cityRecipient": "Вінниця"
  },
  {
    "number": 59000454748800,
    "dateTime": {
      "date": {
        "year": 2019,
        "month": 10,
        "day": 14
      },
      "time": {
        "hour": 9,
        "minute": 30,
        "second": 9,
        "nano": 0
      }
    },
    "citySender": "Ізюм",
    "cityRecipient": "Вишневе"
  },
  {
    "number": 59000454748801,
    "dateTime": {
      "date": {
        "year": 2019,
        "month": 10,
        "day": 14
      },
      "time": {
        "hour": 9,
        "minute": 29,
        "second": 39,
        "nano": 0
      }
    },
    "citySender": "Курахове",
    "cityRecipient": "Київ"
  },
  {
    "number": 59000454748802,
    "dateTime": {
      "date": {
        "year": 2019,
        "month": 10,
        "day": 14
      },
      "time": {
        "hour": 9,
        "minute": 30,
        "second": 38,
        "nano": 0
      }
    },
    "citySender": "Хмільник (Вінницька обл.)",
    "cityRecipient": "Вінниця"
  },
  {
    "number": 59000454748803,
    "dateTime": {
      "date": {
        "year": 2019,
        "month": 10,
        "day": 14
      },
      "time": {
        "hour": 9,
        "minute": 30,
        "second": 38,
        "nano": 0
      }
    },
    "citySender": "Сміла",
    "cityRecipient": "Черкаси"
  },
  {
    "number": 59000454748804,
    "dateTime": {
      "date": {
        "year": 2019,
        "month": 10,
        "day": 14
      },
      "time": {
        "hour": 9,
        "minute": 30,
        "second": 22,
        "nano": 0
      }
    },
    "citySender": "Ужгород",
    "cityRecipient": "Мукачево"
  },
  {
    "number": 59000454748805,
    "dateTime": {
      "date": {
        "year": 2019,
        "month": 10,
        "day": 14
      },
      "time": {
        "hour": 9,
        "minute": 30,
        "second": 7,
        "nano": 0
      }
    },
    "citySender": "Кобеляки",
    "cityRecipient": "Київ"
  },
  {
    "number": 59000454748806,
    "dateTime": {
      "date": {
        "year": 2019,
        "month": 10,
        "day": 14
      },
      "time": {
        "hour": 9,
        "minute": 29,
        "second": 46,
        "nano": 0
      }
    },
    "citySender": "Макарів",
    "cityRecipient": "Луцьк"
  },
  {
    "number": 59000454748807,
    "dateTime": {
      "date": {
        "year": 2019,
        "month": 10,
        "day": 14
      },
      "time": {
        "hour": 9,
        "minute": 30,
        "second": 39,
        "nano": 0
      }
    },
    "citySender": "Київ",
    "cityRecipient": "Львів"
  },
  {
    "number": 59000454748808,
    "dateTime": {
      "date": {
        "year": 2019,
        "month": 10,
        "day": 14
      },
      "time": {
        "hour": 9,
        "minute": 30,
        "second": 0,
        "nano": 0
      }
    },
    "citySender": "Полтава",
    "cityRecipient": "Новомосковськ"
  },
  {
    "number": 59000454748809,
    "dateTime": {
      "date": {
        "year": 2019,
        "month": 10,
        "day": 14
      },
      "time": {
        "hour": 9,
        "minute": 30,
        "second": 40,
        "nano": 0
      }
    },
    "citySender": "Ілічанка",
    "cityRecipient": "Одеса"
  },
  {
    "number": 59000454748811,
    "dateTime": {
      "date": {
        "year": 2019,
        "month": 10,
        "day": 14
      },
      "time": {
        "hour": 9,
        "minute": 28,
        "second": 40,
        "nano": 0
      }
    },
    "citySender": "Межова",
    "cityRecipient": "Люботин"
  },
  {
    "number": 59000454748812,
    "dateTime": {
      "date": {
        "year": 2019,
        "month": 10,
        "day": 14
      },
      "time": {
        "hour": 9,
        "minute": 30,
        "second": 40,
        "nano": 0
      }
    },
    "citySender": "Ізяслав",
    "cityRecipient": "Красноград (Харківська обл)"
  }
]