[
  {
    "number": 59000454761899,
    "dateTime": {
      "date": {
        "year": 2019,
        "month": 10,
        "day": 14
      },
      "time": {
        "hour": 10,
        "minute": 31,
        "second": 15,
        "nano": 0
      }
    },
    "citySender": "Одеса",
    "cityRecipient": "Почаїв"
  },
  {
    "number": 59000454761900,
    "dateTime": {
      "date": {
        "year": 2019,
        "month": 10,
        "day": 14
      },
      "time": {
        "hour": 10,
        "minute": 31,
        "second": 56,
        "nano": 0
      }
    },
    "citySender": "Бершадь",
    "cityRecipient": "Хмельницький"
  },
  {
    "number": 59000454761901,
    "dateTime": {
      "date": {
        "year": 2019,
        "month": 10,
        "day": 14
      },
      "time": {
        "hour": 10,
        "minute": 31,
        "second": 56,
        "nano": 0
      }
    },
    "citySender": "Велика Знам\u0027янка",
    "cityRecipient": "Запоріжжя"
  },
  {
    "number": 59000454761902,
    "dateTime": {
      "date": {
        "year": 2019,
        "month": 10,
        "day": 14
      },
      "time": {
        "hour": 10,
        "minute": 31,
        "second": 25,
        "nano": 0
      }
    },
    "citySender": "Дніпро",
    "cityRecipient": "Запоріжжя"
  },
  {
    "number": 59000454761903,
    "dateTime": {
      "date": {
        "year": 2019,
        "month": 10,
        "day": 14
      },
      "time": {
        "hour": 10,
        "minute": 31,
        "second": 9,
        "nano": 0
      }
    },
    "citySender": "Стрий",
    "cityRecipient": "Дніпро"
  },
  {
    "number": 59000454761904,
    "dateTime": {
      "date": {
        "year": 2019,
        "month": 10,
        "day": 14
      },
      "time": {
        "hour": 10,
        "minute": 31,
        "second": 56,
        "nano": 0
      }
    },
    "citySender": "Царичанка",
    "cityRecipient": "Дніпро"
  },
  {
    "number": 59000454761905,
    "dateTime": {
      "date": {
        "year": 2019,
        "month": 10,
        "day": 14
      },
      "time": {
        "hour": 10,
        "minute": 31,
        "second": 56,
        "nano": 0
      }
    },
    "citySender": "Демидівка",
    "cityRecipient": "Конотоп"
  },
  {
    "number": 59000454761906,
    "dateTime": {
      "date": {
        "year": 2019,
        "month": 10,
        "day": 14
      },
      "time": {
        "hour": 10,
        "minute": 31,
        "second": 56,
        "nano": 0
      }
    },
    "citySender": "Київ",
    "cityRecipient": "Київ"
  },
  {
    "number": 59000454761907,
    "dateTime": {
      "date": {
        "year": 2019,
        "month": 10,
        "day": 14
      },
      "time": {
        "hour": 10,
        "minute": 31,
        "second": 56,
        "nano": 0
      }
    },
    "citySender": "Опитне (Бахмутський р-н)",
    "cityRecipient": "Київ"
  },
  {
    "number": 59000454761908,
    "dateTime": {
      "date": {
        "year": 2019,
        "month": 10,
        "day": 14
      },
      "time": {
        "hour": 10,
        "minute": 31,
        "second": 18,
        "nano": 0
      }
    },
    "citySender": "Вінниця",
    "cityRecipient": "Верхньодніпровськ"
  },
  {
    "number": 59000454761909,
    "dateTime": {
      "date": {
        "year": 2019,
        "month": 10,
        "day": 14
      },
      "time": {
        "hour": 10,
        "minute": 31,
        "second": 57,
        "nano": 0
      }
    },
    "citySender": "Мельниця-Подільська (Тернопільська обл.)",
    "cityRecipient": "Тернопіль"
  },
  {
    "number": 59000454761910,
    "dateTime": {
      "date": {
        "year": 2019,
        "month": 10,
        "day": 14
      },
      "time": {
        "hour": 10,
        "minute": 31,
        "second": 11,
        "nano": 0
      }
    },
    "citySender": "Херсон",
    "cityRecipient": "Єланець"
  },
  {
    "number": 59000454761911,
    "dateTime": {
      "date": {
        "year": 2019,
        "month": 10,
        "day": 14
      },
      "time": {
        "hour": 10,
        "minute": 31,
        "second": 57,
        "nano": 0
      }
    },
    "citySender": "Дубове",
    "cityRecipient": "Рудня"
  },
  {
    "number": 59000454761912,
    "dateTime": {
      "date": {
        "year": 2019,
        "month": 10,
        "day": 14
      },
      "time": {
        "hour": 10,
        "minute": 31,
        "second": 58,
        "nano": 0
      }
    },
    "citySender": "Почаїв",
    "cityRecipient": "Тернопіль"
  },
  {
    "number": 59000454761913,
    "dateTime": {
      "date": {
        "year": 2019,
        "month": 10,
        "day": 14
      },
      "time": {
        "hour": 10,
        "minute": 31,
        "second": 50,
        "nano": 0
      }
    },
    "citySender": "Київ",
    "cityRecipient": "Стрий"
  },
  {
    "number": 59000454761914,
    "dateTime": {
      "date": {
        "year": 2019,
        "month": 10,
        "day": 14
      },
      "time": {
        "hour": 10,
        "minute": 31,
        "second": 55,
        "nano": 0
      }
    },
    "citySender": "Житомир",
    "cityRecipient": "Хмельницький"
  },
  {
    "number": 59000454761915,
    "dateTime": {
      "date": {
        "year": 2019,
        "month": 10,
        "day": 14
      },
      "time": {
        "hour": 10,
        "minute": 31,
        "second": 49,
        "nano": 0
      }
    },
    "citySender": "Чернівці",
    "cityRecipient": "Чернігів"
  },
  {
    "number": 59000454761916,
    "dateTime": {
      "date": {
        "year": 2019,
        "month": 10,
        "day": 14
      },
      "time": {
        "hour": 10,
        "minute": 30,
        "second": 49,
        "nano": 0
      }
    },
    "citySender": "Бобровиця",
    "cityRecipient": "Тернопіль"
  },
  {
    "number": 59000454761917,
    "dateTime": {
      "date": {
        "year": 2019,
        "month": 10,
        "day": 14
      },
      "time": {
        "hour": 10,
        "minute": 31,
        "second": 45,
        "nano": 0
      }
    },
    "citySender": "Люботин",
    "cityRecipient": "Київ"
  },
  {
    "number": 59000454761918,
    "dateTime": {
      "date": {
        "year": 2019,
        "month": 10,
        "day": 14
      },
      "time": {
        "hour": 10,
        "minute": 31,
        "second": 2,
        "nano": 0
      }
    },
    "citySender": "Лебедин (Сумська обл.)",
    "cityRecipient": "Носівка"
  },
  {
    "number": 59000454761919,
    "dateTime": {
      "date": {
        "year": 2019,
        "month": 10,
        "day": 14
      },
      "time": {
        "hour": 10,
        "minute": 31,
        "second": 59,
        "nano": 0
      }
    },
    "citySender": "Заводське(Тернопільська обл.)",
    "cityRecipient": "Тернопіль"
  },
  {
    "number": 59000454761920,
    "dateTime": {
      "date": {
        "year": 2019,
        "month": 10,
        "day": 14
      },
      "time": {
        "hour": 10,
        "minute": 31,
        "second": 53,
        "nano": 0
      }
    },
    "citySender": "Харків",
    "cityRecipient": "Волноваха"
  },
  {
    "number": 59000454761921,
    "dateTime": {
      "date": {
        "year": 2019,
        "month": 10,
        "day": 14
      },
      "time": {
        "hour": 10,
        "minute": 32,
        "second": 0,
        "nano": 0
      }
    },
    "citySender": "Вінниця",
    "cityRecipient": "Вінниця"
  },
  {
    "number": 59000454761922,
    "dateTime": {
      "date": {
        "year": 2019,
        "month": 10,
        "day": 14
      },
      "time": {
        "hour": 10,
        "minute": 32,
        "second": 1,
        "nano": 0
      }
    },
    "citySender": "Збараж",
    "cityRecipient": "Миколаїв"
  },
  {
    "number": 59000454761923,
    "dateTime": {
      "date": {
        "year": 2019,
        "month": 10,
        "day": 14
      },
      "time": {
        "hour": 10,
        "minute": 31,
        "second": 34,
        "nano": 0
      }
    },
    "citySender": "Київ",
    "cityRecipient": "Святопетрівське (Києво-Свят.р-н)"
  },
  {
    "number": 59000454761924,
    "dateTime": {
      "date": {
        "year": 2019,
        "month": 10,
        "day": 14
      },
      "time": {
        "hour": 10,
        "minute": 30,
        "second": 50,
        "nano": 0
      }
    },
    "citySender": "Тячів",
    "cityRecipient": "Козятин (місто, Вінницька обл.)"
  },
  {
    "number": 59000454761925,
    "dateTime": {
      "date": {
        "year": 2019,
        "month": 10,
        "day": 14
      },
      "time": {
        "hour": 10,
        "minute": 32,
        "second": 0,
        "nano": 0
      }
    },
    "citySender": "Городок (Хмельницька обл.)",
    "cityRecipient": "Львів"
  },
  {
    "number": 59000454761926,
    "dateTime": {
      "date": {
        "year": 2019,
        "month": 10,
        "day": 14
      },
      "time": {
        "hour": 10,
        "minute": 32,
        "second": 2,
        "nano": 0
      }
    },
    "citySender": "Серебрія",
    "cityRecipient": "Вінниця"
  },
  {
    "number": 59000454761927,
    "dateTime": {
      "date": {
        "year": 2019,
        "month": 10,
        "day": 14
      },
      "time": {
        "hour": 10,
        "minute": 32,
        "second": 3,
        "nano": 0
      }
    },
    "citySender": "Ужгород",
    "cityRecipient": "Київ"
  },
  {
    "number": 59000454761928,
    "dateTime": {
      "date": {
        "year": 2019,
        "month": 10,
        "day": 14
      },
      "time": {
        "hour": 10,
        "minute": 31,
        "second": 7,
        "nano": 0
      }
    },
    "citySender": "Вінниця",
    "cityRecipient": "Львів"
  },
  {
    "number": 59000454761929,
    "dateTime": {
      "date": {
        "year": 2019,
        "month": 10,
        "day": 14
      },
      "time": {
        "hour": 10,
        "minute": 31,
        "second": 55,
        "nano": 0
      }
    },
    "citySender": "Кременчук",
    "cityRecipient": "Котельва"
  },
  {
    "number": 59000454761930,
    "dateTime": {
      "date": {
        "year": 2019,
        "month": 10,
        "day": 14
      },
      "time": {
        "hour": 10,
        "minute": 32,
        "second": 4,
        "nano": 0
      }
    },
    "citySender": "Чортків",
    "cityRecipient": "Тернопіль"
  },
  {
    "number": 59000454761931,
    "dateTime": {
      "date": {
        "year": 2019,
        "month": 10,
        "day": 14
      },
      "time": {
        "hour": 10,
        "minute": 32,
        "second": 4,
        "nano": 0
      }
    },
    "citySender": "Мигове",
    "cityRecipient": "Кам\u0027янське(Дніпропетровська обл)"
  },
  {
    "number": 59000454761932,
    "dateTime": {
      "date": {
        "year": 2019,
        "month": 10,
        "day": 14
      },
      "time": {
        "hour": 10,
        "minute": 31,
        "second": 49,
        "nano": 0
      }
    },
    "citySender": "Балаклія (Харківська обл.)",
    "cityRecipient": "Ізюм"
  },
  {
    "number": 59000454761933,
    "dateTime": {
      "date": {
        "year": 2019,
        "month": 10,
        "day": 14
      },
      "time": {
        "hour": 10,
        "minute": 32,
        "second": 4,
        "nano": 0
      }
    },
    "citySender": "Олександрія (м.Кіровогр.обл.райц)",
    "cityRecipient": "Харків"
  },
  {
    "number": 59000454761934,
    "dateTime": {
      "date": {
        "year": 2019,
        "month": 10,
        "day": 14
      },
      "time": {
        "hour": 10,
        "minute": 32,
        "second": 4,
        "nano": 0
      }
    },
    "citySender": "Одеса",
    "cityRecipient": "Київ"
  },
  {
    "number": 59000454761936,
    "dateTime": {
      "date": {
        "year": 2019,
        "month": 10,
        "day": 14
      },
      "time": {
        "hour": 10,
        "minute": 30,
        "second": 25,
        "nano": 0
      }
    },
    "citySender": "Мукачево",
    "cityRecipient": "Цибулів"
  },
  {
    "number": 59000454761937,
    "dateTime": {
      "date": {
        "year": 2019,
        "month": 10,
        "day": 14
      },
      "time": {
        "hour": 10,
        "minute": 31,
        "second": 10,
        "nano": 0
      }
    },
    "citySender": "Азовське",
    "cityRecipient": "Дніпро"
  },
  {
    "number": 59000454761938,
    "dateTime": {
      "date": {
        "year": 2019,
        "month": 10,
        "day": 14
      },
      "time": {
        "hour": 10,
        "minute": 31,
        "second": 19,
        "nano": 0
      }
    },
    "citySender": "Мангуш",
    "cityRecipient": "Запоріжжя"
  },
  {
    "number": 59000454761939,
    "dateTime": {
      "date": {
        "year": 2019,
        "month": 10,
        "day": 14
      },
      "time": {
        "hour": 10,
        "minute": 31,
        "second": 44,
        "nano": 0
      }
    },
    "citySender": "Київ",
    "cityRecipient": "Решетилівка"
  },
  {
    "number": 59000454761940,
    "dateTime": {
      "date": {
        "year": 2019,
        "month": 10,
        "day": 14
      },
      "time": {
        "hour": 10,
        "minute": 31,
        "second": 25,
        "nano": 0
      }
    },
    "citySender": "Житомир",
    "cityRecipient": "Покровськ (Донецька обл.)"
  },
  {
    "number": 59000454761942,
    "dateTime": {
      "date": {
        "year": 2019,
        "month": 10,
        "day": 14
      },
      "time": {
        "hour": 10,
        "minute": 32,
        "second": 6,
        "nano": 0
      }
    },
    "citySender": "Дніпро",
    "cityRecipient": "Краматорськ"
  },
  {
    "number": 59000454761943,
    "dateTime": {
      "date": {
        "year": 2019,
        "month": 10,
        "day": 14
      },
      "time": {
        "hour": 10,
        "minute": 32,
        "second": 7,
        "nano": 0
      }
    },
    "citySender": "Жовті Води",
    "cityRecipient": "Харків"
  },
  {
    "number": 59000454761944,
    "dateTime": {
      "date": {
        "year": 2019,
        "month": 10,
        "day": 14
      },
      "time": {
        "hour": 10,
        "minute": 31,
        "second": 22,
        "nano": 0
      }
    },
    "citySender": "Чупахівка",
    "cityRecipient": "Одеса"
  },
  {
    "number": 59000454761945,
    "dateTime": {
      "date": {
        "year": 2019,
        "month": 10,
        "day": 14
      },
      "time": {
        "hour": 10,
        "minute": 31,
        "second": 46,
        "nano": 0
      }
    },
    "citySender": "Чернівці",
    "cityRecipient": "Маріуполь"
  },
  {
    "number": 59000454761947,
    "dateTime": {
      "date": {
        "year": 2019,
        "month": 10,
        "day": 14
      },
      "time": {
        "hour": 10,
        "minute": 32,
        "second": 2,
        "nano": 0
      }
    },
    "citySender": "Копичинці (Гусятинський р-н)",
    "cityRecipient": "Краматорськ"
  },
  {
    "number": 59000454761948,
    "dateTime": {
      "date": {
        "year": 2019,
        "month": 10,
        "day": 14
      },
      "time": {
        "hour": 10,
        "minute": 32,
        "second": 8,
        "nano": 0
      }
    },
    "citySender": "Вознесенка",
    "cityRecipient": "Запоріжжя"
  },
  {
    "number": 59000454761949,
    "dateTime": {
      "date": {
        "year": 2019,
        "month": 10,
        "day": 14
      },
      "time": {
        "hour": 10,
        "minute": 32,
        "second": 8,
        "nano": 0
      }
    },
    "citySender": "Великі Копані",
    "cityRecipient": "Херсон"
  },
  {
    "number": 59000454761950,
    "dateTime": {
      "date": {
        "year": 2019,
        "month": 10,
        "day": 14
      },
      "time": {
        "hour": 10,
        "minute": 31,
        "second": 22,
        "nano": 0
      }
    },
    "citySender": "Київ",
    "cityRecipient": "Запоріжжя"
  },
  {
    "number": 59000454761951,
    "dateTime": {
      "date": {
        "year": 2019,
        "month": 10,
        "day": 14
      },
      "time": {
        "hour": 10,
        "minute": 31,
        "second": 54,
        "nano": 0
      }
    },
    "citySender": "Київ",
    "cityRecipient": "Вінниця"
  },
  {
    "number": 59000454761952,
    "dateTime": {
      "date": {
        "year": 2019,
        "month": 10,
        "day": 14
      },
      "time": {
        "hour": 10,
        "minute": 31,
        "second": 53,
        "nano": 0
      }
    },
    "citySender": "Івано-Франківськ",
    "cityRecipient": "Київ"
  },
  {
    "number": 59000454761953,
    "dateTime": {
      "date": {
        "year": 2019,
        "month": 10,
        "day": 14
      },
      "time": {
        "hour": 10,
        "minute": 31,
        "second": 47,
        "nano": 0
      }
    },
    "citySender": "Немирів (Львівська обл.)",
    "cityRecipient": "Широке (Широківський р-н. Дніпропетровська обл)"
  },
  {
    "number": 59000454761954,
    "dateTime": {
      "date": {
        "year": 2019,
        "month": 10,
        "day": 14
      },
      "time": {
        "hour": 10,
        "minute": 31,
        "second": 55,
        "nano": 0
      }
    },
    "citySender": "Київ",
    "cityRecipient": "Кролевець"
  },
  {
    "number": 59000454761955,
    "dateTime": {
      "date": {
        "year": 2019,
        "month": 10,
        "day": 14
      },
      "time": {
        "hour": 10,
        "minute": 30,
        "second": 54,
        "nano": 0
      }
    },
    "citySender": "Виноградів",
    "cityRecipient": "Білгород-Дністровський"
  },
  {
    "number": 59000454761956,
    "dateTime": {
      "date": {
        "year": 2019,
        "month": 10,
        "day": 14
      },
      "time": {
        "hour": 10,
        "minute": 32,
        "second": 9,
        "nano": 0
      }
    },
    "citySender": "Київ",
    "cityRecipient": "Київ"
  },
  {
    "number": 59000454761957,
    "dateTime": {
      "date": {
        "year": 2019,
        "month": 10,
        "day": 14
      },
      "time": {
        "hour": 10,
        "minute": 31,
        "second": 15,
        "nano": 0
      }
    },
    "citySender": "Черкаси",
    "cityRecipient": "Полтава"
  },
  {
    "number": 59000454761958,
    "dateTime": {
      "date": {
        "year": 2019,
        "month": 10,
        "day": 14
      },
      "time": {
        "hour": 10,
        "minute": 31,
        "second": 32,
        "nano": 0
      }
    },
    "citySender": "Губиниха",
    "cityRecipient": "Жовті Води"
  },
  {
    "number": 59000454761959,
    "dateTime": {
      "date": {
        "year": 2019,
        "month": 10,
        "day": 14
      },
      "time": {
        "hour": 10,
        "minute": 31,
        "second": 5,
        "nano": 0
      }
    },
    "citySender": "Львів",
    "cityRecipient": "Київ"
  },
  {
    "number": 59000454761960,
    "dateTime": {
      "date": {
        "year": 2019,
        "month": 10,
        "day": 14
      },
      "time": {
        "hour": 10,
        "minute": 32,
        "second": 4,
        "nano": 0
      }
    },
    "citySender": "Костопіль",
    "cityRecipient": "Новомосковськ"
  },
  {
    "number": 59000454761961,
    "dateTime": {
      "date": {
        "year": 2019,
        "month": 10,
        "day": 14
      },
      "time": {
        "hour": 10,
        "minute": 32,
        "second": 10,
        "nano": 0
      }
    },
    "citySender": "Гадяч",
    "cityRecipient": "Полтава"
  },
  {
    "number": 59000454761962,
    "dateTime": {
      "date": {
        "year": 2019,
        "month": 10,
        "day": 14
      },
      "time": {
        "hour": 10,
        "minute": 31,
        "second": 45,
        "nano": 0
      }
    },
    "citySender": "Бугас",
    "cityRecipient": "Херсон"
  },
  {
    "number": 59000454761964,
    "dateTime": {
      "date": {
        "year": 2019,
        "month": 10,
        "day": 14
      },
      "time": {
        "hour": 10,
        "minute": 32,
        "second": 2,
        "nano": 0
      }
    },
    "citySender": "Полтава",
    "cityRecipient": "Київ"
  },
  {
    "number": 59000454761966,
    "dateTime": {
      "date": {
        "year": 2019,
        "month": 10,
        "day": 14
      },
      "time": {
        "hour": 10,
        "minute": 31,
        "second": 47,
        "nano": 0
      }
    },
    "citySender": "Борислав (Львівська обл.)",
    "cityRecipient": "Київ"
  },
  {
    "number": 59000454761967,
    "dateTime": {
      "date": {
        "year": 2019,
        "month": 10,
        "day": 14
      },
      "time": {
        "hour": 10,
        "minute": 31,
        "second": 44,
        "nano": 0
      }
    },
    "citySender": "Черкаси",
    "cityRecipient": "Київ"
  },
  {
    "number": 59000454761968,
    "dateTime": {
      "date": {
        "year": 2019,
        "month": 10,
        "day": 14
      },
      "time": {
        "hour": 10,
        "minute": 31,
        "second": 50,
        "nano": 0
      }
    },
    "citySender": "Краснопілля (Сумська обл.)",
    "cityRecipient": "Харків"
  },
  {
    "number": 59000454761969,
    "dateTime": {
      "date": {
        "year": 2019,
        "month": 10,
        "day": 14
      },
      "time": {
        "hour": 10,
        "minute": 32,
        "second": 5,
        "nano": 0
      }
    },
    "citySender": "Харків",
    "cityRecipient": "Дніпро"
  },
  {
    "number": 59000454761970,
    "dateTime": {
      "date": {
        "year": 2019,
        "month": 10,
        "day": 14
      },
      "time": {
        "hour": 10,
        "minute": 32,
        "second": 5,
        "nano": 0
      }
    },
    "citySender": "Луцьк",
    "cityRecipient": "Чернігів"
  },
  {
    "number": 59000454761971,
    "dateTime": {
      "date": {
        "year": 2019,
        "month": 10,
        "day": 14
      },
      "time": {
        "hour": 10,
        "minute": 31,
        "second": 50,
        "nano": 0
      }
    },
    "citySender": "Баришівка",
    "cityRecipient": "Сад"
  },
  {
    "number": 59000454761972,
    "dateTime": {
      "date": {
        "year": 2019,
        "month": 10,
        "day": 14
      },
      "time": {
        "hour": 10,
        "minute": 32,
        "second": 12,
        "nano": 0
      }
    },
    "citySender": "Чернівці",
    "cityRecipient": "Лиманське (Роздільнянський р-н)"
  },
  {
    "number": 59000454761973,
    "dateTime": {
      "date": {
        "year": 2019,
        "month": 10,
        "day": 14
      },
      "time": {
        "hour": 10,
        "minute": 31,
        "second": 31,
        "nano": 0
      }
    },
    "citySender": "Первомайськ(Микол.обл.Первомайс.р-н)",
    "cityRecipient": "Харків"
  },
  {
    "number": 59000454761974,
    "dateTime": {
      "date": {
        "year": 2019,
        "month": 10,
        "day": 14
      },
      "time": {
        "hour": 10,
        "minute": 32,
        "second": 13,
        "nano": 0
      }
    },
    "citySender": "Цумань",
    "cityRecipient": "Луцьк"
  },
  {
    "number": 59000454761976,
    "dateTime": {
      "date": {
        "year": 2019,
        "month": 10,
        "day": 14
      },
      "time": {
        "hour": 10,
        "minute": 32,
        "second": 13,
        "nano": 0
      }
    },
    "citySender": "Біла",
    "cityRecipient": "Старокостянтинів"
  },
  {
    "number": 59000454761977,
    "dateTime": {
      "date": {
        "year": 2019,
        "month": 10,
        "day": 14
      },
      "time": {
        "hour": 10,
        "minute": 32,
        "second": 4,
        "nano": 0
      }
    },
    "citySender": "Київ",
    "cityRecipient": "Миколаїв"
  },
  {
    "number": 59000454761978,
    "dateTime": {
      "date": {
        "year": 2019,
        "month": 10,
        "day": 14
      },
      "time": {
        "hour": 10,
        "minute": 31,
        "second": 19,
        "nano": 0
      }
    },
    "citySender": "Голованівськ",
    "cityRecipient": "Кривий Ріг"
  },
  {
    "number": 59000454761979,
    "dateTime": {
      "date": {
        "year": 2019,
        "month": 10,
        "day": 14
      },
      "time": {
        "hour": 10,
        "minute": 32,
        "second": 14,
        "nano": 0
      }
    },
    "citySender": "Опитне (Бахмутський р-н)",
    "cityRecipient": "Валки"
  },
  {
    "number": 59000454761980,
    "dateTime": {
      "date": {
        "year": 2019,
        "month": 10,
        "day": 14
      },
      "time": {
        "hour": 10,
        "minute": 31,
        "second": 17,
        "nano": 0
      }
    },
    "citySender": "Теребовля",
    "cityRecipient": "Київ"
  },
  {
    "number": 59000454761981,
    "dateTime": {
      "date": {
        "year": 2019,
        "month": 10,
        "day": 14
      },
      "time": {
        "hour": 10,
        "minute": 32,
        "second": 7,
        "nano": 0
      }
    },
    "citySender": "Краматорськ",
    "cityRecipient": "Київ"
  },
  {
    "number": 59000454761982,
    "dateTime": {
      "date": {
        "year": 2019,
        "month": 10,
        "day": 14
      },
      "time": {
        "hour": 10,
        "minute": 32,
        "second": 12,
        "nano": 0
      }
    },
    "citySender": "Херсон",
    "cityRecipient": "Київ"
  },
  {
    "number": 59000454761983,
    "dateTime": {
      "date": {
        "year": 2019,
        "month": 10,
        "day": 14
      },
      "time": {
        "hour": 10,
        "minute": 32,
        "second": 15,
        "nano": 0
      }
    },
    "citySender": "Київ",
    "cityRecipient": "Київ"
  },
  {
    "number": 59000454761984,
    "dateTime": {
      "date": {
        "year": 2019,
        "month": 10,
        "day": 14
      },
      "time": {
        "hour": 10,
        "minute": 32,
        "second": 4,
        "nano": 0
      }
    },
    "citySender": "Старий Самбір",
    "cityRecipient": "Южне"
  },
  {
    "number": 59000454761985,
    "dateTime": {
      "date": {
        "year": 2019,
        "month": 10,
        "day": 14
      },
      "time": {
        "hour": 10,
        "minute": 32,
        "second": 15,
        "nano": 0
      }
    },
    "citySender": "Одеса",
    "cityRecipient": "Київ"
  },
  {
    "number": 59000454761986,
    "dateTime": {
      "date": {
        "year": 2019,
        "month": 10,
        "day": 14
      },
      "time": {
        "hour": 10,
        "minute": 28,
        "second": 22,
        "nano": 0
      }
    },
    "citySender": "Шумськ",
    "cityRecipient": "Київ"
  },
  {
    "number": 59000454761987,
    "dateTime": {
      "date": {
        "year": 2019,
        "month": 10,
        "day": 14
      },
      "time": {
        "hour": 10,
        "minute": 32,
        "second": 15,
        "nano": 0
      }
    },
    "citySender": "Літин",
    "cityRecipient": "Вінниця"
  },
  {
    "number": 59000454761988,
    "dateTime": {
      "date": {
        "year": 2019,
        "month": 10,
        "day": 14
      },
      "time": {
        "hour": 10,
        "minute": 32,
        "second": 16,
        "nano": 0
      }
    },
    "citySender": "Конотоп",
    "cityRecipient": "Луцьк"
  },
  {
    "number": 59000454761989,
    "dateTime": {
      "date": {
        "year": 2019,
        "month": 10,
        "day": 14
      },
      "time": {
        "hour": 10,
        "minute": 31,
        "second": 48,
        "nano": 0
      }
    },
    "citySender": "Теофіполь",
    "cityRecipient": "Вижниця"
  },
  {
    "number": 59000454761990,
    "dateTime": {
      "date": {
        "year": 2019,
        "month": 10,
        "day": 14
      },
      "time": {
        "hour": 10,
        "minute": 32,
        "second": 16,
        "nano": 0
      }
    },
    "citySender": "Бар",
    "cityRecipient": "Вінниця"
  },
  {
    "number": 59000454761991,
    "dateTime": {
      "date": {
        "year": 2019,
        "month": 10,
        "day": 14
      },
      "time": {
        "hour": 10,
        "minute": 32,
        "second": 13,
        "nano": 0
      }
    },
    "citySender": "Десна (Чернігівська обл.)",
    "cityRecipient": "Курахове"
  },
  {
    "number": 59000454761992,
    "dateTime": {
      "date": {
        "year": 2019,
        "month": 10,
        "day": 14
      },
      "time": {
        "hour": 10,
        "minute": 31,
        "second": 43,
        "nano": 0
      }
    },
    "citySender": "Диканька",
    "cityRecipient": "Велика Багачка"
  },
  {
    "number": 59000454761993,
    "dateTime": {
      "date": {
        "year": 2019,
        "month": 10,
        "day": 14
      },
      "time": {
        "hour": 10,
        "minute": 31,
        "second": 59,
        "nano": 0
      }
    },
    "citySender": "Одеса",
    "cityRecipient": "Київ"
  },
  {
    "number": 59000454761994,
    "dateTime": {
      "date": {
        "year": 2019,
        "month": 10,
        "day": 14
      },
      "time": {
        "hour": 10,
        "minute": 32,
        "second": 4,
        "nano": 0
      }
    },
    "citySender": "Кривий Ріг",
    "cityRecipient": "Київ"
  },
  {
    "number": 59000454761995,
    "dateTime": {
      "date": {
        "year": 2019,
        "month": 10,
        "day": 14
      },
      "time": {
        "hour": 10,
        "minute": 31,
        "second": 27,
        "nano": 0
      }
    },
    "citySender": "Богородчани",
    "cityRecipient": "Кропивницький"
  },
  {
    "number": 59000454761996,
    "dateTime": {
      "date": {
        "year": 2019,
        "month": 10,
        "day": 14
      },
      "time": {
        "hour": 10,
        "minute": 31,
        "second": 37,
        "nano": 0
      }
    },
    "citySender": "Запоріжжя",
    "cityRecipient": "Київ"
  },
  {
    "number": 59000454761997,
    "dateTime": {
      "date": {
        "year": 2019,
        "month": 10,
        "day": 14
      },
      "time": {
        "hour": 10,
        "minute": 31,
        "second": 50,
        "nano": 0
      }
    },
    "citySender": "Тростянець (Вінницька обл.)",
    "cityRecipient": "Запоріжжя"
  },
  {
    "number": 59000454761998,
    "dateTime": {
      "date": {
        "year": 2019,
        "month": 10,
        "day": 14
      },
      "time": {
        "hour": 10,
        "minute": 32,
        "second": 0,
        "nano": 0
      }
    },
    "citySender": "Любомль",
    "cityRecipient": "Ірпінь"
  }
]