[
  {
    "number": 59000454751806,
    "dateTime": {
      "date": {
        "year": 2019,
        "month": 10,
        "day": 14
      },
      "time": {
        "hour": 9,
        "minute": 45,
        "second": 25,
        "nano": 0
      }
    },
    "citySender": "Біла Церква",
    "cityRecipient": "Київ"
  },
  {
    "number": 59000454751807,
    "dateTime": {
      "date": {
        "year": 2019,
        "month": 10,
        "day": 14
      },
      "time": {
        "hour": 9,
        "minute": 45,
        "second": 29,
        "nano": 0
      }
    },
    "citySender": "Вінниця",
    "cityRecipient": "Черкаси"
  },
  {
    "number": 59000454751808,
    "dateTime": {
      "date": {
        "year": 2019,
        "month": 10,
        "day": 14
      },
      "time": {
        "hour": 9,
        "minute": 45,
        "second": 37,
        "nano": 0
      }
    },
    "citySender": "Бердичів",
    "cityRecipient": "Житомир"
  },
  {
    "number": 59000454751809,
    "dateTime": {
      "date": {
        "year": 2019,
        "month": 10,
        "day": 14
      },
      "time": {
        "hour": 9,
        "minute": 45,
        "second": 34,
        "nano": 0
      }
    },
    "citySender": "Полтава",
    "cityRecipient": "Полтава"
  },
  {
    "number": 59000454751810,
    "dateTime": {
      "date": {
        "year": 2019,
        "month": 10,
        "day": 14
      },
      "time": {
        "hour": 9,
        "minute": 45,
        "second": 37,
        "nano": 0
      }
    },
    "citySender": "Харків",
    "cityRecipient": "Харків"
  },
  {
    "number": 59000454751811,
    "dateTime": {
      "date": {
        "year": 2019,
        "month": 10,
        "day": 14
      },
      "time": {
        "hour": 9,
        "minute": 44,
        "second": 11,
        "nano": 0
      }
    },
    "citySender": "Кам\u0027янське(Дніпропетровська обл)",
    "cityRecipient": "Кременчук"
  },
  {
    "number": 59000454751813,
    "dateTime": {
      "date": {
        "year": 2019,
        "month": 10,
        "day": 14
      },
      "time": {
        "hour": 9,
        "minute": 45,
        "second": 33,
        "nano": 0
      }
    },
    "citySender": "Запоріжжя",
    "cityRecipient": "Запоріжжя"
  },
  {
    "number": 59000454751814,
    "dateTime": {
      "date": {
        "year": 2019,
        "month": 10,
        "day": 14
      },
      "time": {
        "hour": 9,
        "minute": 45,
        "second": 38,
        "nano": 0
      }
    },
    "citySender": "Хмільник (Вінницька обл.)",
    "cityRecipient": "Вінниця"
  },
  {
    "number": 59000454751815,
    "dateTime": {
      "date": {
        "year": 2019,
        "month": 10,
        "day": 14
      },
      "time": {
        "hour": 9,
        "minute": 45,
        "second": 14,
        "nano": 0
      }
    },
    "citySender": "Магдалинівка",
    "cityRecipient": "Кирилівка(Якимівський р-н)"
  },
  {
    "number": 59000454751816,
    "dateTime": {
      "date": {
        "year": 2019,
        "month": 10,
        "day": 14
      },
      "time": {
        "hour": 9,
        "minute": 45,
        "second": 38,
        "nano": 0
      }
    },
    "citySender": "Київ",
    "cityRecipient": "Київ"
  },
  {
    "number": 59000454751817,
    "dateTime": {
      "date": {
        "year": 2019,
        "month": 10,
        "day": 14
      },
      "time": {
        "hour": 9,
        "minute": 45,
        "second": 39,
        "nano": 0
      }
    },
    "citySender": "Київ",
    "cityRecipient": "Київ"
  },
  {
    "number": 59000454751818,
    "dateTime": {
      "date": {
        "year": 2019,
        "month": 10,
        "day": 14
      },
      "time": {
        "hour": 9,
        "minute": 45,
        "second": 34,
        "nano": 0
      }
    },
    "citySender": "Київ",
    "cityRecipient": "Київ"
  },
  {
    "number": 59000454751819,
    "dateTime": {
      "date": {
        "year": 2019,
        "month": 10,
        "day": 14
      },
      "time": {
        "hour": 9,
        "minute": 43,
        "second": 48,
        "nano": 0
      }
    },
    "citySender": "Кропивницький",
    "cityRecipient": "Долинська"
  },
  {
    "number": 59000454751820,
    "dateTime": {
      "date": {
        "year": 2019,
        "month": 10,
        "day": 14
      },
      "time": {
        "hour": 9,
        "minute": 45,
        "second": 31,
        "nano": 0
      }
    },
    "citySender": "Свеса",
    "cityRecipient": "Козелець"
  },
  {
    "number": 59000454751821,
    "dateTime": {
      "date": {
        "year": 2019,
        "month": 10,
        "day": 14
      },
      "time": {
        "hour": 9,
        "minute": 45,
        "second": 38,
        "nano": 0
      }
    },
    "citySender": "Одеса",
    "cityRecipient": "Ланчин"
  },
  {
    "number": 59000454751822,
    "dateTime": {
      "date": {
        "year": 2019,
        "month": 10,
        "day": 14
      },
      "time": {
        "hour": 9,
        "minute": 45,
        "second": 23,
        "nano": 0
      }
    },
    "citySender": "Борислав (Львівська обл.)",
    "cityRecipient": "Якимівка (Запорізька обл.)"
  },
  {
    "number": 59000454751823,
    "dateTime": {
      "date": {
        "year": 2019,
        "month": 10,
        "day": 14
      },
      "time": {
        "hour": 9,
        "minute": 44,
        "second": 17,
        "nano": 0
      }
    },
    "citySender": "Червоноград (Львівська обл.)",
    "cityRecipient": "Луцьк"
  },
  {
    "number": 59000454751824,
    "dateTime": {
      "date": {
        "year": 2019,
        "month": 10,
        "day": 14
      },
      "time": {
        "hour": 9,
        "minute": 45,
        "second": 41,
        "nano": 0
      }
    },
    "citySender": "Бар",
    "cityRecipient": "Вінниця"
  },
  {
    "number": 59000454751825,
    "dateTime": {
      "date": {
        "year": 2019,
        "month": 10,
        "day": 14
      },
      "time": {
        "hour": 9,
        "minute": 45,
        "second": 41,
        "nano": 0
      }
    },
    "citySender": "Вендичани",
    "cityRecipient": "Вінниця"
  },
  {
    "number": 59000454751826,
    "dateTime": {
      "date": {
        "year": 2019,
        "month": 10,
        "day": 14
      },
      "time": {
        "hour": 9,
        "minute": 42,
        "second": 10,
        "nano": 0
      }
    },
    "citySender": "Гайворон",
    "cityRecipient": "Ірпінь"
  },
  {
    "number": 59000454751827,
    "dateTime": {
      "date": {
        "year": 2019,
        "month": 10,
        "day": 14
      },
      "time": {
        "hour": 9,
        "minute": 44,
        "second": 36,
        "nano": 0
      }
    },
    "citySender": "Полтава",
    "cityRecipient": "Бровари"
  },
  {
    "number": 59000454751828,
    "dateTime": {
      "date": {
        "year": 2019,
        "month": 10,
        "day": 14
      },
      "time": {
        "hour": 9,
        "minute": 45,
        "second": 40,
        "nano": 0
      }
    },
    "citySender": "Київ",
    "cityRecipient": "Харків"
  },
  {
    "number": 59000454751829,
    "dateTime": {
      "date": {
        "year": 2019,
        "month": 10,
        "day": 14
      },
      "time": {
        "hour": 9,
        "minute": 45,
        "second": 41,
        "nano": 0
      }
    },
    "citySender": "Червона Слобода (Черкаська обл.)",
    "cityRecipient": "Черкаси"
  },
  {
    "number": 59000454751830,
    "dateTime": {
      "date": {
        "year": 2019,
        "month": 10,
        "day": 14
      },
      "time": {
        "hour": 9,
        "minute": 45,
        "second": 42,
        "nano": 0
      }
    },
    "citySender": "Київ",
    "cityRecipient": "Київ"
  },
  {
    "number": 59000454751831,
    "dateTime": {
      "date": {
        "year": 2019,
        "month": 10,
        "day": 14
      },
      "time": {
        "hour": 9,
        "minute": 45,
        "second": 38,
        "nano": 0
      }
    },
    "citySender": "Костянтинівка (Донецька обл.)",
    "cityRecipient": "Марганець"
  },
  {
    "number": 59000454751832,
    "dateTime": {
      "date": {
        "year": 2019,
        "month": 10,
        "day": 14
      },
      "time": {
        "hour": 9,
        "minute": 45,
        "second": 31,
        "nano": 0
      }
    },
    "citySender": "Переяслав-Хмельницький",
    "cityRecipient": "Полтава"
  },
  {
    "number": 59000454751833,
    "dateTime": {
      "date": {
        "year": 2019,
        "month": 10,
        "day": 14
      },
      "time": {
        "hour": 9,
        "minute": 45,
        "second": 34,
        "nano": 0
      }
    },
    "citySender": "Біла Церква",
    "cityRecipient": "Біла Церква"
  },
  {
    "number": 59000454751834,
    "dateTime": {
      "date": {
        "year": 2019,
        "month": 10,
        "day": 14
      },
      "time": {
        "hour": 9,
        "minute": 45,
        "second": 42,
        "nano": 0
      }
    },
    "citySender": "Київ",
    "cityRecipient": "Київ"
  },
  {
    "number": 59000454751835,
    "dateTime": {
      "date": {
        "year": 2019,
        "month": 10,
        "day": 14
      },
      "time": {
        "hour": 9,
        "minute": 45,
        "second": 42,
        "nano": 0
      }
    },
    "citySender": "Кам\u0027янське(Дніпропетровська обл)",
    "cityRecipient": "Дніпро"
  },
  {
    "number": 59000454751836,
    "dateTime": {
      "date": {
        "year": 2019,
        "month": 10,
        "day": 14
      },
      "time": {
        "hour": 9,
        "minute": 45,
        "second": 43,
        "nano": 0
      }
    },
    "citySender": "Лисичанськ",
    "cityRecipient": "Сєвєродонецьк"
  },
  {
    "number": 59000454751837,
    "dateTime": {
      "date": {
        "year": 2019,
        "month": 10,
        "day": 14
      },
      "time": {
        "hour": 9,
        "minute": 45,
        "second": 25,
        "nano": 0
      }
    },
    "citySender": "Вороньків",
    "cityRecipient": "Глибоке"
  },
  {
    "number": 59000454751838,
    "dateTime": {
      "date": {
        "year": 2019,
        "month": 10,
        "day": 14
      },
      "time": {
        "hour": 9,
        "minute": 45,
        "second": 34,
        "nano": 0
      }
    },
    "citySender": "Старобільськ",
    "cityRecipient": "Дворічна"
  },
  {
    "number": 59000454751839,
    "dateTime": {
      "date": {
        "year": 2019,
        "month": 10,
        "day": 14
      },
      "time": {
        "hour": 9,
        "minute": 45,
        "second": 43,
        "nano": 0
      }
    },
    "citySender": "Криве Озеро",
    "cityRecipient": "Умань"
  },
  {
    "number": 59000454751840,
    "dateTime": {
      "date": {
        "year": 2019,
        "month": 10,
        "day": 14
      },
      "time": {
        "hour": 9,
        "minute": 45,
        "second": 42,
        "nano": 0
      }
    },
    "citySender": "Васищеве",
    "cityRecipient": "Пологи (Запорізька обл.)"
  },
  {
    "number": 59000454751841,
    "dateTime": {
      "date": {
        "year": 2019,
        "month": 10,
        "day": 14
      },
      "time": {
        "hour": 9,
        "minute": 45,
        "second": 10,
        "nano": 0
      }
    },
    "citySender": "Ріпки",
    "cityRecipient": "Хмельницький"
  },
  {
    "number": 59000454751842,
    "dateTime": {
      "date": {
        "year": 2019,
        "month": 10,
        "day": 14
      },
      "time": {
        "hour": 9,
        "minute": 45,
        "second": 1,
        "nano": 0
      }
    },
    "citySender": "Тарутине",
    "cityRecipient": "Київ"
  },
  {
    "number": 59000454751843,
    "dateTime": {
      "date": {
        "year": 2019,
        "month": 10,
        "day": 14
      },
      "time": {
        "hour": 9,
        "minute": 45,
        "second": 44,
        "nano": 0
      }
    },
    "citySender": "Київ",
    "cityRecipient": "Київ"
  },
  {
    "number": 59000454751844,
    "dateTime": {
      "date": {
        "year": 2019,
        "month": 10,
        "day": 14
      },
      "time": {
        "hour": 9,
        "minute": 45,
        "second": 30,
        "nano": 0
      }
    },
    "citySender": "Коломия",
    "cityRecipient": "Івано-Франківськ"
  },
  {
    "number": 59000454751845,
    "dateTime": {
      "date": {
        "year": 2019,
        "month": 10,
        "day": 14
      },
      "time": {
        "hour": 9,
        "minute": 45,
        "second": 10,
        "nano": 0
      }
    },
    "citySender": "Тернопіль",
    "cityRecipient": "Київ"
  },
  {
    "number": 59000454751846,
    "dateTime": {
      "date": {
        "year": 2019,
        "month": 10,
        "day": 14
      },
      "time": {
        "hour": 9,
        "minute": 44,
        "second": 59,
        "nano": 0
      }
    },
    "citySender": "Київ",
    "cityRecipient": "Київ"
  },
  {
    "number": 59000454751847,
    "dateTime": {
      "date": {
        "year": 2019,
        "month": 10,
        "day": 14
      },
      "time": {
        "hour": 9,
        "minute": 45,
        "second": 2,
        "nano": 0
      }
    },
    "citySender": "Рогатин",
    "cityRecipient": "Гайворон"
  },
  {
    "number": 59000454751848,
    "dateTime": {
      "date": {
        "year": 2019,
        "month": 10,
        "day": 14
      },
      "time": {
        "hour": 9,
        "minute": 45,
        "second": 46,
        "nano": 0
      }
    },
    "citySender": "Голованівськ",
    "cityRecipient": "Львів"
  },
  {
    "number": 59000454751849,
    "dateTime": {
      "date": {
        "year": 2019,
        "month": 10,
        "day": 14
      },
      "time": {
        "hour": 9,
        "minute": 45,
        "second": 6,
        "nano": 0
      }
    },
    "citySender": "Івано-Франківськ",
    "cityRecipient": "Харків"
  },
  {
    "number": 59000454751850,
    "dateTime": {
      "date": {
        "year": 2019,
        "month": 10,
        "day": 14
      },
      "time": {
        "hour": 9,
        "minute": 45,
        "second": 39,
        "nano": 0
      }
    },
    "citySender": "Канів",
    "cityRecipient": "Приазовське"
  },
  {
    "number": 59000454751851,
    "dateTime": {
      "date": {
        "year": 2019,
        "month": 10,
        "day": 14
      },
      "time": {
        "hour": 9,
        "minute": 45,
        "second": 18,
        "nano": 0
      }
    },
    "citySender": "Гребінка (Полтавська обл.)",
    "cityRecipient": "Львів"
  },
  {
    "number": 59000454751852,
    "dateTime": {
      "date": {
        "year": 2019,
        "month": 10,
        "day": 14
      },
      "time": {
        "hour": 9,
        "minute": 45,
        "second": 47,
        "nano": 0
      }
    },
    "citySender": "Київ",
    "cityRecipient": "Київ"
  },
  {
    "number": 59000454751853,
    "dateTime": {
      "date": {
        "year": 2019,
        "month": 10,
        "day": 14
      },
      "time": {
        "hour": 9,
        "minute": 44,
        "second": 49,
        "nano": 0
      }
    },
    "citySender": "Суми",
    "cityRecipient": "Вільнянськ"
  },
  {
    "number": 59000454751854,
    "dateTime": {
      "date": {
        "year": 2019,
        "month": 10,
        "day": 14
      },
      "time": {
        "hour": 9,
        "minute": 45,
        "second": 48,
        "nano": 0
      }
    },
    "citySender": "Великі Копані",
    "cityRecipient": "Херсон"
  },
  {
    "number": 59000454751855,
    "dateTime": {
      "date": {
        "year": 2019,
        "month": 10,
        "day": 14
      },
      "time": {
        "hour": 9,
        "minute": 44,
        "second": 19,
        "nano": 0
      }
    },
    "citySender": "Мала Олександрівка",
    "cityRecipient": "Бершадь"
  },
  {
    "number": 59000454751856,
    "dateTime": {
      "date": {
        "year": 2019,
        "month": 10,
        "day": 14
      },
      "time": {
        "hour": 9,
        "minute": 45,
        "second": 49,
        "nano": 0
      }
    },
    "citySender": "Запоріжжя",
    "cityRecipient": "Запоріжжя"
  },
  {
    "number": 59000454751857,
    "dateTime": {
      "date": {
        "year": 2019,
        "month": 10,
        "day": 14
      },
      "time": {
        "hour": 9,
        "minute": 45,
        "second": 19,
        "nano": 0
      }
    },
    "citySender": "Київ",
    "cityRecipient": "Чернівці"
  },
  {
    "number": 59000454751858,
    "dateTime": {
      "date": {
        "year": 2019,
        "month": 10,
        "day": 14
      },
      "time": {
        "hour": 9,
        "minute": 45,
        "second": 50,
        "nano": 0
      }
    },
    "citySender": "Київ",
    "cityRecipient": "Світловодськ"
  },
  {
    "number": 59000454751859,
    "dateTime": {
      "date": {
        "year": 2019,
        "month": 10,
        "day": 14
      },
      "time": {
        "hour": 9,
        "minute": 45,
        "second": 47,
        "nano": 0
      }
    },
    "citySender": "Щастя",
    "cityRecipient": "Львів"
  },
  {
    "number": 59000454751860,
    "dateTime": {
      "date": {
        "year": 2019,
        "month": 10,
        "day": 14
      },
      "time": {
        "hour": 9,
        "minute": 45,
        "second": 43,
        "nano": 0
      }
    },
    "citySender": "Володимир-Волинський",
    "cityRecipient": "Новий Розділ"
  },
  {
    "number": 59000454751861,
    "dateTime": {
      "date": {
        "year": 2019,
        "month": 10,
        "day": 14
      },
      "time": {
        "hour": 9,
        "minute": 45,
        "second": 51,
        "nano": 0
      }
    },
    "citySender": "Вінниця",
    "cityRecipient": "Вінниця"
  },
  {
    "number": 59000454751862,
    "dateTime": {
      "date": {
        "year": 2019,
        "month": 10,
        "day": 14
      },
      "time": {
        "hour": 9,
        "minute": 45,
        "second": 51,
        "nano": 0
      }
    },
    "citySender": "Жмеринка",
    "cityRecipient": "Вінниця"
  },
  {
    "number": 59000454751863,
    "dateTime": {
      "date": {
        "year": 2019,
        "month": 10,
        "day": 14
      },
      "time": {
        "hour": 9,
        "minute": 45,
        "second": 28,
        "nano": 0
      }
    },
    "citySender": "Нова Каховка",
    "cityRecipient": "Івано-Франківськ"
  },
  {
    "number": 59000454751864,
    "dateTime": {
      "date": {
        "year": 2019,
        "month": 10,
        "day": 14
      },
      "time": {
        "hour": 9,
        "minute": 45,
        "second": 51,
        "nano": 0
      }
    },
    "citySender": "Київ",
    "cityRecipient": "Київ"
  },
  {
    "number": 59000454751865,
    "dateTime": {
      "date": {
        "year": 2019,
        "month": 10,
        "day": 14
      },
      "time": {
        "hour": 9,
        "minute": 45,
        "second": 42,
        "nano": 0
      }
    },
    "citySender": "Костопіль",
    "cityRecipient": "Кам\u0027янське(Дніпропетровська обл)"
  },
  {
    "number": 59000454751866,
    "dateTime": {
      "date": {
        "year": 2019,
        "month": 10,
        "day": 14
      },
      "time": {
        "hour": 9,
        "minute": 45,
        "second": 51,
        "nano": 0
      }
    },
    "citySender": "Дніпро",
    "cityRecipient": "Київ"
  },
  {
    "number": 59000454751867,
    "dateTime": {
      "date": {
        "year": 2019,
        "month": 10,
        "day": 14
      },
      "time": {
        "hour": 9,
        "minute": 45,
        "second": 51,
        "nano": 0
      }
    },
    "citySender": "Оноківці (ст. Доманинці)",
    "cityRecipient": "Мукачево"
  },
  {
    "number": 59000454751868,
    "dateTime": {
      "date": {
        "year": 2019,
        "month": 10,
        "day": 14
      },
      "time": {
        "hour": 9,
        "minute": 44,
        "second": 58,
        "nano": 0
      }
    },
    "citySender": "Селещина",
    "cityRecipient": "Яготин"
  },
  {
    "number": 59000454751869,
    "dateTime": {
      "date": {
        "year": 2019,
        "month": 10,
        "day": 14
      },
      "time": {
        "hour": 9,
        "minute": 45,
        "second": 51,
        "nano": 0
      }
    },
    "citySender": "Житомир",
    "cityRecipient": "Житомир"
  },
  {
    "number": 59000454751870,
    "dateTime": {
      "date": {
        "year": 2019,
        "month": 10,
        "day": 14
      },
      "time": {
        "hour": 9,
        "minute": 45,
        "second": 52,
        "nano": 0
      }
    },
    "citySender": "Хмільник (Вінницька обл.)",
    "cityRecipient": "Вінниця"
  },
  {
    "number": 59000454751871,
    "dateTime": {
      "date": {
        "year": 2019,
        "month": 10,
        "day": 14
      },
      "time": {
        "hour": 9,
        "minute": 44,
        "second": 31,
        "nano": 0
      }
    },
    "citySender": "Ічня",
    "cityRecipient": "Керецьки"
  },
  {
    "number": 59000454751872,
    "dateTime": {
      "date": {
        "year": 2019,
        "month": 10,
        "day": 14
      },
      "time": {
        "hour": 9,
        "minute": 45,
        "second": 45,
        "nano": 0
      }
    },
    "citySender": "Кропивницький",
    "cityRecipient": "Херсон"
  },
  {
    "number": 59000454751873,
    "dateTime": {
      "date": {
        "year": 2019,
        "month": 10,
        "day": 14
      },
      "time": {
        "hour": 9,
        "minute": 45,
        "second": 51,
        "nano": 0
      }
    },
    "citySender": "Горонда",
    "cityRecipient": "Новомосковськ"
  },
  {
    "number": 59000454751874,
    "dateTime": {
      "date": {
        "year": 2019,
        "month": 10,
        "day": 14
      },
      "time": {
        "hour": 9,
        "minute": 45,
        "second": 6,
        "nano": 0
      }
    },
    "citySender": "Шегині",
    "cityRecipient": "Чернігів"
  },
  {
    "number": 59000454751875,
    "dateTime": {
      "date": {
        "year": 2019,
        "month": 10,
        "day": 14
      },
      "time": {
        "hour": 9,
        "minute": 45,
        "second": 53,
        "nano": 0
      }
    },
    "citySender": "Царичанка",
    "cityRecipient": "Дніпро"
  },
  {
    "number": 59000454751877,
    "dateTime": {
      "date": {
        "year": 2019,
        "month": 10,
        "day": 14
      },
      "time": {
        "hour": 9,
        "minute": 45,
        "second": 42,
        "nano": 0
      }
    },
    "citySender": "Бобринець",
    "cityRecipient": "Ірпінь"
  },
  {
    "number": 59000454751878,
    "dateTime": {
      "date": {
        "year": 2019,
        "month": 10,
        "day": 14
      },
      "time": {
        "hour": 9,
        "minute": 45,
        "second": 42,
        "nano": 0
      }
    },
    "citySender": "Рені",
    "cityRecipient": "Маріуполь"
  },
  {
    "number": 59000454751879,
    "dateTime": {
      "date": {
        "year": 2019,
        "month": 10,
        "day": 14
      },
      "time": {
        "hour": 9,
        "minute": 45,
        "second": 54,
        "nano": 0
      }
    },
    "citySender": "Миколаїв",
    "cityRecipient": "Новопсков"
  },
  {
    "number": 59000454751880,
    "dateTime": {
      "date": {
        "year": 2019,
        "month": 10,
        "day": 14
      },
      "time": {
        "hour": 9,
        "minute": 45,
        "second": 48,
        "nano": 0
      }
    },
    "citySender": "Мала Білозерка",
    "cityRecipient": "Запоріжжя"
  },
  {
    "number": 59000454751881,
    "dateTime": {
      "date": {
        "year": 2019,
        "month": 10,
        "day": 14
      },
      "time": {
        "hour": 9,
        "minute": 45,
        "second": 24,
        "nano": 0
      }
    },
    "citySender": "Бершадь",
    "cityRecipient": "Вінниця"
  },
  {
    "number": 59000454751882,
    "dateTime": {
      "date": {
        "year": 2019,
        "month": 10,
        "day": 14
      },
      "time": {
        "hour": 9,
        "minute": 45,
        "second": 55,
        "nano": 0
      }
    },
    "citySender": "Попільня",
    "cityRecipient": "Житомир"
  },
  {
    "number": 59000454751883,
    "dateTime": {
      "date": {
        "year": 2019,
        "month": 10,
        "day": 14
      },
      "time": {
        "hour": 9,
        "minute": 45,
        "second": 36,
        "nano": 0
      }
    },
    "citySender": "Чортків",
    "cityRecipient": "Київ"
  },
  {
    "number": 59000454751884,
    "dateTime": {
      "date": {
        "year": 2019,
        "month": 10,
        "day": 14
      },
      "time": {
        "hour": 9,
        "minute": 44,
        "second": 58,
        "nano": 0
      }
    },
    "citySender": "Чорнухи (Полтавська обл.)",
    "cityRecipient": "Нововолинськ"
  },
  {
    "number": 59000454751885,
    "dateTime": {
      "date": {
        "year": 2019,
        "month": 10,
        "day": 14
      },
      "time": {
        "hour": 9,
        "minute": 45,
        "second": 55,
        "nano": 0
      }
    },
    "citySender": "Київ",
    "cityRecipient": "Київ"
  },
  {
    "number": 59000454751886,
    "dateTime": {
      "date": {
        "year": 2019,
        "month": 10,
        "day": 14
      },
      "time": {
        "hour": 9,
        "minute": 45,
        "second": 55,
        "nano": 0
      }
    },
    "citySender": "Одеса",
    "cityRecipient": "Одеса"
  },
  {
    "number": 59000454751887,
    "dateTime": {
      "date": {
        "year": 2019,
        "month": 10,
        "day": 14
      },
      "time": {
        "hour": 9,
        "minute": 45,
        "second": 56,
        "nano": 0
      }
    },
    "citySender": "Святогірськ",
    "cityRecipient": "Львів"
  },
  {
    "number": 59000454751888,
    "dateTime": {
      "date": {
        "year": 2019,
        "month": 10,
        "day": 14
      },
      "time": {
        "hour": 9,
        "minute": 45,
        "second": 48,
        "nano": 0
      }
    },
    "citySender": "Біла Церква",
    "cityRecipient": "Харків"
  },
  {
    "number": 59000454751889,
    "dateTime": {
      "date": {
        "year": 2019,
        "month": 10,
        "day": 14
      },
      "time": {
        "hour": 9,
        "minute": 45,
        "second": 20,
        "nano": 0
      }
    },
    "citySender": "Велика Лепетиха",
    "cityRecipient": "Прилуки"
  },
  {
    "number": 59000454751890,
    "dateTime": {
      "date": {
        "year": 2019,
        "month": 10,
        "day": 14
      },
      "time": {
        "hour": 9,
        "minute": 45,
        "second": 40,
        "nano": 0
      }
    },
    "citySender": "Житомир",
    "cityRecipient": "Рівне"
  },
  {
    "number": 59000454751891,
    "dateTime": {
      "date": {
        "year": 2019,
        "month": 10,
        "day": 14
      },
      "time": {
        "hour": 9,
        "minute": 45,
        "second": 57,
        "nano": 0
      }
    },
    "citySender": "Устинівка",
    "cityRecipient": "Мелітополь"
  },
  {
    "number": 59000454751892,
    "dateTime": {
      "date": {
        "year": 2019,
        "month": 10,
        "day": 14
      },
      "time": {
        "hour": 9,
        "minute": 45,
        "second": 36,
        "nano": 0
      }
    },
    "citySender": "Київ",
    "cityRecipient": "Пирятин"
  },
  {
    "number": 59000454751893,
    "dateTime": {
      "date": {
        "year": 2019,
        "month": 10,
        "day": 14
      },
      "time": {
        "hour": 9,
        "minute": 45,
        "second": 58,
        "nano": 0
      }
    },
    "citySender": "Велика Знам\u0027янка",
    "cityRecipient": "Запоріжжя"
  },
  {
    "number": 59000454751894,
    "dateTime": {
      "date": {
        "year": 2019,
        "month": 10,
        "day": 14
      },
      "time": {
        "hour": 9,
        "minute": 45,
        "second": 37,
        "nano": 0
      }
    },
    "citySender": "Умань",
    "cityRecipient": "Томашпіль"
  },
  {
    "number": 59000454751895,
    "dateTime": {
      "date": {
        "year": 2019,
        "month": 10,
        "day": 14
      },
      "time": {
        "hour": 9,
        "minute": 45,
        "second": 59,
        "nano": 0
      }
    },
    "citySender": "Андріївка (Бердянський р-н)",
    "cityRecipient": "Маріуполь"
  },
  {
    "number": 59000454751896,
    "dateTime": {
      "date": {
        "year": 2019,
        "month": 10,
        "day": 14
      },
      "time": {
        "hour": 9,
        "minute": 45,
        "second": 36,
        "nano": 0
      }
    },
    "citySender": "Білопілля",
    "cityRecipient": "Харків"
  },
  {
    "number": 59000454751897,
    "dateTime": {
      "date": {
        "year": 2019,
        "month": 10,
        "day": 14
      },
      "time": {
        "hour": 9,
        "minute": 46,
        "second": 0,
        "nano": 0
      }
    },
    "citySender": "Сінгури",
    "cityRecipient": "Житомир"
  },
  {
    "number": 59000454751898,
    "dateTime": {
      "date": {
        "year": 2019,
        "month": 10,
        "day": 14
      },
      "time": {
        "hour": 9,
        "minute": 45,
        "second": 34,
        "nano": 0
      }
    },
    "citySender": "Добропілля",
    "cityRecipient": "Мирноград"
  },
  {
    "number": 59000454751899,
    "dateTime": {
      "date": {
        "year": 2019,
        "month": 10,
        "day": 14
      },
      "time": {
        "hour": 9,
        "minute": 46,
        "second": 0,
        "nano": 0
      }
    },
    "citySender": "Київ",
    "cityRecipient": "Київ"
  },
  {
    "number": 59000454751901,
    "dateTime": {
      "date": {
        "year": 2019,
        "month": 10,
        "day": 14
      },
      "time": {
        "hour": 9,
        "minute": 45,
        "second": 30,
        "nano": 0
      }
    },
    "citySender": "Харків",
    "cityRecipient": "Харків"
  },
  {
    "number": 59000454751902,
    "dateTime": {
      "date": {
        "year": 2019,
        "month": 10,
        "day": 14
      },
      "time": {
        "hour": 9,
        "minute": 45,
        "second": 48,
        "nano": 0
      }
    },
    "citySender": "Красилівка (Броварський р-н)",
    "cityRecipient": "Ковель"
  },
  {
    "number": 59000454751903,
    "dateTime": {
      "date": {
        "year": 2019,
        "month": 10,
        "day": 14
      },
      "time": {
        "hour": 9,
        "minute": 45,
        "second": 30,
        "nano": 0
      }
    },
    "citySender": "Прилуки",
    "cityRecipient": "Бердичів"
  },
  {
    "number": 59000454751904,
    "dateTime": {
      "date": {
        "year": 2019,
        "month": 10,
        "day": 14
      },
      "time": {
        "hour": 9,
        "minute": 46,
        "second": 1,
        "nano": 0
      }
    },
    "citySender": "Мар\u0027янське",
    "cityRecipient": "Кривий Ріг"
  },
  {
    "number": 59000454751905,
    "dateTime": {
      "date": {
        "year": 2019,
        "month": 10,
        "day": 14
      },
      "time": {
        "hour": 9,
        "minute": 45,
        "second": 30,
        "nano": 0
      }
    },
    "citySender": "Київ",
    "cityRecipient": "Київ"
  }
]