[
  {
    "number": 59000454769096,
    "dateTime": {
      "date": {
        "year": 2019,
        "month": 10,
        "day": 14
      },
      "time": {
        "hour": 11,
        "minute": 0,
        "second": 16,
        "nano": 0
      }
    },
    "citySender": "Дніпро",
    "cityRecipient": "Харків"
  },
  {
    "number": 59000454769097,
    "dateTime": {
      "date": {
        "year": 2019,
        "month": 10,
        "day": 14
      },
      "time": {
        "hour": 10,
        "minute": 58,
        "second": 40,
        "nano": 0
      }
    },
    "citySender": "Київ",
    "cityRecipient": "Маріуполь"
  },
  {
    "number": 59000454769098,
    "dateTime": {
      "date": {
        "year": 2019,
        "month": 10,
        "day": 14
      },
      "time": {
        "hour": 11,
        "minute": 0,
        "second": 22,
        "nano": 0
      }
    },
    "citySender": "Новотроїцьке (Херсонська обл.)",
    "cityRecipient": "Херсон"
  },
  {
    "number": 59000454769099,
    "dateTime": {
      "date": {
        "year": 2019,
        "month": 10,
        "day": 14
      },
      "time": {
        "hour": 11,
        "minute": 0,
        "second": 22,
        "nano": 0
      }
    },
    "citySender": "Чечельник",
    "cityRecipient": "Умань"
  },
  {
    "number": 59000454769100,
    "dateTime": {
      "date": {
        "year": 2019,
        "month": 10,
        "day": 14
      },
      "time": {
        "hour": 11,
        "minute": 0,
        "second": 20,
        "nano": 0
      }
    },
    "citySender": "Косів",
    "cityRecipient": "Київ"
  },
  {
    "number": 59000454769101,
    "dateTime": {
      "date": {
        "year": 2019,
        "month": 10,
        "day": 14
      },
      "time": {
        "hour": 11,
        "minute": 0,
        "second": 14,
        "nano": 0
      }
    },
    "citySender": "Луцьк",
    "cityRecipient": "Дніпро"
  },
  {
    "number": 59000454769103,
    "dateTime": {
      "date": {
        "year": 2019,
        "month": 10,
        "day": 14
      },
      "time": {
        "hour": 10,
        "minute": 59,
        "second": 52,
        "nano": 0
      }
    },
    "citySender": "Київ",
    "cityRecipient": "Полтава"
  },
  {
    "number": 59000454769106,
    "dateTime": {
      "date": {
        "year": 2019,
        "month": 10,
        "day": 14
      },
      "time": {
        "hour": 11,
        "minute": 0,
        "second": 19,
        "nano": 0
      }
    },
    "citySender": "Новомиргород",
    "cityRecipient": "Колоденка"
  },
  {
    "number": 59000454769107,
    "dateTime": {
      "date": {
        "year": 2019,
        "month": 10,
        "day": 14
      },
      "time": {
        "hour": 11,
        "minute": 0,
        "second": 24,
        "nano": 0
      }
    },
    "citySender": "Коростень",
    "cityRecipient": "Київ"
  },
  {
    "number": 59000454769108,
    "dateTime": {
      "date": {
        "year": 2019,
        "month": 10,
        "day": 14
      },
      "time": {
        "hour": 10,
        "minute": 59,
        "second": 2,
        "nano": 0
      }
    },
    "citySender": "Київ",
    "cityRecipient": "Чернівці"
  },
  {
    "number": 59000454769109,
    "dateTime": {
      "date": {
        "year": 2019,
        "month": 10,
        "day": 14
      },
      "time": {
        "hour": 11,
        "minute": 0,
        "second": 25,
        "nano": 0
      }
    },
    "citySender": "Вінниця",
    "cityRecipient": "Вінниця"
  },
  {
    "number": 59000454769110,
    "dateTime": {
      "date": {
        "year": 2019,
        "month": 10,
        "day": 14
      },
      "time": {
        "hour": 11,
        "minute": 0,
        "second": 9,
        "nano": 0
      }
    },
    "citySender": "Бровари",
    "cityRecipient": "Київ"
  },
  {
    "number": 59000454769111,
    "dateTime": {
      "date": {
        "year": 2019,
        "month": 10,
        "day": 14
      },
      "time": {
        "hour": 11,
        "minute": 0,
        "second": 23,
        "nano": 0
      }
    },
    "citySender": "Дніпро",
    "cityRecipient": "Новий Яричів"
  },
  {
    "number": 59000454769112,
    "dateTime": {
      "date": {
        "year": 2019,
        "month": 10,
        "day": 14
      },
      "time": {
        "hour": 11,
        "minute": 0,
        "second": 26,
        "nano": 0
      }
    },
    "citySender": "Полтава",
    "cityRecipient": "Полтава"
  },
  {
    "number": 59000454769113,
    "dateTime": {
      "date": {
        "year": 2019,
        "month": 10,
        "day": 14
      },
      "time": {
        "hour": 11,
        "minute": 0,
        "second": 26,
        "nano": 0
      }
    },
    "citySender": "Геронимівка",
    "cityRecipient": "Черкаси"
  },
  {
    "number": 59000454769114,
    "dateTime": {
      "date": {
        "year": 2019,
        "month": 10,
        "day": 14
      },
      "time": {
        "hour": 10,
        "minute": 59,
        "second": 32,
        "nano": 0
      }
    },
    "citySender": "Благовіщенське(Кіровоградська обл.)",
    "cityRecipient": "Перегонівка"
  },
  {
    "number": 59000454769115,
    "dateTime": {
      "date": {
        "year": 2019,
        "month": 10,
        "day": 14
      },
      "time": {
        "hour": 11,
        "minute": 0,
        "second": 21,
        "nano": 0
      }
    },
    "citySender": "Київ",
    "cityRecipient": "Одеса"
  },
  {
    "number": 59000454769116,
    "dateTime": {
      "date": {
        "year": 2019,
        "month": 10,
        "day": 14
      },
      "time": {
        "hour": 10,
        "minute": 58,
        "second": 17,
        "nano": 0
      }
    },
    "citySender": "Ірпінь",
    "cityRecipient": "Куп\u0027янськ"
  },
  {
    "number": 59000454769117,
    "dateTime": {
      "date": {
        "year": 2019,
        "month": 10,
        "day": 14
      },
      "time": {
        "hour": 11,
        "minute": 0,
        "second": 23,
        "nano": 0
      }
    },
    "citySender": "Київ",
    "cityRecipient": "Київ"
  },
  {
    "number": 59000454769118,
    "dateTime": {
      "date": {
        "year": 2019,
        "month": 10,
        "day": 14
      },
      "time": {
        "hour": 11,
        "minute": 0,
        "second": 26,
        "nano": 0
      }
    },
    "citySender": "Павлиш",
    "cityRecipient": "Одеса"
  },
  {
    "number": 59000454769119,
    "dateTime": {
      "date": {
        "year": 2019,
        "month": 10,
        "day": 14
      },
      "time": {
        "hour": 11,
        "minute": 0,
        "second": 11,
        "nano": 0
      }
    },
    "citySender": "Київ",
    "cityRecipient": "Королево"
  },
  {
    "number": 59000454769120,
    "dateTime": {
      "date": {
        "year": 2019,
        "month": 10,
        "day": 14
      },
      "time": {
        "hour": 11,
        "minute": 0,
        "second": 27,
        "nano": 0
      }
    },
    "citySender": "Звенигородка",
    "cityRecipient": "Черкаси"
  },
  {
    "number": 59000454769121,
    "dateTime": {
      "date": {
        "year": 2019,
        "month": 10,
        "day": 14
      },
      "time": {
        "hour": 11,
        "minute": 0,
        "second": 26,
        "nano": 0
      }
    },
    "citySender": "Одеса",
    "cityRecipient": "Болград (Одеська обл.)"
  },
  {
    "number": 59000454769122,
    "dateTime": {
      "date": {
        "year": 2019,
        "month": 10,
        "day": 14
      },
      "time": {
        "hour": 11,
        "minute": 0,
        "second": 24,
        "nano": 0
      }
    },
    "citySender": "Бровари",
    "cityRecipient": "Бровари"
  },
  {
    "number": 59000454769123,
    "dateTime": {
      "date": {
        "year": 2019,
        "month": 10,
        "day": 14
      },
      "time": {
        "hour": 10,
        "minute": 59,
        "second": 59,
        "nano": 0
      }
    },
    "citySender": "Одеса",
    "cityRecipient": "Бориспіль"
  },
  {
    "number": 59000454769124,
    "dateTime": {
      "date": {
        "year": 2019,
        "month": 10,
        "day": 14
      },
      "time": {
        "hour": 11,
        "minute": 0,
        "second": 27,
        "nano": 0
      }
    },
    "citySender": "Мізоч",
    "cityRecipient": "Харків"
  },
  {
    "number": 59000454769125,
    "dateTime": {
      "date": {
        "year": 2019,
        "month": 10,
        "day": 14
      },
      "time": {
        "hour": 10,
        "minute": 59,
        "second": 50,
        "nano": 0
      }
    },
    "citySender": "Кам\u0027янське(Дніпропетровська обл)",
    "cityRecipient": "Запоріжжя"
  },
  {
    "number": 59000454769126,
    "dateTime": {
      "date": {
        "year": 2019,
        "month": 10,
        "day": 14
      },
      "time": {
        "hour": 11,
        "minute": 0,
        "second": 16,
        "nano": 0
      }
    },
    "citySender": "Київ",
    "cityRecipient": "Харків"
  },
  {
    "number": 59000454769127,
    "dateTime": {
      "date": {
        "year": 2019,
        "month": 10,
        "day": 14
      },
      "time": {
        "hour": 11,
        "minute": 0,
        "second": 24,
        "nano": 0
      }
    },
    "citySender": "Чорний Острів",
    "cityRecipient": "Одеса"
  },
  {
    "number": 59000454769128,
    "dateTime": {
      "date": {
        "year": 2019,
        "month": 10,
        "day": 14
      },
      "time": {
        "hour": 11,
        "minute": 0,
        "second": 18,
        "nano": 0
      }
    },
    "citySender": "Харків",
    "cityRecipient": "Бровари"
  },
  {
    "number": 59000454769129,
    "dateTime": {
      "date": {
        "year": 2019,
        "month": 10,
        "day": 14
      },
      "time": {
        "hour": 11,
        "minute": 0,
        "second": 23,
        "nano": 0
      }
    },
    "citySender": "Бердянськ",
    "cityRecipient": "Кременчук"
  },
  {
    "number": 59000454769130,
    "dateTime": {
      "date": {
        "year": 2019,
        "month": 10,
        "day": 14
      },
      "time": {
        "hour": 11,
        "minute": 0,
        "second": 27,
        "nano": 0
      }
    },
    "citySender": "Черкаське",
    "cityRecipient": "Харків"
  },
  {
    "number": 59000454769131,
    "dateTime": {
      "date": {
        "year": 2019,
        "month": 10,
        "day": 14
      },
      "time": {
        "hour": 10,
        "minute": 59,
        "second": 21,
        "nano": 0
      }
    },
    "citySender": "Сторожинець",
    "cityRecipient": "Волноваха"
  },
  {
    "number": 59000454769132,
    "dateTime": {
      "date": {
        "year": 2019,
        "month": 10,
        "day": 14
      },
      "time": {
        "hour": 11,
        "minute": 0,
        "second": 24,
        "nano": 0
      }
    },
    "citySender": "Ніжин",
    "cityRecipient": "Бровари"
  },
  {
    "number": 59000454769133,
    "dateTime": {
      "date": {
        "year": 2019,
        "month": 10,
        "day": 14
      },
      "time": {
        "hour": 10,
        "minute": 59,
        "second": 46,
        "nano": 0
      }
    },
    "citySender": "Київ",
    "cityRecipient": "Вінниця"
  },
  {
    "number": 59000454769134,
    "dateTime": {
      "date": {
        "year": 2019,
        "month": 10,
        "day": 14
      },
      "time": {
        "hour": 11,
        "minute": 0,
        "second": 25,
        "nano": 0
      }
    },
    "citySender": "Бориспіль",
    "cityRecipient": "Бориспіль"
  },
  {
    "number": 59000454769135,
    "dateTime": {
      "date": {
        "year": 2019,
        "month": 10,
        "day": 14
      },
      "time": {
        "hour": 11,
        "minute": 0,
        "second": 30,
        "nano": 0
      }
    },
    "citySender": "Тернопіль",
    "cityRecipient": "Тернопіль"
  },
  {
    "number": 59000454769136,
    "dateTime": {
      "date": {
        "year": 2019,
        "month": 10,
        "day": 14
      },
      "time": {
        "hour": 11,
        "minute": 0,
        "second": 13,
        "nano": 0
      }
    },
    "citySender": "Яремче",
    "cityRecipient": "Київ"
  },
  {
    "number": 59000454769137,
    "dateTime": {
      "date": {
        "year": 2019,
        "month": 10,
        "day": 14
      },
      "time": {
        "hour": 11,
        "minute": 0,
        "second": 20,
        "nano": 0
      }
    },
    "citySender": "Кам\u0027янське(Дніпропетровська обл)",
    "cityRecipient": "Васильків"
  },
  {
    "number": 59000454769138,
    "dateTime": {
      "date": {
        "year": 2019,
        "month": 10,
        "day": 14
      },
      "time": {
        "hour": 10,
        "minute": 59,
        "second": 41,
        "nano": 0
      }
    },
    "citySender": "Вінниця",
    "cityRecipient": "Миколаїв"
  },
  {
    "number": 59000454769139,
    "dateTime": {
      "date": {
        "year": 2019,
        "month": 10,
        "day": 14
      },
      "time": {
        "hour": 11,
        "minute": 0,
        "second": 11,
        "nano": 0
      }
    },
    "citySender": "Хмельницький",
    "cityRecipient": "Бровари"
  },
  {
    "number": 59000454769140,
    "dateTime": {
      "date": {
        "year": 2019,
        "month": 10,
        "day": 14
      },
      "time": {
        "hour": 11,
        "minute": 0,
        "second": 30,
        "nano": 0
      }
    },
    "citySender": "Київ",
    "cityRecipient": "Станиця Луганська"
  },
  {
    "number": 59000454769141,
    "dateTime": {
      "date": {
        "year": 2019,
        "month": 10,
        "day": 14
      },
      "time": {
        "hour": 10,
        "minute": 59,
        "second": 52,
        "nano": 0
      }
    },
    "citySender": "Первомайський (Харківська обл.)",
    "cityRecipient": "Київ"
  },
  {
    "number": 59000454769142,
    "dateTime": {
      "date": {
        "year": 2019,
        "month": 10,
        "day": 14
      },
      "time": {
        "hour": 11,
        "minute": 0,
        "second": 23,
        "nano": 0
      }
    },
    "citySender": "Київ",
    "cityRecipient": "Іза"
  },
  {
    "number": 59000454769143,
    "dateTime": {
      "date": {
        "year": 2019,
        "month": 10,
        "day": 14
      },
      "time": {
        "hour": 10,
        "minute": 57,
        "second": 24,
        "nano": 0
      }
    },
    "citySender": "Львів",
    "cityRecipient": "Київ"
  },
  {
    "number": 59000454769144,
    "dateTime": {
      "date": {
        "year": 2019,
        "month": 10,
        "day": 14
      },
      "time": {
        "hour": 11,
        "minute": 0,
        "second": 6,
        "nano": 0
      }
    },
    "citySender": "Київ",
    "cityRecipient": "Житомир"
  },
  {
    "number": 59000454769145,
    "dateTime": {
      "date": {
        "year": 2019,
        "month": 10,
        "day": 14
      },
      "time": {
        "hour": 11,
        "minute": 0,
        "second": 31,
        "nano": 0
      }
    },
    "citySender": "Чернівці",
    "cityRecipient": "Чернівці"
  },
  {
    "number": 59000454769146,
    "dateTime": {
      "date": {
        "year": 2019,
        "month": 10,
        "day": 14
      },
      "time": {
        "hour": 10,
        "minute": 59,
        "second": 58,
        "nano": 0
      }
    },
    "citySender": "Кам\u0027янське(Дніпропетровська обл)",
    "cityRecipient": "Кринички"
  },
  {
    "number": 59000454769147,
    "dateTime": {
      "date": {
        "year": 2019,
        "month": 10,
        "day": 14
      },
      "time": {
        "hour": 11,
        "minute": 0,
        "second": 16,
        "nano": 0
      }
    },
    "citySender": "Стоянка",
    "cityRecipient": "Харків"
  },
  {
    "number": 59000454769148,
    "dateTime": {
      "date": {
        "year": 2019,
        "month": 10,
        "day": 14
      },
      "time": {
        "hour": 11,
        "minute": 0,
        "second": 32,
        "nano": 0
      }
    },
    "citySender": "Київ",
    "cityRecipient": "Київ"
  },
  {
    "number": 59000454769149,
    "dateTime": {
      "date": {
        "year": 2019,
        "month": 10,
        "day": 14
      },
      "time": {
        "hour": 11,
        "minute": 0,
        "second": 32,
        "nano": 0
      }
    },
    "citySender": "Стрий",
    "cityRecipient": "Жашків"
  },
  {
    "number": 59000454769150,
    "dateTime": {
      "date": {
        "year": 2019,
        "month": 10,
        "day": 14
      },
      "time": {
        "hour": 11,
        "minute": 0,
        "second": 20,
        "nano": 0
      }
    },
    "citySender": "Одеса",
    "cityRecipient": "Херсон"
  },
  {
    "number": 59000454769151,
    "dateTime": {
      "date": {
        "year": 2019,
        "month": 10,
        "day": 14
      },
      "time": {
        "hour": 11,
        "minute": 0,
        "second": 33,
        "nano": 0
      }
    },
    "citySender": "Харків",
    "cityRecipient": "Харків"
  },
  {
    "number": 59000454769153,
    "dateTime": {
      "date": {
        "year": 2019,
        "month": 10,
        "day": 14
      },
      "time": {
        "hour": 11,
        "minute": 0,
        "second": 33,
        "nano": 0
      }
    },
    "citySender": "Калинівка (Вінницька обл., Калинівський р-н)",
    "cityRecipient": "Вінниця"
  },
  {
    "number": 59000454769154,
    "dateTime": {
      "date": {
        "year": 2019,
        "month": 10,
        "day": 14
      },
      "time": {
        "hour": 11,
        "minute": 0,
        "second": 34,
        "nano": 0
      }
    },
    "citySender": "Київ",
    "cityRecipient": "Київ"
  },
  {
    "number": 59000454769155,
    "dateTime": {
      "date": {
        "year": 2019,
        "month": 10,
        "day": 14
      },
      "time": {
        "hour": 11,
        "minute": 0,
        "second": 23,
        "nano": 0
      }
    },
    "citySender": "Львів",
    "cityRecipient": "Балаклія (Харківська обл.)"
  },
  {
    "number": 59000454769156,
    "dateTime": {
      "date": {
        "year": 2019,
        "month": 10,
        "day": 14
      },
      "time": {
        "hour": 10,
        "minute": 59,
        "second": 27,
        "nano": 0
      }
    },
    "citySender": "Херсон",
    "cityRecipient": "Деражня"
  },
  {
    "number": 59000454769157,
    "dateTime": {
      "date": {
        "year": 2019,
        "month": 10,
        "day": 14
      },
      "time": {
        "hour": 11,
        "minute": 0,
        "second": 34,
        "nano": 0
      }
    },
    "citySender": "Київ",
    "cityRecipient": "Київ"
  },
  {
    "number": 59000454769158,
    "dateTime": {
      "date": {
        "year": 2019,
        "month": 10,
        "day": 14
      },
      "time": {
        "hour": 10,
        "minute": 59,
        "second": 48,
        "nano": 0
      }
    },
    "citySender": "Дружківка",
    "cityRecipient": "Кам\u0027янець-Подільський"
  },
  {
    "number": 59000454769159,
    "dateTime": {
      "date": {
        "year": 2019,
        "month": 10,
        "day": 14
      },
      "time": {
        "hour": 11,
        "minute": 0,
        "second": 35,
        "nano": 0
      }
    },
    "citySender": "Копайгород",
    "cityRecipient": "Вінниця"
  },
  {
    "number": 59000454769160,
    "dateTime": {
      "date": {
        "year": 2019,
        "month": 10,
        "day": 14
      },
      "time": {
        "hour": 11,
        "minute": 0,
        "second": 27,
        "nano": 0
      }
    },
    "citySender": "Трускавець",
    "cityRecipient": "Київ"
  },
  {
    "number": 59000454769161,
    "dateTime": {
      "date": {
        "year": 2019,
        "month": 10,
        "day": 14
      },
      "time": {
        "hour": 11,
        "minute": 0,
        "second": 35,
        "nano": 0
      }
    },
    "citySender": "Черкаси",
    "cityRecipient": "Черкаси"
  },
  {
    "number": 59000454769162,
    "dateTime": {
      "date": {
        "year": 2019,
        "month": 10,
        "day": 14
      },
      "time": {
        "hour": 10,
        "minute": 59,
        "second": 55,
        "nano": 0
      }
    },
    "citySender": "Ужгород",
    "cityRecipient": "Старокостянтинів"
  },
  {
    "number": 59000454769163,
    "dateTime": {
      "date": {
        "year": 2019,
        "month": 10,
        "day": 14
      },
      "time": {
        "hour": 11,
        "minute": 0,
        "second": 17,
        "nano": 0
      }
    },
    "citySender": "Волноваха",
    "cityRecipient": "Коцюбинське"
  },
  {
    "number": 59000454769164,
    "dateTime": {
      "date": {
        "year": 2019,
        "month": 10,
        "day": 14
      },
      "time": {
        "hour": 11,
        "minute": 0,
        "second": 11,
        "nano": 0
      }
    },
    "citySender": "Кривий Ріг",
    "cityRecipient": "Славута"
  },
  {
    "number": 59000454769165,
    "dateTime": {
      "date": {
        "year": 2019,
        "month": 10,
        "day": 14
      },
      "time": {
        "hour": 11,
        "minute": 0,
        "second": 8,
        "nano": 0
      }
    },
    "citySender": "Дніпро",
    "cityRecipient": "Дрогобич"
  },
  {
    "number": 59000454769166,
    "dateTime": {
      "date": {
        "year": 2019,
        "month": 10,
        "day": 14
      },
      "time": {
        "hour": 10,
        "minute": 59,
        "second": 57,
        "nano": 0
      }
    },
    "citySender": "Ланчин",
    "cityRecipient": "Івано-Франківськ"
  },
  {
    "number": 59000454769167,
    "dateTime": {
      "date": {
        "year": 2019,
        "month": 10,
        "day": 14
      },
      "time": {
        "hour": 10,
        "minute": 59,
        "second": 46,
        "nano": 0
      }
    },
    "citySender": "Одеса",
    "cityRecipient": "Харків"
  },
  {
    "number": 59000454769168,
    "dateTime": {
      "date": {
        "year": 2019,
        "month": 10,
        "day": 14
      },
      "time": {
        "hour": 11,
        "minute": 0,
        "second": 9,
        "nano": 0
      }
    },
    "citySender": "Великі Копані",
    "cityRecipient": "Харків"
  },
  {
    "number": 59000454769169,
    "dateTime": {
      "date": {
        "year": 2019,
        "month": 10,
        "day": 14
      },
      "time": {
        "hour": 11,
        "minute": 0,
        "second": 15,
        "nano": 0
      }
    },
    "citySender": "Бориспіль",
    "cityRecipient": "Ворохта"
  },
  {
    "number": 59000454769170,
    "dateTime": {
      "date": {
        "year": 2019,
        "month": 10,
        "day": 14
      },
      "time": {
        "hour": 11,
        "minute": 0,
        "second": 31,
        "nano": 0
      }
    },
    "citySender": "Кропивницький",
    "cityRecipient": "Львів"
  },
  {
    "number": 59000454769171,
    "dateTime": {
      "date": {
        "year": 2019,
        "month": 10,
        "day": 14
      },
      "time": {
        "hour": 10,
        "minute": 59,
        "second": 23,
        "nano": 0
      }
    },
    "citySender": "Одеса",
    "cityRecipient": "Київ"
  },
  {
    "number": 59000454769172,
    "dateTime": {
      "date": {
        "year": 2019,
        "month": 10,
        "day": 14
      },
      "time": {
        "hour": 11,
        "minute": 0,
        "second": 35,
        "nano": 0
      }
    },
    "citySender": "Одеса",
    "cityRecipient": "Опитне (Бахмутський р-н)"
  },
  {
    "number": 59000454769173,
    "dateTime": {
      "date": {
        "year": 2019,
        "month": 10,
        "day": 14
      },
      "time": {
        "hour": 11,
        "minute": 0,
        "second": 3,
        "nano": 0
      }
    },
    "citySender": "Київ",
    "cityRecipient": "Рівне"
  },
  {
    "number": 59000454769174,
    "dateTime": {
      "date": {
        "year": 2019,
        "month": 10,
        "day": 14
      },
      "time": {
        "hour": 11,
        "minute": 0,
        "second": 26,
        "nano": 0
      }
    },
    "citySender": "Ралівка",
    "cityRecipient": "Дніпро"
  },
  {
    "number": 59000454769175,
    "dateTime": {
      "date": {
        "year": 2019,
        "month": 10,
        "day": 14
      },
      "time": {
        "hour": 11,
        "minute": 0,
        "second": 33,
        "nano": 0
      }
    },
    "citySender": "Вишневе",
    "cityRecipient": "Київ"
  },
  {
    "number": 59000454769176,
    "dateTime": {
      "date": {
        "year": 2019,
        "month": 10,
        "day": 14
      },
      "time": {
        "hour": 11,
        "minute": 0,
        "second": 37,
        "nano": 0
      }
    },
    "citySender": "Дніпро",
    "cityRecipient": "Харків"
  },
  {
    "number": 59000454769177,
    "dateTime": {
      "date": {
        "year": 2019,
        "month": 10,
        "day": 14
      },
      "time": {
        "hour": 11,
        "minute": 0,
        "second": 27,
        "nano": 0
      }
    },
    "citySender": "Миколаїв",
    "cityRecipient": "Київ"
  },
  {
    "number": 59000454769178,
    "dateTime": {
      "date": {
        "year": 2019,
        "month": 10,
        "day": 14
      },
      "time": {
        "hour": 11,
        "minute": 0,
        "second": 37,
        "nano": 0
      }
    },
    "citySender": "Слов\u0027янськ",
    "cityRecipient": "Селидове"
  },
  {
    "number": 59000454769179,
    "dateTime": {
      "date": {
        "year": 2019,
        "month": 10,
        "day": 14
      },
      "time": {
        "hour": 11,
        "minute": 0,
        "second": 0,
        "nano": 0
      }
    },
    "citySender": "Моршин",
    "cityRecipient": "Львів"
  },
  {
    "number": 59000454769180,
    "dateTime": {
      "date": {
        "year": 2019,
        "month": 10,
        "day": 14
      },
      "time": {
        "hour": 11,
        "minute": 0,
        "second": 3,
        "nano": 0
      }
    },
    "citySender": "Мелітополь",
    "cityRecipient": "Миколаїв"
  },
  {
    "number": 59000454769182,
    "dateTime": {
      "date": {
        "year": 2019,
        "month": 10,
        "day": 14
      },
      "time": {
        "hour": 11,
        "minute": 0,
        "second": 26,
        "nano": 0
      }
    },
    "citySender": "Запоріжжя",
    "cityRecipient": "Львів"
  },
  {
    "number": 59000454769183,
    "dateTime": {
      "date": {
        "year": 2019,
        "month": 10,
        "day": 14
      },
      "time": {
        "hour": 11,
        "minute": 0,
        "second": 29,
        "nano": 0
      }
    },
    "citySender": "Київ",
    "cityRecipient": "Суми"
  },
  {
    "number": 59000454769184,
    "dateTime": {
      "date": {
        "year": 2019,
        "month": 10,
        "day": 14
      },
      "time": {
        "hour": 11,
        "minute": 0,
        "second": 24,
        "nano": 0
      }
    },
    "citySender": "Харків",
    "cityRecipient": "Кропивницький"
  },
  {
    "number": 59000454769185,
    "dateTime": {
      "date": {
        "year": 2019,
        "month": 10,
        "day": 14
      },
      "time": {
        "hour": 11,
        "minute": 0,
        "second": 39,
        "nano": 0
      }
    },
    "citySender": "Липовець",
    "cityRecipient": "Вінниця"
  },
  {
    "number": 59000454769187,
    "dateTime": {
      "date": {
        "year": 2019,
        "month": 10,
        "day": 14
      },
      "time": {
        "hour": 11,
        "minute": 0,
        "second": 39,
        "nano": 0
      }
    },
    "citySender": "Лисянка",
    "cityRecipient": "Черкаси"
  },
  {
    "number": 59000454769188,
    "dateTime": {
      "date": {
        "year": 2019,
        "month": 10,
        "day": 14
      },
      "time": {
        "hour": 11,
        "minute": 0,
        "second": 19,
        "nano": 0
      }
    },
    "citySender": "Харків",
    "cityRecipient": "Гірське"
  },
  {
    "number": 59000454769189,
    "dateTime": {
      "date": {
        "year": 2019,
        "month": 10,
        "day": 14
      },
      "time": {
        "hour": 11,
        "minute": 0,
        "second": 39,
        "nano": 0
      }
    },
    "citySender": "Київ",
    "cityRecipient": "Калуш"
  },
  {
    "number": 59000454769190,
    "dateTime": {
      "date": {
        "year": 2019,
        "month": 10,
        "day": 14
      },
      "time": {
        "hour": 11,
        "minute": 0,
        "second": 13,
        "nano": 0
      }
    },
    "citySender": "Вишгород",
    "cityRecipient": "Харків"
  },
  {
    "number": 59000454769192,
    "dateTime": {
      "date": {
        "year": 2019,
        "month": 10,
        "day": 14
      },
      "time": {
        "hour": 11,
        "minute": 0,
        "second": 29,
        "nano": 0
      }
    },
    "citySender": "Лубни",
    "cityRecipient": "Українка"
  },
  {
    "number": 59000454769193,
    "dateTime": {
      "date": {
        "year": 2019,
        "month": 10,
        "day": 14
      },
      "time": {
        "hour": 11,
        "minute": 0,
        "second": 24,
        "nano": 0
      }
    },
    "citySender": "Кучурган",
    "cityRecipient": "Умань"
  },
  {
    "number": 59000454769194,
    "dateTime": {
      "date": {
        "year": 2019,
        "month": 10,
        "day": 14
      },
      "time": {
        "hour": 11,
        "minute": 0,
        "second": 28,
        "nano": 0
      }
    },
    "citySender": "Дніпряни",
    "cityRecipient": "Ірпінь"
  },
  {
    "number": 59000454769195,
    "dateTime": {
      "date": {
        "year": 2019,
        "month": 10,
        "day": 14
      },
      "time": {
        "hour": 11,
        "minute": 0,
        "second": 25,
        "nano": 0
      }
    },
    "citySender": "Харків",
    "cityRecipient": "Кременчук"
  }
]