[
  {
    "number": 59000454742720,
    "dateTime": {
      "date": {
        "year": 2019,
        "month": 10,
        "day": 14
      },
      "time": {
        "hour": 8,
        "minute": 53,
        "second": 32,
        "nano": 0
      }
    },
    "citySender": "Вінниця",
    "cityRecipient": "Молодіжне"
  },
  {
    "number": 59000454742721,
    "dateTime": {
      "date": {
        "year": 2019,
        "month": 10,
        "day": 14
      },
      "time": {
        "hour": 8,
        "minute": 53,
        "second": 32,
        "nano": 0
      }
    },
    "citySender": "Іллінці",
    "cityRecipient": "Вінниця"
  },
  {
    "number": 59000454742722,
    "dateTime": {
      "date": {
        "year": 2019,
        "month": 10,
        "day": 14
      },
      "time": {
        "hour": 8,
        "minute": 53,
        "second": 27,
        "nano": 0
      }
    },
    "citySender": "Прилуки",
    "cityRecipient": "Київ"
  },
  {
    "number": 59000454742724,
    "dateTime": {
      "date": {
        "year": 2019,
        "month": 10,
        "day": 14
      },
      "time": {
        "hour": 8,
        "minute": 53,
        "second": 36,
        "nano": 0
      }
    },
    "citySender": "Хмельницький",
    "cityRecipient": "Дачне"
  },
  {
    "number": 59000454742725,
    "dateTime": {
      "date": {
        "year": 2019,
        "month": 10,
        "day": 14
      },
      "time": {
        "hour": 8,
        "minute": 53,
        "second": 38,
        "nano": 0
      }
    },
    "citySender": "Херсон",
    "cityRecipient": "Івано-Франківськ"
  },
  {
    "number": 59000454742726,
    "dateTime": {
      "date": {
        "year": 2019,
        "month": 10,
        "day": 14
      },
      "time": {
        "hour": 8,
        "minute": 52,
        "second": 43,
        "nano": 0
      }
    },
    "citySender": "Чернівці",
    "cityRecipient": "Калинівка (Вінницька обл., Калинівський р-н)"
  },
  {
    "number": 59000454742727,
    "dateTime": {
      "date": {
        "year": 2019,
        "month": 10,
        "day": 14
      },
      "time": {
        "hour": 8,
        "minute": 53,
        "second": 38,
        "nano": 0
      }
    },
    "citySender": "Берислав (Херсонська обл.)",
    "cityRecipient": "Київ"
  },
  {
    "number": 59000454742728,
    "dateTime": {
      "date": {
        "year": 2019,
        "month": 10,
        "day": 14
      },
      "time": {
        "hour": 8,
        "minute": 53,
        "second": 41,
        "nano": 0
      }
    },
    "citySender": "Іллінці",
    "cityRecipient": "Вінниця"
  },
  {
    "number": 59000454742729,
    "dateTime": {
      "date": {
        "year": 2019,
        "month": 10,
        "day": 14
      },
      "time": {
        "hour": 8,
        "minute": 53,
        "second": 42,
        "nano": 0
      }
    },
    "citySender": "Генічеськ",
    "cityRecipient": "Дніпро"
  },
  {
    "number": 59000454742730,
    "dateTime": {
      "date": {
        "year": 2019,
        "month": 10,
        "day": 14
      },
      "time": {
        "hour": 8,
        "minute": 53,
        "second": 25,
        "nano": 0
      }
    },
    "citySender": "Немирів (Львівська обл.)",
    "cityRecipient": "Вінниця"
  },
  {
    "number": 59000454742731,
    "dateTime": {
      "date": {
        "year": 2019,
        "month": 10,
        "day": 14
      },
      "time": {
        "hour": 8,
        "minute": 53,
        "second": 44,
        "nano": 0
      }
    },
    "citySender": "Бар",
    "cityRecipient": "Вінниця"
  },
  {
    "number": 59000454742732,
    "dateTime": {
      "date": {
        "year": 2019,
        "month": 10,
        "day": 14
      },
      "time": {
        "hour": 8,
        "minute": 53,
        "second": 25,
        "nano": 0
      }
    },
    "citySender": "Баранинці (Закарпатська обл.)",
    "cityRecipient": "Іршава"
  },
  {
    "number": 59000454742733,
    "dateTime": {
      "date": {
        "year": 2019,
        "month": 10,
        "day": 14
      },
      "time": {
        "hour": 8,
        "minute": 53,
        "second": 41,
        "nano": 0
      }
    },
    "citySender": "Кам\u0027янське(Дніпропетровська обл)",
    "cityRecipient": "Дніпро"
  },
  {
    "number": 59000454742734,
    "dateTime": {
      "date": {
        "year": 2019,
        "month": 10,
        "day": 14
      },
      "time": {
        "hour": 8,
        "minute": 53,
        "second": 26,
        "nano": 0
      }
    },
    "citySender": "Чернівці",
    "cityRecipient": "Дніпро"
  },
  {
    "number": 59000454742736,
    "dateTime": {
      "date": {
        "year": 2019,
        "month": 10,
        "day": 14
      },
      "time": {
        "hour": 8,
        "minute": 52,
        "second": 50,
        "nano": 0
      }
    },
    "citySender": "Кривий Ріг",
    "cityRecipient": "Львів"
  },
  {
    "number": 59000454742737,
    "dateTime": {
      "date": {
        "year": 2019,
        "month": 10,
        "day": 14
      },
      "time": {
        "hour": 8,
        "minute": 53,
        "second": 47,
        "nano": 0
      }
    },
    "citySender": "Мала Перещепина",
    "cityRecipient": "Авангард"
  },
  {
    "number": 59000454742739,
    "dateTime": {
      "date": {
        "year": 2019,
        "month": 10,
        "day": 14
      },
      "time": {
        "hour": 8,
        "minute": 53,
        "second": 50,
        "nano": 0
      }
    },
    "citySender": "Турка",
    "cityRecipient": "Харків"
  },
  {
    "number": 59000454742740,
    "dateTime": {
      "date": {
        "year": 2019,
        "month": 10,
        "day": 14
      },
      "time": {
        "hour": 8,
        "minute": 53,
        "second": 41,
        "nano": 0
      }
    },
    "citySender": "Станиця Луганська",
    "cityRecipient": "Нікополь (Дніпропетровська обл.)"
  },
  {
    "number": 59000454742741,
    "dateTime": {
      "date": {
        "year": 2019,
        "month": 10,
        "day": 14
      },
      "time": {
        "hour": 8,
        "minute": 53,
        "second": 51,
        "nano": 0
      }
    },
    "citySender": "Вінниця",
    "cityRecipient": "Дачне"
  },
  {
    "number": 59000454742742,
    "dateTime": {
      "date": {
        "year": 2019,
        "month": 10,
        "day": 14
      },
      "time": {
        "hour": 8,
        "minute": 53,
        "second": 51,
        "nano": 0
      }
    },
    "citySender": "Яблунів",
    "cityRecipient": "Одеса"
  },
  {
    "number": 59000454742743,
    "dateTime": {
      "date": {
        "year": 2019,
        "month": 10,
        "day": 14
      },
      "time": {
        "hour": 8,
        "minute": 53,
        "second": 53,
        "nano": 0
      }
    },
    "citySender": "Верхньодніпровськ",
    "cityRecipient": "Дачне"
  },
  {
    "number": 59000454742744,
    "dateTime": {
      "date": {
        "year": 2019,
        "month": 10,
        "day": 14
      },
      "time": {
        "hour": 8,
        "minute": 53,
        "second": 53,
        "nano": 0
      }
    },
    "citySender": "Воскресенське (Миколаївська обл.)",
    "cityRecipient": "Миколаїв"
  },
  {
    "number": 59000454742745,
    "dateTime": {
      "date": {
        "year": 2019,
        "month": 10,
        "day": 14
      },
      "time": {
        "hour": 8,
        "minute": 53,
        "second": 35,
        "nano": 0
      }
    },
    "citySender": "Березне",
    "cityRecipient": "Полтава"
  },
  {
    "number": 59000454742746,
    "dateTime": {
      "date": {
        "year": 2019,
        "month": 10,
        "day": 14
      },
      "time": {
        "hour": 8,
        "minute": 53,
        "second": 46,
        "nano": 0
      }
    },
    "citySender": "Херсон",
    "cityRecipient": "Київ"
  },
  {
    "number": 59000454742747,
    "dateTime": {
      "date": {
        "year": 2019,
        "month": 10,
        "day": 14
      },
      "time": {
        "hour": 8,
        "minute": 53,
        "second": 54,
        "nano": 0
      }
    },
    "citySender": "Прилуки",
    "cityRecipient": "Буча"
  },
  {
    "number": 59000454742748,
    "dateTime": {
      "date": {
        "year": 2019,
        "month": 10,
        "day": 14
      },
      "time": {
        "hour": 8,
        "minute": 53,
        "second": 55,
        "nano": 0
      }
    },
    "citySender": "Покровськ (Донецька обл.)",
    "cityRecipient": "Дніпро"
  },
  {
    "number": 59000454742749,
    "dateTime": {
      "date": {
        "year": 2019,
        "month": 10,
        "day": 14
      },
      "time": {
        "hour": 8,
        "minute": 53,
        "second": 52,
        "nano": 0
      }
    },
    "citySender": "Херсон",
    "cityRecipient": "Київ"
  },
  {
    "number": 59000454742750,
    "dateTime": {
      "date": {
        "year": 2019,
        "month": 10,
        "day": 14
      },
      "time": {
        "hour": 8,
        "minute": 53,
        "second": 56,
        "nano": 0
      }
    },
    "citySender": "Кременчук",
    "cityRecipient": "Новомосковськ"
  },
  {
    "number": 59000454742751,
    "dateTime": {
      "date": {
        "year": 2019,
        "month": 10,
        "day": 14
      },
      "time": {
        "hour": 8,
        "minute": 53,
        "second": 58,
        "nano": 0
      }
    },
    "citySender": "Іллінці",
    "cityRecipient": "Вінниця"
  },
  {
    "number": 59000454742752,
    "dateTime": {
      "date": {
        "year": 2019,
        "month": 10,
        "day": 14
      },
      "time": {
        "hour": 8,
        "minute": 54,
        "second": 0,
        "nano": 0
      }
    },
    "citySender": "Хмельницький",
    "cityRecipient": "Одеса"
  },
  {
    "number": 59000454742753,
    "dateTime": {
      "date": {
        "year": 2019,
        "month": 10,
        "day": 14
      },
      "time": {
        "hour": 8,
        "minute": 53,
        "second": 58,
        "nano": 0
      }
    },
    "citySender": "Тернопіль",
    "cityRecipient": "Каховка"
  },
  {
    "number": 59000454742755,
    "dateTime": {
      "date": {
        "year": 2019,
        "month": 10,
        "day": 14
      },
      "time": {
        "hour": 8,
        "minute": 53,
        "second": 59,
        "nano": 0
      }
    },
    "citySender": "Немирів (Львівська обл.)",
    "cityRecipient": "Харків"
  },
  {
    "number": 59000454742757,
    "dateTime": {
      "date": {
        "year": 2019,
        "month": 10,
        "day": 14
      },
      "time": {
        "hour": 8,
        "minute": 54,
        "second": 5,
        "nano": 0
      }
    },
    "citySender": "Більмак (Запорізька обл.)",
    "cityRecipient": "Ужгород"
  },
  {
    "number": 59000454742758,
    "dateTime": {
      "date": {
        "year": 2019,
        "month": 10,
        "day": 14
      },
      "time": {
        "hour": 8,
        "minute": 54,
        "second": 6,
        "nano": 0
      }
    },
    "citySender": "Люботин",
    "cityRecipient": "Рожнятів"
  },
  {
    "number": 59000454742759,
    "dateTime": {
      "date": {
        "year": 2019,
        "month": 10,
        "day": 14
      },
      "time": {
        "hour": 8,
        "minute": 54,
        "second": 7,
        "nano": 0
      }
    },
    "citySender": "Благовіщенка (Кам\u0027янсько-Дніпровський р-н)",
    "cityRecipient": "Одеса"
  },
  {
    "number": 59000454742760,
    "dateTime": {
      "date": {
        "year": 2019,
        "month": 10,
        "day": 14
      },
      "time": {
        "hour": 8,
        "minute": 54,
        "second": 7,
        "nano": 0
      }
    },
    "citySender": "Новий Розділ",
    "cityRecipient": "Чернівці"
  },
  {
    "number": 59000454742761,
    "dateTime": {
      "date": {
        "year": 2019,
        "month": 10,
        "day": 14
      },
      "time": {
        "hour": 8,
        "minute": 54,
        "second": 7,
        "nano": 0
      }
    },
    "citySender": "Хмільник (Вінницька обл.)",
    "cityRecipient": "Вінниця"
  },
  {
    "number": 59000454742762,
    "dateTime": {
      "date": {
        "year": 2019,
        "month": 10,
        "day": 14
      },
      "time": {
        "hour": 8,
        "minute": 54,
        "second": 8,
        "nano": 0
      }
    },
    "citySender": "Чабани",
    "cityRecipient": "Київ"
  },
  {
    "number": 59000454742763,
    "dateTime": {
      "date": {
        "year": 2019,
        "month": 10,
        "day": 14
      },
      "time": {
        "hour": 8,
        "minute": 54,
        "second": 10,
        "nano": 0
      }
    },
    "citySender": "Кременчук",
    "cityRecipient": "Київ"
  },
  {
    "number": 59000454742764,
    "dateTime": {
      "date": {
        "year": 2019,
        "month": 10,
        "day": 14
      },
      "time": {
        "hour": 8,
        "minute": 53,
        "second": 59,
        "nano": 0
      }
    },
    "citySender": "Берислав (Херсонська обл.)",
    "cityRecipient": "Борислав (Львівська обл.)"
  },
  {
    "number": 59000454742765,
    "dateTime": {
      "date": {
        "year": 2019,
        "month": 10,
        "day": 14
      },
      "time": {
        "hour": 8,
        "minute": 54,
        "second": 7,
        "nano": 0
      }
    },
    "citySender": "Київ",
    "cityRecipient": "Київ"
  },
  {
    "number": 59000454742767,
    "dateTime": {
      "date": {
        "year": 2019,
        "month": 10,
        "day": 14
      },
      "time": {
        "hour": 8,
        "minute": 54,
        "second": 19,
        "nano": 0
      }
    },
    "citySender": "Житомир",
    "cityRecipient": "Житомир"
  },
  {
    "number": 59000454742768,
    "dateTime": {
      "date": {
        "year": 2019,
        "month": 10,
        "day": 14
      },
      "time": {
        "hour": 8,
        "minute": 54,
        "second": 20,
        "nano": 0
      }
    },
    "citySender": "Свалява",
    "cityRecipient": "Київ"
  },
  {
    "number": 59000454742769,
    "dateTime": {
      "date": {
        "year": 2019,
        "month": 10,
        "day": 14
      },
      "time": {
        "hour": 8,
        "minute": 54,
        "second": 13,
        "nano": 0
      }
    },
    "citySender": "Херсон",
    "cityRecipient": "Київ"
  },
  {
    "number": 59000454742770,
    "dateTime": {
      "date": {
        "year": 2019,
        "month": 10,
        "day": 14
      },
      "time": {
        "hour": 8,
        "minute": 54,
        "second": 24,
        "nano": 0
      }
    },
    "citySender": "Селидове",
    "cityRecipient": "Одеса"
  },
  {
    "number": 59000454742771,
    "dateTime": {
      "date": {
        "year": 2019,
        "month": 10,
        "day": 14
      },
      "time": {
        "hour": 8,
        "minute": 54,
        "second": 26,
        "nano": 0
      }
    },
    "citySender": "Фастів",
    "cityRecipient": "Київ"
  },
  {
    "number": 59000454742772,
    "dateTime": {
      "date": {
        "year": 2019,
        "month": 10,
        "day": 14
      },
      "time": {
        "hour": 8,
        "minute": 54,
        "second": 26,
        "nano": 0
      }
    },
    "citySender": "Берислав (Херсонська обл.)",
    "cityRecipient": "Львів"
  },
  {
    "number": 59000454742773,
    "dateTime": {
      "date": {
        "year": 2019,
        "month": 10,
        "day": 14
      },
      "time": {
        "hour": 8,
        "minute": 54,
        "second": 9,
        "nano": 0
      }
    },
    "citySender": "Чернівці",
    "cityRecipient": "Київ"
  },
  {
    "number": 59000454742774,
    "dateTime": {
      "date": {
        "year": 2019,
        "month": 10,
        "day": 14
      },
      "time": {
        "hour": 8,
        "minute": 54,
        "second": 27,
        "nano": 0
      }
    },
    "citySender": "Іллінці",
    "cityRecipient": "Вінниця"
  },
  {
    "number": 59000454742775,
    "dateTime": {
      "date": {
        "year": 2019,
        "month": 10,
        "day": 14
      },
      "time": {
        "hour": 8,
        "minute": 54,
        "second": 25,
        "nano": 0
      }
    },
    "citySender": "Херсон",
    "cityRecipient": "Київ"
  },
  {
    "number": 59000454742776,
    "dateTime": {
      "date": {
        "year": 2019,
        "month": 10,
        "day": 14
      },
      "time": {
        "hour": 8,
        "minute": 54,
        "second": 30,
        "nano": 0
      }
    },
    "citySender": "Покровськ (Донецька обл.)",
    "cityRecipient": "Дніпро"
  },
  {
    "number": 59000454742777,
    "dateTime": {
      "date": {
        "year": 2019,
        "month": 10,
        "day": 14
      },
      "time": {
        "hour": 8,
        "minute": 54,
        "second": 27,
        "nano": 0
      }
    },
    "citySender": "Пологи (Запорізька обл.)",
    "cityRecipient": "Бровари"
  },
  {
    "number": 59000454742779,
    "dateTime": {
      "date": {
        "year": 2019,
        "month": 10,
        "day": 14
      },
      "time": {
        "hour": 8,
        "minute": 54,
        "second": 32,
        "nano": 0
      }
    },
    "citySender": "Великі Копані",
    "cityRecipient": "Херсон"
  },
  {
    "number": 59000454742780,
    "dateTime": {
      "date": {
        "year": 2019,
        "month": 10,
        "day": 14
      },
      "time": {
        "hour": 8,
        "minute": 54,
        "second": 29,
        "nano": 0
      }
    },
    "citySender": "Тернопіль",
    "cityRecipient": "Ромни"
  },
  {
    "number": 59000454742781,
    "dateTime": {
      "date": {
        "year": 2019,
        "month": 10,
        "day": 14
      },
      "time": {
        "hour": 8,
        "minute": 54,
        "second": 36,
        "nano": 0
      }
    },
    "citySender": "Бар",
    "cityRecipient": "Вінниця"
  },
  {
    "number": 59000454742782,
    "dateTime": {
      "date": {
        "year": 2019,
        "month": 10,
        "day": 14
      },
      "time": {
        "hour": 8,
        "minute": 54,
        "second": 34,
        "nano": 0
      }
    },
    "citySender": "Братське",
    "cityRecipient": "Київ"
  },
  {
    "number": 59000454742783,
    "dateTime": {
      "date": {
        "year": 2019,
        "month": 10,
        "day": 14
      },
      "time": {
        "hour": 8,
        "minute": 54,
        "second": 39,
        "nano": 0
      }
    },
    "citySender": "Долина",
    "cityRecipient": "Івано-Франківськ"
  },
  {
    "number": 59000454742784,
    "dateTime": {
      "date": {
        "year": 2019,
        "month": 10,
        "day": 14
      },
      "time": {
        "hour": 8,
        "minute": 54,
        "second": 39,
        "nano": 0
      }
    },
    "citySender": "Новий Розділ",
    "cityRecipient": "Харків"
  },
  {
    "number": 59000454742785,
    "dateTime": {
      "date": {
        "year": 2019,
        "month": 10,
        "day": 14
      },
      "time": {
        "hour": 8,
        "minute": 54,
        "second": 36,
        "nano": 0
      }
    },
    "citySender": "Золочів (Львівська обл.)",
    "cityRecipient": "Нові Петрівці"
  },
  {
    "number": 59000454742786,
    "dateTime": {
      "date": {
        "year": 2019,
        "month": 10,
        "day": 14
      },
      "time": {
        "hour": 8,
        "minute": 54,
        "second": 42,
        "nano": 0
      }
    },
    "citySender": "Клугино-Башкирівка",
    "cityRecipient": "Макарів"
  },
  {
    "number": 59000454742787,
    "dateTime": {
      "date": {
        "year": 2019,
        "month": 10,
        "day": 14
      },
      "time": {
        "hour": 8,
        "minute": 54,
        "second": 43,
        "nano": 0
      }
    },
    "citySender": "Харків",
    "cityRecipient": "Харків"
  },
  {
    "number": 59000454742788,
    "dateTime": {
      "date": {
        "year": 2019,
        "month": 10,
        "day": 14
      },
      "time": {
        "hour": 8,
        "minute": 54,
        "second": 36,
        "nano": 0
      }
    },
    "citySender": "Херсон",
    "cityRecipient": "Київ"
  },
  {
    "number": 59000454742789,
    "dateTime": {
      "date": {
        "year": 2019,
        "month": 10,
        "day": 14
      },
      "time": {
        "hour": 8,
        "minute": 54,
        "second": 33,
        "nano": 0
      }
    },
    "citySender": "Київ",
    "cityRecipient": "Київ"
  },
  {
    "number": 59000454742790,
    "dateTime": {
      "date": {
        "year": 2019,
        "month": 10,
        "day": 14
      },
      "time": {
        "hour": 8,
        "minute": 54,
        "second": 45,
        "nano": 0
      }
    },
    "citySender": "Люботин",
    "cityRecipient": "Київ"
  },
  {
    "number": 59000454742791,
    "dateTime": {
      "date": {
        "year": 2019,
        "month": 10,
        "day": 14
      },
      "time": {
        "hour": 8,
        "minute": 54,
        "second": 47,
        "nano": 0
      }
    },
    "citySender": "Кременець",
    "cityRecipient": "Тернопіль"
  },
  {
    "number": 59000454742792,
    "dateTime": {
      "date": {
        "year": 2019,
        "month": 10,
        "day": 14
      },
      "time": {
        "hour": 8,
        "minute": 54,
        "second": 49,
        "nano": 0
      }
    },
    "citySender": "Костянтинівка (Донецька обл.)",
    "cityRecipient": "Чернівці"
  },
  {
    "number": 59000454742793,
    "dateTime": {
      "date": {
        "year": 2019,
        "month": 10,
        "day": 14
      },
      "time": {
        "hour": 8,
        "minute": 54,
        "second": 49,
        "nano": 0
      }
    },
    "citySender": "Одеса",
    "cityRecipient": "Київ"
  },
  {
    "number": 59000454742794,
    "dateTime": {
      "date": {
        "year": 2019,
        "month": 10,
        "day": 14
      },
      "time": {
        "hour": 8,
        "minute": 54,
        "second": 38,
        "nano": 0
      }
    },
    "citySender": "Кегичівка",
    "cityRecipient": "Краматорськ"
  },
  {
    "number": 59000454742795,
    "dateTime": {
      "date": {
        "year": 2019,
        "month": 10,
        "day": 14
      },
      "time": {
        "hour": 8,
        "minute": 54,
        "second": 50,
        "nano": 0
      }
    },
    "citySender": "Миколаїв",
    "cityRecipient": "Київ"
  },
  {
    "number": 59000454742796,
    "dateTime": {
      "date": {
        "year": 2019,
        "month": 10,
        "day": 14
      },
      "time": {
        "hour": 8,
        "minute": 54,
        "second": 52,
        "nano": 0
      }
    },
    "citySender": "Іллінці",
    "cityRecipient": "Вінниця"
  },
  {
    "number": 59000454742797,
    "dateTime": {
      "date": {
        "year": 2019,
        "month": 10,
        "day": 14
      },
      "time": {
        "hour": 8,
        "minute": 54,
        "second": 41,
        "nano": 0
      }
    },
    "citySender": "Підгорівка",
    "cityRecipient": "Гайворон"
  },
  {
    "number": 59000454742798,
    "dateTime": {
      "date": {
        "year": 2019,
        "month": 10,
        "day": 14
      },
      "time": {
        "hour": 8,
        "minute": 54,
        "second": 58,
        "nano": 0
      }
    },
    "citySender": "Роздільна (Одеська обл.)",
    "cityRecipient": "Одеса"
  },
  {
    "number": 59000454742799,
    "dateTime": {
      "date": {
        "year": 2019,
        "month": 10,
        "day": 14
      },
      "time": {
        "hour": 8,
        "minute": 54,
        "second": 53,
        "nano": 0
      }
    },
    "citySender": "Золочів (Львівська обл.)",
    "cityRecipient": "Кирнасівка"
  },
  {
    "number": 59000454742800,
    "dateTime": {
      "date": {
        "year": 2019,
        "month": 10,
        "day": 14
      },
      "time": {
        "hour": 8,
        "minute": 54,
        "second": 58,
        "nano": 0
      }
    },
    "citySender": "Гора (Бориспільський р-н., Київська обл.)",
    "cityRecipient": "Кропивницький"
  },
  {
    "number": 59000454742801,
    "dateTime": {
      "date": {
        "year": 2019,
        "month": 10,
        "day": 14
      },
      "time": {
        "hour": 8,
        "minute": 54,
        "second": 58,
        "nano": 0
      }
    },
    "citySender": "Ходорів",
    "cityRecipient": "Первомайськ(Микол.обл.Первомайс.р-н)"
  },
  {
    "number": 59000454742802,
    "dateTime": {
      "date": {
        "year": 2019,
        "month": 10,
        "day": 14
      },
      "time": {
        "hour": 8,
        "minute": 55,
        "second": 4,
        "nano": 0
      }
    },
    "citySender": "Селидове",
    "cityRecipient": "Харків"
  },
  {
    "number": 59000454742803,
    "dateTime": {
      "date": {
        "year": 2019,
        "month": 10,
        "day": 14
      },
      "time": {
        "hour": 8,
        "minute": 54,
        "second": 25,
        "nano": 0
      }
    },
    "citySender": "Велика Лепетиха",
    "cityRecipient": "Запоріжжя"
  },
  {
    "number": 59000454742804,
    "dateTime": {
      "date": {
        "year": 2019,
        "month": 10,
        "day": 14
      },
      "time": {
        "hour": 8,
        "minute": 55,
        "second": 5,
        "nano": 0
      }
    },
    "citySender": "Миколаїв",
    "cityRecipient": "Васильків"
  },
  {
    "number": 59000454742805,
    "dateTime": {
      "date": {
        "year": 2019,
        "month": 10,
        "day": 14
      },
      "time": {
        "hour": 8,
        "minute": 55,
        "second": 1,
        "nano": 0
      }
    },
    "citySender": "Великі Гаї",
    "cityRecipient": "Київ"
  },
  {
    "number": 59000454742806,
    "dateTime": {
      "date": {
        "year": 2019,
        "month": 10,
        "day": 14
      },
      "time": {
        "hour": 8,
        "minute": 54,
        "second": 46,
        "nano": 0
      }
    },
    "citySender": "Балта",
    "cityRecipient": "Херсон"
  },
  {
    "number": 59000454742807,
    "dateTime": {
      "date": {
        "year": 2019,
        "month": 10,
        "day": 14
      },
      "time": {
        "hour": 8,
        "minute": 54,
        "second": 46,
        "nano": 0
      }
    },
    "citySender": "Херсон",
    "cityRecipient": "Київ"
  },
  {
    "number": 59000454742808,
    "dateTime": {
      "date": {
        "year": 2019,
        "month": 10,
        "day": 14
      },
      "time": {
        "hour": 8,
        "minute": 55,
        "second": 7,
        "nano": 0
      }
    },
    "citySender": "Бар",
    "cityRecipient": "Вінниця"
  },
  {
    "number": 59000454742809,
    "dateTime": {
      "date": {
        "year": 2019,
        "month": 10,
        "day": 14
      },
      "time": {
        "hour": 8,
        "minute": 55,
        "second": 3,
        "nano": 0
      }
    },
    "citySender": "Берегове",
    "cityRecipient": "Одеса"
  },
  {
    "number": 59000454742810,
    "dateTime": {
      "date": {
        "year": 2019,
        "month": 10,
        "day": 14
      },
      "time": {
        "hour": 8,
        "minute": 55,
        "second": 7,
        "nano": 0
      }
    },
    "citySender": "Горностаївка",
    "cityRecipient": "Хмельницький"
  },
  {
    "number": 59000454742811,
    "dateTime": {
      "date": {
        "year": 2019,
        "month": 10,
        "day": 14
      },
      "time": {
        "hour": 8,
        "minute": 55,
        "second": 8,
        "nano": 0
      }
    },
    "citySender": "Верхнє Водяне",
    "cityRecipient": "Таїрове"
  },
  {
    "number": 59000454742812,
    "dateTime": {
      "date": {
        "year": 2019,
        "month": 10,
        "day": 14
      },
      "time": {
        "hour": 8,
        "minute": 55,
        "second": 10,
        "nano": 0
      }
    },
    "citySender": "Борова (Київська обл.)",
    "cityRecipient": "Хмельницький"
  },
  {
    "number": 59000454742813,
    "dateTime": {
      "date": {
        "year": 2019,
        "month": 10,
        "day": 14
      },
      "time": {
        "hour": 8,
        "minute": 55,
        "second": 9,
        "nano": 0
      }
    },
    "citySender": "Тернопіль",
    "cityRecipient": "Кривий Ріг"
  },
  {
    "number": 59000454742814,
    "dateTime": {
      "date": {
        "year": 2019,
        "month": 10,
        "day": 14
      },
      "time": {
        "hour": 8,
        "minute": 55,
        "second": 2,
        "nano": 0
      }
    },
    "citySender": "Чернівці",
    "cityRecipient": "Дніпро"
  },
  {
    "number": 59000454742815,
    "dateTime": {
      "date": {
        "year": 2019,
        "month": 10,
        "day": 14
      },
      "time": {
        "hour": 8,
        "minute": 55,
        "second": 2,
        "nano": 0
      }
    },
    "citySender": "Миколаїв (Львівська обл., Радехівський р-н)",
    "cityRecipient": "Миколаїв (Львівська обл., Миколаївський р-н)"
  },
  {
    "number": 59000454742816,
    "dateTime": {
      "date": {
        "year": 2019,
        "month": 10,
        "day": 14
      },
      "time": {
        "hour": 8,
        "minute": 55,
        "second": 14,
        "nano": 0
      }
    },
    "citySender": "Миколаїв",
    "cityRecipient": "Київ"
  },
  {
    "number": 59000454742818,
    "dateTime": {
      "date": {
        "year": 2019,
        "month": 10,
        "day": 14
      },
      "time": {
        "hour": 8,
        "minute": 54,
        "second": 56,
        "nano": 0
      }
    },
    "citySender": "Чернівці",
    "cityRecipient": "Миколаїв"
  }
]