[
  {
    "number": 59000454778190,
    "dateTime": {
      "date": {
        "year": 2019,
        "month": 10,
        "day": 14
      },
      "time": {
        "hour": 11,
        "minute": 31,
        "second": 7,
        "nano": 0
      }
    },
    "citySender": "Лиман(Донецька обл)",
    "cityRecipient": "Київ"
  },
  {
    "number": 59000454778191,
    "dateTime": {
      "date": {
        "year": 2019,
        "month": 10,
        "day": 14
      },
      "time": {
        "hour": 11,
        "minute": 28,
        "second": 2,
        "nano": 0
      }
    },
    "citySender": "Семенівка(Полт.обл., Семенів.р-н)",
    "cityRecipient": "Пізники"
  },
  {
    "number": 59000454778192,
    "dateTime": {
      "date": {
        "year": 2019,
        "month": 10,
        "day": 14
      },
      "time": {
        "hour": 11,
        "minute": 31,
        "second": 4,
        "nano": 0
      }
    },
    "citySender": "Чернівці",
    "cityRecipient": "Полтава"
  },
  {
    "number": 59000454778193,
    "dateTime": {
      "date": {
        "year": 2019,
        "month": 10,
        "day": 14
      },
      "time": {
        "hour": 11,
        "minute": 30,
        "second": 6,
        "nano": 0
      }
    },
    "citySender": "Дніпро",
    "cityRecipient": "Рубіжне"
  },
  {
    "number": 59000454778194,
    "dateTime": {
      "date": {
        "year": 2019,
        "month": 10,
        "day": 14
      },
      "time": {
        "hour": 11,
        "minute": 31,
        "second": 10,
        "nano": 0
      }
    },
    "citySender": "Рокитне (Київська обл., Рокитнянський р-н)",
    "cityRecipient": "Рокитне (Рівненська обл., Рокитнівський р-н)"
  },
  {
    "number": 59000454778195,
    "dateTime": {
      "date": {
        "year": 2019,
        "month": 10,
        "day": 14
      },
      "time": {
        "hour": 11,
        "minute": 31,
        "second": 16,
        "nano": 0
      }
    },
    "citySender": "Білозерське (Донецька обл.)",
    "cityRecipient": "Дніпро"
  },
  {
    "number": 59000454778196,
    "dateTime": {
      "date": {
        "year": 2019,
        "month": 10,
        "day": 14
      },
      "time": {
        "hour": 11,
        "minute": 29,
        "second": 42,
        "nano": 0
      }
    },
    "citySender": "Карлівка",
    "cityRecipient": "Київ"
  },
  {
    "number": 59000454778197,
    "dateTime": {
      "date": {
        "year": 2019,
        "month": 10,
        "day": 14
      },
      "time": {
        "hour": 11,
        "minute": 31,
        "second": 5,
        "nano": 0
      }
    },
    "citySender": "Харків",
    "cityRecipient": "Тисмениця"
  },
  {
    "number": 59000454778198,
    "dateTime": {
      "date": {
        "year": 2019,
        "month": 10,
        "day": 14
      },
      "time": {
        "hour": 11,
        "minute": 31,
        "second": 16,
        "nano": 0
      }
    },
    "citySender": "Чернятин (Жмеринський р-н)",
    "cityRecipient": "Вінниця"
  },
  {
    "number": 59000454778199,
    "dateTime": {
      "date": {
        "year": 2019,
        "month": 10,
        "day": 14
      },
      "time": {
        "hour": 11,
        "minute": 30,
        "second": 44,
        "nano": 0
      }
    },
    "citySender": "Білолуцьк",
    "cityRecipient": "Біла Церква"
  },
  {
    "number": 59000454778200,
    "dateTime": {
      "date": {
        "year": 2019,
        "month": 10,
        "day": 14
      },
      "time": {
        "hour": 11,
        "minute": 30,
        "second": 57,
        "nano": 0
      }
    },
    "citySender": "Харків",
    "cityRecipient": "Гельмязів"
  },
  {
    "number": 59000454778201,
    "dateTime": {
      "date": {
        "year": 2019,
        "month": 10,
        "day": 14
      },
      "time": {
        "hour": 11,
        "minute": 31,
        "second": 6,
        "nano": 0
      }
    },
    "citySender": "Велика Копаня (Закарпатська обл.)",
    "cityRecipient": "Онуфріївка"
  },
  {
    "number": 59000454778202,
    "dateTime": {
      "date": {
        "year": 2019,
        "month": 10,
        "day": 14
      },
      "time": {
        "hour": 11,
        "minute": 31,
        "second": 12,
        "nano": 0
      }
    },
    "citySender": "Одеса",
    "cityRecipient": "Славутич"
  },
  {
    "number": 59000454778203,
    "dateTime": {
      "date": {
        "year": 2019,
        "month": 10,
        "day": 14
      },
      "time": {
        "hour": 11,
        "minute": 30,
        "second": 32,
        "nano": 0
      }
    },
    "citySender": "Мелітополь",
    "cityRecipient": "Чонгар(Херсонська обл.)"
  },
  {
    "number": 59000454778204,
    "dateTime": {
      "date": {
        "year": 2019,
        "month": 10,
        "day": 14
      },
      "time": {
        "hour": 11,
        "minute": 31,
        "second": 17,
        "nano": 0
      }
    },
    "citySender": "Запоріжжя",
    "cityRecipient": "Запоріжжя"
  },
  {
    "number": 59000454778205,
    "dateTime": {
      "date": {
        "year": 2019,
        "month": 10,
        "day": 14
      },
      "time": {
        "hour": 11,
        "minute": 31,
        "second": 17,
        "nano": 0
      }
    },
    "citySender": "Київ",
    "cityRecipient": "Київ"
  },
  {
    "number": 59000454778206,
    "dateTime": {
      "date": {
        "year": 2019,
        "month": 10,
        "day": 14
      },
      "time": {
        "hour": 11,
        "minute": 31,
        "second": 17,
        "nano": 0
      }
    },
    "citySender": "Одеса",
    "cityRecipient": "Одеса"
  },
  {
    "number": 59000454778207,
    "dateTime": {
      "date": {
        "year": 2019,
        "month": 10,
        "day": 14
      },
      "time": {
        "hour": 11,
        "minute": 31,
        "second": 7,
        "nano": 0
      }
    },
    "citySender": "Хмельницький",
    "cityRecipient": "Рівне"
  },
  {
    "number": 59000454778208,
    "dateTime": {
      "date": {
        "year": 2019,
        "month": 10,
        "day": 14
      },
      "time": {
        "hour": 11,
        "minute": 31,
        "second": 18,
        "nano": 0
      }
    },
    "citySender": "Київ",
    "cityRecipient": "Київ"
  },
  {
    "number": 59000454778209,
    "dateTime": {
      "date": {
        "year": 2019,
        "month": 10,
        "day": 14
      },
      "time": {
        "hour": 11,
        "minute": 30,
        "second": 47,
        "nano": 0
      }
    },
    "citySender": "Рівне",
    "cityRecipient": "Дослідне"
  },
  {
    "number": 59000454778210,
    "dateTime": {
      "date": {
        "year": 2019,
        "month": 10,
        "day": 14
      },
      "time": {
        "hour": 11,
        "minute": 30,
        "second": 38,
        "nano": 0
      }
    },
    "citySender": "Суми",
    "cityRecipient": "Харків"
  },
  {
    "number": 59000454778211,
    "dateTime": {
      "date": {
        "year": 2019,
        "month": 10,
        "day": 14
      },
      "time": {
        "hour": 11,
        "minute": 31,
        "second": 19,
        "nano": 0
      }
    },
    "citySender": "Докучаєвське",
    "cityRecipient": "Харків"
  },
  {
    "number": 59000454778212,
    "dateTime": {
      "date": {
        "year": 2019,
        "month": 10,
        "day": 14
      },
      "time": {
        "hour": 11,
        "minute": 30,
        "second": 43,
        "nano": 0
      }
    },
    "citySender": "Дніпро",
    "cityRecipient": "Дніпро"
  },
  {
    "number": 59000454778213,
    "dateTime": {
      "date": {
        "year": 2019,
        "month": 10,
        "day": 14
      },
      "time": {
        "hour": 11,
        "minute": 30,
        "second": 59,
        "nano": 0
      }
    },
    "citySender": "Київ",
    "cityRecipient": "Ужгород"
  },
  {
    "number": 59000454778214,
    "dateTime": {
      "date": {
        "year": 2019,
        "month": 10,
        "day": 14
      },
      "time": {
        "hour": 11,
        "minute": 31,
        "second": 19,
        "nano": 0
      }
    },
    "citySender": "Київ",
    "cityRecipient": "Київ"
  },
  {
    "number": 59000454778215,
    "dateTime": {
      "date": {
        "year": 2019,
        "month": 10,
        "day": 14
      },
      "time": {
        "hour": 11,
        "minute": 31,
        "second": 19,
        "nano": 0
      }
    },
    "citySender": "Вінниця",
    "cityRecipient": "Вінниця"
  },
  {
    "number": 59000454778216,
    "dateTime": {
      "date": {
        "year": 2019,
        "month": 10,
        "day": 14
      },
      "time": {
        "hour": 11,
        "minute": 31,
        "second": 20,
        "nano": 0
      }
    },
    "citySender": "Кобеляки",
    "cityRecipient": "Дніпро"
  },
  {
    "number": 59000454778217,
    "dateTime": {
      "date": {
        "year": 2019,
        "month": 10,
        "day": 14
      },
      "time": {
        "hour": 11,
        "minute": 31,
        "second": 13,
        "nano": 0
      }
    },
    "citySender": "Харків",
    "cityRecipient": "Гайсин"
  },
  {
    "number": 59000454778218,
    "dateTime": {
      "date": {
        "year": 2019,
        "month": 10,
        "day": 14
      },
      "time": {
        "hour": 11,
        "minute": 31,
        "second": 19,
        "nano": 0
      }
    },
    "citySender": "Луцьк",
    "cityRecipient": "Первомайський (Харківська обл.)"
  },
  {
    "number": 59000454778219,
    "dateTime": {
      "date": {
        "year": 2019,
        "month": 10,
        "day": 14
      },
      "time": {
        "hour": 11,
        "minute": 30,
        "second": 37,
        "nano": 0
      }
    },
    "citySender": "Ланчин",
    "cityRecipient": "Чернігів"
  },
  {
    "number": 59000454778220,
    "dateTime": {
      "date": {
        "year": 2019,
        "month": 10,
        "day": 14
      },
      "time": {
        "hour": 11,
        "minute": 30,
        "second": 34,
        "nano": 0
      }
    },
    "citySender": "Маріуполь",
    "cityRecipient": "Херсон"
  },
  {
    "number": 59000454778221,
    "dateTime": {
      "date": {
        "year": 2019,
        "month": 10,
        "day": 14
      },
      "time": {
        "hour": 11,
        "minute": 30,
        "second": 53,
        "nano": 0
      }
    },
    "citySender": "Вінниця",
    "cityRecipient": "Одеса"
  },
  {
    "number": 59000454778223,
    "dateTime": {
      "date": {
        "year": 2019,
        "month": 10,
        "day": 14
      },
      "time": {
        "hour": 11,
        "minute": 29,
        "second": 12,
        "nano": 0
      }
    },
    "citySender": "Заводське(Тернопільська обл.)",
    "cityRecipient": "Ситківці"
  },
  {
    "number": 59000454778224,
    "dateTime": {
      "date": {
        "year": 2019,
        "month": 10,
        "day": 14
      },
      "time": {
        "hour": 11,
        "minute": 31,
        "second": 15,
        "nano": 0
      }
    },
    "citySender": "Умань",
    "cityRecipient": "Бердянськ"
  },
  {
    "number": 59000454778225,
    "dateTime": {
      "date": {
        "year": 2019,
        "month": 10,
        "day": 14
      },
      "time": {
        "hour": 11,
        "minute": 31,
        "second": 21,
        "nano": 0
      }
    },
    "citySender": "Вінниця",
    "cityRecipient": "Вінниця"
  },
  {
    "number": 59000454778227,
    "dateTime": {
      "date": {
        "year": 2019,
        "month": 10,
        "day": 14
      },
      "time": {
        "hour": 11,
        "minute": 30,
        "second": 57,
        "nano": 0
      }
    },
    "citySender": "Умань",
    "cityRecipient": "Велика Димерка"
  },
  {
    "number": 59000454778228,
    "dateTime": {
      "date": {
        "year": 2019,
        "month": 10,
        "day": 14
      },
      "time": {
        "hour": 11,
        "minute": 31,
        "second": 12,
        "nano": 0
      }
    },
    "citySender": "Червоноград (Львівська обл.)",
    "cityRecipient": "Бурштин"
  },
  {
    "number": 59000454778229,
    "dateTime": {
      "date": {
        "year": 2019,
        "month": 10,
        "day": 14
      },
      "time": {
        "hour": 11,
        "minute": 31,
        "second": 11,
        "nano": 0
      }
    },
    "citySender": "Ковель",
    "cityRecipient": "Обухів"
  },
  {
    "number": 59000454778230,
    "dateTime": {
      "date": {
        "year": 2019,
        "month": 10,
        "day": 14
      },
      "time": {
        "hour": 11,
        "minute": 31,
        "second": 21,
        "nano": 0
      }
    },
    "citySender": "Краматорськ",
    "cityRecipient": "Слов\u0027янськ"
  },
  {
    "number": 59000454778231,
    "dateTime": {
      "date": {
        "year": 2019,
        "month": 10,
        "day": 14
      },
      "time": {
        "hour": 11,
        "minute": 31,
        "second": 6,
        "nano": 0
      }
    },
    "citySender": "Прилуки",
    "cityRecipient": "Чернівці"
  },
  {
    "number": 59000454778232,
    "dateTime": {
      "date": {
        "year": 2019,
        "month": 10,
        "day": 14
      },
      "time": {
        "hour": 11,
        "minute": 31,
        "second": 14,
        "nano": 0
      }
    },
    "citySender": "Новий Розділ",
    "cityRecipient": "Хмельницький"
  },
  {
    "number": 59000454778233,
    "dateTime": {
      "date": {
        "year": 2019,
        "month": 10,
        "day": 14
      },
      "time": {
        "hour": 11,
        "minute": 31,
        "second": 22,
        "nano": 0
      }
    },
    "citySender": "Черкаси",
    "cityRecipient": "Черкаси"
  },
  {
    "number": 59000454778234,
    "dateTime": {
      "date": {
        "year": 2019,
        "month": 10,
        "day": 14
      },
      "time": {
        "hour": 11,
        "minute": 31,
        "second": 17,
        "nano": 0
      }
    },
    "citySender": "Харків",
    "cityRecipient": "Харків"
  },
  {
    "number": 59000454778235,
    "dateTime": {
      "date": {
        "year": 2019,
        "month": 10,
        "day": 14
      },
      "time": {
        "hour": 11,
        "minute": 30,
        "second": 54,
        "nano": 0
      }
    },
    "citySender": "Харків",
    "cityRecipient": "Харків"
  },
  {
    "number": 59000454778236,
    "dateTime": {
      "date": {
        "year": 2019,
        "month": 10,
        "day": 14
      },
      "time": {
        "hour": 11,
        "minute": 31,
        "second": 21,
        "nano": 0
      }
    },
    "citySender": "Сватове",
    "cityRecipient": "Ужгород"
  },
  {
    "number": 59000454778237,
    "dateTime": {
      "date": {
        "year": 2019,
        "month": 10,
        "day": 14
      },
      "time": {
        "hour": 11,
        "minute": 31,
        "second": 22,
        "nano": 0
      }
    },
    "citySender": "Криве Озеро",
    "cityRecipient": "Умань"
  },
  {
    "number": 59000454778238,
    "dateTime": {
      "date": {
        "year": 2019,
        "month": 10,
        "day": 14
      },
      "time": {
        "hour": 11,
        "minute": 31,
        "second": 20,
        "nano": 0
      }
    },
    "citySender": "Полтава",
    "cityRecipient": "Полтава"
  },
  {
    "number": 59000454778239,
    "dateTime": {
      "date": {
        "year": 2019,
        "month": 10,
        "day": 14
      },
      "time": {
        "hour": 11,
        "minute": 31,
        "second": 22,
        "nano": 0
      }
    },
    "citySender": "Мамаївці",
    "cityRecipient": "Енергодар"
  },
  {
    "number": 59000454778240,
    "dateTime": {
      "date": {
        "year": 2019,
        "month": 10,
        "day": 14
      },
      "time": {
        "hour": 11,
        "minute": 31,
        "second": 6,
        "nano": 0
      }
    },
    "citySender": "Авангард",
    "cityRecipient": "Одеса"
  },
  {
    "number": 59000454778241,
    "dateTime": {
      "date": {
        "year": 2019,
        "month": 10,
        "day": 14
      },
      "time": {
        "hour": 11,
        "minute": 31,
        "second": 23,
        "nano": 0
      }
    },
    "citySender": "Кривий Ріг",
    "cityRecipient": "Кривий Ріг"
  },
  {
    "number": 59000454778242,
    "dateTime": {
      "date": {
        "year": 2019,
        "month": 10,
        "day": 14
      },
      "time": {
        "hour": 11,
        "minute": 31,
        "second": 12,
        "nano": 0
      }
    },
    "citySender": "Ворохта",
    "cityRecipient": "Дружківка"
  },
  {
    "number": 59000454778243,
    "dateTime": {
      "date": {
        "year": 2019,
        "month": 10,
        "day": 14
      },
      "time": {
        "hour": 11,
        "minute": 31,
        "second": 9,
        "nano": 0
      }
    },
    "citySender": "Київ",
    "cityRecipient": "Одеса"
  },
  {
    "number": 59000454778244,
    "dateTime": {
      "date": {
        "year": 2019,
        "month": 10,
        "day": 14
      },
      "time": {
        "hour": 11,
        "minute": 31,
        "second": 6,
        "nano": 0
      }
    },
    "citySender": "Херсон",
    "cityRecipient": "Одеса"
  },
  {
    "number": 59000454778245,
    "dateTime": {
      "date": {
        "year": 2019,
        "month": 10,
        "day": 14
      },
      "time": {
        "hour": 11,
        "minute": 31,
        "second": 24,
        "nano": 0
      }
    },
    "citySender": "Копайгород",
    "cityRecipient": "Вінниця"
  },
  {
    "number": 59000454778246,
    "dateTime": {
      "date": {
        "year": 2019,
        "month": 10,
        "day": 14
      },
      "time": {
        "hour": 11,
        "minute": 31,
        "second": 4,
        "nano": 0
      }
    },
    "citySender": "Тячів",
    "cityRecipient": "Київ"
  },
  {
    "number": 59000454778247,
    "dateTime": {
      "date": {
        "year": 2019,
        "month": 10,
        "day": 14
      },
      "time": {
        "hour": 11,
        "minute": 31,
        "second": 19,
        "nano": 0
      }
    },
    "citySender": "Харків",
    "cityRecipient": "Хоростків"
  },
  {
    "number": 59000454778248,
    "dateTime": {
      "date": {
        "year": 2019,
        "month": 10,
        "day": 14
      },
      "time": {
        "hour": 11,
        "minute": 31,
        "second": 24,
        "nano": 0
      }
    },
    "citySender": "Славута",
    "cityRecipient": "Львів"
  },
  {
    "number": 59000454778249,
    "dateTime": {
      "date": {
        "year": 2019,
        "month": 10,
        "day": 14
      },
      "time": {
        "hour": 11,
        "minute": 31,
        "second": 26,
        "nano": 0
      }
    },
    "citySender": "Івано-Франківськ",
    "cityRecipient": "Черкаси"
  },
  {
    "number": 59000454778250,
    "dateTime": {
      "date": {
        "year": 2019,
        "month": 10,
        "day": 14
      },
      "time": {
        "hour": 11,
        "minute": 30,
        "second": 39,
        "nano": 0
      }
    },
    "citySender": "Хмельницький",
    "cityRecipient": "Нововолинськ"
  },
  {
    "number": 59000454778251,
    "dateTime": {
      "date": {
        "year": 2019,
        "month": 10,
        "day": 14
      },
      "time": {
        "hour": 11,
        "minute": 31,
        "second": 13,
        "nano": 0
      }
    },
    "citySender": "Доброслав",
    "cityRecipient": "Болград (Одеська обл.)"
  },
  {
    "number": 59000454778252,
    "dateTime": {
      "date": {
        "year": 2019,
        "month": 10,
        "day": 14
      },
      "time": {
        "hour": 11,
        "minute": 30,
        "second": 23,
        "nano": 0
      }
    },
    "citySender": "Харків",
    "cityRecipient": "Умань"
  },
  {
    "number": 59000454778253,
    "dateTime": {
      "date": {
        "year": 2019,
        "month": 10,
        "day": 14
      },
      "time": {
        "hour": 11,
        "minute": 31,
        "second": 27,
        "nano": 0
      }
    },
    "citySender": "Краматорськ",
    "cityRecipient": "Слов\u0027янськ"
  },
  {
    "number": 59000454778254,
    "dateTime": {
      "date": {
        "year": 2019,
        "month": 10,
        "day": 14
      },
      "time": {
        "hour": 11,
        "minute": 31,
        "second": 26,
        "nano": 0
      }
    },
    "citySender": "Харків",
    "cityRecipient": "Слов\u0027янськ"
  },
  {
    "number": 59000454778255,
    "dateTime": {
      "date": {
        "year": 2019,
        "month": 10,
        "day": 14
      },
      "time": {
        "hour": 11,
        "minute": 31,
        "second": 27,
        "nano": 0
      }
    },
    "citySender": "Тлумач",
    "cityRecipient": "Івано-Франківськ"
  },
  {
    "number": 59000454778256,
    "dateTime": {
      "date": {
        "year": 2019,
        "month": 10,
        "day": 14
      },
      "time": {
        "hour": 11,
        "minute": 30,
        "second": 39,
        "nano": 0
      }
    },
    "citySender": "Вишгород",
    "cityRecipient": "Осипенко(Бердянський р-н)"
  },
  {
    "number": 59000454778257,
    "dateTime": {
      "date": {
        "year": 2019,
        "month": 10,
        "day": 14
      },
      "time": {
        "hour": 11,
        "minute": 31,
        "second": 18,
        "nano": 0
      }
    },
    "citySender": "Харків",
    "cityRecipient": "Одеса"
  },
  {
    "number": 59000454778259,
    "dateTime": {
      "date": {
        "year": 2019,
        "month": 10,
        "day": 14
      },
      "time": {
        "hour": 11,
        "minute": 31,
        "second": 20,
        "nano": 0
      }
    },
    "citySender": "Харків",
    "cityRecipient": "Сєвєродонецьк"
  },
  {
    "number": 59000454778260,
    "dateTime": {
      "date": {
        "year": 2019,
        "month": 10,
        "day": 14
      },
      "time": {
        "hour": 11,
        "minute": 30,
        "second": 48,
        "nano": 0
      }
    },
    "citySender": "Київ",
    "cityRecipient": "Київ"
  },
  {
    "number": 59000454778261,
    "dateTime": {
      "date": {
        "year": 2019,
        "month": 10,
        "day": 14
      },
      "time": {
        "hour": 11,
        "minute": 30,
        "second": 53,
        "nano": 0
      }
    },
    "citySender": "Синельникове",
    "cityRecipient": "Запоріжжя"
  },
  {
    "number": 59000454778262,
    "dateTime": {
      "date": {
        "year": 2019,
        "month": 10,
        "day": 14
      },
      "time": {
        "hour": 11,
        "minute": 25,
        "second": 21,
        "nano": 0
      }
    },
    "citySender": "Нова Каховка",
    "cityRecipient": "Херсон"
  },
  {
    "number": 59000454778263,
    "dateTime": {
      "date": {
        "year": 2019,
        "month": 10,
        "day": 14
      },
      "time": {
        "hour": 11,
        "minute": 31,
        "second": 3,
        "nano": 0
      }
    },
    "citySender": "Одеса",
    "cityRecipient": "Київ"
  },
  {
    "number": 59000454778264,
    "dateTime": {
      "date": {
        "year": 2019,
        "month": 10,
        "day": 14
      },
      "time": {
        "hour": 11,
        "minute": 31,
        "second": 5,
        "nano": 0
      }
    },
    "citySender": "Чернівці",
    "cityRecipient": "Тростянець (Сумська обл.)"
  },
  {
    "number": 59000454778265,
    "dateTime": {
      "date": {
        "year": 2019,
        "month": 10,
        "day": 14
      },
      "time": {
        "hour": 11,
        "minute": 31,
        "second": 30,
        "nano": 0
      }
    },
    "citySender": "Судова Вишня",
    "cityRecipient": "Дачне"
  },
  {
    "number": 59000454778266,
    "dateTime": {
      "date": {
        "year": 2019,
        "month": 10,
        "day": 14
      },
      "time": {
        "hour": 11,
        "minute": 31,
        "second": 28,
        "nano": 0
      }
    },
    "citySender": "Одеса",
    "cityRecipient": "Львів"
  },
  {
    "number": 59000454778267,
    "dateTime": {
      "date": {
        "year": 2019,
        "month": 10,
        "day": 14
      },
      "time": {
        "hour": 11,
        "minute": 31,
        "second": 22,
        "nano": 0
      }
    },
    "citySender": "Пологи (Запорізька обл.)",
    "cityRecipient": "Київ"
  },
  {
    "number": 59000454778268,
    "dateTime": {
      "date": {
        "year": 2019,
        "month": 10,
        "day": 14
      },
      "time": {
        "hour": 11,
        "minute": 31,
        "second": 30,
        "nano": 0
      }
    },
    "citySender": "Мельниця-Подільська (Тернопільська обл.)",
    "cityRecipient": "Тернопіль"
  },
  {
    "number": 59000454778269,
    "dateTime": {
      "date": {
        "year": 2019,
        "month": 10,
        "day": 14
      },
      "time": {
        "hour": 11,
        "minute": 31,
        "second": 30,
        "nano": 0
      }
    },
    "citySender": "Кривий Ріг",
    "cityRecipient": "Кривий Ріг"
  },
  {
    "number": 59000454778270,
    "dateTime": {
      "date": {
        "year": 2019,
        "month": 10,
        "day": 14
      },
      "time": {
        "hour": 11,
        "minute": 31,
        "second": 17,
        "nano": 0
      }
    },
    "citySender": "Тернопіль",
    "cityRecipient": "Київ"
  },
  {
    "number": 59000454778271,
    "dateTime": {
      "date": {
        "year": 2019,
        "month": 10,
        "day": 14
      },
      "time": {
        "hour": 11,
        "minute": 31,
        "second": 9,
        "nano": 0
      }
    },
    "citySender": "Київ",
    "cityRecipient": "Київ"
  },
  {
    "number": 59000454778272,
    "dateTime": {
      "date": {
        "year": 2019,
        "month": 10,
        "day": 14
      },
      "time": {
        "hour": 11,
        "minute": 30,
        "second": 57,
        "nano": 0
      }
    },
    "citySender": "Харків",
    "cityRecipient": "Золотоноша"
  },
  {
    "number": 59000454778273,
    "dateTime": {
      "date": {
        "year": 2019,
        "month": 10,
        "day": 14
      },
      "time": {
        "hour": 11,
        "minute": 31,
        "second": 4,
        "nano": 0
      }
    },
    "citySender": "Одеса",
    "cityRecipient": "Харків"
  },
  {
    "number": 59000454778274,
    "dateTime": {
      "date": {
        "year": 2019,
        "month": 10,
        "day": 14
      },
      "time": {
        "hour": 11,
        "minute": 31,
        "second": 29,
        "nano": 0
      }
    },
    "citySender": "Авангард",
    "cityRecipient": "Одеса"
  },
  {
    "number": 59000454778275,
    "dateTime": {
      "date": {
        "year": 2019,
        "month": 10,
        "day": 14
      },
      "time": {
        "hour": 11,
        "minute": 30,
        "second": 51,
        "nano": 0
      }
    },
    "citySender": "Київ",
    "cityRecipient": "Бориспіль"
  },
  {
    "number": 59000454778276,
    "dateTime": {
      "date": {
        "year": 2019,
        "month": 10,
        "day": 14
      },
      "time": {
        "hour": 11,
        "minute": 31,
        "second": 20,
        "nano": 0
      }
    },
    "citySender": "Дубно",
    "cityRecipient": "Черкаси"
  },
  {
    "number": 59000454778277,
    "dateTime": {
      "date": {
        "year": 2019,
        "month": 10,
        "day": 14
      },
      "time": {
        "hour": 11,
        "minute": 31,
        "second": 31,
        "nano": 0
      }
    },
    "citySender": "Плотича",
    "cityRecipient": "Тернопіль"
  },
  {
    "number": 59000454778278,
    "dateTime": {
      "date": {
        "year": 2019,
        "month": 10,
        "day": 14
      },
      "time": {
        "hour": 11,
        "minute": 31,
        "second": 29,
        "nano": 0
      }
    },
    "citySender": "Нересниця (Тячівський р-н)",
    "cityRecipient": "Снятин"
  },
  {
    "number": 59000454778280,
    "dateTime": {
      "date": {
        "year": 2019,
        "month": 10,
        "day": 14
      },
      "time": {
        "hour": 11,
        "minute": 30,
        "second": 53,
        "nano": 0
      }
    },
    "citySender": "Миколаїв",
    "cityRecipient": "Моквин"
  },
  {
    "number": 59000454778281,
    "dateTime": {
      "date": {
        "year": 2019,
        "month": 10,
        "day": 14
      },
      "time": {
        "hour": 11,
        "minute": 31,
        "second": 32,
        "nano": 0
      }
    },
    "citySender": "Харків",
    "cityRecipient": "Харків"
  },
  {
    "number": 59000454778282,
    "dateTime": {
      "date": {
        "year": 2019,
        "month": 10,
        "day": 14
      },
      "time": {
        "hour": 11,
        "minute": 31,
        "second": 32,
        "nano": 0
      }
    },
    "citySender": "Павлоград",
    "cityRecipient": "Дніпро"
  },
  {
    "number": 59000454778283,
    "dateTime": {
      "date": {
        "year": 2019,
        "month": 10,
        "day": 14
      },
      "time": {
        "hour": 11,
        "minute": 31,
        "second": 22,
        "nano": 0
      }
    },
    "citySender": "Київ",
    "cityRecipient": "Нікополь (Дніпропетровська обл.)"
  },
  {
    "number": 59000454778284,
    "dateTime": {
      "date": {
        "year": 2019,
        "month": 10,
        "day": 14
      },
      "time": {
        "hour": 11,
        "minute": 31,
        "second": 32,
        "nano": 0
      }
    },
    "citySender": "Криве Озеро",
    "cityRecipient": "Умань"
  },
  {
    "number": 59000454778285,
    "dateTime": {
      "date": {
        "year": 2019,
        "month": 10,
        "day": 14
      },
      "time": {
        "hour": 11,
        "minute": 31,
        "second": 26,
        "nano": 0
      }
    },
    "citySender": "Коростень",
    "cityRecipient": "Корець"
  },
  {
    "number": 59000454778286,
    "dateTime": {
      "date": {
        "year": 2019,
        "month": 10,
        "day": 14
      },
      "time": {
        "hour": 11,
        "minute": 31,
        "second": 33,
        "nano": 0
      }
    },
    "citySender": "Рожнятів",
    "cityRecipient": "Івано-Франківськ"
  },
  {
    "number": 59000454778287,
    "dateTime": {
      "date": {
        "year": 2019,
        "month": 10,
        "day": 14
      },
      "time": {
        "hour": 11,
        "minute": 31,
        "second": 26,
        "nano": 0
      }
    },
    "citySender": "Одеса",
    "cityRecipient": "Кодима"
  },
  {
    "number": 59000454778288,
    "dateTime": {
      "date": {
        "year": 2019,
        "month": 10,
        "day": 14
      },
      "time": {
        "hour": 11,
        "minute": 30,
        "second": 41,
        "nano": 0
      }
    },
    "citySender": "Кам\u0027янське(Дніпропетровська обл)",
    "cityRecipient": "Київ"
  },
  {
    "number": 59000454778289,
    "dateTime": {
      "date": {
        "year": 2019,
        "month": 10,
        "day": 14
      },
      "time": {
        "hour": 11,
        "minute": 31,
        "second": 33,
        "nano": 0
      }
    },
    "citySender": "Одеса",
    "cityRecipient": "Одеса"
  }
]