[
  {
    "number": 59000454787384,
    "dateTime": {
      "date": {
        "year": 2019,
        "month": 10,
        "day": 14
      },
      "time": {
        "hour": 11,
        "minute": 59,
        "second": 9,
        "nano": 0
      }
    },
    "citySender": "Вишневе",
    "cityRecipient": "Старий Остропіль"
  },
  {
    "number": 59000454787385,
    "dateTime": {
      "date": {
        "year": 2019,
        "month": 10,
        "day": 14
      },
      "time": {
        "hour": 11,
        "minute": 59,
        "second": 48,
        "nano": 0
      }
    },
    "citySender": "Опитне (Бахмутський р-н)",
    "cityRecipient": "Слов\u0027янськ"
  },
  {
    "number": 59000454787386,
    "dateTime": {
      "date": {
        "year": 2019,
        "month": 10,
        "day": 14
      },
      "time": {
        "hour": 11,
        "minute": 59,
        "second": 30,
        "nano": 0
      }
    },
    "citySender": "Херсон",
    "cityRecipient": "Київ"
  },
  {
    "number": 59000454787387,
    "dateTime": {
      "date": {
        "year": 2019,
        "month": 10,
        "day": 14
      },
      "time": {
        "hour": 11,
        "minute": 59,
        "second": 49,
        "nano": 0
      }
    },
    "citySender": "Маріуполь",
    "cityRecipient": "Одеса"
  },
  {
    "number": 59000454787388,
    "dateTime": {
      "date": {
        "year": 2019,
        "month": 10,
        "day": 14
      },
      "time": {
        "hour": 11,
        "minute": 59,
        "second": 49,
        "nano": 0
      }
    },
    "citySender": "Первомайськ(Микол.обл.Первомайс.р-н)",
    "cityRecipient": "Київ"
  },
  {
    "number": 59000454787389,
    "dateTime": {
      "date": {
        "year": 2019,
        "month": 10,
        "day": 14
      },
      "time": {
        "hour": 11,
        "minute": 59,
        "second": 49,
        "nano": 0
      }
    },
    "citySender": "Балки (Запорізька обл.)",
    "cityRecipient": "Запоріжжя"
  },
  {
    "number": 59000454787390,
    "dateTime": {
      "date": {
        "year": 2019,
        "month": 10,
        "day": 14
      },
      "time": {
        "hour": 11,
        "minute": 59,
        "second": 49,
        "nano": 0
      }
    },
    "citySender": "Берегове",
    "cityRecipient": "Мукачево"
  },
  {
    "number": 59000454787391,
    "dateTime": {
      "date": {
        "year": 2019,
        "month": 10,
        "day": 14
      },
      "time": {
        "hour": 11,
        "minute": 59,
        "second": 37,
        "nano": 0
      }
    },
    "citySender": "Харків",
    "cityRecipient": "Бахмач"
  },
  {
    "number": 59000454787392,
    "dateTime": {
      "date": {
        "year": 2019,
        "month": 10,
        "day": 14
      },
      "time": {
        "hour": 11,
        "minute": 59,
        "second": 50,
        "nano": 0
      }
    },
    "citySender": "Копайгород",
    "cityRecipient": "Вінниця"
  },
  {
    "number": 59000454787393,
    "dateTime": {
      "date": {
        "year": 2019,
        "month": 10,
        "day": 14
      },
      "time": {
        "hour": 11,
        "minute": 59,
        "second": 34,
        "nano": 0
      }
    },
    "citySender": "Вишневе",
    "cityRecipient": "Одеса"
  },
  {
    "number": 59000454787394,
    "dateTime": {
      "date": {
        "year": 2019,
        "month": 10,
        "day": 14
      },
      "time": {
        "hour": 11,
        "minute": 59,
        "second": 32,
        "nano": 0
      }
    },
    "citySender": "Ралівка",
    "cityRecipient": "Чернівці"
  },
  {
    "number": 59000454787395,
    "dateTime": {
      "date": {
        "year": 2019,
        "month": 10,
        "day": 14
      },
      "time": {
        "hour": 11,
        "minute": 59,
        "second": 32,
        "nano": 0
      }
    },
    "citySender": "Житомир",
    "cityRecipient": "Харків"
  },
  {
    "number": 59000454787396,
    "dateTime": {
      "date": {
        "year": 2019,
        "month": 10,
        "day": 14
      },
      "time": {
        "hour": 11,
        "minute": 59,
        "second": 50,
        "nano": 0
      }
    },
    "citySender": "Усатове",
    "cityRecipient": "Одеса"
  },
  {
    "number": 59000454787397,
    "dateTime": {
      "date": {
        "year": 2019,
        "month": 10,
        "day": 14
      },
      "time": {
        "hour": 11,
        "minute": 58,
        "second": 58,
        "nano": 0
      }
    },
    "citySender": "Ужгород",
    "cityRecipient": "Київ"
  },
  {
    "number": 59000454787398,
    "dateTime": {
      "date": {
        "year": 2019,
        "month": 10,
        "day": 14
      },
      "time": {
        "hour": 11,
        "minute": 59,
        "second": 51,
        "nano": 0
      }
    },
    "citySender": "Кривий Ріг",
    "cityRecipient": "Кривий Ріг"
  },
  {
    "number": 59000454787399,
    "dateTime": {
      "date": {
        "year": 2019,
        "month": 10,
        "day": 14
      },
      "time": {
        "hour": 11,
        "minute": 59,
        "second": 51,
        "nano": 0
      }
    },
    "citySender": "Харків",
    "cityRecipient": "Ратне"
  },
  {
    "number": 59000454787400,
    "dateTime": {
      "date": {
        "year": 2019,
        "month": 10,
        "day": 14
      },
      "time": {
        "hour": 11,
        "minute": 59,
        "second": 8,
        "nano": 0
      }
    },
    "citySender": "Озерне (Житомирська обл.)",
    "cityRecipient": "Луцьк"
  },
  {
    "number": 59000454787401,
    "dateTime": {
      "date": {
        "year": 2019,
        "month": 10,
        "day": 14
      },
      "time": {
        "hour": 11,
        "minute": 59,
        "second": 50,
        "nano": 0
      }
    },
    "citySender": "Харків",
    "cityRecipient": "Вінниця"
  },
  {
    "number": 59000454787402,
    "dateTime": {
      "date": {
        "year": 2019,
        "month": 10,
        "day": 14
      },
      "time": {
        "hour": 11,
        "minute": 59,
        "second": 16,
        "nano": 0
      }
    },
    "citySender": "Дунаївці",
    "cityRecipient": "Одеса"
  },
  {
    "number": 59000454787403,
    "dateTime": {
      "date": {
        "year": 2019,
        "month": 10,
        "day": 14
      },
      "time": {
        "hour": 11,
        "minute": 59,
        "second": 52,
        "nano": 0
      }
    },
    "citySender": "Жмеринка",
    "cityRecipient": "Вінниця"
  },
  {
    "number": 59000454787404,
    "dateTime": {
      "date": {
        "year": 2019,
        "month": 10,
        "day": 14
      },
      "time": {
        "hour": 11,
        "minute": 59,
        "second": 29,
        "nano": 0
      }
    },
    "citySender": "Запоріжжя",
    "cityRecipient": "Київ"
  },
  {
    "number": 59000454787405,
    "dateTime": {
      "date": {
        "year": 2019,
        "month": 10,
        "day": 14
      },
      "time": {
        "hour": 11,
        "minute": 59,
        "second": 53,
        "nano": 0
      }
    },
    "citySender": "Краматорськ",
    "cityRecipient": "Слов\u0027янськ"
  },
  {
    "number": 59000454787406,
    "dateTime": {
      "date": {
        "year": 2019,
        "month": 10,
        "day": 14
      },
      "time": {
        "hour": 11,
        "minute": 59,
        "second": 49,
        "nano": 0
      }
    },
    "citySender": "Київ",
    "cityRecipient": "Київ"
  },
  {
    "number": 59000454787407,
    "dateTime": {
      "date": {
        "year": 2019,
        "month": 10,
        "day": 14
      },
      "time": {
        "hour": 11,
        "minute": 59,
        "second": 18,
        "nano": 0
      }
    },
    "citySender": "Болград (Одеська обл.)",
    "cityRecipient": "Одеса"
  },
  {
    "number": 59000454787408,
    "dateTime": {
      "date": {
        "year": 2019,
        "month": 10,
        "day": 14
      },
      "time": {
        "hour": 11,
        "minute": 59,
        "second": 28,
        "nano": 0
      }
    },
    "citySender": "Харків",
    "cityRecipient": "Маріуполь"
  },
  {
    "number": 59000454787409,
    "dateTime": {
      "date": {
        "year": 2019,
        "month": 10,
        "day": 14
      },
      "time": {
        "hour": 11,
        "minute": 59,
        "second": 34,
        "nano": 0
      }
    },
    "citySender": "Ірпінь",
    "cityRecipient": "Дніпрорудне"
  },
  {
    "number": 59000454787411,
    "dateTime": {
      "date": {
        "year": 2019,
        "month": 10,
        "day": 14
      },
      "time": {
        "hour": 11,
        "minute": 58,
        "second": 58,
        "nano": 0
      }
    },
    "citySender": "Білгород-Дністровський",
    "cityRecipient": "Долина"
  },
  {
    "number": 59000454787412,
    "dateTime": {
      "date": {
        "year": 2019,
        "month": 10,
        "day": 14
      },
      "time": {
        "hour": 11,
        "minute": 59,
        "second": 34,
        "nano": 0
      }
    },
    "citySender": "Київ",
    "cityRecipient": "Суми"
  },
  {
    "number": 59000454787413,
    "dateTime": {
      "date": {
        "year": 2019,
        "month": 10,
        "day": 14
      },
      "time": {
        "hour": 11,
        "minute": 59,
        "second": 53,
        "nano": 0
      }
    },
    "citySender": "Київ",
    "cityRecipient": "Бершадь"
  },
  {
    "number": 59000454787414,
    "dateTime": {
      "date": {
        "year": 2019,
        "month": 10,
        "day": 14
      },
      "time": {
        "hour": 11,
        "minute": 59,
        "second": 6,
        "nano": 0
      }
    },
    "citySender": "Верхньодніпровськ",
    "cityRecipient": "Дніпро"
  },
  {
    "number": 59000454787415,
    "dateTime": {
      "date": {
        "year": 2019,
        "month": 10,
        "day": 14
      },
      "time": {
        "hour": 11,
        "minute": 59,
        "second": 23,
        "nano": 0
      }
    },
    "citySender": "Житомир",
    "cityRecipient": "Ірпінь"
  },
  {
    "number": 59000454787416,
    "dateTime": {
      "date": {
        "year": 2019,
        "month": 10,
        "day": 14
      },
      "time": {
        "hour": 11,
        "minute": 58,
        "second": 30,
        "nano": 0
      }
    },
    "citySender": "Харків",
    "cityRecipient": "Одеса"
  },
  {
    "number": 59000454787417,
    "dateTime": {
      "date": {
        "year": 2019,
        "month": 10,
        "day": 14
      },
      "time": {
        "hour": 11,
        "minute": 59,
        "second": 5,
        "nano": 0
      }
    },
    "citySender": "Ужгород",
    "cityRecipient": "Київ"
  },
  {
    "number": 59000454787418,
    "dateTime": {
      "date": {
        "year": 2019,
        "month": 10,
        "day": 14
      },
      "time": {
        "hour": 11,
        "minute": 59,
        "second": 57,
        "nano": 0
      }
    },
    "citySender": "Вінниця",
    "cityRecipient": "Вінниця"
  },
  {
    "number": 59000454787420,
    "dateTime": {
      "date": {
        "year": 2019,
        "month": 10,
        "day": 14
      },
      "time": {
        "hour": 11,
        "minute": 59,
        "second": 57,
        "nano": 0
      }
    },
    "citySender": "Вінниця",
    "cityRecipient": "Вінниця"
  },
  {
    "number": 59000454787421,
    "dateTime": {
      "date": {
        "year": 2019,
        "month": 10,
        "day": 14
      },
      "time": {
        "hour": 11,
        "minute": 59,
        "second": 57,
        "nano": 0
      }
    },
    "citySender": "Черкаси",
    "cityRecipient": "Черкаси"
  },
  {
    "number": 59000454787422,
    "dateTime": {
      "date": {
        "year": 2019,
        "month": 10,
        "day": 14
      },
      "time": {
        "hour": 11,
        "minute": 59,
        "second": 36,
        "nano": 0
      }
    },
    "citySender": "Сарни",
    "cityRecipient": "Миколаїв"
  },
  {
    "number": 59000454787423,
    "dateTime": {
      "date": {
        "year": 2019,
        "month": 10,
        "day": 14
      },
      "time": {
        "hour": 11,
        "minute": 59,
        "second": 57,
        "nano": 0
      }
    },
    "citySender": "Запоріжжя",
    "cityRecipient": "Запоріжжя"
  },
  {
    "number": 59000454787424,
    "dateTime": {
      "date": {
        "year": 2019,
        "month": 10,
        "day": 14
      },
      "time": {
        "hour": 11,
        "minute": 59,
        "second": 57,
        "nano": 0
      }
    },
    "citySender": "Запоріжжя",
    "cityRecipient": "Запоріжжя"
  },
  {
    "number": 59000454787425,
    "dateTime": {
      "date": {
        "year": 2019,
        "month": 10,
        "day": 14
      },
      "time": {
        "hour": 11,
        "minute": 58,
        "second": 51,
        "nano": 0
      }
    },
    "citySender": "Запоріжжя",
    "cityRecipient": "Бердянськ"
  },
  {
    "number": 59000454787426,
    "dateTime": {
      "date": {
        "year": 2019,
        "month": 10,
        "day": 14
      },
      "time": {
        "hour": 11,
        "minute": 59,
        "second": 20,
        "nano": 0
      }
    },
    "citySender": "Запоріжжя",
    "cityRecipient": "Покровське (Покровський р-н Дніпропетровська обл.)"
  },
  {
    "number": 59000454787427,
    "dateTime": {
      "date": {
        "year": 2019,
        "month": 10,
        "day": 14
      },
      "time": {
        "hour": 11,
        "minute": 59,
        "second": 58,
        "nano": 0
      }
    },
    "citySender": "Кароліно-Бугаз",
    "cityRecipient": "Одеса"
  },
  {
    "number": 59000454787428,
    "dateTime": {
      "date": {
        "year": 2019,
        "month": 10,
        "day": 14
      },
      "time": {
        "hour": 11,
        "minute": 59,
        "second": 58,
        "nano": 0
      }
    },
    "citySender": "Кривий Ріг",
    "cityRecipient": "Кривий Ріг"
  },
  {
    "number": 59000454787429,
    "dateTime": {
      "date": {
        "year": 2019,
        "month": 10,
        "day": 14
      },
      "time": {
        "hour": 11,
        "minute": 59,
        "second": 58,
        "nano": 0
      }
    },
    "citySender": "Дружба (Тернопільська обл.)",
    "cityRecipient": "Тернопіль"
  },
  {
    "number": 59000454787430,
    "dateTime": {
      "date": {
        "year": 2019,
        "month": 10,
        "day": 14
      },
      "time": {
        "hour": 11,
        "minute": 59,
        "second": 58,
        "nano": 0
      }
    },
    "citySender": "Ватутіне",
    "cityRecipient": "Черкаси"
  },
  {
    "number": 59000454787431,
    "dateTime": {
      "date": {
        "year": 2019,
        "month": 10,
        "day": 14
      },
      "time": {
        "hour": 11,
        "minute": 59,
        "second": 43,
        "nano": 0
      }
    },
    "citySender": "Київ",
    "cityRecipient": "Запоріжжя"
  },
  {
    "number": 59000454787432,
    "dateTime": {
      "date": {
        "year": 2019,
        "month": 10,
        "day": 14
      },
      "time": {
        "hour": 11,
        "minute": 59,
        "second": 30,
        "nano": 0
      }
    },
    "citySender": "Мелітополь",
    "cityRecipient": "Дніпро"
  },
  {
    "number": 59000454787433,
    "dateTime": {
      "date": {
        "year": 2019,
        "month": 10,
        "day": 14
      },
      "time": {
        "hour": 11,
        "minute": 59,
        "second": 52,
        "nano": 0
      }
    },
    "citySender": "Львів",
    "cityRecipient": "Тернопіль"
  },
  {
    "number": 59000454787434,
    "dateTime": {
      "date": {
        "year": 2019,
        "month": 10,
        "day": 14
      },
      "time": {
        "hour": 11,
        "minute": 59,
        "second": 59,
        "nano": 0
      }
    },
    "citySender": "Вінниця",
    "cityRecipient": "Вінниця"
  },
  {
    "number": 59000454787435,
    "dateTime": {
      "date": {
        "year": 2019,
        "month": 10,
        "day": 14
      },
      "time": {
        "hour": 11,
        "minute": 59,
        "second": 27,
        "nano": 0
      }
    },
    "citySender": "Буринь",
    "cityRecipient": "Дрогобич"
  },
  {
    "number": 59000454787436,
    "dateTime": {
      "date": {
        "year": 2019,
        "month": 10,
        "day": 14
      },
      "time": {
        "hour": 11,
        "minute": 59,
        "second": 59,
        "nano": 0
      }
    },
    "citySender": "Кривий Ріг",
    "cityRecipient": "Кривий Ріг"
  },
  {
    "number": 59000454787437,
    "dateTime": {
      "date": {
        "year": 2019,
        "month": 10,
        "day": 14
      },
      "time": {
        "hour": 11,
        "minute": 59,
        "second": 59,
        "nano": 0
      }
    },
    "citySender": "Нікополь (Дніпропетровська обл.)",
    "cityRecipient": "Березань"
  },
  {
    "number": 59000454787438,
    "dateTime": {
      "date": {
        "year": 2019,
        "month": 10,
        "day": 14
      },
      "time": {
        "hour": 11,
        "minute": 59,
        "second": 38,
        "nano": 0
      }
    },
    "citySender": "Дубровиця (Рівненська обл.)",
    "cityRecipient": "Лиман(Донецька обл)"
  },
  {
    "number": 59000454787439,
    "dateTime": {
      "date": {
        "year": 2019,
        "month": 10,
        "day": 14
      },
      "time": {
        "hour": 11,
        "minute": 59,
        "second": 50,
        "nano": 0
      }
    },
    "citySender": "Одеса",
    "cityRecipient": "Каховка"
  },
  {
    "number": 59000454787440,
    "dateTime": {
      "date": {
        "year": 2019,
        "month": 10,
        "day": 14
      },
      "time": {
        "hour": 11,
        "minute": 59,
        "second": 36,
        "nano": 0
      }
    },
    "citySender": "Київ",
    "cityRecipient": "Харків"
  },
  {
    "number": 59000454787441,
    "dateTime": {
      "date": {
        "year": 2019,
        "month": 10,
        "day": 14
      },
      "time": {
        "hour": 11,
        "minute": 59,
        "second": 58,
        "nano": 0
      }
    },
    "citySender": "Боярка",
    "cityRecipient": "Київ"
  },
  {
    "number": 59000454787442,
    "dateTime": {
      "date": {
        "year": 2019,
        "month": 10,
        "day": 14
      },
      "time": {
        "hour": 11,
        "minute": 59,
        "second": 52,
        "nano": 0
      }
    },
    "citySender": "Харків",
    "cityRecipient": "Київ"
  },
  {
    "number": 59000454787443,
    "dateTime": {
      "date": {
        "year": 2019,
        "month": 10,
        "day": 14
      },
      "time": {
        "hour": 11,
        "minute": 59,
        "second": 57,
        "nano": 0
      }
    },
    "citySender": "Полтава",
    "cityRecipient": "Полтава"
  },
  {
    "number": 59000454787444,
    "dateTime": {
      "date": {
        "year": 2019,
        "month": 10,
        "day": 14
      },
      "time": {
        "hour": 11,
        "minute": 58,
        "second": 58,
        "nano": 0
      }
    },
    "citySender": "Одеса",
    "cityRecipient": "Київ"
  },
  {
    "number": 59000454787445,
    "dateTime": {
      "date": {
        "year": 2019,
        "month": 10,
        "day": 14
      },
      "time": {
        "hour": 12,
        "minute": 0,
        "second": 0,
        "nano": 0
      }
    },
    "citySender": "Львів",
    "cityRecipient": "Львів"
  },
  {
    "number": 59000454787446,
    "dateTime": {
      "date": {
        "year": 2019,
        "month": 10,
        "day": 14
      },
      "time": {
        "hour": 12,
        "minute": 0,
        "second": 0,
        "nano": 0
      }
    },
    "citySender": "Харків",
    "cityRecipient": "Харків"
  },
  {
    "number": 59000454787447,
    "dateTime": {
      "date": {
        "year": 2019,
        "month": 10,
        "day": 14
      },
      "time": {
        "hour": 12,
        "minute": 0,
        "second": 0,
        "nano": 0
      }
    },
    "citySender": "Тернопіль",
    "cityRecipient": "Звенигородка"
  },
  {
    "number": 59000454787448,
    "dateTime": {
      "date": {
        "year": 2019,
        "month": 10,
        "day": 14
      },
      "time": {
        "hour": 12,
        "minute": 0,
        "second": 0,
        "nano": 0
      }
    },
    "citySender": "Кривий Ріг",
    "cityRecipient": "Кривий Ріг"
  },
  {
    "number": 59000454787449,
    "dateTime": {
      "date": {
        "year": 2019,
        "month": 10,
        "day": 14
      },
      "time": {
        "hour": 12,
        "minute": 0,
        "second": 0,
        "nano": 0
      }
    },
    "citySender": "Тульчин",
    "cityRecipient": "Вінниця"
  },
  {
    "number": 59000454787450,
    "dateTime": {
      "date": {
        "year": 2019,
        "month": 10,
        "day": 14
      },
      "time": {
        "hour": 12,
        "minute": 0,
        "second": 0,
        "nano": 0
      }
    },
    "citySender": "Кривий Ріг",
    "cityRecipient": "Кривий Ріг"
  },
  {
    "number": 59000454787451,
    "dateTime": {
      "date": {
        "year": 2019,
        "month": 10,
        "day": 14
      },
      "time": {
        "hour": 11,
        "minute": 59,
        "second": 49,
        "nano": 0
      }
    },
    "citySender": "Одеса",
    "cityRecipient": "Пологи (Запорізька обл.)"
  },
  {
    "number": 59000454787452,
    "dateTime": {
      "date": {
        "year": 2019,
        "month": 10,
        "day": 14
      },
      "time": {
        "hour": 12,
        "minute": 0,
        "second": 1,
        "nano": 0
      }
    },
    "citySender": "Харків",
    "cityRecipient": "Харків"
  },
  {
    "number": 59000454787453,
    "dateTime": {
      "date": {
        "year": 2019,
        "month": 10,
        "day": 14
      },
      "time": {
        "hour": 11,
        "minute": 58,
        "second": 29,
        "nano": 0
      }
    },
    "citySender": "Лютіж",
    "cityRecipient": "Васильків"
  },
  {
    "number": 59000454787454,
    "dateTime": {
      "date": {
        "year": 2019,
        "month": 10,
        "day": 14
      },
      "time": {
        "hour": 11,
        "minute": 59,
        "second": 46,
        "nano": 0
      }
    },
    "citySender": "Калини",
    "cityRecipient": "Одеса"
  },
  {
    "number": 59000454787455,
    "dateTime": {
      "date": {
        "year": 2019,
        "month": 10,
        "day": 14
      },
      "time": {
        "hour": 12,
        "minute": 0,
        "second": 1,
        "nano": 0
      }
    },
    "citySender": "Львів",
    "cityRecipient": "Львів"
  },
  {
    "number": 59000454787457,
    "dateTime": {
      "date": {
        "year": 2019,
        "month": 10,
        "day": 14
      },
      "time": {
        "hour": 11,
        "minute": 59,
        "second": 3,
        "nano": 0
      }
    },
    "citySender": "Маріуполь",
    "cityRecipient": "Ірпінь"
  },
  {
    "number": 59000454787459,
    "dateTime": {
      "date": {
        "year": 2019,
        "month": 10,
        "day": 14
      },
      "time": {
        "hour": 12,
        "minute": 0,
        "second": 0,
        "nano": 0
      }
    },
    "citySender": "Київ",
    "cityRecipient": "Одеса"
  },
  {
    "number": 59000454787460,
    "dateTime": {
      "date": {
        "year": 2019,
        "month": 10,
        "day": 14
      },
      "time": {
        "hour": 11,
        "minute": 59,
        "second": 18,
        "nano": 0
      }
    },
    "citySender": "Київ",
    "cityRecipient": "Одеса"
  },
  {
    "number": 59000454787461,
    "dateTime": {
      "date": {
        "year": 2019,
        "month": 10,
        "day": 14
      },
      "time": {
        "hour": 11,
        "minute": 59,
        "second": 47,
        "nano": 0
      }
    },
    "citySender": "Трускавець",
    "cityRecipient": "Маріуполь"
  },
  {
    "number": 59000454787462,
    "dateTime": {
      "date": {
        "year": 2019,
        "month": 10,
        "day": 14
      },
      "time": {
        "hour": 12,
        "minute": 0,
        "second": 2,
        "nano": 0
      }
    },
    "citySender": "Одеса",
    "cityRecipient": "Івано-Франківськ"
  },
  {
    "number": 59000454787463,
    "dateTime": {
      "date": {
        "year": 2019,
        "month": 10,
        "day": 14
      },
      "time": {
        "hour": 12,
        "minute": 0,
        "second": 2,
        "nano": 0
      }
    },
    "citySender": "Київ",
    "cityRecipient": "Одеса"
  },
  {
    "number": 59000454787464,
    "dateTime": {
      "date": {
        "year": 2019,
        "month": 10,
        "day": 14
      },
      "time": {
        "hour": 11,
        "minute": 57,
        "second": 1,
        "nano": 0
      }
    },
    "citySender": "Верховина",
    "cityRecipient": "Захарівка(Одеська обл)"
  },
  {
    "number": 59000454787465,
    "dateTime": {
      "date": {
        "year": 2019,
        "month": 10,
        "day": 14
      },
      "time": {
        "hour": 12,
        "minute": 0,
        "second": 2,
        "nano": 0
      }
    },
    "citySender": "Київ",
    "cityRecipient": "Київ"
  },
  {
    "number": 59000454787466,
    "dateTime": {
      "date": {
        "year": 2019,
        "month": 10,
        "day": 14
      },
      "time": {
        "hour": 11,
        "minute": 59,
        "second": 40,
        "nano": 0
      }
    },
    "citySender": "Дніпро",
    "cityRecipient": "Київ"
  },
  {
    "number": 59000454787467,
    "dateTime": {
      "date": {
        "year": 2019,
        "month": 10,
        "day": 14
      },
      "time": {
        "hour": 11,
        "minute": 59,
        "second": 55,
        "nano": 0
      }
    },
    "citySender": "Лозова",
    "cityRecipient": "Київ"
  },
  {
    "number": 59000454787468,
    "dateTime": {
      "date": {
        "year": 2019,
        "month": 10,
        "day": 14
      },
      "time": {
        "hour": 11,
        "minute": 59,
        "second": 37,
        "nano": 0
      }
    },
    "citySender": "Харків",
    "cityRecipient": "Дніпро"
  },
  {
    "number": 59000454787469,
    "dateTime": {
      "date": {
        "year": 2019,
        "month": 10,
        "day": 14
      },
      "time": {
        "hour": 11,
        "minute": 59,
        "second": 55,
        "nano": 0
      }
    },
    "citySender": "Бровари",
    "cityRecipient": "Краснопілля (Сумська обл.)"
  },
  {
    "number": 59000454787470,
    "dateTime": {
      "date": {
        "year": 2019,
        "month": 10,
        "day": 14
      },
      "time": {
        "hour": 11,
        "minute": 59,
        "second": 57,
        "nano": 0
      }
    },
    "citySender": "Харків",
    "cityRecipient": "Ріпки"
  },
  {
    "number": 59000454787471,
    "dateTime": {
      "date": {
        "year": 2019,
        "month": 10,
        "day": 14
      },
      "time": {
        "hour": 11,
        "minute": 59,
        "second": 54,
        "nano": 0
      }
    },
    "citySender": "Чернівці",
    "cityRecipient": "Крихівці"
  },
  {
    "number": 59000454787472,
    "dateTime": {
      "date": {
        "year": 2019,
        "month": 10,
        "day": 14
      },
      "time": {
        "hour": 11,
        "minute": 59,
        "second": 53,
        "nano": 0
      }
    },
    "citySender": "Чернігів",
    "cityRecipient": "Житомир"
  },
  {
    "number": 59000454787473,
    "dateTime": {
      "date": {
        "year": 2019,
        "month": 10,
        "day": 14
      },
      "time": {
        "hour": 11,
        "minute": 58,
        "second": 49,
        "nano": 0
      }
    },
    "citySender": "Виноградів",
    "cityRecipient": "Мукачево"
  },
  {
    "number": 59000454787474,
    "dateTime": {
      "date": {
        "year": 2019,
        "month": 10,
        "day": 14
      },
      "time": {
        "hour": 11,
        "minute": 59,
        "second": 54,
        "nano": 0
      }
    },
    "citySender": "Бориспіль",
    "cityRecipient": "Бердянськ"
  },
  {
    "number": 59000454787475,
    "dateTime": {
      "date": {
        "year": 2019,
        "month": 10,
        "day": 14
      },
      "time": {
        "hour": 11,
        "minute": 59,
        "second": 37,
        "nano": 0
      }
    },
    "citySender": "Запоріжжя",
    "cityRecipient": "Одеса"
  },
  {
    "number": 59000454787476,
    "dateTime": {
      "date": {
        "year": 2019,
        "month": 10,
        "day": 14
      },
      "time": {
        "hour": 11,
        "minute": 59,
        "second": 14,
        "nano": 0
      }
    },
    "citySender": "Десна (Чернігівська обл.)",
    "cityRecipient": "Велика Писарівка"
  },
  {
    "number": 59000454787477,
    "dateTime": {
      "date": {
        "year": 2019,
        "month": 10,
        "day": 14
      },
      "time": {
        "hour": 11,
        "minute": 59,
        "second": 29,
        "nano": 0
      }
    },
    "citySender": "Доманівка",
    "cityRecipient": "Копайгород"
  },
  {
    "number": 59000454787478,
    "dateTime": {
      "date": {
        "year": 2019,
        "month": 10,
        "day": 14
      },
      "time": {
        "hour": 12,
        "minute": 0,
        "second": 3,
        "nano": 0
      }
    },
    "citySender": "Вільне (Криворізький р-н)",
    "cityRecipient": "Мілове"
  },
  {
    "number": 59000454787479,
    "dateTime": {
      "date": {
        "year": 2019,
        "month": 10,
        "day": 14
      },
      "time": {
        "hour": 12,
        "minute": 0,
        "second": 5,
        "nano": 0
      }
    },
    "citySender": "Харків",
    "cityRecipient": "Київ"
  },
  {
    "number": 59000454787480,
    "dateTime": {
      "date": {
        "year": 2019,
        "month": 10,
        "day": 14
      },
      "time": {
        "hour": 12,
        "minute": 0,
        "second": 5,
        "nano": 0
      }
    },
    "citySender": "Моршин",
    "cityRecipient": "Дніпро"
  },
  {
    "number": 59000454787481,
    "dateTime": {
      "date": {
        "year": 2019,
        "month": 10,
        "day": 14
      },
      "time": {
        "hour": 11,
        "minute": 59,
        "second": 52,
        "nano": 0
      }
    },
    "citySender": "Кременчук",
    "cityRecipient": "Бровари"
  },
  {
    "number": 59000454787482,
    "dateTime": {
      "date": {
        "year": 2019,
        "month": 10,
        "day": 14
      },
      "time": {
        "hour": 11,
        "minute": 59,
        "second": 45,
        "nano": 0
      }
    },
    "citySender": "Чорнянка",
    "cityRecipient": "Київ"
  },
  {
    "number": 59000454787483,
    "dateTime": {
      "date": {
        "year": 2019,
        "month": 10,
        "day": 14
      },
      "time": {
        "hour": 12,
        "minute": 0,
        "second": 6,
        "nano": 0
      }
    },
    "citySender": "Київ",
    "cityRecipient": "Київ"
  }
]