[
  {
    "number": 59000455222602,
    "dateTime": {
      "date": {
        "year": 2019,
        "month": 10,
        "day": 16
      },
      "time": {
        "hour": 9,
        "minute": 9,
        "second": 29,
        "nano": 0
      }
    },
    "citySender": "Одеса",
    "cityRecipient": "Кропивницький"
  },
  {
    "number": 59000455222603,
    "dateTime": {
      "date": {
        "year": 2019,
        "month": 10,
        "day": 16
      },
      "time": {
        "hour": 9,
        "minute": 9,
        "second": 42,
        "nano": 0
      }
    },
    "citySender": "Стебник",
    "cityRecipient": "Київ"
  },
  {
    "number": 59000455222604,
    "dateTime": {
      "date": {
        "year": 2019,
        "month": 10,
        "day": 16
      },
      "time": {
        "hour": 9,
        "minute": 10,
        "second": 6,
        "nano": 0
      }
    },
    "citySender": "Борова (Київська обл.)",
    "cityRecipient": "Красилівка (Броварський р-н)"
  },
  {
    "number": 59000455222605,
    "dateTime": {
      "date": {
        "year": 2019,
        "month": 10,
        "day": 16
      },
      "time": {
        "hour": 9,
        "minute": 10,
        "second": 30,
        "nano": 0
      }
    },
    "citySender": "Яблунів",
    "cityRecipient": "Ілічанка"
  },
  {
    "number": 59000455222606,
    "dateTime": {
      "date": {
        "year": 2019,
        "month": 10,
        "day": 16
      },
      "time": {
        "hour": 9,
        "minute": 10,
        "second": 0,
        "nano": 0
      }
    },
    "citySender": "Запоріжжя",
    "cityRecipient": "Луцьк"
  },
  {
    "number": 59000455222607,
    "dateTime": {
      "date": {
        "year": 2019,
        "month": 10,
        "day": 16
      },
      "time": {
        "hour": 9,
        "minute": 10,
        "second": 8,
        "nano": 0
      }
    },
    "citySender": "Шаргород (Вінницька обл.)",
    "cityRecipient": "Київ"
  },
  {
    "number": 59000455222608,
    "dateTime": {
      "date": {
        "year": 2019,
        "month": 10,
        "day": 16
      },
      "time": {
        "hour": 9,
        "minute": 10,
        "second": 25,
        "nano": 0
      }
    },
    "citySender": "Кам\u0027янське(Дніпропетровська обл)",
    "cityRecipient": "Одеса"
  },
  {
    "number": 59000455222609,
    "dateTime": {
      "date": {
        "year": 2019,
        "month": 10,
        "day": 16
      },
      "time": {
        "hour": 9,
        "minute": 10,
        "second": 30,
        "nano": 0
      }
    },
    "citySender": "Новоселиця",
    "cityRecipient": "Острог"
  },
  {
    "number": 59000455222610,
    "dateTime": {
      "date": {
        "year": 2019,
        "month": 10,
        "day": 16
      },
      "time": {
        "hour": 9,
        "minute": 10,
        "second": 16,
        "nano": 0
      }
    },
    "citySender": "Полтава",
    "cityRecipient": "Полтава"
  },
  {
    "number": 59000455222611,
    "dateTime": {
      "date": {
        "year": 2019,
        "month": 10,
        "day": 16
      },
      "time": {
        "hour": 9,
        "minute": 10,
        "second": 30,
        "nano": 0
      }
    },
    "citySender": "Запоріжжя",
    "cityRecipient": "Черкаси"
  },
  {
    "number": 59000455222612,
    "dateTime": {
      "date": {
        "year": 2019,
        "month": 10,
        "day": 16
      },
      "time": {
        "hour": 9,
        "minute": 10,
        "second": 9,
        "nano": 0
      }
    },
    "citySender": "Київ",
    "cityRecipient": "Київ"
  },
  {
    "number": 59000455222613,
    "dateTime": {
      "date": {
        "year": 2019,
        "month": 10,
        "day": 16
      },
      "time": {
        "hour": 9,
        "minute": 10,
        "second": 15,
        "nano": 0
      }
    },
    "citySender": "Харків",
    "cityRecipient": "Київ"
  },
  {
    "number": 59000455222614,
    "dateTime": {
      "date": {
        "year": 2019,
        "month": 10,
        "day": 16
      },
      "time": {
        "hour": 9,
        "minute": 10,
        "second": 14,
        "nano": 0
      }
    },
    "citySender": "Коростень",
    "cityRecipient": "Дніпро"
  },
  {
    "number": 59000455222615,
    "dateTime": {
      "date": {
        "year": 2019,
        "month": 10,
        "day": 16
      },
      "time": {
        "hour": 9,
        "minute": 10,
        "second": 22,
        "nano": 0
      }
    },
    "citySender": "Дніпро",
    "cityRecipient": "Київ"
  },
  {
    "number": 59000455222616,
    "dateTime": {
      "date": {
        "year": 2019,
        "month": 10,
        "day": 16
      },
      "time": {
        "hour": 9,
        "minute": 10,
        "second": 14,
        "nano": 0
      }
    },
    "citySender": "Кропивницький",
    "cityRecipient": "Запоріжжя"
  },
  {
    "number": 59000455222617,
    "dateTime": {
      "date": {
        "year": 2019,
        "month": 10,
        "day": 16
      },
      "time": {
        "hour": 9,
        "minute": 10,
        "second": 13,
        "nano": 0
      }
    },
    "citySender": "Покровськ (Донецька обл.)",
    "cityRecipient": "Маріуполь"
  },
  {
    "number": 59000455222618,
    "dateTime": {
      "date": {
        "year": 2019,
        "month": 10,
        "day": 16
      },
      "time": {
        "hour": 9,
        "minute": 10,
        "second": 1,
        "nano": 0
      }
    },
    "citySender": "Верхньодніпровськ",
    "cityRecipient": "Дрогобич"
  },
  {
    "number": 59000455222619,
    "dateTime": {
      "date": {
        "year": 2019,
        "month": 10,
        "day": 16
      },
      "time": {
        "hour": 9,
        "minute": 10,
        "second": 24,
        "nano": 0
      }
    },
    "citySender": "Генічеськ",
    "cityRecipient": "Київ"
  },
  {
    "number": 59000455222620,
    "dateTime": {
      "date": {
        "year": 2019,
        "month": 10,
        "day": 16
      },
      "time": {
        "hour": 9,
        "minute": 10,
        "second": 19,
        "nano": 0
      }
    },
    "citySender": "Житомир",
    "cityRecipient": "Стрижавка"
  },
  {
    "number": 59000455222621,
    "dateTime": {
      "date": {
        "year": 2019,
        "month": 10,
        "day": 16
      },
      "time": {
        "hour": 9,
        "minute": 10,
        "second": 20,
        "nano": 0
      }
    },
    "citySender": "Вовчинець",
    "cityRecipient": "Полтава"
  },
  {
    "number": 59000455222622,
    "dateTime": {
      "date": {
        "year": 2019,
        "month": 10,
        "day": 16
      },
      "time": {
        "hour": 9,
        "minute": 9,
        "second": 44,
        "nano": 0
      }
    },
    "citySender": "Кам\u0027янка-Дніпровська (Запорізька обл.)",
    "cityRecipient": "Київ"
  },
  {
    "number": 59000455222623,
    "dateTime": {
      "date": {
        "year": 2019,
        "month": 10,
        "day": 16
      },
      "time": {
        "hour": 9,
        "minute": 10,
        "second": 25,
        "nano": 0
      }
    },
    "citySender": "Київ",
    "cityRecipient": "Львів"
  },
  {
    "number": 59000455222624,
    "dateTime": {
      "date": {
        "year": 2019,
        "month": 10,
        "day": 16
      },
      "time": {
        "hour": 9,
        "minute": 9,
        "second": 44,
        "nano": 0
      }
    },
    "citySender": "Любар",
    "cityRecipient": "Київ"
  },
  {
    "number": 59000455222625,
    "dateTime": {
      "date": {
        "year": 2019,
        "month": 10,
        "day": 16
      },
      "time": {
        "hour": 9,
        "minute": 10,
        "second": 25,
        "nano": 0
      }
    },
    "citySender": "Маріуполь",
    "cityRecipient": "Харків"
  },
  {
    "number": 59000455222626,
    "dateTime": {
      "date": {
        "year": 2019,
        "month": 10,
        "day": 16
      },
      "time": {
        "hour": 9,
        "minute": 9,
        "second": 59,
        "nano": 0
      }
    },
    "citySender": "Ніжин",
    "cityRecipient": "Тульчин"
  },
  {
    "number": 59000455222627,
    "dateTime": {
      "date": {
        "year": 2019,
        "month": 10,
        "day": 16
      },
      "time": {
        "hour": 9,
        "minute": 10,
        "second": 1,
        "nano": 0
      }
    },
    "citySender": "Рівне",
    "cityRecipient": "Луцьк"
  },
  {
    "number": 59000455222628,
    "dateTime": {
      "date": {
        "year": 2019,
        "month": 10,
        "day": 16
      },
      "time": {
        "hour": 9,
        "minute": 10,
        "second": 27,
        "nano": 0
      }
    },
    "citySender": "Рівне",
    "cityRecipient": "Київ"
  },
  {
    "number": 59000455222629,
    "dateTime": {
      "date": {
        "year": 2019,
        "month": 10,
        "day": 16
      },
      "time": {
        "hour": 9,
        "minute": 9,
        "second": 47,
        "nano": 0
      }
    },
    "citySender": "Люботин",
    "cityRecipient": "Харків"
  },
  {
    "number": 59000455222630,
    "dateTime": {
      "date": {
        "year": 2019,
        "month": 10,
        "day": 16
      },
      "time": {
        "hour": 9,
        "minute": 10,
        "second": 29,
        "nano": 0
      }
    },
    "citySender": "Шостка",
    "cityRecipient": "Київ"
  },
  {
    "number": 59000455222631,
    "dateTime": {
      "date": {
        "year": 2019,
        "month": 10,
        "day": 16
      },
      "time": {
        "hour": 9,
        "minute": 10,
        "second": 27,
        "nano": 0
      }
    },
    "citySender": "Харків",
    "cityRecipient": "Нова Одеса"
  },
  {
    "number": 59000455222632,
    "dateTime": {
      "date": {
        "year": 2019,
        "month": 10,
        "day": 16
      },
      "time": {
        "hour": 9,
        "minute": 10,
        "second": 30,
        "nano": 0
      }
    },
    "citySender": "Червоноград (Львівська обл.)",
    "cityRecipient": "Тячів"
  },
  {
    "number": 59000455222633,
    "dateTime": {
      "date": {
        "year": 2019,
        "month": 10,
        "day": 16
      },
      "time": {
        "hour": 9,
        "minute": 10,
        "second": 34,
        "nano": 0
      }
    },
    "citySender": "Київ",
    "cityRecipient": "Миколаїв"
  },
  {
    "number": 59000455222634,
    "dateTime": {
      "date": {
        "year": 2019,
        "month": 10,
        "day": 16
      },
      "time": {
        "hour": 9,
        "minute": 10,
        "second": 22,
        "nano": 0
      }
    },
    "citySender": "Тернопіль",
    "cityRecipient": "Київ"
  },
  {
    "number": 59000455222635,
    "dateTime": {
      "date": {
        "year": 2019,
        "month": 10,
        "day": 16
      },
      "time": {
        "hour": 9,
        "minute": 10,
        "second": 26,
        "nano": 0
      }
    },
    "citySender": "Приморськ (Запорізька обл.)",
    "cityRecipient": "Київ"
  },
  {
    "number": 59000455222637,
    "dateTime": {
      "date": {
        "year": 2019,
        "month": 10,
        "day": 16
      },
      "time": {
        "hour": 9,
        "minute": 10,
        "second": 18,
        "nano": 0
      }
    },
    "citySender": "Миколаїв",
    "cityRecipient": "Новий Буг"
  },
  {
    "number": 59000455222638,
    "dateTime": {
      "date": {
        "year": 2019,
        "month": 10,
        "day": 16
      },
      "time": {
        "hour": 9,
        "minute": 10,
        "second": 20,
        "nano": 0
      }
    },
    "citySender": "Черкаси",
    "cityRecipient": "Тарасівка"
  },
  {
    "number": 59000455222639,
    "dateTime": {
      "date": {
        "year": 2019,
        "month": 10,
        "day": 16
      },
      "time": {
        "hour": 9,
        "minute": 10,
        "second": 4,
        "nano": 0
      }
    },
    "citySender": "Сєвєродонецьк",
    "cityRecipient": "Черкаси"
  },
  {
    "number": 59000455222640,
    "dateTime": {
      "date": {
        "year": 2019,
        "month": 10,
        "day": 16
      },
      "time": {
        "hour": 9,
        "minute": 10,
        "second": 30,
        "nano": 0
      }
    },
    "citySender": "Володимирівка (Донецька обл.)",
    "cityRecipient": "Володимирівка (Донецька обл.)"
  },
  {
    "number": 59000455222641,
    "dateTime": {
      "date": {
        "year": 2019,
        "month": 10,
        "day": 16
      },
      "time": {
        "hour": 9,
        "minute": 10,
        "second": 36,
        "nano": 0
      }
    },
    "citySender": "Холодна Балка",
    "cityRecipient": "Дніпро"
  },
  {
    "number": 59000455222642,
    "dateTime": {
      "date": {
        "year": 2019,
        "month": 10,
        "day": 16
      },
      "time": {
        "hour": 9,
        "minute": 10,
        "second": 36,
        "nano": 0
      }
    },
    "citySender": "Макарів",
    "cityRecipient": "Безлюдівка"
  },
  {
    "number": 59000455222643,
    "dateTime": {
      "date": {
        "year": 2019,
        "month": 10,
        "day": 16
      },
      "time": {
        "hour": 9,
        "minute": 10,
        "second": 15,
        "nano": 0
      }
    },
    "citySender": "Бердянськ",
    "cityRecipient": "Київ"
  },
  {
    "number": 59000455222645,
    "dateTime": {
      "date": {
        "year": 2019,
        "month": 10,
        "day": 16
      },
      "time": {
        "hour": 9,
        "minute": 10,
        "second": 19,
        "nano": 0
      }
    },
    "citySender": "Полтава",
    "cityRecipient": "Парутине"
  },
  {
    "number": 59000455222646,
    "dateTime": {
      "date": {
        "year": 2019,
        "month": 10,
        "day": 16
      },
      "time": {
        "hour": 9,
        "minute": 10,
        "second": 8,
        "nano": 0
      }
    },
    "citySender": "Рені",
    "cityRecipient": "Дніпро"
  },
  {
    "number": 59000455222648,
    "dateTime": {
      "date": {
        "year": 2019,
        "month": 10,
        "day": 16
      },
      "time": {
        "hour": 9,
        "minute": 10,
        "second": 5,
        "nano": 0
      }
    },
    "citySender": "Ізюм",
    "cityRecipient": "Дніпро"
  },
  {
    "number": 59000455222649,
    "dateTime": {
      "date": {
        "year": 2019,
        "month": 10,
        "day": 16
      },
      "time": {
        "hour": 9,
        "minute": 10,
        "second": 29,
        "nano": 0
      }
    },
    "citySender": "Житомир",
    "cityRecipient": "Київ"
  },
  {
    "number": 59000455222650,
    "dateTime": {
      "date": {
        "year": 2019,
        "month": 10,
        "day": 16
      },
      "time": {
        "hour": 9,
        "minute": 9,
        "second": 23,
        "nano": 0
      }
    },
    "citySender": "Мелітополь",
    "cityRecipient": "Зарванці"
  },
  {
    "number": 59000455222651,
    "dateTime": {
      "date": {
        "year": 2019,
        "month": 10,
        "day": 16
      },
      "time": {
        "hour": 9,
        "minute": 10,
        "second": 38,
        "nano": 0
      }
    },
    "citySender": "Вишневе",
    "cityRecipient": "Київ"
  },
  {
    "number": 59000455222652,
    "dateTime": {
      "date": {
        "year": 2019,
        "month": 10,
        "day": 16
      },
      "time": {
        "hour": 9,
        "minute": 10,
        "second": 10,
        "nano": 0
      }
    },
    "citySender": "Гребінка (Полтавська обл.)",
    "cityRecipient": "Херсон"
  },
  {
    "number": 59000455222653,
    "dateTime": {
      "date": {
        "year": 2019,
        "month": 10,
        "day": 16
      },
      "time": {
        "hour": 9,
        "minute": 10,
        "second": 38,
        "nano": 0
      }
    },
    "citySender": "Валки",
    "cityRecipient": "Одеса"
  },
  {
    "number": 59000455222654,
    "dateTime": {
      "date": {
        "year": 2019,
        "month": 10,
        "day": 16
      },
      "time": {
        "hour": 9,
        "minute": 10,
        "second": 17,
        "nano": 0
      }
    },
    "citySender": "Ратне",
    "cityRecipient": "Одеса"
  },
  {
    "number": 59000455222655,
    "dateTime": {
      "date": {
        "year": 2019,
        "month": 10,
        "day": 16
      },
      "time": {
        "hour": 9,
        "minute": 10,
        "second": 18,
        "nano": 0
      }
    },
    "citySender": "Кременчук",
    "cityRecipient": "Дрогобич"
  },
  {
    "number": 59000455222656,
    "dateTime": {
      "date": {
        "year": 2019,
        "month": 10,
        "day": 16
      },
      "time": {
        "hour": 9,
        "minute": 10,
        "second": 7,
        "nano": 0
      }
    },
    "citySender": "Вороніж",
    "cityRecipient": "Покровськ (Донецька обл.)"
  },
  {
    "number": 59000455222657,
    "dateTime": {
      "date": {
        "year": 2019,
        "month": 10,
        "day": 16
      },
      "time": {
        "hour": 9,
        "minute": 10,
        "second": 35,
        "nano": 0
      }
    },
    "citySender": "Новий Розділ",
    "cityRecipient": "Київ"
  },
  {
    "number": 59000455222658,
    "dateTime": {
      "date": {
        "year": 2019,
        "month": 10,
        "day": 16
      },
      "time": {
        "hour": 9,
        "minute": 9,
        "second": 59,
        "nano": 0
      }
    },
    "citySender": "Високий",
    "cityRecipient": "Харків"
  },
  {
    "number": 59000455222660,
    "dateTime": {
      "date": {
        "year": 2019,
        "month": 10,
        "day": 16
      },
      "time": {
        "hour": 9,
        "minute": 10,
        "second": 39,
        "nano": 0
      }
    },
    "citySender": "Біла Церква",
    "cityRecipient": "Немирів (Вінницька обл.)"
  },
  {
    "number": 59000455222661,
    "dateTime": {
      "date": {
        "year": 2019,
        "month": 10,
        "day": 16
      },
      "time": {
        "hour": 9,
        "minute": 7,
        "second": 55,
        "nano": 0
      }
    },
    "citySender": "Березне",
    "cityRecipient": "Березівка"
  },
  {
    "number": 59000455222662,
    "dateTime": {
      "date": {
        "year": 2019,
        "month": 10,
        "day": 16
      },
      "time": {
        "hour": 9,
        "minute": 10,
        "second": 40,
        "nano": 0
      }
    },
    "citySender": "Ковель",
    "cityRecipient": "Луцьк"
  },
  {
    "number": 59000455222664,
    "dateTime": {
      "date": {
        "year": 2019,
        "month": 10,
        "day": 16
      },
      "time": {
        "hour": 9,
        "minute": 10,
        "second": 17,
        "nano": 0
      }
    },
    "citySender": "Олександрія (м.Кіровогр.обл.райц)",
    "cityRecipient": "Бобринець"
  },
  {
    "number": 59000455222665,
    "dateTime": {
      "date": {
        "year": 2019,
        "month": 10,
        "day": 16
      },
      "time": {
        "hour": 9,
        "minute": 9,
        "second": 56,
        "nano": 0
      }
    },
    "citySender": "Коростишів",
    "cityRecipient": "Таврійськ (Херсонська обл.)"
  },
  {
    "number": 59000455222666,
    "dateTime": {
      "date": {
        "year": 2019,
        "month": 10,
        "day": 16
      },
      "time": {
        "hour": 9,
        "minute": 9,
        "second": 47,
        "nano": 0
      }
    },
    "citySender": "Щасливцеве (Херсонська обл.)",
    "cityRecipient": "Харків"
  },
  {
    "number": 59000455222667,
    "dateTime": {
      "date": {
        "year": 2019,
        "month": 10,
        "day": 16
      },
      "time": {
        "hour": 9,
        "minute": 10,
        "second": 41,
        "nano": 0
      }
    },
    "citySender": "Калуш",
    "cityRecipient": "Дніпро"
  },
  {
    "number": 59000455222668,
    "dateTime": {
      "date": {
        "year": 2019,
        "month": 10,
        "day": 16
      },
      "time": {
        "hour": 9,
        "minute": 10,
        "second": 32,
        "nano": 0
      }
    },
    "citySender": "Запоріжжя",
    "cityRecipient": "Кам\u0027янське(Дніпропетровська обл)"
  },
  {
    "number": 59000455222669,
    "dateTime": {
      "date": {
        "year": 2019,
        "month": 10,
        "day": 16
      },
      "time": {
        "hour": 9,
        "minute": 10,
        "second": 26,
        "nano": 0
      }
    },
    "citySender": "Білгород-Дністровський",
    "cityRecipient": "Кам\u0027янське(Дніпропетровська обл)"
  },
  {
    "number": 59000455222670,
    "dateTime": {
      "date": {
        "year": 2019,
        "month": 10,
        "day": 16
      },
      "time": {
        "hour": 9,
        "minute": 10,
        "second": 11,
        "nano": 0
      }
    },
    "citySender": "Полтава",
    "cityRecipient": "Кропивницький"
  },
  {
    "number": 59000455222671,
    "dateTime": {
      "date": {
        "year": 2019,
        "month": 10,
        "day": 16
      },
      "time": {
        "hour": 9,
        "minute": 10,
        "second": 34,
        "nano": 0
      }
    },
    "citySender": "Мукачево",
    "cityRecipient": "Ужгород"
  },
  {
    "number": 59000455222672,
    "dateTime": {
      "date": {
        "year": 2019,
        "month": 10,
        "day": 16
      },
      "time": {
        "hour": 9,
        "minute": 10,
        "second": 5,
        "nano": 0
      }
    },
    "citySender": "Черкаси",
    "cityRecipient": "Харків"
  },
  {
    "number": 59000455222673,
    "dateTime": {
      "date": {
        "year": 2019,
        "month": 10,
        "day": 16
      },
      "time": {
        "hour": 9,
        "minute": 10,
        "second": 12,
        "nano": 0
      }
    },
    "citySender": "Бердянськ",
    "cityRecipient": "Дніпро"
  },
  {
    "number": 59000455222674,
    "dateTime": {
      "date": {
        "year": 2019,
        "month": 10,
        "day": 16
      },
      "time": {
        "hour": 9,
        "minute": 10,
        "second": 14,
        "nano": 0
      }
    },
    "citySender": "Київ",
    "cityRecipient": "Маріуполь"
  },
  {
    "number": 59000455222675,
    "dateTime": {
      "date": {
        "year": 2019,
        "month": 10,
        "day": 16
      },
      "time": {
        "hour": 9,
        "minute": 9,
        "second": 34,
        "nano": 0
      }
    },
    "citySender": "Бурштин",
    "cityRecipient": "Одеса"
  },
  {
    "number": 59000455222676,
    "dateTime": {
      "date": {
        "year": 2019,
        "month": 10,
        "day": 16
      },
      "time": {
        "hour": 9,
        "minute": 10,
        "second": 43,
        "nano": 0
      }
    },
    "citySender": "Чернівці",
    "cityRecipient": "Київ"
  },
  {
    "number": 59000455222677,
    "dateTime": {
      "date": {
        "year": 2019,
        "month": 10,
        "day": 16
      },
      "time": {
        "hour": 9,
        "minute": 10,
        "second": 42,
        "nano": 0
      }
    },
    "citySender": "Покров (Дніпропетровська обл.)",
    "cityRecipient": "Мелітополь"
  },
  {
    "number": 59000455222678,
    "dateTime": {
      "date": {
        "year": 2019,
        "month": 10,
        "day": 16
      },
      "time": {
        "hour": 9,
        "minute": 7,
        "second": 36,
        "nano": 0
      }
    },
    "citySender": "Київ",
    "cityRecipient": "Харків"
  },
  {
    "number": 59000455222679,
    "dateTime": {
      "date": {
        "year": 2019,
        "month": 10,
        "day": 16
      },
      "time": {
        "hour": 9,
        "minute": 10,
        "second": 43,
        "nano": 0
      }
    },
    "citySender": "Новояворівськ",
    "cityRecipient": "Харків"
  },
  {
    "number": 59000455222680,
    "dateTime": {
      "date": {
        "year": 2019,
        "month": 10,
        "day": 16
      },
      "time": {
        "hour": 9,
        "minute": 10,
        "second": 37,
        "nano": 0
      }
    },
    "citySender": "Лисичанськ",
    "cityRecipient": "Лисичанськ"
  },
  {
    "number": 59000455222681,
    "dateTime": {
      "date": {
        "year": 2019,
        "month": 10,
        "day": 16
      },
      "time": {
        "hour": 9,
        "minute": 10,
        "second": 42,
        "nano": 0
      }
    },
    "citySender": "Чечельник",
    "cityRecipient": "Мелітополь"
  },
  {
    "number": 59000455222682,
    "dateTime": {
      "date": {
        "year": 2019,
        "month": 10,
        "day": 16
      },
      "time": {
        "hour": 9,
        "minute": 9,
        "second": 49,
        "nano": 0
      }
    },
    "citySender": "Рудки",
    "cityRecipient": "Миколаїв (Львівська обл., Миколаївський р-н)"
  },
  {
    "number": 59000455222683,
    "dateTime": {
      "date": {
        "year": 2019,
        "month": 10,
        "day": 16
      },
      "time": {
        "hour": 9,
        "minute": 10,
        "second": 9,
        "nano": 0
      }
    },
    "citySender": "Скалат",
    "cityRecipient": "Дніпро"
  },
  {
    "number": 59000455222684,
    "dateTime": {
      "date": {
        "year": 2019,
        "month": 10,
        "day": 16
      },
      "time": {
        "hour": 9,
        "minute": 10,
        "second": 28,
        "nano": 0
      }
    },
    "citySender": "Коростишів",
    "cityRecipient": "Синельникове"
  },
  {
    "number": 59000455222685,
    "dateTime": {
      "date": {
        "year": 2019,
        "month": 10,
        "day": 16
      },
      "time": {
        "hour": 9,
        "minute": 10,
        "second": 44,
        "nano": 0
      }
    },
    "citySender": "Нова Каховка",
    "cityRecipient": "Львів"
  },
  {
    "number": 59000455222686,
    "dateTime": {
      "date": {
        "year": 2019,
        "month": 10,
        "day": 16
      },
      "time": {
        "hour": 9,
        "minute": 10,
        "second": 22,
        "nano": 0
      }
    },
    "citySender": "Кам\u0027янське(Дніпропетровська обл)",
    "cityRecipient": "Генічеськ"
  },
  {
    "number": 59000455222687,
    "dateTime": {
      "date": {
        "year": 2019,
        "month": 10,
        "day": 16
      },
      "time": {
        "hour": 9,
        "minute": 10,
        "second": 43,
        "nano": 0
      }
    },
    "citySender": "Баранівка",
    "cityRecipient": "Десна (Чернігівська обл.)"
  },
  {
    "number": 59000455222688,
    "dateTime": {
      "date": {
        "year": 2019,
        "month": 10,
        "day": 16
      },
      "time": {
        "hour": 9,
        "minute": 9,
        "second": 12,
        "nano": 0
      }
    },
    "citySender": "Опитне (Бахмутський р-н)",
    "cityRecipient": "Львів"
  },
  {
    "number": 59000455222689,
    "dateTime": {
      "date": {
        "year": 2019,
        "month": 10,
        "day": 16
      },
      "time": {
        "hour": 9,
        "minute": 10,
        "second": 29,
        "nano": 0
      }
    },
    "citySender": "Вишневе",
    "cityRecipient": "Тернопіль"
  },
  {
    "number": 59000455222690,
    "dateTime": {
      "date": {
        "year": 2019,
        "month": 10,
        "day": 16
      },
      "time": {
        "hour": 9,
        "minute": 10,
        "second": 0,
        "nano": 0
      }
    },
    "citySender": "Чорноморськ",
    "cityRecipient": "Ізюм"
  },
  {
    "number": 59000455222691,
    "dateTime": {
      "date": {
        "year": 2019,
        "month": 10,
        "day": 16
      },
      "time": {
        "hour": 9,
        "minute": 9,
        "second": 49,
        "nano": 0
      }
    },
    "citySender": "Васильків",
    "cityRecipient": "Моршин"
  },
  {
    "number": 59000455222692,
    "dateTime": {
      "date": {
        "year": 2019,
        "month": 10,
        "day": 16
      },
      "time": {
        "hour": 9,
        "minute": 9,
        "second": 31,
        "nano": 0
      }
    },
    "citySender": "Київ",
    "cityRecipient": "Березне"
  },
  {
    "number": 59000455222693,
    "dateTime": {
      "date": {
        "year": 2019,
        "month": 10,
        "day": 16
      },
      "time": {
        "hour": 9,
        "minute": 10,
        "second": 45,
        "nano": 0
      }
    },
    "citySender": "Львів",
    "cityRecipient": "Одеса"
  },
  {
    "number": 59000455222694,
    "dateTime": {
      "date": {
        "year": 2019,
        "month": 10,
        "day": 16
      },
      "time": {
        "hour": 9,
        "minute": 9,
        "second": 49,
        "nano": 0
      }
    },
    "citySender": "Лозуватка(Криворізький р-н)",
    "cityRecipient": "Новомосковськ"
  },
  {
    "number": 59000455222695,
    "dateTime": {
      "date": {
        "year": 2019,
        "month": 10,
        "day": 16
      },
      "time": {
        "hour": 9,
        "minute": 9,
        "second": 14,
        "nano": 0
      }
    },
    "citySender": "Іллінці",
    "cityRecipient": "Київ"
  },
  {
    "number": 59000455222697,
    "dateTime": {
      "date": {
        "year": 2019,
        "month": 10,
        "day": 16
      },
      "time": {
        "hour": 9,
        "minute": 10,
        "second": 33,
        "nano": 0
      }
    },
    "citySender": "Шпола",
    "cityRecipient": "Дніпро"
  },
  {
    "number": 59000455222698,
    "dateTime": {
      "date": {
        "year": 2019,
        "month": 10,
        "day": 16
      },
      "time": {
        "hour": 9,
        "minute": 10,
        "second": 18,
        "nano": 0
      }
    },
    "citySender": "Рожнів",
    "cityRecipient": "Томаківка"
  },
  {
    "number": 59000455222699,
    "dateTime": {
      "date": {
        "year": 2019,
        "month": 10,
        "day": 16
      },
      "time": {
        "hour": 9,
        "minute": 10,
        "second": 16,
        "nano": 0
      }
    },
    "citySender": "Городок(Львівська обл.)",
    "cityRecipient": "Горішні Плавні"
  }
]