[
  {
    "number": 59000455255786,
    "dateTime": {
      "date": {
        "year": 2019,
        "month": 10,
        "day": 16
      },
      "time": {
        "hour": 10,
        "minute": 46,
        "second": 42,
        "nano": 0
      }
    },
    "citySender": "Копилів",
    "cityRecipient": "Київ"
  },
  {
    "number": 59000455255787,
    "dateTime": {
      "date": {
        "year": 2019,
        "month": 10,
        "day": 16
      },
      "time": {
        "hour": 10,
        "minute": 46,
        "second": 42,
        "nano": 0
      }
    },
    "citySender": "Гадяч",
    "cityRecipient": "Київ"
  },
  {
    "number": 59000455255788,
    "dateTime": {
      "date": {
        "year": 2019,
        "month": 10,
        "day": 16
      },
      "time": {
        "hour": 10,
        "minute": 45,
        "second": 59,
        "nano": 0
      }
    },
    "citySender": "Київ",
    "cityRecipient": "Рівне"
  },
  {
    "number": 59000455255789,
    "dateTime": {
      "date": {
        "year": 2019,
        "month": 10,
        "day": 16
      },
      "time": {
        "hour": 10,
        "minute": 46,
        "second": 19,
        "nano": 0
      }
    },
    "citySender": "Київ",
    "cityRecipient": "Кривий Ріг"
  },
  {
    "number": 59000455255790,
    "dateTime": {
      "date": {
        "year": 2019,
        "month": 10,
        "day": 16
      },
      "time": {
        "hour": 10,
        "minute": 46,
        "second": 30,
        "nano": 0
      }
    },
    "citySender": "Харків",
    "cityRecipient": "Новий Калинів"
  },
  {
    "number": 59000455255791,
    "dateTime": {
      "date": {
        "year": 2019,
        "month": 10,
        "day": 16
      },
      "time": {
        "hour": 10,
        "minute": 45,
        "second": 58,
        "nano": 0
      }
    },
    "citySender": "Красноград (Харківська обл)",
    "cityRecipient": "Сінгури"
  },
  {
    "number": 59000455255792,
    "dateTime": {
      "date": {
        "year": 2019,
        "month": 10,
        "day": 16
      },
      "time": {
        "hour": 10,
        "minute": 43,
        "second": 8,
        "nano": 0
      }
    },
    "citySender": "Бердичів",
    "cityRecipient": "Білогір\u0027я"
  },
  {
    "number": 59000455255793,
    "dateTime": {
      "date": {
        "year": 2019,
        "month": 10,
        "day": 16
      },
      "time": {
        "hour": 10,
        "minute": 45,
        "second": 29,
        "nano": 0
      }
    },
    "citySender": "Дніпро",
    "cityRecipient": "Дніпро"
  },
  {
    "number": 59000455255794,
    "dateTime": {
      "date": {
        "year": 2019,
        "month": 10,
        "day": 16
      },
      "time": {
        "hour": 10,
        "minute": 46,
        "second": 21,
        "nano": 0
      }
    },
    "citySender": "Київ",
    "cityRecipient": "Запоріжжя"
  },
  {
    "number": 59000455255795,
    "dateTime": {
      "date": {
        "year": 2019,
        "month": 10,
        "day": 16
      },
      "time": {
        "hour": 10,
        "minute": 44,
        "second": 58,
        "nano": 0
      }
    },
    "citySender": "Вознесенськ",
    "cityRecipient": "Харків"
  },
  {
    "number": 59000455255796,
    "dateTime": {
      "date": {
        "year": 2019,
        "month": 10,
        "day": 16
      },
      "time": {
        "hour": 10,
        "minute": 46,
        "second": 27,
        "nano": 0
      }
    },
    "citySender": "Київ",
    "cityRecipient": "Київ"
  },
  {
    "number": 59000455255797,
    "dateTime": {
      "date": {
        "year": 2019,
        "month": 10,
        "day": 16
      },
      "time": {
        "hour": 10,
        "minute": 45,
        "second": 16,
        "nano": 0
      }
    },
    "citySender": "Ужгород",
    "cityRecipient": "Волноваха"
  },
  {
    "number": 59000455255800,
    "dateTime": {
      "date": {
        "year": 2019,
        "month": 10,
        "day": 16
      },
      "time": {
        "hour": 10,
        "minute": 46,
        "second": 41,
        "nano": 0
      }
    },
    "citySender": "Бердянськ",
    "cityRecipient": "Дніпро"
  },
  {
    "number": 59000455255802,
    "dateTime": {
      "date": {
        "year": 2019,
        "month": 10,
        "day": 16
      },
      "time": {
        "hour": 10,
        "minute": 46,
        "second": 40,
        "nano": 0
      }
    },
    "citySender": "Усть-Путила",
    "cityRecipient": "Борислав (Львівська обл.)"
  },
  {
    "number": 59000455255803,
    "dateTime": {
      "date": {
        "year": 2019,
        "month": 10,
        "day": 16
      },
      "time": {
        "hour": 10,
        "minute": 45,
        "second": 59,
        "nano": 0
      }
    },
    "citySender": "Львів",
    "cityRecipient": "Полонне"
  },
  {
    "number": 59000455255804,
    "dateTime": {
      "date": {
        "year": 2019,
        "month": 10,
        "day": 16
      },
      "time": {
        "hour": 10,
        "minute": 46,
        "second": 35,
        "nano": 0
      }
    },
    "citySender": "Кам\u0027янське(Дніпропетровська обл)",
    "cityRecipient": "Березнегувате"
  },
  {
    "number": 59000455255805,
    "dateTime": {
      "date": {
        "year": 2019,
        "month": 10,
        "day": 16
      },
      "time": {
        "hour": 10,
        "minute": 46,
        "second": 45,
        "nano": 0
      }
    },
    "citySender": "Полтава",
    "cityRecipient": "Харків"
  },
  {
    "number": 59000455255806,
    "dateTime": {
      "date": {
        "year": 2019,
        "month": 10,
        "day": 16
      },
      "time": {
        "hour": 10,
        "minute": 46,
        "second": 22,
        "nano": 0
      }
    },
    "citySender": "Новомосковськ",
    "cityRecipient": "Київ"
  },
  {
    "number": 59000455255809,
    "dateTime": {
      "date": {
        "year": 2019,
        "month": 10,
        "day": 16
      },
      "time": {
        "hour": 10,
        "minute": 46,
        "second": 36,
        "nano": 0
      }
    },
    "citySender": "Вінниця",
    "cityRecipient": "Білгород-Дністровський"
  },
  {
    "number": 59000455255811,
    "dateTime": {
      "date": {
        "year": 2019,
        "month": 10,
        "day": 16
      },
      "time": {
        "hour": 10,
        "minute": 44,
        "second": 22,
        "nano": 0
      }
    },
    "citySender": "Заставна",
    "cityRecipient": "Хоростків"
  },
  {
    "number": 59000455255812,
    "dateTime": {
      "date": {
        "year": 2019,
        "month": 10,
        "day": 16
      },
      "time": {
        "hour": 10,
        "minute": 46,
        "second": 19,
        "nano": 0
      }
    },
    "citySender": "Київ",
    "cityRecipient": "Коломия"
  },
  {
    "number": 59000455255813,
    "dateTime": {
      "date": {
        "year": 2019,
        "month": 10,
        "day": 16
      },
      "time": {
        "hour": 10,
        "minute": 46,
        "second": 37,
        "nano": 0
      }
    },
    "citySender": "Харків",
    "cityRecipient": "Дніпро"
  },
  {
    "number": 59000455255814,
    "dateTime": {
      "date": {
        "year": 2019,
        "month": 10,
        "day": 16
      },
      "time": {
        "hour": 10,
        "minute": 46,
        "second": 5,
        "nano": 0
      }
    },
    "citySender": "Воловець",
    "cityRecipient": "Одеса"
  },
  {
    "number": 59000455255815,
    "dateTime": {
      "date": {
        "year": 2019,
        "month": 10,
        "day": 16
      },
      "time": {
        "hour": 10,
        "minute": 46,
        "second": 26,
        "nano": 0
      }
    },
    "citySender": "Святопетрівське (Києво-Свят.р-н)",
    "cityRecipient": "Харків"
  },
  {
    "number": 59000455255816,
    "dateTime": {
      "date": {
        "year": 2019,
        "month": 10,
        "day": 16
      },
      "time": {
        "hour": 10,
        "minute": 46,
        "second": 47,
        "nano": 0
      }
    },
    "citySender": "Корсунь-Шевченківський",
    "cityRecipient": "Черкаси"
  },
  {
    "number": 59000455255817,
    "dateTime": {
      "date": {
        "year": 2019,
        "month": 10,
        "day": 16
      },
      "time": {
        "hour": 10,
        "minute": 45,
        "second": 15,
        "nano": 0
      }
    },
    "citySender": "Київ",
    "cityRecipient": "Кривий Ріг"
  },
  {
    "number": 59000455255818,
    "dateTime": {
      "date": {
        "year": 2019,
        "month": 10,
        "day": 16
      },
      "time": {
        "hour": 10,
        "minute": 46,
        "second": 46,
        "nano": 0
      }
    },
    "citySender": "Жмеринка",
    "cityRecipient": "Київ"
  },
  {
    "number": 59000455255820,
    "dateTime": {
      "date": {
        "year": 2019,
        "month": 10,
        "day": 16
      },
      "time": {
        "hour": 10,
        "minute": 46,
        "second": 41,
        "nano": 0
      }
    },
    "citySender": "Новотроїцьке (Херсонська обл.)",
    "cityRecipient": "Харків"
  },
  {
    "number": 59000455255821,
    "dateTime": {
      "date": {
        "year": 2019,
        "month": 10,
        "day": 16
      },
      "time": {
        "hour": 10,
        "minute": 46,
        "second": 48,
        "nano": 0
      }
    },
    "citySender": "Синельникове",
    "cityRecipient": "Вінниця"
  },
  {
    "number": 59000455255822,
    "dateTime": {
      "date": {
        "year": 2019,
        "month": 10,
        "day": 16
      },
      "time": {
        "hour": 10,
        "minute": 46,
        "second": 48,
        "nano": 0
      }
    },
    "citySender": "Балаклія (Харківська обл.)",
    "cityRecipient": "Бровари"
  },
  {
    "number": 59000455255823,
    "dateTime": {
      "date": {
        "year": 2019,
        "month": 10,
        "day": 16
      },
      "time": {
        "hour": 10,
        "minute": 46,
        "second": 48,
        "nano": 0
      }
    },
    "citySender": "Тетіїв",
    "cityRecipient": "Хмельницький"
  },
  {
    "number": 59000455255824,
    "dateTime": {
      "date": {
        "year": 2019,
        "month": 10,
        "day": 16
      },
      "time": {
        "hour": 10,
        "minute": 46,
        "second": 35,
        "nano": 0
      }
    },
    "citySender": "Полтава",
    "cityRecipient": "Конотоп"
  },
  {
    "number": 59000455255825,
    "dateTime": {
      "date": {
        "year": 2019,
        "month": 10,
        "day": 16
      },
      "time": {
        "hour": 10,
        "minute": 46,
        "second": 41,
        "nano": 0
      }
    },
    "citySender": "Южне",
    "cityRecipient": "Київ"
  },
  {
    "number": 59000455255826,
    "dateTime": {
      "date": {
        "year": 2019,
        "month": 10,
        "day": 16
      },
      "time": {
        "hour": 10,
        "minute": 46,
        "second": 28,
        "nano": 0
      }
    },
    "citySender": "Городенка",
    "cityRecipient": "Вишневе"
  },
  {
    "number": 59000455255827,
    "dateTime": {
      "date": {
        "year": 2019,
        "month": 10,
        "day": 16
      },
      "time": {
        "hour": 10,
        "minute": 46,
        "second": 10,
        "nano": 0
      }
    },
    "citySender": "Глибока",
    "cityRecipient": "Могилів-Подільський"
  },
  {
    "number": 59000455255828,
    "dateTime": {
      "date": {
        "year": 2019,
        "month": 10,
        "day": 16
      },
      "time": {
        "hour": 10,
        "minute": 45,
        "second": 59,
        "nano": 0
      }
    },
    "citySender": "Рівне",
    "cityRecipient": "Львів"
  },
  {
    "number": 59000455255829,
    "dateTime": {
      "date": {
        "year": 2019,
        "month": 10,
        "day": 16
      },
      "time": {
        "hour": 10,
        "minute": 38,
        "second": 51,
        "nano": 0
      }
    },
    "citySender": "Полтава",
    "cityRecipient": "Ірпінь"
  },
  {
    "number": 59000455255830,
    "dateTime": {
      "date": {
        "year": 2019,
        "month": 10,
        "day": 16
      },
      "time": {
        "hour": 10,
        "minute": 46,
        "second": 21,
        "nano": 0
      }
    },
    "citySender": "Народичі",
    "cityRecipient": "Вінниця"
  },
  {
    "number": 59000455255831,
    "dateTime": {
      "date": {
        "year": 2019,
        "month": 10,
        "day": 16
      },
      "time": {
        "hour": 10,
        "minute": 46,
        "second": 35,
        "nano": 0
      }
    },
    "citySender": "Кривий Ріг",
    "cityRecipient": "Вороб\u0027ївка"
  },
  {
    "number": 59000455255832,
    "dateTime": {
      "date": {
        "year": 2019,
        "month": 10,
        "day": 16
      },
      "time": {
        "hour": 10,
        "minute": 46,
        "second": 47,
        "nano": 0
      }
    },
    "citySender": "Куликів",
    "cityRecipient": "Львів"
  },
  {
    "number": 59000455255833,
    "dateTime": {
      "date": {
        "year": 2019,
        "month": 10,
        "day": 16
      },
      "time": {
        "hour": 10,
        "minute": 46,
        "second": 50,
        "nano": 0
      }
    },
    "citySender": "Солотвино",
    "cityRecipient": "Київ"
  },
  {
    "number": 59000455255834,
    "dateTime": {
      "date": {
        "year": 2019,
        "month": 10,
        "day": 16
      },
      "time": {
        "hour": 10,
        "minute": 46,
        "second": 43,
        "nano": 0
      }
    },
    "citySender": "Київ",
    "cityRecipient": "Київ"
  },
  {
    "number": 59000455255835,
    "dateTime": {
      "date": {
        "year": 2019,
        "month": 10,
        "day": 16
      },
      "time": {
        "hour": 10,
        "minute": 46,
        "second": 50,
        "nano": 0
      }
    },
    "citySender": "Городок(Львівська обл.)",
    "cityRecipient": "Львів"
  },
  {
    "number": 59000455255836,
    "dateTime": {
      "date": {
        "year": 2019,
        "month": 10,
        "day": 16
      },
      "time": {
        "hour": 10,
        "minute": 46,
        "second": 48,
        "nano": 0
      }
    },
    "citySender": "Теребовля",
    "cityRecipient": "Новоархангельськ"
  },
  {
    "number": 59000455255837,
    "dateTime": {
      "date": {
        "year": 2019,
        "month": 10,
        "day": 16
      },
      "time": {
        "hour": 10,
        "minute": 46,
        "second": 37,
        "nano": 0
      }
    },
    "citySender": "Запоріжжя",
    "cityRecipient": "Кам\u0027янець-Подільський"
  },
  {
    "number": 59000455255838,
    "dateTime": {
      "date": {
        "year": 2019,
        "month": 10,
        "day": 16
      },
      "time": {
        "hour": 10,
        "minute": 46,
        "second": 51,
        "nano": 0
      }
    },
    "citySender": "Дуліби",
    "cityRecipient": "Київ"
  },
  {
    "number": 59000455255839,
    "dateTime": {
      "date": {
        "year": 2019,
        "month": 10,
        "day": 16
      },
      "time": {
        "hour": 10,
        "minute": 45,
        "second": 51,
        "nano": 0
      }
    },
    "citySender": "Велика Новосілка",
    "cityRecipient": "Харків"
  },
  {
    "number": 59000455255840,
    "dateTime": {
      "date": {
        "year": 2019,
        "month": 10,
        "day": 16
      },
      "time": {
        "hour": 10,
        "minute": 46,
        "second": 29,
        "nano": 0
      }
    },
    "citySender": "Дніпро",
    "cityRecipient": "Панютине"
  },
  {
    "number": 59000455255841,
    "dateTime": {
      "date": {
        "year": 2019,
        "month": 10,
        "day": 16
      },
      "time": {
        "hour": 10,
        "minute": 46,
        "second": 41,
        "nano": 0
      }
    },
    "citySender": "Дніпро",
    "cityRecipient": "Підгородне (Дніпропетровська обл.)"
  },
  {
    "number": 59000455255842,
    "dateTime": {
      "date": {
        "year": 2019,
        "month": 10,
        "day": 16
      },
      "time": {
        "hour": 10,
        "minute": 45,
        "second": 24,
        "nano": 0
      }
    },
    "citySender": "Святогірськ",
    "cityRecipient": "Краматорськ"
  },
  {
    "number": 59000455255843,
    "dateTime": {
      "date": {
        "year": 2019,
        "month": 10,
        "day": 16
      },
      "time": {
        "hour": 10,
        "minute": 45,
        "second": 50,
        "nano": 0
      }
    },
    "citySender": "Володимир-Волинський",
    "cityRecipient": "Олика"
  },
  {
    "number": 59000455255844,
    "dateTime": {
      "date": {
        "year": 2019,
        "month": 10,
        "day": 16
      },
      "time": {
        "hour": 10,
        "minute": 46,
        "second": 45,
        "nano": 0
      }
    },
    "citySender": "Львів",
    "cityRecipient": "Дрогобич"
  },
  {
    "number": 59000455255845,
    "dateTime": {
      "date": {
        "year": 2019,
        "month": 10,
        "day": 16
      },
      "time": {
        "hour": 10,
        "minute": 46,
        "second": 30,
        "nano": 0
      }
    },
    "citySender": "Київ",
    "cityRecipient": "Окни"
  },
  {
    "number": 59000455255846,
    "dateTime": {
      "date": {
        "year": 2019,
        "month": 10,
        "day": 16
      },
      "time": {
        "hour": 10,
        "minute": 46,
        "second": 52,
        "nano": 0
      }
    },
    "citySender": "Дніпро",
    "cityRecipient": "Київ"
  },
  {
    "number": 59000455255847,
    "dateTime": {
      "date": {
        "year": 2019,
        "month": 10,
        "day": 16
      },
      "time": {
        "hour": 10,
        "minute": 46,
        "second": 42,
        "nano": 0
      }
    },
    "citySender": "Нікольське (Володарський р-н., Донецька обл.)",
    "cityRecipient": "Старокостянтинів"
  },
  {
    "number": 59000455255848,
    "dateTime": {
      "date": {
        "year": 2019,
        "month": 10,
        "day": 16
      },
      "time": {
        "hour": 10,
        "minute": 46,
        "second": 33,
        "nano": 0
      }
    },
    "citySender": "Київ",
    "cityRecipient": "Умань"
  },
  {
    "number": 59000455255849,
    "dateTime": {
      "date": {
        "year": 2019,
        "month": 10,
        "day": 16
      },
      "time": {
        "hour": 10,
        "minute": 46,
        "second": 27,
        "nano": 0
      }
    },
    "citySender": "Звенигородка",
    "cityRecipient": "Івано-Франківськ"
  },
  {
    "number": 59000455255850,
    "dateTime": {
      "date": {
        "year": 2019,
        "month": 10,
        "day": 16
      },
      "time": {
        "hour": 10,
        "minute": 46,
        "second": 54,
        "nano": 0
      }
    },
    "citySender": "Полтава",
    "cityRecipient": "Кривий Ріг"
  },
  {
    "number": 59000455255851,
    "dateTime": {
      "date": {
        "year": 2019,
        "month": 10,
        "day": 16
      },
      "time": {
        "hour": 10,
        "minute": 45,
        "second": 35,
        "nano": 0
      }
    },
    "citySender": "Кілія",
    "cityRecipient": "Самбір"
  },
  {
    "number": 59000455255852,
    "dateTime": {
      "date": {
        "year": 2019,
        "month": 10,
        "day": 16
      },
      "time": {
        "hour": 10,
        "minute": 46,
        "second": 53,
        "nano": 0
      }
    },
    "citySender": "Кельменці",
    "cityRecipient": "Бучач"
  },
  {
    "number": 59000455255853,
    "dateTime": {
      "date": {
        "year": 2019,
        "month": 10,
        "day": 16
      },
      "time": {
        "hour": 10,
        "minute": 46,
        "second": 10,
        "nano": 0
      }
    },
    "citySender": "Рованці",
    "cityRecipient": "Обухів"
  },
  {
    "number": 59000455255854,
    "dateTime": {
      "date": {
        "year": 2019,
        "month": 10,
        "day": 16
      },
      "time": {
        "hour": 10,
        "minute": 46,
        "second": 26,
        "nano": 0
      }
    },
    "citySender": "Дніпро",
    "cityRecipient": "Радушне"
  },
  {
    "number": 59000455255855,
    "dateTime": {
      "date": {
        "year": 2019,
        "month": 10,
        "day": 16
      },
      "time": {
        "hour": 10,
        "minute": 46,
        "second": 49,
        "nano": 0
      }
    },
    "citySender": "Харків",
    "cityRecipient": "Стрий"
  },
  {
    "number": 59000455255856,
    "dateTime": {
      "date": {
        "year": 2019,
        "month": 10,
        "day": 16
      },
      "time": {
        "hour": 10,
        "minute": 45,
        "second": 36,
        "nano": 0
      }
    },
    "citySender": "Тернопіль",
    "cityRecipient": "Негівці"
  },
  {
    "number": 59000455255857,
    "dateTime": {
      "date": {
        "year": 2019,
        "month": 10,
        "day": 16
      },
      "time": {
        "hour": 10,
        "minute": 46,
        "second": 55,
        "nano": 0
      }
    },
    "citySender": "Хмельницький",
    "cityRecipient": "Хмельницький"
  },
  {
    "number": 59000455255858,
    "dateTime": {
      "date": {
        "year": 2019,
        "month": 10,
        "day": 16
      },
      "time": {
        "hour": 10,
        "minute": 46,
        "second": 55,
        "nano": 0
      }
    },
    "citySender": "Щирець",
    "cityRecipient": "Львів"
  },
  {
    "number": 59000455255859,
    "dateTime": {
      "date": {
        "year": 2019,
        "month": 10,
        "day": 16
      },
      "time": {
        "hour": 10,
        "minute": 46,
        "second": 33,
        "nano": 0
      }
    },
    "citySender": "Хмельницький",
    "cityRecipient": "Вінниця"
  },
  {
    "number": 59000455255860,
    "dateTime": {
      "date": {
        "year": 2019,
        "month": 10,
        "day": 16
      },
      "time": {
        "hour": 10,
        "minute": 46,
        "second": 9,
        "nano": 0
      }
    },
    "citySender": "Суми",
    "cityRecipient": "Шостка"
  },
  {
    "number": 59000455255861,
    "dateTime": {
      "date": {
        "year": 2019,
        "month": 10,
        "day": 16
      },
      "time": {
        "hour": 10,
        "minute": 46,
        "second": 26,
        "nano": 0
      }
    },
    "citySender": "Вараш",
    "cityRecipient": "Дніпро"
  },
  {
    "number": 59000455255862,
    "dateTime": {
      "date": {
        "year": 2019,
        "month": 10,
        "day": 16
      },
      "time": {
        "hour": 10,
        "minute": 46,
        "second": 55,
        "nano": 0
      }
    },
    "citySender": "Торецьк",
    "cityRecipient": "Старобільськ"
  },
  {
    "number": 59000455255863,
    "dateTime": {
      "date": {
        "year": 2019,
        "month": 10,
        "day": 16
      },
      "time": {
        "hour": 10,
        "minute": 46,
        "second": 31,
        "nano": 0
      }
    },
    "citySender": "Авдіївка (Донецька обл.)",
    "cityRecipient": "Київ"
  },
  {
    "number": 59000455255864,
    "dateTime": {
      "date": {
        "year": 2019,
        "month": 10,
        "day": 16
      },
      "time": {
        "hour": 10,
        "minute": 46,
        "second": 23,
        "nano": 0
      }
    },
    "citySender": "Харків",
    "cityRecipient": "Ізюм"
  },
  {
    "number": 59000455255865,
    "dateTime": {
      "date": {
        "year": 2019,
        "month": 10,
        "day": 16
      },
      "time": {
        "hour": 10,
        "minute": 46,
        "second": 55,
        "nano": 0
      }
    },
    "citySender": "Київ",
    "cityRecipient": "Шостка"
  },
  {
    "number": 59000455255866,
    "dateTime": {
      "date": {
        "year": 2019,
        "month": 10,
        "day": 16
      },
      "time": {
        "hour": 10,
        "minute": 46,
        "second": 49,
        "nano": 0
      }
    },
    "citySender": "Одеса",
    "cityRecipient": "Кучурган"
  },
  {
    "number": 59000455255867,
    "dateTime": {
      "date": {
        "year": 2019,
        "month": 10,
        "day": 16
      },
      "time": {
        "hour": 10,
        "minute": 46,
        "second": 26,
        "nano": 0
      }
    },
    "citySender": "Львів",
    "cityRecipient": "Чернігів"
  },
  {
    "number": 59000455255869,
    "dateTime": {
      "date": {
        "year": 2019,
        "month": 10,
        "day": 16
      },
      "time": {
        "hour": 10,
        "minute": 46,
        "second": 57,
        "nano": 0
      }
    },
    "citySender": "Суми",
    "cityRecipient": "Полтава"
  },
  {
    "number": 59000455255870,
    "dateTime": {
      "date": {
        "year": 2019,
        "month": 10,
        "day": 16
      },
      "time": {
        "hour": 10,
        "minute": 46,
        "second": 57,
        "nano": 0
      }
    },
    "citySender": "Кам\u0027янське(Дніпропетровська обл)",
    "cityRecipient": "Дніпро"
  },
  {
    "number": 59000455255871,
    "dateTime": {
      "date": {
        "year": 2019,
        "month": 10,
        "day": 16
      },
      "time": {
        "hour": 10,
        "minute": 46,
        "second": 30,
        "nano": 0
      }
    },
    "citySender": "Одеса",
    "cityRecipient": "Херсон"
  },
  {
    "number": 59000455255872,
    "dateTime": {
      "date": {
        "year": 2019,
        "month": 10,
        "day": 16
      },
      "time": {
        "hour": 10,
        "minute": 46,
        "second": 57,
        "nano": 0
      }
    },
    "citySender": "Новотроїцьке (Херсонська обл.)",
    "cityRecipient": "Харків"
  },
  {
    "number": 59000455255873,
    "dateTime": {
      "date": {
        "year": 2019,
        "month": 10,
        "day": 16
      },
      "time": {
        "hour": 10,
        "minute": 46,
        "second": 48,
        "nano": 0
      }
    },
    "citySender": "Золотоноша",
    "cityRecipient": "Бровари"
  },
  {
    "number": 59000455255874,
    "dateTime": {
      "date": {
        "year": 2019,
        "month": 10,
        "day": 16
      },
      "time": {
        "hour": 10,
        "minute": 46,
        "second": 56,
        "nano": 0
      }
    },
    "citySender": "Київ",
    "cityRecipient": "Харків"
  },
  {
    "number": 59000455255875,
    "dateTime": {
      "date": {
        "year": 2019,
        "month": 10,
        "day": 16
      },
      "time": {
        "hour": 10,
        "minute": 46,
        "second": 35,
        "nano": 0
      }
    },
    "citySender": "Київ",
    "cityRecipient": "Київ"
  },
  {
    "number": 59000455255876,
    "dateTime": {
      "date": {
        "year": 2019,
        "month": 10,
        "day": 16
      },
      "time": {
        "hour": 10,
        "minute": 46,
        "second": 56,
        "nano": 0
      }
    },
    "citySender": "Черкаси",
    "cityRecipient": "Київ"
  },
  {
    "number": 59000455255877,
    "dateTime": {
      "date": {
        "year": 2019,
        "month": 10,
        "day": 16
      },
      "time": {
        "hour": 10,
        "minute": 46,
        "second": 29,
        "nano": 0
      }
    },
    "citySender": "Бобровиця",
    "cityRecipient": "Берегомет"
  },
  {
    "number": 59000455255878,
    "dateTime": {
      "date": {
        "year": 2019,
        "month": 10,
        "day": 16
      },
      "time": {
        "hour": 10,
        "minute": 46,
        "second": 55,
        "nano": 0
      }
    },
    "citySender": "Київ",
    "cityRecipient": "Київ"
  },
  {
    "number": 59000455255879,
    "dateTime": {
      "date": {
        "year": 2019,
        "month": 10,
        "day": 16
      },
      "time": {
        "hour": 10,
        "minute": 46,
        "second": 50,
        "nano": 0
      }
    },
    "citySender": "Цибулів",
    "cityRecipient": "Черкаси"
  },
  {
    "number": 59000455255881,
    "dateTime": {
      "date": {
        "year": 2019,
        "month": 10,
        "day": 16
      },
      "time": {
        "hour": 10,
        "minute": 46,
        "second": 49,
        "nano": 0
      }
    },
    "citySender": "Черкаси",
    "cityRecipient": "Київ"
  },
  {
    "number": 59000455255882,
    "dateTime": {
      "date": {
        "year": 2019,
        "month": 10,
        "day": 16
      },
      "time": {
        "hour": 10,
        "minute": 45,
        "second": 27,
        "nano": 0
      }
    },
    "citySender": "Чубинське",
    "cityRecipient": "Ківерці"
  },
  {
    "number": 59000455255883,
    "dateTime": {
      "date": {
        "year": 2019,
        "month": 10,
        "day": 16
      },
      "time": {
        "hour": 10,
        "minute": 45,
        "second": 59,
        "nano": 0
      }
    },
    "citySender": "Дубровиця (Рівненська обл.)",
    "cityRecipient": "Київ"
  },
  {
    "number": 59000455255884,
    "dateTime": {
      "date": {
        "year": 2019,
        "month": 10,
        "day": 16
      },
      "time": {
        "hour": 10,
        "minute": 46,
        "second": 56,
        "nano": 0
      }
    },
    "citySender": "Кропивницький",
    "cityRecipient": "Бахмут"
  },
  {
    "number": 59000455255885,
    "dateTime": {
      "date": {
        "year": 2019,
        "month": 10,
        "day": 16
      },
      "time": {
        "hour": 10,
        "minute": 46,
        "second": 52,
        "nano": 0
      }
    },
    "citySender": "Київ",
    "cityRecipient": "Дніпро"
  }
]