[
  {
    "number": 59000455256386,
    "dateTime": {
      "date": {
        "year": 2019,
        "month": 10,
        "day": 16
      },
      "time": {
        "hour": 10,
        "minute": 47,
        "second": 48,
        "nano": 0
      }
    },
    "citySender": "Рівне",
    "cityRecipient": "Одеса"
  },
  {
    "number": 59000455256387,
    "dateTime": {
      "date": {
        "year": 2019,
        "month": 10,
        "day": 16
      },
      "time": {
        "hour": 10,
        "minute": 48,
        "second": 16,
        "nano": 0
      }
    },
    "citySender": "Миропіль(Житомирська обл.)",
    "cityRecipient": "Київ"
  },
  {
    "number": 59000455256388,
    "dateTime": {
      "date": {
        "year": 2019,
        "month": 10,
        "day": 16
      },
      "time": {
        "hour": 10,
        "minute": 47,
        "second": 56,
        "nano": 0
      }
    },
    "citySender": "Узин",
    "cityRecipient": "Херсон"
  },
  {
    "number": 59000455256389,
    "dateTime": {
      "date": {
        "year": 2019,
        "month": 10,
        "day": 16
      },
      "time": {
        "hour": 10,
        "minute": 48,
        "second": 0,
        "nano": 0
      }
    },
    "citySender": "Київ",
    "cityRecipient": "Київ"
  },
  {
    "number": 59000455256390,
    "dateTime": {
      "date": {
        "year": 2019,
        "month": 10,
        "day": 16
      },
      "time": {
        "hour": 10,
        "minute": 48,
        "second": 7,
        "nano": 0
      }
    },
    "citySender": "Кирилівка(Якимівський р-н)",
    "cityRecipient": "Вільногірськ"
  },
  {
    "number": 59000455256391,
    "dateTime": {
      "date": {
        "year": 2019,
        "month": 10,
        "day": 16
      },
      "time": {
        "hour": 10,
        "minute": 47,
        "second": 15,
        "nano": 0
      }
    },
    "citySender": "Низи",
    "cityRecipient": "Нікополь (Дніпропетровська обл.)"
  },
  {
    "number": 59000455256392,
    "dateTime": {
      "date": {
        "year": 2019,
        "month": 10,
        "day": 16
      },
      "time": {
        "hour": 10,
        "minute": 48,
        "second": 16,
        "nano": 0
      }
    },
    "citySender": "Камінь-Каширський",
    "cityRecipient": "Харків"
  },
  {
    "number": 59000455256393,
    "dateTime": {
      "date": {
        "year": 2019,
        "month": 10,
        "day": 16
      },
      "time": {
        "hour": 10,
        "minute": 48,
        "second": 2,
        "nano": 0
      }
    },
    "citySender": "Генічеськ",
    "cityRecipient": "Одеса"
  },
  {
    "number": 59000455256394,
    "dateTime": {
      "date": {
        "year": 2019,
        "month": 10,
        "day": 16
      },
      "time": {
        "hour": 10,
        "minute": 47,
        "second": 33,
        "nano": 0
      }
    },
    "citySender": "Бровари",
    "cityRecipient": "Чернівці"
  },
  {
    "number": 59000455256395,
    "dateTime": {
      "date": {
        "year": 2019,
        "month": 10,
        "day": 16
      },
      "time": {
        "hour": 10,
        "minute": 47,
        "second": 45,
        "nano": 0
      }
    },
    "citySender": "Харків",
    "cityRecipient": "Херсон"
  },
  {
    "number": 59000455256396,
    "dateTime": {
      "date": {
        "year": 2019,
        "month": 10,
        "day": 16
      },
      "time": {
        "hour": 10,
        "minute": 48,
        "second": 13,
        "nano": 0
      }
    },
    "citySender": "Гримайлів",
    "cityRecipient": "Івано-Франківськ"
  },
  {
    "number": 59000455256397,
    "dateTime": {
      "date": {
        "year": 2019,
        "month": 10,
        "day": 16
      },
      "time": {
        "hour": 10,
        "minute": 48,
        "second": 9,
        "nano": 0
      }
    },
    "citySender": "Камінь-Каширський",
    "cityRecipient": "Сєвєродонецьк"
  },
  {
    "number": 59000455256398,
    "dateTime": {
      "date": {
        "year": 2019,
        "month": 10,
        "day": 16
      },
      "time": {
        "hour": 10,
        "minute": 47,
        "second": 56,
        "nano": 0
      }
    },
    "citySender": "Дмитрівка (Києво- Святошинський р-н)",
    "cityRecipient": "Сєвєродонецьк"
  },
  {
    "number": 59000455256400,
    "dateTime": {
      "date": {
        "year": 2019,
        "month": 10,
        "day": 16
      },
      "time": {
        "hour": 10,
        "minute": 47,
        "second": 30,
        "nano": 0
      }
    },
    "citySender": "Славута",
    "cityRecipient": "Одеса"
  },
  {
    "number": 59000455256401,
    "dateTime": {
      "date": {
        "year": 2019,
        "month": 10,
        "day": 16
      },
      "time": {
        "hour": 10,
        "minute": 46,
        "second": 40,
        "nano": 0
      }
    },
    "citySender": "Самбір",
    "cityRecipient": "Пулини"
  },
  {
    "number": 59000455256402,
    "dateTime": {
      "date": {
        "year": 2019,
        "month": 10,
        "day": 16
      },
      "time": {
        "hour": 10,
        "minute": 48,
        "second": 17,
        "nano": 0
      }
    },
    "citySender": "Озерне (Житомирська обл.)",
    "cityRecipient": "Київ"
  },
  {
    "number": 59000455256403,
    "dateTime": {
      "date": {
        "year": 2019,
        "month": 10,
        "day": 16
      },
      "time": {
        "hour": 10,
        "minute": 47,
        "second": 41,
        "nano": 0
      }
    },
    "citySender": "Сєвєродонецьк",
    "cityRecipient": "Дніпро"
  },
  {
    "number": 59000455256404,
    "dateTime": {
      "date": {
        "year": 2019,
        "month": 10,
        "day": 16
      },
      "time": {
        "hour": 10,
        "minute": 48,
        "second": 1,
        "nano": 0
      }
    },
    "citySender": "Харків",
    "cityRecipient": "Костянтинівка (Донецька обл.)"
  },
  {
    "number": 59000455256405,
    "dateTime": {
      "date": {
        "year": 2019,
        "month": 10,
        "day": 16
      },
      "time": {
        "hour": 10,
        "minute": 48,
        "second": 7,
        "nano": 0
      }
    },
    "citySender": "Чернігів",
    "cityRecipient": "Лиманське (Роздільнянський р-н)"
  },
  {
    "number": 59000455256406,
    "dateTime": {
      "date": {
        "year": 2019,
        "month": 10,
        "day": 16
      },
      "time": {
        "hour": 10,
        "minute": 48,
        "second": 20,
        "nano": 0
      }
    },
    "citySender": "Щирець",
    "cityRecipient": "Львів"
  },
  {
    "number": 59000455256407,
    "dateTime": {
      "date": {
        "year": 2019,
        "month": 10,
        "day": 16
      },
      "time": {
        "hour": 10,
        "minute": 48,
        "second": 16,
        "nano": 0
      }
    },
    "citySender": "Гірник",
    "cityRecipient": "Кам\u0027янське(Дніпропетровська обл)"
  },
  {
    "number": 59000455256408,
    "dateTime": {
      "date": {
        "year": 2019,
        "month": 10,
        "day": 16
      },
      "time": {
        "hour": 10,
        "minute": 48,
        "second": 13,
        "nano": 0
      }
    },
    "citySender": "Кременчук",
    "cityRecipient": "Кременчук"
  },
  {
    "number": 59000455256409,
    "dateTime": {
      "date": {
        "year": 2019,
        "month": 10,
        "day": 16
      },
      "time": {
        "hour": 10,
        "minute": 45,
        "second": 43,
        "nano": 0
      }
    },
    "citySender": "Чернігів",
    "cityRecipient": "Чернівці"
  },
  {
    "number": 59000455256410,
    "dateTime": {
      "date": {
        "year": 2019,
        "month": 10,
        "day": 16
      },
      "time": {
        "hour": 10,
        "minute": 48,
        "second": 17,
        "nano": 0
      }
    },
    "citySender": "Южноукраїнськ",
    "cityRecipient": "Київ"
  },
  {
    "number": 59000455256411,
    "dateTime": {
      "date": {
        "year": 2019,
        "month": 10,
        "day": 16
      },
      "time": {
        "hour": 10,
        "minute": 47,
        "second": 33,
        "nano": 0
      }
    },
    "citySender": "Кривий Ріг",
    "cityRecipient": "Київ"
  },
  {
    "number": 59000455256412,
    "dateTime": {
      "date": {
        "year": 2019,
        "month": 10,
        "day": 16
      },
      "time": {
        "hour": 10,
        "minute": 48,
        "second": 11,
        "nano": 0
      }
    },
    "citySender": "Вишневе",
    "cityRecipient": "Полтава"
  },
  {
    "number": 59000455256413,
    "dateTime": {
      "date": {
        "year": 2019,
        "month": 10,
        "day": 16
      },
      "time": {
        "hour": 10,
        "minute": 47,
        "second": 58,
        "nano": 0
      }
    },
    "citySender": "Тячів",
    "cityRecipient": "Кобеляки"
  },
  {
    "number": 59000455256414,
    "dateTime": {
      "date": {
        "year": 2019,
        "month": 10,
        "day": 16
      },
      "time": {
        "hour": 10,
        "minute": 48,
        "second": 21,
        "nano": 0
      }
    },
    "citySender": "Тернопіль",
    "cityRecipient": "Київ"
  },
  {
    "number": 59000455256415,
    "dateTime": {
      "date": {
        "year": 2019,
        "month": 10,
        "day": 16
      },
      "time": {
        "hour": 10,
        "minute": 47,
        "second": 54,
        "nano": 0
      }
    },
    "citySender": "Кривий Ріг",
    "cityRecipient": "Нововолинськ"
  },
  {
    "number": 59000455256416,
    "dateTime": {
      "date": {
        "year": 2019,
        "month": 10,
        "day": 16
      },
      "time": {
        "hour": 10,
        "minute": 48,
        "second": 21,
        "nano": 0
      }
    },
    "citySender": "Одеса",
    "cityRecipient": "Бохоники"
  },
  {
    "number": 59000455256417,
    "dateTime": {
      "date": {
        "year": 2019,
        "month": 10,
        "day": 16
      },
      "time": {
        "hour": 10,
        "minute": 48,
        "second": 1,
        "nano": 0
      }
    },
    "citySender": "Житомир",
    "cityRecipient": "Вишневе"
  },
  {
    "number": 59000455256418,
    "dateTime": {
      "date": {
        "year": 2019,
        "month": 10,
        "day": 16
      },
      "time": {
        "hour": 10,
        "minute": 48,
        "second": 21,
        "nano": 0
      }
    },
    "citySender": "Корсунь-Шевченківський",
    "cityRecipient": "Черкаси"
  },
  {
    "number": 59000455256419,
    "dateTime": {
      "date": {
        "year": 2019,
        "month": 10,
        "day": 16
      },
      "time": {
        "hour": 10,
        "minute": 47,
        "second": 39,
        "nano": 0
      }
    },
    "citySender": "Підгайці (Луцький р-н)",
    "cityRecipient": "Трускавець"
  },
  {
    "number": 59000455256420,
    "dateTime": {
      "date": {
        "year": 2019,
        "month": 10,
        "day": 16
      },
      "time": {
        "hour": 10,
        "minute": 48,
        "second": 0,
        "nano": 0
      }
    },
    "citySender": "Новотроїцьке (Херсонська обл.)",
    "cityRecipient": "Дніпро"
  },
  {
    "number": 59000455256421,
    "dateTime": {
      "date": {
        "year": 2019,
        "month": 10,
        "day": 16
      },
      "time": {
        "hour": 10,
        "minute": 48,
        "second": 22,
        "nano": 0
      }
    },
    "citySender": "Одеса",
    "cityRecipient": "Чернігів"
  },
  {
    "number": 59000455256423,
    "dateTime": {
      "date": {
        "year": 2019,
        "month": 10,
        "day": 16
      },
      "time": {
        "hour": 10,
        "minute": 48,
        "second": 22,
        "nano": 0
      }
    },
    "citySender": "Кам\u0027янське(Дніпропетровська обл)",
    "cityRecipient": "Кременчук"
  },
  {
    "number": 59000455256424,
    "dateTime": {
      "date": {
        "year": 2019,
        "month": 10,
        "day": 16
      },
      "time": {
        "hour": 10,
        "minute": 47,
        "second": 21,
        "nano": 0
      }
    },
    "citySender": "Тернопіль",
    "cityRecipient": "Івано-Франківськ"
  },
  {
    "number": 59000455256425,
    "dateTime": {
      "date": {
        "year": 2019,
        "month": 10,
        "day": 16
      },
      "time": {
        "hour": 10,
        "minute": 48,
        "second": 16,
        "nano": 0
      }
    },
    "citySender": "Водяне (Кам\u0027янсько-Дніпровський р-н)",
    "cityRecipient": "Одеса"
  },
  {
    "number": 59000455256426,
    "dateTime": {
      "date": {
        "year": 2019,
        "month": 10,
        "day": 16
      },
      "time": {
        "hour": 10,
        "minute": 48,
        "second": 13,
        "nano": 0
      }
    },
    "citySender": "Дніпро",
    "cityRecipient": "Одеса"
  },
  {
    "number": 59000455256427,
    "dateTime": {
      "date": {
        "year": 2019,
        "month": 10,
        "day": 16
      },
      "time": {
        "hour": 10,
        "minute": 48,
        "second": 22,
        "nano": 0
      }
    },
    "citySender": "Шостка",
    "cityRecipient": "Харків"
  },
  {
    "number": 59000455256428,
    "dateTime": {
      "date": {
        "year": 2019,
        "month": 10,
        "day": 16
      },
      "time": {
        "hour": 10,
        "minute": 47,
        "second": 29,
        "nano": 0
      }
    },
    "citySender": "Київ",
    "cityRecipient": "Бровари"
  },
  {
    "number": 59000455256429,
    "dateTime": {
      "date": {
        "year": 2019,
        "month": 10,
        "day": 16
      },
      "time": {
        "hour": 10,
        "minute": 48,
        "second": 22,
        "nano": 0
      }
    },
    "citySender": "Солотвино",
    "cityRecipient": "Київ"
  },
  {
    "number": 59000455256430,
    "dateTime": {
      "date": {
        "year": 2019,
        "month": 10,
        "day": 16
      },
      "time": {
        "hour": 10,
        "minute": 46,
        "second": 34,
        "nano": 0
      }
    },
    "citySender": "Львів",
    "cityRecipient": "Дрогобич"
  },
  {
    "number": 59000455256431,
    "dateTime": {
      "date": {
        "year": 2019,
        "month": 10,
        "day": 16
      },
      "time": {
        "hour": 10,
        "minute": 47,
        "second": 21,
        "nano": 0
      }
    },
    "citySender": "Київ",
    "cityRecipient": "Київ"
  },
  {
    "number": 59000455256432,
    "dateTime": {
      "date": {
        "year": 2019,
        "month": 10,
        "day": 16
      },
      "time": {
        "hour": 10,
        "minute": 48,
        "second": 19,
        "nano": 0
      }
    },
    "citySender": "Кельменці",
    "cityRecipient": "Дударків"
  },
  {
    "number": 59000455256434,
    "dateTime": {
      "date": {
        "year": 2019,
        "month": 10,
        "day": 16
      },
      "time": {
        "hour": 10,
        "minute": 47,
        "second": 37,
        "nano": 0
      }
    },
    "citySender": "Таврійськ (Херсонська обл.)",
    "cityRecipient": "Кременчук"
  },
  {
    "number": 59000455256435,
    "dateTime": {
      "date": {
        "year": 2019,
        "month": 10,
        "day": 16
      },
      "time": {
        "hour": 10,
        "minute": 47,
        "second": 50,
        "nano": 0
      }
    },
    "citySender": "Хмельницький",
    "cityRecipient": "Дніпро"
  },
  {
    "number": 59000455256436,
    "dateTime": {
      "date": {
        "year": 2019,
        "month": 10,
        "day": 16
      },
      "time": {
        "hour": 10,
        "minute": 48,
        "second": 12,
        "nano": 0
      }
    },
    "citySender": "Львів",
    "cityRecipient": "Львів"
  },
  {
    "number": 59000455256437,
    "dateTime": {
      "date": {
        "year": 2019,
        "month": 10,
        "day": 16
      },
      "time": {
        "hour": 10,
        "minute": 47,
        "second": 46,
        "nano": 0
      }
    },
    "citySender": "Ружин",
    "cityRecipient": "Вишневе"
  },
  {
    "number": 59000455256438,
    "dateTime": {
      "date": {
        "year": 2019,
        "month": 10,
        "day": 16
      },
      "time": {
        "hour": 10,
        "minute": 48,
        "second": 21,
        "nano": 0
      }
    },
    "citySender": "Львів",
    "cityRecipient": "Запоріжжя"
  },
  {
    "number": 59000455256439,
    "dateTime": {
      "date": {
        "year": 2019,
        "month": 10,
        "day": 16
      },
      "time": {
        "hour": 10,
        "minute": 47,
        "second": 9,
        "nano": 0
      }
    },
    "citySender": "Запоріжжя",
    "cityRecipient": "Київ"
  },
  {
    "number": 59000455256440,
    "dateTime": {
      "date": {
        "year": 2019,
        "month": 10,
        "day": 16
      },
      "time": {
        "hour": 10,
        "minute": 48,
        "second": 23,
        "nano": 0
      }
    },
    "citySender": "Сколе",
    "cityRecipient": "Львів"
  },
  {
    "number": 59000455256441,
    "dateTime": {
      "date": {
        "year": 2019,
        "month": 10,
        "day": 16
      },
      "time": {
        "hour": 10,
        "minute": 48,
        "second": 23,
        "nano": 0
      }
    },
    "citySender": "Долинська",
    "cityRecipient": "Київ"
  },
  {
    "number": 59000455256442,
    "dateTime": {
      "date": {
        "year": 2019,
        "month": 10,
        "day": 16
      },
      "time": {
        "hour": 10,
        "minute": 48,
        "second": 22,
        "nano": 0
      }
    },
    "citySender": "Кам\u0027янка-Бузька",
    "cityRecipient": "Лозова"
  },
  {
    "number": 59000455256443,
    "dateTime": {
      "date": {
        "year": 2019,
        "month": 10,
        "day": 16
      },
      "time": {
        "hour": 10,
        "minute": 46,
        "second": 50,
        "nano": 0
      }
    },
    "citySender": "Лосинівка",
    "cityRecipient": "Кам\u0027янське(Дніпропетровська обл)"
  },
  {
    "number": 59000455256445,
    "dateTime": {
      "date": {
        "year": 2019,
        "month": 10,
        "day": 16
      },
      "time": {
        "hour": 10,
        "minute": 48,
        "second": 24,
        "nano": 0
      }
    },
    "citySender": "Томаківка",
    "cityRecipient": "Дніпро"
  },
  {
    "number": 59000455256446,
    "dateTime": {
      "date": {
        "year": 2019,
        "month": 10,
        "day": 16
      },
      "time": {
        "hour": 10,
        "minute": 48,
        "second": 12,
        "nano": 0
      }
    },
    "citySender": "Запоріжжя",
    "cityRecipient": "Чорноморськ"
  },
  {
    "number": 59000455256448,
    "dateTime": {
      "date": {
        "year": 2019,
        "month": 10,
        "day": 16
      },
      "time": {
        "hour": 10,
        "minute": 48,
        "second": 12,
        "nano": 0
      }
    },
    "citySender": "Київ",
    "cityRecipient": "Кам\u0027янець-Подільський"
  },
  {
    "number": 59000455256449,
    "dateTime": {
      "date": {
        "year": 2019,
        "month": 10,
        "day": 16
      },
      "time": {
        "hour": 10,
        "minute": 48,
        "second": 24,
        "nano": 0
      }
    },
    "citySender": "Глобине",
    "cityRecipient": "Київ"
  },
  {
    "number": 59000455256450,
    "dateTime": {
      "date": {
        "year": 2019,
        "month": 10,
        "day": 16
      },
      "time": {
        "hour": 10,
        "minute": 48,
        "second": 25,
        "nano": 0
      }
    },
    "citySender": "Східниця",
    "cityRecipient": "Київ"
  },
  {
    "number": 59000455256451,
    "dateTime": {
      "date": {
        "year": 2019,
        "month": 10,
        "day": 16
      },
      "time": {
        "hour": 10,
        "minute": 48,
        "second": 6,
        "nano": 0
      }
    },
    "citySender": "Київ",
    "cityRecipient": "Київ"
  },
  {
    "number": 59000455256452,
    "dateTime": {
      "date": {
        "year": 2019,
        "month": 10,
        "day": 16
      },
      "time": {
        "hour": 10,
        "minute": 48,
        "second": 4,
        "nano": 0
      }
    },
    "citySender": "Станиця Луганська",
    "cityRecipient": "Черкаси"
  },
  {
    "number": 59000455256453,
    "dateTime": {
      "date": {
        "year": 2019,
        "month": 10,
        "day": 16
      },
      "time": {
        "hour": 10,
        "minute": 47,
        "second": 49,
        "nano": 0
      }
    },
    "citySender": "Чернівці",
    "cityRecipient": "Київ"
  },
  {
    "number": 59000455256454,
    "dateTime": {
      "date": {
        "year": 2019,
        "month": 10,
        "day": 16
      },
      "time": {
        "hour": 10,
        "minute": 46,
        "second": 58,
        "nano": 0
      }
    },
    "citySender": "Миропілля(Сумська обл.)",
    "cityRecipient": "Харків"
  },
  {
    "number": 59000455256455,
    "dateTime": {
      "date": {
        "year": 2019,
        "month": 10,
        "day": 16
      },
      "time": {
        "hour": 10,
        "minute": 48,
        "second": 11,
        "nano": 0
      }
    },
    "citySender": "Київ",
    "cityRecipient": "Херсон"
  },
  {
    "number": 59000455256456,
    "dateTime": {
      "date": {
        "year": 2019,
        "month": 10,
        "day": 16
      },
      "time": {
        "hour": 10,
        "minute": 48,
        "second": 18,
        "nano": 0
      }
    },
    "citySender": "Дніпро",
    "cityRecipient": "Полтава"
  },
  {
    "number": 59000455256457,
    "dateTime": {
      "date": {
        "year": 2019,
        "month": 10,
        "day": 16
      },
      "time": {
        "hour": 10,
        "minute": 47,
        "second": 20,
        "nano": 0
      }
    },
    "citySender": "Бабаї",
    "cityRecipient": "Баштанка"
  },
  {
    "number": 59000455256458,
    "dateTime": {
      "date": {
        "year": 2019,
        "month": 10,
        "day": 16
      },
      "time": {
        "hour": 10,
        "minute": 48,
        "second": 16,
        "nano": 0
      }
    },
    "citySender": "Кривий Ріг",
    "cityRecipient": "Канів"
  },
  {
    "number": 59000455256459,
    "dateTime": {
      "date": {
        "year": 2019,
        "month": 10,
        "day": 16
      },
      "time": {
        "hour": 10,
        "minute": 47,
        "second": 28,
        "nano": 0
      }
    },
    "citySender": "Крюківщина",
    "cityRecipient": "Івано-Франківськ"
  },
  {
    "number": 59000455256460,
    "dateTime": {
      "date": {
        "year": 2019,
        "month": 10,
        "day": 16
      },
      "time": {
        "hour": 10,
        "minute": 48,
        "second": 1,
        "nano": 0
      }
    },
    "citySender": "Охтирка",
    "cityRecipient": "Київ"
  },
  {
    "number": 59000455256461,
    "dateTime": {
      "date": {
        "year": 2019,
        "month": 10,
        "day": 16
      },
      "time": {
        "hour": 10,
        "minute": 48,
        "second": 26,
        "nano": 0
      }
    },
    "citySender": "Ніжин",
    "cityRecipient": "Харків"
  },
  {
    "number": 59000455256462,
    "dateTime": {
      "date": {
        "year": 2019,
        "month": 10,
        "day": 16
      },
      "time": {
        "hour": 10,
        "minute": 48,
        "second": 16,
        "nano": 0
      }
    },
    "citySender": "Дніпрорудне",
    "cityRecipient": "Павлоград"
  },
  {
    "number": 59000455256463,
    "dateTime": {
      "date": {
        "year": 2019,
        "month": 10,
        "day": 16
      },
      "time": {
        "hour": 10,
        "minute": 48,
        "second": 10,
        "nano": 0
      }
    },
    "citySender": "Одеса",
    "cityRecipient": "Біляївка"
  },
  {
    "number": 59000455256464,
    "dateTime": {
      "date": {
        "year": 2019,
        "month": 10,
        "day": 16
      },
      "time": {
        "hour": 10,
        "minute": 48,
        "second": 10,
        "nano": 0
      }
    },
    "citySender": "Київ",
    "cityRecipient": "Львів"
  },
  {
    "number": 59000455256465,
    "dateTime": {
      "date": {
        "year": 2019,
        "month": 10,
        "day": 16
      },
      "time": {
        "hour": 10,
        "minute": 48,
        "second": 25,
        "nano": 0
      }
    },
    "citySender": "Білозерське (Донецька обл.)",
    "cityRecipient": "Харків"
  },
  {
    "number": 59000455256467,
    "dateTime": {
      "date": {
        "year": 2019,
        "month": 10,
        "day": 16
      },
      "time": {
        "hour": 10,
        "minute": 48,
        "second": 13,
        "nano": 0
      }
    },
    "citySender": "Дніпро",
    "cityRecipient": "Кам\u0027янське(Дніпропетровська обл)"
  },
  {
    "number": 59000455256468,
    "dateTime": {
      "date": {
        "year": 2019,
        "month": 10,
        "day": 16
      },
      "time": {
        "hour": 10,
        "minute": 47,
        "second": 33,
        "nano": 0
      }
    },
    "citySender": "Бердянськ",
    "cityRecipient": "Харків"
  },
  {
    "number": 59000455256469,
    "dateTime": {
      "date": {
        "year": 2019,
        "month": 10,
        "day": 16
      },
      "time": {
        "hour": 10,
        "minute": 48,
        "second": 6,
        "nano": 0
      }
    },
    "citySender": "Одеса",
    "cityRecipient": "Київ"
  },
  {
    "number": 59000455256470,
    "dateTime": {
      "date": {
        "year": 2019,
        "month": 10,
        "day": 16
      },
      "time": {
        "hour": 10,
        "minute": 48,
        "second": 8,
        "nano": 0
      }
    },
    "citySender": "Косів",
    "cityRecipient": "Велятино"
  },
  {
    "number": 59000455256471,
    "dateTime": {
      "date": {
        "year": 2019,
        "month": 10,
        "day": 16
      },
      "time": {
        "hour": 10,
        "minute": 48,
        "second": 0,
        "nano": 0
      }
    },
    "citySender": "Чернівці(Вінницька обл.)",
    "cityRecipient": "Чорноморськ"
  },
  {
    "number": 59000455256472,
    "dateTime": {
      "date": {
        "year": 2019,
        "month": 10,
        "day": 16
      },
      "time": {
        "hour": 10,
        "minute": 48,
        "second": 14,
        "nano": 0
      }
    },
    "citySender": "Чернігів",
    "cityRecipient": "Ірпінь"
  },
  {
    "number": 59000455256473,
    "dateTime": {
      "date": {
        "year": 2019,
        "month": 10,
        "day": 16
      },
      "time": {
        "hour": 10,
        "minute": 47,
        "second": 45,
        "nano": 0
      }
    },
    "citySender": "Токмак",
    "cityRecipient": "Одеса"
  },
  {
    "number": 59000455256474,
    "dateTime": {
      "date": {
        "year": 2019,
        "month": 10,
        "day": 16
      },
      "time": {
        "hour": 10,
        "minute": 47,
        "second": 5,
        "nano": 0
      }
    },
    "citySender": "Брошнів-Осада",
    "cityRecipient": "Липці"
  },
  {
    "number": 59000455256475,
    "dateTime": {
      "date": {
        "year": 2019,
        "month": 10,
        "day": 16
      },
      "time": {
        "hour": 10,
        "minute": 46,
        "second": 31,
        "nano": 0
      }
    },
    "citySender": "Вилкове",
    "cityRecipient": "Київ"
  },
  {
    "number": 59000455256476,
    "dateTime": {
      "date": {
        "year": 2019,
        "month": 10,
        "day": 16
      },
      "time": {
        "hour": 10,
        "minute": 47,
        "second": 2,
        "nano": 0
      }
    },
    "citySender": "Львів",
    "cityRecipient": "Коломия"
  },
  {
    "number": 59000455256477,
    "dateTime": {
      "date": {
        "year": 2019,
        "month": 10,
        "day": 16
      },
      "time": {
        "hour": 10,
        "minute": 48,
        "second": 25,
        "nano": 0
      }
    },
    "citySender": "Одеса",
    "cityRecipient": "Суми"
  },
  {
    "number": 59000455256479,
    "dateTime": {
      "date": {
        "year": 2019,
        "month": 10,
        "day": 16
      },
      "time": {
        "hour": 10,
        "minute": 46,
        "second": 40,
        "nano": 0
      }
    },
    "citySender": "Кольчино",
    "cityRecipient": "Черкаське"
  },
  {
    "number": 59000455256480,
    "dateTime": {
      "date": {
        "year": 2019,
        "month": 10,
        "day": 16
      },
      "time": {
        "hour": 10,
        "minute": 47,
        "second": 54,
        "nano": 0
      }
    },
    "citySender": "Турка",
    "cityRecipient": "Львів"
  },
  {
    "number": 59000455256481,
    "dateTime": {
      "date": {
        "year": 2019,
        "month": 10,
        "day": 16
      },
      "time": {
        "hour": 10,
        "minute": 48,
        "second": 20,
        "nano": 0
      }
    },
    "citySender": "Ічня",
    "cityRecipient": "Суми"
  },
  {
    "number": 59000455256482,
    "dateTime": {
      "date": {
        "year": 2019,
        "month": 10,
        "day": 16
      },
      "time": {
        "hour": 10,
        "minute": 48,
        "second": 22,
        "nano": 0
      }
    },
    "citySender": "Кривий Ріг",
    "cityRecipient": "Запоріжжя"
  },
  {
    "number": 59000455256483,
    "dateTime": {
      "date": {
        "year": 2019,
        "month": 10,
        "day": 16
      },
      "time": {
        "hour": 10,
        "minute": 47,
        "second": 58,
        "nano": 0
      }
    },
    "citySender": "Глухів (Сумська обл.)",
    "cityRecipient": "Новгородське (Донецька обл.)"
  },
  {
    "number": 59000455256484,
    "dateTime": {
      "date": {
        "year": 2019,
        "month": 10,
        "day": 16
      },
      "time": {
        "hour": 10,
        "minute": 47,
        "second": 55,
        "nano": 0
      }
    },
    "citySender": "Мелітополь",
    "cityRecipient": "Берегове"
  }
]