[
  {
    "number": 59000455253587,
    "dateTime": {
      "date": {
        "year": 2019,
        "month": 10,
        "day": 16
      },
      "time": {
        "hour": 10,
        "minute": 40,
        "second": 23,
        "nano": 0
      }
    },
    "citySender": "Херсон",
    "cityRecipient": "Кременчук"
  },
  {
    "number": 59000455253588,
    "dateTime": {
      "date": {
        "year": 2019,
        "month": 10,
        "day": 16
      },
      "time": {
        "hour": 10,
        "minute": 40,
        "second": 48,
        "nano": 0
      }
    },
    "citySender": "Каховка",
    "cityRecipient": "Вишневе"
  },
  {
    "number": 59000455253589,
    "dateTime": {
      "date": {
        "year": 2019,
        "month": 10,
        "day": 16
      },
      "time": {
        "hour": 10,
        "minute": 40,
        "second": 40,
        "nano": 0
      }
    },
    "citySender": "Кирилівка(Якимівський р-н)",
    "cityRecipient": "Ірпінь"
  },
  {
    "number": 59000455253590,
    "dateTime": {
      "date": {
        "year": 2019,
        "month": 10,
        "day": 16
      },
      "time": {
        "hour": 10,
        "minute": 40,
        "second": 44,
        "nano": 0
      }
    },
    "citySender": "Суми",
    "cityRecipient": "Новгород-Сіверський"
  },
  {
    "number": 59000455253591,
    "dateTime": {
      "date": {
        "year": 2019,
        "month": 10,
        "day": 16
      },
      "time": {
        "hour": 10,
        "minute": 40,
        "second": 56,
        "nano": 0
      }
    },
    "citySender": "Утконосівка",
    "cityRecipient": "Львів"
  },
  {
    "number": 59000455253592,
    "dateTime": {
      "date": {
        "year": 2019,
        "month": 10,
        "day": 16
      },
      "time": {
        "hour": 10,
        "minute": 40,
        "second": 51,
        "nano": 0
      }
    },
    "citySender": "Житомир",
    "cityRecipient": "Дніпро"
  },
  {
    "number": 59000455253593,
    "dateTime": {
      "date": {
        "year": 2019,
        "month": 10,
        "day": 16
      },
      "time": {
        "hour": 10,
        "minute": 40,
        "second": 56,
        "nano": 0
      }
    },
    "citySender": "Запоріжжя",
    "cityRecipient": "Авангард"
  },
  {
    "number": 59000455253594,
    "dateTime": {
      "date": {
        "year": 2019,
        "month": 10,
        "day": 16
      },
      "time": {
        "hour": 10,
        "minute": 40,
        "second": 56,
        "nano": 0
      }
    },
    "citySender": "Дніпро",
    "cityRecipient": "Одеса"
  },
  {
    "number": 59000455253595,
    "dateTime": {
      "date": {
        "year": 2019,
        "month": 10,
        "day": 16
      },
      "time": {
        "hour": 10,
        "minute": 40,
        "second": 23,
        "nano": 0
      }
    },
    "citySender": "Київ",
    "cityRecipient": "Харків"
  },
  {
    "number": 59000455253596,
    "dateTime": {
      "date": {
        "year": 2019,
        "month": 10,
        "day": 16
      },
      "time": {
        "hour": 10,
        "minute": 40,
        "second": 55,
        "nano": 0
      }
    },
    "citySender": "Жидачів",
    "cityRecipient": "Вишеньки"
  },
  {
    "number": 59000455253597,
    "dateTime": {
      "date": {
        "year": 2019,
        "month": 10,
        "day": 16
      },
      "time": {
        "hour": 10,
        "minute": 40,
        "second": 42,
        "nano": 0
      }
    },
    "citySender": "Кривий Ріг",
    "cityRecipient": "Чернівці"
  },
  {
    "number": 59000455253598,
    "dateTime": {
      "date": {
        "year": 2019,
        "month": 10,
        "day": 16
      },
      "time": {
        "hour": 10,
        "minute": 40,
        "second": 57,
        "nano": 0
      }
    },
    "citySender": "Львів",
    "cityRecipient": "Хмельницький"
  },
  {
    "number": 59000455253599,
    "dateTime": {
      "date": {
        "year": 2019,
        "month": 10,
        "day": 16
      },
      "time": {
        "hour": 10,
        "minute": 40,
        "second": 49,
        "nano": 0
      }
    },
    "citySender": "Харків",
    "cityRecipient": "Перегінське"
  },
  {
    "number": 59000455253600,
    "dateTime": {
      "date": {
        "year": 2019,
        "month": 10,
        "day": 16
      },
      "time": {
        "hour": 10,
        "minute": 40,
        "second": 46,
        "nano": 0
      }
    },
    "citySender": "Суми",
    "cityRecipient": "Київ"
  },
  {
    "number": 59000455253601,
    "dateTime": {
      "date": {
        "year": 2019,
        "month": 10,
        "day": 16
      },
      "time": {
        "hour": 10,
        "minute": 40,
        "second": 51,
        "nano": 0
      }
    },
    "citySender": "Дніпро",
    "cityRecipient": "Запоріжжя"
  },
  {
    "number": 59000455253602,
    "dateTime": {
      "date": {
        "year": 2019,
        "month": 10,
        "day": 16
      },
      "time": {
        "hour": 10,
        "minute": 40,
        "second": 7,
        "nano": 0
      }
    },
    "citySender": "Сміла",
    "cityRecipient": "Богуслав (Київська обл.)"
  },
  {
    "number": 59000455253603,
    "dateTime": {
      "date": {
        "year": 2019,
        "month": 10,
        "day": 16
      },
      "time": {
        "hour": 10,
        "minute": 40,
        "second": 50,
        "nano": 0
      }
    },
    "citySender": "Мукачево",
    "cityRecipient": "Ужгород"
  },
  {
    "number": 59000455253604,
    "dateTime": {
      "date": {
        "year": 2019,
        "month": 10,
        "day": 16
      },
      "time": {
        "hour": 10,
        "minute": 39,
        "second": 45,
        "nano": 0
      }
    },
    "citySender": "Чемерівці",
    "cityRecipient": "Очаків"
  },
  {
    "number": 59000455253605,
    "dateTime": {
      "date": {
        "year": 2019,
        "month": 10,
        "day": 16
      },
      "time": {
        "hour": 10,
        "minute": 40,
        "second": 57,
        "nano": 0
      }
    },
    "citySender": "Дніпро",
    "cityRecipient": "Лозова"
  },
  {
    "number": 59000455253606,
    "dateTime": {
      "date": {
        "year": 2019,
        "month": 10,
        "day": 16
      },
      "time": {
        "hour": 10,
        "minute": 40,
        "second": 42,
        "nano": 0
      }
    },
    "citySender": "Кривий Ріг",
    "cityRecipient": "Верхівцеве"
  },
  {
    "number": 59000455253607,
    "dateTime": {
      "date": {
        "year": 2019,
        "month": 10,
        "day": 16
      },
      "time": {
        "hour": 10,
        "minute": 40,
        "second": 1,
        "nano": 0
      }
    },
    "citySender": "Чернівці",
    "cityRecipient": "Фастів"
  },
  {
    "number": 59000455253608,
    "dateTime": {
      "date": {
        "year": 2019,
        "month": 10,
        "day": 16
      },
      "time": {
        "hour": 10,
        "minute": 40,
        "second": 33,
        "nano": 0
      }
    },
    "citySender": "Грозинці",
    "cityRecipient": "Городець"
  },
  {
    "number": 59000455253609,
    "dateTime": {
      "date": {
        "year": 2019,
        "month": 10,
        "day": 16
      },
      "time": {
        "hour": 10,
        "minute": 40,
        "second": 37,
        "nano": 0
      }
    },
    "citySender": "Одеса",
    "cityRecipient": "Кривий Ріг"
  },
  {
    "number": 59000455253610,
    "dateTime": {
      "date": {
        "year": 2019,
        "month": 10,
        "day": 16
      },
      "time": {
        "hour": 10,
        "minute": 40,
        "second": 58,
        "nano": 0
      }
    },
    "citySender": "Кельменці",
    "cityRecipient": "Андрушівка"
  },
  {
    "number": 59000455253611,
    "dateTime": {
      "date": {
        "year": 2019,
        "month": 10,
        "day": 16
      },
      "time": {
        "hour": 10,
        "minute": 40,
        "second": 36,
        "nano": 0
      }
    },
    "citySender": "Кропивницький",
    "cityRecipient": "Вінниця"
  },
  {
    "number": 59000455253612,
    "dateTime": {
      "date": {
        "year": 2019,
        "month": 10,
        "day": 16
      },
      "time": {
        "hour": 10,
        "minute": 41,
        "second": 0,
        "nano": 0
      }
    },
    "citySender": "Одеса",
    "cityRecipient": "Київ"
  },
  {
    "number": 59000455253613,
    "dateTime": {
      "date": {
        "year": 2019,
        "month": 10,
        "day": 16
      },
      "time": {
        "hour": 10,
        "minute": 40,
        "second": 23,
        "nano": 0
      }
    },
    "citySender": "Кривий Ріг",
    "cityRecipient": "Львів"
  },
  {
    "number": 59000455253614,
    "dateTime": {
      "date": {
        "year": 2019,
        "month": 10,
        "day": 16
      },
      "time": {
        "hour": 10,
        "minute": 35,
        "second": 44,
        "nano": 0
      }
    },
    "citySender": "Рованці",
    "cityRecipient": "Маріуполь"
  },
  {
    "number": 59000455253615,
    "dateTime": {
      "date": {
        "year": 2019,
        "month": 10,
        "day": 16
      },
      "time": {
        "hour": 10,
        "minute": 40,
        "second": 26,
        "nano": 0
      }
    },
    "citySender": "Хмільник (Вінницька обл.)",
    "cityRecipient": "Радомишль"
  },
  {
    "number": 59000455253618,
    "dateTime": {
      "date": {
        "year": 2019,
        "month": 10,
        "day": 16
      },
      "time": {
        "hour": 10,
        "minute": 40,
        "second": 58,
        "nano": 0
      }
    },
    "citySender": "Рубіжне",
    "cityRecipient": "Київ"
  },
  {
    "number": 59000455253619,
    "dateTime": {
      "date": {
        "year": 2019,
        "month": 10,
        "day": 16
      },
      "time": {
        "hour": 10,
        "minute": 40,
        "second": 48,
        "nano": 0
      }
    },
    "citySender": "Київ",
    "cityRecipient": "Тернопіль"
  },
  {
    "number": 59000455253620,
    "dateTime": {
      "date": {
        "year": 2019,
        "month": 10,
        "day": 16
      },
      "time": {
        "hour": 10,
        "minute": 40,
        "second": 51,
        "nano": 0
      }
    },
    "citySender": "Чайки",
    "cityRecipient": "Дніпро"
  },
  {
    "number": 59000455253621,
    "dateTime": {
      "date": {
        "year": 2019,
        "month": 10,
        "day": 16
      },
      "time": {
        "hour": 10,
        "minute": 40,
        "second": 50,
        "nano": 0
      }
    },
    "citySender": "Запоріжжя",
    "cityRecipient": "Дніпро"
  },
  {
    "number": 59000455253622,
    "dateTime": {
      "date": {
        "year": 2019,
        "month": 10,
        "day": 16
      },
      "time": {
        "hour": 10,
        "minute": 40,
        "second": 47,
        "nano": 0
      }
    },
    "citySender": "Болгарка",
    "cityRecipient": "Дніпро"
  },
  {
    "number": 59000455253623,
    "dateTime": {
      "date": {
        "year": 2019,
        "month": 10,
        "day": 16
      },
      "time": {
        "hour": 10,
        "minute": 40,
        "second": 53,
        "nano": 0
      }
    },
    "citySender": "Київ",
    "cityRecipient": "Маріуполь"
  },
  {
    "number": 59000455253624,
    "dateTime": {
      "date": {
        "year": 2019,
        "month": 10,
        "day": 16
      },
      "time": {
        "hour": 10,
        "minute": 40,
        "second": 56,
        "nano": 0
      }
    },
    "citySender": "Зміїнець",
    "cityRecipient": "Сєвєродонецьк"
  },
  {
    "number": 59000455253625,
    "dateTime": {
      "date": {
        "year": 2019,
        "month": 10,
        "day": 16
      },
      "time": {
        "hour": 10,
        "minute": 41,
        "second": 2,
        "nano": 0
      }
    },
    "citySender": "Кривий Ріг",
    "cityRecipient": "Київ"
  },
  {
    "number": 59000455253626,
    "dateTime": {
      "date": {
        "year": 2019,
        "month": 10,
        "day": 16
      },
      "time": {
        "hour": 10,
        "minute": 40,
        "second": 54,
        "nano": 0
      }
    },
    "citySender": "Коростень",
    "cityRecipient": "Київ"
  },
  {
    "number": 59000455253627,
    "dateTime": {
      "date": {
        "year": 2019,
        "month": 10,
        "day": 16
      },
      "time": {
        "hour": 10,
        "minute": 40,
        "second": 35,
        "nano": 0
      }
    },
    "citySender": "Львів",
    "cityRecipient": "Одеса"
  },
  {
    "number": 59000455253628,
    "dateTime": {
      "date": {
        "year": 2019,
        "month": 10,
        "day": 16
      },
      "time": {
        "hour": 10,
        "minute": 40,
        "second": 38,
        "nano": 0
      }
    },
    "citySender": "Дніпро",
    "cityRecipient": "Івано-Франківськ"
  },
  {
    "number": 59000455253629,
    "dateTime": {
      "date": {
        "year": 2019,
        "month": 10,
        "day": 16
      },
      "time": {
        "hour": 10,
        "minute": 39,
        "second": 57,
        "nano": 0
      }
    },
    "citySender": "Лазірки (Оржицький р-н)",
    "cityRecipient": "Словечне"
  },
  {
    "number": 59000455253630,
    "dateTime": {
      "date": {
        "year": 2019,
        "month": 10,
        "day": 16
      },
      "time": {
        "hour": 10,
        "minute": 40,
        "second": 30,
        "nano": 0
      }
    },
    "citySender": "Лозова",
    "cityRecipient": "Первомайський (Харківська обл.)"
  },
  {
    "number": 59000455253631,
    "dateTime": {
      "date": {
        "year": 2019,
        "month": 10,
        "day": 16
      },
      "time": {
        "hour": 10,
        "minute": 39,
        "second": 35,
        "nano": 0
      }
    },
    "citySender": "Бердичів",
    "cityRecipient": "Полтава"
  },
  {
    "number": 59000455253632,
    "dateTime": {
      "date": {
        "year": 2019,
        "month": 10,
        "day": 16
      },
      "time": {
        "hour": 10,
        "minute": 40,
        "second": 27,
        "nano": 0
      }
    },
    "citySender": "Київ",
    "cityRecipient": "Миколаїв"
  },
  {
    "number": 59000455253633,
    "dateTime": {
      "date": {
        "year": 2019,
        "month": 10,
        "day": 16
      },
      "time": {
        "hour": 10,
        "minute": 41,
        "second": 3,
        "nano": 0
      }
    },
    "citySender": "Харків",
    "cityRecipient": "Верхньодніпровськ"
  },
  {
    "number": 59000455253634,
    "dateTime": {
      "date": {
        "year": 2019,
        "month": 10,
        "day": 16
      },
      "time": {
        "hour": 10,
        "minute": 40,
        "second": 32,
        "nano": 0
      }
    },
    "citySender": "Обухів",
    "cityRecipient": "Ірпінь"
  },
  {
    "number": 59000455253635,
    "dateTime": {
      "date": {
        "year": 2019,
        "month": 10,
        "day": 16
      },
      "time": {
        "hour": 10,
        "minute": 40,
        "second": 27,
        "nano": 0
      }
    },
    "citySender": "Любомль",
    "cityRecipient": "Рені"
  },
  {
    "number": 59000455253636,
    "dateTime": {
      "date": {
        "year": 2019,
        "month": 10,
        "day": 16
      },
      "time": {
        "hour": 10,
        "minute": 40,
        "second": 17,
        "nano": 0
      }
    },
    "citySender": "Запоріжжя",
    "cityRecipient": "Івано-Франківськ"
  },
  {
    "number": 59000455253637,
    "dateTime": {
      "date": {
        "year": 2019,
        "month": 10,
        "day": 16
      },
      "time": {
        "hour": 10,
        "minute": 41,
        "second": 1,
        "nano": 0
      }
    },
    "citySender": "Дніпро",
    "cityRecipient": "Дніпро"
  },
  {
    "number": 59000455253638,
    "dateTime": {
      "date": {
        "year": 2019,
        "month": 10,
        "day": 16
      },
      "time": {
        "hour": 10,
        "minute": 40,
        "second": 28,
        "nano": 0
      }
    },
    "citySender": "Суми",
    "cityRecipient": "Варва"
  },
  {
    "number": 59000455253639,
    "dateTime": {
      "date": {
        "year": 2019,
        "month": 10,
        "day": 16
      },
      "time": {
        "hour": 10,
        "minute": 38,
        "second": 57,
        "nano": 0
      }
    },
    "citySender": "Межова",
    "cityRecipient": "Харків"
  },
  {
    "number": 59000455253640,
    "dateTime": {
      "date": {
        "year": 2019,
        "month": 10,
        "day": 16
      },
      "time": {
        "hour": 10,
        "minute": 40,
        "second": 39,
        "nano": 0
      }
    },
    "citySender": "Бровари",
    "cityRecipient": "Енергодар"
  },
  {
    "number": 59000455253641,
    "dateTime": {
      "date": {
        "year": 2019,
        "month": 10,
        "day": 16
      },
      "time": {
        "hour": 10,
        "minute": 40,
        "second": 8,
        "nano": 0
      }
    },
    "citySender": "Донське",
    "cityRecipient": "Мелітополь"
  },
  {
    "number": 59000455253642,
    "dateTime": {
      "date": {
        "year": 2019,
        "month": 10,
        "day": 16
      },
      "time": {
        "hour": 10,
        "minute": 40,
        "second": 45,
        "nano": 0
      }
    },
    "citySender": "Узин",
    "cityRecipient": "Херсон"
  },
  {
    "number": 59000455253643,
    "dateTime": {
      "date": {
        "year": 2019,
        "month": 10,
        "day": 16
      },
      "time": {
        "hour": 10,
        "minute": 40,
        "second": 22,
        "nano": 0
      }
    },
    "citySender": "Широке (Широківський р-н. Дніпропетровська обл)",
    "cityRecipient": "Берислав (Херсонська обл.)"
  },
  {
    "number": 59000455253644,
    "dateTime": {
      "date": {
        "year": 2019,
        "month": 10,
        "day": 16
      },
      "time": {
        "hour": 10,
        "minute": 39,
        "second": 53,
        "nano": 0
      }
    },
    "citySender": "Решетилівка",
    "cityRecipient": "Миргород"
  },
  {
    "number": 59000455253645,
    "dateTime": {
      "date": {
        "year": 2019,
        "month": 10,
        "day": 16
      },
      "time": {
        "hour": 10,
        "minute": 40,
        "second": 11,
        "nano": 0
      }
    },
    "citySender": "Ірпінь",
    "cityRecipient": "Біла Церква"
  },
  {
    "number": 59000455253646,
    "dateTime": {
      "date": {
        "year": 2019,
        "month": 10,
        "day": 16
      },
      "time": {
        "hour": 10,
        "minute": 41,
        "second": 4,
        "nano": 0
      }
    },
    "citySender": "Велика Димерка",
    "cityRecipient": "Київ"
  },
  {
    "number": 59000455253647,
    "dateTime": {
      "date": {
        "year": 2019,
        "month": 10,
        "day": 16
      },
      "time": {
        "hour": 10,
        "minute": 40,
        "second": 46,
        "nano": 0
      }
    },
    "citySender": "Біляївка",
    "cityRecipient": "Білопілля"
  },
  {
    "number": 59000455253648,
    "dateTime": {
      "date": {
        "year": 2019,
        "month": 10,
        "day": 16
      },
      "time": {
        "hour": 10,
        "minute": 40,
        "second": 0,
        "nano": 0
      }
    },
    "citySender": "Житомир",
    "cityRecipient": "Харків"
  },
  {
    "number": 59000455253649,
    "dateTime": {
      "date": {
        "year": 2019,
        "month": 10,
        "day": 16
      },
      "time": {
        "hour": 10,
        "minute": 40,
        "second": 45,
        "nano": 0
      }
    },
    "citySender": "Вінниця",
    "cityRecipient": "Жмеринка"
  },
  {
    "number": 59000455253650,
    "dateTime": {
      "date": {
        "year": 2019,
        "month": 10,
        "day": 16
      },
      "time": {
        "hour": 10,
        "minute": 40,
        "second": 4,
        "nano": 0
      }
    },
    "citySender": "Ізмаїл",
    "cityRecipient": "Демидівка"
  },
  {
    "number": 59000455253651,
    "dateTime": {
      "date": {
        "year": 2019,
        "month": 10,
        "day": 16
      },
      "time": {
        "hour": 10,
        "minute": 40,
        "second": 26,
        "nano": 0
      }
    },
    "citySender": "Криве Озеро",
    "cityRecipient": "Ковель"
  },
  {
    "number": 59000455253652,
    "dateTime": {
      "date": {
        "year": 2019,
        "month": 10,
        "day": 16
      },
      "time": {
        "hour": 10,
        "minute": 40,
        "second": 22,
        "nano": 0
      }
    },
    "citySender": "Циркуни",
    "cityRecipient": "Чернівці"
  },
  {
    "number": 59000455253653,
    "dateTime": {
      "date": {
        "year": 2019,
        "month": 10,
        "day": 16
      },
      "time": {
        "hour": 10,
        "minute": 40,
        "second": 42,
        "nano": 0
      }
    },
    "citySender": "Кам\u0027янське(Дніпропетровська обл)",
    "cityRecipient": "Івано-Франківськ"
  },
  {
    "number": 59000455253654,
    "dateTime": {
      "date": {
        "year": 2019,
        "month": 10,
        "day": 16
      },
      "time": {
        "hour": 10,
        "minute": 40,
        "second": 47,
        "nano": 0
      }
    },
    "citySender": "Харків",
    "cityRecipient": "Лісний Хлібичин"
  },
  {
    "number": 59000455253655,
    "dateTime": {
      "date": {
        "year": 2019,
        "month": 10,
        "day": 16
      },
      "time": {
        "hour": 10,
        "minute": 41,
        "second": 1,
        "nano": 0
      }
    },
    "citySender": "Дніпро",
    "cityRecipient": "Ірпінь"
  },
  {
    "number": 59000455253656,
    "dateTime": {
      "date": {
        "year": 2019,
        "month": 10,
        "day": 16
      },
      "time": {
        "hour": 10,
        "minute": 38,
        "second": 6,
        "nano": 0
      }
    },
    "citySender": "Київ",
    "cityRecipient": "Прилуки"
  },
  {
    "number": 59000455253657,
    "dateTime": {
      "date": {
        "year": 2019,
        "month": 10,
        "day": 16
      },
      "time": {
        "hour": 10,
        "minute": 40,
        "second": 51,
        "nano": 0
      }
    },
    "citySender": "Харків",
    "cityRecipient": "Київ"
  },
  {
    "number": 59000455253658,
    "dateTime": {
      "date": {
        "year": 2019,
        "month": 10,
        "day": 16
      },
      "time": {
        "hour": 10,
        "minute": 41,
        "second": 4,
        "nano": 0
      }
    },
    "citySender": "Чорноморськ",
    "cityRecipient": "Городище (Черкаська обл.)"
  },
  {
    "number": 59000455253659,
    "dateTime": {
      "date": {
        "year": 2019,
        "month": 10,
        "day": 16
      },
      "time": {
        "hour": 10,
        "minute": 40,
        "second": 47,
        "nano": 0
      }
    },
    "citySender": "Якимівка (Запорізька обл.)",
    "cityRecipient": "Київ"
  },
  {
    "number": 59000455253660,
    "dateTime": {
      "date": {
        "year": 2019,
        "month": 10,
        "day": 16
      },
      "time": {
        "hour": 10,
        "minute": 40,
        "second": 3,
        "nano": 0
      }
    },
    "citySender": "Чинадійово",
    "cityRecipient": "Великий Березний"
  },
  {
    "number": 59000455253661,
    "dateTime": {
      "date": {
        "year": 2019,
        "month": 10,
        "day": 16
      },
      "time": {
        "hour": 10,
        "minute": 40,
        "second": 33,
        "nano": 0
      }
    },
    "citySender": "Тячів",
    "cityRecipient": "Пісочна"
  },
  {
    "number": 59000455253662,
    "dateTime": {
      "date": {
        "year": 2019,
        "month": 10,
        "day": 16
      },
      "time": {
        "hour": 10,
        "minute": 40,
        "second": 17,
        "nano": 0
      }
    },
    "citySender": "Сміла",
    "cityRecipient": "Зачепилівка"
  },
  {
    "number": 59000455253663,
    "dateTime": {
      "date": {
        "year": 2019,
        "month": 10,
        "day": 16
      },
      "time": {
        "hour": 10,
        "minute": 40,
        "second": 32,
        "nano": 0
      }
    },
    "citySender": "Запоріжжя",
    "cityRecipient": "Київ"
  },
  {
    "number": 59000455253664,
    "dateTime": {
      "date": {
        "year": 2019,
        "month": 10,
        "day": 16
      },
      "time": {
        "hour": 10,
        "minute": 39,
        "second": 48,
        "nano": 0
      }
    },
    "citySender": "Чабани",
    "cityRecipient": "Бершадь"
  },
  {
    "number": 59000455253665,
    "dateTime": {
      "date": {
        "year": 2019,
        "month": 10,
        "day": 16
      },
      "time": {
        "hour": 10,
        "minute": 40,
        "second": 30,
        "nano": 0
      }
    },
    "citySender": "Київ",
    "cityRecipient": "Шевченкове (Миколаївська обл.)"
  },
  {
    "number": 59000455253666,
    "dateTime": {
      "date": {
        "year": 2019,
        "month": 10,
        "day": 16
      },
      "time": {
        "hour": 10,
        "minute": 41,
        "second": 7,
        "nano": 0
      }
    },
    "citySender": "Полтава",
    "cityRecipient": "Полтава"
  },
  {
    "number": 59000455253667,
    "dateTime": {
      "date": {
        "year": 2019,
        "month": 10,
        "day": 16
      },
      "time": {
        "hour": 10,
        "minute": 40,
        "second": 44,
        "nano": 0
      }
    },
    "citySender": "Одеса",
    "cityRecipient": "Калинівка (Броварський р-н)"
  },
  {
    "number": 59000455253668,
    "dateTime": {
      "date": {
        "year": 2019,
        "month": 10,
        "day": 16
      },
      "time": {
        "hour": 10,
        "minute": 41,
        "second": 9,
        "nano": 0
      }
    },
    "citySender": "Сколе",
    "cityRecipient": "Львів"
  },
  {
    "number": 59000455253669,
    "dateTime": {
      "date": {
        "year": 2019,
        "month": 10,
        "day": 16
      },
      "time": {
        "hour": 10,
        "minute": 41,
        "second": 4,
        "nano": 0
      }
    },
    "citySender": "Бердянськ",
    "cityRecipient": "Маріуполь"
  },
  {
    "number": 59000455253671,
    "dateTime": {
      "date": {
        "year": 2019,
        "month": 10,
        "day": 16
      },
      "time": {
        "hour": 10,
        "minute": 40,
        "second": 40,
        "nano": 0
      }
    },
    "citySender": "Дніпро",
    "cityRecipient": "Одеса"
  },
  {
    "number": 59000455253672,
    "dateTime": {
      "date": {
        "year": 2019,
        "month": 10,
        "day": 16
      },
      "time": {
        "hour": 10,
        "minute": 40,
        "second": 55,
        "nano": 0
      }
    },
    "citySender": "Опитне (Бахмутський р-н)",
    "cityRecipient": "Велика Багачка"
  },
  {
    "number": 59000455253673,
    "dateTime": {
      "date": {
        "year": 2019,
        "month": 10,
        "day": 16
      },
      "time": {
        "hour": 10,
        "minute": 41,
        "second": 10,
        "nano": 0
      }
    },
    "citySender": "Нікополь (Дніпропетровська обл.)",
    "cityRecipient": "Київ"
  },
  {
    "number": 59000455253674,
    "dateTime": {
      "date": {
        "year": 2019,
        "month": 10,
        "day": 16
      },
      "time": {
        "hour": 10,
        "minute": 41,
        "second": 5,
        "nano": 0
      }
    },
    "citySender": "Авангард",
    "cityRecipient": "Свалява"
  },
  {
    "number": 59000455253675,
    "dateTime": {
      "date": {
        "year": 2019,
        "month": 10,
        "day": 16
      },
      "time": {
        "hour": 10,
        "minute": 40,
        "second": 39,
        "nano": 0
      }
    },
    "citySender": "Кам\u0027янка-Дніпровська (Запорізька обл.)",
    "cityRecipient": "Долинська"
  },
  {
    "number": 59000455253676,
    "dateTime": {
      "date": {
        "year": 2019,
        "month": 10,
        "day": 16
      },
      "time": {
        "hour": 10,
        "minute": 40,
        "second": 43,
        "nano": 0
      }
    },
    "citySender": "Каховка",
    "cityRecipient": "Дніпро"
  },
  {
    "number": 59000455253677,
    "dateTime": {
      "date": {
        "year": 2019,
        "month": 10,
        "day": 16
      },
      "time": {
        "hour": 10,
        "minute": 40,
        "second": 29,
        "nano": 0
      }
    },
    "citySender": "Малин",
    "cityRecipient": "Київ"
  },
  {
    "number": 59000455253678,
    "dateTime": {
      "date": {
        "year": 2019,
        "month": 10,
        "day": 16
      },
      "time": {
        "hour": 10,
        "minute": 40,
        "second": 25,
        "nano": 0
      }
    },
    "citySender": "Львів",
    "cityRecipient": "Харків"
  },
  {
    "number": 59000455253680,
    "dateTime": {
      "date": {
        "year": 2019,
        "month": 10,
        "day": 16
      },
      "time": {
        "hour": 10,
        "minute": 41,
        "second": 1,
        "nano": 0
      }
    },
    "citySender": "Львів",
    "cityRecipient": "Вінниця"
  },
  {
    "number": 59000455253681,
    "dateTime": {
      "date": {
        "year": 2019,
        "month": 10,
        "day": 16
      },
      "time": {
        "hour": 10,
        "minute": 41,
        "second": 2,
        "nano": 0
      }
    },
    "citySender": "Львів",
    "cityRecipient": "Харків"
  },
  {
    "number": 59000455253682,
    "dateTime": {
      "date": {
        "year": 2019,
        "month": 10,
        "day": 16
      },
      "time": {
        "hour": 10,
        "minute": 41,
        "second": 10,
        "nano": 0
      }
    },
    "citySender": "Одеса",
    "cityRecipient": "Львів"
  },
  {
    "number": 59000455253683,
    "dateTime": {
      "date": {
        "year": 2019,
        "month": 10,
        "day": 16
      },
      "time": {
        "hour": 10,
        "minute": 41,
        "second": 9,
        "nano": 0
      }
    },
    "citySender": "Буча",
    "cityRecipient": "Львів"
  },
  {
    "number": 59000455253684,
    "dateTime": {
      "date": {
        "year": 2019,
        "month": 10,
        "day": 16
      },
      "time": {
        "hour": 10,
        "minute": 40,
        "second": 58,
        "nano": 0
      }
    },
    "citySender": "Красилів",
    "cityRecipient": "Тернопіль"
  },
  {
    "number": 59000455253685,
    "dateTime": {
      "date": {
        "year": 2019,
        "month": 10,
        "day": 16
      },
      "time": {
        "hour": 10,
        "minute": 41,
        "second": 7,
        "nano": 0
      }
    },
    "citySender": "Харків",
    "cityRecipient": "Сєвєродонецьк"
  },
  {
    "number": 59000455253686,
    "dateTime": {
      "date": {
        "year": 2019,
        "month": 10,
        "day": 16
      },
      "time": {
        "hour": 10,
        "minute": 41,
        "second": 0,
        "nano": 0
      }
    },
    "citySender": "Київ",
    "cityRecipient": "Кривий Ріг"
  }
]