[
  {
    "number": 59000455231999,
    "dateTime": {
      "date": {
        "year": 2019,
        "month": 10,
        "day": 16
      },
      "time": {
        "hour": 9,
        "minute": 37,
        "second": 51,
        "nano": 0
      }
    },
    "citySender": "Вінниця",
    "cityRecipient": "Київ"
  },
  {
    "number": 59000455232000,
    "dateTime": {
      "date": {
        "year": 2019,
        "month": 10,
        "day": 16
      },
      "time": {
        "hour": 9,
        "minute": 38,
        "second": 2,
        "nano": 0
      }
    },
    "citySender": "Доброслав",
    "cityRecipient": "Дачне"
  },
  {
    "number": 59000455232001,
    "dateTime": {
      "date": {
        "year": 2019,
        "month": 10,
        "day": 16
      },
      "time": {
        "hour": 9,
        "minute": 38,
        "second": 13,
        "nano": 0
      }
    },
    "citySender": "Жидачів",
    "cityRecipient": "Світловодськ"
  },
  {
    "number": 59000455232002,
    "dateTime": {
      "date": {
        "year": 2019,
        "month": 10,
        "day": 16
      },
      "time": {
        "hour": 9,
        "minute": 37,
        "second": 37,
        "nano": 0
      }
    },
    "citySender": "Миколаїв",
    "cityRecipient": "Київ"
  },
  {
    "number": 59000455232003,
    "dateTime": {
      "date": {
        "year": 2019,
        "month": 10,
        "day": 16
      },
      "time": {
        "hour": 9,
        "minute": 37,
        "second": 38,
        "nano": 0
      }
    },
    "citySender": "Нововолинськ",
    "cityRecipient": "Львів"
  },
  {
    "number": 59000455232004,
    "dateTime": {
      "date": {
        "year": 2019,
        "month": 10,
        "day": 16
      },
      "time": {
        "hour": 9,
        "minute": 38,
        "second": 13,
        "nano": 0
      }
    },
    "citySender": "Городок (Хмельницька обл.)",
    "cityRecipient": "Київ"
  },
  {
    "number": 59000455232005,
    "dateTime": {
      "date": {
        "year": 2019,
        "month": 10,
        "day": 16
      },
      "time": {
        "hour": 9,
        "minute": 38,
        "second": 7,
        "nano": 0
      }
    },
    "citySender": "Тарасівка",
    "cityRecipient": "Опитне (Бахмутський р-н)"
  },
  {
    "number": 59000455232006,
    "dateTime": {
      "date": {
        "year": 2019,
        "month": 10,
        "day": 16
      },
      "time": {
        "hour": 9,
        "minute": 37,
        "second": 44,
        "nano": 0
      }
    },
    "citySender": "Київ",
    "cityRecipient": "Київ"
  },
  {
    "number": 59000455232007,
    "dateTime": {
      "date": {
        "year": 2019,
        "month": 10,
        "day": 16
      },
      "time": {
        "hour": 9,
        "minute": 37,
        "second": 16,
        "nano": 0
      }
    },
    "citySender": "Чуднів",
    "cityRecipient": "Київ"
  },
  {
    "number": 59000455232008,
    "dateTime": {
      "date": {
        "year": 2019,
        "month": 10,
        "day": 16
      },
      "time": {
        "hour": 9,
        "minute": 37,
        "second": 58,
        "nano": 0
      }
    },
    "citySender": "Кропивницький",
    "cityRecipient": "Київ"
  },
  {
    "number": 59000455232010,
    "dateTime": {
      "date": {
        "year": 2019,
        "month": 10,
        "day": 16
      },
      "time": {
        "hour": 9,
        "minute": 37,
        "second": 54,
        "nano": 0
      }
    },
    "citySender": "Дніпро",
    "cityRecipient": "Харків"
  },
  {
    "number": 59000455232011,
    "dateTime": {
      "date": {
        "year": 2019,
        "month": 10,
        "day": 16
      },
      "time": {
        "hour": 9,
        "minute": 37,
        "second": 35,
        "nano": 0
      }
    },
    "citySender": "Львів",
    "cityRecipient": "Деражня"
  },
  {
    "number": 59000455232013,
    "dateTime": {
      "date": {
        "year": 2019,
        "month": 10,
        "day": 16
      },
      "time": {
        "hour": 9,
        "minute": 38,
        "second": 17,
        "nano": 0
      }
    },
    "citySender": "Кельменці",
    "cityRecipient": "Київ"
  },
  {
    "number": 59000455232014,
    "dateTime": {
      "date": {
        "year": 2019,
        "month": 10,
        "day": 16
      },
      "time": {
        "hour": 9,
        "minute": 37,
        "second": 47,
        "nano": 0
      }
    },
    "citySender": "Костянтинівка (Донецька обл.)",
    "cityRecipient": "Чернігів"
  },
  {
    "number": 59000455232015,
    "dateTime": {
      "date": {
        "year": 2019,
        "month": 10,
        "day": 16
      },
      "time": {
        "hour": 9,
        "minute": 38,
        "second": 18,
        "nano": 0
      }
    },
    "citySender": "Дніпро",
    "cityRecipient": "Київ"
  },
  {
    "number": 59000455232016,
    "dateTime": {
      "date": {
        "year": 2019,
        "month": 10,
        "day": 16
      },
      "time": {
        "hour": 9,
        "minute": 37,
        "second": 55,
        "nano": 0
      }
    },
    "citySender": "Славське (Львівська обл.)",
    "cityRecipient": "Суми"
  },
  {
    "number": 59000455232017,
    "dateTime": {
      "date": {
        "year": 2019,
        "month": 10,
        "day": 16
      },
      "time": {
        "hour": 9,
        "minute": 38,
        "second": 10,
        "nano": 0
      }
    },
    "citySender": "Новомосковськ",
    "cityRecipient": "Матвіївка(Вільнянський р-н)"
  },
  {
    "number": 59000455232018,
    "dateTime": {
      "date": {
        "year": 2019,
        "month": 10,
        "day": 16
      },
      "time": {
        "hour": 9,
        "minute": 37,
        "second": 53,
        "nano": 0
      }
    },
    "citySender": "Нікополь (Дніпропетровська обл.)",
    "cityRecipient": "Дніпро"
  },
  {
    "number": 59000455232019,
    "dateTime": {
      "date": {
        "year": 2019,
        "month": 10,
        "day": 16
      },
      "time": {
        "hour": 9,
        "minute": 37,
        "second": 35,
        "nano": 0
      }
    },
    "citySender": "Стрий",
    "cityRecipient": "Тернопіль"
  },
  {
    "number": 59000455232020,
    "dateTime": {
      "date": {
        "year": 2019,
        "month": 10,
        "day": 16
      },
      "time": {
        "hour": 9,
        "minute": 38,
        "second": 18,
        "nano": 0
      }
    },
    "citySender": "Борзна",
    "cityRecipient": "Харків"
  },
  {
    "number": 59000455232022,
    "dateTime": {
      "date": {
        "year": 2019,
        "month": 10,
        "day": 16
      },
      "time": {
        "hour": 9,
        "minute": 38,
        "second": 13,
        "nano": 0
      }
    },
    "citySender": "Свеса",
    "cityRecipient": "Київ"
  },
  {
    "number": 59000455232023,
    "dateTime": {
      "date": {
        "year": 2019,
        "month": 10,
        "day": 16
      },
      "time": {
        "hour": 9,
        "minute": 37,
        "second": 22,
        "nano": 0
      }
    },
    "citySender": "Скадовськ",
    "cityRecipient": "Львів"
  },
  {
    "number": 59000455232024,
    "dateTime": {
      "date": {
        "year": 2019,
        "month": 10,
        "day": 16
      },
      "time": {
        "hour": 9,
        "minute": 36,
        "second": 43,
        "nano": 0
      }
    },
    "citySender": "Миколаїв",
    "cityRecipient": "Київ"
  },
  {
    "number": 59000455232025,
    "dateTime": {
      "date": {
        "year": 2019,
        "month": 10,
        "day": 16
      },
      "time": {
        "hour": 9,
        "minute": 37,
        "second": 56,
        "nano": 0
      }
    },
    "citySender": "Кобеляки",
    "cityRecipient": "Черкаси"
  },
  {
    "number": 59000455232026,
    "dateTime": {
      "date": {
        "year": 2019,
        "month": 10,
        "day": 16
      },
      "time": {
        "hour": 9,
        "minute": 37,
        "second": 57,
        "nano": 0
      }
    },
    "citySender": "Турбів",
    "cityRecipient": "Ужгород"
  },
  {
    "number": 59000455232027,
    "dateTime": {
      "date": {
        "year": 2019,
        "month": 10,
        "day": 16
      },
      "time": {
        "hour": 9,
        "minute": 38,
        "second": 12,
        "nano": 0
      }
    },
    "citySender": "Мукачево",
    "cityRecipient": "Ужгород"
  },
  {
    "number": 59000455232028,
    "dateTime": {
      "date": {
        "year": 2019,
        "month": 10,
        "day": 16
      },
      "time": {
        "hour": 9,
        "minute": 38,
        "second": 4,
        "nano": 0
      }
    },
    "citySender": "Компаніївка",
    "cityRecipient": "Запоріжжя"
  },
  {
    "number": 59000455232029,
    "dateTime": {
      "date": {
        "year": 2019,
        "month": 10,
        "day": 16
      },
      "time": {
        "hour": 9,
        "minute": 37,
        "second": 3,
        "nano": 0
      }
    },
    "citySender": "Павлоград",
    "cityRecipient": "Кам\u0027янське(Дніпропетровська обл)"
  },
  {
    "number": 59000455232030,
    "dateTime": {
      "date": {
        "year": 2019,
        "month": 10,
        "day": 16
      },
      "time": {
        "hour": 9,
        "minute": 37,
        "second": 43,
        "nano": 0
      }
    },
    "citySender": "Суми",
    "cityRecipient": "Хмельницький"
  },
  {
    "number": 59000455232031,
    "dateTime": {
      "date": {
        "year": 2019,
        "month": 10,
        "day": 16
      },
      "time": {
        "hour": 9,
        "minute": 38,
        "second": 3,
        "nano": 0
      }
    },
    "citySender": "Болехів",
    "cityRecipient": "Дніпро"
  },
  {
    "number": 59000455232032,
    "dateTime": {
      "date": {
        "year": 2019,
        "month": 10,
        "day": 16
      },
      "time": {
        "hour": 9,
        "minute": 37,
        "second": 28,
        "nano": 0
      }
    },
    "citySender": "Попасна",
    "cityRecipient": "Трускавець"
  },
  {
    "number": 59000455232033,
    "dateTime": {
      "date": {
        "year": 2019,
        "month": 10,
        "day": 16
      },
      "time": {
        "hour": 9,
        "minute": 38,
        "second": 6,
        "nano": 0
      }
    },
    "citySender": "Львів",
    "cityRecipient": "Тячів"
  },
  {
    "number": 59000455232034,
    "dateTime": {
      "date": {
        "year": 2019,
        "month": 10,
        "day": 16
      },
      "time": {
        "hour": 9,
        "minute": 38,
        "second": 7,
        "nano": 0
      }
    },
    "citySender": "Глеваха",
    "cityRecipient": "Рівне"
  },
  {
    "number": 59000455232036,
    "dateTime": {
      "date": {
        "year": 2019,
        "month": 10,
        "day": 16
      },
      "time": {
        "hour": 9,
        "minute": 38,
        "second": 0,
        "nano": 0
      }
    },
    "citySender": "Талалаївка (Талалаївський р-н., Чернігівська обл.)",
    "cityRecipient": "Обухів"
  },
  {
    "number": 59000455232037,
    "dateTime": {
      "date": {
        "year": 2019,
        "month": 10,
        "day": 16
      },
      "time": {
        "hour": 9,
        "minute": 37,
        "second": 58,
        "nano": 0
      }
    },
    "citySender": "Ратне",
    "cityRecipient": "Ірпінь"
  },
  {
    "number": 59000455232038,
    "dateTime": {
      "date": {
        "year": 2019,
        "month": 10,
        "day": 16
      },
      "time": {
        "hour": 9,
        "minute": 38,
        "second": 9,
        "nano": 0
      }
    },
    "citySender": "Конотоп",
    "cityRecipient": "Бровари"
  },
  {
    "number": 59000455232039,
    "dateTime": {
      "date": {
        "year": 2019,
        "month": 10,
        "day": 16
      },
      "time": {
        "hour": 9,
        "minute": 38,
        "second": 21,
        "nano": 0
      }
    },
    "citySender": "Пісківка",
    "cityRecipient": "Мостиська"
  },
  {
    "number": 59000455232040,
    "dateTime": {
      "date": {
        "year": 2019,
        "month": 10,
        "day": 16
      },
      "time": {
        "hour": 9,
        "minute": 38,
        "second": 14,
        "nano": 0
      }
    },
    "citySender": "Херсон",
    "cityRecipient": "Харків"
  },
  {
    "number": 59000455232041,
    "dateTime": {
      "date": {
        "year": 2019,
        "month": 10,
        "day": 16
      },
      "time": {
        "hour": 9,
        "minute": 38,
        "second": 8,
        "nano": 0
      }
    },
    "citySender": "Дніпро",
    "cityRecipient": "Львів"
  },
  {
    "number": 59000455232042,
    "dateTime": {
      "date": {
        "year": 2019,
        "month": 10,
        "day": 16
      },
      "time": {
        "hour": 9,
        "minute": 36,
        "second": 15,
        "nano": 0
      }
    },
    "citySender": "Бершадь",
    "cityRecipient": "Богородчани"
  },
  {
    "number": 59000455232043,
    "dateTime": {
      "date": {
        "year": 2019,
        "month": 10,
        "day": 16
      },
      "time": {
        "hour": 9,
        "minute": 37,
        "second": 44,
        "nano": 0
      }
    },
    "citySender": "Полтава",
    "cityRecipient": "Бориспіль"
  },
  {
    "number": 59000455232044,
    "dateTime": {
      "date": {
        "year": 2019,
        "month": 10,
        "day": 16
      },
      "time": {
        "hour": 9,
        "minute": 38,
        "second": 20,
        "nano": 0
      }
    },
    "citySender": "Харків",
    "cityRecipient": "Східниця"
  },
  {
    "number": 59000455232045,
    "dateTime": {
      "date": {
        "year": 2019,
        "month": 10,
        "day": 16
      },
      "time": {
        "hour": 9,
        "minute": 37,
        "second": 41,
        "nano": 0
      }
    },
    "citySender": "Одеса",
    "cityRecipient": "Бориспіль"
  },
  {
    "number": 59000455232046,
    "dateTime": {
      "date": {
        "year": 2019,
        "month": 10,
        "day": 16
      },
      "time": {
        "hour": 9,
        "minute": 37,
        "second": 56,
        "nano": 0
      }
    },
    "citySender": "Ємільчине",
    "cityRecipient": "Харків"
  },
  {
    "number": 59000455232047,
    "dateTime": {
      "date": {
        "year": 2019,
        "month": 10,
        "day": 16
      },
      "time": {
        "hour": 9,
        "minute": 38,
        "second": 3,
        "nano": 0
      }
    },
    "citySender": "Біла Церква",
    "cityRecipient": "Житомир"
  },
  {
    "number": 59000455232048,
    "dateTime": {
      "date": {
        "year": 2019,
        "month": 10,
        "day": 16
      },
      "time": {
        "hour": 9,
        "minute": 38,
        "second": 15,
        "nano": 0
      }
    },
    "citySender": "Хмельницький",
    "cityRecipient": "Погреби"
  },
  {
    "number": 59000455232049,
    "dateTime": {
      "date": {
        "year": 2019,
        "month": 10,
        "day": 16
      },
      "time": {
        "hour": 9,
        "minute": 38,
        "second": 6,
        "nano": 0
      }
    },
    "citySender": "Вінниця",
    "cityRecipient": "Івано-Франківськ"
  },
  {
    "number": 59000455232050,
    "dateTime": {
      "date": {
        "year": 2019,
        "month": 10,
        "day": 16
      },
      "time": {
        "hour": 9,
        "minute": 38,
        "second": 3,
        "nano": 0
      }
    },
    "citySender": "Лиман(Донецька обл)",
    "cityRecipient": "Харків"
  },
  {
    "number": 59000455232051,
    "dateTime": {
      "date": {
        "year": 2019,
        "month": 10,
        "day": 16
      },
      "time": {
        "hour": 9,
        "minute": 38,
        "second": 23,
        "nano": 0
      }
    },
    "citySender": "Білозерське (Донецька обл.)",
    "cityRecipient": "Дніпро"
  },
  {
    "number": 59000455232052,
    "dateTime": {
      "date": {
        "year": 2019,
        "month": 10,
        "day": 16
      },
      "time": {
        "hour": 9,
        "minute": 38,
        "second": 14,
        "nano": 0
      }
    },
    "citySender": "Ладан",
    "cityRecipient": "Харків"
  },
  {
    "number": 59000455232053,
    "dateTime": {
      "date": {
        "year": 2019,
        "month": 10,
        "day": 16
      },
      "time": {
        "hour": 9,
        "minute": 34,
        "second": 56,
        "nano": 0
      }
    },
    "citySender": "Корець",
    "cityRecipient": "Київ"
  },
  {
    "number": 59000455232054,
    "dateTime": {
      "date": {
        "year": 2019,
        "month": 10,
        "day": 16
      },
      "time": {
        "hour": 9,
        "minute": 38,
        "second": 15,
        "nano": 0
      }
    },
    "citySender": "Михайлівка (Запорізька обл.)",
    "cityRecipient": "Михайлівка (Михайлівський р-н., Запорізька обл.)"
  },
  {
    "number": 59000455232055,
    "dateTime": {
      "date": {
        "year": 2019,
        "month": 10,
        "day": 16
      },
      "time": {
        "hour": 9,
        "minute": 38,
        "second": 20,
        "nano": 0
      }
    },
    "citySender": "Мостиська",
    "cityRecipient": "Вінниця"
  },
  {
    "number": 59000455232056,
    "dateTime": {
      "date": {
        "year": 2019,
        "month": 10,
        "day": 16
      },
      "time": {
        "hour": 9,
        "minute": 38,
        "second": 6,
        "nano": 0
      }
    },
    "citySender": "Дніпро",
    "cityRecipient": "Київ"
  },
  {
    "number": 59000455232057,
    "dateTime": {
      "date": {
        "year": 2019,
        "month": 10,
        "day": 16
      },
      "time": {
        "hour": 9,
        "minute": 37,
        "second": 36,
        "nano": 0
      }
    },
    "citySender": "Дніпро",
    "cityRecipient": "Біла Церква"
  },
  {
    "number": 59000455232058,
    "dateTime": {
      "date": {
        "year": 2019,
        "month": 10,
        "day": 16
      },
      "time": {
        "hour": 9,
        "minute": 38,
        "second": 18,
        "nano": 0
      }
    },
    "citySender": "Угринів (Тисменицький р-н., Івано-Франк. обл.)",
    "cityRecipient": "Зарічне(Рівненська обл.)"
  },
  {
    "number": 59000455232059,
    "dateTime": {
      "date": {
        "year": 2019,
        "month": 10,
        "day": 16
      },
      "time": {
        "hour": 9,
        "minute": 37,
        "second": 24,
        "nano": 0
      }
    },
    "citySender": "Стрий",
    "cityRecipient": "Поляниця (Буковель)"
  },
  {
    "number": 59000455232060,
    "dateTime": {
      "date": {
        "year": 2019,
        "month": 10,
        "day": 16
      },
      "time": {
        "hour": 9,
        "minute": 38,
        "second": 0,
        "nano": 0
      }
    },
    "citySender": "Кременчук",
    "cityRecipient": "Лубни"
  },
  {
    "number": 59000455232061,
    "dateTime": {
      "date": {
        "year": 2019,
        "month": 10,
        "day": 16
      },
      "time": {
        "hour": 9,
        "minute": 37,
        "second": 46,
        "nano": 0
      }
    },
    "citySender": "Київ",
    "cityRecipient": "Харків"
  },
  {
    "number": 59000455232062,
    "dateTime": {
      "date": {
        "year": 2019,
        "month": 10,
        "day": 16
      },
      "time": {
        "hour": 9,
        "minute": 38,
        "second": 25,
        "nano": 0
      }
    },
    "citySender": "Сміла",
    "cityRecipient": "Черкаси"
  },
  {
    "number": 59000455232063,
    "dateTime": {
      "date": {
        "year": 2019,
        "month": 10,
        "day": 16
      },
      "time": {
        "hour": 9,
        "minute": 37,
        "second": 47,
        "nano": 0
      }
    },
    "citySender": "Одеса",
    "cityRecipient": "Київ"
  },
  {
    "number": 59000455232064,
    "dateTime": {
      "date": {
        "year": 2019,
        "month": 10,
        "day": 16
      },
      "time": {
        "hour": 9,
        "minute": 37,
        "second": 52,
        "nano": 0
      }
    },
    "citySender": "Зачепилівка",
    "cityRecipient": "Вознесенськ"
  },
  {
    "number": 59000455232065,
    "dateTime": {
      "date": {
        "year": 2019,
        "month": 10,
        "day": 16
      },
      "time": {
        "hour": 9,
        "minute": 38,
        "second": 22,
        "nano": 0
      }
    },
    "citySender": "Томаківка",
    "cityRecipient": "Дніпрорудне"
  },
  {
    "number": 59000455232066,
    "dateTime": {
      "date": {
        "year": 2019,
        "month": 10,
        "day": 16
      },
      "time": {
        "hour": 9,
        "minute": 38,
        "second": 22,
        "nano": 0
      }
    },
    "citySender": "Славута",
    "cityRecipient": "Солонка (Львівська обл.)"
  },
  {
    "number": 59000455232067,
    "dateTime": {
      "date": {
        "year": 2019,
        "month": 10,
        "day": 16
      },
      "time": {
        "hour": 9,
        "minute": 37,
        "second": 19,
        "nano": 0
      }
    },
    "citySender": "Зеленодольськ",
    "cityRecipient": "Комарівка"
  },
  {
    "number": 59000455232068,
    "dateTime": {
      "date": {
        "year": 2019,
        "month": 10,
        "day": 16
      },
      "time": {
        "hour": 9,
        "minute": 37,
        "second": 40,
        "nano": 0
      }
    },
    "citySender": "Харків",
    "cityRecipient": "Полтава"
  },
  {
    "number": 59000455232069,
    "dateTime": {
      "date": {
        "year": 2019,
        "month": 10,
        "day": 16
      },
      "time": {
        "hour": 9,
        "minute": 38,
        "second": 20,
        "nano": 0
      }
    },
    "citySender": "Львів",
    "cityRecipient": "Львів"
  },
  {
    "number": 59000455232070,
    "dateTime": {
      "date": {
        "year": 2019,
        "month": 10,
        "day": 16
      },
      "time": {
        "hour": 9,
        "minute": 38,
        "second": 27,
        "nano": 0
      }
    },
    "citySender": "Чернівці",
    "cityRecipient": "Одеса"
  },
  {
    "number": 59000455232071,
    "dateTime": {
      "date": {
        "year": 2019,
        "month": 10,
        "day": 16
      },
      "time": {
        "hour": 9,
        "minute": 38,
        "second": 11,
        "nano": 0
      }
    },
    "citySender": "Браїлів",
    "cityRecipient": "Бердянськ"
  },
  {
    "number": 59000455232072,
    "dateTime": {
      "date": {
        "year": 2019,
        "month": 10,
        "day": 16
      },
      "time": {
        "hour": 9,
        "minute": 38,
        "second": 17,
        "nano": 0
      }
    },
    "citySender": "Харків",
    "cityRecipient": "Дружківка"
  },
  {
    "number": 59000455232073,
    "dateTime": {
      "date": {
        "year": 2019,
        "month": 10,
        "day": 16
      },
      "time": {
        "hour": 9,
        "minute": 38,
        "second": 13,
        "nano": 0
      }
    },
    "citySender": "Львів",
    "cityRecipient": "Ковель"
  },
  {
    "number": 59000455232074,
    "dateTime": {
      "date": {
        "year": 2019,
        "month": 10,
        "day": 16
      },
      "time": {
        "hour": 9,
        "minute": 38,
        "second": 20,
        "nano": 0
      }
    },
    "citySender": "Київ",
    "cityRecipient": "Київ"
  },
  {
    "number": 59000455232076,
    "dateTime": {
      "date": {
        "year": 2019,
        "month": 10,
        "day": 16
      },
      "time": {
        "hour": 9,
        "minute": 38,
        "second": 7,
        "nano": 0
      }
    },
    "citySender": "Тернопіль",
    "cityRecipient": "Житомир"
  },
  {
    "number": 59000455232077,
    "dateTime": {
      "date": {
        "year": 2019,
        "month": 10,
        "day": 16
      },
      "time": {
        "hour": 9,
        "minute": 38,
        "second": 20,
        "nano": 0
      }
    },
    "citySender": "Одеса",
    "cityRecipient": "Київ"
  },
  {
    "number": 59000455232078,
    "dateTime": {
      "date": {
        "year": 2019,
        "month": 10,
        "day": 16
      },
      "time": {
        "hour": 9,
        "minute": 38,
        "second": 12,
        "nano": 0
      }
    },
    "citySender": "Олександропіль (Петропавлівський р-н.)",
    "cityRecipient": "Київ"
  },
  {
    "number": 59000455232079,
    "dateTime": {
      "date": {
        "year": 2019,
        "month": 10,
        "day": 16
      },
      "time": {
        "hour": 9,
        "minute": 38,
        "second": 17,
        "nano": 0
      }
    },
    "citySender": "Тульчин",
    "cityRecipient": "Тячів"
  },
  {
    "number": 59000455232080,
    "dateTime": {
      "date": {
        "year": 2019,
        "month": 10,
        "day": 16
      },
      "time": {
        "hour": 9,
        "minute": 38,
        "second": 29,
        "nano": 0
      }
    },
    "citySender": "Біла Церква",
    "cityRecipient": "Київ"
  },
  {
    "number": 59000455232081,
    "dateTime": {
      "date": {
        "year": 2019,
        "month": 10,
        "day": 16
      },
      "time": {
        "hour": 9,
        "minute": 38,
        "second": 8,
        "nano": 0
      }
    },
    "citySender": "Чернігів",
    "cityRecipient": "Київ"
  },
  {
    "number": 59000455232082,
    "dateTime": {
      "date": {
        "year": 2019,
        "month": 10,
        "day": 16
      },
      "time": {
        "hour": 9,
        "minute": 38,
        "second": 19,
        "nano": 0
      }
    },
    "citySender": "Коломия",
    "cityRecipient": "Івано-Франківськ"
  },
  {
    "number": 59000455232083,
    "dateTime": {
      "date": {
        "year": 2019,
        "month": 10,
        "day": 16
      },
      "time": {
        "hour": 9,
        "minute": 38,
        "second": 22,
        "nano": 0
      }
    },
    "citySender": "Рубіжне",
    "cityRecipient": "Львів"
  },
  {
    "number": 59000455232084,
    "dateTime": {
      "date": {
        "year": 2019,
        "month": 10,
        "day": 16
      },
      "time": {
        "hour": 9,
        "minute": 38,
        "second": 12,
        "nano": 0
      }
    },
    "citySender": "Чернівці",
    "cityRecipient": "Київ"
  },
  {
    "number": 59000455232085,
    "dateTime": {
      "date": {
        "year": 2019,
        "month": 10,
        "day": 16
      },
      "time": {
        "hour": 9,
        "minute": 36,
        "second": 6,
        "nano": 0
      }
    },
    "citySender": "Високопілля",
    "cityRecipient": "Львів"
  },
  {
    "number": 59000455232086,
    "dateTime": {
      "date": {
        "year": 2019,
        "month": 10,
        "day": 16
      },
      "time": {
        "hour": 9,
        "minute": 38,
        "second": 31,
        "nano": 0
      }
    },
    "citySender": "Дніпро",
    "cityRecipient": "Ілічанка"
  },
  {
    "number": 59000455232087,
    "dateTime": {
      "date": {
        "year": 2019,
        "month": 10,
        "day": 16
      },
      "time": {
        "hour": 9,
        "minute": 38,
        "second": 18,
        "nano": 0
      }
    },
    "citySender": "Клугино-Башкирівка",
    "cityRecipient": "Велика Білозерка"
  },
  {
    "number": 59000455232088,
    "dateTime": {
      "date": {
        "year": 2019,
        "month": 10,
        "day": 16
      },
      "time": {
        "hour": 9,
        "minute": 38,
        "second": 13,
        "nano": 0
      }
    },
    "citySender": "Тернопіль",
    "cityRecipient": "Бровари"
  },
  {
    "number": 59000455232089,
    "dateTime": {
      "date": {
        "year": 2019,
        "month": 10,
        "day": 16
      },
      "time": {
        "hour": 9,
        "minute": 38,
        "second": 26,
        "nano": 0
      }
    },
    "citySender": "Запоріжжя",
    "cityRecipient": "Оріхів"
  },
  {
    "number": 59000455232090,
    "dateTime": {
      "date": {
        "year": 2019,
        "month": 10,
        "day": 16
      },
      "time": {
        "hour": 9,
        "minute": 38,
        "second": 32,
        "nano": 0
      }
    },
    "citySender": "Тернопіль",
    "cityRecipient": "Київ"
  },
  {
    "number": 59000455232091,
    "dateTime": {
      "date": {
        "year": 2019,
        "month": 10,
        "day": 16
      },
      "time": {
        "hour": 9,
        "minute": 38,
        "second": 32,
        "nano": 0
      }
    },
    "citySender": "Кельменці",
    "cityRecipient": "Київ"
  },
  {
    "number": 59000455232092,
    "dateTime": {
      "date": {
        "year": 2019,
        "month": 10,
        "day": 16
      },
      "time": {
        "hour": 9,
        "minute": 36,
        "second": 7,
        "nano": 0
      }
    },
    "citySender": "Тернівка",
    "cityRecipient": "Вільнянськ"
  },
  {
    "number": 59000455232093,
    "dateTime": {
      "date": {
        "year": 2019,
        "month": 10,
        "day": 16
      },
      "time": {
        "hour": 9,
        "minute": 38,
        "second": 23,
        "nano": 0
      }
    },
    "citySender": "Київ",
    "cityRecipient": "Київ"
  },
  {
    "number": 59000455232094,
    "dateTime": {
      "date": {
        "year": 2019,
        "month": 10,
        "day": 16
      },
      "time": {
        "hour": 9,
        "minute": 38,
        "second": 10,
        "nano": 0
      }
    },
    "citySender": "Львів",
    "cityRecipient": "Хмельницький"
  },
  {
    "number": 59000455232095,
    "dateTime": {
      "date": {
        "year": 2019,
        "month": 10,
        "day": 16
      },
      "time": {
        "hour": 9,
        "minute": 38,
        "second": 8,
        "nano": 0
      }
    },
    "citySender": "Дніпро",
    "cityRecipient": "Запоріжжя"
  },
  {
    "number": 59000455232096,
    "dateTime": {
      "date": {
        "year": 2019,
        "month": 10,
        "day": 16
      },
      "time": {
        "hour": 9,
        "minute": 37,
        "second": 23,
        "nano": 0
      }
    },
    "citySender": "Дубровиця (Рівненська обл.)",
    "cityRecipient": "Івано-Франківськ"
  },
  {
    "number": 59000455232097,
    "dateTime": {
      "date": {
        "year": 2019,
        "month": 10,
        "day": 16
      },
      "time": {
        "hour": 9,
        "minute": 37,
        "second": 47,
        "nano": 0
      }
    },
    "citySender": "Львів",
    "cityRecipient": "Бердичів"
  },
  {
    "number": 59000455232098,
    "dateTime": {
      "date": {
        "year": 2019,
        "month": 10,
        "day": 16
      },
      "time": {
        "hour": 9,
        "minute": 38,
        "second": 34,
        "nano": 0
      }
    },
    "citySender": "Біла Церква",
    "cityRecipient": "Зеленодольськ"
  }
]