[
  {
    "number": 59000455214904,
    "dateTime": {
      "date": {
        "year": 2019,
        "month": 10,
        "day": 16
      },
      "time": {
        "hour": 8,
        "minute": 23,
        "second": 1,
        "nano": 0
      }
    },
    "citySender": "Ярмолинці",
    "cityRecipient": "Хмельницький"
  },
  {
    "number": 59000455214905,
    "dateTime": {
      "date": {
        "year": 2019,
        "month": 10,
        "day": 16
      },
      "time": {
        "hour": 8,
        "minute": 22,
        "second": 15,
        "nano": 0
      }
    },
    "citySender": "Лебедин (Сумська обл.)",
    "cityRecipient": "Київ"
  },
  {
    "number": 59000455214907,
    "dateTime": {
      "date": {
        "year": 2019,
        "month": 10,
        "day": 16
      },
      "time": {
        "hour": 8,
        "minute": 22,
        "second": 0,
        "nano": 0
      }
    },
    "citySender": "Дніпро",
    "cityRecipient": "Знам\u0027янка (Кіровоградська обл.)"
  },
  {
    "number": 59000455214908,
    "dateTime": {
      "date": {
        "year": 2019,
        "month": 10,
        "day": 16
      },
      "time": {
        "hour": 8,
        "minute": 23,
        "second": 0,
        "nano": 0
      }
    },
    "citySender": "Дніпро",
    "cityRecipient": "Маріуполь"
  },
  {
    "number": 59000455214909,
    "dateTime": {
      "date": {
        "year": 2019,
        "month": 10,
        "day": 16
      },
      "time": {
        "hour": 8,
        "minute": 23,
        "second": 3,
        "nano": 0
      }
    },
    "citySender": "Харків",
    "cityRecipient": "Слобожанське (Харківська обл., Нововодолазький р-н"
  },
  {
    "number": 59000455214910,
    "dateTime": {
      "date": {
        "year": 2019,
        "month": 10,
        "day": 16
      },
      "time": {
        "hour": 8,
        "minute": 22,
        "second": 37,
        "nano": 0
      }
    },
    "citySender": "Дніпро",
    "cityRecipient": "Дніпро"
  },
  {
    "number": 59000455214911,
    "dateTime": {
      "date": {
        "year": 2019,
        "month": 10,
        "day": 16
      },
      "time": {
        "hour": 8,
        "minute": 22,
        "second": 7,
        "nano": 0
      }
    },
    "citySender": "Дніпро",
    "cityRecipient": "Запоріжжя"
  },
  {
    "number": 59000455214912,
    "dateTime": {
      "date": {
        "year": 2019,
        "month": 10,
        "day": 16
      },
      "time": {
        "hour": 8,
        "minute": 23,
        "second": 9,
        "nano": 0
      }
    },
    "citySender": "Золочів (Львівська обл.)",
    "cityRecipient": "Черкаси"
  },
  {
    "number": 59000455214913,
    "dateTime": {
      "date": {
        "year": 2019,
        "month": 10,
        "day": 16
      },
      "time": {
        "hour": 8,
        "minute": 22,
        "second": 33,
        "nano": 0
      }
    },
    "citySender": "Минай",
    "cityRecipient": "Маріуполь"
  },
  {
    "number": 59000455214914,
    "dateTime": {
      "date": {
        "year": 2019,
        "month": 10,
        "day": 16
      },
      "time": {
        "hour": 8,
        "minute": 22,
        "second": 11,
        "nano": 0
      }
    },
    "citySender": "Харків",
    "cityRecipient": "Маріуполь"
  },
  {
    "number": 59000455214916,
    "dateTime": {
      "date": {
        "year": 2019,
        "month": 10,
        "day": 16
      },
      "time": {
        "hour": 8,
        "minute": 23,
        "second": 16,
        "nano": 0
      }
    },
    "citySender": "Новий Розділ",
    "cityRecipient": "Львів"
  },
  {
    "number": 59000455214917,
    "dateTime": {
      "date": {
        "year": 2019,
        "month": 10,
        "day": 16
      },
      "time": {
        "hour": 8,
        "minute": 22,
        "second": 33,
        "nano": 0
      }
    },
    "citySender": "Дніпро",
    "cityRecipient": "Харків"
  },
  {
    "number": 59000455214918,
    "dateTime": {
      "date": {
        "year": 2019,
        "month": 10,
        "day": 16
      },
      "time": {
        "hour": 8,
        "minute": 22,
        "second": 50,
        "nano": 0
      }
    },
    "citySender": "Путивль",
    "cityRecipient": "Дніпро"
  },
  {
    "number": 59000455214919,
    "dateTime": {
      "date": {
        "year": 2019,
        "month": 10,
        "day": 16
      },
      "time": {
        "hour": 8,
        "minute": 22,
        "second": 53,
        "nano": 0
      }
    },
    "citySender": "Харків",
    "cityRecipient": "Кривий Ріг"
  },
  {
    "number": 59000455214920,
    "dateTime": {
      "date": {
        "year": 2019,
        "month": 10,
        "day": 16
      },
      "time": {
        "hour": 8,
        "minute": 19,
        "second": 35,
        "nano": 0
      }
    },
    "citySender": "Нещеретове",
    "cityRecipient": "Львів"
  },
  {
    "number": 59000455214921,
    "dateTime": {
      "date": {
        "year": 2019,
        "month": 10,
        "day": 16
      },
      "time": {
        "hour": 8,
        "minute": 22,
        "second": 57,
        "nano": 0
      }
    },
    "citySender": "Диканька",
    "cityRecipient": "Харків"
  },
  {
    "number": 59000455214922,
    "dateTime": {
      "date": {
        "year": 2019,
        "month": 10,
        "day": 16
      },
      "time": {
        "hour": 8,
        "minute": 23,
        "second": 16,
        "nano": 0
      }
    },
    "citySender": "Дніпро",
    "cityRecipient": "Київ"
  },
  {
    "number": 59000455214923,
    "dateTime": {
      "date": {
        "year": 2019,
        "month": 10,
        "day": 16
      },
      "time": {
        "hour": 8,
        "minute": 23,
        "second": 26,
        "nano": 0
      }
    },
    "citySender": "Київ",
    "cityRecipient": "Буча"
  },
  {
    "number": 59000455214924,
    "dateTime": {
      "date": {
        "year": 2019,
        "month": 10,
        "day": 16
      },
      "time": {
        "hour": 8,
        "minute": 23,
        "second": 24,
        "nano": 0
      }
    },
    "citySender": "Львів",
    "cityRecipient": "Київ"
  },
  {
    "number": 59000455214925,
    "dateTime": {
      "date": {
        "year": 2019,
        "month": 10,
        "day": 16
      },
      "time": {
        "hour": 8,
        "minute": 23,
        "second": 24,
        "nano": 0
      }
    },
    "citySender": "Теплодар",
    "cityRecipient": "Київ"
  },
  {
    "number": 59000455214926,
    "dateTime": {
      "date": {
        "year": 2019,
        "month": 10,
        "day": 16
      },
      "time": {
        "hour": 8,
        "minute": 22,
        "second": 53,
        "nano": 0
      }
    },
    "citySender": "Харків",
    "cityRecipient": "Львів"
  },
  {
    "number": 59000455214927,
    "dateTime": {
      "date": {
        "year": 2019,
        "month": 10,
        "day": 16
      },
      "time": {
        "hour": 8,
        "minute": 23,
        "second": 24,
        "nano": 0
      }
    },
    "citySender": "Дніпро",
    "cityRecipient": "Снятин"
  },
  {
    "number": 59000455214928,
    "dateTime": {
      "date": {
        "year": 2019,
        "month": 10,
        "day": 16
      },
      "time": {
        "hour": 8,
        "minute": 22,
        "second": 33,
        "nano": 0
      }
    },
    "citySender": "Високопілля",
    "cityRecipient": "Київ"
  },
  {
    "number": 59000455214929,
    "dateTime": {
      "date": {
        "year": 2019,
        "month": 10,
        "day": 16
      },
      "time": {
        "hour": 8,
        "minute": 23,
        "second": 18,
        "nano": 0
      }
    },
    "citySender": "Київ",
    "cityRecipient": "Васильківка (Дніпропетровська обл.)"
  },
  {
    "number": 59000455214930,
    "dateTime": {
      "date": {
        "year": 2019,
        "month": 10,
        "day": 16
      },
      "time": {
        "hour": 8,
        "minute": 23,
        "second": 34,
        "nano": 0
      }
    },
    "citySender": "Татарбунари",
    "cityRecipient": "Харків"
  },
  {
    "number": 59000455214931,
    "dateTime": {
      "date": {
        "year": 2019,
        "month": 10,
        "day": 16
      },
      "time": {
        "hour": 8,
        "minute": 23,
        "second": 35,
        "nano": 0
      }
    },
    "citySender": "Каланчак",
    "cityRecipient": "Київ"
  },
  {
    "number": 59000455214932,
    "dateTime": {
      "date": {
        "year": 2019,
        "month": 10,
        "day": 16
      },
      "time": {
        "hour": 8,
        "minute": 23,
        "second": 27,
        "nano": 0
      }
    },
    "citySender": "Вознесенськ",
    "cityRecipient": "Червоноград (Львівська обл.)"
  },
  {
    "number": 59000455214933,
    "dateTime": {
      "date": {
        "year": 2019,
        "month": 10,
        "day": 16
      },
      "time": {
        "hour": 8,
        "minute": 23,
        "second": 18,
        "nano": 0
      }
    },
    "citySender": "Київ",
    "cityRecipient": "Чоп"
  },
  {
    "number": 59000455214934,
    "dateTime": {
      "date": {
        "year": 2019,
        "month": 10,
        "day": 16
      },
      "time": {
        "hour": 8,
        "minute": 23,
        "second": 21,
        "nano": 0
      }
    },
    "citySender": "Київ",
    "cityRecipient": "Одеса"
  },
  {
    "number": 59000455214935,
    "dateTime": {
      "date": {
        "year": 2019,
        "month": 10,
        "day": 16
      },
      "time": {
        "hour": 8,
        "minute": 23,
        "second": 37,
        "nano": 0
      }
    },
    "citySender": "Рівне",
    "cityRecipient": "Київ"
  },
  {
    "number": 59000455214936,
    "dateTime": {
      "date": {
        "year": 2019,
        "month": 10,
        "day": 16
      },
      "time": {
        "hour": 8,
        "minute": 23,
        "second": 39,
        "nano": 0
      }
    },
    "citySender": "Магдалинівка",
    "cityRecipient": "Дніпро"
  },
  {
    "number": 59000455214937,
    "dateTime": {
      "date": {
        "year": 2019,
        "month": 10,
        "day": 16
      },
      "time": {
        "hour": 8,
        "minute": 23,
        "second": 29,
        "nano": 0
      }
    },
    "citySender": "Дніпро",
    "cityRecipient": "Львів"
  },
  {
    "number": 59000455214938,
    "dateTime": {
      "date": {
        "year": 2019,
        "month": 10,
        "day": 16
      },
      "time": {
        "hour": 8,
        "minute": 23,
        "second": 42,
        "nano": 0
      }
    },
    "citySender": "Новий Розділ",
    "cityRecipient": "Одеса"
  },
  {
    "number": 59000455214939,
    "dateTime": {
      "date": {
        "year": 2019,
        "month": 10,
        "day": 16
      },
      "time": {
        "hour": 8,
        "minute": 23,
        "second": 44,
        "nano": 0
      }
    },
    "citySender": "Долинська",
    "cityRecipient": "Стрий"
  },
  {
    "number": 59000455214940,
    "dateTime": {
      "date": {
        "year": 2019,
        "month": 10,
        "day": 16
      },
      "time": {
        "hour": 8,
        "minute": 23,
        "second": 16,
        "nano": 0
      }
    },
    "citySender": "Львів",
    "cityRecipient": "Теофіполь"
  },
  {
    "number": 59000455214942,
    "dateTime": {
      "date": {
        "year": 2019,
        "month": 10,
        "day": 16
      },
      "time": {
        "hour": 8,
        "minute": 23,
        "second": 39,
        "nano": 0
      }
    },
    "citySender": "Полтава",
    "cityRecipient": "Гірське"
  },
  {
    "number": 59000455214943,
    "dateTime": {
      "date": {
        "year": 2019,
        "month": 10,
        "day": 16
      },
      "time": {
        "hour": 8,
        "minute": 22,
        "second": 47,
        "nano": 0
      }
    },
    "citySender": "Краснопілля (Сумська обл.)",
    "cityRecipient": "Мостиська"
  },
  {
    "number": 59000455214944,
    "dateTime": {
      "date": {
        "year": 2019,
        "month": 10,
        "day": 16
      },
      "time": {
        "hour": 8,
        "minute": 23,
        "second": 12,
        "nano": 0
      }
    },
    "citySender": "Київ",
    "cityRecipient": "Конотоп"
  },
  {
    "number": 59000455214945,
    "dateTime": {
      "date": {
        "year": 2019,
        "month": 10,
        "day": 16
      },
      "time": {
        "hour": 8,
        "minute": 23,
        "second": 38,
        "nano": 0
      }
    },
    "citySender": "Київ",
    "cityRecipient": "Київ"
  },
  {
    "number": 59000455214947,
    "dateTime": {
      "date": {
        "year": 2019,
        "month": 10,
        "day": 16
      },
      "time": {
        "hour": 8,
        "minute": 22,
        "second": 55,
        "nano": 0
      }
    },
    "citySender": "Харків",
    "cityRecipient": "Оболонь (Семенівський р-н)"
  },
  {
    "number": 59000455214948,
    "dateTime": {
      "date": {
        "year": 2019,
        "month": 10,
        "day": 16
      },
      "time": {
        "hour": 8,
        "minute": 23,
        "second": 26,
        "nano": 0
      }
    },
    "citySender": "Київ",
    "cityRecipient": "Дніпро"
  },
  {
    "number": 59000455214949,
    "dateTime": {
      "date": {
        "year": 2019,
        "month": 10,
        "day": 16
      },
      "time": {
        "hour": 8,
        "minute": 23,
        "second": 54,
        "nano": 0
      }
    },
    "citySender": "Новий Розділ",
    "cityRecipient": "Харків"
  },
  {
    "number": 59000455214950,
    "dateTime": {
      "date": {
        "year": 2019,
        "month": 10,
        "day": 16
      },
      "time": {
        "hour": 8,
        "minute": 23,
        "second": 55,
        "nano": 0
      }
    },
    "citySender": "Недобоївці",
    "cityRecipient": "Київ"
  },
  {
    "number": 59000455214951,
    "dateTime": {
      "date": {
        "year": 2019,
        "month": 10,
        "day": 16
      },
      "time": {
        "hour": 8,
        "minute": 23,
        "second": 45,
        "nano": 0
      }
    },
    "citySender": "Дніпро",
    "cityRecipient": "Бердянськ"
  },
  {
    "number": 59000455214952,
    "dateTime": {
      "date": {
        "year": 2019,
        "month": 10,
        "day": 16
      },
      "time": {
        "hour": 8,
        "minute": 24,
        "second": 0,
        "nano": 0
      }
    },
    "citySender": "Віньківці",
    "cityRecipient": "Київ"
  },
  {
    "number": 59000455214953,
    "dateTime": {
      "date": {
        "year": 2019,
        "month": 10,
        "day": 16
      },
      "time": {
        "hour": 8,
        "minute": 21,
        "second": 29,
        "nano": 0
      }
    },
    "citySender": "Львів",
    "cityRecipient": "Вишневе"
  },
  {
    "number": 59000455214954,
    "dateTime": {
      "date": {
        "year": 2019,
        "month": 10,
        "day": 16
      },
      "time": {
        "hour": 8,
        "minute": 24,
        "second": 1,
        "nano": 0
      }
    },
    "citySender": "Рівне",
    "cityRecipient": "Тернопіль"
  },
  {
    "number": 59000455214955,
    "dateTime": {
      "date": {
        "year": 2019,
        "month": 10,
        "day": 16
      },
      "time": {
        "hour": 8,
        "minute": 22,
        "second": 52,
        "nano": 0
      }
    },
    "citySender": "Глухів (Сумська обл.)",
    "cityRecipient": "Надвірна"
  },
  {
    "number": 59000455214956,
    "dateTime": {
      "date": {
        "year": 2019,
        "month": 10,
        "day": 16
      },
      "time": {
        "hour": 8,
        "minute": 24,
        "second": 3,
        "nano": 0
      }
    },
    "citySender": "Погребище",
    "cityRecipient": "Вінниця"
  },
  {
    "number": 59000455214957,
    "dateTime": {
      "date": {
        "year": 2019,
        "month": 10,
        "day": 16
      },
      "time": {
        "hour": 8,
        "minute": 23,
        "second": 44,
        "nano": 0
      }
    },
    "citySender": "Бершадь",
    "cityRecipient": "Львів"
  },
  {
    "number": 59000455214958,
    "dateTime": {
      "date": {
        "year": 2019,
        "month": 10,
        "day": 16
      },
      "time": {
        "hour": 8,
        "minute": 23,
        "second": 54,
        "nano": 0
      }
    },
    "citySender": "Нова Каховка",
    "cityRecipient": "Київ"
  },
  {
    "number": 59000455214959,
    "dateTime": {
      "date": {
        "year": 2019,
        "month": 10,
        "day": 16
      },
      "time": {
        "hour": 8,
        "minute": 23,
        "second": 38,
        "nano": 0
      }
    },
    "citySender": "Гусятин",
    "cityRecipient": "Київ"
  },
  {
    "number": 59000455214960,
    "dateTime": {
      "date": {
        "year": 2019,
        "month": 10,
        "day": 16
      },
      "time": {
        "hour": 8,
        "minute": 23,
        "second": 39,
        "nano": 0
      }
    },
    "citySender": "Львів",
    "cityRecipient": "Калуш"
  },
  {
    "number": 59000455214962,
    "dateTime": {
      "date": {
        "year": 2019,
        "month": 10,
        "day": 16
      },
      "time": {
        "hour": 8,
        "minute": 23,
        "second": 40,
        "nano": 0
      }
    },
    "citySender": "Новодружеськ",
    "cityRecipient": "Станиця Луганська"
  },
  {
    "number": 59000455214963,
    "dateTime": {
      "date": {
        "year": 2019,
        "month": 10,
        "day": 16
      },
      "time": {
        "hour": 8,
        "minute": 24,
        "second": 3,
        "nano": 0
      }
    },
    "citySender": "Київ",
    "cityRecipient": "Київ"
  },
  {
    "number": 59000455214964,
    "dateTime": {
      "date": {
        "year": 2019,
        "month": 10,
        "day": 16
      },
      "time": {
        "hour": 8,
        "minute": 23,
        "second": 47,
        "nano": 0
      }
    },
    "citySender": "Жидачів",
    "cityRecipient": "Ірпінь"
  },
  {
    "number": 59000455214965,
    "dateTime": {
      "date": {
        "year": 2019,
        "month": 10,
        "day": 16
      },
      "time": {
        "hour": 8,
        "minute": 23,
        "second": 41,
        "nano": 0
      }
    },
    "citySender": "Київ",
    "cityRecipient": "Кривий Ріг"
  },
  {
    "number": 59000455214966,
    "dateTime": {
      "date": {
        "year": 2019,
        "month": 10,
        "day": 16
      },
      "time": {
        "hour": 8,
        "minute": 23,
        "second": 47,
        "nano": 0
      }
    },
    "citySender": "Дніпро",
    "cityRecipient": "Київ"
  },
  {
    "number": 59000455214967,
    "dateTime": {
      "date": {
        "year": 2019,
        "month": 10,
        "day": 16
      },
      "time": {
        "hour": 8,
        "minute": 23,
        "second": 49,
        "nano": 0
      }
    },
    "citySender": "Золочів (Львівська обл.)",
    "cityRecipient": "Ромни"
  },
  {
    "number": 59000455214968,
    "dateTime": {
      "date": {
        "year": 2019,
        "month": 10,
        "day": 16
      },
      "time": {
        "hour": 8,
        "minute": 24,
        "second": 6,
        "nano": 0
      }
    },
    "citySender": "Миколаїв",
    "cityRecipient": "Миколаїв"
  },
  {
    "number": 59000455214969,
    "dateTime": {
      "date": {
        "year": 2019,
        "month": 10,
        "day": 16
      },
      "time": {
        "hour": 8,
        "minute": 24,
        "second": 14,
        "nano": 0
      }
    },
    "citySender": "Магдалинівка",
    "cityRecipient": "Харків"
  },
  {
    "number": 59000455214970,
    "dateTime": {
      "date": {
        "year": 2019,
        "month": 10,
        "day": 16
      },
      "time": {
        "hour": 8,
        "minute": 22,
        "second": 17,
        "nano": 0
      }
    },
    "citySender": "Біловодськ",
    "cityRecipient": "Черкаське"
  },
  {
    "number": 59000455214971,
    "dateTime": {
      "date": {
        "year": 2019,
        "month": 10,
        "day": 16
      },
      "time": {
        "hour": 8,
        "minute": 24,
        "second": 2,
        "nano": 0
      }
    },
    "citySender": "Харків",
    "cityRecipient": "Київ"
  },
  {
    "number": 59000455214972,
    "dateTime": {
      "date": {
        "year": 2019,
        "month": 10,
        "day": 16
      },
      "time": {
        "hour": 8,
        "minute": 21,
        "second": 41,
        "nano": 0
      }
    },
    "citySender": "Київ",
    "cityRecipient": "Мирноград"
  },
  {
    "number": 59000455214973,
    "dateTime": {
      "date": {
        "year": 2019,
        "month": 10,
        "day": 16
      },
      "time": {
        "hour": 8,
        "minute": 23,
        "second": 42,
        "nano": 0
      }
    },
    "citySender": "Харків",
    "cityRecipient": "Дніпро"
  },
  {
    "number": 59000455214974,
    "dateTime": {
      "date": {
        "year": 2019,
        "month": 10,
        "day": 16
      },
      "time": {
        "hour": 8,
        "minute": 24,
        "second": 5,
        "nano": 0
      }
    },
    "citySender": "Київ",
    "cityRecipient": "Вишневе"
  },
  {
    "number": 59000455214975,
    "dateTime": {
      "date": {
        "year": 2019,
        "month": 10,
        "day": 16
      },
      "time": {
        "hour": 8,
        "minute": 24,
        "second": 7,
        "nano": 0
      }
    },
    "citySender": "Дніпро",
    "cityRecipient": "Димер"
  },
  {
    "number": 59000455214976,
    "dateTime": {
      "date": {
        "year": 2019,
        "month": 10,
        "day": 16
      },
      "time": {
        "hour": 8,
        "minute": 24,
        "second": 8,
        "nano": 0
      }
    },
    "citySender": "Харків",
    "cityRecipient": "Чернівці"
  },
  {
    "number": 59000455214977,
    "dateTime": {
      "date": {
        "year": 2019,
        "month": 10,
        "day": 16
      },
      "time": {
        "hour": 8,
        "minute": 24,
        "second": 1,
        "nano": 0
      }
    },
    "citySender": "Харків",
    "cityRecipient": "Київ"
  },
  {
    "number": 59000455214978,
    "dateTime": {
      "date": {
        "year": 2019,
        "month": 10,
        "day": 16
      },
      "time": {
        "hour": 8,
        "minute": 23,
        "second": 57,
        "nano": 0
      }
    },
    "citySender": "Київ",
    "cityRecipient": "Одеса"
  },
  {
    "number": 59000455214979,
    "dateTime": {
      "date": {
        "year": 2019,
        "month": 10,
        "day": 16
      },
      "time": {
        "hour": 8,
        "minute": 23,
        "second": 52,
        "nano": 0
      }
    },
    "citySender": "Баришівка",
    "cityRecipient": "Конотоп"
  },
  {
    "number": 59000455214980,
    "dateTime": {
      "date": {
        "year": 2019,
        "month": 10,
        "day": 16
      },
      "time": {
        "hour": 8,
        "minute": 24,
        "second": 10,
        "nano": 0
      }
    },
    "citySender": "Київ",
    "cityRecipient": "Херсон"
  },
  {
    "number": 59000455214981,
    "dateTime": {
      "date": {
        "year": 2019,
        "month": 10,
        "day": 16
      },
      "time": {
        "hour": 8,
        "minute": 24,
        "second": 5,
        "nano": 0
      }
    },
    "citySender": "Харків",
    "cityRecipient": "Одеса"
  },
  {
    "number": 59000455214982,
    "dateTime": {
      "date": {
        "year": 2019,
        "month": 10,
        "day": 16
      },
      "time": {
        "hour": 8,
        "minute": 23,
        "second": 40,
        "nano": 0
      }
    },
    "citySender": "Київ",
    "cityRecipient": "Сеньківка"
  },
  {
    "number": 59000455214983,
    "dateTime": {
      "date": {
        "year": 2019,
        "month": 10,
        "day": 16
      },
      "time": {
        "hour": 8,
        "minute": 24,
        "second": 10,
        "nano": 0
      }
    },
    "citySender": "Харків",
    "cityRecipient": "Старобільськ"
  },
  {
    "number": 59000455214984,
    "dateTime": {
      "date": {
        "year": 2019,
        "month": 10,
        "day": 16
      },
      "time": {
        "hour": 8,
        "minute": 24,
        "second": 7,
        "nano": 0
      }
    },
    "citySender": "Чорнухи (Полтавська обл.)",
    "cityRecipient": "Шевченкове (Кілійський р-н)"
  },
  {
    "number": 59000455214985,
    "dateTime": {
      "date": {
        "year": 2019,
        "month": 10,
        "day": 16
      },
      "time": {
        "hour": 8,
        "minute": 24,
        "second": 18,
        "nano": 0
      }
    },
    "citySender": "Канів",
    "cityRecipient": "Київ"
  },
  {
    "number": 59000455214986,
    "dateTime": {
      "date": {
        "year": 2019,
        "month": 10,
        "day": 16
      },
      "time": {
        "hour": 8,
        "minute": 24,
        "second": 14,
        "nano": 0
      }
    },
    "citySender": "Харків",
    "cityRecipient": "Мелітополь"
  },
  {
    "number": 59000455214987,
    "dateTime": {
      "date": {
        "year": 2019,
        "month": 10,
        "day": 16
      },
      "time": {
        "hour": 8,
        "minute": 24,
        "second": 27,
        "nano": 0
      }
    },
    "citySender": "Недобоївці",
    "cityRecipient": "Київ"
  },
  {
    "number": 59000455214989,
    "dateTime": {
      "date": {
        "year": 2019,
        "month": 10,
        "day": 16
      },
      "time": {
        "hour": 8,
        "minute": 23,
        "second": 48,
        "nano": 0
      }
    },
    "citySender": "Київ",
    "cityRecipient": "Охтирка"
  },
  {
    "number": 59000455214990,
    "dateTime": {
      "date": {
        "year": 2019,
        "month": 10,
        "day": 16
      },
      "time": {
        "hour": 8,
        "minute": 24,
        "second": 14,
        "nano": 0
      }
    },
    "citySender": "Минай",
    "cityRecipient": "Бориспіль"
  },
  {
    "number": 59000455214991,
    "dateTime": {
      "date": {
        "year": 2019,
        "month": 10,
        "day": 16
      },
      "time": {
        "hour": 8,
        "minute": 24,
        "second": 29,
        "nano": 0
      }
    },
    "citySender": "Магдалинівка",
    "cityRecipient": "Київ"
  },
  {
    "number": 59000455214992,
    "dateTime": {
      "date": {
        "year": 2019,
        "month": 10,
        "day": 16
      },
      "time": {
        "hour": 8,
        "minute": 23,
        "second": 57,
        "nano": 0
      }
    },
    "citySender": "Київ",
    "cityRecipient": "Ставище"
  },
  {
    "number": 59000455214993,
    "dateTime": {
      "date": {
        "year": 2019,
        "month": 10,
        "day": 16
      },
      "time": {
        "hour": 8,
        "minute": 24,
        "second": 26,
        "nano": 0
      }
    },
    "citySender": "Канів",
    "cityRecipient": "Білокуракине"
  },
  {
    "number": 59000455214994,
    "dateTime": {
      "date": {
        "year": 2019,
        "month": 10,
        "day": 16
      },
      "time": {
        "hour": 8,
        "minute": 23,
        "second": 53,
        "nano": 0
      }
    },
    "citySender": "Київ",
    "cityRecipient": "Львів"
  },
  {
    "number": 59000455214995,
    "dateTime": {
      "date": {
        "year": 2019,
        "month": 10,
        "day": 16
      },
      "time": {
        "hour": 8,
        "minute": 24,
        "second": 31,
        "nano": 0
      }
    },
    "citySender": "Решетилівка",
    "cityRecipient": "Запоріжжя"
  },
  {
    "number": 59000455214996,
    "dateTime": {
      "date": {
        "year": 2019,
        "month": 10,
        "day": 16
      },
      "time": {
        "hour": 8,
        "minute": 24,
        "second": 28,
        "nano": 0
      }
    },
    "citySender": "Харків",
    "cityRecipient": "Харків"
  },
  {
    "number": 59000455214997,
    "dateTime": {
      "date": {
        "year": 2019,
        "month": 10,
        "day": 16
      },
      "time": {
        "hour": 8,
        "minute": 24,
        "second": 22,
        "nano": 0
      }
    },
    "citySender": "Київ",
    "cityRecipient": "Київ"
  },
  {
    "number": 59000455214999,
    "dateTime": {
      "date": {
        "year": 2019,
        "month": 10,
        "day": 16
      },
      "time": {
        "hour": 8,
        "minute": 24,
        "second": 33,
        "nano": 0
      }
    },
    "citySender": "Овруч",
    "cityRecipient": "Київ"
  },
  {
    "number": 59000455215000,
    "dateTime": {
      "date": {
        "year": 2019,
        "month": 10,
        "day": 16
      },
      "time": {
        "hour": 8,
        "minute": 23,
        "second": 47,
        "nano": 0
      }
    },
    "citySender": "Підгайці (Підгаєцький р-н., Тернопільська обл.)",
    "cityRecipient": "Віньківці"
  },
  {
    "number": 59000455215001,
    "dateTime": {
      "date": {
        "year": 2019,
        "month": 10,
        "day": 16
      },
      "time": {
        "hour": 8,
        "minute": 24,
        "second": 27,
        "nano": 0
      }
    },
    "citySender": "Миколаїв",
    "cityRecipient": "Ічня"
  },
  {
    "number": 59000455215002,
    "dateTime": {
      "date": {
        "year": 2019,
        "month": 10,
        "day": 16
      },
      "time": {
        "hour": 8,
        "minute": 24,
        "second": 5,
        "nano": 0
      }
    },
    "citySender": "Київ",
    "cityRecipient": "Ірпінь"
  },
  {
    "number": 59000455215003,
    "dateTime": {
      "date": {
        "year": 2019,
        "month": 10,
        "day": 16
      },
      "time": {
        "hour": 8,
        "minute": 24,
        "second": 29,
        "nano": 0
      }
    },
    "citySender": "Київ",
    "cityRecipient": "Золотоноша"
  }
]