[
  {
    "number": 59000455224700,
    "dateTime": {
      "date": {
        "year": 2019,
        "month": 10,
        "day": 16
      },
      "time": {
        "hour": 9,
        "minute": 14,
        "second": 46,
        "nano": 0
      }
    },
    "citySender": "Покровськ (Донецька обл.)",
    "cityRecipient": "Деражня"
  },
  {
    "number": 59000455224701,
    "dateTime": {
      "date": {
        "year": 2019,
        "month": 10,
        "day": 16
      },
      "time": {
        "hour": 9,
        "minute": 16,
        "second": 42,
        "nano": 0
      }
    },
    "citySender": "Хмельницький",
    "cityRecipient": "Хмельницький"
  },
  {
    "number": 59000455224702,
    "dateTime": {
      "date": {
        "year": 2019,
        "month": 10,
        "day": 16
      },
      "time": {
        "hour": 9,
        "minute": 16,
        "second": 2,
        "nano": 0
      }
    },
    "citySender": "Бориспіль",
    "cityRecipient": "Поляна (Закарпатська обл.)"
  },
  {
    "number": 59000455224703,
    "dateTime": {
      "date": {
        "year": 2019,
        "month": 10,
        "day": 16
      },
      "time": {
        "hour": 9,
        "minute": 16,
        "second": 40,
        "nano": 0
      }
    },
    "citySender": "Харків",
    "cityRecipient": "Вишеньки"
  },
  {
    "number": 59000455224704,
    "dateTime": {
      "date": {
        "year": 2019,
        "month": 10,
        "day": 16
      },
      "time": {
        "hour": 9,
        "minute": 16,
        "second": 14,
        "nano": 0
      }
    },
    "citySender": "Маріуполь",
    "cityRecipient": "Горішні Плавні"
  },
  {
    "number": 59000455224705,
    "dateTime": {
      "date": {
        "year": 2019,
        "month": 10,
        "day": 16
      },
      "time": {
        "hour": 9,
        "minute": 16,
        "second": 48,
        "nano": 0
      }
    },
    "citySender": "Прилуки",
    "cityRecipient": "Київ"
  },
  {
    "number": 59000455224706,
    "dateTime": {
      "date": {
        "year": 2019,
        "month": 10,
        "day": 16
      },
      "time": {
        "hour": 9,
        "minute": 16,
        "second": 40,
        "nano": 0
      }
    },
    "citySender": "Ізюм",
    "cityRecipient": "Харків"
  },
  {
    "number": 59000455224707,
    "dateTime": {
      "date": {
        "year": 2019,
        "month": 10,
        "day": 16
      },
      "time": {
        "hour": 9,
        "minute": 16,
        "second": 37,
        "nano": 0
      }
    },
    "citySender": "Долинська",
    "cityRecipient": "Андріївка (Балаклійський р-н)"
  },
  {
    "number": 59000455224708,
    "dateTime": {
      "date": {
        "year": 2019,
        "month": 10,
        "day": 16
      },
      "time": {
        "hour": 9,
        "minute": 15,
        "second": 23,
        "nano": 0
      }
    },
    "citySender": "Ужгород",
    "cityRecipient": "Житомир"
  },
  {
    "number": 59000455224709,
    "dateTime": {
      "date": {
        "year": 2019,
        "month": 10,
        "day": 16
      },
      "time": {
        "hour": 9,
        "minute": 16,
        "second": 18,
        "nano": 0
      }
    },
    "citySender": "Ізмаїл",
    "cityRecipient": "Харків"
  },
  {
    "number": 59000455224710,
    "dateTime": {
      "date": {
        "year": 2019,
        "month": 10,
        "day": 16
      },
      "time": {
        "hour": 9,
        "minute": 16,
        "second": 45,
        "nano": 0
      }
    },
    "citySender": "Новий Розділ",
    "cityRecipient": "Київ"
  },
  {
    "number": 59000455224711,
    "dateTime": {
      "date": {
        "year": 2019,
        "month": 10,
        "day": 16
      },
      "time": {
        "hour": 9,
        "minute": 16,
        "second": 49,
        "nano": 0
      }
    },
    "citySender": "Кривий Ріг",
    "cityRecipient": "Київ"
  },
  {
    "number": 59000455224712,
    "dateTime": {
      "date": {
        "year": 2019,
        "month": 10,
        "day": 16
      },
      "time": {
        "hour": 9,
        "minute": 15,
        "second": 32,
        "nano": 0
      }
    },
    "citySender": "Побузьке",
    "cityRecipient": "Немішаєве"
  },
  {
    "number": 59000455224713,
    "dateTime": {
      "date": {
        "year": 2019,
        "month": 10,
        "day": 16
      },
      "time": {
        "hour": 9,
        "minute": 16,
        "second": 49,
        "nano": 0
      }
    },
    "citySender": "Лисичанськ",
    "cityRecipient": "Сєвєродонецьк"
  },
  {
    "number": 59000455224714,
    "dateTime": {
      "date": {
        "year": 2019,
        "month": 10,
        "day": 16
      },
      "time": {
        "hour": 9,
        "minute": 16,
        "second": 26,
        "nano": 0
      }
    },
    "citySender": "Одеса",
    "cityRecipient": "Київ"
  },
  {
    "number": 59000455224715,
    "dateTime": {
      "date": {
        "year": 2019,
        "month": 10,
        "day": 16
      },
      "time": {
        "hour": 9,
        "minute": 16,
        "second": 49,
        "nano": 0
      }
    },
    "citySender": "Бахмач",
    "cityRecipient": "Одеса"
  },
  {
    "number": 59000455224716,
    "dateTime": {
      "date": {
        "year": 2019,
        "month": 10,
        "day": 16
      },
      "time": {
        "hour": 9,
        "minute": 16,
        "second": 41,
        "nano": 0
      }
    },
    "citySender": "Вінниця",
    "cityRecipient": "Бориспіль"
  },
  {
    "number": 59000455224717,
    "dateTime": {
      "date": {
        "year": 2019,
        "month": 10,
        "day": 16
      },
      "time": {
        "hour": 9,
        "minute": 16,
        "second": 34,
        "nano": 0
      }
    },
    "citySender": "Харків",
    "cityRecipient": "Куп\u0027янськ"
  },
  {
    "number": 59000455224718,
    "dateTime": {
      "date": {
        "year": 2019,
        "month": 10,
        "day": 16
      },
      "time": {
        "hour": 9,
        "minute": 16,
        "second": 28,
        "nano": 0
      }
    },
    "citySender": "Лохвиця",
    "cityRecipient": "Мелітополь"
  },
  {
    "number": 59000455224719,
    "dateTime": {
      "date": {
        "year": 2019,
        "month": 10,
        "day": 16
      },
      "time": {
        "hour": 9,
        "minute": 16,
        "second": 44,
        "nano": 0
      }
    },
    "citySender": "Дніпро",
    "cityRecipient": "Чортків"
  },
  {
    "number": 59000455224720,
    "dateTime": {
      "date": {
        "year": 2019,
        "month": 10,
        "day": 16
      },
      "time": {
        "hour": 9,
        "minute": 16,
        "second": 13,
        "nano": 0
      }
    },
    "citySender": "Ірпінь",
    "cityRecipient": "Київ"
  },
  {
    "number": 59000455224721,
    "dateTime": {
      "date": {
        "year": 2019,
        "month": 10,
        "day": 16
      },
      "time": {
        "hour": 9,
        "minute": 16,
        "second": 19,
        "nano": 0
      }
    },
    "citySender": "Тарасівка",
    "cityRecipient": "Клесів"
  },
  {
    "number": 59000455224722,
    "dateTime": {
      "date": {
        "year": 2019,
        "month": 10,
        "day": 16
      },
      "time": {
        "hour": 9,
        "minute": 16,
        "second": 48,
        "nano": 0
      }
    },
    "citySender": "Пирятин",
    "cityRecipient": "Харків"
  },
  {
    "number": 59000455224723,
    "dateTime": {
      "date": {
        "year": 2019,
        "month": 10,
        "day": 16
      },
      "time": {
        "hour": 9,
        "minute": 16,
        "second": 8,
        "nano": 0
      }
    },
    "citySender": "Сміла",
    "cityRecipient": "Клугино-Башкирівка"
  },
  {
    "number": 59000455224724,
    "dateTime": {
      "date": {
        "year": 2019,
        "month": 10,
        "day": 16
      },
      "time": {
        "hour": 9,
        "minute": 16,
        "second": 50,
        "nano": 0
      }
    },
    "citySender": "Дубровиця (Рівненська обл.)",
    "cityRecipient": "Бровари"
  },
  {
    "number": 59000455224725,
    "dateTime": {
      "date": {
        "year": 2019,
        "month": 10,
        "day": 16
      },
      "time": {
        "hour": 9,
        "minute": 16,
        "second": 48,
        "nano": 0
      }
    },
    "citySender": "Журавно",
    "cityRecipient": "Тадіївка"
  },
  {
    "number": 59000455224726,
    "dateTime": {
      "date": {
        "year": 2019,
        "month": 10,
        "day": 16
      },
      "time": {
        "hour": 9,
        "minute": 16,
        "second": 37,
        "nano": 0
      }
    },
    "citySender": "Старокостянтинів",
    "cityRecipient": "Київ"
  },
  {
    "number": 59000455224727,
    "dateTime": {
      "date": {
        "year": 2019,
        "month": 10,
        "day": 16
      },
      "time": {
        "hour": 9,
        "minute": 14,
        "second": 52,
        "nano": 0
      }
    },
    "citySender": "Полтава",
    "cityRecipient": "Полтава"
  },
  {
    "number": 59000455224728,
    "dateTime": {
      "date": {
        "year": 2019,
        "month": 10,
        "day": 16
      },
      "time": {
        "hour": 9,
        "minute": 16,
        "second": 25,
        "nano": 0
      }
    },
    "citySender": "Чорноморськ",
    "cityRecipient": "Одеса"
  },
  {
    "number": 59000455224729,
    "dateTime": {
      "date": {
        "year": 2019,
        "month": 10,
        "day": 16
      },
      "time": {
        "hour": 9,
        "minute": 16,
        "second": 40,
        "nano": 0
      }
    },
    "citySender": "Суми",
    "cityRecipient": "Київ"
  },
  {
    "number": 59000455224730,
    "dateTime": {
      "date": {
        "year": 2019,
        "month": 10,
        "day": 16
      },
      "time": {
        "hour": 9,
        "minute": 15,
        "second": 7,
        "nano": 0
      }
    },
    "citySender": "Крихівці",
    "cityRecipient": "Київ"
  },
  {
    "number": 59000455224731,
    "dateTime": {
      "date": {
        "year": 2019,
        "month": 10,
        "day": 16
      },
      "time": {
        "hour": 9,
        "minute": 15,
        "second": 26,
        "nano": 0
      }
    },
    "citySender": "Михайлівка (Запорізька обл.)",
    "cityRecipient": "Михайлівка (Михайлівський р-н., Запорізька обл.)"
  },
  {
    "number": 59000455224732,
    "dateTime": {
      "date": {
        "year": 2019,
        "month": 10,
        "day": 16
      },
      "time": {
        "hour": 9,
        "minute": 16,
        "second": 51,
        "nano": 0
      }
    },
    "citySender": "Благовіщенське(Кіровоградська обл.)",
    "cityRecipient": "Ратне"
  },
  {
    "number": 59000455224734,
    "dateTime": {
      "date": {
        "year": 2019,
        "month": 10,
        "day": 16
      },
      "time": {
        "hour": 9,
        "minute": 16,
        "second": 49,
        "nano": 0
      }
    },
    "citySender": "Київ",
    "cityRecipient": "Львів"
  },
  {
    "number": 59000455224735,
    "dateTime": {
      "date": {
        "year": 2019,
        "month": 10,
        "day": 16
      },
      "time": {
        "hour": 9,
        "minute": 13,
        "second": 57,
        "nano": 0
      }
    },
    "citySender": "Стуфчинці",
    "cityRecipient": "Первомайський (Харківська обл.)"
  },
  {
    "number": 59000455224736,
    "dateTime": {
      "date": {
        "year": 2019,
        "month": 10,
        "day": 16
      },
      "time": {
        "hour": 9,
        "minute": 16,
        "second": 29,
        "nano": 0
      }
    },
    "citySender": "Українка",
    "cityRecipient": "Березне"
  },
  {
    "number": 59000455224737,
    "dateTime": {
      "date": {
        "year": 2019,
        "month": 10,
        "day": 16
      },
      "time": {
        "hour": 9,
        "minute": 16,
        "second": 18,
        "nano": 0
      }
    },
    "citySender": "Київ",
    "cityRecipient": "Водяне (Кам\u0027янсько-Дніпровський р-н)"
  },
  {
    "number": 59000455224738,
    "dateTime": {
      "date": {
        "year": 2019,
        "month": 10,
        "day": 16
      },
      "time": {
        "hour": 9,
        "minute": 15,
        "second": 38,
        "nano": 0
      }
    },
    "citySender": "Київ",
    "cityRecipient": "Дніпро"
  },
  {
    "number": 59000455224739,
    "dateTime": {
      "date": {
        "year": 2019,
        "month": 10,
        "day": 16
      },
      "time": {
        "hour": 9,
        "minute": 16,
        "second": 15,
        "nano": 0
      }
    },
    "citySender": "Запоріжжя",
    "cityRecipient": "Київ"
  },
  {
    "number": 59000455224740,
    "dateTime": {
      "date": {
        "year": 2019,
        "month": 10,
        "day": 16
      },
      "time": {
        "hour": 9,
        "minute": 16,
        "second": 16,
        "nano": 0
      }
    },
    "citySender": "Бахмач",
    "cityRecipient": "Київ"
  },
  {
    "number": 59000455224741,
    "dateTime": {
      "date": {
        "year": 2019,
        "month": 10,
        "day": 16
      },
      "time": {
        "hour": 9,
        "minute": 15,
        "second": 6,
        "nano": 0
      }
    },
    "citySender": "Гончарівське",
    "cityRecipient": "Лисичанськ"
  },
  {
    "number": 59000455224742,
    "dateTime": {
      "date": {
        "year": 2019,
        "month": 10,
        "day": 16
      },
      "time": {
        "hour": 9,
        "minute": 16,
        "second": 52,
        "nano": 0
      }
    },
    "citySender": "Одеса",
    "cityRecipient": "Одеса"
  },
  {
    "number": 59000455224743,
    "dateTime": {
      "date": {
        "year": 2019,
        "month": 10,
        "day": 16
      },
      "time": {
        "hour": 9,
        "minute": 16,
        "second": 52,
        "nano": 0
      }
    },
    "citySender": "Ічня",
    "cityRecipient": "Авангард"
  },
  {
    "number": 59000455224744,
    "dateTime": {
      "date": {
        "year": 2019,
        "month": 10,
        "day": 16
      },
      "time": {
        "hour": 9,
        "minute": 16,
        "second": 33,
        "nano": 0
      }
    },
    "citySender": "Бровари",
    "cityRecipient": "Київ"
  },
  {
    "number": 59000455224745,
    "dateTime": {
      "date": {
        "year": 2019,
        "month": 10,
        "day": 16
      },
      "time": {
        "hour": 9,
        "minute": 16,
        "second": 53,
        "nano": 0
      }
    },
    "citySender": "Одеса",
    "cityRecipient": "Дніпро"
  },
  {
    "number": 59000455224746,
    "dateTime": {
      "date": {
        "year": 2019,
        "month": 10,
        "day": 16
      },
      "time": {
        "hour": 9,
        "minute": 16,
        "second": 46,
        "nano": 0
      }
    },
    "citySender": "Харків",
    "cityRecipient": "Святогірськ"
  },
  {
    "number": 59000455224747,
    "dateTime": {
      "date": {
        "year": 2019,
        "month": 10,
        "day": 16
      },
      "time": {
        "hour": 9,
        "minute": 16,
        "second": 14,
        "nano": 0
      }
    },
    "citySender": "Олевськ",
    "cityRecipient": "Конотоп"
  },
  {
    "number": 59000455224748,
    "dateTime": {
      "date": {
        "year": 2019,
        "month": 10,
        "day": 16
      },
      "time": {
        "hour": 9,
        "minute": 16,
        "second": 54,
        "nano": 0
      }
    },
    "citySender": "Умань",
    "cityRecipient": "Київ"
  },
  {
    "number": 59000455224750,
    "dateTime": {
      "date": {
        "year": 2019,
        "month": 10,
        "day": 16
      },
      "time": {
        "hour": 9,
        "minute": 16,
        "second": 36,
        "nano": 0
      }
    },
    "citySender": "Прилуки",
    "cityRecipient": "Одеса"
  },
  {
    "number": 59000455224751,
    "dateTime": {
      "date": {
        "year": 2019,
        "month": 10,
        "day": 16
      },
      "time": {
        "hour": 9,
        "minute": 16,
        "second": 54,
        "nano": 0
      }
    },
    "citySender": "Овруч",
    "cityRecipient": "Очаків"
  },
  {
    "number": 59000455224752,
    "dateTime": {
      "date": {
        "year": 2019,
        "month": 10,
        "day": 16
      },
      "time": {
        "hour": 9,
        "minute": 16,
        "second": 36,
        "nano": 0
      }
    },
    "citySender": "Біла",
    "cityRecipient": "Путила"
  },
  {
    "number": 59000455224753,
    "dateTime": {
      "date": {
        "year": 2019,
        "month": 10,
        "day": 16
      },
      "time": {
        "hour": 9,
        "minute": 16,
        "second": 48,
        "nano": 0
      }
    },
    "citySender": "Херсон",
    "cityRecipient": "Пересадівка"
  },
  {
    "number": 59000455224754,
    "dateTime": {
      "date": {
        "year": 2019,
        "month": 10,
        "day": 16
      },
      "time": {
        "hour": 9,
        "minute": 16,
        "second": 2,
        "nano": 0
      }
    },
    "citySender": "Онуфріївка",
    "cityRecipient": "Зміїв"
  },
  {
    "number": 59000455224755,
    "dateTime": {
      "date": {
        "year": 2019,
        "month": 10,
        "day": 16
      },
      "time": {
        "hour": 9,
        "minute": 16,
        "second": 23,
        "nano": 0
      }
    },
    "citySender": "Харків",
    "cityRecipient": "Київ"
  },
  {
    "number": 59000455224756,
    "dateTime": {
      "date": {
        "year": 2019,
        "month": 10,
        "day": 16
      },
      "time": {
        "hour": 9,
        "minute": 16,
        "second": 24,
        "nano": 0
      }
    },
    "citySender": "Липовець",
    "cityRecipient": "Тернопіль"
  },
  {
    "number": 59000455224757,
    "dateTime": {
      "date": {
        "year": 2019,
        "month": 10,
        "day": 16
      },
      "time": {
        "hour": 9,
        "minute": 16,
        "second": 54,
        "nano": 0
      }
    },
    "citySender": "Велика Писарівка",
    "cityRecipient": "Одеса"
  },
  {
    "number": 59000455224758,
    "dateTime": {
      "date": {
        "year": 2019,
        "month": 10,
        "day": 16
      },
      "time": {
        "hour": 9,
        "minute": 16,
        "second": 53,
        "nano": 0
      }
    },
    "citySender": "Харків",
    "cityRecipient": "Калуш"
  },
  {
    "number": 59000455224759,
    "dateTime": {
      "date": {
        "year": 2019,
        "month": 10,
        "day": 16
      },
      "time": {
        "hour": 9,
        "minute": 16,
        "second": 37,
        "nano": 0
      }
    },
    "citySender": "Біла Церква",
    "cityRecipient": "Ужгород"
  },
  {
    "number": 59000455224760,
    "dateTime": {
      "date": {
        "year": 2019,
        "month": 10,
        "day": 16
      },
      "time": {
        "hour": 9,
        "minute": 16,
        "second": 37,
        "nano": 0
      }
    },
    "citySender": "Запоріжжя",
    "cityRecipient": "Водяне (Кам\u0027янсько-Дніпровський р-н)"
  },
  {
    "number": 59000455224761,
    "dateTime": {
      "date": {
        "year": 2019,
        "month": 10,
        "day": 16
      },
      "time": {
        "hour": 9,
        "minute": 16,
        "second": 19,
        "nano": 0
      }
    },
    "citySender": "Київ",
    "cityRecipient": "Вишгород"
  },
  {
    "number": 59000455224762,
    "dateTime": {
      "date": {
        "year": 2019,
        "month": 10,
        "day": 16
      },
      "time": {
        "hour": 9,
        "minute": 16,
        "second": 45,
        "nano": 0
      }
    },
    "citySender": "Київ",
    "cityRecipient": "Черкаси"
  },
  {
    "number": 59000455224763,
    "dateTime": {
      "date": {
        "year": 2019,
        "month": 10,
        "day": 16
      },
      "time": {
        "hour": 9,
        "minute": 16,
        "second": 56,
        "nano": 0
      }
    },
    "citySender": "Сєвєродонецьк",
    "cityRecipient": "Київ"
  },
  {
    "number": 59000455224764,
    "dateTime": {
      "date": {
        "year": 2019,
        "month": 10,
        "day": 16
      },
      "time": {
        "hour": 9,
        "minute": 15,
        "second": 20,
        "nano": 0
      }
    },
    "citySender": "Короп",
    "cityRecipient": "Київ"
  },
  {
    "number": 59000455224765,
    "dateTime": {
      "date": {
        "year": 2019,
        "month": 10,
        "day": 16
      },
      "time": {
        "hour": 9,
        "minute": 16,
        "second": 56,
        "nano": 0
      }
    },
    "citySender": "Водяне (Кам\u0027янсько-Дніпровський р-н)",
    "cityRecipient": "Київ"
  },
  {
    "number": 59000455224766,
    "dateTime": {
      "date": {
        "year": 2019,
        "month": 10,
        "day": 16
      },
      "time": {
        "hour": 9,
        "minute": 16,
        "second": 57,
        "nano": 0
      }
    },
    "citySender": "Ірпінь",
    "cityRecipient": "Київ"
  },
  {
    "number": 59000455224767,
    "dateTime": {
      "date": {
        "year": 2019,
        "month": 10,
        "day": 16
      },
      "time": {
        "hour": 9,
        "minute": 16,
        "second": 35,
        "nano": 0
      }
    },
    "citySender": "Радомишль",
    "cityRecipient": "Бориспіль"
  },
  {
    "number": 59000455224768,
    "dateTime": {
      "date": {
        "year": 2019,
        "month": 10,
        "day": 16
      },
      "time": {
        "hour": 9,
        "minute": 16,
        "second": 58,
        "nano": 0
      }
    },
    "citySender": "Київ",
    "cityRecipient": "Львів"
  },
  {
    "number": 59000455224769,
    "dateTime": {
      "date": {
        "year": 2019,
        "month": 10,
        "day": 16
      },
      "time": {
        "hour": 9,
        "minute": 16,
        "second": 58,
        "nano": 0
      }
    },
    "citySender": "Ніжин",
    "cityRecipient": "Ілічанка"
  },
  {
    "number": 59000455224770,
    "dateTime": {
      "date": {
        "year": 2019,
        "month": 10,
        "day": 16
      },
      "time": {
        "hour": 9,
        "minute": 16,
        "second": 55,
        "nano": 0
      }
    },
    "citySender": "Горностаївка",
    "cityRecipient": "Київ"
  },
  {
    "number": 59000455224771,
    "dateTime": {
      "date": {
        "year": 2019,
        "month": 10,
        "day": 16
      },
      "time": {
        "hour": 9,
        "minute": 16,
        "second": 58,
        "nano": 0
      }
    },
    "citySender": "Вишневе",
    "cityRecipient": "Київ"
  },
  {
    "number": 59000455224772,
    "dateTime": {
      "date": {
        "year": 2019,
        "month": 10,
        "day": 16
      },
      "time": {
        "hour": 9,
        "minute": 16,
        "second": 47,
        "nano": 0
      }
    },
    "citySender": "Нова Ушиця",
    "cityRecipient": "Морозівка"
  },
  {
    "number": 59000455224773,
    "dateTime": {
      "date": {
        "year": 2019,
        "month": 10,
        "day": 16
      },
      "time": {
        "hour": 9,
        "minute": 16,
        "second": 59,
        "nano": 0
      }
    },
    "citySender": "Стебник",
    "cityRecipient": "Київ"
  },
  {
    "number": 59000455224774,
    "dateTime": {
      "date": {
        "year": 2019,
        "month": 10,
        "day": 16
      },
      "time": {
        "hour": 9,
        "minute": 16,
        "second": 34,
        "nano": 0
      }
    },
    "citySender": "Київ",
    "cityRecipient": "Запоріжжя"
  },
  {
    "number": 59000455224775,
    "dateTime": {
      "date": {
        "year": 2019,
        "month": 10,
        "day": 16
      },
      "time": {
        "hour": 9,
        "minute": 16,
        "second": 59,
        "nano": 0
      }
    },
    "citySender": "Олешки(Херсонська обл)",
    "cityRecipient": "Херсон"
  },
  {
    "number": 59000455224776,
    "dateTime": {
      "date": {
        "year": 2019,
        "month": 10,
        "day": 16
      },
      "time": {
        "hour": 9,
        "minute": 16,
        "second": 30,
        "nano": 0
      }
    },
    "citySender": "Нерубайське",
    "cityRecipient": "Київ"
  },
  {
    "number": 59000455224777,
    "dateTime": {
      "date": {
        "year": 2019,
        "month": 10,
        "day": 16
      },
      "time": {
        "hour": 9,
        "minute": 16,
        "second": 56,
        "nano": 0
      }
    },
    "citySender": "Харків",
    "cityRecipient": "Харків"
  },
  {
    "number": 59000455224778,
    "dateTime": {
      "date": {
        "year": 2019,
        "month": 10,
        "day": 16
      },
      "time": {
        "hour": 9,
        "minute": 16,
        "second": 42,
        "nano": 0
      }
    },
    "citySender": "Дніпро",
    "cityRecipient": "Славське (Львівська обл.)"
  },
  {
    "number": 59000455224779,
    "dateTime": {
      "date": {
        "year": 2019,
        "month": 10,
        "day": 16
      },
      "time": {
        "hour": 9,
        "minute": 16,
        "second": 52,
        "nano": 0
      }
    },
    "citySender": "Київ",
    "cityRecipient": "Київ"
  },
  {
    "number": 59000455224780,
    "dateTime": {
      "date": {
        "year": 2019,
        "month": 10,
        "day": 16
      },
      "time": {
        "hour": 9,
        "minute": 16,
        "second": 38,
        "nano": 0
      }
    },
    "citySender": "Кролевець",
    "cityRecipient": "Київ"
  },
  {
    "number": 59000455224781,
    "dateTime": {
      "date": {
        "year": 2019,
        "month": 10,
        "day": 16
      },
      "time": {
        "hour": 9,
        "minute": 16,
        "second": 26,
        "nano": 0
      }
    },
    "citySender": "Брацлав",
    "cityRecipient": "Новогродівка"
  },
  {
    "number": 59000455224782,
    "dateTime": {
      "date": {
        "year": 2019,
        "month": 10,
        "day": 16
      },
      "time": {
        "hour": 9,
        "minute": 16,
        "second": 45,
        "nano": 0
      }
    },
    "citySender": "Маріуполь",
    "cityRecipient": "Харків"
  },
  {
    "number": 59000455224783,
    "dateTime": {
      "date": {
        "year": 2019,
        "month": 10,
        "day": 16
      },
      "time": {
        "hour": 9,
        "minute": 16,
        "second": 37,
        "nano": 0
      }
    },
    "citySender": "Южноукраїнськ",
    "cityRecipient": "Одеса"
  },
  {
    "number": 59000455224784,
    "dateTime": {
      "date": {
        "year": 2019,
        "month": 10,
        "day": 16
      },
      "time": {
        "hour": 9,
        "minute": 16,
        "second": 12,
        "nano": 0
      }
    },
    "citySender": "Кам\u0027янське(Дніпропетровська обл)",
    "cityRecipient": "Бровари"
  },
  {
    "number": 59000455224785,
    "dateTime": {
      "date": {
        "year": 2019,
        "month": 10,
        "day": 16
      },
      "time": {
        "hour": 9,
        "minute": 14,
        "second": 30,
        "nano": 0
      }
    },
    "citySender": "Бар",
    "cityRecipient": "Мар\u0027їнка"
  },
  {
    "number": 59000455224786,
    "dateTime": {
      "date": {
        "year": 2019,
        "month": 10,
        "day": 16
      },
      "time": {
        "hour": 9,
        "minute": 15,
        "second": 45,
        "nano": 0
      }
    },
    "citySender": "Біла Церква",
    "cityRecipient": "Чернігів"
  },
  {
    "number": 59000455224788,
    "dateTime": {
      "date": {
        "year": 2019,
        "month": 10,
        "day": 16
      },
      "time": {
        "hour": 9,
        "minute": 16,
        "second": 48,
        "nano": 0
      }
    },
    "citySender": "Дніпро",
    "cityRecipient": "Одеса"
  },
  {
    "number": 59000455224789,
    "dateTime": {
      "date": {
        "year": 2019,
        "month": 10,
        "day": 16
      },
      "time": {
        "hour": 9,
        "minute": 16,
        "second": 48,
        "nano": 0
      }
    },
    "citySender": "Чорнобай",
    "cityRecipient": "Сміла"
  },
  {
    "number": 59000455224790,
    "dateTime": {
      "date": {
        "year": 2019,
        "month": 10,
        "day": 16
      },
      "time": {
        "hour": 9,
        "minute": 16,
        "second": 50,
        "nano": 0
      }
    },
    "citySender": "Вінниця",
    "cityRecipient": "Київ"
  },
  {
    "number": 59000455224791,
    "dateTime": {
      "date": {
        "year": 2019,
        "month": 10,
        "day": 16
      },
      "time": {
        "hour": 9,
        "minute": 16,
        "second": 54,
        "nano": 0
      }
    },
    "citySender": "Київ",
    "cityRecipient": "Київ"
  },
  {
    "number": 59000455224792,
    "dateTime": {
      "date": {
        "year": 2019,
        "month": 10,
        "day": 16
      },
      "time": {
        "hour": 9,
        "minute": 14,
        "second": 57,
        "nano": 0
      }
    },
    "citySender": "Скадовськ",
    "cityRecipient": "Харків"
  },
  {
    "number": 59000455224793,
    "dateTime": {
      "date": {
        "year": 2019,
        "month": 10,
        "day": 16
      },
      "time": {
        "hour": 9,
        "minute": 16,
        "second": 52,
        "nano": 0
      }
    },
    "citySender": "Мукачево",
    "cityRecipient": "Ужгород"
  },
  {
    "number": 59000455224794,
    "dateTime": {
      "date": {
        "year": 2019,
        "month": 10,
        "day": 16
      },
      "time": {
        "hour": 9,
        "minute": 16,
        "second": 20,
        "nano": 0
      }
    },
    "citySender": "Дубровиця (Рівненська обл.)",
    "cityRecipient": "Бобровиця"
  },
  {
    "number": 59000455224795,
    "dateTime": {
      "date": {
        "year": 2019,
        "month": 10,
        "day": 16
      },
      "time": {
        "hour": 9,
        "minute": 17,
        "second": 1,
        "nano": 0
      }
    },
    "citySender": "Поляна (Закарпатська обл.)",
    "cityRecipient": "Черкаси"
  },
  {
    "number": 59000455224796,
    "dateTime": {
      "date": {
        "year": 2019,
        "month": 10,
        "day": 16
      },
      "time": {
        "hour": 9,
        "minute": 16,
        "second": 48,
        "nano": 0
      }
    },
    "citySender": "Херсон",
    "cityRecipient": "Київ"
  },
  {
    "number": 59000455224797,
    "dateTime": {
      "date": {
        "year": 2019,
        "month": 10,
        "day": 16
      },
      "time": {
        "hour": 9,
        "minute": 16,
        "second": 58,
        "nano": 0
      }
    },
    "citySender": "Шкло",
    "cityRecipient": "Ірпінь"
  },
  {
    "number": 59000455224798,
    "dateTime": {
      "date": {
        "year": 2019,
        "month": 10,
        "day": 16
      },
      "time": {
        "hour": 9,
        "minute": 16,
        "second": 32,
        "nano": 0
      }
    },
    "citySender": "Решетилівка",
    "cityRecipient": "Луцьк"
  },
  {
    "number": 59000455224799,
    "dateTime": {
      "date": {
        "year": 2019,
        "month": 10,
        "day": 16
      },
      "time": {
        "hour": 9,
        "minute": 16,
        "second": 47,
        "nano": 0
      }
    },
    "citySender": "Київ",
    "cityRecipient": "Харків"
  }
]