[
  {
    "number": 59000455250589,
    "dateTime": {
      "date": {
        "year": 2019,
        "month": 10,
        "day": 16
      },
      "time": {
        "hour": 10,
        "minute": 32,
        "second": 56,
        "nano": 0
      }
    },
    "citySender": "Покров (Дніпропетровська обл.)",
    "cityRecipient": "Кривий Ріг"
  },
  {
    "number": 59000455250590,
    "dateTime": {
      "date": {
        "year": 2019,
        "month": 10,
        "day": 16
      },
      "time": {
        "hour": 10,
        "minute": 32,
        "second": 26,
        "nano": 0
      }
    },
    "citySender": "Бровари",
    "cityRecipient": "Дніпро"
  },
  {
    "number": 59000455250591,
    "dateTime": {
      "date": {
        "year": 2019,
        "month": 10,
        "day": 16
      },
      "time": {
        "hour": 10,
        "minute": 32,
        "second": 57,
        "nano": 0
      }
    },
    "citySender": "Нова Борова",
    "cityRecipient": "Харків"
  },
  {
    "number": 59000455250592,
    "dateTime": {
      "date": {
        "year": 2019,
        "month": 10,
        "day": 16
      },
      "time": {
        "hour": 10,
        "minute": 31,
        "second": 30,
        "nano": 0
      }
    },
    "citySender": "Броди",
    "cityRecipient": "Тернопіль"
  },
  {
    "number": 59000455250593,
    "dateTime": {
      "date": {
        "year": 2019,
        "month": 10,
        "day": 16
      },
      "time": {
        "hour": 10,
        "minute": 31,
        "second": 35,
        "nano": 0
      }
    },
    "citySender": "Гребінки (Київська обл.)",
    "cityRecipient": "Київ"
  },
  {
    "number": 59000455250594,
    "dateTime": {
      "date": {
        "year": 2019,
        "month": 10,
        "day": 16
      },
      "time": {
        "hour": 10,
        "minute": 27,
        "second": 31,
        "nano": 0
      }
    },
    "citySender": "Херсон",
    "cityRecipient": "Каховка"
  },
  {
    "number": 59000455250595,
    "dateTime": {
      "date": {
        "year": 2019,
        "month": 10,
        "day": 16
      },
      "time": {
        "hour": 10,
        "minute": 32,
        "second": 58,
        "nano": 0
      }
    },
    "citySender": "Кам\u0027янське(Дніпропетровська обл)",
    "cityRecipient": "Дніпро"
  },
  {
    "number": 59000455250596,
    "dateTime": {
      "date": {
        "year": 2019,
        "month": 10,
        "day": 16
      },
      "time": {
        "hour": 10,
        "minute": 32,
        "second": 51,
        "nano": 0
      }
    },
    "citySender": "Дніпро",
    "cityRecipient": "Львів"
  },
  {
    "number": 59000455250597,
    "dateTime": {
      "date": {
        "year": 2019,
        "month": 10,
        "day": 16
      },
      "time": {
        "hour": 10,
        "minute": 31,
        "second": 57,
        "nano": 0
      }
    },
    "citySender": "Кривий Ріг",
    "cityRecipient": "Літин"
  },
  {
    "number": 59000455250598,
    "dateTime": {
      "date": {
        "year": 2019,
        "month": 10,
        "day": 16
      },
      "time": {
        "hour": 10,
        "minute": 32,
        "second": 47,
        "nano": 0
      }
    },
    "citySender": "Оженин",
    "cityRecipient": "Ілічанка"
  },
  {
    "number": 59000455250599,
    "dateTime": {
      "date": {
        "year": 2019,
        "month": 10,
        "day": 16
      },
      "time": {
        "hour": 10,
        "minute": 32,
        "second": 54,
        "nano": 0
      }
    },
    "citySender": "Ямпіль (Сумська обл.)",
    "cityRecipient": "Ямпіль (Вінницька обл.)"
  },
  {
    "number": 59000455250601,
    "dateTime": {
      "date": {
        "year": 2019,
        "month": 10,
        "day": 16
      },
      "time": {
        "hour": 10,
        "minute": 32,
        "second": 50,
        "nano": 0
      }
    },
    "citySender": "Київ",
    "cityRecipient": "Нова Каховка"
  },
  {
    "number": 59000455250602,
    "dateTime": {
      "date": {
        "year": 2019,
        "month": 10,
        "day": 16
      },
      "time": {
        "hour": 10,
        "minute": 31,
        "second": 46,
        "nano": 0
      }
    },
    "citySender": "Київ",
    "cityRecipient": "Запоріжжя"
  },
  {
    "number": 59000455250603,
    "dateTime": {
      "date": {
        "year": 2019,
        "month": 10,
        "day": 16
      },
      "time": {
        "hour": 10,
        "minute": 32,
        "second": 28,
        "nano": 0
      }
    },
    "citySender": "Луцьк",
    "cityRecipient": "Львів"
  },
  {
    "number": 59000455250604,
    "dateTime": {
      "date": {
        "year": 2019,
        "month": 10,
        "day": 16
      },
      "time": {
        "hour": 10,
        "minute": 31,
        "second": 58,
        "nano": 0
      }
    },
    "citySender": "Кременчук",
    "cityRecipient": "Горішні Плавні"
  },
  {
    "number": 59000455250605,
    "dateTime": {
      "date": {
        "year": 2019,
        "month": 10,
        "day": 16
      },
      "time": {
        "hour": 10,
        "minute": 32,
        "second": 43,
        "nano": 0
      }
    },
    "citySender": "Городище (Черкаська обл.)",
    "cityRecipient": "Новомиргород"
  },
  {
    "number": 59000455250606,
    "dateTime": {
      "date": {
        "year": 2019,
        "month": 10,
        "day": 16
      },
      "time": {
        "hour": 10,
        "minute": 32,
        "second": 35,
        "nano": 0
      }
    },
    "citySender": "Коростень",
    "cityRecipient": "Чернівці"
  },
  {
    "number": 59000455250607,
    "dateTime": {
      "date": {
        "year": 2019,
        "month": 10,
        "day": 16
      },
      "time": {
        "hour": 10,
        "minute": 32,
        "second": 38,
        "nano": 0
      }
    },
    "citySender": "Солоне",
    "cityRecipient": "Юр\u0027ївка"
  },
  {
    "number": 59000455250608,
    "dateTime": {
      "date": {
        "year": 2019,
        "month": 10,
        "day": 16
      },
      "time": {
        "hour": 10,
        "minute": 32,
        "second": 49,
        "nano": 0
      }
    },
    "citySender": "Клугино-Башкирівка",
    "cityRecipient": "Очеретине (Ясинуватський р-н)"
  },
  {
    "number": 59000455250609,
    "dateTime": {
      "date": {
        "year": 2019,
        "month": 10,
        "day": 16
      },
      "time": {
        "hour": 10,
        "minute": 32,
        "second": 42,
        "nano": 0
      }
    },
    "citySender": "Каховка",
    "cityRecipient": "Благовіщенське(Кіровоградська обл.)"
  },
  {
    "number": 59000455250610,
    "dateTime": {
      "date": {
        "year": 2019,
        "month": 10,
        "day": 16
      },
      "time": {
        "hour": 10,
        "minute": 32,
        "second": 57,
        "nano": 0
      }
    },
    "citySender": "Харків",
    "cityRecipient": "Мукачево"
  },
  {
    "number": 59000455250611,
    "dateTime": {
      "date": {
        "year": 2019,
        "month": 10,
        "day": 16
      },
      "time": {
        "hour": 10,
        "minute": 32,
        "second": 50,
        "nano": 0
      }
    },
    "citySender": "Кам\u0027янське(Дніпропетровська обл)",
    "cityRecipient": "Харків"
  },
  {
    "number": 59000455250612,
    "dateTime": {
      "date": {
        "year": 2019,
        "month": 10,
        "day": 16
      },
      "time": {
        "hour": 10,
        "minute": 32,
        "second": 30,
        "nano": 0
      }
    },
    "citySender": "Вінниця",
    "cityRecipient": "Харків"
  },
  {
    "number": 59000455250613,
    "dateTime": {
      "date": {
        "year": 2019,
        "month": 10,
        "day": 16
      },
      "time": {
        "hour": 10,
        "minute": 32,
        "second": 40,
        "nano": 0
      }
    },
    "citySender": "Новотроїцьке (Херсонська обл.)",
    "cityRecipient": "Херсон"
  },
  {
    "number": 59000455250614,
    "dateTime": {
      "date": {
        "year": 2019,
        "month": 10,
        "day": 16
      },
      "time": {
        "hour": 10,
        "minute": 32,
        "second": 53,
        "nano": 0
      }
    },
    "citySender": "Хорол",
    "cityRecipient": "Київ"
  },
  {
    "number": 59000455250616,
    "dateTime": {
      "date": {
        "year": 2019,
        "month": 10,
        "day": 16
      },
      "time": {
        "hour": 10,
        "minute": 32,
        "second": 53,
        "nano": 0
      }
    },
    "citySender": "Дніпро",
    "cityRecipient": "Київ"
  },
  {
    "number": 59000455250617,
    "dateTime": {
      "date": {
        "year": 2019,
        "month": 10,
        "day": 16
      },
      "time": {
        "hour": 10,
        "minute": 32,
        "second": 38,
        "nano": 0
      }
    },
    "citySender": "Мошни",
    "cityRecipient": "Шацьк"
  },
  {
    "number": 59000455250618,
    "dateTime": {
      "date": {
        "year": 2019,
        "month": 10,
        "day": 16
      },
      "time": {
        "hour": 10,
        "minute": 32,
        "second": 32,
        "nano": 0
      }
    },
    "citySender": "Біла Церква",
    "cityRecipient": "Бердичів"
  },
  {
    "number": 59000455250619,
    "dateTime": {
      "date": {
        "year": 2019,
        "month": 10,
        "day": 16
      },
      "time": {
        "hour": 10,
        "minute": 30,
        "second": 38,
        "nano": 0
      }
    },
    "citySender": "Тячів",
    "cityRecipient": "Миколаїв"
  },
  {
    "number": 59000455250620,
    "dateTime": {
      "date": {
        "year": 2019,
        "month": 10,
        "day": 16
      },
      "time": {
        "hour": 10,
        "minute": 32,
        "second": 28,
        "nano": 0
      }
    },
    "citySender": "Черкаси",
    "cityRecipient": "Івано-Франківськ"
  },
  {
    "number": 59000455250621,
    "dateTime": {
      "date": {
        "year": 2019,
        "month": 10,
        "day": 16
      },
      "time": {
        "hour": 10,
        "minute": 32,
        "second": 48,
        "nano": 0
      }
    },
    "citySender": "Київ",
    "cityRecipient": "Мукачево"
  },
  {
    "number": 59000455250622,
    "dateTime": {
      "date": {
        "year": 2019,
        "month": 10,
        "day": 16
      },
      "time": {
        "hour": 10,
        "minute": 33,
        "second": 1,
        "nano": 0
      }
    },
    "citySender": "Миколаїв",
    "cityRecipient": "Тернопіль"
  },
  {
    "number": 59000455250623,
    "dateTime": {
      "date": {
        "year": 2019,
        "month": 10,
        "day": 16
      },
      "time": {
        "hour": 10,
        "minute": 32,
        "second": 25,
        "nano": 0
      }
    },
    "citySender": "Калуш",
    "cityRecipient": "Луцьк"
  },
  {
    "number": 59000455250624,
    "dateTime": {
      "date": {
        "year": 2019,
        "month": 10,
        "day": 16
      },
      "time": {
        "hour": 10,
        "minute": 31,
        "second": 56,
        "nano": 0
      }
    },
    "citySender": "Миколаївка (Слов’янська міська рада)",
    "cityRecipient": "Київ"
  },
  {
    "number": 59000455250625,
    "dateTime": {
      "date": {
        "year": 2019,
        "month": 10,
        "day": 16
      },
      "time": {
        "hour": 10,
        "minute": 33,
        "second": 3,
        "nano": 0
      }
    },
    "citySender": "Буча",
    "cityRecipient": "Київ"
  },
  {
    "number": 59000455250626,
    "dateTime": {
      "date": {
        "year": 2019,
        "month": 10,
        "day": 16
      },
      "time": {
        "hour": 10,
        "minute": 32,
        "second": 19,
        "nano": 0
      }
    },
    "citySender": "Хмельницький",
    "cityRecipient": "Одеса"
  },
  {
    "number": 59000455250627,
    "dateTime": {
      "date": {
        "year": 2019,
        "month": 10,
        "day": 16
      },
      "time": {
        "hour": 10,
        "minute": 32,
        "second": 33,
        "nano": 0
      }
    },
    "citySender": "Кути (Косівський р-н)",
    "cityRecipient": "Рокитне (Київська обл., Рокитнянський р-н)"
  },
  {
    "number": 59000455250628,
    "dateTime": {
      "date": {
        "year": 2019,
        "month": 10,
        "day": 16
      },
      "time": {
        "hour": 10,
        "minute": 33,
        "second": 3,
        "nano": 0
      }
    },
    "citySender": "Жашків",
    "cityRecipient": "Одеса"
  },
  {
    "number": 59000455250629,
    "dateTime": {
      "date": {
        "year": 2019,
        "month": 10,
        "day": 16
      },
      "time": {
        "hour": 10,
        "minute": 31,
        "second": 47,
        "nano": 0
      }
    },
    "citySender": "Коцюбинське",
    "cityRecipient": "Буринь"
  },
  {
    "number": 59000455250630,
    "dateTime": {
      "date": {
        "year": 2019,
        "month": 10,
        "day": 16
      },
      "time": {
        "hour": 10,
        "minute": 32,
        "second": 8,
        "nano": 0
      }
    },
    "citySender": "Сокиряни",
    "cityRecipient": "Бережани (Тернопільська обл.)"
  },
  {
    "number": 59000455250631,
    "dateTime": {
      "date": {
        "year": 2019,
        "month": 10,
        "day": 16
      },
      "time": {
        "hour": 10,
        "minute": 33,
        "second": 3,
        "nano": 0
      }
    },
    "citySender": "Харків",
    "cityRecipient": "Авангард"
  },
  {
    "number": 59000455250632,
    "dateTime": {
      "date": {
        "year": 2019,
        "month": 10,
        "day": 16
      },
      "time": {
        "hour": 10,
        "minute": 32,
        "second": 51,
        "nano": 0
      }
    },
    "citySender": "Житомир",
    "cityRecipient": "Ужгород"
  },
  {
    "number": 59000455250633,
    "dateTime": {
      "date": {
        "year": 2019,
        "month": 10,
        "day": 16
      },
      "time": {
        "hour": 10,
        "minute": 32,
        "second": 58,
        "nano": 0
      }
    },
    "citySender": "Борова (Харківська обл.)",
    "cityRecipient": "Борова (Харківська обл.)"
  },
  {
    "number": 59000455250634,
    "dateTime": {
      "date": {
        "year": 2019,
        "month": 10,
        "day": 16
      },
      "time": {
        "hour": 10,
        "minute": 32,
        "second": 59,
        "nano": 0
      }
    },
    "citySender": "Дніпро",
    "cityRecipient": "Харків"
  },
  {
    "number": 59000455250635,
    "dateTime": {
      "date": {
        "year": 2019,
        "month": 10,
        "day": 16
      },
      "time": {
        "hour": 10,
        "minute": 31,
        "second": 41,
        "nano": 0
      }
    },
    "citySender": "Кам\u0027янець-Подільський",
    "cityRecipient": "Київ"
  },
  {
    "number": 59000455250636,
    "dateTime": {
      "date": {
        "year": 2019,
        "month": 10,
        "day": 16
      },
      "time": {
        "hour": 10,
        "minute": 32,
        "second": 55,
        "nano": 0
      }
    },
    "citySender": "Івано-Франківськ",
    "cityRecipient": "Конотоп"
  },
  {
    "number": 59000455250637,
    "dateTime": {
      "date": {
        "year": 2019,
        "month": 10,
        "day": 16
      },
      "time": {
        "hour": 10,
        "minute": 33,
        "second": 2,
        "nano": 0
      }
    },
    "citySender": "Проліски",
    "cityRecipient": "Звенигородка"
  },
  {
    "number": 59000455250638,
    "dateTime": {
      "date": {
        "year": 2019,
        "month": 10,
        "day": 16
      },
      "time": {
        "hour": 10,
        "minute": 32,
        "second": 51,
        "nano": 0
      }
    },
    "citySender": "Ужгород",
    "cityRecipient": "Стоянка"
  },
  {
    "number": 59000455250639,
    "dateTime": {
      "date": {
        "year": 2019,
        "month": 10,
        "day": 16
      },
      "time": {
        "hour": 10,
        "minute": 32,
        "second": 49,
        "nano": 0
      }
    },
    "citySender": "Черкаси",
    "cityRecipient": "Полтава"
  },
  {
    "number": 59000455250640,
    "dateTime": {
      "date": {
        "year": 2019,
        "month": 10,
        "day": 16
      },
      "time": {
        "hour": 10,
        "minute": 32,
        "second": 21,
        "nano": 0
      }
    },
    "citySender": "Миколаїв (Львівська обл., Миколаївський р-н)",
    "cityRecipient": "Воронки"
  },
  {
    "number": 59000455250641,
    "dateTime": {
      "date": {
        "year": 2019,
        "month": 10,
        "day": 16
      },
      "time": {
        "hour": 10,
        "minute": 33,
        "second": 5,
        "nano": 0
      }
    },
    "citySender": "Шегині",
    "cityRecipient": "Львів"
  },
  {
    "number": 59000455250642,
    "dateTime": {
      "date": {
        "year": 2019,
        "month": 10,
        "day": 16
      },
      "time": {
        "hour": 10,
        "minute": 32,
        "second": 42,
        "nano": 0
      }
    },
    "citySender": "Маріуполь",
    "cityRecipient": "Київ"
  },
  {
    "number": 59000455250643,
    "dateTime": {
      "date": {
        "year": 2019,
        "month": 10,
        "day": 16
      },
      "time": {
        "hour": 10,
        "minute": 33,
        "second": 4,
        "nano": 0
      }
    },
    "citySender": "Київ",
    "cityRecipient": "Коростишів"
  },
  {
    "number": 59000455250644,
    "dateTime": {
      "date": {
        "year": 2019,
        "month": 10,
        "day": 16
      },
      "time": {
        "hour": 10,
        "minute": 32,
        "second": 29,
        "nano": 0
      }
    },
    "citySender": "Бровари",
    "cityRecipient": "Київ"
  },
  {
    "number": 59000455250645,
    "dateTime": {
      "date": {
        "year": 2019,
        "month": 10,
        "day": 16
      },
      "time": {
        "hour": 10,
        "minute": 32,
        "second": 53,
        "nano": 0
      }
    },
    "citySender": "Запоріжжя",
    "cityRecipient": "Київ"
  },
  {
    "number": 59000455250646,
    "dateTime": {
      "date": {
        "year": 2019,
        "month": 10,
        "day": 16
      },
      "time": {
        "hour": 10,
        "minute": 33,
        "second": 5,
        "nano": 0
      }
    },
    "citySender": "Кути (Косівський р-н)",
    "cityRecipient": "Ужгород"
  },
  {
    "number": 59000455250647,
    "dateTime": {
      "date": {
        "year": 2019,
        "month": 10,
        "day": 16
      },
      "time": {
        "hour": 10,
        "minute": 33,
        "second": 2,
        "nano": 0
      }
    },
    "citySender": "Білозерське (Донецька обл.)",
    "cityRecipient": "Одеса"
  },
  {
    "number": 59000455250648,
    "dateTime": {
      "date": {
        "year": 2019,
        "month": 10,
        "day": 16
      },
      "time": {
        "hour": 10,
        "minute": 32,
        "second": 51,
        "nano": 0
      }
    },
    "citySender": "Михайлівка (Михайлівський р-н., Запорізька обл.)",
    "cityRecipient": "Кам\u0027янське(Дніпропетровська обл)"
  },
  {
    "number": 59000455250649,
    "dateTime": {
      "date": {
        "year": 2019,
        "month": 10,
        "day": 16
      },
      "time": {
        "hour": 10,
        "minute": 33,
        "second": 1,
        "nano": 0
      }
    },
    "citySender": "Вишневе",
    "cityRecipient": "Харків"
  },
  {
    "number": 59000455250650,
    "dateTime": {
      "date": {
        "year": 2019,
        "month": 10,
        "day": 16
      },
      "time": {
        "hour": 10,
        "minute": 29,
        "second": 22,
        "nano": 0
      }
    },
    "citySender": "Соснове (Рівненська обл.)",
    "cityRecipient": "Одеса"
  },
  {
    "number": 59000455250651,
    "dateTime": {
      "date": {
        "year": 2019,
        "month": 10,
        "day": 16
      },
      "time": {
        "hour": 10,
        "minute": 33,
        "second": 4,
        "nano": 0
      }
    },
    "citySender": "Харків",
    "cityRecipient": "Ніжин"
  },
  {
    "number": 59000455250652,
    "dateTime": {
      "date": {
        "year": 2019,
        "month": 10,
        "day": 16
      },
      "time": {
        "hour": 10,
        "minute": 32,
        "second": 22,
        "nano": 0
      }
    },
    "citySender": "Київ",
    "cityRecipient": "Івано-Франківськ"
  },
  {
    "number": 59000455250653,
    "dateTime": {
      "date": {
        "year": 2019,
        "month": 10,
        "day": 16
      },
      "time": {
        "hour": 10,
        "minute": 32,
        "second": 39,
        "nano": 0
      }
    },
    "citySender": "Мелітополь",
    "cityRecipient": "Херсон"
  },
  {
    "number": 59000455250654,
    "dateTime": {
      "date": {
        "year": 2019,
        "month": 10,
        "day": 16
      },
      "time": {
        "hour": 10,
        "minute": 32,
        "second": 33,
        "nano": 0
      }
    },
    "citySender": "Юр\u0027ївка",
    "cityRecipient": "Докучаєвське"
  },
  {
    "number": 59000455250655,
    "dateTime": {
      "date": {
        "year": 2019,
        "month": 10,
        "day": 16
      },
      "time": {
        "hour": 10,
        "minute": 33,
        "second": 6,
        "nano": 0
      }
    },
    "citySender": "Гніздичів",
    "cityRecipient": "Львів"
  },
  {
    "number": 59000455250656,
    "dateTime": {
      "date": {
        "year": 2019,
        "month": 10,
        "day": 16
      },
      "time": {
        "hour": 10,
        "minute": 32,
        "second": 52,
        "nano": 0
      }
    },
    "citySender": "Київ",
    "cityRecipient": "Полтава"
  },
  {
    "number": 59000455250657,
    "dateTime": {
      "date": {
        "year": 2019,
        "month": 10,
        "day": 16
      },
      "time": {
        "hour": 10,
        "minute": 32,
        "second": 44,
        "nano": 0
      }
    },
    "citySender": "Київ",
    "cityRecipient": "Харків"
  },
  {
    "number": 59000455250658,
    "dateTime": {
      "date": {
        "year": 2019,
        "month": 10,
        "day": 16
      },
      "time": {
        "hour": 10,
        "minute": 32,
        "second": 57,
        "nano": 0
      }
    },
    "citySender": "Львів",
    "cityRecipient": "Тернопіль"
  },
  {
    "number": 59000455250659,
    "dateTime": {
      "date": {
        "year": 2019,
        "month": 10,
        "day": 16
      },
      "time": {
        "hour": 10,
        "minute": 33,
        "second": 3,
        "nano": 0
      }
    },
    "citySender": "Урзуф",
    "cityRecipient": "Боярка"
  },
  {
    "number": 59000455250660,
    "dateTime": {
      "date": {
        "year": 2019,
        "month": 10,
        "day": 16
      },
      "time": {
        "hour": 10,
        "minute": 32,
        "second": 44,
        "nano": 0
      }
    },
    "citySender": "Суми",
    "cityRecipient": "Рівне"
  },
  {
    "number": 59000455250661,
    "dateTime": {
      "date": {
        "year": 2019,
        "month": 10,
        "day": 16
      },
      "time": {
        "hour": 10,
        "minute": 33,
        "second": 6,
        "nano": 0
      }
    },
    "citySender": "Почаїв",
    "cityRecipient": "Літин"
  },
  {
    "number": 59000455250662,
    "dateTime": {
      "date": {
        "year": 2019,
        "month": 10,
        "day": 16
      },
      "time": {
        "hour": 10,
        "minute": 32,
        "second": 58,
        "nano": 0
      }
    },
    "citySender": "Дніпро",
    "cityRecipient": "Одеса"
  },
  {
    "number": 59000455250663,
    "dateTime": {
      "date": {
        "year": 2019,
        "month": 10,
        "day": 16
      },
      "time": {
        "hour": 10,
        "minute": 32,
        "second": 50,
        "nano": 0
      }
    },
    "citySender": "Новоукраїнка",
    "cityRecipient": "Харків"
  },
  {
    "number": 59000455250664,
    "dateTime": {
      "date": {
        "year": 2019,
        "month": 10,
        "day": 16
      },
      "time": {
        "hour": 10,
        "minute": 32,
        "second": 58,
        "nano": 0
      }
    },
    "citySender": "Васильків",
    "cityRecipient": "Біла Церква"
  },
  {
    "number": 59000455250665,
    "dateTime": {
      "date": {
        "year": 2019,
        "month": 10,
        "day": 16
      },
      "time": {
        "hour": 10,
        "minute": 33,
        "second": 8,
        "nano": 0
      }
    },
    "citySender": "Харків",
    "cityRecipient": "Теплодар"
  },
  {
    "number": 59000455250666,
    "dateTime": {
      "date": {
        "year": 2019,
        "month": 10,
        "day": 16
      },
      "time": {
        "hour": 10,
        "minute": 32,
        "second": 34,
        "nano": 0
      }
    },
    "citySender": "Запоріжжя",
    "cityRecipient": "Сєвєродонецьк"
  },
  {
    "number": 59000455250667,
    "dateTime": {
      "date": {
        "year": 2019,
        "month": 10,
        "day": 16
      },
      "time": {
        "hour": 10,
        "minute": 31,
        "second": 55,
        "nano": 0
      }
    },
    "citySender": "Київ",
    "cityRecipient": "Полтава"
  },
  {
    "number": 59000455250668,
    "dateTime": {
      "date": {
        "year": 2019,
        "month": 10,
        "day": 16
      },
      "time": {
        "hour": 10,
        "minute": 32,
        "second": 39,
        "nano": 0
      }
    },
    "citySender": "Одеса",
    "cityRecipient": "Кременчук"
  },
  {
    "number": 59000455250669,
    "dateTime": {
      "date": {
        "year": 2019,
        "month": 10,
        "day": 16
      },
      "time": {
        "hour": 10,
        "minute": 33,
        "second": 4,
        "nano": 0
      }
    },
    "citySender": "Харків",
    "cityRecipient": "Київ"
  },
  {
    "number": 59000455250672,
    "dateTime": {
      "date": {
        "year": 2019,
        "month": 10,
        "day": 16
      },
      "time": {
        "hour": 10,
        "minute": 32,
        "second": 30,
        "nano": 0
      }
    },
    "citySender": "Ратне",
    "cityRecipient": "Мирноград"
  },
  {
    "number": 59000455250673,
    "dateTime": {
      "date": {
        "year": 2019,
        "month": 10,
        "day": 16
      },
      "time": {
        "hour": 10,
        "minute": 33,
        "second": 6,
        "nano": 0
      }
    },
    "citySender": "Тячів",
    "cityRecipient": "Київ"
  },
  {
    "number": 59000455250674,
    "dateTime": {
      "date": {
        "year": 2019,
        "month": 10,
        "day": 16
      },
      "time": {
        "hour": 10,
        "minute": 32,
        "second": 39,
        "nano": 0
      }
    },
    "citySender": "Святопетрівське (Києво-Свят.р-н)",
    "cityRecipient": "Шаргород (Вінницька обл.)"
  },
  {
    "number": 59000455250675,
    "dateTime": {
      "date": {
        "year": 2019,
        "month": 10,
        "day": 16
      },
      "time": {
        "hour": 10,
        "minute": 32,
        "second": 56,
        "nano": 0
      }
    },
    "citySender": "Одеса",
    "cityRecipient": "Тарутине"
  },
  {
    "number": 59000455250676,
    "dateTime": {
      "date": {
        "year": 2019,
        "month": 10,
        "day": 16
      },
      "time": {
        "hour": 10,
        "minute": 33,
        "second": 0,
        "nano": 0
      }
    },
    "citySender": "Чернівці",
    "cityRecipient": "Ужгород"
  },
  {
    "number": 59000455250677,
    "dateTime": {
      "date": {
        "year": 2019,
        "month": 10,
        "day": 16
      },
      "time": {
        "hour": 10,
        "minute": 32,
        "second": 0,
        "nano": 0
      }
    },
    "citySender": "Полтава",
    "cityRecipient": "Київ"
  },
  {
    "number": 59000455250678,
    "dateTime": {
      "date": {
        "year": 2019,
        "month": 10,
        "day": 16
      },
      "time": {
        "hour": 10,
        "minute": 32,
        "second": 46,
        "nano": 0
      }
    },
    "citySender": "Краматорськ",
    "cityRecipient": "Ізмаїл"
  },
  {
    "number": 59000455250679,
    "dateTime": {
      "date": {
        "year": 2019,
        "month": 10,
        "day": 16
      },
      "time": {
        "hour": 10,
        "minute": 32,
        "second": 54,
        "nano": 0
      }
    },
    "citySender": "Кропивницький",
    "cityRecipient": "Дніпро"
  },
  {
    "number": 59000455250680,
    "dateTime": {
      "date": {
        "year": 2019,
        "month": 10,
        "day": 16
      },
      "time": {
        "hour": 10,
        "minute": 32,
        "second": 28,
        "nano": 0
      }
    },
    "citySender": "Дніпро",
    "cityRecipient": "Київ"
  },
  {
    "number": 59000455250681,
    "dateTime": {
      "date": {
        "year": 2019,
        "month": 10,
        "day": 16
      },
      "time": {
        "hour": 10,
        "minute": 33,
        "second": 9,
        "nano": 0
      }
    },
    "citySender": "Харків",
    "cityRecipient": "Вільногірськ"
  },
  {
    "number": 59000455250682,
    "dateTime": {
      "date": {
        "year": 2019,
        "month": 10,
        "day": 16
      },
      "time": {
        "hour": 10,
        "minute": 32,
        "second": 11,
        "nano": 0
      }
    },
    "citySender": "Кременчук",
    "cityRecipient": "Дрогобич"
  },
  {
    "number": 59000455250683,
    "dateTime": {
      "date": {
        "year": 2019,
        "month": 10,
        "day": 16
      },
      "time": {
        "hour": 10,
        "minute": 32,
        "second": 36,
        "nano": 0
      }
    },
    "citySender": "Чугуїв",
    "cityRecipient": "Київ"
  },
  {
    "number": 59000455250684,
    "dateTime": {
      "date": {
        "year": 2019,
        "month": 10,
        "day": 16
      },
      "time": {
        "hour": 10,
        "minute": 33,
        "second": 8,
        "nano": 0
      }
    },
    "citySender": "Кельменці",
    "cityRecipient": "Бровари"
  },
  {
    "number": 59000455250685,
    "dateTime": {
      "date": {
        "year": 2019,
        "month": 10,
        "day": 16
      },
      "time": {
        "hour": 10,
        "minute": 32,
        "second": 46,
        "nano": 0
      }
    },
    "citySender": "Щастя",
    "cityRecipient": "Запоріжжя"
  },
  {
    "number": 59000455250686,
    "dateTime": {
      "date": {
        "year": 2019,
        "month": 10,
        "day": 16
      },
      "time": {
        "hour": 10,
        "minute": 33,
        "second": 7,
        "nano": 0
      }
    },
    "citySender": "Бережани (Тернопільська обл.)",
    "cityRecipient": "Київ"
  },
  {
    "number": 59000455250687,
    "dateTime": {
      "date": {
        "year": 2019,
        "month": 10,
        "day": 16
      },
      "time": {
        "hour": 10,
        "minute": 33,
        "second": 7,
        "nano": 0
      }
    },
    "citySender": "Умань",
    "cityRecipient": "Запоріжжя"
  },
  {
    "number": 59000455250688,
    "dateTime": {
      "date": {
        "year": 2019,
        "month": 10,
        "day": 16
      },
      "time": {
        "hour": 10,
        "minute": 33,
        "second": 12,
        "nano": 0
      }
    },
    "citySender": "Солоницівка",
    "cityRecipient": "Харків"
  }
]