[
  {
    "number": 59000455238596,
    "dateTime": {
      "date": {
        "year": 2019,
        "month": 10,
        "day": 16
      },
      "time": {
        "hour": 9,
        "minute": 57,
        "second": 1,
        "nano": 0
      }
    },
    "citySender": "Яреськи",
    "cityRecipient": "Київ"
  },
  {
    "number": 59000455238597,
    "dateTime": {
      "date": {
        "year": 2019,
        "month": 10,
        "day": 16
      },
      "time": {
        "hour": 9,
        "minute": 57,
        "second": 57,
        "nano": 0
      }
    },
    "citySender": "Проліски",
    "cityRecipient": "Черкаси"
  },
  {
    "number": 59000455238598,
    "dateTime": {
      "date": {
        "year": 2019,
        "month": 10,
        "day": 16
      },
      "time": {
        "hour": 9,
        "minute": 56,
        "second": 58,
        "nano": 0
      }
    },
    "citySender": "Покровське (Покровський р-н Дніпропетровська обл.)",
    "cityRecipient": "Північне"
  },
  {
    "number": 59000455238599,
    "dateTime": {
      "date": {
        "year": 2019,
        "month": 10,
        "day": 16
      },
      "time": {
        "hour": 9,
        "minute": 56,
        "second": 47,
        "nano": 0
      }
    },
    "citySender": "Бахмут",
    "cityRecipient": "Селидове"
  },
  {
    "number": 59000455238600,
    "dateTime": {
      "date": {
        "year": 2019,
        "month": 10,
        "day": 16
      },
      "time": {
        "hour": 9,
        "minute": 57,
        "second": 59,
        "nano": 0
      }
    },
    "citySender": "Червоноград (Львівська обл.)",
    "cityRecipient": "Львів"
  },
  {
    "number": 59000455238601,
    "dateTime": {
      "date": {
        "year": 2019,
        "month": 10,
        "day": 16
      },
      "time": {
        "hour": 9,
        "minute": 57,
        "second": 54,
        "nano": 0
      }
    },
    "citySender": "Житомир",
    "cityRecipient": "Житомир"
  },
  {
    "number": 59000455238602,
    "dateTime": {
      "date": {
        "year": 2019,
        "month": 10,
        "day": 16
      },
      "time": {
        "hour": 9,
        "minute": 55,
        "second": 32,
        "nano": 0
      }
    },
    "citySender": "Дніпро",
    "cityRecipient": "Львів"
  },
  {
    "number": 59000455238603,
    "dateTime": {
      "date": {
        "year": 2019,
        "month": 10,
        "day": 16
      },
      "time": {
        "hour": 9,
        "minute": 57,
        "second": 58,
        "nano": 0
      }
    },
    "citySender": "Харків",
    "cityRecipient": "Полтава"
  },
  {
    "number": 59000455238604,
    "dateTime": {
      "date": {
        "year": 2019,
        "month": 10,
        "day": 16
      },
      "time": {
        "hour": 9,
        "minute": 57,
        "second": 52,
        "nano": 0
      }
    },
    "citySender": "Торецьк",
    "cityRecipient": "Рогозів"
  },
  {
    "number": 59000455238605,
    "dateTime": {
      "date": {
        "year": 2019,
        "month": 10,
        "day": 16
      },
      "time": {
        "hour": 9,
        "minute": 58,
        "second": 0,
        "nano": 0
      }
    },
    "citySender": "Кам\u0027янське(Дніпропетровська обл)",
    "cityRecipient": "Львів"
  },
  {
    "number": 59000455238606,
    "dateTime": {
      "date": {
        "year": 2019,
        "month": 10,
        "day": 16
      },
      "time": {
        "hour": 9,
        "minute": 57,
        "second": 41,
        "nano": 0
      }
    },
    "citySender": "Київ",
    "cityRecipient": "Київ"
  },
  {
    "number": 59000455238607,
    "dateTime": {
      "date": {
        "year": 2019,
        "month": 10,
        "day": 16
      },
      "time": {
        "hour": 9,
        "minute": 57,
        "second": 51,
        "nano": 0
      }
    },
    "citySender": "Сєвєродонецьк",
    "cityRecipient": "Київ"
  },
  {
    "number": 59000455238608,
    "dateTime": {
      "date": {
        "year": 2019,
        "month": 10,
        "day": 16
      },
      "time": {
        "hour": 9,
        "minute": 57,
        "second": 31,
        "nano": 0
      }
    },
    "citySender": "Нова Збур\u0027ївка",
    "cityRecipient": "Кам\u0027янець-Подільський"
  },
  {
    "number": 59000455238609,
    "dateTime": {
      "date": {
        "year": 2019,
        "month": 10,
        "day": 16
      },
      "time": {
        "hour": 9,
        "minute": 57,
        "second": 33,
        "nano": 0
      }
    },
    "citySender": "Бабаї",
    "cityRecipient": "Ватутіне"
  },
  {
    "number": 59000455238610,
    "dateTime": {
      "date": {
        "year": 2019,
        "month": 10,
        "day": 16
      },
      "time": {
        "hour": 9,
        "minute": 57,
        "second": 52,
        "nano": 0
      }
    },
    "citySender": "Біла Церква",
    "cityRecipient": "Київ"
  },
  {
    "number": 59000455238611,
    "dateTime": {
      "date": {
        "year": 2019,
        "month": 10,
        "day": 16
      },
      "time": {
        "hour": 9,
        "minute": 58,
        "second": 1,
        "nano": 0
      }
    },
    "citySender": "Шевченкове (Київська обл.)",
    "cityRecipient": "Київ"
  },
  {
    "number": 59000455238613,
    "dateTime": {
      "date": {
        "year": 2019,
        "month": 10,
        "day": 16
      },
      "time": {
        "hour": 9,
        "minute": 57,
        "second": 20,
        "nano": 0
      }
    },
    "citySender": "Нікополь (Дніпропетровська обл.)",
    "cityRecipient": "Харків"
  },
  {
    "number": 59000455238614,
    "dateTime": {
      "date": {
        "year": 2019,
        "month": 10,
        "day": 16
      },
      "time": {
        "hour": 9,
        "minute": 57,
        "second": 30,
        "nano": 0
      }
    },
    "citySender": "Одеса",
    "cityRecipient": "Київ"
  },
  {
    "number": 59000455238615,
    "dateTime": {
      "date": {
        "year": 2019,
        "month": 10,
        "day": 16
      },
      "time": {
        "hour": 9,
        "minute": 58,
        "second": 1,
        "nano": 0
      }
    },
    "citySender": "Богданівка (Дніпропетровська обл.)",
    "cityRecipient": "Чернівці"
  },
  {
    "number": 59000455238616,
    "dateTime": {
      "date": {
        "year": 2019,
        "month": 10,
        "day": 16
      },
      "time": {
        "hour": 9,
        "minute": 57,
        "second": 17,
        "nano": 0
      }
    },
    "citySender": "Чернівці",
    "cityRecipient": "Київ"
  },
  {
    "number": 59000455238617,
    "dateTime": {
      "date": {
        "year": 2019,
        "month": 10,
        "day": 16
      },
      "time": {
        "hour": 9,
        "minute": 57,
        "second": 56,
        "nano": 0
      }
    },
    "citySender": "Запоріжжя",
    "cityRecipient": "Харків"
  },
  {
    "number": 59000455238618,
    "dateTime": {
      "date": {
        "year": 2019,
        "month": 10,
        "day": 16
      },
      "time": {
        "hour": 9,
        "minute": 56,
        "second": 28,
        "nano": 0
      }
    },
    "citySender": "Кривий Ріг",
    "cityRecipient": "Боярка"
  },
  {
    "number": 59000455238620,
    "dateTime": {
      "date": {
        "year": 2019,
        "month": 10,
        "day": 16
      },
      "time": {
        "hour": 9,
        "minute": 57,
        "second": 25,
        "nano": 0
      }
    },
    "citySender": "Запоріжжя",
    "cityRecipient": "Озерне (Житомирська обл.)"
  },
  {
    "number": 59000455238621,
    "dateTime": {
      "date": {
        "year": 2019,
        "month": 10,
        "day": 16
      },
      "time": {
        "hour": 9,
        "minute": 57,
        "second": 49,
        "nano": 0
      }
    },
    "citySender": "Чернігів",
    "cityRecipient": "Маріуполь"
  },
  {
    "number": 59000455238622,
    "dateTime": {
      "date": {
        "year": 2019,
        "month": 10,
        "day": 16
      },
      "time": {
        "hour": 9,
        "minute": 57,
        "second": 28,
        "nano": 0
      }
    },
    "citySender": "Полтава",
    "cityRecipient": "Дніпро"
  },
  {
    "number": 59000455238623,
    "dateTime": {
      "date": {
        "year": 2019,
        "month": 10,
        "day": 16
      },
      "time": {
        "hour": 9,
        "minute": 58,
        "second": 3,
        "nano": 0
      }
    },
    "citySender": "Антоніни",
    "cityRecipient": "Хмельницький"
  },
  {
    "number": 59000455238624,
    "dateTime": {
      "date": {
        "year": 2019,
        "month": 10,
        "day": 16
      },
      "time": {
        "hour": 9,
        "minute": 58,
        "second": 0,
        "nano": 0
      }
    },
    "citySender": "Дніпро",
    "cityRecipient": "Дніпро"
  },
  {
    "number": 59000455238625,
    "dateTime": {
      "date": {
        "year": 2019,
        "month": 10,
        "day": 16
      },
      "time": {
        "hour": 9,
        "minute": 54,
        "second": 53,
        "nano": 0
      }
    },
    "citySender": "Луцьк",
    "cityRecipient": "Полтава"
  },
  {
    "number": 59000455238626,
    "dateTime": {
      "date": {
        "year": 2019,
        "month": 10,
        "day": 16
      },
      "time": {
        "hour": 9,
        "minute": 56,
        "second": 58,
        "nano": 0
      }
    },
    "citySender": "Подільськ",
    "cityRecipient": "Одеса"
  },
  {
    "number": 59000455238627,
    "dateTime": {
      "date": {
        "year": 2019,
        "month": 10,
        "day": 16
      },
      "time": {
        "hour": 9,
        "minute": 58,
        "second": 1,
        "nano": 0
      }
    },
    "citySender": "Бершадь",
    "cityRecipient": "Миколаїв"
  },
  {
    "number": 59000455238629,
    "dateTime": {
      "date": {
        "year": 2019,
        "month": 10,
        "day": 16
      },
      "time": {
        "hour": 9,
        "minute": 54,
        "second": 14,
        "nano": 0
      }
    },
    "citySender": "Зноб-Новгородське",
    "cityRecipient": "Харків"
  },
  {
    "number": 59000455238630,
    "dateTime": {
      "date": {
        "year": 2019,
        "month": 10,
        "day": 16
      },
      "time": {
        "hour": 9,
        "minute": 58,
        "second": 4,
        "nano": 0
      }
    },
    "citySender": "Пирятин",
    "cityRecipient": "Полтава"
  },
  {
    "number": 59000455238631,
    "dateTime": {
      "date": {
        "year": 2019,
        "month": 10,
        "day": 16
      },
      "time": {
        "hour": 9,
        "minute": 57,
        "second": 29,
        "nano": 0
      }
    },
    "citySender": "Деражня",
    "cityRecipient": "Житомир"
  },
  {
    "number": 59000455238632,
    "dateTime": {
      "date": {
        "year": 2019,
        "month": 10,
        "day": 16
      },
      "time": {
        "hour": 9,
        "minute": 57,
        "second": 58,
        "nano": 0
      }
    },
    "citySender": "Тростянець (Вінницька обл.)",
    "cityRecipient": "Глеваха"
  },
  {
    "number": 59000455238634,
    "dateTime": {
      "date": {
        "year": 2019,
        "month": 10,
        "day": 16
      },
      "time": {
        "hour": 9,
        "minute": 57,
        "second": 53,
        "nano": 0
      }
    },
    "citySender": "Одеса",
    "cityRecipient": "Одеса"
  },
  {
    "number": 59000455238635,
    "dateTime": {
      "date": {
        "year": 2019,
        "month": 10,
        "day": 16
      },
      "time": {
        "hour": 9,
        "minute": 57,
        "second": 46,
        "nano": 0
      }
    },
    "citySender": "Рені",
    "cityRecipient": "Харків"
  },
  {
    "number": 59000455238637,
    "dateTime": {
      "date": {
        "year": 2019,
        "month": 10,
        "day": 16
      },
      "time": {
        "hour": 9,
        "minute": 57,
        "second": 53,
        "nano": 0
      }
    },
    "citySender": "Ізмаїл",
    "cityRecipient": "Харків"
  },
  {
    "number": 59000455238638,
    "dateTime": {
      "date": {
        "year": 2019,
        "month": 10,
        "day": 16
      },
      "time": {
        "hour": 9,
        "minute": 57,
        "second": 29,
        "nano": 0
      }
    },
    "citySender": "Заболотів (Снятинський р-н)",
    "cityRecipient": "Чернівці"
  },
  {
    "number": 59000455238639,
    "dateTime": {
      "date": {
        "year": 2019,
        "month": 10,
        "day": 16
      },
      "time": {
        "hour": 9,
        "minute": 58,
        "second": 3,
        "nano": 0
      }
    },
    "citySender": "Київ",
    "cityRecipient": "Київ"
  },
  {
    "number": 59000455238640,
    "dateTime": {
      "date": {
        "year": 2019,
        "month": 10,
        "day": 16
      },
      "time": {
        "hour": 9,
        "minute": 57,
        "second": 32,
        "nano": 0
      }
    },
    "citySender": "Харків",
    "cityRecipient": "Київ"
  },
  {
    "number": 59000455238641,
    "dateTime": {
      "date": {
        "year": 2019,
        "month": 10,
        "day": 16
      },
      "time": {
        "hour": 9,
        "minute": 58,
        "second": 7,
        "nano": 0
      }
    },
    "citySender": "Буча",
    "cityRecipient": "Біла Церква"
  },
  {
    "number": 59000455238642,
    "dateTime": {
      "date": {
        "year": 2019,
        "month": 10,
        "day": 16
      },
      "time": {
        "hour": 9,
        "minute": 57,
        "second": 59,
        "nano": 0
      }
    },
    "citySender": "Сарни",
    "cityRecipient": "Дубровиця (Рівненська обл.)"
  },
  {
    "number": 59000455238643,
    "dateTime": {
      "date": {
        "year": 2019,
        "month": 10,
        "day": 16
      },
      "time": {
        "hour": 9,
        "minute": 58,
        "second": 0,
        "nano": 0
      }
    },
    "citySender": "Коломия",
    "cityRecipient": "Ірпінь"
  },
  {
    "number": 59000455238644,
    "dateTime": {
      "date": {
        "year": 2019,
        "month": 10,
        "day": 16
      },
      "time": {
        "hour": 9,
        "minute": 57,
        "second": 47,
        "nano": 0
      }
    },
    "citySender": "Борислав (Львівська обл.)",
    "cityRecipient": "Глухів (Сумська обл.)"
  },
  {
    "number": 59000455238645,
    "dateTime": {
      "date": {
        "year": 2019,
        "month": 10,
        "day": 16
      },
      "time": {
        "hour": 9,
        "minute": 57,
        "second": 46,
        "nano": 0
      }
    },
    "citySender": "Оріхів",
    "cityRecipient": "Запоріжжя"
  },
  {
    "number": 59000455238646,
    "dateTime": {
      "date": {
        "year": 2019,
        "month": 10,
        "day": 16
      },
      "time": {
        "hour": 9,
        "minute": 54,
        "second": 45,
        "nano": 0
      }
    },
    "citySender": "Свалява",
    "cityRecipient": "Кременчук"
  },
  {
    "number": 59000455238647,
    "dateTime": {
      "date": {
        "year": 2019,
        "month": 10,
        "day": 16
      },
      "time": {
        "hour": 9,
        "minute": 57,
        "second": 43,
        "nano": 0
      }
    },
    "citySender": "Дніпро",
    "cityRecipient": "Львів"
  },
  {
    "number": 59000455238648,
    "dateTime": {
      "date": {
        "year": 2019,
        "month": 10,
        "day": 16
      },
      "time": {
        "hour": 9,
        "minute": 58,
        "second": 7,
        "nano": 0
      }
    },
    "citySender": "Червоноград (Львівська обл.)",
    "cityRecipient": "Кривий Ріг"
  },
  {
    "number": 59000455238649,
    "dateTime": {
      "date": {
        "year": 2019,
        "month": 10,
        "day": 16
      },
      "time": {
        "hour": 9,
        "minute": 58,
        "second": 9,
        "nano": 0
      }
    },
    "citySender": "Харків",
    "cityRecipient": "Київ"
  },
  {
    "number": 59000455238650,
    "dateTime": {
      "date": {
        "year": 2019,
        "month": 10,
        "day": 16
      },
      "time": {
        "hour": 9,
        "minute": 58,
        "second": 9,
        "nano": 0
      }
    },
    "citySender": "Біла Церква",
    "cityRecipient": "Київ"
  },
  {
    "number": 59000455238651,
    "dateTime": {
      "date": {
        "year": 2019,
        "month": 10,
        "day": 16
      },
      "time": {
        "hour": 9,
        "minute": 57,
        "second": 51,
        "nano": 0
      }
    },
    "citySender": "Шепетівка",
    "cityRecipient": "Миколаїв"
  },
  {
    "number": 59000455238652,
    "dateTime": {
      "date": {
        "year": 2019,
        "month": 10,
        "day": 16
      },
      "time": {
        "hour": 9,
        "minute": 57,
        "second": 34,
        "nano": 0
      }
    },
    "citySender": "Павлоград",
    "cityRecipient": "Львів"
  },
  {
    "number": 59000455238653,
    "dateTime": {
      "date": {
        "year": 2019,
        "month": 10,
        "day": 16
      },
      "time": {
        "hour": 9,
        "minute": 58,
        "second": 4,
        "nano": 0
      }
    },
    "citySender": "Жмеринка",
    "cityRecipient": "Вінниця"
  },
  {
    "number": 59000455238654,
    "dateTime": {
      "date": {
        "year": 2019,
        "month": 10,
        "day": 16
      },
      "time": {
        "hour": 9,
        "minute": 57,
        "second": 45,
        "nano": 0
      }
    },
    "citySender": "Мена",
    "cityRecipient": "Бровари"
  },
  {
    "number": 59000455238656,
    "dateTime": {
      "date": {
        "year": 2019,
        "month": 10,
        "day": 16
      },
      "time": {
        "hour": 9,
        "minute": 57,
        "second": 45,
        "nano": 0
      }
    },
    "citySender": "Генічеськ",
    "cityRecipient": "Полтава"
  },
  {
    "number": 59000455238657,
    "dateTime": {
      "date": {
        "year": 2019,
        "month": 10,
        "day": 16
      },
      "time": {
        "hour": 9,
        "minute": 57,
        "second": 28,
        "nano": 0
      }
    },
    "citySender": "Хмельницький",
    "cityRecipient": "Вінниця"
  },
  {
    "number": 59000455238658,
    "dateTime": {
      "date": {
        "year": 2019,
        "month": 10,
        "day": 16
      },
      "time": {
        "hour": 9,
        "minute": 57,
        "second": 30,
        "nano": 0
      }
    },
    "citySender": "Волноваха",
    "cityRecipient": "Краматорськ"
  },
  {
    "number": 59000455238659,
    "dateTime": {
      "date": {
        "year": 2019,
        "month": 10,
        "day": 16
      },
      "time": {
        "hour": 9,
        "minute": 57,
        "second": 57,
        "nano": 0
      }
    },
    "citySender": "Київ",
    "cityRecipient": "Суми"
  },
  {
    "number": 59000455238660,
    "dateTime": {
      "date": {
        "year": 2019,
        "month": 10,
        "day": 16
      },
      "time": {
        "hour": 9,
        "minute": 57,
        "second": 50,
        "nano": 0
      }
    },
    "citySender": "Петрівка (Чутівський р-н.)",
    "cityRecipient": "Нові Санжари"
  },
  {
    "number": 59000455238661,
    "dateTime": {
      "date": {
        "year": 2019,
        "month": 10,
        "day": 16
      },
      "time": {
        "hour": 9,
        "minute": 57,
        "second": 42,
        "nano": 0
      }
    },
    "citySender": "Буринь",
    "cityRecipient": "Кам\u0027янське(Дніпропетровська обл)"
  },
  {
    "number": 59000455238662,
    "dateTime": {
      "date": {
        "year": 2019,
        "month": 10,
        "day": 16
      },
      "time": {
        "hour": 9,
        "minute": 58,
        "second": 1,
        "nano": 0
      }
    },
    "citySender": "Житомир",
    "cityRecipient": "Олевськ"
  },
  {
    "number": 59000455238663,
    "dateTime": {
      "date": {
        "year": 2019,
        "month": 10,
        "day": 16
      },
      "time": {
        "hour": 9,
        "minute": 57,
        "second": 50,
        "nano": 0
      }
    },
    "citySender": "Запоріжжя",
    "cityRecipient": "Боярка"
  },
  {
    "number": 59000455238664,
    "dateTime": {
      "date": {
        "year": 2019,
        "month": 10,
        "day": 16
      },
      "time": {
        "hour": 9,
        "minute": 57,
        "second": 35,
        "nano": 0
      }
    },
    "citySender": "Немирів (Вінницька обл.)",
    "cityRecipient": "Погребище"
  },
  {
    "number": 59000455238665,
    "dateTime": {
      "date": {
        "year": 2019,
        "month": 10,
        "day": 16
      },
      "time": {
        "hour": 9,
        "minute": 57,
        "second": 53,
        "nano": 0
      }
    },
    "citySender": "Костопіль",
    "cityRecipient": "Хмельницький"
  },
  {
    "number": 59000455238666,
    "dateTime": {
      "date": {
        "year": 2019,
        "month": 10,
        "day": 16
      },
      "time": {
        "hour": 9,
        "minute": 57,
        "second": 42,
        "nano": 0
      }
    },
    "citySender": "Дніпро",
    "cityRecipient": "Жовті Води"
  },
  {
    "number": 59000455238667,
    "dateTime": {
      "date": {
        "year": 2019,
        "month": 10,
        "day": 16
      },
      "time": {
        "hour": 9,
        "minute": 58,
        "second": 8,
        "nano": 0
      }
    },
    "citySender": "Київ",
    "cityRecipient": "Вінниця"
  },
  {
    "number": 59000455238668,
    "dateTime": {
      "date": {
        "year": 2019,
        "month": 10,
        "day": 16
      },
      "time": {
        "hour": 9,
        "minute": 58,
        "second": 13,
        "nano": 0
      }
    },
    "citySender": "Золотоноша",
    "cityRecipient": "Черкаси"
  },
  {
    "number": 59000455238669,
    "dateTime": {
      "date": {
        "year": 2019,
        "month": 10,
        "day": 16
      },
      "time": {
        "hour": 9,
        "minute": 54,
        "second": 26,
        "nano": 0
      }
    },
    "citySender": "Луцьк",
    "cityRecipient": "Івано-Франківськ"
  },
  {
    "number": 59000455238670,
    "dateTime": {
      "date": {
        "year": 2019,
        "month": 10,
        "day": 16
      },
      "time": {
        "hour": 9,
        "minute": 58,
        "second": 6,
        "nano": 0
      }
    },
    "citySender": "Пісочин",
    "cityRecipient": "Київ"
  },
  {
    "number": 59000455238671,
    "dateTime": {
      "date": {
        "year": 2019,
        "month": 10,
        "day": 16
      },
      "time": {
        "hour": 9,
        "minute": 58,
        "second": 1,
        "nano": 0
      }
    },
    "citySender": "Дніпро",
    "cityRecipient": "Охтирка"
  },
  {
    "number": 59000455238672,
    "dateTime": {
      "date": {
        "year": 2019,
        "month": 10,
        "day": 16
      },
      "time": {
        "hour": 9,
        "minute": 58,
        "second": 5,
        "nano": 0
      }
    },
    "citySender": "Ірпінь",
    "cityRecipient": "Київ"
  },
  {
    "number": 59000455238673,
    "dateTime": {
      "date": {
        "year": 2019,
        "month": 10,
        "day": 16
      },
      "time": {
        "hour": 9,
        "minute": 58,
        "second": 14,
        "nano": 0
      }
    },
    "citySender": "Пустомити",
    "cityRecipient": "Київ"
  },
  {
    "number": 59000455238674,
    "dateTime": {
      "date": {
        "year": 2019,
        "month": 10,
        "day": 16
      },
      "time": {
        "hour": 9,
        "minute": 56,
        "second": 52,
        "nano": 0
      }
    },
    "citySender": "Рубіжне",
    "cityRecipient": "Соледар"
  },
  {
    "number": 59000455238675,
    "dateTime": {
      "date": {
        "year": 2019,
        "month": 10,
        "day": 16
      },
      "time": {
        "hour": 9,
        "minute": 58,
        "second": 1,
        "nano": 0
      }
    },
    "citySender": "Київ",
    "cityRecipient": "Запоріжжя"
  },
  {
    "number": 59000455238676,
    "dateTime": {
      "date": {
        "year": 2019,
        "month": 10,
        "day": 16
      },
      "time": {
        "hour": 9,
        "minute": 58,
        "second": 14,
        "nano": 0
      }
    },
    "citySender": "Котельва",
    "cityRecipient": "Київ"
  },
  {
    "number": 59000455238677,
    "dateTime": {
      "date": {
        "year": 2019,
        "month": 10,
        "day": 16
      },
      "time": {
        "hour": 9,
        "minute": 57,
        "second": 49,
        "nano": 0
      }
    },
    "citySender": "Луків",
    "cityRecipient": "Вознесенка"
  },
  {
    "number": 59000455238678,
    "dateTime": {
      "date": {
        "year": 2019,
        "month": 10,
        "day": 16
      },
      "time": {
        "hour": 9,
        "minute": 57,
        "second": 36,
        "nano": 0
      }
    },
    "citySender": "Миколаїв",
    "cityRecipient": "Херсон"
  },
  {
    "number": 59000455238680,
    "dateTime": {
      "date": {
        "year": 2019,
        "month": 10,
        "day": 16
      },
      "time": {
        "hour": 9,
        "minute": 58,
        "second": 16,
        "nano": 0
      }
    },
    "citySender": "Конотоп",
    "cityRecipient": "Київ"
  },
  {
    "number": 59000455238681,
    "dateTime": {
      "date": {
        "year": 2019,
        "month": 10,
        "day": 16
      },
      "time": {
        "hour": 9,
        "minute": 58,
        "second": 5,
        "nano": 0
      }
    },
    "citySender": "Харків",
    "cityRecipient": "Коломак"
  },
  {
    "number": 59000455238682,
    "dateTime": {
      "date": {
        "year": 2019,
        "month": 10,
        "day": 16
      },
      "time": {
        "hour": 9,
        "minute": 57,
        "second": 41,
        "nano": 0
      }
    },
    "citySender": "Нікополь (Дніпропетровська обл.)",
    "cityRecipient": "Оріхів"
  },
  {
    "number": 59000455238683,
    "dateTime": {
      "date": {
        "year": 2019,
        "month": 10,
        "day": 16
      },
      "time": {
        "hour": 9,
        "minute": 58,
        "second": 16,
        "nano": 0
      }
    },
    "citySender": "Війтівці (Хмельницька обл.)",
    "cityRecipient": "Летичів"
  },
  {
    "number": 59000455238684,
    "dateTime": {
      "date": {
        "year": 2019,
        "month": 10,
        "day": 16
      },
      "time": {
        "hour": 9,
        "minute": 57,
        "second": 56,
        "nano": 0
      }
    },
    "citySender": "Сарата",
    "cityRecipient": "Любашівка"
  },
  {
    "number": 59000455238685,
    "dateTime": {
      "date": {
        "year": 2019,
        "month": 10,
        "day": 16
      },
      "time": {
        "hour": 9,
        "minute": 58,
        "second": 17,
        "nano": 0
      }
    },
    "citySender": "Дубровиця (Рівненська обл.)",
    "cityRecipient": "Рівне"
  },
  {
    "number": 59000455238686,
    "dateTime": {
      "date": {
        "year": 2019,
        "month": 10,
        "day": 16
      },
      "time": {
        "hour": 9,
        "minute": 57,
        "second": 50,
        "nano": 0
      }
    },
    "citySender": "Розівка",
    "cityRecipient": "Харків"
  },
  {
    "number": 59000455238687,
    "dateTime": {
      "date": {
        "year": 2019,
        "month": 10,
        "day": 16
      },
      "time": {
        "hour": 9,
        "minute": 58,
        "second": 17,
        "nano": 0
      }
    },
    "citySender": "Київ",
    "cityRecipient": "Запоріжжя"
  },
  {
    "number": 59000455238688,
    "dateTime": {
      "date": {
        "year": 2019,
        "month": 10,
        "day": 16
      },
      "time": {
        "hour": 9,
        "minute": 57,
        "second": 57,
        "nano": 0
      }
    },
    "citySender": "Ковель",
    "cityRecipient": "Зарічне(Рівненська обл.)"
  },
  {
    "number": 59000455238689,
    "dateTime": {
      "date": {
        "year": 2019,
        "month": 10,
        "day": 16
      },
      "time": {
        "hour": 9,
        "minute": 56,
        "second": 46,
        "nano": 0
      }
    },
    "citySender": "Кременчук",
    "cityRecipient": "Миргород"
  },
  {
    "number": 59000455238690,
    "dateTime": {
      "date": {
        "year": 2019,
        "month": 10,
        "day": 16
      },
      "time": {
        "hour": 9,
        "minute": 58,
        "second": 6,
        "nano": 0
      }
    },
    "citySender": "Бровари",
    "cityRecipient": "Київ"
  },
  {
    "number": 59000455238691,
    "dateTime": {
      "date": {
        "year": 2019,
        "month": 10,
        "day": 16
      },
      "time": {
        "hour": 9,
        "minute": 58,
        "second": 18,
        "nano": 0
      }
    },
    "citySender": "Київ",
    "cityRecipient": "Харків"
  },
  {
    "number": 59000455238692,
    "dateTime": {
      "date": {
        "year": 2019,
        "month": 10,
        "day": 16
      },
      "time": {
        "hour": 9,
        "minute": 57,
        "second": 27,
        "nano": 0
      }
    },
    "citySender": "Біляївка",
    "cityRecipient": "Київ"
  },
  {
    "number": 59000455238693,
    "dateTime": {
      "date": {
        "year": 2019,
        "month": 10,
        "day": 16
      },
      "time": {
        "hour": 9,
        "minute": 57,
        "second": 59,
        "nano": 0
      }
    },
    "citySender": "Дніпро",
    "cityRecipient": "Київ"
  },
  {
    "number": 59000455238694,
    "dateTime": {
      "date": {
        "year": 2019,
        "month": 10,
        "day": 16
      },
      "time": {
        "hour": 9,
        "minute": 57,
        "second": 39,
        "nano": 0
      }
    },
    "citySender": "Львів",
    "cityRecipient": "Львів"
  },
  {
    "number": 59000455238695,
    "dateTime": {
      "date": {
        "year": 2019,
        "month": 10,
        "day": 16
      },
      "time": {
        "hour": 9,
        "minute": 58,
        "second": 15,
        "nano": 0
      }
    },
    "citySender": "Харків",
    "cityRecipient": "Путивль"
  }
]