[
  {
    "number": 59000455243993,
    "dateTime": {
      "date": {
        "year": 2019,
        "month": 10,
        "day": 16
      },
      "time": {
        "hour": 10,
        "minute": 14,
        "second": 11,
        "nano": 0
      }
    },
    "citySender": "Біловодськ",
    "cityRecipient": "Харків"
  },
  {
    "number": 59000455243994,
    "dateTime": {
      "date": {
        "year": 2019,
        "month": 10,
        "day": 16
      },
      "time": {
        "hour": 10,
        "minute": 14,
        "second": 15,
        "nano": 0
      }
    },
    "citySender": "Мукачево",
    "cityRecipient": "Ужгород"
  },
  {
    "number": 59000455243996,
    "dateTime": {
      "date": {
        "year": 2019,
        "month": 10,
        "day": 16
      },
      "time": {
        "hour": 10,
        "minute": 14,
        "second": 10,
        "nano": 0
      }
    },
    "citySender": "Солоне",
    "cityRecipient": "Харків"
  },
  {
    "number": 59000455243997,
    "dateTime": {
      "date": {
        "year": 2019,
        "month": 10,
        "day": 16
      },
      "time": {
        "hour": 10,
        "minute": 14,
        "second": 25,
        "nano": 0
      }
    },
    "citySender": "Одеса",
    "cityRecipient": "Хмельницький"
  },
  {
    "number": 59000455243998,
    "dateTime": {
      "date": {
        "year": 2019,
        "month": 10,
        "day": 16
      },
      "time": {
        "hour": 10,
        "minute": 13,
        "second": 42,
        "nano": 0
      }
    },
    "citySender": "Сміла",
    "cityRecipient": "Новомиргород"
  },
  {
    "number": 59000455243999,
    "dateTime": {
      "date": {
        "year": 2019,
        "month": 10,
        "day": 16
      },
      "time": {
        "hour": 10,
        "minute": 13,
        "second": 28,
        "nano": 0
      }
    },
    "citySender": "Ужгород",
    "cityRecipient": "Новоайдар"
  },
  {
    "number": 59000455244000,
    "dateTime": {
      "date": {
        "year": 2019,
        "month": 10,
        "day": 16
      },
      "time": {
        "hour": 10,
        "minute": 14,
        "second": 25,
        "nano": 0
      }
    },
    "citySender": "Диканька",
    "cityRecipient": "Львів"
  },
  {
    "number": 59000455244001,
    "dateTime": {
      "date": {
        "year": 2019,
        "month": 10,
        "day": 16
      },
      "time": {
        "hour": 10,
        "minute": 14,
        "second": 4,
        "nano": 0
      }
    },
    "citySender": "Харків",
    "cityRecipient": "Київ"
  },
  {
    "number": 59000455244002,
    "dateTime": {
      "date": {
        "year": 2019,
        "month": 10,
        "day": 16
      },
      "time": {
        "hour": 10,
        "minute": 13,
        "second": 58,
        "nano": 0
      }
    },
    "citySender": "Сміла",
    "cityRecipient": "Ірпінь"
  },
  {
    "number": 59000455244003,
    "dateTime": {
      "date": {
        "year": 2019,
        "month": 10,
        "day": 16
      },
      "time": {
        "hour": 10,
        "minute": 13,
        "second": 55,
        "nano": 0
      }
    },
    "citySender": "Мелітополь",
    "cityRecipient": "Київ"
  },
  {
    "number": 59000455244004,
    "dateTime": {
      "date": {
        "year": 2019,
        "month": 10,
        "day": 16
      },
      "time": {
        "hour": 10,
        "minute": 13,
        "second": 52,
        "nano": 0
      }
    },
    "citySender": "Дніпро",
    "cityRecipient": "Рівне"
  },
  {
    "number": 59000455244005,
    "dateTime": {
      "date": {
        "year": 2019,
        "month": 10,
        "day": 16
      },
      "time": {
        "hour": 10,
        "minute": 14,
        "second": 27,
        "nano": 0
      }
    },
    "citySender": "Золочів(Харківська обл.)",
    "cityRecipient": "Рогатин"
  },
  {
    "number": 59000455244006,
    "dateTime": {
      "date": {
        "year": 2019,
        "month": 10,
        "day": 16
      },
      "time": {
        "hour": 10,
        "minute": 14,
        "second": 17,
        "nano": 0
      }
    },
    "citySender": "Хмельницький",
    "cityRecipient": "Дрогобич"
  },
  {
    "number": 59000455244007,
    "dateTime": {
      "date": {
        "year": 2019,
        "month": 10,
        "day": 16
      },
      "time": {
        "hour": 10,
        "minute": 14,
        "second": 13,
        "nano": 0
      }
    },
    "citySender": "Чернівці",
    "cityRecipient": "Березне"
  },
  {
    "number": 59000455244008,
    "dateTime": {
      "date": {
        "year": 2019,
        "month": 10,
        "day": 16
      },
      "time": {
        "hour": 10,
        "minute": 14,
        "second": 13,
        "nano": 0
      }
    },
    "citySender": "Житомир",
    "cityRecipient": "Харків"
  },
  {
    "number": 59000455244011,
    "dateTime": {
      "date": {
        "year": 2019,
        "month": 10,
        "day": 16
      },
      "time": {
        "hour": 10,
        "minute": 14,
        "second": 13,
        "nano": 0
      }
    },
    "citySender": "Маневичі",
    "cityRecipient": "Овідіополь"
  },
  {
    "number": 59000455244012,
    "dateTime": {
      "date": {
        "year": 2019,
        "month": 10,
        "day": 16
      },
      "time": {
        "hour": 10,
        "minute": 12,
        "second": 58,
        "nano": 0
      }
    },
    "citySender": "Житомир",
    "cityRecipient": "Одеса"
  },
  {
    "number": 59000455244013,
    "dateTime": {
      "date": {
        "year": 2019,
        "month": 10,
        "day": 16
      },
      "time": {
        "hour": 10,
        "minute": 12,
        "second": 46,
        "nano": 0
      }
    },
    "citySender": "Верховина",
    "cityRecipient": "Тернопіль"
  },
  {
    "number": 59000455244014,
    "dateTime": {
      "date": {
        "year": 2019,
        "month": 10,
        "day": 16
      },
      "time": {
        "hour": 10,
        "minute": 14,
        "second": 7,
        "nano": 0
      }
    },
    "citySender": "Розівка (Розівський р-н)",
    "cityRecipient": "Маріуполь"
  },
  {
    "number": 59000455244015,
    "dateTime": {
      "date": {
        "year": 2019,
        "month": 10,
        "day": 16
      },
      "time": {
        "hour": 10,
        "minute": 13,
        "second": 51,
        "nano": 0
      }
    },
    "citySender": "Корсунь-Шевченківський",
    "cityRecipient": "Київ"
  },
  {
    "number": 59000455244016,
    "dateTime": {
      "date": {
        "year": 2019,
        "month": 10,
        "day": 16
      },
      "time": {
        "hour": 10,
        "minute": 14,
        "second": 2,
        "nano": 0
      }
    },
    "citySender": "Львів",
    "cityRecipient": "Гайсин"
  },
  {
    "number": 59000455244017,
    "dateTime": {
      "date": {
        "year": 2019,
        "month": 10,
        "day": 16
      },
      "time": {
        "hour": 10,
        "minute": 14,
        "second": 19,
        "nano": 0
      }
    },
    "citySender": "Дрогобич",
    "cityRecipient": "Харків"
  },
  {
    "number": 59000455244018,
    "dateTime": {
      "date": {
        "year": 2019,
        "month": 10,
        "day": 16
      },
      "time": {
        "hour": 10,
        "minute": 13,
        "second": 17,
        "nano": 0
      }
    },
    "citySender": "Решетилівка",
    "cityRecipient": "Київ"
  },
  {
    "number": 59000455244019,
    "dateTime": {
      "date": {
        "year": 2019,
        "month": 10,
        "day": 16
      },
      "time": {
        "hour": 10,
        "minute": 14,
        "second": 29,
        "nano": 0
      }
    },
    "citySender": "Дніпро",
    "cityRecipient": "Київ"
  },
  {
    "number": 59000455244020,
    "dateTime": {
      "date": {
        "year": 2019,
        "month": 10,
        "day": 16
      },
      "time": {
        "hour": 10,
        "minute": 12,
        "second": 59,
        "nano": 0
      }
    },
    "citySender": "Крижопіль",
    "cityRecipient": "Кропивницький"
  },
  {
    "number": 59000455244021,
    "dateTime": {
      "date": {
        "year": 2019,
        "month": 10,
        "day": 16
      },
      "time": {
        "hour": 10,
        "minute": 14,
        "second": 8,
        "nano": 0
      }
    },
    "citySender": "Харків",
    "cityRecipient": "Київ"
  },
  {
    "number": 59000455244022,
    "dateTime": {
      "date": {
        "year": 2019,
        "month": 10,
        "day": 16
      },
      "time": {
        "hour": 10,
        "minute": 13,
        "second": 31,
        "nano": 0
      }
    },
    "citySender": "Херсон",
    "cityRecipient": "Херсон"
  },
  {
    "number": 59000455244023,
    "dateTime": {
      "date": {
        "year": 2019,
        "month": 10,
        "day": 16
      },
      "time": {
        "hour": 10,
        "minute": 14,
        "second": 21,
        "nano": 0
      }
    },
    "citySender": "Дніпро",
    "cityRecipient": "Кривий Ріг"
  },
  {
    "number": 59000455244024,
    "dateTime": {
      "date": {
        "year": 2019,
        "month": 10,
        "day": 16
      },
      "time": {
        "hour": 10,
        "minute": 14,
        "second": 19,
        "nano": 0
      }
    },
    "citySender": "Ланчин",
    "cityRecipient": "Київ"
  },
  {
    "number": 59000455244025,
    "dateTime": {
      "date": {
        "year": 2019,
        "month": 10,
        "day": 16
      },
      "time": {
        "hour": 10,
        "minute": 14,
        "second": 5,
        "nano": 0
      }
    },
    "citySender": "Світловодськ",
    "cityRecipient": "Київ"
  },
  {
    "number": 59000455244026,
    "dateTime": {
      "date": {
        "year": 2019,
        "month": 10,
        "day": 16
      },
      "time": {
        "hour": 10,
        "minute": 14,
        "second": 9,
        "nano": 0
      }
    },
    "citySender": "Нововолинськ",
    "cityRecipient": "Маріуполь"
  },
  {
    "number": 59000455244027,
    "dateTime": {
      "date": {
        "year": 2019,
        "month": 10,
        "day": 16
      },
      "time": {
        "hour": 10,
        "minute": 14,
        "second": 30,
        "nano": 0
      }
    },
    "citySender": "Кропивницький",
    "cityRecipient": "Лиман(Донецька обл)"
  },
  {
    "number": 59000455244028,
    "dateTime": {
      "date": {
        "year": 2019,
        "month": 10,
        "day": 16
      },
      "time": {
        "hour": 10,
        "minute": 14,
        "second": 2,
        "nano": 0
      }
    },
    "citySender": "Пирятин",
    "cityRecipient": "Обухів"
  },
  {
    "number": 59000455244029,
    "dateTime": {
      "date": {
        "year": 2019,
        "month": 10,
        "day": 16
      },
      "time": {
        "hour": 10,
        "minute": 13,
        "second": 58,
        "nano": 0
      }
    },
    "citySender": "Кам\u0027янське(Дніпропетровська обл)",
    "cityRecipient": "Кривий Ріг"
  },
  {
    "number": 59000455244030,
    "dateTime": {
      "date": {
        "year": 2019,
        "month": 10,
        "day": 16
      },
      "time": {
        "hour": 10,
        "minute": 13,
        "second": 52,
        "nano": 0
      }
    },
    "citySender": "Тячів",
    "cityRecipient": "Львів"
  },
  {
    "number": 59000455244031,
    "dateTime": {
      "date": {
        "year": 2019,
        "month": 10,
        "day": 16
      },
      "time": {
        "hour": 10,
        "minute": 13,
        "second": 21,
        "nano": 0
      }
    },
    "citySender": "Київ",
    "cityRecipient": "Тухля"
  },
  {
    "number": 59000455244032,
    "dateTime": {
      "date": {
        "year": 2019,
        "month": 10,
        "day": 16
      },
      "time": {
        "hour": 10,
        "minute": 14,
        "second": 29,
        "nano": 0
      }
    },
    "citySender": "Одеса",
    "cityRecipient": "Калуш"
  },
  {
    "number": 59000455244033,
    "dateTime": {
      "date": {
        "year": 2019,
        "month": 10,
        "day": 16
      },
      "time": {
        "hour": 10,
        "minute": 13,
        "second": 49,
        "nano": 0
      }
    },
    "citySender": "Опитне (Бахмутський р-н)",
    "cityRecipient": "Маріуполь"
  },
  {
    "number": 59000455244034,
    "dateTime": {
      "date": {
        "year": 2019,
        "month": 10,
        "day": 16
      },
      "time": {
        "hour": 10,
        "minute": 14,
        "second": 30,
        "nano": 0
      }
    },
    "citySender": "Фонтанка",
    "cityRecipient": "Харків"
  },
  {
    "number": 59000455244035,
    "dateTime": {
      "date": {
        "year": 2019,
        "month": 10,
        "day": 16
      },
      "time": {
        "hour": 10,
        "minute": 14,
        "second": 21,
        "nano": 0
      }
    },
    "citySender": "Вінниця",
    "cityRecipient": "Київ"
  },
  {
    "number": 59000455244036,
    "dateTime": {
      "date": {
        "year": 2019,
        "month": 10,
        "day": 16
      },
      "time": {
        "hour": 10,
        "minute": 14,
        "second": 31,
        "nano": 0
      }
    },
    "citySender": "Київ",
    "cityRecipient": "Харків"
  },
  {
    "number": 59000455244037,
    "dateTime": {
      "date": {
        "year": 2019,
        "month": 10,
        "day": 16
      },
      "time": {
        "hour": 10,
        "minute": 13,
        "second": 21,
        "nano": 0
      }
    },
    "citySender": "Баштанка",
    "cityRecipient": "Первомайськ(Микол.обл.Первомайс.р-н)"
  },
  {
    "number": 59000455244038,
    "dateTime": {
      "date": {
        "year": 2019,
        "month": 10,
        "day": 16
      },
      "time": {
        "hour": 10,
        "minute": 14,
        "second": 23,
        "nano": 0
      }
    },
    "citySender": "Яворів",
    "cityRecipient": "Ковель"
  },
  {
    "number": 59000455244039,
    "dateTime": {
      "date": {
        "year": 2019,
        "month": 10,
        "day": 16
      },
      "time": {
        "hour": 10,
        "minute": 14,
        "second": 24,
        "nano": 0
      }
    },
    "citySender": "Київ",
    "cityRecipient": "Київ"
  },
  {
    "number": 59000455244040,
    "dateTime": {
      "date": {
        "year": 2019,
        "month": 10,
        "day": 16
      },
      "time": {
        "hour": 10,
        "minute": 14,
        "second": 27,
        "nano": 0
      }
    },
    "citySender": "Тростянець (Сумська обл.)",
    "cityRecipient": "Пісочин"
  },
  {
    "number": 59000455244041,
    "dateTime": {
      "date": {
        "year": 2019,
        "month": 10,
        "day": 16
      },
      "time": {
        "hour": 10,
        "minute": 14,
        "second": 23,
        "nano": 0
      }
    },
    "citySender": "Харків",
    "cityRecipient": "Київ"
  },
  {
    "number": 59000455244042,
    "dateTime": {
      "date": {
        "year": 2019,
        "month": 10,
        "day": 16
      },
      "time": {
        "hour": 10,
        "minute": 14,
        "second": 21,
        "nano": 0
      }
    },
    "citySender": "Кременчук",
    "cityRecipient": "Київ"
  },
  {
    "number": 59000455244043,
    "dateTime": {
      "date": {
        "year": 2019,
        "month": 10,
        "day": 16
      },
      "time": {
        "hour": 10,
        "minute": 14,
        "second": 28,
        "nano": 0
      }
    },
    "citySender": "Миколаїв",
    "cityRecipient": "Чернігів"
  },
  {
    "number": 59000455244044,
    "dateTime": {
      "date": {
        "year": 2019,
        "month": 10,
        "day": 16
      },
      "time": {
        "hour": 10,
        "minute": 14,
        "second": 9,
        "nano": 0
      }
    },
    "citySender": "Нікополь (Дніпропетровська обл.)",
    "cityRecipient": "Запоріжжя"
  },
  {
    "number": 59000455244046,
    "dateTime": {
      "date": {
        "year": 2019,
        "month": 10,
        "day": 16
      },
      "time": {
        "hour": 10,
        "minute": 13,
        "second": 47,
        "nano": 0
      }
    },
    "citySender": "Заставна",
    "cityRecipient": "Чернівці"
  },
  {
    "number": 59000455244047,
    "dateTime": {
      "date": {
        "year": 2019,
        "month": 10,
        "day": 16
      },
      "time": {
        "hour": 10,
        "minute": 14,
        "second": 12,
        "nano": 0
      }
    },
    "citySender": "Кропивницький",
    "cityRecipient": "Одеса"
  },
  {
    "number": 59000455244048,
    "dateTime": {
      "date": {
        "year": 2019,
        "month": 10,
        "day": 16
      },
      "time": {
        "hour": 10,
        "minute": 14,
        "second": 31,
        "nano": 0
      }
    },
    "citySender": "Рава-Руська",
    "cityRecipient": "Бар"
  },
  {
    "number": 59000455244049,
    "dateTime": {
      "date": {
        "year": 2019,
        "month": 10,
        "day": 16
      },
      "time": {
        "hour": 10,
        "minute": 13,
        "second": 45,
        "nano": 0
      }
    },
    "citySender": "Каховка",
    "cityRecipient": "Знам\u0027янка (Кіровоградська обл.)"
  },
  {
    "number": 59000455244050,
    "dateTime": {
      "date": {
        "year": 2019,
        "month": 10,
        "day": 16
      },
      "time": {
        "hour": 10,
        "minute": 12,
        "second": 25,
        "nano": 0
      }
    },
    "citySender": "Маньківка",
    "cityRecipient": "Чернігів"
  },
  {
    "number": 59000455244051,
    "dateTime": {
      "date": {
        "year": 2019,
        "month": 10,
        "day": 16
      },
      "time": {
        "hour": 10,
        "minute": 14,
        "second": 11,
        "nano": 0
      }
    },
    "citySender": "Київ",
    "cityRecipient": "Тернівка"
  },
  {
    "number": 59000455244052,
    "dateTime": {
      "date": {
        "year": 2019,
        "month": 10,
        "day": 16
      },
      "time": {
        "hour": 10,
        "minute": 13,
        "second": 44,
        "nano": 0
      }
    },
    "citySender": "Мелітополь",
    "cityRecipient": "Київ"
  },
  {
    "number": 59000455244053,
    "dateTime": {
      "date": {
        "year": 2019,
        "month": 10,
        "day": 16
      },
      "time": {
        "hour": 10,
        "minute": 14,
        "second": 34,
        "nano": 0
      }
    },
    "citySender": "Жовті Води",
    "cityRecipient": "Світловодськ"
  },
  {
    "number": 59000455244054,
    "dateTime": {
      "date": {
        "year": 2019,
        "month": 10,
        "day": 16
      },
      "time": {
        "hour": 10,
        "minute": 14,
        "second": 32,
        "nano": 0
      }
    },
    "citySender": "Київ",
    "cityRecipient": "Львів"
  },
  {
    "number": 59000455244055,
    "dateTime": {
      "date": {
        "year": 2019,
        "month": 10,
        "day": 16
      },
      "time": {
        "hour": 10,
        "minute": 13,
        "second": 47,
        "nano": 0
      }
    },
    "citySender": "Волноваха",
    "cityRecipient": "Київ"
  },
  {
    "number": 59000455244056,
    "dateTime": {
      "date": {
        "year": 2019,
        "month": 10,
        "day": 16
      },
      "time": {
        "hour": 10,
        "minute": 14,
        "second": 35,
        "nano": 0
      }
    },
    "citySender": "Бурштин",
    "cityRecipient": "Біла Церква"
  },
  {
    "number": 59000455244057,
    "dateTime": {
      "date": {
        "year": 2019,
        "month": 10,
        "day": 16
      },
      "time": {
        "hour": 10,
        "minute": 14,
        "second": 31,
        "nano": 0
      }
    },
    "citySender": "Київ",
    "cityRecipient": "Київ"
  },
  {
    "number": 59000455244058,
    "dateTime": {
      "date": {
        "year": 2019,
        "month": 10,
        "day": 16
      },
      "time": {
        "hour": 10,
        "minute": 14,
        "second": 3,
        "nano": 0
      }
    },
    "citySender": "Благовіщенське(Кіровоградська обл.)",
    "cityRecipient": "Стрий"
  },
  {
    "number": 59000455244059,
    "dateTime": {
      "date": {
        "year": 2019,
        "month": 10,
        "day": 16
      },
      "time": {
        "hour": 10,
        "minute": 13,
        "second": 32,
        "nano": 0
      }
    },
    "citySender": "Тернопіль",
    "cityRecipient": "Харків"
  },
  {
    "number": 59000455244060,
    "dateTime": {
      "date": {
        "year": 2019,
        "month": 10,
        "day": 16
      },
      "time": {
        "hour": 10,
        "minute": 14,
        "second": 15,
        "nano": 0
      }
    },
    "citySender": "Маріуполь",
    "cityRecipient": "Черкаси"
  },
  {
    "number": 59000455244061,
    "dateTime": {
      "date": {
        "year": 2019,
        "month": 10,
        "day": 16
      },
      "time": {
        "hour": 10,
        "minute": 13,
        "second": 53,
        "nano": 0
      }
    },
    "citySender": "Луцьк",
    "cityRecipient": "Івано-Франківськ"
  },
  {
    "number": 59000455244062,
    "dateTime": {
      "date": {
        "year": 2019,
        "month": 10,
        "day": 16
      },
      "time": {
        "hour": 10,
        "minute": 14,
        "second": 25,
        "nano": 0
      }
    },
    "citySender": "Дніпро",
    "cityRecipient": "Запоріжжя"
  },
  {
    "number": 59000455244063,
    "dateTime": {
      "date": {
        "year": 2019,
        "month": 10,
        "day": 16
      },
      "time": {
        "hour": 10,
        "minute": 14,
        "second": 37,
        "nano": 0
      }
    },
    "citySender": "Чорноморськ",
    "cityRecipient": "Одеса"
  },
  {
    "number": 59000455244064,
    "dateTime": {
      "date": {
        "year": 2019,
        "month": 10,
        "day": 16
      },
      "time": {
        "hour": 10,
        "minute": 14,
        "second": 32,
        "nano": 0
      }
    },
    "citySender": "Одеса",
    "cityRecipient": "Сарата"
  },
  {
    "number": 59000455244065,
    "dateTime": {
      "date": {
        "year": 2019,
        "month": 10,
        "day": 16
      },
      "time": {
        "hour": 10,
        "minute": 14,
        "second": 17,
        "nano": 0
      }
    },
    "citySender": "Кінецьпіль",
    "cityRecipient": "Доманівка"
  },
  {
    "number": 59000455244066,
    "dateTime": {
      "date": {
        "year": 2019,
        "month": 10,
        "day": 16
      },
      "time": {
        "hour": 10,
        "minute": 14,
        "second": 3,
        "nano": 0
      }
    },
    "citySender": "Біла Церква",
    "cityRecipient": "Харків"
  },
  {
    "number": 59000455244067,
    "dateTime": {
      "date": {
        "year": 2019,
        "month": 10,
        "day": 16
      },
      "time": {
        "hour": 10,
        "minute": 14,
        "second": 34,
        "nano": 0
      }
    },
    "citySender": "Уторопи",
    "cityRecipient": "Яблунів"
  },
  {
    "number": 59000455244068,
    "dateTime": {
      "date": {
        "year": 2019,
        "month": 10,
        "day": 16
      },
      "time": {
        "hour": 10,
        "minute": 14,
        "second": 37,
        "nano": 0
      }
    },
    "citySender": "Одеса",
    "cityRecipient": "Одеса"
  },
  {
    "number": 59000455244070,
    "dateTime": {
      "date": {
        "year": 2019,
        "month": 10,
        "day": 16
      },
      "time": {
        "hour": 10,
        "minute": 14,
        "second": 38,
        "nano": 0
      }
    },
    "citySender": "Сміла",
    "cityRecipient": "Черкаси"
  },
  {
    "number": 59000455244071,
    "dateTime": {
      "date": {
        "year": 2019,
        "month": 10,
        "day": 16
      },
      "time": {
        "hour": 10,
        "minute": 14,
        "second": 18,
        "nano": 0
      }
    },
    "citySender": "Харків",
    "cityRecipient": "Корсунь-Шевченківський"
  },
  {
    "number": 59000455244072,
    "dateTime": {
      "date": {
        "year": 2019,
        "month": 10,
        "day": 16
      },
      "time": {
        "hour": 10,
        "minute": 13,
        "second": 42,
        "nano": 0
      }
    },
    "citySender": "Київ",
    "cityRecipient": "Київ"
  },
  {
    "number": 59000455244073,
    "dateTime": {
      "date": {
        "year": 2019,
        "month": 10,
        "day": 16
      },
      "time": {
        "hour": 10,
        "minute": 14,
        "second": 37,
        "nano": 0
      }
    },
    "citySender": "Черкаси",
    "cityRecipient": "Київ"
  },
  {
    "number": 59000455244074,
    "dateTime": {
      "date": {
        "year": 2019,
        "month": 10,
        "day": 16
      },
      "time": {
        "hour": 10,
        "minute": 14,
        "second": 38,
        "nano": 0
      }
    },
    "citySender": "Львів",
    "cityRecipient": "Дніпро"
  },
  {
    "number": 59000455244075,
    "dateTime": {
      "date": {
        "year": 2019,
        "month": 10,
        "day": 16
      },
      "time": {
        "hour": 10,
        "minute": 14,
        "second": 18,
        "nano": 0
      }
    },
    "citySender": "Полтава",
    "cityRecipient": "Лиман(Донецька обл)"
  },
  {
    "number": 59000455244076,
    "dateTime": {
      "date": {
        "year": 2019,
        "month": 10,
        "day": 16
      },
      "time": {
        "hour": 10,
        "minute": 14,
        "second": 32,
        "nano": 0
      }
    },
    "citySender": "Велика Писарівка",
    "cityRecipient": "Васильків"
  },
  {
    "number": 59000455244077,
    "dateTime": {
      "date": {
        "year": 2019,
        "month": 10,
        "day": 16
      },
      "time": {
        "hour": 10,
        "minute": 13,
        "second": 41,
        "nano": 0
      }
    },
    "citySender": "Київ",
    "cityRecipient": "Черкаси"
  },
  {
    "number": 59000455244078,
    "dateTime": {
      "date": {
        "year": 2019,
        "month": 10,
        "day": 16
      },
      "time": {
        "hour": 10,
        "minute": 14,
        "second": 22,
        "nano": 0
      }
    },
    "citySender": "Кременчук",
    "cityRecipient": "Харків"
  },
  {
    "number": 59000455244079,
    "dateTime": {
      "date": {
        "year": 2019,
        "month": 10,
        "day": 16
      },
      "time": {
        "hour": 10,
        "minute": 14,
        "second": 31,
        "nano": 0
      }
    },
    "citySender": "Київ",
    "cityRecipient": "Сміла"
  },
  {
    "number": 59000455244080,
    "dateTime": {
      "date": {
        "year": 2019,
        "month": 10,
        "day": 16
      },
      "time": {
        "hour": 10,
        "minute": 14,
        "second": 30,
        "nano": 0
      }
    },
    "citySender": "Антонівка (Скадовський р-н)",
    "cityRecipient": "Херсон"
  },
  {
    "number": 59000455244081,
    "dateTime": {
      "date": {
        "year": 2019,
        "month": 10,
        "day": 16
      },
      "time": {
        "hour": 10,
        "minute": 14,
        "second": 10,
        "nano": 0
      }
    },
    "citySender": "Першотравенськ (Дніпропетровська обл)",
    "cityRecipient": "Харків"
  },
  {
    "number": 59000455244082,
    "dateTime": {
      "date": {
        "year": 2019,
        "month": 10,
        "day": 16
      },
      "time": {
        "hour": 10,
        "minute": 14,
        "second": 29,
        "nano": 0
      }
    },
    "citySender": "Бердянськ",
    "cityRecipient": "Кропивницький"
  },
  {
    "number": 59000455244083,
    "dateTime": {
      "date": {
        "year": 2019,
        "month": 10,
        "day": 16
      },
      "time": {
        "hour": 10,
        "minute": 13,
        "second": 28,
        "nano": 0
      }
    },
    "citySender": "Краснопілля (Сумська обл.)",
    "cityRecipient": "Дніпро"
  },
  {
    "number": 59000455244084,
    "dateTime": {
      "date": {
        "year": 2019,
        "month": 10,
        "day": 16
      },
      "time": {
        "hour": 10,
        "minute": 14,
        "second": 34,
        "nano": 0
      }
    },
    "citySender": "Львів",
    "cityRecipient": "Львів"
  },
  {
    "number": 59000455244085,
    "dateTime": {
      "date": {
        "year": 2019,
        "month": 10,
        "day": 16
      },
      "time": {
        "hour": 10,
        "minute": 14,
        "second": 32,
        "nano": 0
      }
    },
    "citySender": "Чуднів",
    "cityRecipient": "Доброслав"
  },
  {
    "number": 59000455244086,
    "dateTime": {
      "date": {
        "year": 2019,
        "month": 10,
        "day": 16
      },
      "time": {
        "hour": 10,
        "minute": 14,
        "second": 22,
        "nano": 0
      }
    },
    "citySender": "Вишгород",
    "cityRecipient": "Київ"
  },
  {
    "number": 59000455244087,
    "dateTime": {
      "date": {
        "year": 2019,
        "month": 10,
        "day": 16
      },
      "time": {
        "hour": 10,
        "minute": 14,
        "second": 37,
        "nano": 0
      }
    },
    "citySender": "Рава-Руська",
    "cityRecipient": "Київ"
  },
  {
    "number": 59000455244088,
    "dateTime": {
      "date": {
        "year": 2019,
        "month": 10,
        "day": 16
      },
      "time": {
        "hour": 10,
        "minute": 14,
        "second": 21,
        "nano": 0
      }
    },
    "citySender": "Берислав (Херсонська обл.)",
    "cityRecipient": "Київ"
  },
  {
    "number": 59000455244089,
    "dateTime": {
      "date": {
        "year": 2019,
        "month": 10,
        "day": 16
      },
      "time": {
        "hour": 10,
        "minute": 14,
        "second": 23,
        "nano": 0
      }
    },
    "citySender": "Одеса",
    "cityRecipient": "Київ"
  },
  {
    "number": 59000455244090,
    "dateTime": {
      "date": {
        "year": 2019,
        "month": 10,
        "day": 16
      },
      "time": {
        "hour": 10,
        "minute": 14,
        "second": 27,
        "nano": 0
      }
    },
    "citySender": "Одеса",
    "cityRecipient": "Одеса"
  },
  {
    "number": 59000455244091,
    "dateTime": {
      "date": {
        "year": 2019,
        "month": 10,
        "day": 16
      },
      "time": {
        "hour": 10,
        "minute": 14,
        "second": 12,
        "nano": 0
      }
    },
    "citySender": "Запоріжжя",
    "cityRecipient": "Львів"
  },
  {
    "number": 59000455244092,
    "dateTime": {
      "date": {
        "year": 2019,
        "month": 10,
        "day": 16
      },
      "time": {
        "hour": 10,
        "minute": 14,
        "second": 37,
        "nano": 0
      }
    },
    "citySender": "Добропілля",
    "cityRecipient": "Дніпро"
  }
]