[
  {
    "number": 59000455215703,
    "dateTime": {
      "date": {
        "year": 2019,
        "month": 10,
        "day": 16
      },
      "time": {
        "hour": 8,
        "minute": 34,
        "second": 5,
        "nano": 0
      }
    },
    "citySender": "Харків",
    "cityRecipient": "Київ"
  },
  {
    "number": 59000455215704,
    "dateTime": {
      "date": {
        "year": 2019,
        "month": 10,
        "day": 16
      },
      "time": {
        "hour": 8,
        "minute": 34,
        "second": 8,
        "nano": 0
      }
    },
    "citySender": "Харків",
    "cityRecipient": "Київ"
  },
  {
    "number": 59000455215705,
    "dateTime": {
      "date": {
        "year": 2019,
        "month": 10,
        "day": 16
      },
      "time": {
        "hour": 8,
        "minute": 34,
        "second": 5,
        "nano": 0
      }
    },
    "citySender": "Якимівка (Запорізька обл.)",
    "cityRecipient": "Київ"
  },
  {
    "number": 59000455215706,
    "dateTime": {
      "date": {
        "year": 2019,
        "month": 10,
        "day": 16
      },
      "time": {
        "hour": 8,
        "minute": 33,
        "second": 43,
        "nano": 0
      }
    },
    "citySender": "Калинівка (Вінницька обл., Калинівський р-н)",
    "cityRecipient": "Київ"
  },
  {
    "number": 59000455215707,
    "dateTime": {
      "date": {
        "year": 2019,
        "month": 10,
        "day": 16
      },
      "time": {
        "hour": 8,
        "minute": 34,
        "second": 10,
        "nano": 0
      }
    },
    "citySender": "Курахове",
    "cityRecipient": "Івано-Франківськ"
  },
  {
    "number": 59000455215708,
    "dateTime": {
      "date": {
        "year": 2019,
        "month": 10,
        "day": 16
      },
      "time": {
        "hour": 8,
        "minute": 34,
        "second": 8,
        "nano": 0
      }
    },
    "citySender": "Київ",
    "cityRecipient": "Одеса"
  },
  {
    "number": 59000455215709,
    "dateTime": {
      "date": {
        "year": 2019,
        "month": 10,
        "day": 16
      },
      "time": {
        "hour": 8,
        "minute": 34,
        "second": 6,
        "nano": 0
      }
    },
    "citySender": "Миколаїв",
    "cityRecipient": "Миколаїв"
  },
  {
    "number": 59000455215710,
    "dateTime": {
      "date": {
        "year": 2019,
        "month": 10,
        "day": 16
      },
      "time": {
        "hour": 8,
        "minute": 34,
        "second": 12,
        "nano": 0
      }
    },
    "citySender": "Миколаїв",
    "cityRecipient": "Кременчук"
  },
  {
    "number": 59000455215711,
    "dateTime": {
      "date": {
        "year": 2019,
        "month": 10,
        "day": 16
      },
      "time": {
        "hour": 8,
        "minute": 34,
        "second": 15,
        "nano": 0
      }
    },
    "citySender": "Київ",
    "cityRecipient": "Кременець"
  },
  {
    "number": 59000455215712,
    "dateTime": {
      "date": {
        "year": 2019,
        "month": 10,
        "day": 16
      },
      "time": {
        "hour": 8,
        "minute": 32,
        "second": 38,
        "nano": 0
      }
    },
    "citySender": "Харків",
    "cityRecipient": "Харків"
  },
  {
    "number": 59000455215713,
    "dateTime": {
      "date": {
        "year": 2019,
        "month": 10,
        "day": 16
      },
      "time": {
        "hour": 8,
        "minute": 33,
        "second": 47,
        "nano": 0
      }
    },
    "citySender": "Київ",
    "cityRecipient": "Кременчук"
  },
  {
    "number": 59000455215714,
    "dateTime": {
      "date": {
        "year": 2019,
        "month": 10,
        "day": 16
      },
      "time": {
        "hour": 8,
        "minute": 33,
        "second": 18,
        "nano": 0
      }
    },
    "citySender": "Кам\u0027янка (Черкаська обл.)",
    "cityRecipient": "Київ"
  },
  {
    "number": 59000455215715,
    "dateTime": {
      "date": {
        "year": 2019,
        "month": 10,
        "day": 16
      },
      "time": {
        "hour": 8,
        "minute": 33,
        "second": 26,
        "nano": 0
      }
    },
    "citySender": "Томашпіль",
    "cityRecipient": "Одеса"
  },
  {
    "number": 59000455215716,
    "dateTime": {
      "date": {
        "year": 2019,
        "month": 10,
        "day": 16
      },
      "time": {
        "hour": 8,
        "minute": 34,
        "second": 19,
        "nano": 0
      }
    },
    "citySender": "Миколаїв (Львівська обл., Миколаївський р-н)",
    "cityRecipient": "Нетішин"
  },
  {
    "number": 59000455215717,
    "dateTime": {
      "date": {
        "year": 2019,
        "month": 10,
        "day": 16
      },
      "time": {
        "hour": 8,
        "minute": 33,
        "second": 38,
        "nano": 0
      }
    },
    "citySender": "Дніпро",
    "cityRecipient": "Красилівка (Броварський р-н)"
  },
  {
    "number": 59000455215719,
    "dateTime": {
      "date": {
        "year": 2019,
        "month": 10,
        "day": 16
      },
      "time": {
        "hour": 8,
        "minute": 33,
        "second": 46,
        "nano": 0
      }
    },
    "citySender": "Кам\u0027янка-Дніпровська (Запорізька обл.)",
    "cityRecipient": "Запоріжжя"
  },
  {
    "number": 59000455215720,
    "dateTime": {
      "date": {
        "year": 2019,
        "month": 10,
        "day": 16
      },
      "time": {
        "hour": 8,
        "minute": 34,
        "second": 21,
        "nano": 0
      }
    },
    "citySender": "Юр\u0027ївка",
    "cityRecipient": "Одеса"
  },
  {
    "number": 59000455215721,
    "dateTime": {
      "date": {
        "year": 2019,
        "month": 10,
        "day": 16
      },
      "time": {
        "hour": 8,
        "minute": 34,
        "second": 16,
        "nano": 0
      }
    },
    "citySender": "Київ",
    "cityRecipient": "Київ"
  },
  {
    "number": 59000455215722,
    "dateTime": {
      "date": {
        "year": 2019,
        "month": 10,
        "day": 16
      },
      "time": {
        "hour": 8,
        "minute": 34,
        "second": 22,
        "nano": 0
      }
    },
    "citySender": "Нікополь (Дніпропетровська обл.)",
    "cityRecipient": "Полтава"
  },
  {
    "number": 59000455215723,
    "dateTime": {
      "date": {
        "year": 2019,
        "month": 10,
        "day": 16
      },
      "time": {
        "hour": 8,
        "minute": 34,
        "second": 23,
        "nano": 0
      }
    },
    "citySender": "Кривий Ріг",
    "cityRecipient": "Кривий Ріг"
  },
  {
    "number": 59000455215724,
    "dateTime": {
      "date": {
        "year": 2019,
        "month": 10,
        "day": 16
      },
      "time": {
        "hour": 8,
        "minute": 34,
        "second": 24,
        "nano": 0
      }
    },
    "citySender": "Маріуполь",
    "cityRecipient": "Колоденка"
  },
  {
    "number": 59000455215725,
    "dateTime": {
      "date": {
        "year": 2019,
        "month": 10,
        "day": 16
      },
      "time": {
        "hour": 8,
        "minute": 34,
        "second": 14,
        "nano": 0
      }
    },
    "citySender": "Харків",
    "cityRecipient": "Попасна"
  },
  {
    "number": 59000455215726,
    "dateTime": {
      "date": {
        "year": 2019,
        "month": 10,
        "day": 16
      },
      "time": {
        "hour": 8,
        "minute": 34,
        "second": 25,
        "nano": 0
      }
    },
    "citySender": "Тернопіль",
    "cityRecipient": "Мішково-Погорілове"
  },
  {
    "number": 59000455215727,
    "dateTime": {
      "date": {
        "year": 2019,
        "month": 10,
        "day": 16
      },
      "time": {
        "hour": 8,
        "minute": 34,
        "second": 21,
        "nano": 0
      }
    },
    "citySender": "Братське",
    "cityRecipient": "Львів"
  },
  {
    "number": 59000455215728,
    "dateTime": {
      "date": {
        "year": 2019,
        "month": 10,
        "day": 16
      },
      "time": {
        "hour": 8,
        "minute": 34,
        "second": 16,
        "nano": 0
      }
    },
    "citySender": "Київ",
    "cityRecipient": "Запоріжжя"
  },
  {
    "number": 59000455215729,
    "dateTime": {
      "date": {
        "year": 2019,
        "month": 10,
        "day": 16
      },
      "time": {
        "hour": 8,
        "minute": 34,
        "second": 26,
        "nano": 0
      }
    },
    "citySender": "Київ",
    "cityRecipient": "Нововолинськ"
  },
  {
    "number": 59000455215730,
    "dateTime": {
      "date": {
        "year": 2019,
        "month": 10,
        "day": 16
      },
      "time": {
        "hour": 8,
        "minute": 34,
        "second": 14,
        "nano": 0
      }
    },
    "citySender": "Київ",
    "cityRecipient": "Миргород"
  },
  {
    "number": 59000455215731,
    "dateTime": {
      "date": {
        "year": 2019,
        "month": 10,
        "day": 16
      },
      "time": {
        "hour": 8,
        "minute": 34,
        "second": 29,
        "nano": 0
      }
    },
    "citySender": "Погребище",
    "cityRecipient": "Ілічанка"
  },
  {
    "number": 59000455215732,
    "dateTime": {
      "date": {
        "year": 2019,
        "month": 10,
        "day": 16
      },
      "time": {
        "hour": 8,
        "minute": 34,
        "second": 4,
        "nano": 0
      }
    },
    "citySender": "Київ",
    "cityRecipient": "Київ"
  },
  {
    "number": 59000455215733,
    "dateTime": {
      "date": {
        "year": 2019,
        "month": 10,
        "day": 16
      },
      "time": {
        "hour": 8,
        "minute": 34,
        "second": 5,
        "nano": 0
      }
    },
    "citySender": "Новоград-Волинський",
    "cityRecipient": "Ременів"
  },
  {
    "number": 59000455215734,
    "dateTime": {
      "date": {
        "year": 2019,
        "month": 10,
        "day": 16
      },
      "time": {
        "hour": 8,
        "minute": 34,
        "second": 30,
        "nano": 0
      }
    },
    "citySender": "Пухівка",
    "cityRecipient": "Київ"
  },
  {
    "number": 59000455215735,
    "dateTime": {
      "date": {
        "year": 2019,
        "month": 10,
        "day": 16
      },
      "time": {
        "hour": 8,
        "minute": 34,
        "second": 31,
        "nano": 0
      }
    },
    "citySender": "Овідіополь",
    "cityRecipient": "Одеса"
  },
  {
    "number": 59000455215737,
    "dateTime": {
      "date": {
        "year": 2019,
        "month": 10,
        "day": 16
      },
      "time": {
        "hour": 8,
        "minute": 34,
        "second": 32,
        "nano": 0
      }
    },
    "citySender": "Курахове",
    "cityRecipient": "Кривий Ріг"
  },
  {
    "number": 59000455215738,
    "dateTime": {
      "date": {
        "year": 2019,
        "month": 10,
        "day": 16
      },
      "time": {
        "hour": 8,
        "minute": 33,
        "second": 58,
        "nano": 0
      }
    },
    "citySender": "Пологи (Запорізька обл.)",
    "cityRecipient": "Одеса"
  },
  {
    "number": 59000455215739,
    "dateTime": {
      "date": {
        "year": 2019,
        "month": 10,
        "day": 16
      },
      "time": {
        "hour": 8,
        "minute": 34,
        "second": 26,
        "nano": 0
      }
    },
    "citySender": "Дніпро",
    "cityRecipient": "Бровари"
  },
  {
    "number": 59000455215740,
    "dateTime": {
      "date": {
        "year": 2019,
        "month": 10,
        "day": 16
      },
      "time": {
        "hour": 8,
        "minute": 33,
        "second": 16,
        "nano": 0
      }
    },
    "citySender": "Мерефа",
    "cityRecipient": "Київ"
  },
  {
    "number": 59000455215741,
    "dateTime": {
      "date": {
        "year": 2019,
        "month": 10,
        "day": 16
      },
      "time": {
        "hour": 8,
        "minute": 34,
        "second": 14,
        "nano": 0
      }
    },
    "citySender": "Долинська",
    "cityRecipient": "Кривий Ріг"
  },
  {
    "number": 59000455215742,
    "dateTime": {
      "date": {
        "year": 2019,
        "month": 10,
        "day": 16
      },
      "time": {
        "hour": 8,
        "minute": 34,
        "second": 36,
        "nano": 0
      }
    },
    "citySender": "Маріуполь",
    "cityRecipient": "Холодна Балка"
  },
  {
    "number": 59000455215743,
    "dateTime": {
      "date": {
        "year": 2019,
        "month": 10,
        "day": 16
      },
      "time": {
        "hour": 8,
        "minute": 34,
        "second": 36,
        "nano": 0
      }
    },
    "citySender": "Київ",
    "cityRecipient": "Дачне"
  },
  {
    "number": 59000455215744,
    "dateTime": {
      "date": {
        "year": 2019,
        "month": 10,
        "day": 16
      },
      "time": {
        "hour": 8,
        "minute": 34,
        "second": 15,
        "nano": 0
      }
    },
    "citySender": "Київ",
    "cityRecipient": "Хмельницький"
  },
  {
    "number": 59000455215745,
    "dateTime": {
      "date": {
        "year": 2019,
        "month": 10,
        "day": 16
      },
      "time": {
        "hour": 8,
        "minute": 34,
        "second": 29,
        "nano": 0
      }
    },
    "citySender": "Київ",
    "cityRecipient": "Буча"
  },
  {
    "number": 59000455215746,
    "dateTime": {
      "date": {
        "year": 2019,
        "month": 10,
        "day": 16
      },
      "time": {
        "hour": 8,
        "minute": 34,
        "second": 2,
        "nano": 0
      }
    },
    "citySender": "Дніпро",
    "cityRecipient": "Одеса"
  },
  {
    "number": 59000455215747,
    "dateTime": {
      "date": {
        "year": 2019,
        "month": 10,
        "day": 16
      },
      "time": {
        "hour": 8,
        "minute": 34,
        "second": 31,
        "nano": 0
      }
    },
    "citySender": "Київ",
    "cityRecipient": "Малин"
  },
  {
    "number": 59000455215748,
    "dateTime": {
      "date": {
        "year": 2019,
        "month": 10,
        "day": 16
      },
      "time": {
        "hour": 8,
        "minute": 34,
        "second": 9,
        "nano": 0
      }
    },
    "citySender": "Київ",
    "cityRecipient": "Київ"
  },
  {
    "number": 59000455215749,
    "dateTime": {
      "date": {
        "year": 2019,
        "month": 10,
        "day": 16
      },
      "time": {
        "hour": 8,
        "minute": 33,
        "second": 37,
        "nano": 0
      }
    },
    "citySender": "Київ",
    "cityRecipient": "Кушниця"
  },
  {
    "number": 59000455215750,
    "dateTime": {
      "date": {
        "year": 2019,
        "month": 10,
        "day": 16
      },
      "time": {
        "hour": 8,
        "minute": 33,
        "second": 52,
        "nano": 0
      }
    },
    "citySender": "Харків",
    "cityRecipient": "Дружківка"
  },
  {
    "number": 59000455215751,
    "dateTime": {
      "date": {
        "year": 2019,
        "month": 10,
        "day": 16
      },
      "time": {
        "hour": 8,
        "minute": 33,
        "second": 51,
        "nano": 0
      }
    },
    "citySender": "Канів",
    "cityRecipient": "Білогородка (Київська обл.)"
  },
  {
    "number": 59000455215752,
    "dateTime": {
      "date": {
        "year": 2019,
        "month": 10,
        "day": 16
      },
      "time": {
        "hour": 8,
        "minute": 34,
        "second": 28,
        "nano": 0
      }
    },
    "citySender": "Кролевець",
    "cityRecipient": "Харків"
  },
  {
    "number": 59000455215753,
    "dateTime": {
      "date": {
        "year": 2019,
        "month": 10,
        "day": 16
      },
      "time": {
        "hour": 8,
        "minute": 33,
        "second": 55,
        "nano": 0
      }
    },
    "citySender": "Київ",
    "cityRecipient": "Вишневе (Дніпропетровська обл)"
  },
  {
    "number": 59000455215754,
    "dateTime": {
      "date": {
        "year": 2019,
        "month": 10,
        "day": 16
      },
      "time": {
        "hour": 8,
        "minute": 34,
        "second": 41,
        "nano": 0
      }
    },
    "citySender": "Київ",
    "cityRecipient": "Чорноморськ"
  },
  {
    "number": 59000455215755,
    "dateTime": {
      "date": {
        "year": 2019,
        "month": 10,
        "day": 16
      },
      "time": {
        "hour": 8,
        "minute": 34,
        "second": 35,
        "nano": 0
      }
    },
    "citySender": "Снігурівка",
    "cityRecipient": "Дніпро"
  },
  {
    "number": 59000455215756,
    "dateTime": {
      "date": {
        "year": 2019,
        "month": 10,
        "day": 16
      },
      "time": {
        "hour": 8,
        "minute": 34,
        "second": 42,
        "nano": 0
      }
    },
    "citySender": "Погребище",
    "cityRecipient": "Київ"
  },
  {
    "number": 59000455215757,
    "dateTime": {
      "date": {
        "year": 2019,
        "month": 10,
        "day": 16
      },
      "time": {
        "hour": 8,
        "minute": 33,
        "second": 15,
        "nano": 0
      }
    },
    "citySender": "Київ",
    "cityRecipient": "Дніпро"
  },
  {
    "number": 59000455215758,
    "dateTime": {
      "date": {
        "year": 2019,
        "month": 10,
        "day": 16
      },
      "time": {
        "hour": 8,
        "minute": 34,
        "second": 44,
        "nano": 0
      }
    },
    "citySender": "Рокитне (Київська обл., Рокитнянський р-н)",
    "cityRecipient": "Київ"
  },
  {
    "number": 59000455215759,
    "dateTime": {
      "date": {
        "year": 2019,
        "month": 10,
        "day": 16
      },
      "time": {
        "hour": 8,
        "minute": 34,
        "second": 30,
        "nano": 0
      }
    },
    "citySender": "Арциз",
    "cityRecipient": "Вишневе"
  },
  {
    "number": 59000455215761,
    "dateTime": {
      "date": {
        "year": 2019,
        "month": 10,
        "day": 16
      },
      "time": {
        "hour": 8,
        "minute": 34,
        "second": 37,
        "nano": 0
      }
    },
    "citySender": "Нижні Сірогози",
    "cityRecipient": "Борислав (Львівська обл.)"
  },
  {
    "number": 59000455215762,
    "dateTime": {
      "date": {
        "year": 2019,
        "month": 10,
        "day": 16
      },
      "time": {
        "hour": 8,
        "minute": 34,
        "second": 37,
        "nano": 0
      }
    },
    "citySender": "Київ",
    "cityRecipient": "Дніпро"
  },
  {
    "number": 59000455215763,
    "dateTime": {
      "date": {
        "year": 2019,
        "month": 10,
        "day": 16
      },
      "time": {
        "hour": 8,
        "minute": 34,
        "second": 41,
        "nano": 0
      }
    },
    "citySender": "Макарів",
    "cityRecipient": "Київ"
  },
  {
    "number": 59000455215764,
    "dateTime": {
      "date": {
        "year": 2019,
        "month": 10,
        "day": 16
      },
      "time": {
        "hour": 8,
        "minute": 34,
        "second": 34,
        "nano": 0
      }
    },
    "citySender": "Миколаїв",
    "cityRecipient": "Миколаїв"
  },
  {
    "number": 59000455215765,
    "dateTime": {
      "date": {
        "year": 2019,
        "month": 10,
        "day": 16
      },
      "time": {
        "hour": 8,
        "minute": 34,
        "second": 47,
        "nano": 0
      }
    },
    "citySender": "Новоград-Волинський",
    "cityRecipient": "Авангард"
  },
  {
    "number": 59000455215766,
    "dateTime": {
      "date": {
        "year": 2019,
        "month": 10,
        "day": 16
      },
      "time": {
        "hour": 8,
        "minute": 34,
        "second": 42,
        "nano": 0
      }
    },
    "citySender": "Брошнів-Осада",
    "cityRecipient": "Вінниця"
  },
  {
    "number": 59000455215767,
    "dateTime": {
      "date": {
        "year": 2019,
        "month": 10,
        "day": 16
      },
      "time": {
        "hour": 8,
        "minute": 34,
        "second": 46,
        "nano": 0
      }
    },
    "citySender": "Драбів",
    "cityRecipient": "Чернівці"
  },
  {
    "number": 59000455215768,
    "dateTime": {
      "date": {
        "year": 2019,
        "month": 10,
        "day": 16
      },
      "time": {
        "hour": 8,
        "minute": 33,
        "second": 15,
        "nano": 0
      }
    },
    "citySender": "Канів",
    "cityRecipient": "Коростень"
  },
  {
    "number": 59000455215769,
    "dateTime": {
      "date": {
        "year": 2019,
        "month": 10,
        "day": 16
      },
      "time": {
        "hour": 8,
        "minute": 34,
        "second": 40,
        "nano": 0
      }
    },
    "citySender": "Київ",
    "cityRecipient": "Київ"
  },
  {
    "number": 59000455215770,
    "dateTime": {
      "date": {
        "year": 2019,
        "month": 10,
        "day": 16
      },
      "time": {
        "hour": 8,
        "minute": 34,
        "second": 8,
        "nano": 0
      }
    },
    "citySender": "Київ",
    "cityRecipient": "Золотоноша"
  },
  {
    "number": 59000455215771,
    "dateTime": {
      "date": {
        "year": 2019,
        "month": 10,
        "day": 16
      },
      "time": {
        "hour": 8,
        "minute": 34,
        "second": 52,
        "nano": 0
      }
    },
    "citySender": "Курахове",
    "cityRecipient": "Київ"
  },
  {
    "number": 59000455215772,
    "dateTime": {
      "date": {
        "year": 2019,
        "month": 10,
        "day": 16
      },
      "time": {
        "hour": 8,
        "minute": 34,
        "second": 53,
        "nano": 0
      }
    },
    "citySender": "Харків",
    "cityRecipient": "Одеса"
  },
  {
    "number": 59000455215773,
    "dateTime": {
      "date": {
        "year": 2019,
        "month": 10,
        "day": 16
      },
      "time": {
        "hour": 8,
        "minute": 34,
        "second": 47,
        "nano": 0
      }
    },
    "citySender": "Харків",
    "cityRecipient": "Кривий Ріг"
  },
  {
    "number": 59000455215774,
    "dateTime": {
      "date": {
        "year": 2019,
        "month": 10,
        "day": 16
      },
      "time": {
        "hour": 8,
        "minute": 34,
        "second": 44,
        "nano": 0
      }
    },
    "citySender": "Харків",
    "cityRecipient": "Миколаїв"
  },
  {
    "number": 59000455215775,
    "dateTime": {
      "date": {
        "year": 2019,
        "month": 10,
        "day": 16
      },
      "time": {
        "hour": 8,
        "minute": 34,
        "second": 55,
        "nano": 0
      }
    },
    "citySender": "Маріуполь",
    "cityRecipient": "Київ"
  },
  {
    "number": 59000455215776,
    "dateTime": {
      "date": {
        "year": 2019,
        "month": 10,
        "day": 16
      },
      "time": {
        "hour": 8,
        "minute": 34,
        "second": 48,
        "nano": 0
      }
    },
    "citySender": "Харків",
    "cityRecipient": "Умань"
  },
  {
    "number": 59000455215777,
    "dateTime": {
      "date": {
        "year": 2019,
        "month": 10,
        "day": 16
      },
      "time": {
        "hour": 8,
        "minute": 34,
        "second": 22,
        "nano": 0
      }
    },
    "citySender": "Київ",
    "cityRecipient": "Кам\u0027янка-Дніпровська (Запорізька обл.)"
  },
  {
    "number": 59000455215778,
    "dateTime": {
      "date": {
        "year": 2019,
        "month": 10,
        "day": 16
      },
      "time": {
        "hour": 8,
        "minute": 34,
        "second": 57,
        "nano": 0
      }
    },
    "citySender": "Погребище",
    "cityRecipient": "Київ"
  },
  {
    "number": 59000455215779,
    "dateTime": {
      "date": {
        "year": 2019,
        "month": 10,
        "day": 16
      },
      "time": {
        "hour": 8,
        "minute": 33,
        "second": 47,
        "nano": 0
      }
    },
    "citySender": "Дніпро",
    "cityRecipient": "Буча"
  },
  {
    "number": 59000455215780,
    "dateTime": {
      "date": {
        "year": 2019,
        "month": 10,
        "day": 16
      },
      "time": {
        "hour": 8,
        "minute": 34,
        "second": 53,
        "nano": 0
      }
    },
    "citySender": "Новотроїцьке (Херсонська обл.)",
    "cityRecipient": "Білогородка (Київська обл.)"
  },
  {
    "number": 59000455215781,
    "dateTime": {
      "date": {
        "year": 2019,
        "month": 10,
        "day": 16
      },
      "time": {
        "hour": 8,
        "minute": 34,
        "second": 23,
        "nano": 0
      }
    },
    "citySender": "Харків",
    "cityRecipient": "Дніпро"
  },
  {
    "number": 59000455215782,
    "dateTime": {
      "date": {
        "year": 2019,
        "month": 10,
        "day": 16
      },
      "time": {
        "hour": 8,
        "minute": 34,
        "second": 49,
        "nano": 0
      }
    },
    "citySender": "Львів",
    "cityRecipient": "Дніпро"
  },
  {
    "number": 59000455215783,
    "dateTime": {
      "date": {
        "year": 2019,
        "month": 10,
        "day": 16
      },
      "time": {
        "hour": 8,
        "minute": 34,
        "second": 54,
        "nano": 0
      }
    },
    "citySender": "Київ",
    "cityRecipient": "Львів"
  },
  {
    "number": 59000455215784,
    "dateTime": {
      "date": {
        "year": 2019,
        "month": 10,
        "day": 16
      },
      "time": {
        "hour": 8,
        "minute": 34,
        "second": 15,
        "nano": 0
      }
    },
    "citySender": "Дніпро",
    "cityRecipient": "Умань"
  },
  {
    "number": 59000455215785,
    "dateTime": {
      "date": {
        "year": 2019,
        "month": 10,
        "day": 16
      },
      "time": {
        "hour": 8,
        "minute": 34,
        "second": 30,
        "nano": 0
      }
    },
    "citySender": "Окни",
    "cityRecipient": "Харків"
  },
  {
    "number": 59000455215786,
    "dateTime": {
      "date": {
        "year": 2019,
        "month": 10,
        "day": 16
      },
      "time": {
        "hour": 8,
        "minute": 34,
        "second": 35,
        "nano": 0
      }
    },
    "citySender": "Борова (Харківська обл.)",
    "cityRecipient": "Київ"
  },
  {
    "number": 59000455215787,
    "dateTime": {
      "date": {
        "year": 2019,
        "month": 10,
        "day": 16
      },
      "time": {
        "hour": 8,
        "minute": 35,
        "second": 6,
        "nano": 0
      }
    },
    "citySender": "Макарів",
    "cityRecipient": "Київ"
  },
  {
    "number": 59000455215788,
    "dateTime": {
      "date": {
        "year": 2019,
        "month": 10,
        "day": 16
      },
      "time": {
        "hour": 8,
        "minute": 34,
        "second": 55,
        "nano": 0
      }
    },
    "citySender": "Рівне",
    "cityRecipient": "Костопіль"
  },
  {
    "number": 59000455215789,
    "dateTime": {
      "date": {
        "year": 2019,
        "month": 10,
        "day": 16
      },
      "time": {
        "hour": 8,
        "minute": 35,
        "second": 3,
        "nano": 0
      }
    },
    "citySender": "Овруч",
    "cityRecipient": "Бровари"
  },
  {
    "number": 59000455215790,
    "dateTime": {
      "date": {
        "year": 2019,
        "month": 10,
        "day": 16
      },
      "time": {
        "hour": 8,
        "minute": 35,
        "second": 3,
        "nano": 0
      }
    },
    "citySender": "Новий Розділ",
    "cityRecipient": "Запоріжжя"
  },
  {
    "number": 59000455215791,
    "dateTime": {
      "date": {
        "year": 2019,
        "month": 10,
        "day": 16
      },
      "time": {
        "hour": 8,
        "minute": 34,
        "second": 24,
        "nano": 0
      }
    },
    "citySender": "Новоукраїнка",
    "cityRecipient": "Харків"
  },
  {
    "number": 59000455215792,
    "dateTime": {
      "date": {
        "year": 2019,
        "month": 10,
        "day": 16
      },
      "time": {
        "hour": 8,
        "minute": 35,
        "second": 4,
        "nano": 0
      }
    },
    "citySender": "Миколаїв",
    "cityRecipient": "Миколаїв"
  },
  {
    "number": 59000455215793,
    "dateTime": {
      "date": {
        "year": 2019,
        "month": 10,
        "day": 16
      },
      "time": {
        "hour": 8,
        "minute": 35,
        "second": 6,
        "nano": 0
      }
    },
    "citySender": "Київ",
    "cityRecipient": "Богородчани"
  },
  {
    "number": 59000455215794,
    "dateTime": {
      "date": {
        "year": 2019,
        "month": 10,
        "day": 16
      },
      "time": {
        "hour": 8,
        "minute": 35,
        "second": 11,
        "nano": 0
      }
    },
    "citySender": "Тетіїв",
    "cityRecipient": "Ужгород"
  },
  {
    "number": 59000455215795,
    "dateTime": {
      "date": {
        "year": 2019,
        "month": 10,
        "day": 16
      },
      "time": {
        "hour": 8,
        "minute": 35,
        "second": 8,
        "nano": 0
      }
    },
    "citySender": "Дніпро",
    "cityRecipient": "Запоріжжя"
  },
  {
    "number": 59000455215796,
    "dateTime": {
      "date": {
        "year": 2019,
        "month": 10,
        "day": 16
      },
      "time": {
        "hour": 8,
        "minute": 35,
        "second": 5,
        "nano": 0
      }
    },
    "citySender": "Новий Розділ",
    "cityRecipient": "Київ"
  },
  {
    "number": 59000455215797,
    "dateTime": {
      "date": {
        "year": 2019,
        "month": 10,
        "day": 16
      },
      "time": {
        "hour": 8,
        "minute": 35,
        "second": 11,
        "nano": 0
      }
    },
    "citySender": "Маріуполь",
    "cityRecipient": "Бровари"
  },
  {
    "number": 59000455215798,
    "dateTime": {
      "date": {
        "year": 2019,
        "month": 10,
        "day": 16
      },
      "time": {
        "hour": 8,
        "minute": 33,
        "second": 52,
        "nano": 0
      }
    },
    "citySender": "Харків",
    "cityRecipient": "Полтава"
  },
  {
    "number": 59000455215800,
    "dateTime": {
      "date": {
        "year": 2019,
        "month": 10,
        "day": 16
      },
      "time": {
        "hour": 8,
        "minute": 35,
        "second": 12,
        "nano": 0
      }
    },
    "citySender": "Кривий Ріг",
    "cityRecipient": "Кривий Ріг"
  },
  {
    "number": 59000455215801,
    "dateTime": {
      "date": {
        "year": 2019,
        "month": 10,
        "day": 16
      },
      "time": {
        "hour": 8,
        "minute": 34,
        "second": 36,
        "nano": 0
      }
    },
    "citySender": "Шпола",
    "cityRecipient": "Канів"
  },
  {
    "number": 59000455215802,
    "dateTime": {
      "date": {
        "year": 2019,
        "month": 10,
        "day": 16
      },
      "time": {
        "hour": 8,
        "minute": 35,
        "second": 14,
        "nano": 0
      }
    },
    "citySender": "Овідіополь",
    "cityRecipient": "Одеса"
  }
]