[
  {
    "number": 59000455227999,
    "dateTime": {
      "date": {
        "year": 2019,
        "month": 10,
        "day": 16
      },
      "time": {
        "hour": 9,
        "minute": 26,
        "second": 18,
        "nano": 0
      }
    },
    "citySender": "Полтава",
    "cityRecipient": "Вінниця"
  },
  {
    "number": 59000455228000,
    "dateTime": {
      "date": {
        "year": 2019,
        "month": 10,
        "day": 16
      },
      "time": {
        "hour": 9,
        "minute": 26,
        "second": 38,
        "nano": 0
      }
    },
    "citySender": "Дубно",
    "cityRecipient": "Київ"
  },
  {
    "number": 59000455228001,
    "dateTime": {
      "date": {
        "year": 2019,
        "month": 10,
        "day": 16
      },
      "time": {
        "hour": 9,
        "minute": 26,
        "second": 22,
        "nano": 0
      }
    },
    "citySender": "Одеса",
    "cityRecipient": "Чорноморськ"
  },
  {
    "number": 59000455228002,
    "dateTime": {
      "date": {
        "year": 2019,
        "month": 10,
        "day": 16
      },
      "time": {
        "hour": 9,
        "minute": 26,
        "second": 39,
        "nano": 0
      }
    },
    "citySender": "Київ",
    "cityRecipient": "Ілічанка"
  },
  {
    "number": 59000455228003,
    "dateTime": {
      "date": {
        "year": 2019,
        "month": 10,
        "day": 16
      },
      "time": {
        "hour": 9,
        "minute": 26,
        "second": 38,
        "nano": 0
      }
    },
    "citySender": "Київ",
    "cityRecipient": "Стрий"
  },
  {
    "number": 59000455228004,
    "dateTime": {
      "date": {
        "year": 2019,
        "month": 10,
        "day": 16
      },
      "time": {
        "hour": 9,
        "minute": 22,
        "second": 33,
        "nano": 0
      }
    },
    "citySender": "Полонне",
    "cityRecipient": "Львів"
  },
  {
    "number": 59000455228005,
    "dateTime": {
      "date": {
        "year": 2019,
        "month": 10,
        "day": 16
      },
      "time": {
        "hour": 9,
        "minute": 25,
        "second": 29,
        "nano": 0
      }
    },
    "citySender": "Краснокутськ",
    "cityRecipient": "Львів"
  },
  {
    "number": 59000455228006,
    "dateTime": {
      "date": {
        "year": 2019,
        "month": 10,
        "day": 16
      },
      "time": {
        "hour": 9,
        "minute": 26,
        "second": 29,
        "nano": 0
      }
    },
    "citySender": "Кременчук",
    "cityRecipient": "Львів"
  },
  {
    "number": 59000455228007,
    "dateTime": {
      "date": {
        "year": 2019,
        "month": 10,
        "day": 16
      },
      "time": {
        "hour": 9,
        "minute": 26,
        "second": 15,
        "nano": 0
      }
    },
    "citySender": "Ямпіль (Сумська обл.)",
    "cityRecipient": "Маріуполь"
  },
  {
    "number": 59000455228008,
    "dateTime": {
      "date": {
        "year": 2019,
        "month": 10,
        "day": 16
      },
      "time": {
        "hour": 9,
        "minute": 26,
        "second": 11,
        "nano": 0
      }
    },
    "citySender": "Одеса",
    "cityRecipient": "Вилкове"
  },
  {
    "number": 59000455228009,
    "dateTime": {
      "date": {
        "year": 2019,
        "month": 10,
        "day": 16
      },
      "time": {
        "hour": 9,
        "minute": 25,
        "second": 47,
        "nano": 0
      }
    },
    "citySender": "Знаменівка (Новомосковський р-н)",
    "cityRecipient": "Знам\u0027янка (Кіровоградська обл.)"
  },
  {
    "number": 59000455228010,
    "dateTime": {
      "date": {
        "year": 2019,
        "month": 10,
        "day": 16
      },
      "time": {
        "hour": 9,
        "minute": 26,
        "second": 35,
        "nano": 0
      }
    },
    "citySender": "Тернівка",
    "cityRecipient": "Зміїв"
  },
  {
    "number": 59000455228011,
    "dateTime": {
      "date": {
        "year": 2019,
        "month": 10,
        "day": 16
      },
      "time": {
        "hour": 9,
        "minute": 25,
        "second": 31,
        "nano": 0
      }
    },
    "citySender": "Лохвиця",
    "cityRecipient": "Суми"
  },
  {
    "number": 59000455228012,
    "dateTime": {
      "date": {
        "year": 2019,
        "month": 10,
        "day": 16
      },
      "time": {
        "hour": 9,
        "minute": 26,
        "second": 42,
        "nano": 0
      }
    },
    "citySender": "Чорнобай",
    "cityRecipient": "Черкаси"
  },
  {
    "number": 59000455228013,
    "dateTime": {
      "date": {
        "year": 2019,
        "month": 10,
        "day": 16
      },
      "time": {
        "hour": 9,
        "minute": 26,
        "second": 26,
        "nano": 0
      }
    },
    "citySender": "Шегині",
    "cityRecipient": "Мукачево"
  },
  {
    "number": 59000455228014,
    "dateTime": {
      "date": {
        "year": 2019,
        "month": 10,
        "day": 16
      },
      "time": {
        "hour": 9,
        "minute": 26,
        "second": 37,
        "nano": 0
      }
    },
    "citySender": "Херсон",
    "cityRecipient": "Одеса"
  },
  {
    "number": 59000455228015,
    "dateTime": {
      "date": {
        "year": 2019,
        "month": 10,
        "day": 16
      },
      "time": {
        "hour": 9,
        "minute": 25,
        "second": 56,
        "nano": 0
      }
    },
    "citySender": "Калуш",
    "cityRecipient": "Східниця"
  },
  {
    "number": 59000455228016,
    "dateTime": {
      "date": {
        "year": 2019,
        "month": 10,
        "day": 16
      },
      "time": {
        "hour": 9,
        "minute": 26,
        "second": 22,
        "nano": 0
      }
    },
    "citySender": "Рівне",
    "cityRecipient": "Одеса"
  },
  {
    "number": 59000455228017,
    "dateTime": {
      "date": {
        "year": 2019,
        "month": 10,
        "day": 16
      },
      "time": {
        "hour": 9,
        "minute": 26,
        "second": 34,
        "nano": 0
      }
    },
    "citySender": "Тячів",
    "cityRecipient": "Львів"
  },
  {
    "number": 59000455228018,
    "dateTime": {
      "date": {
        "year": 2019,
        "month": 10,
        "day": 16
      },
      "time": {
        "hour": 9,
        "minute": 26,
        "second": 43,
        "nano": 0
      }
    },
    "citySender": "Звенигородка",
    "cityRecipient": "Старий Остропіль"
  },
  {
    "number": 59000455228019,
    "dateTime": {
      "date": {
        "year": 2019,
        "month": 10,
        "day": 16
      },
      "time": {
        "hour": 9,
        "minute": 26,
        "second": 11,
        "nano": 0
      }
    },
    "citySender": "Чернівці",
    "cityRecipient": "Радивилів"
  },
  {
    "number": 59000455228020,
    "dateTime": {
      "date": {
        "year": 2019,
        "month": 10,
        "day": 16
      },
      "time": {
        "hour": 9,
        "minute": 26,
        "second": 15,
        "nano": 0
      }
    },
    "citySender": "Ізмаїл",
    "cityRecipient": "Одеса"
  },
  {
    "number": 59000455228021,
    "dateTime": {
      "date": {
        "year": 2019,
        "month": 10,
        "day": 16
      },
      "time": {
        "hour": 9,
        "minute": 26,
        "second": 44,
        "nano": 0
      }
    },
    "citySender": "Рівне",
    "cityRecipient": "Київ"
  },
  {
    "number": 59000455228022,
    "dateTime": {
      "date": {
        "year": 2019,
        "month": 10,
        "day": 16
      },
      "time": {
        "hour": 9,
        "minute": 26,
        "second": 34,
        "nano": 0
      }
    },
    "citySender": "Старобільськ",
    "cityRecipient": "Вінниця"
  },
  {
    "number": 59000455228023,
    "dateTime": {
      "date": {
        "year": 2019,
        "month": 10,
        "day": 16
      },
      "time": {
        "hour": 9,
        "minute": 26,
        "second": 34,
        "nano": 0
      }
    },
    "citySender": "Київ",
    "cityRecipient": "Київ"
  },
  {
    "number": 59000455228024,
    "dateTime": {
      "date": {
        "year": 2019,
        "month": 10,
        "day": 16
      },
      "time": {
        "hour": 9,
        "minute": 26,
        "second": 7,
        "nano": 0
      }
    },
    "citySender": "Ужгород",
    "cityRecipient": "Луцьк"
  },
  {
    "number": 59000455228025,
    "dateTime": {
      "date": {
        "year": 2019,
        "month": 10,
        "day": 16
      },
      "time": {
        "hour": 9,
        "minute": 25,
        "second": 58,
        "nano": 0
      }
    },
    "citySender": "Львів",
    "cityRecipient": "Чернівці"
  },
  {
    "number": 59000455228026,
    "dateTime": {
      "date": {
        "year": 2019,
        "month": 10,
        "day": 16
      },
      "time": {
        "hour": 9,
        "minute": 26,
        "second": 43,
        "nano": 0
      }
    },
    "citySender": "Мукачево",
    "cityRecipient": "Берегове"
  },
  {
    "number": 59000455228027,
    "dateTime": {
      "date": {
        "year": 2019,
        "month": 10,
        "day": 16
      },
      "time": {
        "hour": 9,
        "minute": 26,
        "second": 44,
        "nano": 0
      }
    },
    "citySender": "Катюжанка",
    "cityRecipient": "Київ"
  },
  {
    "number": 59000455228028,
    "dateTime": {
      "date": {
        "year": 2019,
        "month": 10,
        "day": 16
      },
      "time": {
        "hour": 9,
        "minute": 26,
        "second": 19,
        "nano": 0
      }
    },
    "citySender": "Яготин",
    "cityRecipient": "Суми"
  },
  {
    "number": 59000455228029,
    "dateTime": {
      "date": {
        "year": 2019,
        "month": 10,
        "day": 16
      },
      "time": {
        "hour": 9,
        "minute": 26,
        "second": 9,
        "nano": 0
      }
    },
    "citySender": "Носівка",
    "cityRecipient": "Кам\u0027янське(Дніпропетровська обл)"
  },
  {
    "number": 59000455228030,
    "dateTime": {
      "date": {
        "year": 2019,
        "month": 10,
        "day": 16
      },
      "time": {
        "hour": 9,
        "minute": 26,
        "second": 11,
        "nano": 0
      }
    },
    "citySender": "Корюківка",
    "cityRecipient": "Нива Трудова"
  },
  {
    "number": 59000455228031,
    "dateTime": {
      "date": {
        "year": 2019,
        "month": 10,
        "day": 16
      },
      "time": {
        "hour": 9,
        "minute": 26,
        "second": 19,
        "nano": 0
      }
    },
    "citySender": "Соснівка (Львівська обл.)",
    "cityRecipient": "Кам\u0027янське(Дніпропетровська обл)"
  },
  {
    "number": 59000455228032,
    "dateTime": {
      "date": {
        "year": 2019,
        "month": 10,
        "day": 16
      },
      "time": {
        "hour": 9,
        "minute": 25,
        "second": 22,
        "nano": 0
      }
    },
    "citySender": "Володимирець",
    "cityRecipient": "Львів"
  },
  {
    "number": 59000455228033,
    "dateTime": {
      "date": {
        "year": 2019,
        "month": 10,
        "day": 16
      },
      "time": {
        "hour": 9,
        "minute": 26,
        "second": 15,
        "nano": 0
      }
    },
    "citySender": "Київ",
    "cityRecipient": "Кривий Ріг"
  },
  {
    "number": 59000455228034,
    "dateTime": {
      "date": {
        "year": 2019,
        "month": 10,
        "day": 16
      },
      "time": {
        "hour": 9,
        "minute": 26,
        "second": 26,
        "nano": 0
      }
    },
    "citySender": "Івано-Франківськ",
    "cityRecipient": "Харків"
  },
  {
    "number": 59000455228035,
    "dateTime": {
      "date": {
        "year": 2019,
        "month": 10,
        "day": 16
      },
      "time": {
        "hour": 9,
        "minute": 25,
        "second": 46,
        "nano": 0
      }
    },
    "citySender": "Пологи (Запорізька обл.)",
    "cityRecipient": "Херсон"
  },
  {
    "number": 59000455228036,
    "dateTime": {
      "date": {
        "year": 2019,
        "month": 10,
        "day": 16
      },
      "time": {
        "hour": 9,
        "minute": 26,
        "second": 42,
        "nano": 0
      }
    },
    "citySender": "Лиман(Донецька обл)",
    "cityRecipient": "Київ"
  },
  {
    "number": 59000455228037,
    "dateTime": {
      "date": {
        "year": 2019,
        "month": 10,
        "day": 16
      },
      "time": {
        "hour": 9,
        "minute": 25,
        "second": 39,
        "nano": 0
      }
    },
    "citySender": "Суми",
    "cityRecipient": "Красилів"
  },
  {
    "number": 59000455228038,
    "dateTime": {
      "date": {
        "year": 2019,
        "month": 10,
        "day": 16
      },
      "time": {
        "hour": 9,
        "minute": 26,
        "second": 37,
        "nano": 0
      }
    },
    "citySender": "Дніпро",
    "cityRecipient": "Олександрія (м.Кіровогр.обл.райц)"
  },
  {
    "number": 59000455228039,
    "dateTime": {
      "date": {
        "year": 2019,
        "month": 10,
        "day": 16
      },
      "time": {
        "hour": 9,
        "minute": 26,
        "second": 43,
        "nano": 0
      }
    },
    "citySender": "Веселинове",
    "cityRecipient": "Миколаїв"
  },
  {
    "number": 59000455228040,
    "dateTime": {
      "date": {
        "year": 2019,
        "month": 10,
        "day": 16
      },
      "time": {
        "hour": 9,
        "minute": 26,
        "second": 28,
        "nano": 0
      }
    },
    "citySender": "Київ",
    "cityRecipient": "Луцьк"
  },
  {
    "number": 59000455228041,
    "dateTime": {
      "date": {
        "year": 2019,
        "month": 10,
        "day": 16
      },
      "time": {
        "hour": 9,
        "minute": 26,
        "second": 46,
        "nano": 0
      }
    },
    "citySender": "Вишнівець",
    "cityRecipient": "Калинівка (Вінницька обл., Калинівський р-н)"
  },
  {
    "number": 59000455228042,
    "dateTime": {
      "date": {
        "year": 2019,
        "month": 10,
        "day": 16
      },
      "time": {
        "hour": 9,
        "minute": 26,
        "second": 46,
        "nano": 0
      }
    },
    "citySender": "Київ",
    "cityRecipient": "Миргород"
  },
  {
    "number": 59000455228043,
    "dateTime": {
      "date": {
        "year": 2019,
        "month": 10,
        "day": 16
      },
      "time": {
        "hour": 9,
        "minute": 26,
        "second": 2,
        "nano": 0
      }
    },
    "citySender": "Часів Яр",
    "cityRecipient": "Біла Церква"
  },
  {
    "number": 59000455228044,
    "dateTime": {
      "date": {
        "year": 2019,
        "month": 10,
        "day": 16
      },
      "time": {
        "hour": 9,
        "minute": 26,
        "second": 43,
        "nano": 0
      }
    },
    "citySender": "Київ",
    "cityRecipient": "Київ"
  },
  {
    "number": 59000455228045,
    "dateTime": {
      "date": {
        "year": 2019,
        "month": 10,
        "day": 16
      },
      "time": {
        "hour": 9,
        "minute": 26,
        "second": 39,
        "nano": 0
      }
    },
    "citySender": "Чернівці",
    "cityRecipient": "Колки"
  },
  {
    "number": 59000455228046,
    "dateTime": {
      "date": {
        "year": 2019,
        "month": 10,
        "day": 16
      },
      "time": {
        "hour": 9,
        "minute": 26,
        "second": 36,
        "nano": 0
      }
    },
    "citySender": "Турбів",
    "cityRecipient": "Пухівка"
  },
  {
    "number": 59000455228047,
    "dateTime": {
      "date": {
        "year": 2019,
        "month": 10,
        "day": 16
      },
      "time": {
        "hour": 9,
        "minute": 26,
        "second": 31,
        "nano": 0
      }
    },
    "citySender": "Чугуїв",
    "cityRecipient": "Вовчанськ"
  },
  {
    "number": 59000455228048,
    "dateTime": {
      "date": {
        "year": 2019,
        "month": 10,
        "day": 16
      },
      "time": {
        "hour": 9,
        "minute": 26,
        "second": 36,
        "nano": 0
      }
    },
    "citySender": "Чернігів",
    "cityRecipient": "Суми"
  },
  {
    "number": 59000455228049,
    "dateTime": {
      "date": {
        "year": 2019,
        "month": 10,
        "day": 16
      },
      "time": {
        "hour": 9,
        "minute": 25,
        "second": 56,
        "nano": 0
      }
    },
    "citySender": "Рожнятів",
    "cityRecipient": "Буськ"
  },
  {
    "number": 59000455228050,
    "dateTime": {
      "date": {
        "year": 2019,
        "month": 10,
        "day": 16
      },
      "time": {
        "hour": 9,
        "minute": 26,
        "second": 36,
        "nano": 0
      }
    },
    "citySender": "Рахни-Лісові",
    "cityRecipient": "Київ"
  },
  {
    "number": 59000455228051,
    "dateTime": {
      "date": {
        "year": 2019,
        "month": 10,
        "day": 16
      },
      "time": {
        "hour": 9,
        "minute": 26,
        "second": 48,
        "nano": 0
      }
    },
    "citySender": "Чернівці",
    "cityRecipient": "Люботин"
  },
  {
    "number": 59000455228052,
    "dateTime": {
      "date": {
        "year": 2019,
        "month": 10,
        "day": 16
      },
      "time": {
        "hour": 9,
        "minute": 26,
        "second": 35,
        "nano": 0
      }
    },
    "citySender": "Рівне",
    "cityRecipient": "Одеса"
  },
  {
    "number": 59000455228053,
    "dateTime": {
      "date": {
        "year": 2019,
        "month": 10,
        "day": 16
      },
      "time": {
        "hour": 9,
        "minute": 26,
        "second": 38,
        "nano": 0
      }
    },
    "citySender": "Харків",
    "cityRecipient": "Дніпро"
  },
  {
    "number": 59000455228054,
    "dateTime": {
      "date": {
        "year": 2019,
        "month": 10,
        "day": 16
      },
      "time": {
        "hour": 9,
        "minute": 26,
        "second": 1,
        "nano": 0
      }
    },
    "citySender": "Дніпровське",
    "cityRecipient": "Павлоград"
  },
  {
    "number": 59000455228055,
    "dateTime": {
      "date": {
        "year": 2019,
        "month": 10,
        "day": 16
      },
      "time": {
        "hour": 9,
        "minute": 26,
        "second": 48,
        "nano": 0
      }
    },
    "citySender": "Верхньодніпровськ",
    "cityRecipient": "Київ"
  },
  {
    "number": 59000455228056,
    "dateTime": {
      "date": {
        "year": 2019,
        "month": 10,
        "day": 16
      },
      "time": {
        "hour": 9,
        "minute": 25,
        "second": 11,
        "nano": 0
      }
    },
    "citySender": "Чоп",
    "cityRecipient": "Бровари"
  },
  {
    "number": 59000455228057,
    "dateTime": {
      "date": {
        "year": 2019,
        "month": 10,
        "day": 16
      },
      "time": {
        "hour": 9,
        "minute": 26,
        "second": 43,
        "nano": 0
      }
    },
    "citySender": "Харків",
    "cityRecipient": "Запоріжжя"
  },
  {
    "number": 59000455228058,
    "dateTime": {
      "date": {
        "year": 2019,
        "month": 10,
        "day": 16
      },
      "time": {
        "hour": 9,
        "minute": 26,
        "second": 46,
        "nano": 0
      }
    },
    "citySender": "Балаклія (Харківська обл.)",
    "cityRecipient": "Балаклія (Харківська обл.)"
  },
  {
    "number": 59000455228059,
    "dateTime": {
      "date": {
        "year": 2019,
        "month": 10,
        "day": 16
      },
      "time": {
        "hour": 9,
        "minute": 26,
        "second": 48,
        "nano": 0
      }
    },
    "citySender": "Перечин",
    "cityRecipient": "Львів"
  },
  {
    "number": 59000455228061,
    "dateTime": {
      "date": {
        "year": 2019,
        "month": 10,
        "day": 16
      },
      "time": {
        "hour": 9,
        "minute": 25,
        "second": 39,
        "nano": 0
      }
    },
    "citySender": "Херсон",
    "cityRecipient": "Гайсин"
  },
  {
    "number": 59000455228062,
    "dateTime": {
      "date": {
        "year": 2019,
        "month": 10,
        "day": 16
      },
      "time": {
        "hour": 9,
        "minute": 26,
        "second": 13,
        "nano": 0
      }
    },
    "citySender": "Іванівка (Одеська обл., Іванівський р-н)",
    "cityRecipient": "Дніпро"
  },
  {
    "number": 59000455228063,
    "dateTime": {
      "date": {
        "year": 2019,
        "month": 10,
        "day": 16
      },
      "time": {
        "hour": 9,
        "minute": 26,
        "second": 45,
        "nano": 0
      }
    },
    "citySender": "Шацьк",
    "cityRecipient": "Київ"
  },
  {
    "number": 59000455228064,
    "dateTime": {
      "date": {
        "year": 2019,
        "month": 10,
        "day": 16
      },
      "time": {
        "hour": 9,
        "minute": 25,
        "second": 52,
        "nano": 0
      }
    },
    "citySender": "Старий Салтів",
    "cityRecipient": "Львів"
  },
  {
    "number": 59000455228065,
    "dateTime": {
      "date": {
        "year": 2019,
        "month": 10,
        "day": 16
      },
      "time": {
        "hour": 9,
        "minute": 26,
        "second": 36,
        "nano": 0
      }
    },
    "citySender": "Солоне",
    "cityRecipient": "Іваничі (Волинська обл.)"
  },
  {
    "number": 59000455228066,
    "dateTime": {
      "date": {
        "year": 2019,
        "month": 10,
        "day": 16
      },
      "time": {
        "hour": 9,
        "minute": 26,
        "second": 33,
        "nano": 0
      }
    },
    "citySender": "Горішні Плавні",
    "cityRecipient": "Новоград-Волинський"
  },
  {
    "number": 59000455228067,
    "dateTime": {
      "date": {
        "year": 2019,
        "month": 10,
        "day": 16
      },
      "time": {
        "hour": 9,
        "minute": 26,
        "second": 39,
        "nano": 0
      }
    },
    "citySender": "Хмельницький",
    "cityRecipient": "Іллінці"
  },
  {
    "number": 59000455228068,
    "dateTime": {
      "date": {
        "year": 2019,
        "month": 10,
        "day": 16
      },
      "time": {
        "hour": 9,
        "minute": 26,
        "second": 22,
        "nano": 0
      }
    },
    "citySender": "Київ",
    "cityRecipient": "Павлів(Львівська обл.)"
  },
  {
    "number": 59000455228069,
    "dateTime": {
      "date": {
        "year": 2019,
        "month": 10,
        "day": 16
      },
      "time": {
        "hour": 9,
        "minute": 26,
        "second": 32,
        "nano": 0
      }
    },
    "citySender": "Маріуполь",
    "cityRecipient": "Вишневе"
  },
  {
    "number": 59000455228070,
    "dateTime": {
      "date": {
        "year": 2019,
        "month": 10,
        "day": 16
      },
      "time": {
        "hour": 9,
        "minute": 26,
        "second": 17,
        "nano": 0
      }
    },
    "citySender": "Нетішин",
    "cityRecipient": "Вишневе"
  },
  {
    "number": 59000455228071,
    "dateTime": {
      "date": {
        "year": 2019,
        "month": 10,
        "day": 16
      },
      "time": {
        "hour": 9,
        "minute": 26,
        "second": 50,
        "nano": 0
      }
    },
    "citySender": "Мошни",
    "cityRecipient": "Врадіївка"
  },
  {
    "number": 59000455228072,
    "dateTime": {
      "date": {
        "year": 2019,
        "month": 10,
        "day": 16
      },
      "time": {
        "hour": 9,
        "minute": 26,
        "second": 7,
        "nano": 0
      }
    },
    "citySender": "Волноваха",
    "cityRecipient": "Краматорськ"
  },
  {
    "number": 59000455228074,
    "dateTime": {
      "date": {
        "year": 2019,
        "month": 10,
        "day": 16
      },
      "time": {
        "hour": 9,
        "minute": 26,
        "second": 39,
        "nano": 0
      }
    },
    "citySender": "Теплик",
    "cityRecipient": "Хмельницький"
  },
  {
    "number": 59000455228075,
    "dateTime": {
      "date": {
        "year": 2019,
        "month": 10,
        "day": 16
      },
      "time": {
        "hour": 9,
        "minute": 26,
        "second": 10,
        "nano": 0
      }
    },
    "citySender": "Мостиська",
    "cityRecipient": "Київ"
  },
  {
    "number": 59000455228076,
    "dateTime": {
      "date": {
        "year": 2019,
        "month": 10,
        "day": 16
      },
      "time": {
        "hour": 9,
        "minute": 26,
        "second": 28,
        "nano": 0
      }
    },
    "citySender": "Комишуваха",
    "cityRecipient": "Токмак"
  },
  {
    "number": 59000455228077,
    "dateTime": {
      "date": {
        "year": 2019,
        "month": 10,
        "day": 16
      },
      "time": {
        "hour": 9,
        "minute": 26,
        "second": 15,
        "nano": 0
      }
    },
    "citySender": "Київ",
    "cityRecipient": "Київ"
  },
  {
    "number": 59000455228078,
    "dateTime": {
      "date": {
        "year": 2019,
        "month": 10,
        "day": 16
      },
      "time": {
        "hour": 9,
        "minute": 26,
        "second": 34,
        "nano": 0
      }
    },
    "citySender": "Івано-Франківськ",
    "cityRecipient": "Київ"
  },
  {
    "number": 59000455228079,
    "dateTime": {
      "date": {
        "year": 2019,
        "month": 10,
        "day": 16
      },
      "time": {
        "hour": 9,
        "minute": 26,
        "second": 34,
        "nano": 0
      }
    },
    "citySender": "Кам\u0027янське(Дніпропетровська обл)",
    "cityRecipient": "Кривий Ріг"
  },
  {
    "number": 59000455228080,
    "dateTime": {
      "date": {
        "year": 2019,
        "month": 10,
        "day": 16
      },
      "time": {
        "hour": 9,
        "minute": 26,
        "second": 51,
        "nano": 0
      }
    },
    "citySender": "Краматорськ",
    "cityRecipient": "Київ"
  },
  {
    "number": 59000455228081,
    "dateTime": {
      "date": {
        "year": 2019,
        "month": 10,
        "day": 16
      },
      "time": {
        "hour": 9,
        "minute": 25,
        "second": 43,
        "nano": 0
      }
    },
    "citySender": "Велика Багачка",
    "cityRecipient": "Харків"
  },
  {
    "number": 59000455228082,
    "dateTime": {
      "date": {
        "year": 2019,
        "month": 10,
        "day": 16
      },
      "time": {
        "hour": 9,
        "minute": 26,
        "second": 53,
        "nano": 0
      }
    },
    "citySender": "Малин",
    "cityRecipient": "Київ"
  },
  {
    "number": 59000455228084,
    "dateTime": {
      "date": {
        "year": 2019,
        "month": 10,
        "day": 16
      },
      "time": {
        "hour": 9,
        "minute": 26,
        "second": 10,
        "nano": 0
      }
    },
    "citySender": "Одеса",
    "cityRecipient": "Миколаїв"
  },
  {
    "number": 59000455228085,
    "dateTime": {
      "date": {
        "year": 2019,
        "month": 10,
        "day": 16
      },
      "time": {
        "hour": 9,
        "minute": 25,
        "second": 3,
        "nano": 0
      }
    },
    "citySender": "Миколаїв",
    "cityRecipient": "Запоріжжя"
  },
  {
    "number": 59000455228086,
    "dateTime": {
      "date": {
        "year": 2019,
        "month": 10,
        "day": 16
      },
      "time": {
        "hour": 9,
        "minute": 26,
        "second": 20,
        "nano": 0
      }
    },
    "citySender": "Нова Ушиця",
    "cityRecipient": "Чорний Острів"
  },
  {
    "number": 59000455228087,
    "dateTime": {
      "date": {
        "year": 2019,
        "month": 10,
        "day": 16
      },
      "time": {
        "hour": 9,
        "minute": 26,
        "second": 13,
        "nano": 0
      }
    },
    "citySender": "Шишаки",
    "cityRecipient": "Херсон"
  },
  {
    "number": 59000455228088,
    "dateTime": {
      "date": {
        "year": 2019,
        "month": 10,
        "day": 16
      },
      "time": {
        "hour": 9,
        "minute": 26,
        "second": 5,
        "nano": 0
      }
    },
    "citySender": "Лужани",
    "cityRecipient": "Чугуїв"
  },
  {
    "number": 59000455228089,
    "dateTime": {
      "date": {
        "year": 2019,
        "month": 10,
        "day": 16
      },
      "time": {
        "hour": 9,
        "minute": 26,
        "second": 27,
        "nano": 0
      }
    },
    "citySender": "Біла Церква",
    "cityRecipient": "Бережани (Тернопільська обл.)"
  },
  {
    "number": 59000455228090,
    "dateTime": {
      "date": {
        "year": 2019,
        "month": 10,
        "day": 16
      },
      "time": {
        "hour": 9,
        "minute": 26,
        "second": 46,
        "nano": 0
      }
    },
    "citySender": "Київ",
    "cityRecipient": "Дніпро"
  },
  {
    "number": 59000455228091,
    "dateTime": {
      "date": {
        "year": 2019,
        "month": 10,
        "day": 16
      },
      "time": {
        "hour": 9,
        "minute": 26,
        "second": 48,
        "nano": 0
      }
    },
    "citySender": "Житомир",
    "cityRecipient": "Дніпро"
  },
  {
    "number": 59000455228092,
    "dateTime": {
      "date": {
        "year": 2019,
        "month": 10,
        "day": 16
      },
      "time": {
        "hour": 9,
        "minute": 26,
        "second": 47,
        "nano": 0
      }
    },
    "citySender": "Мукачево",
    "cityRecipient": "Ужгород"
  },
  {
    "number": 59000455228093,
    "dateTime": {
      "date": {
        "year": 2019,
        "month": 10,
        "day": 16
      },
      "time": {
        "hour": 9,
        "minute": 26,
        "second": 54,
        "nano": 0
      }
    },
    "citySender": "Українка",
    "cityRecipient": "Хмельницький"
  },
  {
    "number": 59000455228094,
    "dateTime": {
      "date": {
        "year": 2019,
        "month": 10,
        "day": 16
      },
      "time": {
        "hour": 9,
        "minute": 25,
        "second": 45,
        "nano": 0
      }
    },
    "citySender": "Заліщики",
    "cityRecipient": "Вінниця"
  },
  {
    "number": 59000455228095,
    "dateTime": {
      "date": {
        "year": 2019,
        "month": 10,
        "day": 16
      },
      "time": {
        "hour": 9,
        "minute": 26,
        "second": 53,
        "nano": 0
      }
    },
    "citySender": "Глибока",
    "cityRecipient": "Київ"
  },
  {
    "number": 59000455228096,
    "dateTime": {
      "date": {
        "year": 2019,
        "month": 10,
        "day": 16
      },
      "time": {
        "hour": 9,
        "minute": 26,
        "second": 14,
        "nano": 0
      }
    },
    "citySender": "Короп",
    "cityRecipient": "Мошни"
  },
  {
    "number": 59000455228097,
    "dateTime": {
      "date": {
        "year": 2019,
        "month": 10,
        "day": 16
      },
      "time": {
        "hour": 9,
        "minute": 25,
        "second": 52,
        "nano": 0
      }
    },
    "citySender": "Корсунь-Шевченківський",
    "cityRecipient": "Гайворон"
  },
  {
    "number": 59000455228098,
    "dateTime": {
      "date": {
        "year": 2019,
        "month": 10,
        "day": 16
      },
      "time": {
        "hour": 9,
        "minute": 26,
        "second": 54,
        "nano": 0
      }
    },
    "citySender": "Голубівка",
    "cityRecipient": "Бровари"
  }
]