[
  {
    "number": 59000455220303,
    "dateTime": {
      "date": {
        "year": 2019,
        "month": 10,
        "day": 16
      },
      "time": {
        "hour": 9,
        "minute": 3,
        "second": 47,
        "nano": 0
      }
    },
    "citySender": "Бахмач",
    "cityRecipient": "Тернопіль"
  },
  {
    "number": 59000455220304,
    "dateTime": {
      "date": {
        "year": 2019,
        "month": 10,
        "day": 16
      },
      "time": {
        "hour": 9,
        "minute": 4,
        "second": 22,
        "nano": 0
      }
    },
    "citySender": "Сєвєродонецьк",
    "cityRecipient": "Київ"
  },
  {
    "number": 59000455220305,
    "dateTime": {
      "date": {
        "year": 2019,
        "month": 10,
        "day": 16
      },
      "time": {
        "hour": 9,
        "minute": 4,
        "second": 22,
        "nano": 0
      }
    },
    "citySender": "Горохів",
    "cityRecipient": "Харків"
  },
  {
    "number": 59000455220306,
    "dateTime": {
      "date": {
        "year": 2019,
        "month": 10,
        "day": 16
      },
      "time": {
        "hour": 9,
        "minute": 3,
        "second": 50,
        "nano": 0
      }
    },
    "citySender": "Одеса",
    "cityRecipient": "Старі Петрівці"
  },
  {
    "number": 59000455220307,
    "dateTime": {
      "date": {
        "year": 2019,
        "month": 10,
        "day": 16
      },
      "time": {
        "hour": 9,
        "minute": 4,
        "second": 15,
        "nano": 0
      }
    },
    "citySender": "Біла Церква",
    "cityRecipient": "Львів"
  },
  {
    "number": 59000455220308,
    "dateTime": {
      "date": {
        "year": 2019,
        "month": 10,
        "day": 16
      },
      "time": {
        "hour": 9,
        "minute": 3,
        "second": 50,
        "nano": 0
      }
    },
    "citySender": "Гусятин",
    "cityRecipient": "Стрий"
  },
  {
    "number": 59000455220309,
    "dateTime": {
      "date": {
        "year": 2019,
        "month": 10,
        "day": 16
      },
      "time": {
        "hour": 9,
        "minute": 4,
        "second": 2,
        "nano": 0
      }
    },
    "citySender": "Новоархангельськ",
    "cityRecipient": "Київ"
  },
  {
    "number": 59000455220310,
    "dateTime": {
      "date": {
        "year": 2019,
        "month": 10,
        "day": 16
      },
      "time": {
        "hour": 9,
        "minute": 3,
        "second": 47,
        "nano": 0
      }
    },
    "citySender": "Рені",
    "cityRecipient": "Вишневе"
  },
  {
    "number": 59000455220311,
    "dateTime": {
      "date": {
        "year": 2019,
        "month": 10,
        "day": 16
      },
      "time": {
        "hour": 9,
        "minute": 4,
        "second": 18,
        "nano": 0
      }
    },
    "citySender": "Тростянець (Сумська обл.)",
    "cityRecipient": "Харків"
  },
  {
    "number": 59000455220312,
    "dateTime": {
      "date": {
        "year": 2019,
        "month": 10,
        "day": 16
      },
      "time": {
        "hour": 9,
        "minute": 4,
        "second": 22,
        "nano": 0
      }
    },
    "citySender": "Десна (Чернігівська обл.)",
    "cityRecipient": "Київ"
  },
  {
    "number": 59000455220313,
    "dateTime": {
      "date": {
        "year": 2019,
        "month": 10,
        "day": 16
      },
      "time": {
        "hour": 9,
        "minute": 3,
        "second": 54,
        "nano": 0
      }
    },
    "citySender": "Сатанів",
    "cityRecipient": "Бровари"
  },
  {
    "number": 59000455220314,
    "dateTime": {
      "date": {
        "year": 2019,
        "month": 10,
        "day": 16
      },
      "time": {
        "hour": 9,
        "minute": 3,
        "second": 52,
        "nano": 0
      }
    },
    "citySender": "Полтава",
    "cityRecipient": "Дніпро"
  },
  {
    "number": 59000455220315,
    "dateTime": {
      "date": {
        "year": 2019,
        "month": 10,
        "day": 16
      },
      "time": {
        "hour": 9,
        "minute": 3,
        "second": 45,
        "nano": 0
      }
    },
    "citySender": "Миколаїв",
    "cityRecipient": "Київ"
  },
  {
    "number": 59000455220316,
    "dateTime": {
      "date": {
        "year": 2019,
        "month": 10,
        "day": 16
      },
      "time": {
        "hour": 9,
        "minute": 3,
        "second": 28,
        "nano": 0
      }
    },
    "citySender": "Зміїв",
    "cityRecipient": "Одеса"
  },
  {
    "number": 59000455220317,
    "dateTime": {
      "date": {
        "year": 2019,
        "month": 10,
        "day": 16
      },
      "time": {
        "hour": 9,
        "minute": 3,
        "second": 36,
        "nano": 0
      }
    },
    "citySender": "Вознесенськ",
    "cityRecipient": "Полтава"
  },
  {
    "number": 59000455220318,
    "dateTime": {
      "date": {
        "year": 2019,
        "month": 10,
        "day": 16
      },
      "time": {
        "hour": 9,
        "minute": 4,
        "second": 14,
        "nano": 0
      }
    },
    "citySender": "Херсон",
    "cityRecipient": "Запоріжжя"
  },
  {
    "number": 59000455220320,
    "dateTime": {
      "date": {
        "year": 2019,
        "month": 10,
        "day": 16
      },
      "time": {
        "hour": 9,
        "minute": 4,
        "second": 24,
        "nano": 0
      }
    },
    "citySender": "Опішня",
    "cityRecipient": "Полтава"
  },
  {
    "number": 59000455220321,
    "dateTime": {
      "date": {
        "year": 2019,
        "month": 10,
        "day": 16
      },
      "time": {
        "hour": 9,
        "minute": 3,
        "second": 50,
        "nano": 0
      }
    },
    "citySender": "Рокитне (Рівненська обл., Рокитнівський р-н)",
    "cityRecipient": "Вінниця"
  },
  {
    "number": 59000455220322,
    "dateTime": {
      "date": {
        "year": 2019,
        "month": 10,
        "day": 16
      },
      "time": {
        "hour": 9,
        "minute": 3,
        "second": 44,
        "nano": 0
      }
    },
    "citySender": "Старокостянтинів",
    "cityRecipient": "Харків"
  },
  {
    "number": 59000455220324,
    "dateTime": {
      "date": {
        "year": 2019,
        "month": 10,
        "day": 16
      },
      "time": {
        "hour": 9,
        "minute": 4,
        "second": 11,
        "nano": 0
      }
    },
    "citySender": "Коростень",
    "cityRecipient": "Чернігів"
  },
  {
    "number": 59000455220325,
    "dateTime": {
      "date": {
        "year": 2019,
        "month": 10,
        "day": 16
      },
      "time": {
        "hour": 9,
        "minute": 4,
        "second": 25,
        "nano": 0
      }
    },
    "citySender": "Кам\u0027янець-Подільський",
    "cityRecipient": "Львів"
  },
  {
    "number": 59000455220326,
    "dateTime": {
      "date": {
        "year": 2019,
        "month": 10,
        "day": 16
      },
      "time": {
        "hour": 9,
        "minute": 4,
        "second": 10,
        "nano": 0
      }
    },
    "citySender": "Первомайськ(Микол.обл.Первомайс.р-н)",
    "cityRecipient": "Чортків"
  },
  {
    "number": 59000455220327,
    "dateTime": {
      "date": {
        "year": 2019,
        "month": 10,
        "day": 16
      },
      "time": {
        "hour": 9,
        "minute": 4,
        "second": 15,
        "nano": 0
      }
    },
    "citySender": "Сахновщина (Харківська обл.)",
    "cityRecipient": "Одеса"
  },
  {
    "number": 59000455220328,
    "dateTime": {
      "date": {
        "year": 2019,
        "month": 10,
        "day": 16
      },
      "time": {
        "hour": 9,
        "minute": 4,
        "second": 25,
        "nano": 0
      }
    },
    "citySender": "Львів",
    "cityRecipient": "Львів"
  },
  {
    "number": 59000455220329,
    "dateTime": {
      "date": {
        "year": 2019,
        "month": 10,
        "day": 16
      },
      "time": {
        "hour": 9,
        "minute": 4,
        "second": 3,
        "nano": 0
      }
    },
    "citySender": "Ужгород",
    "cityRecipient": "Бориспіль"
  },
  {
    "number": 59000455220330,
    "dateTime": {
      "date": {
        "year": 2019,
        "month": 10,
        "day": 16
      },
      "time": {
        "hour": 9,
        "minute": 4,
        "second": 1,
        "nano": 0
      }
    },
    "citySender": "Кобеляки",
    "cityRecipient": "Київ"
  },
  {
    "number": 59000455220331,
    "dateTime": {
      "date": {
        "year": 2019,
        "month": 10,
        "day": 16
      },
      "time": {
        "hour": 9,
        "minute": 3,
        "second": 55,
        "nano": 0
      }
    },
    "citySender": "Курахове",
    "cityRecipient": "Дніпро"
  },
  {
    "number": 59000455220332,
    "dateTime": {
      "date": {
        "year": 2019,
        "month": 10,
        "day": 16
      },
      "time": {
        "hour": 9,
        "minute": 3,
        "second": 59,
        "nano": 0
      }
    },
    "citySender": "Козелець",
    "cityRecipient": "Бориспіль"
  },
  {
    "number": 59000455220333,
    "dateTime": {
      "date": {
        "year": 2019,
        "month": 10,
        "day": 16
      },
      "time": {
        "hour": 9,
        "minute": 3,
        "second": 26,
        "nano": 0
      }
    },
    "citySender": "Заводське(Лохвицький р-н,Полтав. обл)",
    "cityRecipient": "Полтава"
  },
  {
    "number": 59000455220334,
    "dateTime": {
      "date": {
        "year": 2019,
        "month": 10,
        "day": 16
      },
      "time": {
        "hour": 9,
        "minute": 2,
        "second": 33,
        "nano": 0
      }
    },
    "citySender": "Кириківка(Великописарів.р-н)",
    "cityRecipient": "Новогродівка"
  },
  {
    "number": 59000455220335,
    "dateTime": {
      "date": {
        "year": 2019,
        "month": 10,
        "day": 16
      },
      "time": {
        "hour": 9,
        "minute": 4,
        "second": 23,
        "nano": 0
      }
    },
    "citySender": "Бровари",
    "cityRecipient": "Київ"
  },
  {
    "number": 59000455220336,
    "dateTime": {
      "date": {
        "year": 2019,
        "month": 10,
        "day": 16
      },
      "time": {
        "hour": 9,
        "minute": 4,
        "second": 26,
        "nano": 0
      }
    },
    "citySender": "Ковалівка (Вінницька обл.)",
    "cityRecipient": "Київ"
  },
  {
    "number": 59000455220337,
    "dateTime": {
      "date": {
        "year": 2019,
        "month": 10,
        "day": 16
      },
      "time": {
        "hour": 9,
        "minute": 3,
        "second": 9,
        "nano": 0
      }
    },
    "citySender": "Біла Церква",
    "cityRecipient": "Попасна"
  },
  {
    "number": 59000455220338,
    "dateTime": {
      "date": {
        "year": 2019,
        "month": 10,
        "day": 16
      },
      "time": {
        "hour": 9,
        "minute": 4,
        "second": 14,
        "nano": 0
      }
    },
    "citySender": "Буча",
    "cityRecipient": "Київ"
  },
  {
    "number": 59000455220340,
    "dateTime": {
      "date": {
        "year": 2019,
        "month": 10,
        "day": 16
      },
      "time": {
        "hour": 9,
        "minute": 3,
        "second": 53,
        "nano": 0
      }
    },
    "citySender": "Кременець",
    "cityRecipient": "Суми"
  },
  {
    "number": 59000455220341,
    "dateTime": {
      "date": {
        "year": 2019,
        "month": 10,
        "day": 16
      },
      "time": {
        "hour": 9,
        "minute": 3,
        "second": 59,
        "nano": 0
      }
    },
    "citySender": "Куп\u0027янськ",
    "cityRecipient": "Кропивницький"
  },
  {
    "number": 59000455220342,
    "dateTime": {
      "date": {
        "year": 2019,
        "month": 10,
        "day": 16
      },
      "time": {
        "hour": 9,
        "minute": 4,
        "second": 28,
        "nano": 0
      }
    },
    "citySender": "Мирноград",
    "cityRecipient": "Харків"
  },
  {
    "number": 59000455220343,
    "dateTime": {
      "date": {
        "year": 2019,
        "month": 10,
        "day": 16
      },
      "time": {
        "hour": 9,
        "minute": 4,
        "second": 25,
        "nano": 0
      }
    },
    "citySender": "Луцьк",
    "cityRecipient": "Ірпінь"
  },
  {
    "number": 59000455220344,
    "dateTime": {
      "date": {
        "year": 2019,
        "month": 10,
        "day": 16
      },
      "time": {
        "hour": 9,
        "minute": 4,
        "second": 20,
        "nano": 0
      }
    },
    "citySender": "Київ",
    "cityRecipient": "Кропивницький"
  },
  {
    "number": 59000455220345,
    "dateTime": {
      "date": {
        "year": 2019,
        "month": 10,
        "day": 16
      },
      "time": {
        "hour": 9,
        "minute": 4,
        "second": 5,
        "nano": 0
      }
    },
    "citySender": "Київ",
    "cityRecipient": "Вознесенськ"
  },
  {
    "number": 59000455220346,
    "dateTime": {
      "date": {
        "year": 2019,
        "month": 10,
        "day": 16
      },
      "time": {
        "hour": 9,
        "minute": 4,
        "second": 15,
        "nano": 0
      }
    },
    "citySender": "Нікополь (Дніпропетровська обл.)",
    "cityRecipient": "Одеса"
  },
  {
    "number": 59000455220347,
    "dateTime": {
      "date": {
        "year": 2019,
        "month": 10,
        "day": 16
      },
      "time": {
        "hour": 9,
        "minute": 4,
        "second": 17,
        "nano": 0
      }
    },
    "citySender": "Рівне",
    "cityRecipient": "Чернівці"
  },
  {
    "number": 59000455220348,
    "dateTime": {
      "date": {
        "year": 2019,
        "month": 10,
        "day": 16
      },
      "time": {
        "hour": 9,
        "minute": 4,
        "second": 19,
        "nano": 0
      }
    },
    "citySender": "Кам\u0027янське(Дніпропетровська обл)",
    "cityRecipient": "Голованівськ"
  },
  {
    "number": 59000455220349,
    "dateTime": {
      "date": {
        "year": 2019,
        "month": 10,
        "day": 16
      },
      "time": {
        "hour": 9,
        "minute": 4,
        "second": 0,
        "nano": 0
      }
    },
    "citySender": "Котельва",
    "cityRecipient": "Кременчук"
  },
  {
    "number": 59000455220350,
    "dateTime": {
      "date": {
        "year": 2019,
        "month": 10,
        "day": 16
      },
      "time": {
        "hour": 9,
        "minute": 4,
        "second": 28,
        "nano": 0
      }
    },
    "citySender": "Радивилів",
    "cityRecipient": "Київ"
  },
  {
    "number": 59000455220351,
    "dateTime": {
      "date": {
        "year": 2019,
        "month": 10,
        "day": 16
      },
      "time": {
        "hour": 9,
        "minute": 2,
        "second": 37,
        "nano": 0
      }
    },
    "citySender": "Турка",
    "cityRecipient": "Бахмут"
  },
  {
    "number": 59000455220352,
    "dateTime": {
      "date": {
        "year": 2019,
        "month": 10,
        "day": 16
      },
      "time": {
        "hour": 9,
        "minute": 4,
        "second": 6,
        "nano": 0
      }
    },
    "citySender": "Хмельницький",
    "cityRecipient": "Київ"
  },
  {
    "number": 59000455220353,
    "dateTime": {
      "date": {
        "year": 2019,
        "month": 10,
        "day": 16
      },
      "time": {
        "hour": 9,
        "minute": 4,
        "second": 29,
        "nano": 0
      }
    },
    "citySender": "Краматорськ",
    "cityRecipient": "Київ"
  },
  {
    "number": 59000455220354,
    "dateTime": {
      "date": {
        "year": 2019,
        "month": 10,
        "day": 16
      },
      "time": {
        "hour": 9,
        "minute": 3,
        "second": 29,
        "nano": 0
      }
    },
    "citySender": "Маньківка",
    "cityRecipient": "Київ"
  },
  {
    "number": 59000455220355,
    "dateTime": {
      "date": {
        "year": 2019,
        "month": 10,
        "day": 16
      },
      "time": {
        "hour": 9,
        "minute": 4,
        "second": 1,
        "nano": 0
      }
    },
    "citySender": "Плесецьке",
    "cityRecipient": "Київ"
  },
  {
    "number": 59000455220356,
    "dateTime": {
      "date": {
        "year": 2019,
        "month": 10,
        "day": 16
      },
      "time": {
        "hour": 9,
        "minute": 4,
        "second": 11,
        "nano": 0
      }
    },
    "citySender": "Одеса",
    "cityRecipient": "Білгород-Дністровський"
  },
  {
    "number": 59000455220357,
    "dateTime": {
      "date": {
        "year": 2019,
        "month": 10,
        "day": 16
      },
      "time": {
        "hour": 9,
        "minute": 4,
        "second": 17,
        "nano": 0
      }
    },
    "citySender": "Житомир",
    "cityRecipient": "Мала Виска"
  },
  {
    "number": 59000455220359,
    "dateTime": {
      "date": {
        "year": 2019,
        "month": 10,
        "day": 16
      },
      "time": {
        "hour": 9,
        "minute": 2,
        "second": 40,
        "nano": 0
      }
    },
    "citySender": "Київ",
    "cityRecipient": "Харків"
  },
  {
    "number": 59000455220360,
    "dateTime": {
      "date": {
        "year": 2019,
        "month": 10,
        "day": 16
      },
      "time": {
        "hour": 9,
        "minute": 4,
        "second": 29,
        "nano": 0
      }
    },
    "citySender": "Київ",
    "cityRecipient": "Суми"
  },
  {
    "number": 59000455220361,
    "dateTime": {
      "date": {
        "year": 2019,
        "month": 10,
        "day": 16
      },
      "time": {
        "hour": 9,
        "minute": 2,
        "second": 58,
        "nano": 0
      }
    },
    "citySender": "Полонне",
    "cityRecipient": "Харків"
  },
  {
    "number": 59000455220362,
    "dateTime": {
      "date": {
        "year": 2019,
        "month": 10,
        "day": 16
      },
      "time": {
        "hour": 9,
        "minute": 4,
        "second": 1,
        "nano": 0
      }
    },
    "citySender": "Запоріжжя",
    "cityRecipient": "Приморськ (Запорізька обл.)"
  },
  {
    "number": 59000455220364,
    "dateTime": {
      "date": {
        "year": 2019,
        "month": 10,
        "day": 16
      },
      "time": {
        "hour": 9,
        "minute": 4,
        "second": 31,
        "nano": 0
      }
    },
    "citySender": "Першотравенськ (Дніпропетровська обл)",
    "cityRecipient": "Дніпро"
  },
  {
    "number": 59000455220365,
    "dateTime": {
      "date": {
        "year": 2019,
        "month": 10,
        "day": 16
      },
      "time": {
        "hour": 9,
        "minute": 3,
        "second": 56,
        "nano": 0
      }
    },
    "citySender": "Казанка",
    "cityRecipient": "Миколаїв"
  },
  {
    "number": 59000455220366,
    "dateTime": {
      "date": {
        "year": 2019,
        "month": 10,
        "day": 16
      },
      "time": {
        "hour": 9,
        "minute": 4,
        "second": 7,
        "nano": 0
      }
    },
    "citySender": "Старобільськ",
    "cityRecipient": "Львів"
  },
  {
    "number": 59000455220367,
    "dateTime": {
      "date": {
        "year": 2019,
        "month": 10,
        "day": 16
      },
      "time": {
        "hour": 9,
        "minute": 4,
        "second": 24,
        "nano": 0
      }
    },
    "citySender": "Ширяєве",
    "cityRecipient": "Нововолинськ"
  },
  {
    "number": 59000455220368,
    "dateTime": {
      "date": {
        "year": 2019,
        "month": 10,
        "day": 16
      },
      "time": {
        "hour": 9,
        "minute": 4,
        "second": 20,
        "nano": 0
      }
    },
    "citySender": "Мелітополь",
    "cityRecipient": "Миколаїв"
  },
  {
    "number": 59000455220369,
    "dateTime": {
      "date": {
        "year": 2019,
        "month": 10,
        "day": 16
      },
      "time": {
        "hour": 9,
        "minute": 4,
        "second": 21,
        "nano": 0
      }
    },
    "citySender": "Суми",
    "cityRecipient": "Запоріжжя"
  },
  {
    "number": 59000455220370,
    "dateTime": {
      "date": {
        "year": 2019,
        "month": 10,
        "day": 16
      },
      "time": {
        "hour": 9,
        "minute": 3,
        "second": 51,
        "nano": 0
      }
    },
    "citySender": "Олешки(Херсонська обл)",
    "cityRecipient": "Нова Водолага"
  },
  {
    "number": 59000455220371,
    "dateTime": {
      "date": {
        "year": 2019,
        "month": 10,
        "day": 16
      },
      "time": {
        "hour": 9,
        "minute": 2,
        "second": 40,
        "nano": 0
      }
    },
    "citySender": "Печеніжин",
    "cityRecipient": "Кропивницький"
  },
  {
    "number": 59000455220372,
    "dateTime": {
      "date": {
        "year": 2019,
        "month": 10,
        "day": 16
      },
      "time": {
        "hour": 9,
        "minute": 3,
        "second": 56,
        "nano": 0
      }
    },
    "citySender": "Василівка (Запорізька обл.)",
    "cityRecipient": "Київ"
  },
  {
    "number": 59000455220373,
    "dateTime": {
      "date": {
        "year": 2019,
        "month": 10,
        "day": 16
      },
      "time": {
        "hour": 9,
        "minute": 4,
        "second": 14,
        "nano": 0
      }
    },
    "citySender": "Дніпро",
    "cityRecipient": "Київ"
  },
  {
    "number": 59000455220374,
    "dateTime": {
      "date": {
        "year": 2019,
        "month": 10,
        "day": 16
      },
      "time": {
        "hour": 9,
        "minute": 4,
        "second": 32,
        "nano": 0
      }
    },
    "citySender": "Турка",
    "cityRecipient": "Київ"
  },
  {
    "number": 59000455220375,
    "dateTime": {
      "date": {
        "year": 2019,
        "month": 10,
        "day": 16
      },
      "time": {
        "hour": 9,
        "minute": 4,
        "second": 24,
        "nano": 0
      }
    },
    "citySender": "Прилуки",
    "cityRecipient": "Звенигородка"
  },
  {
    "number": 59000455220376,
    "dateTime": {
      "date": {
        "year": 2019,
        "month": 10,
        "day": 16
      },
      "time": {
        "hour": 9,
        "minute": 4,
        "second": 29,
        "nano": 0
      }
    },
    "citySender": "Миколаїв",
    "cityRecipient": "Миколаїв (Львівська обл., Миколаївський р-н)"
  },
  {
    "number": 59000455220377,
    "dateTime": {
      "date": {
        "year": 2019,
        "month": 10,
        "day": 16
      },
      "time": {
        "hour": 9,
        "minute": 3,
        "second": 11,
        "nano": 0
      }
    },
    "citySender": "Марганець",
    "cityRecipient": "Біла Церква"
  },
  {
    "number": 59000455220378,
    "dateTime": {
      "date": {
        "year": 2019,
        "month": 10,
        "day": 16
      },
      "time": {
        "hour": 9,
        "minute": 3,
        "second": 44,
        "nano": 0
      }
    },
    "citySender": "Лозова",
    "cityRecipient": "Надвірна"
  },
  {
    "number": 59000455220379,
    "dateTime": {
      "date": {
        "year": 2019,
        "month": 10,
        "day": 16
      },
      "time": {
        "hour": 9,
        "minute": 4,
        "second": 20,
        "nano": 0
      }
    },
    "citySender": "Святопетрівське (Києво-Свят.р-н)",
    "cityRecipient": "Київ"
  },
  {
    "number": 59000455220381,
    "dateTime": {
      "date": {
        "year": 2019,
        "month": 10,
        "day": 16
      },
      "time": {
        "hour": 9,
        "minute": 4,
        "second": 32,
        "nano": 0
      }
    },
    "citySender": "Чернігів",
    "cityRecipient": "Київ"
  },
  {
    "number": 59000455220382,
    "dateTime": {
      "date": {
        "year": 2019,
        "month": 10,
        "day": 16
      },
      "time": {
        "hour": 9,
        "minute": 3,
        "second": 12,
        "nano": 0
      }
    },
    "citySender": "Одеса",
    "cityRecipient": "Дубно"
  },
  {
    "number": 59000455220383,
    "dateTime": {
      "date": {
        "year": 2019,
        "month": 10,
        "day": 16
      },
      "time": {
        "hour": 9,
        "minute": 4,
        "second": 15,
        "nano": 0
      }
    },
    "citySender": "Чуднів",
    "cityRecipient": "Умань"
  },
  {
    "number": 59000455220384,
    "dateTime": {
      "date": {
        "year": 2019,
        "month": 10,
        "day": 16
      },
      "time": {
        "hour": 9,
        "minute": 4,
        "second": 15,
        "nano": 0
      }
    },
    "citySender": "Чернівці",
    "cityRecipient": "Каховка"
  },
  {
    "number": 59000455220385,
    "dateTime": {
      "date": {
        "year": 2019,
        "month": 10,
        "day": 16
      },
      "time": {
        "hour": 9,
        "minute": 3,
        "second": 47,
        "nano": 0
      }
    },
    "citySender": "Зарічне(Рівненська обл.)",
    "cityRecipient": "Харків"
  },
  {
    "number": 59000455220386,
    "dateTime": {
      "date": {
        "year": 2019,
        "month": 10,
        "day": 16
      },
      "time": {
        "hour": 9,
        "minute": 3,
        "second": 1,
        "nano": 0
      }
    },
    "citySender": "Гайсин",
    "cityRecipient": "Вишгород"
  },
  {
    "number": 59000455220387,
    "dateTime": {
      "date": {
        "year": 2019,
        "month": 10,
        "day": 16
      },
      "time": {
        "hour": 9,
        "minute": 4,
        "second": 7,
        "nano": 0
      }
    },
    "citySender": "Херсон",
    "cityRecipient": "Київ"
  },
  {
    "number": 59000455220389,
    "dateTime": {
      "date": {
        "year": 2019,
        "month": 10,
        "day": 16
      },
      "time": {
        "hour": 9,
        "minute": 4,
        "second": 8,
        "nano": 0
      }
    },
    "citySender": "Новий Розділ",
    "cityRecipient": "Львів"
  },
  {
    "number": 59000455220390,
    "dateTime": {
      "date": {
        "year": 2019,
        "month": 10,
        "day": 16
      },
      "time": {
        "hour": 9,
        "minute": 4,
        "second": 8,
        "nano": 0
      }
    },
    "citySender": "Васильків",
    "cityRecipient": "Гребінки (Київська обл.)"
  },
  {
    "number": 59000455220391,
    "dateTime": {
      "date": {
        "year": 2019,
        "month": 10,
        "day": 16
      },
      "time": {
        "hour": 9,
        "minute": 3,
        "second": 50,
        "nano": 0
      }
    },
    "citySender": "Черкаси",
    "cityRecipient": "Київ"
  },
  {
    "number": 59000455220392,
    "dateTime": {
      "date": {
        "year": 2019,
        "month": 10,
        "day": 16
      },
      "time": {
        "hour": 9,
        "minute": 4,
        "second": 34,
        "nano": 0
      }
    },
    "citySender": "Бахмут",
    "cityRecipient": "Дніпро"
  },
  {
    "number": 59000455220393,
    "dateTime": {
      "date": {
        "year": 2019,
        "month": 10,
        "day": 16
      },
      "time": {
        "hour": 9,
        "minute": 4,
        "second": 34,
        "nano": 0
      }
    },
    "citySender": "Херсон",
    "cityRecipient": "Копайгород"
  },
  {
    "number": 59000455220394,
    "dateTime": {
      "date": {
        "year": 2019,
        "month": 10,
        "day": 16
      },
      "time": {
        "hour": 9,
        "minute": 4,
        "second": 6,
        "nano": 0
      }
    },
    "citySender": "Волноваха",
    "cityRecipient": "Львів"
  },
  {
    "number": 59000455220395,
    "dateTime": {
      "date": {
        "year": 2019,
        "month": 10,
        "day": 16
      },
      "time": {
        "hour": 9,
        "minute": 4,
        "second": 29,
        "nano": 0
      }
    },
    "citySender": "Стрий",
    "cityRecipient": "Київ"
  },
  {
    "number": 59000455220396,
    "dateTime": {
      "date": {
        "year": 2019,
        "month": 10,
        "day": 16
      },
      "time": {
        "hour": 9,
        "minute": 4,
        "second": 11,
        "nano": 0
      }
    },
    "citySender": "Краматорськ",
    "cityRecipient": "Харків"
  },
  {
    "number": 59000455220397,
    "dateTime": {
      "date": {
        "year": 2019,
        "month": 10,
        "day": 16
      },
      "time": {
        "hour": 9,
        "minute": 3,
        "second": 48,
        "nano": 0
      }
    },
    "citySender": "Стебник",
    "cityRecipient": "Кривий Ріг"
  },
  {
    "number": 59000455220398,
    "dateTime": {
      "date": {
        "year": 2019,
        "month": 10,
        "day": 16
      },
      "time": {
        "hour": 9,
        "minute": 4,
        "second": 22,
        "nano": 0
      }
    },
    "citySender": "Рубіжне",
    "cityRecipient": "Кривий Ріг"
  },
  {
    "number": 59000455220399,
    "dateTime": {
      "date": {
        "year": 2019,
        "month": 10,
        "day": 16
      },
      "time": {
        "hour": 9,
        "minute": 4,
        "second": 27,
        "nano": 0
      }
    },
    "citySender": "Слатине",
    "cityRecipient": "Миколаїв"
  },
  {
    "number": 59000455220400,
    "dateTime": {
      "date": {
        "year": 2019,
        "month": 10,
        "day": 16
      },
      "time": {
        "hour": 9,
        "minute": 3,
        "second": 26,
        "nano": 0
      }
    },
    "citySender": "Ржищів",
    "cityRecipient": "Мелітополь"
  },
  {
    "number": 59000455220401,
    "dateTime": {
      "date": {
        "year": 2019,
        "month": 10,
        "day": 16
      },
      "time": {
        "hour": 9,
        "minute": 4,
        "second": 30,
        "nano": 0
      }
    },
    "citySender": "Фастів",
    "cityRecipient": "Костянтинівка (Донецька обл.)"
  }
]