[
  {
    "number": 59000455218403,
    "dateTime": {
      "date": {
        "year": 2019,
        "month": 10,
        "day": 16
      },
      "time": {
        "hour": 8,
        "minute": 59,
        "second": 5,
        "nano": 0
      }
    },
    "citySender": "Опитне (Бахмутський р-н)",
    "cityRecipient": "Нива Трудова"
  },
  {
    "number": 59000455218404,
    "dateTime": {
      "date": {
        "year": 2019,
        "month": 10,
        "day": 16
      },
      "time": {
        "hour": 8,
        "minute": 59,
        "second": 5,
        "nano": 0
      }
    },
    "citySender": "Лютіж",
    "cityRecipient": "Київ"
  },
  {
    "number": 59000455218405,
    "dateTime": {
      "date": {
        "year": 2019,
        "month": 10,
        "day": 16
      },
      "time": {
        "hour": 8,
        "minute": 59,
        "second": 5,
        "nano": 0
      }
    },
    "citySender": "Покровське (Покровський р-н Дніпропетровська обл.)",
    "cityRecipient": "Дачне"
  },
  {
    "number": 59000455218406,
    "dateTime": {
      "date": {
        "year": 2019,
        "month": 10,
        "day": 16
      },
      "time": {
        "hour": 8,
        "minute": 57,
        "second": 56,
        "nano": 0
      }
    },
    "citySender": "Стара Синява",
    "cityRecipient": "Богородчани"
  },
  {
    "number": 59000455218407,
    "dateTime": {
      "date": {
        "year": 2019,
        "month": 10,
        "day": 16
      },
      "time": {
        "hour": 8,
        "minute": 58,
        "second": 29,
        "nano": 0
      }
    },
    "citySender": "Київ",
    "cityRecipient": "Гвардійське (Одеська обл.)"
  },
  {
    "number": 59000455218408,
    "dateTime": {
      "date": {
        "year": 2019,
        "month": 10,
        "day": 16
      },
      "time": {
        "hour": 8,
        "minute": 59,
        "second": 3,
        "nano": 0
      }
    },
    "citySender": "Кривий Ріг",
    "cityRecipient": "Київ"
  },
  {
    "number": 59000455218409,
    "dateTime": {
      "date": {
        "year": 2019,
        "month": 10,
        "day": 16
      },
      "time": {
        "hour": 8,
        "minute": 58,
        "second": 34,
        "nano": 0
      }
    },
    "citySender": "Крюківщина",
    "cityRecipient": "Івано-Франківськ"
  },
  {
    "number": 59000455218410,
    "dateTime": {
      "date": {
        "year": 2019,
        "month": 10,
        "day": 16
      },
      "time": {
        "hour": 8,
        "minute": 59,
        "second": 7,
        "nano": 0
      }
    },
    "citySender": "Хорол",
    "cityRecipient": "Київ"
  },
  {
    "number": 59000455218411,
    "dateTime": {
      "date": {
        "year": 2019,
        "month": 10,
        "day": 16
      },
      "time": {
        "hour": 8,
        "minute": 58,
        "second": 26,
        "nano": 0
      }
    },
    "citySender": "Іллінці",
    "cityRecipient": "Тернопіль"
  },
  {
    "number": 59000455218412,
    "dateTime": {
      "date": {
        "year": 2019,
        "month": 10,
        "day": 16
      },
      "time": {
        "hour": 8,
        "minute": 58,
        "second": 56,
        "nano": 0
      }
    },
    "citySender": "Київ",
    "cityRecipient": "Івано-Франківськ"
  },
  {
    "number": 59000455218413,
    "dateTime": {
      "date": {
        "year": 2019,
        "month": 10,
        "day": 16
      },
      "time": {
        "hour": 8,
        "minute": 58,
        "second": 29,
        "nano": 0
      }
    },
    "citySender": "Словечне",
    "cityRecipient": "Бровари"
  },
  {
    "number": 59000455218414,
    "dateTime": {
      "date": {
        "year": 2019,
        "month": 10,
        "day": 16
      },
      "time": {
        "hour": 8,
        "minute": 59,
        "second": 7,
        "nano": 0
      }
    },
    "citySender": "Покровськ (Донецька обл.)",
    "cityRecipient": "Ілічанка"
  },
  {
    "number": 59000455218416,
    "dateTime": {
      "date": {
        "year": 2019,
        "month": 10,
        "day": 16
      },
      "time": {
        "hour": 8,
        "minute": 58,
        "second": 52,
        "nano": 0
      }
    },
    "citySender": "Новий Розділ",
    "cityRecipient": "Львів"
  },
  {
    "number": 59000455218417,
    "dateTime": {
      "date": {
        "year": 2019,
        "month": 10,
        "day": 16
      },
      "time": {
        "hour": 8,
        "minute": 58,
        "second": 57,
        "nano": 0
      }
    },
    "citySender": "Кам\u0027янське(Дніпропетровська обл)",
    "cityRecipient": "Миколаїв"
  },
  {
    "number": 59000455218418,
    "dateTime": {
      "date": {
        "year": 2019,
        "month": 10,
        "day": 16
      },
      "time": {
        "hour": 8,
        "minute": 58,
        "second": 35,
        "nano": 0
      }
    },
    "citySender": "Маневичі",
    "cityRecipient": "Надвірна"
  },
  {
    "number": 59000455218419,
    "dateTime": {
      "date": {
        "year": 2019,
        "month": 10,
        "day": 16
      },
      "time": {
        "hour": 8,
        "minute": 59,
        "second": 8,
        "nano": 0
      }
    },
    "citySender": "Житомир",
    "cityRecipient": "Одеса"
  },
  {
    "number": 59000455218420,
    "dateTime": {
      "date": {
        "year": 2019,
        "month": 10,
        "day": 16
      },
      "time": {
        "hour": 8,
        "minute": 59,
        "second": 3,
        "nano": 0
      }
    },
    "citySender": "Київ",
    "cityRecipient": "Кропивницький"
  },
  {
    "number": 59000455218421,
    "dateTime": {
      "date": {
        "year": 2019,
        "month": 10,
        "day": 16
      },
      "time": {
        "hour": 8,
        "minute": 58,
        "second": 58,
        "nano": 0
      }
    },
    "citySender": "Дніпро",
    "cityRecipient": "Чернігів"
  },
  {
    "number": 59000455218422,
    "dateTime": {
      "date": {
        "year": 2019,
        "month": 10,
        "day": 16
      },
      "time": {
        "hour": 8,
        "minute": 59,
        "second": 0,
        "nano": 0
      }
    },
    "citySender": "Одеса",
    "cityRecipient": "Виноградів"
  },
  {
    "number": 59000455218423,
    "dateTime": {
      "date": {
        "year": 2019,
        "month": 10,
        "day": 16
      },
      "time": {
        "hour": 8,
        "minute": 58,
        "second": 58,
        "nano": 0
      }
    },
    "citySender": "Градизьк",
    "cityRecipient": "Запоріжжя"
  },
  {
    "number": 59000455218424,
    "dateTime": {
      "date": {
        "year": 2019,
        "month": 10,
        "day": 16
      },
      "time": {
        "hour": 8,
        "minute": 58,
        "second": 56,
        "nano": 0
      }
    },
    "citySender": "Луцьк",
    "cityRecipient": "Херсон"
  },
  {
    "number": 59000455218425,
    "dateTime": {
      "date": {
        "year": 2019,
        "month": 10,
        "day": 16
      },
      "time": {
        "hour": 8,
        "minute": 58,
        "second": 50,
        "nano": 0
      }
    },
    "citySender": "Харків",
    "cityRecipient": "Полтава"
  },
  {
    "number": 59000455218426,
    "dateTime": {
      "date": {
        "year": 2019,
        "month": 10,
        "day": 16
      },
      "time": {
        "hour": 8,
        "minute": 59,
        "second": 10,
        "nano": 0
      }
    },
    "citySender": "Херсон",
    "cityRecipient": "Львів"
  },
  {
    "number": 59000455218427,
    "dateTime": {
      "date": {
        "year": 2019,
        "month": 10,
        "day": 16
      },
      "time": {
        "hour": 8,
        "minute": 59,
        "second": 4,
        "nano": 0
      }
    },
    "citySender": "Ворожба (Білопільський р-н)",
    "cityRecipient": "Харків"
  },
  {
    "number": 59000455218428,
    "dateTime": {
      "date": {
        "year": 2019,
        "month": 10,
        "day": 16
      },
      "time": {
        "hour": 8,
        "minute": 58,
        "second": 45,
        "nano": 0
      }
    },
    "citySender": "Золотоноша",
    "cityRecipient": "Львів"
  },
  {
    "number": 59000455218429,
    "dateTime": {
      "date": {
        "year": 2019,
        "month": 10,
        "day": 16
      },
      "time": {
        "hour": 8,
        "minute": 58,
        "second": 41,
        "nano": 0
      }
    },
    "citySender": "Харків",
    "cityRecipient": "Харків"
  },
  {
    "number": 59000455218430,
    "dateTime": {
      "date": {
        "year": 2019,
        "month": 10,
        "day": 16
      },
      "time": {
        "hour": 8,
        "minute": 58,
        "second": 21,
        "nano": 0
      }
    },
    "citySender": "Соледар",
    "cityRecipient": "Бориспіль"
  },
  {
    "number": 59000455218431,
    "dateTime": {
      "date": {
        "year": 2019,
        "month": 10,
        "day": 16
      },
      "time": {
        "hour": 8,
        "minute": 59,
        "second": 11,
        "nano": 0
      }
    },
    "citySender": "Вишневе",
    "cityRecipient": "Ілічанка"
  },
  {
    "number": 59000455218432,
    "dateTime": {
      "date": {
        "year": 2019,
        "month": 10,
        "day": 16
      },
      "time": {
        "hour": 8,
        "minute": 58,
        "second": 49,
        "nano": 0
      }
    },
    "citySender": "Любашівка",
    "cityRecipient": "Маріуполь"
  },
  {
    "number": 59000455218433,
    "dateTime": {
      "date": {
        "year": 2019,
        "month": 10,
        "day": 16
      },
      "time": {
        "hour": 8,
        "minute": 59,
        "second": 11,
        "nano": 0
      }
    },
    "citySender": "Київ",
    "cityRecipient": "Червоноград (Львівська обл.)"
  },
  {
    "number": 59000455218434,
    "dateTime": {
      "date": {
        "year": 2019,
        "month": 10,
        "day": 16
      },
      "time": {
        "hour": 8,
        "minute": 55,
        "second": 15,
        "nano": 0
      }
    },
    "citySender": "Нещеретове",
    "cityRecipient": "Українка"
  },
  {
    "number": 59000455218435,
    "dateTime": {
      "date": {
        "year": 2019,
        "month": 10,
        "day": 16
      },
      "time": {
        "hour": 8,
        "minute": 59,
        "second": 12,
        "nano": 0
      }
    },
    "citySender": "Середина-Буда",
    "cityRecipient": "Бохоники"
  },
  {
    "number": 59000455218436,
    "dateTime": {
      "date": {
        "year": 2019,
        "month": 10,
        "day": 16
      },
      "time": {
        "hour": 8,
        "minute": 58,
        "second": 51,
        "nano": 0
      }
    },
    "citySender": "Переяслав-Хмельницький",
    "cityRecipient": "Павлоград"
  },
  {
    "number": 59000455218437,
    "dateTime": {
      "date": {
        "year": 2019,
        "month": 10,
        "day": 16
      },
      "time": {
        "hour": 8,
        "minute": 59,
        "second": 6,
        "nano": 0
      }
    },
    "citySender": "Червоногригорівка",
    "cityRecipient": "Красногорівка"
  },
  {
    "number": 59000455218438,
    "dateTime": {
      "date": {
        "year": 2019,
        "month": 10,
        "day": 16
      },
      "time": {
        "hour": 8,
        "minute": 58,
        "second": 24,
        "nano": 0
      }
    },
    "citySender": "Черкаси",
    "cityRecipient": "Ворзель"
  },
  {
    "number": 59000455218439,
    "dateTime": {
      "date": {
        "year": 2019,
        "month": 10,
        "day": 16
      },
      "time": {
        "hour": 8,
        "minute": 58,
        "second": 52,
        "nano": 0
      }
    },
    "citySender": "Київ",
    "cityRecipient": "Київ"
  },
  {
    "number": 59000455218440,
    "dateTime": {
      "date": {
        "year": 2019,
        "month": 10,
        "day": 16
      },
      "time": {
        "hour": 8,
        "minute": 59,
        "second": 8,
        "nano": 0
      }
    },
    "citySender": "Знам\u0027янка (Одеська обл.)",
    "cityRecipient": "Роздільна (Одеська обл.)"
  },
  {
    "number": 59000455218441,
    "dateTime": {
      "date": {
        "year": 2019,
        "month": 10,
        "day": 16
      },
      "time": {
        "hour": 8,
        "minute": 59,
        "second": 3,
        "nano": 0
      }
    },
    "citySender": "Вороніж",
    "cityRecipient": "Заріччя (Волинська обл.)"
  },
  {
    "number": 59000455218442,
    "dateTime": {
      "date": {
        "year": 2019,
        "month": 10,
        "day": 16
      },
      "time": {
        "hour": 8,
        "minute": 59,
        "second": 15,
        "nano": 0
      }
    },
    "citySender": "Нововолинськ",
    "cityRecipient": "Хмельницький"
  },
  {
    "number": 59000455218443,
    "dateTime": {
      "date": {
        "year": 2019,
        "month": 10,
        "day": 16
      },
      "time": {
        "hour": 8,
        "minute": 59,
        "second": 16,
        "nano": 0
      }
    },
    "citySender": "Київ",
    "cityRecipient": "Дніпро"
  },
  {
    "number": 59000455218444,
    "dateTime": {
      "date": {
        "year": 2019,
        "month": 10,
        "day": 16
      },
      "time": {
        "hour": 8,
        "minute": 59,
        "second": 16,
        "nano": 0
      }
    },
    "citySender": "Пісочин",
    "cityRecipient": "Київ"
  },
  {
    "number": 59000455218445,
    "dateTime": {
      "date": {
        "year": 2019,
        "month": 10,
        "day": 16
      },
      "time": {
        "hour": 8,
        "minute": 58,
        "second": 41,
        "nano": 0
      }
    },
    "citySender": "Дніпро",
    "cityRecipient": "Хмельницький"
  },
  {
    "number": 59000455218446,
    "dateTime": {
      "date": {
        "year": 2019,
        "month": 10,
        "day": 16
      },
      "time": {
        "hour": 8,
        "minute": 58,
        "second": 47,
        "nano": 0
      }
    },
    "citySender": "Верховина",
    "cityRecipient": "Львів"
  },
  {
    "number": 59000455218447,
    "dateTime": {
      "date": {
        "year": 2019,
        "month": 10,
        "day": 16
      },
      "time": {
        "hour": 8,
        "minute": 59,
        "second": 7,
        "nano": 0
      }
    },
    "citySender": "Зазим\u0027я",
    "cityRecipient": "Київ"
  },
  {
    "number": 59000455218448,
    "dateTime": {
      "date": {
        "year": 2019,
        "month": 10,
        "day": 16
      },
      "time": {
        "hour": 8,
        "minute": 59,
        "second": 17,
        "nano": 0
      }
    },
    "citySender": "Київ",
    "cityRecipient": "Київ"
  },
  {
    "number": 59000455218449,
    "dateTime": {
      "date": {
        "year": 2019,
        "month": 10,
        "day": 16
      },
      "time": {
        "hour": 8,
        "minute": 59,
        "second": 17,
        "nano": 0
      }
    },
    "citySender": "Слов\u0027янськ",
    "cityRecipient": "Київ"
  },
  {
    "number": 59000455218450,
    "dateTime": {
      "date": {
        "year": 2019,
        "month": 10,
        "day": 16
      },
      "time": {
        "hour": 8,
        "minute": 58,
        "second": 49,
        "nano": 0
      }
    },
    "citySender": "Львів",
    "cityRecipient": "Дніпро"
  },
  {
    "number": 59000455218451,
    "dateTime": {
      "date": {
        "year": 2019,
        "month": 10,
        "day": 16
      },
      "time": {
        "hour": 8,
        "minute": 59,
        "second": 18,
        "nano": 0
      }
    },
    "citySender": "Кривий Ріг",
    "cityRecipient": "Харків"
  },
  {
    "number": 59000455218452,
    "dateTime": {
      "date": {
        "year": 2019,
        "month": 10,
        "day": 16
      },
      "time": {
        "hour": 8,
        "minute": 58,
        "second": 17,
        "nano": 0
      }
    },
    "citySender": "Новоукраїнка",
    "cityRecipient": "Київ"
  },
  {
    "number": 59000455218453,
    "dateTime": {
      "date": {
        "year": 2019,
        "month": 10,
        "day": 16
      },
      "time": {
        "hour": 8,
        "minute": 56,
        "second": 10,
        "nano": 0
      }
    },
    "citySender": "Кременець",
    "cityRecipient": "Ємільчине"
  },
  {
    "number": 59000455218454,
    "dateTime": {
      "date": {
        "year": 2019,
        "month": 10,
        "day": 16
      },
      "time": {
        "hour": 8,
        "minute": 58,
        "second": 24,
        "nano": 0
      }
    },
    "citySender": "Жовтанці",
    "cityRecipient": "Калинівка (Вінницька обл., Калинівський р-н)"
  },
  {
    "number": 59000455218455,
    "dateTime": {
      "date": {
        "year": 2019,
        "month": 10,
        "day": 16
      },
      "time": {
        "hour": 8,
        "minute": 58,
        "second": 58,
        "nano": 0
      }
    },
    "citySender": "Бережани (Тернопільська обл.)",
    "cityRecipient": "Львів"
  },
  {
    "number": 59000455218456,
    "dateTime": {
      "date": {
        "year": 2019,
        "month": 10,
        "day": 16
      },
      "time": {
        "hour": 8,
        "minute": 58,
        "second": 40,
        "nano": 0
      }
    },
    "citySender": "Львів",
    "cityRecipient": "Нижні Ворота"
  },
  {
    "number": 59000455218457,
    "dateTime": {
      "date": {
        "year": 2019,
        "month": 10,
        "day": 16
      },
      "time": {
        "hour": 8,
        "minute": 59,
        "second": 19,
        "nano": 0
      }
    },
    "citySender": "Одеса",
    "cityRecipient": "Київ"
  },
  {
    "number": 59000455218458,
    "dateTime": {
      "date": {
        "year": 2019,
        "month": 10,
        "day": 16
      },
      "time": {
        "hour": 8,
        "minute": 58,
        "second": 56,
        "nano": 0
      }
    },
    "citySender": "Львів",
    "cityRecipient": "Дніпро"
  },
  {
    "number": 59000455218459,
    "dateTime": {
      "date": {
        "year": 2019,
        "month": 10,
        "day": 16
      },
      "time": {
        "hour": 8,
        "minute": 58,
        "second": 23,
        "nano": 0
      }
    },
    "citySender": "Новий Буг",
    "cityRecipient": "Дніпро"
  },
  {
    "number": 59000455218460,
    "dateTime": {
      "date": {
        "year": 2019,
        "month": 10,
        "day": 16
      },
      "time": {
        "hour": 8,
        "minute": 58,
        "second": 47,
        "nano": 0
      }
    },
    "citySender": "Богуслав (Київська обл.)",
    "cityRecipient": "Київ"
  },
  {
    "number": 59000455218461,
    "dateTime": {
      "date": {
        "year": 2019,
        "month": 10,
        "day": 16
      },
      "time": {
        "hour": 8,
        "minute": 59,
        "second": 15,
        "nano": 0
      }
    },
    "citySender": "Миропіль(Житомирська обл.)",
    "cityRecipient": "Часів Яр"
  },
  {
    "number": 59000455218462,
    "dateTime": {
      "date": {
        "year": 2019,
        "month": 10,
        "day": 16
      },
      "time": {
        "hour": 8,
        "minute": 58,
        "second": 40,
        "nano": 0
      }
    },
    "citySender": "Харків",
    "cityRecipient": "Бородянка"
  },
  {
    "number": 59000455218463,
    "dateTime": {
      "date": {
        "year": 2019,
        "month": 10,
        "day": 16
      },
      "time": {
        "hour": 8,
        "minute": 59,
        "second": 21,
        "nano": 0
      }
    },
    "citySender": "Роздольне",
    "cityRecipient": "Суми"
  },
  {
    "number": 59000455218465,
    "dateTime": {
      "date": {
        "year": 2019,
        "month": 10,
        "day": 16
      },
      "time": {
        "hour": 8,
        "minute": 59,
        "second": 6,
        "nano": 0
      }
    },
    "citySender": "Новомосковськ",
    "cityRecipient": "Одеса"
  },
  {
    "number": 59000455218466,
    "dateTime": {
      "date": {
        "year": 2019,
        "month": 10,
        "day": 16
      },
      "time": {
        "hour": 8,
        "minute": 58,
        "second": 59,
        "nano": 0
      }
    },
    "citySender": "Зміїв",
    "cityRecipient": "Ратне"
  },
  {
    "number": 59000455218467,
    "dateTime": {
      "date": {
        "year": 2019,
        "month": 10,
        "day": 16
      },
      "time": {
        "hour": 8,
        "minute": 59,
        "second": 13,
        "nano": 0
      }
    },
    "citySender": "Мостиська",
    "cityRecipient": "Київ"
  },
  {
    "number": 59000455218468,
    "dateTime": {
      "date": {
        "year": 2019,
        "month": 10,
        "day": 16
      },
      "time": {
        "hour": 8,
        "minute": 59,
        "second": 23,
        "nano": 0
      }
    },
    "citySender": "Одеса",
    "cityRecipient": "Київ"
  },
  {
    "number": 59000455218469,
    "dateTime": {
      "date": {
        "year": 2019,
        "month": 10,
        "day": 16
      },
      "time": {
        "hour": 8,
        "minute": 59,
        "second": 21,
        "nano": 0
      }
    },
    "citySender": "Пирятин",
    "cityRecipient": "Одеса"
  },
  {
    "number": 59000455218470,
    "dateTime": {
      "date": {
        "year": 2019,
        "month": 10,
        "day": 16
      },
      "time": {
        "hour": 8,
        "minute": 58,
        "second": 41,
        "nano": 0
      }
    },
    "citySender": "Запоріжжя",
    "cityRecipient": "Одеса"
  },
  {
    "number": 59000455218471,
    "dateTime": {
      "date": {
        "year": 2019,
        "month": 10,
        "day": 16
      },
      "time": {
        "hour": 8,
        "minute": 59,
        "second": 13,
        "nano": 0
      }
    },
    "citySender": "Вінниця",
    "cityRecipient": "Дніпро"
  },
  {
    "number": 59000455218472,
    "dateTime": {
      "date": {
        "year": 2019,
        "month": 10,
        "day": 16
      },
      "time": {
        "hour": 8,
        "minute": 59,
        "second": 25,
        "nano": 0
      }
    },
    "citySender": "Умань",
    "cityRecipient": "Київ"
  },
  {
    "number": 59000455218473,
    "dateTime": {
      "date": {
        "year": 2019,
        "month": 10,
        "day": 16
      },
      "time": {
        "hour": 8,
        "minute": 59,
        "second": 21,
        "nano": 0
      }
    },
    "citySender": "Новий Розділ",
    "cityRecipient": "Київ"
  },
  {
    "number": 59000455218474,
    "dateTime": {
      "date": {
        "year": 2019,
        "month": 10,
        "day": 16
      },
      "time": {
        "hour": 8,
        "minute": 59,
        "second": 25,
        "nano": 0
      }
    },
    "citySender": "Луцьк",
    "cityRecipient": "Кривий Ріг"
  },
  {
    "number": 59000455218475,
    "dateTime": {
      "date": {
        "year": 2019,
        "month": 10,
        "day": 16
      },
      "time": {
        "hour": 8,
        "minute": 58,
        "second": 38,
        "nano": 0
      }
    },
    "citySender": "Миколаїв",
    "cityRecipient": "Нова Каховка"
  },
  {
    "number": 59000455218476,
    "dateTime": {
      "date": {
        "year": 2019,
        "month": 10,
        "day": 16
      },
      "time": {
        "hour": 8,
        "minute": 58,
        "second": 44,
        "nano": 0
      }
    },
    "citySender": "Камінь-Каширський",
    "cityRecipient": "Дніпро"
  },
  {
    "number": 59000455218477,
    "dateTime": {
      "date": {
        "year": 2019,
        "month": 10,
        "day": 16
      },
      "time": {
        "hour": 8,
        "minute": 58,
        "second": 45,
        "nano": 0
      }
    },
    "citySender": "Рівне",
    "cityRecipient": "Михайлівка (Михайлівський р-н., Запорізька обл.)"
  },
  {
    "number": 59000455218478,
    "dateTime": {
      "date": {
        "year": 2019,
        "month": 10,
        "day": 16
      },
      "time": {
        "hour": 8,
        "minute": 58,
        "second": 44,
        "nano": 0
      }
    },
    "citySender": "Тарасівка",
    "cityRecipient": "Вінниця"
  },
  {
    "number": 59000455218479,
    "dateTime": {
      "date": {
        "year": 2019,
        "month": 10,
        "day": 16
      },
      "time": {
        "hour": 8,
        "minute": 59,
        "second": 26,
        "nano": 0
      }
    },
    "citySender": "Нововолинськ",
    "cityRecipient": "Рівне"
  },
  {
    "number": 59000455218480,
    "dateTime": {
      "date": {
        "year": 2019,
        "month": 10,
        "day": 16
      },
      "time": {
        "hour": 8,
        "minute": 58,
        "second": 13,
        "nano": 0
      }
    },
    "citySender": "Білопілля",
    "cityRecipient": "Дібрівськ"
  },
  {
    "number": 59000455218481,
    "dateTime": {
      "date": {
        "year": 2019,
        "month": 10,
        "day": 16
      },
      "time": {
        "hour": 8,
        "minute": 58,
        "second": 41,
        "nano": 0
      }
    },
    "citySender": "Київ",
    "cityRecipient": "Здолбунів"
  },
  {
    "number": 59000455218482,
    "dateTime": {
      "date": {
        "year": 2019,
        "month": 10,
        "day": 16
      },
      "time": {
        "hour": 8,
        "minute": 59,
        "second": 27,
        "nano": 0
      }
    },
    "citySender": "Нікополь (Дніпропетровська обл.)",
    "cityRecipient": "Одеса"
  },
  {
    "number": 59000455218483,
    "dateTime": {
      "date": {
        "year": 2019,
        "month": 10,
        "day": 16
      },
      "time": {
        "hour": 8,
        "minute": 59,
        "second": 16,
        "nano": 0
      }
    },
    "citySender": "Тернопіль",
    "cityRecipient": "Хорол"
  },
  {
    "number": 59000455218484,
    "dateTime": {
      "date": {
        "year": 2019,
        "month": 10,
        "day": 16
      },
      "time": {
        "hour": 8,
        "minute": 59,
        "second": 14,
        "nano": 0
      }
    },
    "citySender": "Київ",
    "cityRecipient": "Харків"
  },
  {
    "number": 59000455218485,
    "dateTime": {
      "date": {
        "year": 2019,
        "month": 10,
        "day": 16
      },
      "time": {
        "hour": 8,
        "minute": 59,
        "second": 27,
        "nano": 0
      }
    },
    "citySender": "Теофіполь",
    "cityRecipient": "Київ"
  },
  {
    "number": 59000455218486,
    "dateTime": {
      "date": {
        "year": 2019,
        "month": 10,
        "day": 16
      },
      "time": {
        "hour": 8,
        "minute": 59,
        "second": 12,
        "nano": 0
      }
    },
    "citySender": "Миколаївка (Одеська обл., Миколаївський р-н)",
    "cityRecipient": "Затишшя"
  },
  {
    "number": 59000455218487,
    "dateTime": {
      "date": {
        "year": 2019,
        "month": 10,
        "day": 16
      },
      "time": {
        "hour": 8,
        "minute": 59,
        "second": 16,
        "nano": 0
      }
    },
    "citySender": "Дніпро",
    "cityRecipient": "Докучаєвське"
  },
  {
    "number": 59000455218488,
    "dateTime": {
      "date": {
        "year": 2019,
        "month": 10,
        "day": 16
      },
      "time": {
        "hour": 8,
        "minute": 58,
        "second": 46,
        "nano": 0
      }
    },
    "citySender": "Київ",
    "cityRecipient": "Київ"
  },
  {
    "number": 59000455218489,
    "dateTime": {
      "date": {
        "year": 2019,
        "month": 10,
        "day": 16
      },
      "time": {
        "hour": 8,
        "minute": 59,
        "second": 23,
        "nano": 0
      }
    },
    "citySender": "Маріуполь",
    "cityRecipient": "Київ"
  },
  {
    "number": 59000455218490,
    "dateTime": {
      "date": {
        "year": 2019,
        "month": 10,
        "day": 16
      },
      "time": {
        "hour": 8,
        "minute": 59,
        "second": 16,
        "nano": 0
      }
    },
    "citySender": "Харків",
    "cityRecipient": "Харків"
  },
  {
    "number": 59000455218491,
    "dateTime": {
      "date": {
        "year": 2019,
        "month": 10,
        "day": 16
      },
      "time": {
        "hour": 8,
        "minute": 59,
        "second": 28,
        "nano": 0
      }
    },
    "citySender": "Рикове",
    "cityRecipient": "Харків"
  },
  {
    "number": 59000455218492,
    "dateTime": {
      "date": {
        "year": 2019,
        "month": 10,
        "day": 16
      },
      "time": {
        "hour": 8,
        "minute": 59,
        "second": 28,
        "nano": 0
      }
    },
    "citySender": "Житомир",
    "cityRecipient": "Харків"
  },
  {
    "number": 59000455218493,
    "dateTime": {
      "date": {
        "year": 2019,
        "month": 10,
        "day": 16
      },
      "time": {
        "hour": 8,
        "minute": 59,
        "second": 21,
        "nano": 0
      }
    },
    "citySender": "Добропілля",
    "cityRecipient": "Київ"
  },
  {
    "number": 59000455218494,
    "dateTime": {
      "date": {
        "year": 2019,
        "month": 10,
        "day": 16
      },
      "time": {
        "hour": 8,
        "minute": 59,
        "second": 4,
        "nano": 0
      }
    },
    "citySender": "Дніпро",
    "cityRecipient": "Бровари"
  },
  {
    "number": 59000455218495,
    "dateTime": {
      "date": {
        "year": 2019,
        "month": 10,
        "day": 16
      },
      "time": {
        "hour": 8,
        "minute": 59,
        "second": 12,
        "nano": 0
      }
    },
    "citySender": "Харків",
    "cityRecipient": "Львів"
  },
  {
    "number": 59000455218496,
    "dateTime": {
      "date": {
        "year": 2019,
        "month": 10,
        "day": 16
      },
      "time": {
        "hour": 8,
        "minute": 59,
        "second": 27,
        "nano": 0
      }
    },
    "citySender": "Мар\u0027їнка",
    "cityRecipient": "Маріуполь"
  },
  {
    "number": 59000455218497,
    "dateTime": {
      "date": {
        "year": 2019,
        "month": 10,
        "day": 16
      },
      "time": {
        "hour": 8,
        "minute": 59,
        "second": 29,
        "nano": 0
      }
    },
    "citySender": "Умань",
    "cityRecipient": "Умань"
  },
  {
    "number": 59000455218498,
    "dateTime": {
      "date": {
        "year": 2019,
        "month": 10,
        "day": 16
      },
      "time": {
        "hour": 8,
        "minute": 59,
        "second": 14,
        "nano": 0
      }
    },
    "citySender": "Іванівка (Херсонська обл.)",
    "cityRecipient": "Херсон"
  },
  {
    "number": 59000455218499,
    "dateTime": {
      "date": {
        "year": 2019,
        "month": 10,
        "day": 16
      },
      "time": {
        "hour": 8,
        "minute": 59,
        "second": 29,
        "nano": 0
      }
    },
    "citySender": "Обухів",
    "cityRecipient": "Київ"
  },
  {
    "number": 59000455218500,
    "dateTime": {
      "date": {
        "year": 2019,
        "month": 10,
        "day": 16
      },
      "time": {
        "hour": 8,
        "minute": 58,
        "second": 57,
        "nano": 0
      }
    },
    "citySender": "Маріуполь",
    "cityRecipient": "Карлівка"
  },
  {
    "number": 59000455218501,
    "dateTime": {
      "date": {
        "year": 2019,
        "month": 10,
        "day": 16
      },
      "time": {
        "hour": 8,
        "minute": 59,
        "second": 30,
        "nano": 0
      }
    },
    "citySender": "Дунаївці",
    "cityRecipient": "Дніпро"
  },
  {
    "number": 59000455218502,
    "dateTime": {
      "date": {
        "year": 2019,
        "month": 10,
        "day": 16
      },
      "time": {
        "hour": 8,
        "minute": 59,
        "second": 31,
        "nano": 0
      }
    },
    "citySender": "Конотоп",
    "cityRecipient": "Київ"
  }
]