[
  {
    "number": 59000455219703,
    "dateTime": {
      "date": {
        "year": 2019,
        "month": 10,
        "day": 16
      },
      "time": {
        "hour": 9,
        "minute": 2,
        "second": 40,
        "nano": 0
      }
    },
    "citySender": "Новомиколаївка(Скадовський р-н)",
    "cityRecipient": "Надвірна"
  },
  {
    "number": 59000455219704,
    "dateTime": {
      "date": {
        "year": 2019,
        "month": 10,
        "day": 16
      },
      "time": {
        "hour": 9,
        "minute": 2,
        "second": 8,
        "nano": 0
      }
    },
    "citySender": "Вінниця",
    "cityRecipient": "Балта"
  },
  {
    "number": 59000455219705,
    "dateTime": {
      "date": {
        "year": 2019,
        "month": 10,
        "day": 16
      },
      "time": {
        "hour": 9,
        "minute": 2,
        "second": 38,
        "nano": 0
      }
    },
    "citySender": "Житомир",
    "cityRecipient": "Середнє Водяне"
  },
  {
    "number": 59000455219706,
    "dateTime": {
      "date": {
        "year": 2019,
        "month": 10,
        "day": 16
      },
      "time": {
        "hour": 9,
        "minute": 2,
        "second": 50,
        "nano": 0
      }
    },
    "citySender": "Північне",
    "cityRecipient": "Київ"
  },
  {
    "number": 59000455219707,
    "dateTime": {
      "date": {
        "year": 2019,
        "month": 10,
        "day": 16
      },
      "time": {
        "hour": 9,
        "minute": 0,
        "second": 52,
        "nano": 0
      }
    },
    "citySender": "Літин",
    "cityRecipient": "Енергодар"
  },
  {
    "number": 59000455219708,
    "dateTime": {
      "date": {
        "year": 2019,
        "month": 10,
        "day": 16
      },
      "time": {
        "hour": 9,
        "minute": 2,
        "second": 14,
        "nano": 0
      }
    },
    "citySender": "Лисичанськ",
    "cityRecipient": "Дніпро"
  },
  {
    "number": 59000455219709,
    "dateTime": {
      "date": {
        "year": 2019,
        "month": 10,
        "day": 16
      },
      "time": {
        "hour": 9,
        "minute": 2,
        "second": 33,
        "nano": 0
      }
    },
    "citySender": "Шостка",
    "cityRecipient": "Семиполки"
  },
  {
    "number": 59000455219710,
    "dateTime": {
      "date": {
        "year": 2019,
        "month": 10,
        "day": 16
      },
      "time": {
        "hour": 9,
        "minute": 2,
        "second": 51,
        "nano": 0
      }
    },
    "citySender": "Макарів",
    "cityRecipient": "Київ"
  },
  {
    "number": 59000455219711,
    "dateTime": {
      "date": {
        "year": 2019,
        "month": 10,
        "day": 16
      },
      "time": {
        "hour": 9,
        "minute": 2,
        "second": 51,
        "nano": 0
      }
    },
    "citySender": "Кропивницький",
    "cityRecipient": "Люботин"
  },
  {
    "number": 59000455219712,
    "dateTime": {
      "date": {
        "year": 2019,
        "month": 10,
        "day": 16
      },
      "time": {
        "hour": 9,
        "minute": 2,
        "second": 42,
        "nano": 0
      }
    },
    "citySender": "Нікольське (Володарський р-н., Донецька обл.)",
    "cityRecipient": "Дніпро"
  },
  {
    "number": 59000455219713,
    "dateTime": {
      "date": {
        "year": 2019,
        "month": 10,
        "day": 16
      },
      "time": {
        "hour": 9,
        "minute": 2,
        "second": 11,
        "nano": 0
      }
    },
    "citySender": "Коростень",
    "cityRecipient": "Київ"
  },
  {
    "number": 59000455219714,
    "dateTime": {
      "date": {
        "year": 2019,
        "month": 10,
        "day": 16
      },
      "time": {
        "hour": 9,
        "minute": 2,
        "second": 8,
        "nano": 0
      }
    },
    "citySender": "Маріуполь",
    "cityRecipient": "Краматорськ"
  },
  {
    "number": 59000455219715,
    "dateTime": {
      "date": {
        "year": 2019,
        "month": 10,
        "day": 16
      },
      "time": {
        "hour": 9,
        "minute": 2,
        "second": 31,
        "nano": 0
      }
    },
    "citySender": "Кам\u0027янське(Дніпропетровська обл)",
    "cityRecipient": "Попасна"
  },
  {
    "number": 59000455219716,
    "dateTime": {
      "date": {
        "year": 2019,
        "month": 10,
        "day": 16
      },
      "time": {
        "hour": 9,
        "minute": 1,
        "second": 56,
        "nano": 0
      }
    },
    "citySender": "Черкаси",
    "cityRecipient": "Новоград-Волинський"
  },
  {
    "number": 59000455219717,
    "dateTime": {
      "date": {
        "year": 2019,
        "month": 10,
        "day": 16
      },
      "time": {
        "hour": 9,
        "minute": 2,
        "second": 26,
        "nano": 0
      }
    },
    "citySender": "Київ",
    "cityRecipient": "Черкаси"
  },
  {
    "number": 59000455219718,
    "dateTime": {
      "date": {
        "year": 2019,
        "month": 10,
        "day": 16
      },
      "time": {
        "hour": 9,
        "minute": 2,
        "second": 10,
        "nano": 0
      }
    },
    "citySender": "Старобільськ",
    "cityRecipient": "Ужгород"
  },
  {
    "number": 59000455219719,
    "dateTime": {
      "date": {
        "year": 2019,
        "month": 10,
        "day": 16
      },
      "time": {
        "hour": 9,
        "minute": 2,
        "second": 51,
        "nano": 0
      }
    },
    "citySender": "Черкаси",
    "cityRecipient": "Одеса"
  },
  {
    "number": 59000455219720,
    "dateTime": {
      "date": {
        "year": 2019,
        "month": 10,
        "day": 16
      },
      "time": {
        "hour": 9,
        "minute": 2,
        "second": 53,
        "nano": 0
      }
    },
    "citySender": "Славутич",
    "cityRecipient": "Київ"
  },
  {
    "number": 59000455219721,
    "dateTime": {
      "date": {
        "year": 2019,
        "month": 10,
        "day": 16
      },
      "time": {
        "hour": 9,
        "minute": 2,
        "second": 29,
        "nano": 0
      }
    },
    "citySender": "Маріуполь",
    "cityRecipient": "Київ"
  },
  {
    "number": 59000455219722,
    "dateTime": {
      "date": {
        "year": 2019,
        "month": 10,
        "day": 16
      },
      "time": {
        "hour": 9,
        "minute": 2,
        "second": 53,
        "nano": 0
      }
    },
    "citySender": "Кропивницький",
    "cityRecipient": "Львів"
  },
  {
    "number": 59000455219723,
    "dateTime": {
      "date": {
        "year": 2019,
        "month": 10,
        "day": 16
      },
      "time": {
        "hour": 9,
        "minute": 1,
        "second": 50,
        "nano": 0
      }
    },
    "citySender": "Гребінки (Київська обл.)",
    "cityRecipient": "Кам\u0027янець-Подільський"
  },
  {
    "number": 59000455219724,
    "dateTime": {
      "date": {
        "year": 2019,
        "month": 10,
        "day": 16
      },
      "time": {
        "hour": 9,
        "minute": 2,
        "second": 54,
        "nano": 0
      }
    },
    "citySender": "Луцьк",
    "cityRecipient": "Київ"
  },
  {
    "number": 59000455219726,
    "dateTime": {
      "date": {
        "year": 2019,
        "month": 10,
        "day": 16
      },
      "time": {
        "hour": 9,
        "minute": 2,
        "second": 28,
        "nano": 0
      }
    },
    "citySender": "Козятин (місто, Вінницька обл.)",
    "cityRecipient": "Миколаїв"
  },
  {
    "number": 59000455219727,
    "dateTime": {
      "date": {
        "year": 2019,
        "month": 10,
        "day": 16
      },
      "time": {
        "hour": 9,
        "minute": 2,
        "second": 30,
        "nano": 0
      }
    },
    "citySender": "Борзна",
    "cityRecipient": "Харків"
  },
  {
    "number": 59000455219729,
    "dateTime": {
      "date": {
        "year": 2019,
        "month": 10,
        "day": 16
      },
      "time": {
        "hour": 9,
        "minute": 2,
        "second": 55,
        "nano": 0
      }
    },
    "citySender": "Рівне",
    "cityRecipient": "Київ"
  },
  {
    "number": 59000455219730,
    "dateTime": {
      "date": {
        "year": 2019,
        "month": 10,
        "day": 16
      },
      "time": {
        "hour": 9,
        "minute": 2,
        "second": 33,
        "nano": 0
      }
    },
    "citySender": "Хмельницький",
    "cityRecipient": "Дніпро"
  },
  {
    "number": 59000455219731,
    "dateTime": {
      "date": {
        "year": 2019,
        "month": 10,
        "day": 16
      },
      "time": {
        "hour": 9,
        "minute": 2,
        "second": 54,
        "nano": 0
      }
    },
    "citySender": "Кам\u0027янське(Дніпропетровська обл)",
    "cityRecipient": "Кривий Ріг"
  },
  {
    "number": 59000455219732,
    "dateTime": {
      "date": {
        "year": 2019,
        "month": 10,
        "day": 16
      },
      "time": {
        "hour": 9,
        "minute": 2,
        "second": 50,
        "nano": 0
      }
    },
    "citySender": "Одеса",
    "cityRecipient": "Одеса"
  },
  {
    "number": 59000455219733,
    "dateTime": {
      "date": {
        "year": 2019,
        "month": 10,
        "day": 16
      },
      "time": {
        "hour": 9,
        "minute": 2,
        "second": 26,
        "nano": 0
      }
    },
    "citySender": "Одеса",
    "cityRecipient": "Київ"
  },
  {
    "number": 59000455219734,
    "dateTime": {
      "date": {
        "year": 2019,
        "month": 10,
        "day": 16
      },
      "time": {
        "hour": 9,
        "minute": 2,
        "second": 45,
        "nano": 0
      }
    },
    "citySender": "Нововолинськ",
    "cityRecipient": "Полтава"
  },
  {
    "number": 59000455219735,
    "dateTime": {
      "date": {
        "year": 2019,
        "month": 10,
        "day": 16
      },
      "time": {
        "hour": 9,
        "minute": 2,
        "second": 56,
        "nano": 0
      }
    },
    "citySender": "Дніпро",
    "cityRecipient": "Київ"
  },
  {
    "number": 59000455219736,
    "dateTime": {
      "date": {
        "year": 2019,
        "month": 10,
        "day": 16
      },
      "time": {
        "hour": 9,
        "minute": 0,
        "second": 55,
        "nano": 0
      }
    },
    "citySender": "Лужани",
    "cityRecipient": "Стоянка"
  },
  {
    "number": 59000455219737,
    "dateTime": {
      "date": {
        "year": 2019,
        "month": 10,
        "day": 16
      },
      "time": {
        "hour": 9,
        "minute": 2,
        "second": 43,
        "nano": 0
      }
    },
    "citySender": "Чинадійово",
    "cityRecipient": "Київ"
  },
  {
    "number": 59000455219738,
    "dateTime": {
      "date": {
        "year": 2019,
        "month": 10,
        "day": 16
      },
      "time": {
        "hour": 9,
        "minute": 1,
        "second": 33,
        "nano": 0
      }
    },
    "citySender": "Хомутець (Полтавська обл.)",
    "cityRecipient": "Полтава"
  },
  {
    "number": 59000455219739,
    "dateTime": {
      "date": {
        "year": 2019,
        "month": 10,
        "day": 16
      },
      "time": {
        "hour": 9,
        "minute": 2,
        "second": 56,
        "nano": 0
      }
    },
    "citySender": "Моршин",
    "cityRecipient": "Усатове"
  },
  {
    "number": 59000455219740,
    "dateTime": {
      "date": {
        "year": 2019,
        "month": 10,
        "day": 16
      },
      "time": {
        "hour": 9,
        "minute": 2,
        "second": 44,
        "nano": 0
      }
    },
    "citySender": "Сосниця",
    "cityRecipient": "Львів"
  },
  {
    "number": 59000455219741,
    "dateTime": {
      "date": {
        "year": 2019,
        "month": 10,
        "day": 16
      },
      "time": {
        "hour": 9,
        "minute": 2,
        "second": 34,
        "nano": 0
      }
    },
    "citySender": "Біла Церква",
    "cityRecipient": "Корсунь-Шевченківський"
  },
  {
    "number": 59000455219742,
    "dateTime": {
      "date": {
        "year": 2019,
        "month": 10,
        "day": 16
      },
      "time": {
        "hour": 9,
        "minute": 2,
        "second": 25,
        "nano": 0
      }
    },
    "citySender": "Кобеляки",
    "cityRecipient": "Карлівка"
  },
  {
    "number": 59000455219743,
    "dateTime": {
      "date": {
        "year": 2019,
        "month": 10,
        "day": 16
      },
      "time": {
        "hour": 9,
        "minute": 2,
        "second": 54,
        "nano": 0
      }
    },
    "citySender": "Київ",
    "cityRecipient": "Бровари"
  },
  {
    "number": 59000455219744,
    "dateTime": {
      "date": {
        "year": 2019,
        "month": 10,
        "day": 16
      },
      "time": {
        "hour": 9,
        "minute": 2,
        "second": 39,
        "nano": 0
      }
    },
    "citySender": "Путила",
    "cityRecipient": "Харків"
  },
  {
    "number": 59000455219745,
    "dateTime": {
      "date": {
        "year": 2019,
        "month": 10,
        "day": 16
      },
      "time": {
        "hour": 9,
        "minute": 2,
        "second": 23,
        "nano": 0
      }
    },
    "citySender": "Черкаське",
    "cityRecipient": "Кам\u0027янське(Дніпропетровська обл)"
  },
  {
    "number": 59000455219746,
    "dateTime": {
      "date": {
        "year": 2019,
        "month": 10,
        "day": 16
      },
      "time": {
        "hour": 9,
        "minute": 2,
        "second": 42,
        "nano": 0
      }
    },
    "citySender": "Миколаїв",
    "cityRecipient": "Святопетрівське (Києво-Свят.р-н)"
  },
  {
    "number": 59000455219747,
    "dateTime": {
      "date": {
        "year": 2019,
        "month": 10,
        "day": 16
      },
      "time": {
        "hour": 9,
        "minute": 1,
        "second": 34,
        "nano": 0
      }
    },
    "citySender": "Керецьки",
    "cityRecipient": "Костянтинівка (Смілянський р-н., Черкаська обл.)"
  },
  {
    "number": 59000455219748,
    "dateTime": {
      "date": {
        "year": 2019,
        "month": 10,
        "day": 16
      },
      "time": {
        "hour": 9,
        "minute": 2,
        "second": 5,
        "nano": 0
      }
    },
    "citySender": "Київ",
    "cityRecipient": "Київ"
  },
  {
    "number": 59000455219749,
    "dateTime": {
      "date": {
        "year": 2019,
        "month": 10,
        "day": 16
      },
      "time": {
        "hour": 9,
        "minute": 0,
        "second": 26,
        "nano": 0
      }
    },
    "citySender": "Олександрівка (Олександр.р-н,Донец.обл.)",
    "cityRecipient": "Петропавлівка (Дніпропетровська обл.)"
  },
  {
    "number": 59000455219750,
    "dateTime": {
      "date": {
        "year": 2019,
        "month": 10,
        "day": 16
      },
      "time": {
        "hour": 9,
        "minute": 2,
        "second": 27,
        "nano": 0
      }
    },
    "citySender": "Дніпро",
    "cityRecipient": "Харків"
  },
  {
    "number": 59000455219751,
    "dateTime": {
      "date": {
        "year": 2019,
        "month": 10,
        "day": 16
      },
      "time": {
        "hour": 9,
        "minute": 2,
        "second": 56,
        "nano": 0
      }
    },
    "citySender": "Знам\u0027янка (Одеська обл.)",
    "cityRecipient": "Хлистунівка"
  },
  {
    "number": 59000455219752,
    "dateTime": {
      "date": {
        "year": 2019,
        "month": 10,
        "day": 16
      },
      "time": {
        "hour": 9,
        "minute": 2,
        "second": 58,
        "nano": 0
      }
    },
    "citySender": "Мирноград",
    "cityRecipient": "Київ"
  },
  {
    "number": 59000455219753,
    "dateTime": {
      "date": {
        "year": 2019,
        "month": 10,
        "day": 16
      },
      "time": {
        "hour": 9,
        "minute": 2,
        "second": 56,
        "nano": 0
      }
    },
    "citySender": "Скадовськ",
    "cityRecipient": "Могилів-Подільський"
  },
  {
    "number": 59000455219754,
    "dateTime": {
      "date": {
        "year": 2019,
        "month": 10,
        "day": 16
      },
      "time": {
        "hour": 9,
        "minute": 1,
        "second": 58,
        "nano": 0
      }
    },
    "citySender": "Полтава",
    "cityRecipient": "Благовіщенське(Кіровоградська обл.)"
  },
  {
    "number": 59000455219755,
    "dateTime": {
      "date": {
        "year": 2019,
        "month": 10,
        "day": 16
      },
      "time": {
        "hour": 9,
        "minute": 2,
        "second": 19,
        "nano": 0
      }
    },
    "citySender": "Київ",
    "cityRecipient": "Дніпро"
  },
  {
    "number": 59000455219756,
    "dateTime": {
      "date": {
        "year": 2019,
        "month": 10,
        "day": 16
      },
      "time": {
        "hour": 9,
        "minute": 2,
        "second": 11,
        "nano": 0
      }
    },
    "citySender": "Нетішин",
    "cityRecipient": "Бахмут"
  },
  {
    "number": 59000455219757,
    "dateTime": {
      "date": {
        "year": 2019,
        "month": 10,
        "day": 16
      },
      "time": {
        "hour": 9,
        "minute": 2,
        "second": 37,
        "nano": 0
      }
    },
    "citySender": "Нові Санжари",
    "cityRecipient": "Тучин"
  },
  {
    "number": 59000455219758,
    "dateTime": {
      "date": {
        "year": 2019,
        "month": 10,
        "day": 16
      },
      "time": {
        "hour": 9,
        "minute": 2,
        "second": 55,
        "nano": 0
      }
    },
    "citySender": "Миколаїв",
    "cityRecipient": "Житомир"
  },
  {
    "number": 59000455219759,
    "dateTime": {
      "date": {
        "year": 2019,
        "month": 10,
        "day": 16
      },
      "time": {
        "hour": 9,
        "minute": 2,
        "second": 47,
        "nano": 0
      }
    },
    "citySender": "Сурсько-Литовське",
    "cityRecipient": "Бердянськ"
  },
  {
    "number": 59000455219760,
    "dateTime": {
      "date": {
        "year": 2019,
        "month": 10,
        "day": 16
      },
      "time": {
        "hour": 9,
        "minute": 1,
        "second": 21,
        "nano": 0
      }
    },
    "citySender": "Хуст",
    "cityRecipient": "Рівне"
  },
  {
    "number": 59000455219761,
    "dateTime": {
      "date": {
        "year": 2019,
        "month": 10,
        "day": 16
      },
      "time": {
        "hour": 9,
        "minute": 2,
        "second": 30,
        "nano": 0
      }
    },
    "citySender": "Кривий Ріг",
    "cityRecipient": "Ізмаїл"
  },
  {
    "number": 59000455219762,
    "dateTime": {
      "date": {
        "year": 2019,
        "month": 10,
        "day": 16
      },
      "time": {
        "hour": 9,
        "minute": 2,
        "second": 50,
        "nano": 0
      }
    },
    "citySender": "Львів",
    "cityRecipient": "Луцьк"
  },
  {
    "number": 59000455219763,
    "dateTime": {
      "date": {
        "year": 2019,
        "month": 10,
        "day": 16
      },
      "time": {
        "hour": 9,
        "minute": 2,
        "second": 40,
        "nano": 0
      }
    },
    "citySender": "Ковель",
    "cityRecipient": "Кривий Ріг"
  },
  {
    "number": 59000455219764,
    "dateTime": {
      "date": {
        "year": 2019,
        "month": 10,
        "day": 16
      },
      "time": {
        "hour": 9,
        "minute": 2,
        "second": 20,
        "nano": 0
      }
    },
    "citySender": "Краматорськ",
    "cityRecipient": "Вінниця"
  },
  {
    "number": 59000455219765,
    "dateTime": {
      "date": {
        "year": 2019,
        "month": 10,
        "day": 16
      },
      "time": {
        "hour": 9,
        "minute": 2,
        "second": 41,
        "nano": 0
      }
    },
    "citySender": "Доброслав",
    "cityRecipient": "Зіньків"
  },
  {
    "number": 59000455219766,
    "dateTime": {
      "date": {
        "year": 2019,
        "month": 10,
        "day": 16
      },
      "time": {
        "hour": 9,
        "minute": 2,
        "second": 1,
        "nano": 0
      }
    },
    "citySender": "Краматорськ",
    "cityRecipient": "Бровари"
  },
  {
    "number": 59000455219767,
    "dateTime": {
      "date": {
        "year": 2019,
        "month": 10,
        "day": 16
      },
      "time": {
        "hour": 9,
        "minute": 2,
        "second": 16,
        "nano": 0
      }
    },
    "citySender": "Чорноморськ",
    "cityRecipient": "Одеса"
  },
  {
    "number": 59000455219768,
    "dateTime": {
      "date": {
        "year": 2019,
        "month": 10,
        "day": 16
      },
      "time": {
        "hour": 9,
        "minute": 2,
        "second": 56,
        "nano": 0
      }
    },
    "citySender": "Новий Розділ",
    "cityRecipient": "Київ"
  },
  {
    "number": 59000455219769,
    "dateTime": {
      "date": {
        "year": 2019,
        "month": 10,
        "day": 16
      },
      "time": {
        "hour": 9,
        "minute": 2,
        "second": 33,
        "nano": 0
      }
    },
    "citySender": "Нікополь (Дніпропетровська обл.)",
    "cityRecipient": "Бердянськ"
  },
  {
    "number": 59000455219770,
    "dateTime": {
      "date": {
        "year": 2019,
        "month": 10,
        "day": 16
      },
      "time": {
        "hour": 9,
        "minute": 2,
        "second": 21,
        "nano": 0
      }
    },
    "citySender": "Розсошенці(Полтавська обл.)",
    "cityRecipient": "Київ"
  },
  {
    "number": 59000455219771,
    "dateTime": {
      "date": {
        "year": 2019,
        "month": 10,
        "day": 16
      },
      "time": {
        "hour": 9,
        "minute": 2,
        "second": 55,
        "nano": 0
      }
    },
    "citySender": "Гусятин",
    "cityRecipient": "Велика Знам\u0027янка"
  },
  {
    "number": 59000455219772,
    "dateTime": {
      "date": {
        "year": 2019,
        "month": 10,
        "day": 16
      },
      "time": {
        "hour": 9,
        "minute": 2,
        "second": 56,
        "nano": 0
      }
    },
    "citySender": "Буки",
    "cityRecipient": "Київ"
  },
  {
    "number": 59000455219774,
    "dateTime": {
      "date": {
        "year": 2019,
        "month": 10,
        "day": 16
      },
      "time": {
        "hour": 9,
        "minute": 2,
        "second": 41,
        "nano": 0
      }
    },
    "citySender": "Дубно",
    "cityRecipient": "Івано-Франківськ"
  },
  {
    "number": 59000455219775,
    "dateTime": {
      "date": {
        "year": 2019,
        "month": 10,
        "day": 16
      },
      "time": {
        "hour": 9,
        "minute": 2,
        "second": 49,
        "nano": 0
      }
    },
    "citySender": "Галич",
    "cityRecipient": "Слов\u0027янськ"
  },
  {
    "number": 59000455219776,
    "dateTime": {
      "date": {
        "year": 2019,
        "month": 10,
        "day": 16
      },
      "time": {
        "hour": 9,
        "minute": 2,
        "second": 41,
        "nano": 0
      }
    },
    "citySender": "Новий Розділ",
    "cityRecipient": "Львів"
  },
  {
    "number": 59000455219777,
    "dateTime": {
      "date": {
        "year": 2019,
        "month": 10,
        "day": 16
      },
      "time": {
        "hour": 9,
        "minute": 2,
        "second": 21,
        "nano": 0
      }
    },
    "citySender": "Торговиця (Кіровоградська обл.)",
    "cityRecipient": "Снятин"
  },
  {
    "number": 59000455219778,
    "dateTime": {
      "date": {
        "year": 2019,
        "month": 10,
        "day": 16
      },
      "time": {
        "hour": 9,
        "minute": 3,
        "second": 2,
        "nano": 0
      }
    },
    "citySender": "Угорники",
    "cityRecipient": "Авангард"
  },
  {
    "number": 59000455219779,
    "dateTime": {
      "date": {
        "year": 2019,
        "month": 10,
        "day": 16
      },
      "time": {
        "hour": 9,
        "minute": 2,
        "second": 3,
        "nano": 0
      }
    },
    "citySender": "Бердичів",
    "cityRecipient": "Київ"
  },
  {
    "number": 59000455219781,
    "dateTime": {
      "date": {
        "year": 2019,
        "month": 10,
        "day": 16
      },
      "time": {
        "hour": 9,
        "minute": 2,
        "second": 55,
        "nano": 0
      }
    },
    "citySender": "Запоріжжя",
    "cityRecipient": "Покров (Дніпропетровська обл.)"
  },
  {
    "number": 59000455219782,
    "dateTime": {
      "date": {
        "year": 2019,
        "month": 10,
        "day": 16
      },
      "time": {
        "hour": 9,
        "minute": 1,
        "second": 52,
        "nano": 0
      }
    },
    "citySender": "Ніжин",
    "cityRecipient": "Київ"
  },
  {
    "number": 59000455219783,
    "dateTime": {
      "date": {
        "year": 2019,
        "month": 10,
        "day": 16
      },
      "time": {
        "hour": 9,
        "minute": 2,
        "second": 53,
        "nano": 0
      }
    },
    "citySender": "Трускавець",
    "cityRecipient": "Запоріжжя"
  },
  {
    "number": 59000455219784,
    "dateTime": {
      "date": {
        "year": 2019,
        "month": 10,
        "day": 16
      },
      "time": {
        "hour": 9,
        "minute": 3,
        "second": 3,
        "nano": 0
      }
    },
    "citySender": "Радивилів",
    "cityRecipient": "Одеса"
  },
  {
    "number": 59000455219785,
    "dateTime": {
      "date": {
        "year": 2019,
        "month": 10,
        "day": 16
      },
      "time": {
        "hour": 9,
        "minute": 2,
        "second": 16,
        "nano": 0
      }
    },
    "citySender": "Романів",
    "cityRecipient": "Вишневе"
  },
  {
    "number": 59000455219786,
    "dateTime": {
      "date": {
        "year": 2019,
        "month": 10,
        "day": 16
      },
      "time": {
        "hour": 9,
        "minute": 2,
        "second": 55,
        "nano": 0
      }
    },
    "citySender": "Київ",
    "cityRecipient": "Київ"
  },
  {
    "number": 59000455219787,
    "dateTime": {
      "date": {
        "year": 2019,
        "month": 10,
        "day": 16
      },
      "time": {
        "hour": 9,
        "minute": 3,
        "second": 3,
        "nano": 0
      }
    },
    "citySender": "Новомосковськ",
    "cityRecipient": "Авангард"
  },
  {
    "number": 59000455219788,
    "dateTime": {
      "date": {
        "year": 2019,
        "month": 10,
        "day": 16
      },
      "time": {
        "hour": 9,
        "minute": 3,
        "second": 3,
        "nano": 0
      }
    },
    "citySender": "Якимівка (Запорізька обл.)",
    "cityRecipient": "Дачне"
  },
  {
    "number": 59000455219789,
    "dateTime": {
      "date": {
        "year": 2019,
        "month": 10,
        "day": 16
      },
      "time": {
        "hour": 9,
        "minute": 2,
        "second": 36,
        "nano": 0
      }
    },
    "citySender": "Богородчани",
    "cityRecipient": "Вишневе"
  },
  {
    "number": 59000455219790,
    "dateTime": {
      "date": {
        "year": 2019,
        "month": 10,
        "day": 16
      },
      "time": {
        "hour": 9,
        "minute": 3,
        "second": 2,
        "nano": 0
      }
    },
    "citySender": "Турійськ",
    "cityRecipient": "Дніпро"
  },
  {
    "number": 59000455219791,
    "dateTime": {
      "date": {
        "year": 2019,
        "month": 10,
        "day": 16
      },
      "time": {
        "hour": 9,
        "minute": 3,
        "second": 5,
        "nano": 0
      }
    },
    "citySender": "Бердянськ",
    "cityRecipient": "Білицьке(Донецька обл.)"
  },
  {
    "number": 59000455219792,
    "dateTime": {
      "date": {
        "year": 2019,
        "month": 10,
        "day": 16
      },
      "time": {
        "hour": 9,
        "minute": 2,
        "second": 55,
        "nano": 0
      }
    },
    "citySender": "Львів",
    "cityRecipient": "Київ"
  },
  {
    "number": 59000455219793,
    "dateTime": {
      "date": {
        "year": 2019,
        "month": 10,
        "day": 16
      },
      "time": {
        "hour": 9,
        "minute": 2,
        "second": 58,
        "nano": 0
      }
    },
    "citySender": "Бровари",
    "cityRecipient": "Дніпро"
  },
  {
    "number": 59000455219794,
    "dateTime": {
      "date": {
        "year": 2019,
        "month": 10,
        "day": 16
      },
      "time": {
        "hour": 9,
        "minute": 2,
        "second": 55,
        "nano": 0
      }
    },
    "citySender": "Старобільськ",
    "cityRecipient": "Полтава"
  },
  {
    "number": 59000455219795,
    "dateTime": {
      "date": {
        "year": 2019,
        "month": 10,
        "day": 16
      },
      "time": {
        "hour": 9,
        "minute": 3,
        "second": 5,
        "nano": 0
      }
    },
    "citySender": "Тарасівка",
    "cityRecipient": "Харків"
  },
  {
    "number": 59000455219796,
    "dateTime": {
      "date": {
        "year": 2019,
        "month": 10,
        "day": 16
      },
      "time": {
        "hour": 9,
        "minute": 2,
        "second": 53,
        "nano": 0
      }
    },
    "citySender": "Хмельницький",
    "cityRecipient": "Золочів (Львівська обл.)"
  },
  {
    "number": 59000455219797,
    "dateTime": {
      "date": {
        "year": 2019,
        "month": 10,
        "day": 16
      },
      "time": {
        "hour": 9,
        "minute": 3,
        "second": 4,
        "nano": 0
      }
    },
    "citySender": "Війтівка",
    "cityRecipient": "Харків"
  },
  {
    "number": 59000455219798,
    "dateTime": {
      "date": {
        "year": 2019,
        "month": 10,
        "day": 16
      },
      "time": {
        "hour": 9,
        "minute": 1,
        "second": 28,
        "nano": 0
      }
    },
    "citySender": "Стрий",
    "cityRecipient": "Долина"
  },
  {
    "number": 59000455219799,
    "dateTime": {
      "date": {
        "year": 2019,
        "month": 10,
        "day": 16
      },
      "time": {
        "hour": 9,
        "minute": 3,
        "second": 6,
        "nano": 0
      }
    },
    "citySender": "Олександрівка (Миколаївська обл.)",
    "cityRecipient": "Львів"
  },
  {
    "number": 59000455219800,
    "dateTime": {
      "date": {
        "year": 2019,
        "month": 10,
        "day": 16
      },
      "time": {
        "hour": 9,
        "minute": 3,
        "second": 6,
        "nano": 0
      }
    },
    "citySender": "Моршин",
    "cityRecipient": "Косів"
  },
  {
    "number": 59000455219801,
    "dateTime": {
      "date": {
        "year": 2019,
        "month": 10,
        "day": 16
      },
      "time": {
        "hour": 9,
        "minute": 3,
        "second": 5,
        "nano": 0
      }
    },
    "citySender": "Одеса",
    "cityRecipient": "Київ"
  },
  {
    "number": 59000455219802,
    "dateTime": {
      "date": {
        "year": 2019,
        "month": 10,
        "day": 16
      },
      "time": {
        "hour": 9,
        "minute": 1,
        "second": 52,
        "nano": 0
      }
    },
    "citySender": "Кам\u0027янець-Подільський",
    "cityRecipient": "Вінниця"
  }
]