[
  {
    "number": 59000455216103,
    "dateTime": {
      "date": {
        "year": 2019,
        "month": 10,
        "day": 16
      },
      "time": {
        "hour": 8,
        "minute": 39,
        "second": 15,
        "nano": 0
      }
    },
    "citySender": "Криве Озеро",
    "cityRecipient": "Одеса"
  },
  {
    "number": 59000455216104,
    "dateTime": {
      "date": {
        "year": 2019,
        "month": 10,
        "day": 16
      },
      "time": {
        "hour": 8,
        "minute": 39,
        "second": 15,
        "nano": 0
      }
    },
    "citySender": "Маріуполь",
    "cityRecipient": "Харків"
  },
  {
    "number": 59000455216105,
    "dateTime": {
      "date": {
        "year": 2019,
        "month": 10,
        "day": 16
      },
      "time": {
        "hour": 8,
        "minute": 39,
        "second": 16,
        "nano": 0
      }
    },
    "citySender": "Оржиця",
    "cityRecipient": "Київ"
  },
  {
    "number": 59000455216106,
    "dateTime": {
      "date": {
        "year": 2019,
        "month": 10,
        "day": 16
      },
      "time": {
        "hour": 8,
        "minute": 38,
        "second": 19,
        "nano": 0
      }
    },
    "citySender": "Дніпро",
    "cityRecipient": "Київ"
  },
  {
    "number": 59000455216107,
    "dateTime": {
      "date": {
        "year": 2019,
        "month": 10,
        "day": 16
      },
      "time": {
        "hour": 8,
        "minute": 38,
        "second": 32,
        "nano": 0
      }
    },
    "citySender": "Іллінці",
    "cityRecipient": "Макарів"
  },
  {
    "number": 59000455216108,
    "dateTime": {
      "date": {
        "year": 2019,
        "month": 10,
        "day": 16
      },
      "time": {
        "hour": 8,
        "minute": 39,
        "second": 13,
        "nano": 0
      }
    },
    "citySender": "Новий Розділ",
    "cityRecipient": "Київ"
  },
  {
    "number": 59000455216109,
    "dateTime": {
      "date": {
        "year": 2019,
        "month": 10,
        "day": 16
      },
      "time": {
        "hour": 8,
        "minute": 39,
        "second": 20,
        "nano": 0
      }
    },
    "citySender": "Київ",
    "cityRecipient": "Житомир"
  },
  {
    "number": 59000455216110,
    "dateTime": {
      "date": {
        "year": 2019,
        "month": 10,
        "day": 16
      },
      "time": {
        "hour": 8,
        "minute": 39,
        "second": 21,
        "nano": 0
      }
    },
    "citySender": "Недобоївці",
    "cityRecipient": "Київ"
  },
  {
    "number": 59000455216111,
    "dateTime": {
      "date": {
        "year": 2019,
        "month": 10,
        "day": 16
      },
      "time": {
        "hour": 8,
        "minute": 39,
        "second": 13,
        "nano": 0
      }
    },
    "citySender": "Градизьк",
    "cityRecipient": "Лубни"
  },
  {
    "number": 59000455216112,
    "dateTime": {
      "date": {
        "year": 2019,
        "month": 10,
        "day": 16
      },
      "time": {
        "hour": 8,
        "minute": 37,
        "second": 45,
        "nano": 0
      }
    },
    "citySender": "Кагарлик",
    "cityRecipient": "Житомир"
  },
  {
    "number": 59000455216113,
    "dateTime": {
      "date": {
        "year": 2019,
        "month": 10,
        "day": 16
      },
      "time": {
        "hour": 8,
        "minute": 39,
        "second": 10,
        "nano": 0
      }
    },
    "citySender": "Христинівка",
    "cityRecipient": "Калита"
  },
  {
    "number": 59000455216114,
    "dateTime": {
      "date": {
        "year": 2019,
        "month": 10,
        "day": 16
      },
      "time": {
        "hour": 8,
        "minute": 39,
        "second": 23,
        "nano": 0
      }
    },
    "citySender": "Калита",
    "cityRecipient": "Київ"
  },
  {
    "number": 59000455216115,
    "dateTime": {
      "date": {
        "year": 2019,
        "month": 10,
        "day": 16
      },
      "time": {
        "hour": 8,
        "minute": 39,
        "second": 19,
        "nano": 0
      }
    },
    "citySender": "Богуслав (Київська обл.)",
    "cityRecipient": "Львів"
  },
  {
    "number": 59000455216116,
    "dateTime": {
      "date": {
        "year": 2019,
        "month": 10,
        "day": 16
      },
      "time": {
        "hour": 8,
        "minute": 38,
        "second": 25,
        "nano": 0
      }
    },
    "citySender": "Шпола",
    "cityRecipient": "Ватутіне"
  },
  {
    "number": 59000455216117,
    "dateTime": {
      "date": {
        "year": 2019,
        "month": 10,
        "day": 16
      },
      "time": {
        "hour": 8,
        "minute": 39,
        "second": 24,
        "nano": 0
      }
    },
    "citySender": "Бар",
    "cityRecipient": "Ужгород"
  },
  {
    "number": 59000455216118,
    "dateTime": {
      "date": {
        "year": 2019,
        "month": 10,
        "day": 16
      },
      "time": {
        "hour": 8,
        "minute": 39,
        "second": 3,
        "nano": 0
      }
    },
    "citySender": "Київ",
    "cityRecipient": "Суми"
  },
  {
    "number": 59000455216119,
    "dateTime": {
      "date": {
        "year": 2019,
        "month": 10,
        "day": 16
      },
      "time": {
        "hour": 8,
        "minute": 38,
        "second": 31,
        "nano": 0
      }
    },
    "citySender": "Київ",
    "cityRecipient": "Луцьк"
  },
  {
    "number": 59000455216120,
    "dateTime": {
      "date": {
        "year": 2019,
        "month": 10,
        "day": 16
      },
      "time": {
        "hour": 8,
        "minute": 39,
        "second": 21,
        "nano": 0
      }
    },
    "citySender": "Віньківці",
    "cityRecipient": "Київ"
  },
  {
    "number": 59000455216121,
    "dateTime": {
      "date": {
        "year": 2019,
        "month": 10,
        "day": 16
      },
      "time": {
        "hour": 8,
        "minute": 39,
        "second": 24,
        "nano": 0
      }
    },
    "citySender": "Харків",
    "cityRecipient": "Київ"
  },
  {
    "number": 59000455216122,
    "dateTime": {
      "date": {
        "year": 2019,
        "month": 10,
        "day": 16
      },
      "time": {
        "hour": 8,
        "minute": 37,
        "second": 51,
        "nano": 0
      }
    },
    "citySender": "Київ",
    "cityRecipient": "Київ"
  },
  {
    "number": 59000455216123,
    "dateTime": {
      "date": {
        "year": 2019,
        "month": 10,
        "day": 16
      },
      "time": {
        "hour": 8,
        "minute": 39,
        "second": 17,
        "nano": 0
      }
    },
    "citySender": "Харків",
    "cityRecipient": "Харків"
  },
  {
    "number": 59000455216124,
    "dateTime": {
      "date": {
        "year": 2019,
        "month": 10,
        "day": 16
      },
      "time": {
        "hour": 8,
        "minute": 39,
        "second": 28,
        "nano": 0
      }
    },
    "citySender": "Харків",
    "cityRecipient": "Чернігів"
  },
  {
    "number": 59000455216125,
    "dateTime": {
      "date": {
        "year": 2019,
        "month": 10,
        "day": 16
      },
      "time": {
        "hour": 8,
        "minute": 39,
        "second": 7,
        "nano": 0
      }
    },
    "citySender": "Дніпро",
    "cityRecipient": "Київ"
  },
  {
    "number": 59000455216126,
    "dateTime": {
      "date": {
        "year": 2019,
        "month": 10,
        "day": 16
      },
      "time": {
        "hour": 8,
        "minute": 39,
        "second": 38,
        "nano": 0
      }
    },
    "citySender": "Херсон",
    "cityRecipient": "Дачне"
  },
  {
    "number": 59000455216127,
    "dateTime": {
      "date": {
        "year": 2019,
        "month": 10,
        "day": 16
      },
      "time": {
        "hour": 8,
        "minute": 39,
        "second": 17,
        "nano": 0
      }
    },
    "citySender": "Краматорськ",
    "cityRecipient": "Сватове"
  },
  {
    "number": 59000455216128,
    "dateTime": {
      "date": {
        "year": 2019,
        "month": 10,
        "day": 16
      },
      "time": {
        "hour": 8,
        "minute": 39,
        "second": 39,
        "nano": 0
      }
    },
    "citySender": "Київ",
    "cityRecipient": "Миколаїв"
  },
  {
    "number": 59000455216129,
    "dateTime": {
      "date": {
        "year": 2019,
        "month": 10,
        "day": 16
      },
      "time": {
        "hour": 8,
        "minute": 39,
        "second": 15,
        "nano": 0
      }
    },
    "citySender": "Харків",
    "cityRecipient": "Ворохта"
  },
  {
    "number": 59000455216130,
    "dateTime": {
      "date": {
        "year": 2019,
        "month": 10,
        "day": 16
      },
      "time": {
        "hour": 8,
        "minute": 38,
        "second": 49,
        "nano": 0
      }
    },
    "citySender": "Київ",
    "cityRecipient": "Житомир"
  },
  {
    "number": 59000455216131,
    "dateTime": {
      "date": {
        "year": 2019,
        "month": 10,
        "day": 16
      },
      "time": {
        "hour": 8,
        "minute": 39,
        "second": 35,
        "nano": 0
      }
    },
    "citySender": "Бар",
    "cityRecipient": "Хмільник (Вінницька обл.)"
  },
  {
    "number": 59000455216132,
    "dateTime": {
      "date": {
        "year": 2019,
        "month": 10,
        "day": 16
      },
      "time": {
        "hour": 8,
        "minute": 39,
        "second": 40,
        "nano": 0
      }
    },
    "citySender": "Київ",
    "cityRecipient": "Київ"
  },
  {
    "number": 59000455216133,
    "dateTime": {
      "date": {
        "year": 2019,
        "month": 10,
        "day": 16
      },
      "time": {
        "hour": 8,
        "minute": 39,
        "second": 38,
        "nano": 0
      }
    },
    "citySender": "Київ",
    "cityRecipient": "Дніпро"
  },
  {
    "number": 59000455216134,
    "dateTime": {
      "date": {
        "year": 2019,
        "month": 10,
        "day": 16
      },
      "time": {
        "hour": 8,
        "minute": 39,
        "second": 41,
        "nano": 0
      }
    },
    "citySender": "Підгайці (Підгаєцький р-н., Тернопільська обл.)",
    "cityRecipient": "Полтава"
  },
  {
    "number": 59000455216135,
    "dateTime": {
      "date": {
        "year": 2019,
        "month": 10,
        "day": 16
      },
      "time": {
        "hour": 8,
        "minute": 39,
        "second": 22,
        "nano": 0
      }
    },
    "citySender": "Київ",
    "cityRecipient": "Біла Церква"
  },
  {
    "number": 59000455216136,
    "dateTime": {
      "date": {
        "year": 2019,
        "month": 10,
        "day": 16
      },
      "time": {
        "hour": 8,
        "minute": 39,
        "second": 26,
        "nano": 0
      }
    },
    "citySender": "Харків",
    "cityRecipient": "Завалля (Кіровоград. обл)"
  },
  {
    "number": 59000455216137,
    "dateTime": {
      "date": {
        "year": 2019,
        "month": 10,
        "day": 16
      },
      "time": {
        "hour": 8,
        "minute": 39,
        "second": 1,
        "nano": 0
      }
    },
    "citySender": "Харків",
    "cityRecipient": "Київ"
  },
  {
    "number": 59000455216138,
    "dateTime": {
      "date": {
        "year": 2019,
        "month": 10,
        "day": 16
      },
      "time": {
        "hour": 8,
        "minute": 39,
        "second": 1,
        "nano": 0
      }
    },
    "citySender": "Київ",
    "cityRecipient": "Чкаловське"
  },
  {
    "number": 59000455216139,
    "dateTime": {
      "date": {
        "year": 2019,
        "month": 10,
        "day": 16
      },
      "time": {
        "hour": 8,
        "minute": 39,
        "second": 32,
        "nano": 0
      }
    },
    "citySender": "Дніпро",
    "cityRecipient": "Миколаїв"
  },
  {
    "number": 59000455216140,
    "dateTime": {
      "date": {
        "year": 2019,
        "month": 10,
        "day": 16
      },
      "time": {
        "hour": 8,
        "minute": 39,
        "second": 34,
        "nano": 0
      }
    },
    "citySender": "Київ",
    "cityRecipient": "Київ"
  },
  {
    "number": 59000455216141,
    "dateTime": {
      "date": {
        "year": 2019,
        "month": 10,
        "day": 16
      },
      "time": {
        "hour": 8,
        "minute": 38,
        "second": 27,
        "nano": 0
      }
    },
    "citySender": "Дніпро",
    "cityRecipient": "Одеса"
  },
  {
    "number": 59000455216142,
    "dateTime": {
      "date": {
        "year": 2019,
        "month": 10,
        "day": 16
      },
      "time": {
        "hour": 8,
        "minute": 38,
        "second": 58,
        "nano": 0
      }
    },
    "citySender": "Васильків",
    "cityRecipient": "Володимир-Волинський"
  },
  {
    "number": 59000455216143,
    "dateTime": {
      "date": {
        "year": 2019,
        "month": 10,
        "day": 16
      },
      "time": {
        "hour": 8,
        "minute": 37,
        "second": 51,
        "nano": 0
      }
    },
    "citySender": "Хорол",
    "cityRecipient": "Харків"
  },
  {
    "number": 59000455216145,
    "dateTime": {
      "date": {
        "year": 2019,
        "month": 10,
        "day": 16
      },
      "time": {
        "hour": 8,
        "minute": 39,
        "second": 32,
        "nano": 0
      }
    },
    "citySender": "Київ",
    "cityRecipient": "Любешів"
  },
  {
    "number": 59000455216146,
    "dateTime": {
      "date": {
        "year": 2019,
        "month": 10,
        "day": 16
      },
      "time": {
        "hour": 8,
        "minute": 37,
        "second": 36,
        "nano": 0
      }
    },
    "citySender": "Київ",
    "cityRecipient": "Маньківка"
  },
  {
    "number": 59000455216147,
    "dateTime": {
      "date": {
        "year": 2019,
        "month": 10,
        "day": 16
      },
      "time": {
        "hour": 8,
        "minute": 38,
        "second": 40,
        "nano": 0
      }
    },
    "citySender": "Джулинка (Бершадський р-н)",
    "cityRecipient": "Жовква"
  },
  {
    "number": 59000455216148,
    "dateTime": {
      "date": {
        "year": 2019,
        "month": 10,
        "day": 16
      },
      "time": {
        "hour": 8,
        "minute": 39,
        "second": 35,
        "nano": 0
      }
    },
    "citySender": "Харків",
    "cityRecipient": "Київ"
  },
  {
    "number": 59000455216149,
    "dateTime": {
      "date": {
        "year": 2019,
        "month": 10,
        "day": 16
      },
      "time": {
        "hour": 8,
        "minute": 39,
        "second": 1,
        "nano": 0
      }
    },
    "citySender": "Київ",
    "cityRecipient": "Київ"
  },
  {
    "number": 59000455216150,
    "dateTime": {
      "date": {
        "year": 2019,
        "month": 10,
        "day": 16
      },
      "time": {
        "hour": 8,
        "minute": 39,
        "second": 6,
        "nano": 0
      }
    },
    "citySender": "Новомиргород",
    "cityRecipient": "Устинівка"
  },
  {
    "number": 59000455216151,
    "dateTime": {
      "date": {
        "year": 2019,
        "month": 10,
        "day": 16
      },
      "time": {
        "hour": 8,
        "minute": 39,
        "second": 49,
        "nano": 0
      }
    },
    "citySender": "Харків",
    "cityRecipient": "Кам\u0027янка (Черкаська обл.)"
  },
  {
    "number": 59000455216152,
    "dateTime": {
      "date": {
        "year": 2019,
        "month": 10,
        "day": 16
      },
      "time": {
        "hour": 8,
        "minute": 39,
        "second": 51,
        "nano": 0
      }
    },
    "citySender": "Мукачево",
    "cityRecipient": "Ужгород"
  },
  {
    "number": 59000455216153,
    "dateTime": {
      "date": {
        "year": 2019,
        "month": 10,
        "day": 16
      },
      "time": {
        "hour": 8,
        "minute": 39,
        "second": 54,
        "nano": 0
      }
    },
    "citySender": "Михайлівка (Михайлівський р-н., Запорізька обл.)",
    "cityRecipient": "Михайлівка (Дніпропетровська обл.)"
  },
  {
    "number": 59000455216154,
    "dateTime": {
      "date": {
        "year": 2019,
        "month": 10,
        "day": 16
      },
      "time": {
        "hour": 8,
        "minute": 39,
        "second": 43,
        "nano": 0
      }
    },
    "citySender": "Київ",
    "cityRecipient": "Київ"
  },
  {
    "number": 59000455216156,
    "dateTime": {
      "date": {
        "year": 2019,
        "month": 10,
        "day": 16
      },
      "time": {
        "hour": 8,
        "minute": 39,
        "second": 36,
        "nano": 0
      }
    },
    "citySender": "Харків",
    "cityRecipient": "Київ"
  },
  {
    "number": 59000455216157,
    "dateTime": {
      "date": {
        "year": 2019,
        "month": 10,
        "day": 16
      },
      "time": {
        "hour": 8,
        "minute": 39,
        "second": 48,
        "nano": 0
      }
    },
    "citySender": "Київ",
    "cityRecipient": "Львів"
  },
  {
    "number": 59000455216158,
    "dateTime": {
      "date": {
        "year": 2019,
        "month": 10,
        "day": 16
      },
      "time": {
        "hour": 8,
        "minute": 37,
        "second": 24,
        "nano": 0
      }
    },
    "citySender": "Пирятин",
    "cityRecipient": "Київ"
  },
  {
    "number": 59000455216159,
    "dateTime": {
      "date": {
        "year": 2019,
        "month": 10,
        "day": 16
      },
      "time": {
        "hour": 8,
        "minute": 40,
        "second": 6,
        "nano": 0
      }
    },
    "citySender": "Василівка (Запорізька обл.)",
    "cityRecipient": "Авангард"
  },
  {
    "number": 59000455216160,
    "dateTime": {
      "date": {
        "year": 2019,
        "month": 10,
        "day": 16
      },
      "time": {
        "hour": 8,
        "minute": 40,
        "second": 7,
        "nano": 0
      }
    },
    "citySender": "Київ",
    "cityRecipient": "Полтава"
  },
  {
    "number": 59000455216161,
    "dateTime": {
      "date": {
        "year": 2019,
        "month": 10,
        "day": 16
      },
      "time": {
        "hour": 8,
        "minute": 38,
        "second": 32,
        "nano": 0
      }
    },
    "citySender": "Дніпро",
    "cityRecipient": "Покров (Дніпропетровська обл.)"
  },
  {
    "number": 59000455216162,
    "dateTime": {
      "date": {
        "year": 2019,
        "month": 10,
        "day": 16
      },
      "time": {
        "hour": 8,
        "minute": 40,
        "second": 2,
        "nano": 0
      }
    },
    "citySender": "Київ",
    "cityRecipient": "Ужгород"
  },
  {
    "number": 59000455216163,
    "dateTime": {
      "date": {
        "year": 2019,
        "month": 10,
        "day": 16
      },
      "time": {
        "hour": 8,
        "minute": 38,
        "second": 34,
        "nano": 0
      }
    },
    "citySender": "Семенівка(Чернігівська обл.)",
    "cityRecipient": "Київ"
  },
  {
    "number": 59000455216165,
    "dateTime": {
      "date": {
        "year": 2019,
        "month": 10,
        "day": 16
      },
      "time": {
        "hour": 8,
        "minute": 40,
        "second": 8,
        "nano": 0
      }
    },
    "citySender": "Київ",
    "cityRecipient": "Київ"
  },
  {
    "number": 59000455216166,
    "dateTime": {
      "date": {
        "year": 2019,
        "month": 10,
        "day": 16
      },
      "time": {
        "hour": 8,
        "minute": 40,
        "second": 12,
        "nano": 0
      }
    },
    "citySender": "Львів",
    "cityRecipient": "Львів"
  },
  {
    "number": 59000455216167,
    "dateTime": {
      "date": {
        "year": 2019,
        "month": 10,
        "day": 16
      },
      "time": {
        "hour": 8,
        "minute": 39,
        "second": 40,
        "nano": 0
      }
    },
    "citySender": "Рожнятів",
    "cityRecipient": "Харків"
  },
  {
    "number": 59000455216168,
    "dateTime": {
      "date": {
        "year": 2019,
        "month": 10,
        "day": 16
      },
      "time": {
        "hour": 8,
        "minute": 40,
        "second": 6,
        "nano": 0
      }
    },
    "citySender": "Переяслав-Хмельницький",
    "cityRecipient": "Івано-Франківськ"
  },
  {
    "number": 59000455216169,
    "dateTime": {
      "date": {
        "year": 2019,
        "month": 10,
        "day": 16
      },
      "time": {
        "hour": 8,
        "minute": 40,
        "second": 12,
        "nano": 0
      }
    },
    "citySender": "Михайлівка (Михайлівський р-н., Запорізька обл.)",
    "cityRecipient": "Михайлівка (Михайлівський р-н., Запорізька обл.)"
  },
  {
    "number": 59000455216170,
    "dateTime": {
      "date": {
        "year": 2019,
        "month": 10,
        "day": 16
      },
      "time": {
        "hour": 8,
        "minute": 39,
        "second": 51,
        "nano": 0
      }
    },
    "citySender": "Львів",
    "cityRecipient": "Августівка"
  },
  {
    "number": 59000455216171,
    "dateTime": {
      "date": {
        "year": 2019,
        "month": 10,
        "day": 16
      },
      "time": {
        "hour": 8,
        "minute": 39,
        "second": 34,
        "nano": 0
      }
    },
    "citySender": "Літин",
    "cityRecipient": "Харків"
  },
  {
    "number": 59000455216172,
    "dateTime": {
      "date": {
        "year": 2019,
        "month": 10,
        "day": 16
      },
      "time": {
        "hour": 8,
        "minute": 40,
        "second": 17,
        "nano": 0
      }
    },
    "citySender": "Богданівка (Кіровоградська обл.)",
    "cityRecipient": "Маріуполь"
  },
  {
    "number": 59000455216173,
    "dateTime": {
      "date": {
        "year": 2019,
        "month": 10,
        "day": 16
      },
      "time": {
        "hour": 8,
        "minute": 40,
        "second": 10,
        "nano": 0
      }
    },
    "citySender": "Харків",
    "cityRecipient": "Маріуполь"
  },
  {
    "number": 59000455216174,
    "dateTime": {
      "date": {
        "year": 2019,
        "month": 10,
        "day": 16
      },
      "time": {
        "hour": 8,
        "minute": 40,
        "second": 9,
        "nano": 0
      }
    },
    "citySender": "Київ",
    "cityRecipient": "Харків"
  },
  {
    "number": 59000455216176,
    "dateTime": {
      "date": {
        "year": 2019,
        "month": 10,
        "day": 16
      },
      "time": {
        "hour": 8,
        "minute": 40,
        "second": 17,
        "nano": 0
      }
    },
    "citySender": "Київ",
    "cityRecipient": "Дніпро"
  },
  {
    "number": 59000455216177,
    "dateTime": {
      "date": {
        "year": 2019,
        "month": 10,
        "day": 16
      },
      "time": {
        "hour": 8,
        "minute": 40,
        "second": 19,
        "nano": 0
      }
    },
    "citySender": "Калита",
    "cityRecipient": "Київ"
  },
  {
    "number": 59000455216178,
    "dateTime": {
      "date": {
        "year": 2019,
        "month": 10,
        "day": 16
      },
      "time": {
        "hour": 8,
        "minute": 40,
        "second": 13,
        "nano": 0
      }
    },
    "citySender": "Львів",
    "cityRecipient": "Київ"
  },
  {
    "number": 59000455216179,
    "dateTime": {
      "date": {
        "year": 2019,
        "month": 10,
        "day": 16
      },
      "time": {
        "hour": 8,
        "minute": 40,
        "second": 16,
        "nano": 0
      }
    },
    "citySender": "Якимівка (Запорізька обл.)",
    "cityRecipient": "Ілічанка"
  },
  {
    "number": 59000455216180,
    "dateTime": {
      "date": {
        "year": 2019,
        "month": 10,
        "day": 16
      },
      "time": {
        "hour": 8,
        "minute": 39,
        "second": 48,
        "nano": 0
      }
    },
    "citySender": "Харків",
    "cityRecipient": "Рафалівка"
  },
  {
    "number": 59000455216181,
    "dateTime": {
      "date": {
        "year": 2019,
        "month": 10,
        "day": 16
      },
      "time": {
        "hour": 8,
        "minute": 40,
        "second": 21,
        "nano": 0
      }
    },
    "citySender": "Василівка (Запорізька обл.)",
    "cityRecipient": "Арциз"
  },
  {
    "number": 59000455216182,
    "dateTime": {
      "date": {
        "year": 2019,
        "month": 10,
        "day": 16
      },
      "time": {
        "hour": 8,
        "minute": 39,
        "second": 45,
        "nano": 0
      }
    },
    "citySender": "Новий Розділ",
    "cityRecipient": "Львів"
  },
  {
    "number": 59000455216183,
    "dateTime": {
      "date": {
        "year": 2019,
        "month": 10,
        "day": 16
      },
      "time": {
        "hour": 8,
        "minute": 40,
        "second": 25,
        "nano": 0
      }
    },
    "citySender": "Кривий Ріг",
    "cityRecipient": "Кривий Ріг"
  },
  {
    "number": 59000455216184,
    "dateTime": {
      "date": {
        "year": 2019,
        "month": 10,
        "day": 16
      },
      "time": {
        "hour": 8,
        "minute": 40,
        "second": 24,
        "nano": 0
      }
    },
    "citySender": "Оржиця",
    "cityRecipient": "Молодіжне"
  },
  {
    "number": 59000455216185,
    "dateTime": {
      "date": {
        "year": 2019,
        "month": 10,
        "day": 16
      },
      "time": {
        "hour": 8,
        "minute": 39,
        "second": 41,
        "nano": 0
      }
    },
    "citySender": "Новий Буг",
    "cityRecipient": "Київ"
  },
  {
    "number": 59000455216186,
    "dateTime": {
      "date": {
        "year": 2019,
        "month": 10,
        "day": 16
      },
      "time": {
        "hour": 8,
        "minute": 40,
        "second": 26,
        "nano": 0
      }
    },
    "citySender": "Кропивницький",
    "cityRecipient": "Рівне"
  },
  {
    "number": 59000455216187,
    "dateTime": {
      "date": {
        "year": 2019,
        "month": 10,
        "day": 16
      },
      "time": {
        "hour": 8,
        "minute": 39,
        "second": 36,
        "nano": 0
      }
    },
    "citySender": "Львів",
    "cityRecipient": "Царичанка"
  },
  {
    "number": 59000455216188,
    "dateTime": {
      "date": {
        "year": 2019,
        "month": 10,
        "day": 16
      },
      "time": {
        "hour": 8,
        "minute": 40,
        "second": 17,
        "nano": 0
      }
    },
    "citySender": "Нижча Дубечня",
    "cityRecipient": "Тернопіль"
  },
  {
    "number": 59000455216189,
    "dateTime": {
      "date": {
        "year": 2019,
        "month": 10,
        "day": 16
      },
      "time": {
        "hour": 8,
        "minute": 39,
        "second": 46,
        "nano": 0
      }
    },
    "citySender": "Харків",
    "cityRecipient": "Сартана (Донецька обл.)"
  },
  {
    "number": 59000455216190,
    "dateTime": {
      "date": {
        "year": 2019,
        "month": 10,
        "day": 16
      },
      "time": {
        "hour": 8,
        "minute": 39,
        "second": 32,
        "nano": 0
      }
    },
    "citySender": "Путивль",
    "cityRecipient": "Київ"
  },
  {
    "number": 59000455216191,
    "dateTime": {
      "date": {
        "year": 2019,
        "month": 10,
        "day": 16
      },
      "time": {
        "hour": 8,
        "minute": 40,
        "second": 14,
        "nano": 0
      }
    },
    "citySender": "Київ",
    "cityRecipient": "Одеса"
  },
  {
    "number": 59000455216192,
    "dateTime": {
      "date": {
        "year": 2019,
        "month": 10,
        "day": 16
      },
      "time": {
        "hour": 8,
        "minute": 40,
        "second": 3,
        "nano": 0
      }
    },
    "citySender": "Кривий Ріг",
    "cityRecipient": "Воловець"
  },
  {
    "number": 59000455216193,
    "dateTime": {
      "date": {
        "year": 2019,
        "month": 10,
        "day": 16
      },
      "time": {
        "hour": 8,
        "minute": 39,
        "second": 43,
        "nano": 0
      }
    },
    "citySender": "Київ",
    "cityRecipient": "Харків"
  },
  {
    "number": 59000455216194,
    "dateTime": {
      "date": {
        "year": 2019,
        "month": 10,
        "day": 16
      },
      "time": {
        "hour": 8,
        "minute": 40,
        "second": 32,
        "nano": 0
      }
    },
    "citySender": "Криве Озеро",
    "cityRecipient": "Одеса"
  },
  {
    "number": 59000455216195,
    "dateTime": {
      "date": {
        "year": 2019,
        "month": 10,
        "day": 16
      },
      "time": {
        "hour": 8,
        "minute": 40,
        "second": 16,
        "nano": 0
      }
    },
    "citySender": "Київ",
    "cityRecipient": "Львів"
  },
  {
    "number": 59000455216196,
    "dateTime": {
      "date": {
        "year": 2019,
        "month": 10,
        "day": 16
      },
      "time": {
        "hour": 8,
        "minute": 40,
        "second": 25,
        "nano": 0
      }
    },
    "citySender": "Жидачів",
    "cityRecipient": "Вінниця"
  },
  {
    "number": 59000455216197,
    "dateTime": {
      "date": {
        "year": 2019,
        "month": 10,
        "day": 16
      },
      "time": {
        "hour": 8,
        "minute": 40,
        "second": 33,
        "nano": 0
      }
    },
    "citySender": "Василівка (Запорізька обл.)",
    "cityRecipient": "Східниця"
  },
  {
    "number": 59000455216198,
    "dateTime": {
      "date": {
        "year": 2019,
        "month": 10,
        "day": 16
      },
      "time": {
        "hour": 8,
        "minute": 40,
        "second": 2,
        "nano": 0
      }
    },
    "citySender": "Новий Розділ",
    "cityRecipient": "Київ"
  },
  {
    "number": 59000455216199,
    "dateTime": {
      "date": {
        "year": 2019,
        "month": 10,
        "day": 16
      },
      "time": {
        "hour": 8,
        "minute": 40,
        "second": 22,
        "nano": 0
      }
    },
    "citySender": "Дніпро",
    "cityRecipient": "Дніпро"
  },
  {
    "number": 59000455216200,
    "dateTime": {
      "date": {
        "year": 2019,
        "month": 10,
        "day": 16
      },
      "time": {
        "hour": 8,
        "minute": 40,
        "second": 15,
        "nano": 0
      }
    },
    "citySender": "Київ",
    "cityRecipient": "Запоріжжя"
  },
  {
    "number": 59000455216201,
    "dateTime": {
      "date": {
        "year": 2019,
        "month": 10,
        "day": 16
      },
      "time": {
        "hour": 8,
        "minute": 40,
        "second": 36,
        "nano": 0
      }
    },
    "citySender": "Калита",
    "cityRecipient": "Київ"
  },
  {
    "number": 59000455216202,
    "dateTime": {
      "date": {
        "year": 2019,
        "month": 10,
        "day": 16
      },
      "time": {
        "hour": 8,
        "minute": 37,
        "second": 36,
        "nano": 0
      }
    },
    "citySender": "Білозерка (Херсонська обл.)",
    "cityRecipient": "Березань"
  }
]