[
  {
    "number": 59000455243293,
    "dateTime": {
      "date": {
        "year": 2019,
        "month": 10,
        "day": 16
      },
      "time": {
        "hour": 10,
        "minute": 12,
        "second": 8,
        "nano": 0
      }
    },
    "citySender": "Київ",
    "cityRecipient": "Кропивницький"
  },
  {
    "number": 59000455243294,
    "dateTime": {
      "date": {
        "year": 2019,
        "month": 10,
        "day": 16
      },
      "time": {
        "hour": 10,
        "minute": 12,
        "second": 15,
        "nano": 0
      }
    },
    "citySender": "Київ",
    "cityRecipient": "Кропивницький"
  },
  {
    "number": 59000455243295,
    "dateTime": {
      "date": {
        "year": 2019,
        "month": 10,
        "day": 16
      },
      "time": {
        "hour": 10,
        "minute": 11,
        "second": 47,
        "nano": 0
      }
    },
    "citySender": "Нова Борова",
    "cityRecipient": "Київ"
  },
  {
    "number": 59000455243296,
    "dateTime": {
      "date": {
        "year": 2019,
        "month": 10,
        "day": 16
      },
      "time": {
        "hour": 10,
        "minute": 12,
        "second": 8,
        "nano": 0
      }
    },
    "citySender": "Борщів",
    "cityRecipient": "Заболотів (Снятинський р-н)"
  },
  {
    "number": 59000455243297,
    "dateTime": {
      "date": {
        "year": 2019,
        "month": 10,
        "day": 16
      },
      "time": {
        "hour": 10,
        "minute": 10,
        "second": 53,
        "nano": 0
      }
    },
    "citySender": "П\u0027ядики",
    "cityRecipient": "Херсон"
  },
  {
    "number": 59000455243298,
    "dateTime": {
      "date": {
        "year": 2019,
        "month": 10,
        "day": 16
      },
      "time": {
        "hour": 10,
        "minute": 11,
        "second": 58,
        "nano": 0
      }
    },
    "citySender": "Київ",
    "cityRecipient": "Вишгород"
  },
  {
    "number": 59000455243299,
    "dateTime": {
      "date": {
        "year": 2019,
        "month": 10,
        "day": 16
      },
      "time": {
        "hour": 10,
        "minute": 12,
        "second": 1,
        "nano": 0
      }
    },
    "citySender": "Київ",
    "cityRecipient": "Київ"
  },
  {
    "number": 59000455243300,
    "dateTime": {
      "date": {
        "year": 2019,
        "month": 10,
        "day": 16
      },
      "time": {
        "hour": 10,
        "minute": 12,
        "second": 5,
        "nano": 0
      }
    },
    "citySender": "Обухів",
    "cityRecipient": "Яготин"
  },
  {
    "number": 59000455243302,
    "dateTime": {
      "date": {
        "year": 2019,
        "month": 10,
        "day": 16
      },
      "time": {
        "hour": 10,
        "minute": 11,
        "second": 49,
        "nano": 0
      }
    },
    "citySender": "Миколаїв",
    "cityRecipient": "Київ"
  },
  {
    "number": 59000455243303,
    "dateTime": {
      "date": {
        "year": 2019,
        "month": 10,
        "day": 16
      },
      "time": {
        "hour": 10,
        "minute": 12,
        "second": 17,
        "nano": 0
      }
    },
    "citySender": "Чорноморськ",
    "cityRecipient": "Одеса"
  },
  {
    "number": 59000455243305,
    "dateTime": {
      "date": {
        "year": 2019,
        "month": 10,
        "day": 16
      },
      "time": {
        "hour": 10,
        "minute": 12,
        "second": 1,
        "nano": 0
      }
    },
    "citySender": "Житомир",
    "cityRecipient": "Київ"
  },
  {
    "number": 59000455243306,
    "dateTime": {
      "date": {
        "year": 2019,
        "month": 10,
        "day": 16
      },
      "time": {
        "hour": 10,
        "minute": 12,
        "second": 17,
        "nano": 0
      }
    },
    "citySender": "Курахове",
    "cityRecipient": "Львів"
  },
  {
    "number": 59000455243307,
    "dateTime": {
      "date": {
        "year": 2019,
        "month": 10,
        "day": 16
      },
      "time": {
        "hour": 10,
        "minute": 4,
        "second": 21,
        "nano": 0
      }
    },
    "citySender": "Чабани",
    "cityRecipient": "Київ"
  },
  {
    "number": 59000455243308,
    "dateTime": {
      "date": {
        "year": 2019,
        "month": 10,
        "day": 16
      },
      "time": {
        "hour": 10,
        "minute": 11,
        "second": 47,
        "nano": 0
      }
    },
    "citySender": "Кам\u0027янець-Подільський",
    "cityRecipient": "Київ"
  },
  {
    "number": 59000455243309,
    "dateTime": {
      "date": {
        "year": 2019,
        "month": 10,
        "day": 16
      },
      "time": {
        "hour": 10,
        "minute": 12,
        "second": 17,
        "nano": 0
      }
    },
    "citySender": "Кременчук",
    "cityRecipient": "Дніпро"
  },
  {
    "number": 59000455243310,
    "dateTime": {
      "date": {
        "year": 2019,
        "month": 10,
        "day": 16
      },
      "time": {
        "hour": 10,
        "minute": 11,
        "second": 35,
        "nano": 0
      }
    },
    "citySender": "Тальне",
    "cityRecipient": "Умань"
  },
  {
    "number": 59000455243311,
    "dateTime": {
      "date": {
        "year": 2019,
        "month": 10,
        "day": 16
      },
      "time": {
        "hour": 10,
        "minute": 12,
        "second": 9,
        "nano": 0
      }
    },
    "citySender": "Новотроїцьке (Херсонська обл.)",
    "cityRecipient": "Вінниця"
  },
  {
    "number": 59000455243313,
    "dateTime": {
      "date": {
        "year": 2019,
        "month": 10,
        "day": 16
      },
      "time": {
        "hour": 10,
        "minute": 12,
        "second": 5,
        "nano": 0
      }
    },
    "citySender": "Чорноморськ",
    "cityRecipient": "Волноваха"
  },
  {
    "number": 59000455243314,
    "dateTime": {
      "date": {
        "year": 2019,
        "month": 10,
        "day": 16
      },
      "time": {
        "hour": 10,
        "minute": 12,
        "second": 3,
        "nano": 0
      }
    },
    "citySender": "Сарни",
    "cityRecipient": "Буча"
  },
  {
    "number": 59000455243315,
    "dateTime": {
      "date": {
        "year": 2019,
        "month": 10,
        "day": 16
      },
      "time": {
        "hour": 10,
        "minute": 11,
        "second": 58,
        "nano": 0
      }
    },
    "citySender": "Вороньків",
    "cityRecipient": "Харків"
  },
  {
    "number": 59000455243316,
    "dateTime": {
      "date": {
        "year": 2019,
        "month": 10,
        "day": 16
      },
      "time": {
        "hour": 10,
        "minute": 11,
        "second": 45,
        "nano": 0
      }
    },
    "citySender": "Кропивницький",
    "cityRecipient": "Покров (Дніпропетровська обл.)"
  },
  {
    "number": 59000455243317,
    "dateTime": {
      "date": {
        "year": 2019,
        "month": 10,
        "day": 16
      },
      "time": {
        "hour": 10,
        "minute": 12,
        "second": 4,
        "nano": 0
      }
    },
    "citySender": "Київ",
    "cityRecipient": "Рубіжне"
  },
  {
    "number": 59000455243318,
    "dateTime": {
      "date": {
        "year": 2019,
        "month": 10,
        "day": 16
      },
      "time": {
        "hour": 10,
        "minute": 11,
        "second": 48,
        "nano": 0
      }
    },
    "citySender": "Сокільники",
    "cityRecipient": "Мелітополь"
  },
  {
    "number": 59000455243319,
    "dateTime": {
      "date": {
        "year": 2019,
        "month": 10,
        "day": 16
      },
      "time": {
        "hour": 10,
        "minute": 12,
        "second": 9,
        "nano": 0
      }
    },
    "citySender": "Чернігів",
    "cityRecipient": "Київ"
  },
  {
    "number": 59000455243320,
    "dateTime": {
      "date": {
        "year": 2019,
        "month": 10,
        "day": 16
      },
      "time": {
        "hour": 10,
        "minute": 11,
        "second": 22,
        "nano": 0
      }
    },
    "citySender": "Казанка",
    "cityRecipient": "Миколаїв"
  },
  {
    "number": 59000455243321,
    "dateTime": {
      "date": {
        "year": 2019,
        "month": 10,
        "day": 16
      },
      "time": {
        "hour": 10,
        "minute": 11,
        "second": 37,
        "nano": 0
      }
    },
    "citySender": "Київ",
    "cityRecipient": "Монастириська"
  },
  {
    "number": 59000455243322,
    "dateTime": {
      "date": {
        "year": 2019,
        "month": 10,
        "day": 16
      },
      "time": {
        "hour": 10,
        "minute": 12,
        "second": 12,
        "nano": 0
      }
    },
    "citySender": "Одеса",
    "cityRecipient": "Київ"
  },
  {
    "number": 59000455243323,
    "dateTime": {
      "date": {
        "year": 2019,
        "month": 10,
        "day": 16
      },
      "time": {
        "hour": 10,
        "minute": 12,
        "second": 20,
        "nano": 0
      }
    },
    "citySender": "Жовква",
    "cityRecipient": "Вінниця"
  },
  {
    "number": 59000455243324,
    "dateTime": {
      "date": {
        "year": 2019,
        "month": 10,
        "day": 16
      },
      "time": {
        "hour": 10,
        "minute": 12,
        "second": 14,
        "nano": 0
      }
    },
    "citySender": "Брошнів-Осада",
    "cityRecipient": "Світлодарськ"
  },
  {
    "number": 59000455243325,
    "dateTime": {
      "date": {
        "year": 2019,
        "month": 10,
        "day": 16
      },
      "time": {
        "hour": 10,
        "minute": 12,
        "second": 18,
        "nano": 0
      }
    },
    "citySender": "Київ",
    "cityRecipient": "Київ"
  },
  {
    "number": 59000455243326,
    "dateTime": {
      "date": {
        "year": 2019,
        "month": 10,
        "day": 16
      },
      "time": {
        "hour": 10,
        "minute": 11,
        "second": 57,
        "nano": 0
      }
    },
    "citySender": "Ладижин",
    "cityRecipient": "Тернопіль"
  },
  {
    "number": 59000455243327,
    "dateTime": {
      "date": {
        "year": 2019,
        "month": 10,
        "day": 16
      },
      "time": {
        "hour": 10,
        "minute": 12,
        "second": 12,
        "nano": 0
      }
    },
    "citySender": "Хмельницький",
    "cityRecipient": "Тернопіль"
  },
  {
    "number": 59000455243328,
    "dateTime": {
      "date": {
        "year": 2019,
        "month": 10,
        "day": 16
      },
      "time": {
        "hour": 10,
        "minute": 11,
        "second": 26,
        "nano": 0
      }
    },
    "citySender": "Кам\u0027янка (Черкаська обл.)",
    "cityRecipient": "Стара Синява"
  },
  {
    "number": 59000455243329,
    "dateTime": {
      "date": {
        "year": 2019,
        "month": 10,
        "day": 16
      },
      "time": {
        "hour": 10,
        "minute": 11,
        "second": 12,
        "nano": 0
      }
    },
    "citySender": "Одеса",
    "cityRecipient": "Черкаси"
  },
  {
    "number": 59000455243330,
    "dateTime": {
      "date": {
        "year": 2019,
        "month": 10,
        "day": 16
      },
      "time": {
        "hour": 10,
        "minute": 11,
        "second": 1,
        "nano": 0
      }
    },
    "citySender": "Шумськ",
    "cityRecipient": "Шаргород (Вінницька обл.)"
  },
  {
    "number": 59000455243331,
    "dateTime": {
      "date": {
        "year": 2019,
        "month": 10,
        "day": 16
      },
      "time": {
        "hour": 10,
        "minute": 12,
        "second": 10,
        "nano": 0
      }
    },
    "citySender": "Запоріжжя",
    "cityRecipient": "Пологи (Запорізька обл.)"
  },
  {
    "number": 59000455243332,
    "dateTime": {
      "date": {
        "year": 2019,
        "month": 10,
        "day": 16
      },
      "time": {
        "hour": 10,
        "minute": 1,
        "second": 52,
        "nano": 0
      }
    },
    "citySender": "Корець",
    "cityRecipient": "Радивилів"
  },
  {
    "number": 59000455243333,
    "dateTime": {
      "date": {
        "year": 2019,
        "month": 10,
        "day": 16
      },
      "time": {
        "hour": 10,
        "minute": 12,
        "second": 8,
        "nano": 0
      }
    },
    "citySender": "Житомир",
    "cityRecipient": "Кременець"
  },
  {
    "number": 59000455243335,
    "dateTime": {
      "date": {
        "year": 2019,
        "month": 10,
        "day": 16
      },
      "time": {
        "hour": 10,
        "minute": 12,
        "second": 22,
        "nano": 0
      }
    },
    "citySender": "Київ",
    "cityRecipient": "Ужгород"
  },
  {
    "number": 59000455243336,
    "dateTime": {
      "date": {
        "year": 2019,
        "month": 10,
        "day": 16
      },
      "time": {
        "hour": 10,
        "minute": 12,
        "second": 8,
        "nano": 0
      }
    },
    "citySender": "Харків",
    "cityRecipient": "Вугледар"
  },
  {
    "number": 59000455243337,
    "dateTime": {
      "date": {
        "year": 2019,
        "month": 10,
        "day": 16
      },
      "time": {
        "hour": 10,
        "minute": 11,
        "second": 47,
        "nano": 0
      }
    },
    "citySender": "Ямпіль (Хмельницька обл.)",
    "cityRecipient": "Київ"
  },
  {
    "number": 59000455243338,
    "dateTime": {
      "date": {
        "year": 2019,
        "month": 10,
        "day": 16
      },
      "time": {
        "hour": 10,
        "minute": 12,
        "second": 9,
        "nano": 0
      }
    },
    "citySender": "Київ",
    "cityRecipient": "Миколаїв"
  },
  {
    "number": 59000455243339,
    "dateTime": {
      "date": {
        "year": 2019,
        "month": 10,
        "day": 16
      },
      "time": {
        "hour": 10,
        "minute": 12,
        "second": 1,
        "nano": 0
      }
    },
    "citySender": "Слов\u0027янськ",
    "cityRecipient": "Кам\u0027янське(Дніпропетровська обл)"
  },
  {
    "number": 59000455243340,
    "dateTime": {
      "date": {
        "year": 2019,
        "month": 10,
        "day": 16
      },
      "time": {
        "hour": 10,
        "minute": 11,
        "second": 13,
        "nano": 0
      }
    },
    "citySender": "Вінниця",
    "cityRecipient": "Мерефа"
  },
  {
    "number": 59000455243341,
    "dateTime": {
      "date": {
        "year": 2019,
        "month": 10,
        "day": 16
      },
      "time": {
        "hour": 10,
        "minute": 11,
        "second": 42,
        "nano": 0
      }
    },
    "citySender": "Черкаси",
    "cityRecipient": "Ватутіне"
  },
  {
    "number": 59000455243342,
    "dateTime": {
      "date": {
        "year": 2019,
        "month": 10,
        "day": 16
      },
      "time": {
        "hour": 10,
        "minute": 12,
        "second": 2,
        "nano": 0
      }
    },
    "citySender": "Дніпро",
    "cityRecipient": "Воловець"
  },
  {
    "number": 59000455243343,
    "dateTime": {
      "date": {
        "year": 2019,
        "month": 10,
        "day": 16
      },
      "time": {
        "hour": 10,
        "minute": 12,
        "second": 11,
        "nano": 0
      }
    },
    "citySender": "Краматорськ",
    "cityRecipient": "Київ"
  },
  {
    "number": 59000455243344,
    "dateTime": {
      "date": {
        "year": 2019,
        "month": 10,
        "day": 16
      },
      "time": {
        "hour": 10,
        "minute": 11,
        "second": 53,
        "nano": 0
      }
    },
    "citySender": "Львів",
    "cityRecipient": "Казанка"
  },
  {
    "number": 59000455243345,
    "dateTime": {
      "date": {
        "year": 2019,
        "month": 10,
        "day": 16
      },
      "time": {
        "hour": 10,
        "minute": 11,
        "second": 52,
        "nano": 0
      }
    },
    "citySender": "Мена",
    "cityRecipient": "Одеса"
  },
  {
    "number": 59000455243346,
    "dateTime": {
      "date": {
        "year": 2019,
        "month": 10,
        "day": 16
      },
      "time": {
        "hour": 10,
        "minute": 11,
        "second": 8,
        "nano": 0
      }
    },
    "citySender": "Запоріжжя",
    "cityRecipient": "Маріуполь"
  },
  {
    "number": 59000455243347,
    "dateTime": {
      "date": {
        "year": 2019,
        "month": 10,
        "day": 16
      },
      "time": {
        "hour": 10,
        "minute": 11,
        "second": 41,
        "nano": 0
      }
    },
    "citySender": "Холми",
    "cityRecipient": "Дніпро"
  },
  {
    "number": 59000455243348,
    "dateTime": {
      "date": {
        "year": 2019,
        "month": 10,
        "day": 16
      },
      "time": {
        "hour": 10,
        "minute": 12,
        "second": 17,
        "nano": 0
      }
    },
    "citySender": "Київ",
    "cityRecipient": "Харків"
  },
  {
    "number": 59000455243349,
    "dateTime": {
      "date": {
        "year": 2019,
        "month": 10,
        "day": 16
      },
      "time": {
        "hour": 10,
        "minute": 12,
        "second": 4,
        "nano": 0
      }
    },
    "citySender": "Мукачево",
    "cityRecipient": "Северинівка (Київська обл.)"
  },
  {
    "number": 59000455243350,
    "dateTime": {
      "date": {
        "year": 2019,
        "month": 10,
        "day": 16
      },
      "time": {
        "hour": 10,
        "minute": 11,
        "second": 39,
        "nano": 0
      }
    },
    "citySender": "Володарка",
    "cityRecipient": "Торчин"
  },
  {
    "number": 59000455243351,
    "dateTime": {
      "date": {
        "year": 2019,
        "month": 10,
        "day": 16
      },
      "time": {
        "hour": 10,
        "minute": 11,
        "second": 40,
        "nano": 0
      }
    },
    "citySender": "Дунаївці",
    "cityRecipient": "Чернівці"
  },
  {
    "number": 59000455243352,
    "dateTime": {
      "date": {
        "year": 2019,
        "month": 10,
        "day": 16
      },
      "time": {
        "hour": 10,
        "minute": 12,
        "second": 17,
        "nano": 0
      }
    },
    "citySender": "Мукачево",
    "cityRecipient": "Ужгород"
  },
  {
    "number": 59000455243353,
    "dateTime": {
      "date": {
        "year": 2019,
        "month": 10,
        "day": 16
      },
      "time": {
        "hour": 10,
        "minute": 12,
        "second": 17,
        "nano": 0
      }
    },
    "citySender": "Одеса",
    "cityRecipient": "Хмельницький"
  },
  {
    "number": 59000455243354,
    "dateTime": {
      "date": {
        "year": 2019,
        "month": 10,
        "day": 16
      },
      "time": {
        "hour": 10,
        "minute": 12,
        "second": 20,
        "nano": 0
      }
    },
    "citySender": "Львів",
    "cityRecipient": "Львів"
  },
  {
    "number": 59000455243355,
    "dateTime": {
      "date": {
        "year": 2019,
        "month": 10,
        "day": 16
      },
      "time": {
        "hour": 10,
        "minute": 12,
        "second": 2,
        "nano": 0
      }
    },
    "citySender": "Дніпро",
    "cityRecipient": "Київ"
  },
  {
    "number": 59000455243356,
    "dateTime": {
      "date": {
        "year": 2019,
        "month": 10,
        "day": 16
      },
      "time": {
        "hour": 10,
        "minute": 12,
        "second": 7,
        "nano": 0
      }
    },
    "citySender": "Харків",
    "cityRecipient": "Свалява"
  },
  {
    "number": 59000455243357,
    "dateTime": {
      "date": {
        "year": 2019,
        "month": 10,
        "day": 16
      },
      "time": {
        "hour": 10,
        "minute": 12,
        "second": 4,
        "nano": 0
      }
    },
    "citySender": "Коломия",
    "cityRecipient": "Івано-Франківськ"
  },
  {
    "number": 59000455243358,
    "dateTime": {
      "date": {
        "year": 2019,
        "month": 10,
        "day": 16
      },
      "time": {
        "hour": 10,
        "minute": 12,
        "second": 18,
        "nano": 0
      }
    },
    "citySender": "Томашпіль",
    "cityRecipient": "Київ"
  },
  {
    "number": 59000455243359,
    "dateTime": {
      "date": {
        "year": 2019,
        "month": 10,
        "day": 16
      },
      "time": {
        "hour": 10,
        "minute": 11,
        "second": 35,
        "nano": 0
      }
    },
    "citySender": "Володарка",
    "cityRecipient": "Миколаїв"
  },
  {
    "number": 59000455243360,
    "dateTime": {
      "date": {
        "year": 2019,
        "month": 10,
        "day": 16
      },
      "time": {
        "hour": 10,
        "minute": 9,
        "second": 23,
        "nano": 0
      }
    },
    "citySender": "Вишково",
    "cityRecipient": "Семенівка(Полт.обл., Семенів.р-н)"
  },
  {
    "number": 59000455243361,
    "dateTime": {
      "date": {
        "year": 2019,
        "month": 10,
        "day": 16
      },
      "time": {
        "hour": 10,
        "minute": 12,
        "second": 28,
        "nano": 0
      }
    },
    "citySender": "Терни",
    "cityRecipient": "Буринь"
  },
  {
    "number": 59000455243362,
    "dateTime": {
      "date": {
        "year": 2019,
        "month": 10,
        "day": 16
      },
      "time": {
        "hour": 10,
        "minute": 12,
        "second": 16,
        "nano": 0
      }
    },
    "citySender": "Зимна Вода",
    "cityRecipient": "Чернігів"
  },
  {
    "number": 59000455243363,
    "dateTime": {
      "date": {
        "year": 2019,
        "month": 10,
        "day": 16
      },
      "time": {
        "hour": 10,
        "minute": 12,
        "second": 2,
        "nano": 0
      }
    },
    "citySender": "Бориспіль",
    "cityRecipient": "Червоноград (Львівська обл.)"
  },
  {
    "number": 59000455243364,
    "dateTime": {
      "date": {
        "year": 2019,
        "month": 10,
        "day": 16
      },
      "time": {
        "hour": 10,
        "minute": 11,
        "second": 14,
        "nano": 0
      }
    },
    "citySender": "Рогатин",
    "cityRecipient": "Черкаси"
  },
  {
    "number": 59000455243365,
    "dateTime": {
      "date": {
        "year": 2019,
        "month": 10,
        "day": 16
      },
      "time": {
        "hour": 10,
        "minute": 10,
        "second": 40,
        "nano": 0
      }
    },
    "citySender": "Камінь-Каширський",
    "cityRecipient": "Олександрія (м.Кіровогр.обл.райц)"
  },
  {
    "number": 59000455243366,
    "dateTime": {
      "date": {
        "year": 2019,
        "month": 10,
        "day": 16
      },
      "time": {
        "hour": 10,
        "minute": 12,
        "second": 27,
        "nano": 0
      }
    },
    "citySender": "Жидачів",
    "cityRecipient": "Чорнухи (Полтавська обл.)"
  },
  {
    "number": 59000455243367,
    "dateTime": {
      "date": {
        "year": 2019,
        "month": 10,
        "day": 16
      },
      "time": {
        "hour": 10,
        "minute": 11,
        "second": 34,
        "nano": 0
      }
    },
    "citySender": "Київ",
    "cityRecipient": "Вінниця"
  },
  {
    "number": 59000455243368,
    "dateTime": {
      "date": {
        "year": 2019,
        "month": 10,
        "day": 16
      },
      "time": {
        "hour": 10,
        "minute": 12,
        "second": 20,
        "nano": 0
      }
    },
    "citySender": "Одеса",
    "cityRecipient": "Запоріжжя"
  },
  {
    "number": 59000455243369,
    "dateTime": {
      "date": {
        "year": 2019,
        "month": 10,
        "day": 16
      },
      "time": {
        "hour": 10,
        "minute": 12,
        "second": 6,
        "nano": 0
      }
    },
    "citySender": "Прилуки",
    "cityRecipient": "Обухів"
  },
  {
    "number": 59000455243370,
    "dateTime": {
      "date": {
        "year": 2019,
        "month": 10,
        "day": 16
      },
      "time": {
        "hour": 10,
        "minute": 12,
        "second": 29,
        "nano": 0
      }
    },
    "citySender": "Бердянськ",
    "cityRecipient": "Авангард"
  },
  {
    "number": 59000455243371,
    "dateTime": {
      "date": {
        "year": 2019,
        "month": 10,
        "day": 16
      },
      "time": {
        "hour": 10,
        "minute": 12,
        "second": 21,
        "nano": 0
      }
    },
    "citySender": "Конотоп",
    "cityRecipient": "Кам\u0027янське(Дніпропетровська обл)"
  },
  {
    "number": 59000455243372,
    "dateTime": {
      "date": {
        "year": 2019,
        "month": 10,
        "day": 16
      },
      "time": {
        "hour": 10,
        "minute": 12,
        "second": 17,
        "nano": 0
      }
    },
    "citySender": "Львів",
    "cityRecipient": "Київ"
  },
  {
    "number": 59000455243373,
    "dateTime": {
      "date": {
        "year": 2019,
        "month": 10,
        "day": 16
      },
      "time": {
        "hour": 10,
        "minute": 12,
        "second": 26,
        "nano": 0
      }
    },
    "citySender": "Арциз",
    "cityRecipient": "Корець"
  },
  {
    "number": 59000455243374,
    "dateTime": {
      "date": {
        "year": 2019,
        "month": 10,
        "day": 16
      },
      "time": {
        "hour": 10,
        "minute": 12,
        "second": 6,
        "nano": 0
      }
    },
    "citySender": "Кривий Ріг",
    "cityRecipient": "Вінниця"
  },
  {
    "number": 59000455243375,
    "dateTime": {
      "date": {
        "year": 2019,
        "month": 10,
        "day": 16
      },
      "time": {
        "hour": 10,
        "minute": 12,
        "second": 5,
        "nano": 0
      }
    },
    "citySender": "Миколаїв",
    "cityRecipient": "Нова Каховка"
  },
  {
    "number": 59000455243377,
    "dateTime": {
      "date": {
        "year": 2019,
        "month": 10,
        "day": 16
      },
      "time": {
        "hour": 10,
        "minute": 11,
        "second": 41,
        "nano": 0
      }
    },
    "citySender": "Костопіль",
    "cityRecipient": "Київ"
  },
  {
    "number": 59000455243378,
    "dateTime": {
      "date": {
        "year": 2019,
        "month": 10,
        "day": 16
      },
      "time": {
        "hour": 10,
        "minute": 12,
        "second": 1,
        "nano": 0
      }
    },
    "citySender": "Київ",
    "cityRecipient": "Харків"
  },
  {
    "number": 59000455243379,
    "dateTime": {
      "date": {
        "year": 2019,
        "month": 10,
        "day": 16
      },
      "time": {
        "hour": 10,
        "minute": 12,
        "second": 21,
        "nano": 0
      }
    },
    "citySender": "Львів",
    "cityRecipient": "Ужгород"
  },
  {
    "number": 59000455243380,
    "dateTime": {
      "date": {
        "year": 2019,
        "month": 10,
        "day": 16
      },
      "time": {
        "hour": 10,
        "minute": 11,
        "second": 52,
        "nano": 0
      }
    },
    "citySender": "Мостиська",
    "cityRecipient": "Суми"
  },
  {
    "number": 59000455243381,
    "dateTime": {
      "date": {
        "year": 2019,
        "month": 10,
        "day": 16
      },
      "time": {
        "hour": 10,
        "minute": 12,
        "second": 14,
        "nano": 0
      }
    },
    "citySender": "Курахове",
    "cityRecipient": "Курахове"
  },
  {
    "number": 59000455243382,
    "dateTime": {
      "date": {
        "year": 2019,
        "month": 10,
        "day": 16
      },
      "time": {
        "hour": 10,
        "minute": 12,
        "second": 2,
        "nano": 0
      }
    },
    "citySender": "Запоріжжя",
    "cityRecipient": "Одеса"
  },
  {
    "number": 59000455243383,
    "dateTime": {
      "date": {
        "year": 2019,
        "month": 10,
        "day": 16
      },
      "time": {
        "hour": 10,
        "minute": 11,
        "second": 49,
        "nano": 0
      }
    },
    "citySender": "Харків",
    "cityRecipient": "Івано-Франківськ"
  },
  {
    "number": 59000455243384,
    "dateTime": {
      "date": {
        "year": 2019,
        "month": 10,
        "day": 16
      },
      "time": {
        "hour": 10,
        "minute": 12,
        "second": 32,
        "nano": 0
      }
    },
    "citySender": "Жовква",
    "cityRecipient": "Миколаїв"
  },
  {
    "number": 59000455243385,
    "dateTime": {
      "date": {
        "year": 2019,
        "month": 10,
        "day": 16
      },
      "time": {
        "hour": 10,
        "minute": 12,
        "second": 9,
        "nano": 0
      }
    },
    "citySender": "Буча",
    "cityRecipient": "Богуслав (Київська обл.)"
  },
  {
    "number": 59000455243386,
    "dateTime": {
      "date": {
        "year": 2019,
        "month": 10,
        "day": 16
      },
      "time": {
        "hour": 10,
        "minute": 12,
        "second": 24,
        "nano": 0
      }
    },
    "citySender": "Мирне(Мелітопол.р-н)",
    "cityRecipient": "Мирне (Оріхівський р-н.)"
  },
  {
    "number": 59000455243387,
    "dateTime": {
      "date": {
        "year": 2019,
        "month": 10,
        "day": 16
      },
      "time": {
        "hour": 10,
        "minute": 12,
        "second": 19,
        "nano": 0
      }
    },
    "citySender": "Хоростків",
    "cityRecipient": "Борщів"
  },
  {
    "number": 59000455243388,
    "dateTime": {
      "date": {
        "year": 2019,
        "month": 10,
        "day": 16
      },
      "time": {
        "hour": 10,
        "minute": 11,
        "second": 21,
        "nano": 0
      }
    },
    "citySender": "Київ",
    "cityRecipient": "Харків"
  },
  {
    "number": 59000455243389,
    "dateTime": {
      "date": {
        "year": 2019,
        "month": 10,
        "day": 16
      },
      "time": {
        "hour": 10,
        "minute": 12,
        "second": 28,
        "nano": 0
      }
    },
    "citySender": "Чорноморськ",
    "cityRecipient": "Городок (Хмельницька обл.)"
  },
  {
    "number": 59000455243390,
    "dateTime": {
      "date": {
        "year": 2019,
        "month": 10,
        "day": 16
      },
      "time": {
        "hour": 10,
        "minute": 12,
        "second": 31,
        "nano": 0
      }
    },
    "citySender": "Хмельницький",
    "cityRecipient": "Дніпро"
  },
  {
    "number": 59000455243391,
    "dateTime": {
      "date": {
        "year": 2019,
        "month": 10,
        "day": 16
      },
      "time": {
        "hour": 10,
        "minute": 12,
        "second": 32,
        "nano": 0
      }
    },
    "citySender": "Снятин",
    "cityRecipient": "Берегомет"
  },
  {
    "number": 59000455243392,
    "dateTime": {
      "date": {
        "year": 2019,
        "month": 10,
        "day": 16
      },
      "time": {
        "hour": 10,
        "minute": 12,
        "second": 24,
        "nano": 0
      }
    },
    "citySender": "Київ",
    "cityRecipient": "Запоріжжя"
  }
]