[
  {
    "number": 20450171839305,
    "dateTime": {
      "date": {
        "year": 2019,
        "month": 10,
        "day": 16
      },
      "time": {
        "hour": 16,
        "minute": 48,
        "second": 8,
        "nano": 0
      }
    },
    "citySender": "Полтава",
    "cityRecipient": "Олександрія (м.Кіровогр.обл.райц)"
  },
  {
    "number": 20450171839306,
    "dateTime": {
      "date": {
        "year": 2019,
        "month": 10,
        "day": 16
      },
      "time": {
        "hour": 18,
        "minute": 0,
        "second": 37,
        "nano": 0
      }
    },
    "citySender": "Львів",
    "cityRecipient": "Миколаїв"
  },
  {
    "number": 20450171839307,
    "dateTime": {
      "date": {
        "year": 2019,
        "month": 10,
        "day": 16
      },
      "time": {
        "hour": 13,
        "minute": 25,
        "second": 52,
        "nano": 0
      }
    },
    "citySender": "Київ",
    "cityRecipient": "Харків"
  },
  {
    "number": 20450171839308,
    "dateTime": {
      "date": {
        "year": 2019,
        "month": 10,
        "day": 16
      },
      "time": {
        "hour": 16,
        "minute": 44,
        "second": 24,
        "nano": 0
      }
    },
    "citySender": "Житомир",
    "cityRecipient": "Маріуполь"
  },
  {
    "number": 20450171839309,
    "dateTime": {
      "date": {
        "year": 2019,
        "month": 10,
        "day": 16
      },
      "time": {
        "hour": 18,
        "minute": 0,
        "second": 37,
        "nano": 0
      }
    },
    "citySender": "Львів",
    "cityRecipient": "Київ"
  },
  {
    "number": 20450171839310,
    "dateTime": {
      "date": {
        "year": 2019,
        "month": 10,
        "day": 16
      },
      "time": {
        "hour": 12,
        "minute": 28,
        "second": 30,
        "nano": 0
      }
    },
    "citySender": "Мішково-Погорілове",
    "cityRecipient": "Полтава"
  },
  {
    "number": 20450171839313,
    "dateTime": {
      "date": {
        "year": 2019,
        "month": 10,
        "day": 16
      },
      "time": {
        "hour": 18,
        "minute": 0,
        "second": 37,
        "nano": 0
      }
    },
    "citySender": "Львів",
    "cityRecipient": "Тячів"
  },
  {
    "number": 20450171839315,
    "dateTime": {
      "date": {
        "year": 2019,
        "month": 10,
        "day": 16
      },
      "time": {
        "hour": 15,
        "minute": 15,
        "second": 46,
        "nano": 0
      }
    },
    "citySender": "Київ",
    "cityRecipient": "Донець(Балаклійський р-н)"
  },
  {
    "number": 20450171839316,
    "dateTime": {
      "date": {
        "year": 2019,
        "month": 10,
        "day": 16
      },
      "time": {
        "hour": 18,
        "minute": 0,
        "second": 37,
        "nano": 0
      }
    },
    "citySender": "Львів",
    "cityRecipient": "Сквира"
  },
  {
    "number": 20450171839317,
    "dateTime": {
      "date": {
        "year": 2019,
        "month": 10,
        "day": 16
      },
      "time": {
        "hour": 18,
        "minute": 0,
        "second": 37,
        "nano": 0
      }
    },
    "citySender": "Львів",
    "cityRecipient": "Знам\u0027янка (Кіровоградська обл.)"
  },
  {
    "number": 20450171839319,
    "dateTime": {
      "date": {
        "year": 2019,
        "month": 10,
        "day": 16
      },
      "time": {
        "hour": 18,
        "minute": 0,
        "second": 37,
        "nano": 0
      }
    },
    "citySender": "Львів",
    "cityRecipient": "Розсошенці(Полтавська обл.)"
  },
  {
    "number": 20450171839321,
    "dateTime": {
      "date": {
        "year": 2019,
        "month": 10,
        "day": 16
      },
      "time": {
        "hour": 18,
        "minute": 0,
        "second": 41,
        "nano": 0
      }
    },
    "citySender": "Львів",
    "cityRecipient": "Южне"
  },
  {
    "number": 20450171839322,
    "dateTime": {
      "date": {
        "year": 2019,
        "month": 10,
        "day": 16
      },
      "time": {
        "hour": 10,
        "minute": 23,
        "second": 2,
        "nano": 0
      }
    },
    "citySender": "Кременчук",
    "cityRecipient": "Семенівка(Полт.обл., Семенів.р-н)"
  },
  {
    "number": 20450171839323,
    "dateTime": {
      "date": {
        "year": 2019,
        "month": 10,
        "day": 16
      },
      "time": {
        "hour": 14,
        "minute": 0,
        "second": 46,
        "nano": 0
      }
    },
    "citySender": "Соледар",
    "cityRecipient": "Васильківка (Дніпропетровська обл.)"
  },
  {
    "number": 20450171839324,
    "dateTime": {
      "date": {
        "year": 2019,
        "month": 10,
        "day": 16
      },
      "time": {
        "hour": 11,
        "minute": 8,
        "second": 56,
        "nano": 0
      }
    },
    "citySender": "Чернівці",
    "cityRecipient": "Тернопіль"
  },
  {
    "number": 20450171839326,
    "dateTime": {
      "date": {
        "year": 2019,
        "month": 10,
        "day": 16
      },
      "time": {
        "hour": 17,
        "minute": 51,
        "second": 34,
        "nano": 0
      }
    },
    "citySender": "Вишневе",
    "cityRecipient": "Марганець"
  },
  {
    "number": 20450171839327,
    "dateTime": {
      "date": {
        "year": 2019,
        "month": 10,
        "day": 16
      },
      "time": {
        "hour": 18,
        "minute": 44,
        "second": 17,
        "nano": 0
      }
    },
    "citySender": "Кривий Ріг",
    "cityRecipient": "Винники"
  },
  {
    "number": 20450171839329,
    "dateTime": {
      "date": {
        "year": 2019,
        "month": 10,
        "day": 16
      },
      "time": {
        "hour": 16,
        "minute": 51,
        "second": 13,
        "nano": 0
      }
    },
    "citySender": "Одеса",
    "cityRecipient": "Ладижин"
  },
  {
    "number": 20450171839330,
    "dateTime": {
      "date": {
        "year": 2019,
        "month": 10,
        "day": 16
      },
      "time": {
        "hour": 14,
        "minute": 51,
        "second": 0,
        "nano": 0
      }
    },
    "citySender": "Полтава",
    "cityRecipient": "Буськ"
  },
  {
    "number": 20450171839331,
    "dateTime": {
      "date": {
        "year": 2019,
        "month": 10,
        "day": 16
      },
      "time": {
        "hour": 15,
        "minute": 42,
        "second": 13,
        "nano": 0
      }
    },
    "citySender": "Ілічанка",
    "cityRecipient": "Заставна"
  },
  {
    "number": 20450171839332,
    "dateTime": {
      "date": {
        "year": 2019,
        "month": 10,
        "day": 16
      },
      "time": {
        "hour": 15,
        "minute": 22,
        "second": 24,
        "nano": 0
      }
    },
    "citySender": "Одеса",
    "cityRecipient": "Українка"
  },
  {
    "number": 20450171839333,
    "dateTime": {
      "date": {
        "year": 2019,
        "month": 10,
        "day": 16
      },
      "time": {
        "hour": 9,
        "minute": 33,
        "second": 32,
        "nano": 0
      }
    },
    "citySender": "Мирне(Мелітопол.р-н)",
    "cityRecipient": "Широколанівка"
  },
  {
    "number": 20450171839334,
    "dateTime": {
      "date": {
        "year": 2019,
        "month": 10,
        "day": 16
      },
      "time": {
        "hour": 15,
        "minute": 45,
        "second": 2,
        "nano": 0
      }
    },
    "citySender": "Миколаїв",
    "cityRecipient": "Харків"
  },
  {
    "number": 20450171839335,
    "dateTime": {
      "date": {
        "year": 2019,
        "month": 10,
        "day": 16
      },
      "time": {
        "hour": 15,
        "minute": 37,
        "second": 17,
        "nano": 0
      }
    },
    "citySender": "Авангард",
    "cityRecipient": "Олександрія (м.Кіровогр.обл.райц)"
  },
  {
    "number": 20450171839336,
    "dateTime": {
      "date": {
        "year": 2019,
        "month": 10,
        "day": 16
      },
      "time": {
        "hour": 19,
        "minute": 40,
        "second": 24,
        "nano": 0
      }
    },
    "citySender": "Бровари",
    "cityRecipient": "Могилів-Подільський"
  },
  {
    "number": 20450171839337,
    "dateTime": {
      "date": {
        "year": 2019,
        "month": 10,
        "day": 16
      },
      "time": {
        "hour": 11,
        "minute": 1,
        "second": 53,
        "nano": 0
      }
    },
    "citySender": "Чернівці",
    "cityRecipient": "Велимче"
  },
  {
    "number": 20450171839338,
    "dateTime": {
      "date": {
        "year": 2019,
        "month": 10,
        "day": 16
      },
      "time": {
        "hour": 11,
        "minute": 23,
        "second": 43,
        "nano": 0
      }
    },
    "citySender": "Ірпінь",
    "cityRecipient": "Енергодар"
  },
  {
    "number": 20450171839339,
    "dateTime": {
      "date": {
        "year": 2019,
        "month": 10,
        "day": 16
      },
      "time": {
        "hour": 12,
        "minute": 56,
        "second": 40,
        "nano": 0
      }
    },
    "citySender": "Луцьк",
    "cityRecipient": "Івано-Франківськ"
  },
  {
    "number": 20450171839340,
    "dateTime": {
      "date": {
        "year": 2019,
        "month": 10,
        "day": 16
      },
      "time": {
        "hour": 12,
        "minute": 28,
        "second": 30,
        "nano": 0
      }
    },
    "citySender": "Мішково-Погорілове",
    "cityRecipient": "Рівне"
  },
  {
    "number": 20450171839342,
    "dateTime": {
      "date": {
        "year": 2019,
        "month": 10,
        "day": 16
      },
      "time": {
        "hour": 15,
        "minute": 30,
        "second": 8,
        "nano": 0
      }
    },
    "citySender": "Обухівка",
    "cityRecipient": "Сєвєродонецьк"
  },
  {
    "number": 20450171839343,
    "dateTime": {
      "date": {
        "year": 2019,
        "month": 10,
        "day": 16
      },
      "time": {
        "hour": 15,
        "minute": 47,
        "second": 48,
        "nano": 0
      }
    },
    "citySender": "Кривий Ріг",
    "cityRecipient": "Макарів"
  },
  {
    "number": 20450171839344,
    "dateTime": {
      "date": {
        "year": 2019,
        "month": 10,
        "day": 16
      },
      "time": {
        "hour": 15,
        "minute": 19,
        "second": 35,
        "nano": 0
      }
    },
    "citySender": "Біла Церква",
    "cityRecipient": "Казанка"
  },
  {
    "number": 20450171839345,
    "dateTime": {
      "date": {
        "year": 2019,
        "month": 10,
        "day": 16
      },
      "time": {
        "hour": 11,
        "minute": 36,
        "second": 9,
        "nano": 0
      }
    },
    "citySender": "Гореничі",
    "cityRecipient": "Рені"
  },
  {
    "number": 20450171839346,
    "dateTime": {
      "date": {
        "year": 2019,
        "month": 10,
        "day": 16
      },
      "time": {
        "hour": 12,
        "minute": 10,
        "second": 12,
        "nano": 0
      }
    },
    "citySender": "Київ",
    "cityRecipient": "Київ"
  },
  {
    "number": 20450171839349,
    "dateTime": {
      "date": {
        "year": 2019,
        "month": 10,
        "day": 16
      },
      "time": {
        "hour": 17,
        "minute": 45,
        "second": 41,
        "nano": 0
      }
    },
    "citySender": "Одеса",
    "cityRecipient": "Прилуки"
  },
  {
    "number": 20450171839350,
    "dateTime": {
      "date": {
        "year": 2019,
        "month": 10,
        "day": 16
      },
      "time": {
        "hour": 12,
        "minute": 33,
        "second": 59,
        "nano": 0
      }
    },
    "citySender": "Лозова",
    "cityRecipient": "Кременчук"
  },
  {
    "number": 20450171839351,
    "dateTime": {
      "date": {
        "year": 2019,
        "month": 10,
        "day": 16
      },
      "time": {
        "hour": 15,
        "minute": 18,
        "second": 11,
        "nano": 0
      }
    },
    "citySender": "Одеса",
    "cityRecipient": "Дніпро"
  },
  {
    "number": 20450171839352,
    "dateTime": {
      "date": {
        "year": 2019,
        "month": 10,
        "day": 16
      },
      "time": {
        "hour": 12,
        "minute": 15,
        "second": 16,
        "nano": 0
      }
    },
    "citySender": "Мирноград",
    "cityRecipient": "Краматорськ"
  },
  {
    "number": 20450171839353,
    "dateTime": {
      "date": {
        "year": 2019,
        "month": 10,
        "day": 16
      },
      "time": {
        "hour": 15,
        "minute": 15,
        "second": 46,
        "nano": 0
      }
    },
    "citySender": "Київ",
    "cityRecipient": "Кропивницький"
  },
  {
    "number": 20450171839354,
    "dateTime": {
      "date": {
        "year": 2019,
        "month": 10,
        "day": 16
      },
      "time": {
        "hour": 18,
        "minute": 36,
        "second": 3,
        "nano": 0
      }
    },
    "citySender": "Київ",
    "cityRecipient": "Київ"
  },
  {
    "number": 20450171839355,
    "dateTime": {
      "date": {
        "year": 2019,
        "month": 10,
        "day": 16
      },
      "time": {
        "hour": 13,
        "minute": 17,
        "second": 34,
        "nano": 0
      }
    },
    "citySender": "Львів",
    "cityRecipient": "Черкаси"
  },
  {
    "number": 20450171839356,
    "dateTime": {
      "date": {
        "year": 2019,
        "month": 10,
        "day": 16
      },
      "time": {
        "hour": 17,
        "minute": 6,
        "second": 55,
        "nano": 0
      }
    },
    "citySender": "Тернопіль",
    "cityRecipient": "Костопіль"
  },
  {
    "number": 20450171839357,
    "dateTime": {
      "date": {
        "year": 2019,
        "month": 10,
        "day": 16
      },
      "time": {
        "hour": 17,
        "minute": 20,
        "second": 10,
        "nano": 0
      }
    },
    "citySender": "Одеса",
    "cityRecipient": "Новоград-Волинський"
  },
  {
    "number": 20450171839359,
    "dateTime": {
      "date": {
        "year": 2019,
        "month": 10,
        "day": 16
      },
      "time": {
        "hour": 17,
        "minute": 33,
        "second": 36,
        "nano": 0
      }
    },
    "citySender": "Одеса",
    "cityRecipient": "Сєвєродонецьк"
  },
  {
    "number": 20450171839360,
    "dateTime": {
      "date": {
        "year": 2019,
        "month": 10,
        "day": 16
      },
      "time": {
        "hour": 9,
        "minute": 12,
        "second": 37,
        "nano": 0
      }
    },
    "citySender": "Харків",
    "cityRecipient": "Слов\u0027янськ"
  },
  {
    "number": 20450171839361,
    "dateTime": {
      "date": {
        "year": 2019,
        "month": 10,
        "day": 16
      },
      "time": {
        "hour": 15,
        "minute": 2,
        "second": 57,
        "nano": 0
      }
    },
    "citySender": "Чернівці",
    "cityRecipient": "Чернігів"
  },
  {
    "number": 20450171839363,
    "dateTime": {
      "date": {
        "year": 2019,
        "month": 10,
        "day": 16
      },
      "time": {
        "hour": 18,
        "minute": 22,
        "second": 3,
        "nano": 0
      }
    },
    "citySender": "Богуслав (Київська обл.)",
    "cityRecipient": "Житомир"
  },
  {
    "number": 20450171839364,
    "dateTime": {
      "date": {
        "year": 2019,
        "month": 10,
        "day": 16
      },
      "time": {
        "hour": 9,
        "minute": 45,
        "second": 43,
        "nano": 0
      }
    },
    "citySender": "Нікополь (Дніпропетровська обл.)",
    "cityRecipient": "Буштино"
  },
  {
    "number": 20450171839365,
    "dateTime": {
      "date": {
        "year": 2019,
        "month": 10,
        "day": 16
      },
      "time": {
        "hour": 12,
        "minute": 8,
        "second": 18,
        "nano": 0
      }
    },
    "citySender": "Добросин",
    "cityRecipient": "Бучач"
  },
  {
    "number": 20450171839366,
    "dateTime": {
      "date": {
        "year": 2019,
        "month": 10,
        "day": 16
      },
      "time": {
        "hour": 12,
        "minute": 22,
        "second": 38,
        "nano": 0
      }
    },
    "citySender": "Прилуки",
    "cityRecipient": "Херсон"
  },
  {
    "number": 20450171839367,
    "dateTime": {
      "date": {
        "year": 2019,
        "month": 10,
        "day": 16
      },
      "time": {
        "hour": 13,
        "minute": 8,
        "second": 4,
        "nano": 0
      }
    },
    "citySender": "Київ",
    "cityRecipient": "Харків"
  },
  {
    "number": 20450171839368,
    "dateTime": {
      "date": {
        "year": 2019,
        "month": 10,
        "day": 16
      },
      "time": {
        "hour": 14,
        "minute": 51,
        "second": 52,
        "nano": 0
      }
    },
    "citySender": "Київ",
    "cityRecipient": "Городище (Черкаська обл.)"
  },
  {
    "number": 20450171839369,
    "dateTime": {
      "date": {
        "year": 2019,
        "month": 10,
        "day": 16
      },
      "time": {
        "hour": 12,
        "minute": 19,
        "second": 57,
        "nano": 0
      }
    },
    "citySender": "Житомир",
    "cityRecipient": "Лиман (Харківська обл.)"
  },
  {
    "number": 20450171839370,
    "dateTime": {
      "date": {
        "year": 2019,
        "month": 10,
        "day": 16
      },
      "time": {
        "hour": 18,
        "minute": 28,
        "second": 9,
        "nano": 0
      }
    },
    "citySender": "Харків",
    "cityRecipient": "Заліщики"
  },
  {
    "number": 20450171839371,
    "dateTime": {
      "date": {
        "year": 2019,
        "month": 10,
        "day": 16
      },
      "time": {
        "hour": 12,
        "minute": 28,
        "second": 30,
        "nano": 0
      }
    },
    "citySender": "Мішково-Погорілове",
    "cityRecipient": "Маріуполь"
  },
  {
    "number": 20450171839372,
    "dateTime": {
      "date": {
        "year": 2019,
        "month": 10,
        "day": 16
      },
      "time": {
        "hour": 9,
        "minute": 13,
        "second": 14,
        "nano": 0
      }
    },
    "citySender": "Бориспіль",
    "cityRecipient": "Вільшани (Харківська обл.)"
  },
  {
    "number": 20450171839373,
    "dateTime": {
      "date": {
        "year": 2019,
        "month": 10,
        "day": 16
      },
      "time": {
        "hour": 10,
        "minute": 52,
        "second": 47,
        "nano": 0
      }
    },
    "citySender": "Дніпро",
    "cityRecipient": "Заболоття (Волинська обл.)"
  },
  {
    "number": 20450171839374,
    "dateTime": {
      "date": {
        "year": 2019,
        "month": 10,
        "day": 16
      },
      "time": {
        "hour": 9,
        "minute": 22,
        "second": 2,
        "nano": 0
      }
    },
    "citySender": "Харків",
    "cityRecipient": "Львів"
  },
  {
    "number": 20450171839375,
    "dateTime": {
      "date": {
        "year": 2019,
        "month": 10,
        "day": 16
      },
      "time": {
        "hour": 13,
        "minute": 36,
        "second": 53,
        "nano": 0
      }
    },
    "citySender": "Київ",
    "cityRecipient": "Бориспіль"
  },
  {
    "number": 20450171839376,
    "dateTime": {
      "date": {
        "year": 2019,
        "month": 10,
        "day": 16
      },
      "time": {
        "hour": 9,
        "minute": 19,
        "second": 16,
        "nano": 0
      }
    },
    "citySender": "Тячів",
    "cityRecipient": "Ямпіль (Хмельницька обл.)"
  },
  {
    "number": 20450171839378,
    "dateTime": {
      "date": {
        "year": 2019,
        "month": 10,
        "day": 16
      },
      "time": {
        "hour": 17,
        "minute": 49,
        "second": 23,
        "nano": 0
      }
    },
    "citySender": "Копайгород",
    "cityRecipient": "Маневичі"
  },
  {
    "number": 20450171839380,
    "dateTime": {
      "date": {
        "year": 2019,
        "month": 10,
        "day": 16
      },
      "time": {
        "hour": 11,
        "minute": 18,
        "second": 18,
        "nano": 0
      }
    },
    "citySender": "Ірпінь",
    "cityRecipient": "Київ"
  },
  {
    "number": 20450171839382,
    "dateTime": {
      "date": {
        "year": 2019,
        "month": 10,
        "day": 16
      },
      "time": {
        "hour": 9,
        "minute": 3,
        "second": 37,
        "nano": 0
      }
    },
    "citySender": "Полтава",
    "cityRecipient": "Мена"
  },
  {
    "number": 20450171839383,
    "dateTime": {
      "date": {
        "year": 2019,
        "month": 10,
        "day": 16
      },
      "time": {
        "hour": 22,
        "minute": 25,
        "second": 6,
        "nano": 0
      }
    },
    "citySender": "Одеса",
    "cityRecipient": "Святопетрівське (Києво-Свят.р-н)"
  },
  {
    "number": 20450171839385,
    "dateTime": {
      "date": {
        "year": 2019,
        "month": 10,
        "day": 16
      },
      "time": {
        "hour": 15,
        "minute": 52,
        "second": 38,
        "nano": 0
      }
    },
    "citySender": "Одеса",
    "cityRecipient": "Нововолинськ"
  },
  {
    "number": 20450171839387,
    "dateTime": {
      "date": {
        "year": 2019,
        "month": 10,
        "day": 16
      },
      "time": {
        "hour": 18,
        "minute": 55,
        "second": 49,
        "nano": 0
      }
    },
    "citySender": "Миколаїв",
    "cityRecipient": "Кам\u0027янка-Дніпровська (Запорізька обл.)"
  },
  {
    "number": 20450171839390,
    "dateTime": {
      "date": {
        "year": 2019,
        "month": 10,
        "day": 16
      },
      "time": {
        "hour": 10,
        "minute": 21,
        "second": 27,
        "nano": 0
      }
    },
    "citySender": "Львів",
    "cityRecipient": "Київ"
  },
  {
    "number": 20450171839391,
    "dateTime": {
      "date": {
        "year": 2019,
        "month": 10,
        "day": 16
      },
      "time": {
        "hour": 9,
        "minute": 44,
        "second": 21,
        "nano": 0
      }
    },
    "citySender": "Покровськ (Донецька обл.)",
    "cityRecipient": "Вишневе"
  },
  {
    "number": 20450171839392,
    "dateTime": {
      "date": {
        "year": 2019,
        "month": 10,
        "day": 16
      },
      "time": {
        "hour": 16,
        "minute": 59,
        "second": 46,
        "nano": 0
      }
    },
    "citySender": "Запоріжжя",
    "cityRecipient": "Нова Каховка"
  },
  {
    "number": 20450171839393,
    "dateTime": {
      "date": {
        "year": 2019,
        "month": 10,
        "day": 16
      },
      "time": {
        "hour": 18,
        "minute": 30,
        "second": 50,
        "nano": 0
      }
    },
    "citySender": "Тернопіль",
    "cityRecipient": "Колки"
  },
  {
    "number": 20450171839394,
    "dateTime": {
      "date": {
        "year": 2019,
        "month": 10,
        "day": 16
      },
      "time": {
        "hour": 9,
        "minute": 27,
        "second": 28,
        "nano": 0
      }
    },
    "citySender": "Львів",
    "cityRecipient": "Великі Лучки"
  },
  {
    "number": 20450171839395,
    "dateTime": {
      "date": {
        "year": 2019,
        "month": 10,
        "day": 16
      },
      "time": {
        "hour": 9,
        "minute": 2,
        "second": 24,
        "nano": 0
      }
    },
    "citySender": "Семиполки",
    "cityRecipient": "Кам\u0027янець-Подільський"
  },
  {
    "number": 20450171839397,
    "dateTime": {
      "date": {
        "year": 2019,
        "month": 10,
        "day": 16
      },
      "time": {
        "hour": 12,
        "minute": 54,
        "second": 41,
        "nano": 0
      }
    },
    "citySender": "Миколаїв",
    "cityRecipient": "Київ"
  },
  {
    "number": 20450171839398,
    "dateTime": {
      "date": {
        "year": 2019,
        "month": 10,
        "day": 16
      },
      "time": {
        "hour": 10,
        "minute": 28,
        "second": 45,
        "nano": 0
      }
    },
    "citySender": "Рені",
    "cityRecipient": "Вільне (Криворізький р-н)"
  },
  {
    "number": 20450171839399,
    "dateTime": {
      "date": {
        "year": 2019,
        "month": 10,
        "day": 16
      },
      "time": {
        "hour": 11,
        "minute": 8,
        "second": 56,
        "nano": 0
      }
    },
    "citySender": "Чернівці",
    "cityRecipient": "Київ"
  },
  {
    "number": 20450171839401,
    "dateTime": {
      "date": {
        "year": 2019,
        "month": 10,
        "day": 16
      },
      "time": {
        "hour": 10,
        "minute": 16,
        "second": 59,
        "nano": 0
      }
    },
    "citySender": "Червоноград (Львівська обл.)",
    "cityRecipient": "Вараш"
  },
  {
    "number": 20450171839402,
    "dateTime": {
      "date": {
        "year": 2019,
        "month": 10,
        "day": 16
      },
      "time": {
        "hour": 15,
        "minute": 49,
        "second": 33,
        "nano": 0
      }
    },
    "citySender": "Київ",
    "cityRecipient": "Харків"
  },
  {
    "number": 20450171839403,
    "dateTime": {
      "date": {
        "year": 2019,
        "month": 10,
        "day": 16
      },
      "time": {
        "hour": 12,
        "minute": 33,
        "second": 40,
        "nano": 0
      }
    },
    "citySender": "Ізюм",
    "cityRecipient": "Полтава"
  }
]