[
  {
    "number": 20450171846981,
    "dateTime": {
      "date": {
        "year": 2019,
        "month": 10,
        "day": 16
      },
      "time": {
        "hour": 12,
        "minute": 33,
        "second": 49,
        "nano": 0
      }
    },
    "citySender": "Мішково-Погорілове",
    "cityRecipient": "Коломия"
  },
  {
    "number": 20450171846982,
    "dateTime": {
      "date": {
        "year": 2019,
        "month": 10,
        "day": 16
      },
      "time": {
        "hour": 9,
        "minute": 35,
        "second": 50,
        "nano": 0
      }
    },
    "citySender": "Харків",
    "cityRecipient": "Київ"
  },
  {
    "number": 20450171846983,
    "dateTime": {
      "date": {
        "year": 2019,
        "month": 10,
        "day": 16
      },
      "time": {
        "hour": 12,
        "minute": 28,
        "second": 33,
        "nano": 0
      }
    },
    "citySender": "Сновськ",
    "cityRecipient": "Новоград-Волинський"
  },
  {
    "number": 20450171846984,
    "dateTime": {
      "date": {
        "year": 2019,
        "month": 10,
        "day": 16
      },
      "time": {
        "hour": 10,
        "minute": 24,
        "second": 25,
        "nano": 0
      }
    },
    "citySender": "Брацлав",
    "cityRecipient": "Теплодар"
  },
  {
    "number": 20450171846985,
    "dateTime": {
      "date": {
        "year": 2019,
        "month": 10,
        "day": 16
      },
      "time": {
        "hour": 16,
        "minute": 23,
        "second": 7,
        "nano": 0
      }
    },
    "citySender": "Вінниця",
    "cityRecipient": "Київ"
  },
  {
    "number": 20450171846986,
    "dateTime": {
      "date": {
        "year": 2019,
        "month": 10,
        "day": 16
      },
      "time": {
        "hour": 8,
        "minute": 41,
        "second": 41,
        "nano": 0
      }
    },
    "citySender": "Київ",
    "cityRecipient": "Пісочин"
  },
  {
    "number": 20450171846987,
    "dateTime": {
      "date": {
        "year": 2019,
        "month": 10,
        "day": 16
      },
      "time": {
        "hour": 9,
        "minute": 26,
        "second": 0,
        "nano": 0
      }
    },
    "citySender": "Івано-Франківськ",
    "cityRecipient": "Васильків"
  },
  {
    "number": 20450171846989,
    "dateTime": {
      "date": {
        "year": 2019,
        "month": 10,
        "day": 16
      },
      "time": {
        "hour": 9,
        "minute": 25,
        "second": 59,
        "nano": 0
      }
    },
    "citySender": "Житомир",
    "cityRecipient": "Родинське"
  },
  {
    "number": 20450171846990,
    "dateTime": {
      "date": {
        "year": 2019,
        "month": 10,
        "day": 16
      },
      "time": {
        "hour": 16,
        "minute": 35,
        "second": 30,
        "nano": 0
      }
    },
    "citySender": "Харків",
    "cityRecipient": "Маріуполь"
  },
  {
    "number": 20450171846991,
    "dateTime": {
      "date": {
        "year": 2019,
        "month": 10,
        "day": 16
      },
      "time": {
        "hour": 17,
        "minute": 30,
        "second": 27,
        "nano": 0
      }
    },
    "citySender": "Київ",
    "cityRecipient": "Харків"
  },
  {
    "number": 20450171846992,
    "dateTime": {
      "date": {
        "year": 2019,
        "month": 10,
        "day": 16
      },
      "time": {
        "hour": 12,
        "minute": 5,
        "second": 47,
        "nano": 0
      }
    },
    "citySender": "Обухів",
    "cityRecipient": "Запоріжжя"
  },
  {
    "number": 20450171846993,
    "dateTime": {
      "date": {
        "year": 2019,
        "month": 10,
        "day": 16
      },
      "time": {
        "hour": 9,
        "minute": 21,
        "second": 20,
        "nano": 0
      }
    },
    "citySender": "Хмельницький",
    "cityRecipient": "Вишневе"
  },
  {
    "number": 20450171846994,
    "dateTime": {
      "date": {
        "year": 2019,
        "month": 10,
        "day": 16
      },
      "time": {
        "hour": 9,
        "minute": 44,
        "second": 18,
        "nano": 0
      }
    },
    "citySender": "Вашківці (Вижницький р-н)",
    "cityRecipient": "Васильків"
  },
  {
    "number": 20450171846995,
    "dateTime": {
      "date": {
        "year": 2019,
        "month": 10,
        "day": 16
      },
      "time": {
        "hour": 15,
        "minute": 32,
        "second": 5,
        "nano": 0
      }
    },
    "citySender": "Харків",
    "cityRecipient": "Донцівка"
  },
  {
    "number": 20450171846996,
    "dateTime": {
      "date": {
        "year": 2019,
        "month": 10,
        "day": 16
      },
      "time": {
        "hour": 12,
        "minute": 56,
        "second": 25,
        "nano": 0
      }
    },
    "citySender": "Озерна",
    "cityRecipient": "Київ"
  },
  {
    "number": 20450171846998,
    "dateTime": {
      "date": {
        "year": 2019,
        "month": 10,
        "day": 16
      },
      "time": {
        "hour": 9,
        "minute": 12,
        "second": 25,
        "nano": 0
      }
    },
    "citySender": "Кривий Ріг",
    "cityRecipient": "Переяслав-Хмельницький"
  },
  {
    "number": 20450171846999,
    "dateTime": {
      "date": {
        "year": 2019,
        "month": 10,
        "day": 16
      },
      "time": {
        "hour": 10,
        "minute": 19,
        "second": 54,
        "nano": 0
      }
    },
    "citySender": "Кривий Ріг",
    "cityRecipient": "Великий Бурлук"
  },
  {
    "number": 20450171847000,
    "dateTime": {
      "date": {
        "year": 2019,
        "month": 10,
        "day": 16
      },
      "time": {
        "hour": 13,
        "minute": 18,
        "second": 15,
        "nano": 0
      }
    },
    "citySender": "Одеса",
    "cityRecipient": "Нікополь (Дніпропетровська обл.)"
  },
  {
    "number": 20450171847001,
    "dateTime": {
      "date": {
        "year": 2019,
        "month": 10,
        "day": 16
      },
      "time": {
        "hour": 11,
        "minute": 17,
        "second": 31,
        "nano": 0
      }
    },
    "citySender": "Баранівка",
    "cityRecipient": "Градизьк"
  },
  {
    "number": 20450171847002,
    "dateTime": {
      "date": {
        "year": 2019,
        "month": 10,
        "day": 16
      },
      "time": {
        "hour": 14,
        "minute": 53,
        "second": 26,
        "nano": 0
      }
    },
    "citySender": "Львів",
    "cityRecipient": "Дніпро"
  },
  {
    "number": 20450171847004,
    "dateTime": {
      "date": {
        "year": 2019,
        "month": 10,
        "day": 16
      },
      "time": {
        "hour": 11,
        "minute": 19,
        "second": 44,
        "nano": 0
      }
    },
    "citySender": "Старокозаче",
    "cityRecipient": "Кривий Ріг"
  },
  {
    "number": 20450171847005,
    "dateTime": {
      "date": {
        "year": 2019,
        "month": 10,
        "day": 16
      },
      "time": {
        "hour": 12,
        "minute": 7,
        "second": 7,
        "nano": 0
      }
    },
    "citySender": "Дніпро",
    "cityRecipient": "Городище (Черкаська обл.)"
  },
  {
    "number": 20450171847006,
    "dateTime": {
      "date": {
        "year": 2019,
        "month": 10,
        "day": 16
      },
      "time": {
        "hour": 17,
        "minute": 43,
        "second": 7,
        "nano": 0
      }
    },
    "citySender": "Запоріжжя",
    "cityRecipient": "Одеса"
  },
  {
    "number": 20450171847007,
    "dateTime": {
      "date": {
        "year": 2019,
        "month": 10,
        "day": 16
      },
      "time": {
        "hour": 12,
        "minute": 33,
        "second": 49,
        "nano": 0
      }
    },
    "citySender": "Мішково-Погорілове",
    "cityRecipient": "Вінниця"
  },
  {
    "number": 20450171847008,
    "dateTime": {
      "date": {
        "year": 2019,
        "month": 10,
        "day": 16
      },
      "time": {
        "hour": 8,
        "minute": 47,
        "second": 46,
        "nano": 0
      }
    },
    "citySender": "Соледар",
    "cityRecipient": "Бердянськ"
  },
  {
    "number": 20450171847009,
    "dateTime": {
      "date": {
        "year": 2019,
        "month": 10,
        "day": 16
      },
      "time": {
        "hour": 11,
        "minute": 54,
        "second": 19,
        "nano": 0
      }
    },
    "citySender": "Володимир-Волинський",
    "cityRecipient": "Харків"
  },
  {
    "number": 20450171847010,
    "dateTime": {
      "date": {
        "year": 2019,
        "month": 10,
        "day": 16
      },
      "time": {
        "hour": 18,
        "minute": 9,
        "second": 5,
        "nano": 0
      }
    },
    "citySender": "Дніпро",
    "cityRecipient": "Овідіополь"
  },
  {
    "number": 20450171847011,
    "dateTime": {
      "date": {
        "year": 2019,
        "month": 10,
        "day": 16
      },
      "time": {
        "hour": 14,
        "minute": 50,
        "second": 20,
        "nano": 0
      }
    },
    "citySender": "Покровськ (Донецька обл.)",
    "cityRecipient": "Миколаїв"
  },
  {
    "number": 20450171847012,
    "dateTime": {
      "date": {
        "year": 2019,
        "month": 10,
        "day": 16
      },
      "time": {
        "hour": 10,
        "minute": 14,
        "second": 7,
        "nano": 0
      }
    },
    "citySender": "Рудне",
    "cityRecipient": "Гайсин"
  },
  {
    "number": 20450171847013,
    "dateTime": {
      "date": {
        "year": 2019,
        "month": 10,
        "day": 16
      },
      "time": {
        "hour": 13,
        "minute": 12,
        "second": 46,
        "nano": 0
      }
    },
    "citySender": "Одеса",
    "cityRecipient": "Запоріжжя"
  },
  {
    "number": 20450171847014,
    "dateTime": {
      "date": {
        "year": 2019,
        "month": 10,
        "day": 16
      },
      "time": {
        "hour": 13,
        "minute": 46,
        "second": 49,
        "nano": 0
      }
    },
    "citySender": "Хмельницький",
    "cityRecipient": "Запоріжжя"
  },
  {
    "number": 20450171847016,
    "dateTime": {
      "date": {
        "year": 2019,
        "month": 10,
        "day": 16
      },
      "time": {
        "hour": 15,
        "minute": 54,
        "second": 7,
        "nano": 0
      }
    },
    "citySender": "Боярка",
    "cityRecipient": "Харків"
  },
  {
    "number": 20450171847017,
    "dateTime": {
      "date": {
        "year": 2019,
        "month": 10,
        "day": 16
      },
      "time": {
        "hour": 15,
        "minute": 36,
        "second": 42,
        "nano": 0
      }
    },
    "citySender": "Херсон",
    "cityRecipient": "Білгород-Дністровський"
  },
  {
    "number": 20450171847018,
    "dateTime": {
      "date": {
        "year": 2019,
        "month": 10,
        "day": 16
      },
      "time": {
        "hour": 16,
        "minute": 13,
        "second": 36,
        "nano": 0
      }
    },
    "citySender": "Одеса",
    "cityRecipient": "Дніпро"
  },
  {
    "number": 20450171847019,
    "dateTime": {
      "date": {
        "year": 2019,
        "month": 10,
        "day": 16
      },
      "time": {
        "hour": 13,
        "minute": 0,
        "second": 41,
        "nano": 0
      }
    },
    "citySender": "Харків",
    "cityRecipient": "Одеса"
  },
  {
    "number": 20450171847021,
    "dateTime": {
      "date": {
        "year": 2019,
        "month": 10,
        "day": 16
      },
      "time": {
        "hour": 10,
        "minute": 12,
        "second": 6,
        "nano": 0
      }
    },
    "citySender": "Борислав (Львівська обл.)",
    "cityRecipient": "Чернівці"
  },
  {
    "number": 20450171847022,
    "dateTime": {
      "date": {
        "year": 2019,
        "month": 10,
        "day": 16
      },
      "time": {
        "hour": 9,
        "minute": 18,
        "second": 9,
        "nano": 0
      }
    },
    "citySender": "Львів",
    "cityRecipient": "Олешки(Херсонська обл)"
  },
  {
    "number": 20450171847023,
    "dateTime": {
      "date": {
        "year": 2019,
        "month": 10,
        "day": 16
      },
      "time": {
        "hour": 13,
        "minute": 28,
        "second": 59,
        "nano": 0
      }
    },
    "citySender": "Кривий Ріг",
    "cityRecipient": "Маріуполь"
  },
  {
    "number": 20450171847024,
    "dateTime": {
      "date": {
        "year": 2019,
        "month": 10,
        "day": 16
      },
      "time": {
        "hour": 12,
        "minute": 1,
        "second": 36,
        "nano": 0
      }
    },
    "citySender": "Київ",
    "cityRecipient": "Жовті Води"
  },
  {
    "number": 20450171847025,
    "dateTime": {
      "date": {
        "year": 2019,
        "month": 10,
        "day": 16
      },
      "time": {
        "hour": 12,
        "minute": 33,
        "second": 49,
        "nano": 0
      }
    },
    "citySender": "Мішково-Погорілове",
    "cityRecipient": "Полтава"
  },
  {
    "number": 20450171847026,
    "dateTime": {
      "date": {
        "year": 2019,
        "month": 10,
        "day": 16
      },
      "time": {
        "hour": 13,
        "minute": 14,
        "second": 55,
        "nano": 0
      }
    },
    "citySender": "Біла Церква",
    "cityRecipient": "Нововолинськ"
  },
  {
    "number": 20450171847027,
    "dateTime": {
      "date": {
        "year": 2019,
        "month": 10,
        "day": 16
      },
      "time": {
        "hour": 15,
        "minute": 3,
        "second": 16,
        "nano": 0
      }
    },
    "citySender": "Дніпро",
    "cityRecipient": "Львів"
  },
  {
    "number": 20450171847028,
    "dateTime": {
      "date": {
        "year": 2019,
        "month": 10,
        "day": 16
      },
      "time": {
        "hour": 19,
        "minute": 13,
        "second": 51,
        "nano": 0
      }
    },
    "citySender": "Одеса",
    "cityRecipient": "Станиця Луганська"
  },
  {
    "number": 20450171847030,
    "dateTime": {
      "date": {
        "year": 2019,
        "month": 10,
        "day": 16
      },
      "time": {
        "hour": 12,
        "minute": 35,
        "second": 12,
        "nano": 0
      }
    },
    "citySender": "Одеса",
    "cityRecipient": "Хмельницький"
  },
  {
    "number": 20450171847032,
    "dateTime": {
      "date": {
        "year": 2019,
        "month": 10,
        "day": 16
      },
      "time": {
        "hour": 8,
        "minute": 8,
        "second": 44,
        "nano": 0
      }
    },
    "citySender": "Миколаїв",
    "cityRecipient": "Київ"
  },
  {
    "number": 20450171847034,
    "dateTime": {
      "date": {
        "year": 2019,
        "month": 10,
        "day": 16
      },
      "time": {
        "hour": 13,
        "minute": 23,
        "second": 29,
        "nano": 0
      }
    },
    "citySender": "Одеса",
    "cityRecipient": "Скалат"
  },
  {
    "number": 20450171847035,
    "dateTime": {
      "date": {
        "year": 2019,
        "month": 10,
        "day": 16
      },
      "time": {
        "hour": 13,
        "minute": 29,
        "second": 14,
        "nano": 0
      }
    },
    "citySender": "Вишневе",
    "cityRecipient": "Київ"
  },
  {
    "number": 20450171847036,
    "dateTime": {
      "date": {
        "year": 2019,
        "month": 10,
        "day": 16
      },
      "time": {
        "hour": 20,
        "minute": 32,
        "second": 32,
        "nano": 0
      }
    },
    "citySender": "Одеса",
    "cityRecipient": "Віньківці"
  },
  {
    "number": 20450171847037,
    "dateTime": {
      "date": {
        "year": 2019,
        "month": 10,
        "day": 16
      },
      "time": {
        "hour": 16,
        "minute": 58,
        "second": 25,
        "nano": 0
      }
    },
    "citySender": "Львів",
    "cityRecipient": "Сокільники"
  },
  {
    "number": 20450171847038,
    "dateTime": {
      "date": {
        "year": 2019,
        "month": 10,
        "day": 16
      },
      "time": {
        "hour": 16,
        "minute": 42,
        "second": 22,
        "nano": 0
      }
    },
    "citySender": "Щасливе",
    "cityRecipient": "Любешів"
  },
  {
    "number": 20450171847039,
    "dateTime": {
      "date": {
        "year": 2019,
        "month": 10,
        "day": 16
      },
      "time": {
        "hour": 14,
        "minute": 37,
        "second": 10,
        "nano": 0
      }
    },
    "citySender": "Кривий Ріг",
    "cityRecipient": "Київ"
  },
  {
    "number": 20450171847040,
    "dateTime": {
      "date": {
        "year": 2019,
        "month": 10,
        "day": 16
      },
      "time": {
        "hour": 11,
        "minute": 18,
        "second": 6,
        "nano": 0
      }
    },
    "citySender": "Київ",
    "cityRecipient": "Дніпро"
  },
  {
    "number": 20450171847041,
    "dateTime": {
      "date": {
        "year": 2019,
        "month": 10,
        "day": 16
      },
      "time": {
        "hour": 11,
        "minute": 38,
        "second": 8,
        "nano": 0
      }
    },
    "citySender": "Ковель",
    "cityRecipient": "Дніпро"
  },
  {
    "number": 20450171847042,
    "dateTime": {
      "date": {
        "year": 2019,
        "month": 10,
        "day": 16
      },
      "time": {
        "hour": 9,
        "minute": 29,
        "second": 16,
        "nano": 0
      }
    },
    "citySender": "Бершадь",
    "cityRecipient": "Київ"
  },
  {
    "number": 20450171847043,
    "dateTime": {
      "date": {
        "year": 2019,
        "month": 10,
        "day": 16
      },
      "time": {
        "hour": 11,
        "minute": 57,
        "second": 30,
        "nano": 0
      }
    },
    "citySender": "Кривий Ріг",
    "cityRecipient": "Зіньків"
  },
  {
    "number": 20450171847044,
    "dateTime": {
      "date": {
        "year": 2019,
        "month": 10,
        "day": 16
      },
      "time": {
        "hour": 10,
        "minute": 5,
        "second": 13,
        "nano": 0
      }
    },
    "citySender": "Чугуїв",
    "cityRecipient": "Дніпро"
  },
  {
    "number": 20450171847045,
    "dateTime": {
      "date": {
        "year": 2019,
        "month": 10,
        "day": 16
      },
      "time": {
        "hour": 13,
        "minute": 33,
        "second": 50,
        "nano": 0
      }
    },
    "citySender": "Хмельницький",
    "cityRecipient": "Львів"
  },
  {
    "number": 20450171847046,
    "dateTime": {
      "date": {
        "year": 2019,
        "month": 10,
        "day": 16
      },
      "time": {
        "hour": 18,
        "minute": 22,
        "second": 28,
        "nano": 0
      }
    },
    "citySender": "Кременчук",
    "cityRecipient": "Львів"
  },
  {
    "number": 20450171847047,
    "dateTime": {
      "date": {
        "year": 2019,
        "month": 10,
        "day": 16
      },
      "time": {
        "hour": 16,
        "minute": 27,
        "second": 43,
        "nano": 0
      }
    },
    "citySender": "Львів",
    "cityRecipient": "Київ"
  },
  {
    "number": 20450171847048,
    "dateTime": {
      "date": {
        "year": 2019,
        "month": 10,
        "day": 16
      },
      "time": {
        "hour": 10,
        "minute": 7,
        "second": 27,
        "nano": 0
      }
    },
    "citySender": "Коломия",
    "cityRecipient": "Київ"
  },
  {
    "number": 20450171847049,
    "dateTime": {
      "date": {
        "year": 2019,
        "month": 10,
        "day": 16
      },
      "time": {
        "hour": 15,
        "minute": 59,
        "second": 40,
        "nano": 0
      }
    },
    "citySender": "Вишневе",
    "cityRecipient": "Київ"
  },
  {
    "number": 20450171847050,
    "dateTime": {
      "date": {
        "year": 2019,
        "month": 10,
        "day": 16
      },
      "time": {
        "hour": 12,
        "minute": 33,
        "second": 49,
        "nano": 0
      }
    },
    "citySender": "Мішково-Погорілове",
    "cityRecipient": "Кропивницький"
  },
  {
    "number": 20450171847051,
    "dateTime": {
      "date": {
        "year": 2019,
        "month": 10,
        "day": 16
      },
      "time": {
        "hour": 16,
        "minute": 39,
        "second": 14,
        "nano": 0
      }
    },
    "citySender": "Львів",
    "cityRecipient": "Рівне"
  },
  {
    "number": 20450171847052,
    "dateTime": {
      "date": {
        "year": 2019,
        "month": 10,
        "day": 16
      },
      "time": {
        "hour": 15,
        "minute": 50,
        "second": 7,
        "nano": 0
      }
    },
    "citySender": "Одеса",
    "cityRecipient": "Київ"
  },
  {
    "number": 20450171847053,
    "dateTime": {
      "date": {
        "year": 2019,
        "month": 10,
        "day": 16
      },
      "time": {
        "hour": 16,
        "minute": 35,
        "second": 30,
        "nano": 0
      }
    },
    "citySender": "Харків",
    "cityRecipient": "Калуш"
  },
  {
    "number": 20450171847054,
    "dateTime": {
      "date": {
        "year": 2019,
        "month": 10,
        "day": 16
      },
      "time": {
        "hour": 13,
        "minute": 36,
        "second": 38,
        "nano": 0
      }
    },
    "citySender": "Одеса",
    "cityRecipient": "Дніпро"
  },
  {
    "number": 20450171847055,
    "dateTime": {
      "date": {
        "year": 2019,
        "month": 10,
        "day": 16
      },
      "time": {
        "hour": 17,
        "minute": 50,
        "second": 4,
        "nano": 0
      }
    },
    "citySender": "Львів",
    "cityRecipient": "Київ"
  },
  {
    "number": 20450171847058,
    "dateTime": {
      "date": {
        "year": 2019,
        "month": 10,
        "day": 16
      },
      "time": {
        "hour": 16,
        "minute": 23,
        "second": 7,
        "nano": 0
      }
    },
    "citySender": "Вінниця",
    "cityRecipient": "Львів"
  },
  {
    "number": 20450171847059,
    "dateTime": {
      "date": {
        "year": 2019,
        "month": 10,
        "day": 16
      },
      "time": {
        "hour": 12,
        "minute": 33,
        "second": 49,
        "nano": 0
      }
    },
    "citySender": "Мішково-Погорілове",
    "cityRecipient": "Тульчин"
  },
  {
    "number": 20450171847062,
    "dateTime": {
      "date": {
        "year": 2019,
        "month": 10,
        "day": 16
      },
      "time": {
        "hour": 16,
        "minute": 27,
        "second": 14,
        "nano": 0
      }
    },
    "citySender": "Тернопіль",
    "cityRecipient": "Львів"
  },
  {
    "number": 20450171847063,
    "dateTime": {
      "date": {
        "year": 2019,
        "month": 10,
        "day": 16
      },
      "time": {
        "hour": 13,
        "minute": 49,
        "second": 39,
        "nano": 0
      }
    },
    "citySender": "Погребище",
    "cityRecipient": "Славута"
  },
  {
    "number": 20450171847064,
    "dateTime": {
      "date": {
        "year": 2019,
        "month": 10,
        "day": 16
      },
      "time": {
        "hour": 19,
        "minute": 29,
        "second": 58,
        "nano": 0
      }
    },
    "citySender": "Полтава",
    "cityRecipient": "Харків"
  },
  {
    "number": 20450171847065,
    "dateTime": {
      "date": {
        "year": 2019,
        "month": 10,
        "day": 16
      },
      "time": {
        "hour": 15,
        "minute": 3,
        "second": 36,
        "nano": 0
      }
    },
    "citySender": "Київ",
    "cityRecipient": "Білгород-Дністровський"
  },
  {
    "number": 20450171847066,
    "dateTime": {
      "date": {
        "year": 2019,
        "month": 10,
        "day": 16
      },
      "time": {
        "hour": 16,
        "minute": 12,
        "second": 29,
        "nano": 0
      }
    },
    "citySender": "Вінниця",
    "cityRecipient": "Дрогобич"
  },
  {
    "number": 20450171847067,
    "dateTime": {
      "date": {
        "year": 2019,
        "month": 10,
        "day": 16
      },
      "time": {
        "hour": 12,
        "minute": 35,
        "second": 27,
        "nano": 0
      }
    },
    "citySender": "Київ",
    "cityRecipient": "Житомир"
  },
  {
    "number": 20450171847068,
    "dateTime": {
      "date": {
        "year": 2019,
        "month": 10,
        "day": 16
      },
      "time": {
        "hour": 16,
        "minute": 10,
        "second": 24,
        "nano": 0
      }
    },
    "citySender": "Київ",
    "cityRecipient": "Марганець"
  },
  {
    "number": 20450171847069,
    "dateTime": {
      "date": {
        "year": 2019,
        "month": 10,
        "day": 16
      },
      "time": {
        "hour": 9,
        "minute": 37,
        "second": 17,
        "nano": 0
      }
    },
    "citySender": "Кривий Ріг",
    "cityRecipient": "Кривий Ріг"
  },
  {
    "number": 20450171847070,
    "dateTime": {
      "date": {
        "year": 2019,
        "month": 10,
        "day": 16
      },
      "time": {
        "hour": 12,
        "minute": 2,
        "second": 23,
        "nano": 0
      }
    },
    "citySender": "Хирів",
    "cityRecipient": "Чернігів"
  },
  {
    "number": 20450171847071,
    "dateTime": {
      "date": {
        "year": 2019,
        "month": 10,
        "day": 16
      },
      "time": {
        "hour": 15,
        "minute": 8,
        "second": 32,
        "nano": 0
      }
    },
    "citySender": "Обухів",
    "cityRecipient": "Мукачево"
  },
  {
    "number": 20450171847072,
    "dateTime": {
      "date": {
        "year": 2019,
        "month": 10,
        "day": 16
      },
      "time": {
        "hour": 12,
        "minute": 33,
        "second": 49,
        "nano": 0
      }
    },
    "citySender": "Мішково-Погорілове",
    "cityRecipient": "Київ"
  },
  {
    "number": 20450171847073,
    "dateTime": {
      "date": {
        "year": 2019,
        "month": 10,
        "day": 16
      },
      "time": {
        "hour": 14,
        "minute": 21,
        "second": 41,
        "nano": 0
      }
    },
    "citySender": "Харків",
    "cityRecipient": "Чайки"
  },
  {
    "number": 20450171847076,
    "dateTime": {
      "date": {
        "year": 2019,
        "month": 10,
        "day": 16
      },
      "time": {
        "hour": 14,
        "minute": 21,
        "second": 50,
        "nano": 0
      }
    },
    "citySender": "Запоріжжя",
    "cityRecipient": "Гарасимів"
  },
  {
    "number": 20450171847077,
    "dateTime": {
      "date": {
        "year": 2019,
        "month": 10,
        "day": 16
      },
      "time": {
        "hour": 10,
        "minute": 19,
        "second": 54,
        "nano": 0
      }
    },
    "citySender": "Кривий Ріг",
    "cityRecipient": "Миколаївка(Білопільський р-н)"
  },
  {
    "number": 20450171847078,
    "dateTime": {
      "date": {
        "year": 2019,
        "month": 10,
        "day": 16
      },
      "time": {
        "hour": 10,
        "minute": 20,
        "second": 41,
        "nano": 0
      }
    },
    "citySender": "Тернопіль",
    "cityRecipient": "Івано-Франківськ"
  },
  {
    "number": 20450171847079,
    "dateTime": {
      "date": {
        "year": 2019,
        "month": 10,
        "day": 16
      },
      "time": {
        "hour": 16,
        "minute": 40,
        "second": 1,
        "nano": 0
      }
    },
    "citySender": "Миколаїв",
    "cityRecipient": "Трускавець"
  },
  {
    "number": 20450171847080,
    "dateTime": {
      "date": {
        "year": 2019,
        "month": 10,
        "day": 16
      },
      "time": {
        "hour": 12,
        "minute": 22,
        "second": 58,
        "nano": 0
      }
    },
    "citySender": "Кременчук",
    "cityRecipient": "Новодністровськ"
  }
]