[
  {
    "number": 20450171837913,
    "dateTime": {
      "date": {
        "year": 2019,
        "month": 10,
        "day": 16
      },
      "time": {
        "hour": 18,
        "minute": 10,
        "second": 47,
        "nano": 0
      }
    },
    "citySender": "Дачне",
    "cityRecipient": "Кропивницький"
  },
  {
    "number": 20450171837914,
    "dateTime": {
      "date": {
        "year": 2019,
        "month": 10,
        "day": 16
      },
      "time": {
        "hour": 18,
        "minute": 9,
        "second": 11,
        "nano": 0
      }
    },
    "citySender": "Київ",
    "cityRecipient": "Вертіївка"
  },
  {
    "number": 20450171837915,
    "dateTime": {
      "date": {
        "year": 2019,
        "month": 10,
        "day": 16
      },
      "time": {
        "hour": 10,
        "minute": 33,
        "second": 23,
        "nano": 0
      }
    },
    "citySender": "Полтава",
    "cityRecipient": "Львів"
  },
  {
    "number": 20450171837916,
    "dateTime": {
      "date": {
        "year": 2019,
        "month": 10,
        "day": 16
      },
      "time": {
        "hour": 18,
        "minute": 10,
        "second": 47,
        "nano": 0
      }
    },
    "citySender": "Дачне",
    "cityRecipient": "Чернігів"
  },
  {
    "number": 20450171837917,
    "dateTime": {
      "date": {
        "year": 2019,
        "month": 10,
        "day": 16
      },
      "time": {
        "hour": 18,
        "minute": 1,
        "second": 28,
        "nano": 0
      }
    },
    "citySender": "Хмельницький",
    "cityRecipient": "Київ"
  },
  {
    "number": 20450171837918,
    "dateTime": {
      "date": {
        "year": 2019,
        "month": 10,
        "day": 16
      },
      "time": {
        "hour": 18,
        "minute": 10,
        "second": 47,
        "nano": 0
      }
    },
    "citySender": "Дачне",
    "cityRecipient": "Дружківка"
  },
  {
    "number": 20450171837919,
    "dateTime": {
      "date": {
        "year": 2019,
        "month": 10,
        "day": 16
      },
      "time": {
        "hour": 9,
        "minute": 23,
        "second": 44,
        "nano": 0
      }
    },
    "citySender": "Київ",
    "cityRecipient": "Фонтанка"
  },
  {
    "number": 20450171837920,
    "dateTime": {
      "date": {
        "year": 2019,
        "month": 10,
        "day": 16
      },
      "time": {
        "hour": 18,
        "minute": 10,
        "second": 47,
        "nano": 0
      }
    },
    "citySender": "Дачне",
    "cityRecipient": "Знам\u0027янка (Кіровоградська обл.)"
  },
  {
    "number": 20450171837921,
    "dateTime": {
      "date": {
        "year": 2019,
        "month": 10,
        "day": 16
      },
      "time": {
        "hour": 15,
        "minute": 15,
        "second": 43,
        "nano": 0
      }
    },
    "citySender": "Київ",
    "cityRecipient": "Добропілля"
  },
  {
    "number": 20450171837922,
    "dateTime": {
      "date": {
        "year": 2019,
        "month": 10,
        "day": 16
      },
      "time": {
        "hour": 18,
        "minute": 10,
        "second": 47,
        "nano": 0
      }
    },
    "citySender": "Дачне",
    "cityRecipient": "Запоріжжя"
  },
  {
    "number": 20450171837924,
    "dateTime": {
      "date": {
        "year": 2019,
        "month": 10,
        "day": 16
      },
      "time": {
        "hour": 11,
        "minute": 35,
        "second": 20,
        "nano": 0
      }
    },
    "citySender": "Володимир-Волинський",
    "cityRecipient": "Бердичів"
  },
  {
    "number": 20450171837925,
    "dateTime": {
      "date": {
        "year": 2019,
        "month": 10,
        "day": 16
      },
      "time": {
        "hour": 18,
        "minute": 10,
        "second": 47,
        "nano": 0
      }
    },
    "citySender": "Дачне",
    "cityRecipient": "Нова Одеса"
  },
  {
    "number": 20450171837928,
    "dateTime": {
      "date": {
        "year": 2019,
        "month": 10,
        "day": 16
      },
      "time": {
        "hour": 18,
        "minute": 10,
        "second": 49,
        "nano": 0
      }
    },
    "citySender": "Дачне",
    "cityRecipient": "Ріпки"
  },
  {
    "number": 20450171837929,
    "dateTime": {
      "date": {
        "year": 2019,
        "month": 10,
        "day": 16
      },
      "time": {
        "hour": 10,
        "minute": 37,
        "second": 27,
        "nano": 0
      }
    },
    "citySender": "Львів",
    "cityRecipient": "Коростень"
  },
  {
    "number": 20450171837930,
    "dateTime": {
      "date": {
        "year": 2019,
        "month": 10,
        "day": 16
      },
      "time": {
        "hour": 16,
        "minute": 2,
        "second": 1,
        "nano": 0
      }
    },
    "citySender": "Херсон",
    "cityRecipient": "Кременчук"
  },
  {
    "number": 20450171837931,
    "dateTime": {
      "date": {
        "year": 2019,
        "month": 10,
        "day": 16
      },
      "time": {
        "hour": 15,
        "minute": 47,
        "second": 24,
        "nano": 0
      }
    },
    "citySender": "Тернопіль",
    "cityRecipient": "Краматорськ"
  },
  {
    "number": 20450171837934,
    "dateTime": {
      "date": {
        "year": 2019,
        "month": 10,
        "day": 16
      },
      "time": {
        "hour": 9,
        "minute": 20,
        "second": 3,
        "nano": 0
      }
    },
    "citySender": "Тульчин",
    "cityRecipient": "Одеса"
  },
  {
    "number": 20450171837935,
    "dateTime": {
      "date": {
        "year": 2019,
        "month": 10,
        "day": 16
      },
      "time": {
        "hour": 9,
        "minute": 1,
        "second": 14,
        "nano": 0
      }
    },
    "citySender": "Дніпро",
    "cityRecipient": "Дніпро"
  },
  {
    "number": 20450171837936,
    "dateTime": {
      "date": {
        "year": 2019,
        "month": 10,
        "day": 16
      },
      "time": {
        "hour": 17,
        "minute": 47,
        "second": 40,
        "nano": 0
      }
    },
    "citySender": "Київ",
    "cityRecipient": "Одеса"
  },
  {
    "number": 20450171837940,
    "dateTime": {
      "date": {
        "year": 2019,
        "month": 10,
        "day": 16
      },
      "time": {
        "hour": 18,
        "minute": 30,
        "second": 50,
        "nano": 0
      }
    },
    "citySender": "Тернопіль",
    "cityRecipient": "Теплик"
  },
  {
    "number": 20450171837941,
    "dateTime": {
      "date": {
        "year": 2019,
        "month": 10,
        "day": 16
      },
      "time": {
        "hour": 18,
        "minute": 12,
        "second": 50,
        "nano": 0
      }
    },
    "citySender": "Дачне",
    "cityRecipient": "Кременчук"
  },
  {
    "number": 20450171837943,
    "dateTime": {
      "date": {
        "year": 2019,
        "month": 10,
        "day": 16
      },
      "time": {
        "hour": 10,
        "minute": 38,
        "second": 30,
        "nano": 0
      }
    },
    "citySender": "Одеса",
    "cityRecipient": "Запоріжжя"
  },
  {
    "number": 20450171837944,
    "dateTime": {
      "date": {
        "year": 2019,
        "month": 10,
        "day": 16
      },
      "time": {
        "hour": 18,
        "minute": 12,
        "second": 50,
        "nano": 0
      }
    },
    "citySender": "Дачне",
    "cityRecipient": "Дрогобич"
  },
  {
    "number": 20450171837946,
    "dateTime": {
      "date": {
        "year": 2019,
        "month": 10,
        "day": 16
      },
      "time": {
        "hour": 12,
        "minute": 33,
        "second": 10,
        "nano": 0
      }
    },
    "citySender": "Мішково-Погорілове",
    "cityRecipient": "Чернівці"
  },
  {
    "number": 20450171837947,
    "dateTime": {
      "date": {
        "year": 2019,
        "month": 10,
        "day": 16
      },
      "time": {
        "hour": 18,
        "minute": 12,
        "second": 50,
        "nano": 0
      }
    },
    "citySender": "Дачне",
    "cityRecipient": "Жидачів"
  },
  {
    "number": 20450171837948,
    "dateTime": {
      "date": {
        "year": 2019,
        "month": 10,
        "day": 16
      },
      "time": {
        "hour": 14,
        "minute": 21,
        "second": 38,
        "nano": 0
      }
    },
    "citySender": "Харків",
    "cityRecipient": "Харків"
  },
  {
    "number": 20450171837951,
    "dateTime": {
      "date": {
        "year": 2019,
        "month": 10,
        "day": 16
      },
      "time": {
        "hour": 18,
        "minute": 12,
        "second": 50,
        "nano": 0
      }
    },
    "citySender": "Дачне",
    "cityRecipient": "Дубровиця (Рівненська обл.)"
  },
  {
    "number": 20450171837952,
    "dateTime": {
      "date": {
        "year": 2019,
        "month": 10,
        "day": 16
      },
      "time": {
        "hour": 14,
        "minute": 26,
        "second": 44,
        "nano": 0
      }
    },
    "citySender": "Дрогобич",
    "cityRecipient": "Умань"
  },
  {
    "number": 20450171837953,
    "dateTime": {
      "date": {
        "year": 2019,
        "month": 10,
        "day": 16
      },
      "time": {
        "hour": 9,
        "minute": 55,
        "second": 31,
        "nano": 0
      }
    },
    "citySender": "Золотоноша",
    "cityRecipient": "Хорошів"
  },
  {
    "number": 20450171837954,
    "dateTime": {
      "date": {
        "year": 2019,
        "month": 10,
        "day": 16
      },
      "time": {
        "hour": 18,
        "minute": 12,
        "second": 50,
        "nano": 0
      }
    },
    "citySender": "Дачне",
    "cityRecipient": "Херсон"
  },
  {
    "number": 20450171837955,
    "dateTime": {
      "date": {
        "year": 2019,
        "month": 10,
        "day": 16
      },
      "time": {
        "hour": 11,
        "minute": 28,
        "second": 17,
        "nano": 0
      }
    },
    "citySender": "Почаїв",
    "cityRecipient": "Острог"
  },
  {
    "number": 20450171837956,
    "dateTime": {
      "date": {
        "year": 2019,
        "month": 10,
        "day": 16
      },
      "time": {
        "hour": 20,
        "minute": 51,
        "second": 18,
        "nano": 0
      }
    },
    "citySender": "Київ",
    "cityRecipient": "Сінгури"
  },
  {
    "number": 20450171837957,
    "dateTime": {
      "date": {
        "year": 2019,
        "month": 10,
        "day": 16
      },
      "time": {
        "hour": 18,
        "minute": 12,
        "second": 50,
        "nano": 0
      }
    },
    "citySender": "Дачне",
    "cityRecipient": "Дніпро"
  },
  {
    "number": 20450171837958,
    "dateTime": {
      "date": {
        "year": 2019,
        "month": 10,
        "day": 16
      },
      "time": {
        "hour": 18,
        "minute": 12,
        "second": 50,
        "nano": 0
      }
    },
    "citySender": "Дачне",
    "cityRecipient": "Одеса"
  },
  {
    "number": 20450171837960,
    "dateTime": {
      "date": {
        "year": 2019,
        "month": 10,
        "day": 16
      },
      "time": {
        "hour": 12,
        "minute": 28,
        "second": 26,
        "nano": 0
      }
    },
    "citySender": "Мішково-Погорілове",
    "cityRecipient": "Гвардійське (Дніпропетровськ)"
  },
  {
    "number": 20450171837961,
    "dateTime": {
      "date": {
        "year": 2019,
        "month": 10,
        "day": 16
      },
      "time": {
        "hour": 11,
        "minute": 56,
        "second": 32,
        "nano": 0
      }
    },
    "citySender": "Житомир",
    "cityRecipient": "Гоща"
  },
  {
    "number": 20450171837962,
    "dateTime": {
      "date": {
        "year": 2019,
        "month": 10,
        "day": 16
      },
      "time": {
        "hour": 18,
        "minute": 12,
        "second": 50,
        "nano": 0
      }
    },
    "citySender": "Дачне",
    "cityRecipient": "Київ"
  },
  {
    "number": 20450171837964,
    "dateTime": {
      "date": {
        "year": 2019,
        "month": 10,
        "day": 16
      },
      "time": {
        "hour": 13,
        "minute": 18,
        "second": 49,
        "nano": 0
      }
    },
    "citySender": "Маріуполь",
    "cityRecipient": "Ірпінь"
  },
  {
    "number": 20450171837965,
    "dateTime": {
      "date": {
        "year": 2019,
        "month": 10,
        "day": 16
      },
      "time": {
        "hour": 13,
        "minute": 8,
        "second": 52,
        "nano": 0
      }
    },
    "citySender": "Погреби",
    "cityRecipient": "Солоне"
  },
  {
    "number": 20450171837966,
    "dateTime": {
      "date": {
        "year": 2019,
        "month": 10,
        "day": 16
      },
      "time": {
        "hour": 18,
        "minute": 12,
        "second": 50,
        "nano": 0
      }
    },
    "citySender": "Дачне",
    "cityRecipient": "Чернівці"
  },
  {
    "number": 20450171837967,
    "dateTime": {
      "date": {
        "year": 2019,
        "month": 10,
        "day": 16
      },
      "time": {
        "hour": 15,
        "minute": 45,
        "second": 34,
        "nano": 0
      }
    },
    "citySender": "Слов\u0027янськ",
    "cityRecipient": "Березань"
  },
  {
    "number": 20450171837968,
    "dateTime": {
      "date": {
        "year": 2019,
        "month": 10,
        "day": 16
      },
      "time": {
        "hour": 10,
        "minute": 42,
        "second": 27,
        "nano": 0
      }
    },
    "citySender": "Дніпро",
    "cityRecipient": "Харків"
  },
  {
    "number": 20450171837969,
    "dateTime": {
      "date": {
        "year": 2019,
        "month": 10,
        "day": 16
      },
      "time": {
        "hour": 8,
        "minute": 2,
        "second": 59,
        "nano": 0
      }
    },
    "citySender": "Київ",
    "cityRecipient": "Козельщина"
  },
  {
    "number": 20450171837970,
    "dateTime": {
      "date": {
        "year": 2019,
        "month": 10,
        "day": 16
      },
      "time": {
        "hour": 18,
        "minute": 12,
        "second": 50,
        "nano": 0
      }
    },
    "citySender": "Дачне",
    "cityRecipient": "Кривий Ріг"
  },
  {
    "number": 20450171837971,
    "dateTime": {
      "date": {
        "year": 2019,
        "month": 10,
        "day": 16
      },
      "time": {
        "hour": 11,
        "minute": 13,
        "second": 40,
        "nano": 0
      }
    },
    "citySender": "Київ",
    "cityRecipient": "Київ"
  },
  {
    "number": 20450171837973,
    "dateTime": {
      "date": {
        "year": 2019,
        "month": 10,
        "day": 16
      },
      "time": {
        "hour": 16,
        "minute": 5,
        "second": 36,
        "nano": 0
      }
    },
    "citySender": "Рівне",
    "cityRecipient": "Боярка"
  },
  {
    "number": 20450171837974,
    "dateTime": {
      "date": {
        "year": 2019,
        "month": 10,
        "day": 16
      },
      "time": {
        "hour": 18,
        "minute": 12,
        "second": 52,
        "nano": 0
      }
    },
    "citySender": "Дачне",
    "cityRecipient": "Кременчук"
  },
  {
    "number": 20450171837975,
    "dateTime": {
      "date": {
        "year": 2019,
        "month": 10,
        "day": 16
      },
      "time": {
        "hour": 13,
        "minute": 35,
        "second": 3,
        "nano": 0
      }
    },
    "citySender": "Солонка (Львівська обл.)",
    "cityRecipient": "Мукачево"
  },
  {
    "number": 20450171837976,
    "dateTime": {
      "date": {
        "year": 2019,
        "month": 10,
        "day": 16
      },
      "time": {
        "hour": 11,
        "minute": 36,
        "second": 7,
        "nano": 0
      }
    },
    "citySender": "Гореничі",
    "cityRecipient": "Синельникове"
  },
  {
    "number": 20450171837977,
    "dateTime": {
      "date": {
        "year": 2019,
        "month": 10,
        "day": 16
      },
      "time": {
        "hour": 9,
        "minute": 12,
        "second": 6,
        "nano": 0
      }
    },
    "citySender": "Мостиська",
    "cityRecipient": "Київ"
  },
  {
    "number": 20450171837978,
    "dateTime": {
      "date": {
        "year": 2019,
        "month": 10,
        "day": 16
      },
      "time": {
        "hour": 18,
        "minute": 12,
        "second": 52,
        "nano": 0
      }
    },
    "citySender": "Дачне",
    "cityRecipient": "Верхнє Водяне"
  },
  {
    "number": 20450171837979,
    "dateTime": {
      "date": {
        "year": 2019,
        "month": 10,
        "day": 16
      },
      "time": {
        "hour": 14,
        "minute": 51,
        "second": 22,
        "nano": 0
      }
    },
    "citySender": "Більмак (Запорізька обл.)",
    "cityRecipient": "Херсон"
  },
  {
    "number": 20450171837980,
    "dateTime": {
      "date": {
        "year": 2019,
        "month": 10,
        "day": 16
      },
      "time": {
        "hour": 17,
        "minute": 58,
        "second": 9,
        "nano": 0
      }
    },
    "citySender": "Київ",
    "cityRecipient": "Лубни"
  },
  {
    "number": 20450171837981,
    "dateTime": {
      "date": {
        "year": 2019,
        "month": 10,
        "day": 16
      },
      "time": {
        "hour": 16,
        "minute": 45,
        "second": 44,
        "nano": 0
      }
    },
    "citySender": "Житомир",
    "cityRecipient": "Дніпро"
  },
  {
    "number": 20450171837982,
    "dateTime": {
      "date": {
        "year": 2019,
        "month": 10,
        "day": 16
      },
      "time": {
        "hour": 18,
        "minute": 12,
        "second": 52,
        "nano": 0
      }
    },
    "citySender": "Дачне",
    "cityRecipient": "Енергодар"
  },
  {
    "number": 20450171837983,
    "dateTime": {
      "date": {
        "year": 2019,
        "month": 10,
        "day": 16
      },
      "time": {
        "hour": 12,
        "minute": 33,
        "second": 10,
        "nano": 0
      }
    },
    "citySender": "Мішково-Погорілове",
    "cityRecipient": "Лукавці"
  },
  {
    "number": 20450171837985,
    "dateTime": {
      "date": {
        "year": 2019,
        "month": 10,
        "day": 16
      },
      "time": {
        "hour": 14,
        "minute": 16,
        "second": 54,
        "nano": 0
      }
    },
    "citySender": "Київ",
    "cityRecipient": "Бориспіль"
  },
  {
    "number": 20450171837987,
    "dateTime": {
      "date": {
        "year": 2019,
        "month": 10,
        "day": 16
      },
      "time": {
        "hour": 18,
        "minute": 12,
        "second": 52,
        "nano": 0
      }
    },
    "citySender": "Дачне",
    "cityRecipient": "Миколаїв"
  },
  {
    "number": 20450171837988,
    "dateTime": {
      "date": {
        "year": 2019,
        "month": 10,
        "day": 16
      },
      "time": {
        "hour": 18,
        "minute": 19,
        "second": 35,
        "nano": 0
      }
    },
    "citySender": "Дніпро",
    "cityRecipient": "Полтава"
  },
  {
    "number": 20450171837989,
    "dateTime": {
      "date": {
        "year": 2019,
        "month": 10,
        "day": 16
      },
      "time": {
        "hour": 14,
        "minute": 59,
        "second": 19,
        "nano": 0
      }
    },
    "citySender": "Суми",
    "cityRecipient": "Роздільна (Одеська обл.)"
  },
  {
    "number": 20450171837990,
    "dateTime": {
      "date": {
        "year": 2019,
        "month": 10,
        "day": 16
      },
      "time": {
        "hour": 18,
        "minute": 12,
        "second": 52,
        "nano": 0
      }
    },
    "citySender": "Дачне",
    "cityRecipient": "Бориспіль"
  },
  {
    "number": 20450171837991,
    "dateTime": {
      "date": {
        "year": 2019,
        "month": 10,
        "day": 16
      },
      "time": {
        "hour": 13,
        "minute": 21,
        "second": 52,
        "nano": 0
      }
    },
    "citySender": "Київ",
    "cityRecipient": "Київ"
  },
  {
    "number": 20450171837992,
    "dateTime": {
      "date": {
        "year": 2019,
        "month": 10,
        "day": 16
      },
      "time": {
        "hour": 16,
        "minute": 45,
        "second": 45,
        "nano": 0
      }
    },
    "citySender": "Одеса",
    "cityRecipient": "Вінниця"
  },
  {
    "number": 20450171837993,
    "dateTime": {
      "date": {
        "year": 2019,
        "month": 10,
        "day": 16
      },
      "time": {
        "hour": 11,
        "minute": 3,
        "second": 48,
        "nano": 0
      }
    },
    "citySender": "Коростишів",
    "cityRecipient": "Кременчук"
  },
  {
    "number": 20450171837994,
    "dateTime": {
      "date": {
        "year": 2019,
        "month": 10,
        "day": 16
      },
      "time": {
        "hour": 12,
        "minute": 2,
        "second": 45,
        "nano": 0
      }
    },
    "citySender": "Київ",
    "cityRecipient": "Чорноморськ"
  },
  {
    "number": 20450171837995,
    "dateTime": {
      "date": {
        "year": 2019,
        "month": 10,
        "day": 16
      },
      "time": {
        "hour": 18,
        "minute": 12,
        "second": 52,
        "nano": 0
      }
    },
    "citySender": "Дачне",
    "cityRecipient": "Новогродівка"
  },
  {
    "number": 20450171837996,
    "dateTime": {
      "date": {
        "year": 2019,
        "month": 10,
        "day": 16
      },
      "time": {
        "hour": 17,
        "minute": 4,
        "second": 29,
        "nano": 0
      }
    },
    "citySender": "Київ",
    "cityRecipient": "Бричківка"
  },
  {
    "number": 20450171837997,
    "dateTime": {
      "date": {
        "year": 2019,
        "month": 10,
        "day": 16
      },
      "time": {
        "hour": 19,
        "minute": 50,
        "second": 10,
        "nano": 0
      }
    },
    "citySender": "Кропивницький",
    "cityRecipient": "Бровари"
  },
  {
    "number": 20450171837998,
    "dateTime": {
      "date": {
        "year": 2019,
        "month": 10,
        "day": 16
      },
      "time": {
        "hour": 18,
        "minute": 12,
        "second": 52,
        "nano": 0
      }
    },
    "citySender": "Дачне",
    "cityRecipient": "Пирятин"
  },
  {
    "number": 20450171838000,
    "dateTime": {
      "date": {
        "year": 2019,
        "month": 10,
        "day": 16
      },
      "time": {
        "hour": 17,
        "minute": 31,
        "second": 4,
        "nano": 0
      }
    },
    "citySender": "Одеса",
    "cityRecipient": "Київ"
  },
  {
    "number": 20450171838002,
    "dateTime": {
      "date": {
        "year": 2019,
        "month": 10,
        "day": 16
      },
      "time": {
        "hour": 18,
        "minute": 12,
        "second": 52,
        "nano": 0
      }
    },
    "citySender": "Дачне",
    "cityRecipient": "Прилуки"
  },
  {
    "number": 20450171838003,
    "dateTime": {
      "date": {
        "year": 2019,
        "month": 10,
        "day": 16
      },
      "time": {
        "hour": 16,
        "minute": 36,
        "second": 8,
        "nano": 0
      }
    },
    "citySender": "Тернопіль",
    "cityRecipient": "Святопетрівське (Києво-Свят.р-н)"
  },
  {
    "number": 20450171838004,
    "dateTime": {
      "date": {
        "year": 2019,
        "month": 10,
        "day": 16
      },
      "time": {
        "hour": 15,
        "minute": 37,
        "second": 30,
        "nano": 0
      }
    },
    "citySender": "Билбасівка",
    "cityRecipient": "Одеса"
  },
  {
    "number": 20450171838005,
    "dateTime": {
      "date": {
        "year": 2019,
        "month": 10,
        "day": 16
      },
      "time": {
        "hour": 18,
        "minute": 12,
        "second": 52,
        "nano": 0
      }
    },
    "citySender": "Дачне",
    "cityRecipient": "Гусятин"
  },
  {
    "number": 20450171838007,
    "dateTime": {
      "date": {
        "year": 2019,
        "month": 10,
        "day": 16
      },
      "time": {
        "hour": 18,
        "minute": 12,
        "second": 52,
        "nano": 0
      }
    },
    "citySender": "Дачне",
    "cityRecipient": "Святопетрівське (Києво-Свят.р-н)"
  },
  {
    "number": 20450171838008,
    "dateTime": {
      "date": {
        "year": 2019,
        "month": 10,
        "day": 16
      },
      "time": {
        "hour": 10,
        "minute": 53,
        "second": 24,
        "nano": 0
      }
    },
    "citySender": "Копайгород",
    "cityRecipient": "Теребовля"
  },
  {
    "number": 20450171838009,
    "dateTime": {
      "date": {
        "year": 2019,
        "month": 10,
        "day": 16
      },
      "time": {
        "hour": 12,
        "minute": 23,
        "second": 47,
        "nano": 0
      }
    },
    "citySender": "Кременчук",
    "cityRecipient": "Любар"
  },
  {
    "number": 20450171838011,
    "dateTime": {
      "date": {
        "year": 2019,
        "month": 10,
        "day": 16
      },
      "time": {
        "hour": 18,
        "minute": 12,
        "second": 54,
        "nano": 0
      }
    },
    "citySender": "Дачне",
    "cityRecipient": "Івано-Франківськ"
  },
  {
    "number": 20450171838012,
    "dateTime": {
      "date": {
        "year": 2019,
        "month": 10,
        "day": 16
      },
      "time": {
        "hour": 18,
        "minute": 12,
        "second": 54,
        "nano": 0
      }
    },
    "citySender": "Дачне",
    "cityRecipient": "Крюківщина"
  }
]