[
  {
    "number": 20450171853772,
    "dateTime": {
      "date": {
        "year": 2019,
        "month": 10,
        "day": 16
      },
      "time": {
        "hour": 8,
        "minute": 1,
        "second": 29,
        "nano": 0
      }
    },
    "citySender": "Дніпро",
    "cityRecipient": "Дніпро"
  },
  {
    "number": 20450171853773,
    "dateTime": {
      "date": {
        "year": 2019,
        "month": 10,
        "day": 16
      },
      "time": {
        "hour": 15,
        "minute": 52,
        "second": 27,
        "nano": 0
      }
    },
    "citySender": "Дніпро",
    "cityRecipient": "Черкаси"
  },
  {
    "number": 20450171853774,
    "dateTime": {
      "date": {
        "year": 2019,
        "month": 10,
        "day": 16
      },
      "time": {
        "hour": 16,
        "minute": 35,
        "second": 40,
        "nano": 0
      }
    },
    "citySender": "Кривий Ріг",
    "cityRecipient": "Лозова"
  },
  {
    "number": 20450171853775,
    "dateTime": {
      "date": {
        "year": 2019,
        "month": 10,
        "day": 16
      },
      "time": {
        "hour": 10,
        "minute": 17,
        "second": 29,
        "nano": 0
      }
    },
    "citySender": "Харків",
    "cityRecipient": "Гвардійське (Дніпропетровськ)"
  },
  {
    "number": 20450171853776,
    "dateTime": {
      "date": {
        "year": 2019,
        "month": 10,
        "day": 16
      },
      "time": {
        "hour": 10,
        "minute": 45,
        "second": 23,
        "nano": 0
      }
    },
    "citySender": "Київ",
    "cityRecipient": "Боярка"
  },
  {
    "number": 20450171853777,
    "dateTime": {
      "date": {
        "year": 2019,
        "month": 10,
        "day": 16
      },
      "time": {
        "hour": 11,
        "minute": 27,
        "second": 32,
        "nano": 0
      }
    },
    "citySender": "Житомир",
    "cityRecipient": "Умань"
  },
  {
    "number": 20450171853779,
    "dateTime": {
      "date": {
        "year": 2019,
        "month": 10,
        "day": 16
      },
      "time": {
        "hour": 13,
        "minute": 4,
        "second": 43,
        "nano": 0
      }
    },
    "citySender": "Суми",
    "cityRecipient": "Миргород"
  },
  {
    "number": 20450171853780,
    "dateTime": {
      "date": {
        "year": 2019,
        "month": 10,
        "day": 16
      },
      "time": {
        "hour": 9,
        "minute": 13,
        "second": 4,
        "nano": 0
      }
    },
    "citySender": "Рудне",
    "cityRecipient": "Макарів"
  },
  {
    "number": 20450171853781,
    "dateTime": {
      "date": {
        "year": 2019,
        "month": 10,
        "day": 16
      },
      "time": {
        "hour": 10,
        "minute": 57,
        "second": 31,
        "nano": 0
      }
    },
    "citySender": "Вінниця",
    "cityRecipient": "Козятин (місто, Вінницька обл.)"
  },
  {
    "number": 20450171853782,
    "dateTime": {
      "date": {
        "year": 2019,
        "month": 10,
        "day": 16
      },
      "time": {
        "hour": 15,
        "minute": 52,
        "second": 27,
        "nano": 0
      }
    },
    "citySender": "Дніпро",
    "cityRecipient": "Маріуполь"
  },
  {
    "number": 20450171853783,
    "dateTime": {
      "date": {
        "year": 2019,
        "month": 10,
        "day": 16
      },
      "time": {
        "hour": 13,
        "minute": 9,
        "second": 15,
        "nano": 0
      }
    },
    "citySender": "Немирів (Вінницька обл.)",
    "cityRecipient": "Київ"
  },
  {
    "number": 20450171853784,
    "dateTime": {
      "date": {
        "year": 2019,
        "month": 10,
        "day": 16
      },
      "time": {
        "hour": 15,
        "minute": 52,
        "second": 27,
        "nano": 0
      }
    },
    "citySender": "Дніпро",
    "cityRecipient": "Кириківка(Великописарів.р-н)"
  },
  {
    "number": 20450171853785,
    "dateTime": {
      "date": {
        "year": 2019,
        "month": 10,
        "day": 16
      },
      "time": {
        "hour": 9,
        "minute": 16,
        "second": 42,
        "nano": 0
      }
    },
    "citySender": "Запоріжжя",
    "cityRecipient": "Сєвєродонецьк"
  },
  {
    "number": 20450171853786,
    "dateTime": {
      "date": {
        "year": 2019,
        "month": 10,
        "day": 16
      },
      "time": {
        "hour": 16,
        "minute": 32,
        "second": 52,
        "nano": 0
      }
    },
    "citySender": "Кривий Ріг",
    "cityRecipient": "Жмеринка"
  },
  {
    "number": 20450171853787,
    "dateTime": {
      "date": {
        "year": 2019,
        "month": 10,
        "day": 16
      },
      "time": {
        "hour": 11,
        "minute": 31,
        "second": 16,
        "nano": 0
      }
    },
    "citySender": "Томаківка",
    "cityRecipient": "Верхній Струтинь"
  },
  {
    "number": 20450171853788,
    "dateTime": {
      "date": {
        "year": 2019,
        "month": 10,
        "day": 16
      },
      "time": {
        "hour": 15,
        "minute": 52,
        "second": 27,
        "nano": 0
      }
    },
    "citySender": "Дніпро",
    "cityRecipient": "Стрий"
  },
  {
    "number": 20450171853789,
    "dateTime": {
      "date": {
        "year": 2019,
        "month": 10,
        "day": 16
      },
      "time": {
        "hour": 17,
        "minute": 6,
        "second": 23,
        "nano": 0
      }
    },
    "citySender": "Тернопіль",
    "cityRecipient": "Київ"
  },
  {
    "number": 20450171853790,
    "dateTime": {
      "date": {
        "year": 2019,
        "month": 10,
        "day": 16
      },
      "time": {
        "hour": 10,
        "minute": 17,
        "second": 29,
        "nano": 0
      }
    },
    "citySender": "Харків",
    "cityRecipient": "Чернігів"
  },
  {
    "number": 20450171853791,
    "dateTime": {
      "date": {
        "year": 2019,
        "month": 10,
        "day": 16
      },
      "time": {
        "hour": 15,
        "minute": 1,
        "second": 27,
        "nano": 0
      }
    },
    "citySender": "Одеса",
    "cityRecipient": "Станиця Луганська"
  },
  {
    "number": 20450171853792,
    "dateTime": {
      "date": {
        "year": 2019,
        "month": 10,
        "day": 16
      },
      "time": {
        "hour": 15,
        "minute": 52,
        "second": 27,
        "nano": 0
      }
    },
    "citySender": "Дніпро",
    "cityRecipient": "Дніпро"
  },
  {
    "number": 20450171853793,
    "dateTime": {
      "date": {
        "year": 2019,
        "month": 10,
        "day": 16
      },
      "time": {
        "hour": 17,
        "minute": 22,
        "second": 54,
        "nano": 0
      }
    },
    "citySender": "Харків",
    "cityRecipient": "Одеса"
  },
  {
    "number": 20450171853794,
    "dateTime": {
      "date": {
        "year": 2019,
        "month": 10,
        "day": 16
      },
      "time": {
        "hour": 9,
        "minute": 33,
        "second": 10,
        "nano": 0
      }
    },
    "citySender": "Київ",
    "cityRecipient": "Київ"
  },
  {
    "number": 20450171853795,
    "dateTime": {
      "date": {
        "year": 2019,
        "month": 10,
        "day": 16
      },
      "time": {
        "hour": 16,
        "minute": 31,
        "second": 59,
        "nano": 0
      }
    },
    "citySender": "Кривий Ріг",
    "cityRecipient": "Літин"
  },
  {
    "number": 20450171853796,
    "dateTime": {
      "date": {
        "year": 2019,
        "month": 10,
        "day": 16
      },
      "time": {
        "hour": 11,
        "minute": 34,
        "second": 44,
        "nano": 0
      }
    },
    "citySender": "Мукачево",
    "cityRecipient": "Київ"
  },
  {
    "number": 20450171853797,
    "dateTime": {
      "date": {
        "year": 2019,
        "month": 10,
        "day": 16
      },
      "time": {
        "hour": 15,
        "minute": 52,
        "second": 27,
        "nano": 0
      }
    },
    "citySender": "Дніпро",
    "cityRecipient": "Чернівці"
  },
  {
    "number": 20450171853798,
    "dateTime": {
      "date": {
        "year": 2019,
        "month": 10,
        "day": 16
      },
      "time": {
        "hour": 11,
        "minute": 15,
        "second": 46,
        "nano": 0
      }
    },
    "citySender": "Баранівка",
    "cityRecipient": "Київ"
  },
  {
    "number": 20450171853799,
    "dateTime": {
      "date": {
        "year": 2019,
        "month": 10,
        "day": 16
      },
      "time": {
        "hour": 9,
        "minute": 13,
        "second": 4,
        "nano": 0
      }
    },
    "citySender": "Рудне",
    "cityRecipient": "Немирів (Львівська обл.)"
  },
  {
    "number": 20450171853800,
    "dateTime": {
      "date": {
        "year": 2019,
        "month": 10,
        "day": 16
      },
      "time": {
        "hour": 15,
        "minute": 52,
        "second": 27,
        "nano": 0
      }
    },
    "citySender": "Дніпро",
    "cityRecipient": "Українськ (Донецька обл.)"
  },
  {
    "number": 20450171853801,
    "dateTime": {
      "date": {
        "year": 2019,
        "month": 10,
        "day": 16
      },
      "time": {
        "hour": 12,
        "minute": 47,
        "second": 48,
        "nano": 0
      }
    },
    "citySender": "Немирів (Вінницька обл.)",
    "cityRecipient": "Жашків"
  },
  {
    "number": 20450171853802,
    "dateTime": {
      "date": {
        "year": 2019,
        "month": 10,
        "day": 16
      },
      "time": {
        "hour": 14,
        "minute": 4,
        "second": 25,
        "nano": 0
      }
    },
    "citySender": "Ужгород",
    "cityRecipient": "Любар"
  },
  {
    "number": 20450171853803,
    "dateTime": {
      "date": {
        "year": 2019,
        "month": 10,
        "day": 16
      },
      "time": {
        "hour": 8,
        "minute": 12,
        "second": 41,
        "nano": 0
      }
    },
    "citySender": "Харків",
    "cityRecipient": "Дніпро"
  },
  {
    "number": 20450171853804,
    "dateTime": {
      "date": {
        "year": 2019,
        "month": 10,
        "day": 16
      },
      "time": {
        "hour": 10,
        "minute": 17,
        "second": 29,
        "nano": 0
      }
    },
    "citySender": "Харків",
    "cityRecipient": "Микуличі"
  },
  {
    "number": 20450171853807,
    "dateTime": {
      "date": {
        "year": 2019,
        "month": 10,
        "day": 16
      },
      "time": {
        "hour": 9,
        "minute": 49,
        "second": 36,
        "nano": 0
      }
    },
    "citySender": "Самбір",
    "cityRecipient": "Білозерка (Херсонська обл.)"
  },
  {
    "number": 20450171853808,
    "dateTime": {
      "date": {
        "year": 2019,
        "month": 10,
        "day": 16
      },
      "time": {
        "hour": 13,
        "minute": 57,
        "second": 26,
        "nano": 0
      }
    },
    "citySender": "Славута",
    "cityRecipient": "Київ"
  },
  {
    "number": 20450171853809,
    "dateTime": {
      "date": {
        "year": 2019,
        "month": 10,
        "day": 16
      },
      "time": {
        "hour": 12,
        "minute": 2,
        "second": 22,
        "nano": 0
      }
    },
    "citySender": "Славське (Львівська обл.)",
    "cityRecipient": "Івано-Франківськ"
  },
  {
    "number": 20450171853810,
    "dateTime": {
      "date": {
        "year": 2019,
        "month": 10,
        "day": 16
      },
      "time": {
        "hour": 15,
        "minute": 52,
        "second": 27,
        "nano": 0
      }
    },
    "citySender": "Дніпро",
    "cityRecipient": "Нововолинськ"
  },
  {
    "number": 20450171853811,
    "dateTime": {
      "date": {
        "year": 2019,
        "month": 10,
        "day": 16
      },
      "time": {
        "hour": 9,
        "minute": 36,
        "second": 3,
        "nano": 0
      }
    },
    "citySender": "Енергодар",
    "cityRecipient": "Бровари"
  },
  {
    "number": 20450171853812,
    "dateTime": {
      "date": {
        "year": 2019,
        "month": 10,
        "day": 16
      },
      "time": {
        "hour": 15,
        "minute": 52,
        "second": 27,
        "nano": 0
      }
    },
    "citySender": "Дніпро",
    "cityRecipient": "Львів"
  },
  {
    "number": 20450171853813,
    "dateTime": {
      "date": {
        "year": 2019,
        "month": 10,
        "day": 16
      },
      "time": {
        "hour": 13,
        "minute": 58,
        "second": 17,
        "nano": 0
      }
    },
    "citySender": "Новояворівськ",
    "cityRecipient": "Боянець"
  },
  {
    "number": 20450171853814,
    "dateTime": {
      "date": {
        "year": 2019,
        "month": 10,
        "day": 16
      },
      "time": {
        "hour": 10,
        "minute": 45,
        "second": 55,
        "nano": 0
      }
    },
    "citySender": "Харків",
    "cityRecipient": "Вишневе"
  },
  {
    "number": 20450171853815,
    "dateTime": {
      "date": {
        "year": 2019,
        "month": 10,
        "day": 16
      },
      "time": {
        "hour": 14,
        "minute": 27,
        "second": 7,
        "nano": 0
      }
    },
    "citySender": "Київ",
    "cityRecipient": "Одеса"
  },
  {
    "number": 20450171853816,
    "dateTime": {
      "date": {
        "year": 2019,
        "month": 10,
        "day": 16
      },
      "time": {
        "hour": 9,
        "minute": 0,
        "second": 19,
        "nano": 0
      }
    },
    "citySender": "Одеса",
    "cityRecipient": "Київ"
  },
  {
    "number": 20450171853817,
    "dateTime": {
      "date": {
        "year": 2019,
        "month": 10,
        "day": 16
      },
      "time": {
        "hour": 15,
        "minute": 52,
        "second": 28,
        "nano": 0
      }
    },
    "citySender": "Дніпро",
    "cityRecipient": "Одеса"
  },
  {
    "number": 20450171853818,
    "dateTime": {
      "date": {
        "year": 2019,
        "month": 10,
        "day": 16
      },
      "time": {
        "hour": 15,
        "minute": 43,
        "second": 10,
        "nano": 0
      }
    },
    "citySender": "Київ",
    "cityRecipient": "Миколаїв"
  },
  {
    "number": 20450171853819,
    "dateTime": {
      "date": {
        "year": 2019,
        "month": 10,
        "day": 16
      },
      "time": {
        "hour": 16,
        "minute": 40,
        "second": 1,
        "nano": 0
      }
    },
    "citySender": "Одеса",
    "cityRecipient": "Ізмаїл"
  },
  {
    "number": 20450171853820,
    "dateTime": {
      "date": {
        "year": 2019,
        "month": 10,
        "day": 16
      },
      "time": {
        "hour": 15,
        "minute": 52,
        "second": 28,
        "nano": 0
      }
    },
    "citySender": "Дніпро",
    "cityRecipient": "Кременчук"
  },
  {
    "number": 20450171853821,
    "dateTime": {
      "date": {
        "year": 2019,
        "month": 10,
        "day": 16
      },
      "time": {
        "hour": 13,
        "minute": 8,
        "second": 49,
        "nano": 0
      }
    },
    "citySender": "Немирів (Вінницька обл.)",
    "cityRecipient": "Долинська"
  },
  {
    "number": 20450171853822,
    "dateTime": {
      "date": {
        "year": 2019,
        "month": 10,
        "day": 16
      },
      "time": {
        "hour": 11,
        "minute": 31,
        "second": 16,
        "nano": 0
      }
    },
    "citySender": "Томаківка",
    "cityRecipient": "Запоріжжя"
  },
  {
    "number": 20450171853823,
    "dateTime": {
      "date": {
        "year": 2019,
        "month": 10,
        "day": 16
      },
      "time": {
        "hour": 15,
        "minute": 52,
        "second": 28,
        "nano": 0
      }
    },
    "citySender": "Дніпро",
    "cityRecipient": "Турка"
  },
  {
    "number": 20450171853824,
    "dateTime": {
      "date": {
        "year": 2019,
        "month": 10,
        "day": 16
      },
      "time": {
        "hour": 10,
        "minute": 44,
        "second": 0,
        "nano": 0
      }
    },
    "citySender": "Харків",
    "cityRecipient": "Ізмаїл"
  },
  {
    "number": 20450171853825,
    "dateTime": {
      "date": {
        "year": 2019,
        "month": 10,
        "day": 16
      },
      "time": {
        "hour": 8,
        "minute": 12,
        "second": 41,
        "nano": 0
      }
    },
    "citySender": "Харків",
    "cityRecipient": "Чернівці"
  },
  {
    "number": 20450171853827,
    "dateTime": {
      "date": {
        "year": 2019,
        "month": 10,
        "day": 16
      },
      "time": {
        "hour": 15,
        "minute": 52,
        "second": 28,
        "nano": 0
      }
    },
    "citySender": "Дніпро",
    "cityRecipient": "Маріуполь"
  },
  {
    "number": 20450171853828,
    "dateTime": {
      "date": {
        "year": 2019,
        "month": 10,
        "day": 16
      },
      "time": {
        "hour": 9,
        "minute": 13,
        "second": 4,
        "nano": 0
      }
    },
    "citySender": "Рудне",
    "cityRecipient": "Львів"
  },
  {
    "number": 20450171853829,
    "dateTime": {
      "date": {
        "year": 2019,
        "month": 10,
        "day": 16
      },
      "time": {
        "hour": 10,
        "minute": 17,
        "second": 29,
        "nano": 0
      }
    },
    "citySender": "Харків",
    "cityRecipient": "Новопокровка (Харківська обл.)"
  },
  {
    "number": 20450171853831,
    "dateTime": {
      "date": {
        "year": 2019,
        "month": 10,
        "day": 16
      },
      "time": {
        "hour": 9,
        "minute": 30,
        "second": 27,
        "nano": 0
      }
    },
    "citySender": "Херсон",
    "cityRecipient": "Кременчук"
  },
  {
    "number": 20450171853832,
    "dateTime": {
      "date": {
        "year": 2019,
        "month": 10,
        "day": 16
      },
      "time": {
        "hour": 15,
        "minute": 37,
        "second": 54,
        "nano": 0
      }
    },
    "citySender": "Львів",
    "cityRecipient": "Веселе (Запорізька обл.)"
  },
  {
    "number": 20450171853833,
    "dateTime": {
      "date": {
        "year": 2019,
        "month": 10,
        "day": 16
      },
      "time": {
        "hour": 13,
        "minute": 9,
        "second": 56,
        "nano": 0
      }
    },
    "citySender": "Немирів (Вінницька обл.)",
    "cityRecipient": "Оріхів"
  },
  {
    "number": 20450171853834,
    "dateTime": {
      "date": {
        "year": 2019,
        "month": 10,
        "day": 16
      },
      "time": {
        "hour": 15,
        "minute": 52,
        "second": 28,
        "nano": 0
      }
    },
    "citySender": "Дніпро",
    "cityRecipient": "Фурси"
  },
  {
    "number": 20450171853837,
    "dateTime": {
      "date": {
        "year": 2019,
        "month": 10,
        "day": 16
      },
      "time": {
        "hour": 15,
        "minute": 52,
        "second": 28,
        "nano": 0
      }
    },
    "citySender": "Дніпро",
    "cityRecipient": "Олександрія (м.Кіровогр.обл.райц)"
  },
  {
    "number": 20450171853838,
    "dateTime": {
      "date": {
        "year": 2019,
        "month": 10,
        "day": 16
      },
      "time": {
        "hour": 16,
        "minute": 40,
        "second": 1,
        "nano": 0
      }
    },
    "citySender": "Одеса",
    "cityRecipient": "Іванків (Іванківський р-н)"
  },
  {
    "number": 20450171853839,
    "dateTime": {
      "date": {
        "year": 2019,
        "month": 10,
        "day": 16
      },
      "time": {
        "hour": 9,
        "minute": 0,
        "second": 19,
        "nano": 0
      }
    },
    "citySender": "Одеса",
    "cityRecipient": "Київ"
  },
  {
    "number": 20450171853840,
    "dateTime": {
      "date": {
        "year": 2019,
        "month": 10,
        "day": 16
      },
      "time": {
        "hour": 16,
        "minute": 6,
        "second": 8,
        "nano": 0
      }
    },
    "citySender": "Вознесенськ",
    "cityRecipient": "Одеса"
  },
  {
    "number": 20450171853841,
    "dateTime": {
      "date": {
        "year": 2019,
        "month": 10,
        "day": 16
      },
      "time": {
        "hour": 15,
        "minute": 52,
        "second": 28,
        "nano": 0
      }
    },
    "citySender": "Дніпро",
    "cityRecipient": "Вишнівець"
  },
  {
    "number": 20450171853842,
    "dateTime": {
      "date": {
        "year": 2019,
        "month": 10,
        "day": 16
      },
      "time": {
        "hour": 18,
        "minute": 16,
        "second": 54,
        "nano": 0
      }
    },
    "citySender": "Одеса",
    "cityRecipient": "Суми"
  },
  {
    "number": 20450171853844,
    "dateTime": {
      "date": {
        "year": 2019,
        "month": 10,
        "day": 16
      },
      "time": {
        "hour": 16,
        "minute": 32,
        "second": 25,
        "nano": 0
      }
    },
    "citySender": "Кривий Ріг",
    "cityRecipient": "Павлоград"
  },
  {
    "number": 20450171853845,
    "dateTime": {
      "date": {
        "year": 2019,
        "month": 10,
        "day": 16
      },
      "time": {
        "hour": 15,
        "minute": 52,
        "second": 28,
        "nano": 0
      }
    },
    "citySender": "Дніпро",
    "cityRecipient": "Бахмут"
  },
  {
    "number": 20450171853846,
    "dateTime": {
      "date": {
        "year": 2019,
        "month": 10,
        "day": 16
      },
      "time": {
        "hour": 11,
        "minute": 31,
        "second": 16,
        "nano": 0
      }
    },
    "citySender": "Томаківка",
    "cityRecipient": "Львів"
  },
  {
    "number": 20450171853847,
    "dateTime": {
      "date": {
        "year": 2019,
        "month": 10,
        "day": 16
      },
      "time": {
        "hour": 15,
        "minute": 47,
        "second": 37,
        "nano": 0
      }
    },
    "citySender": "Київ",
    "cityRecipient": "Київ"
  },
  {
    "number": 20450171853848,
    "dateTime": {
      "date": {
        "year": 2019,
        "month": 10,
        "day": 16
      },
      "time": {
        "hour": 15,
        "minute": 52,
        "second": 28,
        "nano": 0
      }
    },
    "citySender": "Дніпро",
    "cityRecipient": "Першотравенськ (Дніпропетровська обл)"
  },
  {
    "number": 20450171853849,
    "dateTime": {
      "date": {
        "year": 2019,
        "month": 10,
        "day": 16
      },
      "time": {
        "hour": 12,
        "minute": 20,
        "second": 44,
        "nano": 0
      }
    },
    "citySender": "Колодяжне",
    "cityRecipient": "Одеса"
  },
  {
    "number": 20450171853850,
    "dateTime": {
      "date": {
        "year": 2019,
        "month": 10,
        "day": 16
      },
      "time": {
        "hour": 13,
        "minute": 2,
        "second": 14,
        "nano": 0
      }
    },
    "citySender": "Немирів (Вінницька обл.)",
    "cityRecipient": "Переяслав-Хмельницький"
  },
  {
    "number": 20450171853851,
    "dateTime": {
      "date": {
        "year": 2019,
        "month": 10,
        "day": 16
      },
      "time": {
        "hour": 9,
        "minute": 13,
        "second": 4,
        "nano": 0
      }
    },
    "citySender": "Рудне",
    "cityRecipient": "Великі Мости"
  },
  {
    "number": 20450171853852,
    "dateTime": {
      "date": {
        "year": 2019,
        "month": 10,
        "day": 16
      },
      "time": {
        "hour": 15,
        "minute": 43,
        "second": 10,
        "nano": 0
      }
    },
    "citySender": "Київ",
    "cityRecipient": "Виноградів"
  },
  {
    "number": 20450171853853,
    "dateTime": {
      "date": {
        "year": 2019,
        "month": 10,
        "day": 16
      },
      "time": {
        "hour": 15,
        "minute": 52,
        "second": 28,
        "nano": 0
      }
    },
    "citySender": "Дніпро",
    "cityRecipient": "Гадяч"
  },
  {
    "number": 20450171853854,
    "dateTime": {
      "date": {
        "year": 2019,
        "month": 10,
        "day": 16
      },
      "time": {
        "hour": 16,
        "minute": 28,
        "second": 48,
        "nano": 0
      }
    },
    "citySender": "Харків",
    "cityRecipient": "Харків"
  },
  {
    "number": 20450171853855,
    "dateTime": {
      "date": {
        "year": 2019,
        "month": 10,
        "day": 16
      },
      "time": {
        "hour": 10,
        "minute": 17,
        "second": 29,
        "nano": 0
      }
    },
    "citySender": "Харків",
    "cityRecipient": "Маріуполь"
  },
  {
    "number": 20450171853856,
    "dateTime": {
      "date": {
        "year": 2019,
        "month": 10,
        "day": 16
      },
      "time": {
        "hour": 17,
        "minute": 24,
        "second": 7,
        "nano": 0
      }
    },
    "citySender": "Харків",
    "cityRecipient": "Північне"
  },
  {
    "number": 20450171853857,
    "dateTime": {
      "date": {
        "year": 2019,
        "month": 10,
        "day": 16
      },
      "time": {
        "hour": 11,
        "minute": 15,
        "second": 16,
        "nano": 0
      }
    },
    "citySender": "Баранівка",
    "cityRecipient": "Олешник"
  },
  {
    "number": 20450171853858,
    "dateTime": {
      "date": {
        "year": 2019,
        "month": 10,
        "day": 16
      },
      "time": {
        "hour": 13,
        "minute": 58,
        "second": 0,
        "nano": 0
      }
    },
    "citySender": "Новояворівськ",
    "cityRecipient": "Балта"
  },
  {
    "number": 20450171853859,
    "dateTime": {
      "date": {
        "year": 2019,
        "month": 10,
        "day": 16
      },
      "time": {
        "hour": 8,
        "minute": 36,
        "second": 12,
        "nano": 0
      }
    },
    "citySender": "Харків",
    "cityRecipient": "Ужгород"
  },
  {
    "number": 20450171853860,
    "dateTime": {
      "date": {
        "year": 2019,
        "month": 10,
        "day": 16
      },
      "time": {
        "hour": 16,
        "minute": 40,
        "second": 1,
        "nano": 0
      }
    },
    "citySender": "Одеса",
    "cityRecipient": "Бориспіль"
  },
  {
    "number": 20450171853861,
    "dateTime": {
      "date": {
        "year": 2019,
        "month": 10,
        "day": 16
      },
      "time": {
        "hour": 15,
        "minute": 52,
        "second": 30,
        "nano": 0
      }
    },
    "citySender": "Дніпро",
    "cityRecipient": "Київ"
  },
  {
    "number": 20450171853862,
    "dateTime": {
      "date": {
        "year": 2019,
        "month": 10,
        "day": 16
      },
      "time": {
        "hour": 11,
        "minute": 31,
        "second": 16,
        "nano": 0
      }
    },
    "citySender": "Томаківка",
    "cityRecipient": "Суми"
  },
  {
    "number": 20450171853863,
    "dateTime": {
      "date": {
        "year": 2019,
        "month": 10,
        "day": 16
      },
      "time": {
        "hour": 15,
        "minute": 52,
        "second": 30,
        "nano": 0
      }
    },
    "citySender": "Дніпро",
    "cityRecipient": "Лебедівка"
  },
  {
    "number": 20450171853864,
    "dateTime": {
      "date": {
        "year": 2019,
        "month": 10,
        "day": 16
      },
      "time": {
        "hour": 8,
        "minute": 13,
        "second": 16,
        "nano": 0
      }
    },
    "citySender": "Золочів (Львівська обл.)",
    "cityRecipient": "Дніпро"
  },
  {
    "number": 20450171853866,
    "dateTime": {
      "date": {
        "year": 2019,
        "month": 10,
        "day": 16
      },
      "time": {
        "hour": 8,
        "minute": 12,
        "second": 41,
        "nano": 0
      }
    },
    "citySender": "Харків",
    "cityRecipient": "Харків"
  },
  {
    "number": 20450171853867,
    "dateTime": {
      "date": {
        "year": 2019,
        "month": 10,
        "day": 16
      },
      "time": {
        "hour": 15,
        "minute": 52,
        "second": 30,
        "nano": 0
      }
    },
    "citySender": "Дніпро",
    "cityRecipient": "Зеленодольськ"
  },
  {
    "number": 20450171853868,
    "dateTime": {
      "date": {
        "year": 2019,
        "month": 10,
        "day": 16
      },
      "time": {
        "hour": 16,
        "minute": 28,
        "second": 51,
        "nano": 0
      }
    },
    "citySender": "Харків",
    "cityRecipient": "Вербки (Дніпропетровська обл.)"
  },
  {
    "number": 20450171853869,
    "dateTime": {
      "date": {
        "year": 2019,
        "month": 10,
        "day": 16
      },
      "time": {
        "hour": 10,
        "minute": 17,
        "second": 29,
        "nano": 0
      }
    },
    "citySender": "Харків",
    "cityRecipient": "Дніпро"
  },
  {
    "number": 20450171853870,
    "dateTime": {
      "date": {
        "year": 2019,
        "month": 10,
        "day": 16
      },
      "time": {
        "hour": 10,
        "minute": 9,
        "second": 12,
        "nano": 0
      }
    },
    "citySender": "Запоріжжя",
    "cityRecipient": "Київ"
  },
  {
    "number": 20450171853871,
    "dateTime": {
      "date": {
        "year": 2019,
        "month": 10,
        "day": 16
      },
      "time": {
        "hour": 15,
        "minute": 52,
        "second": 30,
        "nano": 0
      }
    },
    "citySender": "Дніпро",
    "cityRecipient": "Київ"
  }
]