[
  {
    "number": 20450171844687,
    "dateTime": {
      "date": {
        "year": 2019,
        "month": 10,
        "day": 16
      },
      "time": {
        "hour": 10,
        "minute": 26,
        "second": 45,
        "nano": 0
      }
    },
    "citySender": "Миколаїв",
    "cityRecipient": "Шацьк"
  },
  {
    "number": 20450171844688,
    "dateTime": {
      "date": {
        "year": 2019,
        "month": 10,
        "day": 16
      },
      "time": {
        "hour": 17,
        "minute": 34,
        "second": 33,
        "nano": 0
      }
    },
    "citySender": "Чернівці",
    "cityRecipient": "Київ"
  },
  {
    "number": 20450171844689,
    "dateTime": {
      "date": {
        "year": 2019,
        "month": 10,
        "day": 16
      },
      "time": {
        "hour": 10,
        "minute": 44,
        "second": 15,
        "nano": 0
      }
    },
    "citySender": "Львів",
    "cityRecipient": "Житомир"
  },
  {
    "number": 20450171844690,
    "dateTime": {
      "date": {
        "year": 2019,
        "month": 10,
        "day": 16
      },
      "time": {
        "hour": 16,
        "minute": 54,
        "second": 35,
        "nano": 0
      }
    },
    "citySender": "Чернівці",
    "cityRecipient": "Біла Церква"
  },
  {
    "number": 20450171844691,
    "dateTime": {
      "date": {
        "year": 2019,
        "month": 10,
        "day": 16
      },
      "time": {
        "hour": 18,
        "minute": 16,
        "second": 37,
        "nano": 0
      }
    },
    "citySender": "Новоселиця",
    "cityRecipient": "Новгородське (Донецька обл.)"
  },
  {
    "number": 20450171844694,
    "dateTime": {
      "date": {
        "year": 2019,
        "month": 10,
        "day": 16
      },
      "time": {
        "hour": 11,
        "minute": 38,
        "second": 52,
        "nano": 0
      }
    },
    "citySender": "Приморськ (Запорізька обл.)",
    "cityRecipient": "Полтава"
  },
  {
    "number": 20450171844695,
    "dateTime": {
      "date": {
        "year": 2019,
        "month": 10,
        "day": 16
      },
      "time": {
        "hour": 12,
        "minute": 5,
        "second": 46,
        "nano": 0
      }
    },
    "citySender": "Луцьк",
    "cityRecipient": "Дніпро"
  },
  {
    "number": 20450171844696,
    "dateTime": {
      "date": {
        "year": 2019,
        "month": 10,
        "day": 16
      },
      "time": {
        "hour": 10,
        "minute": 5,
        "second": 20,
        "nano": 0
      }
    },
    "citySender": "Куликів",
    "cityRecipient": "Львів"
  },
  {
    "number": 20450171844697,
    "dateTime": {
      "date": {
        "year": 2019,
        "month": 10,
        "day": 16
      },
      "time": {
        "hour": 14,
        "minute": 39,
        "second": 29,
        "nano": 0
      }
    },
    "citySender": "Калуш",
    "cityRecipient": "Мукачево"
  },
  {
    "number": 20450171844698,
    "dateTime": {
      "date": {
        "year": 2019,
        "month": 10,
        "day": 16
      },
      "time": {
        "hour": 12,
        "minute": 29,
        "second": 8,
        "nano": 0
      }
    },
    "citySender": "Мішково-Погорілове",
    "cityRecipient": "Одеса"
  },
  {
    "number": 20450171844700,
    "dateTime": {
      "date": {
        "year": 2019,
        "month": 10,
        "day": 16
      },
      "time": {
        "hour": 17,
        "minute": 28,
        "second": 44,
        "nano": 0
      }
    },
    "citySender": "Житомир",
    "cityRecipient": "Українка"
  },
  {
    "number": 20450171844701,
    "dateTime": {
      "date": {
        "year": 2019,
        "month": 10,
        "day": 16
      },
      "time": {
        "hour": 8,
        "minute": 50,
        "second": 40,
        "nano": 0
      }
    },
    "citySender": "Корсунь-Шевченківський",
    "cityRecipient": "Львів"
  },
  {
    "number": 20450171844703,
    "dateTime": {
      "date": {
        "year": 2019,
        "month": 10,
        "day": 16
      },
      "time": {
        "hour": 12,
        "minute": 39,
        "second": 6,
        "nano": 0
      }
    },
    "citySender": "Харків",
    "cityRecipient": "Дніпро"
  },
  {
    "number": 20450171844704,
    "dateTime": {
      "date": {
        "year": 2019,
        "month": 10,
        "day": 16
      },
      "time": {
        "hour": 17,
        "minute": 28,
        "second": 44,
        "nano": 0
      }
    },
    "citySender": "Житомир",
    "cityRecipient": "Вінниця"
  },
  {
    "number": 20450171844705,
    "dateTime": {
      "date": {
        "year": 2019,
        "month": 10,
        "day": 16
      },
      "time": {
        "hour": 15,
        "minute": 50,
        "second": 1,
        "nano": 0
      }
    },
    "citySender": "Харків",
    "cityRecipient": "Харків"
  },
  {
    "number": 20450171844706,
    "dateTime": {
      "date": {
        "year": 2019,
        "month": 10,
        "day": 16
      },
      "time": {
        "hour": 18,
        "minute": 2,
        "second": 45,
        "nano": 0
      }
    },
    "citySender": "Одеса",
    "cityRecipient": "Кропивницький"
  },
  {
    "number": 20450171844710,
    "dateTime": {
      "date": {
        "year": 2019,
        "month": 10,
        "day": 16
      },
      "time": {
        "hour": 9,
        "minute": 23,
        "second": 43,
        "nano": 0
      }
    },
    "citySender": "Краматорськ",
    "cityRecipient": "Вишневе"
  },
  {
    "number": 20450171844711,
    "dateTime": {
      "date": {
        "year": 2019,
        "month": 10,
        "day": 16
      },
      "time": {
        "hour": 11,
        "minute": 3,
        "second": 6,
        "nano": 0
      }
    },
    "citySender": "Новояворівськ",
    "cityRecipient": "Київ"
  },
  {
    "number": 20450171844712,
    "dateTime": {
      "date": {
        "year": 2019,
        "month": 10,
        "day": 16
      },
      "time": {
        "hour": 17,
        "minute": 43,
        "second": 7,
        "nano": 0
      }
    },
    "citySender": "Запоріжжя",
    "cityRecipient": "Харків"
  },
  {
    "number": 20450171844713,
    "dateTime": {
      "date": {
        "year": 2019,
        "month": 10,
        "day": 16
      },
      "time": {
        "hour": 16,
        "minute": 31,
        "second": 13,
        "nano": 0
      }
    },
    "citySender": "Дніпро",
    "cityRecipient": "Вінниця"
  },
  {
    "number": 20450171844714,
    "dateTime": {
      "date": {
        "year": 2019,
        "month": 10,
        "day": 16
      },
      "time": {
        "hour": 15,
        "minute": 38,
        "second": 2,
        "nano": 0
      }
    },
    "citySender": "Авангард",
    "cityRecipient": "Одеса"
  },
  {
    "number": 20450171844715,
    "dateTime": {
      "date": {
        "year": 2019,
        "month": 10,
        "day": 16
      },
      "time": {
        "hour": 17,
        "minute": 58,
        "second": 2,
        "nano": 0
      }
    },
    "citySender": "Кропивницький",
    "cityRecipient": "Київ"
  },
  {
    "number": 20450171844716,
    "dateTime": {
      "date": {
        "year": 2019,
        "month": 10,
        "day": 16
      },
      "time": {
        "hour": 12,
        "minute": 0,
        "second": 33,
        "nano": 0
      }
    },
    "citySender": "Селидове",
    "cityRecipient": "Хмельницький"
  },
  {
    "number": 20450171844717,
    "dateTime": {
      "date": {
        "year": 2019,
        "month": 10,
        "day": 16
      },
      "time": {
        "hour": 9,
        "minute": 4,
        "second": 18,
        "nano": 0
      }
    },
    "citySender": "Берестечко",
    "cityRecipient": "Глухів (Сумська обл.)"
  },
  {
    "number": 20450171844718,
    "dateTime": {
      "date": {
        "year": 2019,
        "month": 10,
        "day": 16
      },
      "time": {
        "hour": 15,
        "minute": 38,
        "second": 2,
        "nano": 0
      }
    },
    "citySender": "Авангард",
    "cityRecipient": "Одеса"
  },
  {
    "number": 20450171844720,
    "dateTime": {
      "date": {
        "year": 2019,
        "month": 10,
        "day": 16
      },
      "time": {
        "hour": 14,
        "minute": 25,
        "second": 25,
        "nano": 0
      }
    },
    "citySender": "Луцьк",
    "cityRecipient": "Овідіополь"
  },
  {
    "number": 20450171844721,
    "dateTime": {
      "date": {
        "year": 2019,
        "month": 10,
        "day": 16
      },
      "time": {
        "hour": 8,
        "minute": 43,
        "second": 26,
        "nano": 0
      }
    },
    "citySender": "Київ",
    "cityRecipient": "Краковець"
  },
  {
    "number": 20450171844722,
    "dateTime": {
      "date": {
        "year": 2019,
        "month": 10,
        "day": 16
      },
      "time": {
        "hour": 14,
        "minute": 54,
        "second": 51,
        "nano": 0
      }
    },
    "citySender": "Червоноград (Львівська обл.)",
    "cityRecipient": "Лубни"
  },
  {
    "number": 20450171844723,
    "dateTime": {
      "date": {
        "year": 2019,
        "month": 10,
        "day": 16
      },
      "time": {
        "hour": 14,
        "minute": 42,
        "second": 24,
        "nano": 0
      }
    },
    "citySender": "Херсон",
    "cityRecipient": "Тернопіль"
  },
  {
    "number": 20450171844724,
    "dateTime": {
      "date": {
        "year": 2019,
        "month": 10,
        "day": 16
      },
      "time": {
        "hour": 13,
        "minute": 12,
        "second": 24,
        "nano": 0
      }
    },
    "citySender": "Луцьк",
    "cityRecipient": "Київ"
  },
  {
    "number": 20450171844726,
    "dateTime": {
      "date": {
        "year": 2019,
        "month": 10,
        "day": 16
      },
      "time": {
        "hour": 12,
        "minute": 29,
        "second": 8,
        "nano": 0
      }
    },
    "citySender": "Мішково-Погорілове",
    "cityRecipient": "Дніпро"
  },
  {
    "number": 20450171844727,
    "dateTime": {
      "date": {
        "year": 2019,
        "month": 10,
        "day": 16
      },
      "time": {
        "hour": 17,
        "minute": 48,
        "second": 56,
        "nano": 0
      }
    },
    "citySender": "Копайгород",
    "cityRecipient": "Цекинівка"
  },
  {
    "number": 20450171844729,
    "dateTime": {
      "date": {
        "year": 2019,
        "month": 10,
        "day": 16
      },
      "time": {
        "hour": 16,
        "minute": 25,
        "second": 31,
        "nano": 0
      }
    },
    "citySender": "Київ",
    "cityRecipient": "Степанівка (Вінницька обл.)"
  },
  {
    "number": 20450171844730,
    "dateTime": {
      "date": {
        "year": 2019,
        "month": 10,
        "day": 16
      },
      "time": {
        "hour": 15,
        "minute": 36,
        "second": 47,
        "nano": 0
      }
    },
    "citySender": "Одеса",
    "cityRecipient": "Нетішин"
  },
  {
    "number": 20450171844732,
    "dateTime": {
      "date": {
        "year": 2019,
        "month": 10,
        "day": 16
      },
      "time": {
        "hour": 16,
        "minute": 25,
        "second": 31,
        "nano": 0
      }
    },
    "citySender": "Червоноград (Львівська обл.)",
    "cityRecipient": "Золочів (Львівська обл.)"
  },
  {
    "number": 20450171844733,
    "dateTime": {
      "date": {
        "year": 2019,
        "month": 10,
        "day": 16
      },
      "time": {
        "hour": 14,
        "minute": 1,
        "second": 51,
        "nano": 0
      }
    },
    "citySender": "Львів",
    "cityRecipient": "Нетішин"
  },
  {
    "number": 20450171844734,
    "dateTime": {
      "date": {
        "year": 2019,
        "month": 10,
        "day": 16
      },
      "time": {
        "hour": 9,
        "minute": 2,
        "second": 59,
        "nano": 0
      }
    },
    "citySender": "Полтава",
    "cityRecipient": "Нікополь (Дніпропетровська обл.)"
  },
  {
    "number": 20450171844735,
    "dateTime": {
      "date": {
        "year": 2019,
        "month": 10,
        "day": 16
      },
      "time": {
        "hour": 19,
        "minute": 11,
        "second": 7,
        "nano": 0
      }
    },
    "citySender": "Київ",
    "cityRecipient": "Житомир"
  },
  {
    "number": 20450171844737,
    "dateTime": {
      "date": {
        "year": 2019,
        "month": 10,
        "day": 16
      },
      "time": {
        "hour": 13,
        "minute": 47,
        "second": 12,
        "nano": 0
      }
    },
    "citySender": "Пісочин",
    "cityRecipient": "Білозерське (Донецька обл.)"
  },
  {
    "number": 20450171844738,
    "dateTime": {
      "date": {
        "year": 2019,
        "month": 10,
        "day": 16
      },
      "time": {
        "hour": 11,
        "minute": 7,
        "second": 35,
        "nano": 0
      }
    },
    "citySender": "Кременчук",
    "cityRecipient": "Оратів"
  },
  {
    "number": 20450171844739,
    "dateTime": {
      "date": {
        "year": 2019,
        "month": 10,
        "day": 16
      },
      "time": {
        "hour": 12,
        "minute": 19,
        "second": 16,
        "nano": 0
      }
    },
    "citySender": "Угринів (Тисменицький р-н., Івано-Франк. обл.)",
    "cityRecipient": "Хмельницький"
  },
  {
    "number": 20450171844740,
    "dateTime": {
      "date": {
        "year": 2019,
        "month": 10,
        "day": 16
      },
      "time": {
        "hour": 11,
        "minute": 38,
        "second": 54,
        "nano": 0
      }
    },
    "citySender": "Приморськ (Запорізька обл.)",
    "cityRecipient": "Липова Долина"
  },
  {
    "number": 20450171844741,
    "dateTime": {
      "date": {
        "year": 2019,
        "month": 10,
        "day": 16
      },
      "time": {
        "hour": 12,
        "minute": 33,
        "second": 32,
        "nano": 0
      }
    },
    "citySender": "Мішково-Погорілове",
    "cityRecipient": "Одеса"
  },
  {
    "number": 20450171844742,
    "dateTime": {
      "date": {
        "year": 2019,
        "month": 10,
        "day": 16
      },
      "time": {
        "hour": 16,
        "minute": 21,
        "second": 39,
        "nano": 0
      }
    },
    "citySender": "Тернопіль",
    "cityRecipient": "Дніпро"
  },
  {
    "number": 20450171844743,
    "dateTime": {
      "date": {
        "year": 2019,
        "month": 10,
        "day": 16
      },
      "time": {
        "hour": 16,
        "minute": 35,
        "second": 35,
        "nano": 0
      }
    },
    "citySender": "Запоріжжя",
    "cityRecipient": "Короп"
  },
  {
    "number": 20450171844744,
    "dateTime": {
      "date": {
        "year": 2019,
        "month": 10,
        "day": 16
      },
      "time": {
        "hour": 18,
        "minute": 16,
        "second": 22,
        "nano": 0
      }
    },
    "citySender": "Новоселиця",
    "cityRecipient": "Овідіополь"
  },
  {
    "number": 20450171844745,
    "dateTime": {
      "date": {
        "year": 2019,
        "month": 10,
        "day": 16
      },
      "time": {
        "hour": 16,
        "minute": 8,
        "second": 51,
        "nano": 0
      }
    },
    "citySender": "Івано-Франківськ",
    "cityRecipient": "Українка"
  },
  {
    "number": 20450171844746,
    "dateTime": {
      "date": {
        "year": 2019,
        "month": 10,
        "day": 16
      },
      "time": {
        "hour": 10,
        "minute": 2,
        "second": 13,
        "nano": 0
      }
    },
    "citySender": "Куликів",
    "cityRecipient": "Калуш"
  },
  {
    "number": 20450171844747,
    "dateTime": {
      "date": {
        "year": 2019,
        "month": 10,
        "day": 16
      },
      "time": {
        "hour": 13,
        "minute": 21,
        "second": 47,
        "nano": 0
      }
    },
    "citySender": "Харків",
    "cityRecipient": "Солоне"
  },
  {
    "number": 20450171844748,
    "dateTime": {
      "date": {
        "year": 2019,
        "month": 10,
        "day": 16
      },
      "time": {
        "hour": 17,
        "minute": 28,
        "second": 44,
        "nano": 0
      }
    },
    "citySender": "Житомир",
    "cityRecipient": "Тульчин"
  },
  {
    "number": 20450171844749,
    "dateTime": {
      "date": {
        "year": 2019,
        "month": 10,
        "day": 16
      },
      "time": {
        "hour": 12,
        "minute": 39,
        "second": 7,
        "nano": 0
      }
    },
    "citySender": "Новий Буг",
    "cityRecipient": "Одеса"
  },
  {
    "number": 20450171844750,
    "dateTime": {
      "date": {
        "year": 2019,
        "month": 10,
        "day": 16
      },
      "time": {
        "hour": 12,
        "minute": 35,
        "second": 9,
        "nano": 0
      }
    },
    "citySender": "Одеса",
    "cityRecipient": "Марганець"
  },
  {
    "number": 20450171844751,
    "dateTime": {
      "date": {
        "year": 2019,
        "month": 10,
        "day": 16
      },
      "time": {
        "hour": 11,
        "minute": 47,
        "second": 4,
        "nano": 0
      }
    },
    "citySender": "Харків",
    "cityRecipient": "Городок (Хмельницька обл.)"
  },
  {
    "number": 20450171844752,
    "dateTime": {
      "date": {
        "year": 2019,
        "month": 10,
        "day": 16
      },
      "time": {
        "hour": 16,
        "minute": 9,
        "second": 45,
        "nano": 0
      }
    },
    "citySender": "Вінниця",
    "cityRecipient": "Черкаси"
  },
  {
    "number": 20450171844753,
    "dateTime": {
      "date": {
        "year": 2019,
        "month": 10,
        "day": 16
      },
      "time": {
        "hour": 11,
        "minute": 45,
        "second": 48,
        "nano": 0
      }
    },
    "citySender": "Карлівка",
    "cityRecipient": "Братське"
  },
  {
    "number": 20450171844754,
    "dateTime": {
      "date": {
        "year": 2019,
        "month": 10,
        "day": 16
      },
      "time": {
        "hour": 9,
        "minute": 43,
        "second": 37,
        "nano": 0
      }
    },
    "citySender": "Харків",
    "cityRecipient": "Тернівка"
  },
  {
    "number": 20450171844756,
    "dateTime": {
      "date": {
        "year": 2019,
        "month": 10,
        "day": 16
      },
      "time": {
        "hour": 21,
        "minute": 20,
        "second": 17,
        "nano": 0
      }
    },
    "citySender": "Київ",
    "cityRecipient": "Мукачево"
  },
  {
    "number": 20450171844757,
    "dateTime": {
      "date": {
        "year": 2019,
        "month": 10,
        "day": 16
      },
      "time": {
        "hour": 14,
        "minute": 47,
        "second": 19,
        "nano": 0
      }
    },
    "citySender": "Одеса",
    "cityRecipient": "Харків"
  },
  {
    "number": 20450171844758,
    "dateTime": {
      "date": {
        "year": 2019,
        "month": 10,
        "day": 16
      },
      "time": {
        "hour": 16,
        "minute": 54,
        "second": 40,
        "nano": 0
      }
    },
    "citySender": "Вінниця",
    "cityRecipient": "Львів"
  },
  {
    "number": 20450171844759,
    "dateTime": {
      "date": {
        "year": 2019,
        "month": 10,
        "day": 16
      },
      "time": {
        "hour": 15,
        "minute": 3,
        "second": 43,
        "nano": 0
      }
    },
    "citySender": "Київ",
    "cityRecipient": "Київ"
  },
  {
    "number": 20450171844760,
    "dateTime": {
      "date": {
        "year": 2019,
        "month": 10,
        "day": 16
      },
      "time": {
        "hour": 13,
        "minute": 53,
        "second": 8,
        "nano": 0
      }
    },
    "citySender": "Балки (Запорізька обл.)",
    "cityRecipient": "Богуслав (Київська обл.)"
  },
  {
    "number": 20450171844761,
    "dateTime": {
      "date": {
        "year": 2019,
        "month": 10,
        "day": 16
      },
      "time": {
        "hour": 8,
        "minute": 36,
        "second": 43,
        "nano": 0
      }
    },
    "citySender": "Київ",
    "cityRecipient": "Львів"
  },
  {
    "number": 20450171844762,
    "dateTime": {
      "date": {
        "year": 2019,
        "month": 10,
        "day": 16
      },
      "time": {
        "hour": 12,
        "minute": 29,
        "second": 8,
        "nano": 0
      }
    },
    "citySender": "Мішково-Погорілове",
    "cityRecipient": "Вишневе"
  },
  {
    "number": 20450171844765,
    "dateTime": {
      "date": {
        "year": 2019,
        "month": 10,
        "day": 16
      },
      "time": {
        "hour": 10,
        "minute": 51,
        "second": 47,
        "nano": 0
      }
    },
    "citySender": "Нікополь (Дніпропетровська обл.)",
    "cityRecipient": "Чоп"
  },
  {
    "number": 20450171844766,
    "dateTime": {
      "date": {
        "year": 2019,
        "month": 10,
        "day": 16
      },
      "time": {
        "hour": 11,
        "minute": 44,
        "second": 32,
        "nano": 0
      }
    },
    "citySender": "Курахове",
    "cityRecipient": "Київ"
  },
  {
    "number": 20450171844767,
    "dateTime": {
      "date": {
        "year": 2019,
        "month": 10,
        "day": 16
      },
      "time": {
        "hour": 8,
        "minute": 36,
        "second": 41,
        "nano": 0
      }
    },
    "citySender": "Полтава",
    "cityRecipient": "Петрове (Петрівський р-н., Кіровоградська обл)"
  },
  {
    "number": 20450171844769,
    "dateTime": {
      "date": {
        "year": 2019,
        "month": 10,
        "day": 16
      },
      "time": {
        "hour": 9,
        "minute": 46,
        "second": 5,
        "nano": 0
      }
    },
    "citySender": "Ржищів",
    "cityRecipient": "Кременчук"
  },
  {
    "number": 20450171844770,
    "dateTime": {
      "date": {
        "year": 2019,
        "month": 10,
        "day": 16
      },
      "time": {
        "hour": 11,
        "minute": 24,
        "second": 58,
        "nano": 0
      }
    },
    "citySender": "Тернопіль",
    "cityRecipient": "Київ"
  },
  {
    "number": 20450171844771,
    "dateTime": {
      "date": {
        "year": 2019,
        "month": 10,
        "day": 16
      },
      "time": {
        "hour": 17,
        "minute": 43,
        "second": 31,
        "nano": 0
      }
    },
    "citySender": "Харків",
    "cityRecipient": "Дніпро"
  },
  {
    "number": 20450171844772,
    "dateTime": {
      "date": {
        "year": 2019,
        "month": 10,
        "day": 16
      },
      "time": {
        "hour": 15,
        "minute": 50,
        "second": 38,
        "nano": 0
      }
    },
    "citySender": "Ніжин",
    "cityRecipient": "Львів"
  },
  {
    "number": 20450171844773,
    "dateTime": {
      "date": {
        "year": 2019,
        "month": 10,
        "day": 16
      },
      "time": {
        "hour": 9,
        "minute": 29,
        "second": 31,
        "nano": 0
      }
    },
    "citySender": "Маріуполь",
    "cityRecipient": "Київ"
  },
  {
    "number": 20450171844774,
    "dateTime": {
      "date": {
        "year": 2019,
        "month": 10,
        "day": 16
      },
      "time": {
        "hour": 11,
        "minute": 53,
        "second": 8,
        "nano": 0
      }
    },
    "citySender": "Карлівка",
    "cityRecipient": "Рівне"
  },
  {
    "number": 20450171844775,
    "dateTime": {
      "date": {
        "year": 2019,
        "month": 10,
        "day": 16
      },
      "time": {
        "hour": 15,
        "minute": 40,
        "second": 44,
        "nano": 0
      }
    },
    "citySender": "Ілічанка",
    "cityRecipient": "Херсон"
  },
  {
    "number": 20450171844777,
    "dateTime": {
      "date": {
        "year": 2019,
        "month": 10,
        "day": 16
      },
      "time": {
        "hour": 17,
        "minute": 36,
        "second": 2,
        "nano": 0
      }
    },
    "citySender": "Львів",
    "cityRecipient": "Одеса"
  },
  {
    "number": 20450171844778,
    "dateTime": {
      "date": {
        "year": 2019,
        "month": 10,
        "day": 16
      },
      "time": {
        "hour": 9,
        "minute": 57,
        "second": 25,
        "nano": 0
      }
    },
    "citySender": "Кам\u0027янець-Подільський",
    "cityRecipient": "Одеса"
  },
  {
    "number": 20450171844779,
    "dateTime": {
      "date": {
        "year": 2019,
        "month": 10,
        "day": 16
      },
      "time": {
        "hour": 15,
        "minute": 26,
        "second": 9,
        "nano": 0
      }
    },
    "citySender": "Вишневе",
    "cityRecipient": "Харків"
  },
  {
    "number": 20450171844781,
    "dateTime": {
      "date": {
        "year": 2019,
        "month": 10,
        "day": 16
      },
      "time": {
        "hour": 9,
        "minute": 28,
        "second": 6,
        "nano": 0
      }
    },
    "citySender": "Сміла",
    "cityRecipient": "Винники"
  },
  {
    "number": 20450171844783,
    "dateTime": {
      "date": {
        "year": 2019,
        "month": 10,
        "day": 16
      },
      "time": {
        "hour": 17,
        "minute": 44,
        "second": 40,
        "nano": 0
      }
    },
    "citySender": "Васильків",
    "cityRecipient": "Одеса"
  },
  {
    "number": 20450171844784,
    "dateTime": {
      "date": {
        "year": 2019,
        "month": 10,
        "day": 16
      },
      "time": {
        "hour": 15,
        "minute": 15,
        "second": 13,
        "nano": 0
      }
    },
    "citySender": "Бровари",
    "cityRecipient": "Київ"
  },
  {
    "number": 20450171844785,
    "dateTime": {
      "date": {
        "year": 2019,
        "month": 10,
        "day": 16
      },
      "time": {
        "hour": 12,
        "minute": 28,
        "second": 59,
        "nano": 0
      }
    },
    "citySender": "Одеса",
    "cityRecipient": "Бобровиця"
  },
  {
    "number": 20450171844786,
    "dateTime": {
      "date": {
        "year": 2019,
        "month": 10,
        "day": 16
      },
      "time": {
        "hour": 17,
        "minute": 3,
        "second": 51,
        "nano": 0
      }
    },
    "citySender": "Бородянка",
    "cityRecipient": "Рівне"
  }
]