[
  {
    "number": 20450171843192,
    "dateTime": {
      "date": {
        "year": 2019,
        "month": 10,
        "day": 16
      },
      "time": {
        "hour": 9,
        "minute": 25,
        "second": 52,
        "nano": 0
      }
    },
    "citySender": "Житомир",
    "cityRecipient": "Харків"
  },
  {
    "number": 20450171843193,
    "dateTime": {
      "date": {
        "year": 2019,
        "month": 10,
        "day": 16
      },
      "time": {
        "hour": 11,
        "minute": 44,
        "second": 4,
        "nano": 0
      }
    },
    "citySender": "Енергодар",
    "cityRecipient": "Дніпрорудне"
  },
  {
    "number": 20450171843194,
    "dateTime": {
      "date": {
        "year": 2019,
        "month": 10,
        "day": 16
      },
      "time": {
        "hour": 13,
        "minute": 55,
        "second": 5,
        "nano": 0
      }
    },
    "citySender": "Рівне",
    "cityRecipient": "Київ"
  },
  {
    "number": 20450171843195,
    "dateTime": {
      "date": {
        "year": 2019,
        "month": 10,
        "day": 16
      },
      "time": {
        "hour": 10,
        "minute": 15,
        "second": 6,
        "nano": 0
      }
    },
    "citySender": "Рівне",
    "cityRecipient": "Кривий Ріг"
  },
  {
    "number": 20450171843197,
    "dateTime": {
      "date": {
        "year": 2019,
        "month": 10,
        "day": 16
      },
      "time": {
        "hour": 9,
        "minute": 55,
        "second": 51,
        "nano": 0
      }
    },
    "citySender": "Сколе",
    "cityRecipient": "Миколаїв"
  },
  {
    "number": 20450171843198,
    "dateTime": {
      "date": {
        "year": 2019,
        "month": 10,
        "day": 16
      },
      "time": {
        "hour": 16,
        "minute": 43,
        "second": 45,
        "nano": 0
      }
    },
    "citySender": "Здолбунів",
    "cityRecipient": "Воловець"
  },
  {
    "number": 20450171843199,
    "dateTime": {
      "date": {
        "year": 2019,
        "month": 10,
        "day": 16
      },
      "time": {
        "hour": 8,
        "minute": 4,
        "second": 57,
        "nano": 0
      }
    },
    "citySender": "Черкаси",
    "cityRecipient": "П\u0027ятихатки"
  },
  {
    "number": 20450171843200,
    "dateTime": {
      "date": {
        "year": 2019,
        "month": 10,
        "day": 16
      },
      "time": {
        "hour": 11,
        "minute": 1,
        "second": 36,
        "nano": 0
      }
    },
    "citySender": "Київ",
    "cityRecipient": "Одеса"
  },
  {
    "number": 20450171843201,
    "dateTime": {
      "date": {
        "year": 2019,
        "month": 10,
        "day": 16
      },
      "time": {
        "hour": 14,
        "minute": 44,
        "second": 40,
        "nano": 0
      }
    },
    "citySender": "Умань",
    "cityRecipient": "Клішківці"
  },
  {
    "number": 20450171843203,
    "dateTime": {
      "date": {
        "year": 2019,
        "month": 10,
        "day": 16
      },
      "time": {
        "hour": 15,
        "minute": 54,
        "second": 39,
        "nano": 0
      }
    },
    "citySender": "Боярка",
    "cityRecipient": "Херсон"
  },
  {
    "number": 20450171843204,
    "dateTime": {
      "date": {
        "year": 2019,
        "month": 10,
        "day": 16
      },
      "time": {
        "hour": 15,
        "minute": 41,
        "second": 0,
        "nano": 0
      }
    },
    "citySender": "Одеса",
    "cityRecipient": "Вінниця"
  },
  {
    "number": 20450171843205,
    "dateTime": {
      "date": {
        "year": 2019,
        "month": 10,
        "day": 16
      },
      "time": {
        "hour": 10,
        "minute": 55,
        "second": 25,
        "nano": 0
      }
    },
    "citySender": "Копайгород",
    "cityRecipient": "Київ"
  },
  {
    "number": 20450171843206,
    "dateTime": {
      "date": {
        "year": 2019,
        "month": 10,
        "day": 16
      },
      "time": {
        "hour": 8,
        "minute": 25,
        "second": 39,
        "nano": 0
      }
    },
    "citySender": "Новий Розділ",
    "cityRecipient": "Харків"
  },
  {
    "number": 20450171843207,
    "dateTime": {
      "date": {
        "year": 2019,
        "month": 10,
        "day": 16
      },
      "time": {
        "hour": 18,
        "minute": 8,
        "second": 40,
        "nano": 0
      }
    },
    "citySender": "Слобожанське(Зміївський р-н., Харківська обл.)",
    "cityRecipient": "Харків"
  },
  {
    "number": 20450171843208,
    "dateTime": {
      "date": {
        "year": 2019,
        "month": 10,
        "day": 16
      },
      "time": {
        "hour": 14,
        "minute": 13,
        "second": 36,
        "nano": 0
      }
    },
    "citySender": "Запоріжжя",
    "cityRecipient": "Токарі"
  },
  {
    "number": 20450171843209,
    "dateTime": {
      "date": {
        "year": 2019,
        "month": 10,
        "day": 16
      },
      "time": {
        "hour": 17,
        "minute": 46,
        "second": 53,
        "nano": 0
      }
    },
    "citySender": "Рівне",
    "cityRecipient": "Циркуни"
  },
  {
    "number": 20450171843210,
    "dateTime": {
      "date": {
        "year": 2019,
        "month": 10,
        "day": 16
      },
      "time": {
        "hour": 10,
        "minute": 18,
        "second": 23,
        "nano": 0
      }
    },
    "citySender": "Хуст",
    "cityRecipient": "Дніпро"
  },
  {
    "number": 20450171843211,
    "dateTime": {
      "date": {
        "year": 2019,
        "month": 10,
        "day": 16
      },
      "time": {
        "hour": 15,
        "minute": 26,
        "second": 11,
        "nano": 0
      }
    },
    "citySender": "Прилуки",
    "cityRecipient": "Івано-Франківськ"
  },
  {
    "number": 20450171843212,
    "dateTime": {
      "date": {
        "year": 2019,
        "month": 10,
        "day": 16
      },
      "time": {
        "hour": 10,
        "minute": 53,
        "second": 25,
        "nano": 0
      }
    },
    "citySender": "Копайгород",
    "cityRecipient": "Бородянка"
  },
  {
    "number": 20450171843213,
    "dateTime": {
      "date": {
        "year": 2019,
        "month": 10,
        "day": 16
      },
      "time": {
        "hour": 14,
        "minute": 32,
        "second": 2,
        "nano": 0
      }
    },
    "citySender": "Харків",
    "cityRecipient": "Покотилівка"
  },
  {
    "number": 20450171843214,
    "dateTime": {
      "date": {
        "year": 2019,
        "month": 10,
        "day": 16
      },
      "time": {
        "hour": 16,
        "minute": 2,
        "second": 16,
        "nano": 0
      }
    },
    "citySender": "Мелітополь",
    "cityRecipient": "Київ"
  },
  {
    "number": 20450171843215,
    "dateTime": {
      "date": {
        "year": 2019,
        "month": 10,
        "day": 16
      },
      "time": {
        "hour": 10,
        "minute": 50,
        "second": 14,
        "nano": 0
      }
    },
    "citySender": "Бердичів",
    "cityRecipient": "Одеса"
  },
  {
    "number": 20450171843216,
    "dateTime": {
      "date": {
        "year": 2019,
        "month": 10,
        "day": 16
      },
      "time": {
        "hour": 14,
        "minute": 12,
        "second": 1,
        "nano": 0
      }
    },
    "citySender": "Житомир",
    "cityRecipient": "Кривий Ріг"
  },
  {
    "number": 20450171843217,
    "dateTime": {
      "date": {
        "year": 2019,
        "month": 10,
        "day": 16
      },
      "time": {
        "hour": 15,
        "minute": 17,
        "second": 30,
        "nano": 0
      }
    },
    "citySender": "Полтава",
    "cityRecipient": "Нікополь (Дніпропетровська обл.)"
  },
  {
    "number": 20450171843218,
    "dateTime": {
      "date": {
        "year": 2019,
        "month": 10,
        "day": 16
      },
      "time": {
        "hour": 9,
        "minute": 30,
        "second": 48,
        "nano": 0
      }
    },
    "citySender": "Івано-Франківськ",
    "cityRecipient": "Мілове"
  },
  {
    "number": 20450171843219,
    "dateTime": {
      "date": {
        "year": 2019,
        "month": 10,
        "day": 16
      },
      "time": {
        "hour": 13,
        "minute": 5,
        "second": 21,
        "nano": 0
      }
    },
    "citySender": "Одеса",
    "cityRecipient": "Буськ"
  },
  {
    "number": 20450171843222,
    "dateTime": {
      "date": {
        "year": 2019,
        "month": 10,
        "day": 16
      },
      "time": {
        "hour": 18,
        "minute": 24,
        "second": 43,
        "nano": 0
      }
    },
    "citySender": "Київ",
    "cityRecipient": "Мар\u0027їнка"
  },
  {
    "number": 20450171843224,
    "dateTime": {
      "date": {
        "year": 2019,
        "month": 10,
        "day": 16
      },
      "time": {
        "hour": 13,
        "minute": 28,
        "second": 10,
        "nano": 0
      }
    },
    "citySender": "Київ",
    "cityRecipient": "Рівне"
  },
  {
    "number": 20450171843225,
    "dateTime": {
      "date": {
        "year": 2019,
        "month": 10,
        "day": 16
      },
      "time": {
        "hour": 12,
        "minute": 29,
        "second": 2,
        "nano": 0
      }
    },
    "citySender": "Мішково-Погорілове",
    "cityRecipient": "Київ"
  },
  {
    "number": 20450171843226,
    "dateTime": {
      "date": {
        "year": 2019,
        "month": 10,
        "day": 16
      },
      "time": {
        "hour": 9,
        "minute": 14,
        "second": 39,
        "nano": 0
      }
    },
    "citySender": "Київ",
    "cityRecipient": "Івано-Франківськ"
  },
  {
    "number": 20450171843227,
    "dateTime": {
      "date": {
        "year": 2019,
        "month": 10,
        "day": 16
      },
      "time": {
        "hour": 16,
        "minute": 35,
        "second": 33,
        "nano": 0
      }
    },
    "citySender": "Харків",
    "cityRecipient": "Львів"
  },
  {
    "number": 20450171843228,
    "dateTime": {
      "date": {
        "year": 2019,
        "month": 10,
        "day": 16
      },
      "time": {
        "hour": 8,
        "minute": 57,
        "second": 12,
        "nano": 0
      }
    },
    "citySender": "Київ",
    "cityRecipient": "Київ"
  },
  {
    "number": 20450171843229,
    "dateTime": {
      "date": {
        "year": 2019,
        "month": 10,
        "day": 16
      },
      "time": {
        "hour": 11,
        "minute": 50,
        "second": 16,
        "nano": 0
      }
    },
    "citySender": "Київ",
    "cityRecipient": "Умань"
  },
  {
    "number": 20450171843231,
    "dateTime": {
      "date": {
        "year": 2019,
        "month": 10,
        "day": 16
      },
      "time": {
        "hour": 8,
        "minute": 59,
        "second": 59,
        "nano": 0
      }
    },
    "citySender": "Ватутіне",
    "cityRecipient": "Бородянка"
  },
  {
    "number": 20450171843232,
    "dateTime": {
      "date": {
        "year": 2019,
        "month": 10,
        "day": 16
      },
      "time": {
        "hour": 12,
        "minute": 12,
        "second": 52,
        "nano": 0
      }
    },
    "citySender": "Львів",
    "cityRecipient": "Кам\u0027янець-Подільський"
  },
  {
    "number": 20450171843234,
    "dateTime": {
      "date": {
        "year": 2019,
        "month": 10,
        "day": 16
      },
      "time": {
        "hour": 14,
        "minute": 8,
        "second": 29,
        "nano": 0
      }
    },
    "citySender": "Одеса",
    "cityRecipient": "Суворове"
  },
  {
    "number": 20450171843235,
    "dateTime": {
      "date": {
        "year": 2019,
        "month": 10,
        "day": 16
      },
      "time": {
        "hour": 18,
        "minute": 6,
        "second": 54,
        "nano": 0
      }
    },
    "citySender": "Горішні Плавні",
    "cityRecipient": "Білокуракине"
  },
  {
    "number": 20450171843236,
    "dateTime": {
      "date": {
        "year": 2019,
        "month": 10,
        "day": 16
      },
      "time": {
        "hour": 8,
        "minute": 33,
        "second": 20,
        "nano": 0
      }
    },
    "citySender": "Київ",
    "cityRecipient": "Стрий"
  },
  {
    "number": 20450171843238,
    "dateTime": {
      "date": {
        "year": 2019,
        "month": 10,
        "day": 16
      },
      "time": {
        "hour": 15,
        "minute": 25,
        "second": 13,
        "nano": 0
      }
    },
    "citySender": "Дрогобич",
    "cityRecipient": "Городище (Черкаська обл.)"
  },
  {
    "number": 20450171843239,
    "dateTime": {
      "date": {
        "year": 2019,
        "month": 10,
        "day": 16
      },
      "time": {
        "hour": 12,
        "minute": 56,
        "second": 57,
        "nano": 0
      }
    },
    "citySender": "Озерна",
    "cityRecipient": "Обухів"
  },
  {
    "number": 20450171843240,
    "dateTime": {
      "date": {
        "year": 2019,
        "month": 10,
        "day": 16
      },
      "time": {
        "hour": 10,
        "minute": 51,
        "second": 46,
        "nano": 0
      }
    },
    "citySender": "Рівне",
    "cityRecipient": "Клевань"
  },
  {
    "number": 20450171843241,
    "dateTime": {
      "date": {
        "year": 2019,
        "month": 10,
        "day": 16
      },
      "time": {
        "hour": 15,
        "minute": 28,
        "second": 30,
        "nano": 0
      }
    },
    "citySender": "Одеса",
    "cityRecipient": "Київ"
  },
  {
    "number": 20450171843243,
    "dateTime": {
      "date": {
        "year": 2019,
        "month": 10,
        "day": 16
      },
      "time": {
        "hour": 11,
        "minute": 43,
        "second": 35,
        "nano": 0
      }
    },
    "citySender": "Карлівка",
    "cityRecipient": "Павлоград"
  },
  {
    "number": 20450171843244,
    "dateTime": {
      "date": {
        "year": 2019,
        "month": 10,
        "day": 16
      },
      "time": {
        "hour": 15,
        "minute": 45,
        "second": 10,
        "nano": 0
      }
    },
    "citySender": "Івано-Франківськ",
    "cityRecipient": "Гніздичів"
  },
  {
    "number": 20450171843245,
    "dateTime": {
      "date": {
        "year": 2019,
        "month": 10,
        "day": 16
      },
      "time": {
        "hour": 16,
        "minute": 12,
        "second": 26,
        "nano": 0
      }
    },
    "citySender": "Харків",
    "cityRecipient": "Новомосковськ"
  },
  {
    "number": 20450171843246,
    "dateTime": {
      "date": {
        "year": 2019,
        "month": 10,
        "day": 16
      },
      "time": {
        "hour": 17,
        "minute": 49,
        "second": 44,
        "nano": 0
      }
    },
    "citySender": "Київ",
    "cityRecipient": "Луцьк"
  },
  {
    "number": 20450171843248,
    "dateTime": {
      "date": {
        "year": 2019,
        "month": 10,
        "day": 16
      },
      "time": {
        "hour": 16,
        "minute": 13,
        "second": 10,
        "nano": 0
      }
    },
    "citySender": "Миколаїв",
    "cityRecipient": "Київ"
  },
  {
    "number": 20450171843249,
    "dateTime": {
      "date": {
        "year": 2019,
        "month": 10,
        "day": 16
      },
      "time": {
        "hour": 10,
        "minute": 51,
        "second": 49,
        "nano": 0
      }
    },
    "citySender": "Вінниця",
    "cityRecipient": "Хмельницький"
  },
  {
    "number": 20450171843250,
    "dateTime": {
      "date": {
        "year": 2019,
        "month": 10,
        "day": 16
      },
      "time": {
        "hour": 12,
        "minute": 29,
        "second": 2,
        "nano": 0
      }
    },
    "citySender": "Мішково-Погорілове",
    "cityRecipient": "Київ"
  },
  {
    "number": 20450171843251,
    "dateTime": {
      "date": {
        "year": 2019,
        "month": 10,
        "day": 16
      },
      "time": {
        "hour": 8,
        "minute": 54,
        "second": 53,
        "nano": 0
      }
    },
    "citySender": "Миколаїв",
    "cityRecipient": "Богуслав (Київська обл.)"
  },
  {
    "number": 20450171843252,
    "dateTime": {
      "date": {
        "year": 2019,
        "month": 10,
        "day": 16
      },
      "time": {
        "hour": 14,
        "minute": 31,
        "second": 32,
        "nano": 0
      }
    },
    "citySender": "Фастів",
    "cityRecipient": "Кривий Ріг"
  },
  {
    "number": 20450171843253,
    "dateTime": {
      "date": {
        "year": 2019,
        "month": 10,
        "day": 16
      },
      "time": {
        "hour": 16,
        "minute": 20,
        "second": 47,
        "nano": 0
      }
    },
    "citySender": "Вінниця",
    "cityRecipient": "Кам\u0027янське(Дніпропетровська обл)"
  },
  {
    "number": 20450171843254,
    "dateTime": {
      "date": {
        "year": 2019,
        "month": 10,
        "day": 16
      },
      "time": {
        "hour": 15,
        "minute": 49,
        "second": 55,
        "nano": 0
      }
    },
    "citySender": "Білгород-Дністровський",
    "cityRecipient": "Чорноморськ"
  },
  {
    "number": 20450171843255,
    "dateTime": {
      "date": {
        "year": 2019,
        "month": 10,
        "day": 16
      },
      "time": {
        "hour": 11,
        "minute": 32,
        "second": 11,
        "nano": 0
      }
    },
    "citySender": "Куп\u0027янськ-Вузловий",
    "cityRecipient": "Кременчук"
  },
  {
    "number": 20450171843256,
    "dateTime": {
      "date": {
        "year": 2019,
        "month": 10,
        "day": 16
      },
      "time": {
        "hour": 12,
        "minute": 15,
        "second": 2,
        "nano": 0
      }
    },
    "citySender": "Київ",
    "cityRecipient": "Клевань"
  },
  {
    "number": 20450171843257,
    "dateTime": {
      "date": {
        "year": 2019,
        "month": 10,
        "day": 16
      },
      "time": {
        "hour": 10,
        "minute": 41,
        "second": 49,
        "nano": 0
      }
    },
    "citySender": "Маріуполь",
    "cityRecipient": "Глухів (Сумська обл.)"
  },
  {
    "number": 20450171843258,
    "dateTime": {
      "date": {
        "year": 2019,
        "month": 10,
        "day": 16
      },
      "time": {
        "hour": 7,
        "minute": 56,
        "second": 0,
        "nano": 0
      }
    },
    "citySender": "Сахновщина (Харківська обл.)",
    "cityRecipient": "Товсте"
  },
  {
    "number": 20450171843260,
    "dateTime": {
      "date": {
        "year": 2019,
        "month": 10,
        "day": 16
      },
      "time": {
        "hour": 13,
        "minute": 51,
        "second": 9,
        "nano": 0
      }
    },
    "citySender": "Одеса",
    "cityRecipient": "Бородянка"
  },
  {
    "number": 20450171843261,
    "dateTime": {
      "date": {
        "year": 2019,
        "month": 10,
        "day": 16
      },
      "time": {
        "hour": 15,
        "minute": 47,
        "second": 33,
        "nano": 0
      }
    },
    "citySender": "Одеса",
    "cityRecipient": "Южноукраїнськ"
  },
  {
    "number": 20450171843262,
    "dateTime": {
      "date": {
        "year": 2019,
        "month": 10,
        "day": 16
      },
      "time": {
        "hour": 11,
        "minute": 24,
        "second": 58,
        "nano": 0
      }
    },
    "citySender": "Бердянськ",
    "cityRecipient": "Миколаїв"
  },
  {
    "number": 20450171843263,
    "dateTime": {
      "date": {
        "year": 2019,
        "month": 10,
        "day": 16
      },
      "time": {
        "hour": 17,
        "minute": 11,
        "second": 22,
        "nano": 0
      }
    },
    "citySender": "Київ",
    "cityRecipient": "Оникієве"
  },
  {
    "number": 20450171843264,
    "dateTime": {
      "date": {
        "year": 2019,
        "month": 10,
        "day": 16
      },
      "time": {
        "hour": 13,
        "minute": 32,
        "second": 59,
        "nano": 0
      }
    },
    "citySender": "Калинівка (Вінницька обл., Калинівський р-н)",
    "cityRecipient": "Тернопіль"
  },
  {
    "number": 20450171843265,
    "dateTime": {
      "date": {
        "year": 2019,
        "month": 10,
        "day": 16
      },
      "time": {
        "hour": 23,
        "minute": 48,
        "second": 5,
        "nano": 0
      }
    },
    "citySender": "Дніпро",
    "cityRecipient": "Херсон"
  },
  {
    "number": 20450171843268,
    "dateTime": {
      "date": {
        "year": 2019,
        "month": 10,
        "day": 16
      },
      "time": {
        "hour": 12,
        "minute": 14,
        "second": 6,
        "nano": 0
      }
    },
    "citySender": "Харків",
    "cityRecipient": "Верхньодніпровськ"
  },
  {
    "number": 20450171843271,
    "dateTime": {
      "date": {
        "year": 2019,
        "month": 10,
        "day": 16
      },
      "time": {
        "hour": 16,
        "minute": 54,
        "second": 27,
        "nano": 0
      }
    },
    "citySender": "Харків",
    "cityRecipient": "Київ"
  },
  {
    "number": 20450171843272,
    "dateTime": {
      "date": {
        "year": 2019,
        "month": 10,
        "day": 16
      },
      "time": {
        "hour": 13,
        "minute": 30,
        "second": 47,
        "nano": 0
      }
    },
    "citySender": "Харків",
    "cityRecipient": "Миколаїв"
  },
  {
    "number": 20450171843273,
    "dateTime": {
      "date": {
        "year": 2019,
        "month": 10,
        "day": 16
      },
      "time": {
        "hour": 10,
        "minute": 28,
        "second": 25,
        "nano": 0
      }
    },
    "citySender": "Коломия",
    "cityRecipient": "Хмельницький"
  },
  {
    "number": 20450171843274,
    "dateTime": {
      "date": {
        "year": 2019,
        "month": 10,
        "day": 16
      },
      "time": {
        "hour": 14,
        "minute": 0,
        "second": 53,
        "nano": 0
      }
    },
    "citySender": "Одеса",
    "cityRecipient": "Мелітополь"
  },
  {
    "number": 20450171843275,
    "dateTime": {
      "date": {
        "year": 2019,
        "month": 10,
        "day": 16
      },
      "time": {
        "hour": 17,
        "minute": 51,
        "second": 34,
        "nano": 0
      }
    },
    "citySender": "Харків",
    "cityRecipient": "Харків"
  },
  {
    "number": 20450171843276,
    "dateTime": {
      "date": {
        "year": 2019,
        "month": 10,
        "day": 16
      },
      "time": {
        "hour": 13,
        "minute": 0,
        "second": 58,
        "nano": 0
      }
    },
    "citySender": "Любомль",
    "cityRecipient": "Миколаїв"
  },
  {
    "number": 20450171843279,
    "dateTime": {
      "date": {
        "year": 2019,
        "month": 10,
        "day": 16
      },
      "time": {
        "hour": 15,
        "minute": 52,
        "second": 40,
        "nano": 0
      }
    },
    "citySender": "Боярка",
    "cityRecipient": "Суми"
  },
  {
    "number": 20450171843280,
    "dateTime": {
      "date": {
        "year": 2019,
        "month": 10,
        "day": 16
      },
      "time": {
        "hour": 15,
        "minute": 20,
        "second": 34,
        "nano": 0
      }
    },
    "citySender": "Коломия",
    "cityRecipient": "Київ"
  },
  {
    "number": 20450171843281,
    "dateTime": {
      "date": {
        "year": 2019,
        "month": 10,
        "day": 16
      },
      "time": {
        "hour": 13,
        "minute": 46,
        "second": 48,
        "nano": 0
      }
    },
    "citySender": "Хмельницький",
    "cityRecipient": "Стрюкове"
  },
  {
    "number": 20450171843282,
    "dateTime": {
      "date": {
        "year": 2019,
        "month": 10,
        "day": 16
      },
      "time": {
        "hour": 9,
        "minute": 51,
        "second": 12,
        "nano": 0
      }
    },
    "citySender": "Бібрка",
    "cityRecipient": "Одеса"
  },
  {
    "number": 20450171843283,
    "dateTime": {
      "date": {
        "year": 2019,
        "month": 10,
        "day": 16
      },
      "time": {
        "hour": 15,
        "minute": 37,
        "second": 54,
        "nano": 0
      }
    },
    "citySender": "Авангард",
    "cityRecipient": "Дніпро"
  },
  {
    "number": 20450171843284,
    "dateTime": {
      "date": {
        "year": 2019,
        "month": 10,
        "day": 16
      },
      "time": {
        "hour": 9,
        "minute": 27,
        "second": 5,
        "nano": 0
      }
    },
    "citySender": "Запоріжжя",
    "cityRecipient": "Мукачево"
  },
  {
    "number": 20450171843285,
    "dateTime": {
      "date": {
        "year": 2019,
        "month": 10,
        "day": 16
      },
      "time": {
        "hour": 12,
        "minute": 14,
        "second": 11,
        "nano": 0
      }
    },
    "citySender": "Рівне",
    "cityRecipient": "Суми"
  },
  {
    "number": 20450171843287,
    "dateTime": {
      "date": {
        "year": 2019,
        "month": 10,
        "day": 16
      },
      "time": {
        "hour": 17,
        "minute": 3,
        "second": 49,
        "nano": 0
      }
    },
    "citySender": "Бородянка",
    "cityRecipient": "Івано-Франківськ"
  },
  {
    "number": 20450171843289,
    "dateTime": {
      "date": {
        "year": 2019,
        "month": 10,
        "day": 16
      },
      "time": {
        "hour": 12,
        "minute": 29,
        "second": 2,
        "nano": 0
      }
    },
    "citySender": "Мішково-Погорілове",
    "cityRecipient": "Київ"
  }
]