[
  {
    "number": 20450171872045,
    "dateTime": {
      "date": {
        "year": 2019,
        "month": 10,
        "day": 16
      },
      "time": {
        "hour": 14,
        "minute": 16,
        "second": 2,
        "nano": 0
      }
    },
    "citySender": "Медвеже Вушко",
    "cityRecipient": "Старокостянтинів"
  },
  {
    "number": 20450171872046,
    "dateTime": {
      "date": {
        "year": 2019,
        "month": 10,
        "day": 16
      },
      "time": {
        "hour": 19,
        "minute": 0,
        "second": 51,
        "nano": 0
      }
    },
    "citySender": "Харків",
    "cityRecipient": "Чорноморськ"
  },
  {
    "number": 20450171872048,
    "dateTime": {
      "date": {
        "year": 2019,
        "month": 10,
        "day": 16
      },
      "time": {
        "hour": 15,
        "minute": 28,
        "second": 3,
        "nano": 0
      }
    },
    "citySender": "Чернівці",
    "cityRecipient": "Енергодар"
  },
  {
    "number": 20450171872050,
    "dateTime": {
      "date": {
        "year": 2019,
        "month": 10,
        "day": 16
      },
      "time": {
        "hour": 10,
        "minute": 40,
        "second": 9,
        "nano": 0
      }
    },
    "citySender": "Рубіжне",
    "cityRecipient": "Київ"
  },
  {
    "number": 20450171872051,
    "dateTime": {
      "date": {
        "year": 2019,
        "month": 10,
        "day": 16
      },
      "time": {
        "hour": 10,
        "minute": 3,
        "second": 17,
        "nano": 0
      }
    },
    "citySender": "Львів",
    "cityRecipient": "Підволочиськ"
  },
  {
    "number": 20450171872052,
    "dateTime": {
      "date": {
        "year": 2019,
        "month": 10,
        "day": 16
      },
      "time": {
        "hour": 16,
        "minute": 54,
        "second": 10,
        "nano": 0
      }
    },
    "citySender": "Одеса",
    "cityRecipient": "Сарни"
  },
  {
    "number": 20450171872053,
    "dateTime": {
      "date": {
        "year": 2019,
        "month": 10,
        "day": 16
      },
      "time": {
        "hour": 10,
        "minute": 1,
        "second": 31,
        "nano": 0
      }
    },
    "citySender": "Одеса",
    "cityRecipient": "Львів"
  },
  {
    "number": 20450171872054,
    "dateTime": {
      "date": {
        "year": 2019,
        "month": 10,
        "day": 16
      },
      "time": {
        "hour": 14,
        "minute": 10,
        "second": 58,
        "nano": 0
      }
    },
    "citySender": "Мелітополь",
    "cityRecipient": "Ямпіль (Сумська обл.)"
  },
  {
    "number": 20450171872055,
    "dateTime": {
      "date": {
        "year": 2019,
        "month": 10,
        "day": 16
      },
      "time": {
        "hour": 12,
        "minute": 10,
        "second": 8,
        "nano": 0
      }
    },
    "citySender": "Лисичанськ",
    "cityRecipient": "Кременчук"
  },
  {
    "number": 20450171872056,
    "dateTime": {
      "date": {
        "year": 2019,
        "month": 10,
        "day": 16
      },
      "time": {
        "hour": 15,
        "minute": 30,
        "second": 10,
        "nano": 0
      }
    },
    "citySender": "Чернівці",
    "cityRecipient": "Кривий Ріг"
  },
  {
    "number": 20450171872057,
    "dateTime": {
      "date": {
        "year": 2019,
        "month": 10,
        "day": 16
      },
      "time": {
        "hour": 12,
        "minute": 14,
        "second": 3,
        "nano": 0
      }
    },
    "citySender": "Житомир",
    "cityRecipient": "Київ"
  },
  {
    "number": 20450171872058,
    "dateTime": {
      "date": {
        "year": 2019,
        "month": 10,
        "day": 16
      },
      "time": {
        "hour": 16,
        "minute": 43,
        "second": 54,
        "nano": 0
      }
    },
    "citySender": "Ірпінь",
    "cityRecipient": "Чернігів"
  },
  {
    "number": 20450171872059,
    "dateTime": {
      "date": {
        "year": 2019,
        "month": 10,
        "day": 16
      },
      "time": {
        "hour": 11,
        "minute": 12,
        "second": 31,
        "nano": 0
      }
    },
    "citySender": "Шостка",
    "cityRecipient": "Ніжиловичі"
  },
  {
    "number": 20450171872060,
    "dateTime": {
      "date": {
        "year": 2019,
        "month": 10,
        "day": 16
      },
      "time": {
        "hour": 16,
        "minute": 36,
        "second": 38,
        "nano": 0
      }
    },
    "citySender": "Дніпро",
    "cityRecipient": "Київ"
  },
  {
    "number": 20450171872063,
    "dateTime": {
      "date": {
        "year": 2019,
        "month": 10,
        "day": 16
      },
      "time": {
        "hour": 15,
        "minute": 33,
        "second": 22,
        "nano": 0
      }
    },
    "citySender": "Дніпро",
    "cityRecipient": "Мирноград"
  },
  {
    "number": 20450171872064,
    "dateTime": {
      "date": {
        "year": 2019,
        "month": 10,
        "day": 16
      },
      "time": {
        "hour": 10,
        "minute": 46,
        "second": 56,
        "nano": 0
      }
    },
    "citySender": "Чернівці",
    "cityRecipient": "Київ"
  },
  {
    "number": 20450171872065,
    "dateTime": {
      "date": {
        "year": 2019,
        "month": 10,
        "day": 16
      },
      "time": {
        "hour": 12,
        "minute": 0,
        "second": 27,
        "nano": 0
      }
    },
    "citySender": "Новий Розділ",
    "cityRecipient": "Одеса"
  },
  {
    "number": 20450171872066,
    "dateTime": {
      "date": {
        "year": 2019,
        "month": 10,
        "day": 16
      },
      "time": {
        "hour": 10,
        "minute": 45,
        "second": 20,
        "nano": 0
      }
    },
    "citySender": "Рівне",
    "cityRecipient": "Дубове"
  },
  {
    "number": 20450171872067,
    "dateTime": {
      "date": {
        "year": 2019,
        "month": 10,
        "day": 16
      },
      "time": {
        "hour": 21,
        "minute": 19,
        "second": 57,
        "nano": 0
      }
    },
    "citySender": "Київ",
    "cityRecipient": "Запоріжжя"
  },
  {
    "number": 20450171872068,
    "dateTime": {
      "date": {
        "year": 2019,
        "month": 10,
        "day": 16
      },
      "time": {
        "hour": 17,
        "minute": 29,
        "second": 47,
        "nano": 0
      }
    },
    "citySender": "Харків",
    "cityRecipient": "Львів"
  },
  {
    "number": 20450171872069,
    "dateTime": {
      "date": {
        "year": 2019,
        "month": 10,
        "day": 16
      },
      "time": {
        "hour": 16,
        "minute": 7,
        "second": 55,
        "nano": 0
      }
    },
    "citySender": "Київ",
    "cityRecipient": "Кам\u0027янець-Подільський"
  },
  {
    "number": 20450171872070,
    "dateTime": {
      "date": {
        "year": 2019,
        "month": 10,
        "day": 16
      },
      "time": {
        "hour": 18,
        "minute": 11,
        "second": 10,
        "nano": 0
      }
    },
    "citySender": "Бахмут",
    "cityRecipient": "Рівне"
  },
  {
    "number": 20450171872071,
    "dateTime": {
      "date": {
        "year": 2019,
        "month": 10,
        "day": 16
      },
      "time": {
        "hour": 15,
        "minute": 8,
        "second": 47,
        "nano": 0
      }
    },
    "citySender": "Ілічанка",
    "cityRecipient": "Одеса"
  },
  {
    "number": 20450171872072,
    "dateTime": {
      "date": {
        "year": 2019,
        "month": 10,
        "day": 16
      },
      "time": {
        "hour": 12,
        "minute": 18,
        "second": 28,
        "nano": 0
      }
    },
    "citySender": "Колодяжне",
    "cityRecipient": "Добропілля"
  },
  {
    "number": 20450171872073,
    "dateTime": {
      "date": {
        "year": 2019,
        "month": 10,
        "day": 16
      },
      "time": {
        "hour": 10,
        "minute": 20,
        "second": 18,
        "nano": 0
      }
    },
    "citySender": "Харків",
    "cityRecipient": "Кам\u0027янське(Дніпропетровська обл)"
  },
  {
    "number": 20450171872074,
    "dateTime": {
      "date": {
        "year": 2019,
        "month": 10,
        "day": 16
      },
      "time": {
        "hour": 16,
        "minute": 0,
        "second": 29,
        "nano": 0
      }
    },
    "citySender": "Гавришівка",
    "cityRecipient": "Київ"
  },
  {
    "number": 20450171872075,
    "dateTime": {
      "date": {
        "year": 2019,
        "month": 10,
        "day": 16
      },
      "time": {
        "hour": 14,
        "minute": 5,
        "second": 7,
        "nano": 0
      }
    },
    "citySender": "Дніпро",
    "cityRecipient": "Чернівці"
  },
  {
    "number": 20450171872076,
    "dateTime": {
      "date": {
        "year": 2019,
        "month": 10,
        "day": 16
      },
      "time": {
        "hour": 18,
        "minute": 26,
        "second": 46,
        "nano": 0
      }
    },
    "citySender": "Київ",
    "cityRecipient": "Южноукраїнськ"
  },
  {
    "number": 20450171872077,
    "dateTime": {
      "date": {
        "year": 2019,
        "month": 10,
        "day": 16
      },
      "time": {
        "hour": 17,
        "minute": 43,
        "second": 35,
        "nano": 0
      }
    },
    "citySender": "Вовчинець",
    "cityRecipient": "Маріуполь"
  },
  {
    "number": 20450171872078,
    "dateTime": {
      "date": {
        "year": 2019,
        "month": 10,
        "day": 16
      },
      "time": {
        "hour": 16,
        "minute": 50,
        "second": 15,
        "nano": 0
      }
    },
    "citySender": "Пісочин",
    "cityRecipient": "Одеса"
  },
  {
    "number": 20450171872079,
    "dateTime": {
      "date": {
        "year": 2019,
        "month": 10,
        "day": 16
      },
      "time": {
        "hour": 15,
        "minute": 2,
        "second": 50,
        "nano": 0
      }
    },
    "citySender": "Борова (Київська обл.)",
    "cityRecipient": "Кривий Ріг"
  },
  {
    "number": 20450171872080,
    "dateTime": {
      "date": {
        "year": 2019,
        "month": 10,
        "day": 16
      },
      "time": {
        "hour": 18,
        "minute": 12,
        "second": 26,
        "nano": 0
      }
    },
    "citySender": "Рівне",
    "cityRecipient": "Чумаки"
  },
  {
    "number": 20450171872081,
    "dateTime": {
      "date": {
        "year": 2019,
        "month": 10,
        "day": 16
      },
      "time": {
        "hour": 10,
        "minute": 7,
        "second": 53,
        "nano": 0
      }
    },
    "citySender": "Київ",
    "cityRecipient": "Київ"
  },
  {
    "number": 20450171872082,
    "dateTime": {
      "date": {
        "year": 2019,
        "month": 10,
        "day": 16
      },
      "time": {
        "hour": 11,
        "minute": 22,
        "second": 17,
        "nano": 0
      }
    },
    "citySender": "Краматорськ",
    "cityRecipient": "Заводське(Тернопільська обл.)"
  },
  {
    "number": 20450171872083,
    "dateTime": {
      "date": {
        "year": 2019,
        "month": 10,
        "day": 16
      },
      "time": {
        "hour": 23,
        "minute": 38,
        "second": 31,
        "nano": 0
      }
    },
    "citySender": "Запоріжжя",
    "cityRecipient": "Самбір"
  },
  {
    "number": 20450171872084,
    "dateTime": {
      "date": {
        "year": 2019,
        "month": 10,
        "day": 16
      },
      "time": {
        "hour": 17,
        "minute": 47,
        "second": 29,
        "nano": 0
      }
    },
    "citySender": "Тернопіль",
    "cityRecipient": "Тлумач"
  },
  {
    "number": 20450171872085,
    "dateTime": {
      "date": {
        "year": 2019,
        "month": 10,
        "day": 16
      },
      "time": {
        "hour": 10,
        "minute": 42,
        "second": 1,
        "nano": 0
      }
    },
    "citySender": "Нижній Вербіж",
    "cityRecipient": "Луцьк"
  },
  {
    "number": 20450171872086,
    "dateTime": {
      "date": {
        "year": 2019,
        "month": 10,
        "day": 16
      },
      "time": {
        "hour": 13,
        "minute": 50,
        "second": 17,
        "nano": 0
      }
    },
    "citySender": "Черкаси",
    "cityRecipient": "Одеса"
  },
  {
    "number": 20450171872087,
    "dateTime": {
      "date": {
        "year": 2019,
        "month": 10,
        "day": 16
      },
      "time": {
        "hour": 14,
        "minute": 35,
        "second": 10,
        "nano": 0
      }
    },
    "citySender": "Нововолинськ",
    "cityRecipient": "Вінниця"
  },
  {
    "number": 20450171872088,
    "dateTime": {
      "date": {
        "year": 2019,
        "month": 10,
        "day": 16
      },
      "time": {
        "hour": 17,
        "minute": 49,
        "second": 51,
        "nano": 0
      }
    },
    "citySender": "Київ",
    "cityRecipient": "Подільськ"
  },
  {
    "number": 20450171872089,
    "dateTime": {
      "date": {
        "year": 2019,
        "month": 10,
        "day": 16
      },
      "time": {
        "hour": 10,
        "minute": 21,
        "second": 47,
        "nano": 0
      }
    },
    "citySender": "Вінницькі Хутори",
    "cityRecipient": "Добропілля"
  },
  {
    "number": 20450171872090,
    "dateTime": {
      "date": {
        "year": 2019,
        "month": 10,
        "day": 16
      },
      "time": {
        "hour": 10,
        "minute": 21,
        "second": 26,
        "nano": 0
      }
    },
    "citySender": "Одеса",
    "cityRecipient": "Київ"
  },
  {
    "number": 20450171872092,
    "dateTime": {
      "date": {
        "year": 2019,
        "month": 10,
        "day": 16
      },
      "time": {
        "hour": 17,
        "minute": 10,
        "second": 6,
        "nano": 0
      }
    },
    "citySender": "Нова Каховка",
    "cityRecipient": "Рівне"
  },
  {
    "number": 20450171872093,
    "dateTime": {
      "date": {
        "year": 2019,
        "month": 10,
        "day": 16
      },
      "time": {
        "hour": 15,
        "minute": 8,
        "second": 1,
        "nano": 0
      }
    },
    "citySender": "Кривий Ріг",
    "cityRecipient": "Київ"
  },
  {
    "number": 20450171872094,
    "dateTime": {
      "date": {
        "year": 2019,
        "month": 10,
        "day": 16
      },
      "time": {
        "hour": 17,
        "minute": 38,
        "second": 28,
        "nano": 0
      }
    },
    "citySender": "Київ",
    "cityRecipient": "Волноваха"
  },
  {
    "number": 20450171872095,
    "dateTime": {
      "date": {
        "year": 2019,
        "month": 10,
        "day": 16
      },
      "time": {
        "hour": 16,
        "minute": 41,
        "second": 0,
        "nano": 0
      }
    },
    "citySender": "Усатове",
    "cityRecipient": "Сіверськ"
  },
  {
    "number": 20450171872096,
    "dateTime": {
      "date": {
        "year": 2019,
        "month": 10,
        "day": 16
      },
      "time": {
        "hour": 12,
        "minute": 56,
        "second": 4,
        "nano": 0
      }
    },
    "citySender": "Запоріжжя",
    "cityRecipient": "Калинівка (Березанський р-н., Миколаївська обл.)"
  },
  {
    "number": 20450171872097,
    "dateTime": {
      "date": {
        "year": 2019,
        "month": 10,
        "day": 16
      },
      "time": {
        "hour": 16,
        "minute": 29,
        "second": 58,
        "nano": 0
      }
    },
    "citySender": "Запоріжжя",
    "cityRecipient": "Миколаїв"
  },
  {
    "number": 20450171872098,
    "dateTime": {
      "date": {
        "year": 2019,
        "month": 10,
        "day": 16
      },
      "time": {
        "hour": 15,
        "minute": 5,
        "second": 30,
        "nano": 0
      }
    },
    "citySender": "Київ",
    "cityRecipient": "Роздільна (Одеська обл.)"
  },
  {
    "number": 20450171872099,
    "dateTime": {
      "date": {
        "year": 2019,
        "month": 10,
        "day": 16
      },
      "time": {
        "hour": 11,
        "minute": 4,
        "second": 44,
        "nano": 0
      }
    },
    "citySender": "Ізяслав",
    "cityRecipient": "Київ"
  },
  {
    "number": 20450171872100,
    "dateTime": {
      "date": {
        "year": 2019,
        "month": 10,
        "day": 16
      },
      "time": {
        "hour": 9,
        "minute": 48,
        "second": 21,
        "nano": 0
      }
    },
    "citySender": "Хмельницький",
    "cityRecipient": "Київ"
  },
  {
    "number": 20450171872101,
    "dateTime": {
      "date": {
        "year": 2019,
        "month": 10,
        "day": 16
      },
      "time": {
        "hour": 10,
        "minute": 40,
        "second": 44,
        "nano": 0
      }
    },
    "citySender": "Дружба (Тернопільська обл.)",
    "cityRecipient": "Харків"
  },
  {
    "number": 20450171872102,
    "dateTime": {
      "date": {
        "year": 2019,
        "month": 10,
        "day": 16
      },
      "time": {
        "hour": 14,
        "minute": 0,
        "second": 25,
        "nano": 0
      }
    },
    "citySender": "Нововолинськ",
    "cityRecipient": "Київ"
  },
  {
    "number": 20450171872103,
    "dateTime": {
      "date": {
        "year": 2019,
        "month": 10,
        "day": 16
      },
      "time": {
        "hour": 17,
        "minute": 57,
        "second": 13,
        "nano": 0
      }
    },
    "citySender": "Харків",
    "cityRecipient": "Ямпіль (Вінницька обл.)"
  },
  {
    "number": 20450171872105,
    "dateTime": {
      "date": {
        "year": 2019,
        "month": 10,
        "day": 16
      },
      "time": {
        "hour": 15,
        "minute": 6,
        "second": 59,
        "nano": 0
      }
    },
    "citySender": "Кривий Ріг",
    "cityRecipient": "Херсон"
  },
  {
    "number": 20450171872106,
    "dateTime": {
      "date": {
        "year": 2019,
        "month": 10,
        "day": 16
      },
      "time": {
        "hour": 14,
        "minute": 3,
        "second": 28,
        "nano": 0
      }
    },
    "citySender": "Кам\u0027янське(Дніпропетровська обл)",
    "cityRecipient": "Одеса"
  },
  {
    "number": 20450171872107,
    "dateTime": {
      "date": {
        "year": 2019,
        "month": 10,
        "day": 16
      },
      "time": {
        "hour": 12,
        "minute": 4,
        "second": 42,
        "nano": 0
      }
    },
    "citySender": "Київ",
    "cityRecipient": "Івано-Франківськ"
  },
  {
    "number": 20450171872108,
    "dateTime": {
      "date": {
        "year": 2019,
        "month": 10,
        "day": 16
      },
      "time": {
        "hour": 10,
        "minute": 42,
        "second": 37,
        "nano": 0
      }
    },
    "citySender": "Київ",
    "cityRecipient": "Київ"
  },
  {
    "number": 20450171872109,
    "dateTime": {
      "date": {
        "year": 2019,
        "month": 10,
        "day": 16
      },
      "time": {
        "hour": 12,
        "minute": 39,
        "second": 9,
        "nano": 0
      }
    },
    "citySender": "Житомир",
    "cityRecipient": "Нові Білокоровичі"
  },
  {
    "number": 20450171872110,
    "dateTime": {
      "date": {
        "year": 2019,
        "month": 10,
        "day": 16
      },
      "time": {
        "hour": 17,
        "minute": 21,
        "second": 21,
        "nano": 0
      }
    },
    "citySender": "Чернятин (Жмеринський р-н)",
    "cityRecipient": "Київ"
  },
  {
    "number": 20450171872111,
    "dateTime": {
      "date": {
        "year": 2019,
        "month": 10,
        "day": 16
      },
      "time": {
        "hour": 16,
        "minute": 21,
        "second": 36,
        "nano": 0
      }
    },
    "citySender": "Чернівці",
    "cityRecipient": "Кропивницький"
  },
  {
    "number": 20450171872112,
    "dateTime": {
      "date": {
        "year": 2019,
        "month": 10,
        "day": 16
      },
      "time": {
        "hour": 11,
        "minute": 51,
        "second": 2,
        "nano": 0
      }
    },
    "citySender": "Кам\u0027янське(Дніпропетровська обл)",
    "cityRecipient": "Тернівка"
  },
  {
    "number": 20450171872113,
    "dateTime": {
      "date": {
        "year": 2019,
        "month": 10,
        "day": 16
      },
      "time": {
        "hour": 12,
        "minute": 11,
        "second": 20,
        "nano": 0
      }
    },
    "citySender": "Переяслав-Хмельницький",
    "cityRecipient": "Дніпро"
  },
  {
    "number": 20450171872114,
    "dateTime": {
      "date": {
        "year": 2019,
        "month": 10,
        "day": 16
      },
      "time": {
        "hour": 15,
        "minute": 6,
        "second": 59,
        "nano": 0
      }
    },
    "citySender": "Кривий Ріг",
    "cityRecipient": "Вилок (Закарпатська обл.)"
  },
  {
    "number": 20450171872115,
    "dateTime": {
      "date": {
        "year": 2019,
        "month": 10,
        "day": 16
      },
      "time": {
        "hour": 12,
        "minute": 7,
        "second": 53,
        "nano": 0
      }
    },
    "citySender": "Тараща",
    "cityRecipient": "Чорноморськ"
  },
  {
    "number": 20450171872116,
    "dateTime": {
      "date": {
        "year": 2019,
        "month": 10,
        "day": 16
      },
      "time": {
        "hour": 10,
        "minute": 18,
        "second": 1,
        "nano": 0
      }
    },
    "citySender": "Монастирище",
    "cityRecipient": "Кролевець"
  },
  {
    "number": 20450171872117,
    "dateTime": {
      "date": {
        "year": 2019,
        "month": 10,
        "day": 16
      },
      "time": {
        "hour": 13,
        "minute": 36,
        "second": 56,
        "nano": 0
      }
    },
    "citySender": "Київ",
    "cityRecipient": "Кролевець"
  },
  {
    "number": 20450171872118,
    "dateTime": {
      "date": {
        "year": 2019,
        "month": 10,
        "day": 16
      },
      "time": {
        "hour": 14,
        "minute": 51,
        "second": 56,
        "nano": 0
      }
    },
    "citySender": "Київ",
    "cityRecipient": "Житомир"
  },
  {
    "number": 20450171872119,
    "dateTime": {
      "date": {
        "year": 2019,
        "month": 10,
        "day": 16
      },
      "time": {
        "hour": 11,
        "minute": 56,
        "second": 6,
        "nano": 0
      }
    },
    "citySender": "Київ",
    "cityRecipient": "Умань"
  },
  {
    "number": 20450171872121,
    "dateTime": {
      "date": {
        "year": 2019,
        "month": 10,
        "day": 16
      },
      "time": {
        "hour": 15,
        "minute": 6,
        "second": 59,
        "nano": 0
      }
    },
    "citySender": "Кривий Ріг",
    "cityRecipient": "Новомиколаївка (Запорізька обл.)"
  },
  {
    "number": 20450171872123,
    "dateTime": {
      "date": {
        "year": 2019,
        "month": 10,
        "day": 16
      },
      "time": {
        "hour": 15,
        "minute": 14,
        "second": 28,
        "nano": 0
      }
    },
    "citySender": "Чернятин (Жмеринський р-н)",
    "cityRecipient": "Львів"
  },
  {
    "number": 20450171872124,
    "dateTime": {
      "date": {
        "year": 2019,
        "month": 10,
        "day": 16
      },
      "time": {
        "hour": 13,
        "minute": 55,
        "second": 33,
        "nano": 0
      }
    },
    "citySender": "Біла Церква",
    "cityRecipient": "Київ"
  },
  {
    "number": 20450171872125,
    "dateTime": {
      "date": {
        "year": 2019,
        "month": 10,
        "day": 16
      },
      "time": {
        "hour": 23,
        "minute": 39,
        "second": 0,
        "nano": 0
      }
    },
    "citySender": "Дніпро",
    "cityRecipient": "Межова"
  },
  {
    "number": 20450171872126,
    "dateTime": {
      "date": {
        "year": 2019,
        "month": 10,
        "day": 16
      },
      "time": {
        "hour": 17,
        "minute": 12,
        "second": 16,
        "nano": 0
      }
    },
    "citySender": "Вінниця",
    "cityRecipient": "Заболоття (Волинська обл.)"
  },
  {
    "number": 20450171872127,
    "dateTime": {
      "date": {
        "year": 2019,
        "month": 10,
        "day": 16
      },
      "time": {
        "hour": 12,
        "minute": 19,
        "second": 18,
        "nano": 0
      }
    },
    "citySender": "Угринів (Тисменицький р-н., Івано-Франк. обл.)",
    "cityRecipient": "Львів"
  },
  {
    "number": 20450171872128,
    "dateTime": {
      "date": {
        "year": 2019,
        "month": 10,
        "day": 16
      },
      "time": {
        "hour": 15,
        "minute": 6,
        "second": 7,
        "nano": 0
      }
    },
    "citySender": "Київ",
    "cityRecipient": "Вишневе"
  },
  {
    "number": 20450171872129,
    "dateTime": {
      "date": {
        "year": 2019,
        "month": 10,
        "day": 16
      },
      "time": {
        "hour": 22,
        "minute": 4,
        "second": 58,
        "nano": 0
      }
    },
    "citySender": "Київ",
    "cityRecipient": "Київ"
  },
  {
    "number": 20450171872130,
    "dateTime": {
      "date": {
        "year": 2019,
        "month": 10,
        "day": 16
      },
      "time": {
        "hour": 17,
        "minute": 45,
        "second": 31,
        "nano": 0
      }
    },
    "citySender": "Молодіжне",
    "cityRecipient": "Іршанськ"
  },
  {
    "number": 20450171872132,
    "dateTime": {
      "date": {
        "year": 2019,
        "month": 10,
        "day": 16
      },
      "time": {
        "hour": 13,
        "minute": 50,
        "second": 40,
        "nano": 0
      }
    },
    "citySender": "Ужгород",
    "cityRecipient": "Луцьк"
  },
  {
    "number": 20450171872133,
    "dateTime": {
      "date": {
        "year": 2019,
        "month": 10,
        "day": 16
      },
      "time": {
        "hour": 15,
        "minute": 28,
        "second": 30,
        "nano": 0
      }
    },
    "citySender": "Одеса",
    "cityRecipient": "Київ"
  },
  {
    "number": 20450171872134,
    "dateTime": {
      "date": {
        "year": 2019,
        "month": 10,
        "day": 16
      },
      "time": {
        "hour": 10,
        "minute": 15,
        "second": 8,
        "nano": 0
      }
    },
    "citySender": "Подільськ",
    "cityRecipient": "Гвардійське (Дніпропетровськ)"
  },
  {
    "number": 20450171872135,
    "dateTime": {
      "date": {
        "year": 2019,
        "month": 10,
        "day": 16
      },
      "time": {
        "hour": 15,
        "minute": 14,
        "second": 28,
        "nano": 0
      }
    },
    "citySender": "Чернятин (Жмеринський р-н)",
    "cityRecipient": "Київ"
  },
  {
    "number": 20450171872136,
    "dateTime": {
      "date": {
        "year": 2019,
        "month": 10,
        "day": 16
      },
      "time": {
        "hour": 22,
        "minute": 51,
        "second": 46,
        "nano": 0
      }
    },
    "citySender": "Київ",
    "cityRecipient": "Свалява"
  },
  {
    "number": 20450171872137,
    "dateTime": {
      "date": {
        "year": 2019,
        "month": 10,
        "day": 16
      },
      "time": {
        "hour": 15,
        "minute": 8,
        "second": 39,
        "nano": 0
      }
    },
    "citySender": "Ілічанка",
    "cityRecipient": "Ніжин"
  },
  {
    "number": 20450171872138,
    "dateTime": {
      "date": {
        "year": 2019,
        "month": 10,
        "day": 16
      },
      "time": {
        "hour": 13,
        "minute": 19,
        "second": 49,
        "nano": 0
      }
    },
    "citySender": "Чернігів",
    "cityRecipient": "Гайворон"
  },
  {
    "number": 20450171872139,
    "dateTime": {
      "date": {
        "year": 2019,
        "month": 10,
        "day": 16
      },
      "time": {
        "hour": 10,
        "minute": 57,
        "second": 22,
        "nano": 0
      }
    },
    "citySender": "Пісочин",
    "cityRecipient": "Розділ"
  },
  {
    "number": 20450171872140,
    "dateTime": {
      "date": {
        "year": 2019,
        "month": 10,
        "day": 16
      },
      "time": {
        "hour": 15,
        "minute": 14,
        "second": 58,
        "nano": 0
      }
    },
    "citySender": "Біла Церква",
    "cityRecipient": "Бахмут"
  },
  {
    "number": 20450171872141,
    "dateTime": {
      "date": {
        "year": 2019,
        "month": 10,
        "day": 16
      },
      "time": {
        "hour": 15,
        "minute": 21,
        "second": 31,
        "nano": 0
      }
    },
    "citySender": "Одеса",
    "cityRecipient": "Олександрівка (Миколаївська обл.)"
  },
  {
    "number": 20450171872142,
    "dateTime": {
      "date": {
        "year": 2019,
        "month": 10,
        "day": 16
      },
      "time": {
        "hour": 17,
        "minute": 45,
        "second": 44,
        "nano": 0
      }
    },
    "citySender": "Львів",
    "cityRecipient": "Київ"
  },
  {
    "number": 20450171872143,
    "dateTime": {
      "date": {
        "year": 2019,
        "month": 10,
        "day": 16
      },
      "time": {
        "hour": 10,
        "minute": 9,
        "second": 43,
        "nano": 0
      }
    },
    "citySender": "Харків",
    "cityRecipient": "Клевань"
  },
  {
    "number": 20450171872144,
    "dateTime": {
      "date": {
        "year": 2019,
        "month": 10,
        "day": 16
      },
      "time": {
        "hour": 15,
        "minute": 16,
        "second": 32,
        "nano": 0
      }
    },
    "citySender": "Люботин",
    "cityRecipient": "Бровари"
  }
]