[
  {
    "number": 20450171870046,
    "dateTime": {
      "date": {
        "year": 2019,
        "month": 10,
        "day": 16
      },
      "time": {
        "hour": 11,
        "minute": 30,
        "second": 26,
        "nano": 0
      }
    },
    "citySender": "Київ",
    "cityRecipient": "Фонтанка"
  },
  {
    "number": 20450171870047,
    "dateTime": {
      "date": {
        "year": 2019,
        "month": 10,
        "day": 16
      },
      "time": {
        "hour": 9,
        "minute": 54,
        "second": 37,
        "nano": 0
      }
    },
    "citySender": "Харків",
    "cityRecipient": "Чернігів"
  },
  {
    "number": 20450171870048,
    "dateTime": {
      "date": {
        "year": 2019,
        "month": 10,
        "day": 16
      },
      "time": {
        "hour": 17,
        "minute": 8,
        "second": 46,
        "nano": 0
      }
    },
    "citySender": "Кременчук",
    "cityRecipient": "Жовті Води"
  },
  {
    "number": 20450171870049,
    "dateTime": {
      "date": {
        "year": 2019,
        "month": 10,
        "day": 16
      },
      "time": {
        "hour": 17,
        "minute": 46,
        "second": 25,
        "nano": 0
      }
    },
    "citySender": "Харків",
    "cityRecipient": "Кримне (Старовижівський р-н., Волинська обл.)"
  },
  {
    "number": 20450171870050,
    "dateTime": {
      "date": {
        "year": 2019,
        "month": 10,
        "day": 16
      },
      "time": {
        "hour": 17,
        "minute": 45,
        "second": 21,
        "nano": 0
      }
    },
    "citySender": "Одеса",
    "cityRecipient": "Буринь"
  },
  {
    "number": 20450171870051,
    "dateTime": {
      "date": {
        "year": 2019,
        "month": 10,
        "day": 16
      },
      "time": {
        "hour": 16,
        "minute": 9,
        "second": 1,
        "nano": 0
      }
    },
    "citySender": "Миколаїв",
    "cityRecipient": "Черкаси"
  },
  {
    "number": 20450171870052,
    "dateTime": {
      "date": {
        "year": 2019,
        "month": 10,
        "day": 16
      },
      "time": {
        "hour": 17,
        "minute": 23,
        "second": 22,
        "nano": 0
      }
    },
    "citySender": "Київ",
    "cityRecipient": "Харків"
  },
  {
    "number": 20450171870053,
    "dateTime": {
      "date": {
        "year": 2019,
        "month": 10,
        "day": 16
      },
      "time": {
        "hour": 14,
        "minute": 18,
        "second": 46,
        "nano": 0
      }
    },
    "citySender": "Лука-Мелешківська",
    "cityRecipient": "Нові Петрівці"
  },
  {
    "number": 20450171870054,
    "dateTime": {
      "date": {
        "year": 2019,
        "month": 10,
        "day": 16
      },
      "time": {
        "hour": 13,
        "minute": 49,
        "second": 9,
        "nano": 0
      }
    },
    "citySender": "Прилуки",
    "cityRecipient": "Обухів"
  },
  {
    "number": 20450171870055,
    "dateTime": {
      "date": {
        "year": 2019,
        "month": 10,
        "day": 16
      },
      "time": {
        "hour": 17,
        "minute": 50,
        "second": 9,
        "nano": 0
      }
    },
    "citySender": "Київ",
    "cityRecipient": "Долинське (Запорізький р-н)"
  },
  {
    "number": 20450171870056,
    "dateTime": {
      "date": {
        "year": 2019,
        "month": 10,
        "day": 16
      },
      "time": {
        "hour": 18,
        "minute": 23,
        "second": 12,
        "nano": 0
      }
    },
    "citySender": "Івано-Франківськ",
    "cityRecipient": "Перегінське"
  },
  {
    "number": 20450171870060,
    "dateTime": {
      "date": {
        "year": 2019,
        "month": 10,
        "day": 16
      },
      "time": {
        "hour": 14,
        "minute": 18,
        "second": 46,
        "nano": 0
      }
    },
    "citySender": "Лука-Мелешківська",
    "cityRecipient": "Одеса"
  },
  {
    "number": 20450171870061,
    "dateTime": {
      "date": {
        "year": 2019,
        "month": 10,
        "day": 16
      },
      "time": {
        "hour": 14,
        "minute": 22,
        "second": 52,
        "nano": 0
      }
    },
    "citySender": "Мелітополь",
    "cityRecipient": "Херсон"
  },
  {
    "number": 20450171870062,
    "dateTime": {
      "date": {
        "year": 2019,
        "month": 10,
        "day": 16
      },
      "time": {
        "hour": 17,
        "minute": 33,
        "second": 26,
        "nano": 0
      }
    },
    "citySender": "Миколаїв",
    "cityRecipient": "Кропивницький"
  },
  {
    "number": 20450171870065,
    "dateTime": {
      "date": {
        "year": 2019,
        "month": 10,
        "day": 16
      },
      "time": {
        "hour": 14,
        "minute": 18,
        "second": 46,
        "nano": 0
      }
    },
    "citySender": "Лука-Мелешківська",
    "cityRecipient": "Великий Березний"
  },
  {
    "number": 20450171870066,
    "dateTime": {
      "date": {
        "year": 2019,
        "month": 10,
        "day": 16
      },
      "time": {
        "hour": 11,
        "minute": 20,
        "second": 20,
        "nano": 0
      }
    },
    "citySender": "Запоріжжя",
    "cityRecipient": "Дніпро"
  },
  {
    "number": 20450171870067,
    "dateTime": {
      "date": {
        "year": 2019,
        "month": 10,
        "day": 16
      },
      "time": {
        "hour": 16,
        "minute": 43,
        "second": 53,
        "nano": 0
      }
    },
    "citySender": "Харків",
    "cityRecipient": "Київ"
  },
  {
    "number": 20450171870068,
    "dateTime": {
      "date": {
        "year": 2019,
        "month": 10,
        "day": 16
      },
      "time": {
        "hour": 9,
        "minute": 49,
        "second": 34,
        "nano": 0
      }
    },
    "citySender": "Київ",
    "cityRecipient": "Київ"
  },
  {
    "number": 20450171870069,
    "dateTime": {
      "date": {
        "year": 2019,
        "month": 10,
        "day": 16
      },
      "time": {
        "hour": 19,
        "minute": 52,
        "second": 23,
        "nano": 0
      }
    },
    "citySender": "Вишневе",
    "cityRecipient": "Канів"
  },
  {
    "number": 20450171870070,
    "dateTime": {
      "date": {
        "year": 2019,
        "month": 10,
        "day": 16
      },
      "time": {
        "hour": 10,
        "minute": 33,
        "second": 13,
        "nano": 0
      }
    },
    "citySender": "Червоноград (Львівська обл.)",
    "cityRecipient": "Київ"
  },
  {
    "number": 20450171870071,
    "dateTime": {
      "date": {
        "year": 2019,
        "month": 10,
        "day": 16
      },
      "time": {
        "hour": 17,
        "minute": 45,
        "second": 21,
        "nano": 0
      }
    },
    "citySender": "Одеса",
    "cityRecipient": "Долинська"
  },
  {
    "number": 20450171870072,
    "dateTime": {
      "date": {
        "year": 2019,
        "month": 10,
        "day": 16
      },
      "time": {
        "hour": 14,
        "minute": 18,
        "second": 46,
        "nano": 0
      }
    },
    "citySender": "Лука-Мелешківська",
    "cityRecipient": "Вінниця"
  },
  {
    "number": 20450171870073,
    "dateTime": {
      "date": {
        "year": 2019,
        "month": 10,
        "day": 16
      },
      "time": {
        "hour": 11,
        "minute": 52,
        "second": 56,
        "nano": 0
      }
    },
    "citySender": "Одеса",
    "cityRecipient": "Костянтинівка (Донецька обл.)"
  },
  {
    "number": 20450171870074,
    "dateTime": {
      "date": {
        "year": 2019,
        "month": 10,
        "day": 16
      },
      "time": {
        "hour": 16,
        "minute": 11,
        "second": 17,
        "nano": 0
      }
    },
    "citySender": "Одеса",
    "cityRecipient": "Берегове"
  },
  {
    "number": 20450171870075,
    "dateTime": {
      "date": {
        "year": 2019,
        "month": 10,
        "day": 16
      },
      "time": {
        "hour": 14,
        "minute": 18,
        "second": 46,
        "nano": 0
      }
    },
    "citySender": "Лука-Мелешківська",
    "cityRecipient": "Миронівський (Бахмутський р-н.)"
  },
  {
    "number": 20450171870076,
    "dateTime": {
      "date": {
        "year": 2019,
        "month": 10,
        "day": 16
      },
      "time": {
        "hour": 13,
        "minute": 3,
        "second": 13,
        "nano": 0
      }
    },
    "citySender": "Харків",
    "cityRecipient": "Гайсин"
  },
  {
    "number": 20450171870077,
    "dateTime": {
      "date": {
        "year": 2019,
        "month": 10,
        "day": 16
      },
      "time": {
        "hour": 15,
        "minute": 55,
        "second": 26,
        "nano": 0
      }
    },
    "citySender": "Вишеньки",
    "cityRecipient": "Рівне"
  },
  {
    "number": 20450171870079,
    "dateTime": {
      "date": {
        "year": 2019,
        "month": 10,
        "day": 16
      },
      "time": {
        "hour": 13,
        "minute": 22,
        "second": 34,
        "nano": 0
      }
    },
    "citySender": "Дніпро",
    "cityRecipient": "Одеса"
  },
  {
    "number": 20450171870080,
    "dateTime": {
      "date": {
        "year": 2019,
        "month": 10,
        "day": 16
      },
      "time": {
        "hour": 22,
        "minute": 34,
        "second": 50,
        "nano": 0
      }
    },
    "citySender": "Київ",
    "cityRecipient": "Світловодськ"
  },
  {
    "number": 20450171870081,
    "dateTime": {
      "date": {
        "year": 2019,
        "month": 10,
        "day": 16
      },
      "time": {
        "hour": 13,
        "minute": 9,
        "second": 4,
        "nano": 0
      }
    },
    "citySender": "Ужгород",
    "cityRecipient": "Київ"
  },
  {
    "number": 20450171870082,
    "dateTime": {
      "date": {
        "year": 2019,
        "month": 10,
        "day": 16
      },
      "time": {
        "hour": 16,
        "minute": 47,
        "second": 3,
        "nano": 0
      }
    },
    "citySender": "Олешки(Херсонська обл)",
    "cityRecipient": "Розівка (Розівський р-н)"
  },
  {
    "number": 20450171870083,
    "dateTime": {
      "date": {
        "year": 2019,
        "month": 10,
        "day": 16
      },
      "time": {
        "hour": 14,
        "minute": 11,
        "second": 23,
        "nano": 0
      }
    },
    "citySender": "Одеса",
    "cityRecipient": "Дніпро"
  },
  {
    "number": 20450171870084,
    "dateTime": {
      "date": {
        "year": 2019,
        "month": 10,
        "day": 16
      },
      "time": {
        "hour": 14,
        "minute": 18,
        "second": 46,
        "nano": 0
      }
    },
    "citySender": "Лука-Мелешківська",
    "cityRecipient": "Одеса"
  },
  {
    "number": 20450171870085,
    "dateTime": {
      "date": {
        "year": 2019,
        "month": 10,
        "day": 16
      },
      "time": {
        "hour": 9,
        "minute": 53,
        "second": 13,
        "nano": 0
      }
    },
    "citySender": "Шостка",
    "cityRecipient": "Ясень"
  },
  {
    "number": 20450171870087,
    "dateTime": {
      "date": {
        "year": 2019,
        "month": 10,
        "day": 16
      },
      "time": {
        "hour": 11,
        "minute": 9,
        "second": 1,
        "nano": 0
      }
    },
    "citySender": "Луків",
    "cityRecipient": "Ірпінь"
  },
  {
    "number": 20450171870088,
    "dateTime": {
      "date": {
        "year": 2019,
        "month": 10,
        "day": 16
      },
      "time": {
        "hour": 11,
        "minute": 56,
        "second": 43,
        "nano": 0
      }
    },
    "citySender": "Київ",
    "cityRecipient": "Мелітополь"
  },
  {
    "number": 20450171870089,
    "dateTime": {
      "date": {
        "year": 2019,
        "month": 10,
        "day": 16
      },
      "time": {
        "hour": 15,
        "minute": 2,
        "second": 58,
        "nano": 0
      }
    },
    "citySender": "Чернівці",
    "cityRecipient": "Київ"
  },
  {
    "number": 20450171870090,
    "dateTime": {
      "date": {
        "year": 2019,
        "month": 10,
        "day": 16
      },
      "time": {
        "hour": 17,
        "minute": 45,
        "second": 21,
        "nano": 0
      }
    },
    "citySender": "Одеса",
    "cityRecipient": "Сєвєродонецьк"
  },
  {
    "number": 20450171870091,
    "dateTime": {
      "date": {
        "year": 2019,
        "month": 10,
        "day": 16
      },
      "time": {
        "hour": 17,
        "minute": 23,
        "second": 39,
        "nano": 0
      }
    },
    "citySender": "Кривий Ріг",
    "cityRecipient": "Балта"
  },
  {
    "number": 20450171870092,
    "dateTime": {
      "date": {
        "year": 2019,
        "month": 10,
        "day": 16
      },
      "time": {
        "hour": 17,
        "minute": 44,
        "second": 0,
        "nano": 0
      }
    },
    "citySender": "Вінниця",
    "cityRecipient": "Баранинці (Закарпатська обл.)"
  },
  {
    "number": 20450171870093,
    "dateTime": {
      "date": {
        "year": 2019,
        "month": 10,
        "day": 16
      },
      "time": {
        "hour": 23,
        "minute": 15,
        "second": 38,
        "nano": 0
      }
    },
    "citySender": "Харків",
    "cityRecipient": "Лазурне (Херсонська обл.)"
  },
  {
    "number": 20450171870094,
    "dateTime": {
      "date": {
        "year": 2019,
        "month": 10,
        "day": 16
      },
      "time": {
        "hour": 18,
        "minute": 21,
        "second": 49,
        "nano": 0
      }
    },
    "citySender": "Запоріжжя",
    "cityRecipient": "Полтава"
  },
  {
    "number": 20450171870095,
    "dateTime": {
      "date": {
        "year": 2019,
        "month": 10,
        "day": 16
      },
      "time": {
        "hour": 15,
        "minute": 6,
        "second": 37,
        "nano": 0
      }
    },
    "citySender": "Полтава",
    "cityRecipient": "Павлоград"
  },
  {
    "number": 20450171870096,
    "dateTime": {
      "date": {
        "year": 2019,
        "month": 10,
        "day": 16
      },
      "time": {
        "hour": 14,
        "minute": 18,
        "second": 46,
        "nano": 0
      }
    },
    "citySender": "Лука-Мелешківська",
    "cityRecipient": "Дрогобич"
  },
  {
    "number": 20450171870097,
    "dateTime": {
      "date": {
        "year": 2019,
        "month": 10,
        "day": 16
      },
      "time": {
        "hour": 16,
        "minute": 7,
        "second": 34,
        "nano": 0
      }
    },
    "citySender": "Вороньків",
    "cityRecipient": "Одеса"
  },
  {
    "number": 20450171870098,
    "dateTime": {
      "date": {
        "year": 2019,
        "month": 10,
        "day": 16
      },
      "time": {
        "hour": 11,
        "minute": 38,
        "second": 42,
        "nano": 0
      }
    },
    "citySender": "Харків",
    "cityRecipient": "Одеса"
  },
  {
    "number": 20450171870100,
    "dateTime": {
      "date": {
        "year": 2019,
        "month": 10,
        "day": 16
      },
      "time": {
        "hour": 15,
        "minute": 50,
        "second": 18,
        "nano": 0
      }
    },
    "citySender": "Київ",
    "cityRecipient": "Полтава"
  },
  {
    "number": 20450171870101,
    "dateTime": {
      "date": {
        "year": 2019,
        "month": 10,
        "day": 16
      },
      "time": {
        "hour": 12,
        "minute": 13,
        "second": 49,
        "nano": 0
      }
    },
    "citySender": "Одеса",
    "cityRecipient": "Бучач"
  },
  {
    "number": 20450171870102,
    "dateTime": {
      "date": {
        "year": 2019,
        "month": 10,
        "day": 16
      },
      "time": {
        "hour": 12,
        "minute": 52,
        "second": 18,
        "nano": 0
      }
    },
    "citySender": "Червоноград (Львівська обл.)",
    "cityRecipient": "Лебедівка"
  },
  {
    "number": 20450171870103,
    "dateTime": {
      "date": {
        "year": 2019,
        "month": 10,
        "day": 16
      },
      "time": {
        "hour": 14,
        "minute": 18,
        "second": 46,
        "nano": 0
      }
    },
    "citySender": "Лука-Мелешківська",
    "cityRecipient": "Полтава"
  },
  {
    "number": 20450171870104,
    "dateTime": {
      "date": {
        "year": 2019,
        "month": 10,
        "day": 16
      },
      "time": {
        "hour": 17,
        "minute": 45,
        "second": 21,
        "nano": 0
      }
    },
    "citySender": "Одеса",
    "cityRecipient": "Угля"
  },
  {
    "number": 20450171870105,
    "dateTime": {
      "date": {
        "year": 2019,
        "month": 10,
        "day": 16
      },
      "time": {
        "hour": 14,
        "minute": 49,
        "second": 58,
        "nano": 0
      }
    },
    "citySender": "Одеса",
    "cityRecipient": "Кременчук"
  },
  {
    "number": 20450171870106,
    "dateTime": {
      "date": {
        "year": 2019,
        "month": 10,
        "day": 16
      },
      "time": {
        "hour": 9,
        "minute": 43,
        "second": 13,
        "nano": 0
      }
    },
    "citySender": "Вугледар",
    "cityRecipient": "Маріуполь"
  },
  {
    "number": 20450171870107,
    "dateTime": {
      "date": {
        "year": 2019,
        "month": 10,
        "day": 16
      },
      "time": {
        "hour": 12,
        "minute": 48,
        "second": 14,
        "nano": 0
      }
    },
    "citySender": "Лисичанськ",
    "cityRecipient": "Борова (Харківська обл.)"
  },
  {
    "number": 20450171870108,
    "dateTime": {
      "date": {
        "year": 2019,
        "month": 10,
        "day": 16
      },
      "time": {
        "hour": 14,
        "minute": 18,
        "second": 48,
        "nano": 0
      }
    },
    "citySender": "Лука-Мелешківська",
    "cityRecipient": "Первомайське(смт-Микол.обл.Вітовський.р-н)"
  },
  {
    "number": 20450171870110,
    "dateTime": {
      "date": {
        "year": 2019,
        "month": 10,
        "day": 16
      },
      "time": {
        "hour": 11,
        "minute": 36,
        "second": 59,
        "nano": 0
      }
    },
    "citySender": "Сновськ",
    "cityRecipient": "Клішківці"
  },
  {
    "number": 20450171870111,
    "dateTime": {
      "date": {
        "year": 2019,
        "month": 10,
        "day": 16
      },
      "time": {
        "hour": 11,
        "minute": 54,
        "second": 9,
        "nano": 0
      }
    },
    "citySender": "Київ",
    "cityRecipient": "Вишеньки"
  },
  {
    "number": 20450171870112,
    "dateTime": {
      "date": {
        "year": 2019,
        "month": 10,
        "day": 16
      },
      "time": {
        "hour": 10,
        "minute": 8,
        "second": 29,
        "nano": 0
      }
    },
    "citySender": "Маріуполь",
    "cityRecipient": "Маріуполь"
  },
  {
    "number": 20450171870113,
    "dateTime": {
      "date": {
        "year": 2019,
        "month": 10,
        "day": 16
      },
      "time": {
        "hour": 15,
        "minute": 23,
        "second": 41,
        "nano": 0
      }
    },
    "citySender": "Дніпро",
    "cityRecipient": "Енергодар"
  },
  {
    "number": 20450171870114,
    "dateTime": {
      "date": {
        "year": 2019,
        "month": 10,
        "day": 16
      },
      "time": {
        "hour": 15,
        "minute": 9,
        "second": 51,
        "nano": 0
      }
    },
    "citySender": "Васильків",
    "cityRecipient": "Боярка"
  },
  {
    "number": 20450171870115,
    "dateTime": {
      "date": {
        "year": 2019,
        "month": 10,
        "day": 16
      },
      "time": {
        "hour": 14,
        "minute": 18,
        "second": 48,
        "nano": 0
      }
    },
    "citySender": "Лука-Мелешківська",
    "cityRecipient": "Київ"
  },
  {
    "number": 20450171870116,
    "dateTime": {
      "date": {
        "year": 2019,
        "month": 10,
        "day": 16
      },
      "time": {
        "hour": 19,
        "minute": 21,
        "second": 25,
        "nano": 0
      }
    },
    "citySender": "Дніпро",
    "cityRecipient": "Одеса"
  },
  {
    "number": 20450171870117,
    "dateTime": {
      "date": {
        "year": 2019,
        "month": 10,
        "day": 16
      },
      "time": {
        "hour": 12,
        "minute": 56,
        "second": 18,
        "nano": 0
      }
    },
    "citySender": "Київ",
    "cityRecipient": "Миколаївка (Слов’янська міська рада)"
  },
  {
    "number": 20450171870118,
    "dateTime": {
      "date": {
        "year": 2019,
        "month": 10,
        "day": 16
      },
      "time": {
        "hour": 16,
        "minute": 19,
        "second": 57,
        "nano": 0
      }
    },
    "citySender": "Дніпро",
    "cityRecipient": "Вороньків"
  },
  {
    "number": 20450171870119,
    "dateTime": {
      "date": {
        "year": 2019,
        "month": 10,
        "day": 16
      },
      "time": {
        "hour": 14,
        "minute": 18,
        "second": 48,
        "nano": 0
      }
    },
    "citySender": "Лука-Мелешківська",
    "cityRecipient": "Ужгород"
  },
  {
    "number": 20450171870120,
    "dateTime": {
      "date": {
        "year": 2019,
        "month": 10,
        "day": 16
      },
      "time": {
        "hour": 15,
        "minute": 4,
        "second": 1,
        "nano": 0
      }
    },
    "citySender": "Одеса",
    "cityRecipient": "Хмельницький"
  },
  {
    "number": 20450171870121,
    "dateTime": {
      "date": {
        "year": 2019,
        "month": 10,
        "day": 16
      },
      "time": {
        "hour": 10,
        "minute": 36,
        "second": 53,
        "nano": 0
      }
    },
    "citySender": "Харків",
    "cityRecipient": "Пісочин"
  },
  {
    "number": 20450171870123,
    "dateTime": {
      "date": {
        "year": 2019,
        "month": 10,
        "day": 16
      },
      "time": {
        "hour": 14,
        "minute": 34,
        "second": 53,
        "nano": 0
      }
    },
    "citySender": "Агрономічне",
    "cityRecipient": "Дніпро"
  },
  {
    "number": 20450171870124,
    "dateTime": {
      "date": {
        "year": 2019,
        "month": 10,
        "day": 16
      },
      "time": {
        "hour": 17,
        "minute": 30,
        "second": 37,
        "nano": 0
      }
    },
    "citySender": "Київ",
    "cityRecipient": "Київ"
  },
  {
    "number": 20450171870125,
    "dateTime": {
      "date": {
        "year": 2019,
        "month": 10,
        "day": 16
      },
      "time": {
        "hour": 12,
        "minute": 47,
        "second": 44,
        "nano": 0
      }
    },
    "citySender": "Гайсин",
    "cityRecipient": "Черкаси"
  },
  {
    "number": 20450171870126,
    "dateTime": {
      "date": {
        "year": 2019,
        "month": 10,
        "day": 16
      },
      "time": {
        "hour": 14,
        "minute": 18,
        "second": 48,
        "nano": 0
      }
    },
    "citySender": "Лука-Мелешківська",
    "cityRecipient": "Городок (Хмельницька обл.)"
  },
  {
    "number": 20450171870127,
    "dateTime": {
      "date": {
        "year": 2019,
        "month": 10,
        "day": 16
      },
      "time": {
        "hour": 12,
        "minute": 53,
        "second": 32,
        "nano": 0
      }
    },
    "citySender": "Львів",
    "cityRecipient": "Новояворівськ"
  },
  {
    "number": 20450171870128,
    "dateTime": {
      "date": {
        "year": 2019,
        "month": 10,
        "day": 16
      },
      "time": {
        "hour": 16,
        "minute": 17,
        "second": 21,
        "nano": 0
      }
    },
    "citySender": "Київ",
    "cityRecipient": "Знам\u0027янка Друга"
  },
  {
    "number": 20450171870129,
    "dateTime": {
      "date": {
        "year": 2019,
        "month": 10,
        "day": 16
      },
      "time": {
        "hour": 16,
        "minute": 21,
        "second": 1,
        "nano": 0
      }
    },
    "citySender": "Чернігів",
    "cityRecipient": "Харків"
  },
  {
    "number": 20450171870130,
    "dateTime": {
      "date": {
        "year": 2019,
        "month": 10,
        "day": 16
      },
      "time": {
        "hour": 13,
        "minute": 0,
        "second": 24,
        "nano": 0
      }
    },
    "citySender": "Запоріжжя",
    "cityRecipient": "Вишеньки"
  },
  {
    "number": 20450171870131,
    "dateTime": {
      "date": {
        "year": 2019,
        "month": 10,
        "day": 16
      },
      "time": {
        "hour": 14,
        "minute": 18,
        "second": 48,
        "nano": 0
      }
    },
    "citySender": "Лука-Мелешківська",
    "cityRecipient": "Шацьк"
  },
  {
    "number": 20450171870132,
    "dateTime": {
      "date": {
        "year": 2019,
        "month": 10,
        "day": 16
      },
      "time": {
        "hour": 17,
        "minute": 22,
        "second": 8,
        "nano": 0
      }
    },
    "citySender": "Київ",
    "cityRecipient": "Київ"
  },
  {
    "number": 20450171870133,
    "dateTime": {
      "date": {
        "year": 2019,
        "month": 10,
        "day": 16
      },
      "time": {
        "hour": 12,
        "minute": 17,
        "second": 42,
        "nano": 0
      }
    },
    "citySender": "Подільськ",
    "cityRecipient": "Маріуполь"
  },
  {
    "number": 20450171870134,
    "dateTime": {
      "date": {
        "year": 2019,
        "month": 10,
        "day": 16
      },
      "time": {
        "hour": 12,
        "minute": 50,
        "second": 13,
        "nano": 0
      }
    },
    "citySender": "Шумськ",
    "cityRecipient": "Бровари"
  },
  {
    "number": 20450171870137,
    "dateTime": {
      "date": {
        "year": 2019,
        "month": 10,
        "day": 16
      },
      "time": {
        "hour": 15,
        "minute": 29,
        "second": 10,
        "nano": 0
      }
    },
    "citySender": "Ілічанка",
    "cityRecipient": "Чаплинка (Херсонська обл.)"
  },
  {
    "number": 20450171870138,
    "dateTime": {
      "date": {
        "year": 2019,
        "month": 10,
        "day": 16
      },
      "time": {
        "hour": 10,
        "minute": 14,
        "second": 5,
        "nano": 0
      }
    },
    "citySender": "Київ",
    "cityRecipient": "Авдіївка (Донецька обл.)"
  },
  {
    "number": 20450171870139,
    "dateTime": {
      "date": {
        "year": 2019,
        "month": 10,
        "day": 16
      },
      "time": {
        "hour": 15,
        "minute": 33,
        "second": 5,
        "nano": 0
      }
    },
    "citySender": "Ілічанка",
    "cityRecipient": "Жашків"
  },
  {
    "number": 20450171870140,
    "dateTime": {
      "date": {
        "year": 2019,
        "month": 10,
        "day": 16
      },
      "time": {
        "hour": 14,
        "minute": 18,
        "second": 48,
        "nano": 0
      }
    },
    "citySender": "Лука-Мелешківська",
    "cityRecipient": "Тячів"
  },
  {
    "number": 20450171870141,
    "dateTime": {
      "date": {
        "year": 2019,
        "month": 10,
        "day": 16
      },
      "time": {
        "hour": 23,
        "minute": 50,
        "second": 55,
        "nano": 0
      }
    },
    "citySender": "Запоріжжя",
    "cityRecipient": "Київ"
  },
  {
    "number": 20450171870142,
    "dateTime": {
      "date": {
        "year": 2019,
        "month": 10,
        "day": 16
      },
      "time": {
        "hour": 12,
        "minute": 49,
        "second": 14,
        "nano": 0
      }
    },
    "citySender": "Бердянськ",
    "cityRecipient": "Вільногірськ"
  },
  {
    "number": 20450171870143,
    "dateTime": {
      "date": {
        "year": 2019,
        "month": 10,
        "day": 16
      },
      "time": {
        "hour": 11,
        "minute": 41,
        "second": 14,
        "nano": 0
      }
    },
    "citySender": "Кремінна",
    "cityRecipient": "Суми"
  },
  {
    "number": 20450171870144,
    "dateTime": {
      "date": {
        "year": 2019,
        "month": 10,
        "day": 16
      },
      "time": {
        "hour": 12,
        "minute": 22,
        "second": 47,
        "nano": 0
      }
    },
    "citySender": "Полтава",
    "cityRecipient": "Немішаєве"
  },
  {
    "number": 20450171870145,
    "dateTime": {
      "date": {
        "year": 2019,
        "month": 10,
        "day": 16
      },
      "time": {
        "hour": 15,
        "minute": 5,
        "second": 33,
        "nano": 0
      }
    },
    "citySender": "Крюківщина",
    "cityRecipient": "Суми"
  }
]