[
  {
    "number": 20450171855271,
    "dateTime": {
      "date": {
        "year": 2019,
        "month": 10,
        "day": 16
      },
      "time": {
        "hour": 12,
        "minute": 16,
        "second": 46,
        "nano": 0
      }
    },
    "citySender": "Нетішин",
    "cityRecipient": "Львів"
  },
  {
    "number": 20450171855272,
    "dateTime": {
      "date": {
        "year": 2019,
        "month": 10,
        "day": 16
      },
      "time": {
        "hour": 15,
        "minute": 10,
        "second": 37,
        "nano": 0
      }
    },
    "citySender": "Харків",
    "cityRecipient": "Київ"
  },
  {
    "number": 20450171855273,
    "dateTime": {
      "date": {
        "year": 2019,
        "month": 10,
        "day": 16
      },
      "time": {
        "hour": 15,
        "minute": 41,
        "second": 38,
        "nano": 0
      }
    },
    "citySender": "Баранівка",
    "cityRecipient": "Луцьк"
  },
  {
    "number": 20450171855274,
    "dateTime": {
      "date": {
        "year": 2019,
        "month": 10,
        "day": 16
      },
      "time": {
        "hour": 17,
        "minute": 3,
        "second": 27,
        "nano": 0
      }
    },
    "citySender": "Кам\u0027яна Яруга",
    "cityRecipient": "Дніпро"
  },
  {
    "number": 20450171855276,
    "dateTime": {
      "date": {
        "year": 2019,
        "month": 10,
        "day": 16
      },
      "time": {
        "hour": 10,
        "minute": 58,
        "second": 17,
        "nano": 0
      }
    },
    "citySender": "Вільнянськ",
    "cityRecipient": "Чернівці"
  },
  {
    "number": 20450171855278,
    "dateTime": {
      "date": {
        "year": 2019,
        "month": 10,
        "day": 16
      },
      "time": {
        "hour": 11,
        "minute": 18,
        "second": 24,
        "nano": 0
      }
    },
    "citySender": "Ірпінь",
    "cityRecipient": "Харків"
  },
  {
    "number": 20450171855279,
    "dateTime": {
      "date": {
        "year": 2019,
        "month": 10,
        "day": 16
      },
      "time": {
        "hour": 22,
        "minute": 45,
        "second": 28,
        "nano": 0
      }
    },
    "citySender": "Київ",
    "cityRecipient": "Мелітополь"
  },
  {
    "number": 20450171855280,
    "dateTime": {
      "date": {
        "year": 2019,
        "month": 10,
        "day": 16
      },
      "time": {
        "hour": 15,
        "minute": 52,
        "second": 56,
        "nano": 0
      }
    },
    "citySender": "Дніпро",
    "cityRecipient": "Кам\u0027янське(Дніпропетровська обл)"
  },
  {
    "number": 20450171855282,
    "dateTime": {
      "date": {
        "year": 2019,
        "month": 10,
        "day": 16
      },
      "time": {
        "hour": 9,
        "minute": 12,
        "second": 35,
        "nano": 0
      }
    },
    "citySender": "Львів",
    "cityRecipient": "Мала Виска"
  },
  {
    "number": 20450171855283,
    "dateTime": {
      "date": {
        "year": 2019,
        "month": 10,
        "day": 16
      },
      "time": {
        "hour": 13,
        "minute": 33,
        "second": 12,
        "nano": 0
      }
    },
    "citySender": "Мирноград",
    "cityRecipient": "Черкаси"
  },
  {
    "number": 20450171855284,
    "dateTime": {
      "date": {
        "year": 2019,
        "month": 10,
        "day": 16
      },
      "time": {
        "hour": 14,
        "minute": 12,
        "second": 58,
        "nano": 0
      }
    },
    "citySender": "Одеса",
    "cityRecipient": "Городище (Черкаська обл.)"
  },
  {
    "number": 20450171855285,
    "dateTime": {
      "date": {
        "year": 2019,
        "month": 10,
        "day": 16
      },
      "time": {
        "hour": 8,
        "minute": 17,
        "second": 28,
        "nano": 0
      }
    },
    "citySender": "Дніпро",
    "cityRecipient": "Ізмаїл"
  },
  {
    "number": 20450171855286,
    "dateTime": {
      "date": {
        "year": 2019,
        "month": 10,
        "day": 16
      },
      "time": {
        "hour": 8,
        "minute": 56,
        "second": 53,
        "nano": 0
      }
    },
    "citySender": "Київ",
    "cityRecipient": "Золотоноша"
  },
  {
    "number": 20450171855287,
    "dateTime": {
      "date": {
        "year": 2019,
        "month": 10,
        "day": 16
      },
      "time": {
        "hour": 9,
        "minute": 4,
        "second": 54,
        "nano": 0
      }
    },
    "citySender": "Долина",
    "cityRecipient": "Михайлівка-Рубежівка"
  },
  {
    "number": 20450171855288,
    "dateTime": {
      "date": {
        "year": 2019,
        "month": 10,
        "day": 16
      },
      "time": {
        "hour": 14,
        "minute": 12,
        "second": 58,
        "nano": 0
      }
    },
    "citySender": "Одеса",
    "cityRecipient": "Буча"
  },
  {
    "number": 20450171855289,
    "dateTime": {
      "date": {
        "year": 2019,
        "month": 10,
        "day": 16
      },
      "time": {
        "hour": 11,
        "minute": 18,
        "second": 24,
        "nano": 0
      }
    },
    "citySender": "Ірпінь",
    "cityRecipient": "Коцюбинське"
  },
  {
    "number": 20450171855290,
    "dateTime": {
      "date": {
        "year": 2019,
        "month": 10,
        "day": 16
      },
      "time": {
        "hour": 12,
        "minute": 29,
        "second": 3,
        "nano": 0
      }
    },
    "citySender": "Буча",
    "cityRecipient": "Київ"
  },
  {
    "number": 20450171855291,
    "dateTime": {
      "date": {
        "year": 2019,
        "month": 10,
        "day": 16
      },
      "time": {
        "hour": 14,
        "minute": 49,
        "second": 45,
        "nano": 0
      }
    },
    "citySender": "Одеса",
    "cityRecipient": "Куп\u0027янськ"
  },
  {
    "number": 20450171855292,
    "dateTime": {
      "date": {
        "year": 2019,
        "month": 10,
        "day": 16
      },
      "time": {
        "hour": 9,
        "minute": 46,
        "second": 41,
        "nano": 0
      }
    },
    "citySender": "Запоріжжя",
    "cityRecipient": "Городенка"
  },
  {
    "number": 20450171855295,
    "dateTime": {
      "date": {
        "year": 2019,
        "month": 10,
        "day": 16
      },
      "time": {
        "hour": 13,
        "minute": 13,
        "second": 16,
        "nano": 0
      }
    },
    "citySender": "Хмельницький",
    "cityRecipient": "Токмак"
  },
  {
    "number": 20450171855297,
    "dateTime": {
      "date": {
        "year": 2019,
        "month": 10,
        "day": 16
      },
      "time": {
        "hour": 14,
        "minute": 10,
        "second": 48,
        "nano": 0
      }
    },
    "citySender": "Нововолинськ",
    "cityRecipient": "Бобровиця"
  },
  {
    "number": 20450171855298,
    "dateTime": {
      "date": {
        "year": 2019,
        "month": 10,
        "day": 16
      },
      "time": {
        "hour": 8,
        "minute": 49,
        "second": 39,
        "nano": 0
      }
    },
    "citySender": "Львів",
    "cityRecipient": "Львів"
  },
  {
    "number": 20450171855299,
    "dateTime": {
      "date": {
        "year": 2019,
        "month": 10,
        "day": 16
      },
      "time": {
        "hour": 15,
        "minute": 48,
        "second": 15,
        "nano": 0
      }
    },
    "citySender": "Одеса",
    "cityRecipient": "Дніпро"
  },
  {
    "number": 20450171855300,
    "dateTime": {
      "date": {
        "year": 2019,
        "month": 10,
        "day": 16
      },
      "time": {
        "hour": 14,
        "minute": 44,
        "second": 52,
        "nano": 0
      }
    },
    "citySender": "Біла Церква",
    "cityRecipient": "Кривий Ріг"
  },
  {
    "number": 20450171855301,
    "dateTime": {
      "date": {
        "year": 2019,
        "month": 10,
        "day": 16
      },
      "time": {
        "hour": 9,
        "minute": 27,
        "second": 39,
        "nano": 0
      }
    },
    "citySender": "Ізмаїл",
    "cityRecipient": "Харків"
  },
  {
    "number": 20450171855302,
    "dateTime": {
      "date": {
        "year": 2019,
        "month": 10,
        "day": 16
      },
      "time": {
        "hour": 14,
        "minute": 37,
        "second": 46,
        "nano": 0
      }
    },
    "citySender": "Чернігів",
    "cityRecipient": "Вінниця"
  },
  {
    "number": 20450171855303,
    "dateTime": {
      "date": {
        "year": 2019,
        "month": 10,
        "day": 16
      },
      "time": {
        "hour": 11,
        "minute": 39,
        "second": 58,
        "nano": 0
      }
    },
    "citySender": "Харків",
    "cityRecipient": "Знаменівка (Новомосковський р-н)"
  },
  {
    "number": 20450171855304,
    "dateTime": {
      "date": {
        "year": 2019,
        "month": 10,
        "day": 16
      },
      "time": {
        "hour": 16,
        "minute": 8,
        "second": 8,
        "nano": 0
      }
    },
    "citySender": "Лубни",
    "cityRecipient": "Харків"
  },
  {
    "number": 20450171855306,
    "dateTime": {
      "date": {
        "year": 2019,
        "month": 10,
        "day": 16
      },
      "time": {
        "hour": 13,
        "minute": 37,
        "second": 45,
        "nano": 0
      }
    },
    "citySender": "Хотянівка",
    "cityRecipient": "Київ"
  },
  {
    "number": 20450171855308,
    "dateTime": {
      "date": {
        "year": 2019,
        "month": 10,
        "day": 16
      },
      "time": {
        "hour": 16,
        "minute": 37,
        "second": 24,
        "nano": 0
      }
    },
    "citySender": "Дніпро",
    "cityRecipient": "Васильківка (Дніпропетровська обл.)"
  },
  {
    "number": 20450171855309,
    "dateTime": {
      "date": {
        "year": 2019,
        "month": 10,
        "day": 16
      },
      "time": {
        "hour": 8,
        "minute": 31,
        "second": 9,
        "nano": 0
      }
    },
    "citySender": "Київ",
    "cityRecipient": "Київ"
  },
  {
    "number": 20450171855310,
    "dateTime": {
      "date": {
        "year": 2019,
        "month": 10,
        "day": 16
      },
      "time": {
        "hour": 13,
        "minute": 21,
        "second": 41,
        "nano": 0
      }
    },
    "citySender": "Харків",
    "cityRecipient": "Черкаси"
  },
  {
    "number": 20450171855311,
    "dateTime": {
      "date": {
        "year": 2019,
        "month": 10,
        "day": 16
      },
      "time": {
        "hour": 22,
        "minute": 45,
        "second": 28,
        "nano": 0
      }
    },
    "citySender": "Київ",
    "cityRecipient": "Костянтинівка (Донецька обл.)"
  },
  {
    "number": 20450171855312,
    "dateTime": {
      "date": {
        "year": 2019,
        "month": 10,
        "day": 16
      },
      "time": {
        "hour": 13,
        "minute": 37,
        "second": 19,
        "nano": 0
      }
    },
    "citySender": "Одеса",
    "cityRecipient": "Корсунь-Шевченківський"
  },
  {
    "number": 20450171855313,
    "dateTime": {
      "date": {
        "year": 2019,
        "month": 10,
        "day": 16
      },
      "time": {
        "hour": 9,
        "minute": 38,
        "second": 25,
        "nano": 0
      }
    },
    "citySender": "Київ",
    "cityRecipient": "Одеса"
  },
  {
    "number": 20450171855314,
    "dateTime": {
      "date": {
        "year": 2019,
        "month": 10,
        "day": 16
      },
      "time": {
        "hour": 18,
        "minute": 7,
        "second": 11,
        "nano": 0
      }
    },
    "citySender": "Полтава",
    "cityRecipient": "Харків"
  },
  {
    "number": 20450171855315,
    "dateTime": {
      "date": {
        "year": 2019,
        "month": 10,
        "day": 16
      },
      "time": {
        "hour": 10,
        "minute": 18,
        "second": 59,
        "nano": 0
      }
    },
    "citySender": "Брацлав",
    "cityRecipient": "Теплик"
  },
  {
    "number": 20450171855318,
    "dateTime": {
      "date": {
        "year": 2019,
        "month": 10,
        "day": 16
      },
      "time": {
        "hour": 11,
        "minute": 18,
        "second": 24,
        "nano": 0
      }
    },
    "citySender": "Ірпінь",
    "cityRecipient": "Харків"
  },
  {
    "number": 20450171855319,
    "dateTime": {
      "date": {
        "year": 2019,
        "month": 10,
        "day": 16
      },
      "time": {
        "hour": 14,
        "minute": 5,
        "second": 20,
        "nano": 0
      }
    },
    "citySender": "Львів",
    "cityRecipient": "Королево"
  },
  {
    "number": 20450171855320,
    "dateTime": {
      "date": {
        "year": 2019,
        "month": 10,
        "day": 16
      },
      "time": {
        "hour": 16,
        "minute": 44,
        "second": 42,
        "nano": 0
      }
    },
    "citySender": "Харків",
    "cityRecipient": "Ізмаїл"
  },
  {
    "number": 20450171855321,
    "dateTime": {
      "date": {
        "year": 2019,
        "month": 10,
        "day": 16
      },
      "time": {
        "hour": 8,
        "minute": 13,
        "second": 24,
        "nano": 0
      }
    },
    "citySender": "Дніпро",
    "cityRecipient": "Великодолинське"
  },
  {
    "number": 20450171855322,
    "dateTime": {
      "date": {
        "year": 2019,
        "month": 10,
        "day": 16
      },
      "time": {
        "hour": 18,
        "minute": 13,
        "second": 7,
        "nano": 0
      }
    },
    "citySender": "Миколаїв",
    "cityRecipient": "Свалява"
  },
  {
    "number": 20450171855323,
    "dateTime": {
      "date": {
        "year": 2019,
        "month": 10,
        "day": 16
      },
      "time": {
        "hour": 15,
        "minute": 5,
        "second": 59,
        "nano": 0
      }
    },
    "citySender": "Одеса",
    "cityRecipient": "Чернігів"
  },
  {
    "number": 20450171855324,
    "dateTime": {
      "date": {
        "year": 2019,
        "month": 10,
        "day": 16
      },
      "time": {
        "hour": 9,
        "minute": 19,
        "second": 29,
        "nano": 0
      }
    },
    "citySender": "Миколаїв (Львівська обл., Миколаївський р-н)",
    "cityRecipient": "Дніпро"
  },
  {
    "number": 20450171855326,
    "dateTime": {
      "date": {
        "year": 2019,
        "month": 10,
        "day": 16
      },
      "time": {
        "hour": 11,
        "minute": 6,
        "second": 5,
        "nano": 0
      }
    },
    "citySender": "Житомир",
    "cityRecipient": "Івано-Франківськ"
  },
  {
    "number": 20450171855327,
    "dateTime": {
      "date": {
        "year": 2019,
        "month": 10,
        "day": 16
      },
      "time": {
        "hour": 14,
        "minute": 10,
        "second": 48,
        "nano": 0
      }
    },
    "citySender": "Нововолинськ",
    "cityRecipient": "Дніпро"
  },
  {
    "number": 20450171855328,
    "dateTime": {
      "date": {
        "year": 2019,
        "month": 10,
        "day": 16
      },
      "time": {
        "hour": 17,
        "minute": 2,
        "second": 52,
        "nano": 0
      }
    },
    "citySender": "Київ",
    "cityRecipient": "Хорол"
  },
  {
    "number": 20450171855329,
    "dateTime": {
      "date": {
        "year": 2019,
        "month": 10,
        "day": 16
      },
      "time": {
        "hour": 11,
        "minute": 18,
        "second": 24,
        "nano": 0
      }
    },
    "citySender": "Ірпінь",
    "cityRecipient": "Маріуполь"
  },
  {
    "number": 20450171855330,
    "dateTime": {
      "date": {
        "year": 2019,
        "month": 10,
        "day": 16
      },
      "time": {
        "hour": 22,
        "minute": 45,
        "second": 28,
        "nano": 0
      }
    },
    "citySender": "Київ",
    "cityRecipient": "Кам\u0027янське(Дніпропетровська обл)"
  },
  {
    "number": 20450171855331,
    "dateTime": {
      "date": {
        "year": 2019,
        "month": 10,
        "day": 16
      },
      "time": {
        "hour": 16,
        "minute": 8,
        "second": 8,
        "nano": 0
      }
    },
    "citySender": "Лубни",
    "cityRecipient": "Вишгород"
  },
  {
    "number": 20450171855332,
    "dateTime": {
      "date": {
        "year": 2019,
        "month": 10,
        "day": 16
      },
      "time": {
        "hour": 13,
        "minute": 21,
        "second": 41,
        "nano": 0
      }
    },
    "citySender": "Харків",
    "cityRecipient": "Косів"
  },
  {
    "number": 20450171855334,
    "dateTime": {
      "date": {
        "year": 2019,
        "month": 10,
        "day": 16
      },
      "time": {
        "hour": 8,
        "minute": 1,
        "second": 17,
        "nano": 0
      }
    },
    "citySender": "Рені",
    "cityRecipient": "Одеса"
  },
  {
    "number": 20450171855335,
    "dateTime": {
      "date": {
        "year": 2019,
        "month": 10,
        "day": 16
      },
      "time": {
        "hour": 8,
        "minute": 14,
        "second": 24,
        "nano": 0
      }
    },
    "citySender": "Київ",
    "cityRecipient": "Київ"
  },
  {
    "number": 20450171855336,
    "dateTime": {
      "date": {
        "year": 2019,
        "month": 10,
        "day": 16
      },
      "time": {
        "hour": 13,
        "minute": 37,
        "second": 19,
        "nano": 0
      }
    },
    "citySender": "Одеса",
    "cityRecipient": "Велика Новосілка"
  },
  {
    "number": 20450171855338,
    "dateTime": {
      "date": {
        "year": 2019,
        "month": 10,
        "day": 16
      },
      "time": {
        "hour": 9,
        "minute": 26,
        "second": 0,
        "nano": 0
      }
    },
    "citySender": "Дубровиця (Рівненська обл.)",
    "cityRecipient": "Вараш"
  },
  {
    "number": 20450171855339,
    "dateTime": {
      "date": {
        "year": 2019,
        "month": 10,
        "day": 16
      },
      "time": {
        "hour": 8,
        "minute": 59,
        "second": 42,
        "nano": 0
      }
    },
    "citySender": "Долина",
    "cityRecipient": "Львів"
  },
  {
    "number": 20450171855340,
    "dateTime": {
      "date": {
        "year": 2019,
        "month": 10,
        "day": 16
      },
      "time": {
        "hour": 15,
        "minute": 41,
        "second": 33,
        "nano": 0
      }
    },
    "citySender": "Баранівка",
    "cityRecipient": "Бердянськ"
  },
  {
    "number": 20450171855341,
    "dateTime": {
      "date": {
        "year": 2019,
        "month": 10,
        "day": 16
      },
      "time": {
        "hour": 9,
        "minute": 20,
        "second": 48,
        "nano": 0
      }
    },
    "citySender": "Вишневе",
    "cityRecipient": "Тучин"
  },
  {
    "number": 20450171855342,
    "dateTime": {
      "date": {
        "year": 2019,
        "month": 10,
        "day": 16
      },
      "time": {
        "hour": 10,
        "minute": 19,
        "second": 49,
        "nano": 0
      }
    },
    "citySender": "Одеса",
    "cityRecipient": "Корець"
  },
  {
    "number": 20450171855343,
    "dateTime": {
      "date": {
        "year": 2019,
        "month": 10,
        "day": 16
      },
      "time": {
        "hour": 16,
        "minute": 31,
        "second": 3,
        "nano": 0
      }
    },
    "citySender": "Мостиська",
    "cityRecipient": "Київ"
  },
  {
    "number": 20450171855344,
    "dateTime": {
      "date": {
        "year": 2019,
        "month": 10,
        "day": 16
      },
      "time": {
        "hour": 15,
        "minute": 48,
        "second": 15,
        "nano": 0
      }
    },
    "citySender": "Одеса",
    "cityRecipient": "Чулаківка"
  },
  {
    "number": 20450171855345,
    "dateTime": {
      "date": {
        "year": 2019,
        "month": 10,
        "day": 16
      },
      "time": {
        "hour": 12,
        "minute": 16,
        "second": 18,
        "nano": 0
      }
    },
    "citySender": "Ужгород",
    "cityRecipient": "Київ"
  },
  {
    "number": 20450171855346,
    "dateTime": {
      "date": {
        "year": 2019,
        "month": 10,
        "day": 16
      },
      "time": {
        "hour": 11,
        "minute": 39,
        "second": 48,
        "nano": 0
      }
    },
    "citySender": "Харків",
    "cityRecipient": "Одеса"
  },
  {
    "number": 20450171855347,
    "dateTime": {
      "date": {
        "year": 2019,
        "month": 10,
        "day": 16
      },
      "time": {
        "hour": 9,
        "minute": 20,
        "second": 28,
        "nano": 0
      }
    },
    "citySender": "Тальне",
    "cityRecipient": "Київ"
  },
  {
    "number": 20450171855350,
    "dateTime": {
      "date": {
        "year": 2019,
        "month": 10,
        "day": 16
      },
      "time": {
        "hour": 14,
        "minute": 44,
        "second": 52,
        "nano": 0
      }
    },
    "citySender": "Біла Церква",
    "cityRecipient": "Київ"
  },
  {
    "number": 20450171855351,
    "dateTime": {
      "date": {
        "year": 2019,
        "month": 10,
        "day": 16
      },
      "time": {
        "hour": 11,
        "minute": 18,
        "second": 24,
        "nano": 0
      }
    },
    "citySender": "Ірпінь",
    "cityRecipient": "Маріуполь"
  },
  {
    "number": 20450171855352,
    "dateTime": {
      "date": {
        "year": 2019,
        "month": 10,
        "day": 16
      },
      "time": {
        "hour": 14,
        "minute": 2,
        "second": 21,
        "nano": 0
      }
    },
    "citySender": "Новояворівськ",
    "cityRecipient": "Вінниця"
  },
  {
    "number": 20450171855354,
    "dateTime": {
      "date": {
        "year": 2019,
        "month": 10,
        "day": 16
      },
      "time": {
        "hour": 16,
        "minute": 8,
        "second": 8,
        "nano": 0
      }
    },
    "citySender": "Лубни",
    "cityRecipient": "Ізяслав"
  },
  {
    "number": 20450171855355,
    "dateTime": {
      "date": {
        "year": 2019,
        "month": 10,
        "day": 16
      },
      "time": {
        "hour": 12,
        "minute": 25,
        "second": 6,
        "nano": 0
      }
    },
    "citySender": "Ужгород",
    "cityRecipient": "Тернопіль"
  },
  {
    "number": 20450171855356,
    "dateTime": {
      "date": {
        "year": 2019,
        "month": 10,
        "day": 16
      },
      "time": {
        "hour": 14,
        "minute": 12,
        "second": 58,
        "nano": 0
      }
    },
    "citySender": "Одеса",
    "cityRecipient": "Ананьїв"
  },
  {
    "number": 20450171855357,
    "dateTime": {
      "date": {
        "year": 2019,
        "month": 10,
        "day": 16
      },
      "time": {
        "hour": 11,
        "minute": 14,
        "second": 14,
        "nano": 0
      }
    },
    "citySender": "Вінниця",
    "cityRecipient": "Ужгород"
  },
  {
    "number": 20450171855358,
    "dateTime": {
      "date": {
        "year": 2019,
        "month": 10,
        "day": 16
      },
      "time": {
        "hour": 22,
        "minute": 45,
        "second": 28,
        "nano": 0
      }
    },
    "citySender": "Київ",
    "cityRecipient": "Кременчук"
  },
  {
    "number": 20450171855359,
    "dateTime": {
      "date": {
        "year": 2019,
        "month": 10,
        "day": 16
      },
      "time": {
        "hour": 17,
        "minute": 3,
        "second": 27,
        "nano": 0
      }
    },
    "citySender": "Кам\u0027яна Яруга",
    "cityRecipient": "Луцьк"
  },
  {
    "number": 20450171855360,
    "dateTime": {
      "date": {
        "year": 2019,
        "month": 10,
        "day": 16
      },
      "time": {
        "hour": 9,
        "minute": 38,
        "second": 25,
        "nano": 0
      }
    },
    "citySender": "Київ",
    "cityRecipient": "Київ"
  },
  {
    "number": 20450171855361,
    "dateTime": {
      "date": {
        "year": 2019,
        "month": 10,
        "day": 16
      },
      "time": {
        "hour": 11,
        "minute": 10,
        "second": 34,
        "nano": 0
      }
    },
    "citySender": "Київ",
    "cityRecipient": "Львів"
  },
  {
    "number": 20450171855362,
    "dateTime": {
      "date": {
        "year": 2019,
        "month": 10,
        "day": 16
      },
      "time": {
        "hour": 14,
        "minute": 12,
        "second": 58,
        "nano": 0
      }
    },
    "citySender": "Одеса",
    "cityRecipient": "Середина-Буда"
  },
  {
    "number": 20450171855363,
    "dateTime": {
      "date": {
        "year": 2019,
        "month": 10,
        "day": 16
      },
      "time": {
        "hour": 9,
        "minute": 7,
        "second": 10,
        "nano": 0
      }
    },
    "citySender": "Харків",
    "cityRecipient": "Харків"
  },
  {
    "number": 20450171855364,
    "dateTime": {
      "date": {
        "year": 2019,
        "month": 10,
        "day": 16
      },
      "time": {
        "hour": 9,
        "minute": 25,
        "second": 26,
        "nano": 0
      }
    },
    "citySender": "Біляївка",
    "cityRecipient": "Обухів"
  },
  {
    "number": 20450171855365,
    "dateTime": {
      "date": {
        "year": 2019,
        "month": 10,
        "day": 16
      },
      "time": {
        "hour": 13,
        "minute": 37,
        "second": 20,
        "nano": 0
      }
    },
    "citySender": "Одеса",
    "cityRecipient": "Дніпро"
  },
  {
    "number": 20450171855366,
    "dateTime": {
      "date": {
        "year": 2019,
        "month": 10,
        "day": 16
      },
      "time": {
        "hour": 10,
        "minute": 14,
        "second": 56,
        "nano": 0
      }
    },
    "citySender": "Яготин",
    "cityRecipient": "Калинівка (Вінницька обл., Калинівський р-н)"
  },
  {
    "number": 20450171855367,
    "dateTime": {
      "date": {
        "year": 2019,
        "month": 10,
        "day": 16
      },
      "time": {
        "hour": 15,
        "minute": 48,
        "second": 15,
        "nano": 0
      }
    },
    "citySender": "Одеса",
    "cityRecipient": "Ковель"
  },
  {
    "number": 20450171855368,
    "dateTime": {
      "date": {
        "year": 2019,
        "month": 10,
        "day": 16
      },
      "time": {
        "hour": 11,
        "minute": 2,
        "second": 37,
        "nano": 0
      }
    },
    "citySender": "Івано-Франківськ",
    "cityRecipient": "Чернівці"
  },
  {
    "number": 20450171855369,
    "dateTime": {
      "date": {
        "year": 2019,
        "month": 10,
        "day": 16
      },
      "time": {
        "hour": 16,
        "minute": 19,
        "second": 10,
        "nano": 0
      }
    },
    "citySender": "Житомир",
    "cityRecipient": "Камінь-Каширський"
  },
  {
    "number": 20450171855370,
    "dateTime": {
      "date": {
        "year": 2019,
        "month": 10,
        "day": 16
      },
      "time": {
        "hour": 14,
        "minute": 12,
        "second": 58,
        "nano": 0
      }
    },
    "citySender": "Одеса",
    "cityRecipient": "Київ"
  }
]