[
  {
    "number": 20450171848179,
    "dateTime": {
      "date": {
        "year": 2019,
        "month": 10,
        "day": 16
      },
      "time": {
        "hour": 18,
        "minute": 28,
        "second": 27,
        "nano": 0
      }
    },
    "citySender": "Житомир",
    "cityRecipient": "Запоріжжя"
  },
  {
    "number": 20450171848180,
    "dateTime": {
      "date": {
        "year": 2019,
        "month": 10,
        "day": 16
      },
      "time": {
        "hour": 18,
        "minute": 54,
        "second": 23,
        "nano": 0
      }
    },
    "citySender": "Дачне",
    "cityRecipient": "Хмельницький"
  },
  {
    "number": 20450171848181,
    "dateTime": {
      "date": {
        "year": 2019,
        "month": 10,
        "day": 16
      },
      "time": {
        "hour": 9,
        "minute": 2,
        "second": 56,
        "nano": 0
      }
    },
    "citySender": "Коцюбинське",
    "cityRecipient": "Крихівці"
  },
  {
    "number": 20450171848182,
    "dateTime": {
      "date": {
        "year": 2019,
        "month": 10,
        "day": 16
      },
      "time": {
        "hour": 11,
        "minute": 56,
        "second": 3,
        "nano": 0
      }
    },
    "citySender": "Київ",
    "cityRecipient": "Обухів"
  },
  {
    "number": 20450171848183,
    "dateTime": {
      "date": {
        "year": 2019,
        "month": 10,
        "day": 16
      },
      "time": {
        "hour": 8,
        "minute": 6,
        "second": 18,
        "nano": 0
      }
    },
    "citySender": "Київ",
    "cityRecipient": "Одеса"
  },
  {
    "number": 20450171848184,
    "dateTime": {
      "date": {
        "year": 2019,
        "month": 10,
        "day": 16
      },
      "time": {
        "hour": 18,
        "minute": 54,
        "second": 27,
        "nano": 0
      }
    },
    "citySender": "Дачне",
    "cityRecipient": "Коломия"
  },
  {
    "number": 20450171848185,
    "dateTime": {
      "date": {
        "year": 2019,
        "month": 10,
        "day": 16
      },
      "time": {
        "hour": 13,
        "minute": 33,
        "second": 46,
        "nano": 0
      }
    },
    "citySender": "Краматорськ",
    "cityRecipient": "Київ"
  },
  {
    "number": 20450171848186,
    "dateTime": {
      "date": {
        "year": 2019,
        "month": 10,
        "day": 16
      },
      "time": {
        "hour": 10,
        "minute": 21,
        "second": 23,
        "nano": 0
      }
    },
    "citySender": "Новоград-Волинський",
    "cityRecipient": "Брусилів"
  },
  {
    "number": 20450171848188,
    "dateTime": {
      "date": {
        "year": 2019,
        "month": 10,
        "day": 16
      },
      "time": {
        "hour": 11,
        "minute": 28,
        "second": 19,
        "nano": 0
      }
    },
    "citySender": "Канів",
    "cityRecipient": "Велика Олександрівка (Херсонська обл.)"
  },
  {
    "number": 20450171848189,
    "dateTime": {
      "date": {
        "year": 2019,
        "month": 10,
        "day": 16
      },
      "time": {
        "hour": 18,
        "minute": 54,
        "second": 27,
        "nano": 0
      }
    },
    "citySender": "Дачне",
    "cityRecipient": "Велика Багачка"
  },
  {
    "number": 20450171848190,
    "dateTime": {
      "date": {
        "year": 2019,
        "month": 10,
        "day": 16
      },
      "time": {
        "hour": 12,
        "minute": 34,
        "second": 5,
        "nano": 0
      }
    },
    "citySender": "Мішково-Погорілове",
    "cityRecipient": "Побузьке"
  },
  {
    "number": 20450171848192,
    "dateTime": {
      "date": {
        "year": 2019,
        "month": 10,
        "day": 16
      },
      "time": {
        "hour": 18,
        "minute": 54,
        "second": 27,
        "nano": 0
      }
    },
    "citySender": "Дачне",
    "cityRecipient": "Вараш"
  },
  {
    "number": 20450171848193,
    "dateTime": {
      "date": {
        "year": 2019,
        "month": 10,
        "day": 16
      },
      "time": {
        "hour": 18,
        "minute": 11,
        "second": 51,
        "nano": 0
      }
    },
    "citySender": "Новоселиця",
    "cityRecipient": "Кривий Ріг"
  },
  {
    "number": 20450171848194,
    "dateTime": {
      "date": {
        "year": 2019,
        "month": 10,
        "day": 16
      },
      "time": {
        "hour": 14,
        "minute": 38,
        "second": 29,
        "nano": 0
      }
    },
    "citySender": "Вінницькі Хутори",
    "cityRecipient": "Одеса"
  },
  {
    "number": 20450171848195,
    "dateTime": {
      "date": {
        "year": 2019,
        "month": 10,
        "day": 16
      },
      "time": {
        "hour": 22,
        "minute": 27,
        "second": 48,
        "nano": 0
      }
    },
    "citySender": "Київ",
    "cityRecipient": "Бердянськ"
  },
  {
    "number": 20450171848196,
    "dateTime": {
      "date": {
        "year": 2019,
        "month": 10,
        "day": 16
      },
      "time": {
        "hour": 18,
        "minute": 54,
        "second": 27,
        "nano": 0
      }
    },
    "citySender": "Дачне",
    "cityRecipient": "Родинське"
  },
  {
    "number": 20450171848197,
    "dateTime": {
      "date": {
        "year": 2019,
        "month": 10,
        "day": 16
      },
      "time": {
        "hour": 12,
        "minute": 14,
        "second": 57,
        "nano": 0
      }
    },
    "citySender": "Черкаси",
    "cityRecipient": "Дніпро"
  },
  {
    "number": 20450171848198,
    "dateTime": {
      "date": {
        "year": 2019,
        "month": 10,
        "day": 16
      },
      "time": {
        "hour": 14,
        "minute": 59,
        "second": 28,
        "nano": 0
      }
    },
    "citySender": "Суми",
    "cityRecipient": "Бояни"
  },
  {
    "number": 20450171848199,
    "dateTime": {
      "date": {
        "year": 2019,
        "month": 10,
        "day": 16
      },
      "time": {
        "hour": 18,
        "minute": 54,
        "second": 27,
        "nano": 0
      }
    },
    "citySender": "Дачне",
    "cityRecipient": "Олександрія (м.Кіровогр.обл.райц)"
  },
  {
    "number": 20450171848200,
    "dateTime": {
      "date": {
        "year": 2019,
        "month": 10,
        "day": 16
      },
      "time": {
        "hour": 10,
        "minute": 31,
        "second": 38,
        "nano": 0
      }
    },
    "citySender": "Володимирець",
    "cityRecipient": "Самбір"
  },
  {
    "number": 20450171848201,
    "dateTime": {
      "date": {
        "year": 2019,
        "month": 10,
        "day": 16
      },
      "time": {
        "hour": 12,
        "minute": 34,
        "second": 5,
        "nano": 0
      }
    },
    "citySender": "Мішково-Погорілове",
    "cityRecipient": "Каховка"
  },
  {
    "number": 20450171848202,
    "dateTime": {
      "date": {
        "year": 2019,
        "month": 10,
        "day": 16
      },
      "time": {
        "hour": 18,
        "minute": 54,
        "second": 27,
        "nano": 0
      }
    },
    "citySender": "Дачне",
    "cityRecipient": "Яготин"
  },
  {
    "number": 20450171848203,
    "dateTime": {
      "date": {
        "year": 2019,
        "month": 10,
        "day": 16
      },
      "time": {
        "hour": 18,
        "minute": 54,
        "second": 27,
        "nano": 0
      }
    },
    "citySender": "Дачне",
    "cityRecipient": "Харків"
  },
  {
    "number": 20450171848204,
    "dateTime": {
      "date": {
        "year": 2019,
        "month": 10,
        "day": 16
      },
      "time": {
        "hour": 18,
        "minute": 54,
        "second": 27,
        "nano": 0
      }
    },
    "citySender": "Дачне",
    "cityRecipient": "Тернопіль"
  },
  {
    "number": 20450171848205,
    "dateTime": {
      "date": {
        "year": 2019,
        "month": 10,
        "day": 16
      },
      "time": {
        "hour": 18,
        "minute": 54,
        "second": 27,
        "nano": 0
      }
    },
    "citySender": "Дачне",
    "cityRecipient": "Полтава"
  },
  {
    "number": 20450171848208,
    "dateTime": {
      "date": {
        "year": 2019,
        "month": 10,
        "day": 16
      },
      "time": {
        "hour": 18,
        "minute": 54,
        "second": 27,
        "nano": 0
      }
    },
    "citySender": "Дачне",
    "cityRecipient": "Чугуїв"
  },
  {
    "number": 20450171848209,
    "dateTime": {
      "date": {
        "year": 2019,
        "month": 10,
        "day": 16
      },
      "time": {
        "hour": 18,
        "minute": 54,
        "second": 29,
        "nano": 0
      }
    },
    "citySender": "Дачне",
    "cityRecipient": "Сєвєродонецьк"
  },
  {
    "number": 20450171848210,
    "dateTime": {
      "date": {
        "year": 2019,
        "month": 10,
        "day": 16
      },
      "time": {
        "hour": 18,
        "minute": 54,
        "second": 29,
        "nano": 0
      }
    },
    "citySender": "Дачне",
    "cityRecipient": "Нікополь (Дніпропетровська обл.)"
  },
  {
    "number": 20450171848211,
    "dateTime": {
      "date": {
        "year": 2019,
        "month": 10,
        "day": 16
      },
      "time": {
        "hour": 14,
        "minute": 28,
        "second": 15,
        "nano": 0
      }
    },
    "citySender": "Чернігів",
    "cityRecipient": "Клавдієво-Тарасове"
  },
  {
    "number": 20450171848212,
    "dateTime": {
      "date": {
        "year": 2019,
        "month": 10,
        "day": 16
      },
      "time": {
        "hour": 16,
        "minute": 5,
        "second": 44,
        "nano": 0
      }
    },
    "citySender": "Суми",
    "cityRecipient": "Київ"
  },
  {
    "number": 20450171848213,
    "dateTime": {
      "date": {
        "year": 2019,
        "month": 10,
        "day": 16
      },
      "time": {
        "hour": 18,
        "minute": 2,
        "second": 45,
        "nano": 0
      }
    },
    "citySender": "Одеса",
    "cityRecipient": "Бучач"
  },
  {
    "number": 20450171848214,
    "dateTime": {
      "date": {
        "year": 2019,
        "month": 10,
        "day": 16
      },
      "time": {
        "hour": 18,
        "minute": 54,
        "second": 29,
        "nano": 0
      }
    },
    "citySender": "Дачне",
    "cityRecipient": "Тульчин"
  },
  {
    "number": 20450171848215,
    "dateTime": {
      "date": {
        "year": 2019,
        "month": 10,
        "day": 16
      },
      "time": {
        "hour": 18,
        "minute": 54,
        "second": 29,
        "nano": 0
      }
    },
    "citySender": "Дачне",
    "cityRecipient": "Запоріжжя"
  },
  {
    "number": 20450171848216,
    "dateTime": {
      "date": {
        "year": 2019,
        "month": 10,
        "day": 16
      },
      "time": {
        "hour": 18,
        "minute": 54,
        "second": 29,
        "nano": 0
      }
    },
    "citySender": "Дачне",
    "cityRecipient": "Лиман(Донецька обл)"
  },
  {
    "number": 20450171848218,
    "dateTime": {
      "date": {
        "year": 2019,
        "month": 10,
        "day": 16
      },
      "time": {
        "hour": 17,
        "minute": 37,
        "second": 38,
        "nano": 0
      }
    },
    "citySender": "Київ",
    "cityRecipient": "Миколаїв (Львівська обл., Миколаївський р-н)"
  },
  {
    "number": 20450171848219,
    "dateTime": {
      "date": {
        "year": 2019,
        "month": 10,
        "day": 16
      },
      "time": {
        "hour": 18,
        "minute": 54,
        "second": 29,
        "nano": 0
      }
    },
    "citySender": "Дачне",
    "cityRecipient": "Первомайськ(Микол.обл.Первомайс.р-н)"
  },
  {
    "number": 20450171848220,
    "dateTime": {
      "date": {
        "year": 2019,
        "month": 10,
        "day": 16
      },
      "time": {
        "hour": 11,
        "minute": 52,
        "second": 23,
        "nano": 0
      }
    },
    "citySender": "Київ",
    "cityRecipient": "Святопетрівське (Києво-Свят.р-н)"
  },
  {
    "number": 20450171848221,
    "dateTime": {
      "date": {
        "year": 2019,
        "month": 10,
        "day": 16
      },
      "time": {
        "hour": 18,
        "minute": 54,
        "second": 29,
        "nano": 0
      }
    },
    "citySender": "Дачне",
    "cityRecipient": "Корсунь-Шевченківський"
  },
  {
    "number": 20450171848222,
    "dateTime": {
      "date": {
        "year": 2019,
        "month": 10,
        "day": 16
      },
      "time": {
        "hour": 18,
        "minute": 54,
        "second": 29,
        "nano": 0
      }
    },
    "citySender": "Дачне",
    "cityRecipient": "Львів"
  },
  {
    "number": 20450171848223,
    "dateTime": {
      "date": {
        "year": 2019,
        "month": 10,
        "day": 16
      },
      "time": {
        "hour": 15,
        "minute": 5,
        "second": 46,
        "nano": 0
      }
    },
    "citySender": "Чайки",
    "cityRecipient": "Олександрія (м.Кіровогр.обл.райц)"
  },
  {
    "number": 20450171848224,
    "dateTime": {
      "date": {
        "year": 2019,
        "month": 10,
        "day": 16
      },
      "time": {
        "hour": 18,
        "minute": 54,
        "second": 29,
        "nano": 0
      }
    },
    "citySender": "Дачне",
    "cityRecipient": "Кременчук"
  },
  {
    "number": 20450171848225,
    "dateTime": {
      "date": {
        "year": 2019,
        "month": 10,
        "day": 16
      },
      "time": {
        "hour": 18,
        "minute": 54,
        "second": 29,
        "nano": 0
      }
    },
    "citySender": "Дачне",
    "cityRecipient": "Вінниця"
  },
  {
    "number": 20450171848227,
    "dateTime": {
      "date": {
        "year": 2019,
        "month": 10,
        "day": 16
      },
      "time": {
        "hour": 18,
        "minute": 54,
        "second": 31,
        "nano": 0
      }
    },
    "citySender": "Дачне",
    "cityRecipient": "Кривий Ріг"
  },
  {
    "number": 20450171848228,
    "dateTime": {
      "date": {
        "year": 2019,
        "month": 10,
        "day": 16
      },
      "time": {
        "hour": 9,
        "minute": 9,
        "second": 39,
        "nano": 0
      }
    },
    "citySender": "Святопетрівське (Києво-Свят.р-н)",
    "cityRecipient": "Дніпро"
  },
  {
    "number": 20450171848229,
    "dateTime": {
      "date": {
        "year": 2019,
        "month": 10,
        "day": 16
      },
      "time": {
        "hour": 11,
        "minute": 32,
        "second": 41,
        "nano": 0
      }
    },
    "citySender": "Заліщики",
    "cityRecipient": "Вінниця"
  },
  {
    "number": 20450171848230,
    "dateTime": {
      "date": {
        "year": 2019,
        "month": 10,
        "day": 16
      },
      "time": {
        "hour": 18,
        "minute": 54,
        "second": 31,
        "nano": 0
      }
    },
    "citySender": "Дачне",
    "cityRecipient": "Полтава"
  },
  {
    "number": 20450171848231,
    "dateTime": {
      "date": {
        "year": 2019,
        "month": 10,
        "day": 16
      },
      "time": {
        "hour": 12,
        "minute": 34,
        "second": 7,
        "nano": 0
      }
    },
    "citySender": "Мішково-Погорілове",
    "cityRecipient": "Монастирище"
  },
  {
    "number": 20450171848232,
    "dateTime": {
      "date": {
        "year": 2019,
        "month": 10,
        "day": 16
      },
      "time": {
        "hour": 9,
        "minute": 7,
        "second": 31,
        "nano": 0
      }
    },
    "citySender": "Вінниця",
    "cityRecipient": "Чортків"
  },
  {
    "number": 20450171848233,
    "dateTime": {
      "date": {
        "year": 2019,
        "month": 10,
        "day": 16
      },
      "time": {
        "hour": 18,
        "minute": 54,
        "second": 31,
        "nano": 0
      }
    },
    "citySender": "Дачне",
    "cityRecipient": "Харків"
  },
  {
    "number": 20450171848234,
    "dateTime": {
      "date": {
        "year": 2019,
        "month": 10,
        "day": 16
      },
      "time": {
        "hour": 9,
        "minute": 13,
        "second": 28,
        "nano": 0
      }
    },
    "citySender": "Сарни",
    "cityRecipient": "Фастів"
  },
  {
    "number": 20450171848235,
    "dateTime": {
      "date": {
        "year": 2019,
        "month": 10,
        "day": 16
      },
      "time": {
        "hour": 18,
        "minute": 54,
        "second": 31,
        "nano": 0
      }
    },
    "citySender": "Дачне",
    "cityRecipient": "Дмитрівка (Дніпропетровська обл.)"
  },
  {
    "number": 20450171848236,
    "dateTime": {
      "date": {
        "year": 2019,
        "month": 10,
        "day": 16
      },
      "time": {
        "hour": 11,
        "minute": 53,
        "second": 34,
        "nano": 0
      }
    },
    "citySender": "Київ",
    "cityRecipient": "Київ"
  },
  {
    "number": 20450171848237,
    "dateTime": {
      "date": {
        "year": 2019,
        "month": 10,
        "day": 16
      },
      "time": {
        "hour": 18,
        "minute": 54,
        "second": 32,
        "nano": 0
      }
    },
    "citySender": "Дачне",
    "cityRecipient": "Запоріжжя"
  },
  {
    "number": 20450171848238,
    "dateTime": {
      "date": {
        "year": 2019,
        "month": 10,
        "day": 16
      },
      "time": {
        "hour": 16,
        "minute": 28,
        "second": 1,
        "nano": 0
      }
    },
    "citySender": "Вінниця",
    "cityRecipient": "Обухів"
  },
  {
    "number": 20450171848239,
    "dateTime": {
      "date": {
        "year": 2019,
        "month": 10,
        "day": 16
      },
      "time": {
        "hour": 18,
        "minute": 54,
        "second": 32,
        "nano": 0
      }
    },
    "citySender": "Дачне",
    "cityRecipient": "Каховка"
  },
  {
    "number": 20450171848240,
    "dateTime": {
      "date": {
        "year": 2019,
        "month": 10,
        "day": 16
      },
      "time": {
        "hour": 18,
        "minute": 54,
        "second": 32,
        "nano": 0
      }
    },
    "citySender": "Дачне",
    "cityRecipient": "Біла Церква"
  },
  {
    "number": 20450171848241,
    "dateTime": {
      "date": {
        "year": 2019,
        "month": 10,
        "day": 16
      },
      "time": {
        "hour": 18,
        "minute": 54,
        "second": 32,
        "nano": 0
      }
    },
    "citySender": "Дачне",
    "cityRecipient": "Карлівка"
  },
  {
    "number": 20450171848242,
    "dateTime": {
      "date": {
        "year": 2019,
        "month": 10,
        "day": 16
      },
      "time": {
        "hour": 12,
        "minute": 36,
        "second": 57,
        "nano": 0
      }
    },
    "citySender": "Львів",
    "cityRecipient": "Ромни"
  },
  {
    "number": 20450171848243,
    "dateTime": {
      "date": {
        "year": 2019,
        "month": 10,
        "day": 16
      },
      "time": {
        "hour": 11,
        "minute": 21,
        "second": 51,
        "nano": 0
      }
    },
    "citySender": "Суми",
    "cityRecipient": "Вознесенськ"
  },
  {
    "number": 20450171848244,
    "dateTime": {
      "date": {
        "year": 2019,
        "month": 10,
        "day": 16
      },
      "time": {
        "hour": 18,
        "minute": 54,
        "second": 32,
        "nano": 0
      }
    },
    "citySender": "Дачне",
    "cityRecipient": "Умань"
  },
  {
    "number": 20450171848245,
    "dateTime": {
      "date": {
        "year": 2019,
        "month": 10,
        "day": 16
      },
      "time": {
        "hour": 13,
        "minute": 23,
        "second": 29,
        "nano": 0
      }
    },
    "citySender": "Одеса",
    "cityRecipient": "Рокитне (Рівненська обл., Рокитнівський р-н)"
  },
  {
    "number": 20450171848246,
    "dateTime": {
      "date": {
        "year": 2019,
        "month": 10,
        "day": 16
      },
      "time": {
        "hour": 18,
        "minute": 54,
        "second": 32,
        "nano": 0
      }
    },
    "citySender": "Дачне",
    "cityRecipient": "Кременчук"
  },
  {
    "number": 20450171848247,
    "dateTime": {
      "date": {
        "year": 2019,
        "month": 10,
        "day": 16
      },
      "time": {
        "hour": 18,
        "minute": 54,
        "second": 36,
        "nano": 0
      }
    },
    "citySender": "Дачне",
    "cityRecipient": "Ладижин"
  },
  {
    "number": 20450171848248,
    "dateTime": {
      "date": {
        "year": 2019,
        "month": 10,
        "day": 16
      },
      "time": {
        "hour": 18,
        "minute": 54,
        "second": 36,
        "nano": 0
      }
    },
    "citySender": "Дачне",
    "cityRecipient": "Краматорськ"
  },
  {
    "number": 20450171848250,
    "dateTime": {
      "date": {
        "year": 2019,
        "month": 10,
        "day": 16
      },
      "time": {
        "hour": 12,
        "minute": 22,
        "second": 17,
        "nano": 0
      }
    },
    "citySender": "Київ",
    "cityRecipient": "Київ"
  },
  {
    "number": 20450171848251,
    "dateTime": {
      "date": {
        "year": 2019,
        "month": 10,
        "day": 16
      },
      "time": {
        "hour": 17,
        "minute": 56,
        "second": 11,
        "nano": 0
      }
    },
    "citySender": "Серебрія",
    "cityRecipient": "Харків"
  },
  {
    "number": 20450171848252,
    "dateTime": {
      "date": {
        "year": 2019,
        "month": 10,
        "day": 16
      },
      "time": {
        "hour": 15,
        "minute": 0,
        "second": 15,
        "nano": 0
      }
    },
    "citySender": "Одеса",
    "cityRecipient": "Кременчук"
  },
  {
    "number": 20450171848253,
    "dateTime": {
      "date": {
        "year": 2019,
        "month": 10,
        "day": 16
      },
      "time": {
        "hour": 18,
        "minute": 54,
        "second": 36,
        "nano": 0
      }
    },
    "citySender": "Дачне",
    "cityRecipient": "Київ"
  },
  {
    "number": 20450171848254,
    "dateTime": {
      "date": {
        "year": 2019,
        "month": 10,
        "day": 16
      },
      "time": {
        "hour": 18,
        "minute": 54,
        "second": 36,
        "nano": 0
      }
    },
    "citySender": "Дачне",
    "cityRecipient": "Кривий Ріг"
  },
  {
    "number": 20450171848255,
    "dateTime": {
      "date": {
        "year": 2019,
        "month": 10,
        "day": 16
      },
      "time": {
        "hour": 13,
        "minute": 25,
        "second": 15,
        "nano": 0
      }
    },
    "citySender": "Одеса",
    "cityRecipient": "Одеса"
  },
  {
    "number": 20450171848256,
    "dateTime": {
      "date": {
        "year": 2019,
        "month": 10,
        "day": 16
      },
      "time": {
        "hour": 15,
        "minute": 52,
        "second": 47,
        "nano": 0
      }
    },
    "citySender": "Боярка",
    "cityRecipient": "Одеса"
  },
  {
    "number": 20450171848257,
    "dateTime": {
      "date": {
        "year": 2019,
        "month": 10,
        "day": 16
      },
      "time": {
        "hour": 16,
        "minute": 5,
        "second": 44,
        "nano": 0
      }
    },
    "citySender": "Суми",
    "cityRecipient": "Одеса"
  },
  {
    "number": 20450171848259,
    "dateTime": {
      "date": {
        "year": 2019,
        "month": 10,
        "day": 16
      },
      "time": {
        "hour": 18,
        "minute": 54,
        "second": 36,
        "nano": 0
      }
    },
    "citySender": "Дачне",
    "cityRecipient": "Бровари"
  },
  {
    "number": 20450171848260,
    "dateTime": {
      "date": {
        "year": 2019,
        "month": 10,
        "day": 16
      },
      "time": {
        "hour": 13,
        "minute": 24,
        "second": 49,
        "nano": 0
      }
    },
    "citySender": "Тернопіль",
    "cityRecipient": "Деражня"
  },
  {
    "number": 20450171848261,
    "dateTime": {
      "date": {
        "year": 2019,
        "month": 10,
        "day": 16
      },
      "time": {
        "hour": 12,
        "minute": 34,
        "second": 8,
        "nano": 0
      }
    },
    "citySender": "Мішково-Погорілове",
    "cityRecipient": "Харків"
  },
  {
    "number": 20450171848262,
    "dateTime": {
      "date": {
        "year": 2019,
        "month": 10,
        "day": 16
      },
      "time": {
        "hour": 12,
        "minute": 34,
        "second": 8,
        "nano": 0
      }
    },
    "citySender": "Мішково-Погорілове",
    "cityRecipient": "Маріуполь"
  },
  {
    "number": 20450171848263,
    "dateTime": {
      "date": {
        "year": 2019,
        "month": 10,
        "day": 16
      },
      "time": {
        "hour": 13,
        "minute": 17,
        "second": 36,
        "nano": 0
      }
    },
    "citySender": "Львів",
    "cityRecipient": "Черкаси"
  },
  {
    "number": 20450171848264,
    "dateTime": {
      "date": {
        "year": 2019,
        "month": 10,
        "day": 16
      },
      "time": {
        "hour": 12,
        "minute": 29,
        "second": 48,
        "nano": 0
      }
    },
    "citySender": "Почаїв",
    "cityRecipient": "Ірпінь"
  },
  {
    "number": 20450171848265,
    "dateTime": {
      "date": {
        "year": 2019,
        "month": 10,
        "day": 16
      },
      "time": {
        "hour": 13,
        "minute": 52,
        "second": 28,
        "nano": 0
      }
    },
    "citySender": "Нікополь (Дніпропетровська обл.)",
    "cityRecipient": "Київ"
  },
  {
    "number": 20450171848266,
    "dateTime": {
      "date": {
        "year": 2019,
        "month": 10,
        "day": 16
      },
      "time": {
        "hour": 11,
        "minute": 22,
        "second": 50,
        "nano": 0
      }
    },
    "citySender": "Львів",
    "cityRecipient": "Калуш"
  },
  {
    "number": 20450171848267,
    "dateTime": {
      "date": {
        "year": 2019,
        "month": 10,
        "day": 16
      },
      "time": {
        "hour": 16,
        "minute": 50,
        "second": 19,
        "nano": 0
      }
    },
    "citySender": "Вінниця",
    "cityRecipient": "Чернівці"
  },
  {
    "number": 20450171848268,
    "dateTime": {
      "date": {
        "year": 2019,
        "month": 10,
        "day": 16
      },
      "time": {
        "hour": 16,
        "minute": 52,
        "second": 32,
        "nano": 0
      }
    },
    "citySender": "Вінниця",
    "cityRecipient": "Дніпро"
  },
  {
    "number": 20450171848269,
    "dateTime": {
      "date": {
        "year": 2019,
        "month": 10,
        "day": 16
      },
      "time": {
        "hour": 10,
        "minute": 48,
        "second": 24,
        "nano": 0
      }
    },
    "citySender": "Полтава",
    "cityRecipient": "Мукачево"
  },
  {
    "number": 20450171848270,
    "dateTime": {
      "date": {
        "year": 2019,
        "month": 10,
        "day": 16
      },
      "time": {
        "hour": 18,
        "minute": 57,
        "second": 20,
        "nano": 0
      }
    },
    "citySender": "Львів",
    "cityRecipient": "Запоріжжя"
  },
  {
    "number": 20450171848271,
    "dateTime": {
      "date": {
        "year": 2019,
        "month": 10,
        "day": 16
      },
      "time": {
        "hour": 18,
        "minute": 32,
        "second": 0,
        "nano": 0
      }
    },
    "citySender": "Житомир",
    "cityRecipient": "Київ"
  },
  {
    "number": 20450171848274,
    "dateTime": {
      "date": {
        "year": 2019,
        "month": 10,
        "day": 16
      },
      "time": {
        "hour": 16,
        "minute": 42,
        "second": 39,
        "nano": 0
      }
    },
    "citySender": "Івано-Франківськ",
    "cityRecipient": "Вишневе"
  },
  {
    "number": 20450171848275,
    "dateTime": {
      "date": {
        "year": 2019,
        "month": 10,
        "day": 16
      },
      "time": {
        "hour": 14,
        "minute": 59,
        "second": 28,
        "nano": 0
      }
    },
    "citySender": "Суми",
    "cityRecipient": "Оріхів"
  },
  {
    "number": 20450171848277,
    "dateTime": {
      "date": {
        "year": 2019,
        "month": 10,
        "day": 16
      },
      "time": {
        "hour": 9,
        "minute": 18,
        "second": 58,
        "nano": 0
      }
    },
    "citySender": "Костопіль",
    "cityRecipient": "Кривий Ріг"
  },
  {
    "number": 20450171848278,
    "dateTime": {
      "date": {
        "year": 2019,
        "month": 10,
        "day": 16
      },
      "time": {
        "hour": 9,
        "minute": 21,
        "second": 20,
        "nano": 0
      }
    },
    "citySender": "Хмельницький",
    "cityRecipient": "Київ"
  }
]