[
  {
    "number": 20450171870946,
    "dateTime": {
      "date": {
        "year": 2019,
        "month": 10,
        "day": 16
      },
      "time": {
        "hour": 14,
        "minute": 46,
        "second": 24,
        "nano": 0
      }
    },
    "citySender": "Львів",
    "cityRecipient": "Козелець"
  },
  {
    "number": 20450171870947,
    "dateTime": {
      "date": {
        "year": 2019,
        "month": 10,
        "day": 16
      },
      "time": {
        "hour": 17,
        "minute": 45,
        "second": 23,
        "nano": 0
      }
    },
    "citySender": "Одеса",
    "cityRecipient": "Лисичанськ"
  },
  {
    "number": 20450171870948,
    "dateTime": {
      "date": {
        "year": 2019,
        "month": 10,
        "day": 16
      },
      "time": {
        "hour": 15,
        "minute": 5,
        "second": 30,
        "nano": 0
      }
    },
    "citySender": "Київ",
    "cityRecipient": "Київ"
  },
  {
    "number": 20450171870949,
    "dateTime": {
      "date": {
        "year": 2019,
        "month": 10,
        "day": 16
      },
      "time": {
        "hour": 16,
        "minute": 4,
        "second": 39,
        "nano": 0
      }
    },
    "citySender": "Дніпро",
    "cityRecipient": "Локачі"
  },
  {
    "number": 20450171870950,
    "dateTime": {
      "date": {
        "year": 2019,
        "month": 10,
        "day": 16
      },
      "time": {
        "hour": 10,
        "minute": 0,
        "second": 42,
        "nano": 0
      }
    },
    "citySender": "Вижниця",
    "cityRecipient": "Васильків"
  },
  {
    "number": 20450171870952,
    "dateTime": {
      "date": {
        "year": 2019,
        "month": 10,
        "day": 16
      },
      "time": {
        "hour": 10,
        "minute": 22,
        "second": 43,
        "nano": 0
      }
    },
    "citySender": "Коцюбинське",
    "cityRecipient": "Київ"
  },
  {
    "number": 20450171870953,
    "dateTime": {
      "date": {
        "year": 2019,
        "month": 10,
        "day": 16
      },
      "time": {
        "hour": 17,
        "minute": 31,
        "second": 17,
        "nano": 0
      }
    },
    "citySender": "Бровари",
    "cityRecipient": "Рогань(Велика Рогань)"
  },
  {
    "number": 20450171870954,
    "dateTime": {
      "date": {
        "year": 2019,
        "month": 10,
        "day": 16
      },
      "time": {
        "hour": 17,
        "minute": 35,
        "second": 3,
        "nano": 0
      }
    },
    "citySender": "Київ",
    "cityRecipient": "Київ"
  },
  {
    "number": 20450171870955,
    "dateTime": {
      "date": {
        "year": 2019,
        "month": 10,
        "day": 16
      },
      "time": {
        "hour": 17,
        "minute": 45,
        "second": 45,
        "nano": 0
      }
    },
    "citySender": "Одеса",
    "cityRecipient": "Зіньків"
  },
  {
    "number": 20450171870957,
    "dateTime": {
      "date": {
        "year": 2019,
        "month": 10,
        "day": 16
      },
      "time": {
        "hour": 17,
        "minute": 23,
        "second": 17,
        "nano": 0
      }
    },
    "citySender": "Колоденка",
    "cityRecipient": "Київ"
  },
  {
    "number": 20450171870958,
    "dateTime": {
      "date": {
        "year": 2019,
        "month": 10,
        "day": 16
      },
      "time": {
        "hour": 12,
        "minute": 11,
        "second": 17,
        "nano": 0
      }
    },
    "citySender": "Львів",
    "cityRecipient": "Царичанка"
  },
  {
    "number": 20450171870960,
    "dateTime": {
      "date": {
        "year": 2019,
        "month": 10,
        "day": 16
      },
      "time": {
        "hour": 15,
        "minute": 38,
        "second": 15,
        "nano": 0
      }
    },
    "citySender": "Кременчук",
    "cityRecipient": "Харків"
  },
  {
    "number": 20450171870961,
    "dateTime": {
      "date": {
        "year": 2019,
        "month": 10,
        "day": 16
      },
      "time": {
        "hour": 15,
        "minute": 53,
        "second": 50,
        "nano": 0
      }
    },
    "citySender": "Вишневе",
    "cityRecipient": "Київ"
  },
  {
    "number": 20450171870962,
    "dateTime": {
      "date": {
        "year": 2019,
        "month": 10,
        "day": 16
      },
      "time": {
        "hour": 14,
        "minute": 19,
        "second": 30,
        "nano": 0
      }
    },
    "citySender": "Чернігів",
    "cityRecipient": "Гнівань"
  },
  {
    "number": 20450171870963,
    "dateTime": {
      "date": {
        "year": 2019,
        "month": 10,
        "day": 16
      },
      "time": {
        "hour": 15,
        "minute": 59,
        "second": 36,
        "nano": 0
      }
    },
    "citySender": "Тернопіль",
    "cityRecipient": "Львів"
  },
  {
    "number": 20450171870964,
    "dateTime": {
      "date": {
        "year": 2019,
        "month": 10,
        "day": 16
      },
      "time": {
        "hour": 16,
        "minute": 0,
        "second": 54,
        "nano": 0
      }
    },
    "citySender": "Кременчук",
    "cityRecipient": "Вишгород"
  },
  {
    "number": 20450171870965,
    "dateTime": {
      "date": {
        "year": 2019,
        "month": 10,
        "day": 16
      },
      "time": {
        "hour": 19,
        "minute": 29,
        "second": 5,
        "nano": 0
      }
    },
    "citySender": "Київ",
    "cityRecipient": "Одеса"
  },
  {
    "number": 20450171870966,
    "dateTime": {
      "date": {
        "year": 2019,
        "month": 10,
        "day": 16
      },
      "time": {
        "hour": 17,
        "minute": 15,
        "second": 46,
        "nano": 0
      }
    },
    "citySender": "Київ",
    "cityRecipient": "Херсон"
  },
  {
    "number": 20450171870967,
    "dateTime": {
      "date": {
        "year": 2019,
        "month": 10,
        "day": 16
      },
      "time": {
        "hour": 13,
        "minute": 3,
        "second": 13,
        "nano": 0
      }
    },
    "citySender": "Харків",
    "cityRecipient": "Бровари"
  },
  {
    "number": 20450171870968,
    "dateTime": {
      "date": {
        "year": 2019,
        "month": 10,
        "day": 16
      },
      "time": {
        "hour": 16,
        "minute": 26,
        "second": 9,
        "nano": 0
      }
    },
    "citySender": "Дніпро",
    "cityRecipient": "Умань"
  },
  {
    "number": 20450171870969,
    "dateTime": {
      "date": {
        "year": 2019,
        "month": 10,
        "day": 16
      },
      "time": {
        "hour": 11,
        "minute": 32,
        "second": 7,
        "nano": 0
      }
    },
    "citySender": "Дружківка",
    "cityRecipient": "Козятин (місто, Вінницька обл.)"
  },
  {
    "number": 20450171870970,
    "dateTime": {
      "date": {
        "year": 2019,
        "month": 10,
        "day": 16
      },
      "time": {
        "hour": 17,
        "minute": 45,
        "second": 45,
        "nano": 0
      }
    },
    "citySender": "Одеса",
    "cityRecipient": "Одеса"
  },
  {
    "number": 20450171870972,
    "dateTime": {
      "date": {
        "year": 2019,
        "month": 10,
        "day": 16
      },
      "time": {
        "hour": 18,
        "minute": 45,
        "second": 59,
        "nano": 0
      }
    },
    "citySender": "Дніпро",
    "cityRecipient": "Кривий Ріг"
  },
  {
    "number": 20450171870973,
    "dateTime": {
      "date": {
        "year": 2019,
        "month": 10,
        "day": 16
      },
      "time": {
        "hour": 16,
        "minute": 1,
        "second": 3,
        "nano": 0
      }
    },
    "citySender": "Одеса",
    "cityRecipient": "Хмельницький"
  },
  {
    "number": 20450171870974,
    "dateTime": {
      "date": {
        "year": 2019,
        "month": 10,
        "day": 16
      },
      "time": {
        "hour": 17,
        "minute": 46,
        "second": 40,
        "nano": 0
      }
    },
    "citySender": "Одеса",
    "cityRecipient": "Мукачево"
  },
  {
    "number": 20450171870975,
    "dateTime": {
      "date": {
        "year": 2019,
        "month": 10,
        "day": 16
      },
      "time": {
        "hour": 16,
        "minute": 20,
        "second": 54,
        "nano": 0
      }
    },
    "citySender": "Новомосковськ",
    "cityRecipient": "Сміла"
  },
  {
    "number": 20450171870976,
    "dateTime": {
      "date": {
        "year": 2019,
        "month": 10,
        "day": 16
      },
      "time": {
        "hour": 18,
        "minute": 13,
        "second": 29,
        "nano": 0
      }
    },
    "citySender": "Біла Церква",
    "cityRecipient": "Шаргород (Вінницька обл.)"
  },
  {
    "number": 20450171870977,
    "dateTime": {
      "date": {
        "year": 2019,
        "month": 10,
        "day": 16
      },
      "time": {
        "hour": 16,
        "minute": 5,
        "second": 14,
        "nano": 0
      }
    },
    "citySender": "Харків",
    "cityRecipient": "Київ"
  },
  {
    "number": 20450171870978,
    "dateTime": {
      "date": {
        "year": 2019,
        "month": 10,
        "day": 16
      },
      "time": {
        "hour": 16,
        "minute": 16,
        "second": 8,
        "nano": 0
      }
    },
    "citySender": "Миколаїв",
    "cityRecipient": "Дніпро"
  },
  {
    "number": 20450171870979,
    "dateTime": {
      "date": {
        "year": 2019,
        "month": 10,
        "day": 16
      },
      "time": {
        "hour": 16,
        "minute": 39,
        "second": 11,
        "nano": 0
      }
    },
    "citySender": "Миколаїв",
    "cityRecipient": "Київ"
  },
  {
    "number": 20450171870980,
    "dateTime": {
      "date": {
        "year": 2019,
        "month": 10,
        "day": 16
      },
      "time": {
        "hour": 16,
        "minute": 47,
        "second": 50,
        "nano": 0
      }
    },
    "citySender": "Южноукраїнськ",
    "cityRecipient": "Одеса"
  },
  {
    "number": 20450171870981,
    "dateTime": {
      "date": {
        "year": 2019,
        "month": 10,
        "day": 16
      },
      "time": {
        "hour": 16,
        "minute": 42,
        "second": 47,
        "nano": 0
      }
    },
    "citySender": "Київ",
    "cityRecipient": "Харків"
  },
  {
    "number": 20450171870982,
    "dateTime": {
      "date": {
        "year": 2019,
        "month": 10,
        "day": 16
      },
      "time": {
        "hour": 17,
        "minute": 45,
        "second": 23,
        "nano": 0
      }
    },
    "citySender": "Одеса",
    "cityRecipient": "Київ"
  },
  {
    "number": 20450171870983,
    "dateTime": {
      "date": {
        "year": 2019,
        "month": 10,
        "day": 16
      },
      "time": {
        "hour": 17,
        "minute": 11,
        "second": 52,
        "nano": 0
      }
    },
    "citySender": "Тернопіль",
    "cityRecipient": "Львів"
  },
  {
    "number": 20450171870984,
    "dateTime": {
      "date": {
        "year": 2019,
        "month": 10,
        "day": 16
      },
      "time": {
        "hour": 15,
        "minute": 40,
        "second": 16,
        "nano": 0
      }
    },
    "citySender": "Авангард",
    "cityRecipient": "Бахмут"
  },
  {
    "number": 20450171870985,
    "dateTime": {
      "date": {
        "year": 2019,
        "month": 10,
        "day": 16
      },
      "time": {
        "hour": 17,
        "minute": 58,
        "second": 53,
        "nano": 0
      }
    },
    "citySender": "Тернопіль",
    "cityRecipient": "Львів"
  },
  {
    "number": 20450171870986,
    "dateTime": {
      "date": {
        "year": 2019,
        "month": 10,
        "day": 16
      },
      "time": {
        "hour": 17,
        "minute": 49,
        "second": 58,
        "nano": 0
      }
    },
    "citySender": "Одеса",
    "cityRecipient": "Миколаїв"
  },
  {
    "number": 20450171870987,
    "dateTime": {
      "date": {
        "year": 2019,
        "month": 10,
        "day": 16
      },
      "time": {
        "hour": 16,
        "minute": 52,
        "second": 26,
        "nano": 0
      }
    },
    "citySender": "Дніпро",
    "cityRecipient": "Одеса"
  },
  {
    "number": 20450171870988,
    "dateTime": {
      "date": {
        "year": 2019,
        "month": 10,
        "day": 16
      },
      "time": {
        "hour": 11,
        "minute": 8,
        "second": 10,
        "nano": 0
      }
    },
    "citySender": "Запоріжжя",
    "cityRecipient": "Луцьк"
  },
  {
    "number": 20450171870989,
    "dateTime": {
      "date": {
        "year": 2019,
        "month": 10,
        "day": 16
      },
      "time": {
        "hour": 17,
        "minute": 33,
        "second": 16,
        "nano": 0
      }
    },
    "citySender": "Запоріжжя",
    "cityRecipient": "Харків"
  },
  {
    "number": 20450171870990,
    "dateTime": {
      "date": {
        "year": 2019,
        "month": 10,
        "day": 16
      },
      "time": {
        "hour": 18,
        "minute": 10,
        "second": 33,
        "nano": 0
      }
    },
    "citySender": "Дніпро",
    "cityRecipient": "Маріуполь"
  },
  {
    "number": 20450171870991,
    "dateTime": {
      "date": {
        "year": 2019,
        "month": 10,
        "day": 16
      },
      "time": {
        "hour": 19,
        "minute": 16,
        "second": 14,
        "nano": 0
      }
    },
    "citySender": "Вишневе",
    "cityRecipient": "Дніпро"
  },
  {
    "number": 20450171870992,
    "dateTime": {
      "date": {
        "year": 2019,
        "month": 10,
        "day": 16
      },
      "time": {
        "hour": 13,
        "minute": 32,
        "second": 9,
        "nano": 0
      }
    },
    "citySender": "Хмельницький",
    "cityRecipient": "Орлівка"
  },
  {
    "number": 20450171870993,
    "dateTime": {
      "date": {
        "year": 2019,
        "month": 10,
        "day": 16
      },
      "time": {
        "hour": 16,
        "minute": 21,
        "second": 12,
        "nano": 0
      }
    },
    "citySender": "Івано-Франківськ",
    "cityRecipient": "Обухів"
  },
  {
    "number": 20450171870995,
    "dateTime": {
      "date": {
        "year": 2019,
        "month": 10,
        "day": 16
      },
      "time": {
        "hour": 14,
        "minute": 47,
        "second": 9,
        "nano": 0
      }
    },
    "citySender": "Мелітополь",
    "cityRecipient": "Черкаси"
  },
  {
    "number": 20450171870996,
    "dateTime": {
      "date": {
        "year": 2019,
        "month": 10,
        "day": 16
      },
      "time": {
        "hour": 12,
        "minute": 9,
        "second": 53,
        "nano": 0
      }
    },
    "citySender": "Одеса",
    "cityRecipient": "Хмельницький"
  },
  {
    "number": 20450171870997,
    "dateTime": {
      "date": {
        "year": 2019,
        "month": 10,
        "day": 16
      },
      "time": {
        "hour": 17,
        "minute": 15,
        "second": 31,
        "nano": 0
      }
    },
    "citySender": "Запоріжжя",
    "cityRecipient": "Сад"
  },
  {
    "number": 20450171870998,
    "dateTime": {
      "date": {
        "year": 2019,
        "month": 10,
        "day": 16
      },
      "time": {
        "hour": 16,
        "minute": 46,
        "second": 13,
        "nano": 0
      }
    },
    "citySender": "Чернівці",
    "cityRecipient": "Синевир"
  },
  {
    "number": 20450171870999,
    "dateTime": {
      "date": {
        "year": 2019,
        "month": 10,
        "day": 16
      },
      "time": {
        "hour": 13,
        "minute": 32,
        "second": 55,
        "nano": 0
      }
    },
    "citySender": "Чернівці",
    "cityRecipient": "Львів"
  },
  {
    "number": 20450171871000,
    "dateTime": {
      "date": {
        "year": 2019,
        "month": 10,
        "day": 16
      },
      "time": {
        "hour": 14,
        "minute": 51,
        "second": 27,
        "nano": 0
      }
    },
    "citySender": "Кривий Ріг",
    "cityRecipient": "Київ"
  },
  {
    "number": 20450171871002,
    "dateTime": {
      "date": {
        "year": 2019,
        "month": 10,
        "day": 16
      },
      "time": {
        "hour": 17,
        "minute": 44,
        "second": 2,
        "nano": 0
      }
    },
    "citySender": "Одеса",
    "cityRecipient": "Київ"
  },
  {
    "number": 20450171871003,
    "dateTime": {
      "date": {
        "year": 2019,
        "month": 10,
        "day": 16
      },
      "time": {
        "hour": 14,
        "minute": 1,
        "second": 22,
        "nano": 0
      }
    },
    "citySender": "Лука-Мелешківська",
    "cityRecipient": "Херсон"
  },
  {
    "number": 20450171871005,
    "dateTime": {
      "date": {
        "year": 2019,
        "month": 10,
        "day": 16
      },
      "time": {
        "hour": 12,
        "minute": 38,
        "second": 19,
        "nano": 0
      }
    },
    "citySender": "Хмельницький",
    "cityRecipient": "Тернопіль"
  },
  {
    "number": 20450171871006,
    "dateTime": {
      "date": {
        "year": 2019,
        "month": 10,
        "day": 16
      },
      "time": {
        "hour": 15,
        "minute": 10,
        "second": 38,
        "nano": 0
      }
    },
    "citySender": "Харків",
    "cityRecipient": "Чутове"
  },
  {
    "number": 20450171871007,
    "dateTime": {
      "date": {
        "year": 2019,
        "month": 10,
        "day": 16
      },
      "time": {
        "hour": 16,
        "minute": 42,
        "second": 18,
        "nano": 0
      }
    },
    "citySender": "Харків",
    "cityRecipient": "Велика Олександрівка (Херсонська обл.)"
  },
  {
    "number": 20450171871008,
    "dateTime": {
      "date": {
        "year": 2019,
        "month": 10,
        "day": 16
      },
      "time": {
        "hour": 13,
        "minute": 27,
        "second": 35,
        "nano": 0
      }
    },
    "citySender": "Мирноград",
    "cityRecipient": "Одеса"
  },
  {
    "number": 20450171871009,
    "dateTime": {
      "date": {
        "year": 2019,
        "month": 10,
        "day": 16
      },
      "time": {
        "hour": 17,
        "minute": 45,
        "second": 23,
        "nano": 0
      }
    },
    "citySender": "Одеса",
    "cityRecipient": "Харків"
  },
  {
    "number": 20450171871010,
    "dateTime": {
      "date": {
        "year": 2019,
        "month": 10,
        "day": 16
      },
      "time": {
        "hour": 17,
        "minute": 38,
        "second": 39,
        "nano": 0
      }
    },
    "citySender": "Рівне",
    "cityRecipient": "Хмільник (Вінницька обл.)"
  },
  {
    "number": 20450171871011,
    "dateTime": {
      "date": {
        "year": 2019,
        "month": 10,
        "day": 16
      },
      "time": {
        "hour": 17,
        "minute": 15,
        "second": 46,
        "nano": 0
      }
    },
    "citySender": "Долинське (Запорізький р-н)",
    "cityRecipient": "Тячів"
  },
  {
    "number": 20450171871012,
    "dateTime": {
      "date": {
        "year": 2019,
        "month": 10,
        "day": 16
      },
      "time": {
        "hour": 19,
        "minute": 39,
        "second": 5,
        "nano": 0
      }
    },
    "citySender": "Миколаїв",
    "cityRecipient": "Вінниця"
  },
  {
    "number": 20450171871013,
    "dateTime": {
      "date": {
        "year": 2019,
        "month": 10,
        "day": 16
      },
      "time": {
        "hour": 14,
        "minute": 1,
        "second": 22,
        "nano": 0
      }
    },
    "citySender": "Лука-Мелешківська",
    "cityRecipient": "Яланець"
  },
  {
    "number": 20450171871015,
    "dateTime": {
      "date": {
        "year": 2019,
        "month": 10,
        "day": 16
      },
      "time": {
        "hour": 18,
        "minute": 6,
        "second": 47,
        "nano": 0
      }
    },
    "citySender": "Київ",
    "cityRecipient": "Львів"
  },
  {
    "number": 20450171871016,
    "dateTime": {
      "date": {
        "year": 2019,
        "month": 10,
        "day": 16
      },
      "time": {
        "hour": 14,
        "minute": 1,
        "second": 22,
        "nano": 0
      }
    },
    "citySender": "Лука-Мелешківська",
    "cityRecipient": "Київ"
  },
  {
    "number": 20450171871017,
    "dateTime": {
      "date": {
        "year": 2019,
        "month": 10,
        "day": 16
      },
      "time": {
        "hour": 17,
        "minute": 18,
        "second": 33,
        "nano": 0
      }
    },
    "citySender": "Кривий Ріг",
    "cityRecipient": "Селидове"
  },
  {
    "number": 20450171871018,
    "dateTime": {
      "date": {
        "year": 2019,
        "month": 10,
        "day": 16
      },
      "time": {
        "hour": 12,
        "minute": 55,
        "second": 42,
        "nano": 0
      }
    },
    "citySender": "Сєвєродонецьк",
    "cityRecipient": "Харків"
  },
  {
    "number": 20450171871019,
    "dateTime": {
      "date": {
        "year": 2019,
        "month": 10,
        "day": 16
      },
      "time": {
        "hour": 15,
        "minute": 29,
        "second": 50,
        "nano": 0
      }
    },
    "citySender": "Харків",
    "cityRecipient": "Запоріжжя"
  },
  {
    "number": 20450171871020,
    "dateTime": {
      "date": {
        "year": 2019,
        "month": 10,
        "day": 16
      },
      "time": {
        "hour": 19,
        "minute": 0,
        "second": 51,
        "nano": 0
      }
    },
    "citySender": "Харків",
    "cityRecipient": "Мукачево"
  },
  {
    "number": 20450171871021,
    "dateTime": {
      "date": {
        "year": 2019,
        "month": 10,
        "day": 16
      },
      "time": {
        "hour": 16,
        "minute": 29,
        "second": 19,
        "nano": 0
      }
    },
    "citySender": "Одеса",
    "cityRecipient": "Енергодар"
  },
  {
    "number": 20450171871022,
    "dateTime": {
      "date": {
        "year": 2019,
        "month": 10,
        "day": 16
      },
      "time": {
        "hour": 17,
        "minute": 31,
        "second": 18,
        "nano": 0
      }
    },
    "citySender": "Бровари",
    "cityRecipient": "Синельникове"
  },
  {
    "number": 20450171871023,
    "dateTime": {
      "date": {
        "year": 2019,
        "month": 10,
        "day": 16
      },
      "time": {
        "hour": 17,
        "minute": 24,
        "second": 44,
        "nano": 0
      }
    },
    "citySender": "Київ",
    "cityRecipient": "Богородчани"
  },
  {
    "number": 20450171871024,
    "dateTime": {
      "date": {
        "year": 2019,
        "month": 10,
        "day": 16
      },
      "time": {
        "hour": 13,
        "minute": 34,
        "second": 24,
        "nano": 0
      }
    },
    "citySender": "Івано-Франківськ",
    "cityRecipient": "Васильків"
  },
  {
    "number": 20450171871025,
    "dateTime": {
      "date": {
        "year": 2019,
        "month": 10,
        "day": 16
      },
      "time": {
        "hour": 16,
        "minute": 20,
        "second": 44,
        "nano": 0
      }
    },
    "citySender": "Київ",
    "cityRecipient": "Радивилів"
  },
  {
    "number": 20450171871026,
    "dateTime": {
      "date": {
        "year": 2019,
        "month": 10,
        "day": 16
      },
      "time": {
        "hour": 19,
        "minute": 29,
        "second": 5,
        "nano": 0
      }
    },
    "citySender": "Київ",
    "cityRecipient": "Долина"
  },
  {
    "number": 20450171871027,
    "dateTime": {
      "date": {
        "year": 2019,
        "month": 10,
        "day": 16
      },
      "time": {
        "hour": 15,
        "minute": 6,
        "second": 57,
        "nano": 0
      }
    },
    "citySender": "Ілічанка",
    "cityRecipient": "Клесів"
  },
  {
    "number": 20450171871028,
    "dateTime": {
      "date": {
        "year": 2019,
        "month": 10,
        "day": 16
      },
      "time": {
        "hour": 17,
        "minute": 45,
        "second": 23,
        "nano": 0
      }
    },
    "citySender": "Одеса",
    "cityRecipient": "Мельниця-Подільська (Тернопільська обл.)"
  },
  {
    "number": 20450171871029,
    "dateTime": {
      "date": {
        "year": 2019,
        "month": 10,
        "day": 16
      },
      "time": {
        "hour": 12,
        "minute": 0,
        "second": 27,
        "nano": 0
      }
    },
    "citySender": "Новий Розділ",
    "cityRecipient": "Львів"
  },
  {
    "number": 20450171871030,
    "dateTime": {
      "date": {
        "year": 2019,
        "month": 10,
        "day": 16
      },
      "time": {
        "hour": 16,
        "minute": 55,
        "second": 41,
        "nano": 0
      }
    },
    "citySender": "Олександрія (м.Кіровогр.обл.райц)",
    "cityRecipient": "Веселинове"
  },
  {
    "number": 20450171871032,
    "dateTime": {
      "date": {
        "year": 2019,
        "month": 10,
        "day": 16
      },
      "time": {
        "hour": 14,
        "minute": 31,
        "second": 37,
        "nano": 0
      }
    },
    "citySender": "Київ",
    "cityRecipient": "Згурівка"
  },
  {
    "number": 20450171871033,
    "dateTime": {
      "date": {
        "year": 2019,
        "month": 10,
        "day": 16
      },
      "time": {
        "hour": 15,
        "minute": 40,
        "second": 16,
        "nano": 0
      }
    },
    "citySender": "Авангард",
    "cityRecipient": "Харків"
  },
  {
    "number": 20450171871034,
    "dateTime": {
      "date": {
        "year": 2019,
        "month": 10,
        "day": 16
      },
      "time": {
        "hour": 14,
        "minute": 1,
        "second": 22,
        "nano": 0
      }
    },
    "citySender": "Лука-Мелешківська",
    "cityRecipient": "Маріуполь"
  },
  {
    "number": 20450171871035,
    "dateTime": {
      "date": {
        "year": 2019,
        "month": 10,
        "day": 16
      },
      "time": {
        "hour": 14,
        "minute": 10,
        "second": 46,
        "nano": 0
      }
    },
    "citySender": "Київ",
    "cityRecipient": "Вільногірськ"
  },
  {
    "number": 20450171871036,
    "dateTime": {
      "date": {
        "year": 2019,
        "month": 10,
        "day": 16
      },
      "time": {
        "hour": 15,
        "minute": 8,
        "second": 45,
        "nano": 0
      }
    },
    "citySender": "Ілічанка",
    "cityRecipient": "Чернівці"
  },
  {
    "number": 20450171871037,
    "dateTime": {
      "date": {
        "year": 2019,
        "month": 10,
        "day": 16
      },
      "time": {
        "hour": 9,
        "minute": 59,
        "second": 25,
        "nano": 0
      }
    },
    "citySender": "Київ",
    "cityRecipient": "Дніпро"
  },
  {
    "number": 20450171871038,
    "dateTime": {
      "date": {
        "year": 2019,
        "month": 10,
        "day": 16
      },
      "time": {
        "hour": 14,
        "minute": 1,
        "second": 32,
        "nano": 0
      }
    },
    "citySender": "Вінниця",
    "cityRecipient": "Черкаси"
  },
  {
    "number": 20450171871039,
    "dateTime": {
      "date": {
        "year": 2019,
        "month": 10,
        "day": 16
      },
      "time": {
        "hour": 17,
        "minute": 41,
        "second": 12,
        "nano": 0
      }
    },
    "citySender": "Запоріжжя",
    "cityRecipient": "Чернігів"
  },
  {
    "number": 20450171871041,
    "dateTime": {
      "date": {
        "year": 2019,
        "month": 10,
        "day": 16
      },
      "time": {
        "hour": 10,
        "minute": 33,
        "second": 14,
        "nano": 0
      }
    },
    "citySender": "Червоноград (Львівська обл.)",
    "cityRecipient": "Одеса"
  },
  {
    "number": 20450171871042,
    "dateTime": {
      "date": {
        "year": 2019,
        "month": 10,
        "day": 16
      },
      "time": {
        "hour": 16,
        "minute": 9,
        "second": 23,
        "nano": 0
      }
    },
    "citySender": "Ірпінь",
    "cityRecipient": "Новий Буг"
  },
  {
    "number": 20450171871043,
    "dateTime": {
      "date": {
        "year": 2019,
        "month": 10,
        "day": 16
      },
      "time": {
        "hour": 17,
        "minute": 50,
        "second": 58,
        "nano": 0
      }
    },
    "citySender": "Тернопіль",
    "cityRecipient": "Харків"
  },
  {
    "number": 20450171871045,
    "dateTime": {
      "date": {
        "year": 2019,
        "month": 10,
        "day": 16
      },
      "time": {
        "hour": 13,
        "minute": 46,
        "second": 32,
        "nano": 0
      }
    },
    "citySender": "Угринів (Тисменицький р-н., Івано-Франк. обл.)",
    "cityRecipient": "Київ"
  }
]