[
  {
    "number": 20450171870146,
    "dateTime": {
      "date": {
        "year": 2019,
        "month": 10,
        "day": 16
      },
      "time": {
        "hour": 14,
        "minute": 18,
        "second": 48,
        "nano": 0
      }
    },
    "citySender": "Лука-Мелешківська",
    "cityRecipient": "Одеса"
  },
  {
    "number": 20450171870147,
    "dateTime": {
      "date": {
        "year": 2019,
        "month": 10,
        "day": 16
      },
      "time": {
        "hour": 17,
        "minute": 36,
        "second": 51,
        "nano": 0
      }
    },
    "citySender": "Запоріжжя",
    "cityRecipient": "Слов\u0027янськ"
  },
  {
    "number": 20450171870148,
    "dateTime": {
      "date": {
        "year": 2019,
        "month": 10,
        "day": 16
      },
      "time": {
        "hour": 16,
        "minute": 47,
        "second": 4,
        "nano": 0
      }
    },
    "citySender": "Олешки(Херсонська обл)",
    "cityRecipient": "Лиман(Донецька обл)"
  },
  {
    "number": 20450171870149,
    "dateTime": {
      "date": {
        "year": 2019,
        "month": 10,
        "day": 16
      },
      "time": {
        "hour": 23,
        "minute": 38,
        "second": 34,
        "nano": 0
      }
    },
    "citySender": "Запоріжжя",
    "cityRecipient": "Бровари"
  },
  {
    "number": 20450171870150,
    "dateTime": {
      "date": {
        "year": 2019,
        "month": 10,
        "day": 16
      },
      "time": {
        "hour": 9,
        "minute": 44,
        "second": 28,
        "nano": 0
      }
    },
    "citySender": "Київ",
    "cityRecipient": "Київ"
  },
  {
    "number": 20450171870151,
    "dateTime": {
      "date": {
        "year": 2019,
        "month": 10,
        "day": 16
      },
      "time": {
        "hour": 14,
        "minute": 18,
        "second": 48,
        "nano": 0
      }
    },
    "citySender": "Лука-Мелешківська",
    "cityRecipient": "Каланчак"
  },
  {
    "number": 20450171870152,
    "dateTime": {
      "date": {
        "year": 2019,
        "month": 10,
        "day": 16
      },
      "time": {
        "hour": 19,
        "minute": 19,
        "second": 49,
        "nano": 0
      }
    },
    "citySender": "Одеса",
    "cityRecipient": "Черкаси"
  },
  {
    "number": 20450171870153,
    "dateTime": {
      "date": {
        "year": 2019,
        "month": 10,
        "day": 16
      },
      "time": {
        "hour": 20,
        "minute": 6,
        "second": 17,
        "nano": 0
      }
    },
    "citySender": "Дніпро",
    "cityRecipient": "Львів"
  },
  {
    "number": 20450171870154,
    "dateTime": {
      "date": {
        "year": 2019,
        "month": 10,
        "day": 16
      },
      "time": {
        "hour": 10,
        "minute": 51,
        "second": 54,
        "nano": 0
      }
    },
    "citySender": "Дніпро",
    "cityRecipient": "Ставище"
  },
  {
    "number": 20450171870156,
    "dateTime": {
      "date": {
        "year": 2019,
        "month": 10,
        "day": 16
      },
      "time": {
        "hour": 11,
        "minute": 0,
        "second": 39,
        "nano": 0
      }
    },
    "citySender": "Рівне",
    "cityRecipient": "Київ"
  },
  {
    "number": 20450171870157,
    "dateTime": {
      "date": {
        "year": 2019,
        "month": 10,
        "day": 16
      },
      "time": {
        "hour": 17,
        "minute": 29,
        "second": 15,
        "nano": 0
      }
    },
    "citySender": "Одеса",
    "cityRecipient": "Київ"
  },
  {
    "number": 20450171870158,
    "dateTime": {
      "date": {
        "year": 2019,
        "month": 10,
        "day": 16
      },
      "time": {
        "hour": 12,
        "minute": 26,
        "second": 49,
        "nano": 0
      }
    },
    "citySender": "Київ",
    "cityRecipient": "Дивізія"
  },
  {
    "number": 20450171870159,
    "dateTime": {
      "date": {
        "year": 2019,
        "month": 10,
        "day": 16
      },
      "time": {
        "hour": 16,
        "minute": 37,
        "second": 49,
        "nano": 0
      }
    },
    "citySender": "Дніпро",
    "cityRecipient": "Куп\u0027янськ"
  },
  {
    "number": 20450171870160,
    "dateTime": {
      "date": {
        "year": 2019,
        "month": 10,
        "day": 16
      },
      "time": {
        "hour": 14,
        "minute": 40,
        "second": 22,
        "nano": 0
      }
    },
    "citySender": "Чернігів",
    "cityRecipient": "Львів"
  },
  {
    "number": 20450171870161,
    "dateTime": {
      "date": {
        "year": 2019,
        "month": 10,
        "day": 16
      },
      "time": {
        "hour": 10,
        "minute": 58,
        "second": 35,
        "nano": 0
      }
    },
    "citySender": "Вінниця",
    "cityRecipient": "Київ"
  },
  {
    "number": 20450171870162,
    "dateTime": {
      "date": {
        "year": 2019,
        "month": 10,
        "day": 16
      },
      "time": {
        "hour": 14,
        "minute": 41,
        "second": 44,
        "nano": 0
      }
    },
    "citySender": "Луцьк",
    "cityRecipient": "Білопілля"
  },
  {
    "number": 20450171870163,
    "dateTime": {
      "date": {
        "year": 2019,
        "month": 10,
        "day": 16
      },
      "time": {
        "hour": 21,
        "minute": 38,
        "second": 5,
        "nano": 0
      }
    },
    "citySender": "Львів",
    "cityRecipient": "Смига"
  },
  {
    "number": 20450171870164,
    "dateTime": {
      "date": {
        "year": 2019,
        "month": 10,
        "day": 16
      },
      "time": {
        "hour": 10,
        "minute": 23,
        "second": 14,
        "nano": 0
      }
    },
    "citySender": "Київ",
    "cityRecipient": "Синельникове"
  },
  {
    "number": 20450171870165,
    "dateTime": {
      "date": {
        "year": 2019,
        "month": 10,
        "day": 16
      },
      "time": {
        "hour": 15,
        "minute": 5,
        "second": 30,
        "nano": 0
      }
    },
    "citySender": "Київ",
    "cityRecipient": "Сєвєродонецьк"
  },
  {
    "number": 20450171870167,
    "dateTime": {
      "date": {
        "year": 2019,
        "month": 10,
        "day": 16
      },
      "time": {
        "hour": 15,
        "minute": 8,
        "second": 59,
        "nano": 0
      }
    },
    "citySender": "Винники",
    "cityRecipient": "Нова Каховка"
  },
  {
    "number": 20450171870168,
    "dateTime": {
      "date": {
        "year": 2019,
        "month": 10,
        "day": 16
      },
      "time": {
        "hour": 16,
        "minute": 1,
        "second": 26,
        "nano": 0
      }
    },
    "citySender": "Луцьк",
    "cityRecipient": "Чорноморськ"
  },
  {
    "number": 20450171870169,
    "dateTime": {
      "date": {
        "year": 2019,
        "month": 10,
        "day": 16
      },
      "time": {
        "hour": 14,
        "minute": 53,
        "second": 1,
        "nano": 0
      }
    },
    "citySender": "Одеса",
    "cityRecipient": "Мила"
  },
  {
    "number": 20450171870170,
    "dateTime": {
      "date": {
        "year": 2019,
        "month": 10,
        "day": 16
      },
      "time": {
        "hour": 17,
        "minute": 27,
        "second": 27,
        "nano": 0
      }
    },
    "citySender": "Кривий Ріг",
    "cityRecipient": "Харків"
  },
  {
    "number": 20450171870171,
    "dateTime": {
      "date": {
        "year": 2019,
        "month": 10,
        "day": 16
      },
      "time": {
        "hour": 10,
        "minute": 16,
        "second": 0,
        "nano": 0
      }
    },
    "citySender": "Київ",
    "cityRecipient": "Київ"
  },
  {
    "number": 20450171870172,
    "dateTime": {
      "date": {
        "year": 2019,
        "month": 10,
        "day": 16
      },
      "time": {
        "hour": 23,
        "minute": 52,
        "second": 32,
        "nano": 0
      }
    },
    "citySender": "Запоріжжя",
    "cityRecipient": "Нікополь (Дніпропетровська обл.)"
  },
  {
    "number": 20450171870174,
    "dateTime": {
      "date": {
        "year": 2019,
        "month": 10,
        "day": 16
      },
      "time": {
        "hour": 16,
        "minute": 43,
        "second": 54,
        "nano": 0
      }
    },
    "citySender": "Ірпінь",
    "cityRecipient": "Дніпро"
  },
  {
    "number": 20450171870175,
    "dateTime": {
      "date": {
        "year": 2019,
        "month": 10,
        "day": 16
      },
      "time": {
        "hour": 19,
        "minute": 1,
        "second": 28,
        "nano": 0
      }
    },
    "citySender": "Київ",
    "cityRecipient": "Конотоп"
  },
  {
    "number": 20450171870176,
    "dateTime": {
      "date": {
        "year": 2019,
        "month": 10,
        "day": 16
      },
      "time": {
        "hour": 18,
        "minute": 15,
        "second": 34,
        "nano": 0
      }
    },
    "citySender": "Київ",
    "cityRecipient": "Київ"
  },
  {
    "number": 20450171870177,
    "dateTime": {
      "date": {
        "year": 2019,
        "month": 10,
        "day": 16
      },
      "time": {
        "hour": 17,
        "minute": 45,
        "second": 21,
        "nano": 0
      }
    },
    "citySender": "Одеса",
    "cityRecipient": "Київ"
  },
  {
    "number": 20450171870179,
    "dateTime": {
      "date": {
        "year": 2019,
        "month": 10,
        "day": 16
      },
      "time": {
        "hour": 13,
        "minute": 59,
        "second": 7,
        "nano": 0
      }
    },
    "citySender": "Київ",
    "cityRecipient": "Чоп"
  },
  {
    "number": 20450171870180,
    "dateTime": {
      "date": {
        "year": 2019,
        "month": 10,
        "day": 16
      },
      "time": {
        "hour": 14,
        "minute": 5,
        "second": 0,
        "nano": 0
      }
    },
    "citySender": "Подільськ",
    "cityRecipient": "Одеса"
  },
  {
    "number": 20450171870181,
    "dateTime": {
      "date": {
        "year": 2019,
        "month": 10,
        "day": 16
      },
      "time": {
        "hour": 15,
        "minute": 21,
        "second": 58,
        "nano": 0
      }
    },
    "citySender": "Ілічанка",
    "cityRecipient": "Бібрка"
  },
  {
    "number": 20450171870182,
    "dateTime": {
      "date": {
        "year": 2019,
        "month": 10,
        "day": 16
      },
      "time": {
        "hour": 18,
        "minute": 32,
        "second": 13,
        "nano": 0
      }
    },
    "citySender": "Київ",
    "cityRecipient": "Городок (Хмельницька обл.)"
  },
  {
    "number": 20450171870183,
    "dateTime": {
      "date": {
        "year": 2019,
        "month": 10,
        "day": 16
      },
      "time": {
        "hour": 16,
        "minute": 29,
        "second": 58,
        "nano": 0
      }
    },
    "citySender": "Запоріжжя",
    "cityRecipient": "Ладижин"
  },
  {
    "number": 20450171870185,
    "dateTime": {
      "date": {
        "year": 2019,
        "month": 10,
        "day": 16
      },
      "time": {
        "hour": 16,
        "minute": 21,
        "second": 36,
        "nano": 0
      }
    },
    "citySender": "Чернівці",
    "cityRecipient": "Минай"
  },
  {
    "number": 20450171870186,
    "dateTime": {
      "date": {
        "year": 2019,
        "month": 10,
        "day": 16
      },
      "time": {
        "hour": 11,
        "minute": 22,
        "second": 5,
        "nano": 0
      }
    },
    "citySender": "Трускавець",
    "cityRecipient": "Кам\u0027янське(Дніпропетровська обл)"
  },
  {
    "number": 20450171870187,
    "dateTime": {
      "date": {
        "year": 2019,
        "month": 10,
        "day": 16
      },
      "time": {
        "hour": 17,
        "minute": 4,
        "second": 19,
        "nano": 0
      }
    },
    "citySender": "Харків",
    "cityRecipient": "Одеса"
  },
  {
    "number": 20450171870188,
    "dateTime": {
      "date": {
        "year": 2019,
        "month": 10,
        "day": 16
      },
      "time": {
        "hour": 17,
        "minute": 30,
        "second": 53,
        "nano": 0
      }
    },
    "citySender": "Київ",
    "cityRecipient": "Ужгород"
  },
  {
    "number": 20450171870189,
    "dateTime": {
      "date": {
        "year": 2019,
        "month": 10,
        "day": 16
      },
      "time": {
        "hour": 10,
        "minute": 16,
        "second": 37,
        "nano": 0
      }
    },
    "citySender": "Одеса",
    "cityRecipient": "Кам\u0027янське(Дніпропетровська обл)"
  },
  {
    "number": 20450171870190,
    "dateTime": {
      "date": {
        "year": 2019,
        "month": 10,
        "day": 16
      },
      "time": {
        "hour": 17,
        "minute": 43,
        "second": 59,
        "nano": 0
      }
    },
    "citySender": "Копистин",
    "cityRecipient": "Житомир"
  },
  {
    "number": 20450171870191,
    "dateTime": {
      "date": {
        "year": 2019,
        "month": 10,
        "day": 16
      },
      "time": {
        "hour": 15,
        "minute": 32,
        "second": 13,
        "nano": 0
      }
    },
    "citySender": "Ілічанка",
    "cityRecipient": "Кислиця"
  },
  {
    "number": 20450171870192,
    "dateTime": {
      "date": {
        "year": 2019,
        "month": 10,
        "day": 16
      },
      "time": {
        "hour": 17,
        "minute": 5,
        "second": 1,
        "nano": 0
      }
    },
    "citySender": "Київ",
    "cityRecipient": "Шепетівка"
  },
  {
    "number": 20450171870193,
    "dateTime": {
      "date": {
        "year": 2019,
        "month": 10,
        "day": 16
      },
      "time": {
        "hour": 14,
        "minute": 55,
        "second": 23,
        "nano": 0
      }
    },
    "citySender": "Стоянка",
    "cityRecipient": "Київ"
  },
  {
    "number": 20450171870194,
    "dateTime": {
      "date": {
        "year": 2019,
        "month": 10,
        "day": 16
      },
      "time": {
        "hour": 12,
        "minute": 47,
        "second": 25,
        "nano": 0
      }
    },
    "citySender": "Рівне",
    "cityRecipient": "Біла Церква"
  },
  {
    "number": 20450171870195,
    "dateTime": {
      "date": {
        "year": 2019,
        "month": 10,
        "day": 16
      },
      "time": {
        "hour": 14,
        "minute": 16,
        "second": 38,
        "nano": 0
      }
    },
    "citySender": "Чернігів",
    "cityRecipient": "Острог"
  },
  {
    "number": 20450171870196,
    "dateTime": {
      "date": {
        "year": 2019,
        "month": 10,
        "day": 16
      },
      "time": {
        "hour": 12,
        "minute": 10,
        "second": 49,
        "nano": 0
      }
    },
    "citySender": "Переяслав-Хмельницький",
    "cityRecipient": "Вінниця"
  },
  {
    "number": 20450171870197,
    "dateTime": {
      "date": {
        "year": 2019,
        "month": 10,
        "day": 16
      },
      "time": {
        "hour": 15,
        "minute": 12,
        "second": 0,
        "nano": 0
      }
    },
    "citySender": "Київ",
    "cityRecipient": "Харків"
  },
  {
    "number": 20450171870198,
    "dateTime": {
      "date": {
        "year": 2019,
        "month": 10,
        "day": 16
      },
      "time": {
        "hour": 13,
        "minute": 16,
        "second": 17,
        "nano": 0
      }
    },
    "citySender": "Суми",
    "cityRecipient": "Львів"
  },
  {
    "number": 20450171870199,
    "dateTime": {
      "date": {
        "year": 2019,
        "month": 10,
        "day": 16
      },
      "time": {
        "hour": 10,
        "minute": 35,
        "second": 17,
        "nano": 0
      }
    },
    "citySender": "Новоолександрівка (Нововорон.р-н,Херсон.обл.)",
    "cityRecipient": "Рівне"
  },
  {
    "number": 20450171870200,
    "dateTime": {
      "date": {
        "year": 2019,
        "month": 10,
        "day": 16
      },
      "time": {
        "hour": 16,
        "minute": 42,
        "second": 39,
        "nano": 0
      }
    },
    "citySender": "Київ",
    "cityRecipient": "Дніпро"
  },
  {
    "number": 20450171870201,
    "dateTime": {
      "date": {
        "year": 2019,
        "month": 10,
        "day": 16
      },
      "time": {
        "hour": 15,
        "minute": 36,
        "second": 17,
        "nano": 0
      }
    },
    "citySender": "Новояворівськ",
    "cityRecipient": "Маріуполь"
  },
  {
    "number": 20450171870202,
    "dateTime": {
      "date": {
        "year": 2019,
        "month": 10,
        "day": 16
      },
      "time": {
        "hour": 15,
        "minute": 33,
        "second": 8,
        "nano": 0
      }
    },
    "citySender": "Ілічанка",
    "cityRecipient": "Київ"
  },
  {
    "number": 20450171870203,
    "dateTime": {
      "date": {
        "year": 2019,
        "month": 10,
        "day": 16
      },
      "time": {
        "hour": 17,
        "minute": 20,
        "second": 21,
        "nano": 0
      }
    },
    "citySender": "Вінниця",
    "cityRecipient": "Кривий Ріг"
  },
  {
    "number": 20450171870204,
    "dateTime": {
      "date": {
        "year": 2019,
        "month": 10,
        "day": 16
      },
      "time": {
        "hour": 16,
        "minute": 36,
        "second": 31,
        "nano": 0
      }
    },
    "citySender": "Херсон",
    "cityRecipient": "Одеса"
  },
  {
    "number": 20450171870205,
    "dateTime": {
      "date": {
        "year": 2019,
        "month": 10,
        "day": 16
      },
      "time": {
        "hour": 10,
        "minute": 23,
        "second": 50,
        "nano": 0
      }
    },
    "citySender": "Нововолинськ",
    "cityRecipient": "Харків"
  },
  {
    "number": 20450171870206,
    "dateTime": {
      "date": {
        "year": 2019,
        "month": 10,
        "day": 16
      },
      "time": {
        "hour": 19,
        "minute": 30,
        "second": 44,
        "nano": 0
      }
    },
    "citySender": "Київ",
    "cityRecipient": "Заболотів (Снятинський р-н)"
  },
  {
    "number": 20450171870207,
    "dateTime": {
      "date": {
        "year": 2019,
        "month": 10,
        "day": 16
      },
      "time": {
        "hour": 10,
        "minute": 38,
        "second": 14,
        "nano": 0
      }
    },
    "citySender": "Луцьк",
    "cityRecipient": "Чернівці"
  },
  {
    "number": 20450171870208,
    "dateTime": {
      "date": {
        "year": 2019,
        "month": 10,
        "day": 16
      },
      "time": {
        "hour": 18,
        "minute": 11,
        "second": 10,
        "nano": 0
      }
    },
    "citySender": "Бахмут",
    "cityRecipient": "Кропивницький"
  },
  {
    "number": 20450171870209,
    "dateTime": {
      "date": {
        "year": 2019,
        "month": 10,
        "day": 16
      },
      "time": {
        "hour": 19,
        "minute": 25,
        "second": 16,
        "nano": 0
      }
    },
    "citySender": "Запоріжжя",
    "cityRecipient": "Черкаси"
  },
  {
    "number": 20450171870210,
    "dateTime": {
      "date": {
        "year": 2019,
        "month": 10,
        "day": 16
      },
      "time": {
        "hour": 14,
        "minute": 30,
        "second": 35,
        "nano": 0
      }
    },
    "citySender": "Київ",
    "cityRecipient": "Запоріжжя"
  },
  {
    "number": 20450171870211,
    "dateTime": {
      "date": {
        "year": 2019,
        "month": 10,
        "day": 16
      },
      "time": {
        "hour": 12,
        "minute": 50,
        "second": 53,
        "nano": 0
      }
    },
    "citySender": "Хмельницький",
    "cityRecipient": "Малин"
  },
  {
    "number": 20450171870212,
    "dateTime": {
      "date": {
        "year": 2019,
        "month": 10,
        "day": 16
      },
      "time": {
        "hour": 13,
        "minute": 11,
        "second": 3,
        "nano": 0
      }
    },
    "citySender": "Краматорськ",
    "cityRecipient": "Краматорськ"
  },
  {
    "number": 20450171870213,
    "dateTime": {
      "date": {
        "year": 2019,
        "month": 10,
        "day": 16
      },
      "time": {
        "hour": 18,
        "minute": 10,
        "second": 51,
        "nano": 0
      }
    },
    "citySender": "Київ",
    "cityRecipient": "Ірпінь"
  },
  {
    "number": 20450171870215,
    "dateTime": {
      "date": {
        "year": 2019,
        "month": 10,
        "day": 16
      },
      "time": {
        "hour": 21,
        "minute": 54,
        "second": 13,
        "nano": 0
      }
    },
    "citySender": "Вінниця",
    "cityRecipient": "Умань"
  },
  {
    "number": 20450171870216,
    "dateTime": {
      "date": {
        "year": 2019,
        "month": 10,
        "day": 16
      },
      "time": {
        "hour": 10,
        "minute": 56,
        "second": 40,
        "nano": 0
      }
    },
    "citySender": "Бучач",
    "cityRecipient": "Київ"
  },
  {
    "number": 20450171870217,
    "dateTime": {
      "date": {
        "year": 2019,
        "month": 10,
        "day": 16
      },
      "time": {
        "hour": 15,
        "minute": 53,
        "second": 18,
        "nano": 0
      }
    },
    "citySender": "Львів",
    "cityRecipient": "Вінниця"
  },
  {
    "number": 20450171870218,
    "dateTime": {
      "date": {
        "year": 2019,
        "month": 10,
        "day": 16
      },
      "time": {
        "hour": 17,
        "minute": 59,
        "second": 13,
        "nano": 0
      }
    },
    "citySender": "Хмельницький",
    "cityRecipient": "Довбиш"
  },
  {
    "number": 20450171870219,
    "dateTime": {
      "date": {
        "year": 2019,
        "month": 10,
        "day": 16
      },
      "time": {
        "hour": 14,
        "minute": 1,
        "second": 32,
        "nano": 0
      }
    },
    "citySender": "Вінниця",
    "cityRecipient": "Кривий Ріг"
  },
  {
    "number": 20450171870221,
    "dateTime": {
      "date": {
        "year": 2019,
        "month": 10,
        "day": 16
      },
      "time": {
        "hour": 14,
        "minute": 16,
        "second": 41,
        "nano": 0
      }
    },
    "citySender": "Чернігів",
    "cityRecipient": "Київ"
  },
  {
    "number": 20450171870223,
    "dateTime": {
      "date": {
        "year": 2019,
        "month": 10,
        "day": 16
      },
      "time": {
        "hour": 13,
        "minute": 3,
        "second": 13,
        "nano": 0
      }
    },
    "citySender": "Харків",
    "cityRecipient": "Банилів"
  },
  {
    "number": 20450171870224,
    "dateTime": {
      "date": {
        "year": 2019,
        "month": 10,
        "day": 16
      },
      "time": {
        "hour": 11,
        "minute": 17,
        "second": 22,
        "nano": 0
      }
    },
    "citySender": "Львів",
    "cityRecipient": "Вінниця"
  },
  {
    "number": 20450171870225,
    "dateTime": {
      "date": {
        "year": 2019,
        "month": 10,
        "day": 16
      },
      "time": {
        "hour": 13,
        "minute": 33,
        "second": 56,
        "nano": 0
      }
    },
    "citySender": "Чернігів",
    "cityRecipient": "Мар\u0027їнка"
  },
  {
    "number": 20450171870226,
    "dateTime": {
      "date": {
        "year": 2019,
        "month": 10,
        "day": 16
      },
      "time": {
        "hour": 12,
        "minute": 38,
        "second": 46,
        "nano": 0
      }
    },
    "citySender": "Житомир",
    "cityRecipient": "Чернівці"
  },
  {
    "number": 20450171870227,
    "dateTime": {
      "date": {
        "year": 2019,
        "month": 10,
        "day": 16
      },
      "time": {
        "hour": 15,
        "minute": 40,
        "second": 16,
        "nano": 0
      }
    },
    "citySender": "Авангард",
    "cityRecipient": "Маньківка"
  },
  {
    "number": 20450171870228,
    "dateTime": {
      "date": {
        "year": 2019,
        "month": 10,
        "day": 16
      },
      "time": {
        "hour": 13,
        "minute": 37,
        "second": 48,
        "nano": 0
      }
    },
    "citySender": "Самбір",
    "cityRecipient": "Жовква"
  },
  {
    "number": 20450171870230,
    "dateTime": {
      "date": {
        "year": 2019,
        "month": 10,
        "day": 16
      },
      "time": {
        "hour": 10,
        "minute": 57,
        "second": 13,
        "nano": 0
      }
    },
    "citySender": "Київ",
    "cityRecipient": "Черкаси"
  },
  {
    "number": 20450171870231,
    "dateTime": {
      "date": {
        "year": 2019,
        "month": 10,
        "day": 16
      },
      "time": {
        "hour": 15,
        "minute": 29,
        "second": 12,
        "nano": 0
      }
    },
    "citySender": "Ілічанка",
    "cityRecipient": "Меджибіж"
  },
  {
    "number": 20450171870233,
    "dateTime": {
      "date": {
        "year": 2019,
        "month": 10,
        "day": 16
      },
      "time": {
        "hour": 11,
        "minute": 14,
        "second": 6,
        "nano": 0
      }
    },
    "citySender": "Шостка",
    "cityRecipient": "Шевченкове (Київська обл.)"
  },
  {
    "number": 20450171870234,
    "dateTime": {
      "date": {
        "year": 2019,
        "month": 10,
        "day": 16
      },
      "time": {
        "hour": 17,
        "minute": 38,
        "second": 47,
        "nano": 0
      }
    },
    "citySender": "Запоріжжя",
    "cityRecipient": "Одеса"
  },
  {
    "number": 20450171870235,
    "dateTime": {
      "date": {
        "year": 2019,
        "month": 10,
        "day": 16
      },
      "time": {
        "hour": 11,
        "minute": 27,
        "second": 28,
        "nano": 0
      }
    },
    "citySender": "Дніпро",
    "cityRecipient": "Суми"
  },
  {
    "number": 20450171870236,
    "dateTime": {
      "date": {
        "year": 2019,
        "month": 10,
        "day": 16
      },
      "time": {
        "hour": 14,
        "minute": 47,
        "second": 9,
        "nano": 0
      }
    },
    "citySender": "Мелітополь",
    "cityRecipient": "Старокостянтинів"
  },
  {
    "number": 20450171870239,
    "dateTime": {
      "date": {
        "year": 2019,
        "month": 10,
        "day": 16
      },
      "time": {
        "hour": 20,
        "minute": 14,
        "second": 54,
        "nano": 0
      }
    },
    "citySender": "Горенка",
    "cityRecipient": "Краматорськ"
  },
  {
    "number": 20450171870240,
    "dateTime": {
      "date": {
        "year": 2019,
        "month": 10,
        "day": 16
      },
      "time": {
        "hour": 10,
        "minute": 21,
        "second": 29,
        "nano": 0
      }
    },
    "citySender": "Володимирець",
    "cityRecipient": "Чинадійово"
  },
  {
    "number": 20450171870241,
    "dateTime": {
      "date": {
        "year": 2019,
        "month": 10,
        "day": 16
      },
      "time": {
        "hour": 10,
        "minute": 18,
        "second": 42,
        "nano": 0
      }
    },
    "citySender": "Виноградів",
    "cityRecipient": "Ужгород"
  },
  {
    "number": 20450171870242,
    "dateTime": {
      "date": {
        "year": 2019,
        "month": 10,
        "day": 16
      },
      "time": {
        "hour": 16,
        "minute": 36,
        "second": 33,
        "nano": 0
      }
    },
    "citySender": "Львів",
    "cityRecipient": "Кам\u0027янське(Дніпропетровська обл)"
  },
  {
    "number": 20450171870243,
    "dateTime": {
      "date": {
        "year": 2019,
        "month": 10,
        "day": 16
      },
      "time": {
        "hour": 14,
        "minute": 34,
        "second": 45,
        "nano": 0
      }
    },
    "citySender": "Харків",
    "cityRecipient": "Івано-Франківськ"
  },
  {
    "number": 20450171870245,
    "dateTime": {
      "date": {
        "year": 2019,
        "month": 10,
        "day": 16
      },
      "time": {
        "hour": 10,
        "minute": 8,
        "second": 45,
        "nano": 0
      }
    },
    "citySender": "Дніпро",
    "cityRecipient": "Рівне"
  }
]