[
  {
    "number": 20450171843792,
    "dateTime": {
      "date": {
        "year": 2019,
        "month": 10,
        "day": 16
      },
      "time": {
        "hour": 13,
        "minute": 46,
        "second": 48,
        "nano": 0
      }
    },
    "citySender": "Хмельницький",
    "cityRecipient": "Херсон"
  },
  {
    "number": 20450171843793,
    "dateTime": {
      "date": {
        "year": 2019,
        "month": 10,
        "day": 16
      },
      "time": {
        "hour": 14,
        "minute": 39,
        "second": 11,
        "nano": 0
      }
    },
    "citySender": "Київ",
    "cityRecipient": "Тростянець (Сумська обл.)"
  },
  {
    "number": 20450171843794,
    "dateTime": {
      "date": {
        "year": 2019,
        "month": 10,
        "day": 16
      },
      "time": {
        "hour": 18,
        "minute": 27,
        "second": 23,
        "nano": 0
      }
    },
    "citySender": "Краснокутськ",
    "cityRecipient": "Харків"
  },
  {
    "number": 20450171843795,
    "dateTime": {
      "date": {
        "year": 2019,
        "month": 10,
        "day": 16
      },
      "time": {
        "hour": 13,
        "minute": 49,
        "second": 59,
        "nano": 0
      }
    },
    "citySender": "Чернівці",
    "cityRecipient": "Львів"
  },
  {
    "number": 20450171843796,
    "dateTime": {
      "date": {
        "year": 2019,
        "month": 10,
        "day": 16
      },
      "time": {
        "hour": 17,
        "minute": 49,
        "second": 7,
        "nano": 0
      }
    },
    "citySender": "Копайгород",
    "cityRecipient": "Одеса"
  },
  {
    "number": 20450171843797,
    "dateTime": {
      "date": {
        "year": 2019,
        "month": 10,
        "day": 16
      },
      "time": {
        "hour": 17,
        "minute": 3,
        "second": 5,
        "nano": 0
      }
    },
    "citySender": "Київ",
    "cityRecipient": "Миргород"
  },
  {
    "number": 20450171843798,
    "dateTime": {
      "date": {
        "year": 2019,
        "month": 10,
        "day": 16
      },
      "time": {
        "hour": 11,
        "minute": 10,
        "second": 8,
        "nano": 0
      }
    },
    "citySender": "Київ",
    "cityRecipient": "Київ"
  },
  {
    "number": 20450171843799,
    "dateTime": {
      "date": {
        "year": 2019,
        "month": 10,
        "day": 16
      },
      "time": {
        "hour": 16,
        "minute": 57,
        "second": 35,
        "nano": 0
      }
    },
    "citySender": "Харків",
    "cityRecipient": "Дніпровське"
  },
  {
    "number": 20450171843800,
    "dateTime": {
      "date": {
        "year": 2019,
        "month": 10,
        "day": 16
      },
      "time": {
        "hour": 18,
        "minute": 52,
        "second": 44,
        "nano": 0
      }
    },
    "citySender": "Хмельницький",
    "cityRecipient": "Харків"
  },
  {
    "number": 20450171843801,
    "dateTime": {
      "date": {
        "year": 2019,
        "month": 10,
        "day": 16
      },
      "time": {
        "hour": 12,
        "minute": 55,
        "second": 51,
        "nano": 0
      }
    },
    "citySender": "Фонтанка",
    "cityRecipient": "Борова (Київська обл.)"
  },
  {
    "number": 20450171843802,
    "dateTime": {
      "date": {
        "year": 2019,
        "month": 10,
        "day": 16
      },
      "time": {
        "hour": 13,
        "minute": 14,
        "second": 16,
        "nano": 0
      }
    },
    "citySender": "Луцьк",
    "cityRecipient": "Кременчук"
  },
  {
    "number": 20450171843803,
    "dateTime": {
      "date": {
        "year": 2019,
        "month": 10,
        "day": 16
      },
      "time": {
        "hour": 8,
        "minute": 40,
        "second": 14,
        "nano": 0
      }
    },
    "citySender": "Рівне",
    "cityRecipient": "Тернівка"
  },
  {
    "number": 20450171843804,
    "dateTime": {
      "date": {
        "year": 2019,
        "month": 10,
        "day": 16
      },
      "time": {
        "hour": 10,
        "minute": 54,
        "second": 54,
        "nano": 0
      }
    },
    "citySender": "Львів",
    "cityRecipient": "Калинівка (Вінницька обл., Калинівський р-н)"
  },
  {
    "number": 20450171843805,
    "dateTime": {
      "date": {
        "year": 2019,
        "month": 10,
        "day": 16
      },
      "time": {
        "hour": 12,
        "minute": 15,
        "second": 15,
        "nano": 0
      }
    },
    "citySender": "Чоп",
    "cityRecipient": "Виноградів"
  },
  {
    "number": 20450171843806,
    "dateTime": {
      "date": {
        "year": 2019,
        "month": 10,
        "day": 16
      },
      "time": {
        "hour": 10,
        "minute": 15,
        "second": 5,
        "nano": 0
      }
    },
    "citySender": "Ситківці",
    "cityRecipient": "Степанці"
  },
  {
    "number": 20450171843807,
    "dateTime": {
      "date": {
        "year": 2019,
        "month": 10,
        "day": 16
      },
      "time": {
        "hour": 16,
        "minute": 9,
        "second": 44,
        "nano": 0
      }
    },
    "citySender": "Вінниця",
    "cityRecipient": "Запоріжжя"
  },
  {
    "number": 20450171843808,
    "dateTime": {
      "date": {
        "year": 2019,
        "month": 10,
        "day": 16
      },
      "time": {
        "hour": 17,
        "minute": 58,
        "second": 39,
        "nano": 0
      }
    },
    "citySender": "Конотоп",
    "cityRecipient": "Одеса"
  },
  {
    "number": 20450171843809,
    "dateTime": {
      "date": {
        "year": 2019,
        "month": 10,
        "day": 16
      },
      "time": {
        "hour": 12,
        "minute": 29,
        "second": 4,
        "nano": 0
      }
    },
    "citySender": "Мішково-Погорілове",
    "cityRecipient": "Торецьк"
  },
  {
    "number": 20450171843810,
    "dateTime": {
      "date": {
        "year": 2019,
        "month": 10,
        "day": 16
      },
      "time": {
        "hour": 18,
        "minute": 46,
        "second": 30,
        "nano": 0
      }
    },
    "citySender": "Оріхів",
    "cityRecipient": "Микуличин"
  },
  {
    "number": 20450171843812,
    "dateTime": {
      "date": {
        "year": 2019,
        "month": 10,
        "day": 16
      },
      "time": {
        "hour": 16,
        "minute": 20,
        "second": 48,
        "nano": 0
      }
    },
    "citySender": "Вінниця",
    "cityRecipient": "Мирноград"
  },
  {
    "number": 20450171843813,
    "dateTime": {
      "date": {
        "year": 2019,
        "month": 10,
        "day": 16
      },
      "time": {
        "hour": 9,
        "minute": 4,
        "second": 34,
        "nano": 0
      }
    },
    "citySender": "Черкаси",
    "cityRecipient": "Київ"
  },
  {
    "number": 20450171843814,
    "dateTime": {
      "date": {
        "year": 2019,
        "month": 10,
        "day": 16
      },
      "time": {
        "hour": 15,
        "minute": 48,
        "second": 17,
        "nano": 0
      }
    },
    "citySender": "Харків",
    "cityRecipient": "Балаклея (Черкаська обл.)"
  },
  {
    "number": 20450171843816,
    "dateTime": {
      "date": {
        "year": 2019,
        "month": 10,
        "day": 16
      },
      "time": {
        "hour": 8,
        "minute": 38,
        "second": 9,
        "nano": 0
      }
    },
    "citySender": "Харків",
    "cityRecipient": "Черкаси"
  },
  {
    "number": 20450171843817,
    "dateTime": {
      "date": {
        "year": 2019,
        "month": 10,
        "day": 16
      },
      "time": {
        "hour": 12,
        "minute": 20,
        "second": 39,
        "nano": 0
      }
    },
    "citySender": "Харків",
    "cityRecipient": "Балта"
  },
  {
    "number": 20450171843818,
    "dateTime": {
      "date": {
        "year": 2019,
        "month": 10,
        "day": 16
      },
      "time": {
        "hour": 16,
        "minute": 34,
        "second": 17,
        "nano": 0
      }
    },
    "citySender": "Черкаси",
    "cityRecipient": "Одеса"
  },
  {
    "number": 20450171843819,
    "dateTime": {
      "date": {
        "year": 2019,
        "month": 10,
        "day": 16
      },
      "time": {
        "hour": 12,
        "minute": 21,
        "second": 41,
        "nano": 0
      }
    },
    "citySender": "Київ",
    "cityRecipient": "Київ"
  },
  {
    "number": 20450171843820,
    "dateTime": {
      "date": {
        "year": 2019,
        "month": 10,
        "day": 16
      },
      "time": {
        "hour": 11,
        "minute": 35,
        "second": 23,
        "nano": 0
      }
    },
    "citySender": "Вінниця",
    "cityRecipient": "Умань"
  },
  {
    "number": 20450171843821,
    "dateTime": {
      "date": {
        "year": 2019,
        "month": 10,
        "day": 16
      },
      "time": {
        "hour": 9,
        "minute": 5,
        "second": 18,
        "nano": 0
      }
    },
    "citySender": "Берестечко",
    "cityRecipient": "Дніпро"
  },
  {
    "number": 20450171843823,
    "dateTime": {
      "date": {
        "year": 2019,
        "month": 10,
        "day": 16
      },
      "time": {
        "hour": 10,
        "minute": 35,
        "second": 42,
        "nano": 0
      }
    },
    "citySender": "Мала Данилівка",
    "cityRecipient": "Рубіжне"
  },
  {
    "number": 20450171843825,
    "dateTime": {
      "date": {
        "year": 2019,
        "month": 10,
        "day": 16
      },
      "time": {
        "hour": 9,
        "minute": 0,
        "second": 35,
        "nano": 0
      }
    },
    "citySender": "Бахмач",
    "cityRecipient": "Тараща"
  },
  {
    "number": 20450171843826,
    "dateTime": {
      "date": {
        "year": 2019,
        "month": 10,
        "day": 16
      },
      "time": {
        "hour": 17,
        "minute": 3,
        "second": 49,
        "nano": 0
      }
    },
    "citySender": "Бородянка",
    "cityRecipient": "Красилів"
  },
  {
    "number": 20450171843828,
    "dateTime": {
      "date": {
        "year": 2019,
        "month": 10,
        "day": 16
      },
      "time": {
        "hour": 9,
        "minute": 52,
        "second": 41,
        "nano": 0
      }
    },
    "citySender": "Київ",
    "cityRecipient": "Київ"
  },
  {
    "number": 20450171843829,
    "dateTime": {
      "date": {
        "year": 2019,
        "month": 10,
        "day": 16
      },
      "time": {
        "hour": 12,
        "minute": 19,
        "second": 58,
        "nano": 0
      }
    },
    "citySender": "Хмельницький",
    "cityRecipient": "Івано-Франківськ"
  },
  {
    "number": 20450171843830,
    "dateTime": {
      "date": {
        "year": 2019,
        "month": 10,
        "day": 16
      },
      "time": {
        "hour": 16,
        "minute": 23,
        "second": 38,
        "nano": 0
      }
    },
    "citySender": "Кам\u0027янське(Дніпропетровська обл)",
    "cityRecipient": "Кропивницький"
  },
  {
    "number": 20450171843831,
    "dateTime": {
      "date": {
        "year": 2019,
        "month": 10,
        "day": 16
      },
      "time": {
        "hour": 13,
        "minute": 16,
        "second": 1,
        "nano": 0
      }
    },
    "citySender": "Дружківка",
    "cityRecipient": "Іллінці"
  },
  {
    "number": 20450171843833,
    "dateTime": {
      "date": {
        "year": 2019,
        "month": 10,
        "day": 16
      },
      "time": {
        "hour": 15,
        "minute": 5,
        "second": 45,
        "nano": 0
      }
    },
    "citySender": "Чайки",
    "cityRecipient": "Шепетівка"
  },
  {
    "number": 20450171843834,
    "dateTime": {
      "date": {
        "year": 2019,
        "month": 10,
        "day": 16
      },
      "time": {
        "hour": 17,
        "minute": 30,
        "second": 27,
        "nano": 0
      }
    },
    "citySender": "Київ",
    "cityRecipient": "Олександрівка (смт.Кіровог.обл.райц)"
  },
  {
    "number": 20450171843835,
    "dateTime": {
      "date": {
        "year": 2019,
        "month": 10,
        "day": 16
      },
      "time": {
        "hour": 18,
        "minute": 19,
        "second": 9,
        "nano": 0
      }
    },
    "citySender": "Новоселиця",
    "cityRecipient": "Київ"
  },
  {
    "number": 20450171843836,
    "dateTime": {
      "date": {
        "year": 2019,
        "month": 10,
        "day": 16
      },
      "time": {
        "hour": 16,
        "minute": 48,
        "second": 56,
        "nano": 0
      }
    },
    "citySender": "Одеса",
    "cityRecipient": "Павлоград"
  },
  {
    "number": 20450171843837,
    "dateTime": {
      "date": {
        "year": 2019,
        "month": 10,
        "day": 16
      },
      "time": {
        "hour": 18,
        "minute": 6,
        "second": 58,
        "nano": 0
      }
    },
    "citySender": "Коблеве",
    "cityRecipient": "Херсон"
  },
  {
    "number": 20450171843838,
    "dateTime": {
      "date": {
        "year": 2019,
        "month": 10,
        "day": 16
      },
      "time": {
        "hour": 10,
        "minute": 40,
        "second": 19,
        "nano": 0
      }
    },
    "citySender": "Бровари",
    "cityRecipient": "Помічна"
  },
  {
    "number": 20450171843840,
    "dateTime": {
      "date": {
        "year": 2019,
        "month": 10,
        "day": 16
      },
      "time": {
        "hour": 9,
        "minute": 6,
        "second": 8,
        "nano": 0
      }
    },
    "citySender": "Фонтанка",
    "cityRecipient": "Городище (Черкаська обл.)"
  },
  {
    "number": 20450171843841,
    "dateTime": {
      "date": {
        "year": 2019,
        "month": 10,
        "day": 16
      },
      "time": {
        "hour": 15,
        "minute": 48,
        "second": 42,
        "nano": 0
      }
    },
    "citySender": "Київ",
    "cityRecipient": "Балаклія (Харківська обл.)"
  },
  {
    "number": 20450171843842,
    "dateTime": {
      "date": {
        "year": 2019,
        "month": 10,
        "day": 16
      },
      "time": {
        "hour": 14,
        "minute": 12,
        "second": 23,
        "nano": 0
      }
    },
    "citySender": "Оржів",
    "cityRecipient": "Дніпро"
  },
  {
    "number": 20450171843843,
    "dateTime": {
      "date": {
        "year": 2019,
        "month": 10,
        "day": 16
      },
      "time": {
        "hour": 8,
        "minute": 24,
        "second": 29,
        "nano": 0
      }
    },
    "citySender": "Дніпро",
    "cityRecipient": "Солотвино"
  },
  {
    "number": 20450171843844,
    "dateTime": {
      "date": {
        "year": 2019,
        "month": 10,
        "day": 16
      },
      "time": {
        "hour": 9,
        "minute": 30,
        "second": 48,
        "nano": 0
      }
    },
    "citySender": "Івано-Франківськ",
    "cityRecipient": "Рахів"
  },
  {
    "number": 20450171843845,
    "dateTime": {
      "date": {
        "year": 2019,
        "month": 10,
        "day": 16
      },
      "time": {
        "hour": 12,
        "minute": 40,
        "second": 51,
        "nano": 0
      }
    },
    "citySender": "Одеса",
    "cityRecipient": "Київ"
  },
  {
    "number": 20450171843846,
    "dateTime": {
      "date": {
        "year": 2019,
        "month": 10,
        "day": 16
      },
      "time": {
        "hour": 13,
        "minute": 57,
        "second": 34,
        "nano": 0
      }
    },
    "citySender": "Дніпро",
    "cityRecipient": "Любомль"
  },
  {
    "number": 20450171843847,
    "dateTime": {
      "date": {
        "year": 2019,
        "month": 10,
        "day": 16
      },
      "time": {
        "hour": 11,
        "minute": 18,
        "second": 12,
        "nano": 0
      }
    },
    "citySender": "Чорноморськ",
    "cityRecipient": "Мала Білозерка"
  },
  {
    "number": 20450171843848,
    "dateTime": {
      "date": {
        "year": 2019,
        "month": 10,
        "day": 16
      },
      "time": {
        "hour": 11,
        "minute": 52,
        "second": 52,
        "nano": 0
      }
    },
    "citySender": "Одеса",
    "cityRecipient": "Шевченкове (Миколаївська обл.)"
  },
  {
    "number": 20450171843849,
    "dateTime": {
      "date": {
        "year": 2019,
        "month": 10,
        "day": 16
      },
      "time": {
        "hour": 15,
        "minute": 22,
        "second": 25,
        "nano": 0
      }
    },
    "citySender": "Ірпінь",
    "cityRecipient": "Київ"
  },
  {
    "number": 20450171843850,
    "dateTime": {
      "date": {
        "year": 2019,
        "month": 10,
        "day": 16
      },
      "time": {
        "hour": 11,
        "minute": 52,
        "second": 9,
        "nano": 0
      }
    },
    "citySender": "Київ",
    "cityRecipient": "Кременчук"
  },
  {
    "number": 20450171843851,
    "dateTime": {
      "date": {
        "year": 2019,
        "month": 10,
        "day": 16
      },
      "time": {
        "hour": 9,
        "minute": 56,
        "second": 11,
        "nano": 0
      }
    },
    "citySender": "Одеса",
    "cityRecipient": "Христинівка"
  },
  {
    "number": 20450171843852,
    "dateTime": {
      "date": {
        "year": 2019,
        "month": 10,
        "day": 16
      },
      "time": {
        "hour": 12,
        "minute": 29,
        "second": 4,
        "nano": 0
      }
    },
    "citySender": "Мішково-Погорілове",
    "cityRecipient": "Заставна"
  },
  {
    "number": 20450171843853,
    "dateTime": {
      "date": {
        "year": 2019,
        "month": 10,
        "day": 16
      },
      "time": {
        "hour": 16,
        "minute": 3,
        "second": 19,
        "nano": 0
      }
    },
    "citySender": "Кропивницький",
    "cityRecipient": "Коломия"
  },
  {
    "number": 20450171843854,
    "dateTime": {
      "date": {
        "year": 2019,
        "month": 10,
        "day": 16
      },
      "time": {
        "hour": 14,
        "minute": 35,
        "second": 54,
        "nano": 0
      }
    },
    "citySender": "Одеса",
    "cityRecipient": "Кременчук"
  },
  {
    "number": 20450171843855,
    "dateTime": {
      "date": {
        "year": 2019,
        "month": 10,
        "day": 16
      },
      "time": {
        "hour": 16,
        "minute": 9,
        "second": 44,
        "nano": 0
      }
    },
    "citySender": "Вінниця",
    "cityRecipient": "Ізмаїл"
  },
  {
    "number": 20450171843856,
    "dateTime": {
      "date": {
        "year": 2019,
        "month": 10,
        "day": 16
      },
      "time": {
        "hour": 15,
        "minute": 7,
        "second": 45,
        "nano": 0
      }
    },
    "citySender": "Київ",
    "cityRecipient": "Комарівка (Чернігівська обл.)"
  },
  {
    "number": 20450171843857,
    "dateTime": {
      "date": {
        "year": 2019,
        "month": 10,
        "day": 16
      },
      "time": {
        "hour": 10,
        "minute": 1,
        "second": 26,
        "nano": 0
      }
    },
    "citySender": "Оржів",
    "cityRecipient": "Одеса"
  },
  {
    "number": 20450171843858,
    "dateTime": {
      "date": {
        "year": 2019,
        "month": 10,
        "day": 16
      },
      "time": {
        "hour": 16,
        "minute": 20,
        "second": 48,
        "nano": 0
      }
    },
    "citySender": "Вінниця",
    "cityRecipient": "Дніпро"
  },
  {
    "number": 20450171843859,
    "dateTime": {
      "date": {
        "year": 2019,
        "month": 10,
        "day": 16
      },
      "time": {
        "hour": 13,
        "minute": 1,
        "second": 22,
        "nano": 0
      }
    },
    "citySender": "Київ",
    "cityRecipient": "Київ"
  },
  {
    "number": 20450171843860,
    "dateTime": {
      "date": {
        "year": 2019,
        "month": 10,
        "day": 16
      },
      "time": {
        "hour": 11,
        "minute": 10,
        "second": 8,
        "nano": 0
      }
    },
    "citySender": "Київ",
    "cityRecipient": "Чернівці"
  },
  {
    "number": 20450171843861,
    "dateTime": {
      "date": {
        "year": 2019,
        "month": 10,
        "day": 16
      },
      "time": {
        "hour": 12,
        "minute": 35,
        "second": 8,
        "nano": 0
      }
    },
    "citySender": "Одеса",
    "cityRecipient": "Васильків"
  },
  {
    "number": 20450171843862,
    "dateTime": {
      "date": {
        "year": 2019,
        "month": 10,
        "day": 16
      },
      "time": {
        "hour": 11,
        "minute": 6,
        "second": 57,
        "nano": 0
      }
    },
    "citySender": "Київ",
    "cityRecipient": "Одеса"
  },
  {
    "number": 20450171843863,
    "dateTime": {
      "date": {
        "year": 2019,
        "month": 10,
        "day": 16
      },
      "time": {
        "hour": 17,
        "minute": 35,
        "second": 12,
        "nano": 0
      }
    },
    "citySender": "Чернівці",
    "cityRecipient": "Бориспіль"
  },
  {
    "number": 20450171843865,
    "dateTime": {
      "date": {
        "year": 2019,
        "month": 10,
        "day": 16
      },
      "time": {
        "hour": 14,
        "minute": 52,
        "second": 8,
        "nano": 0
      }
    },
    "citySender": "Київ",
    "cityRecipient": "Стайки"
  },
  {
    "number": 20450171843866,
    "dateTime": {
      "date": {
        "year": 2019,
        "month": 10,
        "day": 16
      },
      "time": {
        "hour": 11,
        "minute": 44,
        "second": 16,
        "nano": 0
      }
    },
    "citySender": "Карлівка",
    "cityRecipient": "Южноукраїнськ"
  },
  {
    "number": 20450171843867,
    "dateTime": {
      "date": {
        "year": 2019,
        "month": 10,
        "day": 16
      },
      "time": {
        "hour": 12,
        "minute": 19,
        "second": 15,
        "nano": 0
      }
    },
    "citySender": "Угринів (Тисменицький р-н., Івано-Франк. обл.)",
    "cityRecipient": "Могиляни"
  },
  {
    "number": 20450171843869,
    "dateTime": {
      "date": {
        "year": 2019,
        "month": 10,
        "day": 16
      },
      "time": {
        "hour": 12,
        "minute": 39,
        "second": 27,
        "nano": 0
      }
    },
    "citySender": "Мелітополь",
    "cityRecipient": "Краматорськ"
  },
  {
    "number": 20450171843870,
    "dateTime": {
      "date": {
        "year": 2019,
        "month": 10,
        "day": 16
      },
      "time": {
        "hour": 8,
        "minute": 53,
        "second": 38,
        "nano": 0
      }
    },
    "citySender": "Миколаїв",
    "cityRecipient": "Коршів"
  },
  {
    "number": 20450171843871,
    "dateTime": {
      "date": {
        "year": 2019,
        "month": 10,
        "day": 16
      },
      "time": {
        "hour": 17,
        "minute": 52,
        "second": 1,
        "nano": 0
      }
    },
    "citySender": "Переяслав-Хмельницький",
    "cityRecipient": "Сєвєродонецьк"
  },
  {
    "number": 20450171843874,
    "dateTime": {
      "date": {
        "year": 2019,
        "month": 10,
        "day": 16
      },
      "time": {
        "hour": 15,
        "minute": 20,
        "second": 47,
        "nano": 0
      }
    },
    "citySender": "Ужгород",
    "cityRecipient": "Хмельницький"
  },
  {
    "number": 20450171843875,
    "dateTime": {
      "date": {
        "year": 2019,
        "month": 10,
        "day": 16
      },
      "time": {
        "hour": 12,
        "minute": 13,
        "second": 27,
        "nano": 0
      }
    },
    "citySender": "Славутич",
    "cityRecipient": "Житомир"
  },
  {
    "number": 20450171843876,
    "dateTime": {
      "date": {
        "year": 2019,
        "month": 10,
        "day": 16
      },
      "time": {
        "hour": 10,
        "minute": 35,
        "second": 42,
        "nano": 0
      }
    },
    "citySender": "Мала Данилівка",
    "cityRecipient": "Торецьк"
  },
  {
    "number": 20450171843877,
    "dateTime": {
      "date": {
        "year": 2019,
        "month": 10,
        "day": 16
      },
      "time": {
        "hour": 12,
        "minute": 29,
        "second": 4,
        "nano": 0
      }
    },
    "citySender": "Мішково-Погорілове",
    "cityRecipient": "Велика Багачка"
  },
  {
    "number": 20450171843880,
    "dateTime": {
      "date": {
        "year": 2019,
        "month": 10,
        "day": 16
      },
      "time": {
        "hour": 13,
        "minute": 1,
        "second": 17,
        "nano": 0
      }
    },
    "citySender": "Херсон",
    "cityRecipient": "Сміла"
  },
  {
    "number": 20450171843884,
    "dateTime": {
      "date": {
        "year": 2019,
        "month": 10,
        "day": 16
      },
      "time": {
        "hour": 11,
        "minute": 31,
        "second": 23,
        "nano": 0
      }
    },
    "citySender": "Добропілля",
    "cityRecipient": "Київ"
  },
  {
    "number": 20450171843885,
    "dateTime": {
      "date": {
        "year": 2019,
        "month": 10,
        "day": 16
      },
      "time": {
        "hour": 12,
        "minute": 3,
        "second": 14,
        "nano": 0
      }
    },
    "citySender": "Кольчино",
    "cityRecipient": "Болград (Одеська обл.)"
  },
  {
    "number": 20450171843886,
    "dateTime": {
      "date": {
        "year": 2019,
        "month": 10,
        "day": 16
      },
      "time": {
        "hour": 12,
        "minute": 14,
        "second": 11,
        "nano": 0
      }
    },
    "citySender": "Рівне",
    "cityRecipient": "Свеса"
  },
  {
    "number": 20450171843887,
    "dateTime": {
      "date": {
        "year": 2019,
        "month": 10,
        "day": 16
      },
      "time": {
        "hour": 16,
        "minute": 32,
        "second": 58,
        "nano": 0
      }
    },
    "citySender": "Чернівці",
    "cityRecipient": "Хмельницький"
  },
  {
    "number": 20450171843888,
    "dateTime": {
      "date": {
        "year": 2019,
        "month": 10,
        "day": 16
      },
      "time": {
        "hour": 10,
        "minute": 55,
        "second": 9,
        "nano": 0
      }
    },
    "citySender": "Львів",
    "cityRecipient": "Дубове"
  },
  {
    "number": 20450171843889,
    "dateTime": {
      "date": {
        "year": 2019,
        "month": 10,
        "day": 16
      },
      "time": {
        "hour": 17,
        "minute": 3,
        "second": 49,
        "nano": 0
      }
    },
    "citySender": "Бородянка",
    "cityRecipient": "Острог"
  }
]