[
  {
    "number": 20450171870746,
    "dateTime": {
      "date": {
        "year": 2019,
        "month": 10,
        "day": 16
      },
      "time": {
        "hour": 18,
        "minute": 1,
        "second": 56,
        "nano": 0
      }
    },
    "citySender": "Київ",
    "cityRecipient": "Первомайський (Харківська обл.)"
  },
  {
    "number": 20450171870747,
    "dateTime": {
      "date": {
        "year": 2019,
        "month": 10,
        "day": 16
      },
      "time": {
        "hour": 19,
        "minute": 26,
        "second": 53,
        "nano": 0
      }
    },
    "citySender": "Одеса",
    "cityRecipient": "Житомир"
  },
  {
    "number": 20450171870748,
    "dateTime": {
      "date": {
        "year": 2019,
        "month": 10,
        "day": 16
      },
      "time": {
        "hour": 15,
        "minute": 59,
        "second": 19,
        "nano": 0
      }
    },
    "citySender": "Київ",
    "cityRecipient": "Мукачево"
  },
  {
    "number": 20450171870749,
    "dateTime": {
      "date": {
        "year": 2019,
        "month": 10,
        "day": 16
      },
      "time": {
        "hour": 17,
        "minute": 29,
        "second": 15,
        "nano": 0
      }
    },
    "citySender": "Одеса",
    "cityRecipient": "Чернівці"
  },
  {
    "number": 20450171870750,
    "dateTime": {
      "date": {
        "year": 2019,
        "month": 10,
        "day": 16
      },
      "time": {
        "hour": 13,
        "minute": 21,
        "second": 46,
        "nano": 0
      }
    },
    "citySender": "Харків",
    "cityRecipient": "Славутич"
  },
  {
    "number": 20450171870751,
    "dateTime": {
      "date": {
        "year": 2019,
        "month": 10,
        "day": 16
      },
      "time": {
        "hour": 18,
        "minute": 11,
        "second": 10,
        "nano": 0
      }
    },
    "citySender": "Бахмут",
    "cityRecipient": "Валки"
  },
  {
    "number": 20450171870752,
    "dateTime": {
      "date": {
        "year": 2019,
        "month": 10,
        "day": 16
      },
      "time": {
        "hour": 15,
        "minute": 7,
        "second": 52,
        "nano": 0
      }
    },
    "citySender": "Запоріжжя",
    "cityRecipient": "Красилів"
  },
  {
    "number": 20450171870753,
    "dateTime": {
      "date": {
        "year": 2019,
        "month": 10,
        "day": 16
      },
      "time": {
        "hour": 10,
        "minute": 51,
        "second": 54,
        "nano": 0
      }
    },
    "citySender": "Дніпро",
    "cityRecipient": "Богодухів"
  },
  {
    "number": 20450171870754,
    "dateTime": {
      "date": {
        "year": 2019,
        "month": 10,
        "day": 16
      },
      "time": {
        "hour": 16,
        "minute": 36,
        "second": 38,
        "nano": 0
      }
    },
    "citySender": "Дніпро",
    "cityRecipient": "Київ"
  },
  {
    "number": 20450171870755,
    "dateTime": {
      "date": {
        "year": 2019,
        "month": 10,
        "day": 16
      },
      "time": {
        "hour": 14,
        "minute": 45,
        "second": 6,
        "nano": 0
      }
    },
    "citySender": "Одеса",
    "cityRecipient": "Ємільчине"
  },
  {
    "number": 20450171870756,
    "dateTime": {
      "date": {
        "year": 2019,
        "month": 10,
        "day": 16
      },
      "time": {
        "hour": 13,
        "minute": 34,
        "second": 22,
        "nano": 0
      }
    },
    "citySender": "Одеса",
    "cityRecipient": "Київ"
  },
  {
    "number": 20450171870757,
    "dateTime": {
      "date": {
        "year": 2019,
        "month": 10,
        "day": 16
      },
      "time": {
        "hour": 17,
        "minute": 42,
        "second": 17,
        "nano": 0
      }
    },
    "citySender": "Велика Чернеччина",
    "cityRecipient": "Фастів"
  },
  {
    "number": 20450171870758,
    "dateTime": {
      "date": {
        "year": 2019,
        "month": 10,
        "day": 16
      },
      "time": {
        "hour": 16,
        "minute": 20,
        "second": 20,
        "nano": 0
      }
    },
    "citySender": "Київ",
    "cityRecipient": "Ужгород"
  },
  {
    "number": 20450171870760,
    "dateTime": {
      "date": {
        "year": 2019,
        "month": 10,
        "day": 16
      },
      "time": {
        "hour": 12,
        "minute": 7,
        "second": 6,
        "nano": 0
      }
    },
    "citySender": "Запоріжжя",
    "cityRecipient": "Ужгород"
  },
  {
    "number": 20450171870761,
    "dateTime": {
      "date": {
        "year": 2019,
        "month": 10,
        "day": 16
      },
      "time": {
        "hour": 14,
        "minute": 22,
        "second": 52,
        "nano": 0
      }
    },
    "citySender": "Мелітополь",
    "cityRecipient": "Нікополь (Дніпропетровська обл.)"
  },
  {
    "number": 20450171870762,
    "dateTime": {
      "date": {
        "year": 2019,
        "month": 10,
        "day": 16
      },
      "time": {
        "hour": 15,
        "minute": 48,
        "second": 44,
        "nano": 0
      }
    },
    "citySender": "Бровари",
    "cityRecipient": "Харків"
  },
  {
    "number": 20450171870763,
    "dateTime": {
      "date": {
        "year": 2019,
        "month": 10,
        "day": 16
      },
      "time": {
        "hour": 14,
        "minute": 22,
        "second": 3,
        "nano": 0
      }
    },
    "citySender": "Одеса",
    "cityRecipient": "Клевань"
  },
  {
    "number": 20450171870764,
    "dateTime": {
      "date": {
        "year": 2019,
        "month": 10,
        "day": 16
      },
      "time": {
        "hour": 17,
        "minute": 41,
        "second": 37,
        "nano": 0
      }
    },
    "citySender": "Київ",
    "cityRecipient": "Миколаїв"
  },
  {
    "number": 20450171870765,
    "dateTime": {
      "date": {
        "year": 2019,
        "month": 10,
        "day": 16
      },
      "time": {
        "hour": 15,
        "minute": 24,
        "second": 32,
        "nano": 0
      }
    },
    "citySender": "Кременчук",
    "cityRecipient": "Головурів"
  },
  {
    "number": 20450171870766,
    "dateTime": {
      "date": {
        "year": 2019,
        "month": 10,
        "day": 16
      },
      "time": {
        "hour": 15,
        "minute": 17,
        "second": 11,
        "nano": 0
      }
    },
    "citySender": "Івано-Франківськ",
    "cityRecipient": "Дніпро"
  },
  {
    "number": 20450171870767,
    "dateTime": {
      "date": {
        "year": 2019,
        "month": 10,
        "day": 16
      },
      "time": {
        "hour": 16,
        "minute": 46,
        "second": 14,
        "nano": 0
      }
    },
    "citySender": "Іванковичі",
    "cityRecipient": "Ірпінь"
  },
  {
    "number": 20450171870768,
    "dateTime": {
      "date": {
        "year": 2019,
        "month": 10,
        "day": 16
      },
      "time": {
        "hour": 17,
        "minute": 11,
        "second": 32,
        "nano": 0
      }
    },
    "citySender": "Миколаїв",
    "cityRecipient": "Гайсин"
  },
  {
    "number": 20450171870769,
    "dateTime": {
      "date": {
        "year": 2019,
        "month": 10,
        "day": 16
      },
      "time": {
        "hour": 9,
        "minute": 50,
        "second": 39,
        "nano": 0
      }
    },
    "citySender": "Лубни",
    "cityRecipient": "Київ"
  },
  {
    "number": 20450171870771,
    "dateTime": {
      "date": {
        "year": 2019,
        "month": 10,
        "day": 16
      },
      "time": {
        "hour": 13,
        "minute": 34,
        "second": 41,
        "nano": 0
      }
    },
    "citySender": "Одеса",
    "cityRecipient": "Київ"
  },
  {
    "number": 20450171870772,
    "dateTime": {
      "date": {
        "year": 2019,
        "month": 10,
        "day": 16
      },
      "time": {
        "hour": 15,
        "minute": 23,
        "second": 37,
        "nano": 0
      }
    },
    "citySender": "Ілічанка",
    "cityRecipient": "Київ"
  },
  {
    "number": 20450171870773,
    "dateTime": {
      "date": {
        "year": 2019,
        "month": 10,
        "day": 16
      },
      "time": {
        "hour": 18,
        "minute": 14,
        "second": 18,
        "nano": 0
      }
    },
    "citySender": "Харків",
    "cityRecipient": "Червона Слобода (Київська обл.)"
  },
  {
    "number": 20450171870774,
    "dateTime": {
      "date": {
        "year": 2019,
        "month": 10,
        "day": 16
      },
      "time": {
        "hour": 10,
        "minute": 51,
        "second": 54,
        "nano": 0
      }
    },
    "citySender": "Дніпро",
    "cityRecipient": "Обухів"
  },
  {
    "number": 20450171870775,
    "dateTime": {
      "date": {
        "year": 2019,
        "month": 10,
        "day": 16
      },
      "time": {
        "hour": 21,
        "minute": 4,
        "second": 20,
        "nano": 0
      }
    },
    "citySender": "Київ",
    "cityRecipient": "Звенигородка"
  },
  {
    "number": 20450171870777,
    "dateTime": {
      "date": {
        "year": 2019,
        "month": 10,
        "day": 16
      },
      "time": {
        "hour": 16,
        "minute": 21,
        "second": 55,
        "nano": 0
      }
    },
    "citySender": "Харків",
    "cityRecipient": "Вишгород"
  },
  {
    "number": 20450171870778,
    "dateTime": {
      "date": {
        "year": 2019,
        "month": 10,
        "day": 16
      },
      "time": {
        "hour": 13,
        "minute": 26,
        "second": 44,
        "nano": 0
      }
    },
    "citySender": "Пирогівці",
    "cityRecipient": "Вінниця"
  },
  {
    "number": 20450171870780,
    "dateTime": {
      "date": {
        "year": 2019,
        "month": 10,
        "day": 16
      },
      "time": {
        "hour": 10,
        "minute": 14,
        "second": 5,
        "nano": 0
      }
    },
    "citySender": "Київ",
    "cityRecipient": "Київ"
  },
  {
    "number": 20450171870781,
    "dateTime": {
      "date": {
        "year": 2019,
        "month": 10,
        "day": 16
      },
      "time": {
        "hour": 14,
        "minute": 10,
        "second": 49,
        "nano": 0
      }
    },
    "citySender": "Запоріжжя",
    "cityRecipient": "Велика Михайлівка"
  },
  {
    "number": 20450171870782,
    "dateTime": {
      "date": {
        "year": 2019,
        "month": 10,
        "day": 16
      },
      "time": {
        "hour": 13,
        "minute": 34,
        "second": 29,
        "nano": 0
      }
    },
    "citySender": "Одеса",
    "cityRecipient": "Миколаїв"
  },
  {
    "number": 20450171870783,
    "dateTime": {
      "date": {
        "year": 2019,
        "month": 10,
        "day": 16
      },
      "time": {
        "hour": 16,
        "minute": 48,
        "second": 26,
        "nano": 0
      }
    },
    "citySender": "Городенка",
    "cityRecipient": "Дніпро"
  },
  {
    "number": 20450171870785,
    "dateTime": {
      "date": {
        "year": 2019,
        "month": 10,
        "day": 16
      },
      "time": {
        "hour": 17,
        "minute": 42,
        "second": 57,
        "nano": 0
      }
    },
    "citySender": "Київ",
    "cityRecipient": "Солотвино"
  },
  {
    "number": 20450171870786,
    "dateTime": {
      "date": {
        "year": 2019,
        "month": 10,
        "day": 16
      },
      "time": {
        "hour": 10,
        "minute": 21,
        "second": 23,
        "nano": 0
      }
    },
    "citySender": "Новоград-Волинський",
    "cityRecipient": "Тернопіль"
  },
  {
    "number": 20450171870787,
    "dateTime": {
      "date": {
        "year": 2019,
        "month": 10,
        "day": 16
      },
      "time": {
        "hour": 10,
        "minute": 35,
        "second": 17,
        "nano": 0
      }
    },
    "citySender": "Новоолександрівка (Нововорон.р-н,Херсон.обл.)",
    "cityRecipient": "Русанів"
  },
  {
    "number": 20450171870788,
    "dateTime": {
      "date": {
        "year": 2019,
        "month": 10,
        "day": 16
      },
      "time": {
        "hour": 16,
        "minute": 5,
        "second": 13,
        "nano": 0
      }
    },
    "citySender": "Харків",
    "cityRecipient": "Волноваха"
  },
  {
    "number": 20450171870789,
    "dateTime": {
      "date": {
        "year": 2019,
        "month": 10,
        "day": 16
      },
      "time": {
        "hour": 18,
        "minute": 32,
        "second": 11,
        "nano": 0
      }
    },
    "citySender": "Хмельницький",
    "cityRecipient": "Новоград-Волинський"
  },
  {
    "number": 20450171870790,
    "dateTime": {
      "date": {
        "year": 2019,
        "month": 10,
        "day": 16
      },
      "time": {
        "hour": 15,
        "minute": 32,
        "second": 48,
        "nano": 0
      }
    },
    "citySender": "Одеса",
    "cityRecipient": "Кропивницький"
  },
  {
    "number": 20450171870792,
    "dateTime": {
      "date": {
        "year": 2019,
        "month": 10,
        "day": 16
      },
      "time": {
        "hour": 14,
        "minute": 51,
        "second": 59,
        "nano": 0
      }
    },
    "citySender": "Вінниця",
    "cityRecipient": "Голованівськ"
  },
  {
    "number": 20450171870793,
    "dateTime": {
      "date": {
        "year": 2019,
        "month": 10,
        "day": 16
      },
      "time": {
        "hour": 17,
        "minute": 43,
        "second": 31,
        "nano": 0
      }
    },
    "citySender": "Вовчинець",
    "cityRecipient": "Київ"
  },
  {
    "number": 20450171870794,
    "dateTime": {
      "date": {
        "year": 2019,
        "month": 10,
        "day": 16
      },
      "time": {
        "hour": 13,
        "minute": 47,
        "second": 7,
        "nano": 0
      }
    },
    "citySender": "Одеса",
    "cityRecipient": "Боярка"
  },
  {
    "number": 20450171870796,
    "dateTime": {
      "date": {
        "year": 2019,
        "month": 10,
        "day": 16
      },
      "time": {
        "hour": 11,
        "minute": 59,
        "second": 20,
        "nano": 0
      }
    },
    "citySender": "Київ",
    "cityRecipient": "Ізмаїл"
  },
  {
    "number": 20450171870797,
    "dateTime": {
      "date": {
        "year": 2019,
        "month": 10,
        "day": 16
      },
      "time": {
        "hour": 12,
        "minute": 54,
        "second": 13,
        "nano": 0
      }
    },
    "citySender": "Вербка",
    "cityRecipient": "Роздільна (Одеська обл.)"
  },
  {
    "number": 20450171870798,
    "dateTime": {
      "date": {
        "year": 2019,
        "month": 10,
        "day": 16
      },
      "time": {
        "hour": 11,
        "minute": 36,
        "second": 14,
        "nano": 0
      }
    },
    "citySender": "Гореничі",
    "cityRecipient": "Генічеськ"
  },
  {
    "number": 20450171870799,
    "dateTime": {
      "date": {
        "year": 2019,
        "month": 10,
        "day": 16
      },
      "time": {
        "hour": 16,
        "minute": 48,
        "second": 0,
        "nano": 0
      }
    },
    "citySender": "Львів",
    "cityRecipient": "Одеса"
  },
  {
    "number": 20450171870800,
    "dateTime": {
      "date": {
        "year": 2019,
        "month": 10,
        "day": 16
      },
      "time": {
        "hour": 15,
        "minute": 14,
        "second": 57,
        "nano": 0
      }
    },
    "citySender": "Рожище",
    "cityRecipient": "Мартинівка (Полтавська обл.)"
  },
  {
    "number": 20450171870802,
    "dateTime": {
      "date": {
        "year": 2019,
        "month": 10,
        "day": 16
      },
      "time": {
        "hour": 17,
        "minute": 35,
        "second": 4,
        "nano": 0
      }
    },
    "citySender": "Київ",
    "cityRecipient": "Кропивницький"
  },
  {
    "number": 20450171870803,
    "dateTime": {
      "date": {
        "year": 2019,
        "month": 10,
        "day": 16
      },
      "time": {
        "hour": 21,
        "minute": 13,
        "second": 11,
        "nano": 0
      }
    },
    "citySender": "Київ",
    "cityRecipient": "Гола Пристань"
  },
  {
    "number": 20450171870804,
    "dateTime": {
      "date": {
        "year": 2019,
        "month": 10,
        "day": 16
      },
      "time": {
        "hour": 11,
        "minute": 20,
        "second": 20,
        "nano": 0
      }
    },
    "citySender": "Запоріжжя",
    "cityRecipient": "Новгородське (Донецька обл.)"
  },
  {
    "number": 20450171870805,
    "dateTime": {
      "date": {
        "year": 2019,
        "month": 10,
        "day": 16
      },
      "time": {
        "hour": 13,
        "minute": 59,
        "second": 16,
        "nano": 0
      }
    },
    "citySender": "Хмельницький",
    "cityRecipient": "Ясіня"
  },
  {
    "number": 20450171870806,
    "dateTime": {
      "date": {
        "year": 2019,
        "month": 10,
        "day": 16
      },
      "time": {
        "hour": 15,
        "minute": 48,
        "second": 6,
        "nano": 0
      }
    },
    "citySender": "Миколаїв",
    "cityRecipient": "Прилуки"
  },
  {
    "number": 20450171870807,
    "dateTime": {
      "date": {
        "year": 2019,
        "month": 10,
        "day": 16
      },
      "time": {
        "hour": 11,
        "minute": 55,
        "second": 39,
        "nano": 0
      }
    },
    "citySender": "Київ",
    "cityRecipient": "Одеса"
  },
  {
    "number": 20450171870808,
    "dateTime": {
      "date": {
        "year": 2019,
        "month": 10,
        "day": 16
      },
      "time": {
        "hour": 17,
        "minute": 31,
        "second": 14,
        "nano": 0
      }
    },
    "citySender": "Бровари",
    "cityRecipient": "Мелітополь"
  },
  {
    "number": 20450171870809,
    "dateTime": {
      "date": {
        "year": 2019,
        "month": 10,
        "day": 16
      },
      "time": {
        "hour": 13,
        "minute": 34,
        "second": 47,
        "nano": 0
      }
    },
    "citySender": "Одеса",
    "cityRecipient": "Київ"
  },
  {
    "number": 20450171870810,
    "dateTime": {
      "date": {
        "year": 2019,
        "month": 10,
        "day": 16
      },
      "time": {
        "hour": 9,
        "minute": 52,
        "second": 48,
        "nano": 0
      }
    },
    "citySender": "Харків",
    "cityRecipient": "Ковель"
  },
  {
    "number": 20450171870811,
    "dateTime": {
      "date": {
        "year": 2019,
        "month": 10,
        "day": 16
      },
      "time": {
        "hour": 12,
        "minute": 50,
        "second": 32,
        "nano": 0
      }
    },
    "citySender": "Коломия",
    "cityRecipient": "Іршава"
  },
  {
    "number": 20450171870812,
    "dateTime": {
      "date": {
        "year": 2019,
        "month": 10,
        "day": 16
      },
      "time": {
        "hour": 18,
        "minute": 12,
        "second": 37,
        "nano": 0
      }
    },
    "citySender": "Полтава",
    "cityRecipient": "Запоріжжя"
  },
  {
    "number": 20450171870813,
    "dateTime": {
      "date": {
        "year": 2019,
        "month": 10,
        "day": 16
      },
      "time": {
        "hour": 15,
        "minute": 16,
        "second": 55,
        "nano": 0
      }
    },
    "citySender": "Кривий Ріг",
    "cityRecipient": "Курахове"
  },
  {
    "number": 20450171870814,
    "dateTime": {
      "date": {
        "year": 2019,
        "month": 10,
        "day": 16
      },
      "time": {
        "hour": 9,
        "minute": 53,
        "second": 44,
        "nano": 0
      }
    },
    "citySender": "Нікополь (Дніпропетровська обл.)",
    "cityRecipient": "Київ"
  },
  {
    "number": 20450171870815,
    "dateTime": {
      "date": {
        "year": 2019,
        "month": 10,
        "day": 16
      },
      "time": {
        "hour": 10,
        "minute": 1,
        "second": 14,
        "nano": 0
      }
    },
    "citySender": "Івано-Франківськ",
    "cityRecipient": "Ужгород"
  },
  {
    "number": 20450171870816,
    "dateTime": {
      "date": {
        "year": 2019,
        "month": 10,
        "day": 16
      },
      "time": {
        "hour": 11,
        "minute": 5,
        "second": 53,
        "nano": 0
      }
    },
    "citySender": "Київ",
    "cityRecipient": "Одеса"
  },
  {
    "number": 20450171870817,
    "dateTime": {
      "date": {
        "year": 2019,
        "month": 10,
        "day": 16
      },
      "time": {
        "hour": 14,
        "minute": 46,
        "second": 34,
        "nano": 0
      }
    },
    "citySender": "Одеса",
    "cityRecipient": "Одеса"
  },
  {
    "number": 20450171870818,
    "dateTime": {
      "date": {
        "year": 2019,
        "month": 10,
        "day": 16
      },
      "time": {
        "hour": 20,
        "minute": 13,
        "second": 44,
        "nano": 0
      }
    },
    "citySender": "Горенка",
    "cityRecipient": "Калуш"
  },
  {
    "number": 20450171870819,
    "dateTime": {
      "date": {
        "year": 2019,
        "month": 10,
        "day": 16
      },
      "time": {
        "hour": 23,
        "minute": 31,
        "second": 32,
        "nano": 0
      }
    },
    "citySender": "Київ",
    "cityRecipient": "Миколаїв"
  },
  {
    "number": 20450171870820,
    "dateTime": {
      "date": {
        "year": 2019,
        "month": 10,
        "day": 16
      },
      "time": {
        "hour": 10,
        "minute": 43,
        "second": 53,
        "nano": 0
      }
    },
    "citySender": "Київ",
    "cityRecipient": "Київ"
  },
  {
    "number": 20450171870821,
    "dateTime": {
      "date": {
        "year": 2019,
        "month": 10,
        "day": 16
      },
      "time": {
        "hour": 16,
        "minute": 2,
        "second": 46,
        "nano": 0
      }
    },
    "citySender": "Чугуїв",
    "cityRecipient": "Кременчук"
  },
  {
    "number": 20450171870822,
    "dateTime": {
      "date": {
        "year": 2019,
        "month": 10,
        "day": 16
      },
      "time": {
        "hour": 15,
        "minute": 5,
        "second": 30,
        "nano": 0
      }
    },
    "citySender": "Київ",
    "cityRecipient": "Болехів"
  },
  {
    "number": 20450171870823,
    "dateTime": {
      "date": {
        "year": 2019,
        "month": 10,
        "day": 16
      },
      "time": {
        "hour": 13,
        "minute": 42,
        "second": 23,
        "nano": 0
      }
    },
    "citySender": "Київ",
    "cityRecipient": "Київ"
  },
  {
    "number": 20450171870824,
    "dateTime": {
      "date": {
        "year": 2019,
        "month": 10,
        "day": 16
      },
      "time": {
        "hour": 15,
        "minute": 40,
        "second": 16,
        "nano": 0
      }
    },
    "citySender": "Авангард",
    "cityRecipient": "Суми"
  },
  {
    "number": 20450171870825,
    "dateTime": {
      "date": {
        "year": 2019,
        "month": 10,
        "day": 16
      },
      "time": {
        "hour": 12,
        "minute": 30,
        "second": 8,
        "nano": 0
      }
    },
    "citySender": "Черкаси",
    "cityRecipient": "Рясне-Руське"
  },
  {
    "number": 20450171870826,
    "dateTime": {
      "date": {
        "year": 2019,
        "month": 10,
        "day": 16
      },
      "time": {
        "hour": 11,
        "minute": 10,
        "second": 12,
        "nano": 0
      }
    },
    "citySender": "Вовчанськ",
    "cityRecipient": "Рівне"
  },
  {
    "number": 20450171870827,
    "dateTime": {
      "date": {
        "year": 2019,
        "month": 10,
        "day": 16
      },
      "time": {
        "hour": 15,
        "minute": 59,
        "second": 36,
        "nano": 0
      }
    },
    "citySender": "Тернопіль",
    "cityRecipient": "Великий Любінь"
  },
  {
    "number": 20450171870828,
    "dateTime": {
      "date": {
        "year": 2019,
        "month": 10,
        "day": 16
      },
      "time": {
        "hour": 20,
        "minute": 32,
        "second": 31,
        "nano": 0
      }
    },
    "citySender": "Овідіополь",
    "cityRecipient": "Одеса"
  },
  {
    "number": 20450171870829,
    "dateTime": {
      "date": {
        "year": 2019,
        "month": 10,
        "day": 16
      },
      "time": {
        "hour": 11,
        "minute": 43,
        "second": 7,
        "nano": 0
      }
    },
    "citySender": "Чернівці",
    "cityRecipient": "Суми"
  },
  {
    "number": 20450171870830,
    "dateTime": {
      "date": {
        "year": 2019,
        "month": 10,
        "day": 16
      },
      "time": {
        "hour": 13,
        "minute": 35,
        "second": 24,
        "nano": 0
      }
    },
    "citySender": "Одеса",
    "cityRecipient": "Київ"
  },
  {
    "number": 20450171870831,
    "dateTime": {
      "date": {
        "year": 2019,
        "month": 10,
        "day": 16
      },
      "time": {
        "hour": 17,
        "minute": 27,
        "second": 33,
        "nano": 0
      }
    },
    "citySender": "Кривий Ріг",
    "cityRecipient": "Білгород-Дністровський"
  },
  {
    "number": 20450171870832,
    "dateTime": {
      "date": {
        "year": 2019,
        "month": 10,
        "day": 16
      },
      "time": {
        "hour": 10,
        "minute": 16,
        "second": 37,
        "nano": 0
      }
    },
    "citySender": "Одеса",
    "cityRecipient": "Фастів"
  },
  {
    "number": 20450171870833,
    "dateTime": {
      "date": {
        "year": 2019,
        "month": 10,
        "day": 16
      },
      "time": {
        "hour": 16,
        "minute": 16,
        "second": 1,
        "nano": 0
      }
    },
    "citySender": "Харків",
    "cityRecipient": "Фастів"
  },
  {
    "number": 20450171870834,
    "dateTime": {
      "date": {
        "year": 2019,
        "month": 10,
        "day": 16
      },
      "time": {
        "hour": 17,
        "minute": 52,
        "second": 43,
        "nano": 0
      }
    },
    "citySender": "Київ",
    "cityRecipient": "Харків"
  },
  {
    "number": 20450171870835,
    "dateTime": {
      "date": {
        "year": 2019,
        "month": 10,
        "day": 16
      },
      "time": {
        "hour": 23,
        "minute": 35,
        "second": 6,
        "nano": 0
      }
    },
    "citySender": "Дніпро",
    "cityRecipient": "Маріуполь"
  },
  {
    "number": 20450171870836,
    "dateTime": {
      "date": {
        "year": 2019,
        "month": 10,
        "day": 16
      },
      "time": {
        "hour": 16,
        "minute": 29,
        "second": 58,
        "nano": 0
      }
    },
    "citySender": "Запоріжжя",
    "cityRecipient": "Чернігів"
  },
  {
    "number": 20450171870837,
    "dateTime": {
      "date": {
        "year": 2019,
        "month": 10,
        "day": 16
      },
      "time": {
        "hour": 14,
        "minute": 49,
        "second": 2,
        "nano": 0
      }
    },
    "citySender": "Одеса",
    "cityRecipient": "Южноукраїнськ"
  },
  {
    "number": 20450171870838,
    "dateTime": {
      "date": {
        "year": 2019,
        "month": 10,
        "day": 16
      },
      "time": {
        "hour": 17,
        "minute": 45,
        "second": 31,
        "nano": 0
      }
    },
    "citySender": "Молодіжне",
    "cityRecipient": "Мала Виска"
  },
  {
    "number": 20450171870839,
    "dateTime": {
      "date": {
        "year": 2019,
        "month": 10,
        "day": 16
      },
      "time": {
        "hour": 16,
        "minute": 19,
        "second": 7,
        "nano": 0
      }
    },
    "citySender": "Харків",
    "cityRecipient": "Славута"
  },
  {
    "number": 20450171870840,
    "dateTime": {
      "date": {
        "year": 2019,
        "month": 10,
        "day": 16
      },
      "time": {
        "hour": 17,
        "minute": 59,
        "second": 9,
        "nano": 0
      }
    },
    "citySender": "Харків",
    "cityRecipient": "Київ"
  },
  {
    "number": 20450171870841,
    "dateTime": {
      "date": {
        "year": 2019,
        "month": 10,
        "day": 16
      },
      "time": {
        "hour": 10,
        "minute": 57,
        "second": 22,
        "nano": 0
      }
    },
    "citySender": "Пісочин",
    "cityRecipient": "Старобільськ"
  },
  {
    "number": 20450171870842,
    "dateTime": {
      "date": {
        "year": 2019,
        "month": 10,
        "day": 16
      },
      "time": {
        "hour": 16,
        "minute": 14,
        "second": 46,
        "nano": 0
      }
    },
    "citySender": "Харків",
    "cityRecipient": "Маріуполь"
  },
  {
    "number": 20450171870843,
    "dateTime": {
      "date": {
        "year": 2019,
        "month": 10,
        "day": 16
      },
      "time": {
        "hour": 12,
        "minute": 3,
        "second": 1,
        "nano": 0
      }
    },
    "citySender": "Охтирка",
    "cityRecipient": "Полтава"
  },
  {
    "number": 20450171870844,
    "dateTime": {
      "date": {
        "year": 2019,
        "month": 10,
        "day": 16
      },
      "time": {
        "hour": 15,
        "minute": 6,
        "second": 7,
        "nano": 0
      }
    },
    "citySender": "Київ",
    "cityRecipient": "Київ"
  },
  {
    "number": 20450171870845,
    "dateTime": {
      "date": {
        "year": 2019,
        "month": 10,
        "day": 16
      },
      "time": {
        "hour": 14,
        "minute": 23,
        "second": 0,
        "nano": 0
      }
    },
    "citySender": "Червоноград (Львівська обл.)",
    "cityRecipient": "Київ"
  }
]