[
  {
    "number": 20450171834720,
    "dateTime": {
      "date": {
        "year": 2019,
        "month": 10,
        "day": 16
      },
      "time": {
        "hour": 12,
        "minute": 35,
        "second": 1,
        "nano": 0
      }
    },
    "citySender": "Полтава",
    "cityRecipient": "Нова Каховка"
  },
  {
    "number": 20450171834722,
    "dateTime": {
      "date": {
        "year": 2019,
        "month": 10,
        "day": 16
      },
      "time": {
        "hour": 20,
        "minute": 42,
        "second": 28,
        "nano": 0
      }
    },
    "citySender": "Миколаїв",
    "cityRecipient": "Умань"
  },
  {
    "number": 20450171834723,
    "dateTime": {
      "date": {
        "year": 2019,
        "month": 10,
        "day": 16
      },
      "time": {
        "hour": 9,
        "minute": 58,
        "second": 38,
        "nano": 0
      }
    },
    "citySender": "Одеса",
    "cityRecipient": "Хмельницький"
  },
  {
    "number": 20450171834725,
    "dateTime": {
      "date": {
        "year": 2019,
        "month": 10,
        "day": 16
      },
      "time": {
        "hour": 8,
        "minute": 21,
        "second": 51,
        "nano": 0
      }
    },
    "citySender": "Біловодськ",
    "cityRecipient": "Умань"
  },
  {
    "number": 20450171834727,
    "dateTime": {
      "date": {
        "year": 2019,
        "month": 10,
        "day": 16
      },
      "time": {
        "hour": 16,
        "minute": 36,
        "second": 46,
        "nano": 0
      }
    },
    "citySender": "Дніпро",
    "cityRecipient": "Доманівка"
  },
  {
    "number": 20450171834729,
    "dateTime": {
      "date": {
        "year": 2019,
        "month": 10,
        "day": 16
      },
      "time": {
        "hour": 8,
        "minute": 38,
        "second": 36,
        "nano": 0
      }
    },
    "citySender": "Козятин (місто, Вінницька обл.)",
    "cityRecipient": "Запоріжжя"
  },
  {
    "number": 20450171834730,
    "dateTime": {
      "date": {
        "year": 2019,
        "month": 10,
        "day": 16
      },
      "time": {
        "hour": 12,
        "minute": 5,
        "second": 59,
        "nano": 0
      }
    },
    "citySender": "Нововолинськ",
    "cityRecipient": "Запоріжжя"
  },
  {
    "number": 20450171834731,
    "dateTime": {
      "date": {
        "year": 2019,
        "month": 10,
        "day": 16
      },
      "time": {
        "hour": 12,
        "minute": 54,
        "second": 17,
        "nano": 0
      }
    },
    "citySender": "Біла Церква",
    "cityRecipient": "Запоріжжя"
  },
  {
    "number": 20450171834732,
    "dateTime": {
      "date": {
        "year": 2019,
        "month": 10,
        "day": 16
      },
      "time": {
        "hour": 11,
        "minute": 8,
        "second": 42,
        "nano": 0
      }
    },
    "citySender": "Одеса",
    "cityRecipient": "Одеса"
  },
  {
    "number": 20450171834733,
    "dateTime": {
      "date": {
        "year": 2019,
        "month": 10,
        "day": 16
      },
      "time": {
        "hour": 13,
        "minute": 37,
        "second": 19,
        "nano": 0
      }
    },
    "citySender": "Одеса",
    "cityRecipient": "Сарата"
  },
  {
    "number": 20450171834736,
    "dateTime": {
      "date": {
        "year": 2019,
        "month": 10,
        "day": 16
      },
      "time": {
        "hour": 15,
        "minute": 22,
        "second": 55,
        "nano": 0
      }
    },
    "citySender": "Одеса",
    "cityRecipient": "Горішні Плавні"
  },
  {
    "number": 20450171834737,
    "dateTime": {
      "date": {
        "year": 2019,
        "month": 10,
        "day": 16
      },
      "time": {
        "hour": 12,
        "minute": 32,
        "second": 56,
        "nano": 0
      }
    },
    "citySender": "Мішково-Погорілове",
    "cityRecipient": "Вінниця"
  },
  {
    "number": 20450171834738,
    "dateTime": {
      "date": {
        "year": 2019,
        "month": 10,
        "day": 16
      },
      "time": {
        "hour": 22,
        "minute": 25,
        "second": 43,
        "nano": 0
      }
    },
    "citySender": "Київ",
    "cityRecipient": "Харків"
  },
  {
    "number": 20450171834739,
    "dateTime": {
      "date": {
        "year": 2019,
        "month": 10,
        "day": 16
      },
      "time": {
        "hour": 17,
        "minute": 6,
        "second": 25,
        "nano": 0
      }
    },
    "citySender": "Харків",
    "cityRecipient": "Дворічна"
  },
  {
    "number": 20450171834740,
    "dateTime": {
      "date": {
        "year": 2019,
        "month": 10,
        "day": 16
      },
      "time": {
        "hour": 16,
        "minute": 46,
        "second": 44,
        "nano": 0
      }
    },
    "citySender": "Київ",
    "cityRecipient": "Городище (Черкаська обл.)"
  },
  {
    "number": 20450171834741,
    "dateTime": {
      "date": {
        "year": 2019,
        "month": 10,
        "day": 16
      },
      "time": {
        "hour": 11,
        "minute": 36,
        "second": 2,
        "nano": 0
      }
    },
    "citySender": "Гореничі",
    "cityRecipient": "Зарічне(Рівненська обл.)"
  },
  {
    "number": 20450171834742,
    "dateTime": {
      "date": {
        "year": 2019,
        "month": 10,
        "day": 16
      },
      "time": {
        "hour": 8,
        "minute": 22,
        "second": 36,
        "nano": 0
      }
    },
    "citySender": "Біловодськ",
    "cityRecipient": "Довбиш"
  },
  {
    "number": 20450171834743,
    "dateTime": {
      "date": {
        "year": 2019,
        "month": 10,
        "day": 16
      },
      "time": {
        "hour": 12,
        "minute": 9,
        "second": 17,
        "nano": 0
      }
    },
    "citySender": "Одеса",
    "cityRecipient": "Рівне"
  },
  {
    "number": 20450171834744,
    "dateTime": {
      "date": {
        "year": 2019,
        "month": 10,
        "day": 16
      },
      "time": {
        "hour": 16,
        "minute": 5,
        "second": 28,
        "nano": 0
      }
    },
    "citySender": "Харків",
    "cityRecipient": "Бердичів"
  },
  {
    "number": 20450171834746,
    "dateTime": {
      "date": {
        "year": 2019,
        "month": 10,
        "day": 16
      },
      "time": {
        "hour": 11,
        "minute": 30,
        "second": 47,
        "nano": 0
      }
    },
    "citySender": "Одеса",
    "cityRecipient": "Новоград-Волинський"
  },
  {
    "number": 20450171834747,
    "dateTime": {
      "date": {
        "year": 2019,
        "month": 10,
        "day": 16
      },
      "time": {
        "hour": 19,
        "minute": 19,
        "second": 54,
        "nano": 0
      }
    },
    "citySender": "Київ",
    "cityRecipient": "Кривий Ріг"
  },
  {
    "number": 20450171834748,
    "dateTime": {
      "date": {
        "year": 2019,
        "month": 10,
        "day": 16
      },
      "time": {
        "hour": 11,
        "minute": 56,
        "second": 13,
        "nano": 0
      }
    },
    "citySender": "Запоріжжя",
    "cityRecipient": "Тернопіль"
  },
  {
    "number": 20450171834750,
    "dateTime": {
      "date": {
        "year": 2019,
        "month": 10,
        "day": 16
      },
      "time": {
        "hour": 17,
        "minute": 20,
        "second": 7,
        "nano": 0
      }
    },
    "citySender": "Одеса",
    "cityRecipient": "Запоріжжя"
  },
  {
    "number": 20450171834752,
    "dateTime": {
      "date": {
        "year": 2019,
        "month": 10,
        "day": 16
      },
      "time": {
        "hour": 18,
        "minute": 31,
        "second": 58,
        "nano": 0
      }
    },
    "citySender": "Київ",
    "cityRecipient": "Хмельницький"
  },
  {
    "number": 20450171834753,
    "dateTime": {
      "date": {
        "year": 2019,
        "month": 10,
        "day": 16
      },
      "time": {
        "hour": 12,
        "minute": 6,
        "second": 52,
        "nano": 0
      }
    },
    "citySender": "Бориспіль",
    "cityRecipient": "Запоріжжя"
  },
  {
    "number": 20450171834754,
    "dateTime": {
      "date": {
        "year": 2019,
        "month": 10,
        "day": 16
      },
      "time": {
        "hour": 12,
        "minute": 13,
        "second": 29,
        "nano": 0
      }
    },
    "citySender": "Данилівка",
    "cityRecipient": "Жидачів"
  },
  {
    "number": 20450171834755,
    "dateTime": {
      "date": {
        "year": 2019,
        "month": 10,
        "day": 16
      },
      "time": {
        "hour": 9,
        "minute": 26,
        "second": 11,
        "nano": 0
      }
    },
    "citySender": "Львів",
    "cityRecipient": "Харків"
  },
  {
    "number": 20450171834756,
    "dateTime": {
      "date": {
        "year": 2019,
        "month": 10,
        "day": 16
      },
      "time": {
        "hour": 12,
        "minute": 5,
        "second": 59,
        "nano": 0
      }
    },
    "citySender": "Нововолинськ",
    "cityRecipient": "Запоріжжя"
  },
  {
    "number": 20450171834757,
    "dateTime": {
      "date": {
        "year": 2019,
        "month": 10,
        "day": 16
      },
      "time": {
        "hour": 19,
        "minute": 0,
        "second": 0,
        "nano": 0
      }
    },
    "citySender": "Рівне",
    "cityRecipient": "Самбір"
  },
  {
    "number": 20450171834758,
    "dateTime": {
      "date": {
        "year": 2019,
        "month": 10,
        "day": 16
      },
      "time": {
        "hour": 13,
        "minute": 5,
        "second": 49,
        "nano": 0
      }
    },
    "citySender": "Хмельницький",
    "cityRecipient": "Дніпро"
  },
  {
    "number": 20450171834759,
    "dateTime": {
      "date": {
        "year": 2019,
        "month": 10,
        "day": 16
      },
      "time": {
        "hour": 13,
        "minute": 12,
        "second": 44,
        "nano": 0
      }
    },
    "citySender": "Нова Каховка",
    "cityRecipient": "Демидівка"
  },
  {
    "number": 20450171834761,
    "dateTime": {
      "date": {
        "year": 2019,
        "month": 10,
        "day": 16
      },
      "time": {
        "hour": 14,
        "minute": 42,
        "second": 55,
        "nano": 0
      }
    },
    "citySender": "Дніпро",
    "cityRecipient": "Рожище"
  },
  {
    "number": 20450171834763,
    "dateTime": {
      "date": {
        "year": 2019,
        "month": 10,
        "day": 16
      },
      "time": {
        "hour": 15,
        "minute": 27,
        "second": 18,
        "nano": 0
      }
    },
    "citySender": "Одеса",
    "cityRecipient": "Гвіздець"
  },
  {
    "number": 20450171834765,
    "dateTime": {
      "date": {
        "year": 2019,
        "month": 10,
        "day": 16
      },
      "time": {
        "hour": 15,
        "minute": 41,
        "second": 4,
        "nano": 0
      }
    },
    "citySender": "Ілічанка",
    "cityRecipient": "Хмельницький"
  },
  {
    "number": 20450171834766,
    "dateTime": {
      "date": {
        "year": 2019,
        "month": 10,
        "day": 16
      },
      "time": {
        "hour": 12,
        "minute": 3,
        "second": 11,
        "nano": 0
      }
    },
    "citySender": "Київ",
    "cityRecipient": "Львів"
  },
  {
    "number": 20450171834767,
    "dateTime": {
      "date": {
        "year": 2019,
        "month": 10,
        "day": 16
      },
      "time": {
        "hour": 14,
        "minute": 20,
        "second": 40,
        "nano": 0
      }
    },
    "citySender": "Одеса",
    "cityRecipient": "Коломия"
  },
  {
    "number": 20450171834769,
    "dateTime": {
      "date": {
        "year": 2019,
        "month": 10,
        "day": 16
      },
      "time": {
        "hour": 8,
        "minute": 22,
        "second": 36,
        "nano": 0
      }
    },
    "citySender": "Біловодськ",
    "cityRecipient": "Городок (Хмельницька обл.)"
  },
  {
    "number": 20450171834771,
    "dateTime": {
      "date": {
        "year": 2019,
        "month": 10,
        "day": 16
      },
      "time": {
        "hour": 17,
        "minute": 6,
        "second": 35,
        "nano": 0
      }
    },
    "citySender": "Тернопіль",
    "cityRecipient": "Гола Пристань"
  },
  {
    "number": 20450171834772,
    "dateTime": {
      "date": {
        "year": 2019,
        "month": 10,
        "day": 16
      },
      "time": {
        "hour": 13,
        "minute": 30,
        "second": 4,
        "nano": 0
      }
    },
    "citySender": "Вишневе",
    "cityRecipient": "Миколаїв"
  },
  {
    "number": 20450171834773,
    "dateTime": {
      "date": {
        "year": 2019,
        "month": 10,
        "day": 16
      },
      "time": {
        "hour": 16,
        "minute": 41,
        "second": 5,
        "nano": 0
      }
    },
    "citySender": "Харків",
    "cityRecipient": "Житомир"
  },
  {
    "number": 20450171834774,
    "dateTime": {
      "date": {
        "year": 2019,
        "month": 10,
        "day": 16
      },
      "time": {
        "hour": 10,
        "minute": 34,
        "second": 10,
        "nano": 0
      }
    },
    "citySender": "Коростишів",
    "cityRecipient": "Шостка"
  },
  {
    "number": 20450171834776,
    "dateTime": {
      "date": {
        "year": 2019,
        "month": 10,
        "day": 16
      },
      "time": {
        "hour": 14,
        "minute": 11,
        "second": 22,
        "nano": 0
      }
    },
    "citySender": "Одеса",
    "cityRecipient": "Авдіївка (Донецька обл.)"
  },
  {
    "number": 20450171834778,
    "dateTime": {
      "date": {
        "year": 2019,
        "month": 10,
        "day": 16
      },
      "time": {
        "hour": 12,
        "minute": 56,
        "second": 54,
        "nano": 0
      }
    },
    "citySender": "Київ",
    "cityRecipient": "Вінниця"
  },
  {
    "number": 20450171834779,
    "dateTime": {
      "date": {
        "year": 2019,
        "month": 10,
        "day": 16
      },
      "time": {
        "hour": 12,
        "minute": 21,
        "second": 7,
        "nano": 0
      }
    },
    "citySender": "Львів",
    "cityRecipient": "Коломия"
  },
  {
    "number": 20450171834781,
    "dateTime": {
      "date": {
        "year": 2019,
        "month": 10,
        "day": 16
      },
      "time": {
        "hour": 18,
        "minute": 36,
        "second": 42,
        "nano": 0
      }
    },
    "citySender": "Херсон",
    "cityRecipient": "Київ"
  },
  {
    "number": 20450171834782,
    "dateTime": {
      "date": {
        "year": 2019,
        "month": 10,
        "day": 16
      },
      "time": {
        "hour": 10,
        "minute": 27,
        "second": 16,
        "nano": 0
      }
    },
    "citySender": "Мостиська",
    "cityRecipient": "Київ"
  },
  {
    "number": 20450171834783,
    "dateTime": {
      "date": {
        "year": 2019,
        "month": 10,
        "day": 16
      },
      "time": {
        "hour": 10,
        "minute": 50,
        "second": 0,
        "nano": 0
      }
    },
    "citySender": "Дніпро",
    "cityRecipient": "Шевченкове (Харківська обл.)"
  },
  {
    "number": 20450171834784,
    "dateTime": {
      "date": {
        "year": 2019,
        "month": 10,
        "day": 16
      },
      "time": {
        "hour": 17,
        "minute": 47,
        "second": 14,
        "nano": 0
      }
    },
    "citySender": "Київ",
    "cityRecipient": "Київ"
  },
  {
    "number": 20450171834786,
    "dateTime": {
      "date": {
        "year": 2019,
        "month": 10,
        "day": 16
      },
      "time": {
        "hour": 16,
        "minute": 22,
        "second": 4,
        "nano": 0
      }
    },
    "citySender": "Львів",
    "cityRecipient": "Нова Каховка"
  },
  {
    "number": 20450171834787,
    "dateTime": {
      "date": {
        "year": 2019,
        "month": 10,
        "day": 16
      },
      "time": {
        "hour": 12,
        "minute": 32,
        "second": 56,
        "nano": 0
      }
    },
    "citySender": "Мішково-Погорілове",
    "cityRecipient": "Кропивницький"
  },
  {
    "number": 20450171834788,
    "dateTime": {
      "date": {
        "year": 2019,
        "month": 10,
        "day": 16
      },
      "time": {
        "hour": 13,
        "minute": 41,
        "second": 36,
        "nano": 0
      }
    },
    "citySender": "Нікополь (Дніпропетровська обл.)",
    "cityRecipient": "Харків"
  },
  {
    "number": 20450171834790,
    "dateTime": {
      "date": {
        "year": 2019,
        "month": 10,
        "day": 16
      },
      "time": {
        "hour": 15,
        "minute": 6,
        "second": 7,
        "nano": 0
      }
    },
    "citySender": "Львів",
    "cityRecipient": "Київ"
  },
  {
    "number": 20450171834791,
    "dateTime": {
      "date": {
        "year": 2019,
        "month": 10,
        "day": 16
      },
      "time": {
        "hour": 8,
        "minute": 21,
        "second": 51,
        "nano": 0
      }
    },
    "citySender": "Біловодськ",
    "cityRecipient": "Київ"
  },
  {
    "number": 20450171834792,
    "dateTime": {
      "date": {
        "year": 2019,
        "month": 10,
        "day": 16
      },
      "time": {
        "hour": 12,
        "minute": 6,
        "second": 52,
        "nano": 0
      }
    },
    "citySender": "Бориспіль",
    "cityRecipient": "Дніпро"
  },
  {
    "number": 20450171834793,
    "dateTime": {
      "date": {
        "year": 2019,
        "month": 10,
        "day": 16
      },
      "time": {
        "hour": 17,
        "minute": 58,
        "second": 31,
        "nano": 0
      }
    },
    "citySender": "Київ",
    "cityRecipient": "Свалява"
  },
  {
    "number": 20450171834798,
    "dateTime": {
      "date": {
        "year": 2019,
        "month": 10,
        "day": 16
      },
      "time": {
        "hour": 12,
        "minute": 28,
        "second": 55,
        "nano": 0
      }
    },
    "citySender": "Одеса",
    "cityRecipient": "Миколаїв"
  },
  {
    "number": 20450171834799,
    "dateTime": {
      "date": {
        "year": 2019,
        "month": 10,
        "day": 16
      },
      "time": {
        "hour": 9,
        "minute": 9,
        "second": 12,
        "nano": 0
      }
    },
    "citySender": "Рівне",
    "cityRecipient": "Бровари"
  },
  {
    "number": 20450171834800,
    "dateTime": {
      "date": {
        "year": 2019,
        "month": 10,
        "day": 16
      },
      "time": {
        "hour": 15,
        "minute": 13,
        "second": 41,
        "nano": 0
      }
    },
    "citySender": "Черкаси",
    "cityRecipient": "Дніпро"
  },
  {
    "number": 20450171834801,
    "dateTime": {
      "date": {
        "year": 2019,
        "month": 10,
        "day": 16
      },
      "time": {
        "hour": 18,
        "minute": 31,
        "second": 58,
        "nano": 0
      }
    },
    "citySender": "Київ",
    "cityRecipient": "Львів"
  },
  {
    "number": 20450171834802,
    "dateTime": {
      "date": {
        "year": 2019,
        "month": 10,
        "day": 16
      },
      "time": {
        "hour": 15,
        "minute": 27,
        "second": 18,
        "nano": 0
      }
    },
    "citySender": "Одеса",
    "cityRecipient": "Лисичанськ"
  },
  {
    "number": 20450171834803,
    "dateTime": {
      "date": {
        "year": 2019,
        "month": 10,
        "day": 16
      },
      "time": {
        "hour": 17,
        "minute": 10,
        "second": 26,
        "nano": 0
      }
    },
    "citySender": "Київ",
    "cityRecipient": "Львів"
  },
  {
    "number": 20450171834805,
    "dateTime": {
      "date": {
        "year": 2019,
        "month": 10,
        "day": 16
      },
      "time": {
        "hour": 17,
        "minute": 31,
        "second": 50,
        "nano": 0
      }
    },
    "citySender": "Київ",
    "cityRecipient": "Київ"
  },
  {
    "number": 20450171834806,
    "dateTime": {
      "date": {
        "year": 2019,
        "month": 10,
        "day": 16
      },
      "time": {
        "hour": 16,
        "minute": 29,
        "second": 29,
        "nano": 0
      }
    },
    "citySender": "Тернопіль",
    "cityRecipient": "Запоріжжя"
  },
  {
    "number": 20450171834807,
    "dateTime": {
      "date": {
        "year": 2019,
        "month": 10,
        "day": 16
      },
      "time": {
        "hour": 18,
        "minute": 19,
        "second": 19,
        "nano": 0
      }
    },
    "citySender": "Шостка",
    "cityRecipient": "Київ"
  },
  {
    "number": 20450171834809,
    "dateTime": {
      "date": {
        "year": 2019,
        "month": 10,
        "day": 16
      },
      "time": {
        "hour": 10,
        "minute": 52,
        "second": 1,
        "nano": 0
      }
    },
    "citySender": "Вишневе",
    "cityRecipient": "Харків"
  },
  {
    "number": 20450171834810,
    "dateTime": {
      "date": {
        "year": 2019,
        "month": 10,
        "day": 16
      },
      "time": {
        "hour": 17,
        "minute": 34,
        "second": 19,
        "nano": 0
      }
    },
    "citySender": "Рівне",
    "cityRecipient": "Київ"
  },
  {
    "number": 20450171834812,
    "dateTime": {
      "date": {
        "year": 2019,
        "month": 10,
        "day": 16
      },
      "time": {
        "hour": 15,
        "minute": 0,
        "second": 57,
        "nano": 0
      }
    },
    "citySender": "Краматорськ",
    "cityRecipient": "Курахове"
  },
  {
    "number": 20450171834814,
    "dateTime": {
      "date": {
        "year": 2019,
        "month": 10,
        "day": 16
      },
      "time": {
        "hour": 19,
        "minute": 39,
        "second": 19,
        "nano": 0
      }
    },
    "citySender": "Львів",
    "cityRecipient": "Станиця Луганська"
  },
  {
    "number": 20450171834815,
    "dateTime": {
      "date": {
        "year": 2019,
        "month": 10,
        "day": 16
      },
      "time": {
        "hour": 8,
        "minute": 21,
        "second": 37,
        "nano": 0
      }
    },
    "citySender": "Біловодськ",
    "cityRecipient": "Радивилів"
  },
  {
    "number": 20450171834816,
    "dateTime": {
      "date": {
        "year": 2019,
        "month": 10,
        "day": 16
      },
      "time": {
        "hour": 17,
        "minute": 46,
        "second": 43,
        "nano": 0
      }
    },
    "citySender": "Київ",
    "cityRecipient": "Нерубайське"
  },
  {
    "number": 20450171834817,
    "dateTime": {
      "date": {
        "year": 2019,
        "month": 10,
        "day": 16
      },
      "time": {
        "hour": 12,
        "minute": 47,
        "second": 36,
        "nano": 0
      }
    },
    "citySender": "Луцьк",
    "cityRecipient": "Волноваха"
  },
  {
    "number": 20450171834818,
    "dateTime": {
      "date": {
        "year": 2019,
        "month": 10,
        "day": 16
      },
      "time": {
        "hour": 17,
        "minute": 15,
        "second": 55,
        "nano": 0
      }
    },
    "citySender": "Одеса",
    "cityRecipient": "Лубни"
  }
]