[
  {
    "number": 59000456221907,
    "dateTime": {
      "date": {
        "year": 2019,
        "month": 10,
        "day": 20
      },
      "time": {
        "hour": 11,
        "minute": 23,
        "second": 47,
        "nano": 0
      }
    },
    "citySender": "Миколаїв",
    "cityRecipient": "Тернівка"
  },
  {
    "number": 59000456221908,
    "dateTime": {
      "date": {
        "year": 2019,
        "month": 10,
        "day": 20
      },
      "time": {
        "hour": 11,
        "minute": 23,
        "second": 33,
        "nano": 0
      }
    },
    "citySender": "Полтава",
    "cityRecipient": "Старобільськ"
  },
  {
    "number": 59000456221909,
    "dateTime": {
      "date": {
        "year": 2019,
        "month": 10,
        "day": 20
      },
      "time": {
        "hour": 11,
        "minute": 23,
        "second": 37,
        "nano": 0
      }
    },
    "citySender": "Бердичів",
    "cityRecipient": "Київ"
  },
  {
    "number": 59000456221910,
    "dateTime": {
      "date": {
        "year": 2019,
        "month": 10,
        "day": 20
      },
      "time": {
        "hour": 11,
        "minute": 23,
        "second": 16,
        "nano": 0
      }
    },
    "citySender": "Харків",
    "cityRecipient": "Рівне"
  },
  {
    "number": 59000456221911,
    "dateTime": {
      "date": {
        "year": 2019,
        "month": 10,
        "day": 20
      },
      "time": {
        "hour": 11,
        "minute": 23,
        "second": 26,
        "nano": 0
      }
    },
    "citySender": "Київ",
    "cityRecipient": "Харків"
  },
  {
    "number": 59000456221912,
    "dateTime": {
      "date": {
        "year": 2019,
        "month": 10,
        "day": 20
      },
      "time": {
        "hour": 11,
        "minute": 23,
        "second": 19,
        "nano": 0
      }
    },
    "citySender": "Ворзель",
    "cityRecipient": "Одеса"
  },
  {
    "number": 59000456221913,
    "dateTime": {
      "date": {
        "year": 2019,
        "month": 10,
        "day": 20
      },
      "time": {
        "hour": 11,
        "minute": 23,
        "second": 52,
        "nano": 0
      }
    },
    "citySender": "Київ",
    "cityRecipient": "Київ"
  },
  {
    "number": 59000456221914,
    "dateTime": {
      "date": {
        "year": 2019,
        "month": 10,
        "day": 20
      },
      "time": {
        "hour": 11,
        "minute": 23,
        "second": 50,
        "nano": 0
      }
    },
    "citySender": "Вишгород",
    "cityRecipient": "Краматорськ"
  },
  {
    "number": 59000456221915,
    "dateTime": {
      "date": {
        "year": 2019,
        "month": 10,
        "day": 20
      },
      "time": {
        "hour": 11,
        "minute": 23,
        "second": 16,
        "nano": 0
      }
    },
    "citySender": "Дніпро",
    "cityRecipient": "Тернопіль"
  },
  {
    "number": 59000456221916,
    "dateTime": {
      "date": {
        "year": 2019,
        "month": 10,
        "day": 20
      },
      "time": {
        "hour": 11,
        "minute": 23,
        "second": 17,
        "nano": 0
      }
    },
    "citySender": "Харків",
    "cityRecipient": "Київ"
  },
  {
    "number": 59000456221917,
    "dateTime": {
      "date": {
        "year": 2019,
        "month": 10,
        "day": 20
      },
      "time": {
        "hour": 11,
        "minute": 23,
        "second": 19,
        "nano": 0
      }
    },
    "citySender": "Славутич",
    "cityRecipient": "Львів"
  },
  {
    "number": 59000456221918,
    "dateTime": {
      "date": {
        "year": 2019,
        "month": 10,
        "day": 20
      },
      "time": {
        "hour": 11,
        "minute": 23,
        "second": 49,
        "nano": 0
      }
    },
    "citySender": "Дніпро",
    "cityRecipient": "Костянтинівка (Донецька обл.)"
  },
  {
    "number": 59000456221919,
    "dateTime": {
      "date": {
        "year": 2019,
        "month": 10,
        "day": 20
      },
      "time": {
        "hour": 11,
        "minute": 23,
        "second": 54,
        "nano": 0
      }
    },
    "citySender": "Копайгород",
    "cityRecipient": "Київ"
  },
  {
    "number": 59000456221920,
    "dateTime": {
      "date": {
        "year": 2019,
        "month": 10,
        "day": 20
      },
      "time": {
        "hour": 11,
        "minute": 23,
        "second": 49,
        "nano": 0
      }
    },
    "citySender": "Чернівці",
    "cityRecipient": "Славутич"
  },
  {
    "number": 59000456221921,
    "dateTime": {
      "date": {
        "year": 2019,
        "month": 10,
        "day": 20
      },
      "time": {
        "hour": 11,
        "minute": 23,
        "second": 27,
        "nano": 0
      }
    },
    "citySender": "Велика Олександрівка (Херсонська обл.)",
    "cityRecipient": "Олешки(Херсонська обл)"
  },
  {
    "number": 59000456221922,
    "dateTime": {
      "date": {
        "year": 2019,
        "month": 10,
        "day": 20
      },
      "time": {
        "hour": 11,
        "minute": 23,
        "second": 58,
        "nano": 0
      }
    },
    "citySender": "Енергодар",
    "cityRecipient": "Київ"
  },
  {
    "number": 59000456221923,
    "dateTime": {
      "date": {
        "year": 2019,
        "month": 10,
        "day": 20
      },
      "time": {
        "hour": 11,
        "minute": 23,
        "second": 34,
        "nano": 0
      }
    },
    "citySender": "Одеса",
    "cityRecipient": "Віньківці"
  },
  {
    "number": 59000456221924,
    "dateTime": {
      "date": {
        "year": 2019,
        "month": 10,
        "day": 20
      },
      "time": {
        "hour": 11,
        "minute": 23,
        "second": 49,
        "nano": 0
      }
    },
    "citySender": "Ужгород",
    "cityRecipient": "Кропивницький"
  },
  {
    "number": 59000456221925,
    "dateTime": {
      "date": {
        "year": 2019,
        "month": 10,
        "day": 20
      },
      "time": {
        "hour": 11,
        "minute": 23,
        "second": 26,
        "nano": 0
      }
    },
    "citySender": "Дніпрорудне",
    "cityRecipient": "Харків"
  },
  {
    "number": 59000456221926,
    "dateTime": {
      "date": {
        "year": 2019,
        "month": 10,
        "day": 20
      },
      "time": {
        "hour": 11,
        "minute": 23,
        "second": 49,
        "nano": 0
      }
    },
    "citySender": "Одеса",
    "cityRecipient": "Київ"
  },
  {
    "number": 59000456221927,
    "dateTime": {
      "date": {
        "year": 2019,
        "month": 10,
        "day": 20
      },
      "time": {
        "hour": 11,
        "minute": 23,
        "second": 27,
        "nano": 0
      }
    },
    "citySender": "Умань",
    "cityRecipient": "Селещина"
  },
  {
    "number": 59000456221928,
    "dateTime": {
      "date": {
        "year": 2019,
        "month": 10,
        "day": 20
      },
      "time": {
        "hour": 11,
        "minute": 23,
        "second": 2,
        "nano": 0
      }
    },
    "citySender": "Новомосковськ",
    "cityRecipient": "Миколаїв"
  },
  {
    "number": 59000456221929,
    "dateTime": {
      "date": {
        "year": 2019,
        "month": 10,
        "day": 20
      },
      "time": {
        "hour": 11,
        "minute": 23,
        "second": 35,
        "nano": 0
      }
    },
    "citySender": "Одеса",
    "cityRecipient": "Львів"
  },
  {
    "number": 59000456221930,
    "dateTime": {
      "date": {
        "year": 2019,
        "month": 10,
        "day": 20
      },
      "time": {
        "hour": 11,
        "minute": 23,
        "second": 38,
        "nano": 0
      }
    },
    "citySender": "Київ",
    "cityRecipient": "Тернопіль"
  },
  {
    "number": 59000456221931,
    "dateTime": {
      "date": {
        "year": 2019,
        "month": 10,
        "day": 20
      },
      "time": {
        "hour": 11,
        "minute": 23,
        "second": 20,
        "nano": 0
      }
    },
    "citySender": "Ромни",
    "cityRecipient": "П\u0027ятихатки"
  },
  {
    "number": 59000456221932,
    "dateTime": {
      "date": {
        "year": 2019,
        "month": 10,
        "day": 20
      },
      "time": {
        "hour": 11,
        "minute": 23,
        "second": 41,
        "nano": 0
      }
    },
    "citySender": "Харків",
    "cityRecipient": "Київ"
  },
  {
    "number": 59000456221933,
    "dateTime": {
      "date": {
        "year": 2019,
        "month": 10,
        "day": 20
      },
      "time": {
        "hour": 11,
        "minute": 23,
        "second": 52,
        "nano": 0
      }
    },
    "citySender": "Прилуки",
    "cityRecipient": "Волочиськ"
  },
  {
    "number": 59000456221934,
    "dateTime": {
      "date": {
        "year": 2019,
        "month": 10,
        "day": 20
      },
      "time": {
        "hour": 11,
        "minute": 24,
        "second": 1,
        "nano": 0
      }
    },
    "citySender": "Чернівці",
    "cityRecipient": "Львів"
  },
  {
    "number": 59000456221935,
    "dateTime": {
      "date": {
        "year": 2019,
        "month": 10,
        "day": 20
      },
      "time": {
        "hour": 11,
        "minute": 23,
        "second": 7,
        "nano": 0
      }
    },
    "citySender": "Київ",
    "cityRecipient": "Буча"
  },
  {
    "number": 59000456221936,
    "dateTime": {
      "date": {
        "year": 2019,
        "month": 10,
        "day": 20
      },
      "time": {
        "hour": 11,
        "minute": 23,
        "second": 6,
        "nano": 0
      }
    },
    "citySender": "Мостиська",
    "cityRecipient": "Київ"
  },
  {
    "number": 59000456221937,
    "dateTime": {
      "date": {
        "year": 2019,
        "month": 10,
        "day": 20
      },
      "time": {
        "hour": 11,
        "minute": 23,
        "second": 19,
        "nano": 0
      }
    },
    "citySender": "Бершадь",
    "cityRecipient": "Вишгород"
  },
  {
    "number": 59000456221938,
    "dateTime": {
      "date": {
        "year": 2019,
        "month": 10,
        "day": 20
      },
      "time": {
        "hour": 11,
        "minute": 24,
        "second": 3,
        "nano": 0
      }
    },
    "citySender": "Київ",
    "cityRecipient": "Київ"
  },
  {
    "number": 59000456221939,
    "dateTime": {
      "date": {
        "year": 2019,
        "month": 10,
        "day": 20
      },
      "time": {
        "hour": 11,
        "minute": 23,
        "second": 36,
        "nano": 0
      }
    },
    "citySender": "Київ",
    "cityRecipient": "Лозова"
  },
  {
    "number": 59000456221940,
    "dateTime": {
      "date": {
        "year": 2019,
        "month": 10,
        "day": 20
      },
      "time": {
        "hour": 11,
        "minute": 23,
        "second": 32,
        "nano": 0
      }
    },
    "citySender": "Володимир-Волинський",
    "cityRecipient": "Київ"
  },
  {
    "number": 59000456221941,
    "dateTime": {
      "date": {
        "year": 2019,
        "month": 10,
        "day": 20
      },
      "time": {
        "hour": 11,
        "minute": 23,
        "second": 33,
        "nano": 0
      }
    },
    "citySender": "Ковель",
    "cityRecipient": "Літин"
  },
  {
    "number": 59000456221942,
    "dateTime": {
      "date": {
        "year": 2019,
        "month": 10,
        "day": 20
      },
      "time": {
        "hour": 11,
        "minute": 23,
        "second": 45,
        "nano": 0
      }
    },
    "citySender": "Тисмениця",
    "cityRecipient": "Харків"
  },
  {
    "number": 59000456221943,
    "dateTime": {
      "date": {
        "year": 2019,
        "month": 10,
        "day": 20
      },
      "time": {
        "hour": 11,
        "minute": 24,
        "second": 3,
        "nano": 0
      }
    },
    "citySender": "Дніпро",
    "cityRecipient": "Львів"
  },
  {
    "number": 59000456221944,
    "dateTime": {
      "date": {
        "year": 2019,
        "month": 10,
        "day": 20
      },
      "time": {
        "hour": 11,
        "minute": 23,
        "second": 30,
        "nano": 0
      }
    },
    "citySender": "Одеса",
    "cityRecipient": "Рівне"
  },
  {
    "number": 59000456221945,
    "dateTime": {
      "date": {
        "year": 2019,
        "month": 10,
        "day": 20
      },
      "time": {
        "hour": 11,
        "minute": 23,
        "second": 33,
        "nano": 0
      }
    },
    "citySender": "Рівне",
    "cityRecipient": "Рівне"
  },
  {
    "number": 59000456221946,
    "dateTime": {
      "date": {
        "year": 2019,
        "month": 10,
        "day": 20
      },
      "time": {
        "hour": 11,
        "minute": 22,
        "second": 56,
        "nano": 0
      }
    },
    "citySender": "Каховка",
    "cityRecipient": "Первомайськ(Микол.обл.Первомайс.р-н)"
  },
  {
    "number": 59000456221947,
    "dateTime": {
      "date": {
        "year": 2019,
        "month": 10,
        "day": 20
      },
      "time": {
        "hour": 11,
        "minute": 23,
        "second": 46,
        "nano": 0
      }
    },
    "citySender": "Львів",
    "cityRecipient": "Теребовля"
  },
  {
    "number": 59000456221948,
    "dateTime": {
      "date": {
        "year": 2019,
        "month": 10,
        "day": 20
      },
      "time": {
        "hour": 11,
        "minute": 23,
        "second": 27,
        "nano": 0
      }
    },
    "citySender": "Київ",
    "cityRecipient": "Буськ"
  },
  {
    "number": 59000456221949,
    "dateTime": {
      "date": {
        "year": 2019,
        "month": 10,
        "day": 20
      },
      "time": {
        "hour": 11,
        "minute": 23,
        "second": 59,
        "nano": 0
      }
    },
    "citySender": "Хмельницький",
    "cityRecipient": "Васильків"
  },
  {
    "number": 59000456221950,
    "dateTime": {
      "date": {
        "year": 2019,
        "month": 10,
        "day": 20
      },
      "time": {
        "hour": 11,
        "minute": 23,
        "second": 59,
        "nano": 0
      }
    },
    "citySender": "Маріуполь",
    "cityRecipient": "Маріуполь"
  },
  {
    "number": 59000456221951,
    "dateTime": {
      "date": {
        "year": 2019,
        "month": 10,
        "day": 20
      },
      "time": {
        "hour": 11,
        "minute": 24,
        "second": 6,
        "nano": 0
      }
    },
    "citySender": "Дубно",
    "cityRecipient": "Львів"
  },
  {
    "number": 59000456221952,
    "dateTime": {
      "date": {
        "year": 2019,
        "month": 10,
        "day": 20
      },
      "time": {
        "hour": 11,
        "minute": 24,
        "second": 5,
        "nano": 0
      }
    },
    "citySender": "Кривий Ріг",
    "cityRecipient": "Краматорськ"
  },
  {
    "number": 59000456221954,
    "dateTime": {
      "date": {
        "year": 2019,
        "month": 10,
        "day": 20
      },
      "time": {
        "hour": 11,
        "minute": 23,
        "second": 27,
        "nano": 0
      }
    },
    "citySender": "Краснокутськ",
    "cityRecipient": "Харків"
  },
  {
    "number": 59000456221955,
    "dateTime": {
      "date": {
        "year": 2019,
        "month": 10,
        "day": 20
      },
      "time": {
        "hour": 11,
        "minute": 23,
        "second": 46,
        "nano": 0
      }
    },
    "citySender": "Київ",
    "cityRecipient": "Київ"
  },
  {
    "number": 59000456221956,
    "dateTime": {
      "date": {
        "year": 2019,
        "month": 10,
        "day": 20
      },
      "time": {
        "hour": 11,
        "minute": 23,
        "second": 34,
        "nano": 0
      }
    },
    "citySender": "Кам\u0027янське(Дніпропетровська обл)",
    "cityRecipient": "Зимна Вода"
  },
  {
    "number": 59000456221957,
    "dateTime": {
      "date": {
        "year": 2019,
        "month": 10,
        "day": 20
      },
      "time": {
        "hour": 11,
        "minute": 24,
        "second": 0,
        "nano": 0
      }
    },
    "citySender": "Нікополь (Дніпропетровська обл.)",
    "cityRecipient": "Миколаїв"
  },
  {
    "number": 59000456221958,
    "dateTime": {
      "date": {
        "year": 2019,
        "month": 10,
        "day": 20
      },
      "time": {
        "hour": 11,
        "minute": 23,
        "second": 49,
        "nano": 0
      }
    },
    "citySender": "Полтава",
    "cityRecipient": "Чорнобай"
  },
  {
    "number": 59000456221959,
    "dateTime": {
      "date": {
        "year": 2019,
        "month": 10,
        "day": 20
      },
      "time": {
        "hour": 11,
        "minute": 23,
        "second": 18,
        "nano": 0
      }
    },
    "citySender": "Пирятин",
    "cityRecipient": "Київ"
  },
  {
    "number": 59000456221960,
    "dateTime": {
      "date": {
        "year": 2019,
        "month": 10,
        "day": 20
      },
      "time": {
        "hour": 11,
        "minute": 24,
        "second": 9,
        "nano": 0
      }
    },
    "citySender": "Одеса",
    "cityRecipient": "Харків"
  },
  {
    "number": 59000456221961,
    "dateTime": {
      "date": {
        "year": 2019,
        "month": 10,
        "day": 20
      },
      "time": {
        "hour": 11,
        "minute": 23,
        "second": 25,
        "nano": 0
      }
    },
    "citySender": "Полтава",
    "cityRecipient": "Ужгород"
  },
  {
    "number": 59000456221962,
    "dateTime": {
      "date": {
        "year": 2019,
        "month": 10,
        "day": 20
      },
      "time": {
        "hour": 11,
        "minute": 23,
        "second": 49,
        "nano": 0
      }
    },
    "citySender": "Таїрове",
    "cityRecipient": "Київ"
  },
  {
    "number": 59000456221963,
    "dateTime": {
      "date": {
        "year": 2019,
        "month": 10,
        "day": 20
      },
      "time": {
        "hour": 11,
        "minute": 23,
        "second": 43,
        "nano": 0
      }
    },
    "citySender": "П\u0027ятихатки",
    "cityRecipient": "Чернівці"
  },
  {
    "number": 59000456221964,
    "dateTime": {
      "date": {
        "year": 2019,
        "month": 10,
        "day": 20
      },
      "time": {
        "hour": 11,
        "minute": 23,
        "second": 45,
        "nano": 0
      }
    },
    "citySender": "Одеса",
    "cityRecipient": "Вилкове"
  },
  {
    "number": 59000456221965,
    "dateTime": {
      "date": {
        "year": 2019,
        "month": 10,
        "day": 20
      },
      "time": {
        "hour": 11,
        "minute": 24,
        "second": 12,
        "nano": 0
      }
    },
    "citySender": "Скадовськ",
    "cityRecipient": "Київ"
  },
  {
    "number": 59000456221966,
    "dateTime": {
      "date": {
        "year": 2019,
        "month": 10,
        "day": 20
      },
      "time": {
        "hour": 11,
        "minute": 23,
        "second": 52,
        "nano": 0
      }
    },
    "citySender": "Львів",
    "cityRecipient": "Херсон"
  },
  {
    "number": 59000456221967,
    "dateTime": {
      "date": {
        "year": 2019,
        "month": 10,
        "day": 20
      },
      "time": {
        "hour": 11,
        "minute": 23,
        "second": 43,
        "nano": 0
      }
    },
    "citySender": "Полтава",
    "cityRecipient": "Васильків"
  },
  {
    "number": 59000456221968,
    "dateTime": {
      "date": {
        "year": 2019,
        "month": 10,
        "day": 20
      },
      "time": {
        "hour": 11,
        "minute": 24,
        "second": 13,
        "nano": 0
      }
    },
    "citySender": "Дніпро",
    "cityRecipient": "Київ"
  },
  {
    "number": 59000456221969,
    "dateTime": {
      "date": {
        "year": 2019,
        "month": 10,
        "day": 20
      },
      "time": {
        "hour": 11,
        "minute": 23,
        "second": 6,
        "nano": 0
      }
    },
    "citySender": "Київ",
    "cityRecipient": "Лисичанськ"
  },
  {
    "number": 59000456221971,
    "dateTime": {
      "date": {
        "year": 2019,
        "month": 10,
        "day": 20
      },
      "time": {
        "hour": 11,
        "minute": 23,
        "second": 4,
        "nano": 0
      }
    },
    "citySender": "Бердянськ",
    "cityRecipient": "Полиці"
  },
  {
    "number": 59000456221972,
    "dateTime": {
      "date": {
        "year": 2019,
        "month": 10,
        "day": 20
      },
      "time": {
        "hour": 11,
        "minute": 22,
        "second": 25,
        "nano": 0
      }
    },
    "citySender": "Рожнятів",
    "cityRecipient": "Ужгород"
  },
  {
    "number": 59000456221973,
    "dateTime": {
      "date": {
        "year": 2019,
        "month": 10,
        "day": 20
      },
      "time": {
        "hour": 11,
        "minute": 24,
        "second": 14,
        "nano": 0
      }
    },
    "citySender": "Київ",
    "cityRecipient": "Одеса"
  },
  {
    "number": 59000456221974,
    "dateTime": {
      "date": {
        "year": 2019,
        "month": 10,
        "day": 20
      },
      "time": {
        "hour": 11,
        "minute": 24,
        "second": 7,
        "nano": 0
      }
    },
    "citySender": "Одеса",
    "cityRecipient": "Харків"
  },
  {
    "number": 59000456221975,
    "dateTime": {
      "date": {
        "year": 2019,
        "month": 10,
        "day": 20
      },
      "time": {
        "hour": 11,
        "minute": 23,
        "second": 32,
        "nano": 0
      }
    },
    "citySender": "Краматорськ",
    "cityRecipient": "Одеса"
  },
  {
    "number": 59000456221976,
    "dateTime": {
      "date": {
        "year": 2019,
        "month": 10,
        "day": 20
      },
      "time": {
        "hour": 11,
        "minute": 23,
        "second": 44,
        "nano": 0
      }
    },
    "citySender": "Львів",
    "cityRecipient": "Одеса"
  },
  {
    "number": 59000456221977,
    "dateTime": {
      "date": {
        "year": 2019,
        "month": 10,
        "day": 20
      },
      "time": {
        "hour": 11,
        "minute": 23,
        "second": 49,
        "nano": 0
      }
    },
    "citySender": "Запоріжжя",
    "cityRecipient": "Київ"
  },
  {
    "number": 59000456221978,
    "dateTime": {
      "date": {
        "year": 2019,
        "month": 10,
        "day": 20
      },
      "time": {
        "hour": 11,
        "minute": 24,
        "second": 0,
        "nano": 0
      }
    },
    "citySender": "Токмак",
    "cityRecipient": "Кременчук"
  },
  {
    "number": 59000456221979,
    "dateTime": {
      "date": {
        "year": 2019,
        "month": 10,
        "day": 20
      },
      "time": {
        "hour": 11,
        "minute": 24,
        "second": 16,
        "nano": 0
      }
    },
    "citySender": "Київ",
    "cityRecipient": "Київ"
  },
  {
    "number": 59000456221980,
    "dateTime": {
      "date": {
        "year": 2019,
        "month": 10,
        "day": 20
      },
      "time": {
        "hour": 11,
        "minute": 24,
        "second": 14,
        "nano": 0
      }
    },
    "citySender": "Червоноград (Львівська обл.)",
    "cityRecipient": "Татарбунари"
  },
  {
    "number": 59000456221981,
    "dateTime": {
      "date": {
        "year": 2019,
        "month": 10,
        "day": 20
      },
      "time": {
        "hour": 11,
        "minute": 23,
        "second": 56,
        "nano": 0
      }
    },
    "citySender": "Калуш",
    "cityRecipient": "Львів"
  },
  {
    "number": 59000456221983,
    "dateTime": {
      "date": {
        "year": 2019,
        "month": 10,
        "day": 20
      },
      "time": {
        "hour": 11,
        "minute": 24,
        "second": 3,
        "nano": 0
      }
    },
    "citySender": "Солоне",
    "cityRecipient": "Коцюбинське"
  },
  {
    "number": 59000456221984,
    "dateTime": {
      "date": {
        "year": 2019,
        "month": 10,
        "day": 20
      },
      "time": {
        "hour": 11,
        "minute": 23,
        "second": 2,
        "nano": 0
      }
    },
    "citySender": "Біла Церква",
    "cityRecipient": "Київ"
  },
  {
    "number": 59000456221985,
    "dateTime": {
      "date": {
        "year": 2019,
        "month": 10,
        "day": 20
      },
      "time": {
        "hour": 11,
        "minute": 24,
        "second": 0,
        "nano": 0
      }
    },
    "citySender": "Калуш",
    "cityRecipient": "Кропивницький"
  },
  {
    "number": 59000456221986,
    "dateTime": {
      "date": {
        "year": 2019,
        "month": 10,
        "day": 20
      },
      "time": {
        "hour": 11,
        "minute": 22,
        "second": 48,
        "nano": 0
      }
    },
    "citySender": "Павлоград",
    "cityRecipient": "Сєвєродонецьк"
  },
  {
    "number": 59000456221987,
    "dateTime": {
      "date": {
        "year": 2019,
        "month": 10,
        "day": 20
      },
      "time": {
        "hour": 11,
        "minute": 24,
        "second": 13,
        "nano": 0
      }
    },
    "citySender": "Київ",
    "cityRecipient": "Запоріжжя"
  },
  {
    "number": 59000456221988,
    "dateTime": {
      "date": {
        "year": 2019,
        "month": 10,
        "day": 20
      },
      "time": {
        "hour": 11,
        "minute": 24,
        "second": 12,
        "nano": 0
      }
    },
    "citySender": "Київ",
    "cityRecipient": "Городище (Черкаська обл.)"
  },
  {
    "number": 59000456221989,
    "dateTime": {
      "date": {
        "year": 2019,
        "month": 10,
        "day": 20
      },
      "time": {
        "hour": 11,
        "minute": 23,
        "second": 55,
        "nano": 0
      }
    },
    "citySender": "Одеса",
    "cityRecipient": "Дніпро"
  },
  {
    "number": 59000456221990,
    "dateTime": {
      "date": {
        "year": 2019,
        "month": 10,
        "day": 20
      },
      "time": {
        "hour": 11,
        "minute": 23,
        "second": 36,
        "nano": 0
      }
    },
    "citySender": "Одеса",
    "cityRecipient": "Харків"
  },
  {
    "number": 59000456221991,
    "dateTime": {
      "date": {
        "year": 2019,
        "month": 10,
        "day": 20
      },
      "time": {
        "hour": 11,
        "minute": 23,
        "second": 56,
        "nano": 0
      }
    },
    "citySender": "Запоріжжя",
    "cityRecipient": "Чернігів"
  },
  {
    "number": 59000456221992,
    "dateTime": {
      "date": {
        "year": 2019,
        "month": 10,
        "day": 20
      },
      "time": {
        "hour": 11,
        "minute": 24,
        "second": 8,
        "nano": 0
      }
    },
    "citySender": "Вишневе",
    "cityRecipient": "Бориспіль"
  },
  {
    "number": 59000456221993,
    "dateTime": {
      "date": {
        "year": 2019,
        "month": 10,
        "day": 20
      },
      "time": {
        "hour": 11,
        "minute": 23,
        "second": 24,
        "nano": 0
      }
    },
    "citySender": "Львів",
    "cityRecipient": "Преображенка (Каланчацький р-н)"
  },
  {
    "number": 59000456221994,
    "dateTime": {
      "date": {
        "year": 2019,
        "month": 10,
        "day": 20
      },
      "time": {
        "hour": 11,
        "minute": 24,
        "second": 8,
        "nano": 0
      }
    },
    "citySender": "Боярка",
    "cityRecipient": "Кременчук"
  },
  {
    "number": 59000456221995,
    "dateTime": {
      "date": {
        "year": 2019,
        "month": 10,
        "day": 20
      },
      "time": {
        "hour": 11,
        "minute": 24,
        "second": 6,
        "nano": 0
      }
    },
    "citySender": "Черкаси",
    "cityRecipient": "Хмельницький"
  },
  {
    "number": 59000456221996,
    "dateTime": {
      "date": {
        "year": 2019,
        "month": 10,
        "day": 20
      },
      "time": {
        "hour": 11,
        "minute": 23,
        "second": 14,
        "nano": 0
      }
    },
    "citySender": "Суми",
    "cityRecipient": "Ужгород"
  },
  {
    "number": 59000456221997,
    "dateTime": {
      "date": {
        "year": 2019,
        "month": 10,
        "day": 20
      },
      "time": {
        "hour": 11,
        "minute": 24,
        "second": 21,
        "nano": 0
      }
    },
    "citySender": "Макарів",
    "cityRecipient": "Київ"
  },
  {
    "number": 59000456221998,
    "dateTime": {
      "date": {
        "year": 2019,
        "month": 10,
        "day": 20
      },
      "time": {
        "hour": 11,
        "minute": 24,
        "second": 0,
        "nano": 0
      }
    },
    "citySender": "Луцьк",
    "cityRecipient": "Івано-Франківськ"
  },
  {
    "number": 59000456221999,
    "dateTime": {
      "date": {
        "year": 2019,
        "month": 10,
        "day": 20
      },
      "time": {
        "hour": 11,
        "minute": 23,
        "second": 45,
        "nano": 0
      }
    },
    "citySender": "Острог",
    "cityRecipient": "Ірпінь"
  },
  {
    "number": 59000456222000,
    "dateTime": {
      "date": {
        "year": 2019,
        "month": 10,
        "day": 20
      },
      "time": {
        "hour": 11,
        "minute": 23,
        "second": 14,
        "nano": 0
      }
    },
    "citySender": "Дніпро",
    "cityRecipient": "Дніпро"
  },
  {
    "number": 59000456222001,
    "dateTime": {
      "date": {
        "year": 2019,
        "month": 10,
        "day": 20
      },
      "time": {
        "hour": 11,
        "minute": 24,
        "second": 11,
        "nano": 0
      }
    },
    "citySender": "Чернівці",
    "cityRecipient": "Чубинське"
  },
  {
    "number": 59000456222002,
    "dateTime": {
      "date": {
        "year": 2019,
        "month": 10,
        "day": 20
      },
      "time": {
        "hour": 11,
        "minute": 21,
        "second": 0,
        "nano": 0
      }
    },
    "citySender": "Київ",
    "cityRecipient": "Краснопілля (Сумська обл.)"
  },
  {
    "number": 59000456222003,
    "dateTime": {
      "date": {
        "year": 2019,
        "month": 10,
        "day": 20
      },
      "time": {
        "hour": 11,
        "minute": 23,
        "second": 57,
        "nano": 0
      }
    },
    "citySender": "Великі Мости",
    "cityRecipient": "Київ"
  },
  {
    "number": 59000456222005,
    "dateTime": {
      "date": {
        "year": 2019,
        "month": 10,
        "day": 20
      },
      "time": {
        "hour": 11,
        "minute": 23,
        "second": 56,
        "nano": 0
      }
    },
    "citySender": "Павлоград",
    "cityRecipient": "Бохоники"
  },
  {
    "number": 59000456222006,
    "dateTime": {
      "date": {
        "year": 2019,
        "month": 10,
        "day": 20
      },
      "time": {
        "hour": 11,
        "minute": 24,
        "second": 1,
        "nano": 0
      }
    },
    "citySender": "Дніпро",
    "cityRecipient": "Ужгород"
  }
]