[
  {
    "number": 59000456233006,
    "dateTime": {
      "date": {
        "year": 2019,
        "month": 10,
        "day": 20
      },
      "time": {
        "hour": 12,
        "minute": 23,
        "second": 33,
        "nano": 0
      }
    },
    "citySender": "Бориспіль",
    "cityRecipient": "Кам\u0027янка (Чернівецька обл., Глибоцький р-н)"
  },
  {
    "number": 59000456233007,
    "dateTime": {
      "date": {
        "year": 2019,
        "month": 10,
        "day": 20
      },
      "time": {
        "hour": 12,
        "minute": 23,
        "second": 24,
        "nano": 0
      }
    },
    "citySender": "Дніпро",
    "cityRecipient": "Завалля (Кіровоград. обл)"
  },
  {
    "number": 59000456233008,
    "dateTime": {
      "date": {
        "year": 2019,
        "month": 10,
        "day": 20
      },
      "time": {
        "hour": 12,
        "minute": 23,
        "second": 54,
        "nano": 0
      }
    },
    "citySender": "Львів",
    "cityRecipient": "Київ"
  },
  {
    "number": 59000456233010,
    "dateTime": {
      "date": {
        "year": 2019,
        "month": 10,
        "day": 20
      },
      "time": {
        "hour": 12,
        "minute": 23,
        "second": 27,
        "nano": 0
      }
    },
    "citySender": "Чернівці",
    "cityRecipient": "Херсон"
  },
  {
    "number": 59000456233011,
    "dateTime": {
      "date": {
        "year": 2019,
        "month": 10,
        "day": 20
      },
      "time": {
        "hour": 12,
        "minute": 23,
        "second": 58,
        "nano": 0
      }
    },
    "citySender": "Баранівка",
    "cityRecipient": "Бар"
  },
  {
    "number": 59000456233012,
    "dateTime": {
      "date": {
        "year": 2019,
        "month": 10,
        "day": 20
      },
      "time": {
        "hour": 12,
        "minute": 23,
        "second": 25,
        "nano": 0
      }
    },
    "citySender": "Дрогобич",
    "cityRecipient": "Львів"
  },
  {
    "number": 59000456233013,
    "dateTime": {
      "date": {
        "year": 2019,
        "month": 10,
        "day": 20
      },
      "time": {
        "hour": 12,
        "minute": 24,
        "second": 1,
        "nano": 0
      }
    },
    "citySender": "Баштанка",
    "cityRecipient": "Харків"
  },
  {
    "number": 59000456233014,
    "dateTime": {
      "date": {
        "year": 2019,
        "month": 10,
        "day": 20
      },
      "time": {
        "hour": 12,
        "minute": 23,
        "second": 0,
        "nano": 0
      }
    },
    "citySender": "Одеса",
    "cityRecipient": "Южноукраїнськ"
  },
  {
    "number": 59000456233015,
    "dateTime": {
      "date": {
        "year": 2019,
        "month": 10,
        "day": 20
      },
      "time": {
        "hour": 12,
        "minute": 23,
        "second": 43,
        "nano": 0
      }
    },
    "citySender": "Івано-Франківськ",
    "cityRecipient": "Київ"
  },
  {
    "number": 59000456233016,
    "dateTime": {
      "date": {
        "year": 2019,
        "month": 10,
        "day": 20
      },
      "time": {
        "hour": 12,
        "minute": 24,
        "second": 0,
        "nano": 0
      }
    },
    "citySender": "Буча",
    "cityRecipient": "Дніпро"
  },
  {
    "number": 59000456233017,
    "dateTime": {
      "date": {
        "year": 2019,
        "month": 10,
        "day": 20
      },
      "time": {
        "hour": 12,
        "minute": 23,
        "second": 16,
        "nano": 0
      }
    },
    "citySender": "Кривий Ріг",
    "cityRecipient": "Миргород"
  },
  {
    "number": 59000456233018,
    "dateTime": {
      "date": {
        "year": 2019,
        "month": 10,
        "day": 20
      },
      "time": {
        "hour": 12,
        "minute": 23,
        "second": 44,
        "nano": 0
      }
    },
    "citySender": "Одеса",
    "cityRecipient": "Київ"
  },
  {
    "number": 59000456233019,
    "dateTime": {
      "date": {
        "year": 2019,
        "month": 10,
        "day": 20
      },
      "time": {
        "hour": 12,
        "minute": 23,
        "second": 50,
        "nano": 0
      }
    },
    "citySender": "Миколаїв",
    "cityRecipient": "Казанка"
  },
  {
    "number": 59000456233020,
    "dateTime": {
      "date": {
        "year": 2019,
        "month": 10,
        "day": 20
      },
      "time": {
        "hour": 12,
        "minute": 23,
        "second": 15,
        "nano": 0
      }
    },
    "citySender": "Нові Петрівці",
    "cityRecipient": "Ділове"
  },
  {
    "number": 59000456233021,
    "dateTime": {
      "date": {
        "year": 2019,
        "month": 10,
        "day": 20
      },
      "time": {
        "hour": 12,
        "minute": 24,
        "second": 4,
        "nano": 0
      }
    },
    "citySender": "Вижниця",
    "cityRecipient": "Харків"
  },
  {
    "number": 59000456233022,
    "dateTime": {
      "date": {
        "year": 2019,
        "month": 10,
        "day": 20
      },
      "time": {
        "hour": 12,
        "minute": 23,
        "second": 36,
        "nano": 0
      }
    },
    "citySender": "Харків",
    "cityRecipient": "Чернівці"
  },
  {
    "number": 59000456233023,
    "dateTime": {
      "date": {
        "year": 2019,
        "month": 10,
        "day": 20
      },
      "time": {
        "hour": 12,
        "minute": 23,
        "second": 40,
        "nano": 0
      }
    },
    "citySender": "Дніпрорудне",
    "cityRecipient": "Хмельницький"
  },
  {
    "number": 59000456233024,
    "dateTime": {
      "date": {
        "year": 2019,
        "month": 10,
        "day": 20
      },
      "time": {
        "hour": 12,
        "minute": 22,
        "second": 50,
        "nano": 0
      }
    },
    "citySender": "Харків",
    "cityRecipient": "Запоріжжя"
  },
  {
    "number": 59000456233025,
    "dateTime": {
      "date": {
        "year": 2019,
        "month": 10,
        "day": 20
      },
      "time": {
        "hour": 12,
        "minute": 24,
        "second": 3,
        "nano": 0
      }
    },
    "citySender": "Лозова",
    "cityRecipient": "Хмельницький"
  },
  {
    "number": 59000456233026,
    "dateTime": {
      "date": {
        "year": 2019,
        "month": 10,
        "day": 20
      },
      "time": {
        "hour": 12,
        "minute": 23,
        "second": 41,
        "nano": 0
      }
    },
    "citySender": "Жовтанці",
    "cityRecipient": "Дніпро"
  },
  {
    "number": 59000456233027,
    "dateTime": {
      "date": {
        "year": 2019,
        "month": 10,
        "day": 20
      },
      "time": {
        "hour": 12,
        "minute": 24,
        "second": 5,
        "nano": 0
      }
    },
    "citySender": "Харків",
    "cityRecipient": "Київ"
  },
  {
    "number": 59000456233028,
    "dateTime": {
      "date": {
        "year": 2019,
        "month": 10,
        "day": 20
      },
      "time": {
        "hour": 12,
        "minute": 23,
        "second": 47,
        "nano": 0
      }
    },
    "citySender": "Рівне",
    "cityRecipient": "Дніпро"
  },
  {
    "number": 59000456233029,
    "dateTime": {
      "date": {
        "year": 2019,
        "month": 10,
        "day": 20
      },
      "time": {
        "hour": 12,
        "minute": 23,
        "second": 37,
        "nano": 0
      }
    },
    "citySender": "Харків",
    "cityRecipient": "Добропілля"
  },
  {
    "number": 59000456233030,
    "dateTime": {
      "date": {
        "year": 2019,
        "month": 10,
        "day": 20
      },
      "time": {
        "hour": 12,
        "minute": 23,
        "second": 31,
        "nano": 0
      }
    },
    "citySender": "Городище (Черкаська обл.)",
    "cityRecipient": "Полтава"
  },
  {
    "number": 59000456233031,
    "dateTime": {
      "date": {
        "year": 2019,
        "month": 10,
        "day": 20
      },
      "time": {
        "hour": 12,
        "minute": 23,
        "second": 30,
        "nano": 0
      }
    },
    "citySender": "Тернопіль",
    "cityRecipient": "Рогатин"
  },
  {
    "number": 59000456233033,
    "dateTime": {
      "date": {
        "year": 2019,
        "month": 10,
        "day": 20
      },
      "time": {
        "hour": 12,
        "minute": 23,
        "second": 39,
        "nano": 0
      }
    },
    "citySender": "Київ",
    "cityRecipient": "Соледар"
  },
  {
    "number": 59000456233034,
    "dateTime": {
      "date": {
        "year": 2019,
        "month": 10,
        "day": 20
      },
      "time": {
        "hour": 12,
        "minute": 24,
        "second": 9,
        "nano": 0
      }
    },
    "citySender": "Київ",
    "cityRecipient": "Київ"
  },
  {
    "number": 59000456233035,
    "dateTime": {
      "date": {
        "year": 2019,
        "month": 10,
        "day": 20
      },
      "time": {
        "hour": 12,
        "minute": 23,
        "second": 35,
        "nano": 0
      }
    },
    "citySender": "Харків",
    "cityRecipient": "Ужгород"
  },
  {
    "number": 59000456233036,
    "dateTime": {
      "date": {
        "year": 2019,
        "month": 10,
        "day": 20
      },
      "time": {
        "hour": 12,
        "minute": 24,
        "second": 4,
        "nano": 0
      }
    },
    "citySender": "Бердянськ",
    "cityRecipient": "Київ"
  },
  {
    "number": 59000456233037,
    "dateTime": {
      "date": {
        "year": 2019,
        "month": 10,
        "day": 20
      },
      "time": {
        "hour": 12,
        "minute": 23,
        "second": 55,
        "nano": 0
      }
    },
    "citySender": "Хмельницький",
    "cityRecipient": "Хмельницький"
  },
  {
    "number": 59000456233038,
    "dateTime": {
      "date": {
        "year": 2019,
        "month": 10,
        "day": 20
      },
      "time": {
        "hour": 12,
        "minute": 23,
        "second": 43,
        "nano": 0
      }
    },
    "citySender": "Київ",
    "cityRecipient": "Біла Церква"
  },
  {
    "number": 59000456233039,
    "dateTime": {
      "date": {
        "year": 2019,
        "month": 10,
        "day": 20
      },
      "time": {
        "hour": 12,
        "minute": 23,
        "second": 59,
        "nano": 0
      }
    },
    "citySender": "Одеса",
    "cityRecipient": "Львів"
  },
  {
    "number": 59000456233041,
    "dateTime": {
      "date": {
        "year": 2019,
        "month": 10,
        "day": 20
      },
      "time": {
        "hour": 12,
        "minute": 24,
        "second": 5,
        "nano": 0
      }
    },
    "citySender": "Ладижин",
    "cityRecipient": "Вороньків"
  },
  {
    "number": 59000456233042,
    "dateTime": {
      "date": {
        "year": 2019,
        "month": 10,
        "day": 20
      },
      "time": {
        "hour": 12,
        "minute": 24,
        "second": 2,
        "nano": 0
      }
    },
    "citySender": "Ромни",
    "cityRecipient": "Харків"
  },
  {
    "number": 59000456233043,
    "dateTime": {
      "date": {
        "year": 2019,
        "month": 10,
        "day": 20
      },
      "time": {
        "hour": 12,
        "minute": 24,
        "second": 12,
        "nano": 0
      }
    },
    "citySender": "Біла Церква",
    "cityRecipient": "Одеса"
  },
  {
    "number": 59000456233044,
    "dateTime": {
      "date": {
        "year": 2019,
        "month": 10,
        "day": 20
      },
      "time": {
        "hour": 12,
        "minute": 24,
        "second": 4,
        "nano": 0
      }
    },
    "citySender": "Херсон",
    "cityRecipient": "Запоріжжя"
  },
  {
    "number": 59000456233045,
    "dateTime": {
      "date": {
        "year": 2019,
        "month": 10,
        "day": 20
      },
      "time": {
        "hour": 12,
        "minute": 23,
        "second": 35,
        "nano": 0
      }
    },
    "citySender": "Луцьк",
    "cityRecipient": "Калуш"
  },
  {
    "number": 59000456233046,
    "dateTime": {
      "date": {
        "year": 2019,
        "month": 10,
        "day": 20
      },
      "time": {
        "hour": 12,
        "minute": 23,
        "second": 48,
        "nano": 0
      }
    },
    "citySender": "Київ",
    "cityRecipient": "Бердянськ"
  },
  {
    "number": 59000456233047,
    "dateTime": {
      "date": {
        "year": 2019,
        "month": 10,
        "day": 20
      },
      "time": {
        "hour": 12,
        "minute": 24,
        "second": 1,
        "nano": 0
      }
    },
    "citySender": "Харків",
    "cityRecipient": "Одеса"
  },
  {
    "number": 59000456233048,
    "dateTime": {
      "date": {
        "year": 2019,
        "month": 10,
        "day": 20
      },
      "time": {
        "hour": 12,
        "minute": 23,
        "second": 40,
        "nano": 0
      }
    },
    "citySender": "Бердянськ",
    "cityRecipient": "Новояворівськ"
  },
  {
    "number": 59000456233049,
    "dateTime": {
      "date": {
        "year": 2019,
        "month": 10,
        "day": 20
      },
      "time": {
        "hour": 12,
        "minute": 24,
        "second": 8,
        "nano": 0
      }
    },
    "citySender": "Дніпро",
    "cityRecipient": "Дніпро"
  },
  {
    "number": 59000456233050,
    "dateTime": {
      "date": {
        "year": 2019,
        "month": 10,
        "day": 20
      },
      "time": {
        "hour": 12,
        "minute": 24,
        "second": 16,
        "nano": 0
      }
    },
    "citySender": "Баштанка",
    "cityRecipient": "Миколаїв"
  },
  {
    "number": 59000456233051,
    "dateTime": {
      "date": {
        "year": 2019,
        "month": 10,
        "day": 20
      },
      "time": {
        "hour": 12,
        "minute": 24,
        "second": 16,
        "nano": 0
      }
    },
    "citySender": "Слов\u0027янськ",
    "cityRecipient": "Харків"
  },
  {
    "number": 59000456233052,
    "dateTime": {
      "date": {
        "year": 2019,
        "month": 10,
        "day": 20
      },
      "time": {
        "hour": 12,
        "minute": 24,
        "second": 6,
        "nano": 0
      }
    },
    "citySender": "Київ",
    "cityRecipient": "Селидове"
  },
  {
    "number": 59000456233053,
    "dateTime": {
      "date": {
        "year": 2019,
        "month": 10,
        "day": 20
      },
      "time": {
        "hour": 12,
        "minute": 23,
        "second": 55,
        "nano": 0
      }
    },
    "citySender": "Дніпро",
    "cityRecipient": "Краматорськ"
  },
  {
    "number": 59000456233054,
    "dateTime": {
      "date": {
        "year": 2019,
        "month": 10,
        "day": 20
      },
      "time": {
        "hour": 12,
        "minute": 23,
        "second": 43,
        "nano": 0
      }
    },
    "citySender": "Васильків",
    "cityRecipient": "Тульчин"
  },
  {
    "number": 59000456233055,
    "dateTime": {
      "date": {
        "year": 2019,
        "month": 10,
        "day": 20
      },
      "time": {
        "hour": 12,
        "minute": 23,
        "second": 26,
        "nano": 0
      }
    },
    "citySender": "Київ",
    "cityRecipient": "Київ"
  },
  {
    "number": 59000456233056,
    "dateTime": {
      "date": {
        "year": 2019,
        "month": 10,
        "day": 20
      },
      "time": {
        "hour": 12,
        "minute": 23,
        "second": 35,
        "nano": 0
      }
    },
    "citySender": "Київ",
    "cityRecipient": "Харків"
  },
  {
    "number": 59000456233057,
    "dateTime": {
      "date": {
        "year": 2019,
        "month": 10,
        "day": 20
      },
      "time": {
        "hour": 12,
        "minute": 23,
        "second": 57,
        "nano": 0
      }
    },
    "citySender": "Кам\u0027янець-Подільський",
    "cityRecipient": "Житомир"
  },
  {
    "number": 59000456233058,
    "dateTime": {
      "date": {
        "year": 2019,
        "month": 10,
        "day": 20
      },
      "time": {
        "hour": 12,
        "minute": 23,
        "second": 55,
        "nano": 0
      }
    },
    "citySender": "Кропивницький",
    "cityRecipient": "Кропивницький"
  },
  {
    "number": 59000456233059,
    "dateTime": {
      "date": {
        "year": 2019,
        "month": 10,
        "day": 20
      },
      "time": {
        "hour": 12,
        "minute": 24,
        "second": 12,
        "nano": 0
      }
    },
    "citySender": "Апостолове",
    "cityRecipient": "Станиця Луганська"
  },
  {
    "number": 59000456233060,
    "dateTime": {
      "date": {
        "year": 2019,
        "month": 10,
        "day": 20
      },
      "time": {
        "hour": 12,
        "minute": 23,
        "second": 52,
        "nano": 0
      }
    },
    "citySender": "Харків",
    "cityRecipient": "Київ"
  },
  {
    "number": 59000456233061,
    "dateTime": {
      "date": {
        "year": 2019,
        "month": 10,
        "day": 20
      },
      "time": {
        "hour": 12,
        "minute": 23,
        "second": 24,
        "nano": 0
      }
    },
    "citySender": "Київ",
    "cityRecipient": "Новотроїцьке (Донецька обл.)"
  },
  {
    "number": 59000456233062,
    "dateTime": {
      "date": {
        "year": 2019,
        "month": 10,
        "day": 20
      },
      "time": {
        "hour": 12,
        "minute": 23,
        "second": 57,
        "nano": 0
      }
    },
    "citySender": "Шишаки",
    "cityRecipient": "Полтава"
  },
  {
    "number": 59000456233063,
    "dateTime": {
      "date": {
        "year": 2019,
        "month": 10,
        "day": 20
      },
      "time": {
        "hour": 12,
        "minute": 24,
        "second": 18,
        "nano": 0
      }
    },
    "citySender": "Київ",
    "cityRecipient": "Київ"
  },
  {
    "number": 59000456233064,
    "dateTime": {
      "date": {
        "year": 2019,
        "month": 10,
        "day": 20
      },
      "time": {
        "hour": 12,
        "minute": 24,
        "second": 15,
        "nano": 0
      }
    },
    "citySender": "Київ",
    "cityRecipient": "Нововолинськ"
  },
  {
    "number": 59000456233065,
    "dateTime": {
      "date": {
        "year": 2019,
        "month": 10,
        "day": 20
      },
      "time": {
        "hour": 12,
        "minute": 24,
        "second": 14,
        "nano": 0
      }
    },
    "citySender": "Харків",
    "cityRecipient": "Подільськ"
  },
  {
    "number": 59000456233066,
    "dateTime": {
      "date": {
        "year": 2019,
        "month": 10,
        "day": 20
      },
      "time": {
        "hour": 12,
        "minute": 24,
        "second": 10,
        "nano": 0
      }
    },
    "citySender": "Харків",
    "cityRecipient": "Миколаїв"
  },
  {
    "number": 59000456233067,
    "dateTime": {
      "date": {
        "year": 2019,
        "month": 10,
        "day": 20
      },
      "time": {
        "hour": 12,
        "minute": 24,
        "second": 22,
        "nano": 0
      }
    },
    "citySender": "Полтава",
    "cityRecipient": "Вінниця"
  },
  {
    "number": 59000456233068,
    "dateTime": {
      "date": {
        "year": 2019,
        "month": 10,
        "day": 20
      },
      "time": {
        "hour": 12,
        "minute": 24,
        "second": 15,
        "nano": 0
      }
    },
    "citySender": "Володимир-Волинський",
    "cityRecipient": "Київ"
  },
  {
    "number": 59000456233069,
    "dateTime": {
      "date": {
        "year": 2019,
        "month": 10,
        "day": 20
      },
      "time": {
        "hour": 12,
        "minute": 23,
        "second": 40,
        "nano": 0
      }
    },
    "citySender": "Кам\u0027янець-Подільський",
    "cityRecipient": "Одеса"
  },
  {
    "number": 59000456233070,
    "dateTime": {
      "date": {
        "year": 2019,
        "month": 10,
        "day": 20
      },
      "time": {
        "hour": 12,
        "minute": 24,
        "second": 18,
        "nano": 0
      }
    },
    "citySender": "Дніпро",
    "cityRecipient": "Київ"
  },
  {
    "number": 59000456233071,
    "dateTime": {
      "date": {
        "year": 2019,
        "month": 10,
        "day": 20
      },
      "time": {
        "hour": 12,
        "minute": 24,
        "second": 15,
        "nano": 0
      }
    },
    "citySender": "Полтава",
    "cityRecipient": "Червоноград (Львівська обл.)"
  },
  {
    "number": 59000456233072,
    "dateTime": {
      "date": {
        "year": 2019,
        "month": 10,
        "day": 20
      },
      "time": {
        "hour": 12,
        "minute": 24,
        "second": 15,
        "nano": 0
      }
    },
    "citySender": "Одеса",
    "cityRecipient": "Одеса"
  },
  {
    "number": 59000456233073,
    "dateTime": {
      "date": {
        "year": 2019,
        "month": 10,
        "day": 20
      },
      "time": {
        "hour": 12,
        "minute": 24,
        "second": 17,
        "nano": 0
      }
    },
    "citySender": "Одеса",
    "cityRecipient": "Київ"
  },
  {
    "number": 59000456233074,
    "dateTime": {
      "date": {
        "year": 2019,
        "month": 10,
        "day": 20
      },
      "time": {
        "hour": 12,
        "minute": 23,
        "second": 56,
        "nano": 0
      }
    },
    "citySender": "Одеса",
    "cityRecipient": "Дніпро"
  },
  {
    "number": 59000456233075,
    "dateTime": {
      "date": {
        "year": 2019,
        "month": 10,
        "day": 20
      },
      "time": {
        "hour": 12,
        "minute": 24,
        "second": 2,
        "nano": 0
      }
    },
    "citySender": "Чугуїв",
    "cityRecipient": "Дружба (Сумська обл.)"
  },
  {
    "number": 59000456233076,
    "dateTime": {
      "date": {
        "year": 2019,
        "month": 10,
        "day": 20
      },
      "time": {
        "hour": 12,
        "minute": 23,
        "second": 55,
        "nano": 0
      }
    },
    "citySender": "Ржищів",
    "cityRecipient": "Сєвєродонецьк"
  },
  {
    "number": 59000456233077,
    "dateTime": {
      "date": {
        "year": 2019,
        "month": 10,
        "day": 20
      },
      "time": {
        "hour": 12,
        "minute": 23,
        "second": 39,
        "nano": 0
      }
    },
    "citySender": "Краматорськ",
    "cityRecipient": "Дніпро"
  },
  {
    "number": 59000456233078,
    "dateTime": {
      "date": {
        "year": 2019,
        "month": 10,
        "day": 20
      },
      "time": {
        "hour": 12,
        "minute": 24,
        "second": 27,
        "nano": 0
      }
    },
    "citySender": "Волноваха",
    "cityRecipient": "Львів"
  },
  {
    "number": 59000456233079,
    "dateTime": {
      "date": {
        "year": 2019,
        "month": 10,
        "day": 20
      },
      "time": {
        "hour": 12,
        "minute": 23,
        "second": 38,
        "nano": 0
      }
    },
    "citySender": "Покровськ (Донецька обл.)",
    "cityRecipient": "Гадяч"
  },
  {
    "number": 59000456233080,
    "dateTime": {
      "date": {
        "year": 2019,
        "month": 10,
        "day": 20
      },
      "time": {
        "hour": 12,
        "minute": 23,
        "second": 56,
        "nano": 0
      }
    },
    "citySender": "Одеса",
    "cityRecipient": "Сеньківка"
  },
  {
    "number": 59000456233081,
    "dateTime": {
      "date": {
        "year": 2019,
        "month": 10,
        "day": 20
      },
      "time": {
        "hour": 12,
        "minute": 24,
        "second": 6,
        "nano": 0
      }
    },
    "citySender": "Слов\u0027янськ",
    "cityRecipient": "Ірпінь"
  },
  {
    "number": 59000456233082,
    "dateTime": {
      "date": {
        "year": 2019,
        "month": 10,
        "day": 20
      },
      "time": {
        "hour": 12,
        "minute": 23,
        "second": 30,
        "nano": 0
      }
    },
    "citySender": "Новомосковськ",
    "cityRecipient": "Чернівці"
  },
  {
    "number": 59000456233083,
    "dateTime": {
      "date": {
        "year": 2019,
        "month": 10,
        "day": 20
      },
      "time": {
        "hour": 12,
        "minute": 24,
        "second": 12,
        "nano": 0
      }
    },
    "citySender": "Новий Розділ",
    "cityRecipient": "Курахове"
  },
  {
    "number": 59000456233084,
    "dateTime": {
      "date": {
        "year": 2019,
        "month": 10,
        "day": 20
      },
      "time": {
        "hour": 12,
        "minute": 24,
        "second": 12,
        "nano": 0
      }
    },
    "citySender": "Львів",
    "cityRecipient": "Самбір"
  },
  {
    "number": 59000456233085,
    "dateTime": {
      "date": {
        "year": 2019,
        "month": 10,
        "day": 20
      },
      "time": {
        "hour": 12,
        "minute": 24,
        "second": 28,
        "nano": 0
      }
    },
    "citySender": "Біла Церква",
    "cityRecipient": "Молодіжне"
  },
  {
    "number": 59000456233086,
    "dateTime": {
      "date": {
        "year": 2019,
        "month": 10,
        "day": 20
      },
      "time": {
        "hour": 12,
        "minute": 24,
        "second": 15,
        "nano": 0
      }
    },
    "citySender": "Запоріжжя",
    "cityRecipient": "Кривий Ріг"
  },
  {
    "number": 59000456233087,
    "dateTime": {
      "date": {
        "year": 2019,
        "month": 10,
        "day": 20
      },
      "time": {
        "hour": 12,
        "minute": 23,
        "second": 49,
        "nano": 0
      }
    },
    "citySender": "Мирноград",
    "cityRecipient": "Солоницівка"
  },
  {
    "number": 59000456233088,
    "dateTime": {
      "date": {
        "year": 2019,
        "month": 10,
        "day": 20
      },
      "time": {
        "hour": 12,
        "minute": 24,
        "second": 5,
        "nano": 0
      }
    },
    "citySender": "Дніпро",
    "cityRecipient": "Львів"
  },
  {
    "number": 59000456233089,
    "dateTime": {
      "date": {
        "year": 2019,
        "month": 10,
        "day": 20
      },
      "time": {
        "hour": 12,
        "minute": 24,
        "second": 3,
        "nano": 0
      }
    },
    "citySender": "Харків",
    "cityRecipient": "Лозова"
  },
  {
    "number": 59000456233090,
    "dateTime": {
      "date": {
        "year": 2019,
        "month": 10,
        "day": 20
      },
      "time": {
        "hour": 12,
        "minute": 23,
        "second": 33,
        "nano": 0
      }
    },
    "citySender": "Харків",
    "cityRecipient": "Київ"
  },
  {
    "number": 59000456233091,
    "dateTime": {
      "date": {
        "year": 2019,
        "month": 10,
        "day": 20
      },
      "time": {
        "hour": 12,
        "minute": 23,
        "second": 19,
        "nano": 0
      }
    },
    "citySender": "Нетішин",
    "cityRecipient": "Косонь (Косино)"
  },
  {
    "number": 59000456233093,
    "dateTime": {
      "date": {
        "year": 2019,
        "month": 10,
        "day": 20
      },
      "time": {
        "hour": 12,
        "minute": 24,
        "second": 20,
        "nano": 0
      }
    },
    "citySender": "Хмельницький",
    "cityRecipient": "Полтава"
  },
  {
    "number": 59000456233094,
    "dateTime": {
      "date": {
        "year": 2019,
        "month": 10,
        "day": 20
      },
      "time": {
        "hour": 12,
        "minute": 24,
        "second": 25,
        "nano": 0
      }
    },
    "citySender": "Дніпро",
    "cityRecipient": "Дніпро"
  },
  {
    "number": 59000456233095,
    "dateTime": {
      "date": {
        "year": 2019,
        "month": 10,
        "day": 20
      },
      "time": {
        "hour": 12,
        "minute": 21,
        "second": 5,
        "nano": 0
      }
    },
    "citySender": "Київ",
    "cityRecipient": "Павлоград"
  },
  {
    "number": 59000456233096,
    "dateTime": {
      "date": {
        "year": 2019,
        "month": 10,
        "day": 20
      },
      "time": {
        "hour": 12,
        "minute": 24,
        "second": 16,
        "nano": 0
      }
    },
    "citySender": "Львів",
    "cityRecipient": "Дніпро"
  },
  {
    "number": 59000456233097,
    "dateTime": {
      "date": {
        "year": 2019,
        "month": 10,
        "day": 20
      },
      "time": {
        "hour": 12,
        "minute": 24,
        "second": 31,
        "nano": 0
      }
    },
    "citySender": "Кривий Ріг",
    "cityRecipient": "Черкаси"
  },
  {
    "number": 59000456233098,
    "dateTime": {
      "date": {
        "year": 2019,
        "month": 10,
        "day": 20
      },
      "time": {
        "hour": 12,
        "minute": 24,
        "second": 1,
        "nano": 0
      }
    },
    "citySender": "Білогородка (Київська обл.)",
    "cityRecipient": "Київ"
  },
  {
    "number": 59000456233099,
    "dateTime": {
      "date": {
        "year": 2019,
        "month": 10,
        "day": 20
      },
      "time": {
        "hour": 12,
        "minute": 24,
        "second": 11,
        "nano": 0
      }
    },
    "citySender": "Київ",
    "cityRecipient": "Маріуполь"
  },
  {
    "number": 59000456233100,
    "dateTime": {
      "date": {
        "year": 2019,
        "month": 10,
        "day": 20
      },
      "time": {
        "hour": 12,
        "minute": 24,
        "second": 8,
        "nano": 0
      }
    },
    "citySender": "Одеса",
    "cityRecipient": "Обухів"
  },
  {
    "number": 59000456233101,
    "dateTime": {
      "date": {
        "year": 2019,
        "month": 10,
        "day": 20
      },
      "time": {
        "hour": 12,
        "minute": 24,
        "second": 12,
        "nano": 0
      }
    },
    "citySender": "Київ",
    "cityRecipient": "Покровськ (Донецька обл.)"
  },
  {
    "number": 59000456233102,
    "dateTime": {
      "date": {
        "year": 2019,
        "month": 10,
        "day": 20
      },
      "time": {
        "hour": 12,
        "minute": 24,
        "second": 0,
        "nano": 0
      }
    },
    "citySender": "Одеса",
    "cityRecipient": "Гореничі"
  },
  {
    "number": 59000456233103,
    "dateTime": {
      "date": {
        "year": 2019,
        "month": 10,
        "day": 20
      },
      "time": {
        "hour": 12,
        "minute": 24,
        "second": 18,
        "nano": 0
      }
    },
    "citySender": "Хмельницький",
    "cityRecipient": "Біла Церква"
  },
  {
    "number": 59000456233104,
    "dateTime": {
      "date": {
        "year": 2019,
        "month": 10,
        "day": 20
      },
      "time": {
        "hour": 12,
        "minute": 23,
        "second": 22,
        "nano": 0
      }
    },
    "citySender": "Київ",
    "cityRecipient": "Рівне"
  },
  {
    "number": 59000456233105,
    "dateTime": {
      "date": {
        "year": 2019,
        "month": 10,
        "day": 20
      },
      "time": {
        "hour": 12,
        "minute": 24,
        "second": 15,
        "nano": 0
      }
    },
    "citySender": "Рівне",
    "cityRecipient": "Петриківка"
  }
]