[
  {
    "number": 59000456250100,
    "dateTime": {
      "date": {
        "year": 2019,
        "month": 10,
        "day": 20
      },
      "time": {
        "hour": 14,
        "minute": 6,
        "second": 51,
        "nano": 0
      }
    },
    "citySender": "Житомир",
    "cityRecipient": "Одеса"
  },
  {
    "number": 59000456250101,
    "dateTime": {
      "date": {
        "year": 2019,
        "month": 10,
        "day": 20
      },
      "time": {
        "hour": 14,
        "minute": 7,
        "second": 11,
        "nano": 0
      }
    },
    "citySender": "Харків",
    "cityRecipient": "Рубіжне"
  },
  {
    "number": 59000456250102,
    "dateTime": {
      "date": {
        "year": 2019,
        "month": 10,
        "day": 20
      },
      "time": {
        "hour": 14,
        "minute": 6,
        "second": 43,
        "nano": 0
      }
    },
    "citySender": "Тернопіль",
    "cityRecipient": "Талалаївка (Талалаївський р-н., Чернігівська обл.)"
  },
  {
    "number": 59000456250103,
    "dateTime": {
      "date": {
        "year": 2019,
        "month": 10,
        "day": 20
      },
      "time": {
        "hour": 14,
        "minute": 7,
        "second": 9,
        "nano": 0
      }
    },
    "citySender": "Запоріжжя",
    "cityRecipient": "Тересва"
  },
  {
    "number": 59000456250104,
    "dateTime": {
      "date": {
        "year": 2019,
        "month": 10,
        "day": 20
      },
      "time": {
        "hour": 14,
        "minute": 7,
        "second": 10,
        "nano": 0
      }
    },
    "citySender": "Чорноморськ",
    "cityRecipient": "Тернопіль"
  },
  {
    "number": 59000456250105,
    "dateTime": {
      "date": {
        "year": 2019,
        "month": 10,
        "day": 20
      },
      "time": {
        "hour": 14,
        "minute": 7,
        "second": 22,
        "nano": 0
      }
    },
    "citySender": "Шепетівка",
    "cityRecipient": "Носівка"
  },
  {
    "number": 59000456250106,
    "dateTime": {
      "date": {
        "year": 2019,
        "month": 10,
        "day": 20
      },
      "time": {
        "hour": 14,
        "minute": 7,
        "second": 12,
        "nano": 0
      }
    },
    "citySender": "Харків",
    "cityRecipient": "Славута"
  },
  {
    "number": 59000456250108,
    "dateTime": {
      "date": {
        "year": 2019,
        "month": 10,
        "day": 20
      },
      "time": {
        "hour": 14,
        "minute": 7,
        "second": 24,
        "nano": 0
      }
    },
    "citySender": "Хмельницький",
    "cityRecipient": "Торецьк"
  },
  {
    "number": 59000456250109,
    "dateTime": {
      "date": {
        "year": 2019,
        "month": 10,
        "day": 20
      },
      "time": {
        "hour": 14,
        "minute": 7,
        "second": 6,
        "nano": 0
      }
    },
    "citySender": "Кременчук",
    "cityRecipient": "Гримайлів"
  },
  {
    "number": 59000456250110,
    "dateTime": {
      "date": {
        "year": 2019,
        "month": 10,
        "day": 20
      },
      "time": {
        "hour": 14,
        "minute": 7,
        "second": 14,
        "nano": 0
      }
    },
    "citySender": "Черкаси",
    "cityRecipient": "Харків"
  },
  {
    "number": 59000456250112,
    "dateTime": {
      "date": {
        "year": 2019,
        "month": 10,
        "day": 20
      },
      "time": {
        "hour": 14,
        "minute": 7,
        "second": 9,
        "nano": 0
      }
    },
    "citySender": "Київ",
    "cityRecipient": "Турка"
  },
  {
    "number": 59000456250113,
    "dateTime": {
      "date": {
        "year": 2019,
        "month": 10,
        "day": 20
      },
      "time": {
        "hour": 14,
        "minute": 6,
        "second": 42,
        "nano": 0
      }
    },
    "citySender": "Київ",
    "cityRecipient": "Южноукраїнськ"
  },
  {
    "number": 59000456250114,
    "dateTime": {
      "date": {
        "year": 2019,
        "month": 10,
        "day": 20
      },
      "time": {
        "hour": 14,
        "minute": 5,
        "second": 36,
        "nano": 0
      }
    },
    "citySender": "Кам\u0027янське(Дніпропетровська обл)",
    "cityRecipient": "Київ"
  },
  {
    "number": 59000456250115,
    "dateTime": {
      "date": {
        "year": 2019,
        "month": 10,
        "day": 20
      },
      "time": {
        "hour": 14,
        "minute": 7,
        "second": 27,
        "nano": 0
      }
    },
    "citySender": "Київ",
    "cityRecipient": "Дніпро"
  },
  {
    "number": 59000456250116,
    "dateTime": {
      "date": {
        "year": 2019,
        "month": 10,
        "day": 20
      },
      "time": {
        "hour": 14,
        "minute": 7,
        "second": 6,
        "nano": 0
      }
    },
    "citySender": "Сєвєродонецьк",
    "cityRecipient": "Харків"
  },
  {
    "number": 59000456250117,
    "dateTime": {
      "date": {
        "year": 2019,
        "month": 10,
        "day": 20
      },
      "time": {
        "hour": 14,
        "minute": 7,
        "second": 19,
        "nano": 0
      }
    },
    "citySender": "Новояворівськ",
    "cityRecipient": "Одеса"
  },
  {
    "number": 59000456250118,
    "dateTime": {
      "date": {
        "year": 2019,
        "month": 10,
        "day": 20
      },
      "time": {
        "hour": 14,
        "minute": 7,
        "second": 16,
        "nano": 0
      }
    },
    "citySender": "Біла Церква",
    "cityRecipient": "Київ"
  },
  {
    "number": 59000456250119,
    "dateTime": {
      "date": {
        "year": 2019,
        "month": 10,
        "day": 20
      },
      "time": {
        "hour": 14,
        "minute": 7,
        "second": 22,
        "nano": 0
      }
    },
    "citySender": "Суми",
    "cityRecipient": "Чернівці"
  },
  {
    "number": 59000456250120,
    "dateTime": {
      "date": {
        "year": 2019,
        "month": 10,
        "day": 20
      },
      "time": {
        "hour": 14,
        "minute": 6,
        "second": 43,
        "nano": 0
      }
    },
    "citySender": "Млинів",
    "cityRecipient": "Волочиськ"
  },
  {
    "number": 59000456250121,
    "dateTime": {
      "date": {
        "year": 2019,
        "month": 10,
        "day": 20
      },
      "time": {
        "hour": 14,
        "minute": 7,
        "second": 29,
        "nano": 0
      }
    },
    "citySender": "Рівне",
    "cityRecipient": "Городок (Хмельницька обл.)"
  },
  {
    "number": 59000456250123,
    "dateTime": {
      "date": {
        "year": 2019,
        "month": 10,
        "day": 20
      },
      "time": {
        "hour": 14,
        "minute": 7,
        "second": 32,
        "nano": 0
      }
    },
    "citySender": "Фонтанка",
    "cityRecipient": "Київ"
  },
  {
    "number": 59000456250124,
    "dateTime": {
      "date": {
        "year": 2019,
        "month": 10,
        "day": 20
      },
      "time": {
        "hour": 14,
        "minute": 6,
        "second": 20,
        "nano": 0
      }
    },
    "citySender": "Дніпро",
    "cityRecipient": "Дніпро"
  },
  {
    "number": 59000456250125,
    "dateTime": {
      "date": {
        "year": 2019,
        "month": 10,
        "day": 20
      },
      "time": {
        "hour": 14,
        "minute": 7,
        "second": 4,
        "nano": 0
      }
    },
    "citySender": "Київ",
    "cityRecipient": "Буди (Харківська обл.)"
  },
  {
    "number": 59000456250126,
    "dateTime": {
      "date": {
        "year": 2019,
        "month": 10,
        "day": 20
      },
      "time": {
        "hour": 14,
        "minute": 6,
        "second": 9,
        "nano": 0
      }
    },
    "citySender": "Полтава",
    "cityRecipient": "Київ"
  },
  {
    "number": 59000456250127,
    "dateTime": {
      "date": {
        "year": 2019,
        "month": 10,
        "day": 20
      },
      "time": {
        "hour": 14,
        "minute": 7,
        "second": 33,
        "nano": 0
      }
    },
    "citySender": "Чернівці",
    "cityRecipient": "Київ"
  },
  {
    "number": 59000456250128,
    "dateTime": {
      "date": {
        "year": 2019,
        "month": 10,
        "day": 20
      },
      "time": {
        "hour": 14,
        "minute": 7,
        "second": 34,
        "nano": 0
      }
    },
    "citySender": "Глеваха",
    "cityRecipient": "Запоріжжя"
  },
  {
    "number": 59000456250129,
    "dateTime": {
      "date": {
        "year": 2019,
        "month": 10,
        "day": 20
      },
      "time": {
        "hour": 14,
        "minute": 6,
        "second": 22,
        "nano": 0
      }
    },
    "citySender": "Одеса",
    "cityRecipient": "Чернігів"
  },
  {
    "number": 59000456250131,
    "dateTime": {
      "date": {
        "year": 2019,
        "month": 10,
        "day": 20
      },
      "time": {
        "hour": 14,
        "minute": 6,
        "second": 53,
        "nano": 0
      }
    },
    "citySender": "Трускавець",
    "cityRecipient": "Бердянськ"
  },
  {
    "number": 59000456250132,
    "dateTime": {
      "date": {
        "year": 2019,
        "month": 10,
        "day": 20
      },
      "time": {
        "hour": 14,
        "minute": 7,
        "second": 32,
        "nano": 0
      }
    },
    "citySender": "Харків",
    "cityRecipient": "Кропивницький"
  },
  {
    "number": 59000456250133,
    "dateTime": {
      "date": {
        "year": 2019,
        "month": 10,
        "day": 20
      },
      "time": {
        "hour": 14,
        "minute": 7,
        "second": 0,
        "nano": 0
      }
    },
    "citySender": "Солоницівка",
    "cityRecipient": "Дніпро"
  },
  {
    "number": 59000456250134,
    "dateTime": {
      "date": {
        "year": 2019,
        "month": 10,
        "day": 20
      },
      "time": {
        "hour": 14,
        "minute": 7,
        "second": 6,
        "nano": 0
      }
    },
    "citySender": "Самбір",
    "cityRecipient": "Запоріжжя"
  },
  {
    "number": 59000456250135,
    "dateTime": {
      "date": {
        "year": 2019,
        "month": 10,
        "day": 20
      },
      "time": {
        "hour": 14,
        "minute": 6,
        "second": 31,
        "nano": 0
      }
    },
    "citySender": "Івано-Франківськ",
    "cityRecipient": "Болехів"
  },
  {
    "number": 59000456250136,
    "dateTime": {
      "date": {
        "year": 2019,
        "month": 10,
        "day": 20
      },
      "time": {
        "hour": 14,
        "minute": 7,
        "second": 8,
        "nano": 0
      }
    },
    "citySender": "Хмельницький",
    "cityRecipient": "Кам\u0027янське(Дніпропетровська обл)"
  },
  {
    "number": 59000456250137,
    "dateTime": {
      "date": {
        "year": 2019,
        "month": 10,
        "day": 20
      },
      "time": {
        "hour": 14,
        "minute": 6,
        "second": 46,
        "nano": 0
      }
    },
    "citySender": "Одеса",
    "cityRecipient": "Кривий Ріг"
  },
  {
    "number": 59000456250138,
    "dateTime": {
      "date": {
        "year": 2019,
        "month": 10,
        "day": 20
      },
      "time": {
        "hour": 14,
        "minute": 7,
        "second": 29,
        "nano": 0
      }
    },
    "citySender": "Київ",
    "cityRecipient": "Іванків (Іванківський р-н)"
  },
  {
    "number": 59000456250139,
    "dateTime": {
      "date": {
        "year": 2019,
        "month": 10,
        "day": 20
      },
      "time": {
        "hour": 14,
        "minute": 7,
        "second": 39,
        "nano": 0
      }
    },
    "citySender": "Ковель",
    "cityRecipient": "Київ"
  },
  {
    "number": 59000456250141,
    "dateTime": {
      "date": {
        "year": 2019,
        "month": 10,
        "day": 20
      },
      "time": {
        "hour": 14,
        "minute": 6,
        "second": 57,
        "nano": 0
      }
    },
    "citySender": "Київ",
    "cityRecipient": "Київ"
  },
  {
    "number": 59000456250142,
    "dateTime": {
      "date": {
        "year": 2019,
        "month": 10,
        "day": 20
      },
      "time": {
        "hour": 14,
        "minute": 6,
        "second": 22,
        "nano": 0
      }
    },
    "citySender": "Київ",
    "cityRecipient": "Київ"
  },
  {
    "number": 59000456250143,
    "dateTime": {
      "date": {
        "year": 2019,
        "month": 10,
        "day": 20
      },
      "time": {
        "hour": 14,
        "minute": 7,
        "second": 40,
        "nano": 0
      }
    },
    "citySender": "Київ",
    "cityRecipient": "Лубни"
  },
  {
    "number": 59000456250144,
    "dateTime": {
      "date": {
        "year": 2019,
        "month": 10,
        "day": 20
      },
      "time": {
        "hour": 14,
        "minute": 6,
        "second": 59,
        "nano": 0
      }
    },
    "citySender": "Таврійськ (Херсонська обл.)",
    "cityRecipient": "Херсон"
  },
  {
    "number": 59000456250145,
    "dateTime": {
      "date": {
        "year": 2019,
        "month": 10,
        "day": 20
      },
      "time": {
        "hour": 14,
        "minute": 7,
        "second": 32,
        "nano": 0
      }
    },
    "citySender": "Чернівці",
    "cityRecipient": "Маріуполь"
  },
  {
    "number": 59000456250146,
    "dateTime": {
      "date": {
        "year": 2019,
        "month": 10,
        "day": 20
      },
      "time": {
        "hour": 14,
        "minute": 6,
        "second": 57,
        "nano": 0
      }
    },
    "citySender": "Житомир",
    "cityRecipient": "Київ"
  },
  {
    "number": 59000456250147,
    "dateTime": {
      "date": {
        "year": 2019,
        "month": 10,
        "day": 20
      },
      "time": {
        "hour": 14,
        "minute": 7,
        "second": 32,
        "nano": 0
      }
    },
    "citySender": "Суми",
    "cityRecipient": "Святопетрівське (Києво-Свят.р-н)"
  },
  {
    "number": 59000456250148,
    "dateTime": {
      "date": {
        "year": 2019,
        "month": 10,
        "day": 20
      },
      "time": {
        "hour": 14,
        "minute": 7,
        "second": 31,
        "nano": 0
      }
    },
    "citySender": "Рогатин",
    "cityRecipient": "Таїрове"
  },
  {
    "number": 59000456250149,
    "dateTime": {
      "date": {
        "year": 2019,
        "month": 10,
        "day": 20
      },
      "time": {
        "hour": 14,
        "minute": 7,
        "second": 31,
        "nano": 0
      }
    },
    "citySender": "Харків",
    "cityRecipient": "Київ"
  },
  {
    "number": 59000456250151,
    "dateTime": {
      "date": {
        "year": 2019,
        "month": 10,
        "day": 20
      },
      "time": {
        "hour": 14,
        "minute": 7,
        "second": 34,
        "nano": 0
      }
    },
    "citySender": "Харків",
    "cityRecipient": "Кривий Ріг"
  },
  {
    "number": 59000456250152,
    "dateTime": {
      "date": {
        "year": 2019,
        "month": 10,
        "day": 20
      },
      "time": {
        "hour": 14,
        "minute": 7,
        "second": 42,
        "nano": 0
      }
    },
    "citySender": "Івано-Франківськ",
    "cityRecipient": "Черкаси"
  },
  {
    "number": 59000456250153,
    "dateTime": {
      "date": {
        "year": 2019,
        "month": 10,
        "day": 20
      },
      "time": {
        "hour": 14,
        "minute": 7,
        "second": 36,
        "nano": 0
      }
    },
    "citySender": "Одеса",
    "cityRecipient": "Запоріжжя"
  },
  {
    "number": 59000456250154,
    "dateTime": {
      "date": {
        "year": 2019,
        "month": 10,
        "day": 20
      },
      "time": {
        "hour": 14,
        "minute": 7,
        "second": 20,
        "nano": 0
      }
    },
    "citySender": "Нововолинськ",
    "cityRecipient": "Підгородне (Дніпропетровська обл.)"
  },
  {
    "number": 59000456250155,
    "dateTime": {
      "date": {
        "year": 2019,
        "month": 10,
        "day": 20
      },
      "time": {
        "hour": 14,
        "minute": 7,
        "second": 29,
        "nano": 0
      }
    },
    "citySender": "Луцьк",
    "cityRecipient": "Рівне"
  },
  {
    "number": 59000456250156,
    "dateTime": {
      "date": {
        "year": 2019,
        "month": 10,
        "day": 20
      },
      "time": {
        "hour": 14,
        "minute": 7,
        "second": 29,
        "nano": 0
      }
    },
    "citySender": "Одеса",
    "cityRecipient": "Ужгород"
  },
  {
    "number": 59000456250157,
    "dateTime": {
      "date": {
        "year": 2019,
        "month": 10,
        "day": 20
      },
      "time": {
        "hour": 14,
        "minute": 7,
        "second": 2,
        "nano": 0
      }
    },
    "citySender": "Гора (Бориспільський р-н., Київська обл.)",
    "cityRecipient": "Ніжин"
  },
  {
    "number": 59000456250158,
    "dateTime": {
      "date": {
        "year": 2019,
        "month": 10,
        "day": 20
      },
      "time": {
        "hour": 14,
        "minute": 7,
        "second": 44,
        "nano": 0
      }
    },
    "citySender": "Волноваха",
    "cityRecipient": "Одеса"
  },
  {
    "number": 59000456250159,
    "dateTime": {
      "date": {
        "year": 2019,
        "month": 10,
        "day": 20
      },
      "time": {
        "hour": 14,
        "minute": 7,
        "second": 12,
        "nano": 0
      }
    },
    "citySender": "Полтава",
    "cityRecipient": "Херсон"
  },
  {
    "number": 59000456250160,
    "dateTime": {
      "date": {
        "year": 2019,
        "month": 10,
        "day": 20
      },
      "time": {
        "hour": 14,
        "minute": 7,
        "second": 29,
        "nano": 0
      }
    },
    "citySender": "Київ",
    "cityRecipient": "Одеса"
  },
  {
    "number": 59000456250161,
    "dateTime": {
      "date": {
        "year": 2019,
        "month": 10,
        "day": 20
      },
      "time": {
        "hour": 14,
        "minute": 7,
        "second": 45,
        "nano": 0
      }
    },
    "citySender": "Хотів",
    "cityRecipient": "Харків"
  },
  {
    "number": 59000456250162,
    "dateTime": {
      "date": {
        "year": 2019,
        "month": 10,
        "day": 20
      },
      "time": {
        "hour": 14,
        "minute": 7,
        "second": 43,
        "nano": 0
      }
    },
    "citySender": "Київ",
    "cityRecipient": "Вишневе"
  },
  {
    "number": 59000456250163,
    "dateTime": {
      "date": {
        "year": 2019,
        "month": 10,
        "day": 20
      },
      "time": {
        "hour": 14,
        "minute": 6,
        "second": 47,
        "nano": 0
      }
    },
    "citySender": "Люботин",
    "cityRecipient": "Київ"
  },
  {
    "number": 59000456250164,
    "dateTime": {
      "date": {
        "year": 2019,
        "month": 10,
        "day": 20
      },
      "time": {
        "hour": 14,
        "minute": 7,
        "second": 16,
        "nano": 0
      }
    },
    "citySender": "Ромни",
    "cityRecipient": "Красногорівка"
  },
  {
    "number": 59000456250165,
    "dateTime": {
      "date": {
        "year": 2019,
        "month": 10,
        "day": 20
      },
      "time": {
        "hour": 14,
        "minute": 7,
        "second": 38,
        "nano": 0
      }
    },
    "citySender": "Лозова",
    "cityRecipient": "Тячів"
  },
  {
    "number": 59000456250166,
    "dateTime": {
      "date": {
        "year": 2019,
        "month": 10,
        "day": 20
      },
      "time": {
        "hour": 14,
        "minute": 6,
        "second": 18,
        "nano": 0
      }
    },
    "citySender": "Черкаси",
    "cityRecipient": "Дніпро"
  },
  {
    "number": 59000456250167,
    "dateTime": {
      "date": {
        "year": 2019,
        "month": 10,
        "day": 20
      },
      "time": {
        "hour": 14,
        "minute": 7,
        "second": 47,
        "nano": 0
      }
    },
    "citySender": "Княжичі (Броварський р-н)",
    "cityRecipient": "Київ"
  },
  {
    "number": 59000456250168,
    "dateTime": {
      "date": {
        "year": 2019,
        "month": 10,
        "day": 20
      },
      "time": {
        "hour": 14,
        "minute": 7,
        "second": 32,
        "nano": 0
      }
    },
    "citySender": "Харків",
    "cityRecipient": "Краматорськ"
  },
  {
    "number": 59000456250169,
    "dateTime": {
      "date": {
        "year": 2019,
        "month": 10,
        "day": 20
      },
      "time": {
        "hour": 14,
        "minute": 7,
        "second": 37,
        "nano": 0
      }
    },
    "citySender": "Золочів (Львівська обл.)",
    "cityRecipient": "Харків"
  },
  {
    "number": 59000456250170,
    "dateTime": {
      "date": {
        "year": 2019,
        "month": 10,
        "day": 20
      },
      "time": {
        "hour": 14,
        "minute": 7,
        "second": 30,
        "nano": 0
      }
    },
    "citySender": "Чернівці",
    "cityRecipient": "Коростень"
  },
  {
    "number": 59000456250172,
    "dateTime": {
      "date": {
        "year": 2019,
        "month": 10,
        "day": 20
      },
      "time": {
        "hour": 14,
        "minute": 7,
        "second": 40,
        "nano": 0
      }
    },
    "citySender": "Хмельницький",
    "cityRecipient": "Запоріжжя"
  },
  {
    "number": 59000456250173,
    "dateTime": {
      "date": {
        "year": 2019,
        "month": 10,
        "day": 20
      },
      "time": {
        "hour": 14,
        "minute": 7,
        "second": 43,
        "nano": 0
      }
    },
    "citySender": "Львів",
    "cityRecipient": "Запоріжжя"
  },
  {
    "number": 59000456250174,
    "dateTime": {
      "date": {
        "year": 2019,
        "month": 10,
        "day": 20
      },
      "time": {
        "hour": 14,
        "minute": 7,
        "second": 46,
        "nano": 0
      }
    },
    "citySender": "Київ",
    "cityRecipient": "Київ"
  },
  {
    "number": 59000456250175,
    "dateTime": {
      "date": {
        "year": 2019,
        "month": 10,
        "day": 20
      },
      "time": {
        "hour": 14,
        "minute": 7,
        "second": 47,
        "nano": 0
      }
    },
    "citySender": "Жовті Води",
    "cityRecipient": "Харків"
  },
  {
    "number": 59000456250176,
    "dateTime": {
      "date": {
        "year": 2019,
        "month": 10,
        "day": 20
      },
      "time": {
        "hour": 14,
        "minute": 7,
        "second": 44,
        "nano": 0
      }
    },
    "citySender": "Львів",
    "cityRecipient": "Хмельницький"
  },
  {
    "number": 59000456250177,
    "dateTime": {
      "date": {
        "year": 2019,
        "month": 10,
        "day": 20
      },
      "time": {
        "hour": 14,
        "minute": 6,
        "second": 20,
        "nano": 0
      }
    },
    "citySender": "Київ",
    "cityRecipient": "Жмеринка"
  },
  {
    "number": 59000456250178,
    "dateTime": {
      "date": {
        "year": 2019,
        "month": 10,
        "day": 20
      },
      "time": {
        "hour": 14,
        "minute": 7,
        "second": 6,
        "nano": 0
      }
    },
    "citySender": "Миколаїв",
    "cityRecipient": "Гайсин"
  },
  {
    "number": 59000456250179,
    "dateTime": {
      "date": {
        "year": 2019,
        "month": 10,
        "day": 20
      },
      "time": {
        "hour": 14,
        "minute": 7,
        "second": 44,
        "nano": 0
      }
    },
    "citySender": "Харків",
    "cityRecipient": "Курахове"
  },
  {
    "number": 59000456250180,
    "dateTime": {
      "date": {
        "year": 2019,
        "month": 10,
        "day": 20
      },
      "time": {
        "hour": 14,
        "minute": 6,
        "second": 19,
        "nano": 0
      }
    },
    "citySender": "Павлоград",
    "cityRecipient": "Тернівка"
  },
  {
    "number": 59000456250181,
    "dateTime": {
      "date": {
        "year": 2019,
        "month": 10,
        "day": 20
      },
      "time": {
        "hour": 14,
        "minute": 7,
        "second": 29,
        "nano": 0
      }
    },
    "citySender": "Бровари",
    "cityRecipient": "Первомайськ(Микол.обл.Первомайс.р-н)"
  },
  {
    "number": 59000456250182,
    "dateTime": {
      "date": {
        "year": 2019,
        "month": 10,
        "day": 20
      },
      "time": {
        "hour": 14,
        "minute": 7,
        "second": 54,
        "nano": 0
      }
    },
    "citySender": "Вишневе",
    "cityRecipient": "Харків"
  },
  {
    "number": 59000456250183,
    "dateTime": {
      "date": {
        "year": 2019,
        "month": 10,
        "day": 20
      },
      "time": {
        "hour": 14,
        "minute": 7,
        "second": 47,
        "nano": 0
      }
    },
    "citySender": "Деражня",
    "cityRecipient": "Вінниця"
  },
  {
    "number": 59000456250184,
    "dateTime": {
      "date": {
        "year": 2019,
        "month": 10,
        "day": 20
      },
      "time": {
        "hour": 14,
        "minute": 7,
        "second": 2,
        "nano": 0
      }
    },
    "citySender": "Бар",
    "cityRecipient": "Первомайське(смт-Микол.обл.Вітовський.р-н)"
  },
  {
    "number": 59000456250185,
    "dateTime": {
      "date": {
        "year": 2019,
        "month": 10,
        "day": 20
      },
      "time": {
        "hour": 14,
        "minute": 7,
        "second": 41,
        "nano": 0
      }
    },
    "citySender": "Хмельницький",
    "cityRecipient": "Мар\u0027їнка"
  },
  {
    "number": 59000456250186,
    "dateTime": {
      "date": {
        "year": 2019,
        "month": 10,
        "day": 20
      },
      "time": {
        "hour": 14,
        "minute": 7,
        "second": 25,
        "nano": 0
      }
    },
    "citySender": "Одеса",
    "cityRecipient": "Львів"
  },
  {
    "number": 59000456250187,
    "dateTime": {
      "date": {
        "year": 2019,
        "month": 10,
        "day": 20
      },
      "time": {
        "hour": 14,
        "minute": 7,
        "second": 49,
        "nano": 0
      }
    },
    "citySender": "Харків",
    "cityRecipient": "Умань"
  },
  {
    "number": 59000456250188,
    "dateTime": {
      "date": {
        "year": 2019,
        "month": 10,
        "day": 20
      },
      "time": {
        "hour": 14,
        "minute": 7,
        "second": 53,
        "nano": 0
      }
    },
    "citySender": "Кам\u0027янка-Дніпровська (Запорізька обл.)",
    "cityRecipient": "Київ"
  },
  {
    "number": 59000456250189,
    "dateTime": {
      "date": {
        "year": 2019,
        "month": 10,
        "day": 20
      },
      "time": {
        "hour": 14,
        "minute": 7,
        "second": 51,
        "nano": 0
      }
    },
    "citySender": "Київ",
    "cityRecipient": "Київ"
  },
  {
    "number": 59000456250190,
    "dateTime": {
      "date": {
        "year": 2019,
        "month": 10,
        "day": 20
      },
      "time": {
        "hour": 14,
        "minute": 7,
        "second": 54,
        "nano": 0
      }
    },
    "citySender": "Запоріжжя",
    "cityRecipient": "Одеса"
  },
  {
    "number": 59000456250191,
    "dateTime": {
      "date": {
        "year": 2019,
        "month": 10,
        "day": 20
      },
      "time": {
        "hour": 14,
        "minute": 7,
        "second": 31,
        "nano": 0
      }
    },
    "citySender": "Київ",
    "cityRecipient": "Запоріжжя"
  },
  {
    "number": 59000456250192,
    "dateTime": {
      "date": {
        "year": 2019,
        "month": 10,
        "day": 20
      },
      "time": {
        "hour": 14,
        "minute": 6,
        "second": 21,
        "nano": 0
      }
    },
    "citySender": "Київ",
    "cityRecipient": "Маріуполь"
  },
  {
    "number": 59000456250193,
    "dateTime": {
      "date": {
        "year": 2019,
        "month": 10,
        "day": 20
      },
      "time": {
        "hour": 14,
        "minute": 7,
        "second": 39,
        "nano": 0
      }
    },
    "citySender": "Новомосковськ",
    "cityRecipient": "Сватове"
  },
  {
    "number": 59000456250194,
    "dateTime": {
      "date": {
        "year": 2019,
        "month": 10,
        "day": 20
      },
      "time": {
        "hour": 14,
        "minute": 6,
        "second": 17,
        "nano": 0
      }
    },
    "citySender": "Київ",
    "cityRecipient": "Любешів"
  },
  {
    "number": 59000456250195,
    "dateTime": {
      "date": {
        "year": 2019,
        "month": 10,
        "day": 20
      },
      "time": {
        "hour": 14,
        "minute": 7,
        "second": 58,
        "nano": 0
      }
    },
    "citySender": "Кропивницький",
    "cityRecipient": "Красилів"
  },
  {
    "number": 59000456250196,
    "dateTime": {
      "date": {
        "year": 2019,
        "month": 10,
        "day": 20
      },
      "time": {
        "hour": 14,
        "minute": 7,
        "second": 48,
        "nano": 0
      }
    },
    "citySender": "Запоріжжя",
    "cityRecipient": "Прилуки"
  },
  {
    "number": 59000456250197,
    "dateTime": {
      "date": {
        "year": 2019,
        "month": 10,
        "day": 20
      },
      "time": {
        "hour": 14,
        "minute": 7,
        "second": 46,
        "nano": 0
      }
    },
    "citySender": "Первомайськ(Микол.обл.Первомайс.р-н)",
    "cityRecipient": "Ямпіль (Вінницька обл.)"
  },
  {
    "number": 59000456250198,
    "dateTime": {
      "date": {
        "year": 2019,
        "month": 10,
        "day": 20
      },
      "time": {
        "hour": 14,
        "minute": 7,
        "second": 0,
        "nano": 0
      }
    },
    "citySender": "Київ",
    "cityRecipient": "Харків"
  },
  {
    "number": 59000456250199,
    "dateTime": {
      "date": {
        "year": 2019,
        "month": 10,
        "day": 20
      },
      "time": {
        "hour": 14,
        "minute": 7,
        "second": 55,
        "nano": 0
      }
    },
    "citySender": "Одеса",
    "cityRecipient": "Київ"
  }
]