[
  {
    "number": 59000456219209,
    "dateTime": {
      "date": {
        "year": 2019,
        "month": 10,
        "day": 20
      },
      "time": {
        "hour": 11,
        "minute": 11,
        "second": 3,
        "nano": 0
      }
    },
    "citySender": "Харків",
    "cityRecipient": "Костянтинівка (Донецька обл.)"
  },
  {
    "number": 59000456219210,
    "dateTime": {
      "date": {
        "year": 2019,
        "month": 10,
        "day": 20
      },
      "time": {
        "hour": 11,
        "minute": 10,
        "second": 59,
        "nano": 0
      }
    },
    "citySender": "Київ",
    "cityRecipient": "Київ"
  },
  {
    "number": 59000456219211,
    "dateTime": {
      "date": {
        "year": 2019,
        "month": 10,
        "day": 20
      },
      "time": {
        "hour": 11,
        "minute": 9,
        "second": 36,
        "nano": 0
      }
    },
    "citySender": "Фонтанка",
    "cityRecipient": "Київ"
  },
  {
    "number": 59000456219212,
    "dateTime": {
      "date": {
        "year": 2019,
        "month": 10,
        "day": 20
      },
      "time": {
        "hour": 11,
        "minute": 10,
        "second": 45,
        "nano": 0
      }
    },
    "citySender": "Київ",
    "cityRecipient": "Кропивницький"
  },
  {
    "number": 59000456219213,
    "dateTime": {
      "date": {
        "year": 2019,
        "month": 10,
        "day": 20
      },
      "time": {
        "hour": 11,
        "minute": 11,
        "second": 6,
        "nano": 0
      }
    },
    "citySender": "Київ",
    "cityRecipient": "Коростень"
  },
  {
    "number": 59000456219214,
    "dateTime": {
      "date": {
        "year": 2019,
        "month": 10,
        "day": 20
      },
      "time": {
        "hour": 11,
        "minute": 10,
        "second": 22,
        "nano": 0
      }
    },
    "citySender": "Вознесенськ",
    "cityRecipient": "Винники"
  },
  {
    "number": 59000456219215,
    "dateTime": {
      "date": {
        "year": 2019,
        "month": 10,
        "day": 20
      },
      "time": {
        "hour": 11,
        "minute": 10,
        "second": 49,
        "nano": 0
      }
    },
    "citySender": "Дніпро",
    "cityRecipient": "Камінь-Каширський"
  },
  {
    "number": 59000456219218,
    "dateTime": {
      "date": {
        "year": 2019,
        "month": 10,
        "day": 20
      },
      "time": {
        "hour": 11,
        "minute": 10,
        "second": 42,
        "nano": 0
      }
    },
    "citySender": "Дніпро",
    "cityRecipient": "Звенигородка"
  },
  {
    "number": 59000456219219,
    "dateTime": {
      "date": {
        "year": 2019,
        "month": 10,
        "day": 20
      },
      "time": {
        "hour": 11,
        "minute": 10,
        "second": 40,
        "nano": 0
      }
    },
    "citySender": "Миколаїв",
    "cityRecipient": "Кременець"
  },
  {
    "number": 59000456219220,
    "dateTime": {
      "date": {
        "year": 2019,
        "month": 10,
        "day": 20
      },
      "time": {
        "hour": 11,
        "minute": 10,
        "second": 53,
        "nano": 0
      }
    },
    "citySender": "Вінниця",
    "cityRecipient": "Кривий Ріг"
  },
  {
    "number": 59000456219221,
    "dateTime": {
      "date": {
        "year": 2019,
        "month": 10,
        "day": 20
      },
      "time": {
        "hour": 11,
        "minute": 10,
        "second": 43,
        "nano": 0
      }
    },
    "citySender": "Стрижавка",
    "cityRecipient": "Івано-Франківськ"
  },
  {
    "number": 59000456219222,
    "dateTime": {
      "date": {
        "year": 2019,
        "month": 10,
        "day": 20
      },
      "time": {
        "hour": 11,
        "minute": 10,
        "second": 49,
        "nano": 0
      }
    },
    "citySender": "Сєвєродонецьк",
    "cityRecipient": "Старокостянтинів"
  },
  {
    "number": 59000456219223,
    "dateTime": {
      "date": {
        "year": 2019,
        "month": 10,
        "day": 20
      },
      "time": {
        "hour": 11,
        "minute": 9,
        "second": 53,
        "nano": 0
      }
    },
    "citySender": "Вараш",
    "cityRecipient": "Львів"
  },
  {
    "number": 59000456219224,
    "dateTime": {
      "date": {
        "year": 2019,
        "month": 10,
        "day": 20
      },
      "time": {
        "hour": 11,
        "minute": 11,
        "second": 10,
        "nano": 0
      }
    },
    "citySender": "Вінниця",
    "cityRecipient": "Полтава"
  },
  {
    "number": 59000456219225,
    "dateTime": {
      "date": {
        "year": 2019,
        "month": 10,
        "day": 20
      },
      "time": {
        "hour": 11,
        "minute": 11,
        "second": 10,
        "nano": 0
      }
    },
    "citySender": "Приазовське",
    "cityRecipient": "Полтава"
  },
  {
    "number": 59000456219227,
    "dateTime": {
      "date": {
        "year": 2019,
        "month": 10,
        "day": 20
      },
      "time": {
        "hour": 11,
        "minute": 11,
        "second": 3,
        "nano": 0
      }
    },
    "citySender": "Київ",
    "cityRecipient": "Миколаїв"
  },
  {
    "number": 59000456219228,
    "dateTime": {
      "date": {
        "year": 2019,
        "month": 10,
        "day": 20
      },
      "time": {
        "hour": 11,
        "minute": 11,
        "second": 3,
        "nano": 0
      }
    },
    "citySender": "Харків",
    "cityRecipient": "Кривий Ріг"
  },
  {
    "number": 59000456219229,
    "dateTime": {
      "date": {
        "year": 2019,
        "month": 10,
        "day": 20
      },
      "time": {
        "hour": 11,
        "minute": 11,
        "second": 9,
        "nano": 0
      }
    },
    "citySender": "Рокитне (Рівненська обл., Рокитнівський р-н)",
    "cityRecipient": "Фонтанка"
  },
  {
    "number": 59000456219230,
    "dateTime": {
      "date": {
        "year": 2019,
        "month": 10,
        "day": 20
      },
      "time": {
        "hour": 11,
        "minute": 10,
        "second": 45,
        "nano": 0
      }
    },
    "citySender": "Житомир",
    "cityRecipient": "Одеса"
  },
  {
    "number": 59000456219233,
    "dateTime": {
      "date": {
        "year": 2019,
        "month": 10,
        "day": 20
      },
      "time": {
        "hour": 11,
        "minute": 10,
        "second": 50,
        "nano": 0
      }
    },
    "citySender": "Южноукраїнськ",
    "cityRecipient": "Мерефа"
  },
  {
    "number": 59000456219234,
    "dateTime": {
      "date": {
        "year": 2019,
        "month": 10,
        "day": 20
      },
      "time": {
        "hour": 11,
        "minute": 10,
        "second": 54,
        "nano": 0
      }
    },
    "citySender": "Корюківка",
    "cityRecipient": "Київ"
  },
  {
    "number": 59000456219235,
    "dateTime": {
      "date": {
        "year": 2019,
        "month": 10,
        "day": 20
      },
      "time": {
        "hour": 11,
        "minute": 11,
        "second": 13,
        "nano": 0
      }
    },
    "citySender": "Львів",
    "cityRecipient": "Львів"
  },
  {
    "number": 59000456219237,
    "dateTime": {
      "date": {
        "year": 2019,
        "month": 10,
        "day": 20
      },
      "time": {
        "hour": 11,
        "minute": 11,
        "second": 2,
        "nano": 0
      }
    },
    "citySender": "Дніпро",
    "cityRecipient": "Київ"
  },
  {
    "number": 59000456219238,
    "dateTime": {
      "date": {
        "year": 2019,
        "month": 10,
        "day": 20
      },
      "time": {
        "hour": 11,
        "minute": 11,
        "second": 6,
        "nano": 0
      }
    },
    "citySender": "Одеса",
    "cityRecipient": "Київ"
  },
  {
    "number": 59000456219239,
    "dateTime": {
      "date": {
        "year": 2019,
        "month": 10,
        "day": 20
      },
      "time": {
        "hour": 11,
        "minute": 11,
        "second": 4,
        "nano": 0
      }
    },
    "citySender": "Одеса",
    "cityRecipient": "Білгород-Дністровський"
  },
  {
    "number": 59000456219240,
    "dateTime": {
      "date": {
        "year": 2019,
        "month": 10,
        "day": 20
      },
      "time": {
        "hour": 11,
        "minute": 10,
        "second": 48,
        "nano": 0
      }
    },
    "citySender": "Житомир",
    "cityRecipient": "Калинівка (Вінницька обл., Калинівський р-н)"
  },
  {
    "number": 59000456219241,
    "dateTime": {
      "date": {
        "year": 2019,
        "month": 10,
        "day": 20
      },
      "time": {
        "hour": 11,
        "minute": 10,
        "second": 59,
        "nano": 0
      }
    },
    "citySender": "Київ",
    "cityRecipient": "Рівне"
  },
  {
    "number": 59000456219242,
    "dateTime": {
      "date": {
        "year": 2019,
        "month": 10,
        "day": 20
      },
      "time": {
        "hour": 11,
        "minute": 10,
        "second": 4,
        "nano": 0
      }
    },
    "citySender": "Берегове",
    "cityRecipient": "Київ"
  },
  {
    "number": 59000456219243,
    "dateTime": {
      "date": {
        "year": 2019,
        "month": 10,
        "day": 20
      },
      "time": {
        "hour": 11,
        "minute": 10,
        "second": 57,
        "nano": 0
      }
    },
    "citySender": "Київ",
    "cityRecipient": "Полтава"
  },
  {
    "number": 59000456219245,
    "dateTime": {
      "date": {
        "year": 2019,
        "month": 10,
        "day": 20
      },
      "time": {
        "hour": 11,
        "minute": 10,
        "second": 32,
        "nano": 0
      }
    },
    "citySender": "Полтава",
    "cityRecipient": "Київ"
  },
  {
    "number": 59000456219246,
    "dateTime": {
      "date": {
        "year": 2019,
        "month": 10,
        "day": 20
      },
      "time": {
        "hour": 11,
        "minute": 10,
        "second": 19,
        "nano": 0
      }
    },
    "citySender": "Київ",
    "cityRecipient": "Пирятин"
  },
  {
    "number": 59000456219247,
    "dateTime": {
      "date": {
        "year": 2019,
        "month": 10,
        "day": 20
      },
      "time": {
        "hour": 11,
        "minute": 10,
        "second": 53,
        "nano": 0
      }
    },
    "citySender": "Коломия",
    "cityRecipient": "Біла Церква"
  },
  {
    "number": 59000456219248,
    "dateTime": {
      "date": {
        "year": 2019,
        "month": 10,
        "day": 20
      },
      "time": {
        "hour": 11,
        "minute": 8,
        "second": 7,
        "nano": 0
      }
    },
    "citySender": "Снігурівка",
    "cityRecipient": "Львів"
  },
  {
    "number": 59000456219249,
    "dateTime": {
      "date": {
        "year": 2019,
        "month": 10,
        "day": 20
      },
      "time": {
        "hour": 11,
        "minute": 11,
        "second": 6,
        "nano": 0
      }
    },
    "citySender": "Львів",
    "cityRecipient": "Херсон"
  },
  {
    "number": 59000456219250,
    "dateTime": {
      "date": {
        "year": 2019,
        "month": 10,
        "day": 20
      },
      "time": {
        "hour": 11,
        "minute": 10,
        "second": 52,
        "nano": 0
      }
    },
    "citySender": "Маневичі",
    "cityRecipient": "Любомль"
  },
  {
    "number": 59000456219251,
    "dateTime": {
      "date": {
        "year": 2019,
        "month": 10,
        "day": 20
      },
      "time": {
        "hour": 11,
        "minute": 11,
        "second": 13,
        "nano": 0
      }
    },
    "citySender": "Кропивницький",
    "cityRecipient": "Кропивницький"
  },
  {
    "number": 59000456219252,
    "dateTime": {
      "date": {
        "year": 2019,
        "month": 10,
        "day": 20
      },
      "time": {
        "hour": 11,
        "minute": 11,
        "second": 8,
        "nano": 0
      }
    },
    "citySender": "Кам\u0027янське(Дніпропетровська обл)",
    "cityRecipient": "Дніпро"
  },
  {
    "number": 59000456219253,
    "dateTime": {
      "date": {
        "year": 2019,
        "month": 10,
        "day": 20
      },
      "time": {
        "hour": 11,
        "minute": 11,
        "second": 6,
        "nano": 0
      }
    },
    "citySender": "Одеса",
    "cityRecipient": "Кіцмань"
  },
  {
    "number": 59000456219254,
    "dateTime": {
      "date": {
        "year": 2019,
        "month": 10,
        "day": 20
      },
      "time": {
        "hour": 11,
        "minute": 10,
        "second": 29,
        "nano": 0
      }
    },
    "citySender": "Костопіль",
    "cityRecipient": "Кам\u0027янець-Подільський"
  },
  {
    "number": 59000456219255,
    "dateTime": {
      "date": {
        "year": 2019,
        "month": 10,
        "day": 20
      },
      "time": {
        "hour": 11,
        "minute": 10,
        "second": 33,
        "nano": 0
      }
    },
    "citySender": "Харків",
    "cityRecipient": "Ільниця"
  },
  {
    "number": 59000456219256,
    "dateTime": {
      "date": {
        "year": 2019,
        "month": 10,
        "day": 20
      },
      "time": {
        "hour": 11,
        "minute": 11,
        "second": 19,
        "nano": 0
      }
    },
    "citySender": "Суми",
    "cityRecipient": "Чернівці"
  },
  {
    "number": 59000456219257,
    "dateTime": {
      "date": {
        "year": 2019,
        "month": 10,
        "day": 20
      },
      "time": {
        "hour": 11,
        "minute": 11,
        "second": 13,
        "nano": 0
      }
    },
    "citySender": "Київ",
    "cityRecipient": "Новий Буг"
  },
  {
    "number": 59000456219258,
    "dateTime": {
      "date": {
        "year": 2019,
        "month": 10,
        "day": 20
      },
      "time": {
        "hour": 11,
        "minute": 11,
        "second": 15,
        "nano": 0
      }
    },
    "citySender": "Ужгород",
    "cityRecipient": "Мелітополь"
  },
  {
    "number": 59000456219259,
    "dateTime": {
      "date": {
        "year": 2019,
        "month": 10,
        "day": 20
      },
      "time": {
        "hour": 11,
        "minute": 10,
        "second": 10,
        "nano": 0
      }
    },
    "citySender": "Велика Олександрівка (Херсонська обл.)",
    "cityRecipient": "Хорол"
  },
  {
    "number": 59000456219260,
    "dateTime": {
      "date": {
        "year": 2019,
        "month": 10,
        "day": 20
      },
      "time": {
        "hour": 11,
        "minute": 11,
        "second": 7,
        "nano": 0
      }
    },
    "citySender": "Дніпро",
    "cityRecipient": "Київ"
  },
  {
    "number": 59000456219261,
    "dateTime": {
      "date": {
        "year": 2019,
        "month": 10,
        "day": 20
      },
      "time": {
        "hour": 11,
        "minute": 10,
        "second": 47,
        "nano": 0
      }
    },
    "citySender": "Кам\u0027янське(Дніпропетровська обл)",
    "cityRecipient": "Нікополь (Дніпропетровська обл.)"
  },
  {
    "number": 59000456219262,
    "dateTime": {
      "date": {
        "year": 2019,
        "month": 10,
        "day": 20
      },
      "time": {
        "hour": 11,
        "minute": 11,
        "second": 0,
        "nano": 0
      }
    },
    "citySender": "Київ",
    "cityRecipient": "Крижопіль"
  },
  {
    "number": 59000456219263,
    "dateTime": {
      "date": {
        "year": 2019,
        "month": 10,
        "day": 20
      },
      "time": {
        "hour": 11,
        "minute": 8,
        "second": 32,
        "nano": 0
      }
    },
    "citySender": "Кіцмань",
    "cityRecipient": "Тернопіль"
  },
  {
    "number": 59000456219264,
    "dateTime": {
      "date": {
        "year": 2019,
        "month": 10,
        "day": 20
      },
      "time": {
        "hour": 11,
        "minute": 11,
        "second": 3,
        "nano": 0
      }
    },
    "citySender": "Київ",
    "cityRecipient": "Київ"
  },
  {
    "number": 59000456219265,
    "dateTime": {
      "date": {
        "year": 2019,
        "month": 10,
        "day": 20
      },
      "time": {
        "hour": 11,
        "minute": 10,
        "second": 49,
        "nano": 0
      }
    },
    "citySender": "Запоріжжя",
    "cityRecipient": "Київ"
  },
  {
    "number": 59000456219266,
    "dateTime": {
      "date": {
        "year": 2019,
        "month": 10,
        "day": 20
      },
      "time": {
        "hour": 11,
        "minute": 11,
        "second": 6,
        "nano": 0
      }
    },
    "citySender": "Харків",
    "cityRecipient": "Турбів"
  },
  {
    "number": 59000456219267,
    "dateTime": {
      "date": {
        "year": 2019,
        "month": 10,
        "day": 20
      },
      "time": {
        "hour": 11,
        "minute": 11,
        "second": 7,
        "nano": 0
      }
    },
    "citySender": "Київ",
    "cityRecipient": "Вишневе"
  },
  {
    "number": 59000456219268,
    "dateTime": {
      "date": {
        "year": 2019,
        "month": 10,
        "day": 20
      },
      "time": {
        "hour": 11,
        "minute": 11,
        "second": 11,
        "nano": 0
      }
    },
    "citySender": "Краматорськ",
    "cityRecipient": "Харків"
  },
  {
    "number": 59000456219269,
    "dateTime": {
      "date": {
        "year": 2019,
        "month": 10,
        "day": 20
      },
      "time": {
        "hour": 11,
        "minute": 10,
        "second": 42,
        "nano": 0
      }
    },
    "citySender": "Житомир",
    "cityRecipient": "Київ"
  },
  {
    "number": 59000456219270,
    "dateTime": {
      "date": {
        "year": 2019,
        "month": 10,
        "day": 20
      },
      "time": {
        "hour": 11,
        "minute": 10,
        "second": 11,
        "nano": 0
      }
    },
    "citySender": "Кременчук",
    "cityRecipient": "Гуляйполе"
  },
  {
    "number": 59000456219271,
    "dateTime": {
      "date": {
        "year": 2019,
        "month": 10,
        "day": 20
      },
      "time": {
        "hour": 11,
        "minute": 9,
        "second": 16,
        "nano": 0
      }
    },
    "citySender": "Краматорськ",
    "cityRecipient": "Чернігів"
  },
  {
    "number": 59000456219272,
    "dateTime": {
      "date": {
        "year": 2019,
        "month": 10,
        "day": 20
      },
      "time": {
        "hour": 11,
        "minute": 10,
        "second": 53,
        "nano": 0
      }
    },
    "citySender": "Біла Церква",
    "cityRecipient": "Калуш"
  },
  {
    "number": 59000456219273,
    "dateTime": {
      "date": {
        "year": 2019,
        "month": 10,
        "day": 20
      },
      "time": {
        "hour": 11,
        "minute": 10,
        "second": 29,
        "nano": 0
      }
    },
    "citySender": "Бар",
    "cityRecipient": "Вишневе"
  },
  {
    "number": 59000456219274,
    "dateTime": {
      "date": {
        "year": 2019,
        "month": 10,
        "day": 20
      },
      "time": {
        "hour": 11,
        "minute": 10,
        "second": 40,
        "nano": 0
      }
    },
    "citySender": "Нікополь (Дніпропетровська обл.)",
    "cityRecipient": "Лубни"
  },
  {
    "number": 59000456219275,
    "dateTime": {
      "date": {
        "year": 2019,
        "month": 10,
        "day": 20
      },
      "time": {
        "hour": 11,
        "minute": 11,
        "second": 13,
        "nano": 0
      }
    },
    "citySender": "Миколаїв",
    "cityRecipient": "Запоріжжя"
  },
  {
    "number": 59000456219276,
    "dateTime": {
      "date": {
        "year": 2019,
        "month": 10,
        "day": 20
      },
      "time": {
        "hour": 11,
        "minute": 11,
        "second": 14,
        "nano": 0
      }
    },
    "citySender": "Харків",
    "cityRecipient": "Київ"
  },
  {
    "number": 59000456219277,
    "dateTime": {
      "date": {
        "year": 2019,
        "month": 10,
        "day": 20
      },
      "time": {
        "hour": 11,
        "minute": 10,
        "second": 48,
        "nano": 0
      }
    },
    "citySender": "Бершадь",
    "cityRecipient": "Демидів"
  },
  {
    "number": 59000456219278,
    "dateTime": {
      "date": {
        "year": 2019,
        "month": 10,
        "day": 20
      },
      "time": {
        "hour": 11,
        "minute": 10,
        "second": 35,
        "nano": 0
      }
    },
    "citySender": "Демидівка",
    "cityRecipient": "Сарни"
  },
  {
    "number": 59000456219279,
    "dateTime": {
      "date": {
        "year": 2019,
        "month": 10,
        "day": 20
      },
      "time": {
        "hour": 11,
        "minute": 11,
        "second": 6,
        "nano": 0
      }
    },
    "citySender": "Вишневе",
    "cityRecipient": "Первомайськ(Микол.обл.Первомайс.р-н)"
  },
  {
    "number": 59000456219280,
    "dateTime": {
      "date": {
        "year": 2019,
        "month": 10,
        "day": 20
      },
      "time": {
        "hour": 11,
        "minute": 11,
        "second": 24,
        "nano": 0
      }
    },
    "citySender": "Вишневе",
    "cityRecipient": "Сміла"
  },
  {
    "number": 59000456219281,
    "dateTime": {
      "date": {
        "year": 2019,
        "month": 10,
        "day": 20
      },
      "time": {
        "hour": 11,
        "minute": 10,
        "second": 55,
        "nano": 0
      }
    },
    "citySender": "Ківерці",
    "cityRecipient": "Одеса"
  },
  {
    "number": 59000456219282,
    "dateTime": {
      "date": {
        "year": 2019,
        "month": 10,
        "day": 20
      },
      "time": {
        "hour": 11,
        "minute": 10,
        "second": 41,
        "nano": 0
      }
    },
    "citySender": "Кропивницький",
    "cityRecipient": "Путивль"
  },
  {
    "number": 59000456219283,
    "dateTime": {
      "date": {
        "year": 2019,
        "month": 10,
        "day": 20
      },
      "time": {
        "hour": 11,
        "minute": 11,
        "second": 26,
        "nano": 0
      }
    },
    "citySender": "Вінниця",
    "cityRecipient": "Львів"
  },
  {
    "number": 59000456219284,
    "dateTime": {
      "date": {
        "year": 2019,
        "month": 10,
        "day": 20
      },
      "time": {
        "hour": 11,
        "minute": 11,
        "second": 26,
        "nano": 0
      }
    },
    "citySender": "Одеса",
    "cityRecipient": "Одеса"
  },
  {
    "number": 59000456219285,
    "dateTime": {
      "date": {
        "year": 2019,
        "month": 10,
        "day": 20
      },
      "time": {
        "hour": 11,
        "minute": 11,
        "second": 15,
        "nano": 0
      }
    },
    "citySender": "Київ",
    "cityRecipient": "Київ"
  },
  {
    "number": 59000456219286,
    "dateTime": {
      "date": {
        "year": 2019,
        "month": 10,
        "day": 20
      },
      "time": {
        "hour": 11,
        "minute": 11,
        "second": 13,
        "nano": 0
      }
    },
    "citySender": "Приморськ (Запорізька обл.)",
    "cityRecipient": "Кирилівка(Якимівський р-н)"
  },
  {
    "number": 59000456219287,
    "dateTime": {
      "date": {
        "year": 2019,
        "month": 10,
        "day": 20
      },
      "time": {
        "hour": 11,
        "minute": 11,
        "second": 9,
        "nano": 0
      }
    },
    "citySender": "Дніпро",
    "cityRecipient": "Тернопіль"
  },
  {
    "number": 59000456219289,
    "dateTime": {
      "date": {
        "year": 2019,
        "month": 10,
        "day": 20
      },
      "time": {
        "hour": 11,
        "minute": 9,
        "second": 42,
        "nano": 0
      }
    },
    "citySender": "Білопілля",
    "cityRecipient": "Володимирівка (Донецька обл.)"
  },
  {
    "number": 59000456219290,
    "dateTime": {
      "date": {
        "year": 2019,
        "month": 10,
        "day": 20
      },
      "time": {
        "hour": 11,
        "minute": 11,
        "second": 15,
        "nano": 0
      }
    },
    "citySender": "Київ",
    "cityRecipient": "Ворохта"
  },
  {
    "number": 59000456219291,
    "dateTime": {
      "date": {
        "year": 2019,
        "month": 10,
        "day": 20
      },
      "time": {
        "hour": 11,
        "minute": 11,
        "second": 1,
        "nano": 0
      }
    },
    "citySender": "Вінниця",
    "cityRecipient": "Одеса"
  },
  {
    "number": 59000456219292,
    "dateTime": {
      "date": {
        "year": 2019,
        "month": 10,
        "day": 20
      },
      "time": {
        "hour": 11,
        "minute": 11,
        "second": 11,
        "nano": 0
      }
    },
    "citySender": "Кривий Ріг",
    "cityRecipient": "Дніпро"
  },
  {
    "number": 59000456219293,
    "dateTime": {
      "date": {
        "year": 2019,
        "month": 10,
        "day": 20
      },
      "time": {
        "hour": 11,
        "minute": 11,
        "second": 20,
        "nano": 0
      }
    },
    "citySender": "Коломия",
    "cityRecipient": "Умань"
  },
  {
    "number": 59000456219294,
    "dateTime": {
      "date": {
        "year": 2019,
        "month": 10,
        "day": 20
      },
      "time": {
        "hour": 11,
        "minute": 11,
        "second": 13,
        "nano": 0
      }
    },
    "citySender": "Львів",
    "cityRecipient": "Вінниця"
  },
  {
    "number": 59000456219295,
    "dateTime": {
      "date": {
        "year": 2019,
        "month": 10,
        "day": 20
      },
      "time": {
        "hour": 11,
        "minute": 11,
        "second": 8,
        "nano": 0
      }
    },
    "citySender": "Новоукраїнка",
    "cityRecipient": "Шепетівка"
  },
  {
    "number": 59000456219297,
    "dateTime": {
      "date": {
        "year": 2019,
        "month": 10,
        "day": 20
      },
      "time": {
        "hour": 11,
        "minute": 11,
        "second": 11,
        "nano": 0
      }
    },
    "citySender": "Гірник",
    "cityRecipient": "Дніпро"
  },
  {
    "number": 59000456219298,
    "dateTime": {
      "date": {
        "year": 2019,
        "month": 10,
        "day": 20
      },
      "time": {
        "hour": 11,
        "minute": 10,
        "second": 15,
        "nano": 0
      }
    },
    "citySender": "Кривий Ріг",
    "cityRecipient": "Кам\u0027янське(Дніпропетровська обл)"
  },
  {
    "number": 59000456219299,
    "dateTime": {
      "date": {
        "year": 2019,
        "month": 10,
        "day": 20
      },
      "time": {
        "hour": 11,
        "minute": 11,
        "second": 17,
        "nano": 0
      }
    },
    "citySender": "Київ",
    "cityRecipient": "Костопіль"
  },
  {
    "number": 59000456219300,
    "dateTime": {
      "date": {
        "year": 2019,
        "month": 10,
        "day": 20
      },
      "time": {
        "hour": 11,
        "minute": 11,
        "second": 5,
        "nano": 0
      }
    },
    "citySender": "Дніпро",
    "cityRecipient": "Одеса"
  },
  {
    "number": 59000456219301,
    "dateTime": {
      "date": {
        "year": 2019,
        "month": 10,
        "day": 20
      },
      "time": {
        "hour": 11,
        "minute": 11,
        "second": 1,
        "nano": 0
      }
    },
    "citySender": "Ніжин",
    "cityRecipient": "Дніпро"
  },
  {
    "number": 59000456219302,
    "dateTime": {
      "date": {
        "year": 2019,
        "month": 10,
        "day": 20
      },
      "time": {
        "hour": 11,
        "minute": 11,
        "second": 13,
        "nano": 0
      }
    },
    "citySender": "Полтава",
    "cityRecipient": "Київ"
  },
  {
    "number": 59000456219303,
    "dateTime": {
      "date": {
        "year": 2019,
        "month": 10,
        "day": 20
      },
      "time": {
        "hour": 11,
        "minute": 11,
        "second": 24,
        "nano": 0
      }
    },
    "citySender": "Київ",
    "cityRecipient": "Запоріжжя"
  },
  {
    "number": 59000456219304,
    "dateTime": {
      "date": {
        "year": 2019,
        "month": 10,
        "day": 20
      },
      "time": {
        "hour": 11,
        "minute": 11,
        "second": 1,
        "nano": 0
      }
    },
    "citySender": "Полтава",
    "cityRecipient": "Київ"
  },
  {
    "number": 59000456219305,
    "dateTime": {
      "date": {
        "year": 2019,
        "month": 10,
        "day": 20
      },
      "time": {
        "hour": 11,
        "minute": 11,
        "second": 21,
        "nano": 0
      }
    },
    "citySender": "Дрогобич",
    "cityRecipient": "Овідіополь"
  },
  {
    "number": 59000456219306,
    "dateTime": {
      "date": {
        "year": 2019,
        "month": 10,
        "day": 20
      },
      "time": {
        "hour": 11,
        "minute": 11,
        "second": 12,
        "nano": 0
      }
    },
    "citySender": "Львів",
    "cityRecipient": "Кривий Ріг"
  },
  {
    "number": 59000456219307,
    "dateTime": {
      "date": {
        "year": 2019,
        "month": 10,
        "day": 20
      },
      "time": {
        "hour": 11,
        "minute": 11,
        "second": 25,
        "nano": 0
      }
    },
    "citySender": "Острог",
    "cityRecipient": "Львів"
  },
  {
    "number": 59000456219308,
    "dateTime": {
      "date": {
        "year": 2019,
        "month": 10,
        "day": 20
      },
      "time": {
        "hour": 11,
        "minute": 11,
        "second": 18,
        "nano": 0
      }
    },
    "citySender": "Київ",
    "cityRecipient": "Рівне"
  }
]