[
  {
    "number": 59000456235706,
    "dateTime": {
      "date": {
        "year": 2019,
        "month": 10,
        "day": 20
      },
      "time": {
        "hour": 12,
        "minute": 40,
        "second": 6,
        "nano": 0
      }
    },
    "citySender": "Вінниця",
    "cityRecipient": "Чернівці"
  },
  {
    "number": 59000456235707,
    "dateTime": {
      "date": {
        "year": 2019,
        "month": 10,
        "day": 20
      },
      "time": {
        "hour": 12,
        "minute": 39,
        "second": 52,
        "nano": 0
      }
    },
    "citySender": "Суми",
    "cityRecipient": "Київ"
  },
  {
    "number": 59000456235708,
    "dateTime": {
      "date": {
        "year": 2019,
        "month": 10,
        "day": 20
      },
      "time": {
        "hour": 12,
        "minute": 40,
        "second": 9,
        "nano": 0
      }
    },
    "citySender": "Рівне",
    "cityRecipient": "Млинів"
  },
  {
    "number": 59000456235709,
    "dateTime": {
      "date": {
        "year": 2019,
        "month": 10,
        "day": 20
      },
      "time": {
        "hour": 12,
        "minute": 40,
        "second": 10,
        "nano": 0
      }
    },
    "citySender": "Львів",
    "cityRecipient": "Дніпро"
  },
  {
    "number": 59000456235710,
    "dateTime": {
      "date": {
        "year": 2019,
        "month": 10,
        "day": 20
      },
      "time": {
        "hour": 12,
        "minute": 39,
        "second": 57,
        "nano": 0
      }
    },
    "citySender": "Дунаївці",
    "cityRecipient": "Черкаси"
  },
  {
    "number": 59000456235711,
    "dateTime": {
      "date": {
        "year": 2019,
        "month": 10,
        "day": 20
      },
      "time": {
        "hour": 12,
        "minute": 40,
        "second": 8,
        "nano": 0
      }
    },
    "citySender": "Київ",
    "cityRecipient": "Київ"
  },
  {
    "number": 59000456235713,
    "dateTime": {
      "date": {
        "year": 2019,
        "month": 10,
        "day": 20
      },
      "time": {
        "hour": 12,
        "minute": 39,
        "second": 38,
        "nano": 0
      }
    },
    "citySender": "Дніпро",
    "cityRecipient": "Вишгород"
  },
  {
    "number": 59000456235714,
    "dateTime": {
      "date": {
        "year": 2019,
        "month": 10,
        "day": 20
      },
      "time": {
        "hour": 12,
        "minute": 39,
        "second": 43,
        "nano": 0
      }
    },
    "citySender": "Миколаїв",
    "cityRecipient": "Ясень"
  },
  {
    "number": 59000456235715,
    "dateTime": {
      "date": {
        "year": 2019,
        "month": 10,
        "day": 20
      },
      "time": {
        "hour": 12,
        "minute": 40,
        "second": 1,
        "nano": 0
      }
    },
    "citySender": "Київ",
    "cityRecipient": "Краматорськ"
  },
  {
    "number": 59000456235716,
    "dateTime": {
      "date": {
        "year": 2019,
        "month": 10,
        "day": 20
      },
      "time": {
        "hour": 12,
        "minute": 39,
        "second": 34,
        "nano": 0
      }
    },
    "citySender": "Рубіжне",
    "cityRecipient": "Щастя"
  },
  {
    "number": 59000456235717,
    "dateTime": {
      "date": {
        "year": 2019,
        "month": 10,
        "day": 20
      },
      "time": {
        "hour": 12,
        "minute": 38,
        "second": 27,
        "nano": 0
      }
    },
    "citySender": "Суми",
    "cityRecipient": "Секретарка"
  },
  {
    "number": 59000456235718,
    "dateTime": {
      "date": {
        "year": 2019,
        "month": 10,
        "day": 20
      },
      "time": {
        "hour": 12,
        "minute": 38,
        "second": 48,
        "nano": 0
      }
    },
    "citySender": "Дніпро",
    "cityRecipient": "Київ"
  },
  {
    "number": 59000456235719,
    "dateTime": {
      "date": {
        "year": 2019,
        "month": 10,
        "day": 20
      },
      "time": {
        "hour": 12,
        "minute": 40,
        "second": 12,
        "nano": 0
      }
    },
    "citySender": "Київ",
    "cityRecipient": "Київ"
  },
  {
    "number": 59000456235720,
    "dateTime": {
      "date": {
        "year": 2019,
        "month": 10,
        "day": 20
      },
      "time": {
        "hour": 12,
        "minute": 39,
        "second": 25,
        "nano": 0
      }
    },
    "citySender": "Полтава",
    "cityRecipient": "Білгород-Дністровський"
  },
  {
    "number": 59000456235721,
    "dateTime": {
      "date": {
        "year": 2019,
        "month": 10,
        "day": 20
      },
      "time": {
        "hour": 12,
        "minute": 40,
        "second": 13,
        "nano": 0
      }
    },
    "citySender": "Львів",
    "cityRecipient": "Дніпро"
  },
  {
    "number": 59000456235722,
    "dateTime": {
      "date": {
        "year": 2019,
        "month": 10,
        "day": 20
      },
      "time": {
        "hour": 12,
        "minute": 39,
        "second": 16,
        "nano": 0
      }
    },
    "citySender": "Дубно",
    "cityRecipient": "Дрогобич"
  },
  {
    "number": 59000456235723,
    "dateTime": {
      "date": {
        "year": 2019,
        "month": 10,
        "day": 20
      },
      "time": {
        "hour": 12,
        "minute": 39,
        "second": 59,
        "nano": 0
      }
    },
    "citySender": "Бердянськ",
    "cityRecipient": "Запоріжжя"
  },
  {
    "number": 59000456235724,
    "dateTime": {
      "date": {
        "year": 2019,
        "month": 10,
        "day": 20
      },
      "time": {
        "hour": 12,
        "minute": 40,
        "second": 15,
        "nano": 0
      }
    },
    "citySender": "Вознесенськ",
    "cityRecipient": "Дніпро"
  },
  {
    "number": 59000456235725,
    "dateTime": {
      "date": {
        "year": 2019,
        "month": 10,
        "day": 20
      },
      "time": {
        "hour": 12,
        "minute": 40,
        "second": 1,
        "nano": 0
      }
    },
    "citySender": "Сєвєродонецьк",
    "cityRecipient": "Озерне (Житомирська обл.)"
  },
  {
    "number": 59000456235726,
    "dateTime": {
      "date": {
        "year": 2019,
        "month": 10,
        "day": 20
      },
      "time": {
        "hour": 12,
        "minute": 39,
        "second": 50,
        "nano": 0
      }
    },
    "citySender": "Ірпінь",
    "cityRecipient": "Ізюм"
  },
  {
    "number": 59000456235727,
    "dateTime": {
      "date": {
        "year": 2019,
        "month": 10,
        "day": 20
      },
      "time": {
        "hour": 12,
        "minute": 39,
        "second": 8,
        "nano": 0
      }
    },
    "citySender": "Мукачево",
    "cityRecipient": "Нові Петрівці"
  },
  {
    "number": 59000456235728,
    "dateTime": {
      "date": {
        "year": 2019,
        "month": 10,
        "day": 20
      },
      "time": {
        "hour": 12,
        "minute": 39,
        "second": 1,
        "nano": 0
      }
    },
    "citySender": "Світлодарськ",
    "cityRecipient": "Козятин (місто, Вінницька обл.)"
  },
  {
    "number": 59000456235729,
    "dateTime": {
      "date": {
        "year": 2019,
        "month": 10,
        "day": 20
      },
      "time": {
        "hour": 12,
        "minute": 40,
        "second": 9,
        "nano": 0
      }
    },
    "citySender": "Вінниця",
    "cityRecipient": "Городище (Черкаська обл.)"
  },
  {
    "number": 59000456235730,
    "dateTime": {
      "date": {
        "year": 2019,
        "month": 10,
        "day": 20
      },
      "time": {
        "hour": 12,
        "minute": 40,
        "second": 13,
        "nano": 0
      }
    },
    "citySender": "Київ",
    "cityRecipient": "Київ"
  },
  {
    "number": 59000456235731,
    "dateTime": {
      "date": {
        "year": 2019,
        "month": 10,
        "day": 20
      },
      "time": {
        "hour": 12,
        "minute": 39,
        "second": 52,
        "nano": 0
      }
    },
    "citySender": "Харків",
    "cityRecipient": "Оженин"
  },
  {
    "number": 59000456235732,
    "dateTime": {
      "date": {
        "year": 2019,
        "month": 10,
        "day": 20
      },
      "time": {
        "hour": 12,
        "minute": 39,
        "second": 38,
        "nano": 0
      }
    },
    "citySender": "Одеса",
    "cityRecipient": "Кривий Ріг"
  },
  {
    "number": 59000456235733,
    "dateTime": {
      "date": {
        "year": 2019,
        "month": 10,
        "day": 20
      },
      "time": {
        "hour": 12,
        "minute": 40,
        "second": 16,
        "nano": 0
      }
    },
    "citySender": "Харків",
    "cityRecipient": "Херсон"
  },
  {
    "number": 59000456235735,
    "dateTime": {
      "date": {
        "year": 2019,
        "month": 10,
        "day": 20
      },
      "time": {
        "hour": 12,
        "minute": 40,
        "second": 22,
        "nano": 0
      }
    },
    "citySender": "Кропивницький",
    "cityRecipient": "Кропивницький"
  },
  {
    "number": 59000456235736,
    "dateTime": {
      "date": {
        "year": 2019,
        "month": 10,
        "day": 20
      },
      "time": {
        "hour": 12,
        "minute": 40,
        "second": 18,
        "nano": 0
      }
    },
    "citySender": "Ромни",
    "cityRecipient": "Кривий Ріг"
  },
  {
    "number": 59000456235738,
    "dateTime": {
      "date": {
        "year": 2019,
        "month": 10,
        "day": 20
      },
      "time": {
        "hour": 12,
        "minute": 40,
        "second": 7,
        "nano": 0
      }
    },
    "citySender": "Дніпро",
    "cityRecipient": "Одеса"
  },
  {
    "number": 59000456235739,
    "dateTime": {
      "date": {
        "year": 2019,
        "month": 10,
        "day": 20
      },
      "time": {
        "hour": 12,
        "minute": 40,
        "second": 14,
        "nano": 0
      }
    },
    "citySender": "Чернівці",
    "cityRecipient": "Одеса"
  },
  {
    "number": 59000456235740,
    "dateTime": {
      "date": {
        "year": 2019,
        "month": 10,
        "day": 20
      },
      "time": {
        "hour": 12,
        "minute": 40,
        "second": 10,
        "nano": 0
      }
    },
    "citySender": "Рівне",
    "cityRecipient": "Краматорськ"
  },
  {
    "number": 59000456235741,
    "dateTime": {
      "date": {
        "year": 2019,
        "month": 10,
        "day": 20
      },
      "time": {
        "hour": 12,
        "minute": 40,
        "second": 16,
        "nano": 0
      }
    },
    "citySender": "Хмельницький",
    "cityRecipient": "Краматорськ"
  },
  {
    "number": 59000456235742,
    "dateTime": {
      "date": {
        "year": 2019,
        "month": 10,
        "day": 20
      },
      "time": {
        "hour": 12,
        "minute": 40,
        "second": 9,
        "nano": 0
      }
    },
    "citySender": "Київ",
    "cityRecipient": "Дніпро"
  },
  {
    "number": 59000456235743,
    "dateTime": {
      "date": {
        "year": 2019,
        "month": 10,
        "day": 20
      },
      "time": {
        "hour": 12,
        "minute": 39,
        "second": 39,
        "nano": 0
      }
    },
    "citySender": "Ізмаїл",
    "cityRecipient": "Одеса"
  },
  {
    "number": 59000456235744,
    "dateTime": {
      "date": {
        "year": 2019,
        "month": 10,
        "day": 20
      },
      "time": {
        "hour": 12,
        "minute": 40,
        "second": 2,
        "nano": 0
      }
    },
    "citySender": "Чернівці",
    "cityRecipient": "Бровари"
  },
  {
    "number": 59000456235745,
    "dateTime": {
      "date": {
        "year": 2019,
        "month": 10,
        "day": 20
      },
      "time": {
        "hour": 12,
        "minute": 40,
        "second": 18,
        "nano": 0
      }
    },
    "citySender": "Київ",
    "cityRecipient": "Лубни"
  },
  {
    "number": 59000456235746,
    "dateTime": {
      "date": {
        "year": 2019,
        "month": 10,
        "day": 20
      },
      "time": {
        "hour": 12,
        "minute": 40,
        "second": 25,
        "nano": 0
      }
    },
    "citySender": "Нетішин",
    "cityRecipient": "Ківерці"
  },
  {
    "number": 59000456235747,
    "dateTime": {
      "date": {
        "year": 2019,
        "month": 10,
        "day": 20
      },
      "time": {
        "hour": 12,
        "minute": 40,
        "second": 21,
        "nano": 0
      }
    },
    "citySender": "Житомир",
    "cityRecipient": "Мар\u0027їнка"
  },
  {
    "number": 59000456235748,
    "dateTime": {
      "date": {
        "year": 2019,
        "month": 10,
        "day": 20
      },
      "time": {
        "hour": 12,
        "minute": 40,
        "second": 0,
        "nano": 0
      }
    },
    "citySender": "Золочів(Харківська обл.)",
    "cityRecipient": "Хмельницький"
  },
  {
    "number": 59000456235749,
    "dateTime": {
      "date": {
        "year": 2019,
        "month": 10,
        "day": 20
      },
      "time": {
        "hour": 12,
        "minute": 40,
        "second": 11,
        "nano": 0
      }
    },
    "citySender": "Сміла",
    "cityRecipient": "Херсон"
  },
  {
    "number": 59000456235750,
    "dateTime": {
      "date": {
        "year": 2019,
        "month": 10,
        "day": 20
      },
      "time": {
        "hour": 12,
        "minute": 40,
        "second": 24,
        "nano": 0
      }
    },
    "citySender": "Рівне",
    "cityRecipient": "Ратне"
  },
  {
    "number": 59000456235752,
    "dateTime": {
      "date": {
        "year": 2019,
        "month": 10,
        "day": 20
      },
      "time": {
        "hour": 12,
        "minute": 39,
        "second": 59,
        "nano": 0
      }
    },
    "citySender": "Запоріжжя",
    "cityRecipient": "Курахове"
  },
  {
    "number": 59000456235753,
    "dateTime": {
      "date": {
        "year": 2019,
        "month": 10,
        "day": 20
      },
      "time": {
        "hour": 12,
        "minute": 40,
        "second": 27,
        "nano": 0
      }
    },
    "citySender": "Київ",
    "cityRecipient": "Кременчук"
  },
  {
    "number": 59000456235754,
    "dateTime": {
      "date": {
        "year": 2019,
        "month": 10,
        "day": 20
      },
      "time": {
        "hour": 12,
        "minute": 40,
        "second": 13,
        "nano": 0
      }
    },
    "citySender": "Нововолинськ",
    "cityRecipient": "Луцьк"
  },
  {
    "number": 59000456235755,
    "dateTime": {
      "date": {
        "year": 2019,
        "month": 10,
        "day": 20
      },
      "time": {
        "hour": 12,
        "minute": 39,
        "second": 56,
        "nano": 0
      }
    },
    "citySender": "Івано-Франківськ",
    "cityRecipient": "Київ"
  },
  {
    "number": 59000456235756,
    "dateTime": {
      "date": {
        "year": 2019,
        "month": 10,
        "day": 20
      },
      "time": {
        "hour": 12,
        "minute": 40,
        "second": 23,
        "nano": 0
      }
    },
    "citySender": "Коцюбинське",
    "cityRecipient": "Вилкове"
  },
  {
    "number": 59000456235757,
    "dateTime": {
      "date": {
        "year": 2019,
        "month": 10,
        "day": 20
      },
      "time": {
        "hour": 12,
        "minute": 39,
        "second": 35,
        "nano": 0
      }
    },
    "citySender": "Бориспіль",
    "cityRecipient": "Локачі"
  },
  {
    "number": 59000456235758,
    "dateTime": {
      "date": {
        "year": 2019,
        "month": 10,
        "day": 20
      },
      "time": {
        "hour": 12,
        "minute": 40,
        "second": 10,
        "nano": 0
      }
    },
    "citySender": "Слов\u0027янськ",
    "cityRecipient": "Запоріжжя"
  },
  {
    "number": 59000456235759,
    "dateTime": {
      "date": {
        "year": 2019,
        "month": 10,
        "day": 20
      },
      "time": {
        "hour": 12,
        "minute": 39,
        "second": 44,
        "nano": 0
      }
    },
    "citySender": "Полтава",
    "cityRecipient": "Добровеличківка"
  },
  {
    "number": 59000456235760,
    "dateTime": {
      "date": {
        "year": 2019,
        "month": 10,
        "day": 20
      },
      "time": {
        "hour": 12,
        "minute": 39,
        "second": 37,
        "nano": 0
      }
    },
    "citySender": "Хмельницький",
    "cityRecipient": "Тернопіль"
  },
  {
    "number": 59000456235761,
    "dateTime": {
      "date": {
        "year": 2019,
        "month": 10,
        "day": 20
      },
      "time": {
        "hour": 12,
        "minute": 40,
        "second": 19,
        "nano": 0
      }
    },
    "citySender": "Хмельницький",
    "cityRecipient": "Усатове"
  },
  {
    "number": 59000456235762,
    "dateTime": {
      "date": {
        "year": 2019,
        "month": 10,
        "day": 20
      },
      "time": {
        "hour": 12,
        "minute": 40,
        "second": 33,
        "nano": 0
      }
    },
    "citySender": "Київ",
    "cityRecipient": "Київ"
  },
  {
    "number": 59000456235763,
    "dateTime": {
      "date": {
        "year": 2019,
        "month": 10,
        "day": 20
      },
      "time": {
        "hour": 12,
        "minute": 40,
        "second": 25,
        "nano": 0
      }
    },
    "citySender": "Київ",
    "cityRecipient": "Козятин (місто, Вінницька обл.)"
  },
  {
    "number": 59000456235764,
    "dateTime": {
      "date": {
        "year": 2019,
        "month": 10,
        "day": 20
      },
      "time": {
        "hour": 12,
        "minute": 39,
        "second": 47,
        "nano": 0
      }
    },
    "citySender": "Тернопіль",
    "cityRecipient": "Камінь-Каширський"
  },
  {
    "number": 59000456235765,
    "dateTime": {
      "date": {
        "year": 2019,
        "month": 10,
        "day": 20
      },
      "time": {
        "hour": 12,
        "minute": 39,
        "second": 53,
        "nano": 0
      }
    },
    "citySender": "Олександрія (м.Кіровогр.обл.райц)",
    "cityRecipient": "Бровари"
  },
  {
    "number": 59000456235766,
    "dateTime": {
      "date": {
        "year": 2019,
        "month": 10,
        "day": 20
      },
      "time": {
        "hour": 12,
        "minute": 40,
        "second": 7,
        "nano": 0
      }
    },
    "citySender": "Нікополь (Дніпропетровська обл.)",
    "cityRecipient": "Суми"
  },
  {
    "number": 59000456235767,
    "dateTime": {
      "date": {
        "year": 2019,
        "month": 10,
        "day": 20
      },
      "time": {
        "hour": 12,
        "minute": 40,
        "second": 26,
        "nano": 0
      }
    },
    "citySender": "Київ",
    "cityRecipient": "Київ"
  },
  {
    "number": 59000456235768,
    "dateTime": {
      "date": {
        "year": 2019,
        "month": 10,
        "day": 20
      },
      "time": {
        "hour": 12,
        "minute": 40,
        "second": 11,
        "nano": 0
      }
    },
    "citySender": "Жовті Води",
    "cityRecipient": "Верхньодніпровськ"
  },
  {
    "number": 59000456235770,
    "dateTime": {
      "date": {
        "year": 2019,
        "month": 10,
        "day": 20
      },
      "time": {
        "hour": 12,
        "minute": 40,
        "second": 16,
        "nano": 0
      }
    },
    "citySender": "Балаклія (Харківська обл.)",
    "cityRecipient": "Вороньків"
  },
  {
    "number": 59000456235771,
    "dateTime": {
      "date": {
        "year": 2019,
        "month": 10,
        "day": 20
      },
      "time": {
        "hour": 12,
        "minute": 40,
        "second": 21,
        "nano": 0
      }
    },
    "citySender": "Енергодар",
    "cityRecipient": "Луцьк"
  },
  {
    "number": 59000456235772,
    "dateTime": {
      "date": {
        "year": 2019,
        "month": 10,
        "day": 20
      },
      "time": {
        "hour": 12,
        "minute": 40,
        "second": 19,
        "nano": 0
      }
    },
    "citySender": "Кременчук",
    "cityRecipient": "Новгородка(Кіровоградська обл.)"
  },
  {
    "number": 59000456235773,
    "dateTime": {
      "date": {
        "year": 2019,
        "month": 10,
        "day": 20
      },
      "time": {
        "hour": 12,
        "minute": 40,
        "second": 38,
        "nano": 0
      }
    },
    "citySender": "Перещепине",
    "cityRecipient": "Одеса"
  },
  {
    "number": 59000456235774,
    "dateTime": {
      "date": {
        "year": 2019,
        "month": 10,
        "day": 20
      },
      "time": {
        "hour": 12,
        "minute": 40,
        "second": 33,
        "nano": 0
      }
    },
    "citySender": "Запоріжжя",
    "cityRecipient": "Хмельницький"
  },
  {
    "number": 59000456235775,
    "dateTime": {
      "date": {
        "year": 2019,
        "month": 10,
        "day": 20
      },
      "time": {
        "hour": 12,
        "minute": 40,
        "second": 36,
        "nano": 0
      }
    },
    "citySender": "Суми",
    "cityRecipient": "Суми"
  },
  {
    "number": 59000456235776,
    "dateTime": {
      "date": {
        "year": 2019,
        "month": 10,
        "day": 20
      },
      "time": {
        "hour": 12,
        "minute": 40,
        "second": 18,
        "nano": 0
      }
    },
    "citySender": "Хмельницький",
    "cityRecipient": "Чемерівці"
  },
  {
    "number": 59000456235777,
    "dateTime": {
      "date": {
        "year": 2019,
        "month": 10,
        "day": 20
      },
      "time": {
        "hour": 12,
        "minute": 40,
        "second": 20,
        "nano": 0
      }
    },
    "citySender": "Токмак",
    "cityRecipient": "Ірпінь"
  },
  {
    "number": 59000456235778,
    "dateTime": {
      "date": {
        "year": 2019,
        "month": 10,
        "day": 20
      },
      "time": {
        "hour": 12,
        "minute": 40,
        "second": 36,
        "nano": 0
      }
    },
    "citySender": "Львів",
    "cityRecipient": "Нова Каховка"
  },
  {
    "number": 59000456235779,
    "dateTime": {
      "date": {
        "year": 2019,
        "month": 10,
        "day": 20
      },
      "time": {
        "hour": 12,
        "minute": 40,
        "second": 32,
        "nano": 0
      }
    },
    "citySender": "Львів",
    "cityRecipient": "Чернівці"
  },
  {
    "number": 59000456235780,
    "dateTime": {
      "date": {
        "year": 2019,
        "month": 10,
        "day": 20
      },
      "time": {
        "hour": 12,
        "minute": 40,
        "second": 40,
        "nano": 0
      }
    },
    "citySender": "Ізмаїл",
    "cityRecipient": "Київ"
  },
  {
    "number": 59000456235781,
    "dateTime": {
      "date": {
        "year": 2019,
        "month": 10,
        "day": 20
      },
      "time": {
        "hour": 12,
        "minute": 40,
        "second": 10,
        "nano": 0
      }
    },
    "citySender": "Київ",
    "cityRecipient": "Миколаїв"
  },
  {
    "number": 59000456235782,
    "dateTime": {
      "date": {
        "year": 2019,
        "month": 10,
        "day": 20
      },
      "time": {
        "hour": 12,
        "minute": 40,
        "second": 24,
        "nano": 0
      }
    },
    "citySender": "Суми",
    "cityRecipient": "Київ"
  },
  {
    "number": 59000456235783,
    "dateTime": {
      "date": {
        "year": 2019,
        "month": 10,
        "day": 20
      },
      "time": {
        "hour": 12,
        "minute": 40,
        "second": 9,
        "nano": 0
      }
    },
    "citySender": "Богуслав (Київська обл.)",
    "cityRecipient": "Підгородне (Дніпропетровська обл.)"
  },
  {
    "number": 59000456235784,
    "dateTime": {
      "date": {
        "year": 2019,
        "month": 10,
        "day": 20
      },
      "time": {
        "hour": 12,
        "minute": 40,
        "second": 41,
        "nano": 0
      }
    },
    "citySender": "Київ",
    "cityRecipient": "Харків"
  },
  {
    "number": 59000456235785,
    "dateTime": {
      "date": {
        "year": 2019,
        "month": 10,
        "day": 20
      },
      "time": {
        "hour": 12,
        "minute": 40,
        "second": 38,
        "nano": 0
      }
    },
    "citySender": "Одеса",
    "cityRecipient": "Перегінське"
  },
  {
    "number": 59000456235786,
    "dateTime": {
      "date": {
        "year": 2019,
        "month": 10,
        "day": 20
      },
      "time": {
        "hour": 12,
        "minute": 39,
        "second": 10,
        "nano": 0
      }
    },
    "citySender": "Запоріжжя",
    "cityRecipient": "Бердянськ"
  },
  {
    "number": 59000456235787,
    "dateTime": {
      "date": {
        "year": 2019,
        "month": 10,
        "day": 20
      },
      "time": {
        "hour": 12,
        "minute": 39,
        "second": 54,
        "nano": 0
      }
    },
    "citySender": "Жовті Води",
    "cityRecipient": "Львів"
  },
  {
    "number": 59000456235788,
    "dateTime": {
      "date": {
        "year": 2019,
        "month": 10,
        "day": 20
      },
      "time": {
        "hour": 12,
        "minute": 39,
        "second": 54,
        "nano": 0
      }
    },
    "citySender": "Маріуполь",
    "cityRecipient": "Київ"
  },
  {
    "number": 59000456235789,
    "dateTime": {
      "date": {
        "year": 2019,
        "month": 10,
        "day": 20
      },
      "time": {
        "hour": 12,
        "minute": 40,
        "second": 13,
        "nano": 0
      }
    },
    "citySender": "Дніпро",
    "cityRecipient": "Солонка (Львівська обл.)"
  },
  {
    "number": 59000456235790,
    "dateTime": {
      "date": {
        "year": 2019,
        "month": 10,
        "day": 20
      },
      "time": {
        "hour": 12,
        "minute": 39,
        "second": 54,
        "nano": 0
      }
    },
    "citySender": "Київ",
    "cityRecipient": "Малин"
  },
  {
    "number": 59000456235791,
    "dateTime": {
      "date": {
        "year": 2019,
        "month": 10,
        "day": 20
      },
      "time": {
        "hour": 12,
        "minute": 40,
        "second": 43,
        "nano": 0
      }
    },
    "citySender": "Краматорськ",
    "cityRecipient": "Гореничі"
  },
  {
    "number": 59000456235792,
    "dateTime": {
      "date": {
        "year": 2019,
        "month": 10,
        "day": 20
      },
      "time": {
        "hour": 12,
        "minute": 40,
        "second": 11,
        "nano": 0
      }
    },
    "citySender": "Київ",
    "cityRecipient": "Київ"
  },
  {
    "number": 59000456235794,
    "dateTime": {
      "date": {
        "year": 2019,
        "month": 10,
        "day": 20
      },
      "time": {
        "hour": 12,
        "minute": 40,
        "second": 9,
        "nano": 0
      }
    },
    "citySender": "Львів",
    "cityRecipient": "Герца"
  },
  {
    "number": 59000456235795,
    "dateTime": {
      "date": {
        "year": 2019,
        "month": 10,
        "day": 20
      },
      "time": {
        "hour": 12,
        "minute": 40,
        "second": 40,
        "nano": 0
      }
    },
    "citySender": "Боярка",
    "cityRecipient": "Київ"
  },
  {
    "number": 59000456235796,
    "dateTime": {
      "date": {
        "year": 2019,
        "month": 10,
        "day": 20
      },
      "time": {
        "hour": 12,
        "minute": 40,
        "second": 42,
        "nano": 0
      }
    },
    "citySender": "Рівне",
    "cityRecipient": "Рівне (Новоукраїнський р-н Кіровоградська обл.)"
  },
  {
    "number": 59000456235797,
    "dateTime": {
      "date": {
        "year": 2019,
        "month": 10,
        "day": 20
      },
      "time": {
        "hour": 12,
        "minute": 40,
        "second": 34,
        "nano": 0
      }
    },
    "citySender": "Східниця",
    "cityRecipient": "Згурівка"
  },
  {
    "number": 59000456235798,
    "dateTime": {
      "date": {
        "year": 2019,
        "month": 10,
        "day": 20
      },
      "time": {
        "hour": 12,
        "minute": 40,
        "second": 20,
        "nano": 0
      }
    },
    "citySender": "Одеса",
    "cityRecipient": "Київ"
  },
  {
    "number": 59000456235799,
    "dateTime": {
      "date": {
        "year": 2019,
        "month": 10,
        "day": 20
      },
      "time": {
        "hour": 12,
        "minute": 40,
        "second": 33,
        "nano": 0
      }
    },
    "citySender": "Снігурівка",
    "cityRecipient": "Луцьк"
  },
  {
    "number": 59000456235800,
    "dateTime": {
      "date": {
        "year": 2019,
        "month": 10,
        "day": 20
      },
      "time": {
        "hour": 12,
        "minute": 40,
        "second": 45,
        "nano": 0
      }
    },
    "citySender": "Павлоград",
    "cityRecipient": "Одеса"
  },
  {
    "number": 59000456235801,
    "dateTime": {
      "date": {
        "year": 2019,
        "month": 10,
        "day": 20
      },
      "time": {
        "hour": 12,
        "minute": 40,
        "second": 38,
        "nano": 0
      }
    },
    "citySender": "Чернівці",
    "cityRecipient": "Маріуполь"
  },
  {
    "number": 59000456235802,
    "dateTime": {
      "date": {
        "year": 2019,
        "month": 10,
        "day": 20
      },
      "time": {
        "hour": 12,
        "minute": 40,
        "second": 31,
        "nano": 0
      }
    },
    "citySender": "Дніпро",
    "cityRecipient": "Київ"
  },
  {
    "number": 59000456235803,
    "dateTime": {
      "date": {
        "year": 2019,
        "month": 10,
        "day": 20
      },
      "time": {
        "hour": 12,
        "minute": 40,
        "second": 41,
        "nano": 0
      }
    },
    "citySender": "Одеса",
    "cityRecipient": "Харків"
  },
  {
    "number": 59000456235804,
    "dateTime": {
      "date": {
        "year": 2019,
        "month": 10,
        "day": 20
      },
      "time": {
        "hour": 12,
        "minute": 40,
        "second": 44,
        "nano": 0
      }
    },
    "citySender": "Дніпро",
    "cityRecipient": "Дніпро"
  },
  {
    "number": 59000456235805,
    "dateTime": {
      "date": {
        "year": 2019,
        "month": 10,
        "day": 20
      },
      "time": {
        "hour": 12,
        "minute": 40,
        "second": 36,
        "nano": 0
      }
    },
    "citySender": "Тячів",
    "cityRecipient": "Одеса"
  }
]