[
  {
    "number": 59000456231207,
    "dateTime": {
      "date": {
        "year": 2019,
        "month": 10,
        "day": 20
      },
      "time": {
        "hour": 12,
        "minute": 13,
        "second": 17,
        "nano": 0
      }
    },
    "citySender": "Берислав (Херсонська обл.)",
    "cityRecipient": "Старокозаче"
  },
  {
    "number": 59000456231208,
    "dateTime": {
      "date": {
        "year": 2019,
        "month": 10,
        "day": 20
      },
      "time": {
        "hour": 12,
        "minute": 12,
        "second": 55,
        "nano": 0
      }
    },
    "citySender": "Львів",
    "cityRecipient": "Кельменці"
  },
  {
    "number": 59000456231209,
    "dateTime": {
      "date": {
        "year": 2019,
        "month": 10,
        "day": 20
      },
      "time": {
        "hour": 12,
        "minute": 13,
        "second": 1,
        "nano": 0
      }
    },
    "citySender": "Станиця Луганська",
    "cityRecipient": "Львів"
  },
  {
    "number": 59000456231210,
    "dateTime": {
      "date": {
        "year": 2019,
        "month": 10,
        "day": 20
      },
      "time": {
        "hour": 12,
        "minute": 13,
        "second": 27,
        "nano": 0
      }
    },
    "citySender": "Тернопіль",
    "cityRecipient": "Київ"
  },
  {
    "number": 59000456231211,
    "dateTime": {
      "date": {
        "year": 2019,
        "month": 10,
        "day": 20
      },
      "time": {
        "hour": 12,
        "minute": 13,
        "second": 12,
        "nano": 0
      }
    },
    "citySender": "Луцьк",
    "cityRecipient": "Київ"
  },
  {
    "number": 59000456231212,
    "dateTime": {
      "date": {
        "year": 2019,
        "month": 10,
        "day": 20
      },
      "time": {
        "hour": 12,
        "minute": 12,
        "second": 44,
        "nano": 0
      }
    },
    "citySender": "Краматорськ",
    "cityRecipient": "Слов\u0027янськ"
  },
  {
    "number": 59000456231213,
    "dateTime": {
      "date": {
        "year": 2019,
        "month": 10,
        "day": 20
      },
      "time": {
        "hour": 12,
        "minute": 13,
        "second": 20,
        "nano": 0
      }
    },
    "citySender": "Дніпро",
    "cityRecipient": "Бердянськ"
  },
  {
    "number": 59000456231214,
    "dateTime": {
      "date": {
        "year": 2019,
        "month": 10,
        "day": 20
      },
      "time": {
        "hour": 12,
        "minute": 13,
        "second": 21,
        "nano": 0
      }
    },
    "citySender": "Вишневе",
    "cityRecipient": "Жовті Води"
  },
  {
    "number": 59000456231215,
    "dateTime": {
      "date": {
        "year": 2019,
        "month": 10,
        "day": 20
      },
      "time": {
        "hour": 12,
        "minute": 12,
        "second": 28,
        "nano": 0
      }
    },
    "citySender": "Харків",
    "cityRecipient": "Дніпро"
  },
  {
    "number": 59000456231216,
    "dateTime": {
      "date": {
        "year": 2019,
        "month": 10,
        "day": 20
      },
      "time": {
        "hour": 12,
        "minute": 12,
        "second": 49,
        "nano": 0
      }
    },
    "citySender": "Одеса",
    "cityRecipient": "Велика Михайлівка"
  },
  {
    "number": 59000456231217,
    "dateTime": {
      "date": {
        "year": 2019,
        "month": 10,
        "day": 20
      },
      "time": {
        "hour": 12,
        "minute": 13,
        "second": 25,
        "nano": 0
      }
    },
    "citySender": "Кам\u0027янець-Подільський",
    "cityRecipient": "Хмельницький"
  },
  {
    "number": 59000456231218,
    "dateTime": {
      "date": {
        "year": 2019,
        "month": 10,
        "day": 20
      },
      "time": {
        "hour": 12,
        "minute": 12,
        "second": 49,
        "nano": 0
      }
    },
    "citySender": "Одеса",
    "cityRecipient": "Миколаїв"
  },
  {
    "number": 59000456231219,
    "dateTime": {
      "date": {
        "year": 2019,
        "month": 10,
        "day": 20
      },
      "time": {
        "hour": 12,
        "minute": 13,
        "second": 21,
        "nano": 0
      }
    },
    "citySender": "Харків",
    "cityRecipient": "Київ"
  },
  {
    "number": 59000456231220,
    "dateTime": {
      "date": {
        "year": 2019,
        "month": 10,
        "day": 20
      },
      "time": {
        "hour": 12,
        "minute": 12,
        "second": 57,
        "nano": 0
      }
    },
    "citySender": "Тернопіль",
    "cityRecipient": "Харків"
  },
  {
    "number": 59000456231221,
    "dateTime": {
      "date": {
        "year": 2019,
        "month": 10,
        "day": 20
      },
      "time": {
        "hour": 12,
        "minute": 12,
        "second": 56,
        "nano": 0
      }
    },
    "citySender": "Полтава",
    "cityRecipient": "Сєвєродонецьк"
  },
  {
    "number": 59000456231223,
    "dateTime": {
      "date": {
        "year": 2019,
        "month": 10,
        "day": 20
      },
      "time": {
        "hour": 12,
        "minute": 13,
        "second": 21,
        "nano": 0
      }
    },
    "citySender": "Запоріжжя",
    "cityRecipient": "Дніпро"
  },
  {
    "number": 59000456231224,
    "dateTime": {
      "date": {
        "year": 2019,
        "month": 10,
        "day": 20
      },
      "time": {
        "hour": 12,
        "minute": 13,
        "second": 9,
        "nano": 0
      }
    },
    "citySender": "Хмільник (Вінницька обл.)",
    "cityRecipient": "Київ"
  },
  {
    "number": 59000456231225,
    "dateTime": {
      "date": {
        "year": 2019,
        "month": 10,
        "day": 20
      },
      "time": {
        "hour": 12,
        "minute": 13,
        "second": 14,
        "nano": 0
      }
    },
    "citySender": "Ужгород",
    "cityRecipient": "Київ"
  },
  {
    "number": 59000456231226,
    "dateTime": {
      "date": {
        "year": 2019,
        "month": 10,
        "day": 20
      },
      "time": {
        "hour": 12,
        "minute": 13,
        "second": 5,
        "nano": 0
      }
    },
    "citySender": "Київ",
    "cityRecipient": "Рівне"
  },
  {
    "number": 59000456231228,
    "dateTime": {
      "date": {
        "year": 2019,
        "month": 10,
        "day": 20
      },
      "time": {
        "hour": 12,
        "minute": 13,
        "second": 19,
        "nano": 0
      }
    },
    "citySender": "Крюківщина",
    "cityRecipient": "Луцьк"
  },
  {
    "number": 59000456231229,
    "dateTime": {
      "date": {
        "year": 2019,
        "month": 10,
        "day": 20
      },
      "time": {
        "hour": 12,
        "minute": 13,
        "second": 32,
        "nano": 0
      }
    },
    "citySender": "Жашків",
    "cityRecipient": "Олександрія (м.Кіровогр.обл.райц)"
  },
  {
    "number": 59000456231230,
    "dateTime": {
      "date": {
        "year": 2019,
        "month": 10,
        "day": 20
      },
      "time": {
        "hour": 12,
        "minute": 12,
        "second": 57,
        "nano": 0
      }
    },
    "citySender": "Київ",
    "cityRecipient": "Дніпро"
  },
  {
    "number": 59000456231231,
    "dateTime": {
      "date": {
        "year": 2019,
        "month": 10,
        "day": 20
      },
      "time": {
        "hour": 12,
        "minute": 12,
        "second": 12,
        "nano": 0
      }
    },
    "citySender": "Сміла",
    "cityRecipient": "Гайворон"
  },
  {
    "number": 59000456231232,
    "dateTime": {
      "date": {
        "year": 2019,
        "month": 10,
        "day": 20
      },
      "time": {
        "hour": 12,
        "minute": 13,
        "second": 19,
        "nano": 0
      }
    },
    "citySender": "Сахновщина (Харківська обл.)",
    "cityRecipient": "Яворів"
  },
  {
    "number": 59000456231233,
    "dateTime": {
      "date": {
        "year": 2019,
        "month": 10,
        "day": 20
      },
      "time": {
        "hour": 12,
        "minute": 13,
        "second": 32,
        "nano": 0
      }
    },
    "citySender": "Жмеринка",
    "cityRecipient": "Львів"
  },
  {
    "number": 59000456231234,
    "dateTime": {
      "date": {
        "year": 2019,
        "month": 10,
        "day": 20
      },
      "time": {
        "hour": 12,
        "minute": 13,
        "second": 23,
        "nano": 0
      }
    },
    "citySender": "Київ",
    "cityRecipient": "Новгородка(Кіровоградська обл.)"
  },
  {
    "number": 59000456231236,
    "dateTime": {
      "date": {
        "year": 2019,
        "month": 10,
        "day": 20
      },
      "time": {
        "hour": 12,
        "minute": 13,
        "second": 11,
        "nano": 0
      }
    },
    "citySender": "Кам\u0027янець-Подільський",
    "cityRecipient": "Хмельницький"
  },
  {
    "number": 59000456231237,
    "dateTime": {
      "date": {
        "year": 2019,
        "month": 10,
        "day": 20
      },
      "time": {
        "hour": 12,
        "minute": 13,
        "second": 7,
        "nano": 0
      }
    },
    "citySender": "Львів",
    "cityRecipient": "Маріуполь"
  },
  {
    "number": 59000456231238,
    "dateTime": {
      "date": {
        "year": 2019,
        "month": 10,
        "day": 20
      },
      "time": {
        "hour": 12,
        "minute": 12,
        "second": 58,
        "nano": 0
      }
    },
    "citySender": "Київ",
    "cityRecipient": "Червоноград (Львівська обл.)"
  },
  {
    "number": 59000456231239,
    "dateTime": {
      "date": {
        "year": 2019,
        "month": 10,
        "day": 20
      },
      "time": {
        "hour": 12,
        "minute": 13,
        "second": 36,
        "nano": 0
      }
    },
    "citySender": "Чернівці",
    "cityRecipient": "Харків"
  },
  {
    "number": 59000456231240,
    "dateTime": {
      "date": {
        "year": 2019,
        "month": 10,
        "day": 20
      },
      "time": {
        "hour": 12,
        "minute": 13,
        "second": 27,
        "nano": 0
      }
    },
    "citySender": "Дніпро",
    "cityRecipient": "Березне"
  },
  {
    "number": 59000456231241,
    "dateTime": {
      "date": {
        "year": 2019,
        "month": 10,
        "day": 20
      },
      "time": {
        "hour": 12,
        "minute": 12,
        "second": 45,
        "nano": 0
      }
    },
    "citySender": "Харків",
    "cityRecipient": "Бровари"
  },
  {
    "number": 59000456231242,
    "dateTime": {
      "date": {
        "year": 2019,
        "month": 10,
        "day": 20
      },
      "time": {
        "hour": 12,
        "minute": 13,
        "second": 8,
        "nano": 0
      }
    },
    "citySender": "Млинів",
    "cityRecipient": "Хмельницький"
  },
  {
    "number": 59000456231244,
    "dateTime": {
      "date": {
        "year": 2019,
        "month": 10,
        "day": 20
      },
      "time": {
        "hour": 12,
        "minute": 13,
        "second": 1,
        "nano": 0
      }
    },
    "citySender": "Чернівці",
    "cityRecipient": "Київ"
  },
  {
    "number": 59000456231245,
    "dateTime": {
      "date": {
        "year": 2019,
        "month": 10,
        "day": 20
      },
      "time": {
        "hour": 12,
        "minute": 13,
        "second": 1,
        "nano": 0
      }
    },
    "citySender": "Полтава",
    "cityRecipient": "Батурин"
  },
  {
    "number": 59000456231246,
    "dateTime": {
      "date": {
        "year": 2019,
        "month": 10,
        "day": 20
      },
      "time": {
        "hour": 12,
        "minute": 13,
        "second": 13,
        "nano": 0
      }
    },
    "citySender": "Коростень",
    "cityRecipient": "Шепетівка"
  },
  {
    "number": 59000456231247,
    "dateTime": {
      "date": {
        "year": 2019,
        "month": 10,
        "day": 20
      },
      "time": {
        "hour": 12,
        "minute": 13,
        "second": 4,
        "nano": 0
      }
    },
    "citySender": "Ужгород",
    "cityRecipient": "Київ"
  },
  {
    "number": 59000456231248,
    "dateTime": {
      "date": {
        "year": 2019,
        "month": 10,
        "day": 20
      },
      "time": {
        "hour": 12,
        "minute": 13,
        "second": 17,
        "nano": 0
      }
    },
    "citySender": "Вінниця",
    "cityRecipient": "Криве Озеро"
  },
  {
    "number": 59000456231249,
    "dateTime": {
      "date": {
        "year": 2019,
        "month": 10,
        "day": 20
      },
      "time": {
        "hour": 12,
        "minute": 13,
        "second": 17,
        "nano": 0
      }
    },
    "citySender": "Тернопіль",
    "cityRecipient": "Дубно"
  },
  {
    "number": 59000456231250,
    "dateTime": {
      "date": {
        "year": 2019,
        "month": 10,
        "day": 20
      },
      "time": {
        "hour": 12,
        "minute": 13,
        "second": 15,
        "nano": 0
      }
    },
    "citySender": "Щастя",
    "cityRecipient": "Чернівці"
  },
  {
    "number": 59000456231251,
    "dateTime": {
      "date": {
        "year": 2019,
        "month": 10,
        "day": 20
      },
      "time": {
        "hour": 12,
        "minute": 12,
        "second": 53,
        "nano": 0
      }
    },
    "citySender": "Київ",
    "cityRecipient": "Житомир"
  },
  {
    "number": 59000456231252,
    "dateTime": {
      "date": {
        "year": 2019,
        "month": 10,
        "day": 20
      },
      "time": {
        "hour": 12,
        "minute": 13,
        "second": 35,
        "nano": 0
      }
    },
    "citySender": "Харків",
    "cityRecipient": "Харків"
  },
  {
    "number": 59000456231253,
    "dateTime": {
      "date": {
        "year": 2019,
        "month": 10,
        "day": 20
      },
      "time": {
        "hour": 12,
        "minute": 13,
        "second": 11,
        "nano": 0
      }
    },
    "citySender": "Вишгород",
    "cityRecipient": "Селидове"
  },
  {
    "number": 59000456231254,
    "dateTime": {
      "date": {
        "year": 2019,
        "month": 10,
        "day": 20
      },
      "time": {
        "hour": 12,
        "minute": 13,
        "second": 28,
        "nano": 0
      }
    },
    "citySender": "Буча",
    "cityRecipient": "Нова Борова"
  },
  {
    "number": 59000456231255,
    "dateTime": {
      "date": {
        "year": 2019,
        "month": 10,
        "day": 20
      },
      "time": {
        "hour": 12,
        "minute": 13,
        "second": 5,
        "nano": 0
      }
    },
    "citySender": "Конотоп",
    "cityRecipient": "Дніпро"
  },
  {
    "number": 59000456231256,
    "dateTime": {
      "date": {
        "year": 2019,
        "month": 10,
        "day": 20
      },
      "time": {
        "hour": 12,
        "minute": 13,
        "second": 7,
        "nano": 0
      }
    },
    "citySender": "Івано-Франківськ",
    "cityRecipient": "Велика Олександрівка (Херсонська обл.)"
  },
  {
    "number": 59000456231257,
    "dateTime": {
      "date": {
        "year": 2019,
        "month": 10,
        "day": 20
      },
      "time": {
        "hour": 12,
        "minute": 13,
        "second": 20,
        "nano": 0
      }
    },
    "citySender": "Київ",
    "cityRecipient": "Семенівка(Чернігівська обл.)"
  },
  {
    "number": 59000456231258,
    "dateTime": {
      "date": {
        "year": 2019,
        "month": 10,
        "day": 20
      },
      "time": {
        "hour": 12,
        "minute": 12,
        "second": 43,
        "nano": 0
      }
    },
    "citySender": "Рокитне (Київська обл., Рокитнянський р-н)",
    "cityRecipient": "Київ"
  },
  {
    "number": 59000456231259,
    "dateTime": {
      "date": {
        "year": 2019,
        "month": 10,
        "day": 20
      },
      "time": {
        "hour": 12,
        "minute": 13,
        "second": 12,
        "nano": 0
      }
    },
    "citySender": "Кременчук",
    "cityRecipient": "Київ"
  },
  {
    "number": 59000456231260,
    "dateTime": {
      "date": {
        "year": 2019,
        "month": 10,
        "day": 20
      },
      "time": {
        "hour": 12,
        "minute": 13,
        "second": 41,
        "nano": 0
      }
    },
    "citySender": "Одеса",
    "cityRecipient": "Чернівці"
  },
  {
    "number": 59000456231261,
    "dateTime": {
      "date": {
        "year": 2019,
        "month": 10,
        "day": 20
      },
      "time": {
        "hour": 12,
        "minute": 11,
        "second": 18,
        "nano": 0
      }
    },
    "citySender": "Дніпро",
    "cityRecipient": "Вендичани"
  },
  {
    "number": 59000456231262,
    "dateTime": {
      "date": {
        "year": 2019,
        "month": 10,
        "day": 20
      },
      "time": {
        "hour": 12,
        "minute": 13,
        "second": 19,
        "nano": 0
      }
    },
    "citySender": "Бровари",
    "cityRecipient": "Шишаки"
  },
  {
    "number": 59000456231263,
    "dateTime": {
      "date": {
        "year": 2019,
        "month": 10,
        "day": 20
      },
      "time": {
        "hour": 12,
        "minute": 13,
        "second": 16,
        "nano": 0
      }
    },
    "citySender": "Баришівка",
    "cityRecipient": "Київ"
  },
  {
    "number": 59000456231264,
    "dateTime": {
      "date": {
        "year": 2019,
        "month": 10,
        "day": 20
      },
      "time": {
        "hour": 12,
        "minute": 12,
        "second": 56,
        "nano": 0
      }
    },
    "citySender": "Київ",
    "cityRecipient": "Рахів"
  },
  {
    "number": 59000456231265,
    "dateTime": {
      "date": {
        "year": 2019,
        "month": 10,
        "day": 20
      },
      "time": {
        "hour": 12,
        "minute": 13,
        "second": 28,
        "nano": 0
      }
    },
    "citySender": "Вінниця",
    "cityRecipient": "Костопіль"
  },
  {
    "number": 59000456231266,
    "dateTime": {
      "date": {
        "year": 2019,
        "month": 10,
        "day": 20
      },
      "time": {
        "hour": 12,
        "minute": 13,
        "second": 44,
        "nano": 0
      }
    },
    "citySender": "Чернігів",
    "cityRecipient": "Київ"
  },
  {
    "number": 59000456231267,
    "dateTime": {
      "date": {
        "year": 2019,
        "month": 10,
        "day": 20
      },
      "time": {
        "hour": 12,
        "minute": 13,
        "second": 0,
        "nano": 0
      }
    },
    "citySender": "Кам\u0027янка (Черкаська обл.)",
    "cityRecipient": "Харків"
  },
  {
    "number": 59000456231268,
    "dateTime": {
      "date": {
        "year": 2019,
        "month": 10,
        "day": 20
      },
      "time": {
        "hour": 12,
        "minute": 12,
        "second": 3,
        "nano": 0
      }
    },
    "citySender": "Львів",
    "cityRecipient": "Полтава"
  },
  {
    "number": 59000456231269,
    "dateTime": {
      "date": {
        "year": 2019,
        "month": 10,
        "day": 20
      },
      "time": {
        "hour": 12,
        "minute": 13,
        "second": 46,
        "nano": 0
      }
    },
    "citySender": "Ужгород",
    "cityRecipient": "Харків"
  },
  {
    "number": 59000456231270,
    "dateTime": {
      "date": {
        "year": 2019,
        "month": 10,
        "day": 20
      },
      "time": {
        "hour": 12,
        "minute": 13,
        "second": 41,
        "nano": 0
      }
    },
    "citySender": "Люботин",
    "cityRecipient": "Бахмут"
  },
  {
    "number": 59000456231271,
    "dateTime": {
      "date": {
        "year": 2019,
        "month": 10,
        "day": 20
      },
      "time": {
        "hour": 12,
        "minute": 13,
        "second": 6,
        "nano": 0
      }
    },
    "citySender": "Київ",
    "cityRecipient": "Запоріжжя"
  },
  {
    "number": 59000456231272,
    "dateTime": {
      "date": {
        "year": 2019,
        "month": 10,
        "day": 20
      },
      "time": {
        "hour": 12,
        "minute": 13,
        "second": 13,
        "nano": 0
      }
    },
    "citySender": "Вінниця",
    "cityRecipient": "Київ"
  },
  {
    "number": 59000456231274,
    "dateTime": {
      "date": {
        "year": 2019,
        "month": 10,
        "day": 20
      },
      "time": {
        "hour": 12,
        "minute": 13,
        "second": 8,
        "nano": 0
      }
    },
    "citySender": "Одеса",
    "cityRecipient": "Цепцевичі"
  },
  {
    "number": 59000456231275,
    "dateTime": {
      "date": {
        "year": 2019,
        "month": 10,
        "day": 20
      },
      "time": {
        "hour": 12,
        "minute": 13,
        "second": 38,
        "nano": 0
      }
    },
    "citySender": "Київ",
    "cityRecipient": "Одеса"
  },
  {
    "number": 59000456231277,
    "dateTime": {
      "date": {
        "year": 2019,
        "month": 10,
        "day": 20
      },
      "time": {
        "hour": 12,
        "minute": 12,
        "second": 51,
        "nano": 0
      }
    },
    "citySender": "Київ",
    "cityRecipient": "Львів"
  },
  {
    "number": 59000456231278,
    "dateTime": {
      "date": {
        "year": 2019,
        "month": 10,
        "day": 20
      },
      "time": {
        "hour": 12,
        "minute": 12,
        "second": 38,
        "nano": 0
      }
    },
    "citySender": "Суми",
    "cityRecipient": "Київ"
  },
  {
    "number": 59000456231279,
    "dateTime": {
      "date": {
        "year": 2019,
        "month": 10,
        "day": 20
      },
      "time": {
        "hour": 12,
        "minute": 13,
        "second": 41,
        "nano": 0
      }
    },
    "citySender": "Одеса",
    "cityRecipient": "Київ"
  },
  {
    "number": 59000456231281,
    "dateTime": {
      "date": {
        "year": 2019,
        "month": 10,
        "day": 20
      },
      "time": {
        "hour": 12,
        "minute": 13,
        "second": 42,
        "nano": 0
      }
    },
    "citySender": "Харків",
    "cityRecipient": "Харків"
  },
  {
    "number": 59000456231282,
    "dateTime": {
      "date": {
        "year": 2019,
        "month": 10,
        "day": 20
      },
      "time": {
        "hour": 12,
        "minute": 13,
        "second": 26,
        "nano": 0
      }
    },
    "citySender": "Івано-Франківськ",
    "cityRecipient": "Миколаїв"
  },
  {
    "number": 59000456231283,
    "dateTime": {
      "date": {
        "year": 2019,
        "month": 10,
        "day": 20
      },
      "time": {
        "hour": 12,
        "minute": 13,
        "second": 36,
        "nano": 0
      }
    },
    "citySender": "Миколаїв",
    "cityRecipient": "Велика Багачка"
  },
  {
    "number": 59000456231285,
    "dateTime": {
      "date": {
        "year": 2019,
        "month": 10,
        "day": 20
      },
      "time": {
        "hour": 12,
        "minute": 13,
        "second": 44,
        "nano": 0
      }
    },
    "citySender": "Дачне",
    "cityRecipient": "Дніпро"
  },
  {
    "number": 59000456231286,
    "dateTime": {
      "date": {
        "year": 2019,
        "month": 10,
        "day": 20
      },
      "time": {
        "hour": 12,
        "minute": 13,
        "second": 5,
        "nano": 0
      }
    },
    "citySender": "Острог",
    "cityRecipient": "Тростянець (Сумська обл.)"
  },
  {
    "number": 59000456231287,
    "dateTime": {
      "date": {
        "year": 2019,
        "month": 10,
        "day": 20
      },
      "time": {
        "hour": 12,
        "minute": 13,
        "second": 36,
        "nano": 0
      }
    },
    "citySender": "Київ",
    "cityRecipient": "Красноград (Харківська обл)"
  },
  {
    "number": 59000456231288,
    "dateTime": {
      "date": {
        "year": 2019,
        "month": 10,
        "day": 20
      },
      "time": {
        "hour": 12,
        "minute": 13,
        "second": 50,
        "nano": 0
      }
    },
    "citySender": "Одеса",
    "cityRecipient": "Підволочиськ"
  },
  {
    "number": 59000456231289,
    "dateTime": {
      "date": {
        "year": 2019,
        "month": 10,
        "day": 20
      },
      "time": {
        "hour": 12,
        "minute": 13,
        "second": 43,
        "nano": 0
      }
    },
    "citySender": "Львів",
    "cityRecipient": "Тернопіль"
  },
  {
    "number": 59000456231291,
    "dateTime": {
      "date": {
        "year": 2019,
        "month": 10,
        "day": 20
      },
      "time": {
        "hour": 12,
        "minute": 13,
        "second": 32,
        "nano": 0
      }
    },
    "citySender": "Івано-Франківськ",
    "cityRecipient": "Харків"
  },
  {
    "number": 59000456231292,
    "dateTime": {
      "date": {
        "year": 2019,
        "month": 10,
        "day": 20
      },
      "time": {
        "hour": 12,
        "minute": 13,
        "second": 26,
        "nano": 0
      }
    },
    "citySender": "Чернівці",
    "cityRecipient": "Київ"
  },
  {
    "number": 59000456231293,
    "dateTime": {
      "date": {
        "year": 2019,
        "month": 10,
        "day": 20
      },
      "time": {
        "hour": 12,
        "minute": 12,
        "second": 8,
        "nano": 0
      }
    },
    "citySender": "Лиман(Донецька обл)",
    "cityRecipient": "Селидове"
  },
  {
    "number": 59000456231294,
    "dateTime": {
      "date": {
        "year": 2019,
        "month": 10,
        "day": 20
      },
      "time": {
        "hour": 12,
        "minute": 13,
        "second": 29,
        "nano": 0
      }
    },
    "citySender": "Авангард",
    "cityRecipient": "Дніпро"
  },
  {
    "number": 59000456231295,
    "dateTime": {
      "date": {
        "year": 2019,
        "month": 10,
        "day": 20
      },
      "time": {
        "hour": 12,
        "minute": 13,
        "second": 46,
        "nano": 0
      }
    },
    "citySender": "Київ",
    "cityRecipient": "Житомир"
  },
  {
    "number": 59000456231297,
    "dateTime": {
      "date": {
        "year": 2019,
        "month": 10,
        "day": 20
      },
      "time": {
        "hour": 12,
        "minute": 13,
        "second": 47,
        "nano": 0
      }
    },
    "citySender": "Хмельницький",
    "cityRecipient": "Хмельницький"
  },
  {
    "number": 59000456231298,
    "dateTime": {
      "date": {
        "year": 2019,
        "month": 10,
        "day": 20
      },
      "time": {
        "hour": 12,
        "minute": 13,
        "second": 54,
        "nano": 0
      }
    },
    "citySender": "Слов\u0027янськ",
    "cityRecipient": "Київ"
  },
  {
    "number": 59000456231299,
    "dateTime": {
      "date": {
        "year": 2019,
        "month": 10,
        "day": 20
      },
      "time": {
        "hour": 12,
        "minute": 13,
        "second": 35,
        "nano": 0
      }
    },
    "citySender": "Буча",
    "cityRecipient": "Київ"
  },
  {
    "number": 59000456231300,
    "dateTime": {
      "date": {
        "year": 2019,
        "month": 10,
        "day": 20
      },
      "time": {
        "hour": 12,
        "minute": 13,
        "second": 11,
        "nano": 0
      }
    },
    "citySender": "Тарутине",
    "cityRecipient": "Трускавець"
  },
  {
    "number": 59000456231301,
    "dateTime": {
      "date": {
        "year": 2019,
        "month": 10,
        "day": 20
      },
      "time": {
        "hour": 12,
        "minute": 11,
        "second": 46,
        "nano": 0
      }
    },
    "citySender": "Харків",
    "cityRecipient": "Харків"
  },
  {
    "number": 59000456231302,
    "dateTime": {
      "date": {
        "year": 2019,
        "month": 10,
        "day": 20
      },
      "time": {
        "hour": 12,
        "minute": 13,
        "second": 46,
        "nano": 0
      }
    },
    "citySender": "Ужгород",
    "cityRecipient": "Виноградів"
  },
  {
    "number": 59000456231303,
    "dateTime": {
      "date": {
        "year": 2019,
        "month": 10,
        "day": 20
      },
      "time": {
        "hour": 12,
        "minute": 12,
        "second": 7,
        "nano": 0
      }
    },
    "citySender": "Бердянськ",
    "cityRecipient": "Обухівка"
  },
  {
    "number": 59000456231304,
    "dateTime": {
      "date": {
        "year": 2019,
        "month": 10,
        "day": 20
      },
      "time": {
        "hour": 12,
        "minute": 13,
        "second": 46,
        "nano": 0
      }
    },
    "citySender": "Чернівці",
    "cityRecipient": "Буча"
  },
  {
    "number": 59000456231305,
    "dateTime": {
      "date": {
        "year": 2019,
        "month": 10,
        "day": 20
      },
      "time": {
        "hour": 12,
        "minute": 13,
        "second": 48,
        "nano": 0
      }
    },
    "citySender": "Львів",
    "cityRecipient": "Солоне"
  },
  {
    "number": 59000456231306,
    "dateTime": {
      "date": {
        "year": 2019,
        "month": 10,
        "day": 20
      },
      "time": {
        "hour": 12,
        "minute": 13,
        "second": 58,
        "nano": 0
      }
    },
    "citySender": "Ірпінь",
    "cityRecipient": "Одеса"
  }
]