[
  {
    "number": 59000456218409,
    "dateTime": {
      "date": {
        "year": 2019,
        "month": 10,
        "day": 20
      },
      "time": {
        "hour": 11,
        "minute": 6,
        "second": 35,
        "nano": 0
      }
    },
    "citySender": "Вишгород",
    "cityRecipient": "Пирятин"
  },
  {
    "number": 59000456218410,
    "dateTime": {
      "date": {
        "year": 2019,
        "month": 10,
        "day": 20
      },
      "time": {
        "hour": 11,
        "minute": 7,
        "second": 37,
        "nano": 0
      }
    },
    "citySender": "Чернігів",
    "cityRecipient": "Київ"
  },
  {
    "number": 59000456218411,
    "dateTime": {
      "date": {
        "year": 2019,
        "month": 10,
        "day": 20
      },
      "time": {
        "hour": 11,
        "minute": 7,
        "second": 11,
        "nano": 0
      }
    },
    "citySender": "Бердичів",
    "cityRecipient": "Десна (Чернігівська обл.)"
  },
  {
    "number": 59000456218412,
    "dateTime": {
      "date": {
        "year": 2019,
        "month": 10,
        "day": 20
      },
      "time": {
        "hour": 11,
        "minute": 6,
        "second": 23,
        "nano": 0
      }
    },
    "citySender": "Запоріжжя",
    "cityRecipient": "Харків"
  },
  {
    "number": 59000456218413,
    "dateTime": {
      "date": {
        "year": 2019,
        "month": 10,
        "day": 20
      },
      "time": {
        "hour": 11,
        "minute": 7,
        "second": 27,
        "nano": 0
      }
    },
    "citySender": "Краматорськ",
    "cityRecipient": "Харків"
  },
  {
    "number": 59000456218414,
    "dateTime": {
      "date": {
        "year": 2019,
        "month": 10,
        "day": 20
      },
      "time": {
        "hour": 11,
        "minute": 6,
        "second": 59,
        "nano": 0
      }
    },
    "citySender": "Біляївка",
    "cityRecipient": "Житомир"
  },
  {
    "number": 59000456218415,
    "dateTime": {
      "date": {
        "year": 2019,
        "month": 10,
        "day": 20
      },
      "time": {
        "hour": 11,
        "minute": 7,
        "second": 3,
        "nano": 0
      }
    },
    "citySender": "Шумськ",
    "cityRecipient": "Верхівцеве"
  },
  {
    "number": 59000456218416,
    "dateTime": {
      "date": {
        "year": 2019,
        "month": 10,
        "day": 20
      },
      "time": {
        "hour": 11,
        "minute": 6,
        "second": 49,
        "nano": 0
      }
    },
    "citySender": "Розсошенці(Полтавська обл.)",
    "cityRecipient": "Гадяч"
  },
  {
    "number": 59000456218417,
    "dateTime": {
      "date": {
        "year": 2019,
        "month": 10,
        "day": 20
      },
      "time": {
        "hour": 11,
        "minute": 7,
        "second": 27,
        "nano": 0
      }
    },
    "citySender": "Одеса",
    "cityRecipient": "Дніпро"
  },
  {
    "number": 59000456218418,
    "dateTime": {
      "date": {
        "year": 2019,
        "month": 10,
        "day": 20
      },
      "time": {
        "hour": 11,
        "minute": 5,
        "second": 12,
        "nano": 0
      }
    },
    "citySender": "Рівне",
    "cityRecipient": "Радомишль"
  },
  {
    "number": 59000456218419,
    "dateTime": {
      "date": {
        "year": 2019,
        "month": 10,
        "day": 20
      },
      "time": {
        "hour": 11,
        "minute": 7,
        "second": 31,
        "nano": 0
      }
    },
    "citySender": "Дніпро",
    "cityRecipient": "Херсон"
  },
  {
    "number": 59000456218420,
    "dateTime": {
      "date": {
        "year": 2019,
        "month": 10,
        "day": 20
      },
      "time": {
        "hour": 11,
        "minute": 7,
        "second": 37,
        "nano": 0
      }
    },
    "citySender": "Жовті Води",
    "cityRecipient": "Вінниця"
  },
  {
    "number": 59000456218421,
    "dateTime": {
      "date": {
        "year": 2019,
        "month": 10,
        "day": 20
      },
      "time": {
        "hour": 11,
        "minute": 7,
        "second": 14,
        "nano": 0
      }
    },
    "citySender": "Нікополь (Дніпропетровська обл.)",
    "cityRecipient": "Вишгород"
  },
  {
    "number": 59000456218422,
    "dateTime": {
      "date": {
        "year": 2019,
        "month": 10,
        "day": 20
      },
      "time": {
        "hour": 11,
        "minute": 7,
        "second": 33,
        "nano": 0
      }
    },
    "citySender": "Сєвєродонецьк",
    "cityRecipient": "Кременчук"
  },
  {
    "number": 59000456218423,
    "dateTime": {
      "date": {
        "year": 2019,
        "month": 10,
        "day": 20
      },
      "time": {
        "hour": 11,
        "minute": 7,
        "second": 26,
        "nano": 0
      }
    },
    "citySender": "Первомайськ(Микол.обл.Первомайс.р-н)",
    "cityRecipient": "Кучурган"
  },
  {
    "number": 59000456218424,
    "dateTime": {
      "date": {
        "year": 2019,
        "month": 10,
        "day": 20
      },
      "time": {
        "hour": 11,
        "minute": 7,
        "second": 31,
        "nano": 0
      }
    },
    "citySender": "Київ",
    "cityRecipient": "Краматорськ"
  },
  {
    "number": 59000456218425,
    "dateTime": {
      "date": {
        "year": 2019,
        "month": 10,
        "day": 20
      },
      "time": {
        "hour": 11,
        "minute": 7,
        "second": 38,
        "nano": 0
      }
    },
    "citySender": "Київ",
    "cityRecipient": "Коцюбинське"
  },
  {
    "number": 59000456218426,
    "dateTime": {
      "date": {
        "year": 2019,
        "month": 10,
        "day": 20
      },
      "time": {
        "hour": 11,
        "minute": 7,
        "second": 35,
        "nano": 0
      }
    },
    "citySender": "Доброслав",
    "cityRecipient": "Ізюм"
  },
  {
    "number": 59000456218427,
    "dateTime": {
      "date": {
        "year": 2019,
        "month": 10,
        "day": 20
      },
      "time": {
        "hour": 11,
        "minute": 7,
        "second": 9,
        "nano": 0
      }
    },
    "citySender": "Сєвєродонецьк",
    "cityRecipient": "Київ"
  },
  {
    "number": 59000456218428,
    "dateTime": {
      "date": {
        "year": 2019,
        "month": 10,
        "day": 20
      },
      "time": {
        "hour": 11,
        "minute": 7,
        "second": 31,
        "nano": 0
      }
    },
    "citySender": "Новоград-Волинський",
    "cityRecipient": "Кельменці"
  },
  {
    "number": 59000456218429,
    "dateTime": {
      "date": {
        "year": 2019,
        "month": 10,
        "day": 20
      },
      "time": {
        "hour": 11,
        "minute": 7,
        "second": 33,
        "nano": 0
      }
    },
    "citySender": "Умань",
    "cityRecipient": "Маріуполь"
  },
  {
    "number": 59000456218430,
    "dateTime": {
      "date": {
        "year": 2019,
        "month": 10,
        "day": 20
      },
      "time": {
        "hour": 11,
        "minute": 7,
        "second": 40,
        "nano": 0
      }
    },
    "citySender": "Солоницівка",
    "cityRecipient": "Київ"
  },
  {
    "number": 59000456218431,
    "dateTime": {
      "date": {
        "year": 2019,
        "month": 10,
        "day": 20
      },
      "time": {
        "hour": 11,
        "minute": 7,
        "second": 25,
        "nano": 0
      }
    },
    "citySender": "Фонтанка",
    "cityRecipient": "Тернопіль"
  },
  {
    "number": 59000456218432,
    "dateTime": {
      "date": {
        "year": 2019,
        "month": 10,
        "day": 20
      },
      "time": {
        "hour": 11,
        "minute": 7,
        "second": 26,
        "nano": 0
      }
    },
    "citySender": "Світлодарськ",
    "cityRecipient": "Харків"
  },
  {
    "number": 59000456218433,
    "dateTime": {
      "date": {
        "year": 2019,
        "month": 10,
        "day": 20
      },
      "time": {
        "hour": 11,
        "minute": 5,
        "second": 10,
        "nano": 0
      }
    },
    "citySender": "Одеса",
    "cityRecipient": "Полтава"
  },
  {
    "number": 59000456218434,
    "dateTime": {
      "date": {
        "year": 2019,
        "month": 10,
        "day": 20
      },
      "time": {
        "hour": 11,
        "minute": 7,
        "second": 32,
        "nano": 0
      }
    },
    "citySender": "Вінниця",
    "cityRecipient": "Ірпінь"
  },
  {
    "number": 59000456218435,
    "dateTime": {
      "date": {
        "year": 2019,
        "month": 10,
        "day": 20
      },
      "time": {
        "hour": 11,
        "minute": 6,
        "second": 57,
        "nano": 0
      }
    },
    "citySender": "Одеса",
    "cityRecipient": "Харків"
  },
  {
    "number": 59000456218436,
    "dateTime": {
      "date": {
        "year": 2019,
        "month": 10,
        "day": 20
      },
      "time": {
        "hour": 11,
        "minute": 7,
        "second": 32,
        "nano": 0
      }
    },
    "citySender": "Маріуполь",
    "cityRecipient": "Київ"
  },
  {
    "number": 59000456218437,
    "dateTime": {
      "date": {
        "year": 2019,
        "month": 10,
        "day": 20
      },
      "time": {
        "hour": 11,
        "minute": 6,
        "second": 53,
        "nano": 0
      }
    },
    "citySender": "Суми",
    "cityRecipient": "Хмельницький"
  },
  {
    "number": 59000456218438,
    "dateTime": {
      "date": {
        "year": 2019,
        "month": 10,
        "day": 20
      },
      "time": {
        "hour": 11,
        "minute": 7,
        "second": 33,
        "nano": 0
      }
    },
    "citySender": "Київ",
    "cityRecipient": "Суми"
  },
  {
    "number": 59000456218439,
    "dateTime": {
      "date": {
        "year": 2019,
        "month": 10,
        "day": 20
      },
      "time": {
        "hour": 11,
        "minute": 6,
        "second": 54,
        "nano": 0
      }
    },
    "citySender": "Бар",
    "cityRecipient": "Білогородка (Київська обл.)"
  },
  {
    "number": 59000456218440,
    "dateTime": {
      "date": {
        "year": 2019,
        "month": 10,
        "day": 20
      },
      "time": {
        "hour": 11,
        "minute": 7,
        "second": 35,
        "nano": 0
      }
    },
    "citySender": "Київ",
    "cityRecipient": "Одеса"
  },
  {
    "number": 59000456218441,
    "dateTime": {
      "date": {
        "year": 2019,
        "month": 10,
        "day": 20
      },
      "time": {
        "hour": 11,
        "minute": 7,
        "second": 43,
        "nano": 0
      }
    },
    "citySender": "Дніпро",
    "cityRecipient": "Одеса"
  },
  {
    "number": 59000456218442,
    "dateTime": {
      "date": {
        "year": 2019,
        "month": 10,
        "day": 20
      },
      "time": {
        "hour": 11,
        "minute": 6,
        "second": 18,
        "nano": 0
      }
    },
    "citySender": "Вижниця",
    "cityRecipient": "Київ"
  },
  {
    "number": 59000456218443,
    "dateTime": {
      "date": {
        "year": 2019,
        "month": 10,
        "day": 20
      },
      "time": {
        "hour": 11,
        "minute": 7,
        "second": 38,
        "nano": 0
      }
    },
    "citySender": "Новоолексіївка (Херсонська обл.)",
    "cityRecipient": "Баштанка"
  },
  {
    "number": 59000456218444,
    "dateTime": {
      "date": {
        "year": 2019,
        "month": 10,
        "day": 20
      },
      "time": {
        "hour": 11,
        "minute": 7,
        "second": 36,
        "nano": 0
      }
    },
    "citySender": "Умань",
    "cityRecipient": "Шумськ"
  },
  {
    "number": 59000456218445,
    "dateTime": {
      "date": {
        "year": 2019,
        "month": 10,
        "day": 20
      },
      "time": {
        "hour": 11,
        "minute": 7,
        "second": 44,
        "nano": 0
      }
    },
    "citySender": "Бровари",
    "cityRecipient": "Харків"
  },
  {
    "number": 59000456218446,
    "dateTime": {
      "date": {
        "year": 2019,
        "month": 10,
        "day": 20
      },
      "time": {
        "hour": 11,
        "minute": 7,
        "second": 44,
        "nano": 0
      }
    },
    "citySender": "Черкаси",
    "cityRecipient": "Кременчук"
  },
  {
    "number": 59000456218447,
    "dateTime": {
      "date": {
        "year": 2019,
        "month": 10,
        "day": 20
      },
      "time": {
        "hour": 11,
        "minute": 7,
        "second": 28,
        "nano": 0
      }
    },
    "citySender": "Харків",
    "cityRecipient": "Козятин (місто, Вінницька обл.)"
  },
  {
    "number": 59000456218449,
    "dateTime": {
      "date": {
        "year": 2019,
        "month": 10,
        "day": 20
      },
      "time": {
        "hour": 11,
        "minute": 7,
        "second": 22,
        "nano": 0
      }
    },
    "citySender": "Кременчук",
    "cityRecipient": "Херсон"
  },
  {
    "number": 59000456218450,
    "dateTime": {
      "date": {
        "year": 2019,
        "month": 10,
        "day": 20
      },
      "time": {
        "hour": 11,
        "minute": 7,
        "second": 0,
        "nano": 0
      }
    },
    "citySender": "Кривий Ріг",
    "cityRecipient": "Кропивницький"
  },
  {
    "number": 59000456218451,
    "dateTime": {
      "date": {
        "year": 2019,
        "month": 10,
        "day": 20
      },
      "time": {
        "hour": 11,
        "minute": 7,
        "second": 36,
        "nano": 0
      }
    },
    "citySender": "Київ",
    "cityRecipient": "Вишгород"
  },
  {
    "number": 59000456218452,
    "dateTime": {
      "date": {
        "year": 2019,
        "month": 10,
        "day": 20
      },
      "time": {
        "hour": 11,
        "minute": 6,
        "second": 52,
        "nano": 0
      }
    },
    "citySender": "Великий Дальник",
    "cityRecipient": "Заліщики"
  },
  {
    "number": 59000456218453,
    "dateTime": {
      "date": {
        "year": 2019,
        "month": 10,
        "day": 20
      },
      "time": {
        "hour": 11,
        "minute": 6,
        "second": 55,
        "nano": 0
      }
    },
    "citySender": "Дніпро",
    "cityRecipient": "Дніпро"
  },
  {
    "number": 59000456218454,
    "dateTime": {
      "date": {
        "year": 2019,
        "month": 10,
        "day": 20
      },
      "time": {
        "hour": 11,
        "minute": 6,
        "second": 53,
        "nano": 0
      }
    },
    "citySender": "Харків",
    "cityRecipient": "Оникієве"
  },
  {
    "number": 59000456218455,
    "dateTime": {
      "date": {
        "year": 2019,
        "month": 10,
        "day": 20
      },
      "time": {
        "hour": 11,
        "minute": 7,
        "second": 19,
        "nano": 0
      }
    },
    "citySender": "Київ",
    "cityRecipient": "Чернігів"
  },
  {
    "number": 59000456218456,
    "dateTime": {
      "date": {
        "year": 2019,
        "month": 10,
        "day": 20
      },
      "time": {
        "hour": 11,
        "minute": 7,
        "second": 26,
        "nano": 0
      }
    },
    "citySender": "Львів",
    "cityRecipient": "Лебедин (Черкаська обл., Шполянський р-н)"
  },
  {
    "number": 59000456218457,
    "dateTime": {
      "date": {
        "year": 2019,
        "month": 10,
        "day": 20
      },
      "time": {
        "hour": 11,
        "minute": 7,
        "second": 42,
        "nano": 0
      }
    },
    "citySender": "Запоріжжя",
    "cityRecipient": "Київ"
  },
  {
    "number": 59000456218458,
    "dateTime": {
      "date": {
        "year": 2019,
        "month": 10,
        "day": 20
      },
      "time": {
        "hour": 11,
        "minute": 7,
        "second": 29,
        "nano": 0
      }
    },
    "citySender": "Хмельницький",
    "cityRecipient": "Київ"
  },
  {
    "number": 59000456218459,
    "dateTime": {
      "date": {
        "year": 2019,
        "month": 10,
        "day": 20
      },
      "time": {
        "hour": 11,
        "minute": 7,
        "second": 24,
        "nano": 0
      }
    },
    "citySender": "Київ",
    "cityRecipient": "Бершадь"
  },
  {
    "number": 59000456218460,
    "dateTime": {
      "date": {
        "year": 2019,
        "month": 10,
        "day": 20
      },
      "time": {
        "hour": 11,
        "minute": 7,
        "second": 48,
        "nano": 0
      }
    },
    "citySender": "Харків",
    "cityRecipient": "Київ"
  },
  {
    "number": 59000456218461,
    "dateTime": {
      "date": {
        "year": 2019,
        "month": 10,
        "day": 20
      },
      "time": {
        "hour": 11,
        "minute": 7,
        "second": 38,
        "nano": 0
      }
    },
    "citySender": "Київ",
    "cityRecipient": "Маріуполь"
  },
  {
    "number": 59000456218462,
    "dateTime": {
      "date": {
        "year": 2019,
        "month": 10,
        "day": 20
      },
      "time": {
        "hour": 11,
        "minute": 7,
        "second": 32,
        "nano": 0
      }
    },
    "citySender": "Полтава",
    "cityRecipient": "Київ"
  },
  {
    "number": 59000456218463,
    "dateTime": {
      "date": {
        "year": 2019,
        "month": 10,
        "day": 20
      },
      "time": {
        "hour": 11,
        "minute": 7,
        "second": 8,
        "nano": 0
      }
    },
    "citySender": "Дніпро",
    "cityRecipient": "Миронівка"
  },
  {
    "number": 59000456218464,
    "dateTime": {
      "date": {
        "year": 2019,
        "month": 10,
        "day": 20
      },
      "time": {
        "hour": 11,
        "minute": 7,
        "second": 44,
        "nano": 0
      }
    },
    "citySender": "Шостка",
    "cityRecipient": "Кременчук"
  },
  {
    "number": 59000456218465,
    "dateTime": {
      "date": {
        "year": 2019,
        "month": 10,
        "day": 20
      },
      "time": {
        "hour": 11,
        "minute": 7,
        "second": 38,
        "nano": 0
      }
    },
    "citySender": "Кам\u0027янське(Дніпропетровська обл)",
    "cityRecipient": "Ходорів"
  },
  {
    "number": 59000456218466,
    "dateTime": {
      "date": {
        "year": 2019,
        "month": 10,
        "day": 20
      },
      "time": {
        "hour": 11,
        "minute": 7,
        "second": 47,
        "nano": 0
      }
    },
    "citySender": "Львів",
    "cityRecipient": "Київ"
  },
  {
    "number": 59000456218467,
    "dateTime": {
      "date": {
        "year": 2019,
        "month": 10,
        "day": 20
      },
      "time": {
        "hour": 11,
        "minute": 7,
        "second": 0,
        "nano": 0
      }
    },
    "citySender": "Зеленодольськ",
    "cityRecipient": "Одеса"
  },
  {
    "number": 59000456218468,
    "dateTime": {
      "date": {
        "year": 2019,
        "month": 10,
        "day": 20
      },
      "time": {
        "hour": 11,
        "minute": 7,
        "second": 33,
        "nano": 0
      }
    },
    "citySender": "Київ",
    "cityRecipient": "Київ"
  },
  {
    "number": 59000456218469,
    "dateTime": {
      "date": {
        "year": 2019,
        "month": 10,
        "day": 20
      },
      "time": {
        "hour": 11,
        "minute": 7,
        "second": 28,
        "nano": 0
      }
    },
    "citySender": "Київ",
    "cityRecipient": "Дніпро"
  },
  {
    "number": 59000456218470,
    "dateTime": {
      "date": {
        "year": 2019,
        "month": 10,
        "day": 20
      },
      "time": {
        "hour": 11,
        "minute": 7,
        "second": 39,
        "nano": 0
      }
    },
    "citySender": "Бершадь",
    "cityRecipient": "Королево"
  },
  {
    "number": 59000456218471,
    "dateTime": {
      "date": {
        "year": 2019,
        "month": 10,
        "day": 20
      },
      "time": {
        "hour": 11,
        "minute": 6,
        "second": 58,
        "nano": 0
      }
    },
    "citySender": "Запоріжжя",
    "cityRecipient": "Нове (Київська обл.)"
  },
  {
    "number": 59000456218472,
    "dateTime": {
      "date": {
        "year": 2019,
        "month": 10,
        "day": 20
      },
      "time": {
        "hour": 11,
        "minute": 7,
        "second": 50,
        "nano": 0
      }
    },
    "citySender": "Київ",
    "cityRecipient": "Чорноморськ"
  },
  {
    "number": 59000456218473,
    "dateTime": {
      "date": {
        "year": 2019,
        "month": 10,
        "day": 20
      },
      "time": {
        "hour": 11,
        "minute": 7,
        "second": 40,
        "nano": 0
      }
    },
    "citySender": "Сєвєродонецьк",
    "cityRecipient": "Новопсков"
  },
  {
    "number": 59000456218474,
    "dateTime": {
      "date": {
        "year": 2019,
        "month": 10,
        "day": 20
      },
      "time": {
        "hour": 11,
        "minute": 7,
        "second": 39,
        "nano": 0
      }
    },
    "citySender": "Вінниця",
    "cityRecipient": "Івано-Франківськ"
  },
  {
    "number": 59000456218475,
    "dateTime": {
      "date": {
        "year": 2019,
        "month": 10,
        "day": 20
      },
      "time": {
        "hour": 11,
        "minute": 7,
        "second": 31,
        "nano": 0
      }
    },
    "citySender": "Одеса",
    "cityRecipient": "Київ"
  },
  {
    "number": 59000456218476,
    "dateTime": {
      "date": {
        "year": 2019,
        "month": 10,
        "day": 20
      },
      "time": {
        "hour": 11,
        "minute": 7,
        "second": 47,
        "nano": 0
      }
    },
    "citySender": "Рубіжне",
    "cityRecipient": "Сєвєродонецьк"
  },
  {
    "number": 59000456218477,
    "dateTime": {
      "date": {
        "year": 2019,
        "month": 10,
        "day": 20
      },
      "time": {
        "hour": 11,
        "minute": 6,
        "second": 38,
        "nano": 0
      }
    },
    "citySender": "Луцьк",
    "cityRecipient": "Ковель"
  },
  {
    "number": 59000456218478,
    "dateTime": {
      "date": {
        "year": 2019,
        "month": 10,
        "day": 20
      },
      "time": {
        "hour": 11,
        "minute": 7,
        "second": 5,
        "nano": 0
      }
    },
    "citySender": "Бердичів",
    "cityRecipient": "Маріуполь"
  },
  {
    "number": 59000456218479,
    "dateTime": {
      "date": {
        "year": 2019,
        "month": 10,
        "day": 20
      },
      "time": {
        "hour": 11,
        "minute": 6,
        "second": 42,
        "nano": 0
      }
    },
    "citySender": "Білозерка (Херсонська обл.)",
    "cityRecipient": "Болград (Одеська обл.)"
  },
  {
    "number": 59000456218480,
    "dateTime": {
      "date": {
        "year": 2019,
        "month": 10,
        "day": 20
      },
      "time": {
        "hour": 11,
        "minute": 7,
        "second": 22,
        "nano": 0
      }
    },
    "citySender": "Велика Багачка",
    "cityRecipient": "Київ"
  },
  {
    "number": 59000456218481,
    "dateTime": {
      "date": {
        "year": 2019,
        "month": 10,
        "day": 20
      },
      "time": {
        "hour": 11,
        "minute": 7,
        "second": 23,
        "nano": 0
      }
    },
    "citySender": "Кам\u0027янець-Подільський",
    "cityRecipient": "Тернопіль"
  },
  {
    "number": 59000456218482,
    "dateTime": {
      "date": {
        "year": 2019,
        "month": 10,
        "day": 20
      },
      "time": {
        "hour": 11,
        "minute": 7,
        "second": 25,
        "nano": 0
      }
    },
    "citySender": "Київ",
    "cityRecipient": "Одеса"
  },
  {
    "number": 59000456218484,
    "dateTime": {
      "date": {
        "year": 2019,
        "month": 10,
        "day": 20
      },
      "time": {
        "hour": 11,
        "minute": 7,
        "second": 33,
        "nano": 0
      }
    },
    "citySender": "Одеса",
    "cityRecipient": "Одеса"
  },
  {
    "number": 59000456218485,
    "dateTime": {
      "date": {
        "year": 2019,
        "month": 10,
        "day": 20
      },
      "time": {
        "hour": 11,
        "minute": 7,
        "second": 47,
        "nano": 0
      }
    },
    "citySender": "Харків",
    "cityRecipient": "Одеса"
  },
  {
    "number": 59000456218486,
    "dateTime": {
      "date": {
        "year": 2019,
        "month": 10,
        "day": 20
      },
      "time": {
        "hour": 11,
        "minute": 7,
        "second": 33,
        "nano": 0
      }
    },
    "citySender": "Рівне",
    "cityRecipient": "Бахмут"
  },
  {
    "number": 59000456218487,
    "dateTime": {
      "date": {
        "year": 2019,
        "month": 10,
        "day": 20
      },
      "time": {
        "hour": 11,
        "minute": 7,
        "second": 44,
        "nano": 0
      }
    },
    "citySender": "Первомайськ(Микол.обл.Первомайс.р-н)",
    "cityRecipient": "Чернівці"
  },
  {
    "number": 59000456218488,
    "dateTime": {
      "date": {
        "year": 2019,
        "month": 10,
        "day": 20
      },
      "time": {
        "hour": 11,
        "minute": 7,
        "second": 48,
        "nano": 0
      }
    },
    "citySender": "Харків",
    "cityRecipient": "Одеса"
  },
  {
    "number": 59000456218489,
    "dateTime": {
      "date": {
        "year": 2019,
        "month": 10,
        "day": 20
      },
      "time": {
        "hour": 11,
        "minute": 7,
        "second": 46,
        "nano": 0
      }
    },
    "citySender": "Одеса",
    "cityRecipient": "Одеса"
  },
  {
    "number": 59000456218490,
    "dateTime": {
      "date": {
        "year": 2019,
        "month": 10,
        "day": 20
      },
      "time": {
        "hour": 11,
        "minute": 7,
        "second": 41,
        "nano": 0
      }
    },
    "citySender": "Дніпро",
    "cityRecipient": "Снігурівка"
  },
  {
    "number": 59000456218491,
    "dateTime": {
      "date": {
        "year": 2019,
        "month": 10,
        "day": 20
      },
      "time": {
        "hour": 11,
        "minute": 7,
        "second": 4,
        "nano": 0
      }
    },
    "citySender": "Київ",
    "cityRecipient": "Київ"
  },
  {
    "number": 59000456218492,
    "dateTime": {
      "date": {
        "year": 2019,
        "month": 10,
        "day": 20
      },
      "time": {
        "hour": 11,
        "minute": 7,
        "second": 57,
        "nano": 0
      }
    },
    "citySender": "Дніпро",
    "cityRecipient": "Київ"
  },
  {
    "number": 59000456218493,
    "dateTime": {
      "date": {
        "year": 2019,
        "month": 10,
        "day": 20
      },
      "time": {
        "hour": 11,
        "minute": 7,
        "second": 58,
        "nano": 0
      }
    },
    "citySender": "Бровари",
    "cityRecipient": "Харків"
  },
  {
    "number": 59000456218494,
    "dateTime": {
      "date": {
        "year": 2019,
        "month": 10,
        "day": 20
      },
      "time": {
        "hour": 11,
        "minute": 7,
        "second": 45,
        "nano": 0
      }
    },
    "citySender": "Дніпро",
    "cityRecipient": "Київ"
  },
  {
    "number": 59000456218495,
    "dateTime": {
      "date": {
        "year": 2019,
        "month": 10,
        "day": 20
      },
      "time": {
        "hour": 11,
        "minute": 7,
        "second": 22,
        "nano": 0
      }
    },
    "citySender": "Івано-Франківськ",
    "cityRecipient": "Маріуполь"
  },
  {
    "number": 59000456218496,
    "dateTime": {
      "date": {
        "year": 2019,
        "month": 10,
        "day": 20
      },
      "time": {
        "hour": 11,
        "minute": 7,
        "second": 29,
        "nano": 0
      }
    },
    "citySender": "Носівка",
    "cityRecipient": "Житомир"
  },
  {
    "number": 59000456218497,
    "dateTime": {
      "date": {
        "year": 2019,
        "month": 10,
        "day": 20
      },
      "time": {
        "hour": 11,
        "minute": 7,
        "second": 40,
        "nano": 0
      }
    },
    "citySender": "Київ",
    "cityRecipient": "Стрижавка"
  },
  {
    "number": 59000456218498,
    "dateTime": {
      "date": {
        "year": 2019,
        "month": 10,
        "day": 20
      },
      "time": {
        "hour": 11,
        "minute": 7,
        "second": 43,
        "nano": 0
      }
    },
    "citySender": "Київ",
    "cityRecipient": "Нова Ушиця"
  },
  {
    "number": 59000456218500,
    "dateTime": {
      "date": {
        "year": 2019,
        "month": 10,
        "day": 20
      },
      "time": {
        "hour": 11,
        "minute": 7,
        "second": 47,
        "nano": 0
      }
    },
    "citySender": "Львів",
    "cityRecipient": "Київ"
  },
  {
    "number": 59000456218501,
    "dateTime": {
      "date": {
        "year": 2019,
        "month": 10,
        "day": 20
      },
      "time": {
        "hour": 11,
        "minute": 6,
        "second": 26,
        "nano": 0
      }
    },
    "citySender": "Покровськ (Донецька обл.)",
    "cityRecipient": "Десна (Чернігівська обл.)"
  },
  {
    "number": 59000456218502,
    "dateTime": {
      "date": {
        "year": 2019,
        "month": 10,
        "day": 20
      },
      "time": {
        "hour": 11,
        "minute": 7,
        "second": 55,
        "nano": 0
      }
    },
    "citySender": "Кропивницький",
    "cityRecipient": "Кропивницький"
  },
  {
    "number": 59000456218503,
    "dateTime": {
      "date": {
        "year": 2019,
        "month": 10,
        "day": 20
      },
      "time": {
        "hour": 11,
        "minute": 6,
        "second": 25,
        "nano": 0
      }
    },
    "citySender": "Київ",
    "cityRecipient": "Городок (Хмельницька обл.)"
  },
  {
    "number": 59000456218504,
    "dateTime": {
      "date": {
        "year": 2019,
        "month": 10,
        "day": 20
      },
      "time": {
        "hour": 11,
        "minute": 7,
        "second": 22,
        "nano": 0
      }
    },
    "citySender": "Одеса",
    "cityRecipient": "Вишгород"
  },
  {
    "number": 59000456218506,
    "dateTime": {
      "date": {
        "year": 2019,
        "month": 10,
        "day": 20
      },
      "time": {
        "hour": 11,
        "minute": 7,
        "second": 44,
        "nano": 0
      }
    },
    "citySender": "Кам\u0027янець-Подільський",
    "cityRecipient": "Бердичів"
  },
  {
    "number": 59000456218507,
    "dateTime": {
      "date": {
        "year": 2019,
        "month": 10,
        "day": 20
      },
      "time": {
        "hour": 11,
        "minute": 6,
        "second": 55,
        "nano": 0
      }
    },
    "citySender": "Мелітополь",
    "cityRecipient": "Харків"
  },
  {
    "number": 59000456218508,
    "dateTime": {
      "date": {
        "year": 2019,
        "month": 10,
        "day": 20
      },
      "time": {
        "hour": 11,
        "minute": 7,
        "second": 37,
        "nano": 0
      }
    },
    "citySender": "Харків",
    "cityRecipient": "Полтава"
  }
]