[
  {
    "number": 59000456220307,
    "dateTime": {
      "date": {
        "year": 2019,
        "month": 10,
        "day": 20
      },
      "time": {
        "hour": 11,
        "minute": 16,
        "second": 15,
        "nano": 0
      }
    },
    "citySender": "Вишеньки",
    "cityRecipient": "Розтоки (Івано-Франківська обл.)"
  },
  {
    "number": 59000456220308,
    "dateTime": {
      "date": {
        "year": 2019,
        "month": 10,
        "day": 20
      },
      "time": {
        "hour": 11,
        "minute": 14,
        "second": 56,
        "nano": 0
      }
    },
    "citySender": "Київ",
    "cityRecipient": "Кремінна"
  },
  {
    "number": 59000456220309,
    "dateTime": {
      "date": {
        "year": 2019,
        "month": 10,
        "day": 20
      },
      "time": {
        "hour": 11,
        "minute": 16,
        "second": 16,
        "nano": 0
      }
    },
    "citySender": "Рівне",
    "cityRecipient": "Нетішин"
  },
  {
    "number": 59000456220310,
    "dateTime": {
      "date": {
        "year": 2019,
        "month": 10,
        "day": 20
      },
      "time": {
        "hour": 11,
        "minute": 14,
        "second": 37,
        "nano": 0
      }
    },
    "citySender": "Ковель",
    "cityRecipient": "Ківерці"
  },
  {
    "number": 59000456220311,
    "dateTime": {
      "date": {
        "year": 2019,
        "month": 10,
        "day": 20
      },
      "time": {
        "hour": 11,
        "minute": 15,
        "second": 2,
        "nano": 0
      }
    },
    "citySender": "Київ",
    "cityRecipient": "Хмельницький"
  },
  {
    "number": 59000456220312,
    "dateTime": {
      "date": {
        "year": 2019,
        "month": 10,
        "day": 20
      },
      "time": {
        "hour": 11,
        "minute": 15,
        "second": 42,
        "nano": 0
      }
    },
    "citySender": "Житомир",
    "cityRecipient": "Дударків"
  },
  {
    "number": 59000456220313,
    "dateTime": {
      "date": {
        "year": 2019,
        "month": 10,
        "day": 20
      },
      "time": {
        "hour": 11,
        "minute": 15,
        "second": 40,
        "nano": 0
      }
    },
    "citySender": "Татарбунари",
    "cityRecipient": "Нікополь (Дніпропетровська обл.)"
  },
  {
    "number": 59000456220314,
    "dateTime": {
      "date": {
        "year": 2019,
        "month": 10,
        "day": 20
      },
      "time": {
        "hour": 11,
        "minute": 16,
        "second": 0,
        "nano": 0
      }
    },
    "citySender": "Василівка (Запорізька обл.)",
    "cityRecipient": "Миколаїв"
  },
  {
    "number": 59000456220316,
    "dateTime": {
      "date": {
        "year": 2019,
        "month": 10,
        "day": 20
      },
      "time": {
        "hour": 11,
        "minute": 15,
        "second": 58,
        "nano": 0
      }
    },
    "citySender": "Рівне",
    "cityRecipient": "Харків"
  },
  {
    "number": 59000456220317,
    "dateTime": {
      "date": {
        "year": 2019,
        "month": 10,
        "day": 20
      },
      "time": {
        "hour": 11,
        "minute": 16,
        "second": 1,
        "nano": 0
      }
    },
    "citySender": "Львів",
    "cityRecipient": "Дніпро"
  },
  {
    "number": 59000456220318,
    "dateTime": {
      "date": {
        "year": 2019,
        "month": 10,
        "day": 20
      },
      "time": {
        "hour": 11,
        "minute": 16,
        "second": 4,
        "nano": 0
      }
    },
    "citySender": "Київ",
    "cityRecipient": "Красноград (Харківська обл)"
  },
  {
    "number": 59000456220319,
    "dateTime": {
      "date": {
        "year": 2019,
        "month": 10,
        "day": 20
      },
      "time": {
        "hour": 11,
        "minute": 16,
        "second": 7,
        "nano": 0
      }
    },
    "citySender": "Запоріжжя",
    "cityRecipient": "Маріуполь"
  },
  {
    "number": 59000456220320,
    "dateTime": {
      "date": {
        "year": 2019,
        "month": 10,
        "day": 20
      },
      "time": {
        "hour": 11,
        "minute": 16,
        "second": 4,
        "nano": 0
      }
    },
    "citySender": "Київ",
    "cityRecipient": "Київ"
  },
  {
    "number": 59000456220321,
    "dateTime": {
      "date": {
        "year": 2019,
        "month": 10,
        "day": 20
      },
      "time": {
        "hour": 11,
        "minute": 16,
        "second": 4,
        "nano": 0
      }
    },
    "citySender": "Київ",
    "cityRecipient": "Київ"
  },
  {
    "number": 59000456220322,
    "dateTime": {
      "date": {
        "year": 2019,
        "month": 10,
        "day": 20
      },
      "time": {
        "hour": 11,
        "minute": 15,
        "second": 45,
        "nano": 0
      }
    },
    "citySender": "Київ",
    "cityRecipient": "Київ"
  },
  {
    "number": 59000456220324,
    "dateTime": {
      "date": {
        "year": 2019,
        "month": 10,
        "day": 20
      },
      "time": {
        "hour": 11,
        "minute": 16,
        "second": 19,
        "nano": 0
      }
    },
    "citySender": "Боярка",
    "cityRecipient": "Кролевець"
  },
  {
    "number": 59000456220325,
    "dateTime": {
      "date": {
        "year": 2019,
        "month": 10,
        "day": 20
      },
      "time": {
        "hour": 11,
        "minute": 16,
        "second": 4,
        "nano": 0
      }
    },
    "citySender": "Чернігів",
    "cityRecipient": "Львів"
  },
  {
    "number": 59000456220326,
    "dateTime": {
      "date": {
        "year": 2019,
        "month": 10,
        "day": 20
      },
      "time": {
        "hour": 11,
        "minute": 16,
        "second": 15,
        "nano": 0
      }
    },
    "citySender": "Бровари",
    "cityRecipient": "Бровари"
  },
  {
    "number": 59000456220327,
    "dateTime": {
      "date": {
        "year": 2019,
        "month": 10,
        "day": 20
      },
      "time": {
        "hour": 11,
        "minute": 16,
        "second": 21,
        "nano": 0
      }
    },
    "citySender": "Кам\u0027янець-Подільський",
    "cityRecipient": "Вінниця"
  },
  {
    "number": 59000456220328,
    "dateTime": {
      "date": {
        "year": 2019,
        "month": 10,
        "day": 20
      },
      "time": {
        "hour": 11,
        "minute": 16,
        "second": 21,
        "nano": 0
      }
    },
    "citySender": "Богородчани",
    "cityRecipient": "Вижниця"
  },
  {
    "number": 59000456220329,
    "dateTime": {
      "date": {
        "year": 2019,
        "month": 10,
        "day": 20
      },
      "time": {
        "hour": 11,
        "minute": 16,
        "second": 8,
        "nano": 0
      }
    },
    "citySender": "Миколаїв",
    "cityRecipient": "Коротич"
  },
  {
    "number": 59000456220331,
    "dateTime": {
      "date": {
        "year": 2019,
        "month": 10,
        "day": 20
      },
      "time": {
        "hour": 11,
        "minute": 16,
        "second": 9,
        "nano": 0
      }
    },
    "citySender": "Київ",
    "cityRecipient": "Київ"
  },
  {
    "number": 59000456220332,
    "dateTime": {
      "date": {
        "year": 2019,
        "month": 10,
        "day": 20
      },
      "time": {
        "hour": 11,
        "minute": 15,
        "second": 22,
        "nano": 0
      }
    },
    "citySender": "Східниця",
    "cityRecipient": "Покровськ (Донецька обл.)"
  },
  {
    "number": 59000456220333,
    "dateTime": {
      "date": {
        "year": 2019,
        "month": 10,
        "day": 20
      },
      "time": {
        "hour": 11,
        "minute": 15,
        "second": 49,
        "nano": 0
      }
    },
    "citySender": "Київ",
    "cityRecipient": "Чернівці"
  },
  {
    "number": 59000456220334,
    "dateTime": {
      "date": {
        "year": 2019,
        "month": 10,
        "day": 20
      },
      "time": {
        "hour": 11,
        "minute": 15,
        "second": 44,
        "nano": 0
      }
    },
    "citySender": "Калуш",
    "cityRecipient": "Калуш"
  },
  {
    "number": 59000456220335,
    "dateTime": {
      "date": {
        "year": 2019,
        "month": 10,
        "day": 20
      },
      "time": {
        "hour": 11,
        "minute": 16,
        "second": 15,
        "nano": 0
      }
    },
    "citySender": "Харків",
    "cityRecipient": "Київ"
  },
  {
    "number": 59000456220336,
    "dateTime": {
      "date": {
        "year": 2019,
        "month": 10,
        "day": 20
      },
      "time": {
        "hour": 11,
        "minute": 15,
        "second": 48,
        "nano": 0
      }
    },
    "citySender": "Одеса",
    "cityRecipient": "Чернівці"
  },
  {
    "number": 59000456220337,
    "dateTime": {
      "date": {
        "year": 2019,
        "month": 10,
        "day": 20
      },
      "time": {
        "hour": 11,
        "minute": 16,
        "second": 5,
        "nano": 0
      }
    },
    "citySender": "Херсон",
    "cityRecipient": "Рівне"
  },
  {
    "number": 59000456220338,
    "dateTime": {
      "date": {
        "year": 2019,
        "month": 10,
        "day": 20
      },
      "time": {
        "hour": 11,
        "minute": 16,
        "second": 17,
        "nano": 0
      }
    },
    "citySender": "Рубіжне",
    "cityRecipient": "Харків"
  },
  {
    "number": 59000456220339,
    "dateTime": {
      "date": {
        "year": 2019,
        "month": 10,
        "day": 20
      },
      "time": {
        "hour": 11,
        "minute": 16,
        "second": 4,
        "nano": 0
      }
    },
    "citySender": "Миколаїв",
    "cityRecipient": "Золотоноша"
  },
  {
    "number": 59000456220340,
    "dateTime": {
      "date": {
        "year": 2019,
        "month": 10,
        "day": 20
      },
      "time": {
        "hour": 11,
        "minute": 16,
        "second": 13,
        "nano": 0
      }
    },
    "citySender": "Бердичів",
    "cityRecipient": "Кривий Ріг"
  },
  {
    "number": 59000456220341,
    "dateTime": {
      "date": {
        "year": 2019,
        "month": 10,
        "day": 20
      },
      "time": {
        "hour": 11,
        "minute": 16,
        "second": 24,
        "nano": 0
      }
    },
    "citySender": "Івано-Франківськ",
    "cityRecipient": "Чернівці"
  },
  {
    "number": 59000456220342,
    "dateTime": {
      "date": {
        "year": 2019,
        "month": 10,
        "day": 20
      },
      "time": {
        "hour": 11,
        "minute": 15,
        "second": 40,
        "nano": 0
      }
    },
    "citySender": "Харків",
    "cityRecipient": "Кривий Ріг"
  },
  {
    "number": 59000456220343,
    "dateTime": {
      "date": {
        "year": 2019,
        "month": 10,
        "day": 20
      },
      "time": {
        "hour": 11,
        "minute": 16,
        "second": 18,
        "nano": 0
      }
    },
    "citySender": "Миколаїв",
    "cityRecipient": "Київ"
  },
  {
    "number": 59000456220344,
    "dateTime": {
      "date": {
        "year": 2019,
        "month": 10,
        "day": 20
      },
      "time": {
        "hour": 11,
        "minute": 16,
        "second": 4,
        "nano": 0
      }
    },
    "citySender": "Львів",
    "cityRecipient": "Виноградів"
  },
  {
    "number": 59000456220345,
    "dateTime": {
      "date": {
        "year": 2019,
        "month": 10,
        "day": 20
      },
      "time": {
        "hour": 11,
        "minute": 16,
        "second": 17,
        "nano": 0
      }
    },
    "citySender": "Київ",
    "cityRecipient": "Гайворон"
  },
  {
    "number": 59000456220346,
    "dateTime": {
      "date": {
        "year": 2019,
        "month": 10,
        "day": 20
      },
      "time": {
        "hour": 11,
        "minute": 16,
        "second": 25,
        "nano": 0
      }
    },
    "citySender": "Ірпінь",
    "cityRecipient": "Одеса"
  },
  {
    "number": 59000456220347,
    "dateTime": {
      "date": {
        "year": 2019,
        "month": 10,
        "day": 20
      },
      "time": {
        "hour": 11,
        "minute": 16,
        "second": 25,
        "nano": 0
      }
    },
    "citySender": "Сєвєродонецьк",
    "cityRecipient": "Хмельницький"
  },
  {
    "number": 59000456220348,
    "dateTime": {
      "date": {
        "year": 2019,
        "month": 10,
        "day": 20
      },
      "time": {
        "hour": 11,
        "minute": 16,
        "second": 5,
        "nano": 0
      }
    },
    "citySender": "Новояворівськ",
    "cityRecipient": "Кременчук"
  },
  {
    "number": 59000456220349,
    "dateTime": {
      "date": {
        "year": 2019,
        "month": 10,
        "day": 20
      },
      "time": {
        "hour": 11,
        "minute": 15,
        "second": 41,
        "nano": 0
      }
    },
    "citySender": "Одеса",
    "cityRecipient": "Хмельницький"
  },
  {
    "number": 59000456220350,
    "dateTime": {
      "date": {
        "year": 2019,
        "month": 10,
        "day": 20
      },
      "time": {
        "hour": 11,
        "minute": 16,
        "second": 25,
        "nano": 0
      }
    },
    "citySender": "Київ",
    "cityRecipient": "Одеса"
  },
  {
    "number": 59000456220351,
    "dateTime": {
      "date": {
        "year": 2019,
        "month": 10,
        "day": 20
      },
      "time": {
        "hour": 11,
        "minute": 16,
        "second": 4,
        "nano": 0
      }
    },
    "citySender": "Кременчук",
    "cityRecipient": "Білозерка (Херсонська обл.)"
  },
  {
    "number": 59000456220352,
    "dateTime": {
      "date": {
        "year": 2019,
        "month": 10,
        "day": 20
      },
      "time": {
        "hour": 11,
        "minute": 15,
        "second": 21,
        "nano": 0
      }
    },
    "citySender": "Київ",
    "cityRecipient": "Київ"
  },
  {
    "number": 59000456220353,
    "dateTime": {
      "date": {
        "year": 2019,
        "month": 10,
        "day": 20
      },
      "time": {
        "hour": 11,
        "minute": 16,
        "second": 3,
        "nano": 0
      }
    },
    "citySender": "Дніпро",
    "cityRecipient": "Київ"
  },
  {
    "number": 59000456220354,
    "dateTime": {
      "date": {
        "year": 2019,
        "month": 10,
        "day": 20
      },
      "time": {
        "hour": 11,
        "minute": 16,
        "second": 10,
        "nano": 0
      }
    },
    "citySender": "Сторожниця(Ужгородський р-н)",
    "cityRecipient": "Бориспіль"
  },
  {
    "number": 59000456220355,
    "dateTime": {
      "date": {
        "year": 2019,
        "month": 10,
        "day": 20
      },
      "time": {
        "hour": 11,
        "minute": 15,
        "second": 12,
        "nano": 0
      }
    },
    "citySender": "Стрий",
    "cityRecipient": "Маріуполь"
  },
  {
    "number": 59000456220356,
    "dateTime": {
      "date": {
        "year": 2019,
        "month": 10,
        "day": 20
      },
      "time": {
        "hour": 11,
        "minute": 16,
        "second": 15,
        "nano": 0
      }
    },
    "citySender": "Чернігів",
    "cityRecipient": "Одеса"
  },
  {
    "number": 59000456220357,
    "dateTime": {
      "date": {
        "year": 2019,
        "month": 10,
        "day": 20
      },
      "time": {
        "hour": 11,
        "minute": 16,
        "second": 2,
        "nano": 0
      }
    },
    "citySender": "Костянтинівка (Донецька обл.)",
    "cityRecipient": "Дніпро"
  },
  {
    "number": 59000456220358,
    "dateTime": {
      "date": {
        "year": 2019,
        "month": 10,
        "day": 20
      },
      "time": {
        "hour": 11,
        "minute": 16,
        "second": 29,
        "nano": 0
      }
    },
    "citySender": "Одеса",
    "cityRecipient": "Крюківщина"
  },
  {
    "number": 59000456220359,
    "dateTime": {
      "date": {
        "year": 2019,
        "month": 10,
        "day": 20
      },
      "time": {
        "hour": 11,
        "minute": 16,
        "second": 30,
        "nano": 0
      }
    },
    "citySender": "Богородчани",
    "cityRecipient": "Київ"
  },
  {
    "number": 59000456220360,
    "dateTime": {
      "date": {
        "year": 2019,
        "month": 10,
        "day": 20
      },
      "time": {
        "hour": 11,
        "minute": 16,
        "second": 18,
        "nano": 0
      }
    },
    "citySender": "Бердянськ",
    "cityRecipient": "Запоріжжя"
  },
  {
    "number": 59000456220361,
    "dateTime": {
      "date": {
        "year": 2019,
        "month": 10,
        "day": 20
      },
      "time": {
        "hour": 11,
        "minute": 16,
        "second": 8,
        "nano": 0
      }
    },
    "citySender": "Київ",
    "cityRecipient": "Київ"
  },
  {
    "number": 59000456220362,
    "dateTime": {
      "date": {
        "year": 2019,
        "month": 10,
        "day": 20
      },
      "time": {
        "hour": 11,
        "minute": 16,
        "second": 6,
        "nano": 0
      }
    },
    "citySender": "Херсон",
    "cityRecipient": "Вінниця"
  },
  {
    "number": 59000456220363,
    "dateTime": {
      "date": {
        "year": 2019,
        "month": 10,
        "day": 20
      },
      "time": {
        "hour": 11,
        "minute": 16,
        "second": 23,
        "nano": 0
      }
    },
    "citySender": "Київ",
    "cityRecipient": "Станиця Луганська"
  },
  {
    "number": 59000456220364,
    "dateTime": {
      "date": {
        "year": 2019,
        "month": 10,
        "day": 20
      },
      "time": {
        "hour": 11,
        "minute": 15,
        "second": 51,
        "nano": 0
      }
    },
    "citySender": "Покровськ (Донецька обл.)",
    "cityRecipient": "Ізмаїл"
  },
  {
    "number": 59000456220365,
    "dateTime": {
      "date": {
        "year": 2019,
        "month": 10,
        "day": 20
      },
      "time": {
        "hour": 11,
        "minute": 15,
        "second": 19,
        "nano": 0
      }
    },
    "citySender": "Вараш",
    "cityRecipient": "Київ"
  },
  {
    "number": 59000456220366,
    "dateTime": {
      "date": {
        "year": 2019,
        "month": 10,
        "day": 20
      },
      "time": {
        "hour": 11,
        "minute": 16,
        "second": 20,
        "nano": 0
      }
    },
    "citySender": "Роздільна (Одеська обл.)",
    "cityRecipient": "Кам\u0027яне (Одеська обл.)"
  },
  {
    "number": 59000456220367,
    "dateTime": {
      "date": {
        "year": 2019,
        "month": 10,
        "day": 20
      },
      "time": {
        "hour": 11,
        "minute": 15,
        "second": 56,
        "nano": 0
      }
    },
    "citySender": "Дружківка",
    "cityRecipient": "Київ"
  },
  {
    "number": 59000456220368,
    "dateTime": {
      "date": {
        "year": 2019,
        "month": 10,
        "day": 20
      },
      "time": {
        "hour": 11,
        "minute": 16,
        "second": 0,
        "nano": 0
      }
    },
    "citySender": "Броди",
    "cityRecipient": "Нові Санжари"
  },
  {
    "number": 59000456220369,
    "dateTime": {
      "date": {
        "year": 2019,
        "month": 10,
        "day": 20
      },
      "time": {
        "hour": 11,
        "minute": 15,
        "second": 38,
        "nano": 0
      }
    },
    "citySender": "Кременчук",
    "cityRecipient": "Нововолинськ"
  },
  {
    "number": 59000456220370,
    "dateTime": {
      "date": {
        "year": 2019,
        "month": 10,
        "day": 20
      },
      "time": {
        "hour": 11,
        "minute": 16,
        "second": 26,
        "nano": 0
      }
    },
    "citySender": "Енергодар",
    "cityRecipient": "Трускавець"
  },
  {
    "number": 59000456220371,
    "dateTime": {
      "date": {
        "year": 2019,
        "month": 10,
        "day": 20
      },
      "time": {
        "hour": 11,
        "minute": 16,
        "second": 35,
        "nano": 0
      }
    },
    "citySender": "Івано-Франківськ",
    "cityRecipient": "Харків"
  },
  {
    "number": 59000456220372,
    "dateTime": {
      "date": {
        "year": 2019,
        "month": 10,
        "day": 20
      },
      "time": {
        "hour": 11,
        "minute": 15,
        "second": 40,
        "nano": 0
      }
    },
    "citySender": "Вінниця",
    "cityRecipient": "Хмельницький"
  },
  {
    "number": 59000456220373,
    "dateTime": {
      "date": {
        "year": 2019,
        "month": 10,
        "day": 20
      },
      "time": {
        "hour": 11,
        "minute": 16,
        "second": 30,
        "nano": 0
      }
    },
    "citySender": "Дніпро",
    "cityRecipient": "Одеса"
  },
  {
    "number": 59000456220374,
    "dateTime": {
      "date": {
        "year": 2019,
        "month": 10,
        "day": 20
      },
      "time": {
        "hour": 11,
        "minute": 16,
        "second": 35,
        "nano": 0
      }
    },
    "citySender": "Запоріжжя",
    "cityRecipient": "Київ"
  },
  {
    "number": 59000456220375,
    "dateTime": {
      "date": {
        "year": 2019,
        "month": 10,
        "day": 20
      },
      "time": {
        "hour": 11,
        "minute": 16,
        "second": 6,
        "nano": 0
      }
    },
    "citySender": "Миколаїв",
    "cityRecipient": "Ріпки"
  },
  {
    "number": 59000456220376,
    "dateTime": {
      "date": {
        "year": 2019,
        "month": 10,
        "day": 20
      },
      "time": {
        "hour": 11,
        "minute": 16,
        "second": 14,
        "nano": 0
      }
    },
    "citySender": "Фастів",
    "cityRecipient": "Чернівці"
  },
  {
    "number": 59000456220377,
    "dateTime": {
      "date": {
        "year": 2019,
        "month": 10,
        "day": 20
      },
      "time": {
        "hour": 11,
        "minute": 16,
        "second": 27,
        "nano": 0
      }
    },
    "citySender": "Львів",
    "cityRecipient": "Хмельницький"
  },
  {
    "number": 59000456220378,
    "dateTime": {
      "date": {
        "year": 2019,
        "month": 10,
        "day": 20
      },
      "time": {
        "hour": 11,
        "minute": 16,
        "second": 27,
        "nano": 0
      }
    },
    "citySender": "Київ",
    "cityRecipient": "Маріуполь"
  },
  {
    "number": 59000456220379,
    "dateTime": {
      "date": {
        "year": 2019,
        "month": 10,
        "day": 20
      },
      "time": {
        "hour": 11,
        "minute": 16,
        "second": 20,
        "nano": 0
      }
    },
    "citySender": "Чугуїв",
    "cityRecipient": "Ірпінь"
  },
  {
    "number": 59000456220380,
    "dateTime": {
      "date": {
        "year": 2019,
        "month": 10,
        "day": 20
      },
      "time": {
        "hour": 11,
        "minute": 15,
        "second": 49,
        "nano": 0
      }
    },
    "citySender": "Кривий Ріг",
    "cityRecipient": "Маріуполь"
  },
  {
    "number": 59000456220381,
    "dateTime": {
      "date": {
        "year": 2019,
        "month": 10,
        "day": 20
      },
      "time": {
        "hour": 11,
        "minute": 16,
        "second": 37,
        "nano": 0
      }
    },
    "citySender": "Дніпро",
    "cityRecipient": "Ізяслав"
  },
  {
    "number": 59000456220382,
    "dateTime": {
      "date": {
        "year": 2019,
        "month": 10,
        "day": 20
      },
      "time": {
        "hour": 11,
        "minute": 16,
        "second": 29,
        "nano": 0
      }
    },
    "citySender": "Київ",
    "cityRecipient": "Вишневе"
  },
  {
    "number": 59000456220383,
    "dateTime": {
      "date": {
        "year": 2019,
        "month": 10,
        "day": 20
      },
      "time": {
        "hour": 11,
        "minute": 16,
        "second": 20,
        "nano": 0
      }
    },
    "citySender": "Першотравенськ (Дніпропетровська обл)",
    "cityRecipient": "Київ"
  },
  {
    "number": 59000456220384,
    "dateTime": {
      "date": {
        "year": 2019,
        "month": 10,
        "day": 20
      },
      "time": {
        "hour": 11,
        "minute": 16,
        "second": 10,
        "nano": 0
      }
    },
    "citySender": "Харків",
    "cityRecipient": "Запоріжжя"
  },
  {
    "number": 59000456220385,
    "dateTime": {
      "date": {
        "year": 2019,
        "month": 10,
        "day": 20
      },
      "time": {
        "hour": 11,
        "minute": 16,
        "second": 39,
        "nano": 0
      }
    },
    "citySender": "Богородчани",
    "cityRecipient": "Полтава"
  },
  {
    "number": 59000456220386,
    "dateTime": {
      "date": {
        "year": 2019,
        "month": 10,
        "day": 20
      },
      "time": {
        "hour": 11,
        "minute": 16,
        "second": 39,
        "nano": 0
      }
    },
    "citySender": "Київ",
    "cityRecipient": "Київ"
  },
  {
    "number": 59000456220387,
    "dateTime": {
      "date": {
        "year": 2019,
        "month": 10,
        "day": 20
      },
      "time": {
        "hour": 11,
        "minute": 16,
        "second": 0,
        "nano": 0
      }
    },
    "citySender": "Чернівці",
    "cityRecipient": "Дубляни (Львів.обл.,Жовків.р-н)"
  },
  {
    "number": 59000456220388,
    "dateTime": {
      "date": {
        "year": 2019,
        "month": 10,
        "day": 20
      },
      "time": {
        "hour": 11,
        "minute": 16,
        "second": 39,
        "nano": 0
      }
    },
    "citySender": "Кам\u0027янське(Дніпропетровська обл)",
    "cityRecipient": "Дніпро"
  },
  {
    "number": 59000456220389,
    "dateTime": {
      "date": {
        "year": 2019,
        "month": 10,
        "day": 20
      },
      "time": {
        "hour": 11,
        "minute": 16,
        "second": 10,
        "nano": 0
      }
    },
    "citySender": "Чернігів",
    "cityRecipient": "Київ"
  },
  {
    "number": 59000456220390,
    "dateTime": {
      "date": {
        "year": 2019,
        "month": 10,
        "day": 20
      },
      "time": {
        "hour": 11,
        "minute": 16,
        "second": 21,
        "nano": 0
      }
    },
    "citySender": "Маріуполь",
    "cityRecipient": "Харків"
  },
  {
    "number": 59000456220391,
    "dateTime": {
      "date": {
        "year": 2019,
        "month": 10,
        "day": 20
      },
      "time": {
        "hour": 11,
        "minute": 16,
        "second": 40,
        "nano": 0
      }
    },
    "citySender": "Хмельницький",
    "cityRecipient": "Одеса"
  },
  {
    "number": 59000456220392,
    "dateTime": {
      "date": {
        "year": 2019,
        "month": 10,
        "day": 20
      },
      "time": {
        "hour": 11,
        "minute": 16,
        "second": 36,
        "nano": 0
      }
    },
    "citySender": "Одеса",
    "cityRecipient": "Вишгород"
  },
  {
    "number": 59000456220393,
    "dateTime": {
      "date": {
        "year": 2019,
        "month": 10,
        "day": 20
      },
      "time": {
        "hour": 11,
        "minute": 16,
        "second": 38,
        "nano": 0
      }
    },
    "citySender": "Краматорськ",
    "cityRecipient": "Київ"
  },
  {
    "number": 59000456220394,
    "dateTime": {
      "date": {
        "year": 2019,
        "month": 10,
        "day": 20
      },
      "time": {
        "hour": 11,
        "minute": 16,
        "second": 14,
        "nano": 0
      }
    },
    "citySender": "Полтава",
    "cityRecipient": "Одеса"
  },
  {
    "number": 59000456220395,
    "dateTime": {
      "date": {
        "year": 2019,
        "month": 10,
        "day": 20
      },
      "time": {
        "hour": 11,
        "minute": 15,
        "second": 57,
        "nano": 0
      }
    },
    "citySender": "Рожище",
    "cityRecipient": "Южне"
  },
  {
    "number": 59000456220396,
    "dateTime": {
      "date": {
        "year": 2019,
        "month": 10,
        "day": 20
      },
      "time": {
        "hour": 11,
        "minute": 16,
        "second": 27,
        "nano": 0
      }
    },
    "citySender": "Бершадь",
    "cityRecipient": "Локачі"
  },
  {
    "number": 59000456220397,
    "dateTime": {
      "date": {
        "year": 2019,
        "month": 10,
        "day": 20
      },
      "time": {
        "hour": 11,
        "minute": 16,
        "second": 34,
        "nano": 0
      }
    },
    "citySender": "Тернопіль",
    "cityRecipient": "Київ"
  },
  {
    "number": 59000456220398,
    "dateTime": {
      "date": {
        "year": 2019,
        "month": 10,
        "day": 20
      },
      "time": {
        "hour": 11,
        "minute": 16,
        "second": 21,
        "nano": 0
      }
    },
    "citySender": "Южне",
    "cityRecipient": "Одеса"
  },
  {
    "number": 59000456220399,
    "dateTime": {
      "date": {
        "year": 2019,
        "month": 10,
        "day": 20
      },
      "time": {
        "hour": 11,
        "minute": 16,
        "second": 9,
        "nano": 0
      }
    },
    "citySender": "Харків",
    "cityRecipient": "Київ"
  },
  {
    "number": 59000456220400,
    "dateTime": {
      "date": {
        "year": 2019,
        "month": 10,
        "day": 20
      },
      "time": {
        "hour": 11,
        "minute": 16,
        "second": 27,
        "nano": 0
      }
    },
    "citySender": "Київ",
    "cityRecipient": "Дніпро"
  },
  {
    "number": 59000456220401,
    "dateTime": {
      "date": {
        "year": 2019,
        "month": 10,
        "day": 20
      },
      "time": {
        "hour": 11,
        "minute": 16,
        "second": 2,
        "nano": 0
      }
    },
    "citySender": "Марганець",
    "cityRecipient": "Одеса"
  },
  {
    "number": 59000456220402,
    "dateTime": {
      "date": {
        "year": 2019,
        "month": 10,
        "day": 20
      },
      "time": {
        "hour": 11,
        "minute": 16,
        "second": 33,
        "nano": 0
      }
    },
    "citySender": "Костопіль",
    "cityRecipient": "Романківці"
  },
  {
    "number": 59000456220403,
    "dateTime": {
      "date": {
        "year": 2019,
        "month": 10,
        "day": 20
      },
      "time": {
        "hour": 11,
        "minute": 16,
        "second": 29,
        "nano": 0
      }
    },
    "citySender": "Вінниця",
    "cityRecipient": "Олешки(Херсонська обл)"
  },
  {
    "number": 59000456220404,
    "dateTime": {
      "date": {
        "year": 2019,
        "month": 10,
        "day": 20
      },
      "time": {
        "hour": 11,
        "minute": 16,
        "second": 21,
        "nano": 0
      }
    },
    "citySender": "Київ",
    "cityRecipient": "Дніпро"
  },
  {
    "number": 59000456220405,
    "dateTime": {
      "date": {
        "year": 2019,
        "month": 10,
        "day": 20
      },
      "time": {
        "hour": 11,
        "minute": 16,
        "second": 3,
        "nano": 0
      }
    },
    "citySender": "Київ",
    "cityRecipient": "Кривий Ріг"
  },
  {
    "number": 59000456220406,
    "dateTime": {
      "date": {
        "year": 2019,
        "month": 10,
        "day": 20
      },
      "time": {
        "hour": 11,
        "minute": 15,
        "second": 1,
        "nano": 0
      }
    },
    "citySender": "Запоріжжя",
    "cityRecipient": "Житомир"
  }
]