[
  {
    "number": 59000456216210,
    "dateTime": {
      "date": {
        "year": 2019,
        "month": 10,
        "day": 20
      },
      "time": {
        "hour": 10,
        "minute": 57,
        "second": 38,
        "nano": 0
      }
    },
    "citySender": "Житомир",
    "cityRecipient": "Одеса"
  },
  {
    "number": 59000456216211,
    "dateTime": {
      "date": {
        "year": 2019,
        "month": 10,
        "day": 20
      },
      "time": {
        "hour": 10,
        "minute": 58,
        "second": 5,
        "nano": 0
      }
    },
    "citySender": "Ужгород",
    "cityRecipient": "Одеса"
  },
  {
    "number": 59000456216212,
    "dateTime": {
      "date": {
        "year": 2019,
        "month": 10,
        "day": 20
      },
      "time": {
        "hour": 10,
        "minute": 57,
        "second": 23,
        "nano": 0
      }
    },
    "citySender": "Маріуполь",
    "cityRecipient": "Київ"
  },
  {
    "number": 59000456216213,
    "dateTime": {
      "date": {
        "year": 2019,
        "month": 10,
        "day": 20
      },
      "time": {
        "hour": 10,
        "minute": 57,
        "second": 35,
        "nano": 0
      }
    },
    "citySender": "Кам\u0027янське(Дніпропетровська обл)",
    "cityRecipient": "Київ"
  },
  {
    "number": 59000456216214,
    "dateTime": {
      "date": {
        "year": 2019,
        "month": 10,
        "day": 20
      },
      "time": {
        "hour": 10,
        "minute": 58,
        "second": 6,
        "nano": 0
      }
    },
    "citySender": "Одеса",
    "cityRecipient": "Київ"
  },
  {
    "number": 59000456216215,
    "dateTime": {
      "date": {
        "year": 2019,
        "month": 10,
        "day": 20
      },
      "time": {
        "hour": 10,
        "minute": 58,
        "second": 4,
        "nano": 0
      }
    },
    "citySender": "Київ",
    "cityRecipient": "Київ"
  },
  {
    "number": 59000456216216,
    "dateTime": {
      "date": {
        "year": 2019,
        "month": 10,
        "day": 20
      },
      "time": {
        "hour": 10,
        "minute": 58,
        "second": 6,
        "nano": 0
      }
    },
    "citySender": "Лубни",
    "cityRecipient": "Маріуполь"
  },
  {
    "number": 59000456216217,
    "dateTime": {
      "date": {
        "year": 2019,
        "month": 10,
        "day": 20
      },
      "time": {
        "hour": 10,
        "minute": 57,
        "second": 0,
        "nano": 0
      }
    },
    "citySender": "Українка",
    "cityRecipient": "Просяна (Покровський р-н)"
  },
  {
    "number": 59000456216218,
    "dateTime": {
      "date": {
        "year": 2019,
        "month": 10,
        "day": 20
      },
      "time": {
        "hour": 10,
        "minute": 57,
        "second": 39,
        "nano": 0
      }
    },
    "citySender": "Миколаїв",
    "cityRecipient": "Маньківка"
  },
  {
    "number": 59000456216219,
    "dateTime": {
      "date": {
        "year": 2019,
        "month": 10,
        "day": 20
      },
      "time": {
        "hour": 10,
        "minute": 57,
        "second": 47,
        "nano": 0
      }
    },
    "citySender": "Одеса",
    "cityRecipient": "Запоріжжя"
  },
  {
    "number": 59000456216220,
    "dateTime": {
      "date": {
        "year": 2019,
        "month": 10,
        "day": 20
      },
      "time": {
        "hour": 10,
        "minute": 58,
        "second": 10,
        "nano": 0
      }
    },
    "citySender": "Київ",
    "cityRecipient": "Харків"
  },
  {
    "number": 59000456216221,
    "dateTime": {
      "date": {
        "year": 2019,
        "month": 10,
        "day": 20
      },
      "time": {
        "hour": 10,
        "minute": 57,
        "second": 33,
        "nano": 0
      }
    },
    "citySender": "Хотин",
    "cityRecipient": "Луцьк"
  },
  {
    "number": 59000456216222,
    "dateTime": {
      "date": {
        "year": 2019,
        "month": 10,
        "day": 20
      },
      "time": {
        "hour": 10,
        "minute": 57,
        "second": 52,
        "nano": 0
      }
    },
    "citySender": "Одеса",
    "cityRecipient": "Дніпро"
  },
  {
    "number": 59000456216223,
    "dateTime": {
      "date": {
        "year": 2019,
        "month": 10,
        "day": 20
      },
      "time": {
        "hour": 10,
        "minute": 58,
        "second": 0,
        "nano": 0
      }
    },
    "citySender": "Київ",
    "cityRecipient": "Миколаїв"
  },
  {
    "number": 59000456216224,
    "dateTime": {
      "date": {
        "year": 2019,
        "month": 10,
        "day": 20
      },
      "time": {
        "hour": 10,
        "minute": 58,
        "second": 0,
        "nano": 0
      }
    },
    "citySender": "Ніжин",
    "cityRecipient": "Рівне"
  },
  {
    "number": 59000456216225,
    "dateTime": {
      "date": {
        "year": 2019,
        "month": 10,
        "day": 20
      },
      "time": {
        "hour": 10,
        "minute": 58,
        "second": 14,
        "nano": 0
      }
    },
    "citySender": "Одеса",
    "cityRecipient": "Луцьк"
  },
  {
    "number": 59000456216226,
    "dateTime": {
      "date": {
        "year": 2019,
        "month": 10,
        "day": 20
      },
      "time": {
        "hour": 10,
        "minute": 57,
        "second": 40,
        "nano": 0
      }
    },
    "citySender": "Вишеньки",
    "cityRecipient": "Катюжанка"
  },
  {
    "number": 59000456216227,
    "dateTime": {
      "date": {
        "year": 2019,
        "month": 10,
        "day": 20
      },
      "time": {
        "hour": 10,
        "minute": 58,
        "second": 8,
        "nano": 0
      }
    },
    "citySender": "Чернівці",
    "cityRecipient": "Чернівці"
  },
  {
    "number": 59000456216228,
    "dateTime": {
      "date": {
        "year": 2019,
        "month": 10,
        "day": 20
      },
      "time": {
        "hour": 10,
        "minute": 57,
        "second": 45,
        "nano": 0
      }
    },
    "citySender": "Нова Одеса",
    "cityRecipient": "Одеса"
  },
  {
    "number": 59000456216229,
    "dateTime": {
      "date": {
        "year": 2019,
        "month": 10,
        "day": 20
      },
      "time": {
        "hour": 10,
        "minute": 58,
        "second": 4,
        "nano": 0
      }
    },
    "citySender": "Миколаїв",
    "cityRecipient": "Кривий Ріг"
  },
  {
    "number": 59000456216230,
    "dateTime": {
      "date": {
        "year": 2019,
        "month": 10,
        "day": 20
      },
      "time": {
        "hour": 10,
        "minute": 58,
        "second": 18,
        "nano": 0
      }
    },
    "citySender": "Кременчук",
    "cityRecipient": "Київ"
  },
  {
    "number": 59000456216231,
    "dateTime": {
      "date": {
        "year": 2019,
        "month": 10,
        "day": 20
      },
      "time": {
        "hour": 10,
        "minute": 58,
        "second": 19,
        "nano": 0
      }
    },
    "citySender": "Рівне",
    "cityRecipient": "Київ"
  },
  {
    "number": 59000456216232,
    "dateTime": {
      "date": {
        "year": 2019,
        "month": 10,
        "day": 20
      },
      "time": {
        "hour": 10,
        "minute": 58,
        "second": 21,
        "nano": 0
      }
    },
    "citySender": "Солоницівка",
    "cityRecipient": "Дніпро"
  },
  {
    "number": 59000456216233,
    "dateTime": {
      "date": {
        "year": 2019,
        "month": 10,
        "day": 20
      },
      "time": {
        "hour": 10,
        "minute": 58,
        "second": 11,
        "nano": 0
      }
    },
    "citySender": "Фастів",
    "cityRecipient": "Харків"
  },
  {
    "number": 59000456216234,
    "dateTime": {
      "date": {
        "year": 2019,
        "month": 10,
        "day": 20
      },
      "time": {
        "hour": 10,
        "minute": 58,
        "second": 21,
        "nano": 0
      }
    },
    "citySender": "Світловодськ",
    "cityRecipient": "Харків"
  },
  {
    "number": 59000456216235,
    "dateTime": {
      "date": {
        "year": 2019,
        "month": 10,
        "day": 20
      },
      "time": {
        "hour": 10,
        "minute": 58,
        "second": 22,
        "nano": 0
      }
    },
    "citySender": "Дружківка",
    "cityRecipient": "Київ"
  },
  {
    "number": 59000456216236,
    "dateTime": {
      "date": {
        "year": 2019,
        "month": 10,
        "day": 20
      },
      "time": {
        "hour": 10,
        "minute": 58,
        "second": 23,
        "nano": 0
      }
    },
    "citySender": "Надвірна",
    "cityRecipient": "Київ"
  },
  {
    "number": 59000456216237,
    "dateTime": {
      "date": {
        "year": 2019,
        "month": 10,
        "day": 20
      },
      "time": {
        "hour": 10,
        "minute": 58,
        "second": 4,
        "nano": 0
      }
    },
    "citySender": "Чигирин",
    "cityRecipient": "Шепетівка"
  },
  {
    "number": 59000456216238,
    "dateTime": {
      "date": {
        "year": 2019,
        "month": 10,
        "day": 20
      },
      "time": {
        "hour": 10,
        "minute": 56,
        "second": 23,
        "nano": 0
      }
    },
    "citySender": "Київ",
    "cityRecipient": "Олевськ"
  },
  {
    "number": 59000456216239,
    "dateTime": {
      "date": {
        "year": 2019,
        "month": 10,
        "day": 20
      },
      "time": {
        "hour": 10,
        "minute": 57,
        "second": 47,
        "nano": 0
      }
    },
    "citySender": "Київ",
    "cityRecipient": "Львів"
  },
  {
    "number": 59000456216240,
    "dateTime": {
      "date": {
        "year": 2019,
        "month": 10,
        "day": 20
      },
      "time": {
        "hour": 10,
        "minute": 57,
        "second": 4,
        "nano": 0
      }
    },
    "citySender": "Криве Озеро",
    "cityRecipient": "Умань"
  },
  {
    "number": 59000456216241,
    "dateTime": {
      "date": {
        "year": 2019,
        "month": 10,
        "day": 20
      },
      "time": {
        "hour": 10,
        "minute": 57,
        "second": 32,
        "nano": 0
      }
    },
    "citySender": "Київ",
    "cityRecipient": "Обухів"
  },
  {
    "number": 59000456216242,
    "dateTime": {
      "date": {
        "year": 2019,
        "month": 10,
        "day": 20
      },
      "time": {
        "hour": 10,
        "minute": 58,
        "second": 9,
        "nano": 0
      }
    },
    "citySender": "Бершадь",
    "cityRecipient": "Старий Самбір"
  },
  {
    "number": 59000456216243,
    "dateTime": {
      "date": {
        "year": 2019,
        "month": 10,
        "day": 20
      },
      "time": {
        "hour": 10,
        "minute": 58,
        "second": 3,
        "nano": 0
      }
    },
    "citySender": "Благовіщенське(Кіровоградська обл.)",
    "cityRecipient": "Одеса"
  },
  {
    "number": 59000456216244,
    "dateTime": {
      "date": {
        "year": 2019,
        "month": 10,
        "day": 20
      },
      "time": {
        "hour": 10,
        "minute": 57,
        "second": 57,
        "nano": 0
      }
    },
    "citySender": "Чернівці",
    "cityRecipient": "Хмільник (Вінницька обл.)"
  },
  {
    "number": 59000456216245,
    "dateTime": {
      "date": {
        "year": 2019,
        "month": 10,
        "day": 20
      },
      "time": {
        "hour": 10,
        "minute": 58,
        "second": 3,
        "nano": 0
      }
    },
    "citySender": "Кривий Ріг",
    "cityRecipient": "Кривий Ріг"
  },
  {
    "number": 59000456216246,
    "dateTime": {
      "date": {
        "year": 2019,
        "month": 10,
        "day": 20
      },
      "time": {
        "hour": 10,
        "minute": 58,
        "second": 29,
        "nano": 0
      }
    },
    "citySender": "Кривий Ріг",
    "cityRecipient": "Чернівці"
  },
  {
    "number": 59000456216247,
    "dateTime": {
      "date": {
        "year": 2019,
        "month": 10,
        "day": 20
      },
      "time": {
        "hour": 10,
        "minute": 58,
        "second": 30,
        "nano": 0
      }
    },
    "citySender": "Луцьк",
    "cityRecipient": "Рівне"
  },
  {
    "number": 59000456216248,
    "dateTime": {
      "date": {
        "year": 2019,
        "month": 10,
        "day": 20
      },
      "time": {
        "hour": 10,
        "minute": 57,
        "second": 56,
        "nano": 0
      }
    },
    "citySender": "Перемишляни",
    "cityRecipient": "Київ"
  },
  {
    "number": 59000456216249,
    "dateTime": {
      "date": {
        "year": 2019,
        "month": 10,
        "day": 20
      },
      "time": {
        "hour": 10,
        "minute": 57,
        "second": 23,
        "nano": 0
      }
    },
    "citySender": "Херсон",
    "cityRecipient": "Дніпро"
  },
  {
    "number": 59000456216250,
    "dateTime": {
      "date": {
        "year": 2019,
        "month": 10,
        "day": 20
      },
      "time": {
        "hour": 10,
        "minute": 58,
        "second": 24,
        "nano": 0
      }
    },
    "citySender": "Херсон",
    "cityRecipient": "Миколаїв"
  },
  {
    "number": 59000456216251,
    "dateTime": {
      "date": {
        "year": 2019,
        "month": 10,
        "day": 20
      },
      "time": {
        "hour": 10,
        "minute": 58,
        "second": 30,
        "nano": 0
      }
    },
    "citySender": "Мар\u0027їнка",
    "cityRecipient": "Київ"
  },
  {
    "number": 59000456216252,
    "dateTime": {
      "date": {
        "year": 2019,
        "month": 10,
        "day": 20
      },
      "time": {
        "hour": 10,
        "minute": 58,
        "second": 34,
        "nano": 0
      }
    },
    "citySender": "Снігурівка",
    "cityRecipient": "Харків"
  },
  {
    "number": 59000456216253,
    "dateTime": {
      "date": {
        "year": 2019,
        "month": 10,
        "day": 20
      },
      "time": {
        "hour": 10,
        "minute": 58,
        "second": 23,
        "nano": 0
      }
    },
    "citySender": "Сєвєродонецьк",
    "cityRecipient": "Запоріжжя"
  },
  {
    "number": 59000456216254,
    "dateTime": {
      "date": {
        "year": 2019,
        "month": 10,
        "day": 20
      },
      "time": {
        "hour": 10,
        "minute": 58,
        "second": 31,
        "nano": 0
      }
    },
    "citySender": "Київ",
    "cityRecipient": "Київ"
  },
  {
    "number": 59000456216255,
    "dateTime": {
      "date": {
        "year": 2019,
        "month": 10,
        "day": 20
      },
      "time": {
        "hour": 10,
        "minute": 58,
        "second": 26,
        "nano": 0
      }
    },
    "citySender": "Одеса",
    "cityRecipient": "Київ"
  },
  {
    "number": 59000456216256,
    "dateTime": {
      "date": {
        "year": 2019,
        "month": 10,
        "day": 20
      },
      "time": {
        "hour": 10,
        "minute": 58,
        "second": 25,
        "nano": 0
      }
    },
    "citySender": "Кривий Ріг",
    "cityRecipient": "Київ"
  },
  {
    "number": 59000456216257,
    "dateTime": {
      "date": {
        "year": 2019,
        "month": 10,
        "day": 20
      },
      "time": {
        "hour": 10,
        "minute": 58,
        "second": 15,
        "nano": 0
      }
    },
    "citySender": "Маріуполь",
    "cityRecipient": "Одеса"
  },
  {
    "number": 59000456216258,
    "dateTime": {
      "date": {
        "year": 2019,
        "month": 10,
        "day": 20
      },
      "time": {
        "hour": 10,
        "minute": 57,
        "second": 54,
        "nano": 0
      }
    },
    "citySender": "Одеса",
    "cityRecipient": "Мілове"
  },
  {
    "number": 59000456216259,
    "dateTime": {
      "date": {
        "year": 2019,
        "month": 10,
        "day": 20
      },
      "time": {
        "hour": 10,
        "minute": 58,
        "second": 22,
        "nano": 0
      }
    },
    "citySender": "Луцьк",
    "cityRecipient": "Київ"
  },
  {
    "number": 59000456216260,
    "dateTime": {
      "date": {
        "year": 2019,
        "month": 10,
        "day": 20
      },
      "time": {
        "hour": 10,
        "minute": 58,
        "second": 31,
        "nano": 0
      }
    },
    "citySender": "Чернівці",
    "cityRecipient": "Каховка"
  },
  {
    "number": 59000456216261,
    "dateTime": {
      "date": {
        "year": 2019,
        "month": 10,
        "day": 20
      },
      "time": {
        "hour": 10,
        "minute": 57,
        "second": 47,
        "nano": 0
      }
    },
    "citySender": "Баранівка",
    "cityRecipient": "Київ"
  },
  {
    "number": 59000456216262,
    "dateTime": {
      "date": {
        "year": 2019,
        "month": 10,
        "day": 20
      },
      "time": {
        "hour": 10,
        "minute": 58,
        "second": 36,
        "nano": 0
      }
    },
    "citySender": "Суми",
    "cityRecipient": "Вінниця"
  },
  {
    "number": 59000456216263,
    "dateTime": {
      "date": {
        "year": 2019,
        "month": 10,
        "day": 20
      },
      "time": {
        "hour": 10,
        "minute": 58,
        "second": 40,
        "nano": 0
      }
    },
    "citySender": "Бориспіль",
    "cityRecipient": "Одеса"
  },
  {
    "number": 59000456216264,
    "dateTime": {
      "date": {
        "year": 2019,
        "month": 10,
        "day": 20
      },
      "time": {
        "hour": 10,
        "minute": 58,
        "second": 42,
        "nano": 0
      }
    },
    "citySender": "Одеса",
    "cityRecipient": "Авангард"
  },
  {
    "number": 59000456216265,
    "dateTime": {
      "date": {
        "year": 2019,
        "month": 10,
        "day": 20
      },
      "time": {
        "hour": 10,
        "minute": 58,
        "second": 42,
        "nano": 0
      }
    },
    "citySender": "Нікополь (Дніпропетровська обл.)",
    "cityRecipient": "Одеса"
  },
  {
    "number": 59000456216266,
    "dateTime": {
      "date": {
        "year": 2019,
        "month": 10,
        "day": 20
      },
      "time": {
        "hour": 10,
        "minute": 58,
        "second": 5,
        "nano": 0
      }
    },
    "citySender": "Миколаїв",
    "cityRecipient": "Олександрія (м.Кіровогр.обл.райц)"
  },
  {
    "number": 59000456216267,
    "dateTime": {
      "date": {
        "year": 2019,
        "month": 10,
        "day": 20
      },
      "time": {
        "hour": 10,
        "minute": 58,
        "second": 43,
        "nano": 0
      }
    },
    "citySender": "Кам\u0027янське(Дніпропетровська обл)",
    "cityRecipient": "Одеса"
  },
  {
    "number": 59000456216268,
    "dateTime": {
      "date": {
        "year": 2019,
        "month": 10,
        "day": 20
      },
      "time": {
        "hour": 10,
        "minute": 58,
        "second": 22,
        "nano": 0
      }
    },
    "citySender": "Рівне",
    "cityRecipient": "Львів"
  },
  {
    "number": 59000456216269,
    "dateTime": {
      "date": {
        "year": 2019,
        "month": 10,
        "day": 20
      },
      "time": {
        "hour": 10,
        "minute": 58,
        "second": 22,
        "nano": 0
      }
    },
    "citySender": "Мілове",
    "cityRecipient": "Київ"
  },
  {
    "number": 59000456216270,
    "dateTime": {
      "date": {
        "year": 2019,
        "month": 10,
        "day": 20
      },
      "time": {
        "hour": 10,
        "minute": 57,
        "second": 37,
        "nano": 0
      }
    },
    "citySender": "Харків",
    "cityRecipient": "Генічеськ"
  },
  {
    "number": 59000456216271,
    "dateTime": {
      "date": {
        "year": 2019,
        "month": 10,
        "day": 20
      },
      "time": {
        "hour": 10,
        "minute": 58,
        "second": 46,
        "nano": 0
      }
    },
    "citySender": "Луцьк",
    "cityRecipient": "Горішні Плавні"
  },
  {
    "number": 59000456216272,
    "dateTime": {
      "date": {
        "year": 2019,
        "month": 10,
        "day": 20
      },
      "time": {
        "hour": 10,
        "minute": 58,
        "second": 43,
        "nano": 0
      }
    },
    "citySender": "Бердянськ",
    "cityRecipient": "Зміїв"
  },
  {
    "number": 59000456216273,
    "dateTime": {
      "date": {
        "year": 2019,
        "month": 10,
        "day": 20
      },
      "time": {
        "hour": 10,
        "minute": 58,
        "second": 21,
        "nano": 0
      }
    },
    "citySender": "Одеса",
    "cityRecipient": "Одеса"
  },
  {
    "number": 59000456216274,
    "dateTime": {
      "date": {
        "year": 2019,
        "month": 10,
        "day": 20
      },
      "time": {
        "hour": 10,
        "minute": 58,
        "second": 32,
        "nano": 0
      }
    },
    "citySender": "Вінниця",
    "cityRecipient": "Київ"
  },
  {
    "number": 59000456216275,
    "dateTime": {
      "date": {
        "year": 2019,
        "month": 10,
        "day": 20
      },
      "time": {
        "hour": 10,
        "minute": 58,
        "second": 41,
        "nano": 0
      }
    },
    "citySender": "Українка",
    "cityRecipient": "Кропивницький"
  },
  {
    "number": 59000456216276,
    "dateTime": {
      "date": {
        "year": 2019,
        "month": 10,
        "day": 20
      },
      "time": {
        "hour": 10,
        "minute": 58,
        "second": 44,
        "nano": 0
      }
    },
    "citySender": "Драбів",
    "cityRecipient": "Київ"
  },
  {
    "number": 59000456216277,
    "dateTime": {
      "date": {
        "year": 2019,
        "month": 10,
        "day": 20
      },
      "time": {
        "hour": 10,
        "minute": 58,
        "second": 50,
        "nano": 0
      }
    },
    "citySender": "Київ",
    "cityRecipient": "Київ"
  },
  {
    "number": 59000456216278,
    "dateTime": {
      "date": {
        "year": 2019,
        "month": 10,
        "day": 20
      },
      "time": {
        "hour": 10,
        "minute": 58,
        "second": 52,
        "nano": 0
      }
    },
    "citySender": "Костянтинівка (Донецька обл.)",
    "cityRecipient": "Київ"
  },
  {
    "number": 59000456216279,
    "dateTime": {
      "date": {
        "year": 2019,
        "month": 10,
        "day": 20
      },
      "time": {
        "hour": 10,
        "minute": 58,
        "second": 54,
        "nano": 0
      }
    },
    "citySender": "Снігурівка",
    "cityRecipient": "Харків"
  },
  {
    "number": 59000456216280,
    "dateTime": {
      "date": {
        "year": 2019,
        "month": 10,
        "day": 20
      },
      "time": {
        "hour": 10,
        "minute": 58,
        "second": 44,
        "nano": 0
      }
    },
    "citySender": "Одеса",
    "cityRecipient": "Одеса"
  },
  {
    "number": 59000456216281,
    "dateTime": {
      "date": {
        "year": 2019,
        "month": 10,
        "day": 20
      },
      "time": {
        "hour": 10,
        "minute": 58,
        "second": 1,
        "nano": 0
      }
    },
    "citySender": "Нововоронцовка",
    "cityRecipient": "Богданівка (Дніпропетровська обл.)"
  },
  {
    "number": 59000456216282,
    "dateTime": {
      "date": {
        "year": 2019,
        "month": 10,
        "day": 20
      },
      "time": {
        "hour": 10,
        "minute": 58,
        "second": 36,
        "nano": 0
      }
    },
    "citySender": "Очаків",
    "cityRecipient": "Київ"
  },
  {
    "number": 59000456216283,
    "dateTime": {
      "date": {
        "year": 2019,
        "month": 10,
        "day": 20
      },
      "time": {
        "hour": 10,
        "minute": 58,
        "second": 41,
        "nano": 0
      }
    },
    "citySender": "Київ",
    "cityRecipient": "Біла Церква"
  },
  {
    "number": 59000456216284,
    "dateTime": {
      "date": {
        "year": 2019,
        "month": 10,
        "day": 20
      },
      "time": {
        "hour": 10,
        "minute": 58,
        "second": 57,
        "nano": 0
      }
    },
    "citySender": "Дружківка",
    "cityRecipient": "Бровари"
  },
  {
    "number": 59000456216285,
    "dateTime": {
      "date": {
        "year": 2019,
        "month": 10,
        "day": 20
      },
      "time": {
        "hour": 10,
        "minute": 58,
        "second": 38,
        "nano": 0
      }
    },
    "citySender": "Буча",
    "cityRecipient": "Теофіполь"
  },
  {
    "number": 59000456216286,
    "dateTime": {
      "date": {
        "year": 2019,
        "month": 10,
        "day": 20
      },
      "time": {
        "hour": 10,
        "minute": 58,
        "second": 53,
        "nano": 0
      }
    },
    "citySender": "Чернівці",
    "cityRecipient": "Київ"
  },
  {
    "number": 59000456216287,
    "dateTime": {
      "date": {
        "year": 2019,
        "month": 10,
        "day": 20
      },
      "time": {
        "hour": 10,
        "minute": 58,
        "second": 33,
        "nano": 0
      }
    },
    "citySender": "Миколаїв",
    "cityRecipient": "Холодна Балка"
  },
  {
    "number": 59000456216288,
    "dateTime": {
      "date": {
        "year": 2019,
        "month": 10,
        "day": 20
      },
      "time": {
        "hour": 10,
        "minute": 57,
        "second": 23,
        "nano": 0
      }
    },
    "citySender": "Маневичі",
    "cityRecipient": "Маріуполь"
  },
  {
    "number": 59000456216289,
    "dateTime": {
      "date": {
        "year": 2019,
        "month": 10,
        "day": 20
      },
      "time": {
        "hour": 10,
        "minute": 59,
        "second": 1,
        "nano": 0
      }
    },
    "citySender": "Кременчук",
    "cityRecipient": "Одеса"
  },
  {
    "number": 59000456216290,
    "dateTime": {
      "date": {
        "year": 2019,
        "month": 10,
        "day": 20
      },
      "time": {
        "hour": 10,
        "minute": 58,
        "second": 57,
        "nano": 0
      }
    },
    "citySender": "Дніпро",
    "cityRecipient": "Томаківка"
  },
  {
    "number": 59000456216291,
    "dateTime": {
      "date": {
        "year": 2019,
        "month": 10,
        "day": 20
      },
      "time": {
        "hour": 10,
        "minute": 58,
        "second": 25,
        "nano": 0
      }
    },
    "citySender": "Покровськ (Донецька обл.)",
    "cityRecipient": "Дніпро"
  },
  {
    "number": 59000456216292,
    "dateTime": {
      "date": {
        "year": 2019,
        "month": 10,
        "day": 20
      },
      "time": {
        "hour": 10,
        "minute": 59,
        "second": 3,
        "nano": 0
      }
    },
    "citySender": "Десна (Чернігівська обл.)",
    "cityRecipient": "Тернопіль"
  },
  {
    "number": 59000456216293,
    "dateTime": {
      "date": {
        "year": 2019,
        "month": 10,
        "day": 20
      },
      "time": {
        "hour": 10,
        "minute": 58,
        "second": 47,
        "nano": 0
      }
    },
    "citySender": "Бершадь",
    "cityRecipient": "Івано-Франківськ"
  },
  {
    "number": 59000456216294,
    "dateTime": {
      "date": {
        "year": 2019,
        "month": 10,
        "day": 20
      },
      "time": {
        "hour": 10,
        "minute": 57,
        "second": 39,
        "nano": 0
      }
    },
    "citySender": "Харків",
    "cityRecipient": "Запоріжжя"
  },
  {
    "number": 59000456216295,
    "dateTime": {
      "date": {
        "year": 2019,
        "month": 10,
        "day": 20
      },
      "time": {
        "hour": 10,
        "minute": 58,
        "second": 58,
        "nano": 0
      }
    },
    "citySender": "Вишневе",
    "cityRecipient": "Дніпро"
  },
  {
    "number": 59000456216296,
    "dateTime": {
      "date": {
        "year": 2019,
        "month": 10,
        "day": 20
      },
      "time": {
        "hour": 10,
        "minute": 59,
        "second": 6,
        "nano": 0
      }
    },
    "citySender": "Кам\u0027янське(Дніпропетровська обл)",
    "cityRecipient": "Одеса"
  },
  {
    "number": 59000456216297,
    "dateTime": {
      "date": {
        "year": 2019,
        "month": 10,
        "day": 20
      },
      "time": {
        "hour": 10,
        "minute": 58,
        "second": 3,
        "nano": 0
      }
    },
    "citySender": "Луцьк",
    "cityRecipient": "Чернігів"
  },
  {
    "number": 59000456216298,
    "dateTime": {
      "date": {
        "year": 2019,
        "month": 10,
        "day": 20
      },
      "time": {
        "hour": 10,
        "minute": 58,
        "second": 46,
        "nano": 0
      }
    },
    "citySender": "Бершадь",
    "cityRecipient": "Підволочиськ"
  },
  {
    "number": 59000456216299,
    "dateTime": {
      "date": {
        "year": 2019,
        "month": 10,
        "day": 20
      },
      "time": {
        "hour": 10,
        "minute": 58,
        "second": 44,
        "nano": 0
      }
    },
    "citySender": "Володарка",
    "cityRecipient": "Тернопіль"
  },
  {
    "number": 59000456216300,
    "dateTime": {
      "date": {
        "year": 2019,
        "month": 10,
        "day": 20
      },
      "time": {
        "hour": 10,
        "minute": 57,
        "second": 9,
        "nano": 0
      }
    },
    "citySender": "Зміїв",
    "cityRecipient": "Харків"
  },
  {
    "number": 59000456216301,
    "dateTime": {
      "date": {
        "year": 2019,
        "month": 10,
        "day": 20
      },
      "time": {
        "hour": 10,
        "minute": 59,
        "second": 10,
        "nano": 0
      }
    },
    "citySender": "Солоницівка",
    "cityRecipient": "Краматорськ"
  },
  {
    "number": 59000456216302,
    "dateTime": {
      "date": {
        "year": 2019,
        "month": 10,
        "day": 20
      },
      "time": {
        "hour": 10,
        "minute": 58,
        "second": 47,
        "nano": 0
      }
    },
    "citySender": "Боярка",
    "cityRecipient": "Южне"
  },
  {
    "number": 59000456216303,
    "dateTime": {
      "date": {
        "year": 2019,
        "month": 10,
        "day": 20
      },
      "time": {
        "hour": 10,
        "minute": 58,
        "second": 46,
        "nano": 0
      }
    },
    "citySender": "Хмельницький",
    "cityRecipient": "Ужгород"
  },
  {
    "number": 59000456216304,
    "dateTime": {
      "date": {
        "year": 2019,
        "month": 10,
        "day": 20
      },
      "time": {
        "hour": 10,
        "minute": 58,
        "second": 21,
        "nano": 0
      }
    },
    "citySender": "Українка",
    "cityRecipient": "Полтава"
  },
  {
    "number": 59000456216305,
    "dateTime": {
      "date": {
        "year": 2019,
        "month": 10,
        "day": 20
      },
      "time": {
        "hour": 10,
        "minute": 58,
        "second": 39,
        "nano": 0
      }
    },
    "citySender": "Маріуполь",
    "cityRecipient": "Машівка"
  },
  {
    "number": 59000456216306,
    "dateTime": {
      "date": {
        "year": 2019,
        "month": 10,
        "day": 20
      },
      "time": {
        "hour": 10,
        "minute": 59,
        "second": 13,
        "nano": 0
      }
    },
    "citySender": "Запоріжжя",
    "cityRecipient": "Київ"
  },
  {
    "number": 59000456216307,
    "dateTime": {
      "date": {
        "year": 2019,
        "month": 10,
        "day": 20
      },
      "time": {
        "hour": 10,
        "minute": 59,
        "second": 14,
        "nano": 0
      }
    },
    "citySender": "Одеса",
    "cityRecipient": "Стецьківка"
  },
  {
    "number": 59000456216308,
    "dateTime": {
      "date": {
        "year": 2019,
        "month": 10,
        "day": 20
      },
      "time": {
        "hour": 10,
        "minute": 58,
        "second": 47,
        "nano": 0
      }
    },
    "citySender": "Миколаїв",
    "cityRecipient": "Запоріжжя"
  }
]