[
  {
    "number": 59000456225107,
    "dateTime": {
      "date": {
        "year": 2019,
        "month": 10,
        "day": 20
      },
      "time": {
        "hour": 11,
        "minute": 40,
        "second": 12,
        "nano": 0
      }
    },
    "citySender": "Луцьк",
    "cityRecipient": "Хмельницький"
  },
  {
    "number": 59000456225108,
    "dateTime": {
      "date": {
        "year": 2019,
        "month": 10,
        "day": 20
      },
      "time": {
        "hour": 11,
        "minute": 40,
        "second": 12,
        "nano": 0
      }
    },
    "citySender": "Київ",
    "cityRecipient": "Бердянськ"
  },
  {
    "number": 59000456225109,
    "dateTime": {
      "date": {
        "year": 2019,
        "month": 10,
        "day": 20
      },
      "time": {
        "hour": 11,
        "minute": 40,
        "second": 13,
        "nano": 0
      }
    },
    "citySender": "Харків",
    "cityRecipient": "Олевськ"
  },
  {
    "number": 59000456225110,
    "dateTime": {
      "date": {
        "year": 2019,
        "month": 10,
        "day": 20
      },
      "time": {
        "hour": 11,
        "minute": 40,
        "second": 27,
        "nano": 0
      }
    },
    "citySender": "Кременчук",
    "cityRecipient": "Полтава"
  },
  {
    "number": 59000456225111,
    "dateTime": {
      "date": {
        "year": 2019,
        "month": 10,
        "day": 20
      },
      "time": {
        "hour": 11,
        "minute": 40,
        "second": 15,
        "nano": 0
      }
    },
    "citySender": "Горішні Плавні",
    "cityRecipient": "Київ"
  },
  {
    "number": 59000456225112,
    "dateTime": {
      "date": {
        "year": 2019,
        "month": 10,
        "day": 20
      },
      "time": {
        "hour": 11,
        "minute": 40,
        "second": 24,
        "nano": 0
      }
    },
    "citySender": "Харків",
    "cityRecipient": "Дніпро"
  },
  {
    "number": 59000456225113,
    "dateTime": {
      "date": {
        "year": 2019,
        "month": 10,
        "day": 20
      },
      "time": {
        "hour": 11,
        "minute": 40,
        "second": 18,
        "nano": 0
      }
    },
    "citySender": "Харків",
    "cityRecipient": "Баришівка"
  },
  {
    "number": 59000456225114,
    "dateTime": {
      "date": {
        "year": 2019,
        "month": 10,
        "day": 20
      },
      "time": {
        "hour": 11,
        "minute": 40,
        "second": 4,
        "nano": 0
      }
    },
    "citySender": "Ківерці",
    "cityRecipient": "Шепетівка"
  },
  {
    "number": 59000456225115,
    "dateTime": {
      "date": {
        "year": 2019,
        "month": 10,
        "day": 20
      },
      "time": {
        "hour": 11,
        "minute": 40,
        "second": 16,
        "nano": 0
      }
    },
    "citySender": "Кропивницький",
    "cityRecipient": "Харків"
  },
  {
    "number": 59000456225117,
    "dateTime": {
      "date": {
        "year": 2019,
        "month": 10,
        "day": 20
      },
      "time": {
        "hour": 11,
        "minute": 40,
        "second": 18,
        "nano": 0
      }
    },
    "citySender": "Ізяслав",
    "cityRecipient": "Гусятин"
  },
  {
    "number": 59000456225118,
    "dateTime": {
      "date": {
        "year": 2019,
        "month": 10,
        "day": 20
      },
      "time": {
        "hour": 11,
        "minute": 40,
        "second": 17,
        "nano": 0
      }
    },
    "citySender": "Біляївка",
    "cityRecipient": "Дніпро"
  },
  {
    "number": 59000456225119,
    "dateTime": {
      "date": {
        "year": 2019,
        "month": 10,
        "day": 20
      },
      "time": {
        "hour": 11,
        "minute": 40,
        "second": 8,
        "nano": 0
      }
    },
    "citySender": "Вишневе",
    "cityRecipient": "Ірпінь"
  },
  {
    "number": 59000456225120,
    "dateTime": {
      "date": {
        "year": 2019,
        "month": 10,
        "day": 20
      },
      "time": {
        "hour": 11,
        "minute": 40,
        "second": 26,
        "nano": 0
      }
    },
    "citySender": "Кам\u0027янське (Запорізька обл.)",
    "cityRecipient": "Кам\u0027янське(Дніпропетровська обл)"
  },
  {
    "number": 59000456225121,
    "dateTime": {
      "date": {
        "year": 2019,
        "month": 10,
        "day": 20
      },
      "time": {
        "hour": 11,
        "minute": 40,
        "second": 25,
        "nano": 0
      }
    },
    "citySender": "Миколаїв",
    "cityRecipient": "Чорноморськ"
  },
  {
    "number": 59000456225122,
    "dateTime": {
      "date": {
        "year": 2019,
        "month": 10,
        "day": 20
      },
      "time": {
        "hour": 11,
        "minute": 39,
        "second": 21,
        "nano": 0
      }
    },
    "citySender": "Шостка",
    "cityRecipient": "Куп\u0027янськ"
  },
  {
    "number": 59000456225123,
    "dateTime": {
      "date": {
        "year": 2019,
        "month": 10,
        "day": 20
      },
      "time": {
        "hour": 11,
        "minute": 40,
        "second": 18,
        "nano": 0
      }
    },
    "citySender": "Чернівці",
    "cityRecipient": "Ржищів"
  },
  {
    "number": 59000456225124,
    "dateTime": {
      "date": {
        "year": 2019,
        "month": 10,
        "day": 20
      },
      "time": {
        "hour": 11,
        "minute": 40,
        "second": 22,
        "nano": 0
      }
    },
    "citySender": "Київ",
    "cityRecipient": "Кривий Ріг"
  },
  {
    "number": 59000456225125,
    "dateTime": {
      "date": {
        "year": 2019,
        "month": 10,
        "day": 20
      },
      "time": {
        "hour": 11,
        "minute": 40,
        "second": 26,
        "nano": 0
      }
    },
    "citySender": "Київ",
    "cityRecipient": "Київ"
  },
  {
    "number": 59000456225126,
    "dateTime": {
      "date": {
        "year": 2019,
        "month": 10,
        "day": 20
      },
      "time": {
        "hour": 11,
        "minute": 39,
        "second": 52,
        "nano": 0
      }
    },
    "citySender": "Вишневе",
    "cityRecipient": "Київ"
  },
  {
    "number": 59000456225127,
    "dateTime": {
      "date": {
        "year": 2019,
        "month": 10,
        "day": 20
      },
      "time": {
        "hour": 11,
        "minute": 39,
        "second": 48,
        "nano": 0
      }
    },
    "citySender": "Кривий Ріг",
    "cityRecipient": "Глодоси"
  },
  {
    "number": 59000456225128,
    "dateTime": {
      "date": {
        "year": 2019,
        "month": 10,
        "day": 20
      },
      "time": {
        "hour": 11,
        "minute": 38,
        "second": 40,
        "nano": 0
      }
    },
    "citySender": "Кам\u0027янське(Дніпропетровська обл)",
    "cityRecipient": "Харків"
  },
  {
    "number": 59000456225129,
    "dateTime": {
      "date": {
        "year": 2019,
        "month": 10,
        "day": 20
      },
      "time": {
        "hour": 11,
        "minute": 39,
        "second": 54,
        "nano": 0
      }
    },
    "citySender": "Турійськ",
    "cityRecipient": "Ковель"
  },
  {
    "number": 59000456225130,
    "dateTime": {
      "date": {
        "year": 2019,
        "month": 10,
        "day": 20
      },
      "time": {
        "hour": 11,
        "minute": 40,
        "second": 6,
        "nano": 0
      }
    },
    "citySender": "Волноваха",
    "cityRecipient": "Київ"
  },
  {
    "number": 59000456225131,
    "dateTime": {
      "date": {
        "year": 2019,
        "month": 10,
        "day": 20
      },
      "time": {
        "hour": 11,
        "minute": 39,
        "second": 50,
        "nano": 0
      }
    },
    "citySender": "Київ",
    "cityRecipient": "Київ"
  },
  {
    "number": 59000456225132,
    "dateTime": {
      "date": {
        "year": 2019,
        "month": 10,
        "day": 20
      },
      "time": {
        "hour": 11,
        "minute": 39,
        "second": 53,
        "nano": 0
      }
    },
    "citySender": "Київ",
    "cityRecipient": "Кропивницький"
  },
  {
    "number": 59000456225133,
    "dateTime": {
      "date": {
        "year": 2019,
        "month": 10,
        "day": 20
      },
      "time": {
        "hour": 11,
        "minute": 40,
        "second": 26,
        "nano": 0
      }
    },
    "citySender": "Чернівці",
    "cityRecipient": "Львів"
  },
  {
    "number": 59000456225134,
    "dateTime": {
      "date": {
        "year": 2019,
        "month": 10,
        "day": 20
      },
      "time": {
        "hour": 11,
        "minute": 39,
        "second": 52,
        "nano": 0
      }
    },
    "citySender": "Малин",
    "cityRecipient": "Львів"
  },
  {
    "number": 59000456225135,
    "dateTime": {
      "date": {
        "year": 2019,
        "month": 10,
        "day": 20
      },
      "time": {
        "hour": 11,
        "minute": 40,
        "second": 21,
        "nano": 0
      }
    },
    "citySender": "Київ",
    "cityRecipient": "Рівне"
  },
  {
    "number": 59000456225136,
    "dateTime": {
      "date": {
        "year": 2019,
        "month": 10,
        "day": 20
      },
      "time": {
        "hour": 11,
        "minute": 40,
        "second": 22,
        "nano": 0
      }
    },
    "citySender": "Харків",
    "cityRecipient": "Київ"
  },
  {
    "number": 59000456225137,
    "dateTime": {
      "date": {
        "year": 2019,
        "month": 10,
        "day": 20
      },
      "time": {
        "hour": 11,
        "minute": 40,
        "second": 13,
        "nano": 0
      }
    },
    "citySender": "Житомир",
    "cityRecipient": "Ізяслав"
  },
  {
    "number": 59000456225138,
    "dateTime": {
      "date": {
        "year": 2019,
        "month": 10,
        "day": 20
      },
      "time": {
        "hour": 11,
        "minute": 40,
        "second": 25,
        "nano": 0
      }
    },
    "citySender": "Київ",
    "cityRecipient": "Кременчук"
  },
  {
    "number": 59000456225139,
    "dateTime": {
      "date": {
        "year": 2019,
        "month": 10,
        "day": 20
      },
      "time": {
        "hour": 11,
        "minute": 40,
        "second": 27,
        "nano": 0
      }
    },
    "citySender": "Одеса",
    "cityRecipient": "Чорноморськ"
  },
  {
    "number": 59000456225140,
    "dateTime": {
      "date": {
        "year": 2019,
        "month": 10,
        "day": 20
      },
      "time": {
        "hour": 11,
        "minute": 39,
        "second": 55,
        "nano": 0
      }
    },
    "citySender": "Лозова",
    "cityRecipient": "Київ"
  },
  {
    "number": 59000456225141,
    "dateTime": {
      "date": {
        "year": 2019,
        "month": 10,
        "day": 20
      },
      "time": {
        "hour": 11,
        "minute": 40,
        "second": 36,
        "nano": 0
      }
    },
    "citySender": "Харків",
    "cityRecipient": "Крихівці"
  },
  {
    "number": 59000456225142,
    "dateTime": {
      "date": {
        "year": 2019,
        "month": 10,
        "day": 20
      },
      "time": {
        "hour": 11,
        "minute": 40,
        "second": 31,
        "nano": 0
      }
    },
    "citySender": "Одеса",
    "cityRecipient": "Синельникове"
  },
  {
    "number": 59000456225143,
    "dateTime": {
      "date": {
        "year": 2019,
        "month": 10,
        "day": 20
      },
      "time": {
        "hour": 11,
        "minute": 40,
        "second": 20,
        "nano": 0
      }
    },
    "citySender": "Суми",
    "cityRecipient": "Вільне (Сумська обл.)"
  },
  {
    "number": 59000456225144,
    "dateTime": {
      "date": {
        "year": 2019,
        "month": 10,
        "day": 20
      },
      "time": {
        "hour": 11,
        "minute": 38,
        "second": 44,
        "nano": 0
      }
    },
    "citySender": "Велика Олександрівка (Херсонська обл.)",
    "cityRecipient": "Львів"
  },
  {
    "number": 59000456225145,
    "dateTime": {
      "date": {
        "year": 2019,
        "month": 10,
        "day": 20
      },
      "time": {
        "hour": 11,
        "minute": 40,
        "second": 0,
        "nano": 0
      }
    },
    "citySender": "Луцьк",
    "cityRecipient": "Суми"
  },
  {
    "number": 59000456225146,
    "dateTime": {
      "date": {
        "year": 2019,
        "month": 10,
        "day": 20
      },
      "time": {
        "hour": 11,
        "minute": 40,
        "second": 37,
        "nano": 0
      }
    },
    "citySender": "Біляївка",
    "cityRecipient": "Одеса"
  },
  {
    "number": 59000456225147,
    "dateTime": {
      "date": {
        "year": 2019,
        "month": 10,
        "day": 20
      },
      "time": {
        "hour": 11,
        "minute": 40,
        "second": 36,
        "nano": 0
      }
    },
    "citySender": "Чернівці",
    "cityRecipient": "Дніпро"
  },
  {
    "number": 59000456225148,
    "dateTime": {
      "date": {
        "year": 2019,
        "month": 10,
        "day": 20
      },
      "time": {
        "hour": 11,
        "minute": 40,
        "second": 37,
        "nano": 0
      }
    },
    "citySender": "Чайки",
    "cityRecipient": "Одеса"
  },
  {
    "number": 59000456225149,
    "dateTime": {
      "date": {
        "year": 2019,
        "month": 10,
        "day": 20
      },
      "time": {
        "hour": 11,
        "minute": 40,
        "second": 29,
        "nano": 0
      }
    },
    "citySender": "Київ",
    "cityRecipient": "Корсунь-Шевченківський"
  },
  {
    "number": 59000456225150,
    "dateTime": {
      "date": {
        "year": 2019,
        "month": 10,
        "day": 20
      },
      "time": {
        "hour": 11,
        "minute": 40,
        "second": 34,
        "nano": 0
      }
    },
    "citySender": "Копайгород",
    "cityRecipient": "Київ"
  },
  {
    "number": 59000456225151,
    "dateTime": {
      "date": {
        "year": 2019,
        "month": 10,
        "day": 20
      },
      "time": {
        "hour": 11,
        "minute": 40,
        "second": 13,
        "nano": 0
      }
    },
    "citySender": "Мукачево",
    "cityRecipient": "Боярка"
  },
  {
    "number": 59000456225152,
    "dateTime": {
      "date": {
        "year": 2019,
        "month": 10,
        "day": 20
      },
      "time": {
        "hour": 11,
        "minute": 40,
        "second": 16,
        "nano": 0
      }
    },
    "citySender": "Кривий Ріг",
    "cityRecipient": "Вінниця"
  },
  {
    "number": 59000456225153,
    "dateTime": {
      "date": {
        "year": 2019,
        "month": 10,
        "day": 20
      },
      "time": {
        "hour": 11,
        "minute": 40,
        "second": 31,
        "nano": 0
      }
    },
    "citySender": "Жовті Води",
    "cityRecipient": "Дніпро"
  },
  {
    "number": 59000456225154,
    "dateTime": {
      "date": {
        "year": 2019,
        "month": 10,
        "day": 20
      },
      "time": {
        "hour": 11,
        "minute": 40,
        "second": 39,
        "nano": 0
      }
    },
    "citySender": "Снігурівка",
    "cityRecipient": "Кривий Ріг"
  },
  {
    "number": 59000456225155,
    "dateTime": {
      "date": {
        "year": 2019,
        "month": 10,
        "day": 20
      },
      "time": {
        "hour": 11,
        "minute": 39,
        "second": 43,
        "nano": 0
      }
    },
    "citySender": "Вишневе",
    "cityRecipient": "Вереміївка"
  },
  {
    "number": 59000456225156,
    "dateTime": {
      "date": {
        "year": 2019,
        "month": 10,
        "day": 20
      },
      "time": {
        "hour": 11,
        "minute": 40,
        "second": 24,
        "nano": 0
      }
    },
    "citySender": "Хмельницький",
    "cityRecipient": "Буштино"
  },
  {
    "number": 59000456225157,
    "dateTime": {
      "date": {
        "year": 2019,
        "month": 10,
        "day": 20
      },
      "time": {
        "hour": 11,
        "minute": 40,
        "second": 40,
        "nano": 0
      }
    },
    "citySender": "Львів",
    "cityRecipient": "Київ"
  },
  {
    "number": 59000456225158,
    "dateTime": {
      "date": {
        "year": 2019,
        "month": 10,
        "day": 20
      },
      "time": {
        "hour": 11,
        "minute": 40,
        "second": 33,
        "nano": 0
      }
    },
    "citySender": "Одеса",
    "cityRecipient": "Коломия"
  },
  {
    "number": 59000456225159,
    "dateTime": {
      "date": {
        "year": 2019,
        "month": 10,
        "day": 20
      },
      "time": {
        "hour": 11,
        "minute": 40,
        "second": 10,
        "nano": 0
      }
    },
    "citySender": "Київ",
    "cityRecipient": "Умань"
  },
  {
    "number": 59000456225160,
    "dateTime": {
      "date": {
        "year": 2019,
        "month": 10,
        "day": 20
      },
      "time": {
        "hour": 11,
        "minute": 40,
        "second": 11,
        "nano": 0
      }
    },
    "citySender": "Одеса",
    "cityRecipient": "Водяники"
  },
  {
    "number": 59000456225161,
    "dateTime": {
      "date": {
        "year": 2019,
        "month": 10,
        "day": 20
      },
      "time": {
        "hour": 11,
        "minute": 40,
        "second": 29,
        "nano": 0
      }
    },
    "citySender": "Запоріжжя",
    "cityRecipient": "Харків"
  },
  {
    "number": 59000456225162,
    "dateTime": {
      "date": {
        "year": 2019,
        "month": 10,
        "day": 20
      },
      "time": {
        "hour": 11,
        "minute": 40,
        "second": 34,
        "nano": 0
      }
    },
    "citySender": "Біла Церква",
    "cityRecipient": "Боярка"
  },
  {
    "number": 59000456225163,
    "dateTime": {
      "date": {
        "year": 2019,
        "month": 10,
        "day": 20
      },
      "time": {
        "hour": 11,
        "minute": 40,
        "second": 31,
        "nano": 0
      }
    },
    "citySender": "Київ",
    "cityRecipient": "Київ"
  },
  {
    "number": 59000456225164,
    "dateTime": {
      "date": {
        "year": 2019,
        "month": 10,
        "day": 20
      },
      "time": {
        "hour": 11,
        "minute": 40,
        "second": 15,
        "nano": 0
      }
    },
    "citySender": "Хмельницький",
    "cityRecipient": "Київ"
  },
  {
    "number": 59000456225165,
    "dateTime": {
      "date": {
        "year": 2019,
        "month": 10,
        "day": 20
      },
      "time": {
        "hour": 11,
        "minute": 40,
        "second": 41,
        "nano": 0
      }
    },
    "citySender": "Вишневе",
    "cityRecipient": "Київ"
  },
  {
    "number": 59000456225166,
    "dateTime": {
      "date": {
        "year": 2019,
        "month": 10,
        "day": 20
      },
      "time": {
        "hour": 11,
        "minute": 40,
        "second": 43,
        "nano": 0
      }
    },
    "citySender": "Новотроїцьке (Донецька обл.)",
    "cityRecipient": "Чернівці"
  },
  {
    "number": 59000456225167,
    "dateTime": {
      "date": {
        "year": 2019,
        "month": 10,
        "day": 20
      },
      "time": {
        "hour": 11,
        "minute": 40,
        "second": 44,
        "nano": 0
      }
    },
    "citySender": "Волочиськ",
    "cityRecipient": "Черкаси"
  },
  {
    "number": 59000456225168,
    "dateTime": {
      "date": {
        "year": 2019,
        "month": 10,
        "day": 20
      },
      "time": {
        "hour": 11,
        "minute": 40,
        "second": 36,
        "nano": 0
      }
    },
    "citySender": "Харків",
    "cityRecipient": "Вишневе"
  },
  {
    "number": 59000456225169,
    "dateTime": {
      "date": {
        "year": 2019,
        "month": 10,
        "day": 20
      },
      "time": {
        "hour": 11,
        "minute": 40,
        "second": 45,
        "nano": 0
      }
    },
    "citySender": "Покровськ (Донецька обл.)",
    "cityRecipient": "Авангард"
  },
  {
    "number": 59000456225170,
    "dateTime": {
      "date": {
        "year": 2019,
        "month": 10,
        "day": 20
      },
      "time": {
        "hour": 11,
        "minute": 40,
        "second": 37,
        "nano": 0
      }
    },
    "citySender": "Одеса",
    "cityRecipient": "Вишгород"
  },
  {
    "number": 59000456225172,
    "dateTime": {
      "date": {
        "year": 2019,
        "month": 10,
        "day": 20
      },
      "time": {
        "hour": 11,
        "minute": 40,
        "second": 20,
        "nano": 0
      }
    },
    "citySender": "Київ",
    "cityRecipient": "Київ"
  },
  {
    "number": 59000456225173,
    "dateTime": {
      "date": {
        "year": 2019,
        "month": 10,
        "day": 20
      },
      "time": {
        "hour": 11,
        "minute": 39,
        "second": 46,
        "nano": 0
      }
    },
    "citySender": "Чайки",
    "cityRecipient": "Таїрове"
  },
  {
    "number": 59000456225174,
    "dateTime": {
      "date": {
        "year": 2019,
        "month": 10,
        "day": 20
      },
      "time": {
        "hour": 11,
        "minute": 40,
        "second": 40,
        "nano": 0
      }
    },
    "citySender": "Любомль",
    "cityRecipient": "Одеса"
  },
  {
    "number": 59000456225175,
    "dateTime": {
      "date": {
        "year": 2019,
        "month": 10,
        "day": 20
      },
      "time": {
        "hour": 11,
        "minute": 40,
        "second": 41,
        "nano": 0
      }
    },
    "citySender": "Дніпро",
    "cityRecipient": "Хмельницький"
  },
  {
    "number": 59000456225176,
    "dateTime": {
      "date": {
        "year": 2019,
        "month": 10,
        "day": 20
      },
      "time": {
        "hour": 11,
        "minute": 39,
        "second": 47,
        "nano": 0
      }
    },
    "citySender": "Розсошенці(Полтавська обл.)",
    "cityRecipient": "Висунськ"
  },
  {
    "number": 59000456225177,
    "dateTime": {
      "date": {
        "year": 2019,
        "month": 10,
        "day": 20
      },
      "time": {
        "hour": 11,
        "minute": 40,
        "second": 31,
        "nano": 0
      }
    },
    "citySender": "Прилуки",
    "cityRecipient": "Харків"
  },
  {
    "number": 59000456225178,
    "dateTime": {
      "date": {
        "year": 2019,
        "month": 10,
        "day": 20
      },
      "time": {
        "hour": 11,
        "minute": 40,
        "second": 47,
        "nano": 0
      }
    },
    "citySender": "Київ",
    "cityRecipient": "Київ"
  },
  {
    "number": 59000456225179,
    "dateTime": {
      "date": {
        "year": 2019,
        "month": 10,
        "day": 20
      },
      "time": {
        "hour": 11,
        "minute": 40,
        "second": 48,
        "nano": 0
      }
    },
    "citySender": "Харків",
    "cityRecipient": "Київ"
  },
  {
    "number": 59000456225180,
    "dateTime": {
      "date": {
        "year": 2019,
        "month": 10,
        "day": 20
      },
      "time": {
        "hour": 11,
        "minute": 40,
        "second": 48,
        "nano": 0
      }
    },
    "citySender": "Харків",
    "cityRecipient": "Рівне"
  },
  {
    "number": 59000456225181,
    "dateTime": {
      "date": {
        "year": 2019,
        "month": 10,
        "day": 20
      },
      "time": {
        "hour": 11,
        "minute": 39,
        "second": 42,
        "nano": 0
      }
    },
    "citySender": "Одеса",
    "cityRecipient": "Світловодськ"
  },
  {
    "number": 59000456225182,
    "dateTime": {
      "date": {
        "year": 2019,
        "month": 10,
        "day": 20
      },
      "time": {
        "hour": 11,
        "minute": 40,
        "second": 8,
        "nano": 0
      }
    },
    "citySender": "Кременчук",
    "cityRecipient": "Черкаси"
  },
  {
    "number": 59000456225183,
    "dateTime": {
      "date": {
        "year": 2019,
        "month": 10,
        "day": 20
      },
      "time": {
        "hour": 11,
        "minute": 40,
        "second": 44,
        "nano": 0
      }
    },
    "citySender": "Харків",
    "cityRecipient": "Харків"
  },
  {
    "number": 59000456225184,
    "dateTime": {
      "date": {
        "year": 2019,
        "month": 10,
        "day": 20
      },
      "time": {
        "hour": 11,
        "minute": 40,
        "second": 42,
        "nano": 0
      }
    },
    "citySender": "Миргород",
    "cityRecipient": "Полтава"
  },
  {
    "number": 59000456225185,
    "dateTime": {
      "date": {
        "year": 2019,
        "month": 10,
        "day": 20
      },
      "time": {
        "hour": 11,
        "minute": 40,
        "second": 42,
        "nano": 0
      }
    },
    "citySender": "Луцьк",
    "cityRecipient": "Первомайськ(Микол.обл.Первомайс.р-н)"
  },
  {
    "number": 59000456225187,
    "dateTime": {
      "date": {
        "year": 2019,
        "month": 10,
        "day": 20
      },
      "time": {
        "hour": 11,
        "minute": 40,
        "second": 43,
        "nano": 0
      }
    },
    "citySender": "Покров (Дніпропетровська обл.)",
    "cityRecipient": "Іваничі (Волинська обл.)"
  },
  {
    "number": 59000456225189,
    "dateTime": {
      "date": {
        "year": 2019,
        "month": 10,
        "day": 20
      },
      "time": {
        "hour": 11,
        "minute": 40,
        "second": 42,
        "nano": 0
      }
    },
    "citySender": "Маріуполь",
    "cityRecipient": "Київ"
  },
  {
    "number": 59000456225190,
    "dateTime": {
      "date": {
        "year": 2019,
        "month": 10,
        "day": 20
      },
      "time": {
        "hour": 11,
        "minute": 40,
        "second": 53,
        "nano": 0
      }
    },
    "citySender": "Чернівці",
    "cityRecipient": "Київ"
  },
  {
    "number": 59000456225191,
    "dateTime": {
      "date": {
        "year": 2019,
        "month": 10,
        "day": 20
      },
      "time": {
        "hour": 11,
        "minute": 40,
        "second": 53,
        "nano": 0
      }
    },
    "citySender": "Київ",
    "cityRecipient": "Київ"
  },
  {
    "number": 59000456225192,
    "dateTime": {
      "date": {
        "year": 2019,
        "month": 10,
        "day": 20
      },
      "time": {
        "hour": 11,
        "minute": 39,
        "second": 38,
        "nano": 0
      }
    },
    "citySender": "Дніпро",
    "cityRecipient": "Київ"
  },
  {
    "number": 59000456225193,
    "dateTime": {
      "date": {
        "year": 2019,
        "month": 10,
        "day": 20
      },
      "time": {
        "hour": 11,
        "minute": 40,
        "second": 37,
        "nano": 0
      }
    },
    "citySender": "Херсон",
    "cityRecipient": "Київ"
  },
  {
    "number": 59000456225194,
    "dateTime": {
      "date": {
        "year": 2019,
        "month": 10,
        "day": 20
      },
      "time": {
        "hour": 11,
        "minute": 40,
        "second": 19,
        "nano": 0
      }
    },
    "citySender": "Теплодар",
    "cityRecipient": "Ізмаїл"
  },
  {
    "number": 59000456225195,
    "dateTime": {
      "date": {
        "year": 2019,
        "month": 10,
        "day": 20
      },
      "time": {
        "hour": 11,
        "minute": 40,
        "second": 45,
        "nano": 0
      }
    },
    "citySender": "Запоріжжя",
    "cityRecipient": "Кам\u0027янка-Бузька"
  },
  {
    "number": 59000456225196,
    "dateTime": {
      "date": {
        "year": 2019,
        "month": 10,
        "day": 20
      },
      "time": {
        "hour": 11,
        "minute": 40,
        "second": 5,
        "nano": 0
      }
    },
    "citySender": "Дніпро",
    "cityRecipient": "Слов\u0027янськ"
  },
  {
    "number": 59000456225197,
    "dateTime": {
      "date": {
        "year": 2019,
        "month": 10,
        "day": 20
      },
      "time": {
        "hour": 11,
        "minute": 39,
        "second": 56,
        "nano": 0
      }
    },
    "citySender": "Суми",
    "cityRecipient": "Миколаїв"
  },
  {
    "number": 59000456225198,
    "dateTime": {
      "date": {
        "year": 2019,
        "month": 10,
        "day": 20
      },
      "time": {
        "hour": 11,
        "minute": 40,
        "second": 52,
        "nano": 0
      }
    },
    "citySender": "Кам\u0027янське(Дніпропетровська обл)",
    "cityRecipient": "Дніпро"
  },
  {
    "number": 59000456225199,
    "dateTime": {
      "date": {
        "year": 2019,
        "month": 10,
        "day": 20
      },
      "time": {
        "hour": 11,
        "minute": 40,
        "second": 54,
        "nano": 0
      }
    },
    "citySender": "Одеса",
    "cityRecipient": "Одеса"
  },
  {
    "number": 59000456225200,
    "dateTime": {
      "date": {
        "year": 2019,
        "month": 10,
        "day": 20
      },
      "time": {
        "hour": 11,
        "minute": 40,
        "second": 32,
        "nano": 0
      }
    },
    "citySender": "Полтава",
    "cityRecipient": "Славута"
  },
  {
    "number": 59000456225201,
    "dateTime": {
      "date": {
        "year": 2019,
        "month": 10,
        "day": 20
      },
      "time": {
        "hour": 11,
        "minute": 40,
        "second": 21,
        "nano": 0
      }
    },
    "citySender": "Костянтинівка (Донецька обл.)",
    "cityRecipient": "Заболотів (Снятинський р-н)"
  },
  {
    "number": 59000456225202,
    "dateTime": {
      "date": {
        "year": 2019,
        "month": 10,
        "day": 20
      },
      "time": {
        "hour": 11,
        "minute": 40,
        "second": 34,
        "nano": 0
      }
    },
    "citySender": "Суми",
    "cityRecipient": "Київ"
  },
  {
    "number": 59000456225203,
    "dateTime": {
      "date": {
        "year": 2019,
        "month": 10,
        "day": 20
      },
      "time": {
        "hour": 11,
        "minute": 40,
        "second": 54,
        "nano": 0
      }
    },
    "citySender": "Дніпро",
    "cityRecipient": "Київ"
  },
  {
    "number": 59000456225204,
    "dateTime": {
      "date": {
        "year": 2019,
        "month": 10,
        "day": 20
      },
      "time": {
        "hour": 11,
        "minute": 40,
        "second": 31,
        "nano": 0
      }
    },
    "citySender": "Тернопіль",
    "cityRecipient": "Харків"
  },
  {
    "number": 59000456225205,
    "dateTime": {
      "date": {
        "year": 2019,
        "month": 10,
        "day": 20
      },
      "time": {
        "hour": 11,
        "minute": 39,
        "second": 51,
        "nano": 0
      }
    },
    "citySender": "Чернігів",
    "cityRecipient": "Дніпро"
  },
  {
    "number": 59000456225206,
    "dateTime": {
      "date": {
        "year": 2019,
        "month": 10,
        "day": 20
      },
      "time": {
        "hour": 11,
        "minute": 40,
        "second": 28,
        "nano": 0
      }
    },
    "citySender": "Станиця Луганська",
    "cityRecipient": "Житомир"
  }
]