[
  {
    "number": 59000456256699,
    "dateTime": {
      "date": {
        "year": 2019,
        "month": 10,
        "day": 20
      },
      "time": {
        "hour": 14,
        "minute": 51,
        "second": 5,
        "nano": 0
      }
    },
    "citySender": "Черкаси",
    "cityRecipient": "Каховка"
  },
  {
    "number": 59000456256700,
    "dateTime": {
      "date": {
        "year": 2019,
        "month": 10,
        "day": 20
      },
      "time": {
        "hour": 14,
        "minute": 51,
        "second": 4,
        "nano": 0
      }
    },
    "citySender": "Рівне",
    "cityRecipient": "Павлоград"
  },
  {
    "number": 59000456256701,
    "dateTime": {
      "date": {
        "year": 2019,
        "month": 10,
        "day": 20
      },
      "time": {
        "hour": 14,
        "minute": 50,
        "second": 12,
        "nano": 0
      }
    },
    "citySender": "Одеса",
    "cityRecipient": "Часів Яр"
  },
  {
    "number": 59000456256702,
    "dateTime": {
      "date": {
        "year": 2019,
        "month": 10,
        "day": 20
      },
      "time": {
        "hour": 14,
        "minute": 51,
        "second": 10,
        "nano": 0
      }
    },
    "citySender": "Синельникове",
    "cityRecipient": "Одеса"
  },
  {
    "number": 59000456256703,
    "dateTime": {
      "date": {
        "year": 2019,
        "month": 10,
        "day": 20
      },
      "time": {
        "hour": 14,
        "minute": 50,
        "second": 33,
        "nano": 0
      }
    },
    "citySender": "Одеса",
    "cityRecipient": "Харків"
  },
  {
    "number": 59000456256704,
    "dateTime": {
      "date": {
        "year": 2019,
        "month": 10,
        "day": 20
      },
      "time": {
        "hour": 14,
        "minute": 51,
        "second": 3,
        "nano": 0
      }
    },
    "citySender": "Київ",
    "cityRecipient": "Суми"
  },
  {
    "number": 59000456256705,
    "dateTime": {
      "date": {
        "year": 2019,
        "month": 10,
        "day": 20
      },
      "time": {
        "hour": 14,
        "minute": 50,
        "second": 7,
        "nano": 0
      }
    },
    "citySender": "Миколаїв",
    "cityRecipient": "Новомиргород"
  },
  {
    "number": 59000456256706,
    "dateTime": {
      "date": {
        "year": 2019,
        "month": 10,
        "day": 20
      },
      "time": {
        "hour": 14,
        "minute": 50,
        "second": 29,
        "nano": 0
      }
    },
    "citySender": "Тячів",
    "cityRecipient": "Одеса"
  },
  {
    "number": 59000456256707,
    "dateTime": {
      "date": {
        "year": 2019,
        "month": 10,
        "day": 20
      },
      "time": {
        "hour": 14,
        "minute": 50,
        "second": 12,
        "nano": 0
      }
    },
    "citySender": "Київ",
    "cityRecipient": "Харків"
  },
  {
    "number": 59000456256708,
    "dateTime": {
      "date": {
        "year": 2019,
        "month": 10,
        "day": 20
      },
      "time": {
        "hour": 14,
        "minute": 51,
        "second": 0,
        "nano": 0
      }
    },
    "citySender": "Хмельницький",
    "cityRecipient": "Дніпро"
  },
  {
    "number": 59000456256709,
    "dateTime": {
      "date": {
        "year": 2019,
        "month": 10,
        "day": 20
      },
      "time": {
        "hour": 14,
        "minute": 50,
        "second": 56,
        "nano": 0
      }
    },
    "citySender": "Рівне",
    "cityRecipient": "Київ"
  },
  {
    "number": 59000456256710,
    "dateTime": {
      "date": {
        "year": 2019,
        "month": 10,
        "day": 20
      },
      "time": {
        "hour": 14,
        "minute": 50,
        "second": 22,
        "nano": 0
      }
    },
    "citySender": "Хмельницький",
    "cityRecipient": "Славута"
  },
  {
    "number": 59000456256711,
    "dateTime": {
      "date": {
        "year": 2019,
        "month": 10,
        "day": 20
      },
      "time": {
        "hour": 14,
        "minute": 50,
        "second": 51,
        "nano": 0
      }
    },
    "citySender": "Київ",
    "cityRecipient": "Полтава"
  },
  {
    "number": 59000456256712,
    "dateTime": {
      "date": {
        "year": 2019,
        "month": 10,
        "day": 20
      },
      "time": {
        "hour": 14,
        "minute": 51,
        "second": 24,
        "nano": 0
      }
    },
    "citySender": "Боярка",
    "cityRecipient": "Київ"
  },
  {
    "number": 59000456256713,
    "dateTime": {
      "date": {
        "year": 2019,
        "month": 10,
        "day": 20
      },
      "time": {
        "hour": 14,
        "minute": 51,
        "second": 6,
        "nano": 0
      }
    },
    "citySender": "Київ",
    "cityRecipient": "Одеса"
  },
  {
    "number": 59000456256714,
    "dateTime": {
      "date": {
        "year": 2019,
        "month": 10,
        "day": 20
      },
      "time": {
        "hour": 14,
        "minute": 51,
        "second": 24,
        "nano": 0
      }
    },
    "citySender": "Київ",
    "cityRecipient": "Біла Церква"
  },
  {
    "number": 59000456256715,
    "dateTime": {
      "date": {
        "year": 2019,
        "month": 10,
        "day": 20
      },
      "time": {
        "hour": 14,
        "minute": 51,
        "second": 16,
        "nano": 0
      }
    },
    "citySender": "Запоріжжя",
    "cityRecipient": "Кропивницький"
  },
  {
    "number": 59000456256716,
    "dateTime": {
      "date": {
        "year": 2019,
        "month": 10,
        "day": 20
      },
      "time": {
        "hour": 14,
        "minute": 51,
        "second": 0,
        "nano": 0
      }
    },
    "citySender": "Тернопіль",
    "cityRecipient": "Яворів"
  },
  {
    "number": 59000456256717,
    "dateTime": {
      "date": {
        "year": 2019,
        "month": 10,
        "day": 20
      },
      "time": {
        "hour": 14,
        "minute": 51,
        "second": 19,
        "nano": 0
      }
    },
    "citySender": "Нікополь (Дніпропетровська обл.)",
    "cityRecipient": "Рівне"
  },
  {
    "number": 59000456256718,
    "dateTime": {
      "date": {
        "year": 2019,
        "month": 10,
        "day": 20
      },
      "time": {
        "hour": 14,
        "minute": 51,
        "second": 21,
        "nano": 0
      }
    },
    "citySender": "Іллінці",
    "cityRecipient": "Ладижин"
  },
  {
    "number": 59000456256719,
    "dateTime": {
      "date": {
        "year": 2019,
        "month": 10,
        "day": 20
      },
      "time": {
        "hour": 14,
        "minute": 51,
        "second": 16,
        "nano": 0
      }
    },
    "citySender": "Одеса",
    "cityRecipient": "Черкаси"
  },
  {
    "number": 59000456256720,
    "dateTime": {
      "date": {
        "year": 2019,
        "month": 10,
        "day": 20
      },
      "time": {
        "hour": 14,
        "minute": 51,
        "second": 11,
        "nano": 0
      }
    },
    "citySender": "Київ",
    "cityRecipient": "Житомир"
  },
  {
    "number": 59000456256721,
    "dateTime": {
      "date": {
        "year": 2019,
        "month": 10,
        "day": 20
      },
      "time": {
        "hour": 14,
        "minute": 51,
        "second": 2,
        "nano": 0
      }
    },
    "citySender": "Одеса",
    "cityRecipient": "Шегині"
  },
  {
    "number": 59000456256722,
    "dateTime": {
      "date": {
        "year": 2019,
        "month": 10,
        "day": 20
      },
      "time": {
        "hour": 14,
        "minute": 50,
        "second": 33,
        "nano": 0
      }
    },
    "citySender": "Дніпро",
    "cityRecipient": "Дніпрорудне"
  },
  {
    "number": 59000456256723,
    "dateTime": {
      "date": {
        "year": 2019,
        "month": 10,
        "day": 20
      },
      "time": {
        "hour": 14,
        "minute": 51,
        "second": 27,
        "nano": 0
      }
    },
    "citySender": "Харків",
    "cityRecipient": "Івано-Франківськ"
  },
  {
    "number": 59000456256724,
    "dateTime": {
      "date": {
        "year": 2019,
        "month": 10,
        "day": 20
      },
      "time": {
        "hour": 14,
        "minute": 51,
        "second": 29,
        "nano": 0
      }
    },
    "citySender": "Дніпро",
    "cityRecipient": "Липовець"
  },
  {
    "number": 59000456256725,
    "dateTime": {
      "date": {
        "year": 2019,
        "month": 10,
        "day": 20
      },
      "time": {
        "hour": 14,
        "minute": 50,
        "second": 59,
        "nano": 0
      }
    },
    "citySender": "Львів",
    "cityRecipient": "Київ"
  },
  {
    "number": 59000456256726,
    "dateTime": {
      "date": {
        "year": 2019,
        "month": 10,
        "day": 20
      },
      "time": {
        "hour": 14,
        "minute": 51,
        "second": 14,
        "nano": 0
      }
    },
    "citySender": "Краматорськ",
    "cityRecipient": "Олександрівка (Олександр.р-н,Донец.обл.)"
  },
  {
    "number": 59000456256727,
    "dateTime": {
      "date": {
        "year": 2019,
        "month": 10,
        "day": 20
      },
      "time": {
        "hour": 14,
        "minute": 50,
        "second": 38,
        "nano": 0
      }
    },
    "citySender": "Одеса",
    "cityRecipient": "Дніпро"
  },
  {
    "number": 59000456256728,
    "dateTime": {
      "date": {
        "year": 2019,
        "month": 10,
        "day": 20
      },
      "time": {
        "hour": 14,
        "minute": 51,
        "second": 20,
        "nano": 0
      }
    },
    "citySender": "Кам\u0027янське(Дніпропетровська обл)",
    "cityRecipient": "Вугледар"
  },
  {
    "number": 59000456256729,
    "dateTime": {
      "date": {
        "year": 2019,
        "month": 10,
        "day": 20
      },
      "time": {
        "hour": 14,
        "minute": 51,
        "second": 11,
        "nano": 0
      }
    },
    "citySender": "Дніпро",
    "cityRecipient": "Кремінна"
  },
  {
    "number": 59000456256730,
    "dateTime": {
      "date": {
        "year": 2019,
        "month": 10,
        "day": 20
      },
      "time": {
        "hour": 14,
        "minute": 50,
        "second": 14,
        "nano": 0
      }
    },
    "citySender": "Краматорськ",
    "cityRecipient": "Машівка"
  },
  {
    "number": 59000456256731,
    "dateTime": {
      "date": {
        "year": 2019,
        "month": 10,
        "day": 20
      },
      "time": {
        "hour": 14,
        "minute": 51,
        "second": 7,
        "nano": 0
      }
    },
    "citySender": "Харків",
    "cityRecipient": "Сєвєродонецьк"
  },
  {
    "number": 59000456256732,
    "dateTime": {
      "date": {
        "year": 2019,
        "month": 10,
        "day": 20
      },
      "time": {
        "hour": 14,
        "minute": 51,
        "second": 19,
        "nano": 0
      }
    },
    "citySender": "Харків",
    "cityRecipient": "Жашків"
  },
  {
    "number": 59000456256733,
    "dateTime": {
      "date": {
        "year": 2019,
        "month": 10,
        "day": 20
      },
      "time": {
        "hour": 14,
        "minute": 51,
        "second": 21,
        "nano": 0
      }
    },
    "citySender": "Прилуки",
    "cityRecipient": "Шостка"
  },
  {
    "number": 59000456256734,
    "dateTime": {
      "date": {
        "year": 2019,
        "month": 10,
        "day": 20
      },
      "time": {
        "hour": 14,
        "minute": 50,
        "second": 28,
        "nano": 0
      }
    },
    "citySender": "Красноград (Харківська обл)",
    "cityRecipient": "Дніпро"
  },
  {
    "number": 59000456256735,
    "dateTime": {
      "date": {
        "year": 2019,
        "month": 10,
        "day": 20
      },
      "time": {
        "hour": 14,
        "minute": 51,
        "second": 27,
        "nano": 0
      }
    },
    "citySender": "Київ",
    "cityRecipient": "Магдалинівка"
  },
  {
    "number": 59000456256737,
    "dateTime": {
      "date": {
        "year": 2019,
        "month": 10,
        "day": 20
      },
      "time": {
        "hour": 14,
        "minute": 51,
        "second": 33,
        "nano": 0
      }
    },
    "citySender": "Ірпінь",
    "cityRecipient": "Київ"
  },
  {
    "number": 59000456256738,
    "dateTime": {
      "date": {
        "year": 2019,
        "month": 10,
        "day": 20
      },
      "time": {
        "hour": 14,
        "minute": 50,
        "second": 25,
        "nano": 0
      }
    },
    "citySender": "Кривий Ріг",
    "cityRecipient": "Охтирка"
  },
  {
    "number": 59000456256739,
    "dateTime": {
      "date": {
        "year": 2019,
        "month": 10,
        "day": 20
      },
      "time": {
        "hour": 14,
        "minute": 51,
        "second": 5,
        "nano": 0
      }
    },
    "citySender": "Черкаси",
    "cityRecipient": "Одеса"
  },
  {
    "number": 59000456256740,
    "dateTime": {
      "date": {
        "year": 2019,
        "month": 10,
        "day": 20
      },
      "time": {
        "hour": 14,
        "minute": 51,
        "second": 34,
        "nano": 0
      }
    },
    "citySender": "Одеса",
    "cityRecipient": "Тульчин"
  },
  {
    "number": 59000456256741,
    "dateTime": {
      "date": {
        "year": 2019,
        "month": 10,
        "day": 20
      },
      "time": {
        "hour": 14,
        "minute": 51,
        "second": 22,
        "nano": 0
      }
    },
    "citySender": "Хмельницький",
    "cityRecipient": "Нововолинськ"
  },
  {
    "number": 59000456256742,
    "dateTime": {
      "date": {
        "year": 2019,
        "month": 10,
        "day": 20
      },
      "time": {
        "hour": 14,
        "minute": 51,
        "second": 35,
        "nano": 0
      }
    },
    "citySender": "Кривий Ріг",
    "cityRecipient": "Київ"
  },
  {
    "number": 59000456256743,
    "dateTime": {
      "date": {
        "year": 2019,
        "month": 10,
        "day": 20
      },
      "time": {
        "hour": 14,
        "minute": 51,
        "second": 20,
        "nano": 0
      }
    },
    "citySender": "Чернівці",
    "cityRecipient": "Роздільна (Одеська обл.)"
  },
  {
    "number": 59000456256744,
    "dateTime": {
      "date": {
        "year": 2019,
        "month": 10,
        "day": 20
      },
      "time": {
        "hour": 14,
        "minute": 51,
        "second": 28,
        "nano": 0
      }
    },
    "citySender": "Київ",
    "cityRecipient": "Каховка"
  },
  {
    "number": 59000456256745,
    "dateTime": {
      "date": {
        "year": 2019,
        "month": 10,
        "day": 20
      },
      "time": {
        "hour": 14,
        "minute": 50,
        "second": 29,
        "nano": 0
      }
    },
    "citySender": "Кривий Ріг",
    "cityRecipient": "Авангард"
  },
  {
    "number": 59000456256746,
    "dateTime": {
      "date": {
        "year": 2019,
        "month": 10,
        "day": 20
      },
      "time": {
        "hour": 14,
        "minute": 51,
        "second": 27,
        "nano": 0
      }
    },
    "citySender": "Київ",
    "cityRecipient": "Київ"
  },
  {
    "number": 59000456256747,
    "dateTime": {
      "date": {
        "year": 2019,
        "month": 10,
        "day": 20
      },
      "time": {
        "hour": 14,
        "minute": 51,
        "second": 15,
        "nano": 0
      }
    },
    "citySender": "Одеса",
    "cityRecipient": "Харків"
  },
  {
    "number": 59000456256748,
    "dateTime": {
      "date": {
        "year": 2019,
        "month": 10,
        "day": 20
      },
      "time": {
        "hour": 14,
        "minute": 50,
        "second": 37,
        "nano": 0
      }
    },
    "citySender": "Харків",
    "cityRecipient": "Охтирка"
  },
  {
    "number": 59000456256749,
    "dateTime": {
      "date": {
        "year": 2019,
        "month": 10,
        "day": 20
      },
      "time": {
        "hour": 14,
        "minute": 51,
        "second": 22,
        "nano": 0
      }
    },
    "citySender": "Кременчук",
    "cityRecipient": "Знам\u0027янка (Кіровоградська обл.)"
  },
  {
    "number": 59000456256750,
    "dateTime": {
      "date": {
        "year": 2019,
        "month": 10,
        "day": 20
      },
      "time": {
        "hour": 14,
        "minute": 51,
        "second": 35,
        "nano": 0
      }
    },
    "citySender": "Чернівці",
    "cityRecipient": "Охтирка"
  },
  {
    "number": 59000456256751,
    "dateTime": {
      "date": {
        "year": 2019,
        "month": 10,
        "day": 20
      },
      "time": {
        "hour": 14,
        "minute": 51,
        "second": 24,
        "nano": 0
      }
    },
    "citySender": "Запоріжжя",
    "cityRecipient": "Тернопіль"
  },
  {
    "number": 59000456256752,
    "dateTime": {
      "date": {
        "year": 2019,
        "month": 10,
        "day": 20
      },
      "time": {
        "hour": 14,
        "minute": 51,
        "second": 35,
        "nano": 0
      }
    },
    "citySender": "Дубно",
    "cityRecipient": "Чернівці"
  },
  {
    "number": 59000456256753,
    "dateTime": {
      "date": {
        "year": 2019,
        "month": 10,
        "day": 20
      },
      "time": {
        "hour": 14,
        "minute": 51,
        "second": 9,
        "nano": 0
      }
    },
    "citySender": "Новояворівськ",
    "cityRecipient": "Київ"
  },
  {
    "number": 59000456256754,
    "dateTime": {
      "date": {
        "year": 2019,
        "month": 10,
        "day": 20
      },
      "time": {
        "hour": 14,
        "minute": 51,
        "second": 20,
        "nano": 0
      }
    },
    "citySender": "Київ",
    "cityRecipient": "Кривий Ріг"
  },
  {
    "number": 59000456256755,
    "dateTime": {
      "date": {
        "year": 2019,
        "month": 10,
        "day": 20
      },
      "time": {
        "hour": 14,
        "minute": 51,
        "second": 14,
        "nano": 0
      }
    },
    "citySender": "Тернопіль",
    "cityRecipient": "Дніпро"
  },
  {
    "number": 59000456256756,
    "dateTime": {
      "date": {
        "year": 2019,
        "month": 10,
        "day": 20
      },
      "time": {
        "hour": 14,
        "minute": 51,
        "second": 14,
        "nano": 0
      }
    },
    "citySender": "Хмільник (Вінницька обл.)",
    "cityRecipient": "Кам\u0027янець-Подільський"
  },
  {
    "number": 59000456256757,
    "dateTime": {
      "date": {
        "year": 2019,
        "month": 10,
        "day": 20
      },
      "time": {
        "hour": 14,
        "minute": 51,
        "second": 40,
        "nano": 0
      }
    },
    "citySender": "Дніпро",
    "cityRecipient": "Дніпро"
  },
  {
    "number": 59000456256758,
    "dateTime": {
      "date": {
        "year": 2019,
        "month": 10,
        "day": 20
      },
      "time": {
        "hour": 14,
        "minute": 51,
        "second": 12,
        "nano": 0
      }
    },
    "citySender": "Харків",
    "cityRecipient": "Красилів"
  },
  {
    "number": 59000456256759,
    "dateTime": {
      "date": {
        "year": 2019,
        "month": 10,
        "day": 20
      },
      "time": {
        "hour": 14,
        "minute": 51,
        "second": 30,
        "nano": 0
      }
    },
    "citySender": "Харків",
    "cityRecipient": "Люблинець"
  },
  {
    "number": 59000456256760,
    "dateTime": {
      "date": {
        "year": 2019,
        "month": 10,
        "day": 20
      },
      "time": {
        "hour": 14,
        "minute": 51,
        "second": 26,
        "nano": 0
      }
    },
    "citySender": "Великі Гаї",
    "cityRecipient": "Харків"
  },
  {
    "number": 59000456256761,
    "dateTime": {
      "date": {
        "year": 2019,
        "month": 10,
        "day": 20
      },
      "time": {
        "hour": 14,
        "minute": 51,
        "second": 39,
        "nano": 0
      }
    },
    "citySender": "Великодолинське",
    "cityRecipient": "Чорноморськ"
  },
  {
    "number": 59000456256762,
    "dateTime": {
      "date": {
        "year": 2019,
        "month": 10,
        "day": 20
      },
      "time": {
        "hour": 14,
        "minute": 51,
        "second": 37,
        "nano": 0
      }
    },
    "citySender": "Харків",
    "cityRecipient": "Вугледар"
  },
  {
    "number": 59000456256763,
    "dateTime": {
      "date": {
        "year": 2019,
        "month": 10,
        "day": 20
      },
      "time": {
        "hour": 14,
        "minute": 51,
        "second": 8,
        "nano": 0
      }
    },
    "citySender": "Одеса",
    "cityRecipient": "Брусилів"
  },
  {
    "number": 59000456256764,
    "dateTime": {
      "date": {
        "year": 2019,
        "month": 10,
        "day": 20
      },
      "time": {
        "hour": 14,
        "minute": 50,
        "second": 43,
        "nano": 0
      }
    },
    "citySender": "Харків",
    "cityRecipient": "Марганець"
  },
  {
    "number": 59000456256765,
    "dateTime": {
      "date": {
        "year": 2019,
        "month": 10,
        "day": 20
      },
      "time": {
        "hour": 14,
        "minute": 51,
        "second": 25,
        "nano": 0
      }
    },
    "citySender": "Вишневе",
    "cityRecipient": "Київ"
  },
  {
    "number": 59000456256766,
    "dateTime": {
      "date": {
        "year": 2019,
        "month": 10,
        "day": 20
      },
      "time": {
        "hour": 14,
        "minute": 51,
        "second": 37,
        "nano": 0
      }
    },
    "citySender": "Ірпінь",
    "cityRecipient": "Житомир"
  },
  {
    "number": 59000456256767,
    "dateTime": {
      "date": {
        "year": 2019,
        "month": 10,
        "day": 20
      },
      "time": {
        "hour": 14,
        "minute": 51,
        "second": 32,
        "nano": 0
      }
    },
    "citySender": "Одеса",
    "cityRecipient": "Одеса"
  },
  {
    "number": 59000456256768,
    "dateTime": {
      "date": {
        "year": 2019,
        "month": 10,
        "day": 20
      },
      "time": {
        "hour": 14,
        "minute": 51,
        "second": 1,
        "nano": 0
      }
    },
    "citySender": "Полтава",
    "cityRecipient": "Мелітополь"
  },
  {
    "number": 59000456256769,
    "dateTime": {
      "date": {
        "year": 2019,
        "month": 10,
        "day": 20
      },
      "time": {
        "hour": 14,
        "minute": 51,
        "second": 38,
        "nano": 0
      }
    },
    "citySender": "Вишневе",
    "cityRecipient": "Винники"
  },
  {
    "number": 59000456256770,
    "dateTime": {
      "date": {
        "year": 2019,
        "month": 10,
        "day": 20
      },
      "time": {
        "hour": 14,
        "minute": 51,
        "second": 24,
        "nano": 0
      }
    },
    "citySender": "Івано-Франківськ",
    "cityRecipient": "Київ"
  },
  {
    "number": 59000456256771,
    "dateTime": {
      "date": {
        "year": 2019,
        "month": 10,
        "day": 20
      },
      "time": {
        "hour": 14,
        "minute": 51,
        "second": 15,
        "nano": 0
      }
    },
    "citySender": "Кривий Ріг",
    "cityRecipient": "Харків"
  },
  {
    "number": 59000456256772,
    "dateTime": {
      "date": {
        "year": 2019,
        "month": 10,
        "day": 20
      },
      "time": {
        "hour": 14,
        "minute": 48,
        "second": 45,
        "nano": 0
      }
    },
    "citySender": "Вінниця",
    "cityRecipient": "Київ"
  },
  {
    "number": 59000456256773,
    "dateTime": {
      "date": {
        "year": 2019,
        "month": 10,
        "day": 20
      },
      "time": {
        "hour": 14,
        "minute": 51,
        "second": 26,
        "nano": 0
      }
    },
    "citySender": "Хмельницький",
    "cityRecipient": "Петропавлівка (Дніпропетровська обл.)"
  },
  {
    "number": 59000456256774,
    "dateTime": {
      "date": {
        "year": 2019,
        "month": 10,
        "day": 20
      },
      "time": {
        "hour": 14,
        "minute": 51,
        "second": 14,
        "nano": 0
      }
    },
    "citySender": "Київ",
    "cityRecipient": "Кропивницький"
  },
  {
    "number": 59000456256775,
    "dateTime": {
      "date": {
        "year": 2019,
        "month": 10,
        "day": 20
      },
      "time": {
        "hour": 14,
        "minute": 51,
        "second": 41,
        "nano": 0
      }
    },
    "citySender": "Запоріжжя",
    "cityRecipient": "Ладан"
  },
  {
    "number": 59000456256776,
    "dateTime": {
      "date": {
        "year": 2019,
        "month": 10,
        "day": 20
      },
      "time": {
        "hour": 14,
        "minute": 51,
        "second": 50,
        "nano": 0
      }
    },
    "citySender": "Дніпро",
    "cityRecipient": "Київ"
  },
  {
    "number": 59000456256777,
    "dateTime": {
      "date": {
        "year": 2019,
        "month": 10,
        "day": 20
      },
      "time": {
        "hour": 14,
        "minute": 51,
        "second": 33,
        "nano": 0
      }
    },
    "citySender": "Ізмаїл",
    "cityRecipient": "Суми"
  },
  {
    "number": 59000456256778,
    "dateTime": {
      "date": {
        "year": 2019,
        "month": 10,
        "day": 20
      },
      "time": {
        "hour": 14,
        "minute": 51,
        "second": 28,
        "nano": 0
      }
    },
    "citySender": "Мелітополь",
    "cityRecipient": "Київ"
  },
  {
    "number": 59000456256779,
    "dateTime": {
      "date": {
        "year": 2019,
        "month": 10,
        "day": 20
      },
      "time": {
        "hour": 14,
        "minute": 51,
        "second": 48,
        "nano": 0
      }
    },
    "citySender": "Угринів (Тисменицький р-н., Івано-Франк. обл.)",
    "cityRecipient": "Коростень"
  },
  {
    "number": 59000456256781,
    "dateTime": {
      "date": {
        "year": 2019,
        "month": 10,
        "day": 20
      },
      "time": {
        "hour": 14,
        "minute": 51,
        "second": 6,
        "nano": 0
      }
    },
    "citySender": "Київ",
    "cityRecipient": "Мелітополь"
  },
  {
    "number": 59000456256782,
    "dateTime": {
      "date": {
        "year": 2019,
        "month": 10,
        "day": 20
      },
      "time": {
        "hour": 14,
        "minute": 51,
        "second": 36,
        "nano": 0
      }
    },
    "citySender": "Буча",
    "cityRecipient": "Львів"
  },
  {
    "number": 59000456256783,
    "dateTime": {
      "date": {
        "year": 2019,
        "month": 10,
        "day": 20
      },
      "time": {
        "hour": 14,
        "minute": 51,
        "second": 14,
        "nano": 0
      }
    },
    "citySender": "Хмельницький",
    "cityRecipient": "Бердичів"
  },
  {
    "number": 59000456256784,
    "dateTime": {
      "date": {
        "year": 2019,
        "month": 10,
        "day": 20
      },
      "time": {
        "hour": 14,
        "minute": 51,
        "second": 56,
        "nano": 0
      }
    },
    "citySender": "Кривий Ріг",
    "cityRecipient": "Харків"
  },
  {
    "number": 59000456256785,
    "dateTime": {
      "date": {
        "year": 2019,
        "month": 10,
        "day": 20
      },
      "time": {
        "hour": 14,
        "minute": 51,
        "second": 56,
        "nano": 0
      }
    },
    "citySender": "Шумськ",
    "cityRecipient": "Підгородне (Дніпропетровська обл.)"
  },
  {
    "number": 59000456256786,
    "dateTime": {
      "date": {
        "year": 2019,
        "month": 10,
        "day": 20
      },
      "time": {
        "hour": 14,
        "minute": 51,
        "second": 39,
        "nano": 0
      }
    },
    "citySender": "Київ",
    "cityRecipient": "Харків"
  },
  {
    "number": 59000456256787,
    "dateTime": {
      "date": {
        "year": 2019,
        "month": 10,
        "day": 20
      },
      "time": {
        "hour": 14,
        "minute": 51,
        "second": 57,
        "nano": 0
      }
    },
    "citySender": "Бровари",
    "cityRecipient": "Дніпро"
  },
  {
    "number": 59000456256788,
    "dateTime": {
      "date": {
        "year": 2019,
        "month": 10,
        "day": 20
      },
      "time": {
        "hour": 14,
        "minute": 51,
        "second": 44,
        "nano": 0
      }
    },
    "citySender": "Запоріжжя",
    "cityRecipient": "Харків"
  },
  {
    "number": 59000456256789,
    "dateTime": {
      "date": {
        "year": 2019,
        "month": 10,
        "day": 20
      },
      "time": {
        "hour": 14,
        "minute": 51,
        "second": 44,
        "nano": 0
      }
    },
    "citySender": "Калуш",
    "cityRecipient": "Кривий Ріг"
  },
  {
    "number": 59000456256790,
    "dateTime": {
      "date": {
        "year": 2019,
        "month": 10,
        "day": 20
      },
      "time": {
        "hour": 14,
        "minute": 51,
        "second": 56,
        "nano": 0
      }
    },
    "citySender": "Чернівці",
    "cityRecipient": "Черкаси"
  },
  {
    "number": 59000456256791,
    "dateTime": {
      "date": {
        "year": 2019,
        "month": 10,
        "day": 20
      },
      "time": {
        "hour": 14,
        "minute": 51,
        "second": 35,
        "nano": 0
      }
    },
    "citySender": "Київ",
    "cityRecipient": "Новомиргород"
  },
  {
    "number": 59000456256792,
    "dateTime": {
      "date": {
        "year": 2019,
        "month": 10,
        "day": 20
      },
      "time": {
        "hour": 14,
        "minute": 51,
        "second": 29,
        "nano": 0
      }
    },
    "citySender": "Сарни",
    "cityRecipient": "Сарни"
  },
  {
    "number": 59000456256793,
    "dateTime": {
      "date": {
        "year": 2019,
        "month": 10,
        "day": 20
      },
      "time": {
        "hour": 14,
        "minute": 51,
        "second": 50,
        "nano": 0
      }
    },
    "citySender": "Запоріжжя",
    "cityRecipient": "Ковель"
  },
  {
    "number": 59000456256794,
    "dateTime": {
      "date": {
        "year": 2019,
        "month": 10,
        "day": 20
      },
      "time": {
        "hour": 14,
        "minute": 50,
        "second": 49,
        "nano": 0
      }
    },
    "citySender": "Одеса",
    "cityRecipient": "Коростишів"
  },
  {
    "number": 59000456256795,
    "dateTime": {
      "date": {
        "year": 2019,
        "month": 10,
        "day": 20
      },
      "time": {
        "hour": 14,
        "minute": 52,
        "second": 0,
        "nano": 0
      }
    },
    "citySender": "Київ",
    "cityRecipient": "Одеса"
  },
  {
    "number": 59000456256796,
    "dateTime": {
      "date": {
        "year": 2019,
        "month": 10,
        "day": 20
      },
      "time": {
        "hour": 14,
        "minute": 51,
        "second": 50,
        "nano": 0
      }
    },
    "citySender": "Миколаїв",
    "cityRecipient": "Харків"
  },
  {
    "number": 59000456256797,
    "dateTime": {
      "date": {
        "year": 2019,
        "month": 10,
        "day": 20
      },
      "time": {
        "hour": 14,
        "minute": 51,
        "second": 37,
        "nano": 0
      }
    },
    "citySender": "Кам\u0027янське(Дніпропетровська обл)",
    "cityRecipient": "Київ"
  },
  {
    "number": 59000456256798,
    "dateTime": {
      "date": {
        "year": 2019,
        "month": 10,
        "day": 20
      },
      "time": {
        "hour": 14,
        "minute": 52,
        "second": 2,
        "nano": 0
      }
    },
    "citySender": "Дніпро",
    "cityRecipient": "Київ"
  }
]