[
  {
    "number": 59000456260698,
    "dateTime": {
      "date": {
        "year": 2019,
        "month": 10,
        "day": 20
      },
      "time": {
        "hour": 15,
        "minute": 19,
        "second": 39,
        "nano": 0
      }
    },
    "citySender": "Кропивницький",
    "cityRecipient": "Житомир"
  },
  {
    "number": 59000456260699,
    "dateTime": {
      "date": {
        "year": 2019,
        "month": 10,
        "day": 20
      },
      "time": {
        "hour": 15,
        "minute": 19,
        "second": 11,
        "nano": 0
      }
    },
    "citySender": "Кам\u0027янське(Дніпропетровська обл)",
    "cityRecipient": "Первомайськ(Микол.обл.Первомайс.р-н)"
  },
  {
    "number": 59000456260700,
    "dateTime": {
      "date": {
        "year": 2019,
        "month": 10,
        "day": 20
      },
      "time": {
        "hour": 15,
        "minute": 19,
        "second": 50,
        "nano": 0
      }
    },
    "citySender": "Ужгород",
    "cityRecipient": "Червоноград (Львівська обл.)"
  },
  {
    "number": 59000456260701,
    "dateTime": {
      "date": {
        "year": 2019,
        "month": 10,
        "day": 20
      },
      "time": {
        "hour": 15,
        "minute": 19,
        "second": 35,
        "nano": 0
      }
    },
    "citySender": "Харків",
    "cityRecipient": "Великий Бичків"
  },
  {
    "number": 59000456260702,
    "dateTime": {
      "date": {
        "year": 2019,
        "month": 10,
        "day": 20
      },
      "time": {
        "hour": 15,
        "minute": 19,
        "second": 49,
        "nano": 0
      }
    },
    "citySender": "Луцьк",
    "cityRecipient": "Біла Церква"
  },
  {
    "number": 59000456260703,
    "dateTime": {
      "date": {
        "year": 2019,
        "month": 10,
        "day": 20
      },
      "time": {
        "hour": 15,
        "minute": 19,
        "second": 52,
        "nano": 0
      }
    },
    "citySender": "Кам\u0027янка-Бузька",
    "cityRecipient": "Київ"
  },
  {
    "number": 59000456260704,
    "dateTime": {
      "date": {
        "year": 2019,
        "month": 10,
        "day": 20
      },
      "time": {
        "hour": 15,
        "minute": 19,
        "second": 18,
        "nano": 0
      }
    },
    "citySender": "Одеса",
    "cityRecipient": "Лисичанськ"
  },
  {
    "number": 59000456260705,
    "dateTime": {
      "date": {
        "year": 2019,
        "month": 10,
        "day": 20
      },
      "time": {
        "hour": 15,
        "minute": 19,
        "second": 32,
        "nano": 0
      }
    },
    "citySender": "Київ",
    "cityRecipient": "Харків"
  },
  {
    "number": 59000456260706,
    "dateTime": {
      "date": {
        "year": 2019,
        "month": 10,
        "day": 20
      },
      "time": {
        "hour": 15,
        "minute": 19,
        "second": 46,
        "nano": 0
      }
    },
    "citySender": "Луцьк",
    "cityRecipient": "Тучин"
  },
  {
    "number": 59000456260707,
    "dateTime": {
      "date": {
        "year": 2019,
        "month": 10,
        "day": 20
      },
      "time": {
        "hour": 15,
        "minute": 19,
        "second": 10,
        "nano": 0
      }
    },
    "citySender": "Маріуполь",
    "cityRecipient": "Микуличин"
  },
  {
    "number": 59000456260708,
    "dateTime": {
      "date": {
        "year": 2019,
        "month": 10,
        "day": 20
      },
      "time": {
        "hour": 15,
        "minute": 19,
        "second": 44,
        "nano": 0
      }
    },
    "citySender": "Чорноморськ",
    "cityRecipient": "Київ"
  },
  {
    "number": 59000456260709,
    "dateTime": {
      "date": {
        "year": 2019,
        "month": 10,
        "day": 20
      },
      "time": {
        "hour": 15,
        "minute": 19,
        "second": 5,
        "nano": 0
      }
    },
    "citySender": "Львів",
    "cityRecipient": "Київ"
  },
  {
    "number": 59000456260710,
    "dateTime": {
      "date": {
        "year": 2019,
        "month": 10,
        "day": 20
      },
      "time": {
        "hour": 15,
        "minute": 19,
        "second": 48,
        "nano": 0
      }
    },
    "citySender": "Київ",
    "cityRecipient": "Львів"
  },
  {
    "number": 59000456260711,
    "dateTime": {
      "date": {
        "year": 2019,
        "month": 10,
        "day": 20
      },
      "time": {
        "hour": 15,
        "minute": 19,
        "second": 35,
        "nano": 0
      }
    },
    "citySender": "Кременчук",
    "cityRecipient": "Київ"
  },
  {
    "number": 59000456260712,
    "dateTime": {
      "date": {
        "year": 2019,
        "month": 10,
        "day": 20
      },
      "time": {
        "hour": 15,
        "minute": 19,
        "second": 28,
        "nano": 0
      }
    },
    "citySender": "Вінниця",
    "cityRecipient": "Київ"
  },
  {
    "number": 59000456260713,
    "dateTime": {
      "date": {
        "year": 2019,
        "month": 10,
        "day": 20
      },
      "time": {
        "hour": 15,
        "minute": 18,
        "second": 50,
        "nano": 0
      }
    },
    "citySender": "Київ",
    "cityRecipient": "Любар"
  },
  {
    "number": 59000456260714,
    "dateTime": {
      "date": {
        "year": 2019,
        "month": 10,
        "day": 20
      },
      "time": {
        "hour": 15,
        "minute": 19,
        "second": 49,
        "nano": 0
      }
    },
    "citySender": "Херсон",
    "cityRecipient": "Коломия"
  },
  {
    "number": 59000456260715,
    "dateTime": {
      "date": {
        "year": 2019,
        "month": 10,
        "day": 20
      },
      "time": {
        "hour": 15,
        "minute": 19,
        "second": 49,
        "nano": 0
      }
    },
    "citySender": "Київ",
    "cityRecipient": "Вінниця"
  },
  {
    "number": 59000456260716,
    "dateTime": {
      "date": {
        "year": 2019,
        "month": 10,
        "day": 20
      },
      "time": {
        "hour": 15,
        "minute": 19,
        "second": 44,
        "nano": 0
      }
    },
    "citySender": "Енергодар",
    "cityRecipient": "Чернігів"
  },
  {
    "number": 59000456260717,
    "dateTime": {
      "date": {
        "year": 2019,
        "month": 10,
        "day": 20
      },
      "time": {
        "hour": 15,
        "minute": 19,
        "second": 47,
        "nano": 0
      }
    },
    "citySender": "Бровари",
    "cityRecipient": "Костянтинівка (Донецька обл.)"
  },
  {
    "number": 59000456260718,
    "dateTime": {
      "date": {
        "year": 2019,
        "month": 10,
        "day": 20
      },
      "time": {
        "hour": 15,
        "minute": 19,
        "second": 12,
        "nano": 0
      }
    },
    "citySender": "Олевськ",
    "cityRecipient": "Маріуполь"
  },
  {
    "number": 59000456260719,
    "dateTime": {
      "date": {
        "year": 2019,
        "month": 10,
        "day": 20
      },
      "time": {
        "hour": 15,
        "minute": 19,
        "second": 21,
        "nano": 0
      }
    },
    "citySender": "Кривий Ріг",
    "cityRecipient": "Маріуполь"
  },
  {
    "number": 59000456260720,
    "dateTime": {
      "date": {
        "year": 2019,
        "month": 10,
        "day": 20
      },
      "time": {
        "hour": 15,
        "minute": 19,
        "second": 46,
        "nano": 0
      }
    },
    "citySender": "Запоріжжя",
    "cityRecipient": "Черкаси"
  },
  {
    "number": 59000456260721,
    "dateTime": {
      "date": {
        "year": 2019,
        "month": 10,
        "day": 20
      },
      "time": {
        "hour": 15,
        "minute": 19,
        "second": 46,
        "nano": 0
      }
    },
    "citySender": "Київ",
    "cityRecipient": "Київ"
  },
  {
    "number": 59000456260722,
    "dateTime": {
      "date": {
        "year": 2019,
        "month": 10,
        "day": 20
      },
      "time": {
        "hour": 15,
        "minute": 19,
        "second": 57,
        "nano": 0
      }
    },
    "citySender": "Нова Каховка",
    "cityRecipient": "Кегичівка"
  },
  {
    "number": 59000456260723,
    "dateTime": {
      "date": {
        "year": 2019,
        "month": 10,
        "day": 20
      },
      "time": {
        "hour": 15,
        "minute": 19,
        "second": 58,
        "nano": 0
      }
    },
    "citySender": "Ужгород",
    "cityRecipient": "Київ"
  },
  {
    "number": 59000456260725,
    "dateTime": {
      "date": {
        "year": 2019,
        "month": 10,
        "day": 20
      },
      "time": {
        "hour": 15,
        "minute": 19,
        "second": 47,
        "nano": 0
      }
    },
    "citySender": "Львів",
    "cityRecipient": "Одеса"
  },
  {
    "number": 59000456260726,
    "dateTime": {
      "date": {
        "year": 2019,
        "month": 10,
        "day": 20
      },
      "time": {
        "hour": 15,
        "minute": 18,
        "second": 53,
        "nano": 0
      }
    },
    "citySender": "Нова Каховка",
    "cityRecipient": "Підгородне (Дніпропетровська обл.)"
  },
  {
    "number": 59000456260727,
    "dateTime": {
      "date": {
        "year": 2019,
        "month": 10,
        "day": 20
      },
      "time": {
        "hour": 15,
        "minute": 19,
        "second": 1,
        "nano": 0
      }
    },
    "citySender": "Черкаси",
    "cityRecipient": "Окни"
  },
  {
    "number": 59000456260728,
    "dateTime": {
      "date": {
        "year": 2019,
        "month": 10,
        "day": 20
      },
      "time": {
        "hour": 15,
        "minute": 19,
        "second": 48,
        "nano": 0
      }
    },
    "citySender": "Полтава",
    "cityRecipient": "Ніжин"
  },
  {
    "number": 59000456260729,
    "dateTime": {
      "date": {
        "year": 2019,
        "month": 10,
        "day": 20
      },
      "time": {
        "hour": 15,
        "minute": 20,
        "second": 0,
        "nano": 0
      }
    },
    "citySender": "Київ",
    "cityRecipient": "Гончарівське"
  },
  {
    "number": 59000456260730,
    "dateTime": {
      "date": {
        "year": 2019,
        "month": 10,
        "day": 20
      },
      "time": {
        "hour": 15,
        "minute": 20,
        "second": 0,
        "nano": 0
      }
    },
    "citySender": "Київ",
    "cityRecipient": "Житомир"
  },
  {
    "number": 59000456260731,
    "dateTime": {
      "date": {
        "year": 2019,
        "month": 10,
        "day": 20
      },
      "time": {
        "hour": 15,
        "minute": 19,
        "second": 15,
        "nano": 0
      }
    },
    "citySender": "Київ",
    "cityRecipient": "Київ"
  },
  {
    "number": 59000456260732,
    "dateTime": {
      "date": {
        "year": 2019,
        "month": 10,
        "day": 20
      },
      "time": {
        "hour": 15,
        "minute": 19,
        "second": 45,
        "nano": 0
      }
    },
    "citySender": "Харків",
    "cityRecipient": "Генічеськ"
  },
  {
    "number": 59000456260733,
    "dateTime": {
      "date": {
        "year": 2019,
        "month": 10,
        "day": 20
      },
      "time": {
        "hour": 15,
        "minute": 19,
        "second": 12,
        "nano": 0
      }
    },
    "citySender": "Київ",
    "cityRecipient": "Київ"
  },
  {
    "number": 59000456260734,
    "dateTime": {
      "date": {
        "year": 2019,
        "month": 10,
        "day": 20
      },
      "time": {
        "hour": 15,
        "minute": 19,
        "second": 56,
        "nano": 0
      }
    },
    "citySender": "Київ",
    "cityRecipient": "Прилуки"
  },
  {
    "number": 59000456260735,
    "dateTime": {
      "date": {
        "year": 2019,
        "month": 10,
        "day": 20
      },
      "time": {
        "hour": 15,
        "minute": 19,
        "second": 31,
        "nano": 0
      }
    },
    "citySender": "Київ",
    "cityRecipient": "Маріуполь"
  },
  {
    "number": 59000456260736,
    "dateTime": {
      "date": {
        "year": 2019,
        "month": 10,
        "day": 20
      },
      "time": {
        "hour": 15,
        "minute": 18,
        "second": 37,
        "nano": 0
      }
    },
    "citySender": "Київ",
    "cityRecipient": "Суми"
  },
  {
    "number": 59000456260737,
    "dateTime": {
      "date": {
        "year": 2019,
        "month": 10,
        "day": 20
      },
      "time": {
        "hour": 15,
        "minute": 19,
        "second": 41,
        "nano": 0
      }
    },
    "citySender": "Вишневе",
    "cityRecipient": "Суми"
  },
  {
    "number": 59000456260738,
    "dateTime": {
      "date": {
        "year": 2019,
        "month": 10,
        "day": 20
      },
      "time": {
        "hour": 15,
        "minute": 20,
        "second": 2,
        "nano": 0
      }
    },
    "citySender": "Бровари",
    "cityRecipient": "Київ"
  },
  {
    "number": 59000456260739,
    "dateTime": {
      "date": {
        "year": 2019,
        "month": 10,
        "day": 20
      },
      "time": {
        "hour": 15,
        "minute": 19,
        "second": 43,
        "nano": 0
      }
    },
    "citySender": "Київ",
    "cityRecipient": "Гірське"
  },
  {
    "number": 59000456260740,
    "dateTime": {
      "date": {
        "year": 2019,
        "month": 10,
        "day": 20
      },
      "time": {
        "hour": 15,
        "minute": 19,
        "second": 49,
        "nano": 0
      }
    },
    "citySender": "Херсон",
    "cityRecipient": "Вишневе"
  },
  {
    "number": 59000456260741,
    "dateTime": {
      "date": {
        "year": 2019,
        "month": 10,
        "day": 20
      },
      "time": {
        "hour": 15,
        "minute": 20,
        "second": 4,
        "nano": 0
      }
    },
    "citySender": "Дніпро",
    "cityRecipient": "Черкаси"
  },
  {
    "number": 59000456260742,
    "dateTime": {
      "date": {
        "year": 2019,
        "month": 10,
        "day": 20
      },
      "time": {
        "hour": 15,
        "minute": 19,
        "second": 55,
        "nano": 0
      }
    },
    "citySender": "Краматорськ",
    "cityRecipient": "Київ"
  },
  {
    "number": 59000456260743,
    "dateTime": {
      "date": {
        "year": 2019,
        "month": 10,
        "day": 20
      },
      "time": {
        "hour": 15,
        "minute": 20,
        "second": 4,
        "nano": 0
      }
    },
    "citySender": "Одеса",
    "cityRecipient": "Тернопіль"
  },
  {
    "number": 59000456260744,
    "dateTime": {
      "date": {
        "year": 2019,
        "month": 10,
        "day": 20
      },
      "time": {
        "hour": 15,
        "minute": 20,
        "second": 4,
        "nano": 0
      }
    },
    "citySender": "Київ",
    "cityRecipient": "Суми"
  },
  {
    "number": 59000456260746,
    "dateTime": {
      "date": {
        "year": 2019,
        "month": 10,
        "day": 20
      },
      "time": {
        "hour": 15,
        "minute": 19,
        "second": 26,
        "nano": 0
      }
    },
    "citySender": "Хмельницький",
    "cityRecipient": "Рівне"
  },
  {
    "number": 59000456260747,
    "dateTime": {
      "date": {
        "year": 2019,
        "month": 10,
        "day": 20
      },
      "time": {
        "hour": 15,
        "minute": 19,
        "second": 52,
        "nano": 0
      }
    },
    "citySender": "Київ",
    "cityRecipient": "Київ"
  },
  {
    "number": 59000456260748,
    "dateTime": {
      "date": {
        "year": 2019,
        "month": 10,
        "day": 20
      },
      "time": {
        "hour": 15,
        "minute": 19,
        "second": 37,
        "nano": 0
      }
    },
    "citySender": "Київ",
    "cityRecipient": "Бахмач"
  },
  {
    "number": 59000456260749,
    "dateTime": {
      "date": {
        "year": 2019,
        "month": 10,
        "day": 20
      },
      "time": {
        "hour": 15,
        "minute": 20,
        "second": 0,
        "nano": 0
      }
    },
    "citySender": "Вінниця",
    "cityRecipient": "Вінниця"
  },
  {
    "number": 59000456260750,
    "dateTime": {
      "date": {
        "year": 2019,
        "month": 10,
        "day": 20
      },
      "time": {
        "hour": 15,
        "minute": 19,
        "second": 0,
        "nano": 0
      }
    },
    "citySender": "Славута",
    "cityRecipient": "Львів"
  },
  {
    "number": 59000456260751,
    "dateTime": {
      "date": {
        "year": 2019,
        "month": 10,
        "day": 20
      },
      "time": {
        "hour": 15,
        "minute": 20,
        "second": 4,
        "nano": 0
      }
    },
    "citySender": "Боярка",
    "cityRecipient": "Боярка"
  },
  {
    "number": 59000456260752,
    "dateTime": {
      "date": {
        "year": 2019,
        "month": 10,
        "day": 20
      },
      "time": {
        "hour": 15,
        "minute": 19,
        "second": 36,
        "nano": 0
      }
    },
    "citySender": "Харків",
    "cityRecipient": "Побузьке"
  },
  {
    "number": 59000456260753,
    "dateTime": {
      "date": {
        "year": 2019,
        "month": 10,
        "day": 20
      },
      "time": {
        "hour": 15,
        "minute": 20,
        "second": 8,
        "nano": 0
      }
    },
    "citySender": "Харків",
    "cityRecipient": "Андрієво-Іванівка"
  },
  {
    "number": 59000456260754,
    "dateTime": {
      "date": {
        "year": 2019,
        "month": 10,
        "day": 20
      },
      "time": {
        "hour": 15,
        "minute": 19,
        "second": 59,
        "nano": 0
      }
    },
    "citySender": "Одеса",
    "cityRecipient": "Кілія"
  },
  {
    "number": 59000456260755,
    "dateTime": {
      "date": {
        "year": 2019,
        "month": 10,
        "day": 20
      },
      "time": {
        "hour": 15,
        "minute": 20,
        "second": 0,
        "nano": 0
      }
    },
    "citySender": "Одеса",
    "cityRecipient": "Кропивницький"
  },
  {
    "number": 59000456260757,
    "dateTime": {
      "date": {
        "year": 2019,
        "month": 10,
        "day": 20
      },
      "time": {
        "hour": 15,
        "minute": 19,
        "second": 35,
        "nano": 0
      }
    },
    "citySender": "Чернівці",
    "cityRecipient": "Запоріжжя"
  },
  {
    "number": 59000456260758,
    "dateTime": {
      "date": {
        "year": 2019,
        "month": 10,
        "day": 20
      },
      "time": {
        "hour": 15,
        "minute": 20,
        "second": 10,
        "nano": 0
      }
    },
    "citySender": "Одеса",
    "cityRecipient": "Воловець"
  },
  {
    "number": 59000456260759,
    "dateTime": {
      "date": {
        "year": 2019,
        "month": 10,
        "day": 20
      },
      "time": {
        "hour": 15,
        "minute": 19,
        "second": 43,
        "nano": 0
      }
    },
    "citySender": "Вінниця",
    "cityRecipient": "Віта-Поштова"
  },
  {
    "number": 59000456260760,
    "dateTime": {
      "date": {
        "year": 2019,
        "month": 10,
        "day": 20
      },
      "time": {
        "hour": 15,
        "minute": 19,
        "second": 34,
        "nano": 0
      }
    },
    "citySender": "Київ",
    "cityRecipient": "Тернопіль"
  },
  {
    "number": 59000456260761,
    "dateTime": {
      "date": {
        "year": 2019,
        "month": 10,
        "day": 20
      },
      "time": {
        "hour": 15,
        "minute": 20,
        "second": 5,
        "nano": 0
      }
    },
    "citySender": "Ковель",
    "cityRecipient": "Первомайськ(Микол.обл.Первомайс.р-н)"
  },
  {
    "number": 59000456260762,
    "dateTime": {
      "date": {
        "year": 2019,
        "month": 10,
        "day": 20
      },
      "time": {
        "hour": 15,
        "minute": 19,
        "second": 35,
        "nano": 0
      }
    },
    "citySender": "Київ",
    "cityRecipient": "Харків"
  },
  {
    "number": 59000456260763,
    "dateTime": {
      "date": {
        "year": 2019,
        "month": 10,
        "day": 20
      },
      "time": {
        "hour": 15,
        "minute": 20,
        "second": 5,
        "nano": 0
      }
    },
    "citySender": "Київ",
    "cityRecipient": "Харків"
  },
  {
    "number": 59000456260764,
    "dateTime": {
      "date": {
        "year": 2019,
        "month": 10,
        "day": 20
      },
      "time": {
        "hour": 15,
        "minute": 19,
        "second": 39,
        "nano": 0
      }
    },
    "citySender": "Одеса",
    "cityRecipient": "Київ"
  },
  {
    "number": 59000456260765,
    "dateTime": {
      "date": {
        "year": 2019,
        "month": 10,
        "day": 20
      },
      "time": {
        "hour": 15,
        "minute": 20,
        "second": 8,
        "nano": 0
      }
    },
    "citySender": "Київ",
    "cityRecipient": "Київ"
  },
  {
    "number": 59000456260766,
    "dateTime": {
      "date": {
        "year": 2019,
        "month": 10,
        "day": 20
      },
      "time": {
        "hour": 15,
        "minute": 19,
        "second": 3,
        "nano": 0
      }
    },
    "citySender": "Полтава",
    "cityRecipient": "Миколаїв"
  },
  {
    "number": 59000456260767,
    "dateTime": {
      "date": {
        "year": 2019,
        "month": 10,
        "day": 20
      },
      "time": {
        "hour": 15,
        "minute": 20,
        "second": 14,
        "nano": 0
      }
    },
    "citySender": "Київ",
    "cityRecipient": "Луцьк"
  },
  {
    "number": 59000456260768,
    "dateTime": {
      "date": {
        "year": 2019,
        "month": 10,
        "day": 20
      },
      "time": {
        "hour": 15,
        "minute": 19,
        "second": 3,
        "nano": 0
      }
    },
    "citySender": "Полтава",
    "cityRecipient": "Львів"
  },
  {
    "number": 59000456260769,
    "dateTime": {
      "date": {
        "year": 2019,
        "month": 10,
        "day": 20
      },
      "time": {
        "hour": 15,
        "minute": 20,
        "second": 11,
        "nano": 0
      }
    },
    "citySender": "Харків",
    "cityRecipient": "Запоріжжя"
  },
  {
    "number": 59000456260770,
    "dateTime": {
      "date": {
        "year": 2019,
        "month": 10,
        "day": 20
      },
      "time": {
        "hour": 15,
        "minute": 19,
        "second": 35,
        "nano": 0
      }
    },
    "citySender": "Хмельницький",
    "cityRecipient": "Київ"
  },
  {
    "number": 59000456260771,
    "dateTime": {
      "date": {
        "year": 2019,
        "month": 10,
        "day": 20
      },
      "time": {
        "hour": 15,
        "minute": 20,
        "second": 8,
        "nano": 0
      }
    },
    "citySender": "Запоріжжя",
    "cityRecipient": "Дніпро"
  },
  {
    "number": 59000456260774,
    "dateTime": {
      "date": {
        "year": 2019,
        "month": 10,
        "day": 20
      },
      "time": {
        "hour": 15,
        "minute": 20,
        "second": 17,
        "nano": 0
      }
    },
    "citySender": "Київ",
    "cityRecipient": "Нещеретове"
  },
  {
    "number": 59000456260775,
    "dateTime": {
      "date": {
        "year": 2019,
        "month": 10,
        "day": 20
      },
      "time": {
        "hour": 15,
        "minute": 20,
        "second": 19,
        "nano": 0
      }
    },
    "citySender": "Харків",
    "cityRecipient": "Біла Церква"
  },
  {
    "number": 59000456260776,
    "dateTime": {
      "date": {
        "year": 2019,
        "month": 10,
        "day": 20
      },
      "time": {
        "hour": 15,
        "minute": 19,
        "second": 43,
        "nano": 0
      }
    },
    "citySender": "Дніпро",
    "cityRecipient": "Петриківка"
  },
  {
    "number": 59000456260777,
    "dateTime": {
      "date": {
        "year": 2019,
        "month": 10,
        "day": 20
      },
      "time": {
        "hour": 15,
        "minute": 20,
        "second": 20,
        "nano": 0
      }
    },
    "citySender": "Ужгород",
    "cityRecipient": "Київ"
  },
  {
    "number": 59000456260778,
    "dateTime": {
      "date": {
        "year": 2019,
        "month": 10,
        "day": 20
      },
      "time": {
        "hour": 15,
        "minute": 20,
        "second": 6,
        "nano": 0
      }
    },
    "citySender": "Золочів (Львівська обл.)",
    "cityRecipient": "Рівне"
  },
  {
    "number": 59000456260779,
    "dateTime": {
      "date": {
        "year": 2019,
        "month": 10,
        "day": 20
      },
      "time": {
        "hour": 15,
        "minute": 20,
        "second": 12,
        "nano": 0
      }
    },
    "citySender": "Харків",
    "cityRecipient": "Новоград-Волинський"
  },
  {
    "number": 59000456260780,
    "dateTime": {
      "date": {
        "year": 2019,
        "month": 10,
        "day": 20
      },
      "time": {
        "hour": 15,
        "minute": 19,
        "second": 23,
        "nano": 0
      }
    },
    "citySender": "Дніпро",
    "cityRecipient": "Нікополь (Дніпропетровська обл.)"
  },
  {
    "number": 59000456260781,
    "dateTime": {
      "date": {
        "year": 2019,
        "month": 10,
        "day": 20
      },
      "time": {
        "hour": 15,
        "minute": 19,
        "second": 55,
        "nano": 0
      }
    },
    "citySender": "Бар",
    "cityRecipient": "Львів"
  },
  {
    "number": 59000456260782,
    "dateTime": {
      "date": {
        "year": 2019,
        "month": 10,
        "day": 20
      },
      "time": {
        "hour": 15,
        "minute": 20,
        "second": 10,
        "nano": 0
      }
    },
    "citySender": "Київ",
    "cityRecipient": "Житомир"
  },
  {
    "number": 59000456260783,
    "dateTime": {
      "date": {
        "year": 2019,
        "month": 10,
        "day": 20
      },
      "time": {
        "hour": 15,
        "minute": 20,
        "second": 21,
        "nano": 0
      }
    },
    "citySender": "Харків",
    "cityRecipient": "Світлодарськ"
  },
  {
    "number": 59000456260784,
    "dateTime": {
      "date": {
        "year": 2019,
        "month": 10,
        "day": 20
      },
      "time": {
        "hour": 15,
        "minute": 20,
        "second": 11,
        "nano": 0
      }
    },
    "citySender": "Сєвєродонецьк",
    "cityRecipient": "Одеса"
  },
  {
    "number": 59000456260785,
    "dateTime": {
      "date": {
        "year": 2019,
        "month": 10,
        "day": 20
      },
      "time": {
        "hour": 15,
        "minute": 20,
        "second": 13,
        "nano": 0
      }
    },
    "citySender": "Київ",
    "cityRecipient": "Київ"
  },
  {
    "number": 59000456260786,
    "dateTime": {
      "date": {
        "year": 2019,
        "month": 10,
        "day": 20
      },
      "time": {
        "hour": 15,
        "minute": 19,
        "second": 54,
        "nano": 0
      }
    },
    "citySender": "Київ",
    "cityRecipient": "Синельникове"
  },
  {
    "number": 59000456260787,
    "dateTime": {
      "date": {
        "year": 2019,
        "month": 10,
        "day": 20
      },
      "time": {
        "hour": 15,
        "minute": 20,
        "second": 20,
        "nano": 0
      }
    },
    "citySender": "Одеса",
    "cityRecipient": "Полтава"
  },
  {
    "number": 59000456260788,
    "dateTime": {
      "date": {
        "year": 2019,
        "month": 10,
        "day": 20
      },
      "time": {
        "hour": 15,
        "minute": 20,
        "second": 25,
        "nano": 0
      }
    },
    "citySender": "Угринів (Тисменицький р-н., Івано-Франк. обл.)",
    "cityRecipient": "Львів"
  },
  {
    "number": 59000456260790,
    "dateTime": {
      "date": {
        "year": 2019,
        "month": 10,
        "day": 20
      },
      "time": {
        "hour": 15,
        "minute": 20,
        "second": 16,
        "nano": 0
      }
    },
    "citySender": "Миколаїв",
    "cityRecipient": "Львів"
  },
  {
    "number": 59000456260792,
    "dateTime": {
      "date": {
        "year": 2019,
        "month": 10,
        "day": 20
      },
      "time": {
        "hour": 15,
        "minute": 19,
        "second": 48,
        "nano": 0
      }
    },
    "citySender": "Кіцмань",
    "cityRecipient": "Рівне"
  },
  {
    "number": 59000456260793,
    "dateTime": {
      "date": {
        "year": 2019,
        "month": 10,
        "day": 20
      },
      "time": {
        "hour": 15,
        "minute": 20,
        "second": 21,
        "nano": 0
      }
    },
    "citySender": "Харків",
    "cityRecipient": "Одеса"
  },
  {
    "number": 59000456260794,
    "dateTime": {
      "date": {
        "year": 2019,
        "month": 10,
        "day": 20
      },
      "time": {
        "hour": 15,
        "minute": 19,
        "second": 57,
        "nano": 0
      }
    },
    "citySender": "Одеса",
    "cityRecipient": "Умань"
  },
  {
    "number": 59000456260795,
    "dateTime": {
      "date": {
        "year": 2019,
        "month": 10,
        "day": 20
      },
      "time": {
        "hour": 15,
        "minute": 20,
        "second": 11,
        "nano": 0
      }
    },
    "citySender": "Львів",
    "cityRecipient": "Харків"
  },
  {
    "number": 59000456260796,
    "dateTime": {
      "date": {
        "year": 2019,
        "month": 10,
        "day": 20
      },
      "time": {
        "hour": 15,
        "minute": 20,
        "second": 5,
        "nano": 0
      }
    },
    "citySender": "Харків",
    "cityRecipient": "Київ"
  },
  {
    "number": 59000456260797,
    "dateTime": {
      "date": {
        "year": 2019,
        "month": 10,
        "day": 20
      },
      "time": {
        "hour": 15,
        "minute": 20,
        "second": 17,
        "nano": 0
      }
    },
    "citySender": "Одеса",
    "cityRecipient": "Подільськ"
  }
]