[
  {
    "number": 59000456239506,
    "dateTime": {
      "date": {
        "year": 2019,
        "month": 10,
        "day": 20
      },
      "time": {
        "hour": 13,
        "minute": 2,
        "second": 14,
        "nano": 0
      }
    },
    "citySender": "Кривий Ріг",
    "cityRecipient": "Київ"
  },
  {
    "number": 59000456239507,
    "dateTime": {
      "date": {
        "year": 2019,
        "month": 10,
        "day": 20
      },
      "time": {
        "hour": 13,
        "minute": 2,
        "second": 34,
        "nano": 0
      }
    },
    "citySender": "Лозова",
    "cityRecipient": "Харків"
  },
  {
    "number": 59000456239508,
    "dateTime": {
      "date": {
        "year": 2019,
        "month": 10,
        "day": 20
      },
      "time": {
        "hour": 13,
        "minute": 1,
        "second": 21,
        "nano": 0
      }
    },
    "citySender": "Шаргород (Вінницька обл.)",
    "cityRecipient": "Львів"
  },
  {
    "number": 59000456239509,
    "dateTime": {
      "date": {
        "year": 2019,
        "month": 10,
        "day": 20
      },
      "time": {
        "hour": 13,
        "minute": 2,
        "second": 34,
        "nano": 0
      }
    },
    "citySender": "Дніпро",
    "cityRecipient": "Харків"
  },
  {
    "number": 59000456239510,
    "dateTime": {
      "date": {
        "year": 2019,
        "month": 10,
        "day": 20
      },
      "time": {
        "hour": 13,
        "minute": 2,
        "second": 34,
        "nano": 0
      }
    },
    "citySender": "Золочів (Львівська обл.)",
    "cityRecipient": "Витвиця"
  },
  {
    "number": 59000456239511,
    "dateTime": {
      "date": {
        "year": 2019,
        "month": 10,
        "day": 20
      },
      "time": {
        "hour": 13,
        "minute": 2,
        "second": 31,
        "nano": 0
      }
    },
    "citySender": "Дніпро",
    "cityRecipient": "Київ"
  },
  {
    "number": 59000456239512,
    "dateTime": {
      "date": {
        "year": 2019,
        "month": 10,
        "day": 20
      },
      "time": {
        "hour": 13,
        "minute": 2,
        "second": 39,
        "nano": 0
      }
    },
    "citySender": "Марганець",
    "cityRecipient": "Київ"
  },
  {
    "number": 59000456239513,
    "dateTime": {
      "date": {
        "year": 2019,
        "month": 10,
        "day": 20
      },
      "time": {
        "hour": 13,
        "minute": 2,
        "second": 31,
        "nano": 0
      }
    },
    "citySender": "Свалява",
    "cityRecipient": "Полтава"
  },
  {
    "number": 59000456239514,
    "dateTime": {
      "date": {
        "year": 2019,
        "month": 10,
        "day": 20
      },
      "time": {
        "hour": 13,
        "minute": 1,
        "second": 11,
        "nano": 0
      }
    },
    "citySender": "Харків",
    "cityRecipient": "Кривий Ріг"
  },
  {
    "number": 59000456239515,
    "dateTime": {
      "date": {
        "year": 2019,
        "month": 10,
        "day": 20
      },
      "time": {
        "hour": 13,
        "minute": 2,
        "second": 28,
        "nano": 0
      }
    },
    "citySender": "Київ",
    "cityRecipient": "Тернопіль"
  },
  {
    "number": 59000456239517,
    "dateTime": {
      "date": {
        "year": 2019,
        "month": 10,
        "day": 20
      },
      "time": {
        "hour": 13,
        "minute": 2,
        "second": 21,
        "nano": 0
      }
    },
    "citySender": "Харків",
    "cityRecipient": "Кривий Ріг"
  },
  {
    "number": 59000456239518,
    "dateTime": {
      "date": {
        "year": 2019,
        "month": 10,
        "day": 20
      },
      "time": {
        "hour": 13,
        "minute": 2,
        "second": 31,
        "nano": 0
      }
    },
    "citySender": "Чернігів",
    "cityRecipient": "Київ"
  },
  {
    "number": 59000456239519,
    "dateTime": {
      "date": {
        "year": 2019,
        "month": 10,
        "day": 20
      },
      "time": {
        "hour": 13,
        "minute": 2,
        "second": 33,
        "nano": 0
      }
    },
    "citySender": "Кам\u0027янське(Дніпропетровська обл)",
    "cityRecipient": "Київ"
  },
  {
    "number": 59000456239521,
    "dateTime": {
      "date": {
        "year": 2019,
        "month": 10,
        "day": 20
      },
      "time": {
        "hour": 13,
        "minute": 1,
        "second": 53,
        "nano": 0
      }
    },
    "citySender": "Вінниця",
    "cityRecipient": "Миколаїв"
  },
  {
    "number": 59000456239522,
    "dateTime": {
      "date": {
        "year": 2019,
        "month": 10,
        "day": 20
      },
      "time": {
        "hour": 13,
        "minute": 2,
        "second": 39,
        "nano": 0
      }
    },
    "citySender": "Київ",
    "cityRecipient": "Сквира"
  },
  {
    "number": 59000456239523,
    "dateTime": {
      "date": {
        "year": 2019,
        "month": 10,
        "day": 20
      },
      "time": {
        "hour": 13,
        "minute": 2,
        "second": 37,
        "nano": 0
      }
    },
    "citySender": "Городище (Черкаська обл.)",
    "cityRecipient": "Стеблів (Черкаська обл.)"
  },
  {
    "number": 59000456239524,
    "dateTime": {
      "date": {
        "year": 2019,
        "month": 10,
        "day": 20
      },
      "time": {
        "hour": 13,
        "minute": 2,
        "second": 2,
        "nano": 0
      }
    },
    "citySender": "Львів",
    "cityRecipient": "Кривий Ріг"
  },
  {
    "number": 59000456239525,
    "dateTime": {
      "date": {
        "year": 2019,
        "month": 10,
        "day": 20
      },
      "time": {
        "hour": 13,
        "minute": 2,
        "second": 37,
        "nano": 0
      }
    },
    "citySender": "Одеса",
    "cityRecipient": "Згурівка"
  },
  {
    "number": 59000456239526,
    "dateTime": {
      "date": {
        "year": 2019,
        "month": 10,
        "day": 20
      },
      "time": {
        "hour": 13,
        "minute": 2,
        "second": 6,
        "nano": 0
      }
    },
    "citySender": "Сєвєродонецьк",
    "cityRecipient": "Вишгород"
  },
  {
    "number": 59000456239527,
    "dateTime": {
      "date": {
        "year": 2019,
        "month": 10,
        "day": 20
      },
      "time": {
        "hour": 13,
        "minute": 2,
        "second": 45,
        "nano": 0
      }
    },
    "citySender": "Київ",
    "cityRecipient": "Корсунь-Шевченківський"
  },
  {
    "number": 59000456239528,
    "dateTime": {
      "date": {
        "year": 2019,
        "month": 10,
        "day": 20
      },
      "time": {
        "hour": 13,
        "minute": 2,
        "second": 41,
        "nano": 0
      }
    },
    "citySender": "Прилуки",
    "cityRecipient": "Городківка"
  },
  {
    "number": 59000456239529,
    "dateTime": {
      "date": {
        "year": 2019,
        "month": 10,
        "day": 20
      },
      "time": {
        "hour": 13,
        "minute": 2,
        "second": 38,
        "nano": 0
      }
    },
    "citySender": "Львів",
    "cityRecipient": "Одеса"
  },
  {
    "number": 59000456239530,
    "dateTime": {
      "date": {
        "year": 2019,
        "month": 10,
        "day": 20
      },
      "time": {
        "hour": 13,
        "minute": 2,
        "second": 35,
        "nano": 0
      }
    },
    "citySender": "Київ",
    "cityRecipient": "Дніпро"
  },
  {
    "number": 59000456239531,
    "dateTime": {
      "date": {
        "year": 2019,
        "month": 10,
        "day": 20
      },
      "time": {
        "hour": 13,
        "minute": 2,
        "second": 40,
        "nano": 0
      }
    },
    "citySender": "Київ",
    "cityRecipient": "Київ"
  },
  {
    "number": 59000456239532,
    "dateTime": {
      "date": {
        "year": 2019,
        "month": 10,
        "day": 20
      },
      "time": {
        "hour": 13,
        "minute": 2,
        "second": 21,
        "nano": 0
      }
    },
    "citySender": "Ужгород",
    "cityRecipient": "Київ"
  },
  {
    "number": 59000456239533,
    "dateTime": {
      "date": {
        "year": 2019,
        "month": 10,
        "day": 20
      },
      "time": {
        "hour": 13,
        "minute": 2,
        "second": 40,
        "nano": 0
      }
    },
    "citySender": "Київ",
    "cityRecipient": "Гадяч"
  },
  {
    "number": 59000456239534,
    "dateTime": {
      "date": {
        "year": 2019,
        "month": 10,
        "day": 20
      },
      "time": {
        "hour": 13,
        "minute": 2,
        "second": 15,
        "nano": 0
      }
    },
    "citySender": "Каховка",
    "cityRecipient": "Одеса"
  },
  {
    "number": 59000456239535,
    "dateTime": {
      "date": {
        "year": 2019,
        "month": 10,
        "day": 20
      },
      "time": {
        "hour": 13,
        "minute": 2,
        "second": 44,
        "nano": 0
      }
    },
    "citySender": "Житомир",
    "cityRecipient": "Львів"
  },
  {
    "number": 59000456239536,
    "dateTime": {
      "date": {
        "year": 2019,
        "month": 10,
        "day": 20
      },
      "time": {
        "hour": 12,
        "minute": 58,
        "second": 52,
        "nano": 0
      }
    },
    "citySender": "Березівка",
    "cityRecipient": "Бровари"
  },
  {
    "number": 59000456239537,
    "dateTime": {
      "date": {
        "year": 2019,
        "month": 10,
        "day": 20
      },
      "time": {
        "hour": 13,
        "minute": 2,
        "second": 40,
        "nano": 0
      }
    },
    "citySender": "Кривий Ріг",
    "cityRecipient": "Лисичанськ"
  },
  {
    "number": 59000456239538,
    "dateTime": {
      "date": {
        "year": 2019,
        "month": 10,
        "day": 20
      },
      "time": {
        "hour": 13,
        "minute": 1,
        "second": 47,
        "nano": 0
      }
    },
    "citySender": "Мирноград",
    "cityRecipient": "Одеса"
  },
  {
    "number": 59000456239539,
    "dateTime": {
      "date": {
        "year": 2019,
        "month": 10,
        "day": 20
      },
      "time": {
        "hour": 13,
        "minute": 2,
        "second": 5,
        "nano": 0
      }
    },
    "citySender": "Бровари",
    "cityRecipient": "Мелітополь"
  },
  {
    "number": 59000456239540,
    "dateTime": {
      "date": {
        "year": 2019,
        "month": 10,
        "day": 20
      },
      "time": {
        "hour": 13,
        "minute": 1,
        "second": 31,
        "nano": 0
      }
    },
    "citySender": "Львів",
    "cityRecipient": "Одеса"
  },
  {
    "number": 59000456239541,
    "dateTime": {
      "date": {
        "year": 2019,
        "month": 10,
        "day": 20
      },
      "time": {
        "hour": 13,
        "minute": 2,
        "second": 28,
        "nano": 0
      }
    },
    "citySender": "Дніпро",
    "cityRecipient": "Вишневе"
  },
  {
    "number": 59000456239542,
    "dateTime": {
      "date": {
        "year": 2019,
        "month": 10,
        "day": 20
      },
      "time": {
        "hour": 13,
        "minute": 2,
        "second": 51,
        "nano": 0
      }
    },
    "citySender": "Чорноморськ",
    "cityRecipient": "Вінниця"
  },
  {
    "number": 59000456239543,
    "dateTime": {
      "date": {
        "year": 2019,
        "month": 10,
        "day": 20
      },
      "time": {
        "hour": 13,
        "minute": 2,
        "second": 45,
        "nano": 0
      }
    },
    "citySender": "Одеса",
    "cityRecipient": "Шевченкове (Харківська обл.)"
  },
  {
    "number": 59000456239544,
    "dateTime": {
      "date": {
        "year": 2019,
        "month": 10,
        "day": 20
      },
      "time": {
        "hour": 13,
        "minute": 2,
        "second": 19,
        "nano": 0
      }
    },
    "citySender": "Теплодар",
    "cityRecipient": "Київ"
  },
  {
    "number": 59000456239545,
    "dateTime": {
      "date": {
        "year": 2019,
        "month": 10,
        "day": 20
      },
      "time": {
        "hour": 13,
        "minute": 2,
        "second": 52,
        "nano": 0
      }
    },
    "citySender": "Київ",
    "cityRecipient": "Жовті Води"
  },
  {
    "number": 59000456239546,
    "dateTime": {
      "date": {
        "year": 2019,
        "month": 10,
        "day": 20
      },
      "time": {
        "hour": 13,
        "minute": 2,
        "second": 30,
        "nano": 0
      }
    },
    "citySender": "Покровськ (Донецька обл.)",
    "cityRecipient": "Чупахівка"
  },
  {
    "number": 59000456239547,
    "dateTime": {
      "date": {
        "year": 2019,
        "month": 10,
        "day": 20
      },
      "time": {
        "hour": 13,
        "minute": 2,
        "second": 29,
        "nano": 0
      }
    },
    "citySender": "Київ",
    "cityRecipient": "Черкаси"
  },
  {
    "number": 59000456239548,
    "dateTime": {
      "date": {
        "year": 2019,
        "month": 10,
        "day": 20
      },
      "time": {
        "hour": 13,
        "minute": 2,
        "second": 55,
        "nano": 0
      }
    },
    "citySender": "Летичів",
    "cityRecipient": "Київ"
  },
  {
    "number": 59000456239549,
    "dateTime": {
      "date": {
        "year": 2019,
        "month": 10,
        "day": 20
      },
      "time": {
        "hour": 13,
        "minute": 2,
        "second": 30,
        "nano": 0
      }
    },
    "citySender": "Бровари",
    "cityRecipient": "Золотоноша"
  },
  {
    "number": 59000456239550,
    "dateTime": {
      "date": {
        "year": 2019,
        "month": 10,
        "day": 20
      },
      "time": {
        "hour": 13,
        "minute": 2,
        "second": 17,
        "nano": 0
      }
    },
    "citySender": "Очаків",
    "cityRecipient": "Добросин"
  },
  {
    "number": 59000456239551,
    "dateTime": {
      "date": {
        "year": 2019,
        "month": 10,
        "day": 20
      },
      "time": {
        "hour": 13,
        "minute": 2,
        "second": 12,
        "nano": 0
      }
    },
    "citySender": "Чоп",
    "cityRecipient": "Одеса"
  },
  {
    "number": 59000456239552,
    "dateTime": {
      "date": {
        "year": 2019,
        "month": 10,
        "day": 20
      },
      "time": {
        "hour": 13,
        "minute": 2,
        "second": 37,
        "nano": 0
      }
    },
    "citySender": "Київ",
    "cityRecipient": "Харків"
  },
  {
    "number": 59000456239553,
    "dateTime": {
      "date": {
        "year": 2019,
        "month": 10,
        "day": 20
      },
      "time": {
        "hour": 13,
        "minute": 2,
        "second": 6,
        "nano": 0
      }
    },
    "citySender": "Вишневе",
    "cityRecipient": "Гола Пристань"
  },
  {
    "number": 59000456239554,
    "dateTime": {
      "date": {
        "year": 2019,
        "month": 10,
        "day": 20
      },
      "time": {
        "hour": 13,
        "minute": 2,
        "second": 0,
        "nano": 0
      }
    },
    "citySender": "Київ",
    "cityRecipient": "Висока Піч"
  },
  {
    "number": 59000456239555,
    "dateTime": {
      "date": {
        "year": 2019,
        "month": 10,
        "day": 20
      },
      "time": {
        "hour": 13,
        "minute": 2,
        "second": 58,
        "nano": 0
      }
    },
    "citySender": "Сокільники",
    "cityRecipient": "Бровари"
  },
  {
    "number": 59000456239556,
    "dateTime": {
      "date": {
        "year": 2019,
        "month": 10,
        "day": 20
      },
      "time": {
        "hour": 13,
        "minute": 2,
        "second": 55,
        "nano": 0
      }
    },
    "citySender": "Одеса",
    "cityRecipient": "Лиман(Донецька обл)"
  },
  {
    "number": 59000456239557,
    "dateTime": {
      "date": {
        "year": 2019,
        "month": 10,
        "day": 20
      },
      "time": {
        "hour": 13,
        "minute": 1,
        "second": 56,
        "nano": 0
      }
    },
    "citySender": "Новгородське (Донецька обл.)",
    "cityRecipient": "Херсон"
  },
  {
    "number": 59000456239558,
    "dateTime": {
      "date": {
        "year": 2019,
        "month": 10,
        "day": 20
      },
      "time": {
        "hour": 13,
        "minute": 2,
        "second": 47,
        "nano": 0
      }
    },
    "citySender": "Миколаїв",
    "cityRecipient": "Лозова"
  },
  {
    "number": 59000456239559,
    "dateTime": {
      "date": {
        "year": 2019,
        "month": 10,
        "day": 20
      },
      "time": {
        "hour": 13,
        "minute": 2,
        "second": 3,
        "nano": 0
      }
    },
    "citySender": "Херсон",
    "cityRecipient": "Полтава"
  },
  {
    "number": 59000456239560,
    "dateTime": {
      "date": {
        "year": 2019,
        "month": 10,
        "day": 20
      },
      "time": {
        "hour": 13,
        "minute": 2,
        "second": 49,
        "nano": 0
      }
    },
    "citySender": "Харків",
    "cityRecipient": "Дніпро"
  },
  {
    "number": 59000456239561,
    "dateTime": {
      "date": {
        "year": 2019,
        "month": 10,
        "day": 20
      },
      "time": {
        "hour": 13,
        "minute": 2,
        "second": 59,
        "nano": 0
      }
    },
    "citySender": "Кельменці",
    "cityRecipient": "Кропивницький"
  },
  {
    "number": 59000456239562,
    "dateTime": {
      "date": {
        "year": 2019,
        "month": 10,
        "day": 20
      },
      "time": {
        "hour": 13,
        "minute": 2,
        "second": 55,
        "nano": 0
      }
    },
    "citySender": "Запоріжжя",
    "cityRecipient": "Херсон"
  },
  {
    "number": 59000456239563,
    "dateTime": {
      "date": {
        "year": 2019,
        "month": 10,
        "day": 20
      },
      "time": {
        "hour": 13,
        "minute": 2,
        "second": 48,
        "nano": 0
      }
    },
    "citySender": "Охтирка",
    "cityRecipient": "Ворожба (Білопільський р-н)"
  },
  {
    "number": 59000456239564,
    "dateTime": {
      "date": {
        "year": 2019,
        "month": 10,
        "day": 20
      },
      "time": {
        "hour": 13,
        "minute": 2,
        "second": 5,
        "nano": 0
      }
    },
    "citySender": "Київ",
    "cityRecipient": "Львів"
  },
  {
    "number": 59000456239565,
    "dateTime": {
      "date": {
        "year": 2019,
        "month": 10,
        "day": 20
      },
      "time": {
        "hour": 13,
        "minute": 2,
        "second": 35,
        "nano": 0
      }
    },
    "citySender": "Запоріжжя",
    "cityRecipient": "Дніпро"
  },
  {
    "number": 59000456239566,
    "dateTime": {
      "date": {
        "year": 2019,
        "month": 10,
        "day": 20
      },
      "time": {
        "hour": 13,
        "minute": 2,
        "second": 36,
        "nano": 0
      }
    },
    "citySender": "Одеса",
    "cityRecipient": "Кривий Ріг"
  },
  {
    "number": 59000456239567,
    "dateTime": {
      "date": {
        "year": 2019,
        "month": 10,
        "day": 20
      },
      "time": {
        "hour": 13,
        "minute": 1,
        "second": 30,
        "nano": 0
      }
    },
    "citySender": "Одеса",
    "cityRecipient": "Дніпро"
  },
  {
    "number": 59000456239568,
    "dateTime": {
      "date": {
        "year": 2019,
        "month": 10,
        "day": 20
      },
      "time": {
        "hour": 13,
        "minute": 2,
        "second": 33,
        "nano": 0
      }
    },
    "citySender": "Конотоп",
    "cityRecipient": "Романів"
  },
  {
    "number": 59000456239569,
    "dateTime": {
      "date": {
        "year": 2019,
        "month": 10,
        "day": 20
      },
      "time": {
        "hour": 13,
        "minute": 2,
        "second": 38,
        "nano": 0
      }
    },
    "citySender": "Одеса",
    "cityRecipient": "Львів"
  },
  {
    "number": 59000456239570,
    "dateTime": {
      "date": {
        "year": 2019,
        "month": 10,
        "day": 20
      },
      "time": {
        "hour": 13,
        "minute": 1,
        "second": 58,
        "nano": 0
      }
    },
    "citySender": "Сміла",
    "cityRecipient": "Київ"
  },
  {
    "number": 59000456239571,
    "dateTime": {
      "date": {
        "year": 2019,
        "month": 10,
        "day": 20
      },
      "time": {
        "hour": 13,
        "minute": 2,
        "second": 54,
        "nano": 0
      }
    },
    "citySender": "Токмак",
    "cityRecipient": "Полтава"
  },
  {
    "number": 59000456239572,
    "dateTime": {
      "date": {
        "year": 2019,
        "month": 10,
        "day": 20
      },
      "time": {
        "hour": 13,
        "minute": 2,
        "second": 32,
        "nano": 0
      }
    },
    "citySender": "Миколаїв",
    "cityRecipient": "Бердичів"
  },
  {
    "number": 59000456239573,
    "dateTime": {
      "date": {
        "year": 2019,
        "month": 10,
        "day": 20
      },
      "time": {
        "hour": 13,
        "minute": 2,
        "second": 50,
        "nano": 0
      }
    },
    "citySender": "Київ",
    "cityRecipient": "Новий Розділ"
  },
  {
    "number": 59000456239574,
    "dateTime": {
      "date": {
        "year": 2019,
        "month": 10,
        "day": 20
      },
      "time": {
        "hour": 13,
        "minute": 3,
        "second": 4,
        "nano": 0
      }
    },
    "citySender": "Миколаїв",
    "cityRecipient": "Томаківка"
  },
  {
    "number": 59000456239575,
    "dateTime": {
      "date": {
        "year": 2019,
        "month": 10,
        "day": 20
      },
      "time": {
        "hour": 13,
        "minute": 2,
        "second": 26,
        "nano": 0
      }
    },
    "citySender": "Ватутіне",
    "cityRecipient": "Житомир"
  },
  {
    "number": 59000456239576,
    "dateTime": {
      "date": {
        "year": 2019,
        "month": 10,
        "day": 20
      },
      "time": {
        "hour": 13,
        "minute": 2,
        "second": 44,
        "nano": 0
      }
    },
    "citySender": "Київ",
    "cityRecipient": "Куп\u0027янськ"
  },
  {
    "number": 59000456239577,
    "dateTime": {
      "date": {
        "year": 2019,
        "month": 10,
        "day": 20
      },
      "time": {
        "hour": 13,
        "minute": 3,
        "second": 0,
        "nano": 0
      }
    },
    "citySender": "Київ",
    "cityRecipient": "Київ"
  },
  {
    "number": 59000456239578,
    "dateTime": {
      "date": {
        "year": 2019,
        "month": 10,
        "day": 20
      },
      "time": {
        "hour": 13,
        "minute": 2,
        "second": 57,
        "nano": 0
      }
    },
    "citySender": "Одеса",
    "cityRecipient": "Київ"
  },
  {
    "number": 59000456239579,
    "dateTime": {
      "date": {
        "year": 2019,
        "month": 10,
        "day": 20
      },
      "time": {
        "hour": 13,
        "minute": 2,
        "second": 59,
        "nano": 0
      }
    },
    "citySender": "Київ",
    "cityRecipient": "Львів"
  },
  {
    "number": 59000456239580,
    "dateTime": {
      "date": {
        "year": 2019,
        "month": 10,
        "day": 20
      },
      "time": {
        "hour": 13,
        "minute": 3,
        "second": 0,
        "nano": 0
      }
    },
    "citySender": "Чернівці",
    "cityRecipient": "Рівне"
  },
  {
    "number": 59000456239581,
    "dateTime": {
      "date": {
        "year": 2019,
        "month": 10,
        "day": 20
      },
      "time": {
        "hour": 13,
        "minute": 3,
        "second": 4,
        "nano": 0
      }
    },
    "citySender": "Кривий Ріг",
    "cityRecipient": "Приколотне"
  },
  {
    "number": 59000456239582,
    "dateTime": {
      "date": {
        "year": 2019,
        "month": 10,
        "day": 20
      },
      "time": {
        "hour": 13,
        "minute": 3,
        "second": 1,
        "nano": 0
      }
    },
    "citySender": "Дніпро",
    "cityRecipient": "Рудки"
  },
  {
    "number": 59000456239583,
    "dateTime": {
      "date": {
        "year": 2019,
        "month": 10,
        "day": 20
      },
      "time": {
        "hour": 13,
        "minute": 1,
        "second": 41,
        "nano": 0
      }
    },
    "citySender": "Івано-Франківськ",
    "cityRecipient": "Мукачево"
  },
  {
    "number": 59000456239584,
    "dateTime": {
      "date": {
        "year": 2019,
        "month": 10,
        "day": 20
      },
      "time": {
        "hour": 13,
        "minute": 1,
        "second": 24,
        "nano": 0
      }
    },
    "citySender": "Бровари",
    "cityRecipient": "Полтава"
  },
  {
    "number": 59000456239585,
    "dateTime": {
      "date": {
        "year": 2019,
        "month": 10,
        "day": 20
      },
      "time": {
        "hour": 13,
        "minute": 2,
        "second": 36,
        "nano": 0
      }
    },
    "citySender": "Узин",
    "cityRecipient": "Сєвєродонецьк"
  },
  {
    "number": 59000456239586,
    "dateTime": {
      "date": {
        "year": 2019,
        "month": 10,
        "day": 20
      },
      "time": {
        "hour": 13,
        "minute": 3,
        "second": 10,
        "nano": 0
      }
    },
    "citySender": "Одеса",
    "cityRecipient": "Харків"
  },
  {
    "number": 59000456239587,
    "dateTime": {
      "date": {
        "year": 2019,
        "month": 10,
        "day": 20
      },
      "time": {
        "hour": 13,
        "minute": 2,
        "second": 34,
        "nano": 0
      }
    },
    "citySender": "Харків",
    "cityRecipient": "Просяна (Покровський р-н)"
  },
  {
    "number": 59000456239588,
    "dateTime": {
      "date": {
        "year": 2019,
        "month": 10,
        "day": 20
      },
      "time": {
        "hour": 13,
        "minute": 2,
        "second": 27,
        "nano": 0
      }
    },
    "citySender": "Львів",
    "cityRecipient": "Яворів"
  },
  {
    "number": 59000456239589,
    "dateTime": {
      "date": {
        "year": 2019,
        "month": 10,
        "day": 20
      },
      "time": {
        "hour": 13,
        "minute": 3,
        "second": 4,
        "nano": 0
      }
    },
    "citySender": "Рубіжне",
    "cityRecipient": "Кривий Ріг"
  },
  {
    "number": 59000456239590,
    "dateTime": {
      "date": {
        "year": 2019,
        "month": 10,
        "day": 20
      },
      "time": {
        "hour": 13,
        "minute": 3,
        "second": 11,
        "nano": 0
      }
    },
    "citySender": "Запоріжжя",
    "cityRecipient": "Полтава"
  },
  {
    "number": 59000456239591,
    "dateTime": {
      "date": {
        "year": 2019,
        "month": 10,
        "day": 20
      },
      "time": {
        "hour": 13,
        "minute": 3,
        "second": 6,
        "nano": 0
      }
    },
    "citySender": "Черніїв",
    "cityRecipient": "Львів"
  },
  {
    "number": 59000456239592,
    "dateTime": {
      "date": {
        "year": 2019,
        "month": 10,
        "day": 20
      },
      "time": {
        "hour": 13,
        "minute": 2,
        "second": 20,
        "nano": 0
      }
    },
    "citySender": "Павлоград",
    "cityRecipient": "Славутич"
  },
  {
    "number": 59000456239593,
    "dateTime": {
      "date": {
        "year": 2019,
        "month": 10,
        "day": 20
      },
      "time": {
        "hour": 13,
        "minute": 3,
        "second": 14,
        "nano": 0
      }
    },
    "citySender": "Мелітополь",
    "cityRecipient": "Одеса"
  },
  {
    "number": 59000456239594,
    "dateTime": {
      "date": {
        "year": 2019,
        "month": 10,
        "day": 20
      },
      "time": {
        "hour": 13,
        "minute": 3,
        "second": 14,
        "nano": 0
      }
    },
    "citySender": "Івано-Франківськ",
    "cityRecipient": "Київ"
  },
  {
    "number": 59000456239595,
    "dateTime": {
      "date": {
        "year": 2019,
        "month": 10,
        "day": 20
      },
      "time": {
        "hour": 13,
        "minute": 2,
        "second": 39,
        "nano": 0
      }
    },
    "citySender": "Первомайський (Харківська обл.)",
    "cityRecipient": "Старий Крим (Донецька обл.)"
  },
  {
    "number": 59000456239596,
    "dateTime": {
      "date": {
        "year": 2019,
        "month": 10,
        "day": 20
      },
      "time": {
        "hour": 13,
        "minute": 2,
        "second": 57,
        "nano": 0
      }
    },
    "citySender": "Іванків (Іванківський р-н)",
    "cityRecipient": "Хирів"
  },
  {
    "number": 59000456239597,
    "dateTime": {
      "date": {
        "year": 2019,
        "month": 10,
        "day": 20
      },
      "time": {
        "hour": 13,
        "minute": 2,
        "second": 56,
        "nano": 0
      }
    },
    "citySender": "Одеса",
    "cityRecipient": "Ізюм"
  },
  {
    "number": 59000456239598,
    "dateTime": {
      "date": {
        "year": 2019,
        "month": 10,
        "day": 20
      },
      "time": {
        "hour": 13,
        "minute": 3,
        "second": 4,
        "nano": 0
      }
    },
    "citySender": "Львів",
    "cityRecipient": "Луцьк"
  },
  {
    "number": 59000456239599,
    "dateTime": {
      "date": {
        "year": 2019,
        "month": 10,
        "day": 20
      },
      "time": {
        "hour": 13,
        "minute": 3,
        "second": 7,
        "nano": 0
      }
    },
    "citySender": "Диканька",
    "cityRecipient": "Одеса"
  },
  {
    "number": 59000456239600,
    "dateTime": {
      "date": {
        "year": 2019,
        "month": 10,
        "day": 20
      },
      "time": {
        "hour": 13,
        "minute": 2,
        "second": 54,
        "nano": 0
      }
    },
    "citySender": "Дніпро",
    "cityRecipient": "Київ"
  },
  {
    "number": 59000456239601,
    "dateTime": {
      "date": {
        "year": 2019,
        "month": 10,
        "day": 20
      },
      "time": {
        "hour": 13,
        "minute": 3,
        "second": 8,
        "nano": 0
      }
    },
    "citySender": "Вінниця",
    "cityRecipient": "Дрогобич"
  },
  {
    "number": 59000456239602,
    "dateTime": {
      "date": {
        "year": 2019,
        "month": 10,
        "day": 20
      },
      "time": {
        "hour": 13,
        "minute": 3,
        "second": 9,
        "nano": 0
      }
    },
    "citySender": "Суми",
    "cityRecipient": "Харків"
  },
  {
    "number": 59000456239603,
    "dateTime": {
      "date": {
        "year": 2019,
        "month": 10,
        "day": 20
      },
      "time": {
        "hour": 13,
        "minute": 2,
        "second": 48,
        "nano": 0
      }
    },
    "citySender": "Славутич",
    "cityRecipient": "Енергодар"
  },
  {
    "number": 59000456239604,
    "dateTime": {
      "date": {
        "year": 2019,
        "month": 10,
        "day": 20
      },
      "time": {
        "hour": 13,
        "minute": 2,
        "second": 36,
        "nano": 0
      }
    },
    "citySender": "Хмельницький",
    "cityRecipient": "Харків"
  },
  {
    "number": 59000456239605,
    "dateTime": {
      "date": {
        "year": 2019,
        "month": 10,
        "day": 20
      },
      "time": {
        "hour": 12,
        "minute": 59,
        "second": 55,
        "nano": 0
      }
    },
    "citySender": "Одеса",
    "cityRecipient": "Київ"
  }
]