[
  {
    "number": 59000456219509,
    "dateTime": {
      "date": {
        "year": 2019,
        "month": 10,
        "day": 20
      },
      "time": {
        "hour": 11,
        "minute": 12,
        "second": 12,
        "nano": 0
      }
    },
    "citySender": "Київ",
    "cityRecipient": "Кривий Ріг"
  },
  {
    "number": 59000456219510,
    "dateTime": {
      "date": {
        "year": 2019,
        "month": 10,
        "day": 20
      },
      "time": {
        "hour": 11,
        "minute": 12,
        "second": 23,
        "nano": 0
      }
    },
    "citySender": "Дніпро",
    "cityRecipient": "Маріуполь"
  },
  {
    "number": 59000456219511,
    "dateTime": {
      "date": {
        "year": 2019,
        "month": 10,
        "day": 20
      },
      "time": {
        "hour": 11,
        "minute": 11,
        "second": 2,
        "nano": 0
      }
    },
    "citySender": "Розсошенці(Полтавська обл.)",
    "cityRecipient": "Кременчук"
  },
  {
    "number": 59000456219512,
    "dateTime": {
      "date": {
        "year": 2019,
        "month": 10,
        "day": 20
      },
      "time": {
        "hour": 11,
        "minute": 11,
        "second": 18,
        "nano": 0
      }
    },
    "citySender": "Київ",
    "cityRecipient": "Вінниця"
  },
  {
    "number": 59000456219513,
    "dateTime": {
      "date": {
        "year": 2019,
        "month": 10,
        "day": 20
      },
      "time": {
        "hour": 11,
        "minute": 12,
        "second": 25,
        "nano": 0
      }
    },
    "citySender": "Харків",
    "cityRecipient": "Лисичанськ"
  },
  {
    "number": 59000456219514,
    "dateTime": {
      "date": {
        "year": 2019,
        "month": 10,
        "day": 20
      },
      "time": {
        "hour": 11,
        "minute": 11,
        "second": 37,
        "nano": 0
      }
    },
    "citySender": "Чернівці",
    "cityRecipient": "Путила"
  },
  {
    "number": 59000456219515,
    "dateTime": {
      "date": {
        "year": 2019,
        "month": 10,
        "day": 20
      },
      "time": {
        "hour": 11,
        "minute": 12,
        "second": 27,
        "nano": 0
      }
    },
    "citySender": "Крюківщина",
    "cityRecipient": "Краматорськ"
  },
  {
    "number": 59000456219516,
    "dateTime": {
      "date": {
        "year": 2019,
        "month": 10,
        "day": 20
      },
      "time": {
        "hour": 11,
        "minute": 12,
        "second": 19,
        "nano": 0
      }
    },
    "citySender": "Хмельницький",
    "cityRecipient": "Долинська"
  },
  {
    "number": 59000456219517,
    "dateTime": {
      "date": {
        "year": 2019,
        "month": 10,
        "day": 20
      },
      "time": {
        "hour": 11,
        "minute": 11,
        "second": 41,
        "nano": 0
      }
    },
    "citySender": "Вишневе",
    "cityRecipient": "Мар\u0027янське"
  },
  {
    "number": 59000456219518,
    "dateTime": {
      "date": {
        "year": 2019,
        "month": 10,
        "day": 20
      },
      "time": {
        "hour": 11,
        "minute": 12,
        "second": 18,
        "nano": 0
      }
    },
    "citySender": "Київ",
    "cityRecipient": "Хмельницький"
  },
  {
    "number": 59000456219519,
    "dateTime": {
      "date": {
        "year": 2019,
        "month": 10,
        "day": 20
      },
      "time": {
        "hour": 11,
        "minute": 12,
        "second": 19,
        "nano": 0
      }
    },
    "citySender": "Рубіжне",
    "cityRecipient": "Путивль"
  },
  {
    "number": 59000456219520,
    "dateTime": {
      "date": {
        "year": 2019,
        "month": 10,
        "day": 20
      },
      "time": {
        "hour": 11,
        "minute": 12,
        "second": 28,
        "nano": 0
      }
    },
    "citySender": "Вінниця",
    "cityRecipient": "Кривий Ріг"
  },
  {
    "number": 59000456219521,
    "dateTime": {
      "date": {
        "year": 2019,
        "month": 10,
        "day": 20
      },
      "time": {
        "hour": 11,
        "minute": 12,
        "second": 17,
        "nano": 0
      }
    },
    "citySender": "Маріуполь",
    "cityRecipient": "Запоріжжя"
  },
  {
    "number": 59000456219522,
    "dateTime": {
      "date": {
        "year": 2019,
        "month": 10,
        "day": 20
      },
      "time": {
        "hour": 11,
        "minute": 12,
        "second": 5,
        "nano": 0
      }
    },
    "citySender": "Горішні Плавні",
    "cityRecipient": "Старий Салтів"
  },
  {
    "number": 59000456219523,
    "dateTime": {
      "date": {
        "year": 2019,
        "month": 10,
        "day": 20
      },
      "time": {
        "hour": 11,
        "minute": 12,
        "second": 22,
        "nano": 0
      }
    },
    "citySender": "Херсон",
    "cityRecipient": "Харків"
  },
  {
    "number": 59000456219524,
    "dateTime": {
      "date": {
        "year": 2019,
        "month": 10,
        "day": 20
      },
      "time": {
        "hour": 11,
        "minute": 11,
        "second": 54,
        "nano": 0
      }
    },
    "citySender": "Львів",
    "cityRecipient": "Кривий Ріг"
  },
  {
    "number": 59000456219525,
    "dateTime": {
      "date": {
        "year": 2019,
        "month": 10,
        "day": 20
      },
      "time": {
        "hour": 11,
        "minute": 12,
        "second": 26,
        "nano": 0
      }
    },
    "citySender": "Чернігів",
    "cityRecipient": "Київ"
  },
  {
    "number": 59000456219526,
    "dateTime": {
      "date": {
        "year": 2019,
        "month": 10,
        "day": 20
      },
      "time": {
        "hour": 11,
        "minute": 12,
        "second": 11,
        "nano": 0
      }
    },
    "citySender": "Нікополь (Дніпропетровська обл.)",
    "cityRecipient": "Сєвєродонецьк"
  },
  {
    "number": 59000456219527,
    "dateTime": {
      "date": {
        "year": 2019,
        "month": 10,
        "day": 20
      },
      "time": {
        "hour": 11,
        "minute": 11,
        "second": 14,
        "nano": 0
      }
    },
    "citySender": "Слов\u0027янськ",
    "cityRecipient": "Малин"
  },
  {
    "number": 59000456219528,
    "dateTime": {
      "date": {
        "year": 2019,
        "month": 10,
        "day": 20
      },
      "time": {
        "hour": 11,
        "minute": 12,
        "second": 20,
        "nano": 0
      }
    },
    "citySender": "Київ",
    "cityRecipient": "Івано-Франківськ"
  },
  {
    "number": 59000456219529,
    "dateTime": {
      "date": {
        "year": 2019,
        "month": 10,
        "day": 20
      },
      "time": {
        "hour": 11,
        "minute": 12,
        "second": 29,
        "nano": 0
      }
    },
    "citySender": "Бершадь",
    "cityRecipient": "Ралівка"
  },
  {
    "number": 59000456219530,
    "dateTime": {
      "date": {
        "year": 2019,
        "month": 10,
        "day": 20
      },
      "time": {
        "hour": 11,
        "minute": 12,
        "second": 20,
        "nano": 0
      }
    },
    "citySender": "Запоріжжя",
    "cityRecipient": "Миколаїв"
  },
  {
    "number": 59000456219531,
    "dateTime": {
      "date": {
        "year": 2019,
        "month": 10,
        "day": 20
      },
      "time": {
        "hour": 11,
        "minute": 11,
        "second": 32,
        "nano": 0
      }
    },
    "citySender": "Черкаси",
    "cityRecipient": "Київ"
  },
  {
    "number": 59000456219532,
    "dateTime": {
      "date": {
        "year": 2019,
        "month": 10,
        "day": 20
      },
      "time": {
        "hour": 11,
        "minute": 12,
        "second": 12,
        "nano": 0
      }
    },
    "citySender": "Хмельницький",
    "cityRecipient": "Славута"
  },
  {
    "number": 59000456219533,
    "dateTime": {
      "date": {
        "year": 2019,
        "month": 10,
        "day": 20
      },
      "time": {
        "hour": 11,
        "minute": 12,
        "second": 13,
        "nano": 0
      }
    },
    "citySender": "Млинів",
    "cityRecipient": "Київ"
  },
  {
    "number": 59000456219534,
    "dateTime": {
      "date": {
        "year": 2019,
        "month": 10,
        "day": 20
      },
      "time": {
        "hour": 11,
        "minute": 11,
        "second": 55,
        "nano": 0
      }
    },
    "citySender": "Київ",
    "cityRecipient": "Тернопіль"
  },
  {
    "number": 59000456219535,
    "dateTime": {
      "date": {
        "year": 2019,
        "month": 10,
        "day": 20
      },
      "time": {
        "hour": 11,
        "minute": 12,
        "second": 21,
        "nano": 0
      }
    },
    "citySender": "Одеса",
    "cityRecipient": "Дніпро"
  },
  {
    "number": 59000456219536,
    "dateTime": {
      "date": {
        "year": 2019,
        "month": 10,
        "day": 20
      },
      "time": {
        "hour": 11,
        "minute": 12,
        "second": 34,
        "nano": 0
      }
    },
    "citySender": "Одеса",
    "cityRecipient": "Харків"
  },
  {
    "number": 59000456219537,
    "dateTime": {
      "date": {
        "year": 2019,
        "month": 10,
        "day": 20
      },
      "time": {
        "hour": 11,
        "minute": 12,
        "second": 17,
        "nano": 0
      }
    },
    "citySender": "Запоріжжя",
    "cityRecipient": "Ужгород"
  },
  {
    "number": 59000456219538,
    "dateTime": {
      "date": {
        "year": 2019,
        "month": 10,
        "day": 20
      },
      "time": {
        "hour": 11,
        "minute": 11,
        "second": 28,
        "nano": 0
      }
    },
    "citySender": "Миколаїв",
    "cityRecipient": "Шпола"
  },
  {
    "number": 59000456219539,
    "dateTime": {
      "date": {
        "year": 2019,
        "month": 10,
        "day": 20
      },
      "time": {
        "hour": 11,
        "minute": 12,
        "second": 28,
        "nano": 0
      }
    },
    "citySender": "Черкаси",
    "cityRecipient": "Костянтинівка (Донецька обл.)"
  },
  {
    "number": 59000456219540,
    "dateTime": {
      "date": {
        "year": 2019,
        "month": 10,
        "day": 20
      },
      "time": {
        "hour": 11,
        "minute": 11,
        "second": 41,
        "nano": 0
      }
    },
    "citySender": "Кути (Косівський р-н)",
    "cityRecipient": "Очеретине (Ясинуватський р-н)"
  },
  {
    "number": 59000456219541,
    "dateTime": {
      "date": {
        "year": 2019,
        "month": 10,
        "day": 20
      },
      "time": {
        "hour": 11,
        "minute": 12,
        "second": 10,
        "nano": 0
      }
    },
    "citySender": "Київ",
    "cityRecipient": "Кагарлик"
  },
  {
    "number": 59000456219542,
    "dateTime": {
      "date": {
        "year": 2019,
        "month": 10,
        "day": 20
      },
      "time": {
        "hour": 11,
        "minute": 12,
        "second": 18,
        "nano": 0
      }
    },
    "citySender": "Львів",
    "cityRecipient": "Дніпро"
  },
  {
    "number": 59000456219543,
    "dateTime": {
      "date": {
        "year": 2019,
        "month": 10,
        "day": 20
      },
      "time": {
        "hour": 11,
        "minute": 12,
        "second": 13,
        "nano": 0
      }
    },
    "citySender": "Тернопіль",
    "cityRecipient": "Коростишів"
  },
  {
    "number": 59000456219544,
    "dateTime": {
      "date": {
        "year": 2019,
        "month": 10,
        "day": 20
      },
      "time": {
        "hour": 11,
        "minute": 12,
        "second": 28,
        "nano": 0
      }
    },
    "citySender": "Одеса",
    "cityRecipient": "Бахмут"
  },
  {
    "number": 59000456219545,
    "dateTime": {
      "date": {
        "year": 2019,
        "month": 10,
        "day": 20
      },
      "time": {
        "hour": 11,
        "minute": 12,
        "second": 16,
        "nano": 0
      }
    },
    "citySender": "Львів",
    "cityRecipient": "Вільнянськ"
  },
  {
    "number": 59000456219546,
    "dateTime": {
      "date": {
        "year": 2019,
        "month": 10,
        "day": 20
      },
      "time": {
        "hour": 11,
        "minute": 12,
        "second": 23,
        "nano": 0
      }
    },
    "citySender": "Самбір",
    "cityRecipient": "Ужгород"
  },
  {
    "number": 59000456219547,
    "dateTime": {
      "date": {
        "year": 2019,
        "month": 10,
        "day": 20
      },
      "time": {
        "hour": 11,
        "minute": 12,
        "second": 24,
        "nano": 0
      }
    },
    "citySender": "Київ",
    "cityRecipient": "Яворів"
  },
  {
    "number": 59000456219548,
    "dateTime": {
      "date": {
        "year": 2019,
        "month": 10,
        "day": 20
      },
      "time": {
        "hour": 11,
        "minute": 11,
        "second": 56,
        "nano": 0
      }
    },
    "citySender": "Київ",
    "cityRecipient": "Київ"
  },
  {
    "number": 59000456219549,
    "dateTime": {
      "date": {
        "year": 2019,
        "month": 10,
        "day": 20
      },
      "time": {
        "hour": 11,
        "minute": 12,
        "second": 27,
        "nano": 0
      }
    },
    "citySender": "Київ",
    "cityRecipient": "Олександрія (м.Кіровогр.обл.райц)"
  },
  {
    "number": 59000456219550,
    "dateTime": {
      "date": {
        "year": 2019,
        "month": 10,
        "day": 20
      },
      "time": {
        "hour": 11,
        "minute": 11,
        "second": 38,
        "nano": 0
      }
    },
    "citySender": "Олександрія (м.Кіровогр.обл.райц)",
    "cityRecipient": "Цибулів"
  },
  {
    "number": 59000456219551,
    "dateTime": {
      "date": {
        "year": 2019,
        "month": 10,
        "day": 20
      },
      "time": {
        "hour": 11,
        "minute": 12,
        "second": 28,
        "nano": 0
      }
    },
    "citySender": "Олександрія (м.Кіровогр.обл.райц)",
    "cityRecipient": "Мелітополь"
  },
  {
    "number": 59000456219552,
    "dateTime": {
      "date": {
        "year": 2019,
        "month": 10,
        "day": 20
      },
      "time": {
        "hour": 11,
        "minute": 12,
        "second": 38,
        "nano": 0
      }
    },
    "citySender": "Кривий Ріг",
    "cityRecipient": "Одеса"
  },
  {
    "number": 59000456219553,
    "dateTime": {
      "date": {
        "year": 2019,
        "month": 10,
        "day": 20
      },
      "time": {
        "hour": 11,
        "minute": 11,
        "second": 39,
        "nano": 0
      }
    },
    "citySender": "Одеса",
    "cityRecipient": "Кременчук"
  },
  {
    "number": 59000456219554,
    "dateTime": {
      "date": {
        "year": 2019,
        "month": 10,
        "day": 20
      },
      "time": {
        "hour": 11,
        "minute": 12,
        "second": 28,
        "nano": 0
      }
    },
    "citySender": "Черніїв",
    "cityRecipient": "Дрогобич"
  },
  {
    "number": 59000456219555,
    "dateTime": {
      "date": {
        "year": 2019,
        "month": 10,
        "day": 20
      },
      "time": {
        "hour": 11,
        "minute": 12,
        "second": 39,
        "nano": 0
      }
    },
    "citySender": "Київ",
    "cityRecipient": "Київ"
  },
  {
    "number": 59000456219556,
    "dateTime": {
      "date": {
        "year": 2019,
        "month": 10,
        "day": 20
      },
      "time": {
        "hour": 11,
        "minute": 11,
        "second": 24,
        "nano": 0
      }
    },
    "citySender": "Куп\u0027янськ",
    "cityRecipient": "Бахмач"
  },
  {
    "number": 59000456219557,
    "dateTime": {
      "date": {
        "year": 2019,
        "month": 10,
        "day": 20
      },
      "time": {
        "hour": 11,
        "minute": 11,
        "second": 57,
        "nano": 0
      }
    },
    "citySender": "Білопілля",
    "cityRecipient": "Миропілля(Сумська обл.)"
  },
  {
    "number": 59000456219558,
    "dateTime": {
      "date": {
        "year": 2019,
        "month": 10,
        "day": 20
      },
      "time": {
        "hour": 11,
        "minute": 12,
        "second": 36,
        "nano": 0
      }
    },
    "citySender": "Черкаси",
    "cityRecipient": "Черкаси"
  },
  {
    "number": 59000456219559,
    "dateTime": {
      "date": {
        "year": 2019,
        "month": 10,
        "day": 20
      },
      "time": {
        "hour": 11,
        "minute": 12,
        "second": 23,
        "nano": 0
      }
    },
    "citySender": "Львів",
    "cityRecipient": "Волочиськ"
  },
  {
    "number": 59000456219560,
    "dateTime": {
      "date": {
        "year": 2019,
        "month": 10,
        "day": 20
      },
      "time": {
        "hour": 11,
        "minute": 12,
        "second": 30,
        "nano": 0
      }
    },
    "citySender": "Дніпро",
    "cityRecipient": "Київ"
  },
  {
    "number": 59000456219561,
    "dateTime": {
      "date": {
        "year": 2019,
        "month": 10,
        "day": 20
      },
      "time": {
        "hour": 11,
        "minute": 12,
        "second": 29,
        "nano": 0
      }
    },
    "citySender": "Хотів",
    "cityRecipient": "Чабани"
  },
  {
    "number": 59000456219563,
    "dateTime": {
      "date": {
        "year": 2019,
        "month": 10,
        "day": 20
      },
      "time": {
        "hour": 11,
        "minute": 12,
        "second": 6,
        "nano": 0
      }
    },
    "citySender": "Дніпро",
    "cityRecipient": "Ірпінь"
  },
  {
    "number": 59000456219564,
    "dateTime": {
      "date": {
        "year": 2019,
        "month": 10,
        "day": 20
      },
      "time": {
        "hour": 11,
        "minute": 12,
        "second": 27,
        "nano": 0
      }
    },
    "citySender": "Волноваха",
    "cityRecipient": "Краматорськ"
  },
  {
    "number": 59000456219565,
    "dateTime": {
      "date": {
        "year": 2019,
        "month": 10,
        "day": 20
      },
      "time": {
        "hour": 11,
        "minute": 12,
        "second": 21,
        "nano": 0
      }
    },
    "citySender": "Київ",
    "cityRecipient": "Баришівка"
  },
  {
    "number": 59000456219566,
    "dateTime": {
      "date": {
        "year": 2019,
        "month": 10,
        "day": 20
      },
      "time": {
        "hour": 11,
        "minute": 12,
        "second": 19,
        "nano": 0
      }
    },
    "citySender": "Кропивницький",
    "cityRecipient": "Київ"
  },
  {
    "number": 59000456219567,
    "dateTime": {
      "date": {
        "year": 2019,
        "month": 10,
        "day": 20
      },
      "time": {
        "hour": 11,
        "minute": 12,
        "second": 7,
        "nano": 0
      }
    },
    "citySender": "Одеса",
    "cityRecipient": "Рожище"
  },
  {
    "number": 59000456219568,
    "dateTime": {
      "date": {
        "year": 2019,
        "month": 10,
        "day": 20
      },
      "time": {
        "hour": 11,
        "minute": 12,
        "second": 0,
        "nano": 0
      }
    },
    "citySender": "Мукачево",
    "cityRecipient": "Чорнобай"
  },
  {
    "number": 59000456219569,
    "dateTime": {
      "date": {
        "year": 2019,
        "month": 10,
        "day": 20
      },
      "time": {
        "hour": 11,
        "minute": 12,
        "second": 42,
        "nano": 0
      }
    },
    "citySender": "Слов\u0027янськ",
    "cityRecipient": "Авангард"
  },
  {
    "number": 59000456219570,
    "dateTime": {
      "date": {
        "year": 2019,
        "month": 10,
        "day": 20
      },
      "time": {
        "hour": 11,
        "minute": 12,
        "second": 22,
        "nano": 0
      }
    },
    "citySender": "Одеса",
    "cityRecipient": "Харків"
  },
  {
    "number": 59000456219571,
    "dateTime": {
      "date": {
        "year": 2019,
        "month": 10,
        "day": 20
      },
      "time": {
        "hour": 11,
        "minute": 11,
        "second": 59,
        "nano": 0
      }
    },
    "citySender": "Київ",
    "cityRecipient": "Васильків"
  },
  {
    "number": 59000456219572,
    "dateTime": {
      "date": {
        "year": 2019,
        "month": 10,
        "day": 20
      },
      "time": {
        "hour": 11,
        "minute": 12,
        "second": 38,
        "nano": 0
      }
    },
    "citySender": "Кропивницький",
    "cityRecipient": "Кропивницький"
  },
  {
    "number": 59000456219573,
    "dateTime": {
      "date": {
        "year": 2019,
        "month": 10,
        "day": 20
      },
      "time": {
        "hour": 11,
        "minute": 12,
        "second": 43,
        "nano": 0
      }
    },
    "citySender": "Вінниця",
    "cityRecipient": "Київ"
  },
  {
    "number": 59000456219574,
    "dateTime": {
      "date": {
        "year": 2019,
        "month": 10,
        "day": 20
      },
      "time": {
        "hour": 11,
        "minute": 12,
        "second": 35,
        "nano": 0
      }
    },
    "citySender": "Бровари",
    "cityRecipient": "Київ"
  },
  {
    "number": 59000456219575,
    "dateTime": {
      "date": {
        "year": 2019,
        "month": 10,
        "day": 20
      },
      "time": {
        "hour": 11,
        "minute": 12,
        "second": 32,
        "nano": 0
      }
    },
    "citySender": "Кременчук",
    "cityRecipient": "Торчин"
  },
  {
    "number": 59000456219577,
    "dateTime": {
      "date": {
        "year": 2019,
        "month": 10,
        "day": 20
      },
      "time": {
        "hour": 11,
        "minute": 12,
        "second": 43,
        "nano": 0
      }
    },
    "citySender": "Одеса",
    "cityRecipient": "Дніпро"
  },
  {
    "number": 59000456219578,
    "dateTime": {
      "date": {
        "year": 2019,
        "month": 10,
        "day": 20
      },
      "time": {
        "hour": 11,
        "minute": 12,
        "second": 28,
        "nano": 0
      }
    },
    "citySender": "Хмельницький",
    "cityRecipient": "Винники"
  },
  {
    "number": 59000456219579,
    "dateTime": {
      "date": {
        "year": 2019,
        "month": 10,
        "day": 20
      },
      "time": {
        "hour": 11,
        "minute": 12,
        "second": 23,
        "nano": 0
      }
    },
    "citySender": "Слов\u0027янськ",
    "cityRecipient": "Ямпіль (Вінницька обл.)"
  },
  {
    "number": 59000456219580,
    "dateTime": {
      "date": {
        "year": 2019,
        "month": 10,
        "day": 20
      },
      "time": {
        "hour": 11,
        "minute": 12,
        "second": 36,
        "nano": 0
      }
    },
    "citySender": "Фастів",
    "cityRecipient": "Тернопіль"
  },
  {
    "number": 59000456219581,
    "dateTime": {
      "date": {
        "year": 2019,
        "month": 10,
        "day": 20
      },
      "time": {
        "hour": 11,
        "minute": 12,
        "second": 22,
        "nano": 0
      }
    },
    "citySender": "Костопіль",
    "cityRecipient": "Івано-Франківськ"
  },
  {
    "number": 59000456219582,
    "dateTime": {
      "date": {
        "year": 2019,
        "month": 10,
        "day": 20
      },
      "time": {
        "hour": 11,
        "minute": 12,
        "second": 42,
        "nano": 0
      }
    },
    "citySender": "Черкаси",
    "cityRecipient": "Чернівці"
  },
  {
    "number": 59000456219583,
    "dateTime": {
      "date": {
        "year": 2019,
        "month": 10,
        "day": 20
      },
      "time": {
        "hour": 11,
        "minute": 11,
        "second": 35,
        "nano": 0
      }
    },
    "citySender": "Бровари",
    "cityRecipient": "Київ"
  },
  {
    "number": 59000456219584,
    "dateTime": {
      "date": {
        "year": 2019,
        "month": 10,
        "day": 20
      },
      "time": {
        "hour": 11,
        "minute": 12,
        "second": 37,
        "nano": 0
      }
    },
    "citySender": "Харків",
    "cityRecipient": "Станиця Луганська"
  },
  {
    "number": 59000456219585,
    "dateTime": {
      "date": {
        "year": 2019,
        "month": 10,
        "day": 20
      },
      "time": {
        "hour": 11,
        "minute": 11,
        "second": 15,
        "nano": 0
      }
    },
    "citySender": "Кривий Ріг",
    "cityRecipient": "Лозуватка(Криворізький р-н)"
  },
  {
    "number": 59000456219586,
    "dateTime": {
      "date": {
        "year": 2019,
        "month": 10,
        "day": 20
      },
      "time": {
        "hour": 11,
        "minute": 11,
        "second": 41,
        "nano": 0
      }
    },
    "citySender": "Київ",
    "cityRecipient": "Кирнасівка"
  },
  {
    "number": 59000456219587,
    "dateTime": {
      "date": {
        "year": 2019,
        "month": 10,
        "day": 20
      },
      "time": {
        "hour": 11,
        "minute": 12,
        "second": 13,
        "nano": 0
      }
    },
    "citySender": "Полтава",
    "cityRecipient": "Запоріжжя"
  },
  {
    "number": 59000456219588,
    "dateTime": {
      "date": {
        "year": 2019,
        "month": 10,
        "day": 20
      },
      "time": {
        "hour": 11,
        "minute": 12,
        "second": 43,
        "nano": 0
      }
    },
    "citySender": "Одеса",
    "cityRecipient": "Харків"
  },
  {
    "number": 59000456219589,
    "dateTime": {
      "date": {
        "year": 2019,
        "month": 10,
        "day": 20
      },
      "time": {
        "hour": 11,
        "minute": 12,
        "second": 32,
        "nano": 0
      }
    },
    "citySender": "Чернігів",
    "cityRecipient": "Дніпро"
  },
  {
    "number": 59000456219590,
    "dateTime": {
      "date": {
        "year": 2019,
        "month": 10,
        "day": 20
      },
      "time": {
        "hour": 11,
        "minute": 11,
        "second": 55,
        "nano": 0
      }
    },
    "citySender": "Харків",
    "cityRecipient": "Київ"
  },
  {
    "number": 59000456219591,
    "dateTime": {
      "date": {
        "year": 2019,
        "month": 10,
        "day": 20
      },
      "time": {
        "hour": 11,
        "minute": 12,
        "second": 32,
        "nano": 0
      }
    },
    "citySender": "Хмельницький",
    "cityRecipient": "Старокостянтинів"
  },
  {
    "number": 59000456219592,
    "dateTime": {
      "date": {
        "year": 2019,
        "month": 10,
        "day": 20
      },
      "time": {
        "hour": 11,
        "minute": 12,
        "second": 22,
        "nano": 0
      }
    },
    "citySender": "Миколаївка (Слов’янська міська рада)",
    "cityRecipient": "Мукачево"
  },
  {
    "number": 59000456219593,
    "dateTime": {
      "date": {
        "year": 2019,
        "month": 10,
        "day": 20
      },
      "time": {
        "hour": 11,
        "minute": 12,
        "second": 7,
        "nano": 0
      }
    },
    "citySender": "Харків",
    "cityRecipient": "Золочів(Харківська обл.)"
  },
  {
    "number": 59000456219594,
    "dateTime": {
      "date": {
        "year": 2019,
        "month": 10,
        "day": 20
      },
      "time": {
        "hour": 11,
        "minute": 12,
        "second": 5,
        "nano": 0
      }
    },
    "citySender": "Южноукраїнськ",
    "cityRecipient": "Кременчук"
  },
  {
    "number": 59000456219595,
    "dateTime": {
      "date": {
        "year": 2019,
        "month": 10,
        "day": 20
      },
      "time": {
        "hour": 11,
        "minute": 12,
        "second": 46,
        "nano": 0
      }
    },
    "citySender": "Полтава",
    "cityRecipient": "Білозерське (Донецька обл.)"
  },
  {
    "number": 59000456219596,
    "dateTime": {
      "date": {
        "year": 2019,
        "month": 10,
        "day": 20
      },
      "time": {
        "hour": 11,
        "minute": 12,
        "second": 14,
        "nano": 0
      }
    },
    "citySender": "Лисичанськ",
    "cityRecipient": "Харків"
  },
  {
    "number": 59000456219597,
    "dateTime": {
      "date": {
        "year": 2019,
        "month": 10,
        "day": 20
      },
      "time": {
        "hour": 11,
        "minute": 11,
        "second": 51,
        "nano": 0
      }
    },
    "citySender": "Миргород",
    "cityRecipient": "Васильків"
  },
  {
    "number": 59000456219598,
    "dateTime": {
      "date": {
        "year": 2019,
        "month": 10,
        "day": 20
      },
      "time": {
        "hour": 11,
        "minute": 10,
        "second": 25,
        "nano": 0
      }
    },
    "citySender": "Яремче",
    "cityRecipient": "Дніпро"
  },
  {
    "number": 59000456219599,
    "dateTime": {
      "date": {
        "year": 2019,
        "month": 10,
        "day": 20
      },
      "time": {
        "hour": 11,
        "minute": 10,
        "second": 36,
        "nano": 0
      }
    },
    "citySender": "Шепетівка",
    "cityRecipient": "Київ"
  },
  {
    "number": 59000456219600,
    "dateTime": {
      "date": {
        "year": 2019,
        "month": 10,
        "day": 20
      },
      "time": {
        "hour": 11,
        "minute": 12,
        "second": 30,
        "nano": 0
      }
    },
    "citySender": "Нововолинськ",
    "cityRecipient": "Львів"
  },
  {
    "number": 59000456219601,
    "dateTime": {
      "date": {
        "year": 2019,
        "month": 10,
        "day": 20
      },
      "time": {
        "hour": 11,
        "minute": 12,
        "second": 43,
        "nano": 0
      }
    },
    "citySender": "Крюківщина",
    "cityRecipient": "Вишневе"
  },
  {
    "number": 59000456219602,
    "dateTime": {
      "date": {
        "year": 2019,
        "month": 10,
        "day": 20
      },
      "time": {
        "hour": 11,
        "minute": 12,
        "second": 39,
        "nano": 0
      }
    },
    "citySender": "Київ",
    "cityRecipient": "Чуднів"
  },
  {
    "number": 59000456219603,
    "dateTime": {
      "date": {
        "year": 2019,
        "month": 10,
        "day": 20
      },
      "time": {
        "hour": 11,
        "minute": 12,
        "second": 34,
        "nano": 0
      }
    },
    "citySender": "Мукачево",
    "cityRecipient": "Полтава"
  },
  {
    "number": 59000456219604,
    "dateTime": {
      "date": {
        "year": 2019,
        "month": 10,
        "day": 20
      },
      "time": {
        "hour": 11,
        "minute": 12,
        "second": 5,
        "nano": 0
      }
    },
    "citySender": "Барвінкове",
    "cityRecipient": "Новопокровка (Дніпропетровська обл.)"
  },
  {
    "number": 59000456219605,
    "dateTime": {
      "date": {
        "year": 2019,
        "month": 10,
        "day": 20
      },
      "time": {
        "hour": 11,
        "minute": 12,
        "second": 8,
        "nano": 0
      }
    },
    "citySender": "Коломия",
    "cityRecipient": "Київ"
  },
  {
    "number": 59000456219606,
    "dateTime": {
      "date": {
        "year": 2019,
        "month": 10,
        "day": 20
      },
      "time": {
        "hour": 11,
        "minute": 12,
        "second": 50,
        "nano": 0
      }
    },
    "citySender": "Ромни",
    "cityRecipient": "Київ"
  },
  {
    "number": 59000456219607,
    "dateTime": {
      "date": {
        "year": 2019,
        "month": 10,
        "day": 20
      },
      "time": {
        "hour": 11,
        "minute": 11,
        "second": 32,
        "nano": 0
      }
    },
    "citySender": "Рівне",
    "cityRecipient": "Гірник"
  }
]