[
  {
    "number": 59000456247303,
    "dateTime": {
      "date": {
        "year": 2019,
        "month": 10,
        "day": 20
      },
      "time": {
        "hour": 13,
        "minute": 48,
        "second": 49,
        "nano": 0
      }
    },
    "citySender": "Полтава",
    "cityRecipient": "Могилів-Подільський"
  },
  {
    "number": 59000456247304,
    "dateTime": {
      "date": {
        "year": 2019,
        "month": 10,
        "day": 20
      },
      "time": {
        "hour": 13,
        "minute": 49,
        "second": 10,
        "nano": 0
      }
    },
    "citySender": "Луцьк",
    "cityRecipient": "Вишневе"
  },
  {
    "number": 59000456247306,
    "dateTime": {
      "date": {
        "year": 2019,
        "month": 10,
        "day": 20
      },
      "time": {
        "hour": 13,
        "minute": 49,
        "second": 25,
        "nano": 0
      }
    },
    "citySender": "Сєвєродонецьк",
    "cityRecipient": "Кривий Ріг"
  },
  {
    "number": 59000456247307,
    "dateTime": {
      "date": {
        "year": 2019,
        "month": 10,
        "day": 20
      },
      "time": {
        "hour": 13,
        "minute": 48,
        "second": 40,
        "nano": 0
      }
    },
    "citySender": "Чернівці",
    "cityRecipient": "Кельменці"
  },
  {
    "number": 59000456247308,
    "dateTime": {
      "date": {
        "year": 2019,
        "month": 10,
        "day": 20
      },
      "time": {
        "hour": 13,
        "minute": 48,
        "second": 49,
        "nano": 0
      }
    },
    "citySender": "Київ",
    "cityRecipient": "Жовква"
  },
  {
    "number": 59000456247309,
    "dateTime": {
      "date": {
        "year": 2019,
        "month": 10,
        "day": 20
      },
      "time": {
        "hour": 13,
        "minute": 49,
        "second": 24,
        "nano": 0
      }
    },
    "citySender": "Харків",
    "cityRecipient": "Генічеськ"
  },
  {
    "number": 59000456247311,
    "dateTime": {
      "date": {
        "year": 2019,
        "month": 10,
        "day": 20
      },
      "time": {
        "hour": 13,
        "minute": 49,
        "second": 11,
        "nano": 0
      }
    },
    "citySender": "Київ",
    "cityRecipient": "Таїрове"
  },
  {
    "number": 59000456247312,
    "dateTime": {
      "date": {
        "year": 2019,
        "month": 10,
        "day": 20
      },
      "time": {
        "hour": 13,
        "minute": 49,
        "second": 21,
        "nano": 0
      }
    },
    "citySender": "Луцьк",
    "cityRecipient": "Київ"
  },
  {
    "number": 59000456247313,
    "dateTime": {
      "date": {
        "year": 2019,
        "month": 10,
        "day": 20
      },
      "time": {
        "hour": 13,
        "minute": 49,
        "second": 16,
        "nano": 0
      }
    },
    "citySender": "Київ",
    "cityRecipient": "Слов\u0027янськ"
  },
  {
    "number": 59000456247314,
    "dateTime": {
      "date": {
        "year": 2019,
        "month": 10,
        "day": 20
      },
      "time": {
        "hour": 13,
        "minute": 49,
        "second": 10,
        "nano": 0
      }
    },
    "citySender": "Біла Церква",
    "cityRecipient": "Харків"
  },
  {
    "number": 59000456247315,
    "dateTime": {
      "date": {
        "year": 2019,
        "month": 10,
        "day": 20
      },
      "time": {
        "hour": 13,
        "minute": 49,
        "second": 23,
        "nano": 0
      }
    },
    "citySender": "Київ",
    "cityRecipient": "Київ"
  },
  {
    "number": 59000456247316,
    "dateTime": {
      "date": {
        "year": 2019,
        "month": 10,
        "day": 20
      },
      "time": {
        "hour": 13,
        "minute": 49,
        "second": 27,
        "nano": 0
      }
    },
    "citySender": "Полтава",
    "cityRecipient": "Полтава"
  },
  {
    "number": 59000456247317,
    "dateTime": {
      "date": {
        "year": 2019,
        "month": 10,
        "day": 20
      },
      "time": {
        "hour": 13,
        "minute": 49,
        "second": 22,
        "nano": 0
      }
    },
    "citySender": "Глеваха",
    "cityRecipient": "Київ"
  },
  {
    "number": 59000456247319,
    "dateTime": {
      "date": {
        "year": 2019,
        "month": 10,
        "day": 20
      },
      "time": {
        "hour": 13,
        "minute": 49,
        "second": 3,
        "nano": 0
      }
    },
    "citySender": "Львів",
    "cityRecipient": "Київ"
  },
  {
    "number": 59000456247320,
    "dateTime": {
      "date": {
        "year": 2019,
        "month": 10,
        "day": 20
      },
      "time": {
        "hour": 13,
        "minute": 48,
        "second": 49,
        "nano": 0
      }
    },
    "citySender": "Луцьк",
    "cityRecipient": "Шацьк"
  },
  {
    "number": 59000456247321,
    "dateTime": {
      "date": {
        "year": 2019,
        "month": 10,
        "day": 20
      },
      "time": {
        "hour": 13,
        "minute": 49,
        "second": 3,
        "nano": 0
      }
    },
    "citySender": "Шостка",
    "cityRecipient": "Красилів"
  },
  {
    "number": 59000456247322,
    "dateTime": {
      "date": {
        "year": 2019,
        "month": 10,
        "day": 20
      },
      "time": {
        "hour": 13,
        "minute": 49,
        "second": 21,
        "nano": 0
      }
    },
    "citySender": "Запоріжжя",
    "cityRecipient": "Київ"
  },
  {
    "number": 59000456247323,
    "dateTime": {
      "date": {
        "year": 2019,
        "month": 10,
        "day": 20
      },
      "time": {
        "hour": 13,
        "minute": 49,
        "second": 4,
        "nano": 0
      }
    },
    "citySender": "Краматорськ",
    "cityRecipient": "Київ"
  },
  {
    "number": 59000456247324,
    "dateTime": {
      "date": {
        "year": 2019,
        "month": 10,
        "day": 20
      },
      "time": {
        "hour": 13,
        "minute": 49,
        "second": 3,
        "nano": 0
      }
    },
    "citySender": "Київ",
    "cityRecipient": "Одеса"
  },
  {
    "number": 59000456247325,
    "dateTime": {
      "date": {
        "year": 2019,
        "month": 10,
        "day": 20
      },
      "time": {
        "hour": 13,
        "minute": 49,
        "second": 20,
        "nano": 0
      }
    },
    "citySender": "Слов\u0027янськ",
    "cityRecipient": "Київ"
  },
  {
    "number": 59000456247326,
    "dateTime": {
      "date": {
        "year": 2019,
        "month": 10,
        "day": 20
      },
      "time": {
        "hour": 13,
        "minute": 49,
        "second": 33,
        "nano": 0
      }
    },
    "citySender": "Кривий Ріг",
    "cityRecipient": "Кропивницький"
  },
  {
    "number": 59000456247327,
    "dateTime": {
      "date": {
        "year": 2019,
        "month": 10,
        "day": 20
      },
      "time": {
        "hour": 13,
        "minute": 49,
        "second": 18,
        "nano": 0
      }
    },
    "citySender": "Кривий Ріг",
    "cityRecipient": "Дніпро"
  },
  {
    "number": 59000456247328,
    "dateTime": {
      "date": {
        "year": 2019,
        "month": 10,
        "day": 20
      },
      "time": {
        "hour": 13,
        "minute": 49,
        "second": 34,
        "nano": 0
      }
    },
    "citySender": "Вараш",
    "cityRecipient": "Рівне"
  },
  {
    "number": 59000456247329,
    "dateTime": {
      "date": {
        "year": 2019,
        "month": 10,
        "day": 20
      },
      "time": {
        "hour": 13,
        "minute": 49,
        "second": 21,
        "nano": 0
      }
    },
    "citySender": "Стрий",
    "cityRecipient": "Верховина"
  },
  {
    "number": 59000456247330,
    "dateTime": {
      "date": {
        "year": 2019,
        "month": 10,
        "day": 20
      },
      "time": {
        "hour": 13,
        "minute": 49,
        "second": 17,
        "nano": 0
      }
    },
    "citySender": "Полтава",
    "cityRecipient": "Харків"
  },
  {
    "number": 59000456247331,
    "dateTime": {
      "date": {
        "year": 2019,
        "month": 10,
        "day": 20
      },
      "time": {
        "hour": 13,
        "minute": 49,
        "second": 23,
        "nano": 0
      }
    },
    "citySender": "Запоріжжя",
    "cityRecipient": "Львів"
  },
  {
    "number": 59000456247332,
    "dateTime": {
      "date": {
        "year": 2019,
        "month": 10,
        "day": 20
      },
      "time": {
        "hour": 13,
        "minute": 49,
        "second": 26,
        "nano": 0
      }
    },
    "citySender": "Одеса",
    "cityRecipient": "Чигирин"
  },
  {
    "number": 59000456247333,
    "dateTime": {
      "date": {
        "year": 2019,
        "month": 10,
        "day": 20
      },
      "time": {
        "hour": 13,
        "minute": 49,
        "second": 15,
        "nano": 0
      }
    },
    "citySender": "Дніпро",
    "cityRecipient": "Київ"
  },
  {
    "number": 59000456247334,
    "dateTime": {
      "date": {
        "year": 2019,
        "month": 10,
        "day": 20
      },
      "time": {
        "hour": 13,
        "minute": 49,
        "second": 25,
        "nano": 0
      }
    },
    "citySender": "Шпола",
    "cityRecipient": "Жовква"
  },
  {
    "number": 59000456247335,
    "dateTime": {
      "date": {
        "year": 2019,
        "month": 10,
        "day": 20
      },
      "time": {
        "hour": 13,
        "minute": 49,
        "second": 29,
        "nano": 0
      }
    },
    "citySender": "Краматорськ",
    "cityRecipient": "Київ"
  },
  {
    "number": 59000456247336,
    "dateTime": {
      "date": {
        "year": 2019,
        "month": 10,
        "day": 20
      },
      "time": {
        "hour": 13,
        "minute": 49,
        "second": 4,
        "nano": 0
      }
    },
    "citySender": "Одеса",
    "cityRecipient": "Тернівка"
  },
  {
    "number": 59000456247337,
    "dateTime": {
      "date": {
        "year": 2019,
        "month": 10,
        "day": 20
      },
      "time": {
        "hour": 13,
        "minute": 49,
        "second": 7,
        "nano": 0
      }
    },
    "citySender": "Київ",
    "cityRecipient": "Одеса"
  },
  {
    "number": 59000456247338,
    "dateTime": {
      "date": {
        "year": 2019,
        "month": 10,
        "day": 20
      },
      "time": {
        "hour": 13,
        "minute": 49,
        "second": 29,
        "nano": 0
      }
    },
    "citySender": "Київ",
    "cityRecipient": "Київ"
  },
  {
    "number": 59000456247339,
    "dateTime": {
      "date": {
        "year": 2019,
        "month": 10,
        "day": 20
      },
      "time": {
        "hour": 13,
        "minute": 49,
        "second": 7,
        "nano": 0
      }
    },
    "citySender": "Вінниця",
    "cityRecipient": "Трускавець"
  },
  {
    "number": 59000456247340,
    "dateTime": {
      "date": {
        "year": 2019,
        "month": 10,
        "day": 20
      },
      "time": {
        "hour": 13,
        "minute": 49,
        "second": 37,
        "nano": 0
      }
    },
    "citySender": "Вінниця",
    "cityRecipient": "Тернопіль"
  },
  {
    "number": 59000456247341,
    "dateTime": {
      "date": {
        "year": 2019,
        "month": 10,
        "day": 20
      },
      "time": {
        "hour": 13,
        "minute": 49,
        "second": 31,
        "nano": 0
      }
    },
    "citySender": "Чернівці",
    "cityRecipient": "Краматорськ"
  },
  {
    "number": 59000456247342,
    "dateTime": {
      "date": {
        "year": 2019,
        "month": 10,
        "day": 20
      },
      "time": {
        "hour": 13,
        "minute": 49,
        "second": 26,
        "nano": 0
      }
    },
    "citySender": "Харків",
    "cityRecipient": "Дніпро"
  },
  {
    "number": 59000456247343,
    "dateTime": {
      "date": {
        "year": 2019,
        "month": 10,
        "day": 20
      },
      "time": {
        "hour": 13,
        "minute": 49,
        "second": 23,
        "nano": 0
      }
    },
    "citySender": "Київ",
    "cityRecipient": "Київ"
  },
  {
    "number": 59000456247344,
    "dateTime": {
      "date": {
        "year": 2019,
        "month": 10,
        "day": 20
      },
      "time": {
        "hour": 13,
        "minute": 48,
        "second": 40,
        "nano": 0
      }
    },
    "citySender": "Кам\u0027янка-Дніпровська (Запорізька обл.)",
    "cityRecipient": "Таврійськ (Херсонська обл.)"
  },
  {
    "number": 59000456247345,
    "dateTime": {
      "date": {
        "year": 2019,
        "month": 10,
        "day": 20
      },
      "time": {
        "hour": 13,
        "minute": 49,
        "second": 41,
        "nano": 0
      }
    },
    "citySender": "Житомир",
    "cityRecipient": "Обухів"
  },
  {
    "number": 59000456247346,
    "dateTime": {
      "date": {
        "year": 2019,
        "month": 10,
        "day": 20
      },
      "time": {
        "hour": 13,
        "minute": 49,
        "second": 42,
        "nano": 0
      }
    },
    "citySender": "Миколаїв",
    "cityRecipient": "Хмельницький"
  },
  {
    "number": 59000456247347,
    "dateTime": {
      "date": {
        "year": 2019,
        "month": 10,
        "day": 20
      },
      "time": {
        "hour": 13,
        "minute": 49,
        "second": 37,
        "nano": 0
      }
    },
    "citySender": "Хмельницький",
    "cityRecipient": "Кременчук"
  },
  {
    "number": 59000456247348,
    "dateTime": {
      "date": {
        "year": 2019,
        "month": 10,
        "day": 20
      },
      "time": {
        "hour": 13,
        "minute": 49,
        "second": 31,
        "nano": 0
      }
    },
    "citySender": "Харків",
    "cityRecipient": "Ковель"
  },
  {
    "number": 59000456247349,
    "dateTime": {
      "date": {
        "year": 2019,
        "month": 10,
        "day": 20
      },
      "time": {
        "hour": 13,
        "minute": 49,
        "second": 15,
        "nano": 0
      }
    },
    "citySender": "Дубно",
    "cityRecipient": "Ільниця"
  },
  {
    "number": 59000456247350,
    "dateTime": {
      "date": {
        "year": 2019,
        "month": 10,
        "day": 20
      },
      "time": {
        "hour": 13,
        "minute": 49,
        "second": 40,
        "nano": 0
      }
    },
    "citySender": "Херсон",
    "cityRecipient": "Київ"
  },
  {
    "number": 59000456247351,
    "dateTime": {
      "date": {
        "year": 2019,
        "month": 10,
        "day": 20
      },
      "time": {
        "hour": 13,
        "minute": 49,
        "second": 21,
        "nano": 0
      }
    },
    "citySender": "Дніпро",
    "cityRecipient": "Кременчук"
  },
  {
    "number": 59000456247352,
    "dateTime": {
      "date": {
        "year": 2019,
        "month": 10,
        "day": 20
      },
      "time": {
        "hour": 13,
        "minute": 48,
        "second": 50,
        "nano": 0
      }
    },
    "citySender": "Київ",
    "cityRecipient": "Чернігів"
  },
  {
    "number": 59000456247353,
    "dateTime": {
      "date": {
        "year": 2019,
        "month": 10,
        "day": 20
      },
      "time": {
        "hour": 13,
        "minute": 49,
        "second": 24,
        "nano": 0
      }
    },
    "citySender": "Рівне",
    "cityRecipient": "Лисичанськ"
  },
  {
    "number": 59000456247354,
    "dateTime": {
      "date": {
        "year": 2019,
        "month": 10,
        "day": 20
      },
      "time": {
        "hour": 13,
        "minute": 49,
        "second": 9,
        "nano": 0
      }
    },
    "citySender": "Запоріжжя",
    "cityRecipient": "Ківерці"
  },
  {
    "number": 59000456247355,
    "dateTime": {
      "date": {
        "year": 2019,
        "month": 10,
        "day": 20
      },
      "time": {
        "hour": 13,
        "minute": 48,
        "second": 30,
        "nano": 0
      }
    },
    "citySender": "Харків",
    "cityRecipient": "Золочів(Харківська обл.)"
  },
  {
    "number": 59000456247356,
    "dateTime": {
      "date": {
        "year": 2019,
        "month": 10,
        "day": 20
      },
      "time": {
        "hour": 13,
        "minute": 49,
        "second": 34,
        "nano": 0
      }
    },
    "citySender": "Київ",
    "cityRecipient": "Одеса"
  },
  {
    "number": 59000456247357,
    "dateTime": {
      "date": {
        "year": 2019,
        "month": 10,
        "day": 20
      },
      "time": {
        "hour": 13,
        "minute": 49,
        "second": 6,
        "nano": 0
      }
    },
    "citySender": "Запоріжжя",
    "cityRecipient": "Токмак"
  },
  {
    "number": 59000456247358,
    "dateTime": {
      "date": {
        "year": 2019,
        "month": 10,
        "day": 20
      },
      "time": {
        "hour": 13,
        "minute": 49,
        "second": 36,
        "nano": 0
      }
    },
    "citySender": "Покров (Дніпропетровська обл.)",
    "cityRecipient": "Покровськ (Донецька обл.)"
  },
  {
    "number": 59000456247359,
    "dateTime": {
      "date": {
        "year": 2019,
        "month": 10,
        "day": 20
      },
      "time": {
        "hour": 13,
        "minute": 49,
        "second": 32,
        "nano": 0
      }
    },
    "citySender": "Миколаїв",
    "cityRecipient": "Київ"
  },
  {
    "number": 59000456247360,
    "dateTime": {
      "date": {
        "year": 2019,
        "month": 10,
        "day": 20
      },
      "time": {
        "hour": 13,
        "minute": 49,
        "second": 32,
        "nano": 0
      }
    },
    "citySender": "Київ",
    "cityRecipient": "Олевськ"
  },
  {
    "number": 59000456247361,
    "dateTime": {
      "date": {
        "year": 2019,
        "month": 10,
        "day": 20
      },
      "time": {
        "hour": 13,
        "minute": 49,
        "second": 17,
        "nano": 0
      }
    },
    "citySender": "Мукачево",
    "cityRecipient": "Чернігів"
  },
  {
    "number": 59000456247362,
    "dateTime": {
      "date": {
        "year": 2019,
        "month": 10,
        "day": 20
      },
      "time": {
        "hour": 13,
        "minute": 49,
        "second": 43,
        "nano": 0
      }
    },
    "citySender": "Кривий Ріг",
    "cityRecipient": "Київ"
  },
  {
    "number": 59000456247363,
    "dateTime": {
      "date": {
        "year": 2019,
        "month": 10,
        "day": 20
      },
      "time": {
        "hour": 13,
        "minute": 49,
        "second": 40,
        "nano": 0
      }
    },
    "citySender": "Дніпро",
    "cityRecipient": "Одеса"
  },
  {
    "number": 59000456247364,
    "dateTime": {
      "date": {
        "year": 2019,
        "month": 10,
        "day": 20
      },
      "time": {
        "hour": 13,
        "minute": 49,
        "second": 15,
        "nano": 0
      }
    },
    "citySender": "Трускавець",
    "cityRecipient": "Генічеськ"
  },
  {
    "number": 59000456247365,
    "dateTime": {
      "date": {
        "year": 2019,
        "month": 10,
        "day": 20
      },
      "time": {
        "hour": 13,
        "minute": 49,
        "second": 42,
        "nano": 0
      }
    },
    "citySender": "Київ",
    "cityRecipient": "Київ"
  },
  {
    "number": 59000456247366,
    "dateTime": {
      "date": {
        "year": 2019,
        "month": 10,
        "day": 20
      },
      "time": {
        "hour": 13,
        "minute": 48,
        "second": 54,
        "nano": 0
      }
    },
    "citySender": "Одеса",
    "cityRecipient": "Братське"
  },
  {
    "number": 59000456247367,
    "dateTime": {
      "date": {
        "year": 2019,
        "month": 10,
        "day": 20
      },
      "time": {
        "hour": 13,
        "minute": 49,
        "second": 43,
        "nano": 0
      }
    },
    "citySender": "Бахмут",
    "cityRecipient": "Бердянськ"
  },
  {
    "number": 59000456247368,
    "dateTime": {
      "date": {
        "year": 2019,
        "month": 10,
        "day": 20
      },
      "time": {
        "hour": 13,
        "minute": 49,
        "second": 19,
        "nano": 0
      }
    },
    "citySender": "Кривий Ріг",
    "cityRecipient": "Хмельницький"
  },
  {
    "number": 59000456247369,
    "dateTime": {
      "date": {
        "year": 2019,
        "month": 10,
        "day": 20
      },
      "time": {
        "hour": 13,
        "minute": 49,
        "second": 27,
        "nano": 0
      }
    },
    "citySender": "Самбір",
    "cityRecipient": "Калини"
  },
  {
    "number": 59000456247370,
    "dateTime": {
      "date": {
        "year": 2019,
        "month": 10,
        "day": 20
      },
      "time": {
        "hour": 13,
        "minute": 49,
        "second": 41,
        "nano": 0
      }
    },
    "citySender": "Львів",
    "cityRecipient": "Чернівці"
  },
  {
    "number": 59000456247371,
    "dateTime": {
      "date": {
        "year": 2019,
        "month": 10,
        "day": 20
      },
      "time": {
        "hour": 13,
        "minute": 48,
        "second": 25,
        "nano": 0
      }
    },
    "citySender": "Вінниця",
    "cityRecipient": "Дачне"
  },
  {
    "number": 59000456247372,
    "dateTime": {
      "date": {
        "year": 2019,
        "month": 10,
        "day": 20
      },
      "time": {
        "hour": 13,
        "minute": 49,
        "second": 22,
        "nano": 0
      }
    },
    "citySender": "Біла Церква",
    "cityRecipient": "Умань"
  },
  {
    "number": 59000456247373,
    "dateTime": {
      "date": {
        "year": 2019,
        "month": 10,
        "day": 20
      },
      "time": {
        "hour": 13,
        "minute": 49,
        "second": 36,
        "nano": 0
      }
    },
    "citySender": "Умань",
    "cityRecipient": "Зміїнець"
  },
  {
    "number": 59000456247374,
    "dateTime": {
      "date": {
        "year": 2019,
        "month": 10,
        "day": 20
      },
      "time": {
        "hour": 13,
        "minute": 49,
        "second": 34,
        "nano": 0
      }
    },
    "citySender": "Дніпро",
    "cityRecipient": "Проліски"
  },
  {
    "number": 59000456247375,
    "dateTime": {
      "date": {
        "year": 2019,
        "month": 10,
        "day": 20
      },
      "time": {
        "hour": 13,
        "minute": 49,
        "second": 44,
        "nano": 0
      }
    },
    "citySender": "Миколаїв",
    "cityRecipient": "Вінниця"
  },
  {
    "number": 59000456247376,
    "dateTime": {
      "date": {
        "year": 2019,
        "month": 10,
        "day": 20
      },
      "time": {
        "hour": 13,
        "minute": 49,
        "second": 9,
        "nano": 0
      }
    },
    "citySender": "Херсон",
    "cityRecipient": "Харків"
  },
  {
    "number": 59000456247377,
    "dateTime": {
      "date": {
        "year": 2019,
        "month": 10,
        "day": 20
      },
      "time": {
        "hour": 13,
        "minute": 49,
        "second": 34,
        "nano": 0
      }
    },
    "citySender": "Миколаїв",
    "cityRecipient": "Дніпро"
  },
  {
    "number": 59000456247378,
    "dateTime": {
      "date": {
        "year": 2019,
        "month": 10,
        "day": 20
      },
      "time": {
        "hour": 13,
        "minute": 49,
        "second": 31,
        "nano": 0
      }
    },
    "citySender": "Дніпро",
    "cityRecipient": "Київ"
  },
  {
    "number": 59000456247379,
    "dateTime": {
      "date": {
        "year": 2019,
        "month": 10,
        "day": 20
      },
      "time": {
        "hour": 13,
        "minute": 49,
        "second": 53,
        "nano": 0
      }
    },
    "citySender": "Чернівці",
    "cityRecipient": "Біла"
  },
  {
    "number": 59000456247380,
    "dateTime": {
      "date": {
        "year": 2019,
        "month": 10,
        "day": 20
      },
      "time": {
        "hour": 13,
        "minute": 49,
        "second": 10,
        "nano": 0
      }
    },
    "citySender": "Київ",
    "cityRecipient": "Київ"
  },
  {
    "number": 59000456247381,
    "dateTime": {
      "date": {
        "year": 2019,
        "month": 10,
        "day": 20
      },
      "time": {
        "hour": 13,
        "minute": 49,
        "second": 7,
        "nano": 0
      }
    },
    "citySender": "Одеса",
    "cityRecipient": "Чернівці"
  },
  {
    "number": 59000456247382,
    "dateTime": {
      "date": {
        "year": 2019,
        "month": 10,
        "day": 20
      },
      "time": {
        "hour": 13,
        "minute": 49,
        "second": 55,
        "nano": 0
      }
    },
    "citySender": "Миколаїв",
    "cityRecipient": "Тернопіль"
  },
  {
    "number": 59000456247383,
    "dateTime": {
      "date": {
        "year": 2019,
        "month": 10,
        "day": 20
      },
      "time": {
        "hour": 13,
        "minute": 49,
        "second": 49,
        "nano": 0
      }
    },
    "citySender": "Добропілля",
    "cityRecipient": "Ковель"
  },
  {
    "number": 59000456247384,
    "dateTime": {
      "date": {
        "year": 2019,
        "month": 10,
        "day": 20
      },
      "time": {
        "hour": 13,
        "minute": 49,
        "second": 42,
        "nano": 0
      }
    },
    "citySender": "Одеса",
    "cityRecipient": "Київ"
  },
  {
    "number": 59000456247385,
    "dateTime": {
      "date": {
        "year": 2019,
        "month": 10,
        "day": 20
      },
      "time": {
        "hour": 13,
        "minute": 48,
        "second": 40,
        "nano": 0
      }
    },
    "citySender": "Розсошенці(Полтавська обл.)",
    "cityRecipient": "Харків"
  },
  {
    "number": 59000456247386,
    "dateTime": {
      "date": {
        "year": 2019,
        "month": 10,
        "day": 20
      },
      "time": {
        "hour": 13,
        "minute": 49,
        "second": 48,
        "nano": 0
      }
    },
    "citySender": "Київ",
    "cityRecipient": "Одеса"
  },
  {
    "number": 59000456247387,
    "dateTime": {
      "date": {
        "year": 2019,
        "month": 10,
        "day": 20
      },
      "time": {
        "hour": 13,
        "minute": 49,
        "second": 48,
        "nano": 0
      }
    },
    "citySender": "Харків",
    "cityRecipient": "Богодухів"
  },
  {
    "number": 59000456247388,
    "dateTime": {
      "date": {
        "year": 2019,
        "month": 10,
        "day": 20
      },
      "time": {
        "hour": 13,
        "minute": 49,
        "second": 50,
        "nano": 0
      }
    },
    "citySender": "Київ",
    "cityRecipient": "Київ"
  },
  {
    "number": 59000456247389,
    "dateTime": {
      "date": {
        "year": 2019,
        "month": 10,
        "day": 20
      },
      "time": {
        "hour": 13,
        "minute": 49,
        "second": 47,
        "nano": 0
      }
    },
    "citySender": "Святопетрівське (Києво-Свят.р-н)",
    "cityRecipient": "Київ"
  },
  {
    "number": 59000456247390,
    "dateTime": {
      "date": {
        "year": 2019,
        "month": 10,
        "day": 20
      },
      "time": {
        "hour": 13,
        "minute": 49,
        "second": 53,
        "nano": 0
      }
    },
    "citySender": "Білгород-Дністровський",
    "cityRecipient": "Одеса"
  },
  {
    "number": 59000456247391,
    "dateTime": {
      "date": {
        "year": 2019,
        "month": 10,
        "day": 20
      },
      "time": {
        "hour": 13,
        "minute": 49,
        "second": 31,
        "nano": 0
      }
    },
    "citySender": "Запоріжжя",
    "cityRecipient": "Нікополь (Дніпропетровська обл.)"
  },
  {
    "number": 59000456247392,
    "dateTime": {
      "date": {
        "year": 2019,
        "month": 10,
        "day": 20
      },
      "time": {
        "hour": 13,
        "minute": 49,
        "second": 56,
        "nano": 0
      }
    },
    "citySender": "Тернопіль",
    "cityRecipient": "Кам\u0027янка (Черкаська обл.)"
  },
  {
    "number": 59000456247393,
    "dateTime": {
      "date": {
        "year": 2019,
        "month": 10,
        "day": 20
      },
      "time": {
        "hour": 13,
        "minute": 49,
        "second": 21,
        "nano": 0
      }
    },
    "citySender": "Рівне",
    "cityRecipient": "Київ"
  },
  {
    "number": 59000456247394,
    "dateTime": {
      "date": {
        "year": 2019,
        "month": 10,
        "day": 20
      },
      "time": {
        "hour": 13,
        "minute": 47,
        "second": 53,
        "nano": 0
      }
    },
    "citySender": "Дніпро",
    "cityRecipient": "Ватутіне"
  },
  {
    "number": 59000456247395,
    "dateTime": {
      "date": {
        "year": 2019,
        "month": 10,
        "day": 20
      },
      "time": {
        "hour": 13,
        "minute": 49,
        "second": 52,
        "nano": 0
      }
    },
    "citySender": "Ужгород",
    "cityRecipient": "Запоріжжя"
  },
  {
    "number": 59000456247396,
    "dateTime": {
      "date": {
        "year": 2019,
        "month": 10,
        "day": 20
      },
      "time": {
        "hour": 13,
        "minute": 49,
        "second": 38,
        "nano": 0
      }
    },
    "citySender": "Дніпро",
    "cityRecipient": "Дніпро"
  },
  {
    "number": 59000456247397,
    "dateTime": {
      "date": {
        "year": 2019,
        "month": 10,
        "day": 20
      },
      "time": {
        "hour": 13,
        "minute": 49,
        "second": 58,
        "nano": 0
      }
    },
    "citySender": "Харків",
    "cityRecipient": "Харків"
  },
  {
    "number": 59000456247398,
    "dateTime": {
      "date": {
        "year": 2019,
        "month": 10,
        "day": 20
      },
      "time": {
        "hour": 13,
        "minute": 49,
        "second": 31,
        "nano": 0
      }
    },
    "citySender": "Харків",
    "cityRecipient": "Біла Церква"
  },
  {
    "number": 59000456247399,
    "dateTime": {
      "date": {
        "year": 2019,
        "month": 10,
        "day": 20
      },
      "time": {
        "hour": 13,
        "minute": 49,
        "second": 51,
        "nano": 0
      }
    },
    "citySender": "Бершадь",
    "cityRecipient": "Харків"
  },
  {
    "number": 59000456247400,
    "dateTime": {
      "date": {
        "year": 2019,
        "month": 10,
        "day": 20
      },
      "time": {
        "hour": 13,
        "minute": 49,
        "second": 57,
        "nano": 0
      }
    },
    "citySender": "Запоріжжя",
    "cityRecipient": "Ужгород"
  },
  {
    "number": 59000456247401,
    "dateTime": {
      "date": {
        "year": 2019,
        "month": 10,
        "day": 20
      },
      "time": {
        "hour": 13,
        "minute": 49,
        "second": 55,
        "nano": 0
      }
    },
    "citySender": "Переяслав-Хмельницький",
    "cityRecipient": "Запоріжжя"
  },
  {
    "number": 59000456247402,
    "dateTime": {
      "date": {
        "year": 2019,
        "month": 10,
        "day": 20
      },
      "time": {
        "hour": 13,
        "minute": 49,
        "second": 33,
        "nano": 0
      }
    },
    "citySender": "Тернопіль",
    "cityRecipient": "Миколаїв"
  }
]