[
  {
    "number": 59000456224607,
    "dateTime": {
      "date": {
        "year": 2019,
        "month": 10,
        "day": 20
      },
      "time": {
        "hour": 11,
        "minute": 37,
        "second": 42,
        "nano": 0
      }
    },
    "citySender": "Київ",
    "cityRecipient": "Коростень"
  },
  {
    "number": 59000456224608,
    "dateTime": {
      "date": {
        "year": 2019,
        "month": 10,
        "day": 20
      },
      "time": {
        "hour": 11,
        "minute": 37,
        "second": 53,
        "nano": 0
      }
    },
    "citySender": "Кременчук",
    "cityRecipient": "Харків"
  },
  {
    "number": 59000456224609,
    "dateTime": {
      "date": {
        "year": 2019,
        "month": 10,
        "day": 20
      },
      "time": {
        "hour": 11,
        "minute": 37,
        "second": 22,
        "nano": 0
      }
    },
    "citySender": "Петрове (Петрівський р-н., Кіровоградська обл)",
    "cityRecipient": "Гвардійське (Дніпропетровськ)"
  },
  {
    "number": 59000456224610,
    "dateTime": {
      "date": {
        "year": 2019,
        "month": 10,
        "day": 20
      },
      "time": {
        "hour": 11,
        "minute": 37,
        "second": 30,
        "nano": 0
      }
    },
    "citySender": "Семенівка(Чернігівська обл.)",
    "cityRecipient": "Любешів"
  },
  {
    "number": 59000456224611,
    "dateTime": {
      "date": {
        "year": 2019,
        "month": 10,
        "day": 20
      },
      "time": {
        "hour": 11,
        "minute": 37,
        "second": 42,
        "nano": 0
      }
    },
    "citySender": "Миколаїв",
    "cityRecipient": "Житомир"
  },
  {
    "number": 59000456224612,
    "dateTime": {
      "date": {
        "year": 2019,
        "month": 10,
        "day": 20
      },
      "time": {
        "hour": 11,
        "minute": 37,
        "second": 40,
        "nano": 0
      }
    },
    "citySender": "Львів",
    "cityRecipient": "Вінниця"
  },
  {
    "number": 59000456224613,
    "dateTime": {
      "date": {
        "year": 2019,
        "month": 10,
        "day": 20
      },
      "time": {
        "hour": 11,
        "minute": 38,
        "second": 0,
        "nano": 0
      }
    },
    "citySender": "Ромни",
    "cityRecipient": "Харків"
  },
  {
    "number": 59000456224614,
    "dateTime": {
      "date": {
        "year": 2019,
        "month": 10,
        "day": 20
      },
      "time": {
        "hour": 11,
        "minute": 37,
        "second": 50,
        "nano": 0
      }
    },
    "citySender": "Запоріжжя",
    "cityRecipient": "Хотів"
  },
  {
    "number": 59000456224615,
    "dateTime": {
      "date": {
        "year": 2019,
        "month": 10,
        "day": 20
      },
      "time": {
        "hour": 11,
        "minute": 37,
        "second": 51,
        "nano": 0
      }
    },
    "citySender": "Дніпро",
    "cityRecipient": "Авдіївка (Донецька обл.)"
  },
  {
    "number": 59000456224616,
    "dateTime": {
      "date": {
        "year": 2019,
        "month": 10,
        "day": 20
      },
      "time": {
        "hour": 11,
        "minute": 37,
        "second": 40,
        "nano": 0
      }
    },
    "citySender": "Лиман(Донецька обл)",
    "cityRecipient": "Віта-Поштова"
  },
  {
    "number": 59000456224617,
    "dateTime": {
      "date": {
        "year": 2019,
        "month": 10,
        "day": 20
      },
      "time": {
        "hour": 11,
        "minute": 37,
        "second": 41,
        "nano": 0
      }
    },
    "citySender": "Сміла",
    "cityRecipient": "Київ"
  },
  {
    "number": 59000456224618,
    "dateTime": {
      "date": {
        "year": 2019,
        "month": 10,
        "day": 20
      },
      "time": {
        "hour": 11,
        "minute": 37,
        "second": 37,
        "nano": 0
      }
    },
    "citySender": "Херсон",
    "cityRecipient": "Київ"
  },
  {
    "number": 59000456224619,
    "dateTime": {
      "date": {
        "year": 2019,
        "month": 10,
        "day": 20
      },
      "time": {
        "hour": 11,
        "minute": 38,
        "second": 5,
        "nano": 0
      }
    },
    "citySender": "Одеса",
    "cityRecipient": "Миколаїв"
  },
  {
    "number": 59000456224620,
    "dateTime": {
      "date": {
        "year": 2019,
        "month": 10,
        "day": 20
      },
      "time": {
        "hour": 11,
        "minute": 37,
        "second": 49,
        "nano": 0
      }
    },
    "citySender": "Тисмениця",
    "cityRecipient": "Кременчук"
  },
  {
    "number": 59000456224621,
    "dateTime": {
      "date": {
        "year": 2019,
        "month": 10,
        "day": 20
      },
      "time": {
        "hour": 11,
        "minute": 38,
        "second": 3,
        "nano": 0
      }
    },
    "citySender": "Бровари",
    "cityRecipient": "Харків"
  },
  {
    "number": 59000456224622,
    "dateTime": {
      "date": {
        "year": 2019,
        "month": 10,
        "day": 20
      },
      "time": {
        "hour": 11,
        "minute": 37,
        "second": 33,
        "nano": 0
      }
    },
    "citySender": "Кривий Ріг",
    "cityRecipient": "Слов\u0027янськ"
  },
  {
    "number": 59000456224623,
    "dateTime": {
      "date": {
        "year": 2019,
        "month": 10,
        "day": 20
      },
      "time": {
        "hour": 11,
        "minute": 38,
        "second": 2,
        "nano": 0
      }
    },
    "citySender": "Тернопіль",
    "cityRecipient": "Київ"
  },
  {
    "number": 59000456224624,
    "dateTime": {
      "date": {
        "year": 2019,
        "month": 10,
        "day": 20
      },
      "time": {
        "hour": 11,
        "minute": 36,
        "second": 56,
        "nano": 0
      }
    },
    "citySender": "Миколаїв",
    "cityRecipient": "Біленьке(Запорізька обл.)"
  },
  {
    "number": 59000456224625,
    "dateTime": {
      "date": {
        "year": 2019,
        "month": 10,
        "day": 20
      },
      "time": {
        "hour": 11,
        "minute": 37,
        "second": 44,
        "nano": 0
      }
    },
    "citySender": "Шумськ",
    "cityRecipient": "Дніпро"
  },
  {
    "number": 59000456224626,
    "dateTime": {
      "date": {
        "year": 2019,
        "month": 10,
        "day": 20
      },
      "time": {
        "hour": 11,
        "minute": 38,
        "second": 7,
        "nano": 0
      }
    },
    "citySender": "Київ",
    "cityRecipient": "Бровари"
  },
  {
    "number": 59000456224627,
    "dateTime": {
      "date": {
        "year": 2019,
        "month": 10,
        "day": 20
      },
      "time": {
        "hour": 11,
        "minute": 37,
        "second": 50,
        "nano": 0
      }
    },
    "citySender": "Київ",
    "cityRecipient": "Сєвєродонецьк"
  },
  {
    "number": 59000456224628,
    "dateTime": {
      "date": {
        "year": 2019,
        "month": 10,
        "day": 20
      },
      "time": {
        "hour": 11,
        "minute": 37,
        "second": 40,
        "nano": 0
      }
    },
    "citySender": "Чайки",
    "cityRecipient": "Сатанів"
  },
  {
    "number": 59000456224629,
    "dateTime": {
      "date": {
        "year": 2019,
        "month": 10,
        "day": 20
      },
      "time": {
        "hour": 11,
        "minute": 37,
        "second": 30,
        "nano": 0
      }
    },
    "citySender": "Хмельницький",
    "cityRecipient": "Порадівка"
  },
  {
    "number": 59000456224630,
    "dateTime": {
      "date": {
        "year": 2019,
        "month": 10,
        "day": 20
      },
      "time": {
        "hour": 11,
        "minute": 38,
        "second": 4,
        "nano": 0
      }
    },
    "citySender": "Чернівці",
    "cityRecipient": "Кривий Ріг"
  },
  {
    "number": 59000456224631,
    "dateTime": {
      "date": {
        "year": 2019,
        "month": 10,
        "day": 20
      },
      "time": {
        "hour": 11,
        "minute": 38,
        "second": 5,
        "nano": 0
      }
    },
    "citySender": "Краматорськ",
    "cityRecipient": "Вільногірськ"
  },
  {
    "number": 59000456224632,
    "dateTime": {
      "date": {
        "year": 2019,
        "month": 10,
        "day": 20
      },
      "time": {
        "hour": 11,
        "minute": 37,
        "second": 35,
        "nano": 0
      }
    },
    "citySender": "Рубіжне",
    "cityRecipient": "Харків"
  },
  {
    "number": 59000456224633,
    "dateTime": {
      "date": {
        "year": 2019,
        "month": 10,
        "day": 20
      },
      "time": {
        "hour": 11,
        "minute": 38,
        "second": 9,
        "nano": 0
      }
    },
    "citySender": "Казанка",
    "cityRecipient": "Київ"
  },
  {
    "number": 59000456224634,
    "dateTime": {
      "date": {
        "year": 2019,
        "month": 10,
        "day": 20
      },
      "time": {
        "hour": 11,
        "minute": 38,
        "second": 8,
        "nano": 0
      }
    },
    "citySender": "Херсон",
    "cityRecipient": "Сєвєродонецьк"
  },
  {
    "number": 59000456224635,
    "dateTime": {
      "date": {
        "year": 2019,
        "month": 10,
        "day": 20
      },
      "time": {
        "hour": 11,
        "minute": 38,
        "second": 6,
        "nano": 0
      }
    },
    "citySender": "Ніжин",
    "cityRecipient": "Київ"
  },
  {
    "number": 59000456224636,
    "dateTime": {
      "date": {
        "year": 2019,
        "month": 10,
        "day": 20
      },
      "time": {
        "hour": 11,
        "minute": 35,
        "second": 46,
        "nano": 0
      }
    },
    "citySender": "Кременчук",
    "cityRecipient": "Київ"
  },
  {
    "number": 59000456224637,
    "dateTime": {
      "date": {
        "year": 2019,
        "month": 10,
        "day": 20
      },
      "time": {
        "hour": 11,
        "minute": 37,
        "second": 38,
        "nano": 0
      }
    },
    "citySender": "Острог",
    "cityRecipient": "Чернівці"
  },
  {
    "number": 59000456224638,
    "dateTime": {
      "date": {
        "year": 2019,
        "month": 10,
        "day": 20
      },
      "time": {
        "hour": 11,
        "minute": 38,
        "second": 0,
        "nano": 0
      }
    },
    "citySender": "Чернівці",
    "cityRecipient": "Київ"
  },
  {
    "number": 59000456224639,
    "dateTime": {
      "date": {
        "year": 2019,
        "month": 10,
        "day": 20
      },
      "time": {
        "hour": 11,
        "minute": 36,
        "second": 45,
        "nano": 0
      }
    },
    "citySender": "Полтава",
    "cityRecipient": "Київ"
  },
  {
    "number": 59000456224640,
    "dateTime": {
      "date": {
        "year": 2019,
        "month": 10,
        "day": 20
      },
      "time": {
        "hour": 11,
        "minute": 37,
        "second": 44,
        "nano": 0
      }
    },
    "citySender": "Київ",
    "cityRecipient": "Краматорськ"
  },
  {
    "number": 59000456224641,
    "dateTime": {
      "date": {
        "year": 2019,
        "month": 10,
        "day": 20
      },
      "time": {
        "hour": 11,
        "minute": 37,
        "second": 17,
        "nano": 0
      }
    },
    "citySender": "Харків",
    "cityRecipient": "Дніпро"
  },
  {
    "number": 59000456224642,
    "dateTime": {
      "date": {
        "year": 2019,
        "month": 10,
        "day": 20
      },
      "time": {
        "hour": 11,
        "minute": 37,
        "second": 30,
        "nano": 0
      }
    },
    "citySender": "Краматорськ",
    "cityRecipient": "Одеса"
  },
  {
    "number": 59000456224643,
    "dateTime": {
      "date": {
        "year": 2019,
        "month": 10,
        "day": 20
      },
      "time": {
        "hour": 11,
        "minute": 37,
        "second": 40,
        "nano": 0
      }
    },
    "citySender": "Мелітополь",
    "cityRecipient": "Харків"
  },
  {
    "number": 59000456224644,
    "dateTime": {
      "date": {
        "year": 2019,
        "month": 10,
        "day": 20
      },
      "time": {
        "hour": 11,
        "minute": 37,
        "second": 54,
        "nano": 0
      }
    },
    "citySender": "Демидівка",
    "cityRecipient": "Хуст"
  },
  {
    "number": 59000456224645,
    "dateTime": {
      "date": {
        "year": 2019,
        "month": 10,
        "day": 20
      },
      "time": {
        "hour": 11,
        "minute": 37,
        "second": 44,
        "nano": 0
      }
    },
    "citySender": "Дніпро",
    "cityRecipient": "Перещепине"
  },
  {
    "number": 59000456224646,
    "dateTime": {
      "date": {
        "year": 2019,
        "month": 10,
        "day": 20
      },
      "time": {
        "hour": 11,
        "minute": 37,
        "second": 48,
        "nano": 0
      }
    },
    "citySender": "Дніпро",
    "cityRecipient": "Ужгород"
  },
  {
    "number": 59000456224647,
    "dateTime": {
      "date": {
        "year": 2019,
        "month": 10,
        "day": 20
      },
      "time": {
        "hour": 11,
        "minute": 37,
        "second": 33,
        "nano": 0
      }
    },
    "citySender": "Запоріжжя",
    "cityRecipient": "Київ"
  },
  {
    "number": 59000456224648,
    "dateTime": {
      "date": {
        "year": 2019,
        "month": 10,
        "day": 20
      },
      "time": {
        "hour": 11,
        "minute": 38,
        "second": 4,
        "nano": 0
      }
    },
    "citySender": "Бахмут",
    "cityRecipient": "Гайсин"
  },
  {
    "number": 59000456224649,
    "dateTime": {
      "date": {
        "year": 2019,
        "month": 10,
        "day": 20
      },
      "time": {
        "hour": 11,
        "minute": 38,
        "second": 13,
        "nano": 0
      }
    },
    "citySender": "Новоархангельськ",
    "cityRecipient": "Одеса"
  },
  {
    "number": 59000456224650,
    "dateTime": {
      "date": {
        "year": 2019,
        "month": 10,
        "day": 20
      },
      "time": {
        "hour": 11,
        "minute": 38,
        "second": 2,
        "nano": 0
      }
    },
    "citySender": "Умань",
    "cityRecipient": "Суми"
  },
  {
    "number": 59000456224651,
    "dateTime": {
      "date": {
        "year": 2019,
        "month": 10,
        "day": 20
      },
      "time": {
        "hour": 11,
        "minute": 37,
        "second": 57,
        "nano": 0
      }
    },
    "citySender": "Одеса",
    "cityRecipient": "Чернівці"
  },
  {
    "number": 59000456224652,
    "dateTime": {
      "date": {
        "year": 2019,
        "month": 10,
        "day": 20
      },
      "time": {
        "hour": 11,
        "minute": 38,
        "second": 8,
        "nano": 0
      }
    },
    "citySender": "Одеса",
    "cityRecipient": "Канів"
  },
  {
    "number": 59000456224653,
    "dateTime": {
      "date": {
        "year": 2019,
        "month": 10,
        "day": 20
      },
      "time": {
        "hour": 11,
        "minute": 38,
        "second": 4,
        "nano": 0
      }
    },
    "citySender": "Кам\u0027янське(Дніпропетровська обл)",
    "cityRecipient": "Тернопіль"
  },
  {
    "number": 59000456224654,
    "dateTime": {
      "date": {
        "year": 2019,
        "month": 10,
        "day": 20
      },
      "time": {
        "hour": 11,
        "minute": 34,
        "second": 21,
        "nano": 0
      }
    },
    "citySender": "Канів",
    "cityRecipient": "Хмельницький"
  },
  {
    "number": 59000456224655,
    "dateTime": {
      "date": {
        "year": 2019,
        "month": 10,
        "day": 20
      },
      "time": {
        "hour": 11,
        "minute": 37,
        "second": 59,
        "nano": 0
      }
    },
    "citySender": "Вишгород",
    "cityRecipient": "Київ"
  },
  {
    "number": 59000456224656,
    "dateTime": {
      "date": {
        "year": 2019,
        "month": 10,
        "day": 20
      },
      "time": {
        "hour": 11,
        "minute": 38,
        "second": 7,
        "nano": 0
      }
    },
    "citySender": "Чернівці",
    "cityRecipient": "Миколаїв"
  },
  {
    "number": 59000456224657,
    "dateTime": {
      "date": {
        "year": 2019,
        "month": 10,
        "day": 20
      },
      "time": {
        "hour": 11,
        "minute": 38,
        "second": 4,
        "nano": 0
      }
    },
    "citySender": "Одеса",
    "cityRecipient": "Київ"
  },
  {
    "number": 59000456224658,
    "dateTime": {
      "date": {
        "year": 2019,
        "month": 10,
        "day": 20
      },
      "time": {
        "hour": 11,
        "minute": 38,
        "second": 0,
        "nano": 0
      }
    },
    "citySender": "Володимир-Волинський",
    "cityRecipient": "Ужгород"
  },
  {
    "number": 59000456224659,
    "dateTime": {
      "date": {
        "year": 2019,
        "month": 10,
        "day": 20
      },
      "time": {
        "hour": 11,
        "minute": 37,
        "second": 53,
        "nano": 0
      }
    },
    "citySender": "Балта",
    "cityRecipient": "Київ"
  },
  {
    "number": 59000456224660,
    "dateTime": {
      "date": {
        "year": 2019,
        "month": 10,
        "day": 20
      },
      "time": {
        "hour": 11,
        "minute": 37,
        "second": 49,
        "nano": 0
      }
    },
    "citySender": "Харків",
    "cityRecipient": "Київ"
  },
  {
    "number": 59000456224661,
    "dateTime": {
      "date": {
        "year": 2019,
        "month": 10,
        "day": 20
      },
      "time": {
        "hour": 11,
        "minute": 38,
        "second": 11,
        "nano": 0
      }
    },
    "citySender": "Одеса",
    "cityRecipient": "Одеса"
  },
  {
    "number": 59000456224662,
    "dateTime": {
      "date": {
        "year": 2019,
        "month": 10,
        "day": 20
      },
      "time": {
        "hour": 11,
        "minute": 37,
        "second": 40,
        "nano": 0
      }
    },
    "citySender": "Кременчук",
    "cityRecipient": "Сартана (Донецька обл.)"
  },
  {
    "number": 59000456224663,
    "dateTime": {
      "date": {
        "year": 2019,
        "month": 10,
        "day": 20
      },
      "time": {
        "hour": 11,
        "minute": 38,
        "second": 12,
        "nano": 0
      }
    },
    "citySender": "Овідіополь",
    "cityRecipient": "Одеса"
  },
  {
    "number": 59000456224664,
    "dateTime": {
      "date": {
        "year": 2019,
        "month": 10,
        "day": 20
      },
      "time": {
        "hour": 11,
        "minute": 37,
        "second": 8,
        "nano": 0
      }
    },
    "citySender": "Вінниця",
    "cityRecipient": "Чернівці"
  },
  {
    "number": 59000456224665,
    "dateTime": {
      "date": {
        "year": 2019,
        "month": 10,
        "day": 20
      },
      "time": {
        "hour": 11,
        "minute": 38,
        "second": 11,
        "nano": 0
      }
    },
    "citySender": "Київ",
    "cityRecipient": "Запоріжжя"
  },
  {
    "number": 59000456224666,
    "dateTime": {
      "date": {
        "year": 2019,
        "month": 10,
        "day": 20
      },
      "time": {
        "hour": 11,
        "minute": 37,
        "second": 18,
        "nano": 0
      }
    },
    "citySender": "Стрий",
    "cityRecipient": "Селець (Рівненська обл.)"
  },
  {
    "number": 59000456224667,
    "dateTime": {
      "date": {
        "year": 2019,
        "month": 10,
        "day": 20
      },
      "time": {
        "hour": 11,
        "minute": 38,
        "second": 3,
        "nano": 0
      }
    },
    "citySender": "Житомир",
    "cityRecipient": "Запоріжжя"
  },
  {
    "number": 59000456224668,
    "dateTime": {
      "date": {
        "year": 2019,
        "month": 10,
        "day": 20
      },
      "time": {
        "hour": 11,
        "minute": 37,
        "second": 45,
        "nano": 0
      }
    },
    "citySender": "Одеса",
    "cityRecipient": "Київ"
  },
  {
    "number": 59000456224669,
    "dateTime": {
      "date": {
        "year": 2019,
        "month": 10,
        "day": 20
      },
      "time": {
        "hour": 11,
        "minute": 37,
        "second": 42,
        "nano": 0
      }
    },
    "citySender": "Київ",
    "cityRecipient": "Семенівка(Чернігівська обл.)"
  },
  {
    "number": 59000456224670,
    "dateTime": {
      "date": {
        "year": 2019,
        "month": 10,
        "day": 20
      },
      "time": {
        "hour": 11,
        "minute": 38,
        "second": 5,
        "nano": 0
      }
    },
    "citySender": "Рівне",
    "cityRecipient": "Фастів"
  },
  {
    "number": 59000456224671,
    "dateTime": {
      "date": {
        "year": 2019,
        "month": 10,
        "day": 20
      },
      "time": {
        "hour": 11,
        "minute": 38,
        "second": 10,
        "nano": 0
      }
    },
    "citySender": "Київ",
    "cityRecipient": "Одеса"
  },
  {
    "number": 59000456224672,
    "dateTime": {
      "date": {
        "year": 2019,
        "month": 10,
        "day": 20
      },
      "time": {
        "hour": 11,
        "minute": 38,
        "second": 6,
        "nano": 0
      }
    },
    "citySender": "Кропивницький",
    "cityRecipient": "Херсон"
  },
  {
    "number": 59000456224673,
    "dateTime": {
      "date": {
        "year": 2019,
        "month": 10,
        "day": 20
      },
      "time": {
        "hour": 11,
        "minute": 37,
        "second": 49,
        "nano": 0
      }
    },
    "citySender": "Одеса",
    "cityRecipient": "Київ"
  },
  {
    "number": 59000456224674,
    "dateTime": {
      "date": {
        "year": 2019,
        "month": 10,
        "day": 20
      },
      "time": {
        "hour": 11,
        "minute": 38,
        "second": 22,
        "nano": 0
      }
    },
    "citySender": "Волноваха",
    "cityRecipient": "Чайки"
  },
  {
    "number": 59000456224675,
    "dateTime": {
      "date": {
        "year": 2019,
        "month": 10,
        "day": 20
      },
      "time": {
        "hour": 11,
        "minute": 37,
        "second": 26,
        "nano": 0
      }
    },
    "citySender": "Київ",
    "cityRecipient": "Олександрія (м.Кіровогр.обл.райц)"
  },
  {
    "number": 59000456224676,
    "dateTime": {
      "date": {
        "year": 2019,
        "month": 10,
        "day": 20
      },
      "time": {
        "hour": 11,
        "minute": 38,
        "second": 2,
        "nano": 0
      }
    },
    "citySender": "Одеса",
    "cityRecipient": "Київ"
  },
  {
    "number": 59000456224678,
    "dateTime": {
      "date": {
        "year": 2019,
        "month": 10,
        "day": 20
      },
      "time": {
        "hour": 11,
        "minute": 38,
        "second": 14,
        "nano": 0
      }
    },
    "citySender": "Одеса",
    "cityRecipient": "Шатава"
  },
  {
    "number": 59000456224679,
    "dateTime": {
      "date": {
        "year": 2019,
        "month": 10,
        "day": 20
      },
      "time": {
        "hour": 11,
        "minute": 37,
        "second": 59,
        "nano": 0
      }
    },
    "citySender": "Київ",
    "cityRecipient": "Київ"
  },
  {
    "number": 59000456224680,
    "dateTime": {
      "date": {
        "year": 2019,
        "month": 10,
        "day": 20
      },
      "time": {
        "hour": 11,
        "minute": 38,
        "second": 0,
        "nano": 0
      }
    },
    "citySender": "Первомайськ(Микол.обл.Первомайс.р-н)",
    "cityRecipient": "Волочиськ"
  },
  {
    "number": 59000456224681,
    "dateTime": {
      "date": {
        "year": 2019,
        "month": 10,
        "day": 20
      },
      "time": {
        "hour": 11,
        "minute": 37,
        "second": 27,
        "nano": 0
      }
    },
    "citySender": "Харків",
    "cityRecipient": "Київ"
  },
  {
    "number": 59000456224682,
    "dateTime": {
      "date": {
        "year": 2019,
        "month": 10,
        "day": 20
      },
      "time": {
        "hour": 11,
        "minute": 38,
        "second": 6,
        "nano": 0
      }
    },
    "citySender": "Бровари",
    "cityRecipient": "Чернігів"
  },
  {
    "number": 59000456224683,
    "dateTime": {
      "date": {
        "year": 2019,
        "month": 10,
        "day": 20
      },
      "time": {
        "hour": 11,
        "minute": 38,
        "second": 21,
        "nano": 0
      }
    },
    "citySender": "Кропивницький",
    "cityRecipient": "Київ"
  },
  {
    "number": 59000456224684,
    "dateTime": {
      "date": {
        "year": 2019,
        "month": 10,
        "day": 20
      },
      "time": {
        "hour": 11,
        "minute": 38,
        "second": 16,
        "nano": 0
      }
    },
    "citySender": "Мукачево",
    "cityRecipient": "Київ"
  },
  {
    "number": 59000456224685,
    "dateTime": {
      "date": {
        "year": 2019,
        "month": 10,
        "day": 20
      },
      "time": {
        "hour": 11,
        "minute": 37,
        "second": 37,
        "nano": 0
      }
    },
    "citySender": "Васильків",
    "cityRecipient": "Бровари"
  },
  {
    "number": 59000456224686,
    "dateTime": {
      "date": {
        "year": 2019,
        "month": 10,
        "day": 20
      },
      "time": {
        "hour": 11,
        "minute": 37,
        "second": 49,
        "nano": 0
      }
    },
    "citySender": "Житомир",
    "cityRecipient": "Київ"
  },
  {
    "number": 59000456224687,
    "dateTime": {
      "date": {
        "year": 2019,
        "month": 10,
        "day": 20
      },
      "time": {
        "hour": 11,
        "minute": 36,
        "second": 1,
        "nano": 0
      }
    },
    "citySender": "Київ",
    "cityRecipient": "Вишневе"
  },
  {
    "number": 59000456224688,
    "dateTime": {
      "date": {
        "year": 2019,
        "month": 10,
        "day": 20
      },
      "time": {
        "hour": 11,
        "minute": 38,
        "second": 24,
        "nano": 0
      }
    },
    "citySender": "Київ",
    "cityRecipient": "Київ"
  },
  {
    "number": 59000456224689,
    "dateTime": {
      "date": {
        "year": 2019,
        "month": 10,
        "day": 20
      },
      "time": {
        "hour": 11,
        "minute": 38,
        "second": 23,
        "nano": 0
      }
    },
    "citySender": "Чернівці",
    "cityRecipient": "Харків"
  },
  {
    "number": 59000456224690,
    "dateTime": {
      "date": {
        "year": 2019,
        "month": 10,
        "day": 20
      },
      "time": {
        "hour": 11,
        "minute": 38,
        "second": 24,
        "nano": 0
      }
    },
    "citySender": "Нові Петрівці",
    "cityRecipient": "Криве Озеро"
  },
  {
    "number": 59000456224691,
    "dateTime": {
      "date": {
        "year": 2019,
        "month": 10,
        "day": 20
      },
      "time": {
        "hour": 11,
        "minute": 38,
        "second": 23,
        "nano": 0
      }
    },
    "citySender": "Кривий Ріг",
    "cityRecipient": "Київ"
  },
  {
    "number": 59000456224692,
    "dateTime": {
      "date": {
        "year": 2019,
        "month": 10,
        "day": 20
      },
      "time": {
        "hour": 11,
        "minute": 37,
        "second": 20,
        "nano": 0
      }
    },
    "citySender": "Пологи (Запорізька обл.)",
    "cityRecipient": "Новоайдар"
  },
  {
    "number": 59000456224694,
    "dateTime": {
      "date": {
        "year": 2019,
        "month": 10,
        "day": 20
      },
      "time": {
        "hour": 11,
        "minute": 38,
        "second": 29,
        "nano": 0
      }
    },
    "citySender": "Варва",
    "cityRecipient": "Чернівці"
  },
  {
    "number": 59000456224695,
    "dateTime": {
      "date": {
        "year": 2019,
        "month": 10,
        "day": 20
      },
      "time": {
        "hour": 11,
        "minute": 38,
        "second": 30,
        "nano": 0
      }
    },
    "citySender": "Харків",
    "cityRecipient": "Київ"
  },
  {
    "number": 59000456224696,
    "dateTime": {
      "date": {
        "year": 2019,
        "month": 10,
        "day": 20
      },
      "time": {
        "hour": 11,
        "minute": 37,
        "second": 59,
        "nano": 0
      }
    },
    "citySender": "Южне",
    "cityRecipient": "Попасна"
  },
  {
    "number": 59000456224697,
    "dateTime": {
      "date": {
        "year": 2019,
        "month": 10,
        "day": 20
      },
      "time": {
        "hour": 11,
        "minute": 38,
        "second": 9,
        "nano": 0
      }
    },
    "citySender": "Луцьк",
    "cityRecipient": "Костянтинівка (Донецька обл.)"
  },
  {
    "number": 59000456224698,
    "dateTime": {
      "date": {
        "year": 2019,
        "month": 10,
        "day": 20
      },
      "time": {
        "hour": 11,
        "minute": 37,
        "second": 54,
        "nano": 0
      }
    },
    "citySender": "Іллінці",
    "cityRecipient": "Вінниця"
  },
  {
    "number": 59000456224699,
    "dateTime": {
      "date": {
        "year": 2019,
        "month": 10,
        "day": 20
      },
      "time": {
        "hour": 11,
        "minute": 36,
        "second": 55,
        "nano": 0
      }
    },
    "citySender": "Маріуполь",
    "cityRecipient": "Київ"
  },
  {
    "number": 59000456224700,
    "dateTime": {
      "date": {
        "year": 2019,
        "month": 10,
        "day": 20
      },
      "time": {
        "hour": 11,
        "minute": 37,
        "second": 51,
        "nano": 0
      }
    },
    "citySender": "Дніпро",
    "cityRecipient": "Маріуполь"
  },
  {
    "number": 59000456224701,
    "dateTime": {
      "date": {
        "year": 2019,
        "month": 10,
        "day": 20
      },
      "time": {
        "hour": 11,
        "minute": 38,
        "second": 22,
        "nano": 0
      }
    },
    "citySender": "Київ",
    "cityRecipient": "Харків"
  },
  {
    "number": 59000456224702,
    "dateTime": {
      "date": {
        "year": 2019,
        "month": 10,
        "day": 20
      },
      "time": {
        "hour": 11,
        "minute": 37,
        "second": 15,
        "nano": 0
      }
    },
    "citySender": "Розсошенці(Полтавська обл.)",
    "cityRecipient": "Оболонь (Семенівський р-н)"
  },
  {
    "number": 59000456224703,
    "dateTime": {
      "date": {
        "year": 2019,
        "month": 10,
        "day": 20
      },
      "time": {
        "hour": 11,
        "minute": 37,
        "second": 57,
        "nano": 0
      }
    },
    "citySender": "Житомир",
    "cityRecipient": "Чечельник"
  },
  {
    "number": 59000456224704,
    "dateTime": {
      "date": {
        "year": 2019,
        "month": 10,
        "day": 20
      },
      "time": {
        "hour": 11,
        "minute": 38,
        "second": 22,
        "nano": 0
      }
    },
    "citySender": "Київ",
    "cityRecipient": "Київ"
  },
  {
    "number": 59000456224705,
    "dateTime": {
      "date": {
        "year": 2019,
        "month": 10,
        "day": 20
      },
      "time": {
        "hour": 11,
        "minute": 38,
        "second": 22,
        "nano": 0
      }
    },
    "citySender": "Червоноград (Львівська обл.)",
    "cityRecipient": "Рожнів"
  },
  {
    "number": 59000456224706,
    "dateTime": {
      "date": {
        "year": 2019,
        "month": 10,
        "day": 20
      },
      "time": {
        "hour": 11,
        "minute": 37,
        "second": 35,
        "nano": 0
      }
    },
    "citySender": "Вінниця",
    "cityRecipient": "Київ"
  }
]