[
  {
    "number": 59000456252200,
    "dateTime": {
      "date": {
        "year": 2019,
        "month": 10,
        "day": 20
      },
      "time": {
        "hour": 14,
        "minute": 19,
        "second": 26,
        "nano": 0
      }
    },
    "citySender": "Одеса",
    "cityRecipient": "Дніпро"
  },
  {
    "number": 59000456252201,
    "dateTime": {
      "date": {
        "year": 2019,
        "month": 10,
        "day": 20
      },
      "time": {
        "hour": 14,
        "minute": 20,
        "second": 31,
        "nano": 0
      }
    },
    "citySender": "Хмельницький",
    "cityRecipient": "Львів"
  },
  {
    "number": 59000456252202,
    "dateTime": {
      "date": {
        "year": 2019,
        "month": 10,
        "day": 20
      },
      "time": {
        "hour": 14,
        "minute": 21,
        "second": 6,
        "nano": 0
      }
    },
    "citySender": "Одеса",
    "cityRecipient": "Кропивницький"
  },
  {
    "number": 59000456252203,
    "dateTime": {
      "date": {
        "year": 2019,
        "month": 10,
        "day": 20
      },
      "time": {
        "hour": 14,
        "minute": 21,
        "second": 11,
        "nano": 0
      }
    },
    "citySender": "Одеса",
    "cityRecipient": "Новоайдар"
  },
  {
    "number": 59000456252204,
    "dateTime": {
      "date": {
        "year": 2019,
        "month": 10,
        "day": 20
      },
      "time": {
        "hour": 14,
        "minute": 21,
        "second": 4,
        "nano": 0
      }
    },
    "citySender": "Київ",
    "cityRecipient": "Високий"
  },
  {
    "number": 59000456252205,
    "dateTime": {
      "date": {
        "year": 2019,
        "month": 10,
        "day": 20
      },
      "time": {
        "hour": 14,
        "minute": 21,
        "second": 17,
        "nano": 0
      }
    },
    "citySender": "Одеса",
    "cityRecipient": "Львів"
  },
  {
    "number": 59000456252206,
    "dateTime": {
      "date": {
        "year": 2019,
        "month": 10,
        "day": 20
      },
      "time": {
        "hour": 14,
        "minute": 21,
        "second": 27,
        "nano": 0
      }
    },
    "citySender": "Волноваха",
    "cityRecipient": "Київ"
  },
  {
    "number": 59000456252207,
    "dateTime": {
      "date": {
        "year": 2019,
        "month": 10,
        "day": 20
      },
      "time": {
        "hour": 14,
        "minute": 20,
        "second": 53,
        "nano": 0
      }
    },
    "citySender": "Київ",
    "cityRecipient": "Київ"
  },
  {
    "number": 59000456252208,
    "dateTime": {
      "date": {
        "year": 2019,
        "month": 10,
        "day": 20
      },
      "time": {
        "hour": 14,
        "minute": 21,
        "second": 27,
        "nano": 0
      }
    },
    "citySender": "Буча",
    "cityRecipient": "Чорнухи (Полтавська обл.)"
  },
  {
    "number": 59000456252209,
    "dateTime": {
      "date": {
        "year": 2019,
        "month": 10,
        "day": 20
      },
      "time": {
        "hour": 14,
        "minute": 21,
        "second": 26,
        "nano": 0
      }
    },
    "citySender": "Харків",
    "cityRecipient": "Костянтинівка(Мелітоп.р-н,Запоріз.обл)"
  },
  {
    "number": 59000456252210,
    "dateTime": {
      "date": {
        "year": 2019,
        "month": 10,
        "day": 20
      },
      "time": {
        "hour": 14,
        "minute": 21,
        "second": 7,
        "nano": 0
      }
    },
    "citySender": "Черкаси",
    "cityRecipient": "Новий Буг"
  },
  {
    "number": 59000456252211,
    "dateTime": {
      "date": {
        "year": 2019,
        "month": 10,
        "day": 20
      },
      "time": {
        "hour": 14,
        "minute": 21,
        "second": 21,
        "nano": 0
      }
    },
    "citySender": "Краматорськ",
    "cityRecipient": "Вільнянськ"
  },
  {
    "number": 59000456252212,
    "dateTime": {
      "date": {
        "year": 2019,
        "month": 10,
        "day": 20
      },
      "time": {
        "hour": 14,
        "minute": 21,
        "second": 28,
        "nano": 0
      }
    },
    "citySender": "Боярка",
    "cityRecipient": "Київ"
  },
  {
    "number": 59000456252213,
    "dateTime": {
      "date": {
        "year": 2019,
        "month": 10,
        "day": 20
      },
      "time": {
        "hour": 14,
        "minute": 21,
        "second": 29,
        "nano": 0
      }
    },
    "citySender": "Київ",
    "cityRecipient": "Київ"
  },
  {
    "number": 59000456252214,
    "dateTime": {
      "date": {
        "year": 2019,
        "month": 10,
        "day": 20
      },
      "time": {
        "hour": 14,
        "minute": 20,
        "second": 43,
        "nano": 0
      }
    },
    "citySender": "Вінниця",
    "cityRecipient": "Кропивницький"
  },
  {
    "number": 59000456252215,
    "dateTime": {
      "date": {
        "year": 2019,
        "month": 10,
        "day": 20
      },
      "time": {
        "hour": 14,
        "minute": 21,
        "second": 16,
        "nano": 0
      }
    },
    "citySender": "Київ",
    "cityRecipient": "Харків"
  },
  {
    "number": 59000456252216,
    "dateTime": {
      "date": {
        "year": 2019,
        "month": 10,
        "day": 20
      },
      "time": {
        "hour": 14,
        "minute": 21,
        "second": 0,
        "nano": 0
      }
    },
    "citySender": "Львів",
    "cityRecipient": "Шаргород (Вінницька обл.)"
  },
  {
    "number": 59000456252217,
    "dateTime": {
      "date": {
        "year": 2019,
        "month": 10,
        "day": 20
      },
      "time": {
        "hour": 14,
        "minute": 21,
        "second": 12,
        "nano": 0
      }
    },
    "citySender": "Запоріжжя",
    "cityRecipient": "Дніпро"
  },
  {
    "number": 59000456252218,
    "dateTime": {
      "date": {
        "year": 2019,
        "month": 10,
        "day": 20
      },
      "time": {
        "hour": 14,
        "minute": 21,
        "second": 1,
        "nano": 0
      }
    },
    "citySender": "Бровари",
    "cityRecipient": "Київ"
  },
  {
    "number": 59000456252219,
    "dateTime": {
      "date": {
        "year": 2019,
        "month": 10,
        "day": 20
      },
      "time": {
        "hour": 14,
        "minute": 20,
        "second": 58,
        "nano": 0
      }
    },
    "citySender": "Київ",
    "cityRecipient": "Харків"
  },
  {
    "number": 59000456252220,
    "dateTime": {
      "date": {
        "year": 2019,
        "month": 10,
        "day": 20
      },
      "time": {
        "hour": 14,
        "minute": 21,
        "second": 13,
        "nano": 0
      }
    },
    "citySender": "Вінниця",
    "cityRecipient": "Миколаїв"
  },
  {
    "number": 59000456252221,
    "dateTime": {
      "date": {
        "year": 2019,
        "month": 10,
        "day": 20
      },
      "time": {
        "hour": 14,
        "minute": 20,
        "second": 39,
        "nano": 0
      }
    },
    "citySender": "Жашків",
    "cityRecipient": "Полтава"
  },
  {
    "number": 59000456252222,
    "dateTime": {
      "date": {
        "year": 2019,
        "month": 10,
        "day": 20
      },
      "time": {
        "hour": 14,
        "minute": 21,
        "second": 26,
        "nano": 0
      }
    },
    "citySender": "Харків",
    "cityRecipient": "Київ"
  },
  {
    "number": 59000456252224,
    "dateTime": {
      "date": {
        "year": 2019,
        "month": 10,
        "day": 20
      },
      "time": {
        "hour": 14,
        "minute": 21,
        "second": 33,
        "nano": 0
      }
    },
    "citySender": "Дніпро",
    "cityRecipient": "Близнюки"
  },
  {
    "number": 59000456252227,
    "dateTime": {
      "date": {
        "year": 2019,
        "month": 10,
        "day": 20
      },
      "time": {
        "hour": 14,
        "minute": 21,
        "second": 5,
        "nano": 0
      }
    },
    "citySender": "Запоріжжя",
    "cityRecipient": "Біла Церква"
  },
  {
    "number": 59000456252228,
    "dateTime": {
      "date": {
        "year": 2019,
        "month": 10,
        "day": 20
      },
      "time": {
        "hour": 14,
        "minute": 20,
        "second": 22,
        "nano": 0
      }
    },
    "citySender": "Львів",
    "cityRecipient": "Київ"
  },
  {
    "number": 59000456252229,
    "dateTime": {
      "date": {
        "year": 2019,
        "month": 10,
        "day": 20
      },
      "time": {
        "hour": 14,
        "minute": 21,
        "second": 17,
        "nano": 0
      }
    },
    "citySender": "Запоріжжя",
    "cityRecipient": "Вільнянськ"
  },
  {
    "number": 59000456252230,
    "dateTime": {
      "date": {
        "year": 2019,
        "month": 10,
        "day": 20
      },
      "time": {
        "hour": 14,
        "minute": 21,
        "second": 28,
        "nano": 0
      }
    },
    "citySender": "Одеса",
    "cityRecipient": "Київ"
  },
  {
    "number": 59000456252231,
    "dateTime": {
      "date": {
        "year": 2019,
        "month": 10,
        "day": 20
      },
      "time": {
        "hour": 14,
        "minute": 20,
        "second": 9,
        "nano": 0
      }
    },
    "citySender": "Хмельницький",
    "cityRecipient": "Київ"
  },
  {
    "number": 59000456252232,
    "dateTime": {
      "date": {
        "year": 2019,
        "month": 10,
        "day": 20
      },
      "time": {
        "hour": 14,
        "minute": 21,
        "second": 18,
        "nano": 0
      }
    },
    "citySender": "Пісочин",
    "cityRecipient": "Чортків"
  },
  {
    "number": 59000456252233,
    "dateTime": {
      "date": {
        "year": 2019,
        "month": 10,
        "day": 20
      },
      "time": {
        "hour": 14,
        "minute": 20,
        "second": 28,
        "nano": 0
      }
    },
    "citySender": "Павлоград",
    "cityRecipient": "Жовті Води"
  },
  {
    "number": 59000456252234,
    "dateTime": {
      "date": {
        "year": 2019,
        "month": 10,
        "day": 20
      },
      "time": {
        "hour": 14,
        "minute": 21,
        "second": 28,
        "nano": 0
      }
    },
    "citySender": "Стрий",
    "cityRecipient": "Вишневе"
  },
  {
    "number": 59000456252235,
    "dateTime": {
      "date": {
        "year": 2019,
        "month": 10,
        "day": 20
      },
      "time": {
        "hour": 14,
        "minute": 21,
        "second": 17,
        "nano": 0
      }
    },
    "citySender": "Біла Церква",
    "cityRecipient": "Київ"
  },
  {
    "number": 59000456252236,
    "dateTime": {
      "date": {
        "year": 2019,
        "month": 10,
        "day": 20
      },
      "time": {
        "hour": 14,
        "minute": 21,
        "second": 28,
        "nano": 0
      }
    },
    "citySender": "Київ",
    "cityRecipient": "Штепівка"
  },
  {
    "number": 59000456252237,
    "dateTime": {
      "date": {
        "year": 2019,
        "month": 10,
        "day": 20
      },
      "time": {
        "hour": 14,
        "minute": 20,
        "second": 48,
        "nano": 0
      }
    },
    "citySender": "Одеса",
    "cityRecipient": "Одеса"
  },
  {
    "number": 59000456252238,
    "dateTime": {
      "date": {
        "year": 2019,
        "month": 10,
        "day": 20
      },
      "time": {
        "hour": 14,
        "minute": 20,
        "second": 59,
        "nano": 0
      }
    },
    "citySender": "Київ",
    "cityRecipient": "Харків"
  },
  {
    "number": 59000456252239,
    "dateTime": {
      "date": {
        "year": 2019,
        "month": 10,
        "day": 20
      },
      "time": {
        "hour": 14,
        "minute": 21,
        "second": 16,
        "nano": 0
      }
    },
    "citySender": "Полтава",
    "cityRecipient": "Київ"
  },
  {
    "number": 59000456252240,
    "dateTime": {
      "date": {
        "year": 2019,
        "month": 10,
        "day": 20
      },
      "time": {
        "hour": 14,
        "minute": 21,
        "second": 6,
        "nano": 0
      }
    },
    "citySender": "Калуш",
    "cityRecipient": "Тернопіль"
  },
  {
    "number": 59000456252241,
    "dateTime": {
      "date": {
        "year": 2019,
        "month": 10,
        "day": 20
      },
      "time": {
        "hour": 14,
        "minute": 18,
        "second": 24,
        "nano": 0
      }
    },
    "citySender": "Київ",
    "cityRecipient": "Березнегувате"
  },
  {
    "number": 59000456252242,
    "dateTime": {
      "date": {
        "year": 2019,
        "month": 10,
        "day": 20
      },
      "time": {
        "hour": 14,
        "minute": 21,
        "second": 16,
        "nano": 0
      }
    },
    "citySender": "Чернігів",
    "cityRecipient": "Львів"
  },
  {
    "number": 59000456252243,
    "dateTime": {
      "date": {
        "year": 2019,
        "month": 10,
        "day": 20
      },
      "time": {
        "hour": 14,
        "minute": 21,
        "second": 37,
        "nano": 0
      }
    },
    "citySender": "Хмельницький",
    "cityRecipient": "Полтава"
  },
  {
    "number": 59000456252244,
    "dateTime": {
      "date": {
        "year": 2019,
        "month": 10,
        "day": 20
      },
      "time": {
        "hour": 14,
        "minute": 21,
        "second": 37,
        "nano": 0
      }
    },
    "citySender": "Біла Церква",
    "cityRecipient": "Житомир"
  },
  {
    "number": 59000456252245,
    "dateTime": {
      "date": {
        "year": 2019,
        "month": 10,
        "day": 20
      },
      "time": {
        "hour": 14,
        "minute": 21,
        "second": 20,
        "nano": 0
      }
    },
    "citySender": "Житомир",
    "cityRecipient": "Новгородське (Донецька обл.)"
  },
  {
    "number": 59000456252246,
    "dateTime": {
      "date": {
        "year": 2019,
        "month": 10,
        "day": 20
      },
      "time": {
        "hour": 14,
        "minute": 21,
        "second": 34,
        "nano": 0
      }
    },
    "citySender": "Горохів",
    "cityRecipient": "Горохів"
  },
  {
    "number": 59000456252247,
    "dateTime": {
      "date": {
        "year": 2019,
        "month": 10,
        "day": 20
      },
      "time": {
        "hour": 14,
        "minute": 21,
        "second": 18,
        "nano": 0
      }
    },
    "citySender": "Вишневе",
    "cityRecipient": "Покров (Дніпропетровська обл.)"
  },
  {
    "number": 59000456252248,
    "dateTime": {
      "date": {
        "year": 2019,
        "month": 10,
        "day": 20
      },
      "time": {
        "hour": 14,
        "minute": 21,
        "second": 17,
        "nano": 0
      }
    },
    "citySender": "Дніпро",
    "cityRecipient": "Маріуполь"
  },
  {
    "number": 59000456252249,
    "dateTime": {
      "date": {
        "year": 2019,
        "month": 10,
        "day": 20
      },
      "time": {
        "hour": 14,
        "minute": 21,
        "second": 30,
        "nano": 0
      }
    },
    "citySender": "Київ",
    "cityRecipient": "Запоріжжя"
  },
  {
    "number": 59000456252250,
    "dateTime": {
      "date": {
        "year": 2019,
        "month": 10,
        "day": 20
      },
      "time": {
        "hour": 14,
        "minute": 21,
        "second": 38,
        "nano": 0
      }
    },
    "citySender": "Київ",
    "cityRecipient": "Київ"
  },
  {
    "number": 59000456252251,
    "dateTime": {
      "date": {
        "year": 2019,
        "month": 10,
        "day": 20
      },
      "time": {
        "hour": 14,
        "minute": 21,
        "second": 40,
        "nano": 0
      }
    },
    "citySender": "Одеса",
    "cityRecipient": "Кривий Ріг"
  },
  {
    "number": 59000456252252,
    "dateTime": {
      "date": {
        "year": 2019,
        "month": 10,
        "day": 20
      },
      "time": {
        "hour": 14,
        "minute": 21,
        "second": 26,
        "nano": 0
      }
    },
    "citySender": "Тернопіль",
    "cityRecipient": "Кривий Ріг"
  },
  {
    "number": 59000456252253,
    "dateTime": {
      "date": {
        "year": 2019,
        "month": 10,
        "day": 20
      },
      "time": {
        "hour": 14,
        "minute": 21,
        "second": 41,
        "nano": 0
      }
    },
    "citySender": "Київ",
    "cityRecipient": "Київ"
  },
  {
    "number": 59000456252254,
    "dateTime": {
      "date": {
        "year": 2019,
        "month": 10,
        "day": 20
      },
      "time": {
        "hour": 14,
        "minute": 21,
        "second": 39,
        "nano": 0
      }
    },
    "citySender": "Луцьк",
    "cityRecipient": "Полонне"
  },
  {
    "number": 59000456252255,
    "dateTime": {
      "date": {
        "year": 2019,
        "month": 10,
        "day": 20
      },
      "time": {
        "hour": 14,
        "minute": 21,
        "second": 5,
        "nano": 0
      }
    },
    "citySender": "Київ",
    "cityRecipient": "Ємільчине"
  },
  {
    "number": 59000456252256,
    "dateTime": {
      "date": {
        "year": 2019,
        "month": 10,
        "day": 20
      },
      "time": {
        "hour": 14,
        "minute": 21,
        "second": 35,
        "nano": 0
      }
    },
    "citySender": "Київ",
    "cityRecipient": "Деражня"
  },
  {
    "number": 59000456252257,
    "dateTime": {
      "date": {
        "year": 2019,
        "month": 10,
        "day": 20
      },
      "time": {
        "hour": 14,
        "minute": 20,
        "second": 18,
        "nano": 0
      }
    },
    "citySender": "Чоп",
    "cityRecipient": "Харків"
  },
  {
    "number": 59000456252258,
    "dateTime": {
      "date": {
        "year": 2019,
        "month": 10,
        "day": 20
      },
      "time": {
        "hour": 14,
        "minute": 21,
        "second": 28,
        "nano": 0
      }
    },
    "citySender": "Київ",
    "cityRecipient": "Київ"
  },
  {
    "number": 59000456252259,
    "dateTime": {
      "date": {
        "year": 2019,
        "month": 10,
        "day": 20
      },
      "time": {
        "hour": 14,
        "minute": 21,
        "second": 33,
        "nano": 0
      }
    },
    "citySender": "Київ",
    "cityRecipient": "Харків"
  },
  {
    "number": 59000456252260,
    "dateTime": {
      "date": {
        "year": 2019,
        "month": 10,
        "day": 20
      },
      "time": {
        "hour": 14,
        "minute": 21,
        "second": 12,
        "nano": 0
      }
    },
    "citySender": "Фонтанка",
    "cityRecipient": "Полтава"
  },
  {
    "number": 59000456252261,
    "dateTime": {
      "date": {
        "year": 2019,
        "month": 10,
        "day": 20
      },
      "time": {
        "hour": 14,
        "minute": 21,
        "second": 39,
        "nano": 0
      }
    },
    "citySender": "Дніпро",
    "cityRecipient": "Харків"
  },
  {
    "number": 59000456252262,
    "dateTime": {
      "date": {
        "year": 2019,
        "month": 10,
        "day": 20
      },
      "time": {
        "hour": 14,
        "minute": 21,
        "second": 39,
        "nano": 0
      }
    },
    "citySender": "Одеса",
    "cityRecipient": "Бровари"
  },
  {
    "number": 59000456252263,
    "dateTime": {
      "date": {
        "year": 2019,
        "month": 10,
        "day": 20
      },
      "time": {
        "hour": 14,
        "minute": 20,
        "second": 56,
        "nano": 0
      }
    },
    "citySender": "Харків",
    "cityRecipient": "Краснокутськ"
  },
  {
    "number": 59000456252264,
    "dateTime": {
      "date": {
        "year": 2019,
        "month": 10,
        "day": 20
      },
      "time": {
        "hour": 14,
        "minute": 21,
        "second": 32,
        "nano": 0
      }
    },
    "citySender": "Запоріжжя",
    "cityRecipient": "Глеваха"
  },
  {
    "number": 59000456252265,
    "dateTime": {
      "date": {
        "year": 2019,
        "month": 10,
        "day": 20
      },
      "time": {
        "hour": 14,
        "minute": 21,
        "second": 48,
        "nano": 0
      }
    },
    "citySender": "Ірпінь",
    "cityRecipient": "Кам\u0027янець-Подільський"
  },
  {
    "number": 59000456252266,
    "dateTime": {
      "date": {
        "year": 2019,
        "month": 10,
        "day": 20
      },
      "time": {
        "hour": 14,
        "minute": 21,
        "second": 50,
        "nano": 0
      }
    },
    "citySender": "Київ",
    "cityRecipient": "Київ"
  },
  {
    "number": 59000456252267,
    "dateTime": {
      "date": {
        "year": 2019,
        "month": 10,
        "day": 20
      },
      "time": {
        "hour": 14,
        "minute": 21,
        "second": 31,
        "nano": 0
      }
    },
    "citySender": "Маріуполь",
    "cityRecipient": "Балаклія (Харківська обл.)"
  },
  {
    "number": 59000456252268,
    "dateTime": {
      "date": {
        "year": 2019,
        "month": 10,
        "day": 20
      },
      "time": {
        "hour": 14,
        "minute": 21,
        "second": 27,
        "nano": 0
      }
    },
    "citySender": "Дніпро",
    "cityRecipient": "Вугледар"
  },
  {
    "number": 59000456252269,
    "dateTime": {
      "date": {
        "year": 2019,
        "month": 10,
        "day": 20
      },
      "time": {
        "hour": 14,
        "minute": 20,
        "second": 34,
        "nano": 0
      }
    },
    "citySender": "Маріуполь",
    "cityRecipient": "Хмельницький"
  },
  {
    "number": 59000456252270,
    "dateTime": {
      "date": {
        "year": 2019,
        "month": 10,
        "day": 20
      },
      "time": {
        "hour": 14,
        "minute": 21,
        "second": 0,
        "nano": 0
      }
    },
    "citySender": "Київ",
    "cityRecipient": "Одеса"
  },
  {
    "number": 59000456252271,
    "dateTime": {
      "date": {
        "year": 2019,
        "month": 10,
        "day": 20
      },
      "time": {
        "hour": 14,
        "minute": 21,
        "second": 48,
        "nano": 0
      }
    },
    "citySender": "Харків",
    "cityRecipient": "Київ"
  },
  {
    "number": 59000456252272,
    "dateTime": {
      "date": {
        "year": 2019,
        "month": 10,
        "day": 20
      },
      "time": {
        "hour": 14,
        "minute": 21,
        "second": 47,
        "nano": 0
      }
    },
    "citySender": "Київ",
    "cityRecipient": "Олександрія (м.Кіровогр.обл.райц)"
  },
  {
    "number": 59000456252273,
    "dateTime": {
      "date": {
        "year": 2019,
        "month": 10,
        "day": 20
      },
      "time": {
        "hour": 14,
        "minute": 21,
        "second": 52,
        "nano": 0
      }
    },
    "citySender": "Винники",
    "cityRecipient": "Авангард"
  },
  {
    "number": 59000456252274,
    "dateTime": {
      "date": {
        "year": 2019,
        "month": 10,
        "day": 20
      },
      "time": {
        "hour": 14,
        "minute": 21,
        "second": 35,
        "nano": 0
      }
    },
    "citySender": "Харків",
    "cityRecipient": "Дубно"
  },
  {
    "number": 59000456252275,
    "dateTime": {
      "date": {
        "year": 2019,
        "month": 10,
        "day": 20
      },
      "time": {
        "hour": 14,
        "minute": 21,
        "second": 44,
        "nano": 0
      }
    },
    "citySender": "Одеса",
    "cityRecipient": "Краматорськ"
  },
  {
    "number": 59000456252276,
    "dateTime": {
      "date": {
        "year": 2019,
        "month": 10,
        "day": 20
      },
      "time": {
        "hour": 14,
        "minute": 21,
        "second": 23,
        "nano": 0
      }
    },
    "citySender": "Дніпро",
    "cityRecipient": "Маріуполь"
  },
  {
    "number": 59000456252277,
    "dateTime": {
      "date": {
        "year": 2019,
        "month": 10,
        "day": 20
      },
      "time": {
        "hour": 14,
        "minute": 21,
        "second": 7,
        "nano": 0
      }
    },
    "citySender": "Суми",
    "cityRecipient": "Київ"
  },
  {
    "number": 59000456252278,
    "dateTime": {
      "date": {
        "year": 2019,
        "month": 10,
        "day": 20
      },
      "time": {
        "hour": 14,
        "minute": 21,
        "second": 17,
        "nano": 0
      }
    },
    "citySender": "Миколаїв",
    "cityRecipient": "Воронки"
  },
  {
    "number": 59000456252279,
    "dateTime": {
      "date": {
        "year": 2019,
        "month": 10,
        "day": 20
      },
      "time": {
        "hour": 14,
        "minute": 21,
        "second": 45,
        "nano": 0
      }
    },
    "citySender": "Харків",
    "cityRecipient": "Одеса"
  },
  {
    "number": 59000456252280,
    "dateTime": {
      "date": {
        "year": 2019,
        "month": 10,
        "day": 20
      },
      "time": {
        "hour": 14,
        "minute": 21,
        "second": 40,
        "nano": 0
      }
    },
    "citySender": "Дніпро",
    "cityRecipient": "Віта-Поштова"
  },
  {
    "number": 59000456252281,
    "dateTime": {
      "date": {
        "year": 2019,
        "month": 10,
        "day": 20
      },
      "time": {
        "hour": 14,
        "minute": 21,
        "second": 54,
        "nano": 0
      }
    },
    "citySender": "Львів",
    "cityRecipient": "Миколаїв"
  },
  {
    "number": 59000456252282,
    "dateTime": {
      "date": {
        "year": 2019,
        "month": 10,
        "day": 20
      },
      "time": {
        "hour": 14,
        "minute": 21,
        "second": 59,
        "nano": 0
      }
    },
    "citySender": "Вишгород",
    "cityRecipient": "Київ"
  },
  {
    "number": 59000456252283,
    "dateTime": {
      "date": {
        "year": 2019,
        "month": 10,
        "day": 20
      },
      "time": {
        "hour": 14,
        "minute": 21,
        "second": 59,
        "nano": 0
      }
    },
    "citySender": "Волноваха",
    "cityRecipient": "Дачне"
  },
  {
    "number": 59000456252284,
    "dateTime": {
      "date": {
        "year": 2019,
        "month": 10,
        "day": 20
      },
      "time": {
        "hour": 14,
        "minute": 21,
        "second": 59,
        "nano": 0
      }
    },
    "citySender": "Київ",
    "cityRecipient": "Харків"
  },
  {
    "number": 59000456252285,
    "dateTime": {
      "date": {
        "year": 2019,
        "month": 10,
        "day": 20
      },
      "time": {
        "hour": 14,
        "minute": 21,
        "second": 2,
        "nano": 0
      }
    },
    "citySender": "Кременчук",
    "cityRecipient": "Лазірки (Оржицький р-н)"
  },
  {
    "number": 59000456252286,
    "dateTime": {
      "date": {
        "year": 2019,
        "month": 10,
        "day": 20
      },
      "time": {
        "hour": 14,
        "minute": 21,
        "second": 58,
        "nano": 0
      }
    },
    "citySender": "Луцьк",
    "cityRecipient": "Тарасівка"
  },
  {
    "number": 59000456252287,
    "dateTime": {
      "date": {
        "year": 2019,
        "month": 10,
        "day": 20
      },
      "time": {
        "hour": 14,
        "minute": 21,
        "second": 25,
        "nano": 0
      }
    },
    "citySender": "Чорноморськ",
    "cityRecipient": "Велика Білозерка"
  },
  {
    "number": 59000456252288,
    "dateTime": {
      "date": {
        "year": 2019,
        "month": 10,
        "day": 20
      },
      "time": {
        "hour": 14,
        "minute": 21,
        "second": 20,
        "nano": 0
      }
    },
    "citySender": "Березне",
    "cityRecipient": "Вараш"
  },
  {
    "number": 59000456252289,
    "dateTime": {
      "date": {
        "year": 2019,
        "month": 10,
        "day": 20
      },
      "time": {
        "hour": 14,
        "minute": 21,
        "second": 25,
        "nano": 0
      }
    },
    "citySender": "Одеса",
    "cityRecipient": "Київ"
  },
  {
    "number": 59000456252290,
    "dateTime": {
      "date": {
        "year": 2019,
        "month": 10,
        "day": 20
      },
      "time": {
        "hour": 14,
        "minute": 21,
        "second": 41,
        "nano": 0
      }
    },
    "citySender": "Олександрія (м.Кіровогр.обл.райц)",
    "cityRecipient": "Покровськ (Донецька обл.)"
  },
  {
    "number": 59000456252291,
    "dateTime": {
      "date": {
        "year": 2019,
        "month": 10,
        "day": 20
      },
      "time": {
        "hour": 14,
        "minute": 20,
        "second": 11,
        "nano": 0
      }
    },
    "citySender": "Кривий Ріг",
    "cityRecipient": "Київ"
  },
  {
    "number": 59000456252292,
    "dateTime": {
      "date": {
        "year": 2019,
        "month": 10,
        "day": 20
      },
      "time": {
        "hour": 14,
        "minute": 21,
        "second": 54,
        "nano": 0
      }
    },
    "citySender": "Харків",
    "cityRecipient": "Львів"
  },
  {
    "number": 59000456252293,
    "dateTime": {
      "date": {
        "year": 2019,
        "month": 10,
        "day": 20
      },
      "time": {
        "hour": 14,
        "minute": 22,
        "second": 0,
        "nano": 0
      }
    },
    "citySender": "Маріуполь",
    "cityRecipient": "Гірське"
  },
  {
    "number": 59000456252294,
    "dateTime": {
      "date": {
        "year": 2019,
        "month": 10,
        "day": 20
      },
      "time": {
        "hour": 14,
        "minute": 21,
        "second": 43,
        "nano": 0
      }
    },
    "citySender": "Харків",
    "cityRecipient": "Пісківка"
  },
  {
    "number": 59000456252295,
    "dateTime": {
      "date": {
        "year": 2019,
        "month": 10,
        "day": 20
      },
      "time": {
        "hour": 14,
        "minute": 21,
        "second": 52,
        "nano": 0
      }
    },
    "citySender": "Калуш",
    "cityRecipient": "Дубно"
  },
  {
    "number": 59000456252296,
    "dateTime": {
      "date": {
        "year": 2019,
        "month": 10,
        "day": 20
      },
      "time": {
        "hour": 14,
        "minute": 21,
        "second": 45,
        "nano": 0
      }
    },
    "citySender": "Дніпро",
    "cityRecipient": "Вугледар"
  },
  {
    "number": 59000456252297,
    "dateTime": {
      "date": {
        "year": 2019,
        "month": 10,
        "day": 20
      },
      "time": {
        "hour": 14,
        "minute": 21,
        "second": 56,
        "nano": 0
      }
    },
    "citySender": "Нова Каховка",
    "cityRecipient": "Нікополь (Дніпропетровська обл.)"
  },
  {
    "number": 59000456252298,
    "dateTime": {
      "date": {
        "year": 2019,
        "month": 10,
        "day": 20
      },
      "time": {
        "hour": 14,
        "minute": 20,
        "second": 47,
        "nano": 0
      }
    },
    "citySender": "Мукачево",
    "cityRecipient": "Мукачево"
  },
  {
    "number": 59000456252299,
    "dateTime": {
      "date": {
        "year": 2019,
        "month": 10,
        "day": 20
      },
      "time": {
        "hour": 14,
        "minute": 21,
        "second": 21,
        "nano": 0
      }
    },
    "citySender": "Чернівці",
    "cityRecipient": "Рокитне (Київська обл., Рокитнянський р-н)"
  }
]