[
  {
    "number": 59000456257198,
    "dateTime": {
      "date": {
        "year": 2019,
        "month": 10,
        "day": 20
      },
      "time": {
        "hour": 14,
        "minute": 54,
        "second": 41,
        "nano": 0
      }
    },
    "citySender": "Дніпро",
    "cityRecipient": "Мила"
  },
  {
    "number": 59000456257199,
    "dateTime": {
      "date": {
        "year": 2019,
        "month": 10,
        "day": 20
      },
      "time": {
        "hour": 14,
        "minute": 53,
        "second": 34,
        "nano": 0
      }
    },
    "citySender": "Чернігів",
    "cityRecipient": "Харків"
  },
  {
    "number": 59000456257200,
    "dateTime": {
      "date": {
        "year": 2019,
        "month": 10,
        "day": 20
      },
      "time": {
        "hour": 14,
        "minute": 54,
        "second": 36,
        "nano": 0
      }
    },
    "citySender": "Великі Гаї",
    "cityRecipient": "Суми"
  },
  {
    "number": 59000456257201,
    "dateTime": {
      "date": {
        "year": 2019,
        "month": 10,
        "day": 20
      },
      "time": {
        "hour": 14,
        "minute": 53,
        "second": 20,
        "nano": 0
      }
    },
    "citySender": "Харків",
    "cityRecipient": "Кривий Ріг"
  },
  {
    "number": 59000456257202,
    "dateTime": {
      "date": {
        "year": 2019,
        "month": 10,
        "day": 20
      },
      "time": {
        "hour": 14,
        "minute": 54,
        "second": 37,
        "nano": 0
      }
    },
    "citySender": "Харків",
    "cityRecipient": "Одеса"
  },
  {
    "number": 59000456257203,
    "dateTime": {
      "date": {
        "year": 2019,
        "month": 10,
        "day": 20
      },
      "time": {
        "hour": 14,
        "minute": 52,
        "second": 29,
        "nano": 0
      }
    },
    "citySender": "Кременчук",
    "cityRecipient": "Київ"
  },
  {
    "number": 59000456257204,
    "dateTime": {
      "date": {
        "year": 2019,
        "month": 10,
        "day": 20
      },
      "time": {
        "hour": 14,
        "minute": 54,
        "second": 40,
        "nano": 0
      }
    },
    "citySender": "Татарбунари",
    "cityRecipient": "Київ"
  },
  {
    "number": 59000456257205,
    "dateTime": {
      "date": {
        "year": 2019,
        "month": 10,
        "day": 20
      },
      "time": {
        "hour": 14,
        "minute": 54,
        "second": 6,
        "nano": 0
      }
    },
    "citySender": "Боярка",
    "cityRecipient": "Кілія"
  },
  {
    "number": 59000456257206,
    "dateTime": {
      "date": {
        "year": 2019,
        "month": 10,
        "day": 20
      },
      "time": {
        "hour": 14,
        "minute": 54,
        "second": 37,
        "nano": 0
      }
    },
    "citySender": "Київ",
    "cityRecipient": "Середина-Буда"
  },
  {
    "number": 59000456257207,
    "dateTime": {
      "date": {
        "year": 2019,
        "month": 10,
        "day": 20
      },
      "time": {
        "hour": 14,
        "minute": 54,
        "second": 45,
        "nano": 0
      }
    },
    "citySender": "Черкаси",
    "cityRecipient": "Харків"
  },
  {
    "number": 59000456257208,
    "dateTime": {
      "date": {
        "year": 2019,
        "month": 10,
        "day": 20
      },
      "time": {
        "hour": 14,
        "minute": 54,
        "second": 22,
        "nano": 0
      }
    },
    "citySender": "Дніпро",
    "cityRecipient": "Харків"
  },
  {
    "number": 59000456257209,
    "dateTime": {
      "date": {
        "year": 2019,
        "month": 10,
        "day": 20
      },
      "time": {
        "hour": 14,
        "minute": 54,
        "second": 25,
        "nano": 0
      }
    },
    "citySender": "Полтава",
    "cityRecipient": "Баришівка"
  },
  {
    "number": 59000456257210,
    "dateTime": {
      "date": {
        "year": 2019,
        "month": 10,
        "day": 20
      },
      "time": {
        "hour": 14,
        "minute": 54,
        "second": 37,
        "nano": 0
      }
    },
    "citySender": "Дніпро",
    "cityRecipient": "Київ"
  },
  {
    "number": 59000456257211,
    "dateTime": {
      "date": {
        "year": 2019,
        "month": 10,
        "day": 20
      },
      "time": {
        "hour": 14,
        "minute": 53,
        "second": 54,
        "nano": 0
      }
    },
    "citySender": "Київ",
    "cityRecipient": "Приазовське"
  },
  {
    "number": 59000456257212,
    "dateTime": {
      "date": {
        "year": 2019,
        "month": 10,
        "day": 20
      },
      "time": {
        "hour": 14,
        "minute": 54,
        "second": 35,
        "nano": 0
      }
    },
    "citySender": "Вінниця",
    "cityRecipient": "Дніпро"
  },
  {
    "number": 59000456257213,
    "dateTime": {
      "date": {
        "year": 2019,
        "month": 10,
        "day": 20
      },
      "time": {
        "hour": 14,
        "minute": 54,
        "second": 38,
        "nano": 0
      }
    },
    "citySender": "Лозова",
    "cityRecipient": "Дніпро"
  },
  {
    "number": 59000456257214,
    "dateTime": {
      "date": {
        "year": 2019,
        "month": 10,
        "day": 20
      },
      "time": {
        "hour": 14,
        "minute": 54,
        "second": 34,
        "nano": 0
      }
    },
    "citySender": "Івано-Франківськ",
    "cityRecipient": "Херсон"
  },
  {
    "number": 59000456257215,
    "dateTime": {
      "date": {
        "year": 2019,
        "month": 10,
        "day": 20
      },
      "time": {
        "hour": 14,
        "minute": 54,
        "second": 23,
        "nano": 0
      }
    },
    "citySender": "Одеса",
    "cityRecipient": "Київ"
  },
  {
    "number": 59000456257216,
    "dateTime": {
      "date": {
        "year": 2019,
        "month": 10,
        "day": 20
      },
      "time": {
        "hour": 14,
        "minute": 54,
        "second": 29,
        "nano": 0
      }
    },
    "citySender": "Буча",
    "cityRecipient": "Київ"
  },
  {
    "number": 59000456257217,
    "dateTime": {
      "date": {
        "year": 2019,
        "month": 10,
        "day": 20
      },
      "time": {
        "hour": 14,
        "minute": 54,
        "second": 23,
        "nano": 0
      }
    },
    "citySender": "Миколаїв",
    "cityRecipient": "Буча"
  },
  {
    "number": 59000456257218,
    "dateTime": {
      "date": {
        "year": 2019,
        "month": 10,
        "day": 20
      },
      "time": {
        "hour": 14,
        "minute": 53,
        "second": 1,
        "nano": 0
      }
    },
    "citySender": "Запоріжжя",
    "cityRecipient": "Запоріжжя"
  },
  {
    "number": 59000456257219,
    "dateTime": {
      "date": {
        "year": 2019,
        "month": 10,
        "day": 20
      },
      "time": {
        "hour": 14,
        "minute": 54,
        "second": 19,
        "nano": 0
      }
    },
    "citySender": "Суми",
    "cityRecipient": "Велика Новосілка"
  },
  {
    "number": 59000456257220,
    "dateTime": {
      "date": {
        "year": 2019,
        "month": 10,
        "day": 20
      },
      "time": {
        "hour": 14,
        "minute": 54,
        "second": 20,
        "nano": 0
      }
    },
    "citySender": "Дніпро",
    "cityRecipient": "Одеса"
  },
  {
    "number": 59000456257221,
    "dateTime": {
      "date": {
        "year": 2019,
        "month": 10,
        "day": 20
      },
      "time": {
        "hour": 14,
        "minute": 54,
        "second": 38,
        "nano": 0
      }
    },
    "citySender": "Чернівці",
    "cityRecipient": "Одеса"
  },
  {
    "number": 59000456257222,
    "dateTime": {
      "date": {
        "year": 2019,
        "month": 10,
        "day": 20
      },
      "time": {
        "hour": 14,
        "minute": 54,
        "second": 45,
        "nano": 0
      }
    },
    "citySender": "Обухів",
    "cityRecipient": "Богуслав (Київська обл.)"
  },
  {
    "number": 59000456257223,
    "dateTime": {
      "date": {
        "year": 2019,
        "month": 10,
        "day": 20
      },
      "time": {
        "hour": 14,
        "minute": 54,
        "second": 34,
        "nano": 0
      }
    },
    "citySender": "Вінниця",
    "cityRecipient": "Івано-Франківськ"
  },
  {
    "number": 59000456257224,
    "dateTime": {
      "date": {
        "year": 2019,
        "month": 10,
        "day": 20
      },
      "time": {
        "hour": 14,
        "minute": 54,
        "second": 43,
        "nano": 0
      }
    },
    "citySender": "Обухів",
    "cityRecipient": "Київ"
  },
  {
    "number": 59000456257225,
    "dateTime": {
      "date": {
        "year": 2019,
        "month": 10,
        "day": 20
      },
      "time": {
        "hour": 14,
        "minute": 54,
        "second": 54,
        "nano": 0
      }
    },
    "citySender": "Андрушівка",
    "cityRecipient": "Київ"
  },
  {
    "number": 59000456257226,
    "dateTime": {
      "date": {
        "year": 2019,
        "month": 10,
        "day": 20
      },
      "time": {
        "hour": 14,
        "minute": 54,
        "second": 54,
        "nano": 0
      }
    },
    "citySender": "Миколаїв",
    "cityRecipient": "Львів"
  },
  {
    "number": 59000456257227,
    "dateTime": {
      "date": {
        "year": 2019,
        "month": 10,
        "day": 20
      },
      "time": {
        "hour": 14,
        "minute": 53,
        "second": 57,
        "nano": 0
      }
    },
    "citySender": "Київ",
    "cityRecipient": "Нікольське (Володарський р-н., Донецька обл.)"
  },
  {
    "number": 59000456257228,
    "dateTime": {
      "date": {
        "year": 2019,
        "month": 10,
        "day": 20
      },
      "time": {
        "hour": 14,
        "minute": 54,
        "second": 31,
        "nano": 0
      }
    },
    "citySender": "Маріуполь",
    "cityRecipient": "Дніпро"
  },
  {
    "number": 59000456257229,
    "dateTime": {
      "date": {
        "year": 2019,
        "month": 10,
        "day": 20
      },
      "time": {
        "hour": 14,
        "minute": 54,
        "second": 27,
        "nano": 0
      }
    },
    "citySender": "Ромни",
    "cityRecipient": "Суми"
  },
  {
    "number": 59000456257230,
    "dateTime": {
      "date": {
        "year": 2019,
        "month": 10,
        "day": 20
      },
      "time": {
        "hour": 14,
        "minute": 54,
        "second": 50,
        "nano": 0
      }
    },
    "citySender": "Харків",
    "cityRecipient": "Київ"
  },
  {
    "number": 59000456257231,
    "dateTime": {
      "date": {
        "year": 2019,
        "month": 10,
        "day": 20
      },
      "time": {
        "hour": 14,
        "minute": 54,
        "second": 29,
        "nano": 0
      }
    },
    "citySender": "Одеса",
    "cityRecipient": "Львів"
  },
  {
    "number": 59000456257232,
    "dateTime": {
      "date": {
        "year": 2019,
        "month": 10,
        "day": 20
      },
      "time": {
        "hour": 14,
        "minute": 54,
        "second": 28,
        "nano": 0
      }
    },
    "citySender": "Вінниця",
    "cityRecipient": "Донець(Балаклійський р-н)"
  },
  {
    "number": 59000456257233,
    "dateTime": {
      "date": {
        "year": 2019,
        "month": 10,
        "day": 20
      },
      "time": {
        "hour": 14,
        "minute": 54,
        "second": 47,
        "nano": 0
      }
    },
    "citySender": "Маневичі",
    "cityRecipient": "Рафалівка"
  },
  {
    "number": 59000456257234,
    "dateTime": {
      "date": {
        "year": 2019,
        "month": 10,
        "day": 20
      },
      "time": {
        "hour": 14,
        "minute": 54,
        "second": 7,
        "nano": 0
      }
    },
    "citySender": "Тернопіль",
    "cityRecipient": "Київ"
  },
  {
    "number": 59000456257235,
    "dateTime": {
      "date": {
        "year": 2019,
        "month": 10,
        "day": 20
      },
      "time": {
        "hour": 14,
        "minute": 54,
        "second": 22,
        "nano": 0
      }
    },
    "citySender": "Краматорськ",
    "cityRecipient": "Хуст"
  },
  {
    "number": 59000456257236,
    "dateTime": {
      "date": {
        "year": 2019,
        "month": 10,
        "day": 20
      },
      "time": {
        "hour": 14,
        "minute": 54,
        "second": 58,
        "nano": 0
      }
    },
    "citySender": "Енергодар",
    "cityRecipient": "Клавдієво-Тарасове"
  },
  {
    "number": 59000456257237,
    "dateTime": {
      "date": {
        "year": 2019,
        "month": 10,
        "day": 20
      },
      "time": {
        "hour": 14,
        "minute": 54,
        "second": 52,
        "nano": 0
      }
    },
    "citySender": "Київ",
    "cityRecipient": "Мелітополь"
  },
  {
    "number": 59000456257238,
    "dateTime": {
      "date": {
        "year": 2019,
        "month": 10,
        "day": 20
      },
      "time": {
        "hour": 14,
        "minute": 54,
        "second": 46,
        "nano": 0
      }
    },
    "citySender": "Одеса",
    "cityRecipient": "Харків"
  },
  {
    "number": 59000456257239,
    "dateTime": {
      "date": {
        "year": 2019,
        "month": 10,
        "day": 20
      },
      "time": {
        "hour": 14,
        "minute": 54,
        "second": 47,
        "nano": 0
      }
    },
    "citySender": "Біла Церква",
    "cityRecipient": "Київ"
  },
  {
    "number": 59000456257240,
    "dateTime": {
      "date": {
        "year": 2019,
        "month": 10,
        "day": 20
      },
      "time": {
        "hour": 14,
        "minute": 54,
        "second": 48,
        "nano": 0
      }
    },
    "citySender": "Вишневе",
    "cityRecipient": "Борислав (Львівська обл.)"
  },
  {
    "number": 59000456257241,
    "dateTime": {
      "date": {
        "year": 2019,
        "month": 10,
        "day": 20
      },
      "time": {
        "hour": 14,
        "minute": 53,
        "second": 26,
        "nano": 0
      }
    },
    "citySender": "Сокаль",
    "cityRecipient": "Ніжин"
  },
  {
    "number": 59000456257242,
    "dateTime": {
      "date": {
        "year": 2019,
        "month": 10,
        "day": 20
      },
      "time": {
        "hour": 14,
        "minute": 53,
        "second": 57,
        "nano": 0
      }
    },
    "citySender": "Снятин",
    "cityRecipient": "Верхній Рогачик"
  },
  {
    "number": 59000456257243,
    "dateTime": {
      "date": {
        "year": 2019,
        "month": 10,
        "day": 20
      },
      "time": {
        "hour": 14,
        "minute": 55,
        "second": 1,
        "nano": 0
      }
    },
    "citySender": "Олександрія (м.Кіровогр.обл.райц)",
    "cityRecipient": "Дніпро"
  },
  {
    "number": 59000456257244,
    "dateTime": {
      "date": {
        "year": 2019,
        "month": 10,
        "day": 20
      },
      "time": {
        "hour": 14,
        "minute": 52,
        "second": 49,
        "nano": 0
      }
    },
    "citySender": "Одеса",
    "cityRecipient": "Ратне"
  },
  {
    "number": 59000456257245,
    "dateTime": {
      "date": {
        "year": 2019,
        "month": 10,
        "day": 20
      },
      "time": {
        "hour": 14,
        "minute": 55,
        "second": 0,
        "nano": 0
      }
    },
    "citySender": "Татарбунари",
    "cityRecipient": "Білгород-Дністровський"
  },
  {
    "number": 59000456257246,
    "dateTime": {
      "date": {
        "year": 2019,
        "month": 10,
        "day": 20
      },
      "time": {
        "hour": 14,
        "minute": 54,
        "second": 54,
        "nano": 0
      }
    },
    "citySender": "Умань",
    "cityRecipient": "Любомль"
  },
  {
    "number": 59000456257247,
    "dateTime": {
      "date": {
        "year": 2019,
        "month": 10,
        "day": 20
      },
      "time": {
        "hour": 14,
        "minute": 54,
        "second": 12,
        "nano": 0
      }
    },
    "citySender": "Рівне",
    "cityRecipient": "Бориспіль"
  },
  {
    "number": 59000456257248,
    "dateTime": {
      "date": {
        "year": 2019,
        "month": 10,
        "day": 20
      },
      "time": {
        "hour": 14,
        "minute": 54,
        "second": 40,
        "nano": 0
      }
    },
    "citySender": "Біла Церква",
    "cityRecipient": "Білопілля"
  },
  {
    "number": 59000456257249,
    "dateTime": {
      "date": {
        "year": 2019,
        "month": 10,
        "day": 20
      },
      "time": {
        "hour": 14,
        "minute": 54,
        "second": 58,
        "nano": 0
      }
    },
    "citySender": "Одеса",
    "cityRecipient": "Миколаїв"
  },
  {
    "number": 59000456257250,
    "dateTime": {
      "date": {
        "year": 2019,
        "month": 10,
        "day": 20
      },
      "time": {
        "hour": 14,
        "minute": 54,
        "second": 52,
        "nano": 0
      }
    },
    "citySender": "Полтава",
    "cityRecipient": "Київ"
  },
  {
    "number": 59000456257251,
    "dateTime": {
      "date": {
        "year": 2019,
        "month": 10,
        "day": 20
      },
      "time": {
        "hour": 14,
        "minute": 55,
        "second": 0,
        "nano": 0
      }
    },
    "citySender": "Бориспіль",
    "cityRecipient": "Черкаси"
  },
  {
    "number": 59000456257252,
    "dateTime": {
      "date": {
        "year": 2019,
        "month": 10,
        "day": 20
      },
      "time": {
        "hour": 14,
        "minute": 54,
        "second": 39,
        "nano": 0
      }
    },
    "citySender": "Запоріжжя",
    "cityRecipient": "Київ"
  },
  {
    "number": 59000456257253,
    "dateTime": {
      "date": {
        "year": 2019,
        "month": 10,
        "day": 20
      },
      "time": {
        "hour": 14,
        "minute": 53,
        "second": 34,
        "nano": 0
      }
    },
    "citySender": "Бровари",
    "cityRecipient": "Кривий Ріг"
  },
  {
    "number": 59000456257254,
    "dateTime": {
      "date": {
        "year": 2019,
        "month": 10,
        "day": 20
      },
      "time": {
        "hour": 14,
        "minute": 55,
        "second": 0,
        "nano": 0
      }
    },
    "citySender": "Одеса",
    "cityRecipient": "Мукачево"
  },
  {
    "number": 59000456257255,
    "dateTime": {
      "date": {
        "year": 2019,
        "month": 10,
        "day": 20
      },
      "time": {
        "hour": 14,
        "minute": 55,
        "second": 3,
        "nano": 0
      }
    },
    "citySender": "Дніпро",
    "cityRecipient": "Тернопіль"
  },
  {
    "number": 59000456257256,
    "dateTime": {
      "date": {
        "year": 2019,
        "month": 10,
        "day": 20
      },
      "time": {
        "hour": 14,
        "minute": 55,
        "second": 7,
        "nano": 0
      }
    },
    "citySender": "Бердянськ",
    "cityRecipient": "Київ"
  },
  {
    "number": 59000456257257,
    "dateTime": {
      "date": {
        "year": 2019,
        "month": 10,
        "day": 20
      },
      "time": {
        "hour": 14,
        "minute": 54,
        "second": 38,
        "nano": 0
      }
    },
    "citySender": "Київ",
    "cityRecipient": "Харків"
  },
  {
    "number": 59000456257258,
    "dateTime": {
      "date": {
        "year": 2019,
        "month": 10,
        "day": 20
      },
      "time": {
        "hour": 14,
        "minute": 55,
        "second": 6,
        "nano": 0
      }
    },
    "citySender": "Харків",
    "cityRecipient": "Дніпро"
  },
  {
    "number": 59000456257259,
    "dateTime": {
      "date": {
        "year": 2019,
        "month": 10,
        "day": 20
      },
      "time": {
        "hour": 14,
        "minute": 54,
        "second": 48,
        "nano": 0
      }
    },
    "citySender": "Пухівка",
    "cityRecipient": "Чернігів"
  },
  {
    "number": 59000456257260,
    "dateTime": {
      "date": {
        "year": 2019,
        "month": 10,
        "day": 20
      },
      "time": {
        "hour": 14,
        "minute": 55,
        "second": 1,
        "nano": 0
      }
    },
    "citySender": "Львів",
    "cityRecipient": "Черніїв"
  },
  {
    "number": 59000456257261,
    "dateTime": {
      "date": {
        "year": 2019,
        "month": 10,
        "day": 20
      },
      "time": {
        "hour": 14,
        "minute": 55,
        "second": 0,
        "nano": 0
      }
    },
    "citySender": "Великі Гаї",
    "cityRecipient": "Одеса"
  },
  {
    "number": 59000456257262,
    "dateTime": {
      "date": {
        "year": 2019,
        "month": 10,
        "day": 20
      },
      "time": {
        "hour": 14,
        "minute": 55,
        "second": 8,
        "nano": 0
      }
    },
    "citySender": "Київ",
    "cityRecipient": "Херсон"
  },
  {
    "number": 59000456257263,
    "dateTime": {
      "date": {
        "year": 2019,
        "month": 10,
        "day": 20
      },
      "time": {
        "hour": 14,
        "minute": 55,
        "second": 9,
        "nano": 0
      }
    },
    "citySender": "Слов\u0027янськ",
    "cityRecipient": "Львів"
  },
  {
    "number": 59000456257264,
    "dateTime": {
      "date": {
        "year": 2019,
        "month": 10,
        "day": 20
      },
      "time": {
        "hour": 14,
        "minute": 55,
        "second": 0,
        "nano": 0
      }
    },
    "citySender": "Київ",
    "cityRecipient": "Вознесенськ"
  },
  {
    "number": 59000456257265,
    "dateTime": {
      "date": {
        "year": 2019,
        "month": 10,
        "day": 20
      },
      "time": {
        "hour": 14,
        "minute": 53,
        "second": 33,
        "nano": 0
      }
    },
    "citySender": "Згурівка",
    "cityRecipient": "Гнівань"
  },
  {
    "number": 59000456257266,
    "dateTime": {
      "date": {
        "year": 2019,
        "month": 10,
        "day": 20
      },
      "time": {
        "hour": 14,
        "minute": 54,
        "second": 57,
        "nano": 0
      }
    },
    "citySender": "Кременчук",
    "cityRecipient": "Харків"
  },
  {
    "number": 59000456257267,
    "dateTime": {
      "date": {
        "year": 2019,
        "month": 10,
        "day": 20
      },
      "time": {
        "hour": 14,
        "minute": 55,
        "second": 3,
        "nano": 0
      }
    },
    "citySender": "Харків",
    "cityRecipient": "Київ"
  },
  {
    "number": 59000456257268,
    "dateTime": {
      "date": {
        "year": 2019,
        "month": 10,
        "day": 20
      },
      "time": {
        "hour": 14,
        "minute": 55,
        "second": 14,
        "nano": 0
      }
    },
    "citySender": "Київ",
    "cityRecipient": "Київ"
  },
  {
    "number": 59000456257269,
    "dateTime": {
      "date": {
        "year": 2019,
        "month": 10,
        "day": 20
      },
      "time": {
        "hour": 14,
        "minute": 53,
        "second": 49,
        "nano": 0
      }
    },
    "citySender": "Дніпро",
    "cityRecipient": "Київ"
  },
  {
    "number": 59000456257270,
    "dateTime": {
      "date": {
        "year": 2019,
        "month": 10,
        "day": 20
      },
      "time": {
        "hour": 14,
        "minute": 55,
        "second": 15,
        "nano": 0
      }
    },
    "citySender": "Черкаси",
    "cityRecipient": "Київ"
  },
  {
    "number": 59000456257271,
    "dateTime": {
      "date": {
        "year": 2019,
        "month": 10,
        "day": 20
      },
      "time": {
        "hour": 14,
        "minute": 53,
        "second": 3,
        "nano": 0
      }
    },
    "citySender": "Хмельницький",
    "cityRecipient": "Херсон"
  },
  {
    "number": 59000456257272,
    "dateTime": {
      "date": {
        "year": 2019,
        "month": 10,
        "day": 20
      },
      "time": {
        "hour": 14,
        "minute": 55,
        "second": 1,
        "nano": 0
      }
    },
    "citySender": "Кам\u0027янське(Дніпропетровська обл)",
    "cityRecipient": "Харків"
  },
  {
    "number": 59000456257273,
    "dateTime": {
      "date": {
        "year": 2019,
        "month": 10,
        "day": 20
      },
      "time": {
        "hour": 14,
        "minute": 54,
        "second": 56,
        "nano": 0
      }
    },
    "citySender": "Черкаси",
    "cityRecipient": "Тернівка"
  },
  {
    "number": 59000456257274,
    "dateTime": {
      "date": {
        "year": 2019,
        "month": 10,
        "day": 20
      },
      "time": {
        "hour": 14,
        "minute": 54,
        "second": 58,
        "nano": 0
      }
    },
    "citySender": "Стрілковичі",
    "cityRecipient": "Київ"
  },
  {
    "number": 59000456257275,
    "dateTime": {
      "date": {
        "year": 2019,
        "month": 10,
        "day": 20
      },
      "time": {
        "hour": 14,
        "minute": 54,
        "second": 56,
        "nano": 0
      }
    },
    "citySender": "Люботин",
    "cityRecipient": "Покровськ (Донецька обл.)"
  },
  {
    "number": 59000456257276,
    "dateTime": {
      "date": {
        "year": 2019,
        "month": 10,
        "day": 20
      },
      "time": {
        "hour": 14,
        "minute": 55,
        "second": 15,
        "nano": 0
      }
    },
    "citySender": "Харків",
    "cityRecipient": "Київ"
  },
  {
    "number": 59000456257277,
    "dateTime": {
      "date": {
        "year": 2019,
        "month": 10,
        "day": 20
      },
      "time": {
        "hour": 14,
        "minute": 54,
        "second": 15,
        "nano": 0
      }
    },
    "citySender": "Одеса",
    "cityRecipient": "Романківці"
  },
  {
    "number": 59000456257278,
    "dateTime": {
      "date": {
        "year": 2019,
        "month": 10,
        "day": 20
      },
      "time": {
        "hour": 14,
        "minute": 55,
        "second": 8,
        "nano": 0
      }
    },
    "citySender": "Старокостянтинів",
    "cityRecipient": "Кам\u0027янець-Подільський"
  },
  {
    "number": 59000456257279,
    "dateTime": {
      "date": {
        "year": 2019,
        "month": 10,
        "day": 20
      },
      "time": {
        "hour": 14,
        "minute": 55,
        "second": 4,
        "nano": 0
      }
    },
    "citySender": "Київ",
    "cityRecipient": "Бровари"
  },
  {
    "number": 59000456257280,
    "dateTime": {
      "date": {
        "year": 2019,
        "month": 10,
        "day": 20
      },
      "time": {
        "hour": 14,
        "minute": 55,
        "second": 19,
        "nano": 0
      }
    },
    "citySender": "Київ",
    "cityRecipient": "Івано-Франківськ"
  },
  {
    "number": 59000456257281,
    "dateTime": {
      "date": {
        "year": 2019,
        "month": 10,
        "day": 20
      },
      "time": {
        "hour": 14,
        "minute": 55,
        "second": 21,
        "nano": 0
      }
    },
    "citySender": "Кременець",
    "cityRecipient": "Київ"
  },
  {
    "number": 59000456257282,
    "dateTime": {
      "date": {
        "year": 2019,
        "month": 10,
        "day": 20
      },
      "time": {
        "hour": 14,
        "minute": 55,
        "second": 16,
        "nano": 0
      }
    },
    "citySender": "Одеса",
    "cityRecipient": "Кучурган"
  },
  {
    "number": 59000456257283,
    "dateTime": {
      "date": {
        "year": 2019,
        "month": 10,
        "day": 20
      },
      "time": {
        "hour": 14,
        "minute": 54,
        "second": 55,
        "nano": 0
      }
    },
    "citySender": "Ковель",
    "cityRecipient": "Київ"
  },
  {
    "number": 59000456257284,
    "dateTime": {
      "date": {
        "year": 2019,
        "month": 10,
        "day": 20
      },
      "time": {
        "hour": 14,
        "minute": 54,
        "second": 57,
        "nano": 0
      }
    },
    "citySender": "Київ",
    "cityRecipient": "Дніпро"
  },
  {
    "number": 59000456257285,
    "dateTime": {
      "date": {
        "year": 2019,
        "month": 10,
        "day": 20
      },
      "time": {
        "hour": 14,
        "minute": 54,
        "second": 38,
        "nano": 0
      }
    },
    "citySender": "Київ",
    "cityRecipient": "Київ"
  },
  {
    "number": 59000456257286,
    "dateTime": {
      "date": {
        "year": 2019,
        "month": 10,
        "day": 20
      },
      "time": {
        "hour": 14,
        "minute": 54,
        "second": 20,
        "nano": 0
      }
    },
    "citySender": "Южноукраїнськ",
    "cityRecipient": "Клішківці"
  },
  {
    "number": 59000456257287,
    "dateTime": {
      "date": {
        "year": 2019,
        "month": 10,
        "day": 20
      },
      "time": {
        "hour": 14,
        "minute": 55,
        "second": 10,
        "nano": 0
      }
    },
    "citySender": "Київ",
    "cityRecipient": "Борислав (Львівська обл.)"
  },
  {
    "number": 59000456257288,
    "dateTime": {
      "date": {
        "year": 2019,
        "month": 10,
        "day": 20
      },
      "time": {
        "hour": 14,
        "minute": 55,
        "second": 5,
        "nano": 0
      }
    },
    "citySender": "Київ",
    "cityRecipient": "Мелітополь"
  },
  {
    "number": 59000456257289,
    "dateTime": {
      "date": {
        "year": 2019,
        "month": 10,
        "day": 20
      },
      "time": {
        "hour": 14,
        "minute": 55,
        "second": 13,
        "nano": 0
      }
    },
    "citySender": "Пісочин",
    "cityRecipient": "Кривий Ріг"
  },
  {
    "number": 59000456257290,
    "dateTime": {
      "date": {
        "year": 2019,
        "month": 10,
        "day": 20
      },
      "time": {
        "hour": 14,
        "minute": 55,
        "second": 16,
        "nano": 0
      }
    },
    "citySender": "Одеса",
    "cityRecipient": "Херсон"
  },
  {
    "number": 59000456257291,
    "dateTime": {
      "date": {
        "year": 2019,
        "month": 10,
        "day": 20
      },
      "time": {
        "hour": 14,
        "minute": 55,
        "second": 14,
        "nano": 0
      }
    },
    "citySender": "Черкаси",
    "cityRecipient": "Дніпро"
  },
  {
    "number": 59000456257292,
    "dateTime": {
      "date": {
        "year": 2019,
        "month": 10,
        "day": 20
      },
      "time": {
        "hour": 14,
        "minute": 55,
        "second": 20,
        "nano": 0
      }
    },
    "citySender": "Буча",
    "cityRecipient": "Миропіль(Житомирська обл.)"
  },
  {
    "number": 59000456257293,
    "dateTime": {
      "date": {
        "year": 2019,
        "month": 10,
        "day": 20
      },
      "time": {
        "hour": 14,
        "minute": 55,
        "second": 27,
        "nano": 0
      }
    },
    "citySender": "Київ",
    "cityRecipient": "Київ"
  },
  {
    "number": 59000456257294,
    "dateTime": {
      "date": {
        "year": 2019,
        "month": 10,
        "day": 20
      },
      "time": {
        "hour": 14,
        "minute": 54,
        "second": 49,
        "nano": 0
      }
    },
    "citySender": "Кам\u0027янець-Подільський",
    "cityRecipient": "Усатове"
  },
  {
    "number": 59000456257295,
    "dateTime": {
      "date": {
        "year": 2019,
        "month": 10,
        "day": 20
      },
      "time": {
        "hour": 14,
        "minute": 55,
        "second": 17,
        "nano": 0
      }
    },
    "citySender": "Київ",
    "cityRecipient": "Миколаїв"
  },
  {
    "number": 59000456257296,
    "dateTime": {
      "date": {
        "year": 2019,
        "month": 10,
        "day": 20
      },
      "time": {
        "hour": 14,
        "minute": 55,
        "second": 24,
        "nano": 0
      }
    },
    "citySender": "Одеса",
    "cityRecipient": "Мукачево"
  },
  {
    "number": 59000456257297,
    "dateTime": {
      "date": {
        "year": 2019,
        "month": 10,
        "day": 20
      },
      "time": {
        "hour": 14,
        "minute": 54,
        "second": 39,
        "nano": 0
      }
    },
    "citySender": "Бердичів",
    "cityRecipient": "Дніпро"
  }
]