[
  {
    "number": 59000456250200,
    "dateTime": {
      "date": {
        "year": 2019,
        "month": 10,
        "day": 20
      },
      "time": {
        "hour": 14,
        "minute": 8,
        "second": 1,
        "nano": 0
      }
    },
    "citySender": "Дніпро",
    "cityRecipient": "Ізмаїл"
  },
  {
    "number": 59000456250201,
    "dateTime": {
      "date": {
        "year": 2019,
        "month": 10,
        "day": 20
      },
      "time": {
        "hour": 14,
        "minute": 8,
        "second": 1,
        "nano": 0
      }
    },
    "citySender": "Покров (Дніпропетровська обл.)",
    "cityRecipient": "Львів"
  },
  {
    "number": 59000456250202,
    "dateTime": {
      "date": {
        "year": 2019,
        "month": 10,
        "day": 20
      },
      "time": {
        "hour": 14,
        "minute": 7,
        "second": 45,
        "nano": 0
      }
    },
    "citySender": "Київ",
    "cityRecipient": "Чернігівка"
  },
  {
    "number": 59000456250203,
    "dateTime": {
      "date": {
        "year": 2019,
        "month": 10,
        "day": 20
      },
      "time": {
        "hour": 14,
        "minute": 7,
        "second": 20,
        "nano": 0
      }
    },
    "citySender": "Ужгород",
    "cityRecipient": "Київ"
  },
  {
    "number": 59000456250204,
    "dateTime": {
      "date": {
        "year": 2019,
        "month": 10,
        "day": 20
      },
      "time": {
        "hour": 14,
        "minute": 8,
        "second": 1,
        "nano": 0
      }
    },
    "citySender": "Харків",
    "cityRecipient": "Харків"
  },
  {
    "number": 59000456250206,
    "dateTime": {
      "date": {
        "year": 2019,
        "month": 10,
        "day": 20
      },
      "time": {
        "hour": 14,
        "minute": 7,
        "second": 36,
        "nano": 0
      }
    },
    "citySender": "Одеса",
    "cityRecipient": "Коцюбинське"
  },
  {
    "number": 59000456250207,
    "dateTime": {
      "date": {
        "year": 2019,
        "month": 10,
        "day": 20
      },
      "time": {
        "hour": 14,
        "minute": 7,
        "second": 33,
        "nano": 0
      }
    },
    "citySender": "Бровари",
    "cityRecipient": "Кропивницький"
  },
  {
    "number": 59000456250208,
    "dateTime": {
      "date": {
        "year": 2019,
        "month": 10,
        "day": 20
      },
      "time": {
        "hour": 14,
        "minute": 7,
        "second": 39,
        "nano": 0
      }
    },
    "citySender": "Одеса",
    "cityRecipient": "Мелітополь"
  },
  {
    "number": 59000456250209,
    "dateTime": {
      "date": {
        "year": 2019,
        "month": 10,
        "day": 20
      },
      "time": {
        "hour": 14,
        "minute": 7,
        "second": 59,
        "nano": 0
      }
    },
    "citySender": "Одеса",
    "cityRecipient": "Миколаїв"
  },
  {
    "number": 59000456250210,
    "dateTime": {
      "date": {
        "year": 2019,
        "month": 10,
        "day": 20
      },
      "time": {
        "hour": 14,
        "minute": 7,
        "second": 3,
        "nano": 0
      }
    },
    "citySender": "Львів",
    "cityRecipient": "Київ"
  },
  {
    "number": 59000456250211,
    "dateTime": {
      "date": {
        "year": 2019,
        "month": 10,
        "day": 20
      },
      "time": {
        "hour": 14,
        "minute": 6,
        "second": 48,
        "nano": 0
      }
    },
    "citySender": "Полтава",
    "cityRecipient": "Гуляйполе"
  },
  {
    "number": 59000456250212,
    "dateTime": {
      "date": {
        "year": 2019,
        "month": 10,
        "day": 20
      },
      "time": {
        "hour": 14,
        "minute": 7,
        "second": 57,
        "nano": 0
      }
    },
    "citySender": "Дніпро",
    "cityRecipient": "Запоріжжя"
  },
  {
    "number": 59000456250213,
    "dateTime": {
      "date": {
        "year": 2019,
        "month": 10,
        "day": 20
      },
      "time": {
        "hour": 14,
        "minute": 7,
        "second": 46,
        "nano": 0
      }
    },
    "citySender": "Львів",
    "cityRecipient": "Харків"
  },
  {
    "number": 59000456250214,
    "dateTime": {
      "date": {
        "year": 2019,
        "month": 10,
        "day": 20
      },
      "time": {
        "hour": 14,
        "minute": 8,
        "second": 7,
        "nano": 0
      }
    },
    "citySender": "Чернівці",
    "cityRecipient": "Одеса"
  },
  {
    "number": 59000456250215,
    "dateTime": {
      "date": {
        "year": 2019,
        "month": 10,
        "day": 20
      },
      "time": {
        "hour": 14,
        "minute": 7,
        "second": 44,
        "nano": 0
      }
    },
    "citySender": "Гуляйполе",
    "cityRecipient": "Дніпро"
  },
  {
    "number": 59000456250216,
    "dateTime": {
      "date": {
        "year": 2019,
        "month": 10,
        "day": 20
      },
      "time": {
        "hour": 14,
        "minute": 7,
        "second": 57,
        "nano": 0
      }
    },
    "citySender": "Херсон",
    "cityRecipient": "Житомир"
  },
  {
    "number": 59000456250217,
    "dateTime": {
      "date": {
        "year": 2019,
        "month": 10,
        "day": 20
      },
      "time": {
        "hour": 14,
        "minute": 7,
        "second": 30,
        "nano": 0
      }
    },
    "citySender": "Апостолове",
    "cityRecipient": "Київ"
  },
  {
    "number": 59000456250218,
    "dateTime": {
      "date": {
        "year": 2019,
        "month": 10,
        "day": 20
      },
      "time": {
        "hour": 14,
        "minute": 8,
        "second": 0,
        "nano": 0
      }
    },
    "citySender": "Київ",
    "cityRecipient": "Драгово"
  },
  {
    "number": 59000456250219,
    "dateTime": {
      "date": {
        "year": 2019,
        "month": 10,
        "day": 20
      },
      "time": {
        "hour": 14,
        "minute": 7,
        "second": 34,
        "nano": 0
      }
    },
    "citySender": "Бахмут",
    "cityRecipient": "Делятин"
  },
  {
    "number": 59000456250220,
    "dateTime": {
      "date": {
        "year": 2019,
        "month": 10,
        "day": 20
      },
      "time": {
        "hour": 14,
        "minute": 8,
        "second": 0,
        "nano": 0
      }
    },
    "citySender": "Київ",
    "cityRecipient": "Білгород-Дністровський"
  },
  {
    "number": 59000456250221,
    "dateTime": {
      "date": {
        "year": 2019,
        "month": 10,
        "day": 20
      },
      "time": {
        "hour": 14,
        "minute": 7,
        "second": 45,
        "nano": 0
      }
    },
    "citySender": "Київ",
    "cityRecipient": "Маріуполь"
  },
  {
    "number": 59000456250222,
    "dateTime": {
      "date": {
        "year": 2019,
        "month": 10,
        "day": 20
      },
      "time": {
        "hour": 14,
        "minute": 7,
        "second": 58,
        "nano": 0
      }
    },
    "citySender": "Київ",
    "cityRecipient": "Херсон"
  },
  {
    "number": 59000456250223,
    "dateTime": {
      "date": {
        "year": 2019,
        "month": 10,
        "day": 20
      },
      "time": {
        "hour": 14,
        "minute": 7,
        "second": 51,
        "nano": 0
      }
    },
    "citySender": "Київ",
    "cityRecipient": "Київ"
  },
  {
    "number": 59000456250224,
    "dateTime": {
      "date": {
        "year": 2019,
        "month": 10,
        "day": 20
      },
      "time": {
        "hour": 14,
        "minute": 7,
        "second": 48,
        "nano": 0
      }
    },
    "citySender": "Харків",
    "cityRecipient": "Херсон"
  },
  {
    "number": 59000456250225,
    "dateTime": {
      "date": {
        "year": 2019,
        "month": 10,
        "day": 20
      },
      "time": {
        "hour": 14,
        "minute": 7,
        "second": 34,
        "nano": 0
      }
    },
    "citySender": "Київ",
    "cityRecipient": "Дніпро"
  },
  {
    "number": 59000456250226,
    "dateTime": {
      "date": {
        "year": 2019,
        "month": 10,
        "day": 20
      },
      "time": {
        "hour": 14,
        "minute": 7,
        "second": 57,
        "nano": 0
      }
    },
    "citySender": "Сєвєродонецьк",
    "cityRecipient": "Харків"
  },
  {
    "number": 59000456250227,
    "dateTime": {
      "date": {
        "year": 2019,
        "month": 10,
        "day": 20
      },
      "time": {
        "hour": 14,
        "minute": 7,
        "second": 51,
        "nano": 0
      }
    },
    "citySender": "Київ",
    "cityRecipient": "Кривий Ріг"
  },
  {
    "number": 59000456250228,
    "dateTime": {
      "date": {
        "year": 2019,
        "month": 10,
        "day": 20
      },
      "time": {
        "hour": 14,
        "minute": 7,
        "second": 46,
        "nano": 0
      }
    },
    "citySender": "Вінниця",
    "cityRecipient": "Запоріжжя"
  },
  {
    "number": 59000456250229,
    "dateTime": {
      "date": {
        "year": 2019,
        "month": 10,
        "day": 20
      },
      "time": {
        "hour": 14,
        "minute": 7,
        "second": 5,
        "nano": 0
      }
    },
    "citySender": "Першотравенськ (Дніпропетровська обл)",
    "cityRecipient": "Маріуполь"
  },
  {
    "number": 59000456250230,
    "dateTime": {
      "date": {
        "year": 2019,
        "month": 10,
        "day": 20
      },
      "time": {
        "hour": 14,
        "minute": 7,
        "second": 20,
        "nano": 0
      }
    },
    "citySender": "Одеса",
    "cityRecipient": "Київ"
  },
  {
    "number": 59000456250231,
    "dateTime": {
      "date": {
        "year": 2019,
        "month": 10,
        "day": 20
      },
      "time": {
        "hour": 14,
        "minute": 7,
        "second": 54,
        "nano": 0
      }
    },
    "citySender": "Балаклія (Харківська обл.)",
    "cityRecipient": "Харків"
  },
  {
    "number": 59000456250232,
    "dateTime": {
      "date": {
        "year": 2019,
        "month": 10,
        "day": 20
      },
      "time": {
        "hour": 14,
        "minute": 8,
        "second": 15,
        "nano": 0
      }
    },
    "citySender": "Авдіївка (Донецька обл.)",
    "cityRecipient": "Київ"
  },
  {
    "number": 59000456250233,
    "dateTime": {
      "date": {
        "year": 2019,
        "month": 10,
        "day": 20
      },
      "time": {
        "hour": 14,
        "minute": 8,
        "second": 6,
        "nano": 0
      }
    },
    "citySender": "Харків",
    "cityRecipient": "Дніпро"
  },
  {
    "number": 59000456250234,
    "dateTime": {
      "date": {
        "year": 2019,
        "month": 10,
        "day": 20
      },
      "time": {
        "hour": 14,
        "minute": 8,
        "second": 10,
        "nano": 0
      }
    },
    "citySender": "Волноваха",
    "cityRecipient": "Гранітне"
  },
  {
    "number": 59000456250235,
    "dateTime": {
      "date": {
        "year": 2019,
        "month": 10,
        "day": 20
      },
      "time": {
        "hour": 14,
        "minute": 8,
        "second": 6,
        "nano": 0
      }
    },
    "citySender": "Краматорськ",
    "cityRecipient": "Київ"
  },
  {
    "number": 59000456250236,
    "dateTime": {
      "date": {
        "year": 2019,
        "month": 10,
        "day": 20
      },
      "time": {
        "hour": 14,
        "minute": 8,
        "second": 0,
        "nano": 0
      }
    },
    "citySender": "Київ",
    "cityRecipient": "Київ"
  },
  {
    "number": 59000456250237,
    "dateTime": {
      "date": {
        "year": 2019,
        "month": 10,
        "day": 20
      },
      "time": {
        "hour": 14,
        "minute": 8,
        "second": 6,
        "nano": 0
      }
    },
    "citySender": "Одеса",
    "cityRecipient": "Каховка"
  },
  {
    "number": 59000456250238,
    "dateTime": {
      "date": {
        "year": 2019,
        "month": 10,
        "day": 20
      },
      "time": {
        "hour": 14,
        "minute": 7,
        "second": 42,
        "nano": 0
      }
    },
    "citySender": "Клевань",
    "cityRecipient": "Приморськ (Запорізька обл.)"
  },
  {
    "number": 59000456250239,
    "dateTime": {
      "date": {
        "year": 2019,
        "month": 10,
        "day": 20
      },
      "time": {
        "hour": 14,
        "minute": 8,
        "second": 11,
        "nano": 0
      }
    },
    "citySender": "Київ",
    "cityRecipient": "Київ"
  },
  {
    "number": 59000456250240,
    "dateTime": {
      "date": {
        "year": 2019,
        "month": 10,
        "day": 20
      },
      "time": {
        "hour": 14,
        "minute": 7,
        "second": 42,
        "nano": 0
      }
    },
    "citySender": "Черкаси",
    "cityRecipient": "Полонне"
  },
  {
    "number": 59000456250241,
    "dateTime": {
      "date": {
        "year": 2019,
        "month": 10,
        "day": 20
      },
      "time": {
        "hour": 14,
        "minute": 8,
        "second": 14,
        "nano": 0
      }
    },
    "citySender": "Київ",
    "cityRecipient": "Київ"
  },
  {
    "number": 59000456250242,
    "dateTime": {
      "date": {
        "year": 2019,
        "month": 10,
        "day": 20
      },
      "time": {
        "hour": 14,
        "minute": 8,
        "second": 11,
        "nano": 0
      }
    },
    "citySender": "Христинівка",
    "cityRecipient": "Черкаси"
  },
  {
    "number": 59000456250243,
    "dateTime": {
      "date": {
        "year": 2019,
        "month": 10,
        "day": 20
      },
      "time": {
        "hour": 14,
        "minute": 7,
        "second": 51,
        "nano": 0
      }
    },
    "citySender": "Суми",
    "cityRecipient": "Херсон"
  },
  {
    "number": 59000456250244,
    "dateTime": {
      "date": {
        "year": 2019,
        "month": 10,
        "day": 20
      },
      "time": {
        "hour": 14,
        "minute": 2,
        "second": 39,
        "nano": 0
      }
    },
    "citySender": "Дніпро",
    "cityRecipient": "Аполлонівка"
  },
  {
    "number": 59000456250245,
    "dateTime": {
      "date": {
        "year": 2019,
        "month": 10,
        "day": 20
      },
      "time": {
        "hour": 14,
        "minute": 8,
        "second": 14,
        "nano": 0
      }
    },
    "citySender": "Червоноград (Львівська обл.)",
    "cityRecipient": "Кропивницький"
  },
  {
    "number": 59000456250246,
    "dateTime": {
      "date": {
        "year": 2019,
        "month": 10,
        "day": 20
      },
      "time": {
        "hour": 14,
        "minute": 7,
        "second": 59,
        "nano": 0
      }
    },
    "citySender": "Запоріжжя",
    "cityRecipient": "Слов\u0027янськ"
  },
  {
    "number": 59000456250247,
    "dateTime": {
      "date": {
        "year": 2019,
        "month": 10,
        "day": 20
      },
      "time": {
        "hour": 14,
        "minute": 8,
        "second": 8,
        "nano": 0
      }
    },
    "citySender": "Кривий Ріг",
    "cityRecipient": "Біла Церква"
  },
  {
    "number": 59000456250248,
    "dateTime": {
      "date": {
        "year": 2019,
        "month": 10,
        "day": 20
      },
      "time": {
        "hour": 14,
        "minute": 8,
        "second": 22,
        "nano": 0
      }
    },
    "citySender": "Хотів",
    "cityRecipient": "Київ"
  },
  {
    "number": 59000456250249,
    "dateTime": {
      "date": {
        "year": 2019,
        "month": 10,
        "day": 20
      },
      "time": {
        "hour": 14,
        "minute": 8,
        "second": 12,
        "nano": 0
      }
    },
    "citySender": "Жовква",
    "cityRecipient": "Київ"
  },
  {
    "number": 59000456250250,
    "dateTime": {
      "date": {
        "year": 2019,
        "month": 10,
        "day": 20
      },
      "time": {
        "hour": 14,
        "minute": 8,
        "second": 5,
        "nano": 0
      }
    },
    "citySender": "Київ",
    "cityRecipient": "Миколаїв"
  },
  {
    "number": 59000456250251,
    "dateTime": {
      "date": {
        "year": 2019,
        "month": 10,
        "day": 20
      },
      "time": {
        "hour": 14,
        "minute": 8,
        "second": 8,
        "nano": 0
      }
    },
    "citySender": "Черкаси",
    "cityRecipient": "Хмельницький"
  },
  {
    "number": 59000456250252,
    "dateTime": {
      "date": {
        "year": 2019,
        "month": 10,
        "day": 20
      },
      "time": {
        "hour": 14,
        "minute": 7,
        "second": 43,
        "nano": 0
      }
    },
    "citySender": "Київ",
    "cityRecipient": "Київ"
  },
  {
    "number": 59000456250253,
    "dateTime": {
      "date": {
        "year": 2019,
        "month": 10,
        "day": 20
      },
      "time": {
        "hour": 14,
        "minute": 8,
        "second": 17,
        "nano": 0
      }
    },
    "citySender": "Володимирівка (Київська обл.)",
    "cityRecipient": "Володарка"
  },
  {
    "number": 59000456250254,
    "dateTime": {
      "date": {
        "year": 2019,
        "month": 10,
        "day": 20
      },
      "time": {
        "hour": 14,
        "minute": 8,
        "second": 10,
        "nano": 0
      }
    },
    "citySender": "Хмельницький",
    "cityRecipient": "Нова Каховка"
  },
  {
    "number": 59000456250255,
    "dateTime": {
      "date": {
        "year": 2019,
        "month": 10,
        "day": 20
      },
      "time": {
        "hour": 14,
        "minute": 8,
        "second": 24,
        "nano": 0
      }
    },
    "citySender": "Київ",
    "cityRecipient": "Рівне"
  },
  {
    "number": 59000456250256,
    "dateTime": {
      "date": {
        "year": 2019,
        "month": 10,
        "day": 20
      },
      "time": {
        "hour": 14,
        "minute": 8,
        "second": 25,
        "nano": 0
      }
    },
    "citySender": "Херсон",
    "cityRecipient": "Київ"
  },
  {
    "number": 59000456250257,
    "dateTime": {
      "date": {
        "year": 2019,
        "month": 10,
        "day": 20
      },
      "time": {
        "hour": 14,
        "minute": 8,
        "second": 10,
        "nano": 0
      }
    },
    "citySender": "Ізмаїл",
    "cityRecipient": "Запоріжжя"
  },
  {
    "number": 59000456250258,
    "dateTime": {
      "date": {
        "year": 2019,
        "month": 10,
        "day": 20
      },
      "time": {
        "hour": 14,
        "minute": 8,
        "second": 23,
        "nano": 0
      }
    },
    "citySender": "Глеваха",
    "cityRecipient": "Васильків"
  },
  {
    "number": 59000456250259,
    "dateTime": {
      "date": {
        "year": 2019,
        "month": 10,
        "day": 20
      },
      "time": {
        "hour": 14,
        "minute": 7,
        "second": 59,
        "nano": 0
      }
    },
    "citySender": "Київ",
    "cityRecipient": "Маріуполь"
  },
  {
    "number": 59000456250260,
    "dateTime": {
      "date": {
        "year": 2019,
        "month": 10,
        "day": 20
      },
      "time": {
        "hour": 14,
        "minute": 8,
        "second": 8,
        "nano": 0
      }
    },
    "citySender": "Нерубайське",
    "cityRecipient": "Приазовське"
  },
  {
    "number": 59000456250261,
    "dateTime": {
      "date": {
        "year": 2019,
        "month": 10,
        "day": 20
      },
      "time": {
        "hour": 14,
        "minute": 8,
        "second": 26,
        "nano": 0
      }
    },
    "citySender": "Чернівці",
    "cityRecipient": "Львів"
  },
  {
    "number": 59000456250262,
    "dateTime": {
      "date": {
        "year": 2019,
        "month": 10,
        "day": 20
      },
      "time": {
        "hour": 14,
        "minute": 7,
        "second": 48,
        "nano": 0
      }
    },
    "citySender": "Запоріжжя",
    "cityRecipient": "Ірпінь"
  },
  {
    "number": 59000456250263,
    "dateTime": {
      "date": {
        "year": 2019,
        "month": 10,
        "day": 20
      },
      "time": {
        "hour": 14,
        "minute": 8,
        "second": 18,
        "nano": 0
      }
    },
    "citySender": "Київ",
    "cityRecipient": "Черкаси"
  },
  {
    "number": 59000456250264,
    "dateTime": {
      "date": {
        "year": 2019,
        "month": 10,
        "day": 20
      },
      "time": {
        "hour": 14,
        "minute": 8,
        "second": 16,
        "nano": 0
      }
    },
    "citySender": "Зазим\u0027я",
    "cityRecipient": "Жмеринка"
  },
  {
    "number": 59000456250265,
    "dateTime": {
      "date": {
        "year": 2019,
        "month": 10,
        "day": 20
      },
      "time": {
        "hour": 14,
        "minute": 7,
        "second": 43,
        "nano": 0
      }
    },
    "citySender": "Київ",
    "cityRecipient": "Одеса"
  },
  {
    "number": 59000456250266,
    "dateTime": {
      "date": {
        "year": 2019,
        "month": 10,
        "day": 20
      },
      "time": {
        "hour": 14,
        "minute": 7,
        "second": 45,
        "nano": 0
      }
    },
    "citySender": "Харків",
    "cityRecipient": "Дубно"
  },
  {
    "number": 59000456250267,
    "dateTime": {
      "date": {
        "year": 2019,
        "month": 10,
        "day": 20
      },
      "time": {
        "hour": 14,
        "minute": 8,
        "second": 10,
        "nano": 0
      }
    },
    "citySender": "Бровари",
    "cityRecipient": "Київ"
  },
  {
    "number": 59000456250268,
    "dateTime": {
      "date": {
        "year": 2019,
        "month": 10,
        "day": 20
      },
      "time": {
        "hour": 14,
        "minute": 8,
        "second": 17,
        "nano": 0
      }
    },
    "citySender": "Новояворівськ",
    "cityRecipient": "Харків"
  },
  {
    "number": 59000456250269,
    "dateTime": {
      "date": {
        "year": 2019,
        "month": 10,
        "day": 20
      },
      "time": {
        "hour": 14,
        "minute": 8,
        "second": 25,
        "nano": 0
      }
    },
    "citySender": "Вишневе",
    "cityRecipient": "Харків"
  },
  {
    "number": 59000456250270,
    "dateTime": {
      "date": {
        "year": 2019,
        "month": 10,
        "day": 20
      },
      "time": {
        "hour": 14,
        "minute": 8,
        "second": 13,
        "nano": 0
      }
    },
    "citySender": "Золочів (Львівська обл.)",
    "cityRecipient": "Херсон"
  },
  {
    "number": 59000456250271,
    "dateTime": {
      "date": {
        "year": 2019,
        "month": 10,
        "day": 20
      },
      "time": {
        "hour": 14,
        "minute": 7,
        "second": 58,
        "nano": 0
      }
    },
    "citySender": "Київ",
    "cityRecipient": "Запоріжжя"
  },
  {
    "number": 59000456250272,
    "dateTime": {
      "date": {
        "year": 2019,
        "month": 10,
        "day": 20
      },
      "time": {
        "hour": 14,
        "minute": 8,
        "second": 4,
        "nano": 0
      }
    },
    "citySender": "Вишневе",
    "cityRecipient": "Татарбунари"
  },
  {
    "number": 59000456250273,
    "dateTime": {
      "date": {
        "year": 2019,
        "month": 10,
        "day": 20
      },
      "time": {
        "hour": 14,
        "minute": 8,
        "second": 33,
        "nano": 0
      }
    },
    "citySender": "Черкаси",
    "cityRecipient": "Кривий Ріг"
  },
  {
    "number": 59000456250274,
    "dateTime": {
      "date": {
        "year": 2019,
        "month": 10,
        "day": 20
      },
      "time": {
        "hour": 14,
        "minute": 8,
        "second": 24,
        "nano": 0
      }
    },
    "citySender": "Дніпро",
    "cityRecipient": "Краматорськ"
  },
  {
    "number": 59000456250275,
    "dateTime": {
      "date": {
        "year": 2019,
        "month": 10,
        "day": 20
      },
      "time": {
        "hour": 14,
        "minute": 6,
        "second": 16,
        "nano": 0
      }
    },
    "citySender": "Кривий Ріг",
    "cityRecipient": "Буча"
  },
  {
    "number": 59000456250276,
    "dateTime": {
      "date": {
        "year": 2019,
        "month": 10,
        "day": 20
      },
      "time": {
        "hour": 14,
        "minute": 8,
        "second": 23,
        "nano": 0
      }
    },
    "citySender": "Одеса",
    "cityRecipient": "Арциз"
  },
  {
    "number": 59000456250277,
    "dateTime": {
      "date": {
        "year": 2019,
        "month": 10,
        "day": 20
      },
      "time": {
        "hour": 14,
        "minute": 8,
        "second": 15,
        "nano": 0
      }
    },
    "citySender": "Харків",
    "cityRecipient": "Конотоп"
  },
  {
    "number": 59000456250278,
    "dateTime": {
      "date": {
        "year": 2019,
        "month": 10,
        "day": 20
      },
      "time": {
        "hour": 14,
        "minute": 8,
        "second": 25,
        "nano": 0
      }
    },
    "citySender": "Київ",
    "cityRecipient": "Запоріжжя"
  },
  {
    "number": 59000456250279,
    "dateTime": {
      "date": {
        "year": 2019,
        "month": 10,
        "day": 20
      },
      "time": {
        "hour": 14,
        "minute": 8,
        "second": 31,
        "nano": 0
      }
    },
    "citySender": "Львів",
    "cityRecipient": "Славське (Львівська обл.)"
  },
  {
    "number": 59000456250280,
    "dateTime": {
      "date": {
        "year": 2019,
        "month": 10,
        "day": 20
      },
      "time": {
        "hour": 14,
        "minute": 7,
        "second": 8,
        "nano": 0
      }
    },
    "citySender": "Сєвєродонецьк",
    "cityRecipient": "Башмачка"
  },
  {
    "number": 59000456250281,
    "dateTime": {
      "date": {
        "year": 2019,
        "month": 10,
        "day": 20
      },
      "time": {
        "hour": 14,
        "minute": 8,
        "second": 26,
        "nano": 0
      }
    },
    "citySender": "Тернопіль",
    "cityRecipient": "Київ"
  },
  {
    "number": 59000456250282,
    "dateTime": {
      "date": {
        "year": 2019,
        "month": 10,
        "day": 20
      },
      "time": {
        "hour": 14,
        "minute": 8,
        "second": 2,
        "nano": 0
      }
    },
    "citySender": "Київ",
    "cityRecipient": "Тернопіль"
  },
  {
    "number": 59000456250283,
    "dateTime": {
      "date": {
        "year": 2019,
        "month": 10,
        "day": 20
      },
      "time": {
        "hour": 14,
        "minute": 8,
        "second": 29,
        "nano": 0
      }
    },
    "citySender": "Хмельницький",
    "cityRecipient": "Київ"
  },
  {
    "number": 59000456250284,
    "dateTime": {
      "date": {
        "year": 2019,
        "month": 10,
        "day": 20
      },
      "time": {
        "hour": 14,
        "minute": 8,
        "second": 25,
        "nano": 0
      }
    },
    "citySender": "Чернівці",
    "cityRecipient": "Київ"
  },
  {
    "number": 59000456250285,
    "dateTime": {
      "date": {
        "year": 2019,
        "month": 10,
        "day": 20
      },
      "time": {
        "hour": 14,
        "minute": 7,
        "second": 45,
        "nano": 0
      }
    },
    "citySender": "Херсон",
    "cityRecipient": "Вербки (Дніпропетровська обл.)"
  },
  {
    "number": 59000456250286,
    "dateTime": {
      "date": {
        "year": 2019,
        "month": 10,
        "day": 20
      },
      "time": {
        "hour": 14,
        "minute": 4,
        "second": 54,
        "nano": 0
      }
    },
    "citySender": "Старокостянтинів",
    "cityRecipient": "Кілія"
  },
  {
    "number": 59000456250287,
    "dateTime": {
      "date": {
        "year": 2019,
        "month": 10,
        "day": 20
      },
      "time": {
        "hour": 14,
        "minute": 8,
        "second": 38,
        "nano": 0
      }
    },
    "citySender": "Київ",
    "cityRecipient": "Дніпро"
  },
  {
    "number": 59000456250288,
    "dateTime": {
      "date": {
        "year": 2019,
        "month": 10,
        "day": 20
      },
      "time": {
        "hour": 14,
        "minute": 8,
        "second": 19,
        "nano": 0
      }
    },
    "citySender": "Чернігів",
    "cityRecipient": "Дніпро"
  },
  {
    "number": 59000456250289,
    "dateTime": {
      "date": {
        "year": 2019,
        "month": 10,
        "day": 20
      },
      "time": {
        "hour": 14,
        "minute": 8,
        "second": 13,
        "nano": 0
      }
    },
    "citySender": "Одеса",
    "cityRecipient": "Харків"
  },
  {
    "number": 59000456250290,
    "dateTime": {
      "date": {
        "year": 2019,
        "month": 10,
        "day": 20
      },
      "time": {
        "hour": 14,
        "minute": 6,
        "second": 44,
        "nano": 0
      }
    },
    "citySender": "Одеса",
    "cityRecipient": "Київ"
  },
  {
    "number": 59000456250291,
    "dateTime": {
      "date": {
        "year": 2019,
        "month": 10,
        "day": 20
      },
      "time": {
        "hour": 14,
        "minute": 8,
        "second": 15,
        "nano": 0
      }
    },
    "citySender": "Київ",
    "cityRecipient": "Чернівці"
  },
  {
    "number": 59000456250292,
    "dateTime": {
      "date": {
        "year": 2019,
        "month": 10,
        "day": 20
      },
      "time": {
        "hour": 14,
        "minute": 8,
        "second": 39,
        "nano": 0
      }
    },
    "citySender": "Княжичі (Броварський р-н)",
    "cityRecipient": "Чорноморськ"
  },
  {
    "number": 59000456250293,
    "dateTime": {
      "date": {
        "year": 2019,
        "month": 10,
        "day": 20
      },
      "time": {
        "hour": 14,
        "minute": 8,
        "second": 33,
        "nano": 0
      }
    },
    "citySender": "Київ",
    "cityRecipient": "Лубни"
  },
  {
    "number": 59000456250294,
    "dateTime": {
      "date": {
        "year": 2019,
        "month": 10,
        "day": 20
      },
      "time": {
        "hour": 14,
        "minute": 8,
        "second": 26,
        "nano": 0
      }
    },
    "citySender": "Дніпро",
    "cityRecipient": "Вінниця"
  },
  {
    "number": 59000456250295,
    "dateTime": {
      "date": {
        "year": 2019,
        "month": 10,
        "day": 20
      },
      "time": {
        "hour": 14,
        "minute": 8,
        "second": 39,
        "nano": 0
      }
    },
    "citySender": "Черкаси",
    "cityRecipient": "Тальне"
  },
  {
    "number": 59000456250296,
    "dateTime": {
      "date": {
        "year": 2019,
        "month": 10,
        "day": 20
      },
      "time": {
        "hour": 14,
        "minute": 8,
        "second": 1,
        "nano": 0
      }
    },
    "citySender": "Вінниця",
    "cityRecipient": "Одеса"
  },
  {
    "number": 59000456250297,
    "dateTime": {
      "date": {
        "year": 2019,
        "month": 10,
        "day": 20
      },
      "time": {
        "hour": 14,
        "minute": 8,
        "second": 36,
        "nano": 0
      }
    },
    "citySender": "Кропивницький",
    "cityRecipient": "Київ"
  },
  {
    "number": 59000456250298,
    "dateTime": {
      "date": {
        "year": 2019,
        "month": 10,
        "day": 20
      },
      "time": {
        "hour": 14,
        "minute": 8,
        "second": 4,
        "nano": 0
      }
    },
    "citySender": "Харків",
    "cityRecipient": "Київ"
  },
  {
    "number": 59000456250299,
    "dateTime": {
      "date": {
        "year": 2019,
        "month": 10,
        "day": 20
      },
      "time": {
        "hour": 14,
        "minute": 8,
        "second": 41,
        "nano": 0
      }
    },
    "citySender": "Чернівці",
    "cityRecipient": "Київ"
  }
]