[
  {
    "number": 59000456243705,
    "dateTime": {
      "date": {
        "year": 2019,
        "month": 10,
        "day": 20
      },
      "time": {
        "hour": 13,
        "minute": 27,
        "second": 36,
        "nano": 0
      }
    },
    "citySender": "Кам\u0027янське(Дніпропетровська обл)",
    "cityRecipient": "Черкаси"
  },
  {
    "number": 59000456243706,
    "dateTime": {
      "date": {
        "year": 2019,
        "month": 10,
        "day": 20
      },
      "time": {
        "hour": 13,
        "minute": 27,
        "second": 34,
        "nano": 0
      }
    },
    "citySender": "Вишневе",
    "cityRecipient": "Запоріжжя"
  },
  {
    "number": 59000456243707,
    "dateTime": {
      "date": {
        "year": 2019,
        "month": 10,
        "day": 20
      },
      "time": {
        "hour": 13,
        "minute": 27,
        "second": 37,
        "nano": 0
      }
    },
    "citySender": "Бориспіль",
    "cityRecipient": "Велика Димерка"
  },
  {
    "number": 59000456243708,
    "dateTime": {
      "date": {
        "year": 2019,
        "month": 10,
        "day": 20
      },
      "time": {
        "hour": 13,
        "minute": 27,
        "second": 26,
        "nano": 0
      }
    },
    "citySender": "Корсунь-Шевченківський",
    "cityRecipient": "Овруч"
  },
  {
    "number": 59000456243709,
    "dateTime": {
      "date": {
        "year": 2019,
        "month": 10,
        "day": 20
      },
      "time": {
        "hour": 13,
        "minute": 27,
        "second": 4,
        "nano": 0
      }
    },
    "citySender": "Одеса",
    "cityRecipient": "Путила"
  },
  {
    "number": 59000456243710,
    "dateTime": {
      "date": {
        "year": 2019,
        "month": 10,
        "day": 20
      },
      "time": {
        "hour": 13,
        "minute": 26,
        "second": 58,
        "nano": 0
      }
    },
    "citySender": "Бахмач",
    "cityRecipient": "Хмельницький"
  },
  {
    "number": 59000456243711,
    "dateTime": {
      "date": {
        "year": 2019,
        "month": 10,
        "day": 20
      },
      "time": {
        "hour": 13,
        "minute": 27,
        "second": 33,
        "nano": 0
      }
    },
    "citySender": "Київ",
    "cityRecipient": "Запоріжжя"
  },
  {
    "number": 59000456243712,
    "dateTime": {
      "date": {
        "year": 2019,
        "month": 10,
        "day": 20
      },
      "time": {
        "hour": 13,
        "minute": 27,
        "second": 19,
        "nano": 0
      }
    },
    "citySender": "Одеса",
    "cityRecipient": "Київ"
  },
  {
    "number": 59000456243713,
    "dateTime": {
      "date": {
        "year": 2019,
        "month": 10,
        "day": 20
      },
      "time": {
        "hour": 13,
        "minute": 26,
        "second": 27,
        "nano": 0
      }
    },
    "citySender": "Мирноград",
    "cityRecipient": "Подільськ"
  },
  {
    "number": 59000456243714,
    "dateTime": {
      "date": {
        "year": 2019,
        "month": 10,
        "day": 20
      },
      "time": {
        "hour": 13,
        "minute": 27,
        "second": 31,
        "nano": 0
      }
    },
    "citySender": "Одеса",
    "cityRecipient": "Конотоп"
  },
  {
    "number": 59000456243715,
    "dateTime": {
      "date": {
        "year": 2019,
        "month": 10,
        "day": 20
      },
      "time": {
        "hour": 13,
        "minute": 27,
        "second": 34,
        "nano": 0
      }
    },
    "citySender": "Слов\u0027янськ",
    "cityRecipient": "Житомир"
  },
  {
    "number": 59000456243716,
    "dateTime": {
      "date": {
        "year": 2019,
        "month": 10,
        "day": 20
      },
      "time": {
        "hour": 13,
        "minute": 27,
        "second": 23,
        "nano": 0
      }
    },
    "citySender": "Кривий Ріг",
    "cityRecipient": "Дніпро"
  },
  {
    "number": 59000456243717,
    "dateTime": {
      "date": {
        "year": 2019,
        "month": 10,
        "day": 20
      },
      "time": {
        "hour": 13,
        "minute": 27,
        "second": 29,
        "nano": 0
      }
    },
    "citySender": "Черкаси",
    "cityRecipient": "Львів"
  },
  {
    "number": 59000456243718,
    "dateTime": {
      "date": {
        "year": 2019,
        "month": 10,
        "day": 20
      },
      "time": {
        "hour": 13,
        "minute": 27,
        "second": 36,
        "nano": 0
      }
    },
    "citySender": "Енергодар",
    "cityRecipient": "Костянтинівка(Арбузинський р-н, Микол.обл.)"
  },
  {
    "number": 59000456243719,
    "dateTime": {
      "date": {
        "year": 2019,
        "month": 10,
        "day": 20
      },
      "time": {
        "hour": 13,
        "minute": 27,
        "second": 42,
        "nano": 0
      }
    },
    "citySender": "Жовті Води",
    "cityRecipient": "Лозова"
  },
  {
    "number": 59000456243720,
    "dateTime": {
      "date": {
        "year": 2019,
        "month": 10,
        "day": 20
      },
      "time": {
        "hour": 13,
        "minute": 27,
        "second": 19,
        "nano": 0
      }
    },
    "citySender": "Харків",
    "cityRecipient": "Ватутіне"
  },
  {
    "number": 59000456243721,
    "dateTime": {
      "date": {
        "year": 2019,
        "month": 10,
        "day": 20
      },
      "time": {
        "hour": 13,
        "minute": 27,
        "second": 34,
        "nano": 0
      }
    },
    "citySender": "Харків",
    "cityRecipient": "Торецьк"
  },
  {
    "number": 59000456243722,
    "dateTime": {
      "date": {
        "year": 2019,
        "month": 10,
        "day": 20
      },
      "time": {
        "hour": 13,
        "minute": 27,
        "second": 37,
        "nano": 0
      }
    },
    "citySender": "Київ",
    "cityRecipient": "Гірник"
  },
  {
    "number": 59000456243723,
    "dateTime": {
      "date": {
        "year": 2019,
        "month": 10,
        "day": 20
      },
      "time": {
        "hour": 13,
        "minute": 26,
        "second": 34,
        "nano": 0
      }
    },
    "citySender": "Костянтинівка (Донецька обл.)",
    "cityRecipient": "Березань"
  },
  {
    "number": 59000456243724,
    "dateTime": {
      "date": {
        "year": 2019,
        "month": 10,
        "day": 20
      },
      "time": {
        "hour": 13,
        "minute": 27,
        "second": 5,
        "nano": 0
      }
    },
    "citySender": "Полтава",
    "cityRecipient": "Кропивницький"
  },
  {
    "number": 59000456243725,
    "dateTime": {
      "date": {
        "year": 2019,
        "month": 10,
        "day": 20
      },
      "time": {
        "hour": 13,
        "minute": 27,
        "second": 36,
        "nano": 0
      }
    },
    "citySender": "Чорноморськ",
    "cityRecipient": "Бердянськ"
  },
  {
    "number": 59000456243726,
    "dateTime": {
      "date": {
        "year": 2019,
        "month": 10,
        "day": 20
      },
      "time": {
        "hour": 13,
        "minute": 27,
        "second": 9,
        "nano": 0
      }
    },
    "citySender": "Вінниця",
    "cityRecipient": "Одеса"
  },
  {
    "number": 59000456243727,
    "dateTime": {
      "date": {
        "year": 2019,
        "month": 10,
        "day": 20
      },
      "time": {
        "hour": 13,
        "minute": 27,
        "second": 46,
        "nano": 0
      }
    },
    "citySender": "Вишгород",
    "cityRecipient": "Київ"
  },
  {
    "number": 59000456243728,
    "dateTime": {
      "date": {
        "year": 2019,
        "month": 10,
        "day": 20
      },
      "time": {
        "hour": 13,
        "minute": 27,
        "second": 29,
        "nano": 0
      }
    },
    "citySender": "Запоріжжя",
    "cityRecipient": "Одеса"
  },
  {
    "number": 59000456243729,
    "dateTime": {
      "date": {
        "year": 2019,
        "month": 10,
        "day": 20
      },
      "time": {
        "hour": 13,
        "minute": 27,
        "second": 39,
        "nano": 0
      }
    },
    "citySender": "Єланець",
    "cityRecipient": "Новодністровськ"
  },
  {
    "number": 59000456243730,
    "dateTime": {
      "date": {
        "year": 2019,
        "month": 10,
        "day": 20
      },
      "time": {
        "hour": 13,
        "minute": 27,
        "second": 25,
        "nano": 0
      }
    },
    "citySender": "Київ",
    "cityRecipient": "Ізмаїл"
  },
  {
    "number": 59000456243731,
    "dateTime": {
      "date": {
        "year": 2019,
        "month": 10,
        "day": 20
      },
      "time": {
        "hour": 13,
        "minute": 26,
        "second": 12,
        "nano": 0
      }
    },
    "citySender": "Хмельницький",
    "cityRecipient": "Буча"
  },
  {
    "number": 59000456243732,
    "dateTime": {
      "date": {
        "year": 2019,
        "month": 10,
        "day": 20
      },
      "time": {
        "hour": 13,
        "minute": 27,
        "second": 29,
        "nano": 0
      }
    },
    "citySender": "Луцьк",
    "cityRecipient": "Сєвєродонецьк"
  },
  {
    "number": 59000456243733,
    "dateTime": {
      "date": {
        "year": 2019,
        "month": 10,
        "day": 20
      },
      "time": {
        "hour": 13,
        "minute": 27,
        "second": 48,
        "nano": 0
      }
    },
    "citySender": "Київ",
    "cityRecipient": "Кропивницький"
  },
  {
    "number": 59000456243734,
    "dateTime": {
      "date": {
        "year": 2019,
        "month": 10,
        "day": 20
      },
      "time": {
        "hour": 13,
        "minute": 27,
        "second": 39,
        "nano": 0
      }
    },
    "citySender": "Олешки(Херсонська обл)",
    "cityRecipient": "Київ"
  },
  {
    "number": 59000456243735,
    "dateTime": {
      "date": {
        "year": 2019,
        "month": 10,
        "day": 20
      },
      "time": {
        "hour": 13,
        "minute": 27,
        "second": 34,
        "nano": 0
      }
    },
    "citySender": "Буча",
    "cityRecipient": "Красилів"
  },
  {
    "number": 59000456243736,
    "dateTime": {
      "date": {
        "year": 2019,
        "month": 10,
        "day": 20
      },
      "time": {
        "hour": 13,
        "minute": 27,
        "second": 15,
        "nano": 0
      }
    },
    "citySender": "Київ",
    "cityRecipient": "Біла Церква"
  },
  {
    "number": 59000456243737,
    "dateTime": {
      "date": {
        "year": 2019,
        "month": 10,
        "day": 20
      },
      "time": {
        "hour": 13,
        "minute": 27,
        "second": 48,
        "nano": 0
      }
    },
    "citySender": "Ужгород",
    "cityRecipient": "Вінниця"
  },
  {
    "number": 59000456243738,
    "dateTime": {
      "date": {
        "year": 2019,
        "month": 10,
        "day": 20
      },
      "time": {
        "hour": 13,
        "minute": 27,
        "second": 41,
        "nano": 0
      }
    },
    "citySender": "Київ",
    "cityRecipient": "Черкаси"
  },
  {
    "number": 59000456243739,
    "dateTime": {
      "date": {
        "year": 2019,
        "month": 10,
        "day": 20
      },
      "time": {
        "hour": 13,
        "minute": 27,
        "second": 49,
        "nano": 0
      }
    },
    "citySender": "Козятин (місто, Вінницька обл.)",
    "cityRecipient": "Світловодськ"
  },
  {
    "number": 59000456243740,
    "dateTime": {
      "date": {
        "year": 2019,
        "month": 10,
        "day": 20
      },
      "time": {
        "hour": 13,
        "minute": 26,
        "second": 56,
        "nano": 0
      }
    },
    "citySender": "Одеса",
    "cityRecipient": "Чорноморськ"
  },
  {
    "number": 59000456243741,
    "dateTime": {
      "date": {
        "year": 2019,
        "month": 10,
        "day": 20
      },
      "time": {
        "hour": 13,
        "minute": 26,
        "second": 46,
        "nano": 0
      }
    },
    "citySender": "Новомосковськ",
    "cityRecipient": "Іларіонове"
  },
  {
    "number": 59000456243742,
    "dateTime": {
      "date": {
        "year": 2019,
        "month": 10,
        "day": 20
      },
      "time": {
        "hour": 13,
        "minute": 27,
        "second": 34,
        "nano": 0
      }
    },
    "citySender": "Дніпро",
    "cityRecipient": "Київ"
  },
  {
    "number": 59000456243743,
    "dateTime": {
      "date": {
        "year": 2019,
        "month": 10,
        "day": 20
      },
      "time": {
        "hour": 13,
        "minute": 27,
        "second": 52,
        "nano": 0
      }
    },
    "citySender": "Суми",
    "cityRecipient": "Слов\u0027янськ"
  },
  {
    "number": 59000456243744,
    "dateTime": {
      "date": {
        "year": 2019,
        "month": 10,
        "day": 20
      },
      "time": {
        "hour": 13,
        "minute": 27,
        "second": 38,
        "nano": 0
      }
    },
    "citySender": "Харків",
    "cityRecipient": "Губиниха"
  },
  {
    "number": 59000456243745,
    "dateTime": {
      "date": {
        "year": 2019,
        "month": 10,
        "day": 20
      },
      "time": {
        "hour": 13,
        "minute": 27,
        "second": 27,
        "nano": 0
      }
    },
    "citySender": "Кропивницький",
    "cityRecipient": "Дніпро"
  },
  {
    "number": 59000456243746,
    "dateTime": {
      "date": {
        "year": 2019,
        "month": 10,
        "day": 20
      },
      "time": {
        "hour": 13,
        "minute": 27,
        "second": 43,
        "nano": 0
      }
    },
    "citySender": "Ужгород",
    "cityRecipient": "Київ"
  },
  {
    "number": 59000456243747,
    "dateTime": {
      "date": {
        "year": 2019,
        "month": 10,
        "day": 20
      },
      "time": {
        "hour": 13,
        "minute": 27,
        "second": 42,
        "nano": 0
      }
    },
    "citySender": "Поляна (Закарпатська обл.)",
    "cityRecipient": "Солотвино"
  },
  {
    "number": 59000456243748,
    "dateTime": {
      "date": {
        "year": 2019,
        "month": 10,
        "day": 20
      },
      "time": {
        "hour": 13,
        "minute": 27,
        "second": 37,
        "nano": 0
      }
    },
    "citySender": "Київ",
    "cityRecipient": "Мукачево"
  },
  {
    "number": 59000456243749,
    "dateTime": {
      "date": {
        "year": 2019,
        "month": 10,
        "day": 20
      },
      "time": {
        "hour": 13,
        "minute": 27,
        "second": 6,
        "nano": 0
      }
    },
    "citySender": "Щасливе",
    "cityRecipient": "Київ"
  },
  {
    "number": 59000456243750,
    "dateTime": {
      "date": {
        "year": 2019,
        "month": 10,
        "day": 20
      },
      "time": {
        "hour": 13,
        "minute": 27,
        "second": 23,
        "nano": 0
      }
    },
    "citySender": "Миколаїв",
    "cityRecipient": "Київ"
  },
  {
    "number": 59000456243751,
    "dateTime": {
      "date": {
        "year": 2019,
        "month": 10,
        "day": 20
      },
      "time": {
        "hour": 13,
        "minute": 26,
        "second": 34,
        "nano": 0
      }
    },
    "citySender": "Кропивницький",
    "cityRecipient": "Київ"
  },
  {
    "number": 59000456243752,
    "dateTime": {
      "date": {
        "year": 2019,
        "month": 10,
        "day": 20
      },
      "time": {
        "hour": 13,
        "minute": 27,
        "second": 28,
        "nano": 0
      }
    },
    "citySender": "Київ",
    "cityRecipient": "Київ"
  },
  {
    "number": 59000456243753,
    "dateTime": {
      "date": {
        "year": 2019,
        "month": 10,
        "day": 20
      },
      "time": {
        "hour": 13,
        "minute": 27,
        "second": 32,
        "nano": 0
      }
    },
    "citySender": "Южноукраїнськ",
    "cityRecipient": "Одеса"
  },
  {
    "number": 59000456243754,
    "dateTime": {
      "date": {
        "year": 2019,
        "month": 10,
        "day": 20
      },
      "time": {
        "hour": 13,
        "minute": 27,
        "second": 49,
        "nano": 0
      }
    },
    "citySender": "Харків",
    "cityRecipient": "Київ"
  },
  {
    "number": 59000456243755,
    "dateTime": {
      "date": {
        "year": 2019,
        "month": 10,
        "day": 20
      },
      "time": {
        "hour": 13,
        "minute": 27,
        "second": 41,
        "nano": 0
      }
    },
    "citySender": "Дніпро",
    "cityRecipient": "Одеса"
  },
  {
    "number": 59000456243756,
    "dateTime": {
      "date": {
        "year": 2019,
        "month": 10,
        "day": 20
      },
      "time": {
        "hour": 13,
        "minute": 27,
        "second": 20,
        "nano": 0
      }
    },
    "citySender": "Мерефа",
    "cityRecipient": "Бахмут"
  },
  {
    "number": 59000456243757,
    "dateTime": {
      "date": {
        "year": 2019,
        "month": 10,
        "day": 20
      },
      "time": {
        "hour": 13,
        "minute": 26,
        "second": 59,
        "nano": 0
      }
    },
    "citySender": "Харків",
    "cityRecipient": "Одеса"
  },
  {
    "number": 59000456243758,
    "dateTime": {
      "date": {
        "year": 2019,
        "month": 10,
        "day": 20
      },
      "time": {
        "hour": 13,
        "minute": 27,
        "second": 39,
        "nano": 0
      }
    },
    "citySender": "Дрогобич",
    "cityRecipient": "Сєвєродонецьк"
  },
  {
    "number": 59000456243759,
    "dateTime": {
      "date": {
        "year": 2019,
        "month": 10,
        "day": 20
      },
      "time": {
        "hour": 13,
        "minute": 27,
        "second": 56,
        "nano": 0
      }
    },
    "citySender": "Світловодськ",
    "cityRecipient": "Липовець"
  },
  {
    "number": 59000456243760,
    "dateTime": {
      "date": {
        "year": 2019,
        "month": 10,
        "day": 20
      },
      "time": {
        "hour": 13,
        "minute": 27,
        "second": 45,
        "nano": 0
      }
    },
    "citySender": "Краматорськ",
    "cityRecipient": "Київ"
  },
  {
    "number": 59000456243761,
    "dateTime": {
      "date": {
        "year": 2019,
        "month": 10,
        "day": 20
      },
      "time": {
        "hour": 13,
        "minute": 27,
        "second": 35,
        "nano": 0
      }
    },
    "citySender": "Київ",
    "cityRecipient": "Шевченкове (Київська обл.)"
  },
  {
    "number": 59000456243762,
    "dateTime": {
      "date": {
        "year": 2019,
        "month": 10,
        "day": 20
      },
      "time": {
        "hour": 13,
        "minute": 27,
        "second": 0,
        "nano": 0
      }
    },
    "citySender": "Новомосковськ",
    "cityRecipient": "Макарів"
  },
  {
    "number": 59000456243763,
    "dateTime": {
      "date": {
        "year": 2019,
        "month": 10,
        "day": 20
      },
      "time": {
        "hour": 13,
        "minute": 27,
        "second": 43,
        "nano": 0
      }
    },
    "citySender": "Хмельницький",
    "cityRecipient": "Ташань"
  },
  {
    "number": 59000456243764,
    "dateTime": {
      "date": {
        "year": 2019,
        "month": 10,
        "day": 20
      },
      "time": {
        "hour": 13,
        "minute": 27,
        "second": 37,
        "nano": 0
      }
    },
    "citySender": "Маріуполь",
    "cityRecipient": "Суми"
  },
  {
    "number": 59000456243765,
    "dateTime": {
      "date": {
        "year": 2019,
        "month": 10,
        "day": 20
      },
      "time": {
        "hour": 13,
        "minute": 27,
        "second": 46,
        "nano": 0
      }
    },
    "citySender": "Мелітополь",
    "cityRecipient": "Бердянськ"
  },
  {
    "number": 59000456243766,
    "dateTime": {
      "date": {
        "year": 2019,
        "month": 10,
        "day": 20
      },
      "time": {
        "hour": 13,
        "minute": 26,
        "second": 50,
        "nano": 0
      }
    },
    "citySender": "Одеса",
    "cityRecipient": "Київ"
  },
  {
    "number": 59000456243767,
    "dateTime": {
      "date": {
        "year": 2019,
        "month": 10,
        "day": 20
      },
      "time": {
        "hour": 13,
        "minute": 27,
        "second": 50,
        "nano": 0
      }
    },
    "citySender": "Тернопіль",
    "cityRecipient": "Івано-Франківськ"
  },
  {
    "number": 59000456243768,
    "dateTime": {
      "date": {
        "year": 2019,
        "month": 10,
        "day": 20
      },
      "time": {
        "hour": 13,
        "minute": 27,
        "second": 11,
        "nano": 0
      }
    },
    "citySender": "Солоницівка",
    "cityRecipient": "Київ"
  },
  {
    "number": 59000456243769,
    "dateTime": {
      "date": {
        "year": 2019,
        "month": 10,
        "day": 20
      },
      "time": {
        "hour": 13,
        "minute": 27,
        "second": 30,
        "nano": 0
      }
    },
    "citySender": "Овідіополь",
    "cityRecipient": "Вишневе"
  },
  {
    "number": 59000456243770,
    "dateTime": {
      "date": {
        "year": 2019,
        "month": 10,
        "day": 20
      },
      "time": {
        "hour": 13,
        "minute": 27,
        "second": 26,
        "nano": 0
      }
    },
    "citySender": "Київ",
    "cityRecipient": "Сєвєродонецьк"
  },
  {
    "number": 59000456243773,
    "dateTime": {
      "date": {
        "year": 2019,
        "month": 10,
        "day": 20
      },
      "time": {
        "hour": 13,
        "minute": 27,
        "second": 50,
        "nano": 0
      }
    },
    "citySender": "Харків",
    "cityRecipient": "Хотин"
  },
  {
    "number": 59000456243774,
    "dateTime": {
      "date": {
        "year": 2019,
        "month": 10,
        "day": 20
      },
      "time": {
        "hour": 13,
        "minute": 27,
        "second": 42,
        "nano": 0
      }
    },
    "citySender": "Суми",
    "cityRecipient": "Кременчук"
  },
  {
    "number": 59000456243775,
    "dateTime": {
      "date": {
        "year": 2019,
        "month": 10,
        "day": 20
      },
      "time": {
        "hour": 13,
        "minute": 26,
        "second": 56,
        "nano": 0
      }
    },
    "citySender": "Одеса",
    "cityRecipient": "Київ"
  },
  {
    "number": 59000456243776,
    "dateTime": {
      "date": {
        "year": 2019,
        "month": 10,
        "day": 20
      },
      "time": {
        "hour": 13,
        "minute": 27,
        "second": 53,
        "nano": 0
      }
    },
    "citySender": "Львів",
    "cityRecipient": "Київ"
  },
  {
    "number": 59000456243777,
    "dateTime": {
      "date": {
        "year": 2019,
        "month": 10,
        "day": 20
      },
      "time": {
        "hour": 13,
        "minute": 27,
        "second": 17,
        "nano": 0
      }
    },
    "citySender": "Маневичі",
    "cityRecipient": "Житомир"
  },
  {
    "number": 59000456243778,
    "dateTime": {
      "date": {
        "year": 2019,
        "month": 10,
        "day": 20
      },
      "time": {
        "hour": 13,
        "minute": 26,
        "second": 56,
        "nano": 0
      }
    },
    "citySender": "Хмельницький",
    "cityRecipient": "Бар"
  },
  {
    "number": 59000456243779,
    "dateTime": {
      "date": {
        "year": 2019,
        "month": 10,
        "day": 20
      },
      "time": {
        "hour": 13,
        "minute": 27,
        "second": 50,
        "nano": 0
      }
    },
    "citySender": "Корець",
    "cityRecipient": "Дніпро"
  },
  {
    "number": 59000456243781,
    "dateTime": {
      "date": {
        "year": 2019,
        "month": 10,
        "day": 20
      },
      "time": {
        "hour": 13,
        "minute": 27,
        "second": 52,
        "nano": 0
      }
    },
    "citySender": "Харків",
    "cityRecipient": "Умань"
  },
  {
    "number": 59000456243782,
    "dateTime": {
      "date": {
        "year": 2019,
        "month": 10,
        "day": 20
      },
      "time": {
        "hour": 13,
        "minute": 27,
        "second": 41,
        "nano": 0
      }
    },
    "citySender": "Лубни",
    "cityRecipient": "Київ"
  },
  {
    "number": 59000456243783,
    "dateTime": {
      "date": {
        "year": 2019,
        "month": 10,
        "day": 20
      },
      "time": {
        "hour": 13,
        "minute": 28,
        "second": 1,
        "nano": 0
      }
    },
    "citySender": "Київ",
    "cityRecipient": "Павлоград"
  },
  {
    "number": 59000456243784,
    "dateTime": {
      "date": {
        "year": 2019,
        "month": 10,
        "day": 20
      },
      "time": {
        "hour": 13,
        "minute": 26,
        "second": 58,
        "nano": 0
      }
    },
    "citySender": "Курахове",
    "cityRecipient": "Оріхів"
  },
  {
    "number": 59000456243785,
    "dateTime": {
      "date": {
        "year": 2019,
        "month": 10,
        "day": 20
      },
      "time": {
        "hour": 13,
        "minute": 27,
        "second": 48,
        "nano": 0
      }
    },
    "citySender": "Умань",
    "cityRecipient": "Мангуш"
  },
  {
    "number": 59000456243786,
    "dateTime": {
      "date": {
        "year": 2019,
        "month": 10,
        "day": 20
      },
      "time": {
        "hour": 13,
        "minute": 26,
        "second": 55,
        "nano": 0
      }
    },
    "citySender": "Біла Церква",
    "cityRecipient": "Чинадійово"
  },
  {
    "number": 59000456243787,
    "dateTime": {
      "date": {
        "year": 2019,
        "month": 10,
        "day": 20
      },
      "time": {
        "hour": 13,
        "minute": 27,
        "second": 51,
        "nano": 0
      }
    },
    "citySender": "Одеса",
    "cityRecipient": "Южноукраїнськ"
  },
  {
    "number": 59000456243788,
    "dateTime": {
      "date": {
        "year": 2019,
        "month": 10,
        "day": 20
      },
      "time": {
        "hour": 13,
        "minute": 25,
        "second": 47,
        "nano": 0
      }
    },
    "citySender": "Шепетівка",
    "cityRecipient": "Васильків"
  },
  {
    "number": 59000456243789,
    "dateTime": {
      "date": {
        "year": 2019,
        "month": 10,
        "day": 20
      },
      "time": {
        "hour": 13,
        "minute": 27,
        "second": 46,
        "nano": 0
      }
    },
    "citySender": "Львів",
    "cityRecipient": "Київ"
  },
  {
    "number": 59000456243790,
    "dateTime": {
      "date": {
        "year": 2019,
        "month": 10,
        "day": 20
      },
      "time": {
        "hour": 13,
        "minute": 26,
        "second": 22,
        "nano": 0
      }
    },
    "citySender": "Олександрія (м.Кіровогр.обл.райц)",
    "cityRecipient": "Берегове"
  },
  {
    "number": 59000456243791,
    "dateTime": {
      "date": {
        "year": 2019,
        "month": 10,
        "day": 20
      },
      "time": {
        "hour": 13,
        "minute": 28,
        "second": 1,
        "nano": 0
      }
    },
    "citySender": "Львів",
    "cityRecipient": "Бровари"
  },
  {
    "number": 59000456243792,
    "dateTime": {
      "date": {
        "year": 2019,
        "month": 10,
        "day": 20
      },
      "time": {
        "hour": 13,
        "minute": 27,
        "second": 23,
        "nano": 0
      }
    },
    "citySender": "Ладижин",
    "cityRecipient": "Київ"
  },
  {
    "number": 59000456243793,
    "dateTime": {
      "date": {
        "year": 2019,
        "month": 10,
        "day": 20
      },
      "time": {
        "hour": 13,
        "minute": 27,
        "second": 35,
        "nano": 0
      }
    },
    "citySender": "Київ",
    "cityRecipient": "Харків"
  },
  {
    "number": 59000456243794,
    "dateTime": {
      "date": {
        "year": 2019,
        "month": 10,
        "day": 20
      },
      "time": {
        "hour": 13,
        "minute": 27,
        "second": 27,
        "nano": 0
      }
    },
    "citySender": "Київ",
    "cityRecipient": "Черкаси"
  },
  {
    "number": 59000456243795,
    "dateTime": {
      "date": {
        "year": 2019,
        "month": 10,
        "day": 20
      },
      "time": {
        "hour": 13,
        "minute": 27,
        "second": 55,
        "nano": 0
      }
    },
    "citySender": "Хмільник (Вінницька обл.)",
    "cityRecipient": "Кривий Ріг"
  },
  {
    "number": 59000456243796,
    "dateTime": {
      "date": {
        "year": 2019,
        "month": 10,
        "day": 20
      },
      "time": {
        "hour": 13,
        "minute": 27,
        "second": 45,
        "nano": 0
      }
    },
    "citySender": "Київ",
    "cityRecipient": "Липини"
  },
  {
    "number": 59000456243797,
    "dateTime": {
      "date": {
        "year": 2019,
        "month": 10,
        "day": 20
      },
      "time": {
        "hour": 13,
        "minute": 27,
        "second": 44,
        "nano": 0
      }
    },
    "citySender": "Тернопіль",
    "cityRecipient": "Харків"
  },
  {
    "number": 59000456243798,
    "dateTime": {
      "date": {
        "year": 2019,
        "month": 10,
        "day": 20
      },
      "time": {
        "hour": 13,
        "minute": 26,
        "second": 32,
        "nano": 0
      }
    },
    "citySender": "Марківка",
    "cityRecipient": "Київ"
  },
  {
    "number": 59000456243799,
    "dateTime": {
      "date": {
        "year": 2019,
        "month": 10,
        "day": 20
      },
      "time": {
        "hour": 13,
        "minute": 27,
        "second": 43,
        "nano": 0
      }
    },
    "citySender": "Суми",
    "cityRecipient": "Дніпро"
  },
  {
    "number": 59000456243800,
    "dateTime": {
      "date": {
        "year": 2019,
        "month": 10,
        "day": 20
      },
      "time": {
        "hour": 13,
        "minute": 28,
        "second": 7,
        "nano": 0
      }
    },
    "citySender": "Чернівці",
    "cityRecipient": "Лиманське (Роздільнянський р-н)"
  },
  {
    "number": 59000456243801,
    "dateTime": {
      "date": {
        "year": 2019,
        "month": 10,
        "day": 20
      },
      "time": {
        "hour": 13,
        "minute": 27,
        "second": 59,
        "nano": 0
      }
    },
    "citySender": "Київ",
    "cityRecipient": "Миколаїв"
  },
  {
    "number": 59000456243802,
    "dateTime": {
      "date": {
        "year": 2019,
        "month": 10,
        "day": 20
      },
      "time": {
        "hour": 13,
        "minute": 27,
        "second": 51,
        "nano": 0
      }
    },
    "citySender": "Кривий Ріг",
    "cityRecipient": "Дальник"
  },
  {
    "number": 59000456243803,
    "dateTime": {
      "date": {
        "year": 2019,
        "month": 10,
        "day": 20
      },
      "time": {
        "hour": 13,
        "minute": 28,
        "second": 8,
        "nano": 0
      }
    },
    "citySender": "Самбір",
    "cityRecipient": "Одеса"
  }
]