[
  {
    "number": 59000456248702,
    "dateTime": {
      "date": {
        "year": 2019,
        "month": 10,
        "day": 20
      },
      "time": {
        "hour": 13,
        "minute": 58,
        "second": 21,
        "nano": 0
      }
    },
    "citySender": "Черкаси",
    "cityRecipient": "Черкаси"
  },
  {
    "number": 59000456248703,
    "dateTime": {
      "date": {
        "year": 2019,
        "month": 10,
        "day": 20
      },
      "time": {
        "hour": 13,
        "minute": 58,
        "second": 10,
        "nano": 0
      }
    },
    "citySender": "Павлоград",
    "cityRecipient": "Одеса"
  },
  {
    "number": 59000456248704,
    "dateTime": {
      "date": {
        "year": 2019,
        "month": 10,
        "day": 20
      },
      "time": {
        "hour": 13,
        "minute": 58,
        "second": 24,
        "nano": 0
      }
    },
    "citySender": "Київ",
    "cityRecipient": "Київ"
  },
  {
    "number": 59000456248705,
    "dateTime": {
      "date": {
        "year": 2019,
        "month": 10,
        "day": 20
      },
      "time": {
        "hour": 13,
        "minute": 58,
        "second": 2,
        "nano": 0
      }
    },
    "citySender": "Дніпро",
    "cityRecipient": "Київ"
  },
  {
    "number": 59000456248706,
    "dateTime": {
      "date": {
        "year": 2019,
        "month": 10,
        "day": 20
      },
      "time": {
        "hour": 13,
        "minute": 55,
        "second": 53,
        "nano": 0
      }
    },
    "citySender": "Дрогобич",
    "cityRecipient": "Здолбунів"
  },
  {
    "number": 59000456248707,
    "dateTime": {
      "date": {
        "year": 2019,
        "month": 10,
        "day": 20
      },
      "time": {
        "hour": 13,
        "minute": 57,
        "second": 52,
        "nano": 0
      }
    },
    "citySender": "Київ",
    "cityRecipient": "Харків"
  },
  {
    "number": 59000456248708,
    "dateTime": {
      "date": {
        "year": 2019,
        "month": 10,
        "day": 20
      },
      "time": {
        "hour": 13,
        "minute": 58,
        "second": 28,
        "nano": 0
      }
    },
    "citySender": "Запоріжжя",
    "cityRecipient": "Київ"
  },
  {
    "number": 59000456248709,
    "dateTime": {
      "date": {
        "year": 2019,
        "month": 10,
        "day": 20
      },
      "time": {
        "hour": 13,
        "minute": 58,
        "second": 12,
        "nano": 0
      }
    },
    "citySender": "Полтава",
    "cityRecipient": "Вишгород"
  },
  {
    "number": 59000456248710,
    "dateTime": {
      "date": {
        "year": 2019,
        "month": 10,
        "day": 20
      },
      "time": {
        "hour": 13,
        "minute": 58,
        "second": 25,
        "nano": 0
      }
    },
    "citySender": "Миколаїв",
    "cityRecipient": "Київ"
  },
  {
    "number": 59000456248711,
    "dateTime": {
      "date": {
        "year": 2019,
        "month": 10,
        "day": 20
      },
      "time": {
        "hour": 13,
        "minute": 58,
        "second": 15,
        "nano": 0
      }
    },
    "citySender": "Бахмут",
    "cityRecipient": "Харків"
  },
  {
    "number": 59000456248712,
    "dateTime": {
      "date": {
        "year": 2019,
        "month": 10,
        "day": 20
      },
      "time": {
        "hour": 13,
        "minute": 58,
        "second": 28,
        "nano": 0
      }
    },
    "citySender": "Київ",
    "cityRecipient": "Запоріжжя"
  },
  {
    "number": 59000456248713,
    "dateTime": {
      "date": {
        "year": 2019,
        "month": 10,
        "day": 20
      },
      "time": {
        "hour": 13,
        "minute": 57,
        "second": 43,
        "nano": 0
      }
    },
    "citySender": "Запоріжжя",
    "cityRecipient": "Обухів"
  },
  {
    "number": 59000456248714,
    "dateTime": {
      "date": {
        "year": 2019,
        "month": 10,
        "day": 20
      },
      "time": {
        "hour": 13,
        "minute": 58,
        "second": 25,
        "nano": 0
      }
    },
    "citySender": "Одеса",
    "cityRecipient": "Київ"
  },
  {
    "number": 59000456248715,
    "dateTime": {
      "date": {
        "year": 2019,
        "month": 10,
        "day": 20
      },
      "time": {
        "hour": 13,
        "minute": 58,
        "second": 20,
        "nano": 0
      }
    },
    "citySender": "Одеса",
    "cityRecipient": "Київ"
  },
  {
    "number": 59000456248716,
    "dateTime": {
      "date": {
        "year": 2019,
        "month": 10,
        "day": 20
      },
      "time": {
        "hour": 13,
        "minute": 58,
        "second": 24,
        "nano": 0
      }
    },
    "citySender": "Київ",
    "cityRecipient": "Одеса"
  },
  {
    "number": 59000456248717,
    "dateTime": {
      "date": {
        "year": 2019,
        "month": 10,
        "day": 20
      },
      "time": {
        "hour": 13,
        "minute": 58,
        "second": 20,
        "nano": 0
      }
    },
    "citySender": "Вінниця",
    "cityRecipient": "Житомир"
  },
  {
    "number": 59000456248718,
    "dateTime": {
      "date": {
        "year": 2019,
        "month": 10,
        "day": 20
      },
      "time": {
        "hour": 13,
        "minute": 58,
        "second": 9,
        "nano": 0
      }
    },
    "citySender": "Київ",
    "cityRecipient": "Київ"
  },
  {
    "number": 59000456248719,
    "dateTime": {
      "date": {
        "year": 2019,
        "month": 10,
        "day": 20
      },
      "time": {
        "hour": 13,
        "minute": 58,
        "second": 4,
        "nano": 0
      }
    },
    "citySender": "Старокостянтинів",
    "cityRecipient": "Новопсков"
  },
  {
    "number": 59000456248720,
    "dateTime": {
      "date": {
        "year": 2019,
        "month": 10,
        "day": 20
      },
      "time": {
        "hour": 13,
        "minute": 58,
        "second": 16,
        "nano": 0
      }
    },
    "citySender": "Херсон",
    "cityRecipient": "Балаклія (Харківська обл.)"
  },
  {
    "number": 59000456248721,
    "dateTime": {
      "date": {
        "year": 2019,
        "month": 10,
        "day": 20
      },
      "time": {
        "hour": 13,
        "minute": 57,
        "second": 50,
        "nano": 0
      }
    },
    "citySender": "Київ",
    "cityRecipient": "Миколаїв"
  },
  {
    "number": 59000456248722,
    "dateTime": {
      "date": {
        "year": 2019,
        "month": 10,
        "day": 20
      },
      "time": {
        "hour": 13,
        "minute": 57,
        "second": 43,
        "nano": 0
      }
    },
    "citySender": "Новомосковськ",
    "cityRecipient": "Солоне"
  },
  {
    "number": 59000456248723,
    "dateTime": {
      "date": {
        "year": 2019,
        "month": 10,
        "day": 20
      },
      "time": {
        "hour": 13,
        "minute": 58,
        "second": 12,
        "nano": 0
      }
    },
    "citySender": "Київ",
    "cityRecipient": "Чернівці(Вінницька обл.)"
  },
  {
    "number": 59000456248724,
    "dateTime": {
      "date": {
        "year": 2019,
        "month": 10,
        "day": 20
      },
      "time": {
        "hour": 13,
        "minute": 58,
        "second": 30,
        "nano": 0
      }
    },
    "citySender": "Запоріжжя",
    "cityRecipient": "Запоріжжя"
  },
  {
    "number": 59000456248725,
    "dateTime": {
      "date": {
        "year": 2019,
        "month": 10,
        "day": 20
      },
      "time": {
        "hour": 13,
        "minute": 58,
        "second": 17,
        "nano": 0
      }
    },
    "citySender": "Лозова",
    "cityRecipient": "Одеса"
  },
  {
    "number": 59000456248726,
    "dateTime": {
      "date": {
        "year": 2019,
        "month": 10,
        "day": 20
      },
      "time": {
        "hour": 13,
        "minute": 58,
        "second": 21,
        "nano": 0
      }
    },
    "citySender": "Олешки(Херсонська обл)",
    "cityRecipient": "Херсон"
  },
  {
    "number": 59000456248727,
    "dateTime": {
      "date": {
        "year": 2019,
        "month": 10,
        "day": 20
      },
      "time": {
        "hour": 13,
        "minute": 58,
        "second": 19,
        "nano": 0
      }
    },
    "citySender": "Вінниця",
    "cityRecipient": "Львів"
  },
  {
    "number": 59000456248728,
    "dateTime": {
      "date": {
        "year": 2019,
        "month": 10,
        "day": 20
      },
      "time": {
        "hour": 13,
        "minute": 58,
        "second": 26,
        "nano": 0
      }
    },
    "citySender": "Київ",
    "cityRecipient": "Суми"
  },
  {
    "number": 59000456248729,
    "dateTime": {
      "date": {
        "year": 2019,
        "month": 10,
        "day": 20
      },
      "time": {
        "hour": 13,
        "minute": 58,
        "second": 27,
        "nano": 0
      }
    },
    "citySender": "Каховка",
    "cityRecipient": "Полтава"
  },
  {
    "number": 59000456248730,
    "dateTime": {
      "date": {
        "year": 2019,
        "month": 10,
        "day": 20
      },
      "time": {
        "hour": 13,
        "minute": 57,
        "second": 51,
        "nano": 0
      }
    },
    "citySender": "Одеса",
    "cityRecipient": "Вінниця"
  },
  {
    "number": 59000456248731,
    "dateTime": {
      "date": {
        "year": 2019,
        "month": 10,
        "day": 20
      },
      "time": {
        "hour": 13,
        "minute": 58,
        "second": 0,
        "nano": 0
      }
    },
    "citySender": "Київ",
    "cityRecipient": "Новий Буг"
  },
  {
    "number": 59000456248732,
    "dateTime": {
      "date": {
        "year": 2019,
        "month": 10,
        "day": 20
      },
      "time": {
        "hour": 13,
        "minute": 58,
        "second": 7,
        "nano": 0
      }
    },
    "citySender": "Харків",
    "cityRecipient": "Одеса"
  },
  {
    "number": 59000456248733,
    "dateTime": {
      "date": {
        "year": 2019,
        "month": 10,
        "day": 20
      },
      "time": {
        "hour": 13,
        "minute": 58,
        "second": 7,
        "nano": 0
      }
    },
    "citySender": "Вінниця",
    "cityRecipient": "Богуслав (Київська обл.)"
  },
  {
    "number": 59000456248735,
    "dateTime": {
      "date": {
        "year": 2019,
        "month": 10,
        "day": 20
      },
      "time": {
        "hour": 13,
        "minute": 58,
        "second": 11,
        "nano": 0
      }
    },
    "citySender": "Чернігів",
    "cityRecipient": "Київ"
  },
  {
    "number": 59000456248736,
    "dateTime": {
      "date": {
        "year": 2019,
        "month": 10,
        "day": 20
      },
      "time": {
        "hour": 13,
        "minute": 57,
        "second": 42,
        "nano": 0
      }
    },
    "citySender": "Черкаси",
    "cityRecipient": "Суми"
  },
  {
    "number": 59000456248737,
    "dateTime": {
      "date": {
        "year": 2019,
        "month": 10,
        "day": 20
      },
      "time": {
        "hour": 13,
        "minute": 58,
        "second": 32,
        "nano": 0
      }
    },
    "citySender": "Городок (Хмельницька обл.)",
    "cityRecipient": "Суми"
  },
  {
    "number": 59000456248738,
    "dateTime": {
      "date": {
        "year": 2019,
        "month": 10,
        "day": 20
      },
      "time": {
        "hour": 13,
        "minute": 58,
        "second": 21,
        "nano": 0
      }
    },
    "citySender": "Дніпро",
    "cityRecipient": "Велика Багачка"
  },
  {
    "number": 59000456248739,
    "dateTime": {
      "date": {
        "year": 2019,
        "month": 10,
        "day": 20
      },
      "time": {
        "hour": 13,
        "minute": 58,
        "second": 20,
        "nano": 0
      }
    },
    "citySender": "Харків",
    "cityRecipient": "Ужгород"
  },
  {
    "number": 59000456248740,
    "dateTime": {
      "date": {
        "year": 2019,
        "month": 10,
        "day": 20
      },
      "time": {
        "hour": 13,
        "minute": 57,
        "second": 14,
        "nano": 0
      }
    },
    "citySender": "Івано-Франківськ",
    "cityRecipient": "Коломия"
  },
  {
    "number": 59000456248741,
    "dateTime": {
      "date": {
        "year": 2019,
        "month": 10,
        "day": 20
      },
      "time": {
        "hour": 13,
        "minute": 58,
        "second": 22,
        "nano": 0
      }
    },
    "citySender": "Київ",
    "cityRecipient": "Одеса"
  },
  {
    "number": 59000456248742,
    "dateTime": {
      "date": {
        "year": 2019,
        "month": 10,
        "day": 20
      },
      "time": {
        "hour": 13,
        "minute": 58,
        "second": 30,
        "nano": 0
      }
    },
    "citySender": "Київ",
    "cityRecipient": "Київ"
  },
  {
    "number": 59000456248743,
    "dateTime": {
      "date": {
        "year": 2019,
        "month": 10,
        "day": 20
      },
      "time": {
        "hour": 13,
        "minute": 58,
        "second": 26,
        "nano": 0
      }
    },
    "citySender": "Вишгород",
    "cityRecipient": "Львів"
  },
  {
    "number": 59000456248744,
    "dateTime": {
      "date": {
        "year": 2019,
        "month": 10,
        "day": 20
      },
      "time": {
        "hour": 13,
        "minute": 56,
        "second": 28,
        "nano": 0
      }
    },
    "citySender": "Одеса",
    "cityRecipient": "Миколаїв"
  },
  {
    "number": 59000456248745,
    "dateTime": {
      "date": {
        "year": 2019,
        "month": 10,
        "day": 20
      },
      "time": {
        "hour": 13,
        "minute": 58,
        "second": 14,
        "nano": 0
      }
    },
    "citySender": "Луцьк",
    "cityRecipient": "Київ"
  },
  {
    "number": 59000456248746,
    "dateTime": {
      "date": {
        "year": 2019,
        "month": 10,
        "day": 20
      },
      "time": {
        "hour": 13,
        "minute": 58,
        "second": 22,
        "nano": 0
      }
    },
    "citySender": "Хмельницький",
    "cityRecipient": "Броди"
  },
  {
    "number": 59000456248747,
    "dateTime": {
      "date": {
        "year": 2019,
        "month": 10,
        "day": 20
      },
      "time": {
        "hour": 13,
        "minute": 57,
        "second": 20,
        "nano": 0
      }
    },
    "citySender": "Одеса",
    "cityRecipient": "Березнегувате"
  },
  {
    "number": 59000456248748,
    "dateTime": {
      "date": {
        "year": 2019,
        "month": 10,
        "day": 20
      },
      "time": {
        "hour": 13,
        "minute": 58,
        "second": 5,
        "nano": 0
      }
    },
    "citySender": "Миргород",
    "cityRecipient": "Полтава"
  },
  {
    "number": 59000456248749,
    "dateTime": {
      "date": {
        "year": 2019,
        "month": 10,
        "day": 20
      },
      "time": {
        "hour": 13,
        "minute": 58,
        "second": 40,
        "nano": 0
      }
    },
    "citySender": "Київ",
    "cityRecipient": "Одеса"
  },
  {
    "number": 59000456248750,
    "dateTime": {
      "date": {
        "year": 2019,
        "month": 10,
        "day": 20
      },
      "time": {
        "hour": 13,
        "minute": 58,
        "second": 7,
        "nano": 0
      }
    },
    "citySender": "Бердичів",
    "cityRecipient": "Стрий"
  },
  {
    "number": 59000456248751,
    "dateTime": {
      "date": {
        "year": 2019,
        "month": 10,
        "day": 20
      },
      "time": {
        "hour": 13,
        "minute": 57,
        "second": 32,
        "nano": 0
      }
    },
    "citySender": "Вараш",
    "cityRecipient": "Суми"
  },
  {
    "number": 59000456248752,
    "dateTime": {
      "date": {
        "year": 2019,
        "month": 10,
        "day": 20
      },
      "time": {
        "hour": 13,
        "minute": 58,
        "second": 40,
        "nano": 0
      }
    },
    "citySender": "Київ",
    "cityRecipient": "Дніпро"
  },
  {
    "number": 59000456248753,
    "dateTime": {
      "date": {
        "year": 2019,
        "month": 10,
        "day": 20
      },
      "time": {
        "hour": 13,
        "minute": 58,
        "second": 42,
        "nano": 0
      }
    },
    "citySender": "Павлоград",
    "cityRecipient": "Київ"
  },
  {
    "number": 59000456248754,
    "dateTime": {
      "date": {
        "year": 2019,
        "month": 10,
        "day": 20
      },
      "time": {
        "hour": 13,
        "minute": 58,
        "second": 42,
        "nano": 0
      }
    },
    "citySender": "Олександрія (м.Кіровогр.обл.райц)",
    "cityRecipient": "Київ"
  },
  {
    "number": 59000456248755,
    "dateTime": {
      "date": {
        "year": 2019,
        "month": 10,
        "day": 20
      },
      "time": {
        "hour": 13,
        "minute": 57,
        "second": 34,
        "nano": 0
      }
    },
    "citySender": "Київ",
    "cityRecipient": "Маріуполь"
  },
  {
    "number": 59000456248756,
    "dateTime": {
      "date": {
        "year": 2019,
        "month": 10,
        "day": 20
      },
      "time": {
        "hour": 13,
        "minute": 57,
        "second": 53,
        "nano": 0
      }
    },
    "citySender": "Богородчани",
    "cityRecipient": "Новоукраїнка"
  },
  {
    "number": 59000456248757,
    "dateTime": {
      "date": {
        "year": 2019,
        "month": 10,
        "day": 20
      },
      "time": {
        "hour": 13,
        "minute": 57,
        "second": 48,
        "nano": 0
      }
    },
    "citySender": "Вишневе",
    "cityRecipient": "Мерефа"
  },
  {
    "number": 59000456248758,
    "dateTime": {
      "date": {
        "year": 2019,
        "month": 10,
        "day": 20
      },
      "time": {
        "hour": 13,
        "minute": 58,
        "second": 21,
        "nano": 0
      }
    },
    "citySender": "Львів",
    "cityRecipient": "Харків"
  },
  {
    "number": 59000456248759,
    "dateTime": {
      "date": {
        "year": 2019,
        "month": 10,
        "day": 20
      },
      "time": {
        "hour": 13,
        "minute": 58,
        "second": 26,
        "nano": 0
      }
    },
    "citySender": "Київ",
    "cityRecipient": "Дружківка"
  },
  {
    "number": 59000456248760,
    "dateTime": {
      "date": {
        "year": 2019,
        "month": 10,
        "day": 20
      },
      "time": {
        "hour": 13,
        "minute": 58,
        "second": 35,
        "nano": 0
      }
    },
    "citySender": "Суми",
    "cityRecipient": "Кам\u0027янське(Дніпропетровська обл)"
  },
  {
    "number": 59000456248761,
    "dateTime": {
      "date": {
        "year": 2019,
        "month": 10,
        "day": 20
      },
      "time": {
        "hour": 13,
        "minute": 58,
        "second": 25,
        "nano": 0
      }
    },
    "citySender": "Одеса",
    "cityRecipient": "Лозова"
  },
  {
    "number": 59000456248763,
    "dateTime": {
      "date": {
        "year": 2019,
        "month": 10,
        "day": 20
      },
      "time": {
        "hour": 13,
        "minute": 58,
        "second": 7,
        "nano": 0
      }
    },
    "citySender": "Сокаль",
    "cityRecipient": "Петриківка"
  },
  {
    "number": 59000456248764,
    "dateTime": {
      "date": {
        "year": 2019,
        "month": 10,
        "day": 20
      },
      "time": {
        "hour": 13,
        "minute": 58,
        "second": 21,
        "nano": 0
      }
    },
    "citySender": "Харків",
    "cityRecipient": "Сєвєродонецьк"
  },
  {
    "number": 59000456248765,
    "dateTime": {
      "date": {
        "year": 2019,
        "month": 10,
        "day": 20
      },
      "time": {
        "hour": 13,
        "minute": 58,
        "second": 5,
        "nano": 0
      }
    },
    "citySender": "Дніпро",
    "cityRecipient": "Тернопіль"
  },
  {
    "number": 59000456248766,
    "dateTime": {
      "date": {
        "year": 2019,
        "month": 10,
        "day": 20
      },
      "time": {
        "hour": 13,
        "minute": 58,
        "second": 37,
        "nano": 0
      }
    },
    "citySender": "Київ",
    "cityRecipient": "Київ"
  },
  {
    "number": 59000456248767,
    "dateTime": {
      "date": {
        "year": 2019,
        "month": 10,
        "day": 20
      },
      "time": {
        "hour": 13,
        "minute": 58,
        "second": 31,
        "nano": 0
      }
    },
    "citySender": "Чернівці",
    "cityRecipient": "Чернігів"
  },
  {
    "number": 59000456248768,
    "dateTime": {
      "date": {
        "year": 2019,
        "month": 10,
        "day": 20
      },
      "time": {
        "hour": 13,
        "minute": 58,
        "second": 41,
        "nano": 0
      }
    },
    "citySender": "Черкаси",
    "cityRecipient": "Черкаси"
  },
  {
    "number": 59000456248769,
    "dateTime": {
      "date": {
        "year": 2019,
        "month": 10,
        "day": 20
      },
      "time": {
        "hour": 13,
        "minute": 58,
        "second": 7,
        "nano": 0
      }
    },
    "citySender": "Ірпінь",
    "cityRecipient": "Київ"
  },
  {
    "number": 59000456248770,
    "dateTime": {
      "date": {
        "year": 2019,
        "month": 10,
        "day": 20
      },
      "time": {
        "hour": 13,
        "minute": 58,
        "second": 32,
        "nano": 0
      }
    },
    "citySender": "Харків",
    "cityRecipient": "Кривий Ріг"
  },
  {
    "number": 59000456248771,
    "dateTime": {
      "date": {
        "year": 2019,
        "month": 10,
        "day": 20
      },
      "time": {
        "hour": 13,
        "minute": 58,
        "second": 46,
        "nano": 0
      }
    },
    "citySender": "Томаківка",
    "cityRecipient": "Дніпро"
  },
  {
    "number": 59000456248772,
    "dateTime": {
      "date": {
        "year": 2019,
        "month": 10,
        "day": 20
      },
      "time": {
        "hour": 13,
        "minute": 58,
        "second": 39,
        "nano": 0
      }
    },
    "citySender": "Рівне",
    "cityRecipient": "Львів"
  },
  {
    "number": 59000456248773,
    "dateTime": {
      "date": {
        "year": 2019,
        "month": 10,
        "day": 20
      },
      "time": {
        "hour": 13,
        "minute": 58,
        "second": 4,
        "nano": 0
      }
    },
    "citySender": "Запоріжжя",
    "cityRecipient": "Козача Лопань"
  },
  {
    "number": 59000456248774,
    "dateTime": {
      "date": {
        "year": 2019,
        "month": 10,
        "day": 20
      },
      "time": {
        "hour": 13,
        "minute": 58,
        "second": 30,
        "nano": 0
      }
    },
    "citySender": "Київ",
    "cityRecipient": "Харків"
  },
  {
    "number": 59000456248775,
    "dateTime": {
      "date": {
        "year": 2019,
        "month": 10,
        "day": 20
      },
      "time": {
        "hour": 13,
        "minute": 58,
        "second": 41,
        "nano": 0
      }
    },
    "citySender": "Київ",
    "cityRecipient": "Київ"
  },
  {
    "number": 59000456248776,
    "dateTime": {
      "date": {
        "year": 2019,
        "month": 10,
        "day": 20
      },
      "time": {
        "hour": 13,
        "minute": 58,
        "second": 50,
        "nano": 0
      }
    },
    "citySender": "Херсон",
    "cityRecipient": "Запоріжжя"
  },
  {
    "number": 59000456248777,
    "dateTime": {
      "date": {
        "year": 2019,
        "month": 10,
        "day": 20
      },
      "time": {
        "hour": 13,
        "minute": 58,
        "second": 41,
        "nano": 0
      }
    },
    "citySender": "Київ",
    "cityRecipient": "Харків"
  },
  {
    "number": 59000456248778,
    "dateTime": {
      "date": {
        "year": 2019,
        "month": 10,
        "day": 20
      },
      "time": {
        "hour": 13,
        "minute": 58,
        "second": 44,
        "nano": 0
      }
    },
    "citySender": "Івано-Франківськ",
    "cityRecipient": "Київ"
  },
  {
    "number": 59000456248779,
    "dateTime": {
      "date": {
        "year": 2019,
        "month": 10,
        "day": 20
      },
      "time": {
        "hour": 13,
        "minute": 58,
        "second": 46,
        "nano": 0
      }
    },
    "citySender": "Заставна",
    "cityRecipient": "Одеса"
  },
  {
    "number": 59000456248780,
    "dateTime": {
      "date": {
        "year": 2019,
        "month": 10,
        "day": 20
      },
      "time": {
        "hour": 13,
        "minute": 56,
        "second": 15,
        "nano": 0
      }
    },
    "citySender": "Чернівці",
    "cityRecipient": "Львів"
  },
  {
    "number": 59000456248781,
    "dateTime": {
      "date": {
        "year": 2019,
        "month": 10,
        "day": 20
      },
      "time": {
        "hour": 13,
        "minute": 58,
        "second": 47,
        "nano": 0
      }
    },
    "citySender": "Харків",
    "cityRecipient": "Краматорськ"
  },
  {
    "number": 59000456248782,
    "dateTime": {
      "date": {
        "year": 2019,
        "month": 10,
        "day": 20
      },
      "time": {
        "hour": 13,
        "minute": 58,
        "second": 51,
        "nano": 0
      }
    },
    "citySender": "Вінниця",
    "cityRecipient": "Вінниця"
  },
  {
    "number": 59000456248783,
    "dateTime": {
      "date": {
        "year": 2019,
        "month": 10,
        "day": 20
      },
      "time": {
        "hour": 13,
        "minute": 58,
        "second": 1,
        "nano": 0
      }
    },
    "citySender": "Новоукраїнка",
    "cityRecipient": "Харків"
  },
  {
    "number": 59000456248784,
    "dateTime": {
      "date": {
        "year": 2019,
        "month": 10,
        "day": 20
      },
      "time": {
        "hour": 13,
        "minute": 58,
        "second": 51,
        "nano": 0
      }
    },
    "citySender": "Черніїв",
    "cityRecipient": "Соснівка (Львівська обл.)"
  },
  {
    "number": 59000456248785,
    "dateTime": {
      "date": {
        "year": 2019,
        "month": 10,
        "day": 20
      },
      "time": {
        "hour": 13,
        "minute": 58,
        "second": 43,
        "nano": 0
      }
    },
    "citySender": "Львів",
    "cityRecipient": "Рівне"
  },
  {
    "number": 59000456248786,
    "dateTime": {
      "date": {
        "year": 2019,
        "month": 10,
        "day": 20
      },
      "time": {
        "hour": 13,
        "minute": 58,
        "second": 43,
        "nano": 0
      }
    },
    "citySender": "Вишгород",
    "cityRecipient": "Запоріжжя"
  },
  {
    "number": 59000456248787,
    "dateTime": {
      "date": {
        "year": 2019,
        "month": 10,
        "day": 20
      },
      "time": {
        "hour": 13,
        "minute": 58,
        "second": 35,
        "nano": 0
      }
    },
    "citySender": "Буча",
    "cityRecipient": "Рівне"
  },
  {
    "number": 59000456248788,
    "dateTime": {
      "date": {
        "year": 2019,
        "month": 10,
        "day": 20
      },
      "time": {
        "hour": 13,
        "minute": 57,
        "second": 53,
        "nano": 0
      }
    },
    "citySender": "Запоріжжя",
    "cityRecipient": "Харків"
  },
  {
    "number": 59000456248789,
    "dateTime": {
      "date": {
        "year": 2019,
        "month": 10,
        "day": 20
      },
      "time": {
        "hour": 13,
        "minute": 58,
        "second": 54,
        "nano": 0
      }
    },
    "citySender": "Кропивницький",
    "cityRecipient": "Костянтинівка (Донецька обл.)"
  },
  {
    "number": 59000456248790,
    "dateTime": {
      "date": {
        "year": 2019,
        "month": 10,
        "day": 20
      },
      "time": {
        "hour": 13,
        "minute": 55,
        "second": 58,
        "nano": 0
      }
    },
    "citySender": "Поляна (Закарпатська обл.)",
    "cityRecipient": "Київ"
  },
  {
    "number": 59000456248791,
    "dateTime": {
      "date": {
        "year": 2019,
        "month": 10,
        "day": 20
      },
      "time": {
        "hour": 13,
        "minute": 58,
        "second": 44,
        "nano": 0
      }
    },
    "citySender": "Маріуполь",
    "cityRecipient": "Київ"
  },
  {
    "number": 59000456248792,
    "dateTime": {
      "date": {
        "year": 2019,
        "month": 10,
        "day": 20
      },
      "time": {
        "hour": 13,
        "minute": 58,
        "second": 33,
        "nano": 0
      }
    },
    "citySender": "Харків",
    "cityRecipient": "Київ"
  },
  {
    "number": 59000456248793,
    "dateTime": {
      "date": {
        "year": 2019,
        "month": 10,
        "day": 20
      },
      "time": {
        "hour": 13,
        "minute": 58,
        "second": 40,
        "nano": 0
      }
    },
    "citySender": "Одеса",
    "cityRecipient": "Українськ (Донецька обл.)"
  },
  {
    "number": 59000456248794,
    "dateTime": {
      "date": {
        "year": 2019,
        "month": 10,
        "day": 20
      },
      "time": {
        "hour": 13,
        "minute": 58,
        "second": 10,
        "nano": 0
      }
    },
    "citySender": "Чугуїв",
    "cityRecipient": "Маріуполь"
  },
  {
    "number": 59000456248795,
    "dateTime": {
      "date": {
        "year": 2019,
        "month": 10,
        "day": 20
      },
      "time": {
        "hour": 13,
        "minute": 58,
        "second": 47,
        "nano": 0
      }
    },
    "citySender": "Харків",
    "cityRecipient": "Київ"
  },
  {
    "number": 59000456248796,
    "dateTime": {
      "date": {
        "year": 2019,
        "month": 10,
        "day": 20
      },
      "time": {
        "hour": 13,
        "minute": 58,
        "second": 29,
        "nano": 0
      }
    },
    "citySender": "Бишів (Київська обл.)",
    "cityRecipient": "Львів"
  },
  {
    "number": 59000456248797,
    "dateTime": {
      "date": {
        "year": 2019,
        "month": 10,
        "day": 20
      },
      "time": {
        "hour": 13,
        "minute": 58,
        "second": 4,
        "nano": 0
      }
    },
    "citySender": "Олександрія (м.Кіровогр.обл.райц)",
    "cityRecipient": "Літин"
  },
  {
    "number": 59000456248798,
    "dateTime": {
      "date": {
        "year": 2019,
        "month": 10,
        "day": 20
      },
      "time": {
        "hour": 13,
        "minute": 58,
        "second": 32,
        "nano": 0
      }
    },
    "citySender": "Одеса",
    "cityRecipient": "Шабо"
  },
  {
    "number": 59000456248799,
    "dateTime": {
      "date": {
        "year": 2019,
        "month": 10,
        "day": 20
      },
      "time": {
        "hour": 13,
        "minute": 58,
        "second": 33,
        "nano": 0
      }
    },
    "citySender": "Кривий Ріг",
    "cityRecipient": "Київ"
  },
  {
    "number": 59000456248800,
    "dateTime": {
      "date": {
        "year": 2019,
        "month": 10,
        "day": 20
      },
      "time": {
        "hour": 13,
        "minute": 58,
        "second": 15,
        "nano": 0
      }
    },
    "citySender": "Кривий Ріг",
    "cityRecipient": "Костянтинівка (Донецька обл.)"
  },
  {
    "number": 59000456248801,
    "dateTime": {
      "date": {
        "year": 2019,
        "month": 10,
        "day": 20
      },
      "time": {
        "hour": 13,
        "minute": 58,
        "second": 21,
        "nano": 0
      }
    },
    "citySender": "Болград (Одеська обл.)",
    "cityRecipient": "Кам\u0027янське(Дніпропетровська обл)"
  }
]