[
  {
    "number": 59000456216109,
    "dateTime": {
      "date": {
        "year": 2019,
        "month": 10,
        "day": 20
      },
      "time": {
        "hour": 10,
        "minute": 56,
        "second": 20,
        "nano": 0
      }
    },
    "citySender": "Кегичівка",
    "cityRecipient": "Мошни"
  },
  {
    "number": 59000456216110,
    "dateTime": {
      "date": {
        "year": 2019,
        "month": 10,
        "day": 20
      },
      "time": {
        "hour": 10,
        "minute": 56,
        "second": 23,
        "nano": 0
      }
    },
    "citySender": "Київ",
    "cityRecipient": "Харків"
  },
  {
    "number": 59000456216111,
    "dateTime": {
      "date": {
        "year": 2019,
        "month": 10,
        "day": 20
      },
      "time": {
        "hour": 10,
        "minute": 55,
        "second": 17,
        "nano": 0
      }
    },
    "citySender": "Кривий Ріг",
    "cityRecipient": "Луцьк"
  },
  {
    "number": 59000456216112,
    "dateTime": {
      "date": {
        "year": 2019,
        "month": 10,
        "day": 20
      },
      "time": {
        "hour": 10,
        "minute": 56,
        "second": 23,
        "nano": 0
      }
    },
    "citySender": "Кривий Ріг",
    "cityRecipient": "Кривий Ріг"
  },
  {
    "number": 59000456216113,
    "dateTime": {
      "date": {
        "year": 2019,
        "month": 10,
        "day": 20
      },
      "time": {
        "hour": 10,
        "minute": 56,
        "second": 32,
        "nano": 0
      }
    },
    "citySender": "Дніпро",
    "cityRecipient": "Київ"
  },
  {
    "number": 59000456216115,
    "dateTime": {
      "date": {
        "year": 2019,
        "month": 10,
        "day": 20
      },
      "time": {
        "hour": 10,
        "minute": 56,
        "second": 19,
        "nano": 0
      }
    },
    "citySender": "Київ",
    "cityRecipient": "Київ"
  },
  {
    "number": 59000456216116,
    "dateTime": {
      "date": {
        "year": 2019,
        "month": 10,
        "day": 20
      },
      "time": {
        "hour": 10,
        "minute": 56,
        "second": 27,
        "nano": 0
      }
    },
    "citySender": "Житомир",
    "cityRecipient": "Київ"
  },
  {
    "number": 59000456216117,
    "dateTime": {
      "date": {
        "year": 2019,
        "month": 10,
        "day": 20
      },
      "time": {
        "hour": 10,
        "minute": 56,
        "second": 25,
        "nano": 0
      }
    },
    "citySender": "Краматорськ",
    "cityRecipient": "Краматорськ"
  },
  {
    "number": 59000456216118,
    "dateTime": {
      "date": {
        "year": 2019,
        "month": 10,
        "day": 20
      },
      "time": {
        "hour": 10,
        "minute": 56,
        "second": 37,
        "nano": 0
      }
    },
    "citySender": "Гадяч",
    "cityRecipient": "Київ"
  },
  {
    "number": 59000456216119,
    "dateTime": {
      "date": {
        "year": 2019,
        "month": 10,
        "day": 20
      },
      "time": {
        "hour": 10,
        "minute": 56,
        "second": 26,
        "nano": 0
      }
    },
    "citySender": "Бершадь",
    "cityRecipient": "Вінниця"
  },
  {
    "number": 59000456216120,
    "dateTime": {
      "date": {
        "year": 2019,
        "month": 10,
        "day": 20
      },
      "time": {
        "hour": 10,
        "minute": 56,
        "second": 39,
        "nano": 0
      }
    },
    "citySender": "Запоріжжя",
    "cityRecipient": "Чорноморськ"
  },
  {
    "number": 59000456216121,
    "dateTime": {
      "date": {
        "year": 2019,
        "month": 10,
        "day": 20
      },
      "time": {
        "hour": 10,
        "minute": 55,
        "second": 22,
        "nano": 0
      }
    },
    "citySender": "Кам\u0027янське(Дніпропетровська обл)",
    "cityRecipient": "Крюківщина"
  },
  {
    "number": 59000456216122,
    "dateTime": {
      "date": {
        "year": 2019,
        "month": 10,
        "day": 20
      },
      "time": {
        "hour": 10,
        "minute": 56,
        "second": 30,
        "nano": 0
      }
    },
    "citySender": "Львів",
    "cityRecipient": "Львів"
  },
  {
    "number": 59000456216123,
    "dateTime": {
      "date": {
        "year": 2019,
        "month": 10,
        "day": 20
      },
      "time": {
        "hour": 10,
        "minute": 56,
        "second": 41,
        "nano": 0
      }
    },
    "citySender": "Одеса",
    "cityRecipient": "Авангард"
  },
  {
    "number": 59000456216124,
    "dateTime": {
      "date": {
        "year": 2019,
        "month": 10,
        "day": 20
      },
      "time": {
        "hour": 10,
        "minute": 56,
        "second": 41,
        "nano": 0
      }
    },
    "citySender": "Київ",
    "cityRecipient": "Київ"
  },
  {
    "number": 59000456216125,
    "dateTime": {
      "date": {
        "year": 2019,
        "month": 10,
        "day": 20
      },
      "time": {
        "hour": 10,
        "minute": 56,
        "second": 41,
        "nano": 0
      }
    },
    "citySender": "Харків",
    "cityRecipient": "Лозова"
  },
  {
    "number": 59000456216126,
    "dateTime": {
      "date": {
        "year": 2019,
        "month": 10,
        "day": 20
      },
      "time": {
        "hour": 10,
        "minute": 56,
        "second": 41,
        "nano": 0
      }
    },
    "citySender": "Кривий Ріг",
    "cityRecipient": "Маріуполь"
  },
  {
    "number": 59000456216127,
    "dateTime": {
      "date": {
        "year": 2019,
        "month": 10,
        "day": 20
      },
      "time": {
        "hour": 10,
        "minute": 56,
        "second": 18,
        "nano": 0
      }
    },
    "citySender": "Бершадь",
    "cityRecipient": "Іршава"
  },
  {
    "number": 59000456216128,
    "dateTime": {
      "date": {
        "year": 2019,
        "month": 10,
        "day": 20
      },
      "time": {
        "hour": 10,
        "minute": 56,
        "second": 6,
        "nano": 0
      }
    },
    "citySender": "Миколаїв",
    "cityRecipient": "Бодаква"
  },
  {
    "number": 59000456216129,
    "dateTime": {
      "date": {
        "year": 2019,
        "month": 10,
        "day": 20
      },
      "time": {
        "hour": 10,
        "minute": 56,
        "second": 45,
        "nano": 0
      }
    },
    "citySender": "Дніпро",
    "cityRecipient": "Кривий Ріг"
  },
  {
    "number": 59000456216130,
    "dateTime": {
      "date": {
        "year": 2019,
        "month": 10,
        "day": 20
      },
      "time": {
        "hour": 10,
        "minute": 56,
        "second": 9,
        "nano": 0
      }
    },
    "citySender": "Бориспіль",
    "cityRecipient": "Шахтарське"
  },
  {
    "number": 59000456216131,
    "dateTime": {
      "date": {
        "year": 2019,
        "month": 10,
        "day": 20
      },
      "time": {
        "hour": 10,
        "minute": 56,
        "second": 23,
        "nano": 0
      }
    },
    "citySender": "Поляниця (Буковель)",
    "cityRecipient": "Маріуполь"
  },
  {
    "number": 59000456216132,
    "dateTime": {
      "date": {
        "year": 2019,
        "month": 10,
        "day": 20
      },
      "time": {
        "hour": 10,
        "minute": 56,
        "second": 8,
        "nano": 0
      }
    },
    "citySender": "Херсон",
    "cityRecipient": "Київ"
  },
  {
    "number": 59000456216133,
    "dateTime": {
      "date": {
        "year": 2019,
        "month": 10,
        "day": 20
      },
      "time": {
        "hour": 10,
        "minute": 56,
        "second": 52,
        "nano": 0
      }
    },
    "citySender": "Гадяч",
    "cityRecipient": "Кривий Ріг"
  },
  {
    "number": 59000456216134,
    "dateTime": {
      "date": {
        "year": 2019,
        "month": 10,
        "day": 20
      },
      "time": {
        "hour": 10,
        "minute": 56,
        "second": 53,
        "nano": 0
      }
    },
    "citySender": "Запоріжжя",
    "cityRecipient": "Київ"
  },
  {
    "number": 59000456216135,
    "dateTime": {
      "date": {
        "year": 2019,
        "month": 10,
        "day": 20
      },
      "time": {
        "hour": 10,
        "minute": 56,
        "second": 38,
        "nano": 0
      }
    },
    "citySender": "Покровськ (Донецька обл.)",
    "cityRecipient": "Київ"
  },
  {
    "number": 59000456216136,
    "dateTime": {
      "date": {
        "year": 2019,
        "month": 10,
        "day": 20
      },
      "time": {
        "hour": 10,
        "minute": 56,
        "second": 44,
        "nano": 0
      }
    },
    "citySender": "Овруч",
    "cityRecipient": "Грузевиця"
  },
  {
    "number": 59000456216137,
    "dateTime": {
      "date": {
        "year": 2019,
        "month": 10,
        "day": 20
      },
      "time": {
        "hour": 10,
        "minute": 56,
        "second": 51,
        "nano": 0
      }
    },
    "citySender": "Марківка",
    "cityRecipient": "Мелітополь"
  },
  {
    "number": 59000456216139,
    "dateTime": {
      "date": {
        "year": 2019,
        "month": 10,
        "day": 20
      },
      "time": {
        "hour": 10,
        "minute": 56,
        "second": 59,
        "nano": 0
      }
    },
    "citySender": "Дружківка",
    "cityRecipient": "Львів"
  },
  {
    "number": 59000456216140,
    "dateTime": {
      "date": {
        "year": 2019,
        "month": 10,
        "day": 20
      },
      "time": {
        "hour": 10,
        "minute": 56,
        "second": 56,
        "nano": 0
      }
    },
    "citySender": "Київ",
    "cityRecipient": "Київ"
  },
  {
    "number": 59000456216141,
    "dateTime": {
      "date": {
        "year": 2019,
        "month": 10,
        "day": 20
      },
      "time": {
        "hour": 10,
        "minute": 56,
        "second": 59,
        "nano": 0
      }
    },
    "citySender": "Львів",
    "cityRecipient": "Авангард"
  },
  {
    "number": 59000456216142,
    "dateTime": {
      "date": {
        "year": 2019,
        "month": 10,
        "day": 20
      },
      "time": {
        "hour": 10,
        "minute": 56,
        "second": 58,
        "nano": 0
      }
    },
    "citySender": "Чернівці",
    "cityRecipient": "Павлоград"
  },
  {
    "number": 59000456216143,
    "dateTime": {
      "date": {
        "year": 2019,
        "month": 10,
        "day": 20
      },
      "time": {
        "hour": 10,
        "minute": 57,
        "second": 1,
        "nano": 0
      }
    },
    "citySender": "Харків",
    "cityRecipient": "Харків"
  },
  {
    "number": 59000456216144,
    "dateTime": {
      "date": {
        "year": 2019,
        "month": 10,
        "day": 20
      },
      "time": {
        "hour": 10,
        "minute": 57,
        "second": 4,
        "nano": 0
      }
    },
    "citySender": "Одеса",
    "cityRecipient": "Київ"
  },
  {
    "number": 59000456216145,
    "dateTime": {
      "date": {
        "year": 2019,
        "month": 10,
        "day": 20
      },
      "time": {
        "hour": 10,
        "minute": 57,
        "second": 3,
        "nano": 0
      }
    },
    "citySender": "Сквира",
    "cityRecipient": "Біла Церква"
  },
  {
    "number": 59000456216146,
    "dateTime": {
      "date": {
        "year": 2019,
        "month": 10,
        "day": 20
      },
      "time": {
        "hour": 10,
        "minute": 56,
        "second": 50,
        "nano": 0
      }
    },
    "citySender": "Шацьк",
    "cityRecipient": "Львів"
  },
  {
    "number": 59000456216147,
    "dateTime": {
      "date": {
        "year": 2019,
        "month": 10,
        "day": 20
      },
      "time": {
        "hour": 10,
        "minute": 56,
        "second": 54,
        "nano": 0
      }
    },
    "citySender": "Одеса",
    "cityRecipient": "Крюківщина"
  },
  {
    "number": 59000456216148,
    "dateTime": {
      "date": {
        "year": 2019,
        "month": 10,
        "day": 20
      },
      "time": {
        "hour": 10,
        "minute": 56,
        "second": 1,
        "nano": 0
      }
    },
    "citySender": "Миколаїв",
    "cityRecipient": "Новий Буг"
  },
  {
    "number": 59000456216149,
    "dateTime": {
      "date": {
        "year": 2019,
        "month": 10,
        "day": 20
      },
      "time": {
        "hour": 10,
        "minute": 56,
        "second": 56,
        "nano": 0
      }
    },
    "citySender": "Луцьк",
    "cityRecipient": "Шостка"
  },
  {
    "number": 59000456216150,
    "dateTime": {
      "date": {
        "year": 2019,
        "month": 10,
        "day": 20
      },
      "time": {
        "hour": 10,
        "minute": 57,
        "second": 7,
        "nano": 0
      }
    },
    "citySender": "Сміла",
    "cityRecipient": "Київ"
  },
  {
    "number": 59000456216151,
    "dateTime": {
      "date": {
        "year": 2019,
        "month": 10,
        "day": 20
      },
      "time": {
        "hour": 10,
        "minute": 55,
        "second": 20,
        "nano": 0
      }
    },
    "citySender": "Одеса",
    "cityRecipient": "Одеса"
  },
  {
    "number": 59000456216152,
    "dateTime": {
      "date": {
        "year": 2019,
        "month": 10,
        "day": 20
      },
      "time": {
        "hour": 10,
        "minute": 57,
        "second": 10,
        "nano": 0
      }
    },
    "citySender": "Павлоград",
    "cityRecipient": "Київ"
  },
  {
    "number": 59000456216153,
    "dateTime": {
      "date": {
        "year": 2019,
        "month": 10,
        "day": 20
      },
      "time": {
        "hour": 10,
        "minute": 57,
        "second": 13,
        "nano": 0
      }
    },
    "citySender": "Дніпро",
    "cityRecipient": "Стецьківка"
  },
  {
    "number": 59000456216154,
    "dateTime": {
      "date": {
        "year": 2019,
        "month": 10,
        "day": 20
      },
      "time": {
        "hour": 10,
        "minute": 57,
        "second": 13,
        "nano": 0
      }
    },
    "citySender": "Київ",
    "cityRecipient": "Харків"
  },
  {
    "number": 59000456216155,
    "dateTime": {
      "date": {
        "year": 2019,
        "month": 10,
        "day": 20
      },
      "time": {
        "hour": 10,
        "minute": 56,
        "second": 50,
        "nano": 0
      }
    },
    "citySender": "Благовіщенське(Кіровоградська обл.)",
    "cityRecipient": "Українка"
  },
  {
    "number": 59000456216156,
    "dateTime": {
      "date": {
        "year": 2019,
        "month": 10,
        "day": 20
      },
      "time": {
        "hour": 10,
        "minute": 55,
        "second": 55,
        "nano": 0
      }
    },
    "citySender": "Сміла",
    "cityRecipient": "Київ"
  },
  {
    "number": 59000456216157,
    "dateTime": {
      "date": {
        "year": 2019,
        "month": 10,
        "day": 20
      },
      "time": {
        "hour": 10,
        "minute": 57,
        "second": 15,
        "nano": 0
      }
    },
    "citySender": "Томашпіль",
    "cityRecipient": "Гвардійське (Одеська обл.)"
  },
  {
    "number": 59000456216158,
    "dateTime": {
      "date": {
        "year": 2019,
        "month": 10,
        "day": 20
      },
      "time": {
        "hour": 10,
        "minute": 56,
        "second": 42,
        "nano": 0
      }
    },
    "citySender": "Суми",
    "cityRecipient": "Ніжин"
  },
  {
    "number": 59000456216159,
    "dateTime": {
      "date": {
        "year": 2019,
        "month": 10,
        "day": 20
      },
      "time": {
        "hour": 10,
        "minute": 57,
        "second": 16,
        "nano": 0
      }
    },
    "citySender": "Київ",
    "cityRecipient": "Київ"
  },
  {
    "number": 59000456216161,
    "dateTime": {
      "date": {
        "year": 2019,
        "month": 10,
        "day": 20
      },
      "time": {
        "hour": 10,
        "minute": 56,
        "second": 1,
        "nano": 0
      }
    },
    "citySender": "Кривий Ріг",
    "cityRecipient": "Мелітополь"
  },
  {
    "number": 59000456216162,
    "dateTime": {
      "date": {
        "year": 2019,
        "month": 10,
        "day": 20
      },
      "time": {
        "hour": 10,
        "minute": 56,
        "second": 20,
        "nano": 0
      }
    },
    "citySender": "Кривий Ріг",
    "cityRecipient": "Чортків"
  },
  {
    "number": 59000456216163,
    "dateTime": {
      "date": {
        "year": 2019,
        "month": 10,
        "day": 20
      },
      "time": {
        "hour": 10,
        "minute": 56,
        "second": 56,
        "nano": 0
      }
    },
    "citySender": "Вінниця",
    "cityRecipient": "Дніпро"
  },
  {
    "number": 59000456216164,
    "dateTime": {
      "date": {
        "year": 2019,
        "month": 10,
        "day": 20
      },
      "time": {
        "hour": 10,
        "minute": 57,
        "second": 17,
        "nano": 0
      }
    },
    "citySender": "Кривий Ріг",
    "cityRecipient": "Ніжин"
  },
  {
    "number": 59000456216165,
    "dateTime": {
      "date": {
        "year": 2019,
        "month": 10,
        "day": 20
      },
      "time": {
        "hour": 10,
        "minute": 56,
        "second": 53,
        "nano": 0
      }
    },
    "citySender": "Васильків",
    "cityRecipient": "Київ"
  },
  {
    "number": 59000456216166,
    "dateTime": {
      "date": {
        "year": 2019,
        "month": 10,
        "day": 20
      },
      "time": {
        "hour": 10,
        "minute": 57,
        "second": 17,
        "nano": 0
      }
    },
    "citySender": "Ніжин",
    "cityRecipient": "Нетішин"
  },
  {
    "number": 59000456216167,
    "dateTime": {
      "date": {
        "year": 2019,
        "month": 10,
        "day": 20
      },
      "time": {
        "hour": 10,
        "minute": 56,
        "second": 43,
        "nano": 0
      }
    },
    "citySender": "Піщанка (Вінницька обл.)",
    "cityRecipient": "Мар\u0027їнка"
  },
  {
    "number": 59000456216168,
    "dateTime": {
      "date": {
        "year": 2019,
        "month": 10,
        "day": 20
      },
      "time": {
        "hour": 10,
        "minute": 56,
        "second": 53,
        "nano": 0
      }
    },
    "citySender": "Вінниця",
    "cityRecipient": "Суми"
  },
  {
    "number": 59000456216169,
    "dateTime": {
      "date": {
        "year": 2019,
        "month": 10,
        "day": 20
      },
      "time": {
        "hour": 10,
        "minute": 56,
        "second": 38,
        "nano": 0
      }
    },
    "citySender": "Костянтинівка (Донецька обл.)",
    "cityRecipient": "Київ"
  },
  {
    "number": 59000456216170,
    "dateTime": {
      "date": {
        "year": 2019,
        "month": 10,
        "day": 20
      },
      "time": {
        "hour": 10,
        "minute": 57,
        "second": 21,
        "nano": 0
      }
    },
    "citySender": "Магдалинівка",
    "cityRecipient": "Київ"
  },
  {
    "number": 59000456216171,
    "dateTime": {
      "date": {
        "year": 2019,
        "month": 10,
        "day": 20
      },
      "time": {
        "hour": 10,
        "minute": 57,
        "second": 0,
        "nano": 0
      }
    },
    "citySender": "Львів",
    "cityRecipient": "Кривий Ріг"
  },
  {
    "number": 59000456216173,
    "dateTime": {
      "date": {
        "year": 2019,
        "month": 10,
        "day": 20
      },
      "time": {
        "hour": 10,
        "minute": 57,
        "second": 7,
        "nano": 0
      }
    },
    "citySender": "Білгород-Дністровський",
    "cityRecipient": "Умань"
  },
  {
    "number": 59000456216174,
    "dateTime": {
      "date": {
        "year": 2019,
        "month": 10,
        "day": 20
      },
      "time": {
        "hour": 10,
        "minute": 57,
        "second": 4,
        "nano": 0
      }
    },
    "citySender": "Вишневе",
    "cityRecipient": "Харків"
  },
  {
    "number": 59000456216175,
    "dateTime": {
      "date": {
        "year": 2019,
        "month": 10,
        "day": 20
      },
      "time": {
        "hour": 10,
        "minute": 56,
        "second": 58,
        "nano": 0
      }
    },
    "citySender": "Іванків (Іванківський р-н)",
    "cityRecipient": "Бровари"
  },
  {
    "number": 59000456216176,
    "dateTime": {
      "date": {
        "year": 2019,
        "month": 10,
        "day": 20
      },
      "time": {
        "hour": 10,
        "minute": 57,
        "second": 19,
        "nano": 0
      }
    },
    "citySender": "Вознесенськ",
    "cityRecipient": "Одеса"
  },
  {
    "number": 59000456216177,
    "dateTime": {
      "date": {
        "year": 2019,
        "month": 10,
        "day": 20
      },
      "time": {
        "hour": 10,
        "minute": 57,
        "second": 32,
        "nano": 0
      }
    },
    "citySender": "Львів",
    "cityRecipient": "Харків"
  },
  {
    "number": 59000456216178,
    "dateTime": {
      "date": {
        "year": 2019,
        "month": 10,
        "day": 20
      },
      "time": {
        "hour": 10,
        "minute": 57,
        "second": 33,
        "nano": 0
      }
    },
    "citySender": "Десна (Чернігівська обл.)",
    "cityRecipient": "Дніпро"
  },
  {
    "number": 59000456216179,
    "dateTime": {
      "date": {
        "year": 2019,
        "month": 10,
        "day": 20
      },
      "time": {
        "hour": 10,
        "minute": 56,
        "second": 50,
        "nano": 0
      }
    },
    "citySender": "Київ",
    "cityRecipient": "Одеса"
  },
  {
    "number": 59000456216180,
    "dateTime": {
      "date": {
        "year": 2019,
        "month": 10,
        "day": 20
      },
      "time": {
        "hour": 10,
        "minute": 57,
        "second": 0,
        "nano": 0
      }
    },
    "citySender": "Луцьк",
    "cityRecipient": "Чернігів"
  },
  {
    "number": 59000456216181,
    "dateTime": {
      "date": {
        "year": 2019,
        "month": 10,
        "day": 20
      },
      "time": {
        "hour": 10,
        "minute": 57,
        "second": 36,
        "nano": 0
      }
    },
    "citySender": "Київ",
    "cityRecipient": "Харків"
  },
  {
    "number": 59000456216182,
    "dateTime": {
      "date": {
        "year": 2019,
        "month": 10,
        "day": 20
      },
      "time": {
        "hour": 10,
        "minute": 56,
        "second": 31,
        "nano": 0
      }
    },
    "citySender": "Кривий Ріг",
    "cityRecipient": "Полтава"
  },
  {
    "number": 59000456216183,
    "dateTime": {
      "date": {
        "year": 2019,
        "month": 10,
        "day": 20
      },
      "time": {
        "hour": 10,
        "minute": 57,
        "second": 39,
        "nano": 0
      }
    },
    "citySender": "Одеса",
    "cityRecipient": "Дніпро"
  },
  {
    "number": 59000456216184,
    "dateTime": {
      "date": {
        "year": 2019,
        "month": 10,
        "day": 20
      },
      "time": {
        "hour": 10,
        "minute": 57,
        "second": 42,
        "nano": 0
      }
    },
    "citySender": "Харків",
    "cityRecipient": "Київ"
  },
  {
    "number": 59000456216185,
    "dateTime": {
      "date": {
        "year": 2019,
        "month": 10,
        "day": 20
      },
      "time": {
        "hour": 10,
        "minute": 57,
        "second": 22,
        "nano": 0
      }
    },
    "citySender": "Чернівці",
    "cityRecipient": "Герца"
  },
  {
    "number": 59000456216186,
    "dateTime": {
      "date": {
        "year": 2019,
        "month": 10,
        "day": 20
      },
      "time": {
        "hour": 10,
        "minute": 57,
        "second": 33,
        "nano": 0
      }
    },
    "citySender": "Маріуполь",
    "cityRecipient": "Харків"
  },
  {
    "number": 59000456216187,
    "dateTime": {
      "date": {
        "year": 2019,
        "month": 10,
        "day": 20
      },
      "time": {
        "hour": 10,
        "minute": 57,
        "second": 27,
        "nano": 0
      }
    },
    "citySender": "Роздільна (Одеська обл.)",
    "cityRecipient": "Одеса"
  },
  {
    "number": 59000456216188,
    "dateTime": {
      "date": {
        "year": 2019,
        "month": 10,
        "day": 20
      },
      "time": {
        "hour": 10,
        "minute": 56,
        "second": 42,
        "nano": 0
      }
    },
    "citySender": "Кривий Ріг",
    "cityRecipient": "Високопілля"
  },
  {
    "number": 59000456216189,
    "dateTime": {
      "date": {
        "year": 2019,
        "month": 10,
        "day": 20
      },
      "time": {
        "hour": 10,
        "minute": 57,
        "second": 46,
        "nano": 0
      }
    },
    "citySender": "Київ",
    "cityRecipient": "Харків"
  },
  {
    "number": 59000456216191,
    "dateTime": {
      "date": {
        "year": 2019,
        "month": 10,
        "day": 20
      },
      "time": {
        "hour": 10,
        "minute": 56,
        "second": 57,
        "nano": 0
      }
    },
    "citySender": "Томашпіль",
    "cityRecipient": "Хмельницький"
  },
  {
    "number": 59000456216192,
    "dateTime": {
      "date": {
        "year": 2019,
        "month": 10,
        "day": 20
      },
      "time": {
        "hour": 10,
        "minute": 57,
        "second": 48,
        "nano": 0
      }
    },
    "citySender": "Нова Каховка",
    "cityRecipient": "Дніпро"
  },
  {
    "number": 59000456216193,
    "dateTime": {
      "date": {
        "year": 2019,
        "month": 10,
        "day": 20
      },
      "time": {
        "hour": 10,
        "minute": 57,
        "second": 50,
        "nano": 0
      }
    },
    "citySender": "Київ",
    "cityRecipient": "Київ"
  },
  {
    "number": 59000456216194,
    "dateTime": {
      "date": {
        "year": 2019,
        "month": 10,
        "day": 20
      },
      "time": {
        "hour": 10,
        "minute": 57,
        "second": 49,
        "nano": 0
      }
    },
    "citySender": "Коростень",
    "cityRecipient": "Одеса"
  },
  {
    "number": 59000456216195,
    "dateTime": {
      "date": {
        "year": 2019,
        "month": 10,
        "day": 20
      },
      "time": {
        "hour": 10,
        "minute": 57,
        "second": 47,
        "nano": 0
      }
    },
    "citySender": "Боярка",
    "cityRecipient": "Коломак"
  },
  {
    "number": 59000456216197,
    "dateTime": {
      "date": {
        "year": 2019,
        "month": 10,
        "day": 20
      },
      "time": {
        "hour": 10,
        "minute": 57,
        "second": 53,
        "nano": 0
      }
    },
    "citySender": "Ніжин",
    "cityRecipient": "Авангард"
  },
  {
    "number": 59000456216198,
    "dateTime": {
      "date": {
        "year": 2019,
        "month": 10,
        "day": 20
      },
      "time": {
        "hour": 10,
        "minute": 56,
        "second": 26,
        "nano": 0
      }
    },
    "citySender": "Шпола",
    "cityRecipient": "Київ"
  },
  {
    "number": 59000456216199,
    "dateTime": {
      "date": {
        "year": 2019,
        "month": 10,
        "day": 20
      },
      "time": {
        "hour": 10,
        "minute": 57,
        "second": 49,
        "nano": 0
      }
    },
    "citySender": "Миколаївка (Слов’янська міська рада)",
    "cityRecipient": "Світловодськ"
  },
  {
    "number": 59000456216200,
    "dateTime": {
      "date": {
        "year": 2019,
        "month": 10,
        "day": 20
      },
      "time": {
        "hour": 10,
        "minute": 57,
        "second": 14,
        "nano": 0
      }
    },
    "citySender": "Бершадь",
    "cityRecipient": "Долина"
  },
  {
    "number": 59000456216201,
    "dateTime": {
      "date": {
        "year": 2019,
        "month": 10,
        "day": 20
      },
      "time": {
        "hour": 10,
        "minute": 57,
        "second": 56,
        "nano": 0
      }
    },
    "citySender": "Біла Церква",
    "cityRecipient": "Запоріжжя"
  },
  {
    "number": 59000456216202,
    "dateTime": {
      "date": {
        "year": 2019,
        "month": 10,
        "day": 20
      },
      "time": {
        "hour": 10,
        "minute": 57,
        "second": 55,
        "nano": 0
      }
    },
    "citySender": "Київ",
    "cityRecipient": "Бровари"
  },
  {
    "number": 59000456216203,
    "dateTime": {
      "date": {
        "year": 2019,
        "month": 10,
        "day": 20
      },
      "time": {
        "hour": 10,
        "minute": 57,
        "second": 57,
        "nano": 0
      }
    },
    "citySender": "Маріуполь",
    "cityRecipient": "Пісочин"
  },
  {
    "number": 59000456216204,
    "dateTime": {
      "date": {
        "year": 2019,
        "month": 10,
        "day": 20
      },
      "time": {
        "hour": 10,
        "minute": 57,
        "second": 58,
        "nano": 0
      }
    },
    "citySender": "Сміла",
    "cityRecipient": "Київ"
  },
  {
    "number": 59000456216205,
    "dateTime": {
      "date": {
        "year": 2019,
        "month": 10,
        "day": 20
      },
      "time": {
        "hour": 10,
        "minute": 57,
        "second": 33,
        "nano": 0
      }
    },
    "citySender": "Чернівці(Вінницька обл.)",
    "cityRecipient": "Борщів"
  },
  {
    "number": 59000456216206,
    "dateTime": {
      "date": {
        "year": 2019,
        "month": 10,
        "day": 20
      },
      "time": {
        "hour": 10,
        "minute": 57,
        "second": 40,
        "nano": 0
      }
    },
    "citySender": "Покровськ (Донецька обл.)",
    "cityRecipient": "Дніпро"
  },
  {
    "number": 59000456216207,
    "dateTime": {
      "date": {
        "year": 2019,
        "month": 10,
        "day": 20
      },
      "time": {
        "hour": 10,
        "minute": 57,
        "second": 42,
        "nano": 0
      }
    },
    "citySender": "Київ",
    "cityRecipient": "Житомир"
  },
  {
    "number": 59000456216208,
    "dateTime": {
      "date": {
        "year": 2019,
        "month": 10,
        "day": 20
      },
      "time": {
        "hour": 10,
        "minute": 56,
        "second": 25,
        "nano": 0
      }
    },
    "citySender": "Чернівці",
    "cityRecipient": "Олександрівка (смт.Кіровог.обл.райц)"
  }
]