[
  {
    "number": 59000456241005,
    "dateTime": {
      "date": {
        "year": 2019,
        "month": 10,
        "day": 20
      },
      "time": {
        "hour": 13,
        "minute": 11,
        "second": 31,
        "nano": 0
      }
    },
    "citySender": "Чернігів",
    "cityRecipient": "Миколаїв"
  },
  {
    "number": 59000456241006,
    "dateTime": {
      "date": {
        "year": 2019,
        "month": 10,
        "day": 20
      },
      "time": {
        "hour": 13,
        "minute": 11,
        "second": 31,
        "nano": 0
      }
    },
    "citySender": "Львів",
    "cityRecipient": "Кропивницький"
  },
  {
    "number": 59000456241007,
    "dateTime": {
      "date": {
        "year": 2019,
        "month": 10,
        "day": 20
      },
      "time": {
        "hour": 13,
        "minute": 11,
        "second": 29,
        "nano": 0
      }
    },
    "citySender": "Полтава",
    "cityRecipient": "Турійськ"
  },
  {
    "number": 59000456241008,
    "dateTime": {
      "date": {
        "year": 2019,
        "month": 10,
        "day": 20
      },
      "time": {
        "hour": 13,
        "minute": 11,
        "second": 44,
        "nano": 0
      }
    },
    "citySender": "Маріуполь",
    "cityRecipient": "Полтава"
  },
  {
    "number": 59000456241009,
    "dateTime": {
      "date": {
        "year": 2019,
        "month": 10,
        "day": 20
      },
      "time": {
        "hour": 13,
        "minute": 11,
        "second": 11,
        "nano": 0
      }
    },
    "citySender": "Корсунь-Шевченківський",
    "cityRecipient": "Тернопіль"
  },
  {
    "number": 59000456241010,
    "dateTime": {
      "date": {
        "year": 2019,
        "month": 10,
        "day": 20
      },
      "time": {
        "hour": 13,
        "minute": 11,
        "second": 35,
        "nano": 0
      }
    },
    "citySender": "Буча",
    "cityRecipient": "Київ"
  },
  {
    "number": 59000456241011,
    "dateTime": {
      "date": {
        "year": 2019,
        "month": 10,
        "day": 20
      },
      "time": {
        "hour": 13,
        "minute": 11,
        "second": 45,
        "nano": 0
      }
    },
    "citySender": "Вінниця",
    "cityRecipient": "Львів"
  },
  {
    "number": 59000456241013,
    "dateTime": {
      "date": {
        "year": 2019,
        "month": 10,
        "day": 20
      },
      "time": {
        "hour": 13,
        "minute": 11,
        "second": 34,
        "nano": 0
      }
    },
    "citySender": "Харків",
    "cityRecipient": "Луцьк"
  },
  {
    "number": 59000456241014,
    "dateTime": {
      "date": {
        "year": 2019,
        "month": 10,
        "day": 20
      },
      "time": {
        "hour": 13,
        "minute": 11,
        "second": 35,
        "nano": 0
      }
    },
    "citySender": "Первомайськ(Микол.обл.Первомайс.р-н)",
    "cityRecipient": "Вишневе"
  },
  {
    "number": 59000456241015,
    "dateTime": {
      "date": {
        "year": 2019,
        "month": 10,
        "day": 20
      },
      "time": {
        "hour": 13,
        "minute": 11,
        "second": 32,
        "nano": 0
      }
    },
    "citySender": "Кривий Ріг",
    "cityRecipient": "Кременчук"
  },
  {
    "number": 59000456241016,
    "dateTime": {
      "date": {
        "year": 2019,
        "month": 10,
        "day": 20
      },
      "time": {
        "hour": 13,
        "minute": 11,
        "second": 32,
        "nano": 0
      }
    },
    "citySender": "Чернівці",
    "cityRecipient": "Олександрія (м.Кіровогр.обл.райц)"
  },
  {
    "number": 59000456241017,
    "dateTime": {
      "date": {
        "year": 2019,
        "month": 10,
        "day": 20
      },
      "time": {
        "hour": 13,
        "minute": 11,
        "second": 46,
        "nano": 0
      }
    },
    "citySender": "Київ",
    "cityRecipient": "Київ"
  },
  {
    "number": 59000456241018,
    "dateTime": {
      "date": {
        "year": 2019,
        "month": 10,
        "day": 20
      },
      "time": {
        "hour": 13,
        "minute": 11,
        "second": 20,
        "nano": 0
      }
    },
    "citySender": "Білгород-Дністровський",
    "cityRecipient": "Ічня"
  },
  {
    "number": 59000456241019,
    "dateTime": {
      "date": {
        "year": 2019,
        "month": 10,
        "day": 20
      },
      "time": {
        "hour": 13,
        "minute": 11,
        "second": 37,
        "nano": 0
      }
    },
    "citySender": "Сєвєродонецьк",
    "cityRecipient": "Теофіполь"
  },
  {
    "number": 59000456241020,
    "dateTime": {
      "date": {
        "year": 2019,
        "month": 10,
        "day": 20
      },
      "time": {
        "hour": 13,
        "minute": 11,
        "second": 48,
        "nano": 0
      }
    },
    "citySender": "Косів",
    "cityRecipient": "Чернівці"
  },
  {
    "number": 59000456241021,
    "dateTime": {
      "date": {
        "year": 2019,
        "month": 10,
        "day": 20
      },
      "time": {
        "hour": 13,
        "minute": 11,
        "second": 47,
        "nano": 0
      }
    },
    "citySender": "Дніпро",
    "cityRecipient": "Донець(Балаклійський р-н)"
  },
  {
    "number": 59000456241022,
    "dateTime": {
      "date": {
        "year": 2019,
        "month": 10,
        "day": 20
      },
      "time": {
        "hour": 13,
        "minute": 11,
        "second": 7,
        "nano": 0
      }
    },
    "citySender": "Київ",
    "cityRecipient": "Жмеринка"
  },
  {
    "number": 59000456241023,
    "dateTime": {
      "date": {
        "year": 2019,
        "month": 10,
        "day": 20
      },
      "time": {
        "hour": 13,
        "minute": 11,
        "second": 15,
        "nano": 0
      }
    },
    "citySender": "Чернівці",
    "cityRecipient": "Одеса"
  },
  {
    "number": 59000456241024,
    "dateTime": {
      "date": {
        "year": 2019,
        "month": 10,
        "day": 20
      },
      "time": {
        "hour": 13,
        "minute": 11,
        "second": 43,
        "nano": 0
      }
    },
    "citySender": "Запоріжжя",
    "cityRecipient": "Маріуполь"
  },
  {
    "number": 59000456241025,
    "dateTime": {
      "date": {
        "year": 2019,
        "month": 10,
        "day": 20
      },
      "time": {
        "hour": 13,
        "minute": 11,
        "second": 49,
        "nano": 0
      }
    },
    "citySender": "Чернігів",
    "cityRecipient": "Харків"
  },
  {
    "number": 59000456241026,
    "dateTime": {
      "date": {
        "year": 2019,
        "month": 10,
        "day": 20
      },
      "time": {
        "hour": 13,
        "minute": 11,
        "second": 15,
        "nano": 0
      }
    },
    "citySender": "Маріуполь",
    "cityRecipient": "Дніпро"
  },
  {
    "number": 59000456241027,
    "dateTime": {
      "date": {
        "year": 2019,
        "month": 10,
        "day": 20
      },
      "time": {
        "hour": 13,
        "minute": 10,
        "second": 11,
        "nano": 0
      }
    },
    "citySender": "Київ",
    "cityRecipient": "Одеса"
  },
  {
    "number": 59000456241028,
    "dateTime": {
      "date": {
        "year": 2019,
        "month": 10,
        "day": 20
      },
      "time": {
        "hour": 13,
        "minute": 11,
        "second": 34,
        "nano": 0
      }
    },
    "citySender": "Київ",
    "cityRecipient": "Дніпро"
  },
  {
    "number": 59000456241029,
    "dateTime": {
      "date": {
        "year": 2019,
        "month": 10,
        "day": 20
      },
      "time": {
        "hour": 13,
        "minute": 11,
        "second": 48,
        "nano": 0
      }
    },
    "citySender": "Запоріжжя",
    "cityRecipient": "Олександрія (м.Кіровогр.обл.райц)"
  },
  {
    "number": 59000456241030,
    "dateTime": {
      "date": {
        "year": 2019,
        "month": 10,
        "day": 20
      },
      "time": {
        "hour": 13,
        "minute": 11,
        "second": 18,
        "nano": 0
      }
    },
    "citySender": "Короп",
    "cityRecipient": "Бершадь"
  },
  {
    "number": 59000456241031,
    "dateTime": {
      "date": {
        "year": 2019,
        "month": 10,
        "day": 20
      },
      "time": {
        "hour": 13,
        "minute": 11,
        "second": 34,
        "nano": 0
      }
    },
    "citySender": "Яворів",
    "cityRecipient": "Київ"
  },
  {
    "number": 59000456241032,
    "dateTime": {
      "date": {
        "year": 2019,
        "month": 10,
        "day": 20
      },
      "time": {
        "hour": 13,
        "minute": 11,
        "second": 10,
        "nano": 0
      }
    },
    "citySender": "Бердичів",
    "cityRecipient": "Харків"
  },
  {
    "number": 59000456241033,
    "dateTime": {
      "date": {
        "year": 2019,
        "month": 10,
        "day": 20
      },
      "time": {
        "hour": 13,
        "minute": 11,
        "second": 52,
        "nano": 0
      }
    },
    "citySender": "Ворзель",
    "cityRecipient": "Київ"
  },
  {
    "number": 59000456241034,
    "dateTime": {
      "date": {
        "year": 2019,
        "month": 10,
        "day": 20
      },
      "time": {
        "hour": 13,
        "minute": 11,
        "second": 32,
        "nano": 0
      }
    },
    "citySender": "Пісочин",
    "cityRecipient": "Київ"
  },
  {
    "number": 59000456241035,
    "dateTime": {
      "date": {
        "year": 2019,
        "month": 10,
        "day": 20
      },
      "time": {
        "hour": 13,
        "minute": 10,
        "second": 48,
        "nano": 0
      }
    },
    "citySender": "Харків",
    "cityRecipient": "Одеса"
  },
  {
    "number": 59000456241036,
    "dateTime": {
      "date": {
        "year": 2019,
        "month": 10,
        "day": 20
      },
      "time": {
        "hour": 13,
        "minute": 11,
        "second": 23,
        "nano": 0
      }
    },
    "citySender": "Київ",
    "cityRecipient": "Умань"
  },
  {
    "number": 59000456241037,
    "dateTime": {
      "date": {
        "year": 2019,
        "month": 10,
        "day": 20
      },
      "time": {
        "hour": 13,
        "minute": 11,
        "second": 50,
        "nano": 0
      }
    },
    "citySender": "Бердянськ",
    "cityRecipient": "Синельникове"
  },
  {
    "number": 59000456241038,
    "dateTime": {
      "date": {
        "year": 2019,
        "month": 10,
        "day": 20
      },
      "time": {
        "hour": 13,
        "minute": 11,
        "second": 40,
        "nano": 0
      }
    },
    "citySender": "Запоріжжя",
    "cityRecipient": "Кам\u0027янське(Дніпропетровська обл)"
  },
  {
    "number": 59000456241039,
    "dateTime": {
      "date": {
        "year": 2019,
        "month": 10,
        "day": 20
      },
      "time": {
        "hour": 13,
        "minute": 11,
        "second": 18,
        "nano": 0
      }
    },
    "citySender": "Запоріжжя",
    "cityRecipient": "Солоницівка"
  },
  {
    "number": 59000456241040,
    "dateTime": {
      "date": {
        "year": 2019,
        "month": 10,
        "day": 20
      },
      "time": {
        "hour": 13,
        "minute": 11,
        "second": 50,
        "nano": 0
      }
    },
    "citySender": "Дніпро",
    "cityRecipient": "Дніпро"
  },
  {
    "number": 59000456241041,
    "dateTime": {
      "date": {
        "year": 2019,
        "month": 10,
        "day": 20
      },
      "time": {
        "hour": 13,
        "minute": 11,
        "second": 54,
        "nano": 0
      }
    },
    "citySender": "Гусятин",
    "cityRecipient": "Новодністровськ"
  },
  {
    "number": 59000456241042,
    "dateTime": {
      "date": {
        "year": 2019,
        "month": 10,
        "day": 20
      },
      "time": {
        "hour": 13,
        "minute": 11,
        "second": 15,
        "nano": 0
      }
    },
    "citySender": "Покровськ (Донецька обл.)",
    "cityRecipient": "Київ"
  },
  {
    "number": 59000456241043,
    "dateTime": {
      "date": {
        "year": 2019,
        "month": 10,
        "day": 20
      },
      "time": {
        "hour": 13,
        "minute": 11,
        "second": 45,
        "nano": 0
      }
    },
    "citySender": "Чернівці",
    "cityRecipient": "Ужгород"
  },
  {
    "number": 59000456241044,
    "dateTime": {
      "date": {
        "year": 2019,
        "month": 10,
        "day": 20
      },
      "time": {
        "hour": 13,
        "minute": 11,
        "second": 38,
        "nano": 0
      }
    },
    "citySender": "Летичів",
    "cityRecipient": "Бахмут"
  },
  {
    "number": 59000456241045,
    "dateTime": {
      "date": {
        "year": 2019,
        "month": 10,
        "day": 20
      },
      "time": {
        "hour": 13,
        "minute": 11,
        "second": 45,
        "nano": 0
      }
    },
    "citySender": "Київ",
    "cityRecipient": "Шостка"
  },
  {
    "number": 59000456241046,
    "dateTime": {
      "date": {
        "year": 2019,
        "month": 10,
        "day": 20
      },
      "time": {
        "hour": 13,
        "minute": 11,
        "second": 13,
        "nano": 0
      }
    },
    "citySender": "Почаїв",
    "cityRecipient": "Харків"
  },
  {
    "number": 59000456241047,
    "dateTime": {
      "date": {
        "year": 2019,
        "month": 10,
        "day": 20
      },
      "time": {
        "hour": 13,
        "minute": 11,
        "second": 55,
        "nano": 0
      }
    },
    "citySender": "Одеса",
    "cityRecipient": "Київ"
  },
  {
    "number": 59000456241048,
    "dateTime": {
      "date": {
        "year": 2019,
        "month": 10,
        "day": 20
      },
      "time": {
        "hour": 13,
        "minute": 11,
        "second": 33,
        "nano": 0
      }
    },
    "citySender": "Сміла",
    "cityRecipient": "Київ"
  },
  {
    "number": 59000456241049,
    "dateTime": {
      "date": {
        "year": 2019,
        "month": 10,
        "day": 20
      },
      "time": {
        "hour": 13,
        "minute": 11,
        "second": 54,
        "nano": 0
      }
    },
    "citySender": "Чорноморськ",
    "cityRecipient": "Овруч"
  },
  {
    "number": 59000456241050,
    "dateTime": {
      "date": {
        "year": 2019,
        "month": 10,
        "day": 20
      },
      "time": {
        "hour": 13,
        "minute": 11,
        "second": 54,
        "nano": 0
      }
    },
    "citySender": "Рівне",
    "cityRecipient": "Вараш"
  },
  {
    "number": 59000456241051,
    "dateTime": {
      "date": {
        "year": 2019,
        "month": 10,
        "day": 20
      },
      "time": {
        "hour": 13,
        "minute": 11,
        "second": 25,
        "nano": 0
      }
    },
    "citySender": "Ужгород",
    "cityRecipient": "Вінниця"
  },
  {
    "number": 59000456241052,
    "dateTime": {
      "date": {
        "year": 2019,
        "month": 10,
        "day": 20
      },
      "time": {
        "hour": 13,
        "minute": 11,
        "second": 50,
        "nano": 0
      }
    },
    "citySender": "Запоріжжя",
    "cityRecipient": "Золочів(Харківська обл.)"
  },
  {
    "number": 59000456241053,
    "dateTime": {
      "date": {
        "year": 2019,
        "month": 10,
        "day": 20
      },
      "time": {
        "hour": 13,
        "minute": 11,
        "second": 56,
        "nano": 0
      }
    },
    "citySender": "Вінниця",
    "cityRecipient": "Вінниця"
  },
  {
    "number": 59000456241054,
    "dateTime": {
      "date": {
        "year": 2019,
        "month": 10,
        "day": 20
      },
      "time": {
        "hour": 13,
        "minute": 11,
        "second": 29,
        "nano": 0
      }
    },
    "citySender": "Львів",
    "cityRecipient": "Львів"
  },
  {
    "number": 59000456241055,
    "dateTime": {
      "date": {
        "year": 2019,
        "month": 10,
        "day": 20
      },
      "time": {
        "hour": 13,
        "minute": 11,
        "second": 58,
        "nano": 0
      }
    },
    "citySender": "Вінниця",
    "cityRecipient": "Харків"
  },
  {
    "number": 59000456241056,
    "dateTime": {
      "date": {
        "year": 2019,
        "month": 10,
        "day": 20
      },
      "time": {
        "hour": 13,
        "minute": 11,
        "second": 35,
        "nano": 0
      }
    },
    "citySender": "Вінниця",
    "cityRecipient": "Київ"
  },
  {
    "number": 59000456241057,
    "dateTime": {
      "date": {
        "year": 2019,
        "month": 10,
        "day": 20
      },
      "time": {
        "hour": 13,
        "minute": 11,
        "second": 48,
        "nano": 0
      }
    },
    "citySender": "Біла Церква",
    "cityRecipient": "Херсон"
  },
  {
    "number": 59000456241058,
    "dateTime": {
      "date": {
        "year": 2019,
        "month": 10,
        "day": 20
      },
      "time": {
        "hour": 13,
        "minute": 11,
        "second": 4,
        "nano": 0
      }
    },
    "citySender": "Київ",
    "cityRecipient": "Київ"
  },
  {
    "number": 59000456241059,
    "dateTime": {
      "date": {
        "year": 2019,
        "month": 10,
        "day": 20
      },
      "time": {
        "hour": 13,
        "minute": 11,
        "second": 35,
        "nano": 0
      }
    },
    "citySender": "Львів",
    "cityRecipient": "Чернівці"
  },
  {
    "number": 59000456241060,
    "dateTime": {
      "date": {
        "year": 2019,
        "month": 10,
        "day": 20
      },
      "time": {
        "hour": 13,
        "minute": 11,
        "second": 54,
        "nano": 0
      }
    },
    "citySender": "Ніжин",
    "cityRecipient": "Нікольське (Володарський р-н., Донецька обл.)"
  },
  {
    "number": 59000456241061,
    "dateTime": {
      "date": {
        "year": 2019,
        "month": 10,
        "day": 20
      },
      "time": {
        "hour": 13,
        "minute": 11,
        "second": 14,
        "nano": 0
      }
    },
    "citySender": "Буча",
    "cityRecipient": "Краматорськ"
  },
  {
    "number": 59000456241062,
    "dateTime": {
      "date": {
        "year": 2019,
        "month": 10,
        "day": 20
      },
      "time": {
        "hour": 13,
        "minute": 11,
        "second": 8,
        "nano": 0
      }
    },
    "citySender": "Одеса",
    "cityRecipient": "Дніпро"
  },
  {
    "number": 59000456241063,
    "dateTime": {
      "date": {
        "year": 2019,
        "month": 10,
        "day": 20
      },
      "time": {
        "hour": 13,
        "minute": 11,
        "second": 56,
        "nano": 0
      }
    },
    "citySender": "Чернівці",
    "cityRecipient": "Підволочиськ"
  },
  {
    "number": 59000456241064,
    "dateTime": {
      "date": {
        "year": 2019,
        "month": 10,
        "day": 20
      },
      "time": {
        "hour": 13,
        "minute": 11,
        "second": 19,
        "nano": 0
      }
    },
    "citySender": "Безлюдівка",
    "cityRecipient": "Київ"
  },
  {
    "number": 59000456241065,
    "dateTime": {
      "date": {
        "year": 2019,
        "month": 10,
        "day": 20
      },
      "time": {
        "hour": 13,
        "minute": 12,
        "second": 1,
        "nano": 0
      }
    },
    "citySender": "Ворзель",
    "cityRecipient": "Київ"
  },
  {
    "number": 59000456241066,
    "dateTime": {
      "date": {
        "year": 2019,
        "month": 10,
        "day": 20
      },
      "time": {
        "hour": 13,
        "minute": 11,
        "second": 54,
        "nano": 0
      }
    },
    "citySender": "Київ",
    "cityRecipient": "Полтава"
  },
  {
    "number": 59000456241067,
    "dateTime": {
      "date": {
        "year": 2019,
        "month": 10,
        "day": 20
      },
      "time": {
        "hour": 13,
        "minute": 10,
        "second": 35,
        "nano": 0
      }
    },
    "citySender": "Миколаїв",
    "cityRecipient": "Маріуполь"
  },
  {
    "number": 59000456241068,
    "dateTime": {
      "date": {
        "year": 2019,
        "month": 10,
        "day": 20
      },
      "time": {
        "hour": 13,
        "minute": 11,
        "second": 9,
        "nano": 0
      }
    },
    "citySender": "Черкаси",
    "cityRecipient": "Коцюбинське"
  },
  {
    "number": 59000456241069,
    "dateTime": {
      "date": {
        "year": 2019,
        "month": 10,
        "day": 20
      },
      "time": {
        "hour": 13,
        "minute": 12,
        "second": 1,
        "nano": 0
      }
    },
    "citySender": "Київ",
    "cityRecipient": "Млинів"
  },
  {
    "number": 59000456241070,
    "dateTime": {
      "date": {
        "year": 2019,
        "month": 10,
        "day": 20
      },
      "time": {
        "hour": 13,
        "minute": 11,
        "second": 41,
        "nano": 0
      }
    },
    "citySender": "Дніпро",
    "cityRecipient": "Запоріжжя"
  },
  {
    "number": 59000456241071,
    "dateTime": {
      "date": {
        "year": 2019,
        "month": 10,
        "day": 20
      },
      "time": {
        "hour": 13,
        "minute": 11,
        "second": 30,
        "nano": 0
      }
    },
    "citySender": "Кривий Ріг",
    "cityRecipient": "Київ"
  },
  {
    "number": 59000456241072,
    "dateTime": {
      "date": {
        "year": 2019,
        "month": 10,
        "day": 20
      },
      "time": {
        "hour": 13,
        "minute": 11,
        "second": 33,
        "nano": 0
      }
    },
    "citySender": "Судова Вишня",
    "cityRecipient": "Житомир"
  },
  {
    "number": 59000456241073,
    "dateTime": {
      "date": {
        "year": 2019,
        "month": 10,
        "day": 20
      },
      "time": {
        "hour": 13,
        "minute": 12,
        "second": 3,
        "nano": 0
      }
    },
    "citySender": "Дніпро",
    "cityRecipient": "Кропивницький"
  },
  {
    "number": 59000456241074,
    "dateTime": {
      "date": {
        "year": 2019,
        "month": 10,
        "day": 20
      },
      "time": {
        "hour": 13,
        "minute": 11,
        "second": 49,
        "nano": 0
      }
    },
    "citySender": "Роздільна (Одеська обл.)",
    "cityRecipient": "Одеса"
  },
  {
    "number": 59000456241075,
    "dateTime": {
      "date": {
        "year": 2019,
        "month": 10,
        "day": 20
      },
      "time": {
        "hour": 13,
        "minute": 10,
        "second": 48,
        "nano": 0
      }
    },
    "citySender": "Дружківка",
    "cityRecipient": "Городок(Львівська обл.)"
  },
  {
    "number": 59000456241077,
    "dateTime": {
      "date": {
        "year": 2019,
        "month": 10,
        "day": 20
      },
      "time": {
        "hour": 13,
        "minute": 11,
        "second": 19,
        "nano": 0
      }
    },
    "citySender": "Краматорськ",
    "cityRecipient": "Запоріжжя"
  },
  {
    "number": 59000456241078,
    "dateTime": {
      "date": {
        "year": 2019,
        "month": 10,
        "day": 20
      },
      "time": {
        "hour": 13,
        "minute": 12,
        "second": 2,
        "nano": 0
      }
    },
    "citySender": "Умань",
    "cityRecipient": "Київ"
  },
  {
    "number": 59000456241079,
    "dateTime": {
      "date": {
        "year": 2019,
        "month": 10,
        "day": 20
      },
      "time": {
        "hour": 13,
        "minute": 12,
        "second": 2,
        "nano": 0
      }
    },
    "citySender": "Копайгород",
    "cityRecipient": "Обухів"
  },
  {
    "number": 59000456241080,
    "dateTime": {
      "date": {
        "year": 2019,
        "month": 10,
        "day": 20
      },
      "time": {
        "hour": 13,
        "minute": 11,
        "second": 53,
        "nano": 0
      }
    },
    "citySender": "Розсошенці(Полтавська обл.)",
    "cityRecipient": "Рівне"
  },
  {
    "number": 59000456241081,
    "dateTime": {
      "date": {
        "year": 2019,
        "month": 10,
        "day": 20
      },
      "time": {
        "hour": 13,
        "minute": 11,
        "second": 45,
        "nano": 0
      }
    },
    "citySender": "Корсунь-Шевченківський",
    "cityRecipient": "Дніпро"
  },
  {
    "number": 59000456241082,
    "dateTime": {
      "date": {
        "year": 2019,
        "month": 10,
        "day": 20
      },
      "time": {
        "hour": 13,
        "minute": 11,
        "second": 54,
        "nano": 0
      }
    },
    "citySender": "Харків",
    "cityRecipient": "Черкаси"
  },
  {
    "number": 59000456241083,
    "dateTime": {
      "date": {
        "year": 2019,
        "month": 10,
        "day": 20
      },
      "time": {
        "hour": 13,
        "minute": 12,
        "second": 8,
        "nano": 0
      }
    },
    "citySender": "Косів",
    "cityRecipient": "Харків"
  },
  {
    "number": 59000456241084,
    "dateTime": {
      "date": {
        "year": 2019,
        "month": 10,
        "day": 20
      },
      "time": {
        "hour": 13,
        "minute": 11,
        "second": 46,
        "nano": 0
      }
    },
    "citySender": "Миколаїв",
    "cityRecipient": "Новопсков"
  },
  {
    "number": 59000456241085,
    "dateTime": {
      "date": {
        "year": 2019,
        "month": 10,
        "day": 20
      },
      "time": {
        "hour": 13,
        "minute": 11,
        "second": 51,
        "nano": 0
      }
    },
    "citySender": "Київ",
    "cityRecipient": "Дніпро"
  },
  {
    "number": 59000456241086,
    "dateTime": {
      "date": {
        "year": 2019,
        "month": 10,
        "day": 20
      },
      "time": {
        "hour": 13,
        "minute": 11,
        "second": 53,
        "nano": 0
      }
    },
    "citySender": "Одеса",
    "cityRecipient": "Бориспіль"
  },
  {
    "number": 59000456241087,
    "dateTime": {
      "date": {
        "year": 2019,
        "month": 10,
        "day": 20
      },
      "time": {
        "hour": 13,
        "minute": 11,
        "second": 20,
        "nano": 0
      }
    },
    "citySender": "Розсошенці(Полтавська обл.)",
    "cityRecipient": "Чугуїв"
  },
  {
    "number": 59000456241088,
    "dateTime": {
      "date": {
        "year": 2019,
        "month": 10,
        "day": 20
      },
      "time": {
        "hour": 13,
        "minute": 11,
        "second": 58,
        "nano": 0
      }
    },
    "citySender": "Київ",
    "cityRecipient": "Нововолинськ"
  },
  {
    "number": 59000456241089,
    "dateTime": {
      "date": {
        "year": 2019,
        "month": 10,
        "day": 20
      },
      "time": {
        "hour": 13,
        "minute": 10,
        "second": 7,
        "nano": 0
      }
    },
    "citySender": "Маріуполь",
    "cityRecipient": "Київ"
  },
  {
    "number": 59000456241090,
    "dateTime": {
      "date": {
        "year": 2019,
        "month": 10,
        "day": 20
      },
      "time": {
        "hour": 13,
        "minute": 11,
        "second": 25,
        "nano": 0
      }
    },
    "citySender": "Кривий Ріг",
    "cityRecipient": "Львів"
  },
  {
    "number": 59000456241091,
    "dateTime": {
      "date": {
        "year": 2019,
        "month": 10,
        "day": 20
      },
      "time": {
        "hour": 13,
        "minute": 12,
        "second": 10,
        "nano": 0
      }
    },
    "citySender": "Київ",
    "cityRecipient": "Київ"
  },
  {
    "number": 59000456241092,
    "dateTime": {
      "date": {
        "year": 2019,
        "month": 10,
        "day": 20
      },
      "time": {
        "hour": 13,
        "minute": 11,
        "second": 35,
        "nano": 0
      }
    },
    "citySender": "Солоне",
    "cityRecipient": "Мелітополь"
  },
  {
    "number": 59000456241093,
    "dateTime": {
      "date": {
        "year": 2019,
        "month": 10,
        "day": 20
      },
      "time": {
        "hour": 13,
        "minute": 12,
        "second": 7,
        "nano": 0
      }
    },
    "citySender": "Іванків (Іванківський р-н)",
    "cityRecipient": "Іванків(Бориспільський р-н)"
  },
  {
    "number": 59000456241094,
    "dateTime": {
      "date": {
        "year": 2019,
        "month": 10,
        "day": 20
      },
      "time": {
        "hour": 13,
        "minute": 11,
        "second": 33,
        "nano": 0
      }
    },
    "citySender": "Київ",
    "cityRecipient": "Київ"
  },
  {
    "number": 59000456241095,
    "dateTime": {
      "date": {
        "year": 2019,
        "month": 10,
        "day": 20
      },
      "time": {
        "hour": 13,
        "minute": 11,
        "second": 0,
        "nano": 0
      }
    },
    "citySender": "Чернігів",
    "cityRecipient": "Східниця"
  },
  {
    "number": 59000456241096,
    "dateTime": {
      "date": {
        "year": 2019,
        "month": 10,
        "day": 20
      },
      "time": {
        "hour": 13,
        "minute": 11,
        "second": 59,
        "nano": 0
      }
    },
    "citySender": "Краматорськ",
    "cityRecipient": "Київ"
  },
  {
    "number": 59000456241097,
    "dateTime": {
      "date": {
        "year": 2019,
        "month": 10,
        "day": 20
      },
      "time": {
        "hour": 13,
        "minute": 11,
        "second": 24,
        "nano": 0
      }
    },
    "citySender": "Кривий Ріг",
    "cityRecipient": "Кривий Ріг"
  },
  {
    "number": 59000456241098,
    "dateTime": {
      "date": {
        "year": 2019,
        "month": 10,
        "day": 20
      },
      "time": {
        "hour": 13,
        "minute": 12,
        "second": 8,
        "nano": 0
      }
    },
    "citySender": "Миколаїв",
    "cityRecipient": "Дубровиця (Рівненська обл.)"
  },
  {
    "number": 59000456241099,
    "dateTime": {
      "date": {
        "year": 2019,
        "month": 10,
        "day": 20
      },
      "time": {
        "hour": 13,
        "minute": 12,
        "second": 0,
        "nano": 0
      }
    },
    "citySender": "Здолбунів",
    "cityRecipient": "Озерне (Житомирська обл.)"
  },
  {
    "number": 59000456241100,
    "dateTime": {
      "date": {
        "year": 2019,
        "month": 10,
        "day": 20
      },
      "time": {
        "hour": 13,
        "minute": 11,
        "second": 45,
        "nano": 0
      }
    },
    "citySender": "Харків",
    "cityRecipient": "Світловодськ"
  },
  {
    "number": 59000456241101,
    "dateTime": {
      "date": {
        "year": 2019,
        "month": 10,
        "day": 20
      },
      "time": {
        "hour": 13,
        "minute": 12,
        "second": 14,
        "nano": 0
      }
    },
    "citySender": "Покровськ (Донецька обл.)",
    "cityRecipient": "Київ"
  },
  {
    "number": 59000456241102,
    "dateTime": {
      "date": {
        "year": 2019,
        "month": 10,
        "day": 20
      },
      "time": {
        "hour": 13,
        "minute": 11,
        "second": 13,
        "nano": 0
      }
    },
    "citySender": "Київ",
    "cityRecipient": "Одеса"
  },
  {
    "number": 59000456241103,
    "dateTime": {
      "date": {
        "year": 2019,
        "month": 10,
        "day": 20
      },
      "time": {
        "hour": 13,
        "minute": 12,
        "second": 14,
        "nano": 0
      }
    },
    "citySender": "Ворзель",
    "cityRecipient": "Кривий Ріг"
  },
  {
    "number": 59000456241104,
    "dateTime": {
      "date": {
        "year": 2019,
        "month": 10,
        "day": 20
      },
      "time": {
        "hour": 13,
        "minute": 12,
        "second": 6,
        "nano": 0
      }
    },
    "citySender": "Чернівці",
    "cityRecipient": "Дніпро"
  }
]