[
  {
    "number": 59000456239106,
    "dateTime": {
      "date": {
        "year": 2019,
        "month": 10,
        "day": 20
      },
      "time": {
        "hour": 13,
        "minute": 0,
        "second": 18,
        "nano": 0
      }
    },
    "citySender": "Кельменці",
    "cityRecipient": "Кам\u0027янець-Подільський"
  },
  {
    "number": 59000456239107,
    "dateTime": {
      "date": {
        "year": 2019,
        "month": 10,
        "day": 20
      },
      "time": {
        "hour": 13,
        "minute": 0,
        "second": 0,
        "nano": 0
      }
    },
    "citySender": "Дніпро",
    "cityRecipient": "Радомишль"
  },
  {
    "number": 59000456239108,
    "dateTime": {
      "date": {
        "year": 2019,
        "month": 10,
        "day": 20
      },
      "time": {
        "hour": 13,
        "minute": 0,
        "second": 18,
        "nano": 0
      }
    },
    "citySender": "Харків",
    "cityRecipient": "Харків"
  },
  {
    "number": 59000456239109,
    "dateTime": {
      "date": {
        "year": 2019,
        "month": 10,
        "day": 20
      },
      "time": {
        "hour": 12,
        "minute": 59,
        "second": 54,
        "nano": 0
      }
    },
    "citySender": "Тлумач",
    "cityRecipient": "Чернівці"
  },
  {
    "number": 59000456239110,
    "dateTime": {
      "date": {
        "year": 2019,
        "month": 10,
        "day": 20
      },
      "time": {
        "hour": 13,
        "minute": 0,
        "second": 17,
        "nano": 0
      }
    },
    "citySender": "Сокільники",
    "cityRecipient": "Львів"
  },
  {
    "number": 59000456239111,
    "dateTime": {
      "date": {
        "year": 2019,
        "month": 10,
        "day": 20
      },
      "time": {
        "hour": 13,
        "minute": 0,
        "second": 8,
        "nano": 0
      }
    },
    "citySender": "Вишневе",
    "cityRecipient": "Кагарлик"
  },
  {
    "number": 59000456239112,
    "dateTime": {
      "date": {
        "year": 2019,
        "month": 10,
        "day": 20
      },
      "time": {
        "hour": 13,
        "minute": 0,
        "second": 16,
        "nano": 0
      }
    },
    "citySender": "Чорноморськ",
    "cityRecipient": "Харків"
  },
  {
    "number": 59000456239113,
    "dateTime": {
      "date": {
        "year": 2019,
        "month": 10,
        "day": 20
      },
      "time": {
        "hour": 13,
        "minute": 0,
        "second": 18,
        "nano": 0
      }
    },
    "citySender": "Рівне",
    "cityRecipient": "Ромни"
  },
  {
    "number": 59000456239114,
    "dateTime": {
      "date": {
        "year": 2019,
        "month": 10,
        "day": 20
      },
      "time": {
        "hour": 12,
        "minute": 59,
        "second": 38,
        "nano": 0
      }
    },
    "citySender": "Херсон",
    "cityRecipient": "Нова Чортория"
  },
  {
    "number": 59000456239115,
    "dateTime": {
      "date": {
        "year": 2019,
        "month": 10,
        "day": 20
      },
      "time": {
        "hour": 12,
        "minute": 59,
        "second": 58,
        "nano": 0
      }
    },
    "citySender": "Київ",
    "cityRecipient": "Червоноград (Львівська обл.)"
  },
  {
    "number": 59000456239116,
    "dateTime": {
      "date": {
        "year": 2019,
        "month": 10,
        "day": 20
      },
      "time": {
        "hour": 13,
        "minute": 0,
        "second": 4,
        "nano": 0
      }
    },
    "citySender": "Васильків",
    "cityRecipient": "Хмільник (Вінницька обл.)"
  },
  {
    "number": 59000456239117,
    "dateTime": {
      "date": {
        "year": 2019,
        "month": 10,
        "day": 20
      },
      "time": {
        "hour": 13,
        "minute": 0,
        "second": 11,
        "nano": 0
      }
    },
    "citySender": "Київ",
    "cityRecipient": "Трипілля (Київська обл.)"
  },
  {
    "number": 59000456239118,
    "dateTime": {
      "date": {
        "year": 2019,
        "month": 10,
        "day": 20
      },
      "time": {
        "hour": 12,
        "minute": 59,
        "second": 59,
        "nano": 0
      }
    },
    "citySender": "Токмак",
    "cityRecipient": "Київ"
  },
  {
    "number": 59000456239119,
    "dateTime": {
      "date": {
        "year": 2019,
        "month": 10,
        "day": 20
      },
      "time": {
        "hour": 13,
        "minute": 0,
        "second": 11,
        "nano": 0
      }
    },
    "citySender": "Угринів (Тисменицький р-н., Івано-Франк. обл.)",
    "cityRecipient": "Одеса"
  },
  {
    "number": 59000456239120,
    "dateTime": {
      "date": {
        "year": 2019,
        "month": 10,
        "day": 20
      },
      "time": {
        "hour": 12,
        "minute": 59,
        "second": 37,
        "nano": 0
      }
    },
    "citySender": "Ковель",
    "cityRecipient": "Ракошино"
  },
  {
    "number": 59000456239121,
    "dateTime": {
      "date": {
        "year": 2019,
        "month": 10,
        "day": 20
      },
      "time": {
        "hour": 13,
        "minute": 0,
        "second": 23,
        "nano": 0
      }
    },
    "citySender": "Одеса",
    "cityRecipient": "Ковель"
  },
  {
    "number": 59000456239122,
    "dateTime": {
      "date": {
        "year": 2019,
        "month": 10,
        "day": 20
      },
      "time": {
        "hour": 13,
        "minute": 0,
        "second": 11,
        "nano": 0
      }
    },
    "citySender": "Бориспіль",
    "cityRecipient": "Київ"
  },
  {
    "number": 59000456239123,
    "dateTime": {
      "date": {
        "year": 2019,
        "month": 10,
        "day": 20
      },
      "time": {
        "hour": 13,
        "minute": 0,
        "second": 15,
        "nano": 0
      }
    },
    "citySender": "Ладижин",
    "cityRecipient": "Херсон"
  },
  {
    "number": 59000456239124,
    "dateTime": {
      "date": {
        "year": 2019,
        "month": 10,
        "day": 20
      },
      "time": {
        "hour": 13,
        "minute": 0,
        "second": 21,
        "nano": 0
      }
    },
    "citySender": "Херсон",
    "cityRecipient": "Одеса"
  },
  {
    "number": 59000456239125,
    "dateTime": {
      "date": {
        "year": 2019,
        "month": 10,
        "day": 20
      },
      "time": {
        "hour": 12,
        "minute": 59,
        "second": 35,
        "nano": 0
      }
    },
    "citySender": "Кам\u0027янка (Черкаська обл.)",
    "cityRecipient": "Борова (Київська обл.)"
  },
  {
    "number": 59000456239126,
    "dateTime": {
      "date": {
        "year": 2019,
        "month": 10,
        "day": 20
      },
      "time": {
        "hour": 12,
        "minute": 58,
        "second": 4,
        "nano": 0
      }
    },
    "citySender": "Чоп",
    "cityRecipient": "Одеса"
  },
  {
    "number": 59000456239127,
    "dateTime": {
      "date": {
        "year": 2019,
        "month": 10,
        "day": 20
      },
      "time": {
        "hour": 13,
        "minute": 0,
        "second": 17,
        "nano": 0
      }
    },
    "citySender": "Вінниця",
    "cityRecipient": "Ізмаїл"
  },
  {
    "number": 59000456239128,
    "dateTime": {
      "date": {
        "year": 2019,
        "month": 10,
        "day": 20
      },
      "time": {
        "hour": 13,
        "minute": 0,
        "second": 21,
        "nano": 0
      }
    },
    "citySender": "Суми",
    "cityRecipient": "Чернігів"
  },
  {
    "number": 59000456239129,
    "dateTime": {
      "date": {
        "year": 2019,
        "month": 10,
        "day": 20
      },
      "time": {
        "hour": 13,
        "minute": 0,
        "second": 23,
        "nano": 0
      }
    },
    "citySender": "Вінниця",
    "cityRecipient": "Дніпро"
  },
  {
    "number": 59000456239130,
    "dateTime": {
      "date": {
        "year": 2019,
        "month": 10,
        "day": 20
      },
      "time": {
        "hour": 13,
        "minute": 0,
        "second": 21,
        "nano": 0
      }
    },
    "citySender": "Ромни",
    "cityRecipient": "Носівка"
  },
  {
    "number": 59000456239131,
    "dateTime": {
      "date": {
        "year": 2019,
        "month": 10,
        "day": 20
      },
      "time": {
        "hour": 13,
        "minute": 0,
        "second": 4,
        "nano": 0
      }
    },
    "citySender": "Ужгород",
    "cityRecipient": "Одеса"
  },
  {
    "number": 59000456239132,
    "dateTime": {
      "date": {
        "year": 2019,
        "month": 10,
        "day": 20
      },
      "time": {
        "hour": 13,
        "minute": 0,
        "second": 19,
        "nano": 0
      }
    },
    "citySender": "Селидове",
    "cityRecipient": "Дніпро"
  },
  {
    "number": 59000456239133,
    "dateTime": {
      "date": {
        "year": 2019,
        "month": 10,
        "day": 20
      },
      "time": {
        "hour": 12,
        "minute": 59,
        "second": 44,
        "nano": 0
      }
    },
    "citySender": "Запоріжжя",
    "cityRecipient": "Бориспіль"
  },
  {
    "number": 59000456239134,
    "dateTime": {
      "date": {
        "year": 2019,
        "month": 10,
        "day": 20
      },
      "time": {
        "hour": 13,
        "minute": 0,
        "second": 22,
        "nano": 0
      }
    },
    "citySender": "Київ",
    "cityRecipient": "Маріуполь"
  },
  {
    "number": 59000456239135,
    "dateTime": {
      "date": {
        "year": 2019,
        "month": 10,
        "day": 20
      },
      "time": {
        "hour": 12,
        "minute": 59,
        "second": 59,
        "nano": 0
      }
    },
    "citySender": "Дніпро",
    "cityRecipient": "Павлоград"
  },
  {
    "number": 59000456239136,
    "dateTime": {
      "date": {
        "year": 2019,
        "month": 10,
        "day": 20
      },
      "time": {
        "hour": 12,
        "minute": 59,
        "second": 52,
        "nano": 0
      }
    },
    "citySender": "Любомль",
    "cityRecipient": "Харків"
  },
  {
    "number": 59000456239137,
    "dateTime": {
      "date": {
        "year": 2019,
        "month": 10,
        "day": 20
      },
      "time": {
        "hour": 13,
        "minute": 0,
        "second": 28,
        "nano": 0
      }
    },
    "citySender": "Харків",
    "cityRecipient": "Київ"
  },
  {
    "number": 59000456239138,
    "dateTime": {
      "date": {
        "year": 2019,
        "month": 10,
        "day": 20
      },
      "time": {
        "hour": 13,
        "minute": 0,
        "second": 25,
        "nano": 0
      }
    },
    "citySender": "Львів",
    "cityRecipient": "Коломия"
  },
  {
    "number": 59000456239139,
    "dateTime": {
      "date": {
        "year": 2019,
        "month": 10,
        "day": 20
      },
      "time": {
        "hour": 13,
        "minute": 0,
        "second": 2,
        "nano": 0
      }
    },
    "citySender": "Суми",
    "cityRecipient": "Одеса"
  },
  {
    "number": 59000456239140,
    "dateTime": {
      "date": {
        "year": 2019,
        "month": 10,
        "day": 20
      },
      "time": {
        "hour": 12,
        "minute": 58,
        "second": 7,
        "nano": 0
      }
    },
    "citySender": "Кременчук",
    "cityRecipient": "Чорноморськ"
  },
  {
    "number": 59000456239141,
    "dateTime": {
      "date": {
        "year": 2019,
        "month": 10,
        "day": 20
      },
      "time": {
        "hour": 12,
        "minute": 59,
        "second": 7,
        "nano": 0
      }
    },
    "citySender": "Київ",
    "cityRecipient": "Вендичани"
  },
  {
    "number": 59000456239142,
    "dateTime": {
      "date": {
        "year": 2019,
        "month": 10,
        "day": 20
      },
      "time": {
        "hour": 12,
        "minute": 59,
        "second": 45,
        "nano": 0
      }
    },
    "citySender": "Нова Каховка",
    "cityRecipient": "Київ"
  },
  {
    "number": 59000456239143,
    "dateTime": {
      "date": {
        "year": 2019,
        "month": 10,
        "day": 20
      },
      "time": {
        "hour": 12,
        "minute": 59,
        "second": 57,
        "nano": 0
      }
    },
    "citySender": "Київ",
    "cityRecipient": "Ніжин"
  },
  {
    "number": 59000456239144,
    "dateTime": {
      "date": {
        "year": 2019,
        "month": 10,
        "day": 20
      },
      "time": {
        "hour": 13,
        "minute": 0,
        "second": 31,
        "nano": 0
      }
    },
    "citySender": "Житомир",
    "cityRecipient": "Київ"
  },
  {
    "number": 59000456239145,
    "dateTime": {
      "date": {
        "year": 2019,
        "month": 10,
        "day": 20
      },
      "time": {
        "hour": 13,
        "minute": 0,
        "second": 3,
        "nano": 0
      }
    },
    "citySender": "Житомир",
    "cityRecipient": "Васильків"
  },
  {
    "number": 59000456239146,
    "dateTime": {
      "date": {
        "year": 2019,
        "month": 10,
        "day": 20
      },
      "time": {
        "hour": 12,
        "minute": 59,
        "second": 48,
        "nano": 0
      }
    },
    "citySender": "Дніпро",
    "cityRecipient": "Суми"
  },
  {
    "number": 59000456239148,
    "dateTime": {
      "date": {
        "year": 2019,
        "month": 10,
        "day": 20
      },
      "time": {
        "hour": 13,
        "minute": 0,
        "second": 23,
        "nano": 0
      }
    },
    "citySender": "Кам\u0027янка (Черкаська обл.)",
    "cityRecipient": "Вишгород"
  },
  {
    "number": 59000456239149,
    "dateTime": {
      "date": {
        "year": 2019,
        "month": 10,
        "day": 20
      },
      "time": {
        "hour": 13,
        "minute": 0,
        "second": 16,
        "nano": 0
      }
    },
    "citySender": "Золочів (Львівська обл.)",
    "cityRecipient": "Переяслав-Хмельницький"
  },
  {
    "number": 59000456239150,
    "dateTime": {
      "date": {
        "year": 2019,
        "month": 10,
        "day": 20
      },
      "time": {
        "hour": 13,
        "minute": 0,
        "second": 26,
        "nano": 0
      }
    },
    "citySender": "Тернопіль",
    "cityRecipient": "Одеса"
  },
  {
    "number": 59000456239152,
    "dateTime": {
      "date": {
        "year": 2019,
        "month": 10,
        "day": 20
      },
      "time": {
        "hour": 13,
        "minute": 0,
        "second": 33,
        "nano": 0
      }
    },
    "citySender": "Кременчук",
    "cityRecipient": "Дніпро"
  },
  {
    "number": 59000456239153,
    "dateTime": {
      "date": {
        "year": 2019,
        "month": 10,
        "day": 20
      },
      "time": {
        "hour": 13,
        "minute": 0,
        "second": 10,
        "nano": 0
      }
    },
    "citySender": "Запоріжжя",
    "cityRecipient": "Кам\u0027янець-Подільський"
  },
  {
    "number": 59000456239154,
    "dateTime": {
      "date": {
        "year": 2019,
        "month": 10,
        "day": 20
      },
      "time": {
        "hour": 12,
        "minute": 59,
        "second": 44,
        "nano": 0
      }
    },
    "citySender": "Київ",
    "cityRecipient": "Хмельницький"
  },
  {
    "number": 59000456239155,
    "dateTime": {
      "date": {
        "year": 2019,
        "month": 10,
        "day": 20
      },
      "time": {
        "hour": 13,
        "minute": 0,
        "second": 34,
        "nano": 0
      }
    },
    "citySender": "Рудня",
    "cityRecipient": "Київ"
  },
  {
    "number": 59000456239156,
    "dateTime": {
      "date": {
        "year": 2019,
        "month": 10,
        "day": 20
      },
      "time": {
        "hour": 13,
        "minute": 0,
        "second": 16,
        "nano": 0
      }
    },
    "citySender": "Олександрія (м.Кіровогр.обл.райц)",
    "cityRecipient": "Винники"
  },
  {
    "number": 59000456239157,
    "dateTime": {
      "date": {
        "year": 2019,
        "month": 10,
        "day": 20
      },
      "time": {
        "hour": 13,
        "minute": 0,
        "second": 33,
        "nano": 0
      }
    },
    "citySender": "Київ",
    "cityRecipient": "Чернігів"
  },
  {
    "number": 59000456239158,
    "dateTime": {
      "date": {
        "year": 2019,
        "month": 10,
        "day": 20
      },
      "time": {
        "hour": 12,
        "minute": 59,
        "second": 41,
        "nano": 0
      }
    },
    "citySender": "Козин (Київська обл.)",
    "cityRecipient": "Хмельницький"
  },
  {
    "number": 59000456239159,
    "dateTime": {
      "date": {
        "year": 2019,
        "month": 10,
        "day": 20
      },
      "time": {
        "hour": 13,
        "minute": 0,
        "second": 22,
        "nano": 0
      }
    },
    "citySender": "Луцьк",
    "cityRecipient": "Київ"
  },
  {
    "number": 59000456239160,
    "dateTime": {
      "date": {
        "year": 2019,
        "month": 10,
        "day": 20
      },
      "time": {
        "hour": 13,
        "minute": 0,
        "second": 0,
        "nano": 0
      }
    },
    "citySender": "Київ",
    "cityRecipient": "Одеса"
  },
  {
    "number": 59000456239161,
    "dateTime": {
      "date": {
        "year": 2019,
        "month": 10,
        "day": 20
      },
      "time": {
        "hour": 12,
        "minute": 59,
        "second": 50,
        "nano": 0
      }
    },
    "citySender": "Одеса",
    "cityRecipient": "Луцьк"
  },
  {
    "number": 59000456239162,
    "dateTime": {
      "date": {
        "year": 2019,
        "month": 10,
        "day": 20
      },
      "time": {
        "hour": 12,
        "minute": 59,
        "second": 36,
        "nano": 0
      }
    },
    "citySender": "Львів",
    "cityRecipient": "Монастирище"
  },
  {
    "number": 59000456239163,
    "dateTime": {
      "date": {
        "year": 2019,
        "month": 10,
        "day": 20
      },
      "time": {
        "hour": 13,
        "minute": 0,
        "second": 20,
        "nano": 0
      }
    },
    "citySender": "Харків",
    "cityRecipient": "Київ"
  },
  {
    "number": 59000456239164,
    "dateTime": {
      "date": {
        "year": 2019,
        "month": 10,
        "day": 20
      },
      "time": {
        "hour": 13,
        "minute": 0,
        "second": 0,
        "nano": 0
      }
    },
    "citySender": "Харків",
    "cityRecipient": "Одеса"
  },
  {
    "number": 59000456239165,
    "dateTime": {
      "date": {
        "year": 2019,
        "month": 10,
        "day": 20
      },
      "time": {
        "hour": 13,
        "minute": 0,
        "second": 15,
        "nano": 0
      }
    },
    "citySender": "Київ",
    "cityRecipient": "Кривий Ріг"
  },
  {
    "number": 59000456239167,
    "dateTime": {
      "date": {
        "year": 2019,
        "month": 10,
        "day": 20
      },
      "time": {
        "hour": 13,
        "minute": 0,
        "second": 28,
        "nano": 0
      }
    },
    "citySender": "Львів",
    "cityRecipient": "Одеса"
  },
  {
    "number": 59000456239169,
    "dateTime": {
      "date": {
        "year": 2019,
        "month": 10,
        "day": 20
      },
      "time": {
        "hour": 12,
        "minute": 59,
        "second": 53,
        "nano": 0
      }
    },
    "citySender": "Кривий Ріг",
    "cityRecipient": "Київ"
  },
  {
    "number": 59000456239170,
    "dateTime": {
      "date": {
        "year": 2019,
        "month": 10,
        "day": 20
      },
      "time": {
        "hour": 13,
        "minute": 0,
        "second": 32,
        "nano": 0
      }
    },
    "citySender": "Київ",
    "cityRecipient": "Полтава"
  },
  {
    "number": 59000456239171,
    "dateTime": {
      "date": {
        "year": 2019,
        "month": 10,
        "day": 20
      },
      "time": {
        "hour": 13,
        "minute": 0,
        "second": 25,
        "nano": 0
      }
    },
    "citySender": "Львів",
    "cityRecipient": "Новоград-Волинський"
  },
  {
    "number": 59000456239172,
    "dateTime": {
      "date": {
        "year": 2019,
        "month": 10,
        "day": 20
      },
      "time": {
        "hour": 13,
        "minute": 0,
        "second": 25,
        "nano": 0
      }
    },
    "citySender": "Одеса",
    "cityRecipient": "Чайки"
  },
  {
    "number": 59000456239173,
    "dateTime": {
      "date": {
        "year": 2019,
        "month": 10,
        "day": 20
      },
      "time": {
        "hour": 13,
        "minute": 0,
        "second": 34,
        "nano": 0
      }
    },
    "citySender": "Запоріжжя",
    "cityRecipient": "Бровари"
  },
  {
    "number": 59000456239174,
    "dateTime": {
      "date": {
        "year": 2019,
        "month": 10,
        "day": 20
      },
      "time": {
        "hour": 12,
        "minute": 58,
        "second": 6,
        "nano": 0
      }
    },
    "citySender": "Тернопіль",
    "cityRecipient": "Дніпро"
  },
  {
    "number": 59000456239175,
    "dateTime": {
      "date": {
        "year": 2019,
        "month": 10,
        "day": 20
      },
      "time": {
        "hour": 13,
        "minute": 0,
        "second": 37,
        "nano": 0
      }
    },
    "citySender": "Харків",
    "cityRecipient": "Овідіополь"
  },
  {
    "number": 59000456239176,
    "dateTime": {
      "date": {
        "year": 2019,
        "month": 10,
        "day": 20
      },
      "time": {
        "hour": 12,
        "minute": 57,
        "second": 42,
        "nano": 0
      }
    },
    "citySender": "Сартана (Донецька обл.)",
    "cityRecipient": "Вільногірськ"
  },
  {
    "number": 59000456239177,
    "dateTime": {
      "date": {
        "year": 2019,
        "month": 10,
        "day": 20
      },
      "time": {
        "hour": 12,
        "minute": 58,
        "second": 12,
        "nano": 0
      }
    },
    "citySender": "Володимир-Волинський",
    "cityRecipient": "Київ"
  },
  {
    "number": 59000456239178,
    "dateTime": {
      "date": {
        "year": 2019,
        "month": 10,
        "day": 20
      },
      "time": {
        "hour": 13,
        "minute": 0,
        "second": 5,
        "nano": 0
      }
    },
    "citySender": "Київ",
    "cityRecipient": "Вільнянськ"
  },
  {
    "number": 59000456239179,
    "dateTime": {
      "date": {
        "year": 2019,
        "month": 10,
        "day": 20
      },
      "time": {
        "hour": 13,
        "minute": 0,
        "second": 23,
        "nano": 0
      }
    },
    "citySender": "Солоницівка",
    "cityRecipient": "Кривий Ріг"
  },
  {
    "number": 59000456239180,
    "dateTime": {
      "date": {
        "year": 2019,
        "month": 10,
        "day": 20
      },
      "time": {
        "hour": 13,
        "minute": 0,
        "second": 31,
        "nano": 0
      }
    },
    "citySender": "Київ",
    "cityRecipient": "Чернівці"
  },
  {
    "number": 59000456239181,
    "dateTime": {
      "date": {
        "year": 2019,
        "month": 10,
        "day": 20
      },
      "time": {
        "hour": 13,
        "minute": 0,
        "second": 30,
        "nano": 0
      }
    },
    "citySender": "Дніпро",
    "cityRecipient": "Дніпро"
  },
  {
    "number": 59000456239182,
    "dateTime": {
      "date": {
        "year": 2019,
        "month": 10,
        "day": 20
      },
      "time": {
        "hour": 12,
        "minute": 59,
        "second": 54,
        "nano": 0
      }
    },
    "citySender": "Павлоград",
    "cityRecipient": "Одеса"
  },
  {
    "number": 59000456239183,
    "dateTime": {
      "date": {
        "year": 2019,
        "month": 10,
        "day": 20
      },
      "time": {
        "hour": 13,
        "minute": 0,
        "second": 44,
        "nano": 0
      }
    },
    "citySender": "Білогородка (Київська обл.)",
    "cityRecipient": "Ізмаїл"
  },
  {
    "number": 59000456239184,
    "dateTime": {
      "date": {
        "year": 2019,
        "month": 10,
        "day": 20
      },
      "time": {
        "hour": 13,
        "minute": 0,
        "second": 47,
        "nano": 0
      }
    },
    "citySender": "Ватутіне",
    "cityRecipient": "Старі Бабани"
  },
  {
    "number": 59000456239187,
    "dateTime": {
      "date": {
        "year": 2019,
        "month": 10,
        "day": 20
      },
      "time": {
        "hour": 13,
        "minute": 0,
        "second": 36,
        "nano": 0
      }
    },
    "citySender": "Самбір",
    "cityRecipient": "Мамалига"
  },
  {
    "number": 59000456239188,
    "dateTime": {
      "date": {
        "year": 2019,
        "month": 10,
        "day": 20
      },
      "time": {
        "hour": 12,
        "minute": 59,
        "second": 22,
        "nano": 0
      }
    },
    "citySender": "Київ",
    "cityRecipient": "Білозір\u0027я"
  },
  {
    "number": 59000456239189,
    "dateTime": {
      "date": {
        "year": 2019,
        "month": 10,
        "day": 20
      },
      "time": {
        "hour": 13,
        "minute": 0,
        "second": 39,
        "nano": 0
      }
    },
    "citySender": "Одеса",
    "cityRecipient": "Львів"
  },
  {
    "number": 59000456239190,
    "dateTime": {
      "date": {
        "year": 2019,
        "month": 10,
        "day": 20
      },
      "time": {
        "hour": 13,
        "minute": 0,
        "second": 41,
        "nano": 0
      }
    },
    "citySender": "Тернопіль",
    "cityRecipient": "Заболотів (Снятинський р-н)"
  },
  {
    "number": 59000456239191,
    "dateTime": {
      "date": {
        "year": 2019,
        "month": 10,
        "day": 20
      },
      "time": {
        "hour": 13,
        "minute": 0,
        "second": 49,
        "nano": 0
      }
    },
    "citySender": "Харків",
    "cityRecipient": "Одеса"
  },
  {
    "number": 59000456239192,
    "dateTime": {
      "date": {
        "year": 2019,
        "month": 10,
        "day": 20
      },
      "time": {
        "hour": 13,
        "minute": 0,
        "second": 19,
        "nano": 0
      }
    },
    "citySender": "Кам\u0027янець-Подільський",
    "cityRecipient": "Рівне"
  },
  {
    "number": 59000456239193,
    "dateTime": {
      "date": {
        "year": 2019,
        "month": 10,
        "day": 20
      },
      "time": {
        "hour": 13,
        "minute": 0,
        "second": 33,
        "nano": 0
      }
    },
    "citySender": "Одеса",
    "cityRecipient": "Київ"
  },
  {
    "number": 59000456239194,
    "dateTime": {
      "date": {
        "year": 2019,
        "month": 10,
        "day": 20
      },
      "time": {
        "hour": 13,
        "minute": 0,
        "second": 38,
        "nano": 0
      }
    },
    "citySender": "Чернівці",
    "cityRecipient": "Кам\u0027янка-Бузька"
  },
  {
    "number": 59000456239195,
    "dateTime": {
      "date": {
        "year": 2019,
        "month": 10,
        "day": 20
      },
      "time": {
        "hour": 13,
        "minute": 0,
        "second": 41,
        "nano": 0
      }
    },
    "citySender": "Охтирка",
    "cityRecipient": "Харків"
  },
  {
    "number": 59000456239196,
    "dateTime": {
      "date": {
        "year": 2019,
        "month": 10,
        "day": 20
      },
      "time": {
        "hour": 13,
        "minute": 0,
        "second": 39,
        "nano": 0
      }
    },
    "citySender": "Харків",
    "cityRecipient": "Гребінки (Київська обл.)"
  },
  {
    "number": 59000456239197,
    "dateTime": {
      "date": {
        "year": 2019,
        "month": 10,
        "day": 20
      },
      "time": {
        "hour": 13,
        "minute": 0,
        "second": 15,
        "nano": 0
      }
    },
    "citySender": "Київ",
    "cityRecipient": "Харків"
  },
  {
    "number": 59000456239198,
    "dateTime": {
      "date": {
        "year": 2019,
        "month": 10,
        "day": 20
      },
      "time": {
        "hour": 13,
        "minute": 0,
        "second": 39,
        "nano": 0
      }
    },
    "citySender": "Дачне",
    "cityRecipient": "Станиця Луганська"
  },
  {
    "number": 59000456239199,
    "dateTime": {
      "date": {
        "year": 2019,
        "month": 10,
        "day": 20
      },
      "time": {
        "hour": 13,
        "minute": 0,
        "second": 38,
        "nano": 0
      }
    },
    "citySender": "Запоріжжя",
    "cityRecipient": "Васильків"
  },
  {
    "number": 59000456239200,
    "dateTime": {
      "date": {
        "year": 2019,
        "month": 10,
        "day": 20
      },
      "time": {
        "hour": 12,
        "minute": 59,
        "second": 20,
        "nano": 0
      }
    },
    "citySender": "Хуст",
    "cityRecipient": "Київ"
  },
  {
    "number": 59000456239201,
    "dateTime": {
      "date": {
        "year": 2019,
        "month": 10,
        "day": 20
      },
      "time": {
        "hour": 13,
        "minute": 0,
        "second": 43,
        "nano": 0
      }
    },
    "citySender": "Черкаси",
    "cityRecipient": "Львів"
  },
  {
    "number": 59000456239202,
    "dateTime": {
      "date": {
        "year": 2019,
        "month": 10,
        "day": 20
      },
      "time": {
        "hour": 13,
        "minute": 0,
        "second": 37,
        "nano": 0
      }
    },
    "citySender": "Київ",
    "cityRecipient": "Одеса"
  },
  {
    "number": 59000456239204,
    "dateTime": {
      "date": {
        "year": 2019,
        "month": 10,
        "day": 20
      },
      "time": {
        "hour": 13,
        "minute": 0,
        "second": 48,
        "nano": 0
      }
    },
    "citySender": "Чорноморськ",
    "cityRecipient": "Харків"
  },
  {
    "number": 59000456239205,
    "dateTime": {
      "date": {
        "year": 2019,
        "month": 10,
        "day": 20
      },
      "time": {
        "hour": 13,
        "minute": 0,
        "second": 54,
        "nano": 0
      }
    },
    "citySender": "Чернівці",
    "cityRecipient": "Харків"
  }
]