[
  {
    "number": 59000456107479,
    "dateTime": {
      "date": {
        "year": 2019,
        "month": 10,
        "day": 19
      },
      "time": {
        "hour": 11,
        "minute": 42,
        "second": 10,
        "nano": 0
      }
    },
    "citySender": "Немирів (Вінницька обл.)",
    "cityRecipient": "Новоград-Волинський"
  },
  {
    "number": 59000456107480,
    "dateTime": {
      "date": {
        "year": 2019,
        "month": 10,
        "day": 19
      },
      "time": {
        "hour": 11,
        "minute": 42,
        "second": 47,
        "nano": 0
      }
    },
    "citySender": "Одеса",
    "cityRecipient": "Одеса"
  },
  {
    "number": 59000456107481,
    "dateTime": {
      "date": {
        "year": 2019,
        "month": 10,
        "day": 19
      },
      "time": {
        "hour": 11,
        "minute": 41,
        "second": 58,
        "nano": 0
      }
    },
    "citySender": "Кам\u0027янське(Дніпропетровська обл)",
    "cityRecipient": "Харків"
  },
  {
    "number": 59000456107482,
    "dateTime": {
      "date": {
        "year": 2019,
        "month": 10,
        "day": 19
      },
      "time": {
        "hour": 11,
        "minute": 42,
        "second": 31,
        "nano": 0
      }
    },
    "citySender": "Ужгород",
    "cityRecipient": "Київ"
  },
  {
    "number": 59000456107483,
    "dateTime": {
      "date": {
        "year": 2019,
        "month": 10,
        "day": 19
      },
      "time": {
        "hour": 11,
        "minute": 40,
        "second": 8,
        "nano": 0
      }
    },
    "citySender": "Кривий Ріг",
    "cityRecipient": "Григорівка"
  },
  {
    "number": 59000456107484,
    "dateTime": {
      "date": {
        "year": 2019,
        "month": 10,
        "day": 19
      },
      "time": {
        "hour": 11,
        "minute": 42,
        "second": 38,
        "nano": 0
      }
    },
    "citySender": "Запоріжжя",
    "cityRecipient": "Суми"
  },
  {
    "number": 59000456107485,
    "dateTime": {
      "date": {
        "year": 2019,
        "month": 10,
        "day": 19
      },
      "time": {
        "hour": 11,
        "minute": 42,
        "second": 41,
        "nano": 0
      }
    },
    "citySender": "Херсон",
    "cityRecipient": "Одеса"
  },
  {
    "number": 59000456107486,
    "dateTime": {
      "date": {
        "year": 2019,
        "month": 10,
        "day": 19
      },
      "time": {
        "hour": 11,
        "minute": 42,
        "second": 35,
        "nano": 0
      }
    },
    "citySender": "Харків",
    "cityRecipient": "Київ"
  },
  {
    "number": 59000456107487,
    "dateTime": {
      "date": {
        "year": 2019,
        "month": 10,
        "day": 19
      },
      "time": {
        "hour": 11,
        "minute": 42,
        "second": 38,
        "nano": 0
      }
    },
    "citySender": "Київ",
    "cityRecipient": "Тернопіль"
  },
  {
    "number": 59000456107488,
    "dateTime": {
      "date": {
        "year": 2019,
        "month": 10,
        "day": 19
      },
      "time": {
        "hour": 11,
        "minute": 42,
        "second": 37,
        "nano": 0
      }
    },
    "citySender": "Кропивницький",
    "cityRecipient": "Київ"
  },
  {
    "number": 59000456107489,
    "dateTime": {
      "date": {
        "year": 2019,
        "month": 10,
        "day": 19
      },
      "time": {
        "hour": 11,
        "minute": 42,
        "second": 42,
        "nano": 0
      }
    },
    "citySender": "Ковель",
    "cityRecipient": "Цумань"
  },
  {
    "number": 59000456107490,
    "dateTime": {
      "date": {
        "year": 2019,
        "month": 10,
        "day": 19
      },
      "time": {
        "hour": 11,
        "minute": 42,
        "second": 26,
        "nano": 0
      }
    },
    "citySender": "Київ",
    "cityRecipient": "Вінниця"
  },
  {
    "number": 59000456107491,
    "dateTime": {
      "date": {
        "year": 2019,
        "month": 10,
        "day": 19
      },
      "time": {
        "hour": 11,
        "minute": 41,
        "second": 50,
        "nano": 0
      }
    },
    "citySender": "Ворохта",
    "cityRecipient": "Поляниця (Буковель)"
  },
  {
    "number": 59000456107492,
    "dateTime": {
      "date": {
        "year": 2019,
        "month": 10,
        "day": 19
      },
      "time": {
        "hour": 11,
        "minute": 42,
        "second": 50,
        "nano": 0
      }
    },
    "citySender": "Березівка",
    "cityRecipient": "Київ"
  },
  {
    "number": 59000456107493,
    "dateTime": {
      "date": {
        "year": 2019,
        "month": 10,
        "day": 19
      },
      "time": {
        "hour": 11,
        "minute": 42,
        "second": 8,
        "nano": 0
      }
    },
    "citySender": "Охтирка",
    "cityRecipient": "Харків"
  },
  {
    "number": 59000456107494,
    "dateTime": {
      "date": {
        "year": 2019,
        "month": 10,
        "day": 19
      },
      "time": {
        "hour": 11,
        "minute": 42,
        "second": 50,
        "nano": 0
      }
    },
    "citySender": "Харків",
    "cityRecipient": "Вінниця"
  },
  {
    "number": 59000456107495,
    "dateTime": {
      "date": {
        "year": 2019,
        "month": 10,
        "day": 19
      },
      "time": {
        "hour": 11,
        "minute": 42,
        "second": 51,
        "nano": 0
      }
    },
    "citySender": "Ірпінь",
    "cityRecipient": "Полтава"
  },
  {
    "number": 59000456107496,
    "dateTime": {
      "date": {
        "year": 2019,
        "month": 10,
        "day": 19
      },
      "time": {
        "hour": 11,
        "minute": 42,
        "second": 44,
        "nano": 0
      }
    },
    "citySender": "Запоріжжя",
    "cityRecipient": "Біляївка"
  },
  {
    "number": 59000456107497,
    "dateTime": {
      "date": {
        "year": 2019,
        "month": 10,
        "day": 19
      },
      "time": {
        "hour": 11,
        "minute": 42,
        "second": 42,
        "nano": 0
      }
    },
    "citySender": "Бородянка",
    "cityRecipient": "Любомль"
  },
  {
    "number": 59000456107498,
    "dateTime": {
      "date": {
        "year": 2019,
        "month": 10,
        "day": 19
      },
      "time": {
        "hour": 11,
        "minute": 42,
        "second": 39,
        "nano": 0
      }
    },
    "citySender": "Харків",
    "cityRecipient": "Одеса"
  },
  {
    "number": 59000456107499,
    "dateTime": {
      "date": {
        "year": 2019,
        "month": 10,
        "day": 19
      },
      "time": {
        "hour": 11,
        "minute": 42,
        "second": 23,
        "nano": 0
      }
    },
    "citySender": "Волноваха",
    "cityRecipient": "Київ"
  },
  {
    "number": 59000456107500,
    "dateTime": {
      "date": {
        "year": 2019,
        "month": 10,
        "day": 19
      },
      "time": {
        "hour": 11,
        "minute": 42,
        "second": 19,
        "nano": 0
      }
    },
    "citySender": "Житомир",
    "cityRecipient": "Одеса"
  },
  {
    "number": 59000456107501,
    "dateTime": {
      "date": {
        "year": 2019,
        "month": 10,
        "day": 19
      },
      "time": {
        "hour": 11,
        "minute": 42,
        "second": 42,
        "nano": 0
      }
    },
    "citySender": "Нетішин",
    "cityRecipient": "Буча"
  },
  {
    "number": 59000456107502,
    "dateTime": {
      "date": {
        "year": 2019,
        "month": 10,
        "day": 19
      },
      "time": {
        "hour": 11,
        "minute": 42,
        "second": 52,
        "nano": 0
      }
    },
    "citySender": "Кам\u0027янець-Подільський",
    "cityRecipient": "Харків"
  },
  {
    "number": 59000456107503,
    "dateTime": {
      "date": {
        "year": 2019,
        "month": 10,
        "day": 19
      },
      "time": {
        "hour": 11,
        "minute": 42,
        "second": 51,
        "nano": 0
      }
    },
    "citySender": "Прилуки",
    "cityRecipient": "Крюківщина"
  },
  {
    "number": 59000456107504,
    "dateTime": {
      "date": {
        "year": 2019,
        "month": 10,
        "day": 19
      },
      "time": {
        "hour": 11,
        "minute": 42,
        "second": 49,
        "nano": 0
      }
    },
    "citySender": "Сторожниця(Ужгородський р-н)",
    "cityRecipient": "Кременчук"
  },
  {
    "number": 59000456107505,
    "dateTime": {
      "date": {
        "year": 2019,
        "month": 10,
        "day": 19
      },
      "time": {
        "hour": 11,
        "minute": 42,
        "second": 52,
        "nano": 0
      }
    },
    "citySender": "Київ",
    "cityRecipient": "Южноукраїнськ"
  },
  {
    "number": 59000456107506,
    "dateTime": {
      "date": {
        "year": 2019,
        "month": 10,
        "day": 19
      },
      "time": {
        "hour": 11,
        "minute": 42,
        "second": 52,
        "nano": 0
      }
    },
    "citySender": "Одеса",
    "cityRecipient": "Київ"
  },
  {
    "number": 59000456107507,
    "dateTime": {
      "date": {
        "year": 2019,
        "month": 10,
        "day": 19
      },
      "time": {
        "hour": 11,
        "minute": 42,
        "second": 52,
        "nano": 0
      }
    },
    "citySender": "Мілове",
    "cityRecipient": "Харків"
  },
  {
    "number": 59000456107508,
    "dateTime": {
      "date": {
        "year": 2019,
        "month": 10,
        "day": 19
      },
      "time": {
        "hour": 11,
        "minute": 42,
        "second": 14,
        "nano": 0
      }
    },
    "citySender": "Рівне",
    "cityRecipient": "Одеса"
  },
  {
    "number": 59000456107509,
    "dateTime": {
      "date": {
        "year": 2019,
        "month": 10,
        "day": 19
      },
      "time": {
        "hour": 11,
        "minute": 42,
        "second": 34,
        "nano": 0
      }
    },
    "citySender": "Варва",
    "cityRecipient": "Київ"
  },
  {
    "number": 59000456107510,
    "dateTime": {
      "date": {
        "year": 2019,
        "month": 10,
        "day": 19
      },
      "time": {
        "hour": 11,
        "minute": 42,
        "second": 52,
        "nano": 0
      }
    },
    "citySender": "Березна (Чернігівська обл.)",
    "cityRecipient": "Миколаїв"
  },
  {
    "number": 59000456107511,
    "dateTime": {
      "date": {
        "year": 2019,
        "month": 10,
        "day": 19
      },
      "time": {
        "hour": 11,
        "minute": 42,
        "second": 47,
        "nano": 0
      }
    },
    "citySender": "Вінниця",
    "cityRecipient": "Покровськ (Донецька обл.)"
  },
  {
    "number": 59000456107512,
    "dateTime": {
      "date": {
        "year": 2019,
        "month": 10,
        "day": 19
      },
      "time": {
        "hour": 11,
        "minute": 42,
        "second": 43,
        "nano": 0
      }
    },
    "citySender": "Київ",
    "cityRecipient": "Біла Церква"
  },
  {
    "number": 59000456107513,
    "dateTime": {
      "date": {
        "year": 2019,
        "month": 10,
        "day": 19
      },
      "time": {
        "hour": 11,
        "minute": 42,
        "second": 54,
        "nano": 0
      }
    },
    "citySender": "Вінниця",
    "cityRecipient": "Київ"
  },
  {
    "number": 59000456107514,
    "dateTime": {
      "date": {
        "year": 2019,
        "month": 10,
        "day": 19
      },
      "time": {
        "hour": 11,
        "minute": 42,
        "second": 45,
        "nano": 0
      }
    },
    "citySender": "Київ",
    "cityRecipient": "Колонщина"
  },
  {
    "number": 59000456107515,
    "dateTime": {
      "date": {
        "year": 2019,
        "month": 10,
        "day": 19
      },
      "time": {
        "hour": 11,
        "minute": 42,
        "second": 43,
        "nano": 0
      }
    },
    "citySender": "Львів",
    "cityRecipient": "Харків"
  },
  {
    "number": 59000456107516,
    "dateTime": {
      "date": {
        "year": 2019,
        "month": 10,
        "day": 19
      },
      "time": {
        "hour": 11,
        "minute": 42,
        "second": 40,
        "nano": 0
      }
    },
    "citySender": "Ковель",
    "cityRecipient": "Київ"
  },
  {
    "number": 59000456107517,
    "dateTime": {
      "date": {
        "year": 2019,
        "month": 10,
        "day": 19
      },
      "time": {
        "hour": 11,
        "minute": 42,
        "second": 45,
        "nano": 0
      }
    },
    "citySender": "Дніпро",
    "cityRecipient": "Світлодарськ"
  },
  {
    "number": 59000456107518,
    "dateTime": {
      "date": {
        "year": 2019,
        "month": 10,
        "day": 19
      },
      "time": {
        "hour": 11,
        "minute": 42,
        "second": 18,
        "nano": 0
      }
    },
    "citySender": "Біла Церква",
    "cityRecipient": "Фастів"
  },
  {
    "number": 59000456107519,
    "dateTime": {
      "date": {
        "year": 2019,
        "month": 10,
        "day": 19
      },
      "time": {
        "hour": 11,
        "minute": 42,
        "second": 51,
        "nano": 0
      }
    },
    "citySender": "Новомиколаївка (Новотроїцький р-н)",
    "cityRecipient": "Новомиколаївка(Скадовський р-н)"
  },
  {
    "number": 59000456107520,
    "dateTime": {
      "date": {
        "year": 2019,
        "month": 10,
        "day": 19
      },
      "time": {
        "hour": 11,
        "minute": 42,
        "second": 55,
        "nano": 0
      }
    },
    "citySender": "Дніпро",
    "cityRecipient": "Жовті Води"
  },
  {
    "number": 59000456107521,
    "dateTime": {
      "date": {
        "year": 2019,
        "month": 10,
        "day": 19
      },
      "time": {
        "hour": 11,
        "minute": 42,
        "second": 31,
        "nano": 0
      }
    },
    "citySender": "Харків",
    "cityRecipient": "Миргород"
  },
  {
    "number": 59000456107522,
    "dateTime": {
      "date": {
        "year": 2019,
        "month": 10,
        "day": 19
      },
      "time": {
        "hour": 11,
        "minute": 42,
        "second": 25,
        "nano": 0
      }
    },
    "citySender": "Львів",
    "cityRecipient": "Єлизаветівка"
  },
  {
    "number": 59000456107523,
    "dateTime": {
      "date": {
        "year": 2019,
        "month": 10,
        "day": 19
      },
      "time": {
        "hour": 11,
        "minute": 42,
        "second": 39,
        "nano": 0
      }
    },
    "citySender": "Винники",
    "cityRecipient": "Ковель"
  },
  {
    "number": 59000456107524,
    "dateTime": {
      "date": {
        "year": 2019,
        "month": 10,
        "day": 19
      },
      "time": {
        "hour": 11,
        "minute": 42,
        "second": 46,
        "nano": 0
      }
    },
    "citySender": "Київ",
    "cityRecipient": "Володимир-Волинський"
  },
  {
    "number": 59000456107525,
    "dateTime": {
      "date": {
        "year": 2019,
        "month": 10,
        "day": 19
      },
      "time": {
        "hour": 11,
        "minute": 42,
        "second": 42,
        "nano": 0
      }
    },
    "citySender": "Кривий Ріг",
    "cityRecipient": "Дніпро"
  },
  {
    "number": 59000456107526,
    "dateTime": {
      "date": {
        "year": 2019,
        "month": 10,
        "day": 19
      },
      "time": {
        "hour": 11,
        "minute": 42,
        "second": 55,
        "nano": 0
      }
    },
    "citySender": "Київ",
    "cityRecipient": "Луцьк"
  },
  {
    "number": 59000456107527,
    "dateTime": {
      "date": {
        "year": 2019,
        "month": 10,
        "day": 19
      },
      "time": {
        "hour": 11,
        "minute": 42,
        "second": 32,
        "nano": 0
      }
    },
    "citySender": "Вінниця",
    "cityRecipient": "Хмельницький"
  },
  {
    "number": 59000456107528,
    "dateTime": {
      "date": {
        "year": 2019,
        "month": 10,
        "day": 19
      },
      "time": {
        "hour": 11,
        "minute": 42,
        "second": 55,
        "nano": 0
      }
    },
    "citySender": "Київ",
    "cityRecipient": "Київ"
  },
  {
    "number": 59000456107529,
    "dateTime": {
      "date": {
        "year": 2019,
        "month": 10,
        "day": 19
      },
      "time": {
        "hour": 11,
        "minute": 42,
        "second": 36,
        "nano": 0
      }
    },
    "citySender": "Золочів (Львівська обл.)",
    "cityRecipient": "Білогородка (Київська обл.)"
  },
  {
    "number": 59000456107530,
    "dateTime": {
      "date": {
        "year": 2019,
        "month": 10,
        "day": 19
      },
      "time": {
        "hour": 11,
        "minute": 42,
        "second": 1,
        "nano": 0
      }
    },
    "citySender": "Харків",
    "cityRecipient": "Дніпро"
  },
  {
    "number": 59000456107531,
    "dateTime": {
      "date": {
        "year": 2019,
        "month": 10,
        "day": 19
      },
      "time": {
        "hour": 11,
        "minute": 42,
        "second": 53,
        "nano": 0
      }
    },
    "citySender": "Мала Данилівка",
    "cityRecipient": "Долинська"
  },
  {
    "number": 59000456107532,
    "dateTime": {
      "date": {
        "year": 2019,
        "month": 10,
        "day": 19
      },
      "time": {
        "hour": 11,
        "minute": 42,
        "second": 53,
        "nano": 0
      }
    },
    "citySender": "Львів",
    "cityRecipient": "Добротвір"
  },
  {
    "number": 59000456107533,
    "dateTime": {
      "date": {
        "year": 2019,
        "month": 10,
        "day": 19
      },
      "time": {
        "hour": 11,
        "minute": 42,
        "second": 41,
        "nano": 0
      }
    },
    "citySender": "Суми",
    "cityRecipient": "Бахмут"
  },
  {
    "number": 59000456107534,
    "dateTime": {
      "date": {
        "year": 2019,
        "month": 10,
        "day": 19
      },
      "time": {
        "hour": 11,
        "minute": 42,
        "second": 48,
        "nano": 0
      }
    },
    "citySender": "Харків",
    "cityRecipient": "Нікополь (Дніпропетровська обл.)"
  },
  {
    "number": 59000456107535,
    "dateTime": {
      "date": {
        "year": 2019,
        "month": 10,
        "day": 19
      },
      "time": {
        "hour": 11,
        "minute": 42,
        "second": 54,
        "nano": 0
      }
    },
    "citySender": "Шацьк",
    "cityRecipient": "Львів"
  },
  {
    "number": 59000456107536,
    "dateTime": {
      "date": {
        "year": 2019,
        "month": 10,
        "day": 19
      },
      "time": {
        "hour": 11,
        "minute": 42,
        "second": 56,
        "nano": 0
      }
    },
    "citySender": "Запоріжжя",
    "cityRecipient": "Пологи (Запорізька обл.)"
  },
  {
    "number": 59000456107537,
    "dateTime": {
      "date": {
        "year": 2019,
        "month": 10,
        "day": 19
      },
      "time": {
        "hour": 11,
        "minute": 42,
        "second": 58,
        "nano": 0
      }
    },
    "citySender": "Кривий Ріг",
    "cityRecipient": "Київ"
  },
  {
    "number": 59000456107538,
    "dateTime": {
      "date": {
        "year": 2019,
        "month": 10,
        "day": 19
      },
      "time": {
        "hour": 11,
        "minute": 42,
        "second": 48,
        "nano": 0
      }
    },
    "citySender": "Шкло",
    "cityRecipient": "Костянтинівка (Донецька обл.)"
  },
  {
    "number": 59000456107539,
    "dateTime": {
      "date": {
        "year": 2019,
        "month": 10,
        "day": 19
      },
      "time": {
        "hour": 11,
        "minute": 42,
        "second": 39,
        "nano": 0
      }
    },
    "citySender": "Харків",
    "cityRecipient": "Київ"
  },
  {
    "number": 59000456107540,
    "dateTime": {
      "date": {
        "year": 2019,
        "month": 10,
        "day": 19
      },
      "time": {
        "hour": 11,
        "minute": 42,
        "second": 44,
        "nano": 0
      }
    },
    "citySender": "Краматорськ",
    "cityRecipient": "Харків"
  },
  {
    "number": 59000456107541,
    "dateTime": {
      "date": {
        "year": 2019,
        "month": 10,
        "day": 19
      },
      "time": {
        "hour": 11,
        "minute": 42,
        "second": 41,
        "nano": 0
      }
    },
    "citySender": "Київ",
    "cityRecipient": "Переяслав-Хмельницький"
  },
  {
    "number": 59000456107543,
    "dateTime": {
      "date": {
        "year": 2019,
        "month": 10,
        "day": 19
      },
      "time": {
        "hour": 11,
        "minute": 42,
        "second": 57,
        "nano": 0
      }
    },
    "citySender": "Почаїв",
    "cityRecipient": "Бориспіль"
  },
  {
    "number": 59000456107544,
    "dateTime": {
      "date": {
        "year": 2019,
        "month": 10,
        "day": 19
      },
      "time": {
        "hour": 11,
        "minute": 42,
        "second": 49,
        "nano": 0
      }
    },
    "citySender": "Київ",
    "cityRecipient": "Львів"
  },
  {
    "number": 59000456107545,
    "dateTime": {
      "date": {
        "year": 2019,
        "month": 10,
        "day": 19
      },
      "time": {
        "hour": 11,
        "minute": 42,
        "second": 16,
        "nano": 0
      }
    },
    "citySender": "Житомир",
    "cityRecipient": "Зіньків"
  },
  {
    "number": 59000456107546,
    "dateTime": {
      "date": {
        "year": 2019,
        "month": 10,
        "day": 19
      },
      "time": {
        "hour": 11,
        "minute": 42,
        "second": 23,
        "nano": 0
      }
    },
    "citySender": "Київ",
    "cityRecipient": "Київ"
  },
  {
    "number": 59000456107547,
    "dateTime": {
      "date": {
        "year": 2019,
        "month": 10,
        "day": 19
      },
      "time": {
        "hour": 11,
        "minute": 42,
        "second": 50,
        "nano": 0
      }
    },
    "citySender": "Зміїнець",
    "cityRecipient": "Житомир"
  },
  {
    "number": 59000456107548,
    "dateTime": {
      "date": {
        "year": 2019,
        "month": 10,
        "day": 19
      },
      "time": {
        "hour": 11,
        "minute": 42,
        "second": 58,
        "nano": 0
      }
    },
    "citySender": "Київ",
    "cityRecipient": "Кропивницький"
  },
  {
    "number": 59000456107549,
    "dateTime": {
      "date": {
        "year": 2019,
        "month": 10,
        "day": 19
      },
      "time": {
        "hour": 11,
        "minute": 42,
        "second": 56,
        "nano": 0
      }
    },
    "citySender": "Київ",
    "cityRecipient": "Харків"
  },
  {
    "number": 59000456107550,
    "dateTime": {
      "date": {
        "year": 2019,
        "month": 10,
        "day": 19
      },
      "time": {
        "hour": 11,
        "minute": 42,
        "second": 11,
        "nano": 0
      }
    },
    "citySender": "Рубіжне",
    "cityRecipient": "Кременчук"
  },
  {
    "number": 59000456107552,
    "dateTime": {
      "date": {
        "year": 2019,
        "month": 10,
        "day": 19
      },
      "time": {
        "hour": 11,
        "minute": 42,
        "second": 35,
        "nano": 0
      }
    },
    "citySender": "Харків",
    "cityRecipient": "Херсон"
  },
  {
    "number": 59000456107553,
    "dateTime": {
      "date": {
        "year": 2019,
        "month": 10,
        "day": 19
      },
      "time": {
        "hour": 11,
        "minute": 42,
        "second": 53,
        "nano": 0
      }
    },
    "citySender": "Дніпро",
    "cityRecipient": "Кам\u0027янське(Дніпропетровська обл)"
  },
  {
    "number": 59000456107554,
    "dateTime": {
      "date": {
        "year": 2019,
        "month": 10,
        "day": 19
      },
      "time": {
        "hour": 11,
        "minute": 42,
        "second": 53,
        "nano": 0
      }
    },
    "citySender": "Львів",
    "cityRecipient": "Покровськ (Донецька обл.)"
  },
  {
    "number": 59000456107555,
    "dateTime": {
      "date": {
        "year": 2019,
        "month": 10,
        "day": 19
      },
      "time": {
        "hour": 11,
        "minute": 42,
        "second": 45,
        "nano": 0
      }
    },
    "citySender": "Ружин",
    "cityRecipient": "Київ"
  },
  {
    "number": 59000456107556,
    "dateTime": {
      "date": {
        "year": 2019,
        "month": 10,
        "day": 19
      },
      "time": {
        "hour": 11,
        "minute": 42,
        "second": 58,
        "nano": 0
      }
    },
    "citySender": "Залізний Порт",
    "cityRecipient": "Херсон"
  },
  {
    "number": 59000456107557,
    "dateTime": {
      "date": {
        "year": 2019,
        "month": 10,
        "day": 19
      },
      "time": {
        "hour": 11,
        "minute": 42,
        "second": 48,
        "nano": 0
      }
    },
    "citySender": "Рівне",
    "cityRecipient": "Ужгород"
  },
  {
    "number": 59000456107558,
    "dateTime": {
      "date": {
        "year": 2019,
        "month": 10,
        "day": 19
      },
      "time": {
        "hour": 11,
        "minute": 43,
        "second": 2,
        "nano": 0
      }
    },
    "citySender": "Чернівці",
    "cityRecipient": "Суми"
  },
  {
    "number": 59000456107559,
    "dateTime": {
      "date": {
        "year": 2019,
        "month": 10,
        "day": 19
      },
      "time": {
        "hour": 11,
        "minute": 42,
        "second": 30,
        "nano": 0
      }
    },
    "citySender": "Новоолексіївка (Херсонська обл.)",
    "cityRecipient": "Харків"
  },
  {
    "number": 59000456107560,
    "dateTime": {
      "date": {
        "year": 2019,
        "month": 10,
        "day": 19
      },
      "time": {
        "hour": 11,
        "minute": 42,
        "second": 57,
        "nano": 0
      }
    },
    "citySender": "Херсон",
    "cityRecipient": "Житомир"
  },
  {
    "number": 59000456107561,
    "dateTime": {
      "date": {
        "year": 2019,
        "month": 10,
        "day": 19
      },
      "time": {
        "hour": 11,
        "minute": 41,
        "second": 30,
        "nano": 0
      }
    },
    "citySender": "Вендичани",
    "cityRecipient": "Свалява"
  },
  {
    "number": 59000456107562,
    "dateTime": {
      "date": {
        "year": 2019,
        "month": 10,
        "day": 19
      },
      "time": {
        "hour": 11,
        "minute": 42,
        "second": 55,
        "nano": 0
      }
    },
    "citySender": "Київ",
    "cityRecipient": "Київ"
  },
  {
    "number": 59000456107563,
    "dateTime": {
      "date": {
        "year": 2019,
        "month": 10,
        "day": 19
      },
      "time": {
        "hour": 11,
        "minute": 43,
        "second": 5,
        "nano": 0
      }
    },
    "citySender": "Бровари",
    "cityRecipient": "Київ"
  },
  {
    "number": 59000456107564,
    "dateTime": {
      "date": {
        "year": 2019,
        "month": 10,
        "day": 19
      },
      "time": {
        "hour": 11,
        "minute": 42,
        "second": 17,
        "nano": 0
      }
    },
    "citySender": "Молодіжне",
    "cityRecipient": "Київ"
  },
  {
    "number": 59000456107565,
    "dateTime": {
      "date": {
        "year": 2019,
        "month": 10,
        "day": 19
      },
      "time": {
        "hour": 11,
        "minute": 43,
        "second": 3,
        "nano": 0
      }
    },
    "citySender": "Чернівці",
    "cityRecipient": "Сєвєродонецьк"
  },
  {
    "number": 59000456107566,
    "dateTime": {
      "date": {
        "year": 2019,
        "month": 10,
        "day": 19
      },
      "time": {
        "hour": 11,
        "minute": 42,
        "second": 42,
        "nano": 0
      }
    },
    "citySender": "Миколаїв",
    "cityRecipient": "Котляри"
  },
  {
    "number": 59000456107567,
    "dateTime": {
      "date": {
        "year": 2019,
        "month": 10,
        "day": 19
      },
      "time": {
        "hour": 11,
        "minute": 42,
        "second": 56,
        "nano": 0
      }
    },
    "citySender": "Дніпро",
    "cityRecipient": "Харків"
  },
  {
    "number": 59000456107568,
    "dateTime": {
      "date": {
        "year": 2019,
        "month": 10,
        "day": 19
      },
      "time": {
        "hour": 11,
        "minute": 42,
        "second": 39,
        "nano": 0
      }
    },
    "citySender": "Сміла",
    "cityRecipient": "Запоріжжя"
  },
  {
    "number": 59000456107569,
    "dateTime": {
      "date": {
        "year": 2019,
        "month": 10,
        "day": 19
      },
      "time": {
        "hour": 11,
        "minute": 42,
        "second": 35,
        "nano": 0
      }
    },
    "citySender": "Київ",
    "cityRecipient": "Київ"
  },
  {
    "number": 59000456107570,
    "dateTime": {
      "date": {
        "year": 2019,
        "month": 10,
        "day": 19
      },
      "time": {
        "hour": 11,
        "minute": 43,
        "second": 6,
        "nano": 0
      }
    },
    "citySender": "Дніпро",
    "cityRecipient": "Київ"
  },
  {
    "number": 59000456107571,
    "dateTime": {
      "date": {
        "year": 2019,
        "month": 10,
        "day": 19
      },
      "time": {
        "hour": 11,
        "minute": 42,
        "second": 33,
        "nano": 0
      }
    },
    "citySender": "Одеса",
    "cityRecipient": "Миколаїв"
  },
  {
    "number": 59000456107572,
    "dateTime": {
      "date": {
        "year": 2019,
        "month": 10,
        "day": 19
      },
      "time": {
        "hour": 11,
        "minute": 42,
        "second": 58,
        "nano": 0
      }
    },
    "citySender": "Запоріжжя",
    "cityRecipient": "Запоріжжя"
  },
  {
    "number": 59000456107573,
    "dateTime": {
      "date": {
        "year": 2019,
        "month": 10,
        "day": 19
      },
      "time": {
        "hour": 11,
        "minute": 42,
        "second": 24,
        "nano": 0
      }
    },
    "citySender": "Рівне",
    "cityRecipient": "Мелітополь"
  },
  {
    "number": 59000456107574,
    "dateTime": {
      "date": {
        "year": 2019,
        "month": 10,
        "day": 19
      },
      "time": {
        "hour": 11,
        "minute": 42,
        "second": 59,
        "nano": 0
      }
    },
    "citySender": "Запоріжжя",
    "cityRecipient": "Київ"
  },
  {
    "number": 59000456107575,
    "dateTime": {
      "date": {
        "year": 2019,
        "month": 10,
        "day": 19
      },
      "time": {
        "hour": 11,
        "minute": 42,
        "second": 48,
        "nano": 0
      }
    },
    "citySender": "Любомль",
    "cityRecipient": "Новий Буг"
  },
  {
    "number": 59000456107576,
    "dateTime": {
      "date": {
        "year": 2019,
        "month": 10,
        "day": 19
      },
      "time": {
        "hour": 11,
        "minute": 42,
        "second": 57,
        "nano": 0
      }
    },
    "citySender": "Київ",
    "cityRecipient": "Одеса"
  },
  {
    "number": 59000456107577,
    "dateTime": {
      "date": {
        "year": 2019,
        "month": 10,
        "day": 19
      },
      "time": {
        "hour": 11,
        "minute": 42,
        "second": 8,
        "nano": 0
      }
    },
    "citySender": "Львів",
    "cityRecipient": "Васильків"
  },
  {
    "number": 59000456107578,
    "dateTime": {
      "date": {
        "year": 2019,
        "month": 10,
        "day": 19
      },
      "time": {
        "hour": 11,
        "minute": 42,
        "second": 56,
        "nano": 0
      }
    },
    "citySender": "Харків",
    "cityRecipient": "Боярка"
  }
]