[
  {
    "number": 59000456091293,
    "dateTime": {
      "date": {
        "year": 2019,
        "month": 10,
        "day": 19
      },
      "time": {
        "hour": 10,
        "minute": 38,
        "second": 52,
        "nano": 0
      }
    },
    "citySender": "Сарата",
    "cityRecipient": "Кривий Ріг"
  },
  {
    "number": 59000456091294,
    "dateTime": {
      "date": {
        "year": 2019,
        "month": 10,
        "day": 19
      },
      "time": {
        "hour": 10,
        "minute": 38,
        "second": 41,
        "nano": 0
      }
    },
    "citySender": "Харків",
    "cityRecipient": "Покровськ (Донецька обл.)"
  },
  {
    "number": 59000456091295,
    "dateTime": {
      "date": {
        "year": 2019,
        "month": 10,
        "day": 19
      },
      "time": {
        "hour": 10,
        "minute": 39,
        "second": 6,
        "nano": 0
      }
    },
    "citySender": "Вишневе",
    "cityRecipient": "Маріуполь"
  },
  {
    "number": 59000456091296,
    "dateTime": {
      "date": {
        "year": 2019,
        "month": 10,
        "day": 19
      },
      "time": {
        "hour": 10,
        "minute": 37,
        "second": 58,
        "nano": 0
      }
    },
    "citySender": "Опитне (Бахмутський р-н)",
    "cityRecipient": "Кривий Ріг"
  },
  {
    "number": 59000456091297,
    "dateTime": {
      "date": {
        "year": 2019,
        "month": 10,
        "day": 19
      },
      "time": {
        "hour": 10,
        "minute": 39,
        "second": 15,
        "nano": 0
      }
    },
    "citySender": "Київ",
    "cityRecipient": "Київ"
  },
  {
    "number": 59000456091298,
    "dateTime": {
      "date": {
        "year": 2019,
        "month": 10,
        "day": 19
      },
      "time": {
        "hour": 10,
        "minute": 39,
        "second": 20,
        "nano": 0
      }
    },
    "citySender": "Градизьк",
    "cityRecipient": "Полтава"
  },
  {
    "number": 59000456091299,
    "dateTime": {
      "date": {
        "year": 2019,
        "month": 10,
        "day": 19
      },
      "time": {
        "hour": 10,
        "minute": 39,
        "second": 15,
        "nano": 0
      }
    },
    "citySender": "Богуслав (Київська обл.)",
    "cityRecipient": "Батурин"
  },
  {
    "number": 59000456091300,
    "dateTime": {
      "date": {
        "year": 2019,
        "month": 10,
        "day": 19
      },
      "time": {
        "hour": 10,
        "minute": 38,
        "second": 41,
        "nano": 0
      }
    },
    "citySender": "Чернівці",
    "cityRecipient": "Чернівці"
  },
  {
    "number": 59000456091301,
    "dateTime": {
      "date": {
        "year": 2019,
        "month": 10,
        "day": 19
      },
      "time": {
        "hour": 10,
        "minute": 38,
        "second": 3,
        "nano": 0
      }
    },
    "citySender": "Часів Яр",
    "cityRecipient": "Київ"
  },
  {
    "number": 59000456091302,
    "dateTime": {
      "date": {
        "year": 2019,
        "month": 10,
        "day": 19
      },
      "time": {
        "hour": 10,
        "minute": 39,
        "second": 22,
        "nano": 0
      }
    },
    "citySender": "Київ",
    "cityRecipient": "Київ"
  },
  {
    "number": 59000456091303,
    "dateTime": {
      "date": {
        "year": 2019,
        "month": 10,
        "day": 19
      },
      "time": {
        "hour": 10,
        "minute": 38,
        "second": 45,
        "nano": 0
      }
    },
    "citySender": "Виноградів",
    "cityRecipient": "Балта"
  },
  {
    "number": 59000456091304,
    "dateTime": {
      "date": {
        "year": 2019,
        "month": 10,
        "day": 19
      },
      "time": {
        "hour": 10,
        "minute": 38,
        "second": 57,
        "nano": 0
      }
    },
    "citySender": "Чернівці",
    "cityRecipient": "Королево"
  },
  {
    "number": 59000456091305,
    "dateTime": {
      "date": {
        "year": 2019,
        "month": 10,
        "day": 19
      },
      "time": {
        "hour": 10,
        "minute": 39,
        "second": 18,
        "nano": 0
      }
    },
    "citySender": "Красноград (Харківська обл)",
    "cityRecipient": "Київ"
  },
  {
    "number": 59000456091306,
    "dateTime": {
      "date": {
        "year": 2019,
        "month": 10,
        "day": 19
      },
      "time": {
        "hour": 10,
        "minute": 39,
        "second": 21,
        "nano": 0
      }
    },
    "citySender": "Полтава",
    "cityRecipient": "Одеса"
  },
  {
    "number": 59000456091307,
    "dateTime": {
      "date": {
        "year": 2019,
        "month": 10,
        "day": 19
      },
      "time": {
        "hour": 10,
        "minute": 39,
        "second": 3,
        "nano": 0
      }
    },
    "citySender": "Великі Будища (Диканський р-н, Полтавська обл.)",
    "cityRecipient": "Київ"
  },
  {
    "number": 59000456091308,
    "dateTime": {
      "date": {
        "year": 2019,
        "month": 10,
        "day": 19
      },
      "time": {
        "hour": 10,
        "minute": 39,
        "second": 22,
        "nano": 0
      }
    },
    "citySender": "Авангард",
    "cityRecipient": "Бердянськ"
  },
  {
    "number": 59000456091309,
    "dateTime": {
      "date": {
        "year": 2019,
        "month": 10,
        "day": 19
      },
      "time": {
        "hour": 10,
        "minute": 39,
        "second": 0,
        "nano": 0
      }
    },
    "citySender": "Бровари",
    "cityRecipient": "Одеса"
  },
  {
    "number": 59000456091310,
    "dateTime": {
      "date": {
        "year": 2019,
        "month": 10,
        "day": 19
      },
      "time": {
        "hour": 10,
        "minute": 39,
        "second": 24,
        "nano": 0
      }
    },
    "citySender": "Середнє",
    "cityRecipient": "Одеса"
  },
  {
    "number": 59000456091311,
    "dateTime": {
      "date": {
        "year": 2019,
        "month": 10,
        "day": 19
      },
      "time": {
        "hour": 10,
        "minute": 38,
        "second": 57,
        "nano": 0
      }
    },
    "citySender": "Вінниця",
    "cityRecipient": "Томашпіль"
  },
  {
    "number": 59000456091312,
    "dateTime": {
      "date": {
        "year": 2019,
        "month": 10,
        "day": 19
      },
      "time": {
        "hour": 10,
        "minute": 39,
        "second": 21,
        "nano": 0
      }
    },
    "citySender": "Рава-Руська",
    "cityRecipient": "Новоград-Волинський"
  },
  {
    "number": 59000456091313,
    "dateTime": {
      "date": {
        "year": 2019,
        "month": 10,
        "day": 19
      },
      "time": {
        "hour": 10,
        "minute": 39,
        "second": 18,
        "nano": 0
      }
    },
    "citySender": "Новий Розділ",
    "cityRecipient": "Київ"
  },
  {
    "number": 59000456091314,
    "dateTime": {
      "date": {
        "year": 2019,
        "month": 10,
        "day": 19
      },
      "time": {
        "hour": 10,
        "minute": 39,
        "second": 24,
        "nano": 0
      }
    },
    "citySender": "Маріуполь",
    "cityRecipient": "Львів"
  },
  {
    "number": 59000456091315,
    "dateTime": {
      "date": {
        "year": 2019,
        "month": 10,
        "day": 19
      },
      "time": {
        "hour": 10,
        "minute": 38,
        "second": 54,
        "nano": 0
      }
    },
    "citySender": "Павлоград",
    "cityRecipient": "Київ"
  },
  {
    "number": 59000456091316,
    "dateTime": {
      "date": {
        "year": 2019,
        "month": 10,
        "day": 19
      },
      "time": {
        "hour": 10,
        "minute": 39,
        "second": 22,
        "nano": 0
      }
    },
    "citySender": "Хирів",
    "cityRecipient": "Львів"
  },
  {
    "number": 59000456091317,
    "dateTime": {
      "date": {
        "year": 2019,
        "month": 10,
        "day": 19
      },
      "time": {
        "hour": 10,
        "minute": 39,
        "second": 10,
        "nano": 0
      }
    },
    "citySender": "Хуст",
    "cityRecipient": "Київ"
  },
  {
    "number": 59000456091318,
    "dateTime": {
      "date": {
        "year": 2019,
        "month": 10,
        "day": 19
      },
      "time": {
        "hour": 10,
        "minute": 38,
        "second": 58,
        "nano": 0
      }
    },
    "citySender": "Кропивницький",
    "cityRecipient": "Нова Прага"
  },
  {
    "number": 59000456091319,
    "dateTime": {
      "date": {
        "year": 2019,
        "month": 10,
        "day": 19
      },
      "time": {
        "hour": 10,
        "minute": 39,
        "second": 18,
        "nano": 0
      }
    },
    "citySender": "Дніпро",
    "cityRecipient": "Київ"
  },
  {
    "number": 59000456091320,
    "dateTime": {
      "date": {
        "year": 2019,
        "month": 10,
        "day": 19
      },
      "time": {
        "hour": 10,
        "minute": 39,
        "second": 13,
        "nano": 0
      }
    },
    "citySender": "Київ",
    "cityRecipient": "Чугуїв"
  },
  {
    "number": 59000456091322,
    "dateTime": {
      "date": {
        "year": 2019,
        "month": 10,
        "day": 19
      },
      "time": {
        "hour": 10,
        "minute": 39,
        "second": 5,
        "nano": 0
      }
    },
    "citySender": "Стрий",
    "cityRecipient": "Бровари"
  },
  {
    "number": 59000456091323,
    "dateTime": {
      "date": {
        "year": 2019,
        "month": 10,
        "day": 19
      },
      "time": {
        "hour": 10,
        "minute": 38,
        "second": 24,
        "nano": 0
      }
    },
    "citySender": "Одеса",
    "cityRecipient": "Чортків"
  },
  {
    "number": 59000456091324,
    "dateTime": {
      "date": {
        "year": 2019,
        "month": 10,
        "day": 19
      },
      "time": {
        "hour": 10,
        "minute": 39,
        "second": 6,
        "nano": 0
      }
    },
    "citySender": "Обухів",
    "cityRecipient": "Харків"
  },
  {
    "number": 59000456091325,
    "dateTime": {
      "date": {
        "year": 2019,
        "month": 10,
        "day": 19
      },
      "time": {
        "hour": 10,
        "minute": 39,
        "second": 28,
        "nano": 0
      }
    },
    "citySender": "Чернівці",
    "cityRecipient": "Херсон"
  },
  {
    "number": 59000456091326,
    "dateTime": {
      "date": {
        "year": 2019,
        "month": 10,
        "day": 19
      },
      "time": {
        "hour": 10,
        "minute": 39,
        "second": 16,
        "nano": 0
      }
    },
    "citySender": "Ірпінь",
    "cityRecipient": "Тальне"
  },
  {
    "number": 59000456091327,
    "dateTime": {
      "date": {
        "year": 2019,
        "month": 10,
        "day": 19
      },
      "time": {
        "hour": 10,
        "minute": 39,
        "second": 13,
        "nano": 0
      }
    },
    "citySender": "Дніпро",
    "cityRecipient": "Славута"
  },
  {
    "number": 59000456091328,
    "dateTime": {
      "date": {
        "year": 2019,
        "month": 10,
        "day": 19
      },
      "time": {
        "hour": 10,
        "minute": 39,
        "second": 28,
        "nano": 0
      }
    },
    "citySender": "Рубіжне",
    "cityRecipient": "Київ"
  },
  {
    "number": 59000456091329,
    "dateTime": {
      "date": {
        "year": 2019,
        "month": 10,
        "day": 19
      },
      "time": {
        "hour": 10,
        "minute": 38,
        "second": 12,
        "nano": 0
      }
    },
    "citySender": "Костянтинівка(Мелітоп.р-н,Запоріз.обл)",
    "cityRecipient": "Запоріжжя"
  },
  {
    "number": 59000456091330,
    "dateTime": {
      "date": {
        "year": 2019,
        "month": 10,
        "day": 19
      },
      "time": {
        "hour": 10,
        "minute": 38,
        "second": 55,
        "nano": 0
      }
    },
    "citySender": "Дніпро",
    "cityRecipient": "Кременчук"
  },
  {
    "number": 59000456091331,
    "dateTime": {
      "date": {
        "year": 2019,
        "month": 10,
        "day": 19
      },
      "time": {
        "hour": 10,
        "minute": 38,
        "second": 38,
        "nano": 0
      }
    },
    "citySender": "Нові Білокоровичі",
    "cityRecipient": "Київ"
  },
  {
    "number": 59000456091332,
    "dateTime": {
      "date": {
        "year": 2019,
        "month": 10,
        "day": 19
      },
      "time": {
        "hour": 10,
        "minute": 39,
        "second": 22,
        "nano": 0
      }
    },
    "citySender": "Сміла",
    "cityRecipient": "Виноградів"
  },
  {
    "number": 59000456091333,
    "dateTime": {
      "date": {
        "year": 2019,
        "month": 10,
        "day": 19
      },
      "time": {
        "hour": 10,
        "minute": 39,
        "second": 29,
        "nano": 0
      }
    },
    "citySender": "Київ",
    "cityRecipient": "Київ"
  },
  {
    "number": 59000456091334,
    "dateTime": {
      "date": {
        "year": 2019,
        "month": 10,
        "day": 19
      },
      "time": {
        "hour": 10,
        "minute": 39,
        "second": 22,
        "nano": 0
      }
    },
    "citySender": "Харків",
    "cityRecipient": "Київ"
  },
  {
    "number": 59000456091335,
    "dateTime": {
      "date": {
        "year": 2019,
        "month": 10,
        "day": 19
      },
      "time": {
        "hour": 10,
        "minute": 39,
        "second": 26,
        "nano": 0
      }
    },
    "citySender": "Вінниця",
    "cityRecipient": "Київ"
  },
  {
    "number": 59000456091336,
    "dateTime": {
      "date": {
        "year": 2019,
        "month": 10,
        "day": 19
      },
      "time": {
        "hour": 10,
        "minute": 38,
        "second": 32,
        "nano": 0
      }
    },
    "citySender": "Рогатин",
    "cityRecipient": "Великі Мости"
  },
  {
    "number": 59000456091337,
    "dateTime": {
      "date": {
        "year": 2019,
        "month": 10,
        "day": 19
      },
      "time": {
        "hour": 10,
        "minute": 39,
        "second": 25,
        "nano": 0
      }
    },
    "citySender": "Харків",
    "cityRecipient": "Харків"
  },
  {
    "number": 59000456091338,
    "dateTime": {
      "date": {
        "year": 2019,
        "month": 10,
        "day": 19
      },
      "time": {
        "hour": 10,
        "minute": 39,
        "second": 24,
        "nano": 0
      }
    },
    "citySender": "Красноград (Харківська обл)",
    "cityRecipient": "Запоріжжя"
  },
  {
    "number": 59000456091339,
    "dateTime": {
      "date": {
        "year": 2019,
        "month": 10,
        "day": 19
      },
      "time": {
        "hour": 10,
        "minute": 38,
        "second": 11,
        "nano": 0
      }
    },
    "citySender": "Бровари",
    "cityRecipient": "Піщанка (Вінницька обл.)"
  },
  {
    "number": 59000456091340,
    "dateTime": {
      "date": {
        "year": 2019,
        "month": 10,
        "day": 19
      },
      "time": {
        "hour": 10,
        "minute": 39,
        "second": 15,
        "nano": 0
      }
    },
    "citySender": "Херсон",
    "cityRecipient": "Глибока"
  },
  {
    "number": 59000456091341,
    "dateTime": {
      "date": {
        "year": 2019,
        "month": 10,
        "day": 19
      },
      "time": {
        "hour": 10,
        "minute": 34,
        "second": 16,
        "nano": 0
      }
    },
    "citySender": "Покровськ (Донецька обл.)",
    "cityRecipient": "Київ"
  },
  {
    "number": 59000456091342,
    "dateTime": {
      "date": {
        "year": 2019,
        "month": 10,
        "day": 19
      },
      "time": {
        "hour": 10,
        "minute": 39,
        "second": 29,
        "nano": 0
      }
    },
    "citySender": "Нові Санжари",
    "cityRecipient": "Київ"
  },
  {
    "number": 59000456091343,
    "dateTime": {
      "date": {
        "year": 2019,
        "month": 10,
        "day": 19
      },
      "time": {
        "hour": 10,
        "minute": 39,
        "second": 33,
        "nano": 0
      }
    },
    "citySender": "Селидове",
    "cityRecipient": "Київ"
  },
  {
    "number": 59000456091344,
    "dateTime": {
      "date": {
        "year": 2019,
        "month": 10,
        "day": 19
      },
      "time": {
        "hour": 10,
        "minute": 38,
        "second": 58,
        "nano": 0
      }
    },
    "citySender": "Славутич",
    "cityRecipient": "Київ"
  },
  {
    "number": 59000456091345,
    "dateTime": {
      "date": {
        "year": 2019,
        "month": 10,
        "day": 19
      },
      "time": {
        "hour": 10,
        "minute": 39,
        "second": 22,
        "nano": 0
      }
    },
    "citySender": "Вараш",
    "cityRecipient": "Осокорівка"
  },
  {
    "number": 59000456091346,
    "dateTime": {
      "date": {
        "year": 2019,
        "month": 10,
        "day": 19
      },
      "time": {
        "hour": 10,
        "minute": 39,
        "second": 32,
        "nano": 0
      }
    },
    "citySender": "Запоріжжя",
    "cityRecipient": "Дніпро"
  },
  {
    "number": 59000456091347,
    "dateTime": {
      "date": {
        "year": 2019,
        "month": 10,
        "day": 19
      },
      "time": {
        "hour": 10,
        "minute": 39,
        "second": 16,
        "nano": 0
      }
    },
    "citySender": "Дніпрорудне",
    "cityRecipient": "Вільнянськ"
  },
  {
    "number": 59000456091348,
    "dateTime": {
      "date": {
        "year": 2019,
        "month": 10,
        "day": 19
      },
      "time": {
        "hour": 10,
        "minute": 39,
        "second": 34,
        "nano": 0
      }
    },
    "citySender": "Херсон",
    "cityRecipient": "Харків"
  },
  {
    "number": 59000456091349,
    "dateTime": {
      "date": {
        "year": 2019,
        "month": 10,
        "day": 19
      },
      "time": {
        "hour": 10,
        "minute": 39,
        "second": 5,
        "nano": 0
      }
    },
    "citySender": "Львів",
    "cityRecipient": "Київ"
  },
  {
    "number": 59000456091350,
    "dateTime": {
      "date": {
        "year": 2019,
        "month": 10,
        "day": 19
      },
      "time": {
        "hour": 10,
        "minute": 39,
        "second": 18,
        "nano": 0
      }
    },
    "citySender": "Рівне",
    "cityRecipient": "Чернігів"
  },
  {
    "number": 59000456091351,
    "dateTime": {
      "date": {
        "year": 2019,
        "month": 10,
        "day": 19
      },
      "time": {
        "hour": 10,
        "minute": 39,
        "second": 24,
        "nano": 0
      }
    },
    "citySender": "Іза",
    "cityRecipient": "Хмільник (Вінницька обл.)"
  },
  {
    "number": 59000456091352,
    "dateTime": {
      "date": {
        "year": 2019,
        "month": 10,
        "day": 19
      },
      "time": {
        "hour": 10,
        "minute": 38,
        "second": 57,
        "nano": 0
      }
    },
    "citySender": "Житомир",
    "cityRecipient": "Васильків"
  },
  {
    "number": 59000456091353,
    "dateTime": {
      "date": {
        "year": 2019,
        "month": 10,
        "day": 19
      },
      "time": {
        "hour": 10,
        "minute": 39,
        "second": 20,
        "nano": 0
      }
    },
    "citySender": "Коростишів",
    "cityRecipient": "Київ"
  },
  {
    "number": 59000456091354,
    "dateTime": {
      "date": {
        "year": 2019,
        "month": 10,
        "day": 19
      },
      "time": {
        "hour": 10,
        "minute": 39,
        "second": 15,
        "nano": 0
      }
    },
    "citySender": "Миколаїв",
    "cityRecipient": "Харків"
  },
  {
    "number": 59000456091355,
    "dateTime": {
      "date": {
        "year": 2019,
        "month": 10,
        "day": 19
      },
      "time": {
        "hour": 10,
        "minute": 39,
        "second": 25,
        "nano": 0
      }
    },
    "citySender": "Волноваха",
    "cityRecipient": "Глухів (Сумська обл.)"
  },
  {
    "number": 59000456091356,
    "dateTime": {
      "date": {
        "year": 2019,
        "month": 10,
        "day": 19
      },
      "time": {
        "hour": 10,
        "minute": 38,
        "second": 32,
        "nano": 0
      }
    },
    "citySender": "Чернівці",
    "cityRecipient": "Херсон"
  },
  {
    "number": 59000456091357,
    "dateTime": {
      "date": {
        "year": 2019,
        "month": 10,
        "day": 19
      },
      "time": {
        "hour": 10,
        "minute": 38,
        "second": 31,
        "nano": 0
      }
    },
    "citySender": "Якимівка (Запорізька обл.)",
    "cityRecipient": "Хмельницький"
  },
  {
    "number": 59000456091359,
    "dateTime": {
      "date": {
        "year": 2019,
        "month": 10,
        "day": 19
      },
      "time": {
        "hour": 10,
        "minute": 38,
        "second": 31,
        "nano": 0
      }
    },
    "citySender": "Бершадь",
    "cityRecipient": "Балабине"
  },
  {
    "number": 59000456091360,
    "dateTime": {
      "date": {
        "year": 2019,
        "month": 10,
        "day": 19
      },
      "time": {
        "hour": 10,
        "minute": 38,
        "second": 57,
        "nano": 0
      }
    },
    "citySender": "Одеса",
    "cityRecipient": "Лебедин (Черкаська обл., Шполянський р-н)"
  },
  {
    "number": 59000456091361,
    "dateTime": {
      "date": {
        "year": 2019,
        "month": 10,
        "day": 19
      },
      "time": {
        "hour": 10,
        "minute": 39,
        "second": 18,
        "nano": 0
      }
    },
    "citySender": "Кам\u0027янське(Дніпропетровська обл)",
    "cityRecipient": "Слов\u0027янськ"
  },
  {
    "number": 59000456091363,
    "dateTime": {
      "date": {
        "year": 2019,
        "month": 10,
        "day": 19
      },
      "time": {
        "hour": 10,
        "minute": 36,
        "second": 27,
        "nano": 0
      }
    },
    "citySender": "Київ",
    "cityRecipient": "Київ"
  },
  {
    "number": 59000456091364,
    "dateTime": {
      "date": {
        "year": 2019,
        "month": 10,
        "day": 19
      },
      "time": {
        "hour": 10,
        "minute": 38,
        "second": 49,
        "nano": 0
      }
    },
    "citySender": "Рогатин",
    "cityRecipient": "Кропивницький"
  },
  {
    "number": 59000456091365,
    "dateTime": {
      "date": {
        "year": 2019,
        "month": 10,
        "day": 19
      },
      "time": {
        "hour": 10,
        "minute": 39,
        "second": 19,
        "nano": 0
      }
    },
    "citySender": "Каховка",
    "cityRecipient": "Проліски"
  },
  {
    "number": 59000456091366,
    "dateTime": {
      "date": {
        "year": 2019,
        "month": 10,
        "day": 19
      },
      "time": {
        "hour": 10,
        "minute": 39,
        "second": 39,
        "nano": 0
      }
    },
    "citySender": "Миколаїв",
    "cityRecipient": "Авангард"
  },
  {
    "number": 59000456091367,
    "dateTime": {
      "date": {
        "year": 2019,
        "month": 10,
        "day": 19
      },
      "time": {
        "hour": 10,
        "minute": 39,
        "second": 40,
        "nano": 0
      }
    },
    "citySender": "Чорноморськ",
    "cityRecipient": "Бровари"
  },
  {
    "number": 59000456091368,
    "dateTime": {
      "date": {
        "year": 2019,
        "month": 10,
        "day": 19
      },
      "time": {
        "hour": 10,
        "minute": 38,
        "second": 58,
        "nano": 0
      }
    },
    "citySender": "Шаян",
    "cityRecipient": "Звенигородка"
  },
  {
    "number": 59000456091369,
    "dateTime": {
      "date": {
        "year": 2019,
        "month": 10,
        "day": 19
      },
      "time": {
        "hour": 10,
        "minute": 39,
        "second": 29,
        "nano": 0
      }
    },
    "citySender": "Глухів (Сумська обл.)",
    "cityRecipient": "Одеса"
  },
  {
    "number": 59000456091370,
    "dateTime": {
      "date": {
        "year": 2019,
        "month": 10,
        "day": 19
      },
      "time": {
        "hour": 10,
        "minute": 39,
        "second": 16,
        "nano": 0
      }
    },
    "citySender": "Синельникове",
    "cityRecipient": "Дніпро"
  },
  {
    "number": 59000456091371,
    "dateTime": {
      "date": {
        "year": 2019,
        "month": 10,
        "day": 19
      },
      "time": {
        "hour": 10,
        "minute": 39,
        "second": 15,
        "nano": 0
      }
    },
    "citySender": "Виноградів",
    "cityRecipient": "Марганець"
  },
  {
    "number": 59000456091372,
    "dateTime": {
      "date": {
        "year": 2019,
        "month": 10,
        "day": 19
      },
      "time": {
        "hour": 10,
        "minute": 39,
        "second": 32,
        "nano": 0
      }
    },
    "citySender": "Київ",
    "cityRecipient": "Чулаківка"
  },
  {
    "number": 59000456091373,
    "dateTime": {
      "date": {
        "year": 2019,
        "month": 10,
        "day": 19
      },
      "time": {
        "hour": 10,
        "minute": 39,
        "second": 21,
        "nano": 0
      }
    },
    "citySender": "Прилуки",
    "cityRecipient": "Іванків(Бориспільський р-н)"
  },
  {
    "number": 59000456091374,
    "dateTime": {
      "date": {
        "year": 2019,
        "month": 10,
        "day": 19
      },
      "time": {
        "hour": 10,
        "minute": 39,
        "second": 21,
        "nano": 0
      }
    },
    "citySender": "Черкаси",
    "cityRecipient": "Дніпро"
  },
  {
    "number": 59000456091375,
    "dateTime": {
      "date": {
        "year": 2019,
        "month": 10,
        "day": 19
      },
      "time": {
        "hour": 10,
        "minute": 39,
        "second": 8,
        "nano": 0
      }
    },
    "citySender": "Дніпро",
    "cityRecipient": "Жмеринка"
  },
  {
    "number": 59000456091376,
    "dateTime": {
      "date": {
        "year": 2019,
        "month": 10,
        "day": 19
      },
      "time": {
        "hour": 10,
        "minute": 39,
        "second": 31,
        "nano": 0
      }
    },
    "citySender": "Затока",
    "cityRecipient": "Вишгород"
  },
  {
    "number": 59000456091377,
    "dateTime": {
      "date": {
        "year": 2019,
        "month": 10,
        "day": 19
      },
      "time": {
        "hour": 10,
        "minute": 39,
        "second": 42,
        "nano": 0
      }
    },
    "citySender": "Харків",
    "cityRecipient": "Запоріжжя"
  },
  {
    "number": 59000456091378,
    "dateTime": {
      "date": {
        "year": 2019,
        "month": 10,
        "day": 19
      },
      "time": {
        "hour": 10,
        "minute": 39,
        "second": 16,
        "nano": 0
      }
    },
    "citySender": "Кривий Ріг",
    "cityRecipient": "Фастів"
  },
  {
    "number": 59000456091379,
    "dateTime": {
      "date": {
        "year": 2019,
        "month": 10,
        "day": 19
      },
      "time": {
        "hour": 10,
        "minute": 39,
        "second": 42,
        "nano": 0
      }
    },
    "citySender": "Опішня",
    "cityRecipient": "Докучаєвське"
  },
  {
    "number": 59000456091380,
    "dateTime": {
      "date": {
        "year": 2019,
        "month": 10,
        "day": 19
      },
      "time": {
        "hour": 10,
        "minute": 39,
        "second": 20,
        "nano": 0
      }
    },
    "citySender": "Тернопіль",
    "cityRecipient": "Чугуїв"
  },
  {
    "number": 59000456091382,
    "dateTime": {
      "date": {
        "year": 2019,
        "month": 10,
        "day": 19
      },
      "time": {
        "hour": 10,
        "minute": 39,
        "second": 25,
        "nano": 0
      }
    },
    "citySender": "Полтава",
    "cityRecipient": "Фастів"
  },
  {
    "number": 59000456091383,
    "dateTime": {
      "date": {
        "year": 2019,
        "month": 10,
        "day": 19
      },
      "time": {
        "hour": 10,
        "minute": 39,
        "second": 33,
        "nano": 0
      }
    },
    "citySender": "Брюховичі",
    "cityRecipient": "Турка"
  },
  {
    "number": 59000456091384,
    "dateTime": {
      "date": {
        "year": 2019,
        "month": 10,
        "day": 19
      },
      "time": {
        "hour": 10,
        "minute": 39,
        "second": 27,
        "nano": 0
      }
    },
    "citySender": "Новогродівка",
    "cityRecipient": "Вишневе"
  },
  {
    "number": 59000456091385,
    "dateTime": {
      "date": {
        "year": 2019,
        "month": 10,
        "day": 19
      },
      "time": {
        "hour": 10,
        "minute": 39,
        "second": 41,
        "nano": 0
      }
    },
    "citySender": "Канів",
    "cityRecipient": "Київ"
  },
  {
    "number": 59000456091386,
    "dateTime": {
      "date": {
        "year": 2019,
        "month": 10,
        "day": 19
      },
      "time": {
        "hour": 10,
        "minute": 39,
        "second": 34,
        "nano": 0
      }
    },
    "citySender": "Волочиськ",
    "cityRecipient": "Київ"
  },
  {
    "number": 59000456091387,
    "dateTime": {
      "date": {
        "year": 2019,
        "month": 10,
        "day": 19
      },
      "time": {
        "hour": 10,
        "minute": 38,
        "second": 23,
        "nano": 0
      }
    },
    "citySender": "Київ",
    "cityRecipient": "Онуфріївка"
  },
  {
    "number": 59000456091388,
    "dateTime": {
      "date": {
        "year": 2019,
        "month": 10,
        "day": 19
      },
      "time": {
        "hour": 10,
        "minute": 39,
        "second": 31,
        "nano": 0
      }
    },
    "citySender": "Запоріжжя",
    "cityRecipient": "Кривий Ріг"
  },
  {
    "number": 59000456091389,
    "dateTime": {
      "date": {
        "year": 2019,
        "month": 10,
        "day": 19
      },
      "time": {
        "hour": 10,
        "minute": 39,
        "second": 45,
        "nano": 0
      }
    },
    "citySender": "Нікополь (Дніпропетровська обл.)",
    "cityRecipient": "Запоріжжя"
  },
  {
    "number": 59000456091390,
    "dateTime": {
      "date": {
        "year": 2019,
        "month": 10,
        "day": 19
      },
      "time": {
        "hour": 10,
        "minute": 39,
        "second": 22,
        "nano": 0
      }
    },
    "citySender": "Меліоративне (Новомосковський р-н)",
    "cityRecipient": "Київ"
  },
  {
    "number": 59000456091391,
    "dateTime": {
      "date": {
        "year": 2019,
        "month": 10,
        "day": 19
      },
      "time": {
        "hour": 10,
        "minute": 39,
        "second": 45,
        "nano": 0
      }
    },
    "citySender": "Ширяєве",
    "cityRecipient": "Ратне"
  },
  {
    "number": 59000456091392,
    "dateTime": {
      "date": {
        "year": 2019,
        "month": 10,
        "day": 19
      },
      "time": {
        "hour": 10,
        "minute": 39,
        "second": 36,
        "nano": 0
      }
    },
    "citySender": "Борзна",
    "cityRecipient": "Харків"
  }
]