[
  {
    "number": 59000456110874,
    "dateTime": {
      "date": {
        "year": 2019,
        "month": 10,
        "day": 19
      },
      "time": {
        "hour": 11,
        "minute": 54,
        "second": 21,
        "nano": 0
      }
    },
    "citySender": "Володимир-Волинський",
    "cityRecipient": "Київ"
  },
  {
    "number": 59000456110875,
    "dateTime": {
      "date": {
        "year": 2019,
        "month": 10,
        "day": 19
      },
      "time": {
        "hour": 11,
        "minute": 53,
        "second": 48,
        "nano": 0
      }
    },
    "citySender": "Дніпро",
    "cityRecipient": "Київ"
  },
  {
    "number": 59000456110876,
    "dateTime": {
      "date": {
        "year": 2019,
        "month": 10,
        "day": 19
      },
      "time": {
        "hour": 11,
        "minute": 54,
        "second": 30,
        "nano": 0
      }
    },
    "citySender": "Ужгород",
    "cityRecipient": "Бабаї"
  },
  {
    "number": 59000456110877,
    "dateTime": {
      "date": {
        "year": 2019,
        "month": 10,
        "day": 19
      },
      "time": {
        "hour": 11,
        "minute": 54,
        "second": 27,
        "nano": 0
      }
    },
    "citySender": "Пісочин",
    "cityRecipient": "Київ"
  },
  {
    "number": 59000456110878,
    "dateTime": {
      "date": {
        "year": 2019,
        "month": 10,
        "day": 19
      },
      "time": {
        "hour": 11,
        "minute": 54,
        "second": 23,
        "nano": 0
      }
    },
    "citySender": "Хмельницький",
    "cityRecipient": "Київ"
  },
  {
    "number": 59000456110879,
    "dateTime": {
      "date": {
        "year": 2019,
        "month": 10,
        "day": 19
      },
      "time": {
        "hour": 11,
        "minute": 54,
        "second": 10,
        "nano": 0
      }
    },
    "citySender": "Кременець",
    "cityRecipient": "Фастів"
  },
  {
    "number": 59000456110880,
    "dateTime": {
      "date": {
        "year": 2019,
        "month": 10,
        "day": 19
      },
      "time": {
        "hour": 11,
        "minute": 54,
        "second": 31,
        "nano": 0
      }
    },
    "citySender": "Харків",
    "cityRecipient": "Одеса"
  },
  {
    "number": 59000456110881,
    "dateTime": {
      "date": {
        "year": 2019,
        "month": 10,
        "day": 19
      },
      "time": {
        "hour": 11,
        "minute": 54,
        "second": 30,
        "nano": 0
      }
    },
    "citySender": "Одеса",
    "cityRecipient": "Дніпро"
  },
  {
    "number": 59000456110882,
    "dateTime": {
      "date": {
        "year": 2019,
        "month": 10,
        "day": 19
      },
      "time": {
        "hour": 11,
        "minute": 54,
        "second": 24,
        "nano": 0
      }
    },
    "citySender": "Старокостянтинів",
    "cityRecipient": "Львів"
  },
  {
    "number": 59000456110883,
    "dateTime": {
      "date": {
        "year": 2019,
        "month": 10,
        "day": 19
      },
      "time": {
        "hour": 11,
        "minute": 53,
        "second": 43,
        "nano": 0
      }
    },
    "citySender": "Львів",
    "cityRecipient": "Луцьк"
  },
  {
    "number": 59000456110884,
    "dateTime": {
      "date": {
        "year": 2019,
        "month": 10,
        "day": 19
      },
      "time": {
        "hour": 11,
        "minute": 54,
        "second": 24,
        "nano": 0
      }
    },
    "citySender": "Прилуки",
    "cityRecipient": "Дніпро"
  },
  {
    "number": 59000456110885,
    "dateTime": {
      "date": {
        "year": 2019,
        "month": 10,
        "day": 19
      },
      "time": {
        "hour": 11,
        "minute": 54,
        "second": 6,
        "nano": 0
      }
    },
    "citySender": "Лубни",
    "cityRecipient": "Попасне (Новомосковський р-н.)"
  },
  {
    "number": 59000456110886,
    "dateTime": {
      "date": {
        "year": 2019,
        "month": 10,
        "day": 19
      },
      "time": {
        "hour": 11,
        "minute": 54,
        "second": 22,
        "nano": 0
      }
    },
    "citySender": "Кременчук",
    "cityRecipient": "Миколаїв"
  },
  {
    "number": 59000456110887,
    "dateTime": {
      "date": {
        "year": 2019,
        "month": 10,
        "day": 19
      },
      "time": {
        "hour": 11,
        "minute": 54,
        "second": 24,
        "nano": 0
      }
    },
    "citySender": "Ужгород",
    "cityRecipient": "Тернопіль"
  },
  {
    "number": 59000456110888,
    "dateTime": {
      "date": {
        "year": 2019,
        "month": 10,
        "day": 19
      },
      "time": {
        "hour": 11,
        "minute": 54,
        "second": 13,
        "nano": 0
      }
    },
    "citySender": "Миколаїв",
    "cityRecipient": "Херсон"
  },
  {
    "number": 59000456110889,
    "dateTime": {
      "date": {
        "year": 2019,
        "month": 10,
        "day": 19
      },
      "time": {
        "hour": 11,
        "minute": 54,
        "second": 32,
        "nano": 0
      }
    },
    "citySender": "Умань",
    "cityRecipient": "Кривий Ріг"
  },
  {
    "number": 59000456110890,
    "dateTime": {
      "date": {
        "year": 2019,
        "month": 10,
        "day": 19
      },
      "time": {
        "hour": 11,
        "minute": 54,
        "second": 23,
        "nano": 0
      }
    },
    "citySender": "Зміїнець",
    "cityRecipient": "Київ"
  },
  {
    "number": 59000456110891,
    "dateTime": {
      "date": {
        "year": 2019,
        "month": 10,
        "day": 19
      },
      "time": {
        "hour": 11,
        "minute": 54,
        "second": 14,
        "nano": 0
      }
    },
    "citySender": "Чорноморськ",
    "cityRecipient": "Київ"
  },
  {
    "number": 59000456110892,
    "dateTime": {
      "date": {
        "year": 2019,
        "month": 10,
        "day": 19
      },
      "time": {
        "hour": 11,
        "minute": 53,
        "second": 57,
        "nano": 0
      }
    },
    "citySender": "Кривий Ріг",
    "cityRecipient": "Маріуполь"
  },
  {
    "number": 59000456110893,
    "dateTime": {
      "date": {
        "year": 2019,
        "month": 10,
        "day": 19
      },
      "time": {
        "hour": 11,
        "minute": 54,
        "second": 25,
        "nano": 0
      }
    },
    "citySender": "Лиман(Донецька обл)",
    "cityRecipient": "Харків"
  },
  {
    "number": 59000456110894,
    "dateTime": {
      "date": {
        "year": 2019,
        "month": 10,
        "day": 19
      },
      "time": {
        "hour": 11,
        "minute": 54,
        "second": 8,
        "nano": 0
      }
    },
    "citySender": "Львів",
    "cityRecipient": "Київ"
  },
  {
    "number": 59000456110895,
    "dateTime": {
      "date": {
        "year": 2019,
        "month": 10,
        "day": 19
      },
      "time": {
        "hour": 11,
        "minute": 54,
        "second": 32,
        "nano": 0
      }
    },
    "citySender": "Київ",
    "cityRecipient": "Угринів (Тисменицький р-н., Івано-Франк. обл.)"
  },
  {
    "number": 59000456110896,
    "dateTime": {
      "date": {
        "year": 2019,
        "month": 10,
        "day": 19
      },
      "time": {
        "hour": 11,
        "minute": 54,
        "second": 26,
        "nano": 0
      }
    },
    "citySender": "Львів",
    "cityRecipient": "Дніпро"
  },
  {
    "number": 59000456110897,
    "dateTime": {
      "date": {
        "year": 2019,
        "month": 10,
        "day": 19
      },
      "time": {
        "hour": 11,
        "minute": 54,
        "second": 34,
        "nano": 0
      }
    },
    "citySender": "Маріуполь",
    "cityRecipient": "Шостка"
  },
  {
    "number": 59000456110898,
    "dateTime": {
      "date": {
        "year": 2019,
        "month": 10,
        "day": 19
      },
      "time": {
        "hour": 11,
        "minute": 53,
        "second": 33,
        "nano": 0
      }
    },
    "citySender": "Сєвєродонецьк",
    "cityRecipient": "Кривий Ріг"
  },
  {
    "number": 59000456110899,
    "dateTime": {
      "date": {
        "year": 2019,
        "month": 10,
        "day": 19
      },
      "time": {
        "hour": 11,
        "minute": 54,
        "second": 20,
        "nano": 0
      }
    },
    "citySender": "Калинівка (Вінницька обл., Калинівський р-н)",
    "cityRecipient": "Херсон"
  },
  {
    "number": 59000456110900,
    "dateTime": {
      "date": {
        "year": 2019,
        "month": 10,
        "day": 19
      },
      "time": {
        "hour": 11,
        "minute": 53,
        "second": 18,
        "nano": 0
      }
    },
    "citySender": "Черкаси",
    "cityRecipient": "Вінниця"
  },
  {
    "number": 59000456110901,
    "dateTime": {
      "date": {
        "year": 2019,
        "month": 10,
        "day": 19
      },
      "time": {
        "hour": 11,
        "minute": 53,
        "second": 41,
        "nano": 0
      }
    },
    "citySender": "Ізюм",
    "cityRecipient": "Миколаїв"
  },
  {
    "number": 59000456110902,
    "dateTime": {
      "date": {
        "year": 2019,
        "month": 10,
        "day": 19
      },
      "time": {
        "hour": 11,
        "minute": 54,
        "second": 4,
        "nano": 0
      }
    },
    "citySender": "Мелітополь",
    "cityRecipient": "Київ"
  },
  {
    "number": 59000456110903,
    "dateTime": {
      "date": {
        "year": 2019,
        "month": 10,
        "day": 19
      },
      "time": {
        "hour": 11,
        "minute": 54,
        "second": 9,
        "nano": 0
      }
    },
    "citySender": "Брошнів-Осада",
    "cityRecipient": "Київ"
  },
  {
    "number": 59000456110904,
    "dateTime": {
      "date": {
        "year": 2019,
        "month": 10,
        "day": 19
      },
      "time": {
        "hour": 11,
        "minute": 54,
        "second": 20,
        "nano": 0
      }
    },
    "citySender": "Запоріжжя",
    "cityRecipient": "Одеса"
  },
  {
    "number": 59000456110905,
    "dateTime": {
      "date": {
        "year": 2019,
        "month": 10,
        "day": 19
      },
      "time": {
        "hour": 11,
        "minute": 54,
        "second": 22,
        "nano": 0
      }
    },
    "citySender": "Дніпро",
    "cityRecipient": "Макарів"
  },
  {
    "number": 59000456110906,
    "dateTime": {
      "date": {
        "year": 2019,
        "month": 10,
        "day": 19
      },
      "time": {
        "hour": 11,
        "minute": 53,
        "second": 48,
        "nano": 0
      }
    },
    "citySender": "Бердянськ",
    "cityRecipient": "Дніпро"
  },
  {
    "number": 59000456110907,
    "dateTime": {
      "date": {
        "year": 2019,
        "month": 10,
        "day": 19
      },
      "time": {
        "hour": 11,
        "minute": 54,
        "second": 17,
        "nano": 0
      }
    },
    "citySender": "Запоріжжя",
    "cityRecipient": "Подільськ"
  },
  {
    "number": 59000456110908,
    "dateTime": {
      "date": {
        "year": 2019,
        "month": 10,
        "day": 19
      },
      "time": {
        "hour": 11,
        "minute": 54,
        "second": 36,
        "nano": 0
      }
    },
    "citySender": "Добротвір",
    "cityRecipient": "Ілічанка"
  },
  {
    "number": 59000456110909,
    "dateTime": {
      "date": {
        "year": 2019,
        "month": 10,
        "day": 19
      },
      "time": {
        "hour": 11,
        "minute": 54,
        "second": 29,
        "nano": 0
      }
    },
    "citySender": "Запоріжжя",
    "cityRecipient": "Запоріжжя"
  },
  {
    "number": 59000456110910,
    "dateTime": {
      "date": {
        "year": 2019,
        "month": 10,
        "day": 19
      },
      "time": {
        "hour": 11,
        "minute": 54,
        "second": 37,
        "nano": 0
      }
    },
    "citySender": "Семенівка(Полт.обл., Семенів.р-н)",
    "cityRecipient": "Київ"
  },
  {
    "number": 59000456110912,
    "dateTime": {
      "date": {
        "year": 2019,
        "month": 10,
        "day": 19
      },
      "time": {
        "hour": 11,
        "minute": 54,
        "second": 20,
        "nano": 0
      }
    },
    "citySender": "Одеса",
    "cityRecipient": "Одеса"
  },
  {
    "number": 59000456110914,
    "dateTime": {
      "date": {
        "year": 2019,
        "month": 10,
        "day": 19
      },
      "time": {
        "hour": 11,
        "minute": 54,
        "second": 4,
        "nano": 0
      }
    },
    "citySender": "Кривий Ріг",
    "cityRecipient": "Бобринець"
  },
  {
    "number": 59000456110915,
    "dateTime": {
      "date": {
        "year": 2019,
        "month": 10,
        "day": 19
      },
      "time": {
        "hour": 11,
        "minute": 54,
        "second": 16,
        "nano": 0
      }
    },
    "citySender": "Київ",
    "cityRecipient": "Одеса"
  },
  {
    "number": 59000456110916,
    "dateTime": {
      "date": {
        "year": 2019,
        "month": 10,
        "day": 19
      },
      "time": {
        "hour": 11,
        "minute": 54,
        "second": 38,
        "nano": 0
      }
    },
    "citySender": "Новий Буг",
    "cityRecipient": "Київ"
  },
  {
    "number": 59000456110917,
    "dateTime": {
      "date": {
        "year": 2019,
        "month": 10,
        "day": 19
      },
      "time": {
        "hour": 11,
        "minute": 54,
        "second": 38,
        "nano": 0
      }
    },
    "citySender": "Харків",
    "cityRecipient": "Краматорськ"
  },
  {
    "number": 59000456110918,
    "dateTime": {
      "date": {
        "year": 2019,
        "month": 10,
        "day": 19
      },
      "time": {
        "hour": 11,
        "minute": 54,
        "second": 20,
        "nano": 0
      }
    },
    "citySender": "Київ",
    "cityRecipient": "Чернівці"
  },
  {
    "number": 59000456110919,
    "dateTime": {
      "date": {
        "year": 2019,
        "month": 10,
        "day": 19
      },
      "time": {
        "hour": 11,
        "minute": 54,
        "second": 6,
        "nano": 0
      }
    },
    "citySender": "Побузьке",
    "cityRecipient": "Київ"
  },
  {
    "number": 59000456110920,
    "dateTime": {
      "date": {
        "year": 2019,
        "month": 10,
        "day": 19
      },
      "time": {
        "hour": 11,
        "minute": 54,
        "second": 31,
        "nano": 0
      }
    },
    "citySender": "Харків",
    "cityRecipient": "Українка"
  },
  {
    "number": 59000456110921,
    "dateTime": {
      "date": {
        "year": 2019,
        "month": 10,
        "day": 19
      },
      "time": {
        "hour": 11,
        "minute": 54,
        "second": 4,
        "nano": 0
      }
    },
    "citySender": "Запоріжжя",
    "cityRecipient": "Харків"
  },
  {
    "number": 59000456110922,
    "dateTime": {
      "date": {
        "year": 2019,
        "month": 10,
        "day": 19
      },
      "time": {
        "hour": 11,
        "minute": 54,
        "second": 22,
        "nano": 0
      }
    },
    "citySender": "Київ",
    "cityRecipient": "Запоріжжя"
  },
  {
    "number": 59000456110923,
    "dateTime": {
      "date": {
        "year": 2019,
        "month": 10,
        "day": 19
      },
      "time": {
        "hour": 11,
        "minute": 54,
        "second": 12,
        "nano": 0
      }
    },
    "citySender": "Одеса",
    "cityRecipient": "Миколаївка(Білопільський р-н)"
  },
  {
    "number": 59000456110924,
    "dateTime": {
      "date": {
        "year": 2019,
        "month": 10,
        "day": 19
      },
      "time": {
        "hour": 11,
        "minute": 54,
        "second": 12,
        "nano": 0
      }
    },
    "citySender": "Харків",
    "cityRecipient": "Львів"
  },
  {
    "number": 59000456110925,
    "dateTime": {
      "date": {
        "year": 2019,
        "month": 10,
        "day": 19
      },
      "time": {
        "hour": 11,
        "minute": 54,
        "second": 33,
        "nano": 0
      }
    },
    "citySender": "Київ",
    "cityRecipient": "Київ"
  },
  {
    "number": 59000456110926,
    "dateTime": {
      "date": {
        "year": 2019,
        "month": 10,
        "day": 19
      },
      "time": {
        "hour": 11,
        "minute": 53,
        "second": 49,
        "nano": 0
      }
    },
    "citySender": "Стрілковичі",
    "cityRecipient": "Недригайлів (Сумська обл.)"
  },
  {
    "number": 59000456110927,
    "dateTime": {
      "date": {
        "year": 2019,
        "month": 10,
        "day": 19
      },
      "time": {
        "hour": 11,
        "minute": 54,
        "second": 36,
        "nano": 0
      }
    },
    "citySender": "Харків",
    "cityRecipient": "Краснокутськ"
  },
  {
    "number": 59000456110928,
    "dateTime": {
      "date": {
        "year": 2019,
        "month": 10,
        "day": 19
      },
      "time": {
        "hour": 11,
        "minute": 53,
        "second": 55,
        "nano": 0
      }
    },
    "citySender": "Рівне",
    "cityRecipient": "Костопіль"
  },
  {
    "number": 59000456110929,
    "dateTime": {
      "date": {
        "year": 2019,
        "month": 10,
        "day": 19
      },
      "time": {
        "hour": 11,
        "minute": 54,
        "second": 21,
        "nano": 0
      }
    },
    "citySender": "Запоріжжя",
    "cityRecipient": "Зимна Вода"
  },
  {
    "number": 59000456110930,
    "dateTime": {
      "date": {
        "year": 2019,
        "month": 10,
        "day": 19
      },
      "time": {
        "hour": 11,
        "minute": 54,
        "second": 27,
        "nano": 0
      }
    },
    "citySender": "Харків",
    "cityRecipient": "Бобринець"
  },
  {
    "number": 59000456110931,
    "dateTime": {
      "date": {
        "year": 2019,
        "month": 10,
        "day": 19
      },
      "time": {
        "hour": 11,
        "minute": 54,
        "second": 25,
        "nano": 0
      }
    },
    "citySender": "Яворів",
    "cityRecipient": "Енергодар"
  },
  {
    "number": 59000456110932,
    "dateTime": {
      "date": {
        "year": 2019,
        "month": 10,
        "day": 19
      },
      "time": {
        "hour": 11,
        "minute": 54,
        "second": 40,
        "nano": 0
      }
    },
    "citySender": "Баранівка",
    "cityRecipient": "Біла Церква"
  },
  {
    "number": 59000456110933,
    "dateTime": {
      "date": {
        "year": 2019,
        "month": 10,
        "day": 19
      },
      "time": {
        "hour": 11,
        "minute": 54,
        "second": 32,
        "nano": 0
      }
    },
    "citySender": "Черкаси",
    "cityRecipient": "Київ"
  },
  {
    "number": 59000456110934,
    "dateTime": {
      "date": {
        "year": 2019,
        "month": 10,
        "day": 19
      },
      "time": {
        "hour": 11,
        "minute": 54,
        "second": 26,
        "nano": 0
      }
    },
    "citySender": "Таїрове",
    "cityRecipient": "Ямпіль (Сумська обл.)"
  },
  {
    "number": 59000456110935,
    "dateTime": {
      "date": {
        "year": 2019,
        "month": 10,
        "day": 19
      },
      "time": {
        "hour": 11,
        "minute": 54,
        "second": 38,
        "nano": 0
      }
    },
    "citySender": "Дніпро",
    "cityRecipient": "Одеса"
  },
  {
    "number": 59000456110936,
    "dateTime": {
      "date": {
        "year": 2019,
        "month": 10,
        "day": 19
      },
      "time": {
        "hour": 11,
        "minute": 54,
        "second": 21,
        "nano": 0
      }
    },
    "citySender": "Черкаси",
    "cityRecipient": "Харків"
  },
  {
    "number": 59000456110937,
    "dateTime": {
      "date": {
        "year": 2019,
        "month": 10,
        "day": 19
      },
      "time": {
        "hour": 11,
        "minute": 54,
        "second": 38,
        "nano": 0
      }
    },
    "citySender": "Київ",
    "cityRecipient": "Київ"
  },
  {
    "number": 59000456110938,
    "dateTime": {
      "date": {
        "year": 2019,
        "month": 10,
        "day": 19
      },
      "time": {
        "hour": 11,
        "minute": 53,
        "second": 17,
        "nano": 0
      }
    },
    "citySender": "Одеса",
    "cityRecipient": "Харків"
  },
  {
    "number": 59000456110939,
    "dateTime": {
      "date": {
        "year": 2019,
        "month": 10,
        "day": 19
      },
      "time": {
        "hour": 11,
        "minute": 54,
        "second": 24,
        "nano": 0
      }
    },
    "citySender": "Чернігів",
    "cityRecipient": "Одеса"
  },
  {
    "number": 59000456110940,
    "dateTime": {
      "date": {
        "year": 2019,
        "month": 10,
        "day": 19
      },
      "time": {
        "hour": 11,
        "minute": 54,
        "second": 41,
        "nano": 0
      }
    },
    "citySender": "Миколаїв",
    "cityRecipient": "Ставище"
  },
  {
    "number": 59000456110941,
    "dateTime": {
      "date": {
        "year": 2019,
        "month": 10,
        "day": 19
      },
      "time": {
        "hour": 11,
        "minute": 54,
        "second": 41,
        "nano": 0
      }
    },
    "citySender": "Кривий Ріг",
    "cityRecipient": "Маріуполь"
  },
  {
    "number": 59000456110943,
    "dateTime": {
      "date": {
        "year": 2019,
        "month": 10,
        "day": 19
      },
      "time": {
        "hour": 11,
        "minute": 53,
        "second": 55,
        "nano": 0
      }
    },
    "citySender": "Київ",
    "cityRecipient": "Львів"
  },
  {
    "number": 59000456110944,
    "dateTime": {
      "date": {
        "year": 2019,
        "month": 10,
        "day": 19
      },
      "time": {
        "hour": 11,
        "minute": 54,
        "second": 42,
        "nano": 0
      }
    },
    "citySender": "Миколаїв",
    "cityRecipient": "Козелець"
  },
  {
    "number": 59000456110945,
    "dateTime": {
      "date": {
        "year": 2019,
        "month": 10,
        "day": 19
      },
      "time": {
        "hour": 11,
        "minute": 54,
        "second": 22,
        "nano": 0
      }
    },
    "citySender": "Ізяслав",
    "cityRecipient": "Дрогобич"
  },
  {
    "number": 59000456110946,
    "dateTime": {
      "date": {
        "year": 2019,
        "month": 10,
        "day": 19
      },
      "time": {
        "hour": 11,
        "minute": 48,
        "second": 52,
        "nano": 0
      }
    },
    "citySender": "Курахове",
    "cityRecipient": "Київ"
  },
  {
    "number": 59000456110947,
    "dateTime": {
      "date": {
        "year": 2019,
        "month": 10,
        "day": 19
      },
      "time": {
        "hour": 11,
        "minute": 54,
        "second": 0,
        "nano": 0
      }
    },
    "citySender": "Київ",
    "cityRecipient": "Ромни"
  },
  {
    "number": 59000456110948,
    "dateTime": {
      "date": {
        "year": 2019,
        "month": 10,
        "day": 19
      },
      "time": {
        "hour": 11,
        "minute": 54,
        "second": 14,
        "nano": 0
      }
    },
    "citySender": "Тростянець (Вінницька обл.)",
    "cityRecipient": "Дніпро"
  },
  {
    "number": 59000456110949,
    "dateTime": {
      "date": {
        "year": 2019,
        "month": 10,
        "day": 19
      },
      "time": {
        "hour": 11,
        "minute": 53,
        "second": 55,
        "nano": 0
      }
    },
    "citySender": "Київ",
    "cityRecipient": "Бережани (Тернопільська обл.)"
  },
  {
    "number": 59000456110950,
    "dateTime": {
      "date": {
        "year": 2019,
        "month": 10,
        "day": 19
      },
      "time": {
        "hour": 11,
        "minute": 54,
        "second": 46,
        "nano": 0
      }
    },
    "citySender": "Харків",
    "cityRecipient": "Бровари"
  },
  {
    "number": 59000456110951,
    "dateTime": {
      "date": {
        "year": 2019,
        "month": 10,
        "day": 19
      },
      "time": {
        "hour": 11,
        "minute": 54,
        "second": 37,
        "nano": 0
      }
    },
    "citySender": "Требухів",
    "cityRecipient": "Миколаїв"
  },
  {
    "number": 59000456110952,
    "dateTime": {
      "date": {
        "year": 2019,
        "month": 10,
        "day": 19
      },
      "time": {
        "hour": 11,
        "minute": 54,
        "second": 46,
        "nano": 0
      }
    },
    "citySender": "Київ",
    "cityRecipient": "Ілічанка"
  },
  {
    "number": 59000456110953,
    "dateTime": {
      "date": {
        "year": 2019,
        "month": 10,
        "day": 19
      },
      "time": {
        "hour": 11,
        "minute": 54,
        "second": 1,
        "nano": 0
      }
    },
    "citySender": "Східниця",
    "cityRecipient": "Соснівка (Львівська обл.)"
  },
  {
    "number": 59000456110954,
    "dateTime": {
      "date": {
        "year": 2019,
        "month": 10,
        "day": 19
      },
      "time": {
        "hour": 11,
        "minute": 54,
        "second": 14,
        "nano": 0
      }
    },
    "citySender": "Дубно",
    "cityRecipient": "Хорол"
  },
  {
    "number": 59000456110955,
    "dateTime": {
      "date": {
        "year": 2019,
        "month": 10,
        "day": 19
      },
      "time": {
        "hour": 11,
        "minute": 54,
        "second": 43,
        "nano": 0
      }
    },
    "citySender": "Мелітополь",
    "cityRecipient": "Кременчук"
  },
  {
    "number": 59000456110956,
    "dateTime": {
      "date": {
        "year": 2019,
        "month": 10,
        "day": 19
      },
      "time": {
        "hour": 11,
        "minute": 54,
        "second": 37,
        "nano": 0
      }
    },
    "citySender": "Тернопіль",
    "cityRecipient": "Червоноград (Львівська обл.)"
  },
  {
    "number": 59000456110957,
    "dateTime": {
      "date": {
        "year": 2019,
        "month": 10,
        "day": 19
      },
      "time": {
        "hour": 11,
        "minute": 54,
        "second": 37,
        "nano": 0
      }
    },
    "citySender": "Запоріжжя",
    "cityRecipient": "Київ"
  },
  {
    "number": 59000456110958,
    "dateTime": {
      "date": {
        "year": 2019,
        "month": 10,
        "day": 19
      },
      "time": {
        "hour": 11,
        "minute": 54,
        "second": 39,
        "nano": 0
      }
    },
    "citySender": "Миколаїв",
    "cityRecipient": "Вінниця"
  },
  {
    "number": 59000456110959,
    "dateTime": {
      "date": {
        "year": 2019,
        "month": 10,
        "day": 19
      },
      "time": {
        "hour": 11,
        "minute": 53,
        "second": 3,
        "nano": 0
      }
    },
    "citySender": "Миколаїв",
    "cityRecipient": "Новий Буг"
  },
  {
    "number": 59000456110960,
    "dateTime": {
      "date": {
        "year": 2019,
        "month": 10,
        "day": 19
      },
      "time": {
        "hour": 11,
        "minute": 54,
        "second": 37,
        "nano": 0
      }
    },
    "citySender": "Харків",
    "cityRecipient": "Мирноград"
  },
  {
    "number": 59000456110961,
    "dateTime": {
      "date": {
        "year": 2019,
        "month": 10,
        "day": 19
      },
      "time": {
        "hour": 11,
        "minute": 54,
        "second": 1,
        "nano": 0
      }
    },
    "citySender": "Арциз",
    "cityRecipient": "Запоріжжя"
  },
  {
    "number": 59000456110962,
    "dateTime": {
      "date": {
        "year": 2019,
        "month": 10,
        "day": 19
      },
      "time": {
        "hour": 11,
        "minute": 54,
        "second": 4,
        "nano": 0
      }
    },
    "citySender": "Шаян",
    "cityRecipient": "Бар"
  },
  {
    "number": 59000456110963,
    "dateTime": {
      "date": {
        "year": 2019,
        "month": 10,
        "day": 19
      },
      "time": {
        "hour": 11,
        "minute": 54,
        "second": 40,
        "nano": 0
      }
    },
    "citySender": "Одеса",
    "cityRecipient": "Первомайськ(Микол.обл.Первомайс.р-н)"
  },
  {
    "number": 59000456110964,
    "dateTime": {
      "date": {
        "year": 2019,
        "month": 10,
        "day": 19
      },
      "time": {
        "hour": 11,
        "minute": 54,
        "second": 9,
        "nano": 0
      }
    },
    "citySender": "Мелітополь",
    "cityRecipient": "Біленьке(Запорізька обл.)"
  },
  {
    "number": 59000456110965,
    "dateTime": {
      "date": {
        "year": 2019,
        "month": 10,
        "day": 19
      },
      "time": {
        "hour": 11,
        "minute": 54,
        "second": 36,
        "nano": 0
      }
    },
    "citySender": "Старобільськ",
    "cityRecipient": "Одеса"
  },
  {
    "number": 59000456110966,
    "dateTime": {
      "date": {
        "year": 2019,
        "month": 10,
        "day": 19
      },
      "time": {
        "hour": 11,
        "minute": 53,
        "second": 54,
        "nano": 0
      }
    },
    "citySender": "Одеса",
    "cityRecipient": "Долина"
  },
  {
    "number": 59000456110967,
    "dateTime": {
      "date": {
        "year": 2019,
        "month": 10,
        "day": 19
      },
      "time": {
        "hour": 11,
        "minute": 54,
        "second": 14,
        "nano": 0
      }
    },
    "citySender": "Одеса",
    "cityRecipient": "Миколаїв"
  },
  {
    "number": 59000456110968,
    "dateTime": {
      "date": {
        "year": 2019,
        "month": 10,
        "day": 19
      },
      "time": {
        "hour": 11,
        "minute": 54,
        "second": 26,
        "nano": 0
      }
    },
    "citySender": "Черкаси",
    "cityRecipient": "Київ"
  },
  {
    "number": 59000456110969,
    "dateTime": {
      "date": {
        "year": 2019,
        "month": 10,
        "day": 19
      },
      "time": {
        "hour": 11,
        "minute": 54,
        "second": 49,
        "nano": 0
      }
    },
    "citySender": "Полтава",
    "cityRecipient": "Остер"
  },
  {
    "number": 59000456110970,
    "dateTime": {
      "date": {
        "year": 2019,
        "month": 10,
        "day": 19
      },
      "time": {
        "hour": 11,
        "minute": 54,
        "second": 40,
        "nano": 0
      }
    },
    "citySender": "Дніпро",
    "cityRecipient": "Дніпрорудне"
  },
  {
    "number": 59000456110971,
    "dateTime": {
      "date": {
        "year": 2019,
        "month": 10,
        "day": 19
      },
      "time": {
        "hour": 11,
        "minute": 54,
        "second": 40,
        "nano": 0
      }
    },
    "citySender": "Київ",
    "cityRecipient": "Чернівці"
  },
  {
    "number": 59000456110972,
    "dateTime": {
      "date": {
        "year": 2019,
        "month": 10,
        "day": 19
      },
      "time": {
        "hour": 11,
        "minute": 54,
        "second": 41,
        "nano": 0
      }
    },
    "citySender": "Коростень",
    "cityRecipient": "Харків"
  },
  {
    "number": 59000456110973,
    "dateTime": {
      "date": {
        "year": 2019,
        "month": 10,
        "day": 19
      },
      "time": {
        "hour": 11,
        "minute": 54,
        "second": 34,
        "nano": 0
      }
    },
    "citySender": "Одеса",
    "cityRecipient": "Полтава"
  }
]