[
  {
    "number": 59000456111574,
    "dateTime": {
      "date": {
        "year": 2019,
        "month": 10,
        "day": 19
      },
      "time": {
        "hour": 11,
        "minute": 56,
        "second": 4,
        "nano": 0
      }
    },
    "citySender": "Врадіївка",
    "cityRecipient": "Гірське"
  },
  {
    "number": 59000456111575,
    "dateTime": {
      "date": {
        "year": 2019,
        "month": 10,
        "day": 19
      },
      "time": {
        "hour": 11,
        "minute": 56,
        "second": 20,
        "nano": 0
      }
    },
    "citySender": "Одеса",
    "cityRecipient": "Львів"
  },
  {
    "number": 59000456111576,
    "dateTime": {
      "date": {
        "year": 2019,
        "month": 10,
        "day": 19
      },
      "time": {
        "hour": 11,
        "minute": 56,
        "second": 45,
        "nano": 0
      }
    },
    "citySender": "Одеса",
    "cityRecipient": "Біла Церква"
  },
  {
    "number": 59000456111577,
    "dateTime": {
      "date": {
        "year": 2019,
        "month": 10,
        "day": 19
      },
      "time": {
        "hour": 11,
        "minute": 56,
        "second": 48,
        "nano": 0
      }
    },
    "citySender": "Лопатин (Львівська обл.)",
    "cityRecipient": "Тернопіль"
  },
  {
    "number": 59000456111578,
    "dateTime": {
      "date": {
        "year": 2019,
        "month": 10,
        "day": 19
      },
      "time": {
        "hour": 11,
        "minute": 55,
        "second": 44,
        "nano": 0
      }
    },
    "citySender": "Олександрія (м.Кіровогр.обл.райц)",
    "cityRecipient": "Чорноморськ"
  },
  {
    "number": 59000456111579,
    "dateTime": {
      "date": {
        "year": 2019,
        "month": 10,
        "day": 19
      },
      "time": {
        "hour": 11,
        "minute": 56,
        "second": 56,
        "nano": 0
      }
    },
    "citySender": "Жашків",
    "cityRecipient": "Київ"
  },
  {
    "number": 59000456111580,
    "dateTime": {
      "date": {
        "year": 2019,
        "month": 10,
        "day": 19
      },
      "time": {
        "hour": 11,
        "minute": 55,
        "second": 43,
        "nano": 0
      }
    },
    "citySender": "Харків",
    "cityRecipient": "Тернопіль"
  },
  {
    "number": 59000456111581,
    "dateTime": {
      "date": {
        "year": 2019,
        "month": 10,
        "day": 19
      },
      "time": {
        "hour": 11,
        "minute": 56,
        "second": 57,
        "nano": 0
      }
    },
    "citySender": "Требухів",
    "cityRecipient": "Лубни"
  },
  {
    "number": 59000456111582,
    "dateTime": {
      "date": {
        "year": 2019,
        "month": 10,
        "day": 19
      },
      "time": {
        "hour": 11,
        "minute": 56,
        "second": 46,
        "nano": 0
      }
    },
    "citySender": "Вознесенськ",
    "cityRecipient": "Одеса"
  },
  {
    "number": 59000456111583,
    "dateTime": {
      "date": {
        "year": 2019,
        "month": 10,
        "day": 19
      },
      "time": {
        "hour": 11,
        "minute": 56,
        "second": 37,
        "nano": 0
      }
    },
    "citySender": "Рівне",
    "cityRecipient": "Кривий Ріг"
  },
  {
    "number": 59000456111584,
    "dateTime": {
      "date": {
        "year": 2019,
        "month": 10,
        "day": 19
      },
      "time": {
        "hour": 11,
        "minute": 57,
        "second": 0,
        "nano": 0
      }
    },
    "citySender": "Генічеськ",
    "cityRecipient": "Одеса"
  },
  {
    "number": 59000456111585,
    "dateTime": {
      "date": {
        "year": 2019,
        "month": 10,
        "day": 19
      },
      "time": {
        "hour": 11,
        "minute": 56,
        "second": 40,
        "nano": 0
      }
    },
    "citySender": "Чугуїв",
    "cityRecipient": "Лозова"
  },
  {
    "number": 59000456111586,
    "dateTime": {
      "date": {
        "year": 2019,
        "month": 10,
        "day": 19
      },
      "time": {
        "hour": 11,
        "minute": 56,
        "second": 45,
        "nano": 0
      }
    },
    "citySender": "Броди",
    "cityRecipient": "Полтава"
  },
  {
    "number": 59000456111587,
    "dateTime": {
      "date": {
        "year": 2019,
        "month": 10,
        "day": 19
      },
      "time": {
        "hour": 11,
        "minute": 57,
        "second": 0,
        "nano": 0
      }
    },
    "citySender": "Антоніни",
    "cityRecipient": "Київ"
  },
  {
    "number": 59000456111588,
    "dateTime": {
      "date": {
        "year": 2019,
        "month": 10,
        "day": 19
      },
      "time": {
        "hour": 11,
        "minute": 56,
        "second": 25,
        "nano": 0
      }
    },
    "citySender": "Великі Мости",
    "cityRecipient": "Надвірна"
  },
  {
    "number": 59000456111589,
    "dateTime": {
      "date": {
        "year": 2019,
        "month": 10,
        "day": 19
      },
      "time": {
        "hour": 11,
        "minute": 56,
        "second": 54,
        "nano": 0
      }
    },
    "citySender": "Хмельницький",
    "cityRecipient": "Червоноград (Львівська обл.)"
  },
  {
    "number": 59000456111590,
    "dateTime": {
      "date": {
        "year": 2019,
        "month": 10,
        "day": 19
      },
      "time": {
        "hour": 11,
        "minute": 56,
        "second": 49,
        "nano": 0
      }
    },
    "citySender": "Підгірці (Київська обл.)",
    "cityRecipient": "Одеса"
  },
  {
    "number": 59000456111591,
    "dateTime": {
      "date": {
        "year": 2019,
        "month": 10,
        "day": 19
      },
      "time": {
        "hour": 11,
        "minute": 57,
        "second": 1,
        "nano": 0
      }
    },
    "citySender": "Богодухів",
    "cityRecipient": "Київ"
  },
  {
    "number": 59000456111592,
    "dateTime": {
      "date": {
        "year": 2019,
        "month": 10,
        "day": 19
      },
      "time": {
        "hour": 11,
        "minute": 56,
        "second": 41,
        "nano": 0
      }
    },
    "citySender": "Черкаси",
    "cityRecipient": "Херсон"
  },
  {
    "number": 59000456111593,
    "dateTime": {
      "date": {
        "year": 2019,
        "month": 10,
        "day": 19
      },
      "time": {
        "hour": 11,
        "minute": 56,
        "second": 41,
        "nano": 0
      }
    },
    "citySender": "Каховка",
    "cityRecipient": "Київ"
  },
  {
    "number": 59000456111594,
    "dateTime": {
      "date": {
        "year": 2019,
        "month": 10,
        "day": 19
      },
      "time": {
        "hour": 11,
        "minute": 56,
        "second": 17,
        "nano": 0
      }
    },
    "citySender": "Київ",
    "cityRecipient": "Казанка"
  },
  {
    "number": 59000456111595,
    "dateTime": {
      "date": {
        "year": 2019,
        "month": 10,
        "day": 19
      },
      "time": {
        "hour": 11,
        "minute": 57,
        "second": 2,
        "nano": 0
      }
    },
    "citySender": "Дачне",
    "cityRecipient": "Київ"
  },
  {
    "number": 59000456111596,
    "dateTime": {
      "date": {
        "year": 2019,
        "month": 10,
        "day": 19
      },
      "time": {
        "hour": 11,
        "minute": 57,
        "second": 2,
        "nano": 0
      }
    },
    "citySender": "Івано-Франківськ",
    "cityRecipient": "Київ"
  },
  {
    "number": 59000456111597,
    "dateTime": {
      "date": {
        "year": 2019,
        "month": 10,
        "day": 19
      },
      "time": {
        "hour": 11,
        "minute": 57,
        "second": 3,
        "nano": 0
      }
    },
    "citySender": "Одеса",
    "cityRecipient": "Червоноград (Львівська обл.)"
  },
  {
    "number": 59000456111598,
    "dateTime": {
      "date": {
        "year": 2019,
        "month": 10,
        "day": 19
      },
      "time": {
        "hour": 11,
        "minute": 56,
        "second": 40,
        "nano": 0
      }
    },
    "citySender": "Буча",
    "cityRecipient": "Одеса"
  },
  {
    "number": 59000456111599,
    "dateTime": {
      "date": {
        "year": 2019,
        "month": 10,
        "day": 19
      },
      "time": {
        "hour": 11,
        "minute": 56,
        "second": 42,
        "nano": 0
      }
    },
    "citySender": "Кам\u0027янець-Подільський",
    "cityRecipient": "Умань"
  },
  {
    "number": 59000456111600,
    "dateTime": {
      "date": {
        "year": 2019,
        "month": 10,
        "day": 19
      },
      "time": {
        "hour": 11,
        "minute": 56,
        "second": 40,
        "nano": 0
      }
    },
    "citySender": "Одеса",
    "cityRecipient": "Львів"
  },
  {
    "number": 59000456111601,
    "dateTime": {
      "date": {
        "year": 2019,
        "month": 10,
        "day": 19
      },
      "time": {
        "hour": 11,
        "minute": 56,
        "second": 41,
        "nano": 0
      }
    },
    "citySender": "Ромни",
    "cityRecipient": "Ніжин"
  },
  {
    "number": 59000456111602,
    "dateTime": {
      "date": {
        "year": 2019,
        "month": 10,
        "day": 19
      },
      "time": {
        "hour": 11,
        "minute": 56,
        "second": 41,
        "nano": 0
      }
    },
    "citySender": "Кривий Ріг",
    "cityRecipient": "Ужгород"
  },
  {
    "number": 59000456111603,
    "dateTime": {
      "date": {
        "year": 2019,
        "month": 10,
        "day": 19
      },
      "time": {
        "hour": 11,
        "minute": 55,
        "second": 49,
        "nano": 0
      }
    },
    "citySender": "Стрий",
    "cityRecipient": "Київ"
  },
  {
    "number": 59000456111604,
    "dateTime": {
      "date": {
        "year": 2019,
        "month": 10,
        "day": 19
      },
      "time": {
        "hour": 11,
        "minute": 55,
        "second": 52,
        "nano": 0
      }
    },
    "citySender": "Зачепилівка",
    "cityRecipient": "Пирятин"
  },
  {
    "number": 59000456111605,
    "dateTime": {
      "date": {
        "year": 2019,
        "month": 10,
        "day": 19
      },
      "time": {
        "hour": 11,
        "minute": 56,
        "second": 42,
        "nano": 0
      }
    },
    "citySender": "Миколаївка (Слов’янська міська рада)",
    "cityRecipient": "Вишневе"
  },
  {
    "number": 59000456111606,
    "dateTime": {
      "date": {
        "year": 2019,
        "month": 10,
        "day": 19
      },
      "time": {
        "hour": 11,
        "minute": 56,
        "second": 35,
        "nano": 0
      }
    },
    "citySender": "Бар",
    "cityRecipient": "Донське"
  },
  {
    "number": 59000456111607,
    "dateTime": {
      "date": {
        "year": 2019,
        "month": 10,
        "day": 19
      },
      "time": {
        "hour": 11,
        "minute": 56,
        "second": 26,
        "nano": 0
      }
    },
    "citySender": "Краковець",
    "cityRecipient": "Чернігів"
  },
  {
    "number": 59000456111608,
    "dateTime": {
      "date": {
        "year": 2019,
        "month": 10,
        "day": 19
      },
      "time": {
        "hour": 11,
        "minute": 56,
        "second": 37,
        "nano": 0
      }
    },
    "citySender": "Пісочин",
    "cityRecipient": "Нова Каховка"
  },
  {
    "number": 59000456111609,
    "dateTime": {
      "date": {
        "year": 2019,
        "month": 10,
        "day": 19
      },
      "time": {
        "hour": 11,
        "minute": 57,
        "second": 6,
        "nano": 0
      }
    },
    "citySender": "Тересва",
    "cityRecipient": "Харків"
  },
  {
    "number": 59000456111610,
    "dateTime": {
      "date": {
        "year": 2019,
        "month": 10,
        "day": 19
      },
      "time": {
        "hour": 11,
        "minute": 56,
        "second": 49,
        "nano": 0
      }
    },
    "citySender": "Житомир",
    "cityRecipient": "Ірпінь"
  },
  {
    "number": 59000456111611,
    "dateTime": {
      "date": {
        "year": 2019,
        "month": 10,
        "day": 19
      },
      "time": {
        "hour": 11,
        "minute": 56,
        "second": 45,
        "nano": 0
      }
    },
    "citySender": "Корюківка",
    "cityRecipient": "Київ"
  },
  {
    "number": 59000456111612,
    "dateTime": {
      "date": {
        "year": 2019,
        "month": 10,
        "day": 19
      },
      "time": {
        "hour": 11,
        "minute": 56,
        "second": 43,
        "nano": 0
      }
    },
    "citySender": "Сокиряни",
    "cityRecipient": "Київ"
  },
  {
    "number": 59000456111613,
    "dateTime": {
      "date": {
        "year": 2019,
        "month": 10,
        "day": 19
      },
      "time": {
        "hour": 11,
        "minute": 56,
        "second": 19,
        "nano": 0
      }
    },
    "citySender": "Умань",
    "cityRecipient": "Київ"
  },
  {
    "number": 59000456111615,
    "dateTime": {
      "date": {
        "year": 2019,
        "month": 10,
        "day": 19
      },
      "time": {
        "hour": 11,
        "minute": 56,
        "second": 59,
        "nano": 0
      }
    },
    "citySender": "Нікольське (Володарський р-н., Донецька обл.)",
    "cityRecipient": "Харків"
  },
  {
    "number": 59000456111616,
    "dateTime": {
      "date": {
        "year": 2019,
        "month": 10,
        "day": 19
      },
      "time": {
        "hour": 11,
        "minute": 56,
        "second": 47,
        "nano": 0
      }
    },
    "citySender": "Тернопіль",
    "cityRecipient": "Теофіполь"
  },
  {
    "number": 59000456111617,
    "dateTime": {
      "date": {
        "year": 2019,
        "month": 10,
        "day": 19
      },
      "time": {
        "hour": 11,
        "minute": 56,
        "second": 48,
        "nano": 0
      }
    },
    "citySender": "Кути (Косівський р-н)",
    "cityRecipient": "Київ"
  },
  {
    "number": 59000456111618,
    "dateTime": {
      "date": {
        "year": 2019,
        "month": 10,
        "day": 19
      },
      "time": {
        "hour": 11,
        "minute": 56,
        "second": 40,
        "nano": 0
      }
    },
    "citySender": "Пологи (Запорізька обл.)",
    "cityRecipient": "Запоріжжя"
  },
  {
    "number": 59000456111619,
    "dateTime": {
      "date": {
        "year": 2019,
        "month": 10,
        "day": 19
      },
      "time": {
        "hour": 11,
        "minute": 57,
        "second": 7,
        "nano": 0
      }
    },
    "citySender": "Пісочин",
    "cityRecipient": "Київ"
  },
  {
    "number": 59000456111621,
    "dateTime": {
      "date": {
        "year": 2019,
        "month": 10,
        "day": 19
      },
      "time": {
        "hour": 11,
        "minute": 56,
        "second": 49,
        "nano": 0
      }
    },
    "citySender": "Дніпро",
    "cityRecipient": "Кременець"
  },
  {
    "number": 59000456111622,
    "dateTime": {
      "date": {
        "year": 2019,
        "month": 10,
        "day": 19
      },
      "time": {
        "hour": 11,
        "minute": 56,
        "second": 41,
        "nano": 0
      }
    },
    "citySender": "Запоріжжя",
    "cityRecipient": "Київ"
  },
  {
    "number": 59000456111623,
    "dateTime": {
      "date": {
        "year": 2019,
        "month": 10,
        "day": 19
      },
      "time": {
        "hour": 11,
        "minute": 56,
        "second": 57,
        "nano": 0
      }
    },
    "citySender": "Хуст",
    "cityRecipient": "Суми"
  },
  {
    "number": 59000456111624,
    "dateTime": {
      "date": {
        "year": 2019,
        "month": 10,
        "day": 19
      },
      "time": {
        "hour": 11,
        "minute": 56,
        "second": 29,
        "nano": 0
      }
    },
    "citySender": "Одеса",
    "cityRecipient": "Тетіїв"
  },
  {
    "number": 59000456111626,
    "dateTime": {
      "date": {
        "year": 2019,
        "month": 10,
        "day": 19
      },
      "time": {
        "hour": 11,
        "minute": 56,
        "second": 59,
        "nano": 0
      }
    },
    "citySender": "Тернопіль",
    "cityRecipient": "Ярмолинці"
  },
  {
    "number": 59000456111627,
    "dateTime": {
      "date": {
        "year": 2019,
        "month": 10,
        "day": 19
      },
      "time": {
        "hour": 11,
        "minute": 56,
        "second": 57,
        "nano": 0
      }
    },
    "citySender": "Літин",
    "cityRecipient": "Новоград-Волинський"
  },
  {
    "number": 59000456111629,
    "dateTime": {
      "date": {
        "year": 2019,
        "month": 10,
        "day": 19
      },
      "time": {
        "hour": 11,
        "minute": 57,
        "second": 3,
        "nano": 0
      }
    },
    "citySender": "Київ",
    "cityRecipient": "Дрогобич"
  },
  {
    "number": 59000456111630,
    "dateTime": {
      "date": {
        "year": 2019,
        "month": 10,
        "day": 19
      },
      "time": {
        "hour": 11,
        "minute": 56,
        "second": 33,
        "nano": 0
      }
    },
    "citySender": "Чорноморськ",
    "cityRecipient": "Ківерці"
  },
  {
    "number": 59000456111631,
    "dateTime": {
      "date": {
        "year": 2019,
        "month": 10,
        "day": 19
      },
      "time": {
        "hour": 11,
        "minute": 56,
        "second": 46,
        "nano": 0
      }
    },
    "citySender": "Хмельницький",
    "cityRecipient": "Гребінки (Київська обл.)"
  },
  {
    "number": 59000456111632,
    "dateTime": {
      "date": {
        "year": 2019,
        "month": 10,
        "day": 19
      },
      "time": {
        "hour": 11,
        "minute": 56,
        "second": 51,
        "nano": 0
      }
    },
    "citySender": "Кам\u0027янське(Дніпропетровська обл)",
    "cityRecipient": "Олександрія (м.Кіровогр.обл.райц)"
  },
  {
    "number": 59000456111633,
    "dateTime": {
      "date": {
        "year": 2019,
        "month": 10,
        "day": 19
      },
      "time": {
        "hour": 11,
        "minute": 56,
        "second": 51,
        "nano": 0
      }
    },
    "citySender": "Калуш",
    "cityRecipient": "Дніпро"
  },
  {
    "number": 59000456111634,
    "dateTime": {
      "date": {
        "year": 2019,
        "month": 10,
        "day": 19
      },
      "time": {
        "hour": 11,
        "minute": 56,
        "second": 35,
        "nano": 0
      }
    },
    "citySender": "Житомир",
    "cityRecipient": "Рівне"
  },
  {
    "number": 59000456111635,
    "dateTime": {
      "date": {
        "year": 2019,
        "month": 10,
        "day": 19
      },
      "time": {
        "hour": 11,
        "minute": 56,
        "second": 54,
        "nano": 0
      }
    },
    "citySender": "Червоноград (Львівська обл.)",
    "cityRecipient": "Одеса"
  },
  {
    "number": 59000456111636,
    "dateTime": {
      "date": {
        "year": 2019,
        "month": 10,
        "day": 19
      },
      "time": {
        "hour": 11,
        "minute": 56,
        "second": 16,
        "nano": 0
      }
    },
    "citySender": "Жовква",
    "cityRecipient": "Тернопіль"
  },
  {
    "number": 59000456111637,
    "dateTime": {
      "date": {
        "year": 2019,
        "month": 10,
        "day": 19
      },
      "time": {
        "hour": 11,
        "minute": 57,
        "second": 11,
        "nano": 0
      }
    },
    "citySender": "Олександрія (Рівненська обл.)",
    "cityRecipient": "Харків"
  },
  {
    "number": 59000456111639,
    "dateTime": {
      "date": {
        "year": 2019,
        "month": 10,
        "day": 19
      },
      "time": {
        "hour": 11,
        "minute": 56,
        "second": 28,
        "nano": 0
      }
    },
    "citySender": "Київ",
    "cityRecipient": "Зірне"
  },
  {
    "number": 59000456111640,
    "dateTime": {
      "date": {
        "year": 2019,
        "month": 10,
        "day": 19
      },
      "time": {
        "hour": 11,
        "minute": 56,
        "second": 6,
        "nano": 0
      }
    },
    "citySender": "Слобожанське(Зміївський р-н., Харківська обл.)",
    "cityRecipient": "Полтава"
  },
  {
    "number": 59000456111641,
    "dateTime": {
      "date": {
        "year": 2019,
        "month": 10,
        "day": 19
      },
      "time": {
        "hour": 11,
        "minute": 57,
        "second": 12,
        "nano": 0
      }
    },
    "citySender": "Харків",
    "cityRecipient": "Львів"
  },
  {
    "number": 59000456111642,
    "dateTime": {
      "date": {
        "year": 2019,
        "month": 10,
        "day": 19
      },
      "time": {
        "hour": 11,
        "minute": 57,
        "second": 5,
        "nano": 0
      }
    },
    "citySender": "Дніпро",
    "cityRecipient": "Дніпро"
  },
  {
    "number": 59000456111643,
    "dateTime": {
      "date": {
        "year": 2019,
        "month": 10,
        "day": 19
      },
      "time": {
        "hour": 11,
        "minute": 57,
        "second": 3,
        "nano": 0
      }
    },
    "citySender": "Суми",
    "cityRecipient": "Петрівка-Роменська"
  },
  {
    "number": 59000456111644,
    "dateTime": {
      "date": {
        "year": 2019,
        "month": 10,
        "day": 19
      },
      "time": {
        "hour": 11,
        "minute": 56,
        "second": 40,
        "nano": 0
      }
    },
    "citySender": "Костянтинівка (Донецька обл.)",
    "cityRecipient": "Харків"
  },
  {
    "number": 59000456111645,
    "dateTime": {
      "date": {
        "year": 2019,
        "month": 10,
        "day": 19
      },
      "time": {
        "hour": 11,
        "minute": 56,
        "second": 47,
        "nano": 0
      }
    },
    "citySender": "Ізюм",
    "cityRecipient": "Чернівці"
  },
  {
    "number": 59000456111646,
    "dateTime": {
      "date": {
        "year": 2019,
        "month": 10,
        "day": 19
      },
      "time": {
        "hour": 11,
        "minute": 57,
        "second": 5,
        "nano": 0
      }
    },
    "citySender": "Київ",
    "cityRecipient": "Добропілля"
  },
  {
    "number": 59000456111647,
    "dateTime": {
      "date": {
        "year": 2019,
        "month": 10,
        "day": 19
      },
      "time": {
        "hour": 11,
        "minute": 56,
        "second": 47,
        "nano": 0
      }
    },
    "citySender": "Черкаси",
    "cityRecipient": "Харків"
  },
  {
    "number": 59000456111648,
    "dateTime": {
      "date": {
        "year": 2019,
        "month": 10,
        "day": 19
      },
      "time": {
        "hour": 11,
        "minute": 56,
        "second": 30,
        "nano": 0
      }
    },
    "citySender": "Снятин",
    "cityRecipient": "Краковець"
  },
  {
    "number": 59000456111649,
    "dateTime": {
      "date": {
        "year": 2019,
        "month": 10,
        "day": 19
      },
      "time": {
        "hour": 11,
        "minute": 56,
        "second": 56,
        "nano": 0
      }
    },
    "citySender": "Київ",
    "cityRecipient": "Київ"
  },
  {
    "number": 59000456111650,
    "dateTime": {
      "date": {
        "year": 2019,
        "month": 10,
        "day": 19
      },
      "time": {
        "hour": 11,
        "minute": 57,
        "second": 3,
        "nano": 0
      }
    },
    "citySender": "Київ",
    "cityRecipient": "Кременчук"
  },
  {
    "number": 59000456111651,
    "dateTime": {
      "date": {
        "year": 2019,
        "month": 10,
        "day": 19
      },
      "time": {
        "hour": 11,
        "minute": 57,
        "second": 3,
        "nano": 0
      }
    },
    "citySender": "Кам\u0027янське(Дніпропетровська обл)",
    "cityRecipient": "Суми"
  },
  {
    "number": 59000456111652,
    "dateTime": {
      "date": {
        "year": 2019,
        "month": 10,
        "day": 19
      },
      "time": {
        "hour": 11,
        "minute": 57,
        "second": 14,
        "nano": 0
      }
    },
    "citySender": "Одеса",
    "cityRecipient": "Харків"
  },
  {
    "number": 59000456111654,
    "dateTime": {
      "date": {
        "year": 2019,
        "month": 10,
        "day": 19
      },
      "time": {
        "hour": 11,
        "minute": 56,
        "second": 58,
        "nano": 0
      }
    },
    "citySender": "Харків",
    "cityRecipient": "Львів"
  },
  {
    "number": 59000456111655,
    "dateTime": {
      "date": {
        "year": 2019,
        "month": 10,
        "day": 19
      },
      "time": {
        "hour": 11,
        "minute": 56,
        "second": 46,
        "nano": 0
      }
    },
    "citySender": "Прилуки",
    "cityRecipient": "Київ"
  },
  {
    "number": 59000456111656,
    "dateTime": {
      "date": {
        "year": 2019,
        "month": 10,
        "day": 19
      },
      "time": {
        "hour": 11,
        "minute": 56,
        "second": 42,
        "nano": 0
      }
    },
    "citySender": "Шкло",
    "cityRecipient": "Гуляйполе"
  },
  {
    "number": 59000456111657,
    "dateTime": {
      "date": {
        "year": 2019,
        "month": 10,
        "day": 19
      },
      "time": {
        "hour": 11,
        "minute": 55,
        "second": 56,
        "nano": 0
      }
    },
    "citySender": "Житомир",
    "cityRecipient": "Тетіїв"
  },
  {
    "number": 59000456111658,
    "dateTime": {
      "date": {
        "year": 2019,
        "month": 10,
        "day": 19
      },
      "time": {
        "hour": 11,
        "minute": 57,
        "second": 11,
        "nano": 0
      }
    },
    "citySender": "Київ",
    "cityRecipient": "Велика Олександрівка (Херсонська обл.)"
  },
  {
    "number": 59000456111659,
    "dateTime": {
      "date": {
        "year": 2019,
        "month": 10,
        "day": 19
      },
      "time": {
        "hour": 11,
        "minute": 57,
        "second": 8,
        "nano": 0
      }
    },
    "citySender": "Харків",
    "cityRecipient": "Покровськ (Донецька обл.)"
  },
  {
    "number": 59000456111660,
    "dateTime": {
      "date": {
        "year": 2019,
        "month": 10,
        "day": 19
      },
      "time": {
        "hour": 11,
        "minute": 57,
        "second": 7,
        "nano": 0
      }
    },
    "citySender": "Київ",
    "cityRecipient": "Одеса"
  },
  {
    "number": 59000456111661,
    "dateTime": {
      "date": {
        "year": 2019,
        "month": 10,
        "day": 19
      },
      "time": {
        "hour": 11,
        "minute": 56,
        "second": 42,
        "nano": 0
      }
    },
    "citySender": "Копичинці (Гусятинський р-н)",
    "cityRecipient": "Ізюм"
  },
  {
    "number": 59000456111662,
    "dateTime": {
      "date": {
        "year": 2019,
        "month": 10,
        "day": 19
      },
      "time": {
        "hour": 11,
        "minute": 56,
        "second": 48,
        "nano": 0
      }
    },
    "citySender": "Ралівка",
    "cityRecipient": "Рівне"
  },
  {
    "number": 59000456111664,
    "dateTime": {
      "date": {
        "year": 2019,
        "month": 10,
        "day": 19
      },
      "time": {
        "hour": 11,
        "minute": 57,
        "second": 16,
        "nano": 0
      }
    },
    "citySender": "Одеса",
    "cityRecipient": "Маріуполь"
  },
  {
    "number": 59000456111665,
    "dateTime": {
      "date": {
        "year": 2019,
        "month": 10,
        "day": 19
      },
      "time": {
        "hour": 11,
        "minute": 56,
        "second": 23,
        "nano": 0
      }
    },
    "citySender": "Вінниця",
    "cityRecipient": "Чайки"
  },
  {
    "number": 59000456111666,
    "dateTime": {
      "date": {
        "year": 2019,
        "month": 10,
        "day": 19
      },
      "time": {
        "hour": 11,
        "minute": 57,
        "second": 7,
        "nano": 0
      }
    },
    "citySender": "Київ",
    "cityRecipient": "Знам\u0027янка (Кіровоградська обл.)"
  },
  {
    "number": 59000456111667,
    "dateTime": {
      "date": {
        "year": 2019,
        "month": 10,
        "day": 19
      },
      "time": {
        "hour": 11,
        "minute": 56,
        "second": 3,
        "nano": 0
      }
    },
    "citySender": "Львів",
    "cityRecipient": "Кременчук"
  },
  {
    "number": 59000456111668,
    "dateTime": {
      "date": {
        "year": 2019,
        "month": 10,
        "day": 19
      },
      "time": {
        "hour": 11,
        "minute": 57,
        "second": 7,
        "nano": 0
      }
    },
    "citySender": "Новояворівськ",
    "cityRecipient": "Кам\u0027янське(Дніпропетровська обл)"
  },
  {
    "number": 59000456111670,
    "dateTime": {
      "date": {
        "year": 2019,
        "month": 10,
        "day": 19
      },
      "time": {
        "hour": 11,
        "minute": 57,
        "second": 20,
        "nano": 0
      }
    },
    "citySender": "Великий Бичків",
    "cityRecipient": "Харків"
  },
  {
    "number": 59000456111671,
    "dateTime": {
      "date": {
        "year": 2019,
        "month": 10,
        "day": 19
      },
      "time": {
        "hour": 11,
        "minute": 56,
        "second": 36,
        "nano": 0
      }
    },
    "citySender": "Дніпро",
    "cityRecipient": "Дніпро"
  },
  {
    "number": 59000456111672,
    "dateTime": {
      "date": {
        "year": 2019,
        "month": 10,
        "day": 19
      },
      "time": {
        "hour": 11,
        "minute": 56,
        "second": 33,
        "nano": 0
      }
    },
    "citySender": "Рівне",
    "cityRecipient": "Житомир"
  },
  {
    "number": 59000456111673,
    "dateTime": {
      "date": {
        "year": 2019,
        "month": 10,
        "day": 19
      },
      "time": {
        "hour": 11,
        "minute": 56,
        "second": 50,
        "nano": 0
      }
    },
    "citySender": "Львів",
    "cityRecipient": "Козин (Рівненська обл.)"
  }
]