[
  {
    "number": 59000456077596,
    "dateTime": {
      "date": {
        "year": 2019,
        "month": 10,
        "day": 19
      },
      "time": {
        "hour": 9,
        "minute": 37,
        "second": 24,
        "nano": 0
      }
    },
    "citySender": "Київ",
    "cityRecipient": "Київ"
  },
  {
    "number": 59000456077597,
    "dateTime": {
      "date": {
        "year": 2019,
        "month": 10,
        "day": 19
      },
      "time": {
        "hour": 9,
        "minute": 37,
        "second": 28,
        "nano": 0
      }
    },
    "citySender": "Велятино",
    "cityRecipient": "Київ"
  },
  {
    "number": 59000456077598,
    "dateTime": {
      "date": {
        "year": 2019,
        "month": 10,
        "day": 19
      },
      "time": {
        "hour": 9,
        "minute": 35,
        "second": 22,
        "nano": 0
      }
    },
    "citySender": "Київ",
    "cityRecipient": "Київ"
  },
  {
    "number": 59000456077599,
    "dateTime": {
      "date": {
        "year": 2019,
        "month": 10,
        "day": 19
      },
      "time": {
        "hour": 9,
        "minute": 37,
        "second": 17,
        "nano": 0
      }
    },
    "citySender": "Славута",
    "cityRecipient": "Київ"
  },
  {
    "number": 59000456077600,
    "dateTime": {
      "date": {
        "year": 2019,
        "month": 10,
        "day": 19
      },
      "time": {
        "hour": 9,
        "minute": 37,
        "second": 27,
        "nano": 0
      }
    },
    "citySender": "Хмельницький",
    "cityRecipient": "Рокитне (Київська обл., Рокитнянський р-н)"
  },
  {
    "number": 59000456077601,
    "dateTime": {
      "date": {
        "year": 2019,
        "month": 10,
        "day": 19
      },
      "time": {
        "hour": 9,
        "minute": 37,
        "second": 41,
        "nano": 0
      }
    },
    "citySender": "Полтава",
    "cityRecipient": "Копайгород"
  },
  {
    "number": 59000456077602,
    "dateTime": {
      "date": {
        "year": 2019,
        "month": 10,
        "day": 19
      },
      "time": {
        "hour": 9,
        "minute": 37,
        "second": 42,
        "nano": 0
      }
    },
    "citySender": "Гельмязів",
    "cityRecipient": "Одеса"
  },
  {
    "number": 59000456077603,
    "dateTime": {
      "date": {
        "year": 2019,
        "month": 10,
        "day": 19
      },
      "time": {
        "hour": 9,
        "minute": 37,
        "second": 42,
        "nano": 0
      }
    },
    "citySender": "Канів",
    "cityRecipient": "Київ"
  },
  {
    "number": 59000456077604,
    "dateTime": {
      "date": {
        "year": 2019,
        "month": 10,
        "day": 19
      },
      "time": {
        "hour": 9,
        "minute": 35,
        "second": 20,
        "nano": 0
      }
    },
    "citySender": "Оржів",
    "cityRecipient": "Київ"
  },
  {
    "number": 59000456077605,
    "dateTime": {
      "date": {
        "year": 2019,
        "month": 10,
        "day": 19
      },
      "time": {
        "hour": 9,
        "minute": 37,
        "second": 43,
        "nano": 0
      }
    },
    "citySender": "Маріуполь",
    "cityRecipient": "Одеса"
  },
  {
    "number": 59000456077606,
    "dateTime": {
      "date": {
        "year": 2019,
        "month": 10,
        "day": 19
      },
      "time": {
        "hour": 9,
        "minute": 37,
        "second": 31,
        "nano": 0
      }
    },
    "citySender": "Лубни",
    "cityRecipient": "Охтирка"
  },
  {
    "number": 59000456077607,
    "dateTime": {
      "date": {
        "year": 2019,
        "month": 10,
        "day": 19
      },
      "time": {
        "hour": 9,
        "minute": 37,
        "second": 43,
        "nano": 0
      }
    },
    "citySender": "Київ",
    "cityRecipient": "Київ"
  },
  {
    "number": 59000456077608,
    "dateTime": {
      "date": {
        "year": 2019,
        "month": 10,
        "day": 19
      },
      "time": {
        "hour": 9,
        "minute": 37,
        "second": 23,
        "nano": 0
      }
    },
    "citySender": "Івано-Франківськ",
    "cityRecipient": "Полтава"
  },
  {
    "number": 59000456077609,
    "dateTime": {
      "date": {
        "year": 2019,
        "month": 10,
        "day": 19
      },
      "time": {
        "hour": 9,
        "minute": 37,
        "second": 40,
        "nano": 0
      }
    },
    "citySender": "Магдалинівка",
    "cityRecipient": "Запоріжжя"
  },
  {
    "number": 59000456077612,
    "dateTime": {
      "date": {
        "year": 2019,
        "month": 10,
        "day": 19
      },
      "time": {
        "hour": 9,
        "minute": 37,
        "second": 13,
        "nano": 0
      }
    },
    "citySender": "Судова Вишня",
    "cityRecipient": "Чорнухи (Полтавська обл.)"
  },
  {
    "number": 59000456077613,
    "dateTime": {
      "date": {
        "year": 2019,
        "month": 10,
        "day": 19
      },
      "time": {
        "hour": 9,
        "minute": 37,
        "second": 16,
        "nano": 0
      }
    },
    "citySender": "Старий Самбір",
    "cityRecipient": "Городок(Львівська обл.)"
  },
  {
    "number": 59000456077614,
    "dateTime": {
      "date": {
        "year": 2019,
        "month": 10,
        "day": 19
      },
      "time": {
        "hour": 9,
        "minute": 36,
        "second": 14,
        "nano": 0
      }
    },
    "citySender": "Соледар",
    "cityRecipient": "Махнівка (Вінницька обл.)"
  },
  {
    "number": 59000456077615,
    "dateTime": {
      "date": {
        "year": 2019,
        "month": 10,
        "day": 19
      },
      "time": {
        "hour": 9,
        "minute": 37,
        "second": 6,
        "nano": 0
      }
    },
    "citySender": "Одеса",
    "cityRecipient": "Велика Михайлівка"
  },
  {
    "number": 59000456077616,
    "dateTime": {
      "date": {
        "year": 2019,
        "month": 10,
        "day": 19
      },
      "time": {
        "hour": 9,
        "minute": 37,
        "second": 46,
        "nano": 0
      }
    },
    "citySender": "Кривий Ріг",
    "cityRecipient": "Фастів"
  },
  {
    "number": 59000456077617,
    "dateTime": {
      "date": {
        "year": 2019,
        "month": 10,
        "day": 19
      },
      "time": {
        "hour": 9,
        "minute": 36,
        "second": 40,
        "nano": 0
      }
    },
    "citySender": "Київ",
    "cityRecipient": "Дніпро"
  },
  {
    "number": 59000456077618,
    "dateTime": {
      "date": {
        "year": 2019,
        "month": 10,
        "day": 19
      },
      "time": {
        "hour": 9,
        "minute": 37,
        "second": 13,
        "nano": 0
      }
    },
    "citySender": "Горохів",
    "cityRecipient": "Луцьк"
  },
  {
    "number": 59000456077619,
    "dateTime": {
      "date": {
        "year": 2019,
        "month": 10,
        "day": 19
      },
      "time": {
        "hour": 9,
        "minute": 37,
        "second": 47,
        "nano": 0
      }
    },
    "citySender": "Київ",
    "cityRecipient": "Чернігів"
  },
  {
    "number": 59000456077620,
    "dateTime": {
      "date": {
        "year": 2019,
        "month": 10,
        "day": 19
      },
      "time": {
        "hour": 9,
        "minute": 37,
        "second": 44,
        "nano": 0
      }
    },
    "citySender": "Харків",
    "cityRecipient": "Покровськ (Донецька обл.)"
  },
  {
    "number": 59000456077621,
    "dateTime": {
      "date": {
        "year": 2019,
        "month": 10,
        "day": 19
      },
      "time": {
        "hour": 9,
        "minute": 36,
        "second": 16,
        "nano": 0
      }
    },
    "citySender": "Мерефа",
    "cityRecipient": "Київ"
  },
  {
    "number": 59000456077622,
    "dateTime": {
      "date": {
        "year": 2019,
        "month": 10,
        "day": 19
      },
      "time": {
        "hour": 9,
        "minute": 37,
        "second": 16,
        "nano": 0
      }
    },
    "citySender": "Сєвєродонецьк",
    "cityRecipient": "Київ"
  },
  {
    "number": 59000456077623,
    "dateTime": {
      "date": {
        "year": 2019,
        "month": 10,
        "day": 19
      },
      "time": {
        "hour": 9,
        "minute": 37,
        "second": 29,
        "nano": 0
      }
    },
    "citySender": "Слов\u0027янськ",
    "cityRecipient": "Київ"
  },
  {
    "number": 59000456077624,
    "dateTime": {
      "date": {
        "year": 2019,
        "month": 10,
        "day": 19
      },
      "time": {
        "hour": 9,
        "minute": 37,
        "second": 27,
        "nano": 0
      }
    },
    "citySender": "Калуш",
    "cityRecipient": "Київ"
  },
  {
    "number": 59000456077625,
    "dateTime": {
      "date": {
        "year": 2019,
        "month": 10,
        "day": 19
      },
      "time": {
        "hour": 9,
        "minute": 37,
        "second": 49,
        "nano": 0
      }
    },
    "citySender": "Рівне",
    "cityRecipient": "Запоріжжя"
  },
  {
    "number": 59000456077626,
    "dateTime": {
      "date": {
        "year": 2019,
        "month": 10,
        "day": 19
      },
      "time": {
        "hour": 9,
        "minute": 37,
        "second": 42,
        "nano": 0
      }
    },
    "citySender": "Ужгород",
    "cityRecipient": "Ужгород"
  },
  {
    "number": 59000456077627,
    "dateTime": {
      "date": {
        "year": 2019,
        "month": 10,
        "day": 19
      },
      "time": {
        "hour": 9,
        "minute": 37,
        "second": 20,
        "nano": 0
      }
    },
    "citySender": "Вишгород",
    "cityRecipient": "Київ"
  },
  {
    "number": 59000456077628,
    "dateTime": {
      "date": {
        "year": 2019,
        "month": 10,
        "day": 19
      },
      "time": {
        "hour": 9,
        "minute": 37,
        "second": 49,
        "nano": 0
      }
    },
    "citySender": "Ічня",
    "cityRecipient": "Городок(Львівська обл.)"
  },
  {
    "number": 59000456077629,
    "dateTime": {
      "date": {
        "year": 2019,
        "month": 10,
        "day": 19
      },
      "time": {
        "hour": 9,
        "minute": 37,
        "second": 50,
        "nano": 0
      }
    },
    "citySender": "Жихор",
    "cityRecipient": "Хотин"
  },
  {
    "number": 59000456077630,
    "dateTime": {
      "date": {
        "year": 2019,
        "month": 10,
        "day": 19
      },
      "time": {
        "hour": 9,
        "minute": 36,
        "second": 30,
        "nano": 0
      }
    },
    "citySender": "Татарбунари",
    "cityRecipient": "Нікополь (Дніпропетровська обл.)"
  },
  {
    "number": 59000456077632,
    "dateTime": {
      "date": {
        "year": 2019,
        "month": 10,
        "day": 19
      },
      "time": {
        "hour": 9,
        "minute": 37,
        "second": 19,
        "nano": 0
      }
    },
    "citySender": "Львів",
    "cityRecipient": "Ужгород"
  },
  {
    "number": 59000456077633,
    "dateTime": {
      "date": {
        "year": 2019,
        "month": 10,
        "day": 19
      },
      "time": {
        "hour": 9,
        "minute": 37,
        "second": 35,
        "nano": 0
      }
    },
    "citySender": "Біла Церква",
    "cityRecipient": "Мукачево"
  },
  {
    "number": 59000456077634,
    "dateTime": {
      "date": {
        "year": 2019,
        "month": 10,
        "day": 19
      },
      "time": {
        "hour": 9,
        "minute": 37,
        "second": 17,
        "nano": 0
      }
    },
    "citySender": "Одеса",
    "cityRecipient": "Київ"
  },
  {
    "number": 59000456077635,
    "dateTime": {
      "date": {
        "year": 2019,
        "month": 10,
        "day": 19
      },
      "time": {
        "hour": 9,
        "minute": 37,
        "second": 47,
        "nano": 0
      }
    },
    "citySender": "Одеса",
    "cityRecipient": "Одеса"
  },
  {
    "number": 59000456077636,
    "dateTime": {
      "date": {
        "year": 2019,
        "month": 10,
        "day": 19
      },
      "time": {
        "hour": 9,
        "minute": 36,
        "second": 57,
        "nano": 0
      }
    },
    "citySender": "Городище (Черкаська обл.)",
    "cityRecipient": "Київ"
  },
  {
    "number": 59000456077637,
    "dateTime": {
      "date": {
        "year": 2019,
        "month": 10,
        "day": 19
      },
      "time": {
        "hour": 9,
        "minute": 37,
        "second": 40,
        "nano": 0
      }
    },
    "citySender": "Слов\u0027янськ",
    "cityRecipient": "Ізюм"
  },
  {
    "number": 59000456077638,
    "dateTime": {
      "date": {
        "year": 2019,
        "month": 10,
        "day": 19
      },
      "time": {
        "hour": 9,
        "minute": 37,
        "second": 15,
        "nano": 0
      }
    },
    "citySender": "Дружківка",
    "cityRecipient": "Мелітополь"
  },
  {
    "number": 59000456077639,
    "dateTime": {
      "date": {
        "year": 2019,
        "month": 10,
        "day": 19
      },
      "time": {
        "hour": 9,
        "minute": 37,
        "second": 8,
        "nano": 0
      }
    },
    "citySender": "Іллінці",
    "cityRecipient": "Немирів (Вінницька обл.)"
  },
  {
    "number": 59000456077640,
    "dateTime": {
      "date": {
        "year": 2019,
        "month": 10,
        "day": 19
      },
      "time": {
        "hour": 9,
        "minute": 37,
        "second": 53,
        "nano": 0
      }
    },
    "citySender": "Дніпро",
    "cityRecipient": "Київ"
  },
  {
    "number": 59000456077641,
    "dateTime": {
      "date": {
        "year": 2019,
        "month": 10,
        "day": 19
      },
      "time": {
        "hour": 9,
        "minute": 37,
        "second": 51,
        "nano": 0
      }
    },
    "citySender": "Плесецьке",
    "cityRecipient": "Конотоп"
  },
  {
    "number": 59000456077642,
    "dateTime": {
      "date": {
        "year": 2019,
        "month": 10,
        "day": 19
      },
      "time": {
        "hour": 9,
        "minute": 37,
        "second": 23,
        "nano": 0
      }
    },
    "citySender": "Бар",
    "cityRecipient": "Одеса"
  },
  {
    "number": 59000456077643,
    "dateTime": {
      "date": {
        "year": 2019,
        "month": 10,
        "day": 19
      },
      "time": {
        "hour": 9,
        "minute": 37,
        "second": 0,
        "nano": 0
      }
    },
    "citySender": "Чугуїв",
    "cityRecipient": "Київ"
  },
  {
    "number": 59000456077644,
    "dateTime": {
      "date": {
        "year": 2019,
        "month": 10,
        "day": 19
      },
      "time": {
        "hour": 9,
        "minute": 37,
        "second": 54,
        "nano": 0
      }
    },
    "citySender": "Київ",
    "cityRecipient": "Охтирка"
  },
  {
    "number": 59000456077645,
    "dateTime": {
      "date": {
        "year": 2019,
        "month": 10,
        "day": 19
      },
      "time": {
        "hour": 9,
        "minute": 36,
        "second": 27,
        "nano": 0
      }
    },
    "citySender": "Народичі",
    "cityRecipient": "Харків"
  },
  {
    "number": 59000456077646,
    "dateTime": {
      "date": {
        "year": 2019,
        "month": 10,
        "day": 19
      },
      "time": {
        "hour": 9,
        "minute": 37,
        "second": 46,
        "nano": 0
      }
    },
    "citySender": "Київ",
    "cityRecipient": "Жашків"
  },
  {
    "number": 59000456077647,
    "dateTime": {
      "date": {
        "year": 2019,
        "month": 10,
        "day": 19
      },
      "time": {
        "hour": 9,
        "minute": 37,
        "second": 56,
        "nano": 0
      }
    },
    "citySender": "Запоріжжя",
    "cityRecipient": "Бровари"
  },
  {
    "number": 59000456077648,
    "dateTime": {
      "date": {
        "year": 2019,
        "month": 10,
        "day": 19
      },
      "time": {
        "hour": 9,
        "minute": 37,
        "second": 31,
        "nano": 0
      }
    },
    "citySender": "Львів",
    "cityRecipient": "Ужгород"
  },
  {
    "number": 59000456077649,
    "dateTime": {
      "date": {
        "year": 2019,
        "month": 10,
        "day": 19
      },
      "time": {
        "hour": 9,
        "minute": 37,
        "second": 47,
        "nano": 0
      }
    },
    "citySender": "Запоріжжя",
    "cityRecipient": "Запоріжжя"
  },
  {
    "number": 59000456077650,
    "dateTime": {
      "date": {
        "year": 2019,
        "month": 10,
        "day": 19
      },
      "time": {
        "hour": 9,
        "minute": 37,
        "second": 17,
        "nano": 0
      }
    },
    "citySender": "Біла Церква",
    "cityRecipient": "Київ"
  },
  {
    "number": 59000456077651,
    "dateTime": {
      "date": {
        "year": 2019,
        "month": 10,
        "day": 19
      },
      "time": {
        "hour": 9,
        "minute": 37,
        "second": 56,
        "nano": 0
      }
    },
    "citySender": "Київ",
    "cityRecipient": "Одеса"
  },
  {
    "number": 59000456077652,
    "dateTime": {
      "date": {
        "year": 2019,
        "month": 10,
        "day": 19
      },
      "time": {
        "hour": 9,
        "minute": 37,
        "second": 3,
        "nano": 0
      }
    },
    "citySender": "Харків",
    "cityRecipient": "Київ"
  },
  {
    "number": 59000456077653,
    "dateTime": {
      "date": {
        "year": 2019,
        "month": 10,
        "day": 19
      },
      "time": {
        "hour": 9,
        "minute": 37,
        "second": 50,
        "nano": 0
      }
    },
    "citySender": "Вишневе",
    "cityRecipient": "Сєвєродонецьк"
  },
  {
    "number": 59000456077654,
    "dateTime": {
      "date": {
        "year": 2019,
        "month": 10,
        "day": 19
      },
      "time": {
        "hour": 9,
        "minute": 37,
        "second": 57,
        "nano": 0
      }
    },
    "citySender": "Чернівці",
    "cityRecipient": "Кривий Ріг"
  },
  {
    "number": 59000456077655,
    "dateTime": {
      "date": {
        "year": 2019,
        "month": 10,
        "day": 19
      },
      "time": {
        "hour": 9,
        "minute": 37,
        "second": 11,
        "nano": 0
      }
    },
    "citySender": "Попасна",
    "cityRecipient": "Рикове"
  },
  {
    "number": 59000456077656,
    "dateTime": {
      "date": {
        "year": 2019,
        "month": 10,
        "day": 19
      },
      "time": {
        "hour": 9,
        "minute": 37,
        "second": 20,
        "nano": 0
      }
    },
    "citySender": "Івано-Франківськ",
    "cityRecipient": "Тараща"
  },
  {
    "number": 59000456077657,
    "dateTime": {
      "date": {
        "year": 2019,
        "month": 10,
        "day": 19
      },
      "time": {
        "hour": 9,
        "minute": 37,
        "second": 46,
        "nano": 0
      }
    },
    "citySender": "Дніпро",
    "cityRecipient": "Ужгород"
  },
  {
    "number": 59000456077658,
    "dateTime": {
      "date": {
        "year": 2019,
        "month": 10,
        "day": 19
      },
      "time": {
        "hour": 9,
        "minute": 37,
        "second": 58,
        "nano": 0
      }
    },
    "citySender": "Білопілля",
    "cityRecipient": "Бохоники"
  },
  {
    "number": 59000456077659,
    "dateTime": {
      "date": {
        "year": 2019,
        "month": 10,
        "day": 19
      },
      "time": {
        "hour": 9,
        "minute": 37,
        "second": 53,
        "nano": 0
      }
    },
    "citySender": "Денихівка",
    "cityRecipient": "Заставна"
  },
  {
    "number": 59000456077660,
    "dateTime": {
      "date": {
        "year": 2019,
        "month": 10,
        "day": 19
      },
      "time": {
        "hour": 9,
        "minute": 37,
        "second": 39,
        "nano": 0
      }
    },
    "citySender": "Баранівка",
    "cityRecipient": "Яворів"
  },
  {
    "number": 59000456077662,
    "dateTime": {
      "date": {
        "year": 2019,
        "month": 10,
        "day": 19
      },
      "time": {
        "hour": 9,
        "minute": 37,
        "second": 51,
        "nano": 0
      }
    },
    "citySender": "Запоріжжя",
    "cityRecipient": "Енергодар"
  },
  {
    "number": 59000456077663,
    "dateTime": {
      "date": {
        "year": 2019,
        "month": 10,
        "day": 19
      },
      "time": {
        "hour": 9,
        "minute": 37,
        "second": 41,
        "nano": 0
      }
    },
    "citySender": "Одеса",
    "cityRecipient": "Кривий Ріг"
  },
  {
    "number": 59000456077665,
    "dateTime": {
      "date": {
        "year": 2019,
        "month": 10,
        "day": 19
      },
      "time": {
        "hour": 9,
        "minute": 36,
        "second": 36,
        "nano": 0
      }
    },
    "citySender": "Запоріжжя",
    "cityRecipient": "Київ"
  },
  {
    "number": 59000456077666,
    "dateTime": {
      "date": {
        "year": 2019,
        "month": 10,
        "day": 19
      },
      "time": {
        "hour": 9,
        "minute": 37,
        "second": 40,
        "nano": 0
      }
    },
    "citySender": "Тисмениця",
    "cityRecipient": "Чернівці"
  },
  {
    "number": 59000456077667,
    "dateTime": {
      "date": {
        "year": 2019,
        "month": 10,
        "day": 19
      },
      "time": {
        "hour": 9,
        "minute": 37,
        "second": 40,
        "nano": 0
      }
    },
    "citySender": "Дніпро",
    "cityRecipient": "Запоріжжя"
  },
  {
    "number": 59000456077668,
    "dateTime": {
      "date": {
        "year": 2019,
        "month": 10,
        "day": 19
      },
      "time": {
        "hour": 9,
        "minute": 38,
        "second": 1,
        "nano": 0
      }
    },
    "citySender": "Сквира",
    "cityRecipient": "Одеса"
  },
  {
    "number": 59000456077669,
    "dateTime": {
      "date": {
        "year": 2019,
        "month": 10,
        "day": 19
      },
      "time": {
        "hour": 9,
        "minute": 37,
        "second": 46,
        "nano": 0
      }
    },
    "citySender": "Київ",
    "cityRecipient": "Харків"
  },
  {
    "number": 59000456077670,
    "dateTime": {
      "date": {
        "year": 2019,
        "month": 10,
        "day": 19
      },
      "time": {
        "hour": 9,
        "minute": 37,
        "second": 31,
        "nano": 0
      }
    },
    "citySender": "Полтава",
    "cityRecipient": "Херсон"
  },
  {
    "number": 59000456077671,
    "dateTime": {
      "date": {
        "year": 2019,
        "month": 10,
        "day": 19
      },
      "time": {
        "hour": 9,
        "minute": 37,
        "second": 33,
        "nano": 0
      }
    },
    "citySender": "Маневичі",
    "cityRecipient": "Яготин"
  },
  {
    "number": 59000456077672,
    "dateTime": {
      "date": {
        "year": 2019,
        "month": 10,
        "day": 19
      },
      "time": {
        "hour": 9,
        "minute": 38,
        "second": 2,
        "nano": 0
      }
    },
    "citySender": "Чорнобай",
    "cityRecipient": "Чернігів"
  },
  {
    "number": 59000456077673,
    "dateTime": {
      "date": {
        "year": 2019,
        "month": 10,
        "day": 19
      },
      "time": {
        "hour": 9,
        "minute": 37,
        "second": 48,
        "nano": 0
      }
    },
    "citySender": "Велика Виска (Маловисківський р-н.)",
    "cityRecipient": "Вилкове"
  },
  {
    "number": 59000456077674,
    "dateTime": {
      "date": {
        "year": 2019,
        "month": 10,
        "day": 19
      },
      "time": {
        "hour": 9,
        "minute": 37,
        "second": 37,
        "nano": 0
      }
    },
    "citySender": "Мукачево",
    "cityRecipient": "Дніпро"
  },
  {
    "number": 59000456077675,
    "dateTime": {
      "date": {
        "year": 2019,
        "month": 10,
        "day": 19
      },
      "time": {
        "hour": 9,
        "minute": 37,
        "second": 3,
        "nano": 0
      }
    },
    "citySender": "Хмельницький",
    "cityRecipient": "Запоріжжя"
  },
  {
    "number": 59000456077676,
    "dateTime": {
      "date": {
        "year": 2019,
        "month": 10,
        "day": 19
      },
      "time": {
        "hour": 9,
        "minute": 38,
        "second": 3,
        "nano": 0
      }
    },
    "citySender": "Полтава",
    "cityRecipient": "Київ"
  },
  {
    "number": 59000456077677,
    "dateTime": {
      "date": {
        "year": 2019,
        "month": 10,
        "day": 19
      },
      "time": {
        "hour": 9,
        "minute": 37,
        "second": 17,
        "nano": 0
      }
    },
    "citySender": "Київ",
    "cityRecipient": "Здолбунів"
  },
  {
    "number": 59000456077678,
    "dateTime": {
      "date": {
        "year": 2019,
        "month": 10,
        "day": 19
      },
      "time": {
        "hour": 9,
        "minute": 37,
        "second": 41,
        "nano": 0
      }
    },
    "citySender": "Жовті Води",
    "cityRecipient": "Київ"
  },
  {
    "number": 59000456077679,
    "dateTime": {
      "date": {
        "year": 2019,
        "month": 10,
        "day": 19
      },
      "time": {
        "hour": 9,
        "minute": 36,
        "second": 19,
        "nano": 0
      }
    },
    "citySender": "Станиця Луганська",
    "cityRecipient": "Старобільськ"
  },
  {
    "number": 59000456077680,
    "dateTime": {
      "date": {
        "year": 2019,
        "month": 10,
        "day": 19
      },
      "time": {
        "hour": 9,
        "minute": 36,
        "second": 9,
        "nano": 0
      }
    },
    "citySender": "Костянтинівка (Донецька обл.)",
    "cityRecipient": "Київ"
  },
  {
    "number": 59000456077681,
    "dateTime": {
      "date": {
        "year": 2019,
        "month": 10,
        "day": 19
      },
      "time": {
        "hour": 9,
        "minute": 37,
        "second": 50,
        "nano": 0
      }
    },
    "citySender": "Київ",
    "cityRecipient": "Слов\u0027янськ"
  },
  {
    "number": 59000456077682,
    "dateTime": {
      "date": {
        "year": 2019,
        "month": 10,
        "day": 19
      },
      "time": {
        "hour": 9,
        "minute": 38,
        "second": 4,
        "nano": 0
      }
    },
    "citySender": "Герца",
    "cityRecipient": "Сокільники"
  },
  {
    "number": 59000456077683,
    "dateTime": {
      "date": {
        "year": 2019,
        "month": 10,
        "day": 19
      },
      "time": {
        "hour": 9,
        "minute": 36,
        "second": 48,
        "nano": 0
      }
    },
    "citySender": "Кременчук",
    "cityRecipient": "Броди"
  },
  {
    "number": 59000456077684,
    "dateTime": {
      "date": {
        "year": 2019,
        "month": 10,
        "day": 19
      },
      "time": {
        "hour": 9,
        "minute": 37,
        "second": 39,
        "nano": 0
      }
    },
    "citySender": "Черкаси",
    "cityRecipient": "Київ"
  },
  {
    "number": 59000456077685,
    "dateTime": {
      "date": {
        "year": 2019,
        "month": 10,
        "day": 19
      },
      "time": {
        "hour": 9,
        "minute": 37,
        "second": 46,
        "nano": 0
      }
    },
    "citySender": "Серебрія",
    "cityRecipient": "Одеса"
  },
  {
    "number": 59000456077686,
    "dateTime": {
      "date": {
        "year": 2019,
        "month": 10,
        "day": 19
      },
      "time": {
        "hour": 9,
        "minute": 37,
        "second": 56,
        "nano": 0
      }
    },
    "citySender": "Кобеляки",
    "cityRecipient": "Кам\u0027янець-Подільський"
  },
  {
    "number": 59000456077687,
    "dateTime": {
      "date": {
        "year": 2019,
        "month": 10,
        "day": 19
      },
      "time": {
        "hour": 9,
        "minute": 38,
        "second": 5,
        "nano": 0
      }
    },
    "citySender": "Надвірна",
    "cityRecipient": "Київ"
  },
  {
    "number": 59000456077688,
    "dateTime": {
      "date": {
        "year": 2019,
        "month": 10,
        "day": 19
      },
      "time": {
        "hour": 9,
        "minute": 37,
        "second": 23,
        "nano": 0
      }
    },
    "citySender": "Сурсько-Литовське",
    "cityRecipient": "Тульчин"
  },
  {
    "number": 59000456077689,
    "dateTime": {
      "date": {
        "year": 2019,
        "month": 10,
        "day": 19
      },
      "time": {
        "hour": 9,
        "minute": 36,
        "second": 19,
        "nano": 0
      }
    },
    "citySender": "Старокостянтинів",
    "cityRecipient": "Київ"
  },
  {
    "number": 59000456077690,
    "dateTime": {
      "date": {
        "year": 2019,
        "month": 10,
        "day": 19
      },
      "time": {
        "hour": 9,
        "minute": 38,
        "second": 0,
        "nano": 0
      }
    },
    "citySender": "Комишуваха",
    "cityRecipient": "Луцьк"
  },
  {
    "number": 59000456077691,
    "dateTime": {
      "date": {
        "year": 2019,
        "month": 10,
        "day": 19
      },
      "time": {
        "hour": 9,
        "minute": 37,
        "second": 58,
        "nano": 0
      }
    },
    "citySender": "Київ",
    "cityRecipient": "Первомайськ(Микол.обл.Первомайс.р-н)"
  },
  {
    "number": 59000456077692,
    "dateTime": {
      "date": {
        "year": 2019,
        "month": 10,
        "day": 19
      },
      "time": {
        "hour": 9,
        "minute": 37,
        "second": 56,
        "nano": 0
      }
    },
    "citySender": "Київ",
    "cityRecipient": "Київ"
  },
  {
    "number": 59000456077694,
    "dateTime": {
      "date": {
        "year": 2019,
        "month": 10,
        "day": 19
      },
      "time": {
        "hour": 9,
        "minute": 37,
        "second": 53,
        "nano": 0
      }
    },
    "citySender": "Київ",
    "cityRecipient": "Сміла"
  },
  {
    "number": 59000456077695,
    "dateTime": {
      "date": {
        "year": 2019,
        "month": 10,
        "day": 19
      },
      "time": {
        "hour": 9,
        "minute": 38,
        "second": 7,
        "nano": 0
      }
    },
    "citySender": "Чемерівці",
    "cityRecipient": "Київ"
  }
]