[
  {
    "number": 59000456086496,
    "dateTime": {
      "date": {
        "year": 2019,
        "month": 10,
        "day": 19
      },
      "time": {
        "hour": 10,
        "minute": 18,
        "second": 38,
        "nano": 0
      }
    },
    "citySender": "Львів",
    "cityRecipient": "Гоголів(Броварський р-н)"
  },
  {
    "number": 59000456086497,
    "dateTime": {
      "date": {
        "year": 2019,
        "month": 10,
        "day": 19
      },
      "time": {
        "hour": 10,
        "minute": 16,
        "second": 55,
        "nano": 0
      }
    },
    "citySender": "Куликівка",
    "cityRecipient": "Дніпро"
  },
  {
    "number": 59000456086498,
    "dateTime": {
      "date": {
        "year": 2019,
        "month": 10,
        "day": 19
      },
      "time": {
        "hour": 10,
        "minute": 18,
        "second": 10,
        "nano": 0
      }
    },
    "citySender": "Лебедин (Сумська обл.)",
    "cityRecipient": "Мелітополь"
  },
  {
    "number": 59000456086499,
    "dateTime": {
      "date": {
        "year": 2019,
        "month": 10,
        "day": 19
      },
      "time": {
        "hour": 10,
        "minute": 18,
        "second": 5,
        "nano": 0
      }
    },
    "citySender": "Васищеве",
    "cityRecipient": "Київ"
  },
  {
    "number": 59000456086500,
    "dateTime": {
      "date": {
        "year": 2019,
        "month": 10,
        "day": 19
      },
      "time": {
        "hour": 10,
        "minute": 18,
        "second": 0,
        "nano": 0
      }
    },
    "citySender": "Слов\u0027янськ",
    "cityRecipient": "Рожни"
  },
  {
    "number": 59000456086501,
    "dateTime": {
      "date": {
        "year": 2019,
        "month": 10,
        "day": 19
      },
      "time": {
        "hour": 10,
        "minute": 18,
        "second": 45,
        "nano": 0
      }
    },
    "citySender": "Кам\u0027янське(Дніпропетровська обл)",
    "cityRecipient": "Черкаси"
  },
  {
    "number": 59000456086502,
    "dateTime": {
      "date": {
        "year": 2019,
        "month": 10,
        "day": 19
      },
      "time": {
        "hour": 10,
        "minute": 18,
        "second": 43,
        "nano": 0
      }
    },
    "citySender": "Покровське (Покровський р-н Дніпропетровська обл.)",
    "cityRecipient": "Біляївка"
  },
  {
    "number": 59000456086503,
    "dateTime": {
      "date": {
        "year": 2019,
        "month": 10,
        "day": 19
      },
      "time": {
        "hour": 10,
        "minute": 13,
        "second": 3,
        "nano": 0
      }
    },
    "citySender": "Дніпро",
    "cityRecipient": "Гвардійське (Дніпропетровськ)"
  },
  {
    "number": 59000456086504,
    "dateTime": {
      "date": {
        "year": 2019,
        "month": 10,
        "day": 19
      },
      "time": {
        "hour": 10,
        "minute": 18,
        "second": 50,
        "nano": 0
      }
    },
    "citySender": "Кропивницький",
    "cityRecipient": "Гайсин"
  },
  {
    "number": 59000456086505,
    "dateTime": {
      "date": {
        "year": 2019,
        "month": 10,
        "day": 19
      },
      "time": {
        "hour": 10,
        "minute": 17,
        "second": 23,
        "nano": 0
      }
    },
    "citySender": "Тарасівка",
    "cityRecipient": "Каланчак"
  },
  {
    "number": 59000456086506,
    "dateTime": {
      "date": {
        "year": 2019,
        "month": 10,
        "day": 19
      },
      "time": {
        "hour": 10,
        "minute": 17,
        "second": 25,
        "nano": 0
      }
    },
    "citySender": "Київ",
    "cityRecipient": "Кривий Ріг"
  },
  {
    "number": 59000456086507,
    "dateTime": {
      "date": {
        "year": 2019,
        "month": 10,
        "day": 19
      },
      "time": {
        "hour": 10,
        "minute": 18,
        "second": 33,
        "nano": 0
      }
    },
    "citySender": "Харків",
    "cityRecipient": "Запоріжжя"
  },
  {
    "number": 59000456086508,
    "dateTime": {
      "date": {
        "year": 2019,
        "month": 10,
        "day": 19
      },
      "time": {
        "hour": 10,
        "minute": 18,
        "second": 15,
        "nano": 0
      }
    },
    "citySender": "Новояворівськ",
    "cityRecipient": "Золотоноша"
  },
  {
    "number": 59000456086509,
    "dateTime": {
      "date": {
        "year": 2019,
        "month": 10,
        "day": 19
      },
      "time": {
        "hour": 10,
        "minute": 17,
        "second": 50,
        "nano": 0
      }
    },
    "citySender": "Луцьк",
    "cityRecipient": "Бахмач"
  },
  {
    "number": 59000456086510,
    "dateTime": {
      "date": {
        "year": 2019,
        "month": 10,
        "day": 19
      },
      "time": {
        "hour": 10,
        "minute": 18,
        "second": 41,
        "nano": 0
      }
    },
    "citySender": "Добропілля",
    "cityRecipient": "Харків"
  },
  {
    "number": 59000456086511,
    "dateTime": {
      "date": {
        "year": 2019,
        "month": 10,
        "day": 19
      },
      "time": {
        "hour": 10,
        "minute": 18,
        "second": 50,
        "nano": 0
      }
    },
    "citySender": "Олешки(Херсонська обл)",
    "cityRecipient": "Харків"
  },
  {
    "number": 59000456086512,
    "dateTime": {
      "date": {
        "year": 2019,
        "month": 10,
        "day": 19
      },
      "time": {
        "hour": 10,
        "minute": 18,
        "second": 27,
        "nano": 0
      }
    },
    "citySender": "Свалява",
    "cityRecipient": "Черкаси"
  },
  {
    "number": 59000456086514,
    "dateTime": {
      "date": {
        "year": 2019,
        "month": 10,
        "day": 19
      },
      "time": {
        "hour": 10,
        "minute": 18,
        "second": 30,
        "nano": 0
      }
    },
    "citySender": "Бровари",
    "cityRecipient": "Бровари"
  },
  {
    "number": 59000456086515,
    "dateTime": {
      "date": {
        "year": 2019,
        "month": 10,
        "day": 19
      },
      "time": {
        "hour": 10,
        "minute": 18,
        "second": 16,
        "nano": 0
      }
    },
    "citySender": "Кам\u0027янка-Бузька",
    "cityRecipient": "Харків"
  },
  {
    "number": 59000456086516,
    "dateTime": {
      "date": {
        "year": 2019,
        "month": 10,
        "day": 19
      },
      "time": {
        "hour": 10,
        "minute": 18,
        "second": 47,
        "nano": 0
      }
    },
    "citySender": "Христинівка",
    "cityRecipient": "Київ"
  },
  {
    "number": 59000456086517,
    "dateTime": {
      "date": {
        "year": 2019,
        "month": 10,
        "day": 19
      },
      "time": {
        "hour": 10,
        "minute": 18,
        "second": 45,
        "nano": 0
      }
    },
    "citySender": "Слов\u0027янськ",
    "cityRecipient": "Краматорськ"
  },
  {
    "number": 59000456086518,
    "dateTime": {
      "date": {
        "year": 2019,
        "month": 10,
        "day": 19
      },
      "time": {
        "hour": 10,
        "minute": 18,
        "second": 28,
        "nano": 0
      }
    },
    "citySender": "Велика Знам\u0027янка",
    "cityRecipient": "Кам\u0027янець-Подільський"
  },
  {
    "number": 59000456086519,
    "dateTime": {
      "date": {
        "year": 2019,
        "month": 10,
        "day": 19
      },
      "time": {
        "hour": 10,
        "minute": 18,
        "second": 44,
        "nano": 0
      }
    },
    "citySender": "Лисянка",
    "cityRecipient": "Львів"
  },
  {
    "number": 59000456086520,
    "dateTime": {
      "date": {
        "year": 2019,
        "month": 10,
        "day": 19
      },
      "time": {
        "hour": 10,
        "minute": 17,
        "second": 21,
        "nano": 0
      }
    },
    "citySender": "Кам\u0027янське(Дніпропетровська обл)",
    "cityRecipient": "Чернігів"
  },
  {
    "number": 59000456086521,
    "dateTime": {
      "date": {
        "year": 2019,
        "month": 10,
        "day": 19
      },
      "time": {
        "hour": 10,
        "minute": 18,
        "second": 51,
        "nano": 0
      }
    },
    "citySender": "Оріхів",
    "cityRecipient": "Прилуки"
  },
  {
    "number": 59000456086522,
    "dateTime": {
      "date": {
        "year": 2019,
        "month": 10,
        "day": 19
      },
      "time": {
        "hour": 10,
        "minute": 18,
        "second": 26,
        "nano": 0
      }
    },
    "citySender": "Тарутине",
    "cityRecipient": "Київ"
  },
  {
    "number": 59000456086523,
    "dateTime": {
      "date": {
        "year": 2019,
        "month": 10,
        "day": 19
      },
      "time": {
        "hour": 10,
        "minute": 17,
        "second": 57,
        "nano": 0
      }
    },
    "citySender": "Полтава",
    "cityRecipient": "Чернігів"
  },
  {
    "number": 59000456086525,
    "dateTime": {
      "date": {
        "year": 2019,
        "month": 10,
        "day": 19
      },
      "time": {
        "hour": 10,
        "minute": 18,
        "second": 26,
        "nano": 0
      }
    },
    "citySender": "Харків",
    "cityRecipient": "Чернівці"
  },
  {
    "number": 59000456086526,
    "dateTime": {
      "date": {
        "year": 2019,
        "month": 10,
        "day": 19
      },
      "time": {
        "hour": 10,
        "minute": 18,
        "second": 19,
        "nano": 0
      }
    },
    "citySender": "Катюжанка",
    "cityRecipient": "Лубни"
  },
  {
    "number": 59000456086527,
    "dateTime": {
      "date": {
        "year": 2019,
        "month": 10,
        "day": 19
      },
      "time": {
        "hour": 10,
        "minute": 18,
        "second": 43,
        "nano": 0
      }
    },
    "citySender": "Умань",
    "cityRecipient": "Мелітополь"
  },
  {
    "number": 59000456086528,
    "dateTime": {
      "date": {
        "year": 2019,
        "month": 10,
        "day": 19
      },
      "time": {
        "hour": 10,
        "minute": 18,
        "second": 9,
        "nano": 0
      }
    },
    "citySender": "Хмельницький",
    "cityRecipient": "Харків"
  },
  {
    "number": 59000456086529,
    "dateTime": {
      "date": {
        "year": 2019,
        "month": 10,
        "day": 19
      },
      "time": {
        "hour": 10,
        "minute": 16,
        "second": 38,
        "nano": 0
      }
    },
    "citySender": "Покровськ (Донецька обл.)",
    "cityRecipient": "Фастів"
  },
  {
    "number": 59000456086530,
    "dateTime": {
      "date": {
        "year": 2019,
        "month": 10,
        "day": 19
      },
      "time": {
        "hour": 10,
        "minute": 18,
        "second": 40,
        "nano": 0
      }
    },
    "citySender": "Запоріжжя",
    "cityRecipient": "Бахмут"
  },
  {
    "number": 59000456086531,
    "dateTime": {
      "date": {
        "year": 2019,
        "month": 10,
        "day": 19
      },
      "time": {
        "hour": 10,
        "minute": 17,
        "second": 41,
        "nano": 0
      }
    },
    "citySender": "Львів",
    "cityRecipient": "Київ"
  },
  {
    "number": 59000456086532,
    "dateTime": {
      "date": {
        "year": 2019,
        "month": 10,
        "day": 19
      },
      "time": {
        "hour": 10,
        "minute": 18,
        "second": 28,
        "nano": 0
      }
    },
    "citySender": "Білогородка (Київська обл.)",
    "cityRecipient": "Харків"
  },
  {
    "number": 59000456086533,
    "dateTime": {
      "date": {
        "year": 2019,
        "month": 10,
        "day": 19
      },
      "time": {
        "hour": 10,
        "minute": 17,
        "second": 27,
        "nano": 0
      }
    },
    "citySender": "Одеса",
    "cityRecipient": "Одеса"
  },
  {
    "number": 59000456086534,
    "dateTime": {
      "date": {
        "year": 2019,
        "month": 10,
        "day": 19
      },
      "time": {
        "hour": 10,
        "minute": 19,
        "second": 0,
        "nano": 0
      }
    },
    "citySender": "Київ",
    "cityRecipient": "Одеса"
  },
  {
    "number": 59000456086535,
    "dateTime": {
      "date": {
        "year": 2019,
        "month": 10,
        "day": 19
      },
      "time": {
        "hour": 10,
        "minute": 18,
        "second": 18,
        "nano": 0
      }
    },
    "citySender": "Трускавець",
    "cityRecipient": "Київ"
  },
  {
    "number": 59000456086536,
    "dateTime": {
      "date": {
        "year": 2019,
        "month": 10,
        "day": 19
      },
      "time": {
        "hour": 10,
        "minute": 18,
        "second": 47,
        "nano": 0
      }
    },
    "citySender": "Харків",
    "cityRecipient": "Чортків"
  },
  {
    "number": 59000456086537,
    "dateTime": {
      "date": {
        "year": 2019,
        "month": 10,
        "day": 19
      },
      "time": {
        "hour": 10,
        "minute": 18,
        "second": 50,
        "nano": 0
      }
    },
    "citySender": "Київ",
    "cityRecipient": "Івано-Франківськ"
  },
  {
    "number": 59000456086538,
    "dateTime": {
      "date": {
        "year": 2019,
        "month": 10,
        "day": 19
      },
      "time": {
        "hour": 10,
        "minute": 19,
        "second": 0,
        "nano": 0
      }
    },
    "citySender": "Дубно",
    "cityRecipient": "Копичинці (Гусятинський р-н)"
  },
  {
    "number": 59000456086539,
    "dateTime": {
      "date": {
        "year": 2019,
        "month": 10,
        "day": 19
      },
      "time": {
        "hour": 10,
        "minute": 19,
        "second": 0,
        "nano": 0
      }
    },
    "citySender": "Дніпро",
    "cityRecipient": "Житомир"
  },
  {
    "number": 59000456086540,
    "dateTime": {
      "date": {
        "year": 2019,
        "month": 10,
        "day": 19
      },
      "time": {
        "hour": 10,
        "minute": 18,
        "second": 46,
        "nano": 0
      }
    },
    "citySender": "Ужгород",
    "cityRecipient": "Мукачево"
  },
  {
    "number": 59000456086541,
    "dateTime": {
      "date": {
        "year": 2019,
        "month": 10,
        "day": 19
      },
      "time": {
        "hour": 10,
        "minute": 19,
        "second": 0,
        "nano": 0
      }
    },
    "citySender": "Лебедин (Сумська обл.)",
    "cityRecipient": "Кривий Ріг"
  },
  {
    "number": 59000456086542,
    "dateTime": {
      "date": {
        "year": 2019,
        "month": 10,
        "day": 19
      },
      "time": {
        "hour": 10,
        "minute": 18,
        "second": 16,
        "nano": 0
      }
    },
    "citySender": "Луцьк",
    "cityRecipient": "Київ"
  },
  {
    "number": 59000456086543,
    "dateTime": {
      "date": {
        "year": 2019,
        "month": 10,
        "day": 19
      },
      "time": {
        "hour": 10,
        "minute": 18,
        "second": 55,
        "nano": 0
      }
    },
    "citySender": "Київ",
    "cityRecipient": "Київ"
  },
  {
    "number": 59000456086544,
    "dateTime": {
      "date": {
        "year": 2019,
        "month": 10,
        "day": 19
      },
      "time": {
        "hour": 10,
        "minute": 18,
        "second": 46,
        "nano": 0
      }
    },
    "citySender": "Хмельницький",
    "cityRecipient": "Вінниця"
  },
  {
    "number": 59000456086545,
    "dateTime": {
      "date": {
        "year": 2019,
        "month": 10,
        "day": 19
      },
      "time": {
        "hour": 10,
        "minute": 18,
        "second": 17,
        "nano": 0
      }
    },
    "citySender": "Хмельницький",
    "cityRecipient": "Київ"
  },
  {
    "number": 59000456086548,
    "dateTime": {
      "date": {
        "year": 2019,
        "month": 10,
        "day": 19
      },
      "time": {
        "hour": 10,
        "minute": 19,
        "second": 3,
        "nano": 0
      }
    },
    "citySender": "Кривий Ріг",
    "cityRecipient": "Одеса"
  },
  {
    "number": 59000456086549,
    "dateTime": {
      "date": {
        "year": 2019,
        "month": 10,
        "day": 19
      },
      "time": {
        "hour": 10,
        "minute": 18,
        "second": 54,
        "nano": 0
      }
    },
    "citySender": "Київ",
    "cityRecipient": "Полтава"
  },
  {
    "number": 59000456086550,
    "dateTime": {
      "date": {
        "year": 2019,
        "month": 10,
        "day": 19
      },
      "time": {
        "hour": 10,
        "minute": 18,
        "second": 47,
        "nano": 0
      }
    },
    "citySender": "Одеса",
    "cityRecipient": "Київ"
  },
  {
    "number": 59000456086551,
    "dateTime": {
      "date": {
        "year": 2019,
        "month": 10,
        "day": 19
      },
      "time": {
        "hour": 10,
        "minute": 18,
        "second": 18,
        "nano": 0
      }
    },
    "citySender": "Близнюки",
    "cityRecipient": "Маріуполь"
  },
  {
    "number": 59000456086552,
    "dateTime": {
      "date": {
        "year": 2019,
        "month": 10,
        "day": 19
      },
      "time": {
        "hour": 10,
        "minute": 18,
        "second": 42,
        "nano": 0
      }
    },
    "citySender": "Одеса",
    "cityRecipient": "Київ"
  },
  {
    "number": 59000456086553,
    "dateTime": {
      "date": {
        "year": 2019,
        "month": 10,
        "day": 19
      },
      "time": {
        "hour": 10,
        "minute": 19,
        "second": 4,
        "nano": 0
      }
    },
    "citySender": "Новотроїцьке (Донецька обл.)",
    "cityRecipient": "Київ"
  },
  {
    "number": 59000456086554,
    "dateTime": {
      "date": {
        "year": 2019,
        "month": 10,
        "day": 19
      },
      "time": {
        "hour": 10,
        "minute": 18,
        "second": 23,
        "nano": 0
      }
    },
    "citySender": "Черкаське",
    "cityRecipient": "Володимир-Волинський"
  },
  {
    "number": 59000456086555,
    "dateTime": {
      "date": {
        "year": 2019,
        "month": 10,
        "day": 19
      },
      "time": {
        "hour": 10,
        "minute": 18,
        "second": 12,
        "nano": 0
      }
    },
    "citySender": "Київ",
    "cityRecipient": "Лисичанськ"
  },
  {
    "number": 59000456086556,
    "dateTime": {
      "date": {
        "year": 2019,
        "month": 10,
        "day": 19
      },
      "time": {
        "hour": 10,
        "minute": 18,
        "second": 53,
        "nano": 0
      }
    },
    "citySender": "Ужгород",
    "cityRecipient": "Буштино"
  },
  {
    "number": 59000456086557,
    "dateTime": {
      "date": {
        "year": 2019,
        "month": 10,
        "day": 19
      },
      "time": {
        "hour": 10,
        "minute": 18,
        "second": 20,
        "nano": 0
      }
    },
    "citySender": "Рогатин",
    "cityRecipient": "Пологи (Запорізька обл.)"
  },
  {
    "number": 59000456086559,
    "dateTime": {
      "date": {
        "year": 2019,
        "month": 10,
        "day": 19
      },
      "time": {
        "hour": 10,
        "minute": 17,
        "second": 50,
        "nano": 0
      }
    },
    "citySender": "Княжичі (Броварський р-н)",
    "cityRecipient": "Тульчин"
  },
  {
    "number": 59000456086560,
    "dateTime": {
      "date": {
        "year": 2019,
        "month": 10,
        "day": 19
      },
      "time": {
        "hour": 10,
        "minute": 18,
        "second": 35,
        "nano": 0
      }
    },
    "citySender": "Берегове",
    "cityRecipient": "Приморськ (Запорізька обл.)"
  },
  {
    "number": 59000456086561,
    "dateTime": {
      "date": {
        "year": 2019,
        "month": 10,
        "day": 19
      },
      "time": {
        "hour": 10,
        "minute": 18,
        "second": 59,
        "nano": 0
      }
    },
    "citySender": "Ужгород",
    "cityRecipient": "Чернівці"
  },
  {
    "number": 59000456086562,
    "dateTime": {
      "date": {
        "year": 2019,
        "month": 10,
        "day": 19
      },
      "time": {
        "hour": 10,
        "minute": 18,
        "second": 57,
        "nano": 0
      }
    },
    "citySender": "Вишневе",
    "cityRecipient": "Київ"
  },
  {
    "number": 59000456086563,
    "dateTime": {
      "date": {
        "year": 2019,
        "month": 10,
        "day": 19
      },
      "time": {
        "hour": 10,
        "minute": 19,
        "second": 5,
        "nano": 0
      }
    },
    "citySender": "Божківське",
    "cityRecipient": "Старий Остропіль"
  },
  {
    "number": 59000456086564,
    "dateTime": {
      "date": {
        "year": 2019,
        "month": 10,
        "day": 19
      },
      "time": {
        "hour": 10,
        "minute": 18,
        "second": 14,
        "nano": 0
      }
    },
    "citySender": "Суми",
    "cityRecipient": "Боярка"
  },
  {
    "number": 59000456086565,
    "dateTime": {
      "date": {
        "year": 2019,
        "month": 10,
        "day": 19
      },
      "time": {
        "hour": 10,
        "minute": 18,
        "second": 51,
        "nano": 0
      }
    },
    "citySender": "Херсон",
    "cityRecipient": "Херсон"
  },
  {
    "number": 59000456086566,
    "dateTime": {
      "date": {
        "year": 2019,
        "month": 10,
        "day": 19
      },
      "time": {
        "hour": 10,
        "minute": 18,
        "second": 39,
        "nano": 0
      }
    },
    "citySender": "Біла Церква",
    "cityRecipient": "Вінниця"
  },
  {
    "number": 59000456086567,
    "dateTime": {
      "date": {
        "year": 2019,
        "month": 10,
        "day": 19
      },
      "time": {
        "hour": 10,
        "minute": 18,
        "second": 27,
        "nano": 0
      }
    },
    "citySender": "Андрушівка",
    "cityRecipient": "Підволочиськ"
  },
  {
    "number": 59000456086568,
    "dateTime": {
      "date": {
        "year": 2019,
        "month": 10,
        "day": 19
      },
      "time": {
        "hour": 10,
        "minute": 18,
        "second": 26,
        "nano": 0
      }
    },
    "citySender": "Знам\u0027янка (Кіровоградська обл.)",
    "cityRecipient": "Кропивницький"
  },
  {
    "number": 59000456086569,
    "dateTime": {
      "date": {
        "year": 2019,
        "month": 10,
        "day": 19
      },
      "time": {
        "hour": 10,
        "minute": 19,
        "second": 6,
        "nano": 0
      }
    },
    "citySender": "Умань",
    "cityRecipient": "Глеваха"
  },
  {
    "number": 59000456086570,
    "dateTime": {
      "date": {
        "year": 2019,
        "month": 10,
        "day": 19
      },
      "time": {
        "hour": 10,
        "minute": 18,
        "second": 30,
        "nano": 0
      }
    },
    "citySender": "Новояворівськ",
    "cityRecipient": "Колочава"
  },
  {
    "number": 59000456086571,
    "dateTime": {
      "date": {
        "year": 2019,
        "month": 10,
        "day": 19
      },
      "time": {
        "hour": 10,
        "minute": 18,
        "second": 48,
        "nano": 0
      }
    },
    "citySender": "Дніпро",
    "cityRecipient": "Кривий Ріг"
  },
  {
    "number": 59000456086572,
    "dateTime": {
      "date": {
        "year": 2019,
        "month": 10,
        "day": 19
      },
      "time": {
        "hour": 10,
        "minute": 18,
        "second": 17,
        "nano": 0
      }
    },
    "citySender": "Мукачево",
    "cityRecipient": "Київ"
  },
  {
    "number": 59000456086573,
    "dateTime": {
      "date": {
        "year": 2019,
        "month": 10,
        "day": 19
      },
      "time": {
        "hour": 10,
        "minute": 18,
        "second": 54,
        "nano": 0
      }
    },
    "citySender": "Маневичі",
    "cityRecipient": "Переяслав-Хмельницький"
  },
  {
    "number": 59000456086574,
    "dateTime": {
      "date": {
        "year": 2019,
        "month": 10,
        "day": 19
      },
      "time": {
        "hour": 10,
        "minute": 18,
        "second": 26,
        "nano": 0
      }
    },
    "citySender": "Кривий Ріг",
    "cityRecipient": "Київ"
  },
  {
    "number": 59000456086575,
    "dateTime": {
      "date": {
        "year": 2019,
        "month": 10,
        "day": 19
      },
      "time": {
        "hour": 10,
        "minute": 18,
        "second": 54,
        "nano": 0
      }
    },
    "citySender": "Бахмач",
    "cityRecipient": "Київ"
  },
  {
    "number": 59000456086576,
    "dateTime": {
      "date": {
        "year": 2019,
        "month": 10,
        "day": 19
      },
      "time": {
        "hour": 10,
        "minute": 18,
        "second": 48,
        "nano": 0
      }
    },
    "citySender": "Умань",
    "cityRecipient": "Одеса"
  },
  {
    "number": 59000456086577,
    "dateTime": {
      "date": {
        "year": 2019,
        "month": 10,
        "day": 19
      },
      "time": {
        "hour": 10,
        "minute": 18,
        "second": 46,
        "nano": 0
      }
    },
    "citySender": "Кропивницький",
    "cityRecipient": "Тернопіль"
  },
  {
    "number": 59000456086578,
    "dateTime": {
      "date": {
        "year": 2019,
        "month": 10,
        "day": 19
      },
      "time": {
        "hour": 10,
        "minute": 18,
        "second": 36,
        "nano": 0
      }
    },
    "citySender": "Чернівці",
    "cityRecipient": "Київ"
  },
  {
    "number": 59000456086579,
    "dateTime": {
      "date": {
        "year": 2019,
        "month": 10,
        "day": 19
      },
      "time": {
        "hour": 10,
        "minute": 18,
        "second": 48,
        "nano": 0
      }
    },
    "citySender": "Вишневе",
    "cityRecipient": "Глеваха"
  },
  {
    "number": 59000456086580,
    "dateTime": {
      "date": {
        "year": 2019,
        "month": 10,
        "day": 19
      },
      "time": {
        "hour": 10,
        "minute": 18,
        "second": 36,
        "nano": 0
      }
    },
    "citySender": "Побузьке",
    "cityRecipient": "Львів"
  },
  {
    "number": 59000456086581,
    "dateTime": {
      "date": {
        "year": 2019,
        "month": 10,
        "day": 19
      },
      "time": {
        "hour": 10,
        "minute": 18,
        "second": 27,
        "nano": 0
      }
    },
    "citySender": "Одеса",
    "cityRecipient": "Кривий Ріг"
  },
  {
    "number": 59000456086582,
    "dateTime": {
      "date": {
        "year": 2019,
        "month": 10,
        "day": 19
      },
      "time": {
        "hour": 10,
        "minute": 18,
        "second": 39,
        "nano": 0
      }
    },
    "citySender": "Щастя",
    "cityRecipient": "Горішні Плавні"
  },
  {
    "number": 59000456086583,
    "dateTime": {
      "date": {
        "year": 2019,
        "month": 10,
        "day": 19
      },
      "time": {
        "hour": 10,
        "minute": 18,
        "second": 36,
        "nano": 0
      }
    },
    "citySender": "Тернопіль",
    "cityRecipient": "Брюховичі"
  },
  {
    "number": 59000456086584,
    "dateTime": {
      "date": {
        "year": 2019,
        "month": 10,
        "day": 19
      },
      "time": {
        "hour": 10,
        "minute": 19,
        "second": 12,
        "nano": 0
      }
    },
    "citySender": "Київ",
    "cityRecipient": "Київ"
  },
  {
    "number": 59000456086585,
    "dateTime": {
      "date": {
        "year": 2019,
        "month": 10,
        "day": 19
      },
      "time": {
        "hour": 10,
        "minute": 19,
        "second": 12,
        "nano": 0
      }
    },
    "citySender": "Валки",
    "cityRecipient": "Київ"
  },
  {
    "number": 59000456086586,
    "dateTime": {
      "date": {
        "year": 2019,
        "month": 10,
        "day": 19
      },
      "time": {
        "hour": 10,
        "minute": 17,
        "second": 49,
        "nano": 0
      }
    },
    "citySender": "Київ",
    "cityRecipient": "Рахів"
  },
  {
    "number": 59000456086587,
    "dateTime": {
      "date": {
        "year": 2019,
        "month": 10,
        "day": 19
      },
      "time": {
        "hour": 10,
        "minute": 19,
        "second": 10,
        "nano": 0
      }
    },
    "citySender": "Харків",
    "cityRecipient": "Ясіня"
  },
  {
    "number": 59000456086588,
    "dateTime": {
      "date": {
        "year": 2019,
        "month": 10,
        "day": 19
      },
      "time": {
        "hour": 10,
        "minute": 18,
        "second": 46,
        "nano": 0
      }
    },
    "citySender": "Сєвєродонецьк",
    "cityRecipient": "Київ"
  },
  {
    "number": 59000456086589,
    "dateTime": {
      "date": {
        "year": 2019,
        "month": 10,
        "day": 19
      },
      "time": {
        "hour": 10,
        "minute": 18,
        "second": 1,
        "nano": 0
      }
    },
    "citySender": "Полтава",
    "cityRecipient": "Лубни"
  },
  {
    "number": 59000456086590,
    "dateTime": {
      "date": {
        "year": 2019,
        "month": 10,
        "day": 19
      },
      "time": {
        "hour": 10,
        "minute": 18,
        "second": 44,
        "nano": 0
      }
    },
    "citySender": "Київ",
    "cityRecipient": "Дніпро"
  },
  {
    "number": 59000456086591,
    "dateTime": {
      "date": {
        "year": 2019,
        "month": 10,
        "day": 19
      },
      "time": {
        "hour": 10,
        "minute": 18,
        "second": 29,
        "nano": 0
      }
    },
    "citySender": "Панютине",
    "cityRecipient": "Чугуїв"
  },
  {
    "number": 59000456086592,
    "dateTime": {
      "date": {
        "year": 2019,
        "month": 10,
        "day": 19
      },
      "time": {
        "hour": 10,
        "minute": 17,
        "second": 36,
        "nano": 0
      }
    },
    "citySender": "Запоріжжя",
    "cityRecipient": "Київ"
  },
  {
    "number": 59000456086593,
    "dateTime": {
      "date": {
        "year": 2019,
        "month": 10,
        "day": 19
      },
      "time": {
        "hour": 10,
        "minute": 19,
        "second": 14,
        "nano": 0
      }
    },
    "citySender": "Кропивницький",
    "cityRecipient": "Одеса"
  },
  {
    "number": 59000456086594,
    "dateTime": {
      "date": {
        "year": 2019,
        "month": 10,
        "day": 19
      },
      "time": {
        "hour": 10,
        "minute": 18,
        "second": 23,
        "nano": 0
      }
    },
    "citySender": "Херсон",
    "cityRecipient": "Запоріжжя"
  },
  {
    "number": 59000456086595,
    "dateTime": {
      "date": {
        "year": 2019,
        "month": 10,
        "day": 19
      },
      "time": {
        "hour": 10,
        "minute": 19,
        "second": 0,
        "nano": 0
      }
    },
    "citySender": "Рівне",
    "cityRecipient": "Жовті Води"
  }
]