[
  {
    "number": 59000456095391,
    "dateTime": {
      "date": {
        "year": 2019,
        "month": 10,
        "day": 19
      },
      "time": {
        "hour": 10,
        "minute": 55,
        "second": 14,
        "nano": 0
      }
    },
    "citySender": "Сєвєродонецьк",
    "cityRecipient": "Харків"
  },
  {
    "number": 59000456095392,
    "dateTime": {
      "date": {
        "year": 2019,
        "month": 10,
        "day": 19
      },
      "time": {
        "hour": 10,
        "minute": 55,
        "second": 4,
        "nano": 0
      }
    },
    "citySender": "Хмельницький",
    "cityRecipient": "Чабани"
  },
  {
    "number": 59000456095395,
    "dateTime": {
      "date": {
        "year": 2019,
        "month": 10,
        "day": 19
      },
      "time": {
        "hour": 10,
        "minute": 56,
        "second": 11,
        "nano": 0
      }
    },
    "citySender": "Харків",
    "cityRecipient": "Краматорськ"
  },
  {
    "number": 59000456095396,
    "dateTime": {
      "date": {
        "year": 2019,
        "month": 10,
        "day": 19
      },
      "time": {
        "hour": 10,
        "minute": 56,
        "second": 9,
        "nano": 0
      }
    },
    "citySender": "Дніпро",
    "cityRecipient": "Луцьк"
  },
  {
    "number": 59000456095397,
    "dateTime": {
      "date": {
        "year": 2019,
        "month": 10,
        "day": 19
      },
      "time": {
        "hour": 10,
        "minute": 55,
        "second": 52,
        "nano": 0
      }
    },
    "citySender": "Станиця Луганська",
    "cityRecipient": "Вишневе"
  },
  {
    "number": 59000456095398,
    "dateTime": {
      "date": {
        "year": 2019,
        "month": 10,
        "day": 19
      },
      "time": {
        "hour": 10,
        "minute": 52,
        "second": 34,
        "nano": 0
      }
    },
    "citySender": "Маньківка",
    "cityRecipient": "Ізмаїл"
  },
  {
    "number": 59000456095399,
    "dateTime": {
      "date": {
        "year": 2019,
        "month": 10,
        "day": 19
      },
      "time": {
        "hour": 10,
        "minute": 56,
        "second": 2,
        "nano": 0
      }
    },
    "citySender": "Вільнянськ",
    "cityRecipient": "Київ"
  },
  {
    "number": 59000456095400,
    "dateTime": {
      "date": {
        "year": 2019,
        "month": 10,
        "day": 19
      },
      "time": {
        "hour": 10,
        "minute": 55,
        "second": 59,
        "nano": 0
      }
    },
    "citySender": "Хмельницький",
    "cityRecipient": "Маріуполь"
  },
  {
    "number": 59000456095402,
    "dateTime": {
      "date": {
        "year": 2019,
        "month": 10,
        "day": 19
      },
      "time": {
        "hour": 10,
        "minute": 54,
        "second": 57,
        "nano": 0
      }
    },
    "citySender": "Одеса",
    "cityRecipient": "Кременчук"
  },
  {
    "number": 59000456095403,
    "dateTime": {
      "date": {
        "year": 2019,
        "month": 10,
        "day": 19
      },
      "time": {
        "hour": 10,
        "minute": 55,
        "second": 49,
        "nano": 0
      }
    },
    "citySender": "Рівне",
    "cityRecipient": "Запоріжжя"
  },
  {
    "number": 59000456095406,
    "dateTime": {
      "date": {
        "year": 2019,
        "month": 10,
        "day": 19
      },
      "time": {
        "hour": 10,
        "minute": 56,
        "second": 2,
        "nano": 0
      }
    },
    "citySender": "Курахове",
    "cityRecipient": "Кривий Ріг"
  },
  {
    "number": 59000456095407,
    "dateTime": {
      "date": {
        "year": 2019,
        "month": 10,
        "day": 19
      },
      "time": {
        "hour": 10,
        "minute": 56,
        "second": 17,
        "nano": 0
      }
    },
    "citySender": "Харків",
    "cityRecipient": "Южне"
  },
  {
    "number": 59000456095408,
    "dateTime": {
      "date": {
        "year": 2019,
        "month": 10,
        "day": 19
      },
      "time": {
        "hour": 10,
        "minute": 55,
        "second": 52,
        "nano": 0
      }
    },
    "citySender": "Чернівці",
    "cityRecipient": "Маріуполь"
  },
  {
    "number": 59000456095409,
    "dateTime": {
      "date": {
        "year": 2019,
        "month": 10,
        "day": 19
      },
      "time": {
        "hour": 10,
        "minute": 56,
        "second": 20,
        "nano": 0
      }
    },
    "citySender": "Сколе",
    "cityRecipient": "Олешник"
  },
  {
    "number": 59000456095410,
    "dateTime": {
      "date": {
        "year": 2019,
        "month": 10,
        "day": 19
      },
      "time": {
        "hour": 10,
        "minute": 55,
        "second": 54,
        "nano": 0
      }
    },
    "citySender": "Чернігів",
    "cityRecipient": "Бабаї"
  },
  {
    "number": 59000456095411,
    "dateTime": {
      "date": {
        "year": 2019,
        "month": 10,
        "day": 19
      },
      "time": {
        "hour": 10,
        "minute": 56,
        "second": 22,
        "nano": 0
      }
    },
    "citySender": "Новотроїцьке (Херсонська обл.)",
    "cityRecipient": "Ірпінь"
  },
  {
    "number": 59000456095412,
    "dateTime": {
      "date": {
        "year": 2019,
        "month": 10,
        "day": 19
      },
      "time": {
        "hour": 10,
        "minute": 56,
        "second": 13,
        "nano": 0
      }
    },
    "citySender": "Ірпінь",
    "cityRecipient": "Дніпро"
  },
  {
    "number": 59000456095413,
    "dateTime": {
      "date": {
        "year": 2019,
        "month": 10,
        "day": 19
      },
      "time": {
        "hour": 10,
        "minute": 55,
        "second": 37,
        "nano": 0
      }
    },
    "citySender": "Одеса",
    "cityRecipient": "Полігон"
  },
  {
    "number": 59000456095414,
    "dateTime": {
      "date": {
        "year": 2019,
        "month": 10,
        "day": 19
      },
      "time": {
        "hour": 10,
        "minute": 56,
        "second": 10,
        "nano": 0
      }
    },
    "citySender": "Одеса",
    "cityRecipient": "Харків"
  },
  {
    "number": 59000456095415,
    "dateTime": {
      "date": {
        "year": 2019,
        "month": 10,
        "day": 19
      },
      "time": {
        "hour": 10,
        "minute": 56,
        "second": 6,
        "nano": 0
      }
    },
    "citySender": "Київ",
    "cityRecipient": "Холодна Балка"
  },
  {
    "number": 59000456095416,
    "dateTime": {
      "date": {
        "year": 2019,
        "month": 10,
        "day": 19
      },
      "time": {
        "hour": 10,
        "minute": 56,
        "second": 17,
        "nano": 0
      }
    },
    "citySender": "Дрогобич",
    "cityRecipient": "Коршів"
  },
  {
    "number": 59000456095417,
    "dateTime": {
      "date": {
        "year": 2019,
        "month": 10,
        "day": 19
      },
      "time": {
        "hour": 10,
        "minute": 56,
        "second": 24,
        "nano": 0
      }
    },
    "citySender": "Надвірна",
    "cityRecipient": "Харків"
  },
  {
    "number": 59000456095418,
    "dateTime": {
      "date": {
        "year": 2019,
        "month": 10,
        "day": 19
      },
      "time": {
        "hour": 10,
        "minute": 56,
        "second": 10,
        "nano": 0
      }
    },
    "citySender": "Київ",
    "cityRecipient": "Фастів"
  },
  {
    "number": 59000456095419,
    "dateTime": {
      "date": {
        "year": 2019,
        "month": 10,
        "day": 19
      },
      "time": {
        "hour": 10,
        "minute": 56,
        "second": 25,
        "nano": 0
      }
    },
    "citySender": "Одеса",
    "cityRecipient": "Одеса"
  },
  {
    "number": 59000456095420,
    "dateTime": {
      "date": {
        "year": 2019,
        "month": 10,
        "day": 19
      },
      "time": {
        "hour": 10,
        "minute": 56,
        "second": 16,
        "nano": 0
      }
    },
    "citySender": "Рівне",
    "cityRecipient": "Кіцмань"
  },
  {
    "number": 59000456095421,
    "dateTime": {
      "date": {
        "year": 2019,
        "month": 10,
        "day": 19
      },
      "time": {
        "hour": 10,
        "minute": 56,
        "second": 4,
        "nano": 0
      }
    },
    "citySender": "Київ",
    "cityRecipient": "Хмельницький"
  },
  {
    "number": 59000456095422,
    "dateTime": {
      "date": {
        "year": 2019,
        "month": 10,
        "day": 19
      },
      "time": {
        "hour": 10,
        "minute": 54,
        "second": 37,
        "nano": 0
      }
    },
    "citySender": "Солоницівка",
    "cityRecipient": "Красятичі"
  },
  {
    "number": 59000456095423,
    "dateTime": {
      "date": {
        "year": 2019,
        "month": 10,
        "day": 19
      },
      "time": {
        "hour": 10,
        "minute": 56,
        "second": 19,
        "nano": 0
      }
    },
    "citySender": "Одеса",
    "cityRecipient": "Київ"
  },
  {
    "number": 59000456095424,
    "dateTime": {
      "date": {
        "year": 2019,
        "month": 10,
        "day": 19
      },
      "time": {
        "hour": 10,
        "minute": 56,
        "second": 18,
        "nano": 0
      }
    },
    "citySender": "Клугино-Башкирівка",
    "cityRecipient": "Чернігів"
  },
  {
    "number": 59000456095425,
    "dateTime": {
      "date": {
        "year": 2019,
        "month": 10,
        "day": 19
      },
      "time": {
        "hour": 10,
        "minute": 56,
        "second": 25,
        "nano": 0
      }
    },
    "citySender": "Кривий Ріг",
    "cityRecipient": "Руська Лозова"
  },
  {
    "number": 59000456095426,
    "dateTime": {
      "date": {
        "year": 2019,
        "month": 10,
        "day": 19
      },
      "time": {
        "hour": 10,
        "minute": 55,
        "second": 38,
        "nano": 0
      }
    },
    "citySender": "Васильківка (Дніпропетровська обл.)",
    "cityRecipient": "Куп\u0027янськ"
  },
  {
    "number": 59000456095427,
    "dateTime": {
      "date": {
        "year": 2019,
        "month": 10,
        "day": 19
      },
      "time": {
        "hour": 10,
        "minute": 56,
        "second": 25,
        "nano": 0
      }
    },
    "citySender": "Запоріжжя",
    "cityRecipient": "Краматорськ"
  },
  {
    "number": 59000456095428,
    "dateTime": {
      "date": {
        "year": 2019,
        "month": 10,
        "day": 19
      },
      "time": {
        "hour": 10,
        "minute": 56,
        "second": 26,
        "nano": 0
      }
    },
    "citySender": "Київ",
    "cityRecipient": "Краматорськ"
  },
  {
    "number": 59000456095429,
    "dateTime": {
      "date": {
        "year": 2019,
        "month": 10,
        "day": 19
      },
      "time": {
        "hour": 10,
        "minute": 55,
        "second": 2,
        "nano": 0
      }
    },
    "citySender": "Житомир",
    "cityRecipient": "Козятин (місто, Вінницька обл.)"
  },
  {
    "number": 59000456095430,
    "dateTime": {
      "date": {
        "year": 2019,
        "month": 10,
        "day": 19
      },
      "time": {
        "hour": 10,
        "minute": 56,
        "second": 25,
        "nano": 0
      }
    },
    "citySender": "Василівка (Запорізька обл.)",
    "cityRecipient": "Добропілля"
  },
  {
    "number": 59000456095431,
    "dateTime": {
      "date": {
        "year": 2019,
        "month": 10,
        "day": 19
      },
      "time": {
        "hour": 10,
        "minute": 56,
        "second": 19,
        "nano": 0
      }
    },
    "citySender": "Червоноград (Львівська обл.)",
    "cityRecipient": "Піддубці"
  },
  {
    "number": 59000456095432,
    "dateTime": {
      "date": {
        "year": 2019,
        "month": 10,
        "day": 19
      },
      "time": {
        "hour": 10,
        "minute": 56,
        "second": 28,
        "nano": 0
      }
    },
    "citySender": "Сєвєродонецьк",
    "cityRecipient": "Львів"
  },
  {
    "number": 59000456095433,
    "dateTime": {
      "date": {
        "year": 2019,
        "month": 10,
        "day": 19
      },
      "time": {
        "hour": 10,
        "minute": 56,
        "second": 28,
        "nano": 0
      }
    },
    "citySender": "Новояворівськ",
    "cityRecipient": "Умань"
  },
  {
    "number": 59000456095434,
    "dateTime": {
      "date": {
        "year": 2019,
        "month": 10,
        "day": 19
      },
      "time": {
        "hour": 10,
        "minute": 55,
        "second": 43,
        "nano": 0
      }
    },
    "citySender": "Боярка",
    "cityRecipient": "Київ"
  },
  {
    "number": 59000456095435,
    "dateTime": {
      "date": {
        "year": 2019,
        "month": 10,
        "day": 19
      },
      "time": {
        "hour": 10,
        "minute": 56,
        "second": 16,
        "nano": 0
      }
    },
    "citySender": "Івано-Франківськ",
    "cityRecipient": "Харків"
  },
  {
    "number": 59000456095436,
    "dateTime": {
      "date": {
        "year": 2019,
        "month": 10,
        "day": 19
      },
      "time": {
        "hour": 10,
        "minute": 56,
        "second": 24,
        "nano": 0
      }
    },
    "citySender": "Дніпро",
    "cityRecipient": "Дніпро"
  },
  {
    "number": 59000456095437,
    "dateTime": {
      "date": {
        "year": 2019,
        "month": 10,
        "day": 19
      },
      "time": {
        "hour": 10,
        "minute": 56,
        "second": 2,
        "nano": 0
      }
    },
    "citySender": "Радивилів",
    "cityRecipient": "Радехів"
  },
  {
    "number": 59000456095438,
    "dateTime": {
      "date": {
        "year": 2019,
        "month": 10,
        "day": 19
      },
      "time": {
        "hour": 10,
        "minute": 56,
        "second": 29,
        "nano": 0
      }
    },
    "citySender": "Вознесенськ",
    "cityRecipient": "Стецьківка"
  },
  {
    "number": 59000456095439,
    "dateTime": {
      "date": {
        "year": 2019,
        "month": 10,
        "day": 19
      },
      "time": {
        "hour": 10,
        "minute": 55,
        "second": 57,
        "nano": 0
      }
    },
    "citySender": "Одеса",
    "cityRecipient": "Київ"
  },
  {
    "number": 59000456095440,
    "dateTime": {
      "date": {
        "year": 2019,
        "month": 10,
        "day": 19
      },
      "time": {
        "hour": 10,
        "minute": 56,
        "second": 5,
        "nano": 0
      }
    },
    "citySender": "Київ",
    "cityRecipient": "Львів"
  },
  {
    "number": 59000456095441,
    "dateTime": {
      "date": {
        "year": 2019,
        "month": 10,
        "day": 19
      },
      "time": {
        "hour": 10,
        "minute": 56,
        "second": 15,
        "nano": 0
      }
    },
    "citySender": "Борислав (Львівська обл.)",
    "cityRecipient": "Стрий"
  },
  {
    "number": 59000456095442,
    "dateTime": {
      "date": {
        "year": 2019,
        "month": 10,
        "day": 19
      },
      "time": {
        "hour": 10,
        "minute": 56,
        "second": 27,
        "nano": 0
      }
    },
    "citySender": "Рава-Руська",
    "cityRecipient": "Київ"
  },
  {
    "number": 59000456095443,
    "dateTime": {
      "date": {
        "year": 2019,
        "month": 10,
        "day": 19
      },
      "time": {
        "hour": 10,
        "minute": 56,
        "second": 30,
        "nano": 0
      }
    },
    "citySender": "Херсон",
    "cityRecipient": "Біла Церква"
  },
  {
    "number": 59000456095444,
    "dateTime": {
      "date": {
        "year": 2019,
        "month": 10,
        "day": 19
      },
      "time": {
        "hour": 10,
        "minute": 55,
        "second": 39,
        "nano": 0
      }
    },
    "citySender": "Одеса",
    "cityRecipient": "Роздільна (Одеська обл.)"
  },
  {
    "number": 59000456095445,
    "dateTime": {
      "date": {
        "year": 2019,
        "month": 10,
        "day": 19
      },
      "time": {
        "hour": 10,
        "minute": 56,
        "second": 4,
        "nano": 0
      }
    },
    "citySender": "Кам\u0027янське(Дніпропетровська обл)",
    "cityRecipient": "Одеса"
  },
  {
    "number": 59000456095446,
    "dateTime": {
      "date": {
        "year": 2019,
        "month": 10,
        "day": 19
      },
      "time": {
        "hour": 10,
        "minute": 56,
        "second": 4,
        "nano": 0
      }
    },
    "citySender": "Чернівці",
    "cityRecipient": "Миколаїв"
  },
  {
    "number": 59000456095448,
    "dateTime": {
      "date": {
        "year": 2019,
        "month": 10,
        "day": 19
      },
      "time": {
        "hour": 10,
        "minute": 56,
        "second": 30,
        "nano": 0
      }
    },
    "citySender": "Пісочин",
    "cityRecipient": "Борзна"
  },
  {
    "number": 59000456095449,
    "dateTime": {
      "date": {
        "year": 2019,
        "month": 10,
        "day": 19
      },
      "time": {
        "hour": 10,
        "minute": 56,
        "second": 11,
        "nano": 0
      }
    },
    "citySender": "Олександрія (м.Кіровогр.обл.райц)",
    "cityRecipient": "Дніпро"
  },
  {
    "number": 59000456095450,
    "dateTime": {
      "date": {
        "year": 2019,
        "month": 10,
        "day": 19
      },
      "time": {
        "hour": 10,
        "minute": 56,
        "second": 25,
        "nano": 0
      }
    },
    "citySender": "Сєвєродонецьк",
    "cityRecipient": "Кривий Ріг"
  },
  {
    "number": 59000456095451,
    "dateTime": {
      "date": {
        "year": 2019,
        "month": 10,
        "day": 19
      },
      "time": {
        "hour": 10,
        "minute": 56,
        "second": 23,
        "nano": 0
      }
    },
    "citySender": "Вишневе",
    "cityRecipient": "Чорноморськ"
  },
  {
    "number": 59000456095452,
    "dateTime": {
      "date": {
        "year": 2019,
        "month": 10,
        "day": 19
      },
      "time": {
        "hour": 10,
        "minute": 55,
        "second": 35,
        "nano": 0
      }
    },
    "citySender": "Пісківка",
    "cityRecipient": "Володарка"
  },
  {
    "number": 59000456095453,
    "dateTime": {
      "date": {
        "year": 2019,
        "month": 10,
        "day": 19
      },
      "time": {
        "hour": 10,
        "minute": 54,
        "second": 40,
        "nano": 0
      }
    },
    "citySender": "Кам\u0027янка (Черкаська обл.)",
    "cityRecipient": "Костянтинівка (Донецька обл.)"
  },
  {
    "number": 59000456095454,
    "dateTime": {
      "date": {
        "year": 2019,
        "month": 10,
        "day": 19
      },
      "time": {
        "hour": 10,
        "minute": 55,
        "second": 11,
        "nano": 0
      }
    },
    "citySender": "Стоянка",
    "cityRecipient": "Миколаїв"
  },
  {
    "number": 59000456095455,
    "dateTime": {
      "date": {
        "year": 2019,
        "month": 10,
        "day": 19
      },
      "time": {
        "hour": 10,
        "minute": 56,
        "second": 33,
        "nano": 0
      }
    },
    "citySender": "Старий Крим (Донецька обл.)",
    "cityRecipient": "Київ"
  },
  {
    "number": 59000456095456,
    "dateTime": {
      "date": {
        "year": 2019,
        "month": 10,
        "day": 19
      },
      "time": {
        "hour": 10,
        "minute": 55,
        "second": 9,
        "nano": 0
      }
    },
    "citySender": "Глибока",
    "cityRecipient": "Київ"
  },
  {
    "number": 59000456095457,
    "dateTime": {
      "date": {
        "year": 2019,
        "month": 10,
        "day": 19
      },
      "time": {
        "hour": 10,
        "minute": 55,
        "second": 59,
        "nano": 0
      }
    },
    "citySender": "Запоріжжя",
    "cityRecipient": "Дрогобич"
  },
  {
    "number": 59000456095458,
    "dateTime": {
      "date": {
        "year": 2019,
        "month": 10,
        "day": 19
      },
      "time": {
        "hour": 10,
        "minute": 56,
        "second": 18,
        "nano": 0
      }
    },
    "citySender": "Харків",
    "cityRecipient": "Скадовськ"
  },
  {
    "number": 59000456095459,
    "dateTime": {
      "date": {
        "year": 2019,
        "month": 10,
        "day": 19
      },
      "time": {
        "hour": 10,
        "minute": 56,
        "second": 33,
        "nano": 0
      }
    },
    "citySender": "Одеса",
    "cityRecipient": "Одеса"
  },
  {
    "number": 59000456095460,
    "dateTime": {
      "date": {
        "year": 2019,
        "month": 10,
        "day": 19
      },
      "time": {
        "hour": 10,
        "minute": 55,
        "second": 0,
        "nano": 0
      }
    },
    "citySender": "Кривий Ріг",
    "cityRecipient": "Лозуватка(Криворізький р-н)"
  },
  {
    "number": 59000456095461,
    "dateTime": {
      "date": {
        "year": 2019,
        "month": 10,
        "day": 19
      },
      "time": {
        "hour": 10,
        "minute": 56,
        "second": 34,
        "nano": 0
      }
    },
    "citySender": "Дніпро",
    "cityRecipient": "Одеса"
  },
  {
    "number": 59000456095462,
    "dateTime": {
      "date": {
        "year": 2019,
        "month": 10,
        "day": 19
      },
      "time": {
        "hour": 10,
        "minute": 55,
        "second": 39,
        "nano": 0
      }
    },
    "citySender": "Судова Вишня",
    "cityRecipient": "Житомир"
  },
  {
    "number": 59000456095463,
    "dateTime": {
      "date": {
        "year": 2019,
        "month": 10,
        "day": 19
      },
      "time": {
        "hour": 10,
        "minute": 56,
        "second": 34,
        "nano": 0
      }
    },
    "citySender": "Новотроїцьке (Херсонська обл.)",
    "cityRecipient": "Одеса"
  },
  {
    "number": 59000456095464,
    "dateTime": {
      "date": {
        "year": 2019,
        "month": 10,
        "day": 19
      },
      "time": {
        "hour": 10,
        "minute": 55,
        "second": 22,
        "nano": 0
      }
    },
    "citySender": "Кременчук",
    "cityRecipient": "Полтава"
  },
  {
    "number": 59000456095465,
    "dateTime": {
      "date": {
        "year": 2019,
        "month": 10,
        "day": 19
      },
      "time": {
        "hour": 10,
        "minute": 56,
        "second": 17,
        "nano": 0
      }
    },
    "citySender": "Вінниця",
    "cityRecipient": "Літин"
  },
  {
    "number": 59000456095466,
    "dateTime": {
      "date": {
        "year": 2019,
        "month": 10,
        "day": 19
      },
      "time": {
        "hour": 10,
        "minute": 56,
        "second": 20,
        "nano": 0
      }
    },
    "citySender": "Рубіжне",
    "cityRecipient": "Ратне"
  },
  {
    "number": 59000456095467,
    "dateTime": {
      "date": {
        "year": 2019,
        "month": 10,
        "day": 19
      },
      "time": {
        "hour": 10,
        "minute": 56,
        "second": 31,
        "nano": 0
      }
    },
    "citySender": "Житомир",
    "cityRecipient": "Івано-Франківськ"
  },
  {
    "number": 59000456095468,
    "dateTime": {
      "date": {
        "year": 2019,
        "month": 10,
        "day": 19
      },
      "time": {
        "hour": 10,
        "minute": 56,
        "second": 36,
        "nano": 0
      }
    },
    "citySender": "Заводське(Тернопільська обл.)",
    "cityRecipient": "Львів"
  },
  {
    "number": 59000456095469,
    "dateTime": {
      "date": {
        "year": 2019,
        "month": 10,
        "day": 19
      },
      "time": {
        "hour": 10,
        "minute": 56,
        "second": 31,
        "nano": 0
      }
    },
    "citySender": "Тернопіль",
    "cityRecipient": "Київ"
  },
  {
    "number": 59000456095470,
    "dateTime": {
      "date": {
        "year": 2019,
        "month": 10,
        "day": 19
      },
      "time": {
        "hour": 10,
        "minute": 55,
        "second": 22,
        "nano": 0
      }
    },
    "citySender": "Краматорськ",
    "cityRecipient": "Маріуполь"
  },
  {
    "number": 59000456095471,
    "dateTime": {
      "date": {
        "year": 2019,
        "month": 10,
        "day": 19
      },
      "time": {
        "hour": 10,
        "minute": 56,
        "second": 34,
        "nano": 0
      }
    },
    "citySender": "Чернігів",
    "cityRecipient": "Петрівка-Роменська"
  },
  {
    "number": 59000456095472,
    "dateTime": {
      "date": {
        "year": 2019,
        "month": 10,
        "day": 19
      },
      "time": {
        "hour": 10,
        "minute": 56,
        "second": 30,
        "nano": 0
      }
    },
    "citySender": "Надвірна",
    "cityRecipient": "Львів"
  },
  {
    "number": 59000456095473,
    "dateTime": {
      "date": {
        "year": 2019,
        "month": 10,
        "day": 19
      },
      "time": {
        "hour": 10,
        "minute": 56,
        "second": 14,
        "nano": 0
      }
    },
    "citySender": "Полтава",
    "cityRecipient": "Лубни"
  },
  {
    "number": 59000456095474,
    "dateTime": {
      "date": {
        "year": 2019,
        "month": 10,
        "day": 19
      },
      "time": {
        "hour": 10,
        "minute": 56,
        "second": 23,
        "nano": 0
      }
    },
    "citySender": "Київ",
    "cityRecipient": "Дружківка"
  },
  {
    "number": 59000456095475,
    "dateTime": {
      "date": {
        "year": 2019,
        "month": 10,
        "day": 19
      },
      "time": {
        "hour": 10,
        "minute": 56,
        "second": 16,
        "nano": 0
      }
    },
    "citySender": "Харків",
    "cityRecipient": "Шацьк"
  },
  {
    "number": 59000456095476,
    "dateTime": {
      "date": {
        "year": 2019,
        "month": 10,
        "day": 19
      },
      "time": {
        "hour": 10,
        "minute": 55,
        "second": 38,
        "nano": 0
      }
    },
    "citySender": "Сновськ",
    "cityRecipient": "Вороньків"
  },
  {
    "number": 59000456095477,
    "dateTime": {
      "date": {
        "year": 2019,
        "month": 10,
        "day": 19
      },
      "time": {
        "hour": 10,
        "minute": 55,
        "second": 41,
        "nano": 0
      }
    },
    "citySender": "Сергіївка (Білгород-Дністровський р-н)",
    "cityRecipient": "Одеса"
  },
  {
    "number": 59000456095478,
    "dateTime": {
      "date": {
        "year": 2019,
        "month": 10,
        "day": 19
      },
      "time": {
        "hour": 10,
        "minute": 56,
        "second": 14,
        "nano": 0
      }
    },
    "citySender": "Київ",
    "cityRecipient": "Покровськ (Донецька обл.)"
  },
  {
    "number": 59000456095479,
    "dateTime": {
      "date": {
        "year": 2019,
        "month": 10,
        "day": 19
      },
      "time": {
        "hour": 10,
        "minute": 54,
        "second": 22,
        "nano": 0
      }
    },
    "citySender": "Богодухів",
    "cityRecipient": "Запоріжжя"
  },
  {
    "number": 59000456095480,
    "dateTime": {
      "date": {
        "year": 2019,
        "month": 10,
        "day": 19
      },
      "time": {
        "hour": 10,
        "minute": 55,
        "second": 55,
        "nano": 0
      }
    },
    "citySender": "Слов\u0027янськ",
    "cityRecipient": "Щастя"
  },
  {
    "number": 59000456095481,
    "dateTime": {
      "date": {
        "year": 2019,
        "month": 10,
        "day": 19
      },
      "time": {
        "hour": 10,
        "minute": 56,
        "second": 38,
        "nano": 0
      }
    },
    "citySender": "Кропивницький",
    "cityRecipient": "Одеса"
  },
  {
    "number": 59000456095482,
    "dateTime": {
      "date": {
        "year": 2019,
        "month": 10,
        "day": 19
      },
      "time": {
        "hour": 10,
        "minute": 56,
        "second": 39,
        "nano": 0
      }
    },
    "citySender": "Великий Бичків",
    "cityRecipient": "Кременчук"
  },
  {
    "number": 59000456095483,
    "dateTime": {
      "date": {
        "year": 2019,
        "month": 10,
        "day": 19
      },
      "time": {
        "hour": 10,
        "minute": 56,
        "second": 31,
        "nano": 0
      }
    },
    "citySender": "Одеса",
    "cityRecipient": "Харків"
  },
  {
    "number": 59000456095484,
    "dateTime": {
      "date": {
        "year": 2019,
        "month": 10,
        "day": 19
      },
      "time": {
        "hour": 10,
        "minute": 54,
        "second": 56,
        "nano": 0
      }
    },
    "citySender": "Вінниця",
    "cityRecipient": "Піщаний Брід"
  },
  {
    "number": 59000456095485,
    "dateTime": {
      "date": {
        "year": 2019,
        "month": 10,
        "day": 19
      },
      "time": {
        "hour": 10,
        "minute": 56,
        "second": 21,
        "nano": 0
      }
    },
    "citySender": "Угринів (Тисменицький р-н., Івано-Франк. обл.)",
    "cityRecipient": "Кривий Ріг"
  },
  {
    "number": 59000456095486,
    "dateTime": {
      "date": {
        "year": 2019,
        "month": 10,
        "day": 19
      },
      "time": {
        "hour": 10,
        "minute": 56,
        "second": 21,
        "nano": 0
      }
    },
    "citySender": "Олешки(Херсонська обл)",
    "cityRecipient": "Сарни"
  },
  {
    "number": 59000456095487,
    "dateTime": {
      "date": {
        "year": 2019,
        "month": 10,
        "day": 19
      },
      "time": {
        "hour": 10,
        "minute": 56,
        "second": 38,
        "nano": 0
      }
    },
    "citySender": "Хмельницький",
    "cityRecipient": "Липовець"
  },
  {
    "number": 59000456095488,
    "dateTime": {
      "date": {
        "year": 2019,
        "month": 10,
        "day": 19
      },
      "time": {
        "hour": 10,
        "minute": 55,
        "second": 38,
        "nano": 0
      }
    },
    "citySender": "Косів",
    "cityRecipient": "Львів"
  },
  {
    "number": 59000456095489,
    "dateTime": {
      "date": {
        "year": 2019,
        "month": 10,
        "day": 19
      },
      "time": {
        "hour": 10,
        "minute": 56,
        "second": 36,
        "nano": 0
      }
    },
    "citySender": "Гадяч",
    "cityRecipient": "Світловодськ"
  },
  {
    "number": 59000456095490,
    "dateTime": {
      "date": {
        "year": 2019,
        "month": 10,
        "day": 19
      },
      "time": {
        "hour": 10,
        "minute": 55,
        "second": 55,
        "nano": 0
      }
    },
    "citySender": "Запоріжжя",
    "cityRecipient": "Дар\u0027ївка"
  }
]