[
  {
    "number": 59000456086896,
    "dateTime": {
      "date": {
        "year": 2019,
        "month": 10,
        "day": 19
      },
      "time": {
        "hour": 10,
        "minute": 19,
        "second": 35,
        "nano": 0
      }
    },
    "citySender": "Київ",
    "cityRecipient": "Київ"
  },
  {
    "number": 59000456086897,
    "dateTime": {
      "date": {
        "year": 2019,
        "month": 10,
        "day": 19
      },
      "time": {
        "hour": 10,
        "minute": 19,
        "second": 53,
        "nano": 0
      }
    },
    "citySender": "Циркуни",
    "cityRecipient": "Дніпро"
  },
  {
    "number": 59000456086899,
    "dateTime": {
      "date": {
        "year": 2019,
        "month": 10,
        "day": 19
      },
      "time": {
        "hour": 10,
        "minute": 20,
        "second": 21,
        "nano": 0
      }
    },
    "citySender": "Запоріжжя",
    "cityRecipient": "Київ"
  },
  {
    "number": 59000456086900,
    "dateTime": {
      "date": {
        "year": 2019,
        "month": 10,
        "day": 19
      },
      "time": {
        "hour": 10,
        "minute": 20,
        "second": 25,
        "nano": 0
      }
    },
    "citySender": "Чернівці",
    "cityRecipient": "Львів"
  },
  {
    "number": 59000456086901,
    "dateTime": {
      "date": {
        "year": 2019,
        "month": 10,
        "day": 19
      },
      "time": {
        "hour": 10,
        "minute": 19,
        "second": 46,
        "nano": 0
      }
    },
    "citySender": "Коцюбинське",
    "cityRecipient": "Ізяслав"
  },
  {
    "number": 59000456086902,
    "dateTime": {
      "date": {
        "year": 2019,
        "month": 10,
        "day": 19
      },
      "time": {
        "hour": 10,
        "minute": 20,
        "second": 2,
        "nano": 0
      }
    },
    "citySender": "Маріуполь",
    "cityRecipient": "Вінниця"
  },
  {
    "number": 59000456086903,
    "dateTime": {
      "date": {
        "year": 2019,
        "month": 10,
        "day": 19
      },
      "time": {
        "hour": 10,
        "minute": 20,
        "second": 34,
        "nano": 0
      }
    },
    "citySender": "Шевченкове (Харківська обл.)",
    "cityRecipient": "Київ"
  },
  {
    "number": 59000456086904,
    "dateTime": {
      "date": {
        "year": 2019,
        "month": 10,
        "day": 19
      },
      "time": {
        "hour": 10,
        "minute": 20,
        "second": 35,
        "nano": 0
      }
    },
    "citySender": "Шацьк",
    "cityRecipient": "Одеса"
  },
  {
    "number": 59000456086905,
    "dateTime": {
      "date": {
        "year": 2019,
        "month": 10,
        "day": 19
      },
      "time": {
        "hour": 10,
        "minute": 20,
        "second": 13,
        "nano": 0
      }
    },
    "citySender": "Надвірна",
    "cityRecipient": "Запоріжжя"
  },
  {
    "number": 59000456086906,
    "dateTime": {
      "date": {
        "year": 2019,
        "month": 10,
        "day": 19
      },
      "time": {
        "hour": 10,
        "minute": 20,
        "second": 11,
        "nano": 0
      }
    },
    "citySender": "Білокуракине",
    "cityRecipient": "Трускавець"
  },
  {
    "number": 59000456086907,
    "dateTime": {
      "date": {
        "year": 2019,
        "month": 10,
        "day": 19
      },
      "time": {
        "hour": 10,
        "minute": 20,
        "second": 24,
        "nano": 0
      }
    },
    "citySender": "Бровари",
    "cityRecipient": "Вінниця"
  },
  {
    "number": 59000456086908,
    "dateTime": {
      "date": {
        "year": 2019,
        "month": 10,
        "day": 19
      },
      "time": {
        "hour": 10,
        "minute": 20,
        "second": 25,
        "nano": 0
      }
    },
    "citySender": "Кривий Ріг",
    "cityRecipient": "Кам\u0027янське(Дніпропетровська обл)"
  },
  {
    "number": 59000456086909,
    "dateTime": {
      "date": {
        "year": 2019,
        "month": 10,
        "day": 19
      },
      "time": {
        "hour": 10,
        "minute": 20,
        "second": 19,
        "nano": 0
      }
    },
    "citySender": "Одеса",
    "cityRecipient": "Васильків"
  },
  {
    "number": 59000456086910,
    "dateTime": {
      "date": {
        "year": 2019,
        "month": 10,
        "day": 19
      },
      "time": {
        "hour": 10,
        "minute": 20,
        "second": 36,
        "nano": 0
      }
    },
    "citySender": "Вінниця",
    "cityRecipient": "Київ"
  },
  {
    "number": 59000456086911,
    "dateTime": {
      "date": {
        "year": 2019,
        "month": 10,
        "day": 19
      },
      "time": {
        "hour": 10,
        "minute": 20,
        "second": 25,
        "nano": 0
      }
    },
    "citySender": "Кременчук",
    "cityRecipient": "Дніпро"
  },
  {
    "number": 59000456086912,
    "dateTime": {
      "date": {
        "year": 2019,
        "month": 10,
        "day": 19
      },
      "time": {
        "hour": 10,
        "minute": 20,
        "second": 21,
        "nano": 0
      }
    },
    "citySender": "Ужгород",
    "cityRecipient": "Тернопіль"
  },
  {
    "number": 59000456086913,
    "dateTime": {
      "date": {
        "year": 2019,
        "month": 10,
        "day": 19
      },
      "time": {
        "hour": 10,
        "minute": 19,
        "second": 41,
        "nano": 0
      }
    },
    "citySender": "Суми",
    "cityRecipient": "Краматорськ"
  },
  {
    "number": 59000456086914,
    "dateTime": {
      "date": {
        "year": 2019,
        "month": 10,
        "day": 19
      },
      "time": {
        "hour": 10,
        "minute": 20,
        "second": 34,
        "nano": 0
      }
    },
    "citySender": "Київ",
    "cityRecipient": "Київ"
  },
  {
    "number": 59000456086915,
    "dateTime": {
      "date": {
        "year": 2019,
        "month": 10,
        "day": 19
      },
      "time": {
        "hour": 10,
        "minute": 20,
        "second": 25,
        "nano": 0
      }
    },
    "citySender": "Котельва",
    "cityRecipient": "Умань"
  },
  {
    "number": 59000456086916,
    "dateTime": {
      "date": {
        "year": 2019,
        "month": 10,
        "day": 19
      },
      "time": {
        "hour": 10,
        "minute": 19,
        "second": 55,
        "nano": 0
      }
    },
    "citySender": "Острог",
    "cityRecipient": "Дніпро"
  },
  {
    "number": 59000456086917,
    "dateTime": {
      "date": {
        "year": 2019,
        "month": 10,
        "day": 19
      },
      "time": {
        "hour": 10,
        "minute": 20,
        "second": 37,
        "nano": 0
      }
    },
    "citySender": "Харків",
    "cityRecipient": "Хотянівка"
  },
  {
    "number": 59000456086919,
    "dateTime": {
      "date": {
        "year": 2019,
        "month": 10,
        "day": 19
      },
      "time": {
        "hour": 10,
        "minute": 20,
        "second": 30,
        "nano": 0
      }
    },
    "citySender": "Луцьк",
    "cityRecipient": "Любешів"
  },
  {
    "number": 59000456086920,
    "dateTime": {
      "date": {
        "year": 2019,
        "month": 10,
        "day": 19
      },
      "time": {
        "hour": 10,
        "minute": 19,
        "second": 45,
        "nano": 0
      }
    },
    "citySender": "Чорноморськ",
    "cityRecipient": "Кременчук"
  },
  {
    "number": 59000456086921,
    "dateTime": {
      "date": {
        "year": 2019,
        "month": 10,
        "day": 19
      },
      "time": {
        "hour": 10,
        "minute": 20,
        "second": 39,
        "nano": 0
      }
    },
    "citySender": "Павлоград",
    "cityRecipient": "Харків"
  },
  {
    "number": 59000456086922,
    "dateTime": {
      "date": {
        "year": 2019,
        "month": 10,
        "day": 19
      },
      "time": {
        "hour": 10,
        "minute": 20,
        "second": 39,
        "nano": 0
      }
    },
    "citySender": "Суми",
    "cityRecipient": "Харків"
  },
  {
    "number": 59000456086923,
    "dateTime": {
      "date": {
        "year": 2019,
        "month": 10,
        "day": 19
      },
      "time": {
        "hour": 10,
        "minute": 20,
        "second": 22,
        "nano": 0
      }
    },
    "citySender": "Київ",
    "cityRecipient": "Вугледар"
  },
  {
    "number": 59000456086924,
    "dateTime": {
      "date": {
        "year": 2019,
        "month": 10,
        "day": 19
      },
      "time": {
        "hour": 10,
        "minute": 20,
        "second": 40,
        "nano": 0
      }
    },
    "citySender": "Макарів",
    "cityRecipient": "Бровари"
  },
  {
    "number": 59000456086925,
    "dateTime": {
      "date": {
        "year": 2019,
        "month": 10,
        "day": 19
      },
      "time": {
        "hour": 10,
        "minute": 20,
        "second": 28,
        "nano": 0
      }
    },
    "citySender": "Княжичі (Броварський р-н)",
    "cityRecipient": "Носівка"
  },
  {
    "number": 59000456086926,
    "dateTime": {
      "date": {
        "year": 2019,
        "month": 10,
        "day": 19
      },
      "time": {
        "hour": 10,
        "minute": 20,
        "second": 34,
        "nano": 0
      }
    },
    "citySender": "Оріхів",
    "cityRecipient": "Миколаїв"
  },
  {
    "number": 59000456086927,
    "dateTime": {
      "date": {
        "year": 2019,
        "month": 10,
        "day": 19
      },
      "time": {
        "hour": 10,
        "minute": 18,
        "second": 16,
        "nano": 0
      }
    },
    "citySender": "Канів",
    "cityRecipient": "Київ"
  },
  {
    "number": 59000456086928,
    "dateTime": {
      "date": {
        "year": 2019,
        "month": 10,
        "day": 19
      },
      "time": {
        "hour": 10,
        "minute": 20,
        "second": 11,
        "nano": 0
      }
    },
    "citySender": "Маріуполь",
    "cityRecipient": "Щастя"
  },
  {
    "number": 59000456086929,
    "dateTime": {
      "date": {
        "year": 2019,
        "month": 10,
        "day": 19
      },
      "time": {
        "hour": 10,
        "minute": 20,
        "second": 11,
        "nano": 0
      }
    },
    "citySender": "Дніпро",
    "cityRecipient": "Харків"
  },
  {
    "number": 59000456086930,
    "dateTime": {
      "date": {
        "year": 2019,
        "month": 10,
        "day": 19
      },
      "time": {
        "hour": 10,
        "minute": 20,
        "second": 16,
        "nano": 0
      }
    },
    "citySender": "Бахмач",
    "cityRecipient": "Київ"
  },
  {
    "number": 59000456086931,
    "dateTime": {
      "date": {
        "year": 2019,
        "month": 10,
        "day": 19
      },
      "time": {
        "hour": 10,
        "minute": 20,
        "second": 41,
        "nano": 0
      }
    },
    "citySender": "Київ",
    "cityRecipient": "Чернігів"
  },
  {
    "number": 59000456086932,
    "dateTime": {
      "date": {
        "year": 2019,
        "month": 10,
        "day": 19
      },
      "time": {
        "hour": 10,
        "minute": 20,
        "second": 30,
        "nano": 0
      }
    },
    "citySender": "Жашків",
    "cityRecipient": "Хмільник (Вінницька обл.)"
  },
  {
    "number": 59000456086933,
    "dateTime": {
      "date": {
        "year": 2019,
        "month": 10,
        "day": 19
      },
      "time": {
        "hour": 10,
        "minute": 20,
        "second": 24,
        "nano": 0
      }
    },
    "citySender": "Умань",
    "cityRecipient": "Київ"
  },
  {
    "number": 59000456086934,
    "dateTime": {
      "date": {
        "year": 2019,
        "month": 10,
        "day": 19
      },
      "time": {
        "hour": 10,
        "minute": 19,
        "second": 56,
        "nano": 0
      }
    },
    "citySender": "Рогатин",
    "cityRecipient": "Київ"
  },
  {
    "number": 59000456086936,
    "dateTime": {
      "date": {
        "year": 2019,
        "month": 10,
        "day": 19
      },
      "time": {
        "hour": 10,
        "minute": 20,
        "second": 12,
        "nano": 0
      }
    },
    "citySender": "Маріуполь",
    "cityRecipient": "Київ"
  },
  {
    "number": 59000456086937,
    "dateTime": {
      "date": {
        "year": 2019,
        "month": 10,
        "day": 19
      },
      "time": {
        "hour": 10,
        "minute": 20,
        "second": 23,
        "nano": 0
      }
    },
    "citySender": "Івано-Франківськ",
    "cityRecipient": "Кропивницький"
  },
  {
    "number": 59000456086938,
    "dateTime": {
      "date": {
        "year": 2019,
        "month": 10,
        "day": 19
      },
      "time": {
        "hour": 10,
        "minute": 20,
        "second": 44,
        "nano": 0
      }
    },
    "citySender": "Мала Виска",
    "cityRecipient": "Авангард"
  },
  {
    "number": 59000456086939,
    "dateTime": {
      "date": {
        "year": 2019,
        "month": 10,
        "day": 19
      },
      "time": {
        "hour": 10,
        "minute": 20,
        "second": 44,
        "nano": 0
      }
    },
    "citySender": "Малин",
    "cityRecipient": "Полтава"
  },
  {
    "number": 59000456086940,
    "dateTime": {
      "date": {
        "year": 2019,
        "month": 10,
        "day": 19
      },
      "time": {
        "hour": 10,
        "minute": 20,
        "second": 44,
        "nano": 0
      }
    },
    "citySender": "Новояворівськ",
    "cityRecipient": "Миропілля(Сумська обл.)"
  },
  {
    "number": 59000456086941,
    "dateTime": {
      "date": {
        "year": 2019,
        "month": 10,
        "day": 19
      },
      "time": {
        "hour": 10,
        "minute": 20,
        "second": 37,
        "nano": 0
      }
    },
    "citySender": "Львів",
    "cityRecipient": "Львів"
  },
  {
    "number": 59000456086942,
    "dateTime": {
      "date": {
        "year": 2019,
        "month": 10,
        "day": 19
      },
      "time": {
        "hour": 10,
        "minute": 20,
        "second": 40,
        "nano": 0
      }
    },
    "citySender": "Київ",
    "cityRecipient": "Київ"
  },
  {
    "number": 59000456086943,
    "dateTime": {
      "date": {
        "year": 2019,
        "month": 10,
        "day": 19
      },
      "time": {
        "hour": 10,
        "minute": 20,
        "second": 34,
        "nano": 0
      }
    },
    "citySender": "Кропивницький",
    "cityRecipient": "Харків"
  },
  {
    "number": 59000456086944,
    "dateTime": {
      "date": {
        "year": 2019,
        "month": 10,
        "day": 19
      },
      "time": {
        "hour": 10,
        "minute": 20,
        "second": 26,
        "nano": 0
      }
    },
    "citySender": "Краснопілля (Сумська обл.)",
    "cityRecipient": "Київ"
  },
  {
    "number": 59000456086945,
    "dateTime": {
      "date": {
        "year": 2019,
        "month": 10,
        "day": 19
      },
      "time": {
        "hour": 10,
        "minute": 20,
        "second": 35,
        "nano": 0
      }
    },
    "citySender": "Чорноморськ",
    "cityRecipient": "Вінниця"
  },
  {
    "number": 59000456086946,
    "dateTime": {
      "date": {
        "year": 2019,
        "month": 10,
        "day": 19
      },
      "time": {
        "hour": 10,
        "minute": 20,
        "second": 44,
        "nano": 0
      }
    },
    "citySender": "Підгородне (Дніпропетровська обл.)",
    "cityRecipient": "Костянтинівка (Донецька обл.)"
  },
  {
    "number": 59000456086947,
    "dateTime": {
      "date": {
        "year": 2019,
        "month": 10,
        "day": 19
      },
      "time": {
        "hour": 10,
        "minute": 20,
        "second": 46,
        "nano": 0
      }
    },
    "citySender": "Лозова",
    "cityRecipient": "Ілічанка"
  },
  {
    "number": 59000456086949,
    "dateTime": {
      "date": {
        "year": 2019,
        "month": 10,
        "day": 19
      },
      "time": {
        "hour": 10,
        "minute": 19,
        "second": 41,
        "nano": 0
      }
    },
    "citySender": "Краматорськ",
    "cityRecipient": "Мелітополь"
  },
  {
    "number": 59000456086950,
    "dateTime": {
      "date": {
        "year": 2019,
        "month": 10,
        "day": 19
      },
      "time": {
        "hour": 10,
        "minute": 20,
        "second": 21,
        "nano": 0
      }
    },
    "citySender": "Любомль",
    "cityRecipient": "Радехів"
  },
  {
    "number": 59000456086951,
    "dateTime": {
      "date": {
        "year": 2019,
        "month": 10,
        "day": 19
      },
      "time": {
        "hour": 10,
        "minute": 20,
        "second": 47,
        "nano": 0
      }
    },
    "citySender": "Луцьк",
    "cityRecipient": "Харків"
  },
  {
    "number": 59000456086952,
    "dateTime": {
      "date": {
        "year": 2019,
        "month": 10,
        "day": 19
      },
      "time": {
        "hour": 10,
        "minute": 20,
        "second": 41,
        "nano": 0
      }
    },
    "citySender": "Кегичівка",
    "cityRecipient": "Харків"
  },
  {
    "number": 59000456086953,
    "dateTime": {
      "date": {
        "year": 2019,
        "month": 10,
        "day": 19
      },
      "time": {
        "hour": 10,
        "minute": 19,
        "second": 53,
        "nano": 0
      }
    },
    "citySender": "Тернівка",
    "cityRecipient": "Київ"
  },
  {
    "number": 59000456086954,
    "dateTime": {
      "date": {
        "year": 2019,
        "month": 10,
        "day": 19
      },
      "time": {
        "hour": 10,
        "minute": 20,
        "second": 3,
        "nano": 0
      }
    },
    "citySender": "Березань",
    "cityRecipient": "Київ"
  },
  {
    "number": 59000456086955,
    "dateTime": {
      "date": {
        "year": 2019,
        "month": 10,
        "day": 19
      },
      "time": {
        "hour": 10,
        "minute": 20,
        "second": 49,
        "nano": 0
      }
    },
    "citySender": "Івано-Франківськ",
    "cityRecipient": "Дніпро"
  },
  {
    "number": 59000456086956,
    "dateTime": {
      "date": {
        "year": 2019,
        "month": 10,
        "day": 19
      },
      "time": {
        "hour": 10,
        "minute": 20,
        "second": 41,
        "nano": 0
      }
    },
    "citySender": "Вінницькі Хутори",
    "cityRecipient": "Кропивницький"
  },
  {
    "number": 59000456086957,
    "dateTime": {
      "date": {
        "year": 2019,
        "month": 10,
        "day": 19
      },
      "time": {
        "hour": 10,
        "minute": 20,
        "second": 49,
        "nano": 0
      }
    },
    "citySender": "Валки",
    "cityRecipient": "Харків"
  },
  {
    "number": 59000456086958,
    "dateTime": {
      "date": {
        "year": 2019,
        "month": 10,
        "day": 19
      },
      "time": {
        "hour": 10,
        "minute": 19,
        "second": 34,
        "nano": 0
      }
    },
    "citySender": "Вільшанка (Кіровоградська обл.)",
    "cityRecipient": "Курахове"
  },
  {
    "number": 59000456086959,
    "dateTime": {
      "date": {
        "year": 2019,
        "month": 10,
        "day": 19
      },
      "time": {
        "hour": 10,
        "minute": 19,
        "second": 48,
        "nano": 0
      }
    },
    "citySender": "Кривий Ріг",
    "cityRecipient": "Черкаське"
  },
  {
    "number": 59000456086960,
    "dateTime": {
      "date": {
        "year": 2019,
        "month": 10,
        "day": 19
      },
      "time": {
        "hour": 10,
        "minute": 20,
        "second": 49,
        "nano": 0
      }
    },
    "citySender": "Київ",
    "cityRecipient": "Харків"
  },
  {
    "number": 59000456086961,
    "dateTime": {
      "date": {
        "year": 2019,
        "month": 10,
        "day": 19
      },
      "time": {
        "hour": 10,
        "minute": 20,
        "second": 30,
        "nano": 0
      }
    },
    "citySender": "Донське",
    "cityRecipient": "Ужгород"
  },
  {
    "number": 59000456086962,
    "dateTime": {
      "date": {
        "year": 2019,
        "month": 10,
        "day": 19
      },
      "time": {
        "hour": 10,
        "minute": 20,
        "second": 12,
        "nano": 0
      }
    },
    "citySender": "Талалаївка (Талалаївський р-н., Чернігівська обл.)",
    "cityRecipient": "Київ"
  },
  {
    "number": 59000456086963,
    "dateTime": {
      "date": {
        "year": 2019,
        "month": 10,
        "day": 19
      },
      "time": {
        "hour": 10,
        "minute": 20,
        "second": 29,
        "nano": 0
      }
    },
    "citySender": "Львів",
    "cityRecipient": "Старобільськ"
  },
  {
    "number": 59000456086964,
    "dateTime": {
      "date": {
        "year": 2019,
        "month": 10,
        "day": 19
      },
      "time": {
        "hour": 10,
        "minute": 19,
        "second": 52,
        "nano": 0
      }
    },
    "citySender": "Херсон",
    "cityRecipient": "Київ"
  },
  {
    "number": 59000456086965,
    "dateTime": {
      "date": {
        "year": 2019,
        "month": 10,
        "day": 19
      },
      "time": {
        "hour": 10,
        "minute": 19,
        "second": 58,
        "nano": 0
      }
    },
    "citySender": "Київ",
    "cityRecipient": "Олександрія (м.Кіровогр.обл.райц)"
  },
  {
    "number": 59000456086966,
    "dateTime": {
      "date": {
        "year": 2019,
        "month": 10,
        "day": 19
      },
      "time": {
        "hour": 10,
        "minute": 20,
        "second": 51,
        "nano": 0
      }
    },
    "citySender": "Кременчук",
    "cityRecipient": "Одеса"
  },
  {
    "number": 59000456086967,
    "dateTime": {
      "date": {
        "year": 2019,
        "month": 10,
        "day": 19
      },
      "time": {
        "hour": 10,
        "minute": 20,
        "second": 38,
        "nano": 0
      }
    },
    "citySender": "Генічеськ",
    "cityRecipient": "Мелітополь"
  },
  {
    "number": 59000456086968,
    "dateTime": {
      "date": {
        "year": 2019,
        "month": 10,
        "day": 19
      },
      "time": {
        "hour": 10,
        "minute": 20,
        "second": 52,
        "nano": 0
      }
    },
    "citySender": "Немирів (Львівська обл.)",
    "cityRecipient": "Вишневе"
  },
  {
    "number": 59000456086969,
    "dateTime": {
      "date": {
        "year": 2019,
        "month": 10,
        "day": 19
      },
      "time": {
        "hour": 10,
        "minute": 20,
        "second": 51,
        "nano": 0
      }
    },
    "citySender": "Дніпро",
    "cityRecipient": "Старий Крим (Донецька обл.)"
  },
  {
    "number": 59000456086970,
    "dateTime": {
      "date": {
        "year": 2019,
        "month": 10,
        "day": 19
      },
      "time": {
        "hour": 10,
        "minute": 20,
        "second": 39,
        "nano": 0
      }
    },
    "citySender": "Харків",
    "cityRecipient": "Львів"
  },
  {
    "number": 59000456086971,
    "dateTime": {
      "date": {
        "year": 2019,
        "month": 10,
        "day": 19
      },
      "time": {
        "hour": 10,
        "minute": 20,
        "second": 45,
        "nano": 0
      }
    },
    "citySender": "Самбір",
    "cityRecipient": "Київ"
  },
  {
    "number": 59000456086972,
    "dateTime": {
      "date": {
        "year": 2019,
        "month": 10,
        "day": 19
      },
      "time": {
        "hour": 10,
        "minute": 20,
        "second": 17,
        "nano": 0
      }
    },
    "citySender": "Калини",
    "cityRecipient": "Городище (Рівненський р-н., Рівненська обл.)"
  },
  {
    "number": 59000456086973,
    "dateTime": {
      "date": {
        "year": 2019,
        "month": 10,
        "day": 19
      },
      "time": {
        "hour": 10,
        "minute": 20,
        "second": 48,
        "nano": 0
      }
    },
    "citySender": "Київ",
    "cityRecipient": "Київ"
  },
  {
    "number": 59000456086974,
    "dateTime": {
      "date": {
        "year": 2019,
        "month": 10,
        "day": 19
      },
      "time": {
        "hour": 10,
        "minute": 20,
        "second": 14,
        "nano": 0
      }
    },
    "citySender": "Вапнярка",
    "cityRecipient": "Великий Дальник"
  },
  {
    "number": 59000456086975,
    "dateTime": {
      "date": {
        "year": 2019,
        "month": 10,
        "day": 19
      },
      "time": {
        "hour": 10,
        "minute": 20,
        "second": 50,
        "nano": 0
      }
    },
    "citySender": "Новоайдар",
    "cityRecipient": "Станиця Луганська"
  },
  {
    "number": 59000456086976,
    "dateTime": {
      "date": {
        "year": 2019,
        "month": 10,
        "day": 19
      },
      "time": {
        "hour": 10,
        "minute": 20,
        "second": 53,
        "nano": 0
      }
    },
    "citySender": "Павлоград",
    "cityRecipient": "Дніпро"
  },
  {
    "number": 59000456086977,
    "dateTime": {
      "date": {
        "year": 2019,
        "month": 10,
        "day": 19
      },
      "time": {
        "hour": 10,
        "minute": 20,
        "second": 51,
        "nano": 0
      }
    },
    "citySender": "Київ",
    "cityRecipient": "Миколаїв"
  },
  {
    "number": 59000456086978,
    "dateTime": {
      "date": {
        "year": 2019,
        "month": 10,
        "day": 19
      },
      "time": {
        "hour": 10,
        "minute": 20,
        "second": 51,
        "nano": 0
      }
    },
    "citySender": "Новий Розділ",
    "cityRecipient": "Київ"
  },
  {
    "number": 59000456086979,
    "dateTime": {
      "date": {
        "year": 2019,
        "month": 10,
        "day": 19
      },
      "time": {
        "hour": 10,
        "minute": 20,
        "second": 40,
        "nano": 0
      }
    },
    "citySender": "Лозова",
    "cityRecipient": "Лозова"
  },
  {
    "number": 59000456086980,
    "dateTime": {
      "date": {
        "year": 2019,
        "month": 10,
        "day": 19
      },
      "time": {
        "hour": 10,
        "minute": 20,
        "second": 37,
        "nano": 0
      }
    },
    "citySender": "Олександрія (м.Кіровогр.обл.райц)",
    "cityRecipient": "Козельщина"
  },
  {
    "number": 59000456086981,
    "dateTime": {
      "date": {
        "year": 2019,
        "month": 10,
        "day": 19
      },
      "time": {
        "hour": 10,
        "minute": 20,
        "second": 10,
        "nano": 0
      }
    },
    "citySender": "Суми",
    "cityRecipient": "Переяславське"
  },
  {
    "number": 59000456086982,
    "dateTime": {
      "date": {
        "year": 2019,
        "month": 10,
        "day": 19
      },
      "time": {
        "hour": 10,
        "minute": 20,
        "second": 38,
        "nano": 0
      }
    },
    "citySender": "Кременчук",
    "cityRecipient": "Дніпро"
  },
  {
    "number": 59000456086983,
    "dateTime": {
      "date": {
        "year": 2019,
        "month": 10,
        "day": 19
      },
      "time": {
        "hour": 10,
        "minute": 20,
        "second": 51,
        "nano": 0
      }
    },
    "citySender": "Мар\u0027їнка",
    "cityRecipient": "Новотроїцьке (Донецька обл.)"
  },
  {
    "number": 59000456086984,
    "dateTime": {
      "date": {
        "year": 2019,
        "month": 10,
        "day": 19
      },
      "time": {
        "hour": 10,
        "minute": 20,
        "second": 54,
        "nano": 0
      }
    },
    "citySender": "Кропивницький",
    "cityRecipient": "Київ"
  },
  {
    "number": 59000456086985,
    "dateTime": {
      "date": {
        "year": 2019,
        "month": 10,
        "day": 19
      },
      "time": {
        "hour": 10,
        "minute": 19,
        "second": 52,
        "nano": 0
      }
    },
    "citySender": "Одеса",
    "cityRecipient": "Тернопіль"
  },
  {
    "number": 59000456086987,
    "dateTime": {
      "date": {
        "year": 2019,
        "month": 10,
        "day": 19
      },
      "time": {
        "hour": 10,
        "minute": 20,
        "second": 36,
        "nano": 0
      }
    },
    "citySender": "Львів",
    "cityRecipient": "Обухів"
  },
  {
    "number": 59000456086990,
    "dateTime": {
      "date": {
        "year": 2019,
        "month": 10,
        "day": 19
      },
      "time": {
        "hour": 10,
        "minute": 20,
        "second": 25,
        "nano": 0
      }
    },
    "citySender": "Мирноград",
    "cityRecipient": "Первомайськ(Микол.обл.Первомайс.р-н)"
  },
  {
    "number": 59000456086991,
    "dateTime": {
      "date": {
        "year": 2019,
        "month": 10,
        "day": 19
      },
      "time": {
        "hour": 10,
        "minute": 20,
        "second": 56,
        "nano": 0
      }
    },
    "citySender": "Київ",
    "cityRecipient": "Київ"
  },
  {
    "number": 59000456086993,
    "dateTime": {
      "date": {
        "year": 2019,
        "month": 10,
        "day": 19
      },
      "time": {
        "hour": 10,
        "minute": 20,
        "second": 30,
        "nano": 0
      }
    },
    "citySender": "Гоща",
    "cityRecipient": "Почаїв"
  },
  {
    "number": 59000456086994,
    "dateTime": {
      "date": {
        "year": 2019,
        "month": 10,
        "day": 19
      },
      "time": {
        "hour": 10,
        "minute": 20,
        "second": 19,
        "nano": 0
      }
    },
    "citySender": "Суворове",
    "cityRecipient": "Черкаси"
  },
  {
    "number": 59000456086995,
    "dateTime": {
      "date": {
        "year": 2019,
        "month": 10,
        "day": 19
      },
      "time": {
        "hour": 10,
        "minute": 19,
        "second": 27,
        "nano": 0
      }
    },
    "citySender": "Тарутине",
    "cityRecipient": "Ізмаїл"
  }
]