[
  {
    "number": 59000456069103,
    "dateTime": {
      "date": {
        "year": 2019,
        "month": 10,
        "day": 19
      },
      "time": {
        "hour": 9,
        "minute": 0,
        "second": 0,
        "nano": 0
      }
    },
    "citySender": "Лубни",
    "cityRecipient": "Рівне"
  },
  {
    "number": 59000456069104,
    "dateTime": {
      "date": {
        "year": 2019,
        "month": 10,
        "day": 19
      },
      "time": {
        "hour": 8,
        "minute": 58,
        "second": 32,
        "nano": 0
      }
    },
    "citySender": "Донець(Балаклійський р-н)",
    "cityRecipient": "Енергодар"
  },
  {
    "number": 59000456069105,
    "dateTime": {
      "date": {
        "year": 2019,
        "month": 10,
        "day": 19
      },
      "time": {
        "hour": 9,
        "minute": 0,
        "second": 1,
        "nano": 0
      }
    },
    "citySender": "Затока",
    "cityRecipient": "Ковель"
  },
  {
    "number": 59000456069106,
    "dateTime": {
      "date": {
        "year": 2019,
        "month": 10,
        "day": 19
      },
      "time": {
        "hour": 8,
        "minute": 59,
        "second": 57,
        "nano": 0
      }
    },
    "citySender": "Чернігів",
    "cityRecipient": "Львів"
  },
  {
    "number": 59000456069107,
    "dateTime": {
      "date": {
        "year": 2019,
        "month": 10,
        "day": 19
      },
      "time": {
        "hour": 9,
        "minute": 0,
        "second": 1,
        "nano": 0
      }
    },
    "citySender": "Нікополь (Дніпропетровська обл.)",
    "cityRecipient": "Ілічанка"
  },
  {
    "number": 59000456069109,
    "dateTime": {
      "date": {
        "year": 2019,
        "month": 10,
        "day": 19
      },
      "time": {
        "hour": 8,
        "minute": 59,
        "second": 44,
        "nano": 0
      }
    },
    "citySender": "Миколаїв",
    "cityRecipient": "Черкаси"
  },
  {
    "number": 59000456069110,
    "dateTime": {
      "date": {
        "year": 2019,
        "month": 10,
        "day": 19
      },
      "time": {
        "hour": 8,
        "minute": 59,
        "second": 34,
        "nano": 0
      }
    },
    "citySender": "Бар",
    "cityRecipient": "Київ"
  },
  {
    "number": 59000456069111,
    "dateTime": {
      "date": {
        "year": 2019,
        "month": 10,
        "day": 19
      },
      "time": {
        "hour": 9,
        "minute": 0,
        "second": 3,
        "nano": 0
      }
    },
    "citySender": "Кринички",
    "cityRecipient": "Київ"
  },
  {
    "number": 59000456069112,
    "dateTime": {
      "date": {
        "year": 2019,
        "month": 10,
        "day": 19
      },
      "time": {
        "hour": 8,
        "minute": 59,
        "second": 59,
        "nano": 0
      }
    },
    "citySender": "Київ",
    "cityRecipient": "Львів"
  },
  {
    "number": 59000456069113,
    "dateTime": {
      "date": {
        "year": 2019,
        "month": 10,
        "day": 19
      },
      "time": {
        "hour": 8,
        "minute": 59,
        "second": 55,
        "nano": 0
      }
    },
    "citySender": "Київ",
    "cityRecipient": "Святопетрівське (Києво-Свят.р-н)"
  },
  {
    "number": 59000456069114,
    "dateTime": {
      "date": {
        "year": 2019,
        "month": 10,
        "day": 19
      },
      "time": {
        "hour": 9,
        "minute": 0,
        "second": 5,
        "nano": 0
      }
    },
    "citySender": "Горностаївка",
    "cityRecipient": "Київ"
  },
  {
    "number": 59000456069115,
    "dateTime": {
      "date": {
        "year": 2019,
        "month": 10,
        "day": 19
      },
      "time": {
        "hour": 8,
        "minute": 58,
        "second": 50,
        "nano": 0
      }
    },
    "citySender": "Турка",
    "cityRecipient": "Мостиська"
  },
  {
    "number": 59000456069116,
    "dateTime": {
      "date": {
        "year": 2019,
        "month": 10,
        "day": 19
      },
      "time": {
        "hour": 8,
        "minute": 59,
        "second": 51,
        "nano": 0
      }
    },
    "citySender": "Кропивницький",
    "cityRecipient": "Капітанівка (Кіровоградська обл.)"
  },
  {
    "number": 59000456069117,
    "dateTime": {
      "date": {
        "year": 2019,
        "month": 10,
        "day": 19
      },
      "time": {
        "hour": 8,
        "minute": 59,
        "second": 17,
        "nano": 0
      }
    },
    "citySender": "Старі Безрадичі",
    "cityRecipient": "Сосниця"
  },
  {
    "number": 59000456069118,
    "dateTime": {
      "date": {
        "year": 2019,
        "month": 10,
        "day": 19
      },
      "time": {
        "hour": 8,
        "minute": 59,
        "second": 22,
        "nano": 0
      }
    },
    "citySender": "Корсунь-Шевченківський",
    "cityRecipient": "Борова (Харківська обл.)"
  },
  {
    "number": 59000456069119,
    "dateTime": {
      "date": {
        "year": 2019,
        "month": 10,
        "day": 19
      },
      "time": {
        "hour": 9,
        "minute": 0,
        "second": 7,
        "nano": 0
      }
    },
    "citySender": "Вишневе",
    "cityRecipient": "Харків"
  },
  {
    "number": 59000456069120,
    "dateTime": {
      "date": {
        "year": 2019,
        "month": 10,
        "day": 19
      },
      "time": {
        "hour": 8,
        "minute": 58,
        "second": 25,
        "nano": 0
      }
    },
    "citySender": "Іркліїв",
    "cityRecipient": "Київ"
  },
  {
    "number": 59000456069121,
    "dateTime": {
      "date": {
        "year": 2019,
        "month": 10,
        "day": 19
      },
      "time": {
        "hour": 8,
        "minute": 59,
        "second": 57,
        "nano": 0
      }
    },
    "citySender": "Київ",
    "cityRecipient": "Харків"
  },
  {
    "number": 59000456069122,
    "dateTime": {
      "date": {
        "year": 2019,
        "month": 10,
        "day": 19
      },
      "time": {
        "hour": 8,
        "minute": 59,
        "second": 48,
        "nano": 0
      }
    },
    "citySender": "Радушне",
    "cityRecipient": "Болград (Одеська обл.)"
  },
  {
    "number": 59000456069123,
    "dateTime": {
      "date": {
        "year": 2019,
        "month": 10,
        "day": 19
      },
      "time": {
        "hour": 8,
        "minute": 59,
        "second": 20,
        "nano": 0
      }
    },
    "citySender": "Токмак",
    "cityRecipient": "Маріуполь"
  },
  {
    "number": 59000456069124,
    "dateTime": {
      "date": {
        "year": 2019,
        "month": 10,
        "day": 19
      },
      "time": {
        "hour": 9,
        "minute": 0,
        "second": 9,
        "nano": 0
      }
    },
    "citySender": "Драчинці",
    "cityRecipient": "Київ"
  },
  {
    "number": 59000456069125,
    "dateTime": {
      "date": {
        "year": 2019,
        "month": 10,
        "day": 19
      },
      "time": {
        "hour": 8,
        "minute": 58,
        "second": 15,
        "nano": 0
      }
    },
    "citySender": "Бар",
    "cityRecipient": "Борщів"
  },
  {
    "number": 59000456069126,
    "dateTime": {
      "date": {
        "year": 2019,
        "month": 10,
        "day": 19
      },
      "time": {
        "hour": 9,
        "minute": 0,
        "second": 11,
        "nano": 0
      }
    },
    "citySender": "Миколаїв",
    "cityRecipient": "Бохоники"
  },
  {
    "number": 59000456069127,
    "dateTime": {
      "date": {
        "year": 2019,
        "month": 10,
        "day": 19
      },
      "time": {
        "hour": 9,
        "minute": 0,
        "second": 7,
        "nano": 0
      }
    },
    "citySender": "Вилок (Закарпатська обл.)",
    "cityRecipient": "Луцьк"
  },
  {
    "number": 59000456069128,
    "dateTime": {
      "date": {
        "year": 2019,
        "month": 10,
        "day": 19
      },
      "time": {
        "hour": 8,
        "minute": 59,
        "second": 43,
        "nano": 0
      }
    },
    "citySender": "Одеса",
    "cityRecipient": "Луцьк"
  },
  {
    "number": 59000456069129,
    "dateTime": {
      "date": {
        "year": 2019,
        "month": 10,
        "day": 19
      },
      "time": {
        "hour": 8,
        "minute": 59,
        "second": 49,
        "nano": 0
      }
    },
    "citySender": "Кельменці",
    "cityRecipient": "Поляниця (Буковель)"
  },
  {
    "number": 59000456069130,
    "dateTime": {
      "date": {
        "year": 2019,
        "month": 10,
        "day": 19
      },
      "time": {
        "hour": 9,
        "minute": 0,
        "second": 12,
        "nano": 0
      }
    },
    "citySender": "Херсон",
    "cityRecipient": "Одеса"
  },
  {
    "number": 59000456069131,
    "dateTime": {
      "date": {
        "year": 2019,
        "month": 10,
        "day": 19
      },
      "time": {
        "hour": 9,
        "minute": 0,
        "second": 3,
        "nano": 0
      }
    },
    "citySender": "Біла Церква",
    "cityRecipient": "Боярка"
  },
  {
    "number": 59000456069132,
    "dateTime": {
      "date": {
        "year": 2019,
        "month": 10,
        "day": 19
      },
      "time": {
        "hour": 9,
        "minute": 0,
        "second": 8,
        "nano": 0
      }
    },
    "citySender": "Клесів",
    "cityRecipient": "Київ"
  },
  {
    "number": 59000456069133,
    "dateTime": {
      "date": {
        "year": 2019,
        "month": 10,
        "day": 19
      },
      "time": {
        "hour": 9,
        "minute": 0,
        "second": 14,
        "nano": 0
      }
    },
    "citySender": "Вараш",
    "cityRecipient": "Харків"
  },
  {
    "number": 59000456069134,
    "dateTime": {
      "date": {
        "year": 2019,
        "month": 10,
        "day": 19
      },
      "time": {
        "hour": 9,
        "minute": 0,
        "second": 6,
        "nano": 0
      }
    },
    "citySender": "Хмельницький",
    "cityRecipient": "Ямпіль (Хмельницька обл.)"
  },
  {
    "number": 59000456069135,
    "dateTime": {
      "date": {
        "year": 2019,
        "month": 10,
        "day": 19
      },
      "time": {
        "hour": 8,
        "minute": 58,
        "second": 2,
        "nano": 0
      }
    },
    "citySender": "Городище (Черкаська обл.)",
    "cityRecipient": "Рокитне (Рівненська обл., Рокитнівський р-н)"
  },
  {
    "number": 59000456069136,
    "dateTime": {
      "date": {
        "year": 2019,
        "month": 10,
        "day": 19
      },
      "time": {
        "hour": 8,
        "minute": 58,
        "second": 52,
        "nano": 0
      }
    },
    "citySender": "Теребовля",
    "cityRecipient": "Київ"
  },
  {
    "number": 59000456069137,
    "dateTime": {
      "date": {
        "year": 2019,
        "month": 10,
        "day": 19
      },
      "time": {
        "hour": 9,
        "minute": 0,
        "second": 11,
        "nano": 0
      }
    },
    "citySender": "Білозерське (Донецька обл.)",
    "cityRecipient": "Щастя"
  },
  {
    "number": 59000456069138,
    "dateTime": {
      "date": {
        "year": 2019,
        "month": 10,
        "day": 19
      },
      "time": {
        "hour": 9,
        "minute": 0,
        "second": 15,
        "nano": 0
      }
    },
    "citySender": "Кам\u0027янське(Дніпропетровська обл)",
    "cityRecipient": "Київ"
  },
  {
    "number": 59000456069139,
    "dateTime": {
      "date": {
        "year": 2019,
        "month": 10,
        "day": 19
      },
      "time": {
        "hour": 9,
        "minute": 0,
        "second": 15,
        "nano": 0
      }
    },
    "citySender": "Київ",
    "cityRecipient": "Київ"
  },
  {
    "number": 59000456069140,
    "dateTime": {
      "date": {
        "year": 2019,
        "month": 10,
        "day": 19
      },
      "time": {
        "hour": 9,
        "minute": 0,
        "second": 15,
        "nano": 0
      }
    },
    "citySender": "Нікополь (Дніпропетровська обл.)",
    "cityRecipient": "Харків"
  },
  {
    "number": 59000456069141,
    "dateTime": {
      "date": {
        "year": 2019,
        "month": 10,
        "day": 19
      },
      "time": {
        "hour": 8,
        "minute": 59,
        "second": 52,
        "nano": 0
      }
    },
    "citySender": "Кропивницький",
    "cityRecipient": "Київ"
  },
  {
    "number": 59000456069142,
    "dateTime": {
      "date": {
        "year": 2019,
        "month": 10,
        "day": 19
      },
      "time": {
        "hour": 8,
        "minute": 59,
        "second": 48,
        "nano": 0
      }
    },
    "citySender": "Торецьк",
    "cityRecipient": "Дніпро"
  },
  {
    "number": 59000456069143,
    "dateTime": {
      "date": {
        "year": 2019,
        "month": 10,
        "day": 19
      },
      "time": {
        "hour": 8,
        "minute": 59,
        "second": 52,
        "nano": 0
      }
    },
    "citySender": "Шевченкове (Харківська обл.)",
    "cityRecipient": "Київ"
  },
  {
    "number": 59000456069145,
    "dateTime": {
      "date": {
        "year": 2019,
        "month": 10,
        "day": 19
      },
      "time": {
        "hour": 9,
        "minute": 0,
        "second": 15,
        "nano": 0
      }
    },
    "citySender": "Херсон",
    "cityRecipient": "Запоріжжя"
  },
  {
    "number": 59000456069146,
    "dateTime": {
      "date": {
        "year": 2019,
        "month": 10,
        "day": 19
      },
      "time": {
        "hour": 9,
        "minute": 0,
        "second": 16,
        "nano": 0
      }
    },
    "citySender": "Тальне",
    "cityRecipient": "Одеса"
  },
  {
    "number": 59000456069147,
    "dateTime": {
      "date": {
        "year": 2019,
        "month": 10,
        "day": 19
      },
      "time": {
        "hour": 8,
        "minute": 59,
        "second": 49,
        "nano": 0
      }
    },
    "citySender": "Дніпро",
    "cityRecipient": "Кирилівка(Якимівський р-н)"
  },
  {
    "number": 59000456069148,
    "dateTime": {
      "date": {
        "year": 2019,
        "month": 10,
        "day": 19
      },
      "time": {
        "hour": 8,
        "minute": 59,
        "second": 45,
        "nano": 0
      }
    },
    "citySender": "Макарів",
    "cityRecipient": "Білозерське (Донецька обл.)"
  },
  {
    "number": 59000456069149,
    "dateTime": {
      "date": {
        "year": 2019,
        "month": 10,
        "day": 19
      },
      "time": {
        "hour": 8,
        "minute": 58,
        "second": 48,
        "nano": 0
      }
    },
    "citySender": "Нижня Апша",
    "cityRecipient": "Новоселиця"
  },
  {
    "number": 59000456069150,
    "dateTime": {
      "date": {
        "year": 2019,
        "month": 10,
        "day": 19
      },
      "time": {
        "hour": 9,
        "minute": 0,
        "second": 0,
        "nano": 0
      }
    },
    "citySender": "Рогатин",
    "cityRecipient": "Іллінці"
  },
  {
    "number": 59000456069152,
    "dateTime": {
      "date": {
        "year": 2019,
        "month": 10,
        "day": 19
      },
      "time": {
        "hour": 9,
        "minute": 0,
        "second": 17,
        "nano": 0
      }
    },
    "citySender": "Нікополь (Дніпропетровська обл.)",
    "cityRecipient": "Київ"
  },
  {
    "number": 59000456069153,
    "dateTime": {
      "date": {
        "year": 2019,
        "month": 10,
        "day": 19
      },
      "time": {
        "hour": 9,
        "minute": 0,
        "second": 12,
        "nano": 0
      }
    },
    "citySender": "Ізмаїл",
    "cityRecipient": "Київ"
  },
  {
    "number": 59000456069154,
    "dateTime": {
      "date": {
        "year": 2019,
        "month": 10,
        "day": 19
      },
      "time": {
        "hour": 9,
        "minute": 0,
        "second": 19,
        "nano": 0
      }
    },
    "citySender": "Довге (Закарпатська обл.)",
    "cityRecipient": "Київ"
  },
  {
    "number": 59000456069155,
    "dateTime": {
      "date": {
        "year": 2019,
        "month": 10,
        "day": 19
      },
      "time": {
        "hour": 8,
        "minute": 59,
        "second": 19,
        "nano": 0
      }
    },
    "citySender": "Хмельницький",
    "cityRecipient": "Мелітополь"
  },
  {
    "number": 59000456069156,
    "dateTime": {
      "date": {
        "year": 2019,
        "month": 10,
        "day": 19
      },
      "time": {
        "hour": 9,
        "minute": 0,
        "second": 8,
        "nano": 0
      }
    },
    "citySender": "Дніпро",
    "cityRecipient": "Одеса"
  },
  {
    "number": 59000456069157,
    "dateTime": {
      "date": {
        "year": 2019,
        "month": 10,
        "day": 19
      },
      "time": {
        "hour": 9,
        "minute": 0,
        "second": 18,
        "nano": 0
      }
    },
    "citySender": "Путивль",
    "cityRecipient": "Київ"
  },
  {
    "number": 59000456069158,
    "dateTime": {
      "date": {
        "year": 2019,
        "month": 10,
        "day": 19
      },
      "time": {
        "hour": 8,
        "minute": 58,
        "second": 51,
        "nano": 0
      }
    },
    "citySender": "Ужгород",
    "cityRecipient": "Тальне"
  },
  {
    "number": 59000456069159,
    "dateTime": {
      "date": {
        "year": 2019,
        "month": 10,
        "day": 19
      },
      "time": {
        "hour": 8,
        "minute": 59,
        "second": 55,
        "nano": 0
      }
    },
    "citySender": "Кремінна",
    "cityRecipient": "Одеса"
  },
  {
    "number": 59000456069160,
    "dateTime": {
      "date": {
        "year": 2019,
        "month": 10,
        "day": 19
      },
      "time": {
        "hour": 9,
        "minute": 0,
        "second": 11,
        "nano": 0
      }
    },
    "citySender": "Київ",
    "cityRecipient": "Волноваха"
  },
  {
    "number": 59000456069161,
    "dateTime": {
      "date": {
        "year": 2019,
        "month": 10,
        "day": 19
      },
      "time": {
        "hour": 9,
        "minute": 0,
        "second": 21,
        "nano": 0
      }
    },
    "citySender": "Містки (Сватівський р-н)",
    "cityRecipient": "Полтава"
  },
  {
    "number": 59000456069162,
    "dateTime": {
      "date": {
        "year": 2019,
        "month": 10,
        "day": 19
      },
      "time": {
        "hour": 9,
        "minute": 0,
        "second": 25,
        "nano": 0
      }
    },
    "citySender": "Рясне-Руське",
    "cityRecipient": "Хмельницький"
  },
  {
    "number": 59000456069163,
    "dateTime": {
      "date": {
        "year": 2019,
        "month": 10,
        "day": 19
      },
      "time": {
        "hour": 9,
        "minute": 0,
        "second": 25,
        "nano": 0
      }
    },
    "citySender": "Новоград-Волинський",
    "cityRecipient": "Одеса"
  },
  {
    "number": 59000456069164,
    "dateTime": {
      "date": {
        "year": 2019,
        "month": 10,
        "day": 19
      },
      "time": {
        "hour": 9,
        "minute": 0,
        "second": 26,
        "nano": 0
      }
    },
    "citySender": "Вилок (Закарпатська обл.)",
    "cityRecipient": "Калуш"
  },
  {
    "number": 59000456069165,
    "dateTime": {
      "date": {
        "year": 2019,
        "month": 10,
        "day": 19
      },
      "time": {
        "hour": 8,
        "minute": 58,
        "second": 55,
        "nano": 0
      }
    },
    "citySender": "Шкло",
    "cityRecipient": "Харків"
  },
  {
    "number": 59000456069166,
    "dateTime": {
      "date": {
        "year": 2019,
        "month": 10,
        "day": 19
      },
      "time": {
        "hour": 9,
        "minute": 0,
        "second": 26,
        "nano": 0
      }
    },
    "citySender": "Стрілкове",
    "cityRecipient": "Київ"
  },
  {
    "number": 59000456069167,
    "dateTime": {
      "date": {
        "year": 2019,
        "month": 10,
        "day": 19
      },
      "time": {
        "hour": 9,
        "minute": 0,
        "second": 26,
        "nano": 0
      }
    },
    "citySender": "Київ",
    "cityRecipient": "Чайки"
  },
  {
    "number": 59000456069168,
    "dateTime": {
      "date": {
        "year": 2019,
        "month": 10,
        "day": 19
      },
      "time": {
        "hour": 9,
        "minute": 0,
        "second": 27,
        "nano": 0
      }
    },
    "citySender": "Ізмаїл",
    "cityRecipient": "Івано-Франкове"
  },
  {
    "number": 59000456069169,
    "dateTime": {
      "date": {
        "year": 2019,
        "month": 10,
        "day": 19
      },
      "time": {
        "hour": 9,
        "minute": 0,
        "second": 16,
        "nano": 0
      }
    },
    "citySender": "Харків",
    "cityRecipient": "Сухий Лиман"
  },
  {
    "number": 59000456069170,
    "dateTime": {
      "date": {
        "year": 2019,
        "month": 10,
        "day": 19
      },
      "time": {
        "hour": 9,
        "minute": 0,
        "second": 3,
        "nano": 0
      }
    },
    "citySender": "Ковель",
    "cityRecipient": "Калинівка(Васильківський р-н.)"
  },
  {
    "number": 59000456069171,
    "dateTime": {
      "date": {
        "year": 2019,
        "month": 10,
        "day": 19
      },
      "time": {
        "hour": 8,
        "minute": 59,
        "second": 30,
        "nano": 0
      }
    },
    "citySender": "Володарка",
    "cityRecipient": "Хмельницький"
  },
  {
    "number": 59000456069172,
    "dateTime": {
      "date": {
        "year": 2019,
        "month": 10,
        "day": 19
      },
      "time": {
        "hour": 8,
        "minute": 59,
        "second": 42,
        "nano": 0
      }
    },
    "citySender": "Київ",
    "cityRecipient": "Олександрія (м.Кіровогр.обл.райц)"
  },
  {
    "number": 59000456069173,
    "dateTime": {
      "date": {
        "year": 2019,
        "month": 10,
        "day": 19
      },
      "time": {
        "hour": 8,
        "minute": 59,
        "second": 17,
        "nano": 0
      }
    },
    "citySender": "Волноваха",
    "cityRecipient": "Лиман(Донецька обл)"
  },
  {
    "number": 59000456069174,
    "dateTime": {
      "date": {
        "year": 2019,
        "month": 10,
        "day": 19
      },
      "time": {
        "hour": 9,
        "minute": 0,
        "second": 6,
        "nano": 0
      }
    },
    "citySender": "Маріуполь",
    "cityRecipient": "Суми"
  },
  {
    "number": 59000456069175,
    "dateTime": {
      "date": {
        "year": 2019,
        "month": 10,
        "day": 19
      },
      "time": {
        "hour": 9,
        "minute": 0,
        "second": 30,
        "nano": 0
      }
    },
    "citySender": "Горностаївка",
    "cityRecipient": "Київ"
  },
  {
    "number": 59000456069176,
    "dateTime": {
      "date": {
        "year": 2019,
        "month": 10,
        "day": 19
      },
      "time": {
        "hour": 9,
        "minute": 0,
        "second": 30,
        "nano": 0
      }
    },
    "citySender": "Миколаїв",
    "cityRecipient": "Бровари"
  },
  {
    "number": 59000456069177,
    "dateTime": {
      "date": {
        "year": 2019,
        "month": 10,
        "day": 19
      },
      "time": {
        "hour": 9,
        "minute": 0,
        "second": 21,
        "nano": 0
      }
    },
    "citySender": "Київ",
    "cityRecipient": "Київ"
  },
  {
    "number": 59000456069178,
    "dateTime": {
      "date": {
        "year": 2019,
        "month": 10,
        "day": 19
      },
      "time": {
        "hour": 8,
        "minute": 59,
        "second": 44,
        "nano": 0
      }
    },
    "citySender": "Калинівка (Вінницька обл., Калинівський р-н)",
    "cityRecipient": "Попасна"
  },
  {
    "number": 59000456069179,
    "dateTime": {
      "date": {
        "year": 2019,
        "month": 10,
        "day": 19
      },
      "time": {
        "hour": 9,
        "minute": 0,
        "second": 26,
        "nano": 0
      }
    },
    "citySender": "Боярка",
    "cityRecipient": "Тарасівка"
  },
  {
    "number": 59000456069180,
    "dateTime": {
      "date": {
        "year": 2019,
        "month": 10,
        "day": 19
      },
      "time": {
        "hour": 9,
        "minute": 0,
        "second": 24,
        "nano": 0
      }
    },
    "citySender": "Харків",
    "cityRecipient": "Чорноморськ"
  },
  {
    "number": 59000456069181,
    "dateTime": {
      "date": {
        "year": 2019,
        "month": 10,
        "day": 19
      },
      "time": {
        "hour": 9,
        "minute": 0,
        "second": 23,
        "nano": 0
      }
    },
    "citySender": "Хорол",
    "cityRecipient": "Миколаїв"
  },
  {
    "number": 59000456069182,
    "dateTime": {
      "date": {
        "year": 2019,
        "month": 10,
        "day": 19
      },
      "time": {
        "hour": 9,
        "minute": 0,
        "second": 12,
        "nano": 0
      }
    },
    "citySender": "Калинівка (Вінницька обл., Калинівський р-н)",
    "cityRecipient": "Суми"
  },
  {
    "number": 59000456069183,
    "dateTime": {
      "date": {
        "year": 2019,
        "month": 10,
        "day": 19
      },
      "time": {
        "hour": 9,
        "minute": 0,
        "second": 19,
        "nano": 0
      }
    },
    "citySender": "Вишневе",
    "cityRecipient": "Махнівка (Вінницька обл.)"
  },
  {
    "number": 59000456069184,
    "dateTime": {
      "date": {
        "year": 2019,
        "month": 10,
        "day": 19
      },
      "time": {
        "hour": 9,
        "minute": 0,
        "second": 33,
        "nano": 0
      }
    },
    "citySender": "Варва",
    "cityRecipient": "Івано-Франкове"
  },
  {
    "number": 59000456069185,
    "dateTime": {
      "date": {
        "year": 2019,
        "month": 10,
        "day": 19
      },
      "time": {
        "hour": 9,
        "minute": 0,
        "second": 9,
        "nano": 0
      }
    },
    "citySender": "Київ",
    "cityRecipient": "Городище (Черкаська обл.)"
  },
  {
    "number": 59000456069186,
    "dateTime": {
      "date": {
        "year": 2019,
        "month": 10,
        "day": 19
      },
      "time": {
        "hour": 9,
        "minute": 0,
        "second": 24,
        "nano": 0
      }
    },
    "citySender": "Одеса",
    "cityRecipient": "Одеса"
  },
  {
    "number": 59000456069187,
    "dateTime": {
      "date": {
        "year": 2019,
        "month": 10,
        "day": 19
      },
      "time": {
        "hour": 9,
        "minute": 0,
        "second": 25,
        "nano": 0
      }
    },
    "citySender": "Кривий Ріг",
    "cityRecipient": "Калинівка (Вінницька обл., Калинівський р-н)"
  },
  {
    "number": 59000456069188,
    "dateTime": {
      "date": {
        "year": 2019,
        "month": 10,
        "day": 19
      },
      "time": {
        "hour": 8,
        "minute": 59,
        "second": 56,
        "nano": 0
      }
    },
    "citySender": "Чернівці",
    "cityRecipient": "Київ"
  },
  {
    "number": 59000456069189,
    "dateTime": {
      "date": {
        "year": 2019,
        "month": 10,
        "day": 19
      },
      "time": {
        "hour": 9,
        "minute": 0,
        "second": 34,
        "nano": 0
      }
    },
    "citySender": "Херсон",
    "cityRecipient": "Ілічанка"
  },
  {
    "number": 59000456069190,
    "dateTime": {
      "date": {
        "year": 2019,
        "month": 10,
        "day": 19
      },
      "time": {
        "hour": 9,
        "minute": 0,
        "second": 23,
        "nano": 0
      }
    },
    "citySender": "Херсон",
    "cityRecipient": "Мелітополь"
  },
  {
    "number": 59000456069191,
    "dateTime": {
      "date": {
        "year": 2019,
        "month": 10,
        "day": 19
      },
      "time": {
        "hour": 9,
        "minute": 0,
        "second": 34,
        "nano": 0
      }
    },
    "citySender": "Драчинці",
    "cityRecipient": "Київ"
  },
  {
    "number": 59000456069192,
    "dateTime": {
      "date": {
        "year": 2019,
        "month": 10,
        "day": 19
      },
      "time": {
        "hour": 9,
        "minute": 0,
        "second": 35,
        "nano": 0
      }
    },
    "citySender": "Затока",
    "cityRecipient": "Київ"
  },
  {
    "number": 59000456069193,
    "dateTime": {
      "date": {
        "year": 2019,
        "month": 10,
        "day": 19
      },
      "time": {
        "hour": 9,
        "minute": 0,
        "second": 35,
        "nano": 0
      }
    },
    "citySender": "Моршин",
    "cityRecipient": "Авангард"
  },
  {
    "number": 59000456069194,
    "dateTime": {
      "date": {
        "year": 2019,
        "month": 10,
        "day": 19
      },
      "time": {
        "hour": 9,
        "minute": 0,
        "second": 13,
        "nano": 0
      }
    },
    "citySender": "Київ",
    "cityRecipient": "Черкаси"
  },
  {
    "number": 59000456069195,
    "dateTime": {
      "date": {
        "year": 2019,
        "month": 10,
        "day": 19
      },
      "time": {
        "hour": 9,
        "minute": 0,
        "second": 4,
        "nano": 0
      }
    },
    "citySender": "Лебедин (Сумська обл.)",
    "cityRecipient": "Степанці"
  },
  {
    "number": 59000456069196,
    "dateTime": {
      "date": {
        "year": 2019,
        "month": 10,
        "day": 19
      },
      "time": {
        "hour": 9,
        "minute": 0,
        "second": 20,
        "nano": 0
      }
    },
    "citySender": "Миколаїв",
    "cityRecipient": "Винники"
  },
  {
    "number": 59000456069197,
    "dateTime": {
      "date": {
        "year": 2019,
        "month": 10,
        "day": 19
      },
      "time": {
        "hour": 9,
        "minute": 0,
        "second": 12,
        "nano": 0
      }
    },
    "citySender": "Одеса",
    "cityRecipient": "Бердянськ"
  },
  {
    "number": 59000456069198,
    "dateTime": {
      "date": {
        "year": 2019,
        "month": 10,
        "day": 19
      },
      "time": {
        "hour": 8,
        "minute": 58,
        "second": 58,
        "nano": 0
      }
    },
    "citySender": "Київ",
    "cityRecipient": "Київ"
  },
  {
    "number": 59000456069199,
    "dateTime": {
      "date": {
        "year": 2019,
        "month": 10,
        "day": 19
      },
      "time": {
        "hour": 9,
        "minute": 0,
        "second": 29,
        "nano": 0
      }
    },
    "citySender": "Чернівці",
    "cityRecipient": "Вінниця"
  },
  {
    "number": 59000456069200,
    "dateTime": {
      "date": {
        "year": 2019,
        "month": 10,
        "day": 19
      },
      "time": {
        "hour": 8,
        "minute": 59,
        "second": 40,
        "nano": 0
      }
    },
    "citySender": "Черкаси",
    "cityRecipient": "Київ"
  },
  {
    "number": 59000456069201,
    "dateTime": {
      "date": {
        "year": 2019,
        "month": 10,
        "day": 19
      },
      "time": {
        "hour": 9,
        "minute": 0,
        "second": 17,
        "nano": 0
      }
    },
    "citySender": "Дрогобич",
    "cityRecipient": "Кам\u0027янка (Хмельницька обл.)"
  },
  {
    "number": 59000456069202,
    "dateTime": {
      "date": {
        "year": 2019,
        "month": 10,
        "day": 19
      },
      "time": {
        "hour": 9,
        "minute": 0,
        "second": 29,
        "nano": 0
      }
    },
    "citySender": "Київ",
    "cityRecipient": "Запоріжжя"
  }
]