[
  {
    "number": 59000456084796,
    "dateTime": {
      "date": {
        "year": 2019,
        "month": 10,
        "day": 19
      },
      "time": {
        "hour": 10,
        "minute": 10,
        "second": 53,
        "nano": 0
      }
    },
    "citySender": "Краматорськ",
    "cityRecipient": "Київ"
  },
  {
    "number": 59000456084797,
    "dateTime": {
      "date": {
        "year": 2019,
        "month": 10,
        "day": 19
      },
      "time": {
        "hour": 10,
        "minute": 6,
        "second": 40,
        "nano": 0
      }
    },
    "citySender": "Поляни",
    "cityRecipient": "Львів"
  },
  {
    "number": 59000456084798,
    "dateTime": {
      "date": {
        "year": 2019,
        "month": 10,
        "day": 19
      },
      "time": {
        "hour": 10,
        "minute": 10,
        "second": 24,
        "nano": 0
      }
    },
    "citySender": "Степанівка (Сумська обл.)",
    "cityRecipient": "Гуляйполе"
  },
  {
    "number": 59000456084799,
    "dateTime": {
      "date": {
        "year": 2019,
        "month": 10,
        "day": 19
      },
      "time": {
        "hour": 10,
        "minute": 10,
        "second": 48,
        "nano": 0
      }
    },
    "citySender": "Лисичанськ",
    "cityRecipient": "Дніпро"
  },
  {
    "number": 59000456084800,
    "dateTime": {
      "date": {
        "year": 2019,
        "month": 10,
        "day": 19
      },
      "time": {
        "hour": 10,
        "minute": 11,
        "second": 20,
        "nano": 0
      }
    },
    "citySender": "Знам\u0027янка (Кіровоградська обл.)",
    "cityRecipient": "Київ"
  },
  {
    "number": 59000456084802,
    "dateTime": {
      "date": {
        "year": 2019,
        "month": 10,
        "day": 19
      },
      "time": {
        "hour": 10,
        "minute": 10,
        "second": 43,
        "nano": 0
      }
    },
    "citySender": "Львів",
    "cityRecipient": "Київ"
  },
  {
    "number": 59000456084803,
    "dateTime": {
      "date": {
        "year": 2019,
        "month": 10,
        "day": 19
      },
      "time": {
        "hour": 10,
        "minute": 11,
        "second": 15,
        "nano": 0
      }
    },
    "citySender": "Лисичанськ",
    "cityRecipient": "Полтава"
  },
  {
    "number": 59000456084804,
    "dateTime": {
      "date": {
        "year": 2019,
        "month": 10,
        "day": 19
      },
      "time": {
        "hour": 10,
        "minute": 10,
        "second": 49,
        "nano": 0
      }
    },
    "citySender": "Одеса",
    "cityRecipient": "Харків"
  },
  {
    "number": 59000456084805,
    "dateTime": {
      "date": {
        "year": 2019,
        "month": 10,
        "day": 19
      },
      "time": {
        "hour": 10,
        "minute": 11,
        "second": 13,
        "nano": 0
      }
    },
    "citySender": "Одеса",
    "cityRecipient": "Дніпро"
  },
  {
    "number": 59000456084806,
    "dateTime": {
      "date": {
        "year": 2019,
        "month": 10,
        "day": 19
      },
      "time": {
        "hour": 10,
        "minute": 11,
        "second": 13,
        "nano": 0
      }
    },
    "citySender": "Ромни",
    "cityRecipient": "Київ"
  },
  {
    "number": 59000456084807,
    "dateTime": {
      "date": {
        "year": 2019,
        "month": 10,
        "day": 19
      },
      "time": {
        "hour": 10,
        "minute": 10,
        "second": 56,
        "nano": 0
      }
    },
    "citySender": "Сіверськ",
    "cityRecipient": "Чабани"
  },
  {
    "number": 59000456084808,
    "dateTime": {
      "date": {
        "year": 2019,
        "month": 10,
        "day": 19
      },
      "time": {
        "hour": 10,
        "minute": 11,
        "second": 1,
        "nano": 0
      }
    },
    "citySender": "Ужгород",
    "cityRecipient": "Мукачево"
  },
  {
    "number": 59000456084809,
    "dateTime": {
      "date": {
        "year": 2019,
        "month": 10,
        "day": 19
      },
      "time": {
        "hour": 10,
        "minute": 11,
        "second": 22,
        "nano": 0
      }
    },
    "citySender": "Рахни-Лісові",
    "cityRecipient": "Одеса"
  },
  {
    "number": 59000456084810,
    "dateTime": {
      "date": {
        "year": 2019,
        "month": 10,
        "day": 19
      },
      "time": {
        "hour": 10,
        "minute": 11,
        "second": 8,
        "nano": 0
      }
    },
    "citySender": "Львів",
    "cityRecipient": "Львів"
  },
  {
    "number": 59000456084811,
    "dateTime": {
      "date": {
        "year": 2019,
        "month": 10,
        "day": 19
      },
      "time": {
        "hour": 10,
        "minute": 11,
        "second": 7,
        "nano": 0
      }
    },
    "citySender": "Вишневе",
    "cityRecipient": "Дніпро"
  },
  {
    "number": 59000456084812,
    "dateTime": {
      "date": {
        "year": 2019,
        "month": 10,
        "day": 19
      },
      "time": {
        "hour": 10,
        "minute": 10,
        "second": 57,
        "nano": 0
      }
    },
    "citySender": "Семиполки",
    "cityRecipient": "Хмельницький"
  },
  {
    "number": 59000456084814,
    "dateTime": {
      "date": {
        "year": 2019,
        "month": 10,
        "day": 19
      },
      "time": {
        "hour": 10,
        "minute": 10,
        "second": 28,
        "nano": 0
      }
    },
    "citySender": "Каховка",
    "cityRecipient": "Черкаси"
  },
  {
    "number": 59000456084815,
    "dateTime": {
      "date": {
        "year": 2019,
        "month": 10,
        "day": 19
      },
      "time": {
        "hour": 10,
        "minute": 10,
        "second": 39,
        "nano": 0
      }
    },
    "citySender": "Мукачево",
    "cityRecipient": "Василівка (Запорізька обл.)"
  },
  {
    "number": 59000456084816,
    "dateTime": {
      "date": {
        "year": 2019,
        "month": 10,
        "day": 19
      },
      "time": {
        "hour": 10,
        "minute": 10,
        "second": 41,
        "nano": 0
      }
    },
    "citySender": "Ужгород",
    "cityRecipient": "Харків"
  },
  {
    "number": 59000456084818,
    "dateTime": {
      "date": {
        "year": 2019,
        "month": 10,
        "day": 19
      },
      "time": {
        "hour": 10,
        "minute": 11,
        "second": 20,
        "nano": 0
      }
    },
    "citySender": "Лопатин (Львівська обл.)",
    "cityRecipient": "Одеса"
  },
  {
    "number": 59000456084819,
    "dateTime": {
      "date": {
        "year": 2019,
        "month": 10,
        "day": 19
      },
      "time": {
        "hour": 10,
        "minute": 11,
        "second": 22,
        "nano": 0
      }
    },
    "citySender": "Благовіщенське(Кіровоградська обл.)",
    "cityRecipient": "Київ"
  },
  {
    "number": 59000456084820,
    "dateTime": {
      "date": {
        "year": 2019,
        "month": 10,
        "day": 19
      },
      "time": {
        "hour": 10,
        "minute": 10,
        "second": 50,
        "nano": 0
      }
    },
    "citySender": "Херсон",
    "cityRecipient": "Васильків"
  },
  {
    "number": 59000456084821,
    "dateTime": {
      "date": {
        "year": 2019,
        "month": 10,
        "day": 19
      },
      "time": {
        "hour": 10,
        "minute": 11,
        "second": 18,
        "nano": 0
      }
    },
    "citySender": "Побузьке",
    "cityRecipient": "Дніпро"
  },
  {
    "number": 59000456084822,
    "dateTime": {
      "date": {
        "year": 2019,
        "month": 10,
        "day": 19
      },
      "time": {
        "hour": 10,
        "minute": 10,
        "second": 39,
        "nano": 0
      }
    },
    "citySender": "Умань",
    "cityRecipient": "Харків"
  },
  {
    "number": 59000456084823,
    "dateTime": {
      "date": {
        "year": 2019,
        "month": 10,
        "day": 19
      },
      "time": {
        "hour": 10,
        "minute": 11,
        "second": 12,
        "nano": 0
      }
    },
    "citySender": "Коцюбинське",
    "cityRecipient": "Суми"
  },
  {
    "number": 59000456084824,
    "dateTime": {
      "date": {
        "year": 2019,
        "month": 10,
        "day": 19
      },
      "time": {
        "hour": 10,
        "minute": 10,
        "second": 45,
        "nano": 0
      }
    },
    "citySender": "Хмельницький",
    "cityRecipient": "Харків"
  },
  {
    "number": 59000456084825,
    "dateTime": {
      "date": {
        "year": 2019,
        "month": 10,
        "day": 19
      },
      "time": {
        "hour": 10,
        "minute": 11,
        "second": 8,
        "nano": 0
      }
    },
    "citySender": "Шишаки",
    "cityRecipient": "Львів"
  },
  {
    "number": 59000456084826,
    "dateTime": {
      "date": {
        "year": 2019,
        "month": 10,
        "day": 19
      },
      "time": {
        "hour": 10,
        "minute": 11,
        "second": 22,
        "nano": 0
      }
    },
    "citySender": "Покровське (Покровський р-н Дніпропетровська обл.)",
    "cityRecipient": "Вільшанка (Новоархангельський р-н)"
  },
  {
    "number": 59000456084828,
    "dateTime": {
      "date": {
        "year": 2019,
        "month": 10,
        "day": 19
      },
      "time": {
        "hour": 10,
        "minute": 10,
        "second": 58,
        "nano": 0
      }
    },
    "citySender": "Одеса",
    "cityRecipient": "Бровари"
  },
  {
    "number": 59000456084829,
    "dateTime": {
      "date": {
        "year": 2019,
        "month": 10,
        "day": 19
      },
      "time": {
        "hour": 10,
        "minute": 10,
        "second": 52,
        "nano": 0
      }
    },
    "citySender": "Житомир",
    "cityRecipient": "Вишневе"
  },
  {
    "number": 59000456084830,
    "dateTime": {
      "date": {
        "year": 2019,
        "month": 10,
        "day": 19
      },
      "time": {
        "hour": 10,
        "minute": 11,
        "second": 26,
        "nano": 0
      }
    },
    "citySender": "Херсон",
    "cityRecipient": "Бровари"
  },
  {
    "number": 59000456084831,
    "dateTime": {
      "date": {
        "year": 2019,
        "month": 10,
        "day": 19
      },
      "time": {
        "hour": 10,
        "minute": 11,
        "second": 10,
        "nano": 0
      }
    },
    "citySender": "Одеса",
    "cityRecipient": "Іванків (Іванківський р-н)"
  },
  {
    "number": 59000456084832,
    "dateTime": {
      "date": {
        "year": 2019,
        "month": 10,
        "day": 19
      },
      "time": {
        "hour": 10,
        "minute": 10,
        "second": 23,
        "nano": 0
      }
    },
    "citySender": "Умань",
    "cityRecipient": "Черкаси"
  },
  {
    "number": 59000456084833,
    "dateTime": {
      "date": {
        "year": 2019,
        "month": 10,
        "day": 19
      },
      "time": {
        "hour": 10,
        "minute": 10,
        "second": 33,
        "nano": 0
      }
    },
    "citySender": "Руська Лозова",
    "cityRecipient": "Київ"
  },
  {
    "number": 59000456084834,
    "dateTime": {
      "date": {
        "year": 2019,
        "month": 10,
        "day": 19
      },
      "time": {
        "hour": 10,
        "minute": 11,
        "second": 9,
        "nano": 0
      }
    },
    "citySender": "Бердянськ",
    "cityRecipient": "Курахове"
  },
  {
    "number": 59000456084835,
    "dateTime": {
      "date": {
        "year": 2019,
        "month": 10,
        "day": 19
      },
      "time": {
        "hour": 10,
        "minute": 11,
        "second": 17,
        "nano": 0
      }
    },
    "citySender": "Черкаси",
    "cityRecipient": "Івано-Франківськ"
  },
  {
    "number": 59000456084836,
    "dateTime": {
      "date": {
        "year": 2019,
        "month": 10,
        "day": 19
      },
      "time": {
        "hour": 10,
        "minute": 11,
        "second": 28,
        "nano": 0
      }
    },
    "citySender": "Біла Церква",
    "cityRecipient": "Лохвиця"
  },
  {
    "number": 59000456084837,
    "dateTime": {
      "date": {
        "year": 2019,
        "month": 10,
        "day": 19
      },
      "time": {
        "hour": 10,
        "minute": 11,
        "second": 6,
        "nano": 0
      }
    },
    "citySender": "Ясіня",
    "cityRecipient": "Калуш"
  },
  {
    "number": 59000456084838,
    "dateTime": {
      "date": {
        "year": 2019,
        "month": 10,
        "day": 19
      },
      "time": {
        "hour": 10,
        "minute": 11,
        "second": 1,
        "nano": 0
      }
    },
    "citySender": "Лебедин (Сумська обл.)",
    "cityRecipient": "Хмельницький"
  },
  {
    "number": 59000456084839,
    "dateTime": {
      "date": {
        "year": 2019,
        "month": 10,
        "day": 19
      },
      "time": {
        "hour": 10,
        "minute": 11,
        "second": 17,
        "nano": 0
      }
    },
    "citySender": "Тернопіль",
    "cityRecipient": "Заліщики"
  },
  {
    "number": 59000456084840,
    "dateTime": {
      "date": {
        "year": 2019,
        "month": 10,
        "day": 19
      },
      "time": {
        "hour": 10,
        "minute": 10,
        "second": 38,
        "nano": 0
      }
    },
    "citySender": "Біла Церква",
    "cityRecipient": "Миколаїв"
  },
  {
    "number": 59000456084841,
    "dateTime": {
      "date": {
        "year": 2019,
        "month": 10,
        "day": 19
      },
      "time": {
        "hour": 10,
        "minute": 10,
        "second": 28,
        "nano": 0
      }
    },
    "citySender": "Полтава",
    "cityRecipient": "Харків"
  },
  {
    "number": 59000456084842,
    "dateTime": {
      "date": {
        "year": 2019,
        "month": 10,
        "day": 19
      },
      "time": {
        "hour": 10,
        "minute": 10,
        "second": 30,
        "nano": 0
      }
    },
    "citySender": "Кам\u0027янка-Дніпровська (Запорізька обл.)",
    "cityRecipient": "Бровари"
  },
  {
    "number": 59000456084843,
    "dateTime": {
      "date": {
        "year": 2019,
        "month": 10,
        "day": 19
      },
      "time": {
        "hour": 10,
        "minute": 11,
        "second": 7,
        "nano": 0
      }
    },
    "citySender": "Київ",
    "cityRecipient": "Харків"
  },
  {
    "number": 59000456084844,
    "dateTime": {
      "date": {
        "year": 2019,
        "month": 10,
        "day": 19
      },
      "time": {
        "hour": 10,
        "minute": 11,
        "second": 31,
        "nano": 0
      }
    },
    "citySender": "Біла Церква",
    "cityRecipient": "Київ"
  },
  {
    "number": 59000456084845,
    "dateTime": {
      "date": {
        "year": 2019,
        "month": 10,
        "day": 19
      },
      "time": {
        "hour": 10,
        "minute": 11,
        "second": 22,
        "nano": 0
      }
    },
    "citySender": "Слов\u0027янськ",
    "cityRecipient": "Гаврилівка"
  },
  {
    "number": 59000456084846,
    "dateTime": {
      "date": {
        "year": 2019,
        "month": 10,
        "day": 19
      },
      "time": {
        "hour": 10,
        "minute": 11,
        "second": 21,
        "nano": 0
      }
    },
    "citySender": "Дрогобич",
    "cityRecipient": "Мельниця-Подільська (Тернопільська обл.)"
  },
  {
    "number": 59000456084848,
    "dateTime": {
      "date": {
        "year": 2019,
        "month": 10,
        "day": 19
      },
      "time": {
        "hour": 10,
        "minute": 11,
        "second": 11,
        "nano": 0
      }
    },
    "citySender": "Львів",
    "cityRecipient": "Тальне"
  },
  {
    "number": 59000456084849,
    "dateTime": {
      "date": {
        "year": 2019,
        "month": 10,
        "day": 19
      },
      "time": {
        "hour": 10,
        "minute": 9,
        "second": 42,
        "nano": 0
      }
    },
    "citySender": "Костянтинівка(Мелітоп.р-н,Запоріз.обл)",
    "cityRecipient": "Іванків (Іванківський р-н)"
  },
  {
    "number": 59000456084850,
    "dateTime": {
      "date": {
        "year": 2019,
        "month": 10,
        "day": 19
      },
      "time": {
        "hour": 10,
        "minute": 11,
        "second": 14,
        "nano": 0
      }
    },
    "citySender": "Добромиль",
    "cityRecipient": "Дніпро"
  },
  {
    "number": 59000456084851,
    "dateTime": {
      "date": {
        "year": 2019,
        "month": 10,
        "day": 19
      },
      "time": {
        "hour": 10,
        "minute": 11,
        "second": 30,
        "nano": 0
      }
    },
    "citySender": "Харків",
    "cityRecipient": "Київ"
  },
  {
    "number": 59000456084852,
    "dateTime": {
      "date": {
        "year": 2019,
        "month": 10,
        "day": 19
      },
      "time": {
        "hour": 10,
        "minute": 11,
        "second": 5,
        "nano": 0
      }
    },
    "citySender": "Бар",
    "cityRecipient": "Київ"
  },
  {
    "number": 59000456084853,
    "dateTime": {
      "date": {
        "year": 2019,
        "month": 10,
        "day": 19
      },
      "time": {
        "hour": 10,
        "minute": 11,
        "second": 33,
        "nano": 0
      }
    },
    "citySender": "Одеса",
    "cityRecipient": "Глеваха"
  },
  {
    "number": 59000456084854,
    "dateTime": {
      "date": {
        "year": 2019,
        "month": 10,
        "day": 19
      },
      "time": {
        "hour": 10,
        "minute": 11,
        "second": 33,
        "nano": 0
      }
    },
    "citySender": "Одеса",
    "cityRecipient": "Вільногірськ"
  },
  {
    "number": 59000456084855,
    "dateTime": {
      "date": {
        "year": 2019,
        "month": 10,
        "day": 19
      },
      "time": {
        "hour": 10,
        "minute": 11,
        "second": 14,
        "nano": 0
      }
    },
    "citySender": "Тернопіль",
    "cityRecipient": "Люботин"
  },
  {
    "number": 59000456084856,
    "dateTime": {
      "date": {
        "year": 2019,
        "month": 10,
        "day": 19
      },
      "time": {
        "hour": 10,
        "minute": 10,
        "second": 48,
        "nano": 0
      }
    },
    "citySender": "Луцьк",
    "cityRecipient": "Ужгород"
  },
  {
    "number": 59000456084857,
    "dateTime": {
      "date": {
        "year": 2019,
        "month": 10,
        "day": 19
      },
      "time": {
        "hour": 10,
        "minute": 11,
        "second": 29,
        "nano": 0
      }
    },
    "citySender": "Берегове",
    "cityRecipient": "Київ"
  },
  {
    "number": 59000456084858,
    "dateTime": {
      "date": {
        "year": 2019,
        "month": 10,
        "day": 19
      },
      "time": {
        "hour": 10,
        "minute": 11,
        "second": 19,
        "nano": 0
      }
    },
    "citySender": "Бурштин",
    "cityRecipient": "Київ"
  },
  {
    "number": 59000456084860,
    "dateTime": {
      "date": {
        "year": 2019,
        "month": 10,
        "day": 19
      },
      "time": {
        "hour": 10,
        "minute": 10,
        "second": 37,
        "nano": 0
      }
    },
    "citySender": "Добропілля",
    "cityRecipient": "Київ"
  },
  {
    "number": 59000456084861,
    "dateTime": {
      "date": {
        "year": 2019,
        "month": 10,
        "day": 19
      },
      "time": {
        "hour": 10,
        "minute": 11,
        "second": 27,
        "nano": 0
      }
    },
    "citySender": "Кривий Ріг",
    "cityRecipient": "Умань"
  },
  {
    "number": 59000456084862,
    "dateTime": {
      "date": {
        "year": 2019,
        "month": 10,
        "day": 19
      },
      "time": {
        "hour": 10,
        "minute": 10,
        "second": 49,
        "nano": 0
      }
    },
    "citySender": "Іванків (Іванківський р-н)",
    "cityRecipient": "Чернігів"
  },
  {
    "number": 59000456084863,
    "dateTime": {
      "date": {
        "year": 2019,
        "month": 10,
        "day": 19
      },
      "time": {
        "hour": 10,
        "minute": 9,
        "second": 54,
        "nano": 0
      }
    },
    "citySender": "Кривий Ріг",
    "cityRecipient": "Кривий Ріг"
  },
  {
    "number": 59000456084864,
    "dateTime": {
      "date": {
        "year": 2019,
        "month": 10,
        "day": 19
      },
      "time": {
        "hour": 10,
        "minute": 10,
        "second": 58,
        "nano": 0
      }
    },
    "citySender": "Вишнівець",
    "cityRecipient": "Одеса"
  },
  {
    "number": 59000456084866,
    "dateTime": {
      "date": {
        "year": 2019,
        "month": 10,
        "day": 19
      },
      "time": {
        "hour": 10,
        "minute": 11,
        "second": 37,
        "nano": 0
      }
    },
    "citySender": "Отинія",
    "cityRecipient": "Полтава"
  },
  {
    "number": 59000456084867,
    "dateTime": {
      "date": {
        "year": 2019,
        "month": 10,
        "day": 19
      },
      "time": {
        "hour": 10,
        "minute": 10,
        "second": 31,
        "nano": 0
      }
    },
    "citySender": "Рівне",
    "cityRecipient": "Дніпро"
  },
  {
    "number": 59000456084868,
    "dateTime": {
      "date": {
        "year": 2019,
        "month": 10,
        "day": 19
      },
      "time": {
        "hour": 10,
        "minute": 11,
        "second": 1,
        "nano": 0
      }
    },
    "citySender": "Тернопіль",
    "cityRecipient": "Мельниця-Подільська (Тернопільська обл.)"
  },
  {
    "number": 59000456084869,
    "dateTime": {
      "date": {
        "year": 2019,
        "month": 10,
        "day": 19
      },
      "time": {
        "hour": 10,
        "minute": 11,
        "second": 37,
        "nano": 0
      }
    },
    "citySender": "Горенка",
    "cityRecipient": "Кам\u0027янець-Подільський"
  },
  {
    "number": 59000456084870,
    "dateTime": {
      "date": {
        "year": 2019,
        "month": 10,
        "day": 19
      },
      "time": {
        "hour": 10,
        "minute": 11,
        "second": 17,
        "nano": 0
      }
    },
    "citySender": "Біла Церква",
    "cityRecipient": "Тернопіль"
  },
  {
    "number": 59000456084871,
    "dateTime": {
      "date": {
        "year": 2019,
        "month": 10,
        "day": 19
      },
      "time": {
        "hour": 10,
        "minute": 11,
        "second": 38,
        "nano": 0
      }
    },
    "citySender": "Баранівка",
    "cityRecipient": "Київ"
  },
  {
    "number": 59000456084872,
    "dateTime": {
      "date": {
        "year": 2019,
        "month": 10,
        "day": 19
      },
      "time": {
        "hour": 10,
        "minute": 11,
        "second": 26,
        "nano": 0
      }
    },
    "citySender": "Дніпро",
    "cityRecipient": "Першотравенськ (Дніпропетровська обл)"
  },
  {
    "number": 59000456084873,
    "dateTime": {
      "date": {
        "year": 2019,
        "month": 10,
        "day": 19
      },
      "time": {
        "hour": 10,
        "minute": 11,
        "second": 29,
        "nano": 0
      }
    },
    "citySender": "Харків",
    "cityRecipient": "Херсон"
  },
  {
    "number": 59000456084874,
    "dateTime": {
      "date": {
        "year": 2019,
        "month": 10,
        "day": 19
      },
      "time": {
        "hour": 10,
        "minute": 11,
        "second": 17,
        "nano": 0
      }
    },
    "citySender": "Іза",
    "cityRecipient": "Кропивницький"
  },
  {
    "number": 59000456084875,
    "dateTime": {
      "date": {
        "year": 2019,
        "month": 10,
        "day": 19
      },
      "time": {
        "hour": 10,
        "minute": 11,
        "second": 21,
        "nano": 0
      }
    },
    "citySender": "Кам\u0027янець-Подільський",
    "cityRecipient": "Пересадівка"
  },
  {
    "number": 59000456084876,
    "dateTime": {
      "date": {
        "year": 2019,
        "month": 10,
        "day": 19
      },
      "time": {
        "hour": 10,
        "minute": 11,
        "second": 39,
        "nano": 0
      }
    },
    "citySender": "Черкаси",
    "cityRecipient": "Львів"
  },
  {
    "number": 59000456084877,
    "dateTime": {
      "date": {
        "year": 2019,
        "month": 10,
        "day": 19
      },
      "time": {
        "hour": 10,
        "minute": 11,
        "second": 35,
        "nano": 0
      }
    },
    "citySender": "Київ",
    "cityRecipient": "Дрогобич"
  },
  {
    "number": 59000456084878,
    "dateTime": {
      "date": {
        "year": 2019,
        "month": 10,
        "day": 19
      },
      "time": {
        "hour": 10,
        "minute": 11,
        "second": 29,
        "nano": 0
      }
    },
    "citySender": "Львів",
    "cityRecipient": "Білозерка (Херсонська обл.)"
  },
  {
    "number": 59000456084879,
    "dateTime": {
      "date": {
        "year": 2019,
        "month": 10,
        "day": 19
      },
      "time": {
        "hour": 10,
        "minute": 11,
        "second": 29,
        "nano": 0
      }
    },
    "citySender": "Київ",
    "cityRecipient": "Козелець"
  },
  {
    "number": 59000456084880,
    "dateTime": {
      "date": {
        "year": 2019,
        "month": 10,
        "day": 19
      },
      "time": {
        "hour": 10,
        "minute": 11,
        "second": 40,
        "nano": 0
      }
    },
    "citySender": "Заболоття (Волинська обл.)",
    "cityRecipient": "Київ"
  },
  {
    "number": 59000456084881,
    "dateTime": {
      "date": {
        "year": 2019,
        "month": 10,
        "day": 19
      },
      "time": {
        "hour": 10,
        "minute": 11,
        "second": 22,
        "nano": 0
      }
    },
    "citySender": "Тернопіль",
    "cityRecipient": "Харків"
  },
  {
    "number": 59000456084882,
    "dateTime": {
      "date": {
        "year": 2019,
        "month": 10,
        "day": 19
      },
      "time": {
        "hour": 10,
        "minute": 11,
        "second": 31,
        "nano": 0
      }
    },
    "citySender": "Покровське (Покровський р-н Дніпропетровська обл.)",
    "cityRecipient": "Київ"
  },
  {
    "number": 59000456084883,
    "dateTime": {
      "date": {
        "year": 2019,
        "month": 10,
        "day": 19
      },
      "time": {
        "hour": 10,
        "minute": 11,
        "second": 10,
        "nano": 0
      }
    },
    "citySender": "Южноукраїнськ",
    "cityRecipient": "Умань"
  },
  {
    "number": 59000456084884,
    "dateTime": {
      "date": {
        "year": 2019,
        "month": 10,
        "day": 19
      },
      "time": {
        "hour": 10,
        "minute": 8,
        "second": 40,
        "nano": 0
      }
    },
    "citySender": "Іванковичі",
    "cityRecipient": "Славута"
  },
  {
    "number": 59000456084885,
    "dateTime": {
      "date": {
        "year": 2019,
        "month": 10,
        "day": 19
      },
      "time": {
        "hour": 10,
        "minute": 10,
        "second": 39,
        "nano": 0
      }
    },
    "citySender": "Ізяслав",
    "cityRecipient": "Київ"
  },
  {
    "number": 59000456084886,
    "dateTime": {
      "date": {
        "year": 2019,
        "month": 10,
        "day": 19
      },
      "time": {
        "hour": 10,
        "minute": 11,
        "second": 41,
        "nano": 0
      }
    },
    "citySender": "Вінниця",
    "cityRecipient": "Київ"
  },
  {
    "number": 59000456084887,
    "dateTime": {
      "date": {
        "year": 2019,
        "month": 10,
        "day": 19
      },
      "time": {
        "hour": 10,
        "minute": 11,
        "second": 42,
        "nano": 0
      }
    },
    "citySender": "Одеса",
    "cityRecipient": "Київ"
  },
  {
    "number": 59000456084888,
    "dateTime": {
      "date": {
        "year": 2019,
        "month": 10,
        "day": 19
      },
      "time": {
        "hour": 10,
        "minute": 10,
        "second": 46,
        "nano": 0
      }
    },
    "citySender": "Мелітополь",
    "cityRecipient": "Хотин"
  },
  {
    "number": 59000456084889,
    "dateTime": {
      "date": {
        "year": 2019,
        "month": 10,
        "day": 19
      },
      "time": {
        "hour": 10,
        "minute": 5,
        "second": 28,
        "nano": 0
      }
    },
    "citySender": "Кропивницький",
    "cityRecipient": "Одеса"
  },
  {
    "number": 59000456084890,
    "dateTime": {
      "date": {
        "year": 2019,
        "month": 10,
        "day": 19
      },
      "time": {
        "hour": 10,
        "minute": 11,
        "second": 43,
        "nano": 0
      }
    },
    "citySender": "Первомайськ(Микол.обл.Первомайс.р-н)",
    "cityRecipient": "Київ"
  },
  {
    "number": 59000456084891,
    "dateTime": {
      "date": {
        "year": 2019,
        "month": 10,
        "day": 19
      },
      "time": {
        "hour": 10,
        "minute": 11,
        "second": 24,
        "nano": 0
      }
    },
    "citySender": "Хуст",
    "cityRecipient": "Одеса"
  },
  {
    "number": 59000456084892,
    "dateTime": {
      "date": {
        "year": 2019,
        "month": 10,
        "day": 19
      },
      "time": {
        "hour": 10,
        "minute": 11,
        "second": 13,
        "nano": 0
      }
    },
    "citySender": "Тульчин",
    "cityRecipient": "Тернопіль"
  },
  {
    "number": 59000456084893,
    "dateTime": {
      "date": {
        "year": 2019,
        "month": 10,
        "day": 19
      },
      "time": {
        "hour": 10,
        "minute": 11,
        "second": 6,
        "nano": 0
      }
    },
    "citySender": "Івано-Франківськ",
    "cityRecipient": "Кам\u0027янець-Подільський"
  },
  {
    "number": 59000456084894,
    "dateTime": {
      "date": {
        "year": 2019,
        "month": 10,
        "day": 19
      },
      "time": {
        "hour": 10,
        "minute": 11,
        "second": 8,
        "nano": 0
      }
    },
    "citySender": "Бровари",
    "cityRecipient": "Харків"
  },
  {
    "number": 59000456084895,
    "dateTime": {
      "date": {
        "year": 2019,
        "month": 10,
        "day": 19
      },
      "time": {
        "hour": 10,
        "minute": 11,
        "second": 40,
        "nano": 0
      }
    },
    "citySender": "Одеса",
    "cityRecipient": "Одеса"
  }
]