[
  {
    "number": 59000456073499,
    "dateTime": {
      "date": {
        "year": 2019,
        "month": 10,
        "day": 19
      },
      "time": {
        "hour": 9,
        "minute": 17,
        "second": 59,
        "nano": 0
      }
    },
    "citySender": "Брошнів-Осада",
    "cityRecipient": "Дніпро"
  },
  {
    "number": 59000456073500,
    "dateTime": {
      "date": {
        "year": 2019,
        "month": 10,
        "day": 19
      },
      "time": {
        "hour": 9,
        "minute": 18,
        "second": 7,
        "nano": 0
      }
    },
    "citySender": "Миколаїв",
    "cityRecipient": "Одеса"
  },
  {
    "number": 59000456073501,
    "dateTime": {
      "date": {
        "year": 2019,
        "month": 10,
        "day": 19
      },
      "time": {
        "hour": 9,
        "minute": 17,
        "second": 58,
        "nano": 0
      }
    },
    "citySender": "Рівне",
    "cityRecipient": "Чернівці"
  },
  {
    "number": 59000456073502,
    "dateTime": {
      "date": {
        "year": 2019,
        "month": 10,
        "day": 19
      },
      "time": {
        "hour": 9,
        "minute": 17,
        "second": 5,
        "nano": 0
      }
    },
    "citySender": "Гнівань",
    "cityRecipient": "Суми"
  },
  {
    "number": 59000456073503,
    "dateTime": {
      "date": {
        "year": 2019,
        "month": 10,
        "day": 19
      },
      "time": {
        "hour": 9,
        "minute": 17,
        "second": 43,
        "nano": 0
      }
    },
    "citySender": "Маріуполь",
    "cityRecipient": "Рубіжне"
  },
  {
    "number": 59000456073504,
    "dateTime": {
      "date": {
        "year": 2019,
        "month": 10,
        "day": 19
      },
      "time": {
        "hour": 9,
        "minute": 18,
        "second": 7,
        "nano": 0
      }
    },
    "citySender": "Луцьк",
    "cityRecipient": "Київ"
  },
  {
    "number": 59000456073505,
    "dateTime": {
      "date": {
        "year": 2019,
        "month": 10,
        "day": 19
      },
      "time": {
        "hour": 9,
        "minute": 18,
        "second": 1,
        "nano": 0
      }
    },
    "citySender": "Київ",
    "cityRecipient": "Маріуполь"
  },
  {
    "number": 59000456073506,
    "dateTime": {
      "date": {
        "year": 2019,
        "month": 10,
        "day": 19
      },
      "time": {
        "hour": 9,
        "minute": 17,
        "second": 36,
        "nano": 0
      }
    },
    "citySender": "Богодухів",
    "cityRecipient": "Київ"
  },
  {
    "number": 59000456073507,
    "dateTime": {
      "date": {
        "year": 2019,
        "month": 10,
        "day": 19
      },
      "time": {
        "hour": 9,
        "minute": 18,
        "second": 8,
        "nano": 0
      }
    },
    "citySender": "Циркуни",
    "cityRecipient": "Хмельницький"
  },
  {
    "number": 59000456073508,
    "dateTime": {
      "date": {
        "year": 2019,
        "month": 10,
        "day": 19
      },
      "time": {
        "hour": 9,
        "minute": 17,
        "second": 41,
        "nano": 0
      }
    },
    "citySender": "Білозерка (Херсонська обл.)",
    "cityRecipient": "Звенигородка"
  },
  {
    "number": 59000456073509,
    "dateTime": {
      "date": {
        "year": 2019,
        "month": 10,
        "day": 19
      },
      "time": {
        "hour": 9,
        "minute": 17,
        "second": 10,
        "nano": 0
      }
    },
    "citySender": "Мирноград",
    "cityRecipient": "Краматорськ"
  },
  {
    "number": 59000456073510,
    "dateTime": {
      "date": {
        "year": 2019,
        "month": 10,
        "day": 19
      },
      "time": {
        "hour": 9,
        "minute": 17,
        "second": 38,
        "nano": 0
      }
    },
    "citySender": "Івано-Франкове",
    "cityRecipient": "Красне (Львівська обл.)"
  },
  {
    "number": 59000456073511,
    "dateTime": {
      "date": {
        "year": 2019,
        "month": 10,
        "day": 19
      },
      "time": {
        "hour": 9,
        "minute": 17,
        "second": 30,
        "nano": 0
      }
    },
    "citySender": "Дніпро",
    "cityRecipient": "Київ"
  },
  {
    "number": 59000456073512,
    "dateTime": {
      "date": {
        "year": 2019,
        "month": 10,
        "day": 19
      },
      "time": {
        "hour": 9,
        "minute": 17,
        "second": 59,
        "nano": 0
      }
    },
    "citySender": "Сєвєродонецьк",
    "cityRecipient": "Харків"
  },
  {
    "number": 59000456073513,
    "dateTime": {
      "date": {
        "year": 2019,
        "month": 10,
        "day": 19
      },
      "time": {
        "hour": 9,
        "minute": 18,
        "second": 8,
        "nano": 0
      }
    },
    "citySender": "Чугуїв",
    "cityRecipient": "Чернігів"
  },
  {
    "number": 59000456073514,
    "dateTime": {
      "date": {
        "year": 2019,
        "month": 10,
        "day": 19
      },
      "time": {
        "hour": 9,
        "minute": 18,
        "second": 3,
        "nano": 0
      }
    },
    "citySender": "Малин",
    "cityRecipient": "Оріхів"
  },
  {
    "number": 59000456073515,
    "dateTime": {
      "date": {
        "year": 2019,
        "month": 10,
        "day": 19
      },
      "time": {
        "hour": 9,
        "minute": 18,
        "second": 10,
        "nano": 0
      }
    },
    "citySender": "Тернівка",
    "cityRecipient": "Одеса"
  },
  {
    "number": 59000456073516,
    "dateTime": {
      "date": {
        "year": 2019,
        "month": 10,
        "day": 19
      },
      "time": {
        "hour": 9,
        "minute": 17,
        "second": 40,
        "nano": 0
      }
    },
    "citySender": "Жашків",
    "cityRecipient": "Станиця Луганська"
  },
  {
    "number": 59000456073517,
    "dateTime": {
      "date": {
        "year": 2019,
        "month": 10,
        "day": 19
      },
      "time": {
        "hour": 9,
        "minute": 17,
        "second": 56,
        "nano": 0
      }
    },
    "citySender": "Київ",
    "cityRecipient": "Одеса"
  },
  {
    "number": 59000456073520,
    "dateTime": {
      "date": {
        "year": 2019,
        "month": 10,
        "day": 19
      },
      "time": {
        "hour": 9,
        "minute": 16,
        "second": 1,
        "nano": 0
      }
    },
    "citySender": "Тучин",
    "cityRecipient": "Київ"
  },
  {
    "number": 59000456073521,
    "dateTime": {
      "date": {
        "year": 2019,
        "month": 10,
        "day": 19
      },
      "time": {
        "hour": 9,
        "minute": 17,
        "second": 44,
        "nano": 0
      }
    },
    "citySender": "Велика Новосілка",
    "cityRecipient": "Фонтанка"
  },
  {
    "number": 59000456073522,
    "dateTime": {
      "date": {
        "year": 2019,
        "month": 10,
        "day": 19
      },
      "time": {
        "hour": 9,
        "minute": 17,
        "second": 20,
        "nano": 0
      }
    },
    "citySender": "Одеса",
    "cityRecipient": "Харків"
  },
  {
    "number": 59000456073523,
    "dateTime": {
      "date": {
        "year": 2019,
        "month": 10,
        "day": 19
      },
      "time": {
        "hour": 9,
        "minute": 16,
        "second": 59,
        "nano": 0
      }
    },
    "citySender": "Дніпро",
    "cityRecipient": "Київ"
  },
  {
    "number": 59000456073524,
    "dateTime": {
      "date": {
        "year": 2019,
        "month": 10,
        "day": 19
      },
      "time": {
        "hour": 9,
        "minute": 17,
        "second": 57,
        "nano": 0
      }
    },
    "citySender": "Лохвиця",
    "cityRecipient": "Київ"
  },
  {
    "number": 59000456073525,
    "dateTime": {
      "date": {
        "year": 2019,
        "month": 10,
        "day": 19
      },
      "time": {
        "hour": 9,
        "minute": 17,
        "second": 23,
        "nano": 0
      }
    },
    "citySender": "Воловець",
    "cityRecipient": "Київ"
  },
  {
    "number": 59000456073526,
    "dateTime": {
      "date": {
        "year": 2019,
        "month": 10,
        "day": 19
      },
      "time": {
        "hour": 9,
        "minute": 18,
        "second": 11,
        "nano": 0
      }
    },
    "citySender": "Запоріжжя",
    "cityRecipient": "Вінниця"
  },
  {
    "number": 59000456073527,
    "dateTime": {
      "date": {
        "year": 2019,
        "month": 10,
        "day": 19
      },
      "time": {
        "hour": 9,
        "minute": 18,
        "second": 12,
        "nano": 0
      }
    },
    "citySender": "Меджибіж",
    "cityRecipient": "Харків"
  },
  {
    "number": 59000456073528,
    "dateTime": {
      "date": {
        "year": 2019,
        "month": 10,
        "day": 19
      },
      "time": {
        "hour": 9,
        "minute": 17,
        "second": 57,
        "nano": 0
      }
    },
    "citySender": "Пісочин",
    "cityRecipient": "Київ"
  },
  {
    "number": 59000456073529,
    "dateTime": {
      "date": {
        "year": 2019,
        "month": 10,
        "day": 19
      },
      "time": {
        "hour": 9,
        "minute": 16,
        "second": 51,
        "nano": 0
      }
    },
    "citySender": "Білокуракине",
    "cityRecipient": "Кривий Ріг"
  },
  {
    "number": 59000456073530,
    "dateTime": {
      "date": {
        "year": 2019,
        "month": 10,
        "day": 19
      },
      "time": {
        "hour": 9,
        "minute": 18,
        "second": 7,
        "nano": 0
      }
    },
    "citySender": "Вінницькі Хутори",
    "cityRecipient": "Боярка"
  },
  {
    "number": 59000456073531,
    "dateTime": {
      "date": {
        "year": 2019,
        "month": 10,
        "day": 19
      },
      "time": {
        "hour": 9,
        "minute": 17,
        "second": 48,
        "nano": 0
      }
    },
    "citySender": "Кривий Ріг",
    "cityRecipient": "Дніпро"
  },
  {
    "number": 59000456073532,
    "dateTime": {
      "date": {
        "year": 2019,
        "month": 10,
        "day": 19
      },
      "time": {
        "hour": 9,
        "minute": 17,
        "second": 56,
        "nano": 0
      }
    },
    "citySender": "Миронівка",
    "cityRecipient": "Житомир"
  },
  {
    "number": 59000456073533,
    "dateTime": {
      "date": {
        "year": 2019,
        "month": 10,
        "day": 19
      },
      "time": {
        "hour": 9,
        "minute": 17,
        "second": 19,
        "nano": 0
      }
    },
    "citySender": "Вінниця",
    "cityRecipient": "Могилів-Подільський"
  },
  {
    "number": 59000456073534,
    "dateTime": {
      "date": {
        "year": 2019,
        "month": 10,
        "day": 19
      },
      "time": {
        "hour": 9,
        "minute": 17,
        "second": 50,
        "nano": 0
      }
    },
    "citySender": "Білозерка (Херсонська обл.)",
    "cityRecipient": "Дніпро"
  },
  {
    "number": 59000456073535,
    "dateTime": {
      "date": {
        "year": 2019,
        "month": 10,
        "day": 19
      },
      "time": {
        "hour": 9,
        "minute": 18,
        "second": 2,
        "nano": 0
      }
    },
    "citySender": "Запоріжжя",
    "cityRecipient": "Охтирка"
  },
  {
    "number": 59000456073536,
    "dateTime": {
      "date": {
        "year": 2019,
        "month": 10,
        "day": 19
      },
      "time": {
        "hour": 9,
        "minute": 18,
        "second": 13,
        "nano": 0
      }
    },
    "citySender": "Гончарівське",
    "cityRecipient": "Вільне (Криворізький р-н)"
  },
  {
    "number": 59000456073537,
    "dateTime": {
      "date": {
        "year": 2019,
        "month": 10,
        "day": 19
      },
      "time": {
        "hour": 9,
        "minute": 17,
        "second": 25,
        "nano": 0
      }
    },
    "citySender": "Тячів",
    "cityRecipient": "Підбуж"
  },
  {
    "number": 59000456073538,
    "dateTime": {
      "date": {
        "year": 2019,
        "month": 10,
        "day": 19
      },
      "time": {
        "hour": 9,
        "minute": 18,
        "second": 13,
        "nano": 0
      }
    },
    "citySender": "Диканька",
    "cityRecipient": "Сокаль"
  },
  {
    "number": 59000456073539,
    "dateTime": {
      "date": {
        "year": 2019,
        "month": 10,
        "day": 19
      },
      "time": {
        "hour": 9,
        "minute": 17,
        "second": 58,
        "nano": 0
      }
    },
    "citySender": "Павлоград",
    "cityRecipient": "Кам\u0027янське(Дніпропетровська обл)"
  },
  {
    "number": 59000456073540,
    "dateTime": {
      "date": {
        "year": 2019,
        "month": 10,
        "day": 19
      },
      "time": {
        "hour": 9,
        "minute": 17,
        "second": 15,
        "nano": 0
      }
    },
    "citySender": "Авдіївка (Донецька обл.)",
    "cityRecipient": "Суми"
  },
  {
    "number": 59000456073541,
    "dateTime": {
      "date": {
        "year": 2019,
        "month": 10,
        "day": 19
      },
      "time": {
        "hour": 9,
        "minute": 18,
        "second": 11,
        "nano": 0
      }
    },
    "citySender": "Урзуф",
    "cityRecipient": "Київ"
  },
  {
    "number": 59000456073542,
    "dateTime": {
      "date": {
        "year": 2019,
        "month": 10,
        "day": 19
      },
      "time": {
        "hour": 9,
        "minute": 18,
        "second": 11,
        "nano": 0
      }
    },
    "citySender": "Скадовськ",
    "cityRecipient": "Дніпро"
  },
  {
    "number": 59000456073543,
    "dateTime": {
      "date": {
        "year": 2019,
        "month": 10,
        "day": 19
      },
      "time": {
        "hour": 9,
        "minute": 17,
        "second": 57,
        "nano": 0
      }
    },
    "citySender": "Ужгород",
    "cityRecipient": "Київ"
  },
  {
    "number": 59000456073544,
    "dateTime": {
      "date": {
        "year": 2019,
        "month": 10,
        "day": 19
      },
      "time": {
        "hour": 9,
        "minute": 16,
        "second": 11,
        "nano": 0
      }
    },
    "citySender": "Бердянськ",
    "cityRecipient": "Одеса"
  },
  {
    "number": 59000456073545,
    "dateTime": {
      "date": {
        "year": 2019,
        "month": 10,
        "day": 19
      },
      "time": {
        "hour": 9,
        "minute": 18,
        "second": 14,
        "nano": 0
      }
    },
    "citySender": "Южноукраїнськ",
    "cityRecipient": "Одеса"
  },
  {
    "number": 59000456073546,
    "dateTime": {
      "date": {
        "year": 2019,
        "month": 10,
        "day": 19
      },
      "time": {
        "hour": 9,
        "minute": 18,
        "second": 3,
        "nano": 0
      }
    },
    "citySender": "Переяслав-Хмельницький",
    "cityRecipient": "Кременчук"
  },
  {
    "number": 59000456073547,
    "dateTime": {
      "date": {
        "year": 2019,
        "month": 10,
        "day": 19
      },
      "time": {
        "hour": 9,
        "minute": 18,
        "second": 14,
        "nano": 0
      }
    },
    "citySender": "Середнє Водяне",
    "cityRecipient": "Київ"
  },
  {
    "number": 59000456073548,
    "dateTime": {
      "date": {
        "year": 2019,
        "month": 10,
        "day": 19
      },
      "time": {
        "hour": 9,
        "minute": 17,
        "second": 34,
        "nano": 0
      }
    },
    "citySender": "Снятин",
    "cityRecipient": "Полонне"
  },
  {
    "number": 59000456073549,
    "dateTime": {
      "date": {
        "year": 2019,
        "month": 10,
        "day": 19
      },
      "time": {
        "hour": 9,
        "minute": 18,
        "second": 13,
        "nano": 0
      }
    },
    "citySender": "Рівне",
    "cityRecipient": "Київ"
  },
  {
    "number": 59000456073550,
    "dateTime": {
      "date": {
        "year": 2019,
        "month": 10,
        "day": 19
      },
      "time": {
        "hour": 9,
        "minute": 18,
        "second": 14,
        "nano": 0
      }
    },
    "citySender": "Павлоград",
    "cityRecipient": "Дніпро"
  },
  {
    "number": 59000456073551,
    "dateTime": {
      "date": {
        "year": 2019,
        "month": 10,
        "day": 19
      },
      "time": {
        "hour": 9,
        "minute": 17,
        "second": 28,
        "nano": 0
      }
    },
    "citySender": "Косів",
    "cityRecipient": "Маріуполь"
  },
  {
    "number": 59000456073552,
    "dateTime": {
      "date": {
        "year": 2019,
        "month": 10,
        "day": 19
      },
      "time": {
        "hour": 9,
        "minute": 18,
        "second": 9,
        "nano": 0
      }
    },
    "citySender": "Львів",
    "cityRecipient": "Львів"
  },
  {
    "number": 59000456073553,
    "dateTime": {
      "date": {
        "year": 2019,
        "month": 10,
        "day": 19
      },
      "time": {
        "hour": 9,
        "minute": 17,
        "second": 56,
        "nano": 0
      }
    },
    "citySender": "Дніпро",
    "cityRecipient": "Кам\u0027янське(Дніпропетровська обл)"
  },
  {
    "number": 59000456073554,
    "dateTime": {
      "date": {
        "year": 2019,
        "month": 10,
        "day": 19
      },
      "time": {
        "hour": 9,
        "minute": 14,
        "second": 54,
        "nano": 0
      }
    },
    "citySender": "Кам\u0027янка-Дніпровська (Запорізька обл.)",
    "cityRecipient": "Запоріжжя"
  },
  {
    "number": 59000456073555,
    "dateTime": {
      "date": {
        "year": 2019,
        "month": 10,
        "day": 19
      },
      "time": {
        "hour": 9,
        "minute": 16,
        "second": 59,
        "nano": 0
      }
    },
    "citySender": "Родинське",
    "cityRecipient": "Дніпро"
  },
  {
    "number": 59000456073556,
    "dateTime": {
      "date": {
        "year": 2019,
        "month": 10,
        "day": 19
      },
      "time": {
        "hour": 9,
        "minute": 18,
        "second": 17,
        "nano": 0
      }
    },
    "citySender": "Черкаси",
    "cityRecipient": "Львів"
  },
  {
    "number": 59000456073557,
    "dateTime": {
      "date": {
        "year": 2019,
        "month": 10,
        "day": 19
      },
      "time": {
        "hour": 9,
        "minute": 18,
        "second": 7,
        "nano": 0
      }
    },
    "citySender": "Кривий Ріг",
    "cityRecipient": "Полтава"
  },
  {
    "number": 59000456073558,
    "dateTime": {
      "date": {
        "year": 2019,
        "month": 10,
        "day": 19
      },
      "time": {
        "hour": 9,
        "minute": 17,
        "second": 53,
        "nano": 0
      }
    },
    "citySender": "Любашівка",
    "cityRecipient": "Маріуполь"
  },
  {
    "number": 59000456073559,
    "dateTime": {
      "date": {
        "year": 2019,
        "month": 10,
        "day": 19
      },
      "time": {
        "hour": 9,
        "minute": 17,
        "second": 18,
        "nano": 0
      }
    },
    "citySender": "Моршин",
    "cityRecipient": "Угринів (Тисменицький р-н., Івано-Франк. обл.)"
  },
  {
    "number": 59000456073560,
    "dateTime": {
      "date": {
        "year": 2019,
        "month": 10,
        "day": 19
      },
      "time": {
        "hour": 9,
        "minute": 18,
        "second": 13,
        "nano": 0
      }
    },
    "citySender": "Київ",
    "cityRecipient": "Каховка"
  },
  {
    "number": 59000456073561,
    "dateTime": {
      "date": {
        "year": 2019,
        "month": 10,
        "day": 19
      },
      "time": {
        "hour": 9,
        "minute": 17,
        "second": 22,
        "nano": 0
      }
    },
    "citySender": "Первомайський (Харківська обл.)",
    "cityRecipient": "Чорноморськ"
  },
  {
    "number": 59000456073562,
    "dateTime": {
      "date": {
        "year": 2019,
        "month": 10,
        "day": 19
      },
      "time": {
        "hour": 9,
        "minute": 18,
        "second": 8,
        "nano": 0
      }
    },
    "citySender": "Олевськ",
    "cityRecipient": "Херсон"
  },
  {
    "number": 59000456073563,
    "dateTime": {
      "date": {
        "year": 2019,
        "month": 10,
        "day": 19
      },
      "time": {
        "hour": 9,
        "minute": 18,
        "second": 4,
        "nano": 0
      }
    },
    "citySender": "Бабинці",
    "cityRecipient": "Житомир"
  },
  {
    "number": 59000456073564,
    "dateTime": {
      "date": {
        "year": 2019,
        "month": 10,
        "day": 19
      },
      "time": {
        "hour": 9,
        "minute": 17,
        "second": 26,
        "nano": 0
      }
    },
    "citySender": "Ужгород",
    "cityRecipient": "Стрижавка"
  },
  {
    "number": 59000456073565,
    "dateTime": {
      "date": {
        "year": 2019,
        "month": 10,
        "day": 19
      },
      "time": {
        "hour": 9,
        "minute": 18,
        "second": 19,
        "nano": 0
      }
    },
    "citySender": "Нове Давидково",
    "cityRecipient": "Кам\u0027янець-Подільський"
  },
  {
    "number": 59000456073566,
    "dateTime": {
      "date": {
        "year": 2019,
        "month": 10,
        "day": 19
      },
      "time": {
        "hour": 9,
        "minute": 18,
        "second": 19,
        "nano": 0
      }
    },
    "citySender": "Синельникове",
    "cityRecipient": "Чернігів"
  },
  {
    "number": 59000456073567,
    "dateTime": {
      "date": {
        "year": 2019,
        "month": 10,
        "day": 19
      },
      "time": {
        "hour": 9,
        "minute": 18,
        "second": 20,
        "nano": 0
      }
    },
    "citySender": "Калинівка (Вінницька обл., Калинівський р-н)",
    "cityRecipient": "Львів"
  },
  {
    "number": 59000456073568,
    "dateTime": {
      "date": {
        "year": 2019,
        "month": 10,
        "day": 19
      },
      "time": {
        "hour": 9,
        "minute": 17,
        "second": 48,
        "nano": 0
      }
    },
    "citySender": "Кропивницький",
    "cityRecipient": "Київ"
  },
  {
    "number": 59000456073569,
    "dateTime": {
      "date": {
        "year": 2019,
        "month": 10,
        "day": 19
      },
      "time": {
        "hour": 9,
        "minute": 17,
        "second": 58,
        "nano": 0
      }
    },
    "citySender": "Черкаси",
    "cityRecipient": "Чернігів"
  },
  {
    "number": 59000456073570,
    "dateTime": {
      "date": {
        "year": 2019,
        "month": 10,
        "day": 19
      },
      "time": {
        "hour": 9,
        "minute": 18,
        "second": 15,
        "nano": 0
      }
    },
    "citySender": "Харків",
    "cityRecipient": "Харків"
  },
  {
    "number": 59000456073571,
    "dateTime": {
      "date": {
        "year": 2019,
        "month": 10,
        "day": 19
      },
      "time": {
        "hour": 9,
        "minute": 17,
        "second": 24,
        "nano": 0
      }
    },
    "citySender": "Вараш",
    "cityRecipient": "Самбір"
  },
  {
    "number": 59000456073572,
    "dateTime": {
      "date": {
        "year": 2019,
        "month": 10,
        "day": 19
      },
      "time": {
        "hour": 9,
        "minute": 18,
        "second": 1,
        "nano": 0
      }
    },
    "citySender": "Кривий Ріг",
    "cityRecipient": "Дніпро"
  },
  {
    "number": 59000456073573,
    "dateTime": {
      "date": {
        "year": 2019,
        "month": 10,
        "day": 19
      },
      "time": {
        "hour": 9,
        "minute": 18,
        "second": 3,
        "nano": 0
      }
    },
    "citySender": "Володарка",
    "cityRecipient": "Львів"
  },
  {
    "number": 59000456073574,
    "dateTime": {
      "date": {
        "year": 2019,
        "month": 10,
        "day": 19
      },
      "time": {
        "hour": 9,
        "minute": 18,
        "second": 22,
        "nano": 0
      }
    },
    "citySender": "Тернівка",
    "cityRecipient": "Одеса"
  },
  {
    "number": 59000456073575,
    "dateTime": {
      "date": {
        "year": 2019,
        "month": 10,
        "day": 19
      },
      "time": {
        "hour": 9,
        "minute": 17,
        "second": 36,
        "nano": 0
      }
    },
    "citySender": "Комишуваха",
    "cityRecipient": "Косів"
  },
  {
    "number": 59000456073576,
    "dateTime": {
      "date": {
        "year": 2019,
        "month": 10,
        "day": 19
      },
      "time": {
        "hour": 9,
        "minute": 17,
        "second": 55,
        "nano": 0
      }
    },
    "citySender": "Марківка",
    "cityRecipient": "Полтава"
  },
  {
    "number": 59000456073577,
    "dateTime": {
      "date": {
        "year": 2019,
        "month": 10,
        "day": 19
      },
      "time": {
        "hour": 9,
        "minute": 17,
        "second": 56,
        "nano": 0
      }
    },
    "citySender": "Миронівка",
    "cityRecipient": "Вишневе"
  },
  {
    "number": 59000456073578,
    "dateTime": {
      "date": {
        "year": 2019,
        "month": 10,
        "day": 19
      },
      "time": {
        "hour": 9,
        "minute": 17,
        "second": 47,
        "nano": 0
      }
    },
    "citySender": "Луцьк",
    "cityRecipient": "Львів"
  },
  {
    "number": 59000456073579,
    "dateTime": {
      "date": {
        "year": 2019,
        "month": 10,
        "day": 19
      },
      "time": {
        "hour": 9,
        "minute": 18,
        "second": 22,
        "nano": 0
      }
    },
    "citySender": "Кам\u0027янське(Дніпропетровська обл)",
    "cityRecipient": "Ківшарівка"
  },
  {
    "number": 59000456073580,
    "dateTime": {
      "date": {
        "year": 2019,
        "month": 10,
        "day": 19
      },
      "time": {
        "hour": 9,
        "minute": 18,
        "second": 9,
        "nano": 0
      }
    },
    "citySender": "Христинівка",
    "cityRecipient": "Київ"
  },
  {
    "number": 59000456073581,
    "dateTime": {
      "date": {
        "year": 2019,
        "month": 10,
        "day": 19
      },
      "time": {
        "hour": 9,
        "minute": 15,
        "second": 43,
        "nano": 0
      }
    },
    "citySender": "Запоріжжя",
    "cityRecipient": "Фонтанка"
  },
  {
    "number": 59000456073582,
    "dateTime": {
      "date": {
        "year": 2019,
        "month": 10,
        "day": 19
      },
      "time": {
        "hour": 9,
        "minute": 17,
        "second": 59,
        "nano": 0
      }
    },
    "citySender": "Сміла",
    "cityRecipient": "Дніпро"
  },
  {
    "number": 59000456073583,
    "dateTime": {
      "date": {
        "year": 2019,
        "month": 10,
        "day": 19
      },
      "time": {
        "hour": 9,
        "minute": 17,
        "second": 47,
        "nano": 0
      }
    },
    "citySender": "Харків",
    "cityRecipient": "Костянтинівка (Донецька обл.)"
  },
  {
    "number": 59000456073584,
    "dateTime": {
      "date": {
        "year": 2019,
        "month": 10,
        "day": 19
      },
      "time": {
        "hour": 9,
        "minute": 18,
        "second": 15,
        "nano": 0
      }
    },
    "citySender": "Київ",
    "cityRecipient": "Куликівка"
  },
  {
    "number": 59000456073585,
    "dateTime": {
      "date": {
        "year": 2019,
        "month": 10,
        "day": 19
      },
      "time": {
        "hour": 9,
        "minute": 18,
        "second": 2,
        "nano": 0
      }
    },
    "citySender": "Кремінна",
    "cityRecipient": "Київ"
  },
  {
    "number": 59000456073587,
    "dateTime": {
      "date": {
        "year": 2019,
        "month": 10,
        "day": 19
      },
      "time": {
        "hour": 9,
        "minute": 18,
        "second": 24,
        "nano": 0
      }
    },
    "citySender": "Новомиколаївка (Запорізька обл.)",
    "cityRecipient": "Київ"
  },
  {
    "number": 59000456073588,
    "dateTime": {
      "date": {
        "year": 2019,
        "month": 10,
        "day": 19
      },
      "time": {
        "hour": 9,
        "minute": 18,
        "second": 24,
        "nano": 0
      }
    },
    "citySender": "Чернігів",
    "cityRecipient": "Київ"
  },
  {
    "number": 59000456073589,
    "dateTime": {
      "date": {
        "year": 2019,
        "month": 10,
        "day": 19
      },
      "time": {
        "hour": 9,
        "minute": 18,
        "second": 24,
        "nano": 0
      }
    },
    "citySender": "Пісочин",
    "cityRecipient": "Одеса"
  },
  {
    "number": 59000456073590,
    "dateTime": {
      "date": {
        "year": 2019,
        "month": 10,
        "day": 19
      },
      "time": {
        "hour": 9,
        "minute": 17,
        "second": 7,
        "nano": 0
      }
    },
    "citySender": "Мелітополь",
    "cityRecipient": "Пісочин"
  },
  {
    "number": 59000456073591,
    "dateTime": {
      "date": {
        "year": 2019,
        "month": 10,
        "day": 19
      },
      "time": {
        "hour": 9,
        "minute": 18,
        "second": 0,
        "nano": 0
      }
    },
    "citySender": "Станиця Луганська",
    "cityRecipient": "Київ"
  },
  {
    "number": 59000456073592,
    "dateTime": {
      "date": {
        "year": 2019,
        "month": 10,
        "day": 19
      },
      "time": {
        "hour": 9,
        "minute": 16,
        "second": 12,
        "nano": 0
      }
    },
    "citySender": "Ізюм",
    "cityRecipient": "Київ"
  },
  {
    "number": 59000456073594,
    "dateTime": {
      "date": {
        "year": 2019,
        "month": 10,
        "day": 19
      },
      "time": {
        "hour": 9,
        "minute": 18,
        "second": 25,
        "nano": 0
      }
    },
    "citySender": "Перегінське",
    "cityRecipient": "Чернівці"
  },
  {
    "number": 59000456073595,
    "dateTime": {
      "date": {
        "year": 2019,
        "month": 10,
        "day": 19
      },
      "time": {
        "hour": 9,
        "minute": 18,
        "second": 26,
        "nano": 0
      }
    },
    "citySender": "Миколаїв",
    "cityRecipient": "Бровари"
  },
  {
    "number": 59000456073596,
    "dateTime": {
      "date": {
        "year": 2019,
        "month": 10,
        "day": 19
      },
      "time": {
        "hour": 9,
        "minute": 18,
        "second": 27,
        "nano": 0
      }
    },
    "citySender": "Диканька",
    "cityRecipient": "Рівне"
  },
  {
    "number": 59000456073597,
    "dateTime": {
      "date": {
        "year": 2019,
        "month": 10,
        "day": 19
      },
      "time": {
        "hour": 9,
        "minute": 17,
        "second": 37,
        "nano": 0
      }
    },
    "citySender": "Городище (Черкаська обл.)",
    "cityRecipient": "Черкаси"
  },
  {
    "number": 59000456073598,
    "dateTime": {
      "date": {
        "year": 2019,
        "month": 10,
        "day": 19
      },
      "time": {
        "hour": 9,
        "minute": 18,
        "second": 2,
        "nano": 0
      }
    },
    "citySender": "Львів",
    "cityRecipient": "Київ"
  }
]