[
  {
    "number": 59000456106380,
    "dateTime": {
      "date": {
        "year": 2019,
        "month": 10,
        "day": 19
      },
      "time": {
        "hour": 11,
        "minute": 38,
        "second": 29,
        "nano": 0
      }
    },
    "citySender": "Вінниця",
    "cityRecipient": "Львів"
  },
  {
    "number": 59000456106381,
    "dateTime": {
      "date": {
        "year": 2019,
        "month": 10,
        "day": 19
      },
      "time": {
        "hour": 11,
        "minute": 38,
        "second": 18,
        "nano": 0
      }
    },
    "citySender": "Краматорськ",
    "cityRecipient": "Черкаси"
  },
  {
    "number": 59000456106382,
    "dateTime": {
      "date": {
        "year": 2019,
        "month": 10,
        "day": 19
      },
      "time": {
        "hour": 11,
        "minute": 37,
        "second": 52,
        "nano": 0
      }
    },
    "citySender": "Київ",
    "cityRecipient": "Станиця Луганська"
  },
  {
    "number": 59000456106384,
    "dateTime": {
      "date": {
        "year": 2019,
        "month": 10,
        "day": 19
      },
      "time": {
        "hour": 11,
        "minute": 38,
        "second": 43,
        "nano": 0
      }
    },
    "citySender": "Шацьк",
    "cityRecipient": "Жашків"
  },
  {
    "number": 59000456106385,
    "dateTime": {
      "date": {
        "year": 2019,
        "month": 10,
        "day": 19
      },
      "time": {
        "hour": 11,
        "minute": 38,
        "second": 34,
        "nano": 0
      }
    },
    "citySender": "Краматорськ",
    "cityRecipient": "Харків"
  },
  {
    "number": 59000456106386,
    "dateTime": {
      "date": {
        "year": 2019,
        "month": 10,
        "day": 19
      },
      "time": {
        "hour": 11,
        "minute": 37,
        "second": 15,
        "nano": 0
      }
    },
    "citySender": "Київ",
    "cityRecipient": "Харків"
  },
  {
    "number": 59000456106387,
    "dateTime": {
      "date": {
        "year": 2019,
        "month": 10,
        "day": 19
      },
      "time": {
        "hour": 11,
        "minute": 38,
        "second": 28,
        "nano": 0
      }
    },
    "citySender": "Нікополь (Дніпропетровська обл.)",
    "cityRecipient": "Вишгород"
  },
  {
    "number": 59000456106388,
    "dateTime": {
      "date": {
        "year": 2019,
        "month": 10,
        "day": 19
      },
      "time": {
        "hour": 11,
        "minute": 38,
        "second": 14,
        "nano": 0
      }
    },
    "citySender": "Олександрія (м.Кіровогр.обл.райц)",
    "cityRecipient": "Львів"
  },
  {
    "number": 59000456106389,
    "dateTime": {
      "date": {
        "year": 2019,
        "month": 10,
        "day": 19
      },
      "time": {
        "hour": 11,
        "minute": 38,
        "second": 33,
        "nano": 0
      }
    },
    "citySender": "Львів",
    "cityRecipient": "Київ"
  },
  {
    "number": 59000456106390,
    "dateTime": {
      "date": {
        "year": 2019,
        "month": 10,
        "day": 19
      },
      "time": {
        "hour": 11,
        "minute": 38,
        "second": 41,
        "nano": 0
      }
    },
    "citySender": "Довге (Закарпатська обл.)",
    "cityRecipient": "Херсон"
  },
  {
    "number": 59000456106391,
    "dateTime": {
      "date": {
        "year": 2019,
        "month": 10,
        "day": 19
      },
      "time": {
        "hour": 11,
        "minute": 37,
        "second": 49,
        "nano": 0
      }
    },
    "citySender": "Одеса",
    "cityRecipient": "Мелітополь"
  },
  {
    "number": 59000456106392,
    "dateTime": {
      "date": {
        "year": 2019,
        "month": 10,
        "day": 19
      },
      "time": {
        "hour": 11,
        "minute": 38,
        "second": 20,
        "nano": 0
      }
    },
    "citySender": "Київ",
    "cityRecipient": "Гладковичі"
  },
  {
    "number": 59000456106393,
    "dateTime": {
      "date": {
        "year": 2019,
        "month": 10,
        "day": 19
      },
      "time": {
        "hour": 11,
        "minute": 37,
        "second": 48,
        "nano": 0
      }
    },
    "citySender": "Львів",
    "cityRecipient": "Київ"
  },
  {
    "number": 59000456106394,
    "dateTime": {
      "date": {
        "year": 2019,
        "month": 10,
        "day": 19
      },
      "time": {
        "hour": 11,
        "minute": 38,
        "second": 4,
        "nano": 0
      }
    },
    "citySender": "Маріуполь",
    "cityRecipient": "Бар"
  },
  {
    "number": 59000456106395,
    "dateTime": {
      "date": {
        "year": 2019,
        "month": 10,
        "day": 19
      },
      "time": {
        "hour": 11,
        "minute": 37,
        "second": 19,
        "nano": 0
      }
    },
    "citySender": "Кривий Ріг",
    "cityRecipient": "Чернівці"
  },
  {
    "number": 59000456106396,
    "dateTime": {
      "date": {
        "year": 2019,
        "month": 10,
        "day": 19
      },
      "time": {
        "hour": 11,
        "minute": 38,
        "second": 44,
        "nano": 0
      }
    },
    "citySender": "Миргород",
    "cityRecipient": "Красноград (Харківська обл)"
  },
  {
    "number": 59000456106398,
    "dateTime": {
      "date": {
        "year": 2019,
        "month": 10,
        "day": 19
      },
      "time": {
        "hour": 11,
        "minute": 38,
        "second": 42,
        "nano": 0
      }
    },
    "citySender": "Попасна",
    "cityRecipient": "Київ"
  },
  {
    "number": 59000456106399,
    "dateTime": {
      "date": {
        "year": 2019,
        "month": 10,
        "day": 19
      },
      "time": {
        "hour": 11,
        "minute": 38,
        "second": 46,
        "nano": 0
      }
    },
    "citySender": "Троїцьке",
    "cityRecipient": "Троїцьке (Луганська обл.)"
  },
  {
    "number": 59000456106400,
    "dateTime": {
      "date": {
        "year": 2019,
        "month": 10,
        "day": 19
      },
      "time": {
        "hour": 11,
        "minute": 38,
        "second": 29,
        "nano": 0
      }
    },
    "citySender": "Київ",
    "cityRecipient": "Нове Давидково"
  },
  {
    "number": 59000456106401,
    "dateTime": {
      "date": {
        "year": 2019,
        "month": 10,
        "day": 19
      },
      "time": {
        "hour": 11,
        "minute": 38,
        "second": 38,
        "nano": 0
      }
    },
    "citySender": "Рівне",
    "cityRecipient": "Сокирниця (Хуст.р-н,Закарпатська обл.)"
  },
  {
    "number": 59000456106402,
    "dateTime": {
      "date": {
        "year": 2019,
        "month": 10,
        "day": 19
      },
      "time": {
        "hour": 11,
        "minute": 37,
        "second": 46,
        "nano": 0
      }
    },
    "citySender": "Одеса",
    "cityRecipient": "Дніпро"
  },
  {
    "number": 59000456106403,
    "dateTime": {
      "date": {
        "year": 2019,
        "month": 10,
        "day": 19
      },
      "time": {
        "hour": 11,
        "minute": 38,
        "second": 39,
        "nano": 0
      }
    },
    "citySender": "Дніпро",
    "cityRecipient": "Дніпро"
  },
  {
    "number": 59000456106404,
    "dateTime": {
      "date": {
        "year": 2019,
        "month": 10,
        "day": 19
      },
      "time": {
        "hour": 11,
        "minute": 38,
        "second": 49,
        "nano": 0
      }
    },
    "citySender": "Черкаси",
    "cityRecipient": "Зимна Вода"
  },
  {
    "number": 59000456106405,
    "dateTime": {
      "date": {
        "year": 2019,
        "month": 10,
        "day": 19
      },
      "time": {
        "hour": 11,
        "minute": 38,
        "second": 41,
        "nano": 0
      }
    },
    "citySender": "Кам\u0027янське(Дніпропетровська обл)",
    "cityRecipient": "Маріуполь"
  },
  {
    "number": 59000456106406,
    "dateTime": {
      "date": {
        "year": 2019,
        "month": 10,
        "day": 19
      },
      "time": {
        "hour": 11,
        "minute": 38,
        "second": 42,
        "nano": 0
      }
    },
    "citySender": "Харків",
    "cityRecipient": "Луцьк"
  },
  {
    "number": 59000456106407,
    "dateTime": {
      "date": {
        "year": 2019,
        "month": 10,
        "day": 19
      },
      "time": {
        "hour": 11,
        "minute": 38,
        "second": 45,
        "nano": 0
      }
    },
    "citySender": "Одеса",
    "cityRecipient": "Одеса"
  },
  {
    "number": 59000456106408,
    "dateTime": {
      "date": {
        "year": 2019,
        "month": 10,
        "day": 19
      },
      "time": {
        "hour": 11,
        "minute": 38,
        "second": 31,
        "nano": 0
      }
    },
    "citySender": "Київ",
    "cityRecipient": "Вишневе"
  },
  {
    "number": 59000456106409,
    "dateTime": {
      "date": {
        "year": 2019,
        "month": 10,
        "day": 19
      },
      "time": {
        "hour": 11,
        "minute": 38,
        "second": 44,
        "nano": 0
      }
    },
    "citySender": "Дніпро",
    "cityRecipient": "Петриківка"
  },
  {
    "number": 59000456106410,
    "dateTime": {
      "date": {
        "year": 2019,
        "month": 10,
        "day": 19
      },
      "time": {
        "hour": 11,
        "minute": 38,
        "second": 17,
        "nano": 0
      }
    },
    "citySender": "Токмак",
    "cityRecipient": "Київ"
  },
  {
    "number": 59000456106411,
    "dateTime": {
      "date": {
        "year": 2019,
        "month": 10,
        "day": 19
      },
      "time": {
        "hour": 11,
        "minute": 38,
        "second": 48,
        "nano": 0
      }
    },
    "citySender": "Черкаси",
    "cityRecipient": "Київ"
  },
  {
    "number": 59000456106412,
    "dateTime": {
      "date": {
        "year": 2019,
        "month": 10,
        "day": 19
      },
      "time": {
        "hour": 11,
        "minute": 38,
        "second": 38,
        "nano": 0
      }
    },
    "citySender": "Вишневе",
    "cityRecipient": "Чорноморськ"
  },
  {
    "number": 59000456106413,
    "dateTime": {
      "date": {
        "year": 2019,
        "month": 10,
        "day": 19
      },
      "time": {
        "hour": 11,
        "minute": 38,
        "second": 43,
        "nano": 0
      }
    },
    "citySender": "Харків",
    "cityRecipient": "Куп\u0027янськ"
  },
  {
    "number": 59000456106414,
    "dateTime": {
      "date": {
        "year": 2019,
        "month": 10,
        "day": 19
      },
      "time": {
        "hour": 11,
        "minute": 38,
        "second": 15,
        "nano": 0
      }
    },
    "citySender": "Дніпро",
    "cityRecipient": "Коломия"
  },
  {
    "number": 59000456106415,
    "dateTime": {
      "date": {
        "year": 2019,
        "month": 10,
        "day": 19
      },
      "time": {
        "hour": 11,
        "minute": 37,
        "second": 49,
        "nano": 0
      }
    },
    "citySender": "Гадяч",
    "cityRecipient": "Колочава"
  },
  {
    "number": 59000456106417,
    "dateTime": {
      "date": {
        "year": 2019,
        "month": 10,
        "day": 19
      },
      "time": {
        "hour": 11,
        "minute": 38,
        "second": 31,
        "nano": 0
      }
    },
    "citySender": "Бердянськ",
    "cityRecipient": "Черкаси"
  },
  {
    "number": 59000456106418,
    "dateTime": {
      "date": {
        "year": 2019,
        "month": 10,
        "day": 19
      },
      "time": {
        "hour": 11,
        "minute": 36,
        "second": 48,
        "nano": 0
      }
    },
    "citySender": "Мостиська",
    "cityRecipient": "Одеса"
  },
  {
    "number": 59000456106419,
    "dateTime": {
      "date": {
        "year": 2019,
        "month": 10,
        "day": 19
      },
      "time": {
        "hour": 11,
        "minute": 38,
        "second": 53,
        "nano": 0
      }
    },
    "citySender": "Бровари",
    "cityRecipient": "Київ"
  },
  {
    "number": 59000456106420,
    "dateTime": {
      "date": {
        "year": 2019,
        "month": 10,
        "day": 19
      },
      "time": {
        "hour": 11,
        "minute": 38,
        "second": 41,
        "nano": 0
      }
    },
    "citySender": "Київ",
    "cityRecipient": "Київ"
  },
  {
    "number": 59000456106422,
    "dateTime": {
      "date": {
        "year": 2019,
        "month": 10,
        "day": 19
      },
      "time": {
        "hour": 11,
        "minute": 38,
        "second": 32,
        "nano": 0
      }
    },
    "citySender": "Одеса",
    "cityRecipient": "Харків"
  },
  {
    "number": 59000456106423,
    "dateTime": {
      "date": {
        "year": 2019,
        "month": 10,
        "day": 19
      },
      "time": {
        "hour": 11,
        "minute": 38,
        "second": 30,
        "nano": 0
      }
    },
    "citySender": "Калуш",
    "cityRecipient": "Дніпро"
  },
  {
    "number": 59000456106424,
    "dateTime": {
      "date": {
        "year": 2019,
        "month": 10,
        "day": 19
      },
      "time": {
        "hour": 11,
        "minute": 38,
        "second": 52,
        "nano": 0
      }
    },
    "citySender": "Обухів",
    "cityRecipient": "Ілічанка"
  },
  {
    "number": 59000456106425,
    "dateTime": {
      "date": {
        "year": 2019,
        "month": 10,
        "day": 19
      },
      "time": {
        "hour": 11,
        "minute": 38,
        "second": 47,
        "nano": 0
      }
    },
    "citySender": "Харків",
    "cityRecipient": "Київ"
  },
  {
    "number": 59000456106426,
    "dateTime": {
      "date": {
        "year": 2019,
        "month": 10,
        "day": 19
      },
      "time": {
        "hour": 11,
        "minute": 38,
        "second": 6,
        "nano": 0
      }
    },
    "citySender": "Харків",
    "cityRecipient": "Краматорськ"
  },
  {
    "number": 59000456106427,
    "dateTime": {
      "date": {
        "year": 2019,
        "month": 10,
        "day": 19
      },
      "time": {
        "hour": 11,
        "minute": 38,
        "second": 43,
        "nano": 0
      }
    },
    "citySender": "Харків",
    "cityRecipient": "Дніпро"
  },
  {
    "number": 59000456106428,
    "dateTime": {
      "date": {
        "year": 2019,
        "month": 10,
        "day": 19
      },
      "time": {
        "hour": 11,
        "minute": 38,
        "second": 51,
        "nano": 0
      }
    },
    "citySender": "Дніпро",
    "cityRecipient": "Дніпро"
  },
  {
    "number": 59000456106429,
    "dateTime": {
      "date": {
        "year": 2019,
        "month": 10,
        "day": 19
      },
      "time": {
        "hour": 11,
        "minute": 38,
        "second": 46,
        "nano": 0
      }
    },
    "citySender": "Запоріжжя",
    "cityRecipient": "Київ"
  },
  {
    "number": 59000456106430,
    "dateTime": {
      "date": {
        "year": 2019,
        "month": 10,
        "day": 19
      },
      "time": {
        "hour": 11,
        "minute": 38,
        "second": 55,
        "nano": 0
      }
    },
    "citySender": "Харків",
    "cityRecipient": "Олевськ"
  },
  {
    "number": 59000456106431,
    "dateTime": {
      "date": {
        "year": 2019,
        "month": 10,
        "day": 19
      },
      "time": {
        "hour": 11,
        "minute": 38,
        "second": 48,
        "nano": 0
      }
    },
    "citySender": "Дніпро",
    "cityRecipient": "Київ"
  },
  {
    "number": 59000456106432,
    "dateTime": {
      "date": {
        "year": 2019,
        "month": 10,
        "day": 19
      },
      "time": {
        "hour": 11,
        "minute": 38,
        "second": 57,
        "nano": 0
      }
    },
    "citySender": "Ірпінь",
    "cityRecipient": "Гвардійське (Дніпропетровськ)"
  },
  {
    "number": 59000456106433,
    "dateTime": {
      "date": {
        "year": 2019,
        "month": 10,
        "day": 19
      },
      "time": {
        "hour": 11,
        "minute": 38,
        "second": 13,
        "nano": 0
      }
    },
    "citySender": "Рівне",
    "cityRecipient": "Кривий Ріг"
  },
  {
    "number": 59000456106434,
    "dateTime": {
      "date": {
        "year": 2019,
        "month": 10,
        "day": 19
      },
      "time": {
        "hour": 11,
        "minute": 38,
        "second": 56,
        "nano": 0
      }
    },
    "citySender": "Благовіщенське(Кіровоградська обл.)",
    "cityRecipient": "Харків"
  },
  {
    "number": 59000456106435,
    "dateTime": {
      "date": {
        "year": 2019,
        "month": 10,
        "day": 19
      },
      "time": {
        "hour": 11,
        "minute": 38,
        "second": 48,
        "nano": 0
      }
    },
    "citySender": "Харків",
    "cityRecipient": "Мелітополь"
  },
  {
    "number": 59000456106436,
    "dateTime": {
      "date": {
        "year": 2019,
        "month": 10,
        "day": 19
      },
      "time": {
        "hour": 11,
        "minute": 38,
        "second": 40,
        "nano": 0
      }
    },
    "citySender": "Кам\u0027янське(Дніпропетровська обл)",
    "cityRecipient": "Бердянськ"
  },
  {
    "number": 59000456106437,
    "dateTime": {
      "date": {
        "year": 2019,
        "month": 10,
        "day": 19
      },
      "time": {
        "hour": 11,
        "minute": 38,
        "second": 4,
        "nano": 0
      }
    },
    "citySender": "Жмеринка",
    "cityRecipient": "Синельникове"
  },
  {
    "number": 59000456106438,
    "dateTime": {
      "date": {
        "year": 2019,
        "month": 10,
        "day": 19
      },
      "time": {
        "hour": 11,
        "minute": 38,
        "second": 33,
        "nano": 0
      }
    },
    "citySender": "Рівне",
    "cityRecipient": "Запоріжжя"
  },
  {
    "number": 59000456106439,
    "dateTime": {
      "date": {
        "year": 2019,
        "month": 10,
        "day": 19
      },
      "time": {
        "hour": 11,
        "minute": 38,
        "second": 29,
        "nano": 0
      }
    },
    "citySender": "Хмельницький",
    "cityRecipient": "Овідіополь"
  },
  {
    "number": 59000456106440,
    "dateTime": {
      "date": {
        "year": 2019,
        "month": 10,
        "day": 19
      },
      "time": {
        "hour": 11,
        "minute": 38,
        "second": 58,
        "nano": 0
      }
    },
    "citySender": "Кам\u0027янське(Дніпропетровська обл)",
    "cityRecipient": "Дніпро"
  },
  {
    "number": 59000456106441,
    "dateTime": {
      "date": {
        "year": 2019,
        "month": 10,
        "day": 19
      },
      "time": {
        "hour": 11,
        "minute": 38,
        "second": 51,
        "nano": 0
      }
    },
    "citySender": "Волноваха",
    "cityRecipient": "Київ"
  },
  {
    "number": 59000456106442,
    "dateTime": {
      "date": {
        "year": 2019,
        "month": 10,
        "day": 19
      },
      "time": {
        "hour": 11,
        "minute": 38,
        "second": 50,
        "nano": 0
      }
    },
    "citySender": "Одеса",
    "cityRecipient": "Луцьк"
  },
  {
    "number": 59000456106443,
    "dateTime": {
      "date": {
        "year": 2019,
        "month": 10,
        "day": 19
      },
      "time": {
        "hour": 11,
        "minute": 38,
        "second": 41,
        "nano": 0
      }
    },
    "citySender": "Запоріжжя",
    "cityRecipient": "Бориспіль"
  },
  {
    "number": 59000456106444,
    "dateTime": {
      "date": {
        "year": 2019,
        "month": 10,
        "day": 19
      },
      "time": {
        "hour": 11,
        "minute": 38,
        "second": 54,
        "nano": 0
      }
    },
    "citySender": "Миколаїв",
    "cityRecipient": "Миколаїв"
  },
  {
    "number": 59000456106445,
    "dateTime": {
      "date": {
        "year": 2019,
        "month": 10,
        "day": 19
      },
      "time": {
        "hour": 11,
        "minute": 38,
        "second": 32,
        "nano": 0
      }
    },
    "citySender": "Житомир",
    "cityRecipient": "Орлівщина"
  },
  {
    "number": 59000456106446,
    "dateTime": {
      "date": {
        "year": 2019,
        "month": 10,
        "day": 19
      },
      "time": {
        "hour": 11,
        "minute": 38,
        "second": 51,
        "nano": 0
      }
    },
    "citySender": "Хмельницький",
    "cityRecipient": "Тернопіль"
  },
  {
    "number": 59000456106447,
    "dateTime": {
      "date": {
        "year": 2019,
        "month": 10,
        "day": 19
      },
      "time": {
        "hour": 11,
        "minute": 38,
        "second": 48,
        "nano": 0
      }
    },
    "citySender": "Херсон",
    "cityRecipient": "Полтава"
  },
  {
    "number": 59000456106448,
    "dateTime": {
      "date": {
        "year": 2019,
        "month": 10,
        "day": 19
      },
      "time": {
        "hour": 11,
        "minute": 38,
        "second": 35,
        "nano": 0
      }
    },
    "citySender": "Новоград-Волинський",
    "cityRecipient": "Луцьк"
  },
  {
    "number": 59000456106449,
    "dateTime": {
      "date": {
        "year": 2019,
        "month": 10,
        "day": 19
      },
      "time": {
        "hour": 11,
        "minute": 38,
        "second": 26,
        "nano": 0
      }
    },
    "citySender": "Маріуполь",
    "cityRecipient": "Верховина"
  },
  {
    "number": 59000456106450,
    "dateTime": {
      "date": {
        "year": 2019,
        "month": 10,
        "day": 19
      },
      "time": {
        "hour": 11,
        "minute": 38,
        "second": 26,
        "nano": 0
      }
    },
    "citySender": "Запоріжжя",
    "cityRecipient": "Київ"
  },
  {
    "number": 59000456106451,
    "dateTime": {
      "date": {
        "year": 2019,
        "month": 10,
        "day": 19
      },
      "time": {
        "hour": 11,
        "minute": 38,
        "second": 35,
        "nano": 0
      }
    },
    "citySender": "Клавдієво-Тарасове",
    "cityRecipient": "Рівне"
  },
  {
    "number": 59000456106452,
    "dateTime": {
      "date": {
        "year": 2019,
        "month": 10,
        "day": 19
      },
      "time": {
        "hour": 11,
        "minute": 38,
        "second": 38,
        "nano": 0
      }
    },
    "citySender": "Біла Церква",
    "cityRecipient": "Тернопіль"
  },
  {
    "number": 59000456106453,
    "dateTime": {
      "date": {
        "year": 2019,
        "month": 10,
        "day": 19
      },
      "time": {
        "hour": 11,
        "minute": 36,
        "second": 39,
        "nano": 0
      }
    },
    "citySender": "Телепине",
    "cityRecipient": "Гончарівське"
  },
  {
    "number": 59000456106454,
    "dateTime": {
      "date": {
        "year": 2019,
        "month": 10,
        "day": 19
      },
      "time": {
        "hour": 11,
        "minute": 38,
        "second": 31,
        "nano": 0
      }
    },
    "citySender": "Київ",
    "cityRecipient": "Шепетівка"
  },
  {
    "number": 59000456106455,
    "dateTime": {
      "date": {
        "year": 2019,
        "month": 10,
        "day": 19
      },
      "time": {
        "hour": 11,
        "minute": 38,
        "second": 39,
        "nano": 0
      }
    },
    "citySender": "Полтава",
    "cityRecipient": "Мукачево"
  },
  {
    "number": 59000456106456,
    "dateTime": {
      "date": {
        "year": 2019,
        "month": 10,
        "day": 19
      },
      "time": {
        "hour": 11,
        "minute": 38,
        "second": 11,
        "nano": 0
      }
    },
    "citySender": "Дніпро",
    "cityRecipient": "Рівне"
  },
  {
    "number": 59000456106457,
    "dateTime": {
      "date": {
        "year": 2019,
        "month": 10,
        "day": 19
      },
      "time": {
        "hour": 11,
        "minute": 38,
        "second": 13,
        "nano": 0
      }
    },
    "citySender": "Нікополь (Дніпропетровська обл.)",
    "cityRecipient": "Суми"
  },
  {
    "number": 59000456106458,
    "dateTime": {
      "date": {
        "year": 2019,
        "month": 10,
        "day": 19
      },
      "time": {
        "hour": 11,
        "minute": 38,
        "second": 35,
        "nano": 0
      }
    },
    "citySender": "Димер",
    "cityRecipient": "Миколаїв"
  },
  {
    "number": 59000456106459,
    "dateTime": {
      "date": {
        "year": 2019,
        "month": 10,
        "day": 19
      },
      "time": {
        "hour": 11,
        "minute": 38,
        "second": 36,
        "nano": 0
      }
    },
    "citySender": "Кельменці",
    "cityRecipient": "Коростишів"
  },
  {
    "number": 59000456106460,
    "dateTime": {
      "date": {
        "year": 2019,
        "month": 10,
        "day": 19
      },
      "time": {
        "hour": 11,
        "minute": 38,
        "second": 45,
        "nano": 0
      }
    },
    "citySender": "Вишгород",
    "cityRecipient": "Вінниця"
  },
  {
    "number": 59000456106461,
    "dateTime": {
      "date": {
        "year": 2019,
        "month": 10,
        "day": 19
      },
      "time": {
        "hour": 11,
        "minute": 38,
        "second": 12,
        "nano": 0
      }
    },
    "citySender": "Виноградів",
    "cityRecipient": "Кременчук"
  },
  {
    "number": 59000456106462,
    "dateTime": {
      "date": {
        "year": 2019,
        "month": 10,
        "day": 19
      },
      "time": {
        "hour": 11,
        "minute": 38,
        "second": 36,
        "nano": 0
      }
    },
    "citySender": "Павлоград",
    "cityRecipient": "Харків"
  },
  {
    "number": 59000456106463,
    "dateTime": {
      "date": {
        "year": 2019,
        "month": 10,
        "day": 19
      },
      "time": {
        "hour": 11,
        "minute": 39,
        "second": 3,
        "nano": 0
      }
    },
    "citySender": "Дніпро",
    "cityRecipient": "Київ"
  },
  {
    "number": 59000456106464,
    "dateTime": {
      "date": {
        "year": 2019,
        "month": 10,
        "day": 19
      },
      "time": {
        "hour": 11,
        "minute": 38,
        "second": 57,
        "nano": 0
      }
    },
    "citySender": "Кам\u0027янець-Подільський",
    "cityRecipient": "Вінниця"
  },
  {
    "number": 59000456106465,
    "dateTime": {
      "date": {
        "year": 2019,
        "month": 10,
        "day": 19
      },
      "time": {
        "hour": 11,
        "minute": 38,
        "second": 6,
        "nano": 0
      }
    },
    "citySender": "Кременчук",
    "cityRecipient": "Харків"
  },
  {
    "number": 59000456106466,
    "dateTime": {
      "date": {
        "year": 2019,
        "month": 10,
        "day": 19
      },
      "time": {
        "hour": 11,
        "minute": 38,
        "second": 56,
        "nano": 0
      }
    },
    "citySender": "Верхньодніпровськ",
    "cityRecipient": "Чернігів"
  },
  {
    "number": 59000456106467,
    "dateTime": {
      "date": {
        "year": 2019,
        "month": 10,
        "day": 19
      },
      "time": {
        "hour": 11,
        "minute": 38,
        "second": 58,
        "nano": 0
      }
    },
    "citySender": "Київ",
    "cityRecipient": "Умань"
  },
  {
    "number": 59000456106468,
    "dateTime": {
      "date": {
        "year": 2019,
        "month": 10,
        "day": 19
      },
      "time": {
        "hour": 11,
        "minute": 38,
        "second": 55,
        "nano": 0
      }
    },
    "citySender": "Зимна Вода",
    "cityRecipient": "Одеса"
  },
  {
    "number": 59000456106469,
    "dateTime": {
      "date": {
        "year": 2019,
        "month": 10,
        "day": 19
      },
      "time": {
        "hour": 11,
        "minute": 38,
        "second": 31,
        "nano": 0
      }
    },
    "citySender": "Львів",
    "cityRecipient": "Луцьк"
  },
  {
    "number": 59000456106470,
    "dateTime": {
      "date": {
        "year": 2019,
        "month": 10,
        "day": 19
      },
      "time": {
        "hour": 11,
        "minute": 37,
        "second": 29,
        "nano": 0
      }
    },
    "citySender": "Луцьк",
    "cityRecipient": "Волноваха"
  },
  {
    "number": 59000456106471,
    "dateTime": {
      "date": {
        "year": 2019,
        "month": 10,
        "day": 19
      },
      "time": {
        "hour": 11,
        "minute": 38,
        "second": 53,
        "nano": 0
      }
    },
    "citySender": "Чернівці",
    "cityRecipient": "Львів"
  },
  {
    "number": 59000456106472,
    "dateTime": {
      "date": {
        "year": 2019,
        "month": 10,
        "day": 19
      },
      "time": {
        "hour": 11,
        "minute": 38,
        "second": 50,
        "nano": 0
      }
    },
    "citySender": "Миколаїв",
    "cityRecipient": "Ананьїв"
  },
  {
    "number": 59000456106473,
    "dateTime": {
      "date": {
        "year": 2019,
        "month": 10,
        "day": 19
      },
      "time": {
        "hour": 11,
        "minute": 38,
        "second": 58,
        "nano": 0
      }
    },
    "citySender": "Рівне",
    "cityRecipient": "Яворів"
  },
  {
    "number": 59000456106474,
    "dateTime": {
      "date": {
        "year": 2019,
        "month": 10,
        "day": 19
      },
      "time": {
        "hour": 11,
        "minute": 38,
        "second": 54,
        "nano": 0
      }
    },
    "citySender": "Шаровечка",
    "cityRecipient": "Чернігів"
  },
  {
    "number": 59000456106475,
    "dateTime": {
      "date": {
        "year": 2019,
        "month": 10,
        "day": 19
      },
      "time": {
        "hour": 11,
        "minute": 39,
        "second": 6,
        "nano": 0
      }
    },
    "citySender": "Одеса",
    "cityRecipient": "Полтава"
  },
  {
    "number": 59000456106476,
    "dateTime": {
      "date": {
        "year": 2019,
        "month": 10,
        "day": 19
      },
      "time": {
        "hour": 11,
        "minute": 39,
        "second": 3,
        "nano": 0
      }
    },
    "citySender": "Кам\u0027янське(Дніпропетровська обл)",
    "cityRecipient": "Маріуполь"
  },
  {
    "number": 59000456106477,
    "dateTime": {
      "date": {
        "year": 2019,
        "month": 10,
        "day": 19
      },
      "time": {
        "hour": 11,
        "minute": 38,
        "second": 46,
        "nano": 0
      }
    },
    "citySender": "Харків",
    "cityRecipient": "Дніпро"
  },
  {
    "number": 59000456106478,
    "dateTime": {
      "date": {
        "year": 2019,
        "month": 10,
        "day": 19
      },
      "time": {
        "hour": 11,
        "minute": 38,
        "second": 47,
        "nano": 0
      }
    },
    "citySender": "Біловодськ",
    "cityRecipient": "Одеса"
  },
  {
    "number": 59000456106479,
    "dateTime": {
      "date": {
        "year": 2019,
        "month": 10,
        "day": 19
      },
      "time": {
        "hour": 11,
        "minute": 37,
        "second": 46,
        "nano": 0
      }
    },
    "citySender": "Ямпіль (Сумська обл.)",
    "cityRecipient": "Дніпро"
  }
]