[
  {
    "number": 59000456073699,
    "dateTime": {
      "date": {
        "year": 2019,
        "month": 10,
        "day": 19
      },
      "time": {
        "hour": 9,
        "minute": 17,
        "second": 27,
        "nano": 0
      }
    },
    "citySender": "Ізяслав",
    "cityRecipient": "Ісаєве"
  },
  {
    "number": 59000456073700,
    "dateTime": {
      "date": {
        "year": 2019,
        "month": 10,
        "day": 19
      },
      "time": {
        "hour": 9,
        "minute": 18,
        "second": 29,
        "nano": 0
      }
    },
    "citySender": "Карлівка",
    "cityRecipient": "Київ"
  },
  {
    "number": 59000456073701,
    "dateTime": {
      "date": {
        "year": 2019,
        "month": 10,
        "day": 19
      },
      "time": {
        "hour": 9,
        "minute": 18,
        "second": 10,
        "nano": 0
      }
    },
    "citySender": "Новосілки (Києво-Святошинський р-н)",
    "cityRecipient": "Львів"
  },
  {
    "number": 59000456073702,
    "dateTime": {
      "date": {
        "year": 2019,
        "month": 10,
        "day": 19
      },
      "time": {
        "hour": 9,
        "minute": 18,
        "second": 55,
        "nano": 0
      }
    },
    "citySender": "Новодністровськ",
    "cityRecipient": "Вільне (Криворізький р-н)"
  },
  {
    "number": 59000456073703,
    "dateTime": {
      "date": {
        "year": 2019,
        "month": 10,
        "day": 19
      },
      "time": {
        "hour": 9,
        "minute": 18,
        "second": 41,
        "nano": 0
      }
    },
    "citySender": "Кролевець",
    "cityRecipient": "Одеса"
  },
  {
    "number": 59000456073704,
    "dateTime": {
      "date": {
        "year": 2019,
        "month": 10,
        "day": 19
      },
      "time": {
        "hour": 9,
        "minute": 18,
        "second": 43,
        "nano": 0
      }
    },
    "citySender": "Вільхівці",
    "cityRecipient": "Глибока"
  },
  {
    "number": 59000456073705,
    "dateTime": {
      "date": {
        "year": 2019,
        "month": 10,
        "day": 19
      },
      "time": {
        "hour": 9,
        "minute": 18,
        "second": 56,
        "nano": 0
      }
    },
    "citySender": "Калуш",
    "cityRecipient": "Одеса"
  },
  {
    "number": 59000456073706,
    "dateTime": {
      "date": {
        "year": 2019,
        "month": 10,
        "day": 19
      },
      "time": {
        "hour": 9,
        "minute": 18,
        "second": 47,
        "nano": 0
      }
    },
    "citySender": "Київ",
    "cityRecipient": "Черкаси"
  },
  {
    "number": 59000456073708,
    "dateTime": {
      "date": {
        "year": 2019,
        "month": 10,
        "day": 19
      },
      "time": {
        "hour": 9,
        "minute": 18,
        "second": 29,
        "nano": 0
      }
    },
    "citySender": "Луцьк",
    "cityRecipient": "Волноваха"
  },
  {
    "number": 59000456073709,
    "dateTime": {
      "date": {
        "year": 2019,
        "month": 10,
        "day": 19
      },
      "time": {
        "hour": 9,
        "minute": 18,
        "second": 56,
        "nano": 0
      }
    },
    "citySender": "Жмеринка",
    "cityRecipient": "Одеса"
  },
  {
    "number": 59000456073710,
    "dateTime": {
      "date": {
        "year": 2019,
        "month": 10,
        "day": 19
      },
      "time": {
        "hour": 9,
        "minute": 18,
        "second": 57,
        "nano": 0
      }
    },
    "citySender": "Запоріжжя",
    "cityRecipient": "Рівне"
  },
  {
    "number": 59000456073711,
    "dateTime": {
      "date": {
        "year": 2019,
        "month": 10,
        "day": 19
      },
      "time": {
        "hour": 9,
        "minute": 17,
        "second": 57,
        "nano": 0
      }
    },
    "citySender": "Хмельницький",
    "cityRecipient": "Ізмаїл"
  },
  {
    "number": 59000456073712,
    "dateTime": {
      "date": {
        "year": 2019,
        "month": 10,
        "day": 19
      },
      "time": {
        "hour": 9,
        "minute": 17,
        "second": 41,
        "nano": 0
      }
    },
    "citySender": "Київ",
    "cityRecipient": "Київ"
  },
  {
    "number": 59000456073713,
    "dateTime": {
      "date": {
        "year": 2019,
        "month": 10,
        "day": 19
      },
      "time": {
        "hour": 9,
        "minute": 17,
        "second": 55,
        "nano": 0
      }
    },
    "citySender": "Велика Лепетиха",
    "cityRecipient": "Дніпро"
  },
  {
    "number": 59000456073714,
    "dateTime": {
      "date": {
        "year": 2019,
        "month": 10,
        "day": 19
      },
      "time": {
        "hour": 9,
        "minute": 18,
        "second": 39,
        "nano": 0
      }
    },
    "citySender": "Голованівськ",
    "cityRecipient": "Львів"
  },
  {
    "number": 59000456073715,
    "dateTime": {
      "date": {
        "year": 2019,
        "month": 10,
        "day": 19
      },
      "time": {
        "hour": 9,
        "minute": 18,
        "second": 27,
        "nano": 0
      }
    },
    "citySender": "Авдіївка (Донецька обл.)",
    "cityRecipient": "Київ"
  },
  {
    "number": 59000456073716,
    "dateTime": {
      "date": {
        "year": 2019,
        "month": 10,
        "day": 19
      },
      "time": {
        "hour": 9,
        "minute": 18,
        "second": 58,
        "nano": 0
      }
    },
    "citySender": "Балта",
    "cityRecipient": "Авангард"
  },
  {
    "number": 59000456073717,
    "dateTime": {
      "date": {
        "year": 2019,
        "month": 10,
        "day": 19
      },
      "time": {
        "hour": 9,
        "minute": 18,
        "second": 58,
        "nano": 0
      }
    },
    "citySender": "Осипенко(Бердянський р-н)",
    "cityRecipient": "Старий Остропіль"
  },
  {
    "number": 59000456073718,
    "dateTime": {
      "date": {
        "year": 2019,
        "month": 10,
        "day": 19
      },
      "time": {
        "hour": 9,
        "minute": 18,
        "second": 52,
        "nano": 0
      }
    },
    "citySender": "Київ",
    "cityRecipient": "Шостка"
  },
  {
    "number": 59000456073719,
    "dateTime": {
      "date": {
        "year": 2019,
        "month": 10,
        "day": 19
      },
      "time": {
        "hour": 9,
        "minute": 18,
        "second": 59,
        "nano": 0
      }
    },
    "citySender": "Миронівський (Бахмутський р-н.)",
    "cityRecipient": "Київ"
  },
  {
    "number": 59000456073720,
    "dateTime": {
      "date": {
        "year": 2019,
        "month": 10,
        "day": 19
      },
      "time": {
        "hour": 9,
        "minute": 14,
        "second": 32,
        "nano": 0
      }
    },
    "citySender": "Плотича",
    "cityRecipient": "Харків"
  },
  {
    "number": 59000456073721,
    "dateTime": {
      "date": {
        "year": 2019,
        "month": 10,
        "day": 19
      },
      "time": {
        "hour": 9,
        "minute": 18,
        "second": 59,
        "nano": 0
      }
    },
    "citySender": "Івано-Франківськ",
    "cityRecipient": "Вільне (Криворізький р-н)"
  },
  {
    "number": 59000456073722,
    "dateTime": {
      "date": {
        "year": 2019,
        "month": 10,
        "day": 19
      },
      "time": {
        "hour": 9,
        "minute": 18,
        "second": 59,
        "nano": 0
      }
    },
    "citySender": "Полтава",
    "cityRecipient": "Київ"
  },
  {
    "number": 59000456073723,
    "dateTime": {
      "date": {
        "year": 2019,
        "month": 10,
        "day": 19
      },
      "time": {
        "hour": 9,
        "minute": 18,
        "second": 18,
        "nano": 0
      }
    },
    "citySender": "Мостиська",
    "cityRecipient": "Вишгород"
  },
  {
    "number": 59000456073724,
    "dateTime": {
      "date": {
        "year": 2019,
        "month": 10,
        "day": 19
      },
      "time": {
        "hour": 9,
        "minute": 18,
        "second": 48,
        "nano": 0
      }
    },
    "citySender": "Старий Самбір",
    "cityRecipient": "Вугледар"
  },
  {
    "number": 59000456073725,
    "dateTime": {
      "date": {
        "year": 2019,
        "month": 10,
        "day": 19
      },
      "time": {
        "hour": 9,
        "minute": 19,
        "second": 0,
        "nano": 0
      }
    },
    "citySender": "Грозинці",
    "cityRecipient": "Полтава"
  },
  {
    "number": 59000456073726,
    "dateTime": {
      "date": {
        "year": 2019,
        "month": 10,
        "day": 19
      },
      "time": {
        "hour": 9,
        "minute": 18,
        "second": 50,
        "nano": 0
      }
    },
    "citySender": "Сватове",
    "cityRecipient": "Кропивницький"
  },
  {
    "number": 59000456073727,
    "dateTime": {
      "date": {
        "year": 2019,
        "month": 10,
        "day": 19
      },
      "time": {
        "hour": 9,
        "minute": 17,
        "second": 37,
        "nano": 0
      }
    },
    "citySender": "Тисмениця",
    "cityRecipient": "Київ"
  },
  {
    "number": 59000456073728,
    "dateTime": {
      "date": {
        "year": 2019,
        "month": 10,
        "day": 19
      },
      "time": {
        "hour": 9,
        "minute": 19,
        "second": 1,
        "nano": 0
      }
    },
    "citySender": "Стрий",
    "cityRecipient": "Колоденка"
  },
  {
    "number": 59000456073729,
    "dateTime": {
      "date": {
        "year": 2019,
        "month": 10,
        "day": 19
      },
      "time": {
        "hour": 9,
        "minute": 19,
        "second": 1,
        "nano": 0
      }
    },
    "citySender": "Рівне",
    "cityRecipient": "Київ"
  },
  {
    "number": 59000456073730,
    "dateTime": {
      "date": {
        "year": 2019,
        "month": 10,
        "day": 19
      },
      "time": {
        "hour": 9,
        "minute": 19,
        "second": 1,
        "nano": 0
      }
    },
    "citySender": "Черкаси",
    "cityRecipient": "Ілічанка"
  },
  {
    "number": 59000456073731,
    "dateTime": {
      "date": {
        "year": 2019,
        "month": 10,
        "day": 19
      },
      "time": {
        "hour": 9,
        "minute": 18,
        "second": 59,
        "nano": 0
      }
    },
    "citySender": "Бабанка",
    "cityRecipient": "Жашків"
  },
  {
    "number": 59000456073732,
    "dateTime": {
      "date": {
        "year": 2019,
        "month": 10,
        "day": 19
      },
      "time": {
        "hour": 9,
        "minute": 18,
        "second": 50,
        "nano": 0
      }
    },
    "citySender": "Бровари",
    "cityRecipient": "Козятин (місто, Вінницька обл.)"
  },
  {
    "number": 59000456073733,
    "dateTime": {
      "date": {
        "year": 2019,
        "month": 10,
        "day": 19
      },
      "time": {
        "hour": 9,
        "minute": 18,
        "second": 38,
        "nano": 0
      }
    },
    "citySender": "Полтава",
    "cityRecipient": "Нові Санжари"
  },
  {
    "number": 59000456073734,
    "dateTime": {
      "date": {
        "year": 2019,
        "month": 10,
        "day": 19
      },
      "time": {
        "hour": 9,
        "minute": 18,
        "second": 55,
        "nano": 0
      }
    },
    "citySender": "Одеса",
    "cityRecipient": "Київ"
  },
  {
    "number": 59000456073735,
    "dateTime": {
      "date": {
        "year": 2019,
        "month": 10,
        "day": 19
      },
      "time": {
        "hour": 9,
        "minute": 18,
        "second": 52,
        "nano": 0
      }
    },
    "citySender": "Тячів",
    "cityRecipient": "Устилуг"
  },
  {
    "number": 59000456073736,
    "dateTime": {
      "date": {
        "year": 2019,
        "month": 10,
        "day": 19
      },
      "time": {
        "hour": 9,
        "minute": 18,
        "second": 5,
        "nano": 0
      }
    },
    "citySender": "Шостка",
    "cityRecipient": "Київ"
  },
  {
    "number": 59000456073737,
    "dateTime": {
      "date": {
        "year": 2019,
        "month": 10,
        "day": 19
      },
      "time": {
        "hour": 9,
        "minute": 19,
        "second": 2,
        "nano": 0
      }
    },
    "citySender": "Черкаси",
    "cityRecipient": "Львів"
  },
  {
    "number": 59000456073738,
    "dateTime": {
      "date": {
        "year": 2019,
        "month": 10,
        "day": 19
      },
      "time": {
        "hour": 9,
        "minute": 18,
        "second": 38,
        "nano": 0
      }
    },
    "citySender": "Івано-Франківськ",
    "cityRecipient": "Софіївка(Дніпропетровська обл.)"
  },
  {
    "number": 59000456073739,
    "dateTime": {
      "date": {
        "year": 2019,
        "month": 10,
        "day": 19
      },
      "time": {
        "hour": 9,
        "minute": 18,
        "second": 29,
        "nano": 0
      }
    },
    "citySender": "Черкаси",
    "cityRecipient": "Київ"
  },
  {
    "number": 59000456073740,
    "dateTime": {
      "date": {
        "year": 2019,
        "month": 10,
        "day": 19
      },
      "time": {
        "hour": 9,
        "minute": 18,
        "second": 35,
        "nano": 0
      }
    },
    "citySender": "Кремінна",
    "cityRecipient": "Харків"
  },
  {
    "number": 59000456073741,
    "dateTime": {
      "date": {
        "year": 2019,
        "month": 10,
        "day": 19
      },
      "time": {
        "hour": 9,
        "minute": 18,
        "second": 29,
        "nano": 0
      }
    },
    "citySender": "Суми",
    "cityRecipient": "Київ"
  },
  {
    "number": 59000456073742,
    "dateTime": {
      "date": {
        "year": 2019,
        "month": 10,
        "day": 19
      },
      "time": {
        "hour": 9,
        "minute": 18,
        "second": 43,
        "nano": 0
      }
    },
    "citySender": "Київ",
    "cityRecipient": "Яворів"
  },
  {
    "number": 59000456073743,
    "dateTime": {
      "date": {
        "year": 2019,
        "month": 10,
        "day": 19
      },
      "time": {
        "hour": 9,
        "minute": 18,
        "second": 53,
        "nano": 0
      }
    },
    "citySender": "Київ",
    "cityRecipient": "Вишневе"
  },
  {
    "number": 59000456073744,
    "dateTime": {
      "date": {
        "year": 2019,
        "month": 10,
        "day": 19
      },
      "time": {
        "hour": 9,
        "minute": 18,
        "second": 46,
        "nano": 0
      }
    },
    "citySender": "Новоград-Волинський",
    "cityRecipient": "Київ"
  },
  {
    "number": 59000456073745,
    "dateTime": {
      "date": {
        "year": 2019,
        "month": 10,
        "day": 19
      },
      "time": {
        "hour": 9,
        "minute": 18,
        "second": 54,
        "nano": 0
      }
    },
    "citySender": "Великодолинське",
    "cityRecipient": "Борислав (Львівська обл.)"
  },
  {
    "number": 59000456073746,
    "dateTime": {
      "date": {
        "year": 2019,
        "month": 10,
        "day": 19
      },
      "time": {
        "hour": 9,
        "minute": 17,
        "second": 33,
        "nano": 0
      }
    },
    "citySender": "Авдіївка (Сосницький р-н., Чернігівська обл.)",
    "cityRecipient": "Качківка"
  },
  {
    "number": 59000456073747,
    "dateTime": {
      "date": {
        "year": 2019,
        "month": 10,
        "day": 19
      },
      "time": {
        "hour": 9,
        "minute": 19,
        "second": 5,
        "nano": 0
      }
    },
    "citySender": "Циркуни",
    "cityRecipient": "Київ"
  },
  {
    "number": 59000456073748,
    "dateTime": {
      "date": {
        "year": 2019,
        "month": 10,
        "day": 19
      },
      "time": {
        "hour": 9,
        "minute": 18,
        "second": 49,
        "nano": 0
      }
    },
    "citySender": "Старий Крим (Донецька обл.)",
    "cityRecipient": "Київ"
  },
  {
    "number": 59000456073749,
    "dateTime": {
      "date": {
        "year": 2019,
        "month": 10,
        "day": 19
      },
      "time": {
        "hour": 9,
        "minute": 18,
        "second": 50,
        "nano": 0
      }
    },
    "citySender": "Запоріжжя",
    "cityRecipient": "Дніпро"
  },
  {
    "number": 59000456073750,
    "dateTime": {
      "date": {
        "year": 2019,
        "month": 10,
        "day": 19
      },
      "time": {
        "hour": 9,
        "minute": 18,
        "second": 27,
        "nano": 0
      }
    },
    "citySender": "Запоріжжя",
    "cityRecipient": "Бахмут"
  },
  {
    "number": 59000456073751,
    "dateTime": {
      "date": {
        "year": 2019,
        "month": 10,
        "day": 19
      },
      "time": {
        "hour": 9,
        "minute": 18,
        "second": 33,
        "nano": 0
      }
    },
    "citySender": "Запоріжжя",
    "cityRecipient": "Кривий Ріг"
  },
  {
    "number": 59000456073752,
    "dateTime": {
      "date": {
        "year": 2019,
        "month": 10,
        "day": 19
      },
      "time": {
        "hour": 9,
        "minute": 19,
        "second": 6,
        "nano": 0
      }
    },
    "citySender": "Київ",
    "cityRecipient": "Авангард"
  },
  {
    "number": 59000456073753,
    "dateTime": {
      "date": {
        "year": 2019,
        "month": 10,
        "day": 19
      },
      "time": {
        "hour": 9,
        "minute": 18,
        "second": 52,
        "nano": 0
      }
    },
    "citySender": "Світловодськ",
    "cityRecipient": "Павлоград"
  },
  {
    "number": 59000456073754,
    "dateTime": {
      "date": {
        "year": 2019,
        "month": 10,
        "day": 19
      },
      "time": {
        "hour": 9,
        "minute": 18,
        "second": 25,
        "nano": 0
      }
    },
    "citySender": "Кропивницький",
    "cityRecipient": "Київ"
  },
  {
    "number": 59000456073755,
    "dateTime": {
      "date": {
        "year": 2019,
        "month": 10,
        "day": 19
      },
      "time": {
        "hour": 9,
        "minute": 18,
        "second": 15,
        "nano": 0
      }
    },
    "citySender": "Чернігів",
    "cityRecipient": "Київ"
  },
  {
    "number": 59000456073756,
    "dateTime": {
      "date": {
        "year": 2019,
        "month": 10,
        "day": 19
      },
      "time": {
        "hour": 9,
        "minute": 19,
        "second": 7,
        "nano": 0
      }
    },
    "citySender": "Доманівка",
    "cityRecipient": "Рівне"
  },
  {
    "number": 59000456073758,
    "dateTime": {
      "date": {
        "year": 2019,
        "month": 10,
        "day": 19
      },
      "time": {
        "hour": 9,
        "minute": 17,
        "second": 57,
        "nano": 0
      }
    },
    "citySender": "Львів",
    "cityRecipient": "Київ"
  },
  {
    "number": 59000456073759,
    "dateTime": {
      "date": {
        "year": 2019,
        "month": 10,
        "day": 19
      },
      "time": {
        "hour": 9,
        "minute": 18,
        "second": 29,
        "nano": 0
      }
    },
    "citySender": "Волноваха",
    "cityRecipient": "Чернівці"
  },
  {
    "number": 59000456073760,
    "dateTime": {
      "date": {
        "year": 2019,
        "month": 10,
        "day": 19
      },
      "time": {
        "hour": 9,
        "minute": 18,
        "second": 7,
        "nano": 0
      }
    },
    "citySender": "Луцьк",
    "cityRecipient": "Святогірськ"
  },
  {
    "number": 59000456073761,
    "dateTime": {
      "date": {
        "year": 2019,
        "month": 10,
        "day": 19
      },
      "time": {
        "hour": 9,
        "minute": 18,
        "second": 53,
        "nano": 0
      }
    },
    "citySender": "Київ",
    "cityRecipient": "Фастів"
  },
  {
    "number": 59000456073762,
    "dateTime": {
      "date": {
        "year": 2019,
        "month": 10,
        "day": 19
      },
      "time": {
        "hour": 9,
        "minute": 19,
        "second": 3,
        "nano": 0
      }
    },
    "citySender": "Українка",
    "cityRecipient": "Тетіїв"
  },
  {
    "number": 59000456073763,
    "dateTime": {
      "date": {
        "year": 2019,
        "month": 10,
        "day": 19
      },
      "time": {
        "hour": 9,
        "minute": 18,
        "second": 46,
        "nano": 0
      }
    },
    "citySender": "Козин (Київська обл.)",
    "cityRecipient": "Березань"
  },
  {
    "number": 59000456073764,
    "dateTime": {
      "date": {
        "year": 2019,
        "month": 10,
        "day": 19
      },
      "time": {
        "hour": 9,
        "minute": 18,
        "second": 44,
        "nano": 0
      }
    },
    "citySender": "Кривий Ріг",
    "cityRecipient": "Чернігів"
  },
  {
    "number": 59000456073765,
    "dateTime": {
      "date": {
        "year": 2019,
        "month": 10,
        "day": 19
      },
      "time": {
        "hour": 9,
        "minute": 18,
        "second": 4,
        "nano": 0
      }
    },
    "citySender": "Харків",
    "cityRecipient": "Черкаси"
  },
  {
    "number": 59000456073766,
    "dateTime": {
      "date": {
        "year": 2019,
        "month": 10,
        "day": 19
      },
      "time": {
        "hour": 9,
        "minute": 19,
        "second": 11,
        "nano": 0
      }
    },
    "citySender": "Калуш",
    "cityRecipient": "Харків"
  },
  {
    "number": 59000456073767,
    "dateTime": {
      "date": {
        "year": 2019,
        "month": 10,
        "day": 19
      },
      "time": {
        "hour": 9,
        "minute": 19,
        "second": 11,
        "nano": 0
      }
    },
    "citySender": "Комишня",
    "cityRecipient": "Бровари"
  },
  {
    "number": 59000456073768,
    "dateTime": {
      "date": {
        "year": 2019,
        "month": 10,
        "day": 19
      },
      "time": {
        "hour": 9,
        "minute": 18,
        "second": 59,
        "nano": 0
      }
    },
    "citySender": "Східниця",
    "cityRecipient": "Курахове"
  },
  {
    "number": 59000456073769,
    "dateTime": {
      "date": {
        "year": 2019,
        "month": 10,
        "day": 19
      },
      "time": {
        "hour": 9,
        "minute": 19,
        "second": 12,
        "nano": 0
      }
    },
    "citySender": "Старокозаче",
    "cityRecipient": "Київ"
  },
  {
    "number": 59000456073770,
    "dateTime": {
      "date": {
        "year": 2019,
        "month": 10,
        "day": 19
      },
      "time": {
        "hour": 9,
        "minute": 18,
        "second": 51,
        "nano": 0
      }
    },
    "citySender": "Київ",
    "cityRecipient": "Івано-Франківськ"
  },
  {
    "number": 59000456073771,
    "dateTime": {
      "date": {
        "year": 2019,
        "month": 10,
        "day": 19
      },
      "time": {
        "hour": 9,
        "minute": 19,
        "second": 4,
        "nano": 0
      }
    },
    "citySender": "Чернігів",
    "cityRecipient": "Київ"
  },
  {
    "number": 59000456073772,
    "dateTime": {
      "date": {
        "year": 2019,
        "month": 10,
        "day": 19
      },
      "time": {
        "hour": 9,
        "minute": 19,
        "second": 13,
        "nano": 0
      }
    },
    "citySender": "Ніжин",
    "cityRecipient": "Херсон"
  },
  {
    "number": 59000456073773,
    "dateTime": {
      "date": {
        "year": 2019,
        "month": 10,
        "day": 19
      },
      "time": {
        "hour": 9,
        "minute": 19,
        "second": 13,
        "nano": 0
      }
    },
    "citySender": "Горохів",
    "cityRecipient": "Ківерці"
  },
  {
    "number": 59000456073774,
    "dateTime": {
      "date": {
        "year": 2019,
        "month": 10,
        "day": 19
      },
      "time": {
        "hour": 9,
        "minute": 19,
        "second": 13,
        "nano": 0
      }
    },
    "citySender": "Біла Церква",
    "cityRecipient": "Одеса"
  },
  {
    "number": 59000456073775,
    "dateTime": {
      "date": {
        "year": 2019,
        "month": 10,
        "day": 19
      },
      "time": {
        "hour": 9,
        "minute": 19,
        "second": 6,
        "nano": 0
      }
    },
    "citySender": "Запоріжжя",
    "cityRecipient": "Львів"
  },
  {
    "number": 59000456073776,
    "dateTime": {
      "date": {
        "year": 2019,
        "month": 10,
        "day": 19
      },
      "time": {
        "hour": 9,
        "minute": 19,
        "second": 13,
        "nano": 0
      }
    },
    "citySender": "Івано-Франківськ",
    "cityRecipient": "Чернівці"
  },
  {
    "number": 59000456073777,
    "dateTime": {
      "date": {
        "year": 2019,
        "month": 10,
        "day": 19
      },
      "time": {
        "hour": 9,
        "minute": 18,
        "second": 34,
        "nano": 0
      }
    },
    "citySender": "Рокитне (Київська обл., Рокитнянський р-н)",
    "cityRecipient": "Дніпро"
  },
  {
    "number": 59000456073780,
    "dateTime": {
      "date": {
        "year": 2019,
        "month": 10,
        "day": 19
      },
      "time": {
        "hour": 9,
        "minute": 19,
        "second": 10,
        "nano": 0
      }
    },
    "citySender": "Бурштин",
    "cityRecipient": "Харків"
  },
  {
    "number": 59000456073781,
    "dateTime": {
      "date": {
        "year": 2019,
        "month": 10,
        "day": 19
      },
      "time": {
        "hour": 9,
        "minute": 18,
        "second": 16,
        "nano": 0
      }
    },
    "citySender": "Коломия",
    "cityRecipient": "Івано-Франківськ"
  },
  {
    "number": 59000456073782,
    "dateTime": {
      "date": {
        "year": 2019,
        "month": 10,
        "day": 19
      },
      "time": {
        "hour": 9,
        "minute": 18,
        "second": 48,
        "nano": 0
      }
    },
    "citySender": "Тальне",
    "cityRecipient": "Херсон"
  },
  {
    "number": 59000456073783,
    "dateTime": {
      "date": {
        "year": 2019,
        "month": 10,
        "day": 19
      },
      "time": {
        "hour": 9,
        "minute": 19,
        "second": 14,
        "nano": 0
      }
    },
    "citySender": "Яреськи",
    "cityRecipient": "Шепетівка"
  },
  {
    "number": 59000456073784,
    "dateTime": {
      "date": {
        "year": 2019,
        "month": 10,
        "day": 19
      },
      "time": {
        "hour": 9,
        "minute": 18,
        "second": 49,
        "nano": 0
      }
    },
    "citySender": "Новий Калинів",
    "cityRecipient": "Одеса"
  },
  {
    "number": 59000456073785,
    "dateTime": {
      "date": {
        "year": 2019,
        "month": 10,
        "day": 19
      },
      "time": {
        "hour": 9,
        "minute": 18,
        "second": 43,
        "nano": 0
      }
    },
    "citySender": "Запоріжжя",
    "cityRecipient": "Мирноград"
  },
  {
    "number": 59000456073786,
    "dateTime": {
      "date": {
        "year": 2019,
        "month": 10,
        "day": 19
      },
      "time": {
        "hour": 9,
        "minute": 19,
        "second": 14,
        "nano": 0
      }
    },
    "citySender": "Черкаси",
    "cityRecipient": "Харків"
  },
  {
    "number": 59000456073787,
    "dateTime": {
      "date": {
        "year": 2019,
        "month": 10,
        "day": 19
      },
      "time": {
        "hour": 9,
        "minute": 18,
        "second": 37,
        "nano": 0
      }
    },
    "citySender": "Харків",
    "cityRecipient": "Київ"
  },
  {
    "number": 59000456073788,
    "dateTime": {
      "date": {
        "year": 2019,
        "month": 10,
        "day": 19
      },
      "time": {
        "hour": 9,
        "minute": 19,
        "second": 7,
        "nano": 0
      }
    },
    "citySender": "Самбір",
    "cityRecipient": "Київ"
  },
  {
    "number": 59000456073789,
    "dateTime": {
      "date": {
        "year": 2019,
        "month": 10,
        "day": 19
      },
      "time": {
        "hour": 9,
        "minute": 19,
        "second": 11,
        "nano": 0
      }
    },
    "citySender": "Чернівці",
    "cityRecipient": "Чернівці"
  },
  {
    "number": 59000456073790,
    "dateTime": {
      "date": {
        "year": 2019,
        "month": 10,
        "day": 19
      },
      "time": {
        "hour": 9,
        "minute": 19,
        "second": 14,
        "nano": 0
      }
    },
    "citySender": "Київ",
    "cityRecipient": "Кривий Ріг"
  },
  {
    "number": 59000456073791,
    "dateTime": {
      "date": {
        "year": 2019,
        "month": 10,
        "day": 19
      },
      "time": {
        "hour": 9,
        "minute": 18,
        "second": 58,
        "nano": 0
      }
    },
    "citySender": "Іванівка (Одеська обл., Іванівський р-н)",
    "cityRecipient": "Курісове"
  },
  {
    "number": 59000456073792,
    "dateTime": {
      "date": {
        "year": 2019,
        "month": 10,
        "day": 19
      },
      "time": {
        "hour": 9,
        "minute": 19,
        "second": 5,
        "nano": 0
      }
    },
    "citySender": "Львів",
    "cityRecipient": "Умань"
  },
  {
    "number": 59000456073793,
    "dateTime": {
      "date": {
        "year": 2019,
        "month": 10,
        "day": 19
      },
      "time": {
        "hour": 9,
        "minute": 18,
        "second": 54,
        "nano": 0
      }
    },
    "citySender": "Кучурган",
    "cityRecipient": "Розівка (Розівський р-н)"
  },
  {
    "number": 59000456073794,
    "dateTime": {
      "date": {
        "year": 2019,
        "month": 10,
        "day": 19
      },
      "time": {
        "hour": 9,
        "minute": 19,
        "second": 9,
        "nano": 0
      }
    },
    "citySender": "Одеса",
    "cityRecipient": "Київ"
  },
  {
    "number": 59000456073795,
    "dateTime": {
      "date": {
        "year": 2019,
        "month": 10,
        "day": 19
      },
      "time": {
        "hour": 9,
        "minute": 19,
        "second": 16,
        "nano": 0
      }
    },
    "citySender": "Львів",
    "cityRecipient": "Турійськ"
  },
  {
    "number": 59000456073796,
    "dateTime": {
      "date": {
        "year": 2019,
        "month": 10,
        "day": 19
      },
      "time": {
        "hour": 9,
        "minute": 19,
        "second": 18,
        "nano": 0
      }
    },
    "citySender": "Одеса",
    "cityRecipient": "Одеса"
  },
  {
    "number": 59000456073797,
    "dateTime": {
      "date": {
        "year": 2019,
        "month": 10,
        "day": 19
      },
      "time": {
        "hour": 9,
        "minute": 18,
        "second": 54,
        "nano": 0
      }
    },
    "citySender": "Чонгар(Херсонська обл.)",
    "cityRecipient": "Київ"
  },
  {
    "number": 59000456073798,
    "dateTime": {
      "date": {
        "year": 2019,
        "month": 10,
        "day": 19
      },
      "time": {
        "hour": 9,
        "minute": 18,
        "second": 26,
        "nano": 0
      }
    },
    "citySender": "Ізмаїл",
    "cityRecipient": "Коцюбинське"
  }
]