[
  {
    "number": 59000456106979,
    "dateTime": {
      "date": {
        "year": 2019,
        "month": 10,
        "day": 19
      },
      "time": {
        "hour": 11,
        "minute": 39,
        "second": 54,
        "nano": 0
      }
    },
    "citySender": "Полігон",
    "cityRecipient": "Жовква"
  },
  {
    "number": 59000456106980,
    "dateTime": {
      "date": {
        "year": 2019,
        "month": 10,
        "day": 19
      },
      "time": {
        "hour": 11,
        "minute": 40,
        "second": 26,
        "nano": 0
      }
    },
    "citySender": "Вінниця",
    "cityRecipient": "Волноваха"
  },
  {
    "number": 59000456106981,
    "dateTime": {
      "date": {
        "year": 2019,
        "month": 10,
        "day": 19
      },
      "time": {
        "hour": 11,
        "minute": 40,
        "second": 48,
        "nano": 0
      }
    },
    "citySender": "Умань",
    "cityRecipient": "Львів"
  },
  {
    "number": 59000456106982,
    "dateTime": {
      "date": {
        "year": 2019,
        "month": 10,
        "day": 19
      },
      "time": {
        "hour": 11,
        "minute": 40,
        "second": 57,
        "nano": 0
      }
    },
    "citySender": "Київ",
    "cityRecipient": "Херсон"
  },
  {
    "number": 59000456106983,
    "dateTime": {
      "date": {
        "year": 2019,
        "month": 10,
        "day": 19
      },
      "time": {
        "hour": 11,
        "minute": 29,
        "second": 33,
        "nano": 0
      }
    },
    "citySender": "Чернівці",
    "cityRecipient": "Кельменці"
  },
  {
    "number": 59000456106984,
    "dateTime": {
      "date": {
        "year": 2019,
        "month": 10,
        "day": 19
      },
      "time": {
        "hour": 11,
        "minute": 40,
        "second": 1,
        "nano": 0
      }
    },
    "citySender": "Кам\u0027янське(Дніпропетровська обл)",
    "cityRecipient": "Біла Церква"
  },
  {
    "number": 59000456106985,
    "dateTime": {
      "date": {
        "year": 2019,
        "month": 10,
        "day": 19
      },
      "time": {
        "hour": 11,
        "minute": 40,
        "second": 29,
        "nano": 0
      }
    },
    "citySender": "Київ",
    "cityRecipient": "Київ"
  },
  {
    "number": 59000456106986,
    "dateTime": {
      "date": {
        "year": 2019,
        "month": 10,
        "day": 19
      },
      "time": {
        "hour": 11,
        "minute": 39,
        "second": 4,
        "nano": 0
      }
    },
    "citySender": "Миргород",
    "cityRecipient": "Маріуполь"
  },
  {
    "number": 59000456106987,
    "dateTime": {
      "date": {
        "year": 2019,
        "month": 10,
        "day": 19
      },
      "time": {
        "hour": 11,
        "minute": 40,
        "second": 55,
        "nano": 0
      }
    },
    "citySender": "Київ",
    "cityRecipient": "Дніпро"
  },
  {
    "number": 59000456106988,
    "dateTime": {
      "date": {
        "year": 2019,
        "month": 10,
        "day": 19
      },
      "time": {
        "hour": 11,
        "minute": 40,
        "second": 47,
        "nano": 0
      }
    },
    "citySender": "Харків",
    "cityRecipient": "Рудне"
  },
  {
    "number": 59000456106989,
    "dateTime": {
      "date": {
        "year": 2019,
        "month": 10,
        "day": 19
      },
      "time": {
        "hour": 11,
        "minute": 40,
        "second": 59,
        "nano": 0
      }
    },
    "citySender": "Бровари",
    "cityRecipient": "Одеса"
  },
  {
    "number": 59000456106990,
    "dateTime": {
      "date": {
        "year": 2019,
        "month": 10,
        "day": 19
      },
      "time": {
        "hour": 11,
        "minute": 40,
        "second": 52,
        "nano": 0
      }
    },
    "citySender": "Берегове",
    "cityRecipient": "Львів"
  },
  {
    "number": 59000456106991,
    "dateTime": {
      "date": {
        "year": 2019,
        "month": 10,
        "day": 19
      },
      "time": {
        "hour": 11,
        "minute": 40,
        "second": 34,
        "nano": 0
      }
    },
    "citySender": "Бердичів",
    "cityRecipient": "Братське"
  },
  {
    "number": 59000456106992,
    "dateTime": {
      "date": {
        "year": 2019,
        "month": 10,
        "day": 19
      },
      "time": {
        "hour": 11,
        "minute": 40,
        "second": 53,
        "nano": 0
      }
    },
    "citySender": "Київ",
    "cityRecipient": "Київ"
  },
  {
    "number": 59000456106993,
    "dateTime": {
      "date": {
        "year": 2019,
        "month": 10,
        "day": 19
      },
      "time": {
        "hour": 11,
        "minute": 40,
        "second": 15,
        "nano": 0
      }
    },
    "citySender": "Київ",
    "cityRecipient": "Київ"
  },
  {
    "number": 59000456106994,
    "dateTime": {
      "date": {
        "year": 2019,
        "month": 10,
        "day": 19
      },
      "time": {
        "hour": 11,
        "minute": 40,
        "second": 40,
        "nano": 0
      }
    },
    "citySender": "Кагарлик",
    "cityRecipient": "Київ"
  },
  {
    "number": 59000456106995,
    "dateTime": {
      "date": {
        "year": 2019,
        "month": 10,
        "day": 19
      },
      "time": {
        "hour": 11,
        "minute": 40,
        "second": 48,
        "nano": 0
      }
    },
    "citySender": "Миколаїв",
    "cityRecipient": "Київ"
  },
  {
    "number": 59000456106996,
    "dateTime": {
      "date": {
        "year": 2019,
        "month": 10,
        "day": 19
      },
      "time": {
        "hour": 11,
        "minute": 40,
        "second": 43,
        "nano": 0
      }
    },
    "citySender": "Волноваха",
    "cityRecipient": "Селидове"
  },
  {
    "number": 59000456106997,
    "dateTime": {
      "date": {
        "year": 2019,
        "month": 10,
        "day": 19
      },
      "time": {
        "hour": 11,
        "minute": 41,
        "second": 0,
        "nano": 0
      }
    },
    "citySender": "Київ",
    "cityRecipient": "Одеса"
  },
  {
    "number": 59000456106998,
    "dateTime": {
      "date": {
        "year": 2019,
        "month": 10,
        "day": 19
      },
      "time": {
        "hour": 11,
        "minute": 40,
        "second": 11,
        "nano": 0
      }
    },
    "citySender": "Генічеськ",
    "cityRecipient": "Кривий Ріг"
  },
  {
    "number": 59000456106999,
    "dateTime": {
      "date": {
        "year": 2019,
        "month": 10,
        "day": 19
      },
      "time": {
        "hour": 11,
        "minute": 40,
        "second": 38,
        "nano": 0
      }
    },
    "citySender": "Київ",
    "cityRecipient": "Херсон"
  },
  {
    "number": 59000456107000,
    "dateTime": {
      "date": {
        "year": 2019,
        "month": 10,
        "day": 19
      },
      "time": {
        "hour": 11,
        "minute": 40,
        "second": 52,
        "nano": 0
      }
    },
    "citySender": "Дніпро",
    "cityRecipient": "Херсон"
  },
  {
    "number": 59000456107001,
    "dateTime": {
      "date": {
        "year": 2019,
        "month": 10,
        "day": 19
      },
      "time": {
        "hour": 11,
        "minute": 40,
        "second": 41,
        "nano": 0
      }
    },
    "citySender": "Нерубайське",
    "cityRecipient": "Добропілля"
  },
  {
    "number": 59000456107002,
    "dateTime": {
      "date": {
        "year": 2019,
        "month": 10,
        "day": 19
      },
      "time": {
        "hour": 11,
        "minute": 40,
        "second": 23,
        "nano": 0
      }
    },
    "citySender": "Кам\u0027янське(Дніпропетровська обл)",
    "cityRecipient": "Магдалинівка"
  },
  {
    "number": 59000456107003,
    "dateTime": {
      "date": {
        "year": 2019,
        "month": 10,
        "day": 19
      },
      "time": {
        "hour": 11,
        "minute": 40,
        "second": 53,
        "nano": 0
      }
    },
    "citySender": "Київ",
    "cityRecipient": "Чернігів"
  },
  {
    "number": 59000456107004,
    "dateTime": {
      "date": {
        "year": 2019,
        "month": 10,
        "day": 19
      },
      "time": {
        "hour": 11,
        "minute": 40,
        "second": 50,
        "nano": 0
      }
    },
    "citySender": "Харків",
    "cityRecipient": "Рівне"
  },
  {
    "number": 59000456107005,
    "dateTime": {
      "date": {
        "year": 2019,
        "month": 10,
        "day": 19
      },
      "time": {
        "hour": 11,
        "minute": 40,
        "second": 11,
        "nano": 0
      }
    },
    "citySender": "Гадяч",
    "cityRecipient": "Пирятин"
  },
  {
    "number": 59000456107006,
    "dateTime": {
      "date": {
        "year": 2019,
        "month": 10,
        "day": 19
      },
      "time": {
        "hour": 11,
        "minute": 39,
        "second": 3,
        "nano": 0
      }
    },
    "citySender": "Тернопіль",
    "cityRecipient": "Київ"
  },
  {
    "number": 59000456107007,
    "dateTime": {
      "date": {
        "year": 2019,
        "month": 10,
        "day": 19
      },
      "time": {
        "hour": 11,
        "minute": 41,
        "second": 3,
        "nano": 0
      }
    },
    "citySender": "Березна (Чернігівська обл.)",
    "cityRecipient": "Курісове"
  },
  {
    "number": 59000456107008,
    "dateTime": {
      "date": {
        "year": 2019,
        "month": 10,
        "day": 19
      },
      "time": {
        "hour": 11,
        "minute": 40,
        "second": 38,
        "nano": 0
      }
    },
    "citySender": "Плесецьке",
    "cityRecipient": "Подільськ"
  },
  {
    "number": 59000456107009,
    "dateTime": {
      "date": {
        "year": 2019,
        "month": 10,
        "day": 19
      },
      "time": {
        "hour": 11,
        "minute": 39,
        "second": 53,
        "nano": 0
      }
    },
    "citySender": "Кривий Ріг",
    "cityRecipient": "Дніпро"
  },
  {
    "number": 59000456107010,
    "dateTime": {
      "date": {
        "year": 2019,
        "month": 10,
        "day": 19
      },
      "time": {
        "hour": 11,
        "minute": 40,
        "second": 31,
        "nano": 0
      }
    },
    "citySender": "Київ",
    "cityRecipient": "Бабинці"
  },
  {
    "number": 59000456107011,
    "dateTime": {
      "date": {
        "year": 2019,
        "month": 10,
        "day": 19
      },
      "time": {
        "hour": 11,
        "minute": 40,
        "second": 32,
        "nano": 0
      }
    },
    "citySender": "Димер",
    "cityRecipient": "Васильківка (Дніпропетровська обл.)"
  },
  {
    "number": 59000456107012,
    "dateTime": {
      "date": {
        "year": 2019,
        "month": 10,
        "day": 19
      },
      "time": {
        "hour": 11,
        "minute": 40,
        "second": 58,
        "nano": 0
      }
    },
    "citySender": "Харків",
    "cityRecipient": "Бровари"
  },
  {
    "number": 59000456107013,
    "dateTime": {
      "date": {
        "year": 2019,
        "month": 10,
        "day": 19
      },
      "time": {
        "hour": 11,
        "minute": 40,
        "second": 46,
        "nano": 0
      }
    },
    "citySender": "Шацьк",
    "cityRecipient": "Веселе (Запорізька обл.)"
  },
  {
    "number": 59000456107014,
    "dateTime": {
      "date": {
        "year": 2019,
        "month": 10,
        "day": 19
      },
      "time": {
        "hour": 11,
        "minute": 40,
        "second": 7,
        "nano": 0
      }
    },
    "citySender": "Черкаси",
    "cityRecipient": "Чигирин"
  },
  {
    "number": 59000456107015,
    "dateTime": {
      "date": {
        "year": 2019,
        "month": 10,
        "day": 19
      },
      "time": {
        "hour": 11,
        "minute": 40,
        "second": 25,
        "nano": 0
      }
    },
    "citySender": "Добромиль",
    "cityRecipient": "Черкаси"
  },
  {
    "number": 59000456107016,
    "dateTime": {
      "date": {
        "year": 2019,
        "month": 10,
        "day": 19
      },
      "time": {
        "hour": 11,
        "minute": 38,
        "second": 34,
        "nano": 0
      }
    },
    "citySender": "Цумань",
    "cityRecipient": "Ірпінь"
  },
  {
    "number": 59000456107017,
    "dateTime": {
      "date": {
        "year": 2019,
        "month": 10,
        "day": 19
      },
      "time": {
        "hour": 11,
        "minute": 40,
        "second": 29,
        "nano": 0
      }
    },
    "citySender": "Надвірна",
    "cityRecipient": "Бурштин"
  },
  {
    "number": 59000456107018,
    "dateTime": {
      "date": {
        "year": 2019,
        "month": 10,
        "day": 19
      },
      "time": {
        "hour": 11,
        "minute": 40,
        "second": 48,
        "nano": 0
      }
    },
    "citySender": "Ковель",
    "cityRecipient": "Кодима"
  },
  {
    "number": 59000456107019,
    "dateTime": {
      "date": {
        "year": 2019,
        "month": 10,
        "day": 19
      },
      "time": {
        "hour": 11,
        "minute": 40,
        "second": 26,
        "nano": 0
      }
    },
    "citySender": "Первомайський (Харківська обл.)",
    "cityRecipient": "Дніпро"
  },
  {
    "number": 59000456107020,
    "dateTime": {
      "date": {
        "year": 2019,
        "month": 10,
        "day": 19
      },
      "time": {
        "hour": 11,
        "minute": 40,
        "second": 50,
        "nano": 0
      }
    },
    "citySender": "Дніпро",
    "cityRecipient": "Ялта (Донецька обл.)"
  },
  {
    "number": 59000456107021,
    "dateTime": {
      "date": {
        "year": 2019,
        "month": 10,
        "day": 19
      },
      "time": {
        "hour": 11,
        "minute": 40,
        "second": 40,
        "nano": 0
      }
    },
    "citySender": "Запоріжжя",
    "cityRecipient": "Енергодар"
  },
  {
    "number": 59000456107022,
    "dateTime": {
      "date": {
        "year": 2019,
        "month": 10,
        "day": 19
      },
      "time": {
        "hour": 11,
        "minute": 40,
        "second": 52,
        "nano": 0
      }
    },
    "citySender": "Пологи (Запорізька обл.)",
    "cityRecipient": "Хмельницький"
  },
  {
    "number": 59000456107023,
    "dateTime": {
      "date": {
        "year": 2019,
        "month": 10,
        "day": 19
      },
      "time": {
        "hour": 11,
        "minute": 40,
        "second": 59,
        "nano": 0
      }
    },
    "citySender": "Київ",
    "cityRecipient": "Київ"
  },
  {
    "number": 59000456107024,
    "dateTime": {
      "date": {
        "year": 2019,
        "month": 10,
        "day": 19
      },
      "time": {
        "hour": 11,
        "minute": 41,
        "second": 4,
        "nano": 0
      }
    },
    "citySender": "Одеса",
    "cityRecipient": "Шостка"
  },
  {
    "number": 59000456107025,
    "dateTime": {
      "date": {
        "year": 2019,
        "month": 10,
        "day": 19
      },
      "time": {
        "hour": 11,
        "minute": 41,
        "second": 4,
        "nano": 0
      }
    },
    "citySender": "Одеса",
    "cityRecipient": "Дніпро"
  },
  {
    "number": 59000456107026,
    "dateTime": {
      "date": {
        "year": 2019,
        "month": 10,
        "day": 19
      },
      "time": {
        "hour": 11,
        "minute": 41,
        "second": 7,
        "nano": 0
      }
    },
    "citySender": "Київ",
    "cityRecipient": "Київ"
  },
  {
    "number": 59000456107028,
    "dateTime": {
      "date": {
        "year": 2019,
        "month": 10,
        "day": 19
      },
      "time": {
        "hour": 11,
        "minute": 40,
        "second": 55,
        "nano": 0
      }
    },
    "citySender": "Вапнярка",
    "cityRecipient": "Буча"
  },
  {
    "number": 59000456107029,
    "dateTime": {
      "date": {
        "year": 2019,
        "month": 10,
        "day": 19
      },
      "time": {
        "hour": 11,
        "minute": 39,
        "second": 57,
        "nano": 0
      }
    },
    "citySender": "Херсон",
    "cityRecipient": "Ірпінь"
  },
  {
    "number": 59000456107030,
    "dateTime": {
      "date": {
        "year": 2019,
        "month": 10,
        "day": 19
      },
      "time": {
        "hour": 11,
        "minute": 40,
        "second": 40,
        "nano": 0
      }
    },
    "citySender": "Іванковичі",
    "cityRecipient": "Нікольське (Володарський р-н., Донецька обл.)"
  },
  {
    "number": 59000456107031,
    "dateTime": {
      "date": {
        "year": 2019,
        "month": 10,
        "day": 19
      },
      "time": {
        "hour": 11,
        "minute": 40,
        "second": 49,
        "nano": 0
      }
    },
    "citySender": "Кам\u0027янець-Подільський",
    "cityRecipient": "Вінниця"
  },
  {
    "number": 59000456107032,
    "dateTime": {
      "date": {
        "year": 2019,
        "month": 10,
        "day": 19
      },
      "time": {
        "hour": 11,
        "minute": 40,
        "second": 50,
        "nano": 0
      }
    },
    "citySender": "Калуш",
    "cityRecipient": "Одеса"
  },
  {
    "number": 59000456107033,
    "dateTime": {
      "date": {
        "year": 2019,
        "month": 10,
        "day": 19
      },
      "time": {
        "hour": 11,
        "minute": 40,
        "second": 34,
        "nano": 0
      }
    },
    "citySender": "Квасилів (Рівненська обл.)",
    "cityRecipient": "Рафалівка"
  },
  {
    "number": 59000456107034,
    "dateTime": {
      "date": {
        "year": 2019,
        "month": 10,
        "day": 19
      },
      "time": {
        "hour": 11,
        "minute": 40,
        "second": 38,
        "nano": 0
      }
    },
    "citySender": "Івано-Франківськ",
    "cityRecipient": "Скадовськ"
  },
  {
    "number": 59000456107035,
    "dateTime": {
      "date": {
        "year": 2019,
        "month": 10,
        "day": 19
      },
      "time": {
        "hour": 11,
        "minute": 41,
        "second": 6,
        "nano": 0
      }
    },
    "citySender": "Миколаїв",
    "cityRecipient": "Бровари"
  },
  {
    "number": 59000456107036,
    "dateTime": {
      "date": {
        "year": 2019,
        "month": 10,
        "day": 19
      },
      "time": {
        "hour": 11,
        "minute": 41,
        "second": 10,
        "nano": 0
      }
    },
    "citySender": "Ірпінь",
    "cityRecipient": "Арбузинка"
  },
  {
    "number": 59000456107037,
    "dateTime": {
      "date": {
        "year": 2019,
        "month": 10,
        "day": 19
      },
      "time": {
        "hour": 11,
        "minute": 41,
        "second": 4,
        "nano": 0
      }
    },
    "citySender": "Київ",
    "cityRecipient": "Одеса"
  },
  {
    "number": 59000456107038,
    "dateTime": {
      "date": {
        "year": 2019,
        "month": 10,
        "day": 19
      },
      "time": {
        "hour": 11,
        "minute": 41,
        "second": 4,
        "nano": 0
      }
    },
    "citySender": "Київ",
    "cityRecipient": "Підгайці (Підгаєцький р-н., Тернопільська обл.)"
  },
  {
    "number": 59000456107039,
    "dateTime": {
      "date": {
        "year": 2019,
        "month": 10,
        "day": 19
      },
      "time": {
        "hour": 11,
        "minute": 39,
        "second": 55,
        "nano": 0
      }
    },
    "citySender": "Смига",
    "cityRecipient": "Київ"
  },
  {
    "number": 59000456107040,
    "dateTime": {
      "date": {
        "year": 2019,
        "month": 10,
        "day": 19
      },
      "time": {
        "hour": 11,
        "minute": 40,
        "second": 9,
        "nano": 0
      }
    },
    "citySender": "Одеса",
    "cityRecipient": "Сєвєродонецьк"
  },
  {
    "number": 59000456107041,
    "dateTime": {
      "date": {
        "year": 2019,
        "month": 10,
        "day": 19
      },
      "time": {
        "hour": 11,
        "minute": 41,
        "second": 8,
        "nano": 0
      }
    },
    "citySender": "Рясне-Руське",
    "cityRecipient": "Харків"
  },
  {
    "number": 59000456107042,
    "dateTime": {
      "date": {
        "year": 2019,
        "month": 10,
        "day": 19
      },
      "time": {
        "hour": 11,
        "minute": 40,
        "second": 25,
        "nano": 0
      }
    },
    "citySender": "Вінниця",
    "cityRecipient": "Брацлав"
  },
  {
    "number": 59000456107043,
    "dateTime": {
      "date": {
        "year": 2019,
        "month": 10,
        "day": 19
      },
      "time": {
        "hour": 11,
        "minute": 40,
        "second": 25,
        "nano": 0
      }
    },
    "citySender": "Соледар",
    "cityRecipient": "Маріуполь"
  },
  {
    "number": 59000456107044,
    "dateTime": {
      "date": {
        "year": 2019,
        "month": 10,
        "day": 19
      },
      "time": {
        "hour": 11,
        "minute": 40,
        "second": 38,
        "nano": 0
      }
    },
    "citySender": "Львів",
    "cityRecipient": "Полтава"
  },
  {
    "number": 59000456107045,
    "dateTime": {
      "date": {
        "year": 2019,
        "month": 10,
        "day": 19
      },
      "time": {
        "hour": 11,
        "minute": 41,
        "second": 2,
        "nano": 0
      }
    },
    "citySender": "Київ",
    "cityRecipient": "Київ"
  },
  {
    "number": 59000456107046,
    "dateTime": {
      "date": {
        "year": 2019,
        "month": 10,
        "day": 19
      },
      "time": {
        "hour": 11,
        "minute": 41,
        "second": 11,
        "nano": 0
      }
    },
    "citySender": "Харків",
    "cityRecipient": "Краматорськ"
  },
  {
    "number": 59000456107047,
    "dateTime": {
      "date": {
        "year": 2019,
        "month": 10,
        "day": 19
      },
      "time": {
        "hour": 11,
        "minute": 40,
        "second": 43,
        "nano": 0
      }
    },
    "citySender": "Радивилів",
    "cityRecipient": "Запоріжжя"
  },
  {
    "number": 59000456107048,
    "dateTime": {
      "date": {
        "year": 2019,
        "month": 10,
        "day": 19
      },
      "time": {
        "hour": 11,
        "minute": 39,
        "second": 4,
        "nano": 0
      }
    },
    "citySender": "Чоп",
    "cityRecipient": "Київ"
  },
  {
    "number": 59000456107049,
    "dateTime": {
      "date": {
        "year": 2019,
        "month": 10,
        "day": 19
      },
      "time": {
        "hour": 11,
        "minute": 40,
        "second": 48,
        "nano": 0
      }
    },
    "citySender": "Мелітополь",
    "cityRecipient": "Полтава"
  },
  {
    "number": 59000456107050,
    "dateTime": {
      "date": {
        "year": 2019,
        "month": 10,
        "day": 19
      },
      "time": {
        "hour": 11,
        "minute": 40,
        "second": 30,
        "nano": 0
      }
    },
    "citySender": "Київ",
    "cityRecipient": "Київ"
  },
  {
    "number": 59000456107051,
    "dateTime": {
      "date": {
        "year": 2019,
        "month": 10,
        "day": 19
      },
      "time": {
        "hour": 11,
        "minute": 41,
        "second": 3,
        "nano": 0
      }
    },
    "citySender": "Хлібодарське",
    "cityRecipient": "Львів"
  },
  {
    "number": 59000456107052,
    "dateTime": {
      "date": {
        "year": 2019,
        "month": 10,
        "day": 19
      },
      "time": {
        "hour": 11,
        "minute": 40,
        "second": 47,
        "nano": 0
      }
    },
    "citySender": "Славута",
    "cityRecipient": "Ужгород"
  },
  {
    "number": 59000456107053,
    "dateTime": {
      "date": {
        "year": 2019,
        "month": 10,
        "day": 19
      },
      "time": {
        "hour": 11,
        "minute": 41,
        "second": 12,
        "nano": 0
      }
    },
    "citySender": "Полонне",
    "cityRecipient": "Дружківка"
  },
  {
    "number": 59000456107054,
    "dateTime": {
      "date": {
        "year": 2019,
        "month": 10,
        "day": 19
      },
      "time": {
        "hour": 11,
        "minute": 40,
        "second": 44,
        "nano": 0
      }
    },
    "citySender": "Київ",
    "cityRecipient": "Куп\u0027янськ"
  },
  {
    "number": 59000456107055,
    "dateTime": {
      "date": {
        "year": 2019,
        "month": 10,
        "day": 19
      },
      "time": {
        "hour": 11,
        "minute": 41,
        "second": 13,
        "nano": 0
      }
    },
    "citySender": "Київ",
    "cityRecipient": "Харків"
  },
  {
    "number": 59000456107056,
    "dateTime": {
      "date": {
        "year": 2019,
        "month": 10,
        "day": 19
      },
      "time": {
        "hour": 11,
        "minute": 41,
        "second": 13,
        "nano": 0
      }
    },
    "citySender": "Маріуполь",
    "cityRecipient": "Одеса"
  },
  {
    "number": 59000456107057,
    "dateTime": {
      "date": {
        "year": 2019,
        "month": 10,
        "day": 19
      },
      "time": {
        "hour": 11,
        "minute": 41,
        "second": 1,
        "nano": 0
      }
    },
    "citySender": "Кропивницький",
    "cityRecipient": "Ірпінь"
  },
  {
    "number": 59000456107058,
    "dateTime": {
      "date": {
        "year": 2019,
        "month": 10,
        "day": 19
      },
      "time": {
        "hour": 11,
        "minute": 41,
        "second": 12,
        "nano": 0
      }
    },
    "citySender": "Покровськ (Донецька обл.)",
    "cityRecipient": "Буча"
  },
  {
    "number": 59000456107059,
    "dateTime": {
      "date": {
        "year": 2019,
        "month": 10,
        "day": 19
      },
      "time": {
        "hour": 11,
        "minute": 41,
        "second": 14,
        "nano": 0
      }
    },
    "citySender": "Радомишль",
    "cityRecipient": "Рованці"
  },
  {
    "number": 59000456107060,
    "dateTime": {
      "date": {
        "year": 2019,
        "month": 10,
        "day": 19
      },
      "time": {
        "hour": 11,
        "minute": 41,
        "second": 15,
        "nano": 0
      }
    },
    "citySender": "Київ",
    "cityRecipient": "Одеса"
  },
  {
    "number": 59000456107061,
    "dateTime": {
      "date": {
        "year": 2019,
        "month": 10,
        "day": 19
      },
      "time": {
        "hour": 11,
        "minute": 40,
        "second": 37,
        "nano": 0
      }
    },
    "citySender": "Слов\u0027янськ",
    "cityRecipient": "Кривий Ріг"
  },
  {
    "number": 59000456107062,
    "dateTime": {
      "date": {
        "year": 2019,
        "month": 10,
        "day": 19
      },
      "time": {
        "hour": 11,
        "minute": 41,
        "second": 15,
        "nano": 0
      }
    },
    "citySender": "Ізяслав",
    "cityRecipient": "Бровари"
  },
  {
    "number": 59000456107063,
    "dateTime": {
      "date": {
        "year": 2019,
        "month": 10,
        "day": 19
      },
      "time": {
        "hour": 11,
        "minute": 41,
        "second": 15,
        "nano": 0
      }
    },
    "citySender": "Бурштин",
    "cityRecipient": "Київ"
  },
  {
    "number": 59000456107064,
    "dateTime": {
      "date": {
        "year": 2019,
        "month": 10,
        "day": 19
      },
      "time": {
        "hour": 11,
        "minute": 40,
        "second": 40,
        "nano": 0
      }
    },
    "citySender": "Конотоп",
    "cityRecipient": "Ромни"
  },
  {
    "number": 59000456107065,
    "dateTime": {
      "date": {
        "year": 2019,
        "month": 10,
        "day": 19
      },
      "time": {
        "hour": 11,
        "minute": 40,
        "second": 22,
        "nano": 0
      }
    },
    "citySender": "Київ",
    "cityRecipient": "Біла Церква"
  },
  {
    "number": 59000456107066,
    "dateTime": {
      "date": {
        "year": 2019,
        "month": 10,
        "day": 19
      },
      "time": {
        "hour": 11,
        "minute": 41,
        "second": 12,
        "nano": 0
      }
    },
    "citySender": "Кривий Ріг",
    "cityRecipient": "Дніпро"
  },
  {
    "number": 59000456107067,
    "dateTime": {
      "date": {
        "year": 2019,
        "month": 10,
        "day": 19
      },
      "time": {
        "hour": 11,
        "minute": 39,
        "second": 27,
        "nano": 0
      }
    },
    "citySender": "Кучаків",
    "cityRecipient": "Київ"
  },
  {
    "number": 59000456107068,
    "dateTime": {
      "date": {
        "year": 2019,
        "month": 10,
        "day": 19
      },
      "time": {
        "hour": 11,
        "minute": 39,
        "second": 8,
        "nano": 0
      }
    },
    "citySender": "Святогірськ",
    "cityRecipient": "Київ"
  },
  {
    "number": 59000456107069,
    "dateTime": {
      "date": {
        "year": 2019,
        "month": 10,
        "day": 19
      },
      "time": {
        "hour": 11,
        "minute": 40,
        "second": 33,
        "nano": 0
      }
    },
    "citySender": "Біловодськ",
    "cityRecipient": "Одеса"
  },
  {
    "number": 59000456107071,
    "dateTime": {
      "date": {
        "year": 2019,
        "month": 10,
        "day": 19
      },
      "time": {
        "hour": 11,
        "minute": 41,
        "second": 15,
        "nano": 0
      }
    },
    "citySender": "Благовіщенське(Кіровоградська обл.)",
    "cityRecipient": "Дніпро"
  },
  {
    "number": 59000456107072,
    "dateTime": {
      "date": {
        "year": 2019,
        "month": 10,
        "day": 19
      },
      "time": {
        "hour": 11,
        "minute": 41,
        "second": 17,
        "nano": 0
      }
    },
    "citySender": "Дніпро",
    "cityRecipient": "Новогродівка"
  },
  {
    "number": 59000456107073,
    "dateTime": {
      "date": {
        "year": 2019,
        "month": 10,
        "day": 19
      },
      "time": {
        "hour": 11,
        "minute": 40,
        "second": 57,
        "nano": 0
      }
    },
    "citySender": "Шкло",
    "cityRecipient": "Дружківка"
  },
  {
    "number": 59000456107074,
    "dateTime": {
      "date": {
        "year": 2019,
        "month": 10,
        "day": 19
      },
      "time": {
        "hour": 11,
        "minute": 40,
        "second": 53,
        "nano": 0
      }
    },
    "citySender": "Київ",
    "cityRecipient": "Харків"
  },
  {
    "number": 59000456107075,
    "dateTime": {
      "date": {
        "year": 2019,
        "month": 10,
        "day": 19
      },
      "time": {
        "hour": 11,
        "minute": 39,
        "second": 48,
        "nano": 0
      }
    },
    "citySender": "Сторожинець",
    "cityRecipient": "Маріуполь"
  },
  {
    "number": 59000456107076,
    "dateTime": {
      "date": {
        "year": 2019,
        "month": 10,
        "day": 19
      },
      "time": {
        "hour": 11,
        "minute": 39,
        "second": 53,
        "nano": 0
      }
    },
    "citySender": "Жовква",
    "cityRecipient": "Вишеньки"
  },
  {
    "number": 59000456107077,
    "dateTime": {
      "date": {
        "year": 2019,
        "month": 10,
        "day": 19
      },
      "time": {
        "hour": 11,
        "minute": 41,
        "second": 19,
        "nano": 0
      }
    },
    "citySender": "Оржів",
    "cityRecipient": "Бровари"
  },
  {
    "number": 59000456107078,
    "dateTime": {
      "date": {
        "year": 2019,
        "month": 10,
        "day": 19
      },
      "time": {
        "hour": 11,
        "minute": 40,
        "second": 37,
        "nano": 0
      }
    },
    "citySender": "Борщів",
    "cityRecipient": "Переяслав-Хмельницький"
  }
]