[
  {
    "number": 59000456077296,
    "dateTime": {
      "date": {
        "year": 2019,
        "month": 10,
        "day": 19
      },
      "time": {
        "hour": 9,
        "minute": 36,
        "second": 18,
        "nano": 0
      }
    },
    "citySender": "Грозинці",
    "cityRecipient": "Авангард"
  },
  {
    "number": 59000456077297,
    "dateTime": {
      "date": {
        "year": 2019,
        "month": 10,
        "day": 19
      },
      "time": {
        "hour": 9,
        "minute": 33,
        "second": 51,
        "nano": 0
      }
    },
    "citySender": "Зборів",
    "cityRecipient": "Гадяч"
  },
  {
    "number": 59000456077298,
    "dateTime": {
      "date": {
        "year": 2019,
        "month": 10,
        "day": 19
      },
      "time": {
        "hour": 9,
        "minute": 35,
        "second": 52,
        "nano": 0
      }
    },
    "citySender": "Тарасівка",
    "cityRecipient": "Тернопіль"
  },
  {
    "number": 59000456077299,
    "dateTime": {
      "date": {
        "year": 2019,
        "month": 10,
        "day": 19
      },
      "time": {
        "hour": 9,
        "minute": 33,
        "second": 32,
        "nano": 0
      }
    },
    "citySender": "Івано-Франківськ",
    "cityRecipient": "Київ"
  },
  {
    "number": 59000456077300,
    "dateTime": {
      "date": {
        "year": 2019,
        "month": 10,
        "day": 19
      },
      "time": {
        "hour": 9,
        "minute": 35,
        "second": 42,
        "nano": 0
      }
    },
    "citySender": "Суми",
    "cityRecipient": "Вишгород"
  },
  {
    "number": 59000456077301,
    "dateTime": {
      "date": {
        "year": 2019,
        "month": 10,
        "day": 19
      },
      "time": {
        "hour": 9,
        "minute": 36,
        "second": 19,
        "nano": 0
      }
    },
    "citySender": "Харків",
    "cityRecipient": "Ілічанка"
  },
  {
    "number": 59000456077302,
    "dateTime": {
      "date": {
        "year": 2019,
        "month": 10,
        "day": 19
      },
      "time": {
        "hour": 9,
        "minute": 36,
        "second": 9,
        "nano": 0
      }
    },
    "citySender": "Київ",
    "cityRecipient": "Київ"
  },
  {
    "number": 59000456077303,
    "dateTime": {
      "date": {
        "year": 2019,
        "month": 10,
        "day": 19
      },
      "time": {
        "hour": 9,
        "minute": 34,
        "second": 23,
        "nano": 0
      }
    },
    "citySender": "Київ",
    "cityRecipient": "Кременчук"
  },
  {
    "number": 59000456077304,
    "dateTime": {
      "date": {
        "year": 2019,
        "month": 10,
        "day": 19
      },
      "time": {
        "hour": 9,
        "minute": 36,
        "second": 3,
        "nano": 0
      }
    },
    "citySender": "Київ",
    "cityRecipient": "Сіверськ"
  },
  {
    "number": 59000456077305,
    "dateTime": {
      "date": {
        "year": 2019,
        "month": 10,
        "day": 19
      },
      "time": {
        "hour": 9,
        "minute": 34,
        "second": 45,
        "nano": 0
      }
    },
    "citySender": "Лохвиця",
    "cityRecipient": "Київ"
  },
  {
    "number": 59000456077306,
    "dateTime": {
      "date": {
        "year": 2019,
        "month": 10,
        "day": 19
      },
      "time": {
        "hour": 9,
        "minute": 36,
        "second": 7,
        "nano": 0
      }
    },
    "citySender": "Львів",
    "cityRecipient": "Кропивницький"
  },
  {
    "number": 59000456077307,
    "dateTime": {
      "date": {
        "year": 2019,
        "month": 10,
        "day": 19
      },
      "time": {
        "hour": 9,
        "minute": 36,
        "second": 6,
        "nano": 0
      }
    },
    "citySender": "Київ",
    "cityRecipient": "Одеса"
  },
  {
    "number": 59000456077308,
    "dateTime": {
      "date": {
        "year": 2019,
        "month": 10,
        "day": 19
      },
      "time": {
        "hour": 9,
        "minute": 36,
        "second": 19,
        "nano": 0
      }
    },
    "citySender": "Київ",
    "cityRecipient": "Чернівці"
  },
  {
    "number": 59000456077309,
    "dateTime": {
      "date": {
        "year": 2019,
        "month": 10,
        "day": 19
      },
      "time": {
        "hour": 9,
        "minute": 36,
        "second": 19,
        "nano": 0
      }
    },
    "citySender": "Дніпро",
    "cityRecipient": "Львів"
  },
  {
    "number": 59000456077310,
    "dateTime": {
      "date": {
        "year": 2019,
        "month": 10,
        "day": 19
      },
      "time": {
        "hour": 9,
        "minute": 35,
        "second": 17,
        "nano": 0
      }
    },
    "citySender": "Кропивницький",
    "cityRecipient": "Лозова"
  },
  {
    "number": 59000456077311,
    "dateTime": {
      "date": {
        "year": 2019,
        "month": 10,
        "day": 19
      },
      "time": {
        "hour": 9,
        "minute": 35,
        "second": 38,
        "nano": 0
      }
    },
    "citySender": "Херсон",
    "cityRecipient": "Київ"
  },
  {
    "number": 59000456077312,
    "dateTime": {
      "date": {
        "year": 2019,
        "month": 10,
        "day": 19
      },
      "time": {
        "hour": 9,
        "minute": 35,
        "second": 50,
        "nano": 0
      }
    },
    "citySender": "Миколаїв",
    "cityRecipient": "Тернопіль"
  },
  {
    "number": 59000456077313,
    "dateTime": {
      "date": {
        "year": 2019,
        "month": 10,
        "day": 19
      },
      "time": {
        "hour": 9,
        "minute": 35,
        "second": 28,
        "nano": 0
      }
    },
    "citySender": "Кам\u0027янське(Дніпропетровська обл)",
    "cityRecipient": "Кривий Ріг"
  },
  {
    "number": 59000456077314,
    "dateTime": {
      "date": {
        "year": 2019,
        "month": 10,
        "day": 19
      },
      "time": {
        "hour": 9,
        "minute": 36,
        "second": 19,
        "nano": 0
      }
    },
    "citySender": "Козова",
    "cityRecipient": "Пологи (Запорізька обл.)"
  },
  {
    "number": 59000456077315,
    "dateTime": {
      "date": {
        "year": 2019,
        "month": 10,
        "day": 19
      },
      "time": {
        "hour": 9,
        "minute": 36,
        "second": 11,
        "nano": 0
      }
    },
    "citySender": "Компаніївка",
    "cityRecipient": "Кривий Ріг"
  },
  {
    "number": 59000456077316,
    "dateTime": {
      "date": {
        "year": 2019,
        "month": 10,
        "day": 19
      },
      "time": {
        "hour": 9,
        "minute": 36,
        "second": 14,
        "nano": 0
      }
    },
    "citySender": "Київ",
    "cityRecipient": "Богодухів"
  },
  {
    "number": 59000456077317,
    "dateTime": {
      "date": {
        "year": 2019,
        "month": 10,
        "day": 19
      },
      "time": {
        "hour": 9,
        "minute": 36,
        "second": 25,
        "nano": 0
      }
    },
    "citySender": "Київ",
    "cityRecipient": "Миколаїв"
  },
  {
    "number": 59000456077318,
    "dateTime": {
      "date": {
        "year": 2019,
        "month": 10,
        "day": 19
      },
      "time": {
        "hour": 9,
        "minute": 36,
        "second": 21,
        "nano": 0
      }
    },
    "citySender": "Івано-Франківськ",
    "cityRecipient": "Радомишль"
  },
  {
    "number": 59000456077319,
    "dateTime": {
      "date": {
        "year": 2019,
        "month": 10,
        "day": 19
      },
      "time": {
        "hour": 9,
        "minute": 36,
        "second": 26,
        "nano": 0
      }
    },
    "citySender": "Любимівка (Каховський р-н)",
    "cityRecipient": "Черкаси"
  },
  {
    "number": 59000456077320,
    "dateTime": {
      "date": {
        "year": 2019,
        "month": 10,
        "day": 19
      },
      "time": {
        "hour": 9,
        "minute": 36,
        "second": 26,
        "nano": 0
      }
    },
    "citySender": "Первомайський (Харківська обл.)",
    "cityRecipient": "Київ"
  },
  {
    "number": 59000456077321,
    "dateTime": {
      "date": {
        "year": 2019,
        "month": 10,
        "day": 19
      },
      "time": {
        "hour": 9,
        "minute": 34,
        "second": 57,
        "nano": 0
      }
    },
    "citySender": "Катюжанка",
    "cityRecipient": "Обертин"
  },
  {
    "number": 59000456077322,
    "dateTime": {
      "date": {
        "year": 2019,
        "month": 10,
        "day": 19
      },
      "time": {
        "hour": 9,
        "minute": 36,
        "second": 11,
        "nano": 0
      }
    },
    "citySender": "Вінниця",
    "cityRecipient": "Київ"
  },
  {
    "number": 59000456077323,
    "dateTime": {
      "date": {
        "year": 2019,
        "month": 10,
        "day": 19
      },
      "time": {
        "hour": 9,
        "minute": 36,
        "second": 26,
        "nano": 0
      }
    },
    "citySender": "Бровари",
    "cityRecipient": "Бровари"
  },
  {
    "number": 59000456077324,
    "dateTime": {
      "date": {
        "year": 2019,
        "month": 10,
        "day": 19
      },
      "time": {
        "hour": 9,
        "minute": 36,
        "second": 27,
        "nano": 0
      }
    },
    "citySender": "Рівне",
    "cityRecipient": "Вишневе"
  },
  {
    "number": 59000456077325,
    "dateTime": {
      "date": {
        "year": 2019,
        "month": 10,
        "day": 19
      },
      "time": {
        "hour": 9,
        "minute": 36,
        "second": 27,
        "nano": 0
      }
    },
    "citySender": "Чернівці",
    "cityRecipient": "Одеса"
  },
  {
    "number": 59000456077326,
    "dateTime": {
      "date": {
        "year": 2019,
        "month": 10,
        "day": 19
      },
      "time": {
        "hour": 9,
        "minute": 36,
        "second": 21,
        "nano": 0
      }
    },
    "citySender": "Ланчин",
    "cityRecipient": "Радомишль"
  },
  {
    "number": 59000456077327,
    "dateTime": {
      "date": {
        "year": 2019,
        "month": 10,
        "day": 19
      },
      "time": {
        "hour": 9,
        "minute": 35,
        "second": 48,
        "nano": 0
      }
    },
    "citySender": "Велика Білозерка",
    "cityRecipient": "Шостка"
  },
  {
    "number": 59000456077328,
    "dateTime": {
      "date": {
        "year": 2019,
        "month": 10,
        "day": 19
      },
      "time": {
        "hour": 9,
        "minute": 35,
        "second": 18,
        "nano": 0
      }
    },
    "citySender": "Слов\u0027янськ",
    "cityRecipient": "Київ"
  },
  {
    "number": 59000456077329,
    "dateTime": {
      "date": {
        "year": 2019,
        "month": 10,
        "day": 19
      },
      "time": {
        "hour": 9,
        "minute": 36,
        "second": 0,
        "nano": 0
      }
    },
    "citySender": "Чернівці",
    "cityRecipient": "Київ"
  },
  {
    "number": 59000456077330,
    "dateTime": {
      "date": {
        "year": 2019,
        "month": 10,
        "day": 19
      },
      "time": {
        "hour": 9,
        "minute": 36,
        "second": 13,
        "nano": 0
      }
    },
    "citySender": "Маріуполь",
    "cityRecipient": "Київ"
  },
  {
    "number": 59000456077331,
    "dateTime": {
      "date": {
        "year": 2019,
        "month": 10,
        "day": 19
      },
      "time": {
        "hour": 9,
        "minute": 36,
        "second": 3,
        "nano": 0
      }
    },
    "citySender": "Троїцьке (Луганська обл.)",
    "cityRecipient": "Харків"
  },
  {
    "number": 59000456077332,
    "dateTime": {
      "date": {
        "year": 2019,
        "month": 10,
        "day": 19
      },
      "time": {
        "hour": 9,
        "minute": 36,
        "second": 28,
        "nano": 0
      }
    },
    "citySender": "Благодатне",
    "cityRecipient": "Одеса"
  },
  {
    "number": 59000456077333,
    "dateTime": {
      "date": {
        "year": 2019,
        "month": 10,
        "day": 19
      },
      "time": {
        "hour": 9,
        "minute": 35,
        "second": 31,
        "nano": 0
      }
    },
    "citySender": "Маневичі",
    "cityRecipient": "Тернопіль"
  },
  {
    "number": 59000456077334,
    "dateTime": {
      "date": {
        "year": 2019,
        "month": 10,
        "day": 19
      },
      "time": {
        "hour": 9,
        "minute": 35,
        "second": 20,
        "nano": 0
      }
    },
    "citySender": "Сенча",
    "cityRecipient": "Виноградів"
  },
  {
    "number": 59000456077335,
    "dateTime": {
      "date": {
        "year": 2019,
        "month": 10,
        "day": 19
      },
      "time": {
        "hour": 9,
        "minute": 36,
        "second": 28,
        "nano": 0
      }
    },
    "citySender": "Павлоград",
    "cityRecipient": "Жовтанці"
  },
  {
    "number": 59000456077336,
    "dateTime": {
      "date": {
        "year": 2019,
        "month": 10,
        "day": 19
      },
      "time": {
        "hour": 9,
        "minute": 36,
        "second": 29,
        "nano": 0
      }
    },
    "citySender": "Жмеринка",
    "cityRecipient": "Київ"
  },
  {
    "number": 59000456077337,
    "dateTime": {
      "date": {
        "year": 2019,
        "month": 10,
        "day": 19
      },
      "time": {
        "hour": 9,
        "minute": 36,
        "second": 19,
        "nano": 0
      }
    },
    "citySender": "Чернівці",
    "cityRecipient": "Київ"
  },
  {
    "number": 59000456077338,
    "dateTime": {
      "date": {
        "year": 2019,
        "month": 10,
        "day": 19
      },
      "time": {
        "hour": 9,
        "minute": 36,
        "second": 27,
        "nano": 0
      }
    },
    "citySender": "Косів",
    "cityRecipient": "Одеса"
  },
  {
    "number": 59000456077339,
    "dateTime": {
      "date": {
        "year": 2019,
        "month": 10,
        "day": 19
      },
      "time": {
        "hour": 9,
        "minute": 35,
        "second": 52,
        "nano": 0
      }
    },
    "citySender": "Харків",
    "cityRecipient": "Білогородка (Київська обл.)"
  },
  {
    "number": 59000456077340,
    "dateTime": {
      "date": {
        "year": 2019,
        "month": 10,
        "day": 19
      },
      "time": {
        "hour": 9,
        "minute": 36,
        "second": 30,
        "nano": 0
      }
    },
    "citySender": "Сквира",
    "cityRecipient": "Рівне"
  },
  {
    "number": 59000456077341,
    "dateTime": {
      "date": {
        "year": 2019,
        "month": 10,
        "day": 19
      },
      "time": {
        "hour": 9,
        "minute": 36,
        "second": 30,
        "nano": 0
      }
    },
    "citySender": "Миколаїв",
    "cityRecipient": "Київ"
  },
  {
    "number": 59000456077342,
    "dateTime": {
      "date": {
        "year": 2019,
        "month": 10,
        "day": 19
      },
      "time": {
        "hour": 9,
        "minute": 36,
        "second": 22,
        "nano": 0
      }
    },
    "citySender": "Корсунь-Шевченківський",
    "cityRecipient": "Вінниця"
  },
  {
    "number": 59000456077343,
    "dateTime": {
      "date": {
        "year": 2019,
        "month": 10,
        "day": 19
      },
      "time": {
        "hour": 9,
        "minute": 36,
        "second": 16,
        "nano": 0
      }
    },
    "citySender": "Старокостянтинів",
    "cityRecipient": "Маріуполь"
  },
  {
    "number": 59000456077344,
    "dateTime": {
      "date": {
        "year": 2019,
        "month": 10,
        "day": 19
      },
      "time": {
        "hour": 9,
        "minute": 36,
        "second": 11,
        "nano": 0
      }
    },
    "citySender": "Ізмаїл",
    "cityRecipient": "Київ"
  },
  {
    "number": 59000456077345,
    "dateTime": {
      "date": {
        "year": 2019,
        "month": 10,
        "day": 19
      },
      "time": {
        "hour": 9,
        "minute": 36,
        "second": 25,
        "nano": 0
      }
    },
    "citySender": "Копайгород",
    "cityRecipient": "Уладівка"
  },
  {
    "number": 59000456077347,
    "dateTime": {
      "date": {
        "year": 2019,
        "month": 10,
        "day": 19
      },
      "time": {
        "hour": 9,
        "minute": 35,
        "second": 52,
        "nano": 0
      }
    },
    "citySender": "Харків",
    "cityRecipient": "Львів"
  },
  {
    "number": 59000456077348,
    "dateTime": {
      "date": {
        "year": 2019,
        "month": 10,
        "day": 19
      },
      "time": {
        "hour": 9,
        "minute": 36,
        "second": 12,
        "nano": 0
      }
    },
    "citySender": "Бузаки",
    "cityRecipient": "Гнівань"
  },
  {
    "number": 59000456077349,
    "dateTime": {
      "date": {
        "year": 2019,
        "month": 10,
        "day": 19
      },
      "time": {
        "hour": 9,
        "minute": 35,
        "second": 58,
        "nano": 0
      }
    },
    "citySender": "Запоріжжя",
    "cityRecipient": "Київ"
  },
  {
    "number": 59000456077350,
    "dateTime": {
      "date": {
        "year": 2019,
        "month": 10,
        "day": 19
      },
      "time": {
        "hour": 9,
        "minute": 36,
        "second": 15,
        "nano": 0
      }
    },
    "citySender": "Райгородка",
    "cityRecipient": "Щастя"
  },
  {
    "number": 59000456077351,
    "dateTime": {
      "date": {
        "year": 2019,
        "month": 10,
        "day": 19
      },
      "time": {
        "hour": 9,
        "minute": 35,
        "second": 53,
        "nano": 0
      }
    },
    "citySender": "Мена",
    "cityRecipient": "Галич"
  },
  {
    "number": 59000456077352,
    "dateTime": {
      "date": {
        "year": 2019,
        "month": 10,
        "day": 19
      },
      "time": {
        "hour": 9,
        "minute": 34,
        "second": 31,
        "nano": 0
      }
    },
    "citySender": "Тростянець (Вінницька обл.)",
    "cityRecipient": "Запоріжжя"
  },
  {
    "number": 59000456077353,
    "dateTime": {
      "date": {
        "year": 2019,
        "month": 10,
        "day": 19
      },
      "time": {
        "hour": 9,
        "minute": 35,
        "second": 25,
        "nano": 0
      }
    },
    "citySender": "Кропивницький",
    "cityRecipient": "Білозерське (Донецька обл.)"
  },
  {
    "number": 59000456077354,
    "dateTime": {
      "date": {
        "year": 2019,
        "month": 10,
        "day": 19
      },
      "time": {
        "hour": 9,
        "minute": 36,
        "second": 21,
        "nano": 0
      }
    },
    "citySender": "Ковель",
    "cityRecipient": "Київ"
  },
  {
    "number": 59000456077356,
    "dateTime": {
      "date": {
        "year": 2019,
        "month": 10,
        "day": 19
      },
      "time": {
        "hour": 9,
        "minute": 35,
        "second": 41,
        "nano": 0
      }
    },
    "citySender": "Хорол",
    "cityRecipient": "Балаклія (Харківська обл.)"
  },
  {
    "number": 59000456077357,
    "dateTime": {
      "date": {
        "year": 2019,
        "month": 10,
        "day": 19
      },
      "time": {
        "hour": 9,
        "minute": 36,
        "second": 1,
        "nano": 0
      }
    },
    "citySender": "Кам\u0027янське(Дніпропетровська обл)",
    "cityRecipient": "Київ"
  },
  {
    "number": 59000456077358,
    "dateTime": {
      "date": {
        "year": 2019,
        "month": 10,
        "day": 19
      },
      "time": {
        "hour": 9,
        "minute": 36,
        "second": 33,
        "nano": 0
      }
    },
    "citySender": "Андріївка (Великоновосілківський р-н)",
    "cityRecipient": "Київ"
  },
  {
    "number": 59000456077359,
    "dateTime": {
      "date": {
        "year": 2019,
        "month": 10,
        "day": 19
      },
      "time": {
        "hour": 9,
        "minute": 35,
        "second": 35,
        "nano": 0
      }
    },
    "citySender": "Бібрка",
    "cityRecipient": "Дніпро"
  },
  {
    "number": 59000456077360,
    "dateTime": {
      "date": {
        "year": 2019,
        "month": 10,
        "day": 19
      },
      "time": {
        "hour": 9,
        "minute": 36,
        "second": 34,
        "nano": 0
      }
    },
    "citySender": "Волноваха",
    "cityRecipient": "Кривий Ріг"
  },
  {
    "number": 59000456077361,
    "dateTime": {
      "date": {
        "year": 2019,
        "month": 10,
        "day": 19
      },
      "time": {
        "hour": 9,
        "minute": 35,
        "second": 16,
        "nano": 0
      }
    },
    "citySender": "Велика Лепетиха",
    "cityRecipient": "Херсон"
  },
  {
    "number": 59000456077362,
    "dateTime": {
      "date": {
        "year": 2019,
        "month": 10,
        "day": 19
      },
      "time": {
        "hour": 9,
        "minute": 36,
        "second": 27,
        "nano": 0
      }
    },
    "citySender": "Томаківка",
    "cityRecipient": "Кам\u0027янське(Дніпропетровська обл)"
  },
  {
    "number": 59000456077363,
    "dateTime": {
      "date": {
        "year": 2019,
        "month": 10,
        "day": 19
      },
      "time": {
        "hour": 9,
        "minute": 35,
        "second": 51,
        "nano": 0
      }
    },
    "citySender": "Лисичанськ",
    "cityRecipient": "Харків"
  },
  {
    "number": 59000456077364,
    "dateTime": {
      "date": {
        "year": 2019,
        "month": 10,
        "day": 19
      },
      "time": {
        "hour": 9,
        "minute": 36,
        "second": 35,
        "nano": 0
      }
    },
    "citySender": "Ірпінь",
    "cityRecipient": "Донець(Балаклійський р-н)"
  },
  {
    "number": 59000456077365,
    "dateTime": {
      "date": {
        "year": 2019,
        "month": 10,
        "day": 19
      },
      "time": {
        "hour": 9,
        "minute": 36,
        "second": 23,
        "nano": 0
      }
    },
    "citySender": "Дніпро",
    "cityRecipient": "Нові Санжари"
  },
  {
    "number": 59000456077366,
    "dateTime": {
      "date": {
        "year": 2019,
        "month": 10,
        "day": 19
      },
      "time": {
        "hour": 9,
        "minute": 36,
        "second": 28,
        "nano": 0
      }
    },
    "citySender": "Сквира",
    "cityRecipient": "Сквира"
  },
  {
    "number": 59000456077367,
    "dateTime": {
      "date": {
        "year": 2019,
        "month": 10,
        "day": 19
      },
      "time": {
        "hour": 9,
        "minute": 36,
        "second": 35,
        "nano": 0
      }
    },
    "citySender": "Харків",
    "cityRecipient": "Київ"
  },
  {
    "number": 59000456077368,
    "dateTime": {
      "date": {
        "year": 2019,
        "month": 10,
        "day": 19
      },
      "time": {
        "hour": 9,
        "minute": 36,
        "second": 25,
        "nano": 0
      }
    },
    "citySender": "Хмельницький",
    "cityRecipient": "Львів"
  },
  {
    "number": 59000456077369,
    "dateTime": {
      "date": {
        "year": 2019,
        "month": 10,
        "day": 19
      },
      "time": {
        "hour": 9,
        "minute": 36,
        "second": 14,
        "nano": 0
      }
    },
    "citySender": "Миронівка",
    "cityRecipient": "Переяслав-Хмельницький"
  },
  {
    "number": 59000456077370,
    "dateTime": {
      "date": {
        "year": 2019,
        "month": 10,
        "day": 19
      },
      "time": {
        "hour": 9,
        "minute": 36,
        "second": 25,
        "nano": 0
      }
    },
    "citySender": "Глибока",
    "cityRecipient": "Івано-Франківськ"
  },
  {
    "number": 59000456077371,
    "dateTime": {
      "date": {
        "year": 2019,
        "month": 10,
        "day": 19
      },
      "time": {
        "hour": 9,
        "minute": 36,
        "second": 31,
        "nano": 0
      }
    },
    "citySender": "Пісочна",
    "cityRecipient": "Краматорськ"
  },
  {
    "number": 59000456077372,
    "dateTime": {
      "date": {
        "year": 2019,
        "month": 10,
        "day": 19
      },
      "time": {
        "hour": 9,
        "minute": 36,
        "second": 36,
        "nano": 0
      }
    },
    "citySender": "Маріуполь",
    "cityRecipient": "Бровари"
  },
  {
    "number": 59000456077373,
    "dateTime": {
      "date": {
        "year": 2019,
        "month": 10,
        "day": 19
      },
      "time": {
        "hour": 9,
        "minute": 36,
        "second": 21,
        "nano": 0
      }
    },
    "citySender": "Львів",
    "cityRecipient": "Ірпінь"
  },
  {
    "number": 59000456077374,
    "dateTime": {
      "date": {
        "year": 2019,
        "month": 10,
        "day": 19
      },
      "time": {
        "hour": 9,
        "minute": 35,
        "second": 23,
        "nano": 0
      }
    },
    "citySender": "Дніпрорудне",
    "cityRecipient": "Бровари"
  },
  {
    "number": 59000456077375,
    "dateTime": {
      "date": {
        "year": 2019,
        "month": 10,
        "day": 19
      },
      "time": {
        "hour": 9,
        "minute": 36,
        "second": 37,
        "nano": 0
      }
    },
    "citySender": "Новопсков",
    "cityRecipient": "Київ"
  },
  {
    "number": 59000456077376,
    "dateTime": {
      "date": {
        "year": 2019,
        "month": 10,
        "day": 19
      },
      "time": {
        "hour": 9,
        "minute": 35,
        "second": 41,
        "nano": 0
      }
    },
    "citySender": "Тростянець (Сумська обл.)",
    "cityRecipient": "Елітне"
  },
  {
    "number": 59000456077377,
    "dateTime": {
      "date": {
        "year": 2019,
        "month": 10,
        "day": 19
      },
      "time": {
        "hour": 9,
        "minute": 36,
        "second": 13,
        "nano": 0
      }
    },
    "citySender": "Нововолинськ",
    "cityRecipient": "Київ"
  },
  {
    "number": 59000456077378,
    "dateTime": {
      "date": {
        "year": 2019,
        "month": 10,
        "day": 19
      },
      "time": {
        "hour": 9,
        "minute": 36,
        "second": 6,
        "nano": 0
      }
    },
    "citySender": "Слов\u0027янськ",
    "cityRecipient": "Новгородське (Донецька обл.)"
  },
  {
    "number": 59000456077379,
    "dateTime": {
      "date": {
        "year": 2019,
        "month": 10,
        "day": 19
      },
      "time": {
        "hour": 9,
        "minute": 36,
        "second": 36,
        "nano": 0
      }
    },
    "citySender": "Фонтанка",
    "cityRecipient": "Одеса"
  },
  {
    "number": 59000456077381,
    "dateTime": {
      "date": {
        "year": 2019,
        "month": 10,
        "day": 19
      },
      "time": {
        "hour": 9,
        "minute": 36,
        "second": 40,
        "nano": 0
      }
    },
    "citySender": "Ічня",
    "cityRecipient": "Київ"
  },
  {
    "number": 59000456077382,
    "dateTime": {
      "date": {
        "year": 2019,
        "month": 10,
        "day": 19
      },
      "time": {
        "hour": 9,
        "minute": 36,
        "second": 5,
        "nano": 0
      }
    },
    "citySender": "Авдіївка (Донецька обл.)",
    "cityRecipient": "Бердичів"
  },
  {
    "number": 59000456077383,
    "dateTime": {
      "date": {
        "year": 2019,
        "month": 10,
        "day": 19
      },
      "time": {
        "hour": 9,
        "minute": 35,
        "second": 56,
        "nano": 0
      }
    },
    "citySender": "П\u0027ятихатки",
    "cityRecipient": "Новомосковськ"
  },
  {
    "number": 59000456077384,
    "dateTime": {
      "date": {
        "year": 2019,
        "month": 10,
        "day": 19
      },
      "time": {
        "hour": 9,
        "minute": 35,
        "second": 45,
        "nano": 0
      }
    },
    "citySender": "Київ",
    "cityRecipient": "Херсон"
  },
  {
    "number": 59000456077385,
    "dateTime": {
      "date": {
        "year": 2019,
        "month": 10,
        "day": 19
      },
      "time": {
        "hour": 9,
        "minute": 35,
        "second": 57,
        "nano": 0
      }
    },
    "citySender": "Мукачево",
    "cityRecipient": "Рівне (Новоукраїнський р-н Кіровоградська обл.)"
  },
  {
    "number": 59000456077386,
    "dateTime": {
      "date": {
        "year": 2019,
        "month": 10,
        "day": 19
      },
      "time": {
        "hour": 9,
        "minute": 36,
        "second": 40,
        "nano": 0
      }
    },
    "citySender": "Завалля (Кіровоград. обл)",
    "cityRecipient": "Ілічанка"
  },
  {
    "number": 59000456077387,
    "dateTime": {
      "date": {
        "year": 2019,
        "month": 10,
        "day": 19
      },
      "time": {
        "hour": 9,
        "minute": 36,
        "second": 10,
        "nano": 0
      }
    },
    "citySender": "Кривий Ріг",
    "cityRecipient": "Київ"
  },
  {
    "number": 59000456077388,
    "dateTime": {
      "date": {
        "year": 2019,
        "month": 10,
        "day": 19
      },
      "time": {
        "hour": 9,
        "minute": 36,
        "second": 22,
        "nano": 0
      }
    },
    "citySender": "Рені",
    "cityRecipient": "Краматорськ"
  },
  {
    "number": 59000456077389,
    "dateTime": {
      "date": {
        "year": 2019,
        "month": 10,
        "day": 19
      },
      "time": {
        "hour": 9,
        "minute": 36,
        "second": 41,
        "nano": 0
      }
    },
    "citySender": "Харків",
    "cityRecipient": "Авангард"
  },
  {
    "number": 59000456077390,
    "dateTime": {
      "date": {
        "year": 2019,
        "month": 10,
        "day": 19
      },
      "time": {
        "hour": 9,
        "minute": 36,
        "second": 41,
        "nano": 0
      }
    },
    "citySender": "Володарка",
    "cityRecipient": "Васильків"
  },
  {
    "number": 59000456077391,
    "dateTime": {
      "date": {
        "year": 2019,
        "month": 10,
        "day": 19
      },
      "time": {
        "hour": 9,
        "minute": 36,
        "second": 1,
        "nano": 0
      }
    },
    "citySender": "Нижній Вербіж",
    "cityRecipient": "Кіцмань"
  },
  {
    "number": 59000456077392,
    "dateTime": {
      "date": {
        "year": 2019,
        "month": 10,
        "day": 19
      },
      "time": {
        "hour": 9,
        "minute": 36,
        "second": 41,
        "nano": 0
      }
    },
    "citySender": "Маріуполь",
    "cityRecipient": "Київ"
  },
  {
    "number": 59000456077394,
    "dateTime": {
      "date": {
        "year": 2019,
        "month": 10,
        "day": 19
      },
      "time": {
        "hour": 9,
        "minute": 36,
        "second": 25,
        "nano": 0
      }
    },
    "citySender": "Бобринець",
    "cityRecipient": "Харків"
  },
  {
    "number": 59000456077395,
    "dateTime": {
      "date": {
        "year": 2019,
        "month": 10,
        "day": 19
      },
      "time": {
        "hour": 9,
        "minute": 36,
        "second": 20,
        "nano": 0
      }
    },
    "citySender": "Голубівка",
    "cityRecipient": "Нікополь (Дніпропетровська обл.)"
  }
]