[
  {
    "number": 59000456085596,
    "dateTime": {
      "date": {
        "year": 2019,
        "month": 10,
        "day": 19
      },
      "time": {
        "hour": 10,
        "minute": 13,
        "second": 57,
        "nano": 0
      }
    },
    "citySender": "Київ",
    "cityRecipient": "Київ"
  },
  {
    "number": 59000456085597,
    "dateTime": {
      "date": {
        "year": 2019,
        "month": 10,
        "day": 19
      },
      "time": {
        "hour": 10,
        "minute": 14,
        "second": 2,
        "nano": 0
      }
    },
    "citySender": "Полтава",
    "cityRecipient": "Здолбунів"
  },
  {
    "number": 59000456085598,
    "dateTime": {
      "date": {
        "year": 2019,
        "month": 10,
        "day": 19
      },
      "time": {
        "hour": 10,
        "minute": 14,
        "second": 38,
        "nano": 0
      }
    },
    "citySender": "Краматорськ",
    "cityRecipient": "Одеса"
  },
  {
    "number": 59000456085599,
    "dateTime": {
      "date": {
        "year": 2019,
        "month": 10,
        "day": 19
      },
      "time": {
        "hour": 10,
        "minute": 14,
        "second": 9,
        "nano": 0
      }
    },
    "citySender": "Сатанів",
    "cityRecipient": "Львів"
  },
  {
    "number": 59000456085600,
    "dateTime": {
      "date": {
        "year": 2019,
        "month": 10,
        "day": 19
      },
      "time": {
        "hour": 10,
        "minute": 14,
        "second": 53,
        "nano": 0
      }
    },
    "citySender": "Мукачево",
    "cityRecipient": "Одеса"
  },
  {
    "number": 59000456085601,
    "dateTime": {
      "date": {
        "year": 2019,
        "month": 10,
        "day": 19
      },
      "time": {
        "hour": 10,
        "minute": 14,
        "second": 20,
        "nano": 0
      }
    },
    "citySender": "Житомир",
    "cityRecipient": "Київ"
  },
  {
    "number": 59000456085602,
    "dateTime": {
      "date": {
        "year": 2019,
        "month": 10,
        "day": 19
      },
      "time": {
        "hour": 10,
        "minute": 14,
        "second": 54,
        "nano": 0
      }
    },
    "citySender": "Марганець",
    "cityRecipient": "Запоріжжя"
  },
  {
    "number": 59000456085603,
    "dateTime": {
      "date": {
        "year": 2019,
        "month": 10,
        "day": 19
      },
      "time": {
        "hour": 10,
        "minute": 14,
        "second": 54,
        "nano": 0
      }
    },
    "citySender": "Валки",
    "cityRecipient": "Дніпро"
  },
  {
    "number": 59000456085604,
    "dateTime": {
      "date": {
        "year": 2019,
        "month": 10,
        "day": 19
      },
      "time": {
        "hour": 10,
        "minute": 13,
        "second": 49,
        "nano": 0
      }
    },
    "citySender": "Курахове",
    "cityRecipient": "Дніпро"
  },
  {
    "number": 59000456085605,
    "dateTime": {
      "date": {
        "year": 2019,
        "month": 10,
        "day": 19
      },
      "time": {
        "hour": 10,
        "minute": 14,
        "second": 42,
        "nano": 0
      }
    },
    "citySender": "Гола Пристань",
    "cityRecipient": "Харків"
  },
  {
    "number": 59000456085606,
    "dateTime": {
      "date": {
        "year": 2019,
        "month": 10,
        "day": 19
      },
      "time": {
        "hour": 10,
        "minute": 14,
        "second": 54,
        "nano": 0
      }
    },
    "citySender": "Харків",
    "cityRecipient": "Угринів (Волинська обл.)"
  },
  {
    "number": 59000456085607,
    "dateTime": {
      "date": {
        "year": 2019,
        "month": 10,
        "day": 19
      },
      "time": {
        "hour": 10,
        "minute": 14,
        "second": 47,
        "nano": 0
      }
    },
    "citySender": "Болград (Одеська обл.)",
    "cityRecipient": "Одеса"
  },
  {
    "number": 59000456085608,
    "dateTime": {
      "date": {
        "year": 2019,
        "month": 10,
        "day": 19
      },
      "time": {
        "hour": 10,
        "minute": 14,
        "second": 45,
        "nano": 0
      }
    },
    "citySender": "Костопіль",
    "cityRecipient": "Богуслав (Київська обл.)"
  },
  {
    "number": 59000456085609,
    "dateTime": {
      "date": {
        "year": 2019,
        "month": 10,
        "day": 19
      },
      "time": {
        "hour": 10,
        "minute": 14,
        "second": 38,
        "nano": 0
      }
    },
    "citySender": "Чернівці",
    "cityRecipient": "Чернівці"
  },
  {
    "number": 59000456085610,
    "dateTime": {
      "date": {
        "year": 2019,
        "month": 10,
        "day": 19
      },
      "time": {
        "hour": 10,
        "minute": 14,
        "second": 30,
        "nano": 0
      }
    },
    "citySender": "Біла Церква",
    "cityRecipient": "Київ"
  },
  {
    "number": 59000456085611,
    "dateTime": {
      "date": {
        "year": 2019,
        "month": 10,
        "day": 19
      },
      "time": {
        "hour": 10,
        "minute": 14,
        "second": 55,
        "nano": 0
      }
    },
    "citySender": "Одеса",
    "cityRecipient": "Миколаїв"
  },
  {
    "number": 59000456085612,
    "dateTime": {
      "date": {
        "year": 2019,
        "month": 10,
        "day": 19
      },
      "time": {
        "hour": 10,
        "minute": 14,
        "second": 21,
        "nano": 0
      }
    },
    "citySender": "Київ",
    "cityRecipient": "Горького"
  },
  {
    "number": 59000456085613,
    "dateTime": {
      "date": {
        "year": 2019,
        "month": 10,
        "day": 19
      },
      "time": {
        "hour": 10,
        "minute": 14,
        "second": 53,
        "nano": 0
      }
    },
    "citySender": "Львів",
    "cityRecipient": "Вінниця"
  },
  {
    "number": 59000456085614,
    "dateTime": {
      "date": {
        "year": 2019,
        "month": 10,
        "day": 19
      },
      "time": {
        "hour": 10,
        "minute": 14,
        "second": 53,
        "nano": 0
      }
    },
    "citySender": "Костопіль",
    "cityRecipient": "Покровськ (Донецька обл.)"
  },
  {
    "number": 59000456085615,
    "dateTime": {
      "date": {
        "year": 2019,
        "month": 10,
        "day": 19
      },
      "time": {
        "hour": 10,
        "minute": 14,
        "second": 57,
        "nano": 0
      }
    },
    "citySender": "Дрогобич",
    "cityRecipient": "Павлоград"
  },
  {
    "number": 59000456085616,
    "dateTime": {
      "date": {
        "year": 2019,
        "month": 10,
        "day": 19
      },
      "time": {
        "hour": 10,
        "minute": 14,
        "second": 6,
        "nano": 0
      }
    },
    "citySender": "Знам\u0027янка (Кіровоградська обл.)",
    "cityRecipient": "Львів"
  },
  {
    "number": 59000456085617,
    "dateTime": {
      "date": {
        "year": 2019,
        "month": 10,
        "day": 19
      },
      "time": {
        "hour": 10,
        "minute": 14,
        "second": 30,
        "nano": 0
      }
    },
    "citySender": "Долинська",
    "cityRecipient": "Бровари"
  },
  {
    "number": 59000456085618,
    "dateTime": {
      "date": {
        "year": 2019,
        "month": 10,
        "day": 19
      },
      "time": {
        "hour": 10,
        "minute": 13,
        "second": 36,
        "nano": 0
      }
    },
    "citySender": "Хуст",
    "cityRecipient": "Київ"
  },
  {
    "number": 59000456085619,
    "dateTime": {
      "date": {
        "year": 2019,
        "month": 10,
        "day": 19
      },
      "time": {
        "hour": 10,
        "minute": 13,
        "second": 40,
        "nano": 0
      }
    },
    "citySender": "Теофіполь",
    "cityRecipient": "Київ"
  },
  {
    "number": 59000456085620,
    "dateTime": {
      "date": {
        "year": 2019,
        "month": 10,
        "day": 19
      },
      "time": {
        "hour": 10,
        "minute": 14,
        "second": 30,
        "nano": 0
      }
    },
    "citySender": "Краснопілля (Сумська обл.)",
    "cityRecipient": "Київ"
  },
  {
    "number": 59000456085621,
    "dateTime": {
      "date": {
        "year": 2019,
        "month": 10,
        "day": 19
      },
      "time": {
        "hour": 10,
        "minute": 14,
        "second": 44,
        "nano": 0
      }
    },
    "citySender": "Коцюбинське",
    "cityRecipient": "Київ"
  },
  {
    "number": 59000456085622,
    "dateTime": {
      "date": {
        "year": 2019,
        "month": 10,
        "day": 19
      },
      "time": {
        "hour": 10,
        "minute": 14,
        "second": 16,
        "nano": 0
      }
    },
    "citySender": "Чорнобаївка",
    "cityRecipient": "Київ"
  },
  {
    "number": 59000456085623,
    "dateTime": {
      "date": {
        "year": 2019,
        "month": 10,
        "day": 19
      },
      "time": {
        "hour": 10,
        "minute": 14,
        "second": 33,
        "nano": 0
      }
    },
    "citySender": "Білицьке(Донецька обл.)",
    "cityRecipient": "Бахмут"
  },
  {
    "number": 59000456085624,
    "dateTime": {
      "date": {
        "year": 2019,
        "month": 10,
        "day": 19
      },
      "time": {
        "hour": 10,
        "minute": 14,
        "second": 42,
        "nano": 0
      }
    },
    "citySender": "Дніпро",
    "cityRecipient": "Верхньодніпровськ"
  },
  {
    "number": 59000456085625,
    "dateTime": {
      "date": {
        "year": 2019,
        "month": 10,
        "day": 19
      },
      "time": {
        "hour": 10,
        "minute": 14,
        "second": 44,
        "nano": 0
      }
    },
    "citySender": "Козелець",
    "cityRecipient": "Київ"
  },
  {
    "number": 59000456085626,
    "dateTime": {
      "date": {
        "year": 2019,
        "month": 10,
        "day": 19
      },
      "time": {
        "hour": 10,
        "minute": 15,
        "second": 0,
        "nano": 0
      }
    },
    "citySender": "Ірпінь",
    "cityRecipient": "Бершадь"
  },
  {
    "number": 59000456085627,
    "dateTime": {
      "date": {
        "year": 2019,
        "month": 10,
        "day": 19
      },
      "time": {
        "hour": 10,
        "minute": 15,
        "second": 0,
        "nano": 0
      }
    },
    "citySender": "Київ",
    "cityRecipient": "Київ"
  },
  {
    "number": 59000456085628,
    "dateTime": {
      "date": {
        "year": 2019,
        "month": 10,
        "day": 19
      },
      "time": {
        "hour": 10,
        "minute": 14,
        "second": 39,
        "nano": 0
      }
    },
    "citySender": "Дніпровське",
    "cityRecipient": "Київ"
  },
  {
    "number": 59000456085629,
    "dateTime": {
      "date": {
        "year": 2019,
        "month": 10,
        "day": 19
      },
      "time": {
        "hour": 10,
        "minute": 14,
        "second": 36,
        "nano": 0
      }
    },
    "citySender": "Запоріжжя",
    "cityRecipient": "Київ"
  },
  {
    "number": 59000456085630,
    "dateTime": {
      "date": {
        "year": 2019,
        "month": 10,
        "day": 19
      },
      "time": {
        "hour": 10,
        "minute": 15,
        "second": 0,
        "nano": 0
      }
    },
    "citySender": "Стрий",
    "cityRecipient": "Ясногірка"
  },
  {
    "number": 59000456085631,
    "dateTime": {
      "date": {
        "year": 2019,
        "month": 10,
        "day": 19
      },
      "time": {
        "hour": 10,
        "minute": 14,
        "second": 41,
        "nano": 0
      }
    },
    "citySender": "Нікополь (Дніпропетровська обл.)",
    "cityRecipient": "Білогородка (Київська обл.)"
  },
  {
    "number": 59000456085632,
    "dateTime": {
      "date": {
        "year": 2019,
        "month": 10,
        "day": 19
      },
      "time": {
        "hour": 10,
        "minute": 15,
        "second": 1,
        "nano": 0
      }
    },
    "citySender": "Бишів (Київська обл.)",
    "cityRecipient": "Бровари"
  },
  {
    "number": 59000456085633,
    "dateTime": {
      "date": {
        "year": 2019,
        "month": 10,
        "day": 19
      },
      "time": {
        "hour": 10,
        "minute": 14,
        "second": 28,
        "nano": 0
      }
    },
    "citySender": "Дніпро",
    "cityRecipient": "Дніпро"
  },
  {
    "number": 59000456085634,
    "dateTime": {
      "date": {
        "year": 2019,
        "month": 10,
        "day": 19
      },
      "time": {
        "hour": 10,
        "minute": 14,
        "second": 25,
        "nano": 0
      }
    },
    "citySender": "Харків",
    "cityRecipient": "Фастів"
  },
  {
    "number": 59000456085635,
    "dateTime": {
      "date": {
        "year": 2019,
        "month": 10,
        "day": 19
      },
      "time": {
        "hour": 10,
        "minute": 15,
        "second": 1,
        "nano": 0
      }
    },
    "citySender": "Павлоград",
    "cityRecipient": "Херсон"
  },
  {
    "number": 59000456085636,
    "dateTime": {
      "date": {
        "year": 2019,
        "month": 10,
        "day": 19
      },
      "time": {
        "hour": 10,
        "minute": 15,
        "second": 1,
        "nano": 0
      }
    },
    "citySender": "Кропивницький",
    "cityRecipient": "Київ"
  },
  {
    "number": 59000456085637,
    "dateTime": {
      "date": {
        "year": 2019,
        "month": 10,
        "day": 19
      },
      "time": {
        "hour": 10,
        "minute": 12,
        "second": 18,
        "nano": 0
      }
    },
    "citySender": "Корсунь-Шевченківський",
    "cityRecipient": "Вінниця"
  },
  {
    "number": 59000456085638,
    "dateTime": {
      "date": {
        "year": 2019,
        "month": 10,
        "day": 19
      },
      "time": {
        "hour": 10,
        "minute": 15,
        "second": 3,
        "nano": 0
      }
    },
    "citySender": "Одеса",
    "cityRecipient": "Одеса"
  },
  {
    "number": 59000456085639,
    "dateTime": {
      "date": {
        "year": 2019,
        "month": 10,
        "day": 19
      },
      "time": {
        "hour": 10,
        "minute": 14,
        "second": 47,
        "nano": 0
      }
    },
    "citySender": "Херсон",
    "cityRecipient": "Свалява"
  },
  {
    "number": 59000456085640,
    "dateTime": {
      "date": {
        "year": 2019,
        "month": 10,
        "day": 19
      },
      "time": {
        "hour": 10,
        "minute": 12,
        "second": 40,
        "nano": 0
      }
    },
    "citySender": "Авангард",
    "cityRecipient": "Київ"
  },
  {
    "number": 59000456085641,
    "dateTime": {
      "date": {
        "year": 2019,
        "month": 10,
        "day": 19
      },
      "time": {
        "hour": 10,
        "minute": 15,
        "second": 3,
        "nano": 0
      }
    },
    "citySender": "Бердянськ",
    "cityRecipient": "Київ"
  },
  {
    "number": 59000456085642,
    "dateTime": {
      "date": {
        "year": 2019,
        "month": 10,
        "day": 19
      },
      "time": {
        "hour": 10,
        "minute": 14,
        "second": 49,
        "nano": 0
      }
    },
    "citySender": "Коломия",
    "cityRecipient": "Київ"
  },
  {
    "number": 59000456085643,
    "dateTime": {
      "date": {
        "year": 2019,
        "month": 10,
        "day": 19
      },
      "time": {
        "hour": 10,
        "minute": 14,
        "second": 34,
        "nano": 0
      }
    },
    "citySender": "Кропивницький",
    "cityRecipient": "Запоріжжя"
  },
  {
    "number": 59000456085644,
    "dateTime": {
      "date": {
        "year": 2019,
        "month": 10,
        "day": 19
      },
      "time": {
        "hour": 10,
        "minute": 14,
        "second": 54,
        "nano": 0
      }
    },
    "citySender": "Київ",
    "cityRecipient": "Оженин"
  },
  {
    "number": 59000456085645,
    "dateTime": {
      "date": {
        "year": 2019,
        "month": 10,
        "day": 19
      },
      "time": {
        "hour": 10,
        "minute": 14,
        "second": 48,
        "nano": 0
      }
    },
    "citySender": "Жовква",
    "cityRecipient": "Харків"
  },
  {
    "number": 59000456085646,
    "dateTime": {
      "date": {
        "year": 2019,
        "month": 10,
        "day": 19
      },
      "time": {
        "hour": 10,
        "minute": 15,
        "second": 5,
        "nano": 0
      }
    },
    "citySender": "Дніпро",
    "cityRecipient": "Київ"
  },
  {
    "number": 59000456085647,
    "dateTime": {
      "date": {
        "year": 2019,
        "month": 10,
        "day": 19
      },
      "time": {
        "hour": 10,
        "minute": 14,
        "second": 11,
        "nano": 0
      }
    },
    "citySender": "Одеса",
    "cityRecipient": "Білозерка (Херсонська обл.)"
  },
  {
    "number": 59000456085648,
    "dateTime": {
      "date": {
        "year": 2019,
        "month": 10,
        "day": 19
      },
      "time": {
        "hour": 10,
        "minute": 14,
        "second": 54,
        "nano": 0
      }
    },
    "citySender": "Коломия",
    "cityRecipient": "Київ"
  },
  {
    "number": 59000456085649,
    "dateTime": {
      "date": {
        "year": 2019,
        "month": 10,
        "day": 19
      },
      "time": {
        "hour": 10,
        "minute": 14,
        "second": 54,
        "nano": 0
      }
    },
    "citySender": "Київ",
    "cityRecipient": "Рівне"
  },
  {
    "number": 59000456085650,
    "dateTime": {
      "date": {
        "year": 2019,
        "month": 10,
        "day": 19
      },
      "time": {
        "hour": 10,
        "minute": 14,
        "second": 29,
        "nano": 0
      }
    },
    "citySender": "Демидівка",
    "cityRecipient": "Львів"
  },
  {
    "number": 59000456085651,
    "dateTime": {
      "date": {
        "year": 2019,
        "month": 10,
        "day": 19
      },
      "time": {
        "hour": 10,
        "minute": 15,
        "second": 6,
        "nano": 0
      }
    },
    "citySender": "Кам\u0027янець-Подільський",
    "cityRecipient": "Жидачів"
  },
  {
    "number": 59000456085652,
    "dateTime": {
      "date": {
        "year": 2019,
        "month": 10,
        "day": 19
      },
      "time": {
        "hour": 10,
        "minute": 15,
        "second": 6,
        "nano": 0
      }
    },
    "citySender": "Горенка",
    "cityRecipient": "Лисянка"
  },
  {
    "number": 59000456085653,
    "dateTime": {
      "date": {
        "year": 2019,
        "month": 10,
        "day": 19
      },
      "time": {
        "hour": 10,
        "minute": 14,
        "second": 53,
        "nano": 0
      }
    },
    "citySender": "Черкаси",
    "cityRecipient": "Тернопіль"
  },
  {
    "number": 59000456085654,
    "dateTime": {
      "date": {
        "year": 2019,
        "month": 10,
        "day": 19
      },
      "time": {
        "hour": 10,
        "minute": 15,
        "second": 0,
        "nano": 0
      }
    },
    "citySender": "Херсон",
    "cityRecipient": "Вишневе"
  },
  {
    "number": 59000456085655,
    "dateTime": {
      "date": {
        "year": 2019,
        "month": 10,
        "day": 19
      },
      "time": {
        "hour": 10,
        "minute": 15,
        "second": 0,
        "nano": 0
      }
    },
    "citySender": "Хмельницький",
    "cityRecipient": "Хмельницький"
  },
  {
    "number": 59000456085656,
    "dateTime": {
      "date": {
        "year": 2019,
        "month": 10,
        "day": 19
      },
      "time": {
        "hour": 10,
        "minute": 15,
        "second": 9,
        "nano": 0
      }
    },
    "citySender": "Київ",
    "cityRecipient": "Тернопіль"
  },
  {
    "number": 59000456085657,
    "dateTime": {
      "date": {
        "year": 2019,
        "month": 10,
        "day": 19
      },
      "time": {
        "hour": 10,
        "minute": 15,
        "second": 9,
        "nano": 0
      }
    },
    "citySender": "Томаківка",
    "cityRecipient": "Харків"
  },
  {
    "number": 59000456085658,
    "dateTime": {
      "date": {
        "year": 2019,
        "month": 10,
        "day": 19
      },
      "time": {
        "hour": 10,
        "minute": 14,
        "second": 52,
        "nano": 0
      }
    },
    "citySender": "Чернівці",
    "cityRecipient": "Нива Трудова"
  },
  {
    "number": 59000456085659,
    "dateTime": {
      "date": {
        "year": 2019,
        "month": 10,
        "day": 19
      },
      "time": {
        "hour": 10,
        "minute": 14,
        "second": 26,
        "nano": 0
      }
    },
    "citySender": "Тернопіль",
    "cityRecipient": "Дніпро"
  },
  {
    "number": 59000456085660,
    "dateTime": {
      "date": {
        "year": 2019,
        "month": 10,
        "day": 19
      },
      "time": {
        "hour": 10,
        "minute": 14,
        "second": 35,
        "nano": 0
      }
    },
    "citySender": "Чернігів",
    "cityRecipient": "Іванівка (Одеська обл., Іванівський р-н)"
  },
  {
    "number": 59000456085661,
    "dateTime": {
      "date": {
        "year": 2019,
        "month": 10,
        "day": 19
      },
      "time": {
        "hour": 10,
        "minute": 15,
        "second": 7,
        "nano": 0
      }
    },
    "citySender": "Валки",
    "cityRecipient": "Балки (Запорізька обл.)"
  },
  {
    "number": 59000456085662,
    "dateTime": {
      "date": {
        "year": 2019,
        "month": 10,
        "day": 19
      },
      "time": {
        "hour": 10,
        "minute": 13,
        "second": 50,
        "nano": 0
      }
    },
    "citySender": "Рівне",
    "cityRecipient": "Рівне"
  },
  {
    "number": 59000456085663,
    "dateTime": {
      "date": {
        "year": 2019,
        "month": 10,
        "day": 19
      },
      "time": {
        "hour": 10,
        "minute": 13,
        "second": 30,
        "nano": 0
      }
    },
    "citySender": "Запоріжжя",
    "cityRecipient": "Львів"
  },
  {
    "number": 59000456085664,
    "dateTime": {
      "date": {
        "year": 2019,
        "month": 10,
        "day": 19
      },
      "time": {
        "hour": 10,
        "minute": 13,
        "second": 9,
        "nano": 0
      }
    },
    "citySender": "Східниця",
    "cityRecipient": "Кривий Ріг"
  },
  {
    "number": 59000456085666,
    "dateTime": {
      "date": {
        "year": 2019,
        "month": 10,
        "day": 19
      },
      "time": {
        "hour": 10,
        "minute": 13,
        "second": 42,
        "nano": 0
      }
    },
    "citySender": "Зеленодольськ",
    "cityRecipient": "Щастя"
  },
  {
    "number": 59000456085667,
    "dateTime": {
      "date": {
        "year": 2019,
        "month": 10,
        "day": 19
      },
      "time": {
        "hour": 10,
        "minute": 14,
        "second": 44,
        "nano": 0
      }
    },
    "citySender": "Нікополь (Дніпропетровська обл.)",
    "cityRecipient": "Київ"
  },
  {
    "number": 59000456085668,
    "dateTime": {
      "date": {
        "year": 2019,
        "month": 10,
        "day": 19
      },
      "time": {
        "hour": 10,
        "minute": 14,
        "second": 56,
        "nano": 0
      }
    },
    "citySender": "Ужгород",
    "cityRecipient": "Мукачево"
  },
  {
    "number": 59000456085669,
    "dateTime": {
      "date": {
        "year": 2019,
        "month": 10,
        "day": 19
      },
      "time": {
        "hour": 10,
        "minute": 14,
        "second": 57,
        "nano": 0
      }
    },
    "citySender": "Кривий Ріг",
    "cityRecipient": "Житомир"
  },
  {
    "number": 59000456085670,
    "dateTime": {
      "date": {
        "year": 2019,
        "month": 10,
        "day": 19
      },
      "time": {
        "hour": 10,
        "minute": 14,
        "second": 7,
        "nano": 0
      }
    },
    "citySender": "Дніпро",
    "cityRecipient": "Чернігів"
  },
  {
    "number": 59000456085671,
    "dateTime": {
      "date": {
        "year": 2019,
        "month": 10,
        "day": 19
      },
      "time": {
        "hour": 10,
        "minute": 13,
        "second": 41,
        "nano": 0
      }
    },
    "citySender": "Харків",
    "cityRecipient": "Куп\u0027янськ"
  },
  {
    "number": 59000456085672,
    "dateTime": {
      "date": {
        "year": 2019,
        "month": 10,
        "day": 19
      },
      "time": {
        "hour": 10,
        "minute": 14,
        "second": 23,
        "nano": 0
      }
    },
    "citySender": "Перегінське",
    "cityRecipient": "Тернопіль"
  },
  {
    "number": 59000456085673,
    "dateTime": {
      "date": {
        "year": 2019,
        "month": 10,
        "day": 19
      },
      "time": {
        "hour": 10,
        "minute": 13,
        "second": 38,
        "nano": 0
      }
    },
    "citySender": "Заліщики",
    "cityRecipient": "Київ"
  },
  {
    "number": 59000456085674,
    "dateTime": {
      "date": {
        "year": 2019,
        "month": 10,
        "day": 19
      },
      "time": {
        "hour": 10,
        "minute": 14,
        "second": 36,
        "nano": 0
      }
    },
    "citySender": "Княжичі (Броварський р-н)",
    "cityRecipient": "Любарці"
  },
  {
    "number": 59000456085675,
    "dateTime": {
      "date": {
        "year": 2019,
        "month": 10,
        "day": 19
      },
      "time": {
        "hour": 10,
        "minute": 15,
        "second": 13,
        "nano": 0
      }
    },
    "citySender": "Дніпро",
    "cityRecipient": "Перещепине"
  },
  {
    "number": 59000456085677,
    "dateTime": {
      "date": {
        "year": 2019,
        "month": 10,
        "day": 19
      },
      "time": {
        "hour": 10,
        "minute": 15,
        "second": 15,
        "nano": 0
      }
    },
    "citySender": "Вознесенка",
    "cityRecipient": "Харків"
  },
  {
    "number": 59000456085678,
    "dateTime": {
      "date": {
        "year": 2019,
        "month": 10,
        "day": 19
      },
      "time": {
        "hour": 10,
        "minute": 15,
        "second": 16,
        "nano": 0
      }
    },
    "citySender": "Чернівці",
    "cityRecipient": "Одеса"
  },
  {
    "number": 59000456085679,
    "dateTime": {
      "date": {
        "year": 2019,
        "month": 10,
        "day": 19
      },
      "time": {
        "hour": 10,
        "minute": 14,
        "second": 25,
        "nano": 0
      }
    },
    "citySender": "Дніпро",
    "cityRecipient": "Харків"
  },
  {
    "number": 59000456085680,
    "dateTime": {
      "date": {
        "year": 2019,
        "month": 10,
        "day": 19
      },
      "time": {
        "hour": 10,
        "minute": 15,
        "second": 5,
        "nano": 0
      }
    },
    "citySender": "Очаків",
    "cityRecipient": "Іванків (Іванківський р-н)"
  },
  {
    "number": 59000456085681,
    "dateTime": {
      "date": {
        "year": 2019,
        "month": 10,
        "day": 19
      },
      "time": {
        "hour": 10,
        "minute": 14,
        "second": 23,
        "nano": 0
      }
    },
    "citySender": "Узин",
    "cityRecipient": "Київ"
  },
  {
    "number": 59000456085682,
    "dateTime": {
      "date": {
        "year": 2019,
        "month": 10,
        "day": 19
      },
      "time": {
        "hour": 10,
        "minute": 15,
        "second": 17,
        "nano": 0
      }
    },
    "citySender": "Балки (Запорізька обл.)",
    "cityRecipient": "Київ"
  },
  {
    "number": 59000456085683,
    "dateTime": {
      "date": {
        "year": 2019,
        "month": 10,
        "day": 19
      },
      "time": {
        "hour": 10,
        "minute": 14,
        "second": 8,
        "nano": 0
      }
    },
    "citySender": "Одеса",
    "cityRecipient": "Первомайськ(Микол.обл.Первомайс.р-н)"
  },
  {
    "number": 59000456085684,
    "dateTime": {
      "date": {
        "year": 2019,
        "month": 10,
        "day": 19
      },
      "time": {
        "hour": 10,
        "minute": 15,
        "second": 1,
        "nano": 0
      }
    },
    "citySender": "Бердичів",
    "cityRecipient": "Київ"
  },
  {
    "number": 59000456085685,
    "dateTime": {
      "date": {
        "year": 2019,
        "month": 10,
        "day": 19
      },
      "time": {
        "hour": 10,
        "minute": 14,
        "second": 44,
        "nano": 0
      }
    },
    "citySender": "Олександрія (м.Кіровогр.обл.райц)",
    "cityRecipient": "Кривий Ріг"
  },
  {
    "number": 59000456085686,
    "dateTime": {
      "date": {
        "year": 2019,
        "month": 10,
        "day": 19
      },
      "time": {
        "hour": 10,
        "minute": 14,
        "second": 48,
        "nano": 0
      }
    },
    "citySender": "Дніпро",
    "cityRecipient": "Романківці"
  },
  {
    "number": 59000456085687,
    "dateTime": {
      "date": {
        "year": 2019,
        "month": 10,
        "day": 19
      },
      "time": {
        "hour": 10,
        "minute": 14,
        "second": 42,
        "nano": 0
      }
    },
    "citySender": "Чоп",
    "cityRecipient": "Маріуполь"
  },
  {
    "number": 59000456085688,
    "dateTime": {
      "date": {
        "year": 2019,
        "month": 10,
        "day": 19
      },
      "time": {
        "hour": 10,
        "minute": 15,
        "second": 11,
        "nano": 0
      }
    },
    "citySender": "Київ",
    "cityRecipient": "Жовті Води"
  },
  {
    "number": 59000456085689,
    "dateTime": {
      "date": {
        "year": 2019,
        "month": 10,
        "day": 19
      },
      "time": {
        "hour": 10,
        "minute": 14,
        "second": 42,
        "nano": 0
      }
    },
    "citySender": "Мостиська",
    "cityRecipient": "Харків"
  },
  {
    "number": 59000456085690,
    "dateTime": {
      "date": {
        "year": 2019,
        "month": 10,
        "day": 19
      },
      "time": {
        "hour": 10,
        "minute": 15,
        "second": 11,
        "nano": 0
      }
    },
    "citySender": "Підгородне (Дніпропетровська обл.)",
    "cityRecipient": "Перегінське"
  },
  {
    "number": 59000456085691,
    "dateTime": {
      "date": {
        "year": 2019,
        "month": 10,
        "day": 19
      },
      "time": {
        "hour": 10,
        "minute": 15,
        "second": 13,
        "nano": 0
      }
    },
    "citySender": "Вашківці (Вижницький р-н)",
    "cityRecipient": "Магдалинівка"
  },
  {
    "number": 59000456085692,
    "dateTime": {
      "date": {
        "year": 2019,
        "month": 10,
        "day": 19
      },
      "time": {
        "hour": 10,
        "minute": 15,
        "second": 7,
        "nano": 0
      }
    },
    "citySender": "Київ",
    "cityRecipient": "Кириківка(Великописарів.р-н)"
  },
  {
    "number": 59000456085693,
    "dateTime": {
      "date": {
        "year": 2019,
        "month": 10,
        "day": 19
      },
      "time": {
        "hour": 10,
        "minute": 15,
        "second": 17,
        "nano": 0
      }
    },
    "citySender": "Рясне-Руське",
    "cityRecipient": "Кривий Ріг"
  },
  {
    "number": 59000456085694,
    "dateTime": {
      "date": {
        "year": 2019,
        "month": 10,
        "day": 19
      },
      "time": {
        "hour": 10,
        "minute": 14,
        "second": 57,
        "nano": 0
      }
    },
    "citySender": "Яблунів",
    "cityRecipient": "Сарни"
  },
  {
    "number": 59000456085695,
    "dateTime": {
      "date": {
        "year": 2019,
        "month": 10,
        "day": 19
      },
      "time": {
        "hour": 10,
        "minute": 15,
        "second": 10,
        "nano": 0
      }
    },
    "citySender": "Мукачево",
    "cityRecipient": "Київ"
  }
]