[
  {
    "number": 59000456099290,
    "dateTime": {
      "date": {
        "year": 2019,
        "month": 10,
        "day": 19
      },
      "time": {
        "hour": 11,
        "minute": 11,
        "second": 50,
        "nano": 0
      }
    },
    "citySender": "Київ",
    "cityRecipient": "Білозерське (Донецька обл.)"
  },
  {
    "number": 59000456099291,
    "dateTime": {
      "date": {
        "year": 2019,
        "month": 10,
        "day": 19
      },
      "time": {
        "hour": 11,
        "minute": 11,
        "second": 51,
        "nano": 0
      }
    },
    "citySender": "Великі Мости",
    "cityRecipient": "Одеса"
  },
  {
    "number": 59000456099292,
    "dateTime": {
      "date": {
        "year": 2019,
        "month": 10,
        "day": 19
      },
      "time": {
        "hour": 11,
        "minute": 11,
        "second": 50,
        "nano": 0
      }
    },
    "citySender": "Кролевець",
    "cityRecipient": "Кам\u0027янське(Дніпропетровська обл)"
  },
  {
    "number": 59000456099293,
    "dateTime": {
      "date": {
        "year": 2019,
        "month": 10,
        "day": 19
      },
      "time": {
        "hour": 11,
        "minute": 11,
        "second": 28,
        "nano": 0
      }
    },
    "citySender": "Чернігів",
    "cityRecipient": "Вишневе"
  },
  {
    "number": 59000456099294,
    "dateTime": {
      "date": {
        "year": 2019,
        "month": 10,
        "day": 19
      },
      "time": {
        "hour": 11,
        "minute": 10,
        "second": 54,
        "nano": 0
      }
    },
    "citySender": "Бровари",
    "cityRecipient": "Богданівка (Броварський р-н.)"
  },
  {
    "number": 59000456099295,
    "dateTime": {
      "date": {
        "year": 2019,
        "month": 10,
        "day": 19
      },
      "time": {
        "hour": 11,
        "minute": 11,
        "second": 29,
        "nano": 0
      }
    },
    "citySender": "Чернівці",
    "cityRecipient": "Кегичівка"
  },
  {
    "number": 59000456099296,
    "dateTime": {
      "date": {
        "year": 2019,
        "month": 10,
        "day": 19
      },
      "time": {
        "hour": 11,
        "minute": 11,
        "second": 53,
        "nano": 0
      }
    },
    "citySender": "Кролевець",
    "cityRecipient": "Київ"
  },
  {
    "number": 59000456099297,
    "dateTime": {
      "date": {
        "year": 2019,
        "month": 10,
        "day": 19
      },
      "time": {
        "hour": 11,
        "minute": 11,
        "second": 33,
        "nano": 0
      }
    },
    "citySender": "Київ",
    "cityRecipient": "Нове"
  },
  {
    "number": 59000456099298,
    "dateTime": {
      "date": {
        "year": 2019,
        "month": 10,
        "day": 19
      },
      "time": {
        "hour": 11,
        "minute": 11,
        "second": 45,
        "nano": 0
      }
    },
    "citySender": "Дніпро",
    "cityRecipient": "Полтава"
  },
  {
    "number": 59000456099299,
    "dateTime": {
      "date": {
        "year": 2019,
        "month": 10,
        "day": 19
      },
      "time": {
        "hour": 11,
        "minute": 11,
        "second": 45,
        "nano": 0
      }
    },
    "citySender": "Одеса",
    "cityRecipient": "Костянтинівка (Херсонська обл.)"
  },
  {
    "number": 59000456099300,
    "dateTime": {
      "date": {
        "year": 2019,
        "month": 10,
        "day": 19
      },
      "time": {
        "hour": 11,
        "minute": 11,
        "second": 19,
        "nano": 0
      }
    },
    "citySender": "Київ",
    "cityRecipient": "Хмельницький"
  },
  {
    "number": 59000456099301,
    "dateTime": {
      "date": {
        "year": 2019,
        "month": 10,
        "day": 19
      },
      "time": {
        "hour": 11,
        "minute": 11,
        "second": 38,
        "nano": 0
      }
    },
    "citySender": "Нововолинськ",
    "cityRecipient": "Харків"
  },
  {
    "number": 59000456099302,
    "dateTime": {
      "date": {
        "year": 2019,
        "month": 10,
        "day": 19
      },
      "time": {
        "hour": 11,
        "minute": 11,
        "second": 34,
        "nano": 0
      }
    },
    "citySender": "Малин",
    "cityRecipient": "Калинівка (Вінницька обл., Калинівський р-н)"
  },
  {
    "number": 59000456099303,
    "dateTime": {
      "date": {
        "year": 2019,
        "month": 10,
        "day": 19
      },
      "time": {
        "hour": 11,
        "minute": 11,
        "second": 39,
        "nano": 0
      }
    },
    "citySender": "Бориспіль",
    "cityRecipient": "Київ"
  },
  {
    "number": 59000456099304,
    "dateTime": {
      "date": {
        "year": 2019,
        "month": 10,
        "day": 19
      },
      "time": {
        "hour": 11,
        "minute": 11,
        "second": 28,
        "nano": 0
      }
    },
    "citySender": "Київ",
    "cityRecipient": "Одеса"
  },
  {
    "number": 59000456099305,
    "dateTime": {
      "date": {
        "year": 2019,
        "month": 10,
        "day": 19
      },
      "time": {
        "hour": 11,
        "minute": 11,
        "second": 48,
        "nano": 0
      }
    },
    "citySender": "Хмільник (Вінницька обл.)",
    "cityRecipient": "Київ"
  },
  {
    "number": 59000456099306,
    "dateTime": {
      "date": {
        "year": 2019,
        "month": 10,
        "day": 19
      },
      "time": {
        "hour": 11,
        "minute": 11,
        "second": 57,
        "nano": 0
      }
    },
    "citySender": "Торецьк",
    "cityRecipient": "Київ"
  },
  {
    "number": 59000456099307,
    "dateTime": {
      "date": {
        "year": 2019,
        "month": 10,
        "day": 19
      },
      "time": {
        "hour": 11,
        "minute": 11,
        "second": 58,
        "nano": 0
      }
    },
    "citySender": "Нікополь (Дніпропетровська обл.)",
    "cityRecipient": "Запоріжжя"
  },
  {
    "number": 59000456099308,
    "dateTime": {
      "date": {
        "year": 2019,
        "month": 10,
        "day": 19
      },
      "time": {
        "hour": 11,
        "minute": 11,
        "second": 57,
        "nano": 0
      }
    },
    "citySender": "Запоріжжя",
    "cityRecipient": "Дніпро"
  },
  {
    "number": 59000456099309,
    "dateTime": {
      "date": {
        "year": 2019,
        "month": 10,
        "day": 19
      },
      "time": {
        "hour": 11,
        "minute": 11,
        "second": 34,
        "nano": 0
      }
    },
    "citySender": "Київ",
    "cityRecipient": "Київ"
  },
  {
    "number": 59000456099311,
    "dateTime": {
      "date": {
        "year": 2019,
        "month": 10,
        "day": 19
      },
      "time": {
        "hour": 11,
        "minute": 11,
        "second": 30,
        "nano": 0
      }
    },
    "citySender": "Київ",
    "cityRecipient": "Чернівці"
  },
  {
    "number": 59000456099313,
    "dateTime": {
      "date": {
        "year": 2019,
        "month": 10,
        "day": 19
      },
      "time": {
        "hour": 11,
        "minute": 11,
        "second": 14,
        "nano": 0
      }
    },
    "citySender": "Станиця Луганська",
    "cityRecipient": "Хмельницький"
  },
  {
    "number": 59000456099314,
    "dateTime": {
      "date": {
        "year": 2019,
        "month": 10,
        "day": 19
      },
      "time": {
        "hour": 11,
        "minute": 11,
        "second": 6,
        "nano": 0
      }
    },
    "citySender": "Одеса",
    "cityRecipient": "Львів"
  },
  {
    "number": 59000456099315,
    "dateTime": {
      "date": {
        "year": 2019,
        "month": 10,
        "day": 19
      },
      "time": {
        "hour": 11,
        "minute": 12,
        "second": 0,
        "nano": 0
      }
    },
    "citySender": "Прилуки",
    "cityRecipient": "Бровари"
  },
  {
    "number": 59000456099316,
    "dateTime": {
      "date": {
        "year": 2019,
        "month": 10,
        "day": 19
      },
      "time": {
        "hour": 11,
        "minute": 11,
        "second": 2,
        "nano": 0
      }
    },
    "citySender": "Дніпро",
    "cityRecipient": "Дніпро"
  },
  {
    "number": 59000456099317,
    "dateTime": {
      "date": {
        "year": 2019,
        "month": 10,
        "day": 19
      },
      "time": {
        "hour": 11,
        "minute": 11,
        "second": 51,
        "nano": 0
      }
    },
    "citySender": "Сартана (Донецька обл.)",
    "cityRecipient": "Київ"
  },
  {
    "number": 59000456099318,
    "dateTime": {
      "date": {
        "year": 2019,
        "month": 10,
        "day": 19
      },
      "time": {
        "hour": 11,
        "minute": 11,
        "second": 31,
        "nano": 0
      }
    },
    "citySender": "Дніпро",
    "cityRecipient": "Рубіжне"
  },
  {
    "number": 59000456099319,
    "dateTime": {
      "date": {
        "year": 2019,
        "month": 10,
        "day": 19
      },
      "time": {
        "hour": 11,
        "minute": 11,
        "second": 13,
        "nano": 0
      }
    },
    "citySender": "Черкаси",
    "cityRecipient": "Київ"
  },
  {
    "number": 59000456099320,
    "dateTime": {
      "date": {
        "year": 2019,
        "month": 10,
        "day": 19
      },
      "time": {
        "hour": 11,
        "minute": 11,
        "second": 17,
        "nano": 0
      }
    },
    "citySender": "Чернігів",
    "cityRecipient": "Врадіївка"
  },
  {
    "number": 59000456099321,
    "dateTime": {
      "date": {
        "year": 2019,
        "month": 10,
        "day": 19
      },
      "time": {
        "hour": 11,
        "minute": 11,
        "second": 40,
        "nano": 0
      }
    },
    "citySender": "Великий Бичків",
    "cityRecipient": "Львів"
  },
  {
    "number": 59000456099322,
    "dateTime": {
      "date": {
        "year": 2019,
        "month": 10,
        "day": 19
      },
      "time": {
        "hour": 11,
        "minute": 12,
        "second": 0,
        "nano": 0
      }
    },
    "citySender": "Львів",
    "cityRecipient": "Страбичово"
  },
  {
    "number": 59000456099324,
    "dateTime": {
      "date": {
        "year": 2019,
        "month": 10,
        "day": 19
      },
      "time": {
        "hour": 11,
        "minute": 11,
        "second": 41,
        "nano": 0
      }
    },
    "citySender": "Одеса",
    "cityRecipient": "Харків"
  },
  {
    "number": 59000456099325,
    "dateTime": {
      "date": {
        "year": 2019,
        "month": 10,
        "day": 19
      },
      "time": {
        "hour": 11,
        "minute": 12,
        "second": 0,
        "nano": 0
      }
    },
    "citySender": "Волочиськ",
    "cityRecipient": "Буштино"
  },
  {
    "number": 59000456099326,
    "dateTime": {
      "date": {
        "year": 2019,
        "month": 10,
        "day": 19
      },
      "time": {
        "hour": 11,
        "minute": 11,
        "second": 46,
        "nano": 0
      }
    },
    "citySender": "Сарни",
    "cityRecipient": "Краматорськ"
  },
  {
    "number": 59000456099327,
    "dateTime": {
      "date": {
        "year": 2019,
        "month": 10,
        "day": 19
      },
      "time": {
        "hour": 11,
        "minute": 11,
        "second": 53,
        "nano": 0
      }
    },
    "citySender": "Чернігів",
    "cityRecipient": "Дніпро"
  },
  {
    "number": 59000456099328,
    "dateTime": {
      "date": {
        "year": 2019,
        "month": 10,
        "day": 19
      },
      "time": {
        "hour": 11,
        "minute": 11,
        "second": 37,
        "nano": 0
      }
    },
    "citySender": "Світловодськ",
    "cityRecipient": "Бобринець"
  },
  {
    "number": 59000456099329,
    "dateTime": {
      "date": {
        "year": 2019,
        "month": 10,
        "day": 19
      },
      "time": {
        "hour": 11,
        "minute": 10,
        "second": 4,
        "nano": 0
      }
    },
    "citySender": "Новоолександрівка(Дніпропетровська обл.)",
    "cityRecipient": "Вільшанка (Кіровоградська обл.)"
  },
  {
    "number": 59000456099330,
    "dateTime": {
      "date": {
        "year": 2019,
        "month": 10,
        "day": 19
      },
      "time": {
        "hour": 11,
        "minute": 11,
        "second": 48,
        "nano": 0
      }
    },
    "citySender": "Скадовськ",
    "cityRecipient": "Київ"
  },
  {
    "number": 59000456099331,
    "dateTime": {
      "date": {
        "year": 2019,
        "month": 10,
        "day": 19
      },
      "time": {
        "hour": 11,
        "minute": 11,
        "second": 44,
        "nano": 0
      }
    },
    "citySender": "Луцьк",
    "cityRecipient": "Путивль"
  },
  {
    "number": 59000456099333,
    "dateTime": {
      "date": {
        "year": 2019,
        "month": 10,
        "day": 19
      },
      "time": {
        "hour": 11,
        "minute": 11,
        "second": 43,
        "nano": 0
      }
    },
    "citySender": "Ковель",
    "cityRecipient": "Дніпро"
  },
  {
    "number": 59000456099334,
    "dateTime": {
      "date": {
        "year": 2019,
        "month": 10,
        "day": 19
      },
      "time": {
        "hour": 11,
        "minute": 11,
        "second": 35,
        "nano": 0
      }
    },
    "citySender": "Київ",
    "cityRecipient": "Кременчук"
  },
  {
    "number": 59000456099335,
    "dateTime": {
      "date": {
        "year": 2019,
        "month": 10,
        "day": 19
      },
      "time": {
        "hour": 11,
        "minute": 10,
        "second": 50,
        "nano": 0
      }
    },
    "citySender": "Богородчани",
    "cityRecipient": "Заріччя(Закарпатська обл.)"
  },
  {
    "number": 59000456099336,
    "dateTime": {
      "date": {
        "year": 2019,
        "month": 10,
        "day": 19
      },
      "time": {
        "hour": 11,
        "minute": 11,
        "second": 14,
        "nano": 0
      }
    },
    "citySender": "Житомир",
    "cityRecipient": "Миколаїв"
  },
  {
    "number": 59000456099337,
    "dateTime": {
      "date": {
        "year": 2019,
        "month": 10,
        "day": 19
      },
      "time": {
        "hour": 11,
        "minute": 10,
        "second": 59,
        "nano": 0
      }
    },
    "citySender": "Кілія",
    "cityRecipient": "Херсон"
  },
  {
    "number": 59000456099338,
    "dateTime": {
      "date": {
        "year": 2019,
        "month": 10,
        "day": 19
      },
      "time": {
        "hour": 11,
        "minute": 11,
        "second": 20,
        "nano": 0
      }
    },
    "citySender": "Судова Вишня",
    "cityRecipient": "Кропивницький"
  },
  {
    "number": 59000456099339,
    "dateTime": {
      "date": {
        "year": 2019,
        "month": 10,
        "day": 19
      },
      "time": {
        "hour": 11,
        "minute": 11,
        "second": 40,
        "nano": 0
      }
    },
    "citySender": "Київ",
    "cityRecipient": "Полтава"
  },
  {
    "number": 59000456099340,
    "dateTime": {
      "date": {
        "year": 2019,
        "month": 10,
        "day": 19
      },
      "time": {
        "hour": 11,
        "minute": 9,
        "second": 19,
        "nano": 0
      }
    },
    "citySender": "Хуст",
    "cityRecipient": "Кропивницький"
  },
  {
    "number": 59000456099341,
    "dateTime": {
      "date": {
        "year": 2019,
        "month": 10,
        "day": 19
      },
      "time": {
        "hour": 11,
        "minute": 11,
        "second": 59,
        "nano": 0
      }
    },
    "citySender": "Хмільник (Вінницька обл.)",
    "cityRecipient": "Краснопілля (Сумська обл.)"
  },
  {
    "number": 59000456099342,
    "dateTime": {
      "date": {
        "year": 2019,
        "month": 10,
        "day": 19
      },
      "time": {
        "hour": 11,
        "minute": 11,
        "second": 9,
        "nano": 0
      }
    },
    "citySender": "Мелітополь",
    "cityRecipient": "Київ"
  },
  {
    "number": 59000456099343,
    "dateTime": {
      "date": {
        "year": 2019,
        "month": 10,
        "day": 19
      },
      "time": {
        "hour": 11,
        "minute": 12,
        "second": 6,
        "nano": 0
      }
    },
    "citySender": "Чернівці",
    "cityRecipient": "Горішні Плавні"
  },
  {
    "number": 59000456099344,
    "dateTime": {
      "date": {
        "year": 2019,
        "month": 10,
        "day": 19
      },
      "time": {
        "hour": 11,
        "minute": 12,
        "second": 7,
        "nano": 0
      }
    },
    "citySender": "Жидачів",
    "cityRecipient": "Вишневе"
  },
  {
    "number": 59000456099345,
    "dateTime": {
      "date": {
        "year": 2019,
        "month": 10,
        "day": 19
      },
      "time": {
        "hour": 11,
        "minute": 11,
        "second": 40,
        "nano": 0
      }
    },
    "citySender": "Нікополь (Дніпропетровська обл.)",
    "cityRecipient": "Чайки"
  },
  {
    "number": 59000456099346,
    "dateTime": {
      "date": {
        "year": 2019,
        "month": 10,
        "day": 19
      },
      "time": {
        "hour": 11,
        "minute": 10,
        "second": 9,
        "nano": 0
      }
    },
    "citySender": "Бориспіль",
    "cityRecipient": "Славута"
  },
  {
    "number": 59000456099347,
    "dateTime": {
      "date": {
        "year": 2019,
        "month": 10,
        "day": 19
      },
      "time": {
        "hour": 11,
        "minute": 11,
        "second": 57,
        "nano": 0
      }
    },
    "citySender": "Жмеринка",
    "cityRecipient": "Хмельницький"
  },
  {
    "number": 59000456099348,
    "dateTime": {
      "date": {
        "year": 2019,
        "month": 10,
        "day": 19
      },
      "time": {
        "hour": 11,
        "minute": 11,
        "second": 56,
        "nano": 0
      }
    },
    "citySender": "Жовті Води",
    "cityRecipient": "Київ"
  },
  {
    "number": 59000456099349,
    "dateTime": {
      "date": {
        "year": 2019,
        "month": 10,
        "day": 19
      },
      "time": {
        "hour": 11,
        "minute": 11,
        "second": 41,
        "nano": 0
      }
    },
    "citySender": "Харків",
    "cityRecipient": "Київ"
  },
  {
    "number": 59000456099350,
    "dateTime": {
      "date": {
        "year": 2019,
        "month": 10,
        "day": 19
      },
      "time": {
        "hour": 11,
        "minute": 12,
        "second": 0,
        "nano": 0
      }
    },
    "citySender": "Ямпіль (Хмельницька обл.)",
    "cityRecipient": "Київ"
  },
  {
    "number": 59000456099351,
    "dateTime": {
      "date": {
        "year": 2019,
        "month": 10,
        "day": 19
      },
      "time": {
        "hour": 11,
        "minute": 11,
        "second": 38,
        "nano": 0
      }
    },
    "citySender": "Безлюдівка",
    "cityRecipient": "Макарів"
  },
  {
    "number": 59000456099352,
    "dateTime": {
      "date": {
        "year": 2019,
        "month": 10,
        "day": 19
      },
      "time": {
        "hour": 11,
        "minute": 11,
        "second": 54,
        "nano": 0
      }
    },
    "citySender": "Київ",
    "cityRecipient": "Червоноград (Львівська обл.)"
  },
  {
    "number": 59000456099353,
    "dateTime": {
      "date": {
        "year": 2019,
        "month": 10,
        "day": 19
      },
      "time": {
        "hour": 11,
        "minute": 11,
        "second": 33,
        "nano": 0
      }
    },
    "citySender": "Львів",
    "cityRecipient": "Запоріжжя"
  },
  {
    "number": 59000456099354,
    "dateTime": {
      "date": {
        "year": 2019,
        "month": 10,
        "day": 19
      },
      "time": {
        "hour": 11,
        "minute": 12,
        "second": 7,
        "nano": 0
      }
    },
    "citySender": "Шацьк",
    "cityRecipient": "Покровське (Покровський р-н Дніпропетровська обл.)"
  },
  {
    "number": 59000456099355,
    "dateTime": {
      "date": {
        "year": 2019,
        "month": 10,
        "day": 19
      },
      "time": {
        "hour": 11,
        "minute": 11,
        "second": 20,
        "nano": 0
      }
    },
    "citySender": "Київ",
    "cityRecipient": "Бердичів"
  },
  {
    "number": 59000456099356,
    "dateTime": {
      "date": {
        "year": 2019,
        "month": 10,
        "day": 19
      },
      "time": {
        "hour": 11,
        "minute": 11,
        "second": 57,
        "nano": 0
      }
    },
    "citySender": "Кривий Ріг",
    "cityRecipient": "Нікополь (Дніпропетровська обл.)"
  },
  {
    "number": 59000456099357,
    "dateTime": {
      "date": {
        "year": 2019,
        "month": 10,
        "day": 19
      },
      "time": {
        "hour": 11,
        "minute": 11,
        "second": 46,
        "nano": 0
      }
    },
    "citySender": "Кривий Ріг",
    "cityRecipient": "Київ"
  },
  {
    "number": 59000456099358,
    "dateTime": {
      "date": {
        "year": 2019,
        "month": 10,
        "day": 19
      },
      "time": {
        "hour": 11,
        "minute": 11,
        "second": 58,
        "nano": 0
      }
    },
    "citySender": "Полтава",
    "cityRecipient": "Київ"
  },
  {
    "number": 59000456099359,
    "dateTime": {
      "date": {
        "year": 2019,
        "month": 10,
        "day": 19
      },
      "time": {
        "hour": 11,
        "minute": 12,
        "second": 9,
        "nano": 0
      }
    },
    "citySender": "Чернігів",
    "cityRecipient": "Суми"
  },
  {
    "number": 59000456099360,
    "dateTime": {
      "date": {
        "year": 2019,
        "month": 10,
        "day": 19
      },
      "time": {
        "hour": 11,
        "minute": 11,
        "second": 52,
        "nano": 0
      }
    },
    "citySender": "Ірпінь",
    "cityRecipient": "Вишневе"
  },
  {
    "number": 59000456099361,
    "dateTime": {
      "date": {
        "year": 2019,
        "month": 10,
        "day": 19
      },
      "time": {
        "hour": 11,
        "minute": 11,
        "second": 57,
        "nano": 0
      }
    },
    "citySender": "Вишневе",
    "cityRecipient": "Київ"
  },
  {
    "number": 59000456099362,
    "dateTime": {
      "date": {
        "year": 2019,
        "month": 10,
        "day": 19
      },
      "time": {
        "hour": 11,
        "minute": 11,
        "second": 49,
        "nano": 0
      }
    },
    "citySender": "Краматорськ",
    "cityRecipient": "Київ"
  },
  {
    "number": 59000456099363,
    "dateTime": {
      "date": {
        "year": 2019,
        "month": 10,
        "day": 19
      },
      "time": {
        "hour": 11,
        "minute": 11,
        "second": 11,
        "nano": 0
      }
    },
    "citySender": "Олександрівка (смт.Кіровог.обл.райц)",
    "cityRecipient": "Балаклія (Харківська обл.)"
  },
  {
    "number": 59000456099364,
    "dateTime": {
      "date": {
        "year": 2019,
        "month": 10,
        "day": 19
      },
      "time": {
        "hour": 11,
        "minute": 10,
        "second": 22,
        "nano": 0
      }
    },
    "citySender": "Стрий",
    "cityRecipient": "Полтава"
  },
  {
    "number": 59000456099365,
    "dateTime": {
      "date": {
        "year": 2019,
        "month": 10,
        "day": 19
      },
      "time": {
        "hour": 11,
        "minute": 11,
        "second": 21,
        "nano": 0
      }
    },
    "citySender": "Чугуїв",
    "cityRecipient": "Харків"
  },
  {
    "number": 59000456099366,
    "dateTime": {
      "date": {
        "year": 2019,
        "month": 10,
        "day": 19
      },
      "time": {
        "hour": 11,
        "minute": 11,
        "second": 53,
        "nano": 0
      }
    },
    "citySender": "Ужгород",
    "cityRecipient": "Київ"
  },
  {
    "number": 59000456099367,
    "dateTime": {
      "date": {
        "year": 2019,
        "month": 10,
        "day": 19
      },
      "time": {
        "hour": 11,
        "minute": 11,
        "second": 51,
        "nano": 0
      }
    },
    "citySender": "Дніпро",
    "cityRecipient": "Запоріжжя"
  },
  {
    "number": 59000456099368,
    "dateTime": {
      "date": {
        "year": 2019,
        "month": 10,
        "day": 19
      },
      "time": {
        "hour": 11,
        "minute": 11,
        "second": 45,
        "nano": 0
      }
    },
    "citySender": "Дніпро",
    "cityRecipient": "Харків"
  },
  {
    "number": 59000456099369,
    "dateTime": {
      "date": {
        "year": 2019,
        "month": 10,
        "day": 19
      },
      "time": {
        "hour": 11,
        "minute": 11,
        "second": 44,
        "nano": 0
      }
    },
    "citySender": "Маріуполь",
    "cityRecipient": "Селидове"
  },
  {
    "number": 59000456099371,
    "dateTime": {
      "date": {
        "year": 2019,
        "month": 10,
        "day": 19
      },
      "time": {
        "hour": 11,
        "minute": 11,
        "second": 53,
        "nano": 0
      }
    },
    "citySender": "Лиман(Донецька обл)",
    "cityRecipient": "Біловодськ"
  },
  {
    "number": 59000456099372,
    "dateTime": {
      "date": {
        "year": 2019,
        "month": 10,
        "day": 19
      },
      "time": {
        "hour": 11,
        "minute": 11,
        "second": 36,
        "nano": 0
      }
    },
    "citySender": "Умань",
    "cityRecipient": "Нерубайське"
  },
  {
    "number": 59000456099373,
    "dateTime": {
      "date": {
        "year": 2019,
        "month": 10,
        "day": 19
      },
      "time": {
        "hour": 11,
        "minute": 11,
        "second": 29,
        "nano": 0
      }
    },
    "citySender": "Дударків",
    "cityRecipient": "Куп\u0027янськ"
  },
  {
    "number": 59000456099374,
    "dateTime": {
      "date": {
        "year": 2019,
        "month": 10,
        "day": 19
      },
      "time": {
        "hour": 11,
        "minute": 11,
        "second": 31,
        "nano": 0
      }
    },
    "citySender": "Київ",
    "cityRecipient": "Славутич"
  },
  {
    "number": 59000456099376,
    "dateTime": {
      "date": {
        "year": 2019,
        "month": 10,
        "day": 19
      },
      "time": {
        "hour": 11,
        "minute": 11,
        "second": 46,
        "nano": 0
      }
    },
    "citySender": "Київ",
    "cityRecipient": "Київ"
  },
  {
    "number": 59000456099377,
    "dateTime": {
      "date": {
        "year": 2019,
        "month": 10,
        "day": 19
      },
      "time": {
        "hour": 11,
        "minute": 11,
        "second": 41,
        "nano": 0
      }
    },
    "citySender": "Тернівка",
    "cityRecipient": "Дніпро"
  },
  {
    "number": 59000456099378,
    "dateTime": {
      "date": {
        "year": 2019,
        "month": 10,
        "day": 19
      },
      "time": {
        "hour": 11,
        "minute": 12,
        "second": 14,
        "nano": 0
      }
    },
    "citySender": "Перемишляни",
    "cityRecipient": "Львів"
  },
  {
    "number": 59000456099379,
    "dateTime": {
      "date": {
        "year": 2019,
        "month": 10,
        "day": 19
      },
      "time": {
        "hour": 11,
        "minute": 12,
        "second": 4,
        "nano": 0
      }
    },
    "citySender": "Кам\u0027янець-Подільський",
    "cityRecipient": "Київ"
  },
  {
    "number": 59000456099380,
    "dateTime": {
      "date": {
        "year": 2019,
        "month": 10,
        "day": 19
      },
      "time": {
        "hour": 11,
        "minute": 9,
        "second": 31,
        "nano": 0
      }
    },
    "citySender": "Житомир",
    "cityRecipient": "Київ"
  },
  {
    "number": 59000456099381,
    "dateTime": {
      "date": {
        "year": 2019,
        "month": 10,
        "day": 19
      },
      "time": {
        "hour": 11,
        "minute": 12,
        "second": 4,
        "nano": 0
      }
    },
    "citySender": "Тернівка",
    "cityRecipient": "Соснівка (Львівська обл.)"
  },
  {
    "number": 59000456099382,
    "dateTime": {
      "date": {
        "year": 2019,
        "month": 10,
        "day": 19
      },
      "time": {
        "hour": 11,
        "minute": 11,
        "second": 34,
        "nano": 0
      }
    },
    "citySender": "Сміла",
    "cityRecipient": "Київ"
  },
  {
    "number": 59000456099383,
    "dateTime": {
      "date": {
        "year": 2019,
        "month": 10,
        "day": 19
      },
      "time": {
        "hour": 11,
        "minute": 12,
        "second": 1,
        "nano": 0
      }
    },
    "citySender": "Кам\u0027янське(Дніпропетровська обл)",
    "cityRecipient": "Харків"
  },
  {
    "number": 59000456099384,
    "dateTime": {
      "date": {
        "year": 2019,
        "month": 10,
        "day": 19
      },
      "time": {
        "hour": 11,
        "minute": 12,
        "second": 5,
        "nano": 0
      }
    },
    "citySender": "Київ",
    "cityRecipient": "Кременчук"
  },
  {
    "number": 59000456099385,
    "dateTime": {
      "date": {
        "year": 2019,
        "month": 10,
        "day": 19
      },
      "time": {
        "hour": 11,
        "minute": 12,
        "second": 15,
        "nano": 0
      }
    },
    "citySender": "Старий Салтів",
    "cityRecipient": "Одеса"
  },
  {
    "number": 59000456099386,
    "dateTime": {
      "date": {
        "year": 2019,
        "month": 10,
        "day": 19
      },
      "time": {
        "hour": 11,
        "minute": 12,
        "second": 9,
        "nano": 0
      }
    },
    "citySender": "Хмельницький",
    "cityRecipient": "Новомосковськ"
  },
  {
    "number": 59000456099387,
    "dateTime": {
      "date": {
        "year": 2019,
        "month": 10,
        "day": 19
      },
      "time": {
        "hour": 11,
        "minute": 11,
        "second": 56,
        "nano": 0
      }
    },
    "citySender": "Долина",
    "cityRecipient": "Полтава"
  },
  {
    "number": 59000456099388,
    "dateTime": {
      "date": {
        "year": 2019,
        "month": 10,
        "day": 19
      },
      "time": {
        "hour": 11,
        "minute": 12,
        "second": 14,
        "nano": 0
      }
    },
    "citySender": "Ніжин",
    "cityRecipient": "Дніпро"
  }
]