[
  {
    "number": 59000456109279,
    "dateTime": {
      "date": {
        "year": 2019,
        "month": 10,
        "day": 19
      },
      "time": {
        "hour": 11,
        "minute": 48,
        "second": 50,
        "nano": 0
      }
    },
    "citySender": "Київ",
    "cityRecipient": "Долинська"
  },
  {
    "number": 59000456109280,
    "dateTime": {
      "date": {
        "year": 2019,
        "month": 10,
        "day": 19
      },
      "time": {
        "hour": 11,
        "minute": 47,
        "second": 19,
        "nano": 0
      }
    },
    "citySender": "Київ",
    "cityRecipient": "Калуш"
  },
  {
    "number": 59000456109281,
    "dateTime": {
      "date": {
        "year": 2019,
        "month": 10,
        "day": 19
      },
      "time": {
        "hour": 11,
        "minute": 48,
        "second": 56,
        "nano": 0
      }
    },
    "citySender": "Володимир-Волинський",
    "cityRecipient": "Вінниця"
  },
  {
    "number": 59000456109282,
    "dateTime": {
      "date": {
        "year": 2019,
        "month": 10,
        "day": 19
      },
      "time": {
        "hour": 11,
        "minute": 48,
        "second": 43,
        "nano": 0
      }
    },
    "citySender": "Мукачево",
    "cityRecipient": "Затока"
  },
  {
    "number": 59000456109283,
    "dateTime": {
      "date": {
        "year": 2019,
        "month": 10,
        "day": 19
      },
      "time": {
        "hour": 11,
        "minute": 48,
        "second": 48,
        "nano": 0
      }
    },
    "citySender": "Київ",
    "cityRecipient": "Суми"
  },
  {
    "number": 59000456109284,
    "dateTime": {
      "date": {
        "year": 2019,
        "month": 10,
        "day": 19
      },
      "time": {
        "hour": 11,
        "minute": 48,
        "second": 54,
        "nano": 0
      }
    },
    "citySender": "Пісочин",
    "cityRecipient": "Світловодськ"
  },
  {
    "number": 59000456109285,
    "dateTime": {
      "date": {
        "year": 2019,
        "month": 10,
        "day": 19
      },
      "time": {
        "hour": 11,
        "minute": 48,
        "second": 51,
        "nano": 0
      }
    },
    "citySender": "Хмельницький",
    "cityRecipient": "Гаврилівка"
  },
  {
    "number": 59000456109286,
    "dateTime": {
      "date": {
        "year": 2019,
        "month": 10,
        "day": 19
      },
      "time": {
        "hour": 11,
        "minute": 46,
        "second": 14,
        "nano": 0
      }
    },
    "citySender": "Миколаїв",
    "cityRecipient": "Колки"
  },
  {
    "number": 59000456109287,
    "dateTime": {
      "date": {
        "year": 2019,
        "month": 10,
        "day": 19
      },
      "time": {
        "hour": 11,
        "minute": 48,
        "second": 48,
        "nano": 0
      }
    },
    "citySender": "Київ",
    "cityRecipient": "Овруч"
  },
  {
    "number": 59000456109288,
    "dateTime": {
      "date": {
        "year": 2019,
        "month": 10,
        "day": 19
      },
      "time": {
        "hour": 11,
        "minute": 48,
        "second": 49,
        "nano": 0
      }
    },
    "citySender": "Харків",
    "cityRecipient": "Оратів"
  },
  {
    "number": 59000456109289,
    "dateTime": {
      "date": {
        "year": 2019,
        "month": 10,
        "day": 19
      },
      "time": {
        "hour": 11,
        "minute": 48,
        "second": 46,
        "nano": 0
      }
    },
    "citySender": "Шацьк",
    "cityRecipient": "Новий Буг"
  },
  {
    "number": 59000456109290,
    "dateTime": {
      "date": {
        "year": 2019,
        "month": 10,
        "day": 19
      },
      "time": {
        "hour": 11,
        "minute": 48,
        "second": 30,
        "nano": 0
      }
    },
    "citySender": "Дніпро",
    "cityRecipient": "Кам\u0027янське(Дніпропетровська обл)"
  },
  {
    "number": 59000456109291,
    "dateTime": {
      "date": {
        "year": 2019,
        "month": 10,
        "day": 19
      },
      "time": {
        "hour": 11,
        "minute": 48,
        "second": 20,
        "nano": 0
      }
    },
    "citySender": "Хмельницький",
    "cityRecipient": "Борислав (Львівська обл.)"
  },
  {
    "number": 59000456109292,
    "dateTime": {
      "date": {
        "year": 2019,
        "month": 10,
        "day": 19
      },
      "time": {
        "hour": 11,
        "minute": 48,
        "second": 47,
        "nano": 0
      }
    },
    "citySender": "Харків",
    "cityRecipient": "Херсон"
  },
  {
    "number": 59000456109293,
    "dateTime": {
      "date": {
        "year": 2019,
        "month": 10,
        "day": 19
      },
      "time": {
        "hour": 11,
        "minute": 47,
        "second": 50,
        "nano": 0
      }
    },
    "citySender": "Київ",
    "cityRecipient": "Вишневе"
  },
  {
    "number": 59000456109294,
    "dateTime": {
      "date": {
        "year": 2019,
        "month": 10,
        "day": 19
      },
      "time": {
        "hour": 11,
        "minute": 48,
        "second": 56,
        "nano": 0
      }
    },
    "citySender": "Бровари",
    "cityRecipient": "Київ"
  },
  {
    "number": 59000456109295,
    "dateTime": {
      "date": {
        "year": 2019,
        "month": 10,
        "day": 19
      },
      "time": {
        "hour": 11,
        "minute": 48,
        "second": 5,
        "nano": 0
      }
    },
    "citySender": "Краматорськ",
    "cityRecipient": "Харків"
  },
  {
    "number": 59000456109296,
    "dateTime": {
      "date": {
        "year": 2019,
        "month": 10,
        "day": 19
      },
      "time": {
        "hour": 11,
        "minute": 48,
        "second": 36,
        "nano": 0
      }
    },
    "citySender": "Біла Церква",
    "cityRecipient": "Нетішин"
  },
  {
    "number": 59000456109297,
    "dateTime": {
      "date": {
        "year": 2019,
        "month": 10,
        "day": 19
      },
      "time": {
        "hour": 11,
        "minute": 48,
        "second": 29,
        "nano": 0
      }
    },
    "citySender": "Шепетівка",
    "cityRecipient": "Київ"
  },
  {
    "number": 59000456109298,
    "dateTime": {
      "date": {
        "year": 2019,
        "month": 10,
        "day": 19
      },
      "time": {
        "hour": 11,
        "minute": 48,
        "second": 48,
        "nano": 0
      }
    },
    "citySender": "Харків",
    "cityRecipient": "Київ"
  },
  {
    "number": 59000456109299,
    "dateTime": {
      "date": {
        "year": 2019,
        "month": 10,
        "day": 19
      },
      "time": {
        "hour": 11,
        "minute": 46,
        "second": 12,
        "nano": 0
      }
    },
    "citySender": "Ужгород",
    "cityRecipient": "Рубіжне"
  },
  {
    "number": 59000456109300,
    "dateTime": {
      "date": {
        "year": 2019,
        "month": 10,
        "day": 19
      },
      "time": {
        "hour": 11,
        "minute": 49,
        "second": 0,
        "nano": 0
      }
    },
    "citySender": "Херсон",
    "cityRecipient": "Київ"
  },
  {
    "number": 59000456109301,
    "dateTime": {
      "date": {
        "year": 2019,
        "month": 10,
        "day": 19
      },
      "time": {
        "hour": 11,
        "minute": 48,
        "second": 11,
        "nano": 0
      }
    },
    "citySender": "Южне",
    "cityRecipient": "Бахмут"
  },
  {
    "number": 59000456109302,
    "dateTime": {
      "date": {
        "year": 2019,
        "month": 10,
        "day": 19
      },
      "time": {
        "hour": 11,
        "minute": 48,
        "second": 30,
        "nano": 0
      }
    },
    "citySender": "Дрогобич",
    "cityRecipient": "Харків"
  },
  {
    "number": 59000456109303,
    "dateTime": {
      "date": {
        "year": 2019,
        "month": 10,
        "day": 19
      },
      "time": {
        "hour": 11,
        "minute": 48,
        "second": 57,
        "nano": 0
      }
    },
    "citySender": "Чернівці",
    "cityRecipient": "Краматорськ"
  },
  {
    "number": 59000456109304,
    "dateTime": {
      "date": {
        "year": 2019,
        "month": 10,
        "day": 19
      },
      "time": {
        "hour": 11,
        "minute": 48,
        "second": 44,
        "nano": 0
      }
    },
    "citySender": "Миронівський (Бахмутський р-н.)",
    "cityRecipient": "Решетилівка"
  },
  {
    "number": 59000456109305,
    "dateTime": {
      "date": {
        "year": 2019,
        "month": 10,
        "day": 19
      },
      "time": {
        "hour": 11,
        "minute": 48,
        "second": 38,
        "nano": 0
      }
    },
    "citySender": "Харків",
    "cityRecipient": "Кривий Ріг"
  },
  {
    "number": 59000456109306,
    "dateTime": {
      "date": {
        "year": 2019,
        "month": 10,
        "day": 19
      },
      "time": {
        "hour": 11,
        "minute": 48,
        "second": 27,
        "nano": 0
      }
    },
    "citySender": "Маріуполь",
    "cityRecipient": "Глухів (Сумська обл.)"
  },
  {
    "number": 59000456109307,
    "dateTime": {
      "date": {
        "year": 2019,
        "month": 10,
        "day": 19
      },
      "time": {
        "hour": 11,
        "minute": 49,
        "second": 0,
        "nano": 0
      }
    },
    "citySender": "Харків",
    "cityRecipient": "Серпневе"
  },
  {
    "number": 59000456109308,
    "dateTime": {
      "date": {
        "year": 2019,
        "month": 10,
        "day": 19
      },
      "time": {
        "hour": 11,
        "minute": 48,
        "second": 54,
        "nano": 0
      }
    },
    "citySender": "Харків",
    "cityRecipient": "Буча"
  },
  {
    "number": 59000456109309,
    "dateTime": {
      "date": {
        "year": 2019,
        "month": 10,
        "day": 19
      },
      "time": {
        "hour": 11,
        "minute": 48,
        "second": 57,
        "nano": 0
      }
    },
    "citySender": "Млинів",
    "cityRecipient": "Дніпро"
  },
  {
    "number": 59000456109310,
    "dateTime": {
      "date": {
        "year": 2019,
        "month": 10,
        "day": 19
      },
      "time": {
        "hour": 11,
        "minute": 49,
        "second": 2,
        "nano": 0
      }
    },
    "citySender": "Почаїв",
    "cityRecipient": "Прилуки"
  },
  {
    "number": 59000456109311,
    "dateTime": {
      "date": {
        "year": 2019,
        "month": 10,
        "day": 19
      },
      "time": {
        "hour": 11,
        "minute": 48,
        "second": 41,
        "nano": 0
      }
    },
    "citySender": "Яготин",
    "cityRecipient": "Суми"
  },
  {
    "number": 59000456109312,
    "dateTime": {
      "date": {
        "year": 2019,
        "month": 10,
        "day": 19
      },
      "time": {
        "hour": 11,
        "minute": 48,
        "second": 38,
        "nano": 0
      }
    },
    "citySender": "Конотоп",
    "cityRecipient": "Київ"
  },
  {
    "number": 59000456109313,
    "dateTime": {
      "date": {
        "year": 2019,
        "month": 10,
        "day": 19
      },
      "time": {
        "hour": 11,
        "minute": 48,
        "second": 32,
        "nano": 0
      }
    },
    "citySender": "Суми",
    "cityRecipient": "Крюківщина"
  },
  {
    "number": 59000456109314,
    "dateTime": {
      "date": {
        "year": 2019,
        "month": 10,
        "day": 19
      },
      "time": {
        "hour": 11,
        "minute": 48,
        "second": 48,
        "nano": 0
      }
    },
    "citySender": "Новгород-Сіверський",
    "cityRecipient": "Полтава"
  },
  {
    "number": 59000456109315,
    "dateTime": {
      "date": {
        "year": 2019,
        "month": 10,
        "day": 19
      },
      "time": {
        "hour": 11,
        "minute": 48,
        "second": 40,
        "nano": 0
      }
    },
    "citySender": "Івано-Франківськ",
    "cityRecipient": "Одеса"
  },
  {
    "number": 59000456109316,
    "dateTime": {
      "date": {
        "year": 2019,
        "month": 10,
        "day": 19
      },
      "time": {
        "hour": 11,
        "minute": 46,
        "second": 43,
        "nano": 0
      }
    },
    "citySender": "Високопілля",
    "cityRecipient": "Куликівка"
  },
  {
    "number": 59000456109317,
    "dateTime": {
      "date": {
        "year": 2019,
        "month": 10,
        "day": 19
      },
      "time": {
        "hour": 11,
        "minute": 48,
        "second": 44,
        "nano": 0
      }
    },
    "citySender": "Київ",
    "cityRecipient": "Терпіння"
  },
  {
    "number": 59000456109318,
    "dateTime": {
      "date": {
        "year": 2019,
        "month": 10,
        "day": 19
      },
      "time": {
        "hour": 11,
        "minute": 48,
        "second": 29,
        "nano": 0
      }
    },
    "citySender": "Первомайськ(Микол.обл.Первомайс.р-н)",
    "cityRecipient": "Запоріжжя"
  },
  {
    "number": 59000456109319,
    "dateTime": {
      "date": {
        "year": 2019,
        "month": 10,
        "day": 19
      },
      "time": {
        "hour": 11,
        "minute": 48,
        "second": 27,
        "nano": 0
      }
    },
    "citySender": "Суховоля",
    "cityRecipient": "Самбір"
  },
  {
    "number": 59000456109320,
    "dateTime": {
      "date": {
        "year": 2019,
        "month": 10,
        "day": 19
      },
      "time": {
        "hour": 11,
        "minute": 48,
        "second": 57,
        "nano": 0
      }
    },
    "citySender": "Южноукраїнськ",
    "cityRecipient": "Одеса"
  },
  {
    "number": 59000456109321,
    "dateTime": {
      "date": {
        "year": 2019,
        "month": 10,
        "day": 19
      },
      "time": {
        "hour": 11,
        "minute": 48,
        "second": 33,
        "nano": 0
      }
    },
    "citySender": "Полтава",
    "cityRecipient": "Херсон"
  },
  {
    "number": 59000456109323,
    "dateTime": {
      "date": {
        "year": 2019,
        "month": 10,
        "day": 19
      },
      "time": {
        "hour": 11,
        "minute": 47,
        "second": 45,
        "nano": 0
      }
    },
    "citySender": "Обухів",
    "cityRecipient": "Вінниця"
  },
  {
    "number": 59000456109324,
    "dateTime": {
      "date": {
        "year": 2019,
        "month": 10,
        "day": 19
      },
      "time": {
        "hour": 11,
        "minute": 48,
        "second": 46,
        "nano": 0
      }
    },
    "citySender": "Кривий Ріг",
    "cityRecipient": "Київ"
  },
  {
    "number": 59000456109325,
    "dateTime": {
      "date": {
        "year": 2019,
        "month": 10,
        "day": 19
      },
      "time": {
        "hour": 11,
        "minute": 48,
        "second": 21,
        "nano": 0
      }
    },
    "citySender": "Хмельницький",
    "cityRecipient": "Іспас"
  },
  {
    "number": 59000456109326,
    "dateTime": {
      "date": {
        "year": 2019,
        "month": 10,
        "day": 19
      },
      "time": {
        "hour": 11,
        "minute": 49,
        "second": 3,
        "nano": 0
      }
    },
    "citySender": "Винники",
    "cityRecipient": "Львів"
  },
  {
    "number": 59000456109327,
    "dateTime": {
      "date": {
        "year": 2019,
        "month": 10,
        "day": 19
      },
      "time": {
        "hour": 11,
        "minute": 48,
        "second": 46,
        "nano": 0
      }
    },
    "citySender": "Миколаїв",
    "cityRecipient": "Вінниця"
  },
  {
    "number": 59000456109328,
    "dateTime": {
      "date": {
        "year": 2019,
        "month": 10,
        "day": 19
      },
      "time": {
        "hour": 11,
        "minute": 48,
        "second": 42,
        "nano": 0
      }
    },
    "citySender": "Нікополь (Дніпропетровська обл.)",
    "cityRecipient": "Вільшанка (Кіровоградська обл.)"
  },
  {
    "number": 59000456109329,
    "dateTime": {
      "date": {
        "year": 2019,
        "month": 10,
        "day": 19
      },
      "time": {
        "hour": 11,
        "minute": 48,
        "second": 49,
        "nano": 0
      }
    },
    "citySender": "Березне",
    "cityRecipient": "Запоріжжя"
  },
  {
    "number": 59000456109330,
    "dateTime": {
      "date": {
        "year": 2019,
        "month": 10,
        "day": 19
      },
      "time": {
        "hour": 11,
        "minute": 48,
        "second": 50,
        "nano": 0
      }
    },
    "citySender": "Київ",
    "cityRecipient": "Веселе (Запорізька обл.)"
  },
  {
    "number": 59000456109331,
    "dateTime": {
      "date": {
        "year": 2019,
        "month": 10,
        "day": 19
      },
      "time": {
        "hour": 11,
        "minute": 48,
        "second": 29,
        "nano": 0
      }
    },
    "citySender": "Полтава",
    "cityRecipient": "Котельва"
  },
  {
    "number": 59000456109332,
    "dateTime": {
      "date": {
        "year": 2019,
        "month": 10,
        "day": 19
      },
      "time": {
        "hour": 11,
        "minute": 48,
        "second": 38,
        "nano": 0
      }
    },
    "citySender": "Одеса",
    "cityRecipient": "Лисичанськ"
  },
  {
    "number": 59000456109333,
    "dateTime": {
      "date": {
        "year": 2019,
        "month": 10,
        "day": 19
      },
      "time": {
        "hour": 11,
        "minute": 47,
        "second": 39,
        "nano": 0
      }
    },
    "citySender": "Бишів (Київська обл.)",
    "cityRecipient": "Полтава"
  },
  {
    "number": 59000456109334,
    "dateTime": {
      "date": {
        "year": 2019,
        "month": 10,
        "day": 19
      },
      "time": {
        "hour": 11,
        "minute": 48,
        "second": 11,
        "nano": 0
      }
    },
    "citySender": "Київ",
    "cityRecipient": "Стрий"
  },
  {
    "number": 59000456109335,
    "dateTime": {
      "date": {
        "year": 2019,
        "month": 10,
        "day": 19
      },
      "time": {
        "hour": 11,
        "minute": 48,
        "second": 44,
        "nano": 0
      }
    },
    "citySender": "Рудки",
    "cityRecipient": "Полтава"
  },
  {
    "number": 59000456109336,
    "dateTime": {
      "date": {
        "year": 2019,
        "month": 10,
        "day": 19
      },
      "time": {
        "hour": 11,
        "minute": 49,
        "second": 6,
        "nano": 0
      }
    },
    "citySender": "Плотича",
    "cityRecipient": "Копайгород"
  },
  {
    "number": 59000456109337,
    "dateTime": {
      "date": {
        "year": 2019,
        "month": 10,
        "day": 19
      },
      "time": {
        "hour": 11,
        "minute": 48,
        "second": 49,
        "nano": 0
      }
    },
    "citySender": "Прилуки",
    "cityRecipient": "Слов\u0027янськ"
  },
  {
    "number": 59000456109339,
    "dateTime": {
      "date": {
        "year": 2019,
        "month": 10,
        "day": 19
      },
      "time": {
        "hour": 11,
        "minute": 48,
        "second": 33,
        "nano": 0
      }
    },
    "citySender": "Київ",
    "cityRecipient": "Подільськ"
  },
  {
    "number": 59000456109340,
    "dateTime": {
      "date": {
        "year": 2019,
        "month": 10,
        "day": 19
      },
      "time": {
        "hour": 11,
        "minute": 48,
        "second": 51,
        "nano": 0
      }
    },
    "citySender": "Чигирин",
    "cityRecipient": "Кринички"
  },
  {
    "number": 59000456109341,
    "dateTime": {
      "date": {
        "year": 2019,
        "month": 10,
        "day": 19
      },
      "time": {
        "hour": 11,
        "minute": 48,
        "second": 43,
        "nano": 0
      }
    },
    "citySender": "Дружківка",
    "cityRecipient": "Львів"
  },
  {
    "number": 59000456109342,
    "dateTime": {
      "date": {
        "year": 2019,
        "month": 10,
        "day": 19
      },
      "time": {
        "hour": 11,
        "minute": 48,
        "second": 50,
        "nano": 0
      }
    },
    "citySender": "Умань",
    "cityRecipient": "Миколаїв"
  },
  {
    "number": 59000456109343,
    "dateTime": {
      "date": {
        "year": 2019,
        "month": 10,
        "day": 19
      },
      "time": {
        "hour": 11,
        "minute": 48,
        "second": 52,
        "nano": 0
      }
    },
    "citySender": "Одеса",
    "cityRecipient": "Райгородок(Слов\u0027янський р-н)"
  },
  {
    "number": 59000456109344,
    "dateTime": {
      "date": {
        "year": 2019,
        "month": 10,
        "day": 19
      },
      "time": {
        "hour": 11,
        "minute": 48,
        "second": 25,
        "nano": 0
      }
    },
    "citySender": "Авдіївка (Донецька обл.)",
    "cityRecipient": "Запоріжжя"
  },
  {
    "number": 59000456109345,
    "dateTime": {
      "date": {
        "year": 2019,
        "month": 10,
        "day": 19
      },
      "time": {
        "hour": 11,
        "minute": 48,
        "second": 51,
        "nano": 0
      }
    },
    "citySender": "Хмельницький",
    "cityRecipient": "Київ"
  },
  {
    "number": 59000456109346,
    "dateTime": {
      "date": {
        "year": 2019,
        "month": 10,
        "day": 19
      },
      "time": {
        "hour": 11,
        "minute": 48,
        "second": 18,
        "nano": 0
      }
    },
    "citySender": "Оржиця",
    "cityRecipient": "Світловодськ"
  },
  {
    "number": 59000456109347,
    "dateTime": {
      "date": {
        "year": 2019,
        "month": 10,
        "day": 19
      },
      "time": {
        "hour": 11,
        "minute": 49,
        "second": 8,
        "nano": 0
      }
    },
    "citySender": "Кам\u0027янське(Дніпропетровська обл)",
    "cityRecipient": "Львів"
  },
  {
    "number": 59000456109348,
    "dateTime": {
      "date": {
        "year": 2019,
        "month": 10,
        "day": 19
      },
      "time": {
        "hour": 11,
        "minute": 48,
        "second": 49,
        "nano": 0
      }
    },
    "citySender": "Лозова",
    "cityRecipient": "Мелітополь"
  },
  {
    "number": 59000456109349,
    "dateTime": {
      "date": {
        "year": 2019,
        "month": 10,
        "day": 19
      },
      "time": {
        "hour": 11,
        "minute": 48,
        "second": 54,
        "nano": 0
      }
    },
    "citySender": "Хмельницький",
    "cityRecipient": "Городок (Хмельницька обл.)"
  },
  {
    "number": 59000456109350,
    "dateTime": {
      "date": {
        "year": 2019,
        "month": 10,
        "day": 19
      },
      "time": {
        "hour": 11,
        "minute": 49,
        "second": 8,
        "nano": 0
      }
    },
    "citySender": "Рені",
    "cityRecipient": "Бровари"
  },
  {
    "number": 59000456109351,
    "dateTime": {
      "date": {
        "year": 2019,
        "month": 10,
        "day": 19
      },
      "time": {
        "hour": 11,
        "minute": 48,
        "second": 56,
        "nano": 0
      }
    },
    "citySender": "Нікополь (Дніпропетровська обл.)",
    "cityRecipient": "Дніпро"
  },
  {
    "number": 59000456109352,
    "dateTime": {
      "date": {
        "year": 2019,
        "month": 10,
        "day": 19
      },
      "time": {
        "hour": 11,
        "minute": 49,
        "second": 0,
        "nano": 0
      }
    },
    "citySender": "Ужгород",
    "cityRecipient": "Маріуполь"
  },
  {
    "number": 59000456109353,
    "dateTime": {
      "date": {
        "year": 2019,
        "month": 10,
        "day": 19
      },
      "time": {
        "hour": 11,
        "minute": 47,
        "second": 53,
        "nano": 0
      }
    },
    "citySender": "Бровари",
    "cityRecipient": "Київ"
  },
  {
    "number": 59000456109354,
    "dateTime": {
      "date": {
        "year": 2019,
        "month": 10,
        "day": 19
      },
      "time": {
        "hour": 11,
        "minute": 48,
        "second": 49,
        "nano": 0
      }
    },
    "citySender": "Одеса",
    "cityRecipient": "Дніпро"
  },
  {
    "number": 59000456109355,
    "dateTime": {
      "date": {
        "year": 2019,
        "month": 10,
        "day": 19
      },
      "time": {
        "hour": 11,
        "minute": 48,
        "second": 58,
        "nano": 0
      }
    },
    "citySender": "Біла Церква",
    "cityRecipient": "Кам\u0027янець-Подільський"
  },
  {
    "number": 59000456109356,
    "dateTime": {
      "date": {
        "year": 2019,
        "month": 10,
        "day": 19
      },
      "time": {
        "hour": 11,
        "minute": 48,
        "second": 25,
        "nano": 0
      }
    },
    "citySender": "Київ",
    "cityRecipient": "Київ"
  },
  {
    "number": 59000456109357,
    "dateTime": {
      "date": {
        "year": 2019,
        "month": 10,
        "day": 19
      },
      "time": {
        "hour": 11,
        "minute": 46,
        "second": 4,
        "nano": 0
      }
    },
    "citySender": "Луцьк",
    "cityRecipient": "Галицинове"
  },
  {
    "number": 59000456109358,
    "dateTime": {
      "date": {
        "year": 2019,
        "month": 10,
        "day": 19
      },
      "time": {
        "hour": 11,
        "minute": 48,
        "second": 59,
        "nano": 0
      }
    },
    "citySender": "Коломия",
    "cityRecipient": "Умань"
  },
  {
    "number": 59000456109360,
    "dateTime": {
      "date": {
        "year": 2019,
        "month": 10,
        "day": 19
      },
      "time": {
        "hour": 11,
        "minute": 49,
        "second": 10,
        "nano": 0
      }
    },
    "citySender": "Шишаки",
    "cityRecipient": "Вишневе"
  },
  {
    "number": 59000456109361,
    "dateTime": {
      "date": {
        "year": 2019,
        "month": 10,
        "day": 19
      },
      "time": {
        "hour": 11,
        "minute": 48,
        "second": 11,
        "nano": 0
      }
    },
    "citySender": "Ратне",
    "cityRecipient": "Рівне"
  },
  {
    "number": 59000456109362,
    "dateTime": {
      "date": {
        "year": 2019,
        "month": 10,
        "day": 19
      },
      "time": {
        "hour": 11,
        "minute": 49,
        "second": 9,
        "nano": 0
      }
    },
    "citySender": "Костопіль",
    "cityRecipient": "Тернопіль"
  },
  {
    "number": 59000456109363,
    "dateTime": {
      "date": {
        "year": 2019,
        "month": 10,
        "day": 19
      },
      "time": {
        "hour": 11,
        "minute": 48,
        "second": 57,
        "nano": 0
      }
    },
    "citySender": "Дніпро",
    "cityRecipient": "Глухів (Сумська обл.)"
  },
  {
    "number": 59000456109364,
    "dateTime": {
      "date": {
        "year": 2019,
        "month": 10,
        "day": 19
      },
      "time": {
        "hour": 11,
        "minute": 48,
        "second": 44,
        "nano": 0
      }
    },
    "citySender": "Харків",
    "cityRecipient": "Одеса"
  },
  {
    "number": 59000456109366,
    "dateTime": {
      "date": {
        "year": 2019,
        "month": 10,
        "day": 19
      },
      "time": {
        "hour": 11,
        "minute": 49,
        "second": 2,
        "nano": 0
      }
    },
    "citySender": "Київ",
    "cityRecipient": "Гриців"
  },
  {
    "number": 59000456109367,
    "dateTime": {
      "date": {
        "year": 2019,
        "month": 10,
        "day": 19
      },
      "time": {
        "hour": 11,
        "minute": 48,
        "second": 7,
        "nano": 0
      }
    },
    "citySender": "Петропавлівка (Дніпропетровська обл.)",
    "cityRecipient": "Обухів"
  },
  {
    "number": 59000456109368,
    "dateTime": {
      "date": {
        "year": 2019,
        "month": 10,
        "day": 19
      },
      "time": {
        "hour": 11,
        "minute": 48,
        "second": 55,
        "nano": 0
      }
    },
    "citySender": "Тернопіль",
    "cityRecipient": "Київ"
  },
  {
    "number": 59000456109369,
    "dateTime": {
      "date": {
        "year": 2019,
        "month": 10,
        "day": 19
      },
      "time": {
        "hour": 11,
        "minute": 48,
        "second": 25,
        "nano": 0
      }
    },
    "citySender": "Слов\u0027янськ",
    "cityRecipient": "Київ"
  },
  {
    "number": 59000456109370,
    "dateTime": {
      "date": {
        "year": 2019,
        "month": 10,
        "day": 19
      },
      "time": {
        "hour": 11,
        "minute": 49,
        "second": 5,
        "nano": 0
      }
    },
    "citySender": "Борова (Київська обл.)",
    "cityRecipient": "Київ"
  },
  {
    "number": 59000456109371,
    "dateTime": {
      "date": {
        "year": 2019,
        "month": 10,
        "day": 19
      },
      "time": {
        "hour": 11,
        "minute": 48,
        "second": 45,
        "nano": 0
      }
    },
    "citySender": "Київ",
    "cityRecipient": "Київ"
  },
  {
    "number": 59000456109372,
    "dateTime": {
      "date": {
        "year": 2019,
        "month": 10,
        "day": 19
      },
      "time": {
        "hour": 11,
        "minute": 48,
        "second": 51,
        "nano": 0
      }
    },
    "citySender": "Львів",
    "cityRecipient": "Вишгород"
  },
  {
    "number": 59000456109374,
    "dateTime": {
      "date": {
        "year": 2019,
        "month": 10,
        "day": 19
      },
      "time": {
        "hour": 11,
        "minute": 49,
        "second": 14,
        "nano": 0
      }
    },
    "citySender": "Почаїв",
    "cityRecipient": "Прилуки"
  },
  {
    "number": 59000456109375,
    "dateTime": {
      "date": {
        "year": 2019,
        "month": 10,
        "day": 19
      },
      "time": {
        "hour": 11,
        "minute": 47,
        "second": 50,
        "nano": 0
      }
    },
    "citySender": "Великі Сорочинці",
    "cityRecipient": "Золочів(Харківська обл.)"
  },
  {
    "number": 59000456109376,
    "dateTime": {
      "date": {
        "year": 2019,
        "month": 10,
        "day": 19
      },
      "time": {
        "hour": 11,
        "minute": 1,
        "second": 29,
        "nano": 0
      }
    },
    "citySender": "Буськ",
    "cityRecipient": "Одеса"
  },
  {
    "number": 59000456109377,
    "dateTime": {
      "date": {
        "year": 2019,
        "month": 10,
        "day": 19
      },
      "time": {
        "hour": 11,
        "minute": 49,
        "second": 14,
        "nano": 0
      }
    },
    "citySender": "Богодухів",
    "cityRecipient": "Тернопіль"
  },
  {
    "number": 59000456109378,
    "dateTime": {
      "date": {
        "year": 2019,
        "month": 10,
        "day": 19
      },
      "time": {
        "hour": 11,
        "minute": 48,
        "second": 57,
        "nano": 0
      }
    },
    "citySender": "Київ",
    "cityRecipient": "Київ"
  }
]