[
  {
    "number": 59000456073599,
    "dateTime": {
      "date": {
        "year": 2019,
        "month": 10,
        "day": 19
      },
      "time": {
        "hour": 9,
        "minute": 18,
        "second": 27,
        "nano": 0
      }
    },
    "citySender": "Львів",
    "cityRecipient": "Вільне (Криворізький р-н)"
  },
  {
    "number": 59000456073600,
    "dateTime": {
      "date": {
        "year": 2019,
        "month": 10,
        "day": 19
      },
      "time": {
        "hour": 9,
        "minute": 18,
        "second": 27,
        "nano": 0
      }
    },
    "citySender": "Київ",
    "cityRecipient": "Авангард"
  },
  {
    "number": 59000456073601,
    "dateTime": {
      "date": {
        "year": 2019,
        "month": 10,
        "day": 19
      },
      "time": {
        "hour": 9,
        "minute": 18,
        "second": 9,
        "nano": 0
      }
    },
    "citySender": "Львів",
    "cityRecipient": "Хмельницький"
  },
  {
    "number": 59000456073602,
    "dateTime": {
      "date": {
        "year": 2019,
        "month": 10,
        "day": 19
      },
      "time": {
        "hour": 9,
        "minute": 18,
        "second": 27,
        "nano": 0
      }
    },
    "citySender": "Копашново",
    "cityRecipient": "Одеса"
  },
  {
    "number": 59000456073603,
    "dateTime": {
      "date": {
        "year": 2019,
        "month": 10,
        "day": 19
      },
      "time": {
        "hour": 9,
        "minute": 18,
        "second": 27,
        "nano": 0
      }
    },
    "citySender": "Жидачів",
    "cityRecipient": "Куп\u0027янськ"
  },
  {
    "number": 59000456073604,
    "dateTime": {
      "date": {
        "year": 2019,
        "month": 10,
        "day": 19
      },
      "time": {
        "hour": 9,
        "minute": 17,
        "second": 43,
        "nano": 0
      }
    },
    "citySender": "Мелітополь",
    "cityRecipient": "Божедарівка(Криничанський р-н)"
  },
  {
    "number": 59000456073605,
    "dateTime": {
      "date": {
        "year": 2019,
        "month": 10,
        "day": 19
      },
      "time": {
        "hour": 9,
        "minute": 18,
        "second": 29,
        "nano": 0
      }
    },
    "citySender": "Ірпінь",
    "cityRecipient": "Покровськ (Донецька обл.)"
  },
  {
    "number": 59000456073606,
    "dateTime": {
      "date": {
        "year": 2019,
        "month": 10,
        "day": 19
      },
      "time": {
        "hour": 9,
        "minute": 18,
        "second": 7,
        "nano": 0
      }
    },
    "citySender": "Одеса",
    "cityRecipient": "Дніпро"
  },
  {
    "number": 59000456073607,
    "dateTime": {
      "date": {
        "year": 2019,
        "month": 10,
        "day": 19
      },
      "time": {
        "hour": 9,
        "minute": 18,
        "second": 20,
        "nano": 0
      }
    },
    "citySender": "Чумаки",
    "cityRecipient": "Казанка"
  },
  {
    "number": 59000456073608,
    "dateTime": {
      "date": {
        "year": 2019,
        "month": 10,
        "day": 19
      },
      "time": {
        "hour": 9,
        "minute": 18,
        "second": 19,
        "nano": 0
      }
    },
    "citySender": "Львів",
    "cityRecipient": "Київ"
  },
  {
    "number": 59000456073609,
    "dateTime": {
      "date": {
        "year": 2019,
        "month": 10,
        "day": 19
      },
      "time": {
        "hour": 9,
        "minute": 16,
        "second": 43,
        "nano": 0
      }
    },
    "citySender": "Київ",
    "cityRecipient": "Київ"
  },
  {
    "number": 59000456073610,
    "dateTime": {
      "date": {
        "year": 2019,
        "month": 10,
        "day": 19
      },
      "time": {
        "hour": 9,
        "minute": 18,
        "second": 18,
        "nano": 0
      }
    },
    "citySender": "Більмак (Запорізька обл.)",
    "cityRecipient": "Вараш"
  },
  {
    "number": 59000456073611,
    "dateTime": {
      "date": {
        "year": 2019,
        "month": 10,
        "day": 19
      },
      "time": {
        "hour": 9,
        "minute": 18,
        "second": 30,
        "nano": 0
      }
    },
    "citySender": "Авіаторське",
    "cityRecipient": "Київ"
  },
  {
    "number": 59000456073612,
    "dateTime": {
      "date": {
        "year": 2019,
        "month": 10,
        "day": 19
      },
      "time": {
        "hour": 9,
        "minute": 18,
        "second": 29,
        "nano": 0
      }
    },
    "citySender": "Голованівськ",
    "cityRecipient": "Саврань"
  },
  {
    "number": 59000456073613,
    "dateTime": {
      "date": {
        "year": 2019,
        "month": 10,
        "day": 19
      },
      "time": {
        "hour": 9,
        "minute": 18,
        "second": 13,
        "nano": 0
      }
    },
    "citySender": "Макарів",
    "cityRecipient": "Копичинці (Гусятинський р-н)"
  },
  {
    "number": 59000456073614,
    "dateTime": {
      "date": {
        "year": 2019,
        "month": 10,
        "day": 19
      },
      "time": {
        "hour": 9,
        "minute": 18,
        "second": 16,
        "nano": 0
      }
    },
    "citySender": "Одеса",
    "cityRecipient": "Львів"
  },
  {
    "number": 59000456073615,
    "dateTime": {
      "date": {
        "year": 2019,
        "month": 10,
        "day": 19
      },
      "time": {
        "hour": 9,
        "minute": 18,
        "second": 26,
        "nano": 0
      }
    },
    "citySender": "Чернігів",
    "cityRecipient": "Суми"
  },
  {
    "number": 59000456073616,
    "dateTime": {
      "date": {
        "year": 2019,
        "month": 10,
        "day": 19
      },
      "time": {
        "hour": 9,
        "minute": 18,
        "second": 22,
        "nano": 0
      }
    },
    "citySender": "Пирятин",
    "cityRecipient": "Вінниця"
  },
  {
    "number": 59000456073617,
    "dateTime": {
      "date": {
        "year": 2019,
        "month": 10,
        "day": 19
      },
      "time": {
        "hour": 9,
        "minute": 18,
        "second": 32,
        "nano": 0
      }
    },
    "citySender": "Черкаси",
    "cityRecipient": "Київ"
  },
  {
    "number": 59000456073618,
    "dateTime": {
      "date": {
        "year": 2019,
        "month": 10,
        "day": 19
      },
      "time": {
        "hour": 9,
        "minute": 18,
        "second": 32,
        "nano": 0
      }
    },
    "citySender": "Южноукраїнськ",
    "cityRecipient": "Рівне"
  },
  {
    "number": 59000456073619,
    "dateTime": {
      "date": {
        "year": 2019,
        "month": 10,
        "day": 19
      },
      "time": {
        "hour": 9,
        "minute": 18,
        "second": 1,
        "nano": 0
      }
    },
    "citySender": "Лубни",
    "cityRecipient": "Харків"
  },
  {
    "number": 59000456073620,
    "dateTime": {
      "date": {
        "year": 2019,
        "month": 10,
        "day": 19
      },
      "time": {
        "hour": 9,
        "minute": 18,
        "second": 2,
        "nano": 0
      }
    },
    "citySender": "Сарни",
    "cityRecipient": "Ізмаїл"
  },
  {
    "number": 59000456073621,
    "dateTime": {
      "date": {
        "year": 2019,
        "month": 10,
        "day": 19
      },
      "time": {
        "hour": 9,
        "minute": 18,
        "second": 8,
        "nano": 0
      }
    },
    "citySender": "Вишгород",
    "cityRecipient": "Кропивницький"
  },
  {
    "number": 59000456073622,
    "dateTime": {
      "date": {
        "year": 2019,
        "month": 10,
        "day": 19
      },
      "time": {
        "hour": 9,
        "minute": 18,
        "second": 6,
        "nano": 0
      }
    },
    "citySender": "Буча",
    "cityRecipient": "Львів"
  },
  {
    "number": 59000456073623,
    "dateTime": {
      "date": {
        "year": 2019,
        "month": 10,
        "day": 19
      },
      "time": {
        "hour": 9,
        "minute": 18,
        "second": 23,
        "nano": 0
      }
    },
    "citySender": "Одеса",
    "cityRecipient": "Київ"
  },
  {
    "number": 59000456073625,
    "dateTime": {
      "date": {
        "year": 2019,
        "month": 10,
        "day": 19
      },
      "time": {
        "hour": 9,
        "minute": 16,
        "second": 58,
        "nano": 0
      }
    },
    "citySender": "Диканька",
    "cityRecipient": "Нові Санжари"
  },
  {
    "number": 59000456073626,
    "dateTime": {
      "date": {
        "year": 2019,
        "month": 10,
        "day": 19
      },
      "time": {
        "hour": 9,
        "minute": 17,
        "second": 40,
        "nano": 0
      }
    },
    "citySender": "Пустомити",
    "cityRecipient": "Полтава"
  },
  {
    "number": 59000456073627,
    "dateTime": {
      "date": {
        "year": 2019,
        "month": 10,
        "day": 19
      },
      "time": {
        "hour": 9,
        "minute": 18,
        "second": 28,
        "nano": 0
      }
    },
    "citySender": "Угринів (Волинська обл.)",
    "cityRecipient": "Угринів (Тисменицький р-н., Івано-Франк. обл.)"
  },
  {
    "number": 59000456073628,
    "dateTime": {
      "date": {
        "year": 2019,
        "month": 10,
        "day": 19
      },
      "time": {
        "hour": 9,
        "minute": 18,
        "second": 34,
        "nano": 0
      }
    },
    "citySender": "Великодолинське",
    "cityRecipient": "Володимир-Волинський"
  },
  {
    "number": 59000456073629,
    "dateTime": {
      "date": {
        "year": 2019,
        "month": 10,
        "day": 19
      },
      "time": {
        "hour": 9,
        "minute": 18,
        "second": 5,
        "nano": 0
      }
    },
    "citySender": "Сергіївка (Білгород-Дністровський р-н)",
    "cityRecipient": "Миронівка"
  },
  {
    "number": 59000456073630,
    "dateTime": {
      "date": {
        "year": 2019,
        "month": 10,
        "day": 19
      },
      "time": {
        "hour": 9,
        "minute": 17,
        "second": 30,
        "nano": 0
      }
    },
    "citySender": "Київ",
    "cityRecipient": "Велика Писарівка"
  },
  {
    "number": 59000456073631,
    "dateTime": {
      "date": {
        "year": 2019,
        "month": 10,
        "day": 19
      },
      "time": {
        "hour": 9,
        "minute": 18,
        "second": 35,
        "nano": 0
      }
    },
    "citySender": "Миронівський (Бахмутський р-н.)",
    "cityRecipient": "Львів"
  },
  {
    "number": 59000456073632,
    "dateTime": {
      "date": {
        "year": 2019,
        "month": 10,
        "day": 19
      },
      "time": {
        "hour": 9,
        "minute": 18,
        "second": 25,
        "nano": 0
      }
    },
    "citySender": "Бердичів",
    "cityRecipient": "Луцьк"
  },
  {
    "number": 59000456073633,
    "dateTime": {
      "date": {
        "year": 2019,
        "month": 10,
        "day": 19
      },
      "time": {
        "hour": 9,
        "minute": 18,
        "second": 35,
        "nano": 0
      }
    },
    "citySender": "Івано-Франківськ",
    "cityRecipient": "Київ"
  },
  {
    "number": 59000456073634,
    "dateTime": {
      "date": {
        "year": 2019,
        "month": 10,
        "day": 19
      },
      "time": {
        "hour": 9,
        "minute": 18,
        "second": 27,
        "nano": 0
      }
    },
    "citySender": "Луцьк",
    "cityRecipient": "Боярка"
  },
  {
    "number": 59000456073635,
    "dateTime": {
      "date": {
        "year": 2019,
        "month": 10,
        "day": 19
      },
      "time": {
        "hour": 9,
        "minute": 18,
        "second": 28,
        "nano": 0
      }
    },
    "citySender": "Дубно",
    "cityRecipient": "Літки"
  },
  {
    "number": 59000456073636,
    "dateTime": {
      "date": {
        "year": 2019,
        "month": 10,
        "day": 19
      },
      "time": {
        "hour": 9,
        "minute": 18,
        "second": 2,
        "nano": 0
      }
    },
    "citySender": "Східниця",
    "cityRecipient": "Березне"
  },
  {
    "number": 59000456073637,
    "dateTime": {
      "date": {
        "year": 2019,
        "month": 10,
        "day": 19
      },
      "time": {
        "hour": 9,
        "minute": 18,
        "second": 28,
        "nano": 0
      }
    },
    "citySender": "Чернівці",
    "cityRecipient": "Маріуполь"
  },
  {
    "number": 59000456073638,
    "dateTime": {
      "date": {
        "year": 2019,
        "month": 10,
        "day": 19
      },
      "time": {
        "hour": 9,
        "minute": 18,
        "second": 19,
        "nano": 0
      }
    },
    "citySender": "Каховка",
    "cityRecipient": "Біла Церква"
  },
  {
    "number": 59000456073639,
    "dateTime": {
      "date": {
        "year": 2019,
        "month": 10,
        "day": 19
      },
      "time": {
        "hour": 9,
        "minute": 18,
        "second": 36,
        "nano": 0
      }
    },
    "citySender": "Знам\u0027янка (Одеська обл.)",
    "cityRecipient": "Молодіжне"
  },
  {
    "number": 59000456073640,
    "dateTime": {
      "date": {
        "year": 2019,
        "month": 10,
        "day": 19
      },
      "time": {
        "hour": 9,
        "minute": 18,
        "second": 36,
        "nano": 0
      }
    },
    "citySender": "Щастя",
    "cityRecipient": "Київ"
  },
  {
    "number": 59000456073641,
    "dateTime": {
      "date": {
        "year": 2019,
        "month": 10,
        "day": 19
      },
      "time": {
        "hour": 9,
        "minute": 18,
        "second": 29,
        "nano": 0
      }
    },
    "citySender": "Гриців",
    "cityRecipient": "Херсон"
  },
  {
    "number": 59000456073642,
    "dateTime": {
      "date": {
        "year": 2019,
        "month": 10,
        "day": 19
      },
      "time": {
        "hour": 9,
        "minute": 18,
        "second": 38,
        "nano": 0
      }
    },
    "citySender": "Рава-Руська",
    "cityRecipient": "Київ"
  },
  {
    "number": 59000456073643,
    "dateTime": {
      "date": {
        "year": 2019,
        "month": 10,
        "day": 19
      },
      "time": {
        "hour": 9,
        "minute": 18,
        "second": 14,
        "nano": 0
      }
    },
    "citySender": "Харків",
    "cityRecipient": "Нова Одеса"
  },
  {
    "number": 59000456073644,
    "dateTime": {
      "date": {
        "year": 2019,
        "month": 10,
        "day": 19
      },
      "time": {
        "hour": 9,
        "minute": 18,
        "second": 26,
        "nano": 0
      }
    },
    "citySender": "Київ",
    "cityRecipient": "Тарутине"
  },
  {
    "number": 59000456073645,
    "dateTime": {
      "date": {
        "year": 2019,
        "month": 10,
        "day": 19
      },
      "time": {
        "hour": 9,
        "minute": 18,
        "second": 28,
        "nano": 0
      }
    },
    "citySender": "Вінниця",
    "cityRecipient": "Харків"
  },
  {
    "number": 59000456073646,
    "dateTime": {
      "date": {
        "year": 2019,
        "month": 10,
        "day": 19
      },
      "time": {
        "hour": 9,
        "minute": 18,
        "second": 39,
        "nano": 0
      }
    },
    "citySender": "Вороновиця",
    "cityRecipient": "Запоріжжя"
  },
  {
    "number": 59000456073647,
    "dateTime": {
      "date": {
        "year": 2019,
        "month": 10,
        "day": 19
      },
      "time": {
        "hour": 9,
        "minute": 18,
        "second": 31,
        "nano": 0
      }
    },
    "citySender": "Львів",
    "cityRecipient": "Бережани (Тернопільська обл.)"
  },
  {
    "number": 59000456073648,
    "dateTime": {
      "date": {
        "year": 2019,
        "month": 10,
        "day": 19
      },
      "time": {
        "hour": 9,
        "minute": 18,
        "second": 13,
        "nano": 0
      }
    },
    "citySender": "Одеса",
    "cityRecipient": "Полтава"
  },
  {
    "number": 59000456073649,
    "dateTime": {
      "date": {
        "year": 2019,
        "month": 10,
        "day": 19
      },
      "time": {
        "hour": 9,
        "minute": 18,
        "second": 39,
        "nano": 0
      }
    },
    "citySender": "Циблі",
    "cityRecipient": "Харків"
  },
  {
    "number": 59000456073650,
    "dateTime": {
      "date": {
        "year": 2019,
        "month": 10,
        "day": 19
      },
      "time": {
        "hour": 9,
        "minute": 18,
        "second": 20,
        "nano": 0
      }
    },
    "citySender": "Угринів (Тисменицький р-н., Івано-Франк. обл.)",
    "cityRecipient": "Донець(Балаклійський р-н)"
  },
  {
    "number": 59000456073651,
    "dateTime": {
      "date": {
        "year": 2019,
        "month": 10,
        "day": 19
      },
      "time": {
        "hour": 9,
        "minute": 18,
        "second": 40,
        "nano": 0
      }
    },
    "citySender": "Черкаси",
    "cityRecipient": "Київ"
  },
  {
    "number": 59000456073652,
    "dateTime": {
      "date": {
        "year": 2019,
        "month": 10,
        "day": 19
      },
      "time": {
        "hour": 9,
        "minute": 18,
        "second": 3,
        "nano": 0
      }
    },
    "citySender": "Суми",
    "cityRecipient": "Черкаси"
  },
  {
    "number": 59000456073653,
    "dateTime": {
      "date": {
        "year": 2019,
        "month": 10,
        "day": 19
      },
      "time": {
        "hour": 9,
        "minute": 18,
        "second": 0,
        "nano": 0
      }
    },
    "citySender": "Приазовське",
    "cityRecipient": "Великі Мости"
  },
  {
    "number": 59000456073654,
    "dateTime": {
      "date": {
        "year": 2019,
        "month": 10,
        "day": 19
      },
      "time": {
        "hour": 9,
        "minute": 17,
        "second": 43,
        "nano": 0
      }
    },
    "citySender": "Івано-Франківськ",
    "cityRecipient": "Київ"
  },
  {
    "number": 59000456073655,
    "dateTime": {
      "date": {
        "year": 2019,
        "month": 10,
        "day": 19
      },
      "time": {
        "hour": 9,
        "minute": 17,
        "second": 43,
        "nano": 0
      }
    },
    "citySender": "Київ",
    "cityRecipient": "Шипинці"
  },
  {
    "number": 59000456073656,
    "dateTime": {
      "date": {
        "year": 2019,
        "month": 10,
        "day": 19
      },
      "time": {
        "hour": 9,
        "minute": 18,
        "second": 17,
        "nano": 0
      }
    },
    "citySender": "Козельщина",
    "cityRecipient": "Кобеляки"
  },
  {
    "number": 59000456073658,
    "dateTime": {
      "date": {
        "year": 2019,
        "month": 10,
        "day": 19
      },
      "time": {
        "hour": 9,
        "minute": 18,
        "second": 43,
        "nano": 0
      }
    },
    "citySender": "Часів Яр",
    "cityRecipient": "Кривий Ріг"
  },
  {
    "number": 59000456073660,
    "dateTime": {
      "date": {
        "year": 2019,
        "month": 10,
        "day": 19
      },
      "time": {
        "hour": 9,
        "minute": 16,
        "second": 40,
        "nano": 0
      }
    },
    "citySender": "Мерефа",
    "cityRecipient": "Нижні Сірогози"
  },
  {
    "number": 59000456073661,
    "dateTime": {
      "date": {
        "year": 2019,
        "month": 10,
        "day": 19
      },
      "time": {
        "hour": 9,
        "minute": 18,
        "second": 15,
        "nano": 0
      }
    },
    "citySender": "Луцьк",
    "cityRecipient": "Генічеськ"
  },
  {
    "number": 59000456073662,
    "dateTime": {
      "date": {
        "year": 2019,
        "month": 10,
        "day": 19
      },
      "time": {
        "hour": 9,
        "minute": 18,
        "second": 32,
        "nano": 0
      }
    },
    "citySender": "Гора (Бориспільський р-н., Київська обл.)",
    "cityRecipient": "Очаків"
  },
  {
    "number": 59000456073663,
    "dateTime": {
      "date": {
        "year": 2019,
        "month": 10,
        "day": 19
      },
      "time": {
        "hour": 9,
        "minute": 18,
        "second": 41,
        "nano": 0
      }
    },
    "citySender": "Луцьк",
    "cityRecipient": "Вільногірськ"
  },
  {
    "number": 59000456073664,
    "dateTime": {
      "date": {
        "year": 2019,
        "month": 10,
        "day": 19
      },
      "time": {
        "hour": 9,
        "minute": 18,
        "second": 17,
        "nano": 0
      }
    },
    "citySender": "Лисичанськ",
    "cityRecipient": "Бровари"
  },
  {
    "number": 59000456073665,
    "dateTime": {
      "date": {
        "year": 2019,
        "month": 10,
        "day": 19
      },
      "time": {
        "hour": 9,
        "minute": 17,
        "second": 35,
        "nano": 0
      }
    },
    "citySender": "Красногорівка",
    "cityRecipient": "Мирноград"
  },
  {
    "number": 59000456073666,
    "dateTime": {
      "date": {
        "year": 2019,
        "month": 10,
        "day": 19
      },
      "time": {
        "hour": 9,
        "minute": 18,
        "second": 19,
        "nano": 0
      }
    },
    "citySender": "Мелітополь",
    "cityRecipient": "Дніпро"
  },
  {
    "number": 59000456073667,
    "dateTime": {
      "date": {
        "year": 2019,
        "month": 10,
        "day": 19
      },
      "time": {
        "hour": 9,
        "minute": 18,
        "second": 34,
        "nano": 0
      }
    },
    "citySender": "Володимир-Волинський",
    "cityRecipient": "Львів"
  },
  {
    "number": 59000456073668,
    "dateTime": {
      "date": {
        "year": 2019,
        "month": 10,
        "day": 19
      },
      "time": {
        "hour": 9,
        "minute": 16,
        "second": 53,
        "nano": 0
      }
    },
    "citySender": "Рені",
    "cityRecipient": "Київ"
  },
  {
    "number": 59000456073670,
    "dateTime": {
      "date": {
        "year": 2019,
        "month": 10,
        "day": 19
      },
      "time": {
        "hour": 9,
        "minute": 18,
        "second": 30,
        "nano": 0
      }
    },
    "citySender": "Рогатин",
    "cityRecipient": "Канів"
  },
  {
    "number": 59000456073671,
    "dateTime": {
      "date": {
        "year": 2019,
        "month": 10,
        "day": 19
      },
      "time": {
        "hour": 9,
        "minute": 18,
        "second": 37,
        "nano": 0
      }
    },
    "citySender": "Одеса",
    "cityRecipient": "Боярка"
  },
  {
    "number": 59000456073672,
    "dateTime": {
      "date": {
        "year": 2019,
        "month": 10,
        "day": 19
      },
      "time": {
        "hour": 9,
        "minute": 18,
        "second": 33,
        "nano": 0
      }
    },
    "citySender": "Костопіль",
    "cityRecipient": "Запоріжжя"
  },
  {
    "number": 59000456073673,
    "dateTime": {
      "date": {
        "year": 2019,
        "month": 10,
        "day": 19
      },
      "time": {
        "hour": 9,
        "minute": 18,
        "second": 27,
        "nano": 0
      }
    },
    "citySender": "Зборів",
    "cityRecipient": "Київ"
  },
  {
    "number": 59000456073674,
    "dateTime": {
      "date": {
        "year": 2019,
        "month": 10,
        "day": 19
      },
      "time": {
        "hour": 9,
        "minute": 18,
        "second": 29,
        "nano": 0
      }
    },
    "citySender": "Кременчук",
    "cityRecipient": "Красногорівка"
  },
  {
    "number": 59000456073675,
    "dateTime": {
      "date": {
        "year": 2019,
        "month": 10,
        "day": 19
      },
      "time": {
        "hour": 9,
        "minute": 17,
        "second": 46,
        "nano": 0
      }
    },
    "citySender": "Покров (Дніпропетровська обл.)",
    "cityRecipient": "Біла Церква"
  },
  {
    "number": 59000456073676,
    "dateTime": {
      "date": {
        "year": 2019,
        "month": 10,
        "day": 19
      },
      "time": {
        "hour": 9,
        "minute": 18,
        "second": 29,
        "nano": 0
      }
    },
    "citySender": "Чайки",
    "cityRecipient": "Балаклія (Харківська обл.)"
  },
  {
    "number": 59000456073677,
    "dateTime": {
      "date": {
        "year": 2019,
        "month": 10,
        "day": 19
      },
      "time": {
        "hour": 9,
        "minute": 16,
        "second": 32,
        "nano": 0
      }
    },
    "citySender": "Волочиськ",
    "cityRecipient": "Івано-Франківськ"
  },
  {
    "number": 59000456073678,
    "dateTime": {
      "date": {
        "year": 2019,
        "month": 10,
        "day": 19
      },
      "time": {
        "hour": 9,
        "minute": 17,
        "second": 54,
        "nano": 0
      }
    },
    "citySender": "Харків",
    "cityRecipient": "Одеса"
  },
  {
    "number": 59000456073679,
    "dateTime": {
      "date": {
        "year": 2019,
        "month": 10,
        "day": 19
      },
      "time": {
        "hour": 9,
        "minute": 18,
        "second": 49,
        "nano": 0
      }
    },
    "citySender": "Чумаки",
    "cityRecipient": "Одеса"
  },
  {
    "number": 59000456073680,
    "dateTime": {
      "date": {
        "year": 2019,
        "month": 10,
        "day": 19
      },
      "time": {
        "hour": 9,
        "minute": 17,
        "second": 43,
        "nano": 0
      }
    },
    "citySender": "Коцюбинське",
    "cityRecipient": "Роздільна (Одеська обл.)"
  },
  {
    "number": 59000456073681,
    "dateTime": {
      "date": {
        "year": 2019,
        "month": 10,
        "day": 19
      },
      "time": {
        "hour": 9,
        "minute": 18,
        "second": 25,
        "nano": 0
      }
    },
    "citySender": "Чернівці",
    "cityRecipient": "Джурин (Шаргородський р-н.)"
  },
  {
    "number": 59000456073682,
    "dateTime": {
      "date": {
        "year": 2019,
        "month": 10,
        "day": 19
      },
      "time": {
        "hour": 9,
        "minute": 18,
        "second": 28,
        "nano": 0
      }
    },
    "citySender": "Бузаки",
    "cityRecipient": "Миколаїв"
  },
  {
    "number": 59000456073683,
    "dateTime": {
      "date": {
        "year": 2019,
        "month": 10,
        "day": 19
      },
      "time": {
        "hour": 9,
        "minute": 18,
        "second": 38,
        "nano": 0
      }
    },
    "citySender": "Велика Березовиця",
    "cityRecipient": "Львів"
  },
  {
    "number": 59000456073684,
    "dateTime": {
      "date": {
        "year": 2019,
        "month": 10,
        "day": 19
      },
      "time": {
        "hour": 9,
        "minute": 18,
        "second": 50,
        "nano": 0
      }
    },
    "citySender": "Горінчово",
    "cityRecipient": "Дрогобич"
  },
  {
    "number": 59000456073685,
    "dateTime": {
      "date": {
        "year": 2019,
        "month": 10,
        "day": 19
      },
      "time": {
        "hour": 9,
        "minute": 18,
        "second": 38,
        "nano": 0
      }
    },
    "citySender": "Кельменці",
    "cityRecipient": "Шепетівка"
  },
  {
    "number": 59000456073686,
    "dateTime": {
      "date": {
        "year": 2019,
        "month": 10,
        "day": 19
      },
      "time": {
        "hour": 9,
        "minute": 18,
        "second": 47,
        "nano": 0
      }
    },
    "citySender": "Скадовськ",
    "cityRecipient": "Коломия"
  },
  {
    "number": 59000456073687,
    "dateTime": {
      "date": {
        "year": 2019,
        "month": 10,
        "day": 19
      },
      "time": {
        "hour": 9,
        "minute": 17,
        "second": 29,
        "nano": 0
      }
    },
    "citySender": "Апостолове",
    "cityRecipient": "Підгайці (Луцький р-н)"
  },
  {
    "number": 59000456073688,
    "dateTime": {
      "date": {
        "year": 2019,
        "month": 10,
        "day": 19
      },
      "time": {
        "hour": 9,
        "minute": 18,
        "second": 31,
        "nano": 0
      }
    },
    "citySender": "Шаргород (Вінницька обл.)",
    "cityRecipient": "Умань"
  },
  {
    "number": 59000456073689,
    "dateTime": {
      "date": {
        "year": 2019,
        "month": 10,
        "day": 19
      },
      "time": {
        "hour": 9,
        "minute": 18,
        "second": 32,
        "nano": 0
      }
    },
    "citySender": "Кривий Ріг",
    "cityRecipient": "Запоріжжя"
  },
  {
    "number": 59000456073690,
    "dateTime": {
      "date": {
        "year": 2019,
        "month": 10,
        "day": 19
      },
      "time": {
        "hour": 9,
        "minute": 18,
        "second": 52,
        "nano": 0
      }
    },
    "citySender": "Славське (Львівська обл.)",
    "cityRecipient": "Одеса"
  },
  {
    "number": 59000456073691,
    "dateTime": {
      "date": {
        "year": 2019,
        "month": 10,
        "day": 19
      },
      "time": {
        "hour": 9,
        "minute": 18,
        "second": 40,
        "nano": 0
      }
    },
    "citySender": "Київ",
    "cityRecipient": "Люблинець"
  },
  {
    "number": 59000456073692,
    "dateTime": {
      "date": {
        "year": 2019,
        "month": 10,
        "day": 19
      },
      "time": {
        "hour": 9,
        "minute": 18,
        "second": 24,
        "nano": 0
      }
    },
    "citySender": "Краматорськ",
    "cityRecipient": "Київ"
  },
  {
    "number": 59000456073693,
    "dateTime": {
      "date": {
        "year": 2019,
        "month": 10,
        "day": 19
      },
      "time": {
        "hour": 9,
        "minute": 18,
        "second": 24,
        "nano": 0
      }
    },
    "citySender": "Іванків (Іванківський р-н)",
    "cityRecipient": "Харків"
  },
  {
    "number": 59000456073694,
    "dateTime": {
      "date": {
        "year": 2019,
        "month": 10,
        "day": 19
      },
      "time": {
        "hour": 9,
        "minute": 18,
        "second": 52,
        "nano": 0
      }
    },
    "citySender": "Козятин (місто, Вінницька обл.)",
    "cityRecipient": "Веселинове"
  },
  {
    "number": 59000456073695,
    "dateTime": {
      "date": {
        "year": 2019,
        "month": 10,
        "day": 19
      },
      "time": {
        "hour": 9,
        "minute": 18,
        "second": 52,
        "nano": 0
      }
    },
    "citySender": "Чернігів",
    "cityRecipient": "Бровари"
  },
  {
    "number": 59000456073696,
    "dateTime": {
      "date": {
        "year": 2019,
        "month": 10,
        "day": 19
      },
      "time": {
        "hour": 9,
        "minute": 18,
        "second": 12,
        "nano": 0
      }
    },
    "citySender": "Кривий Ріг",
    "cityRecipient": "Старокостянтинів"
  },
  {
    "number": 59000456073697,
    "dateTime": {
      "date": {
        "year": 2019,
        "month": 10,
        "day": 19
      },
      "time": {
        "hour": 9,
        "minute": 18,
        "second": 8,
        "nano": 0
      }
    },
    "citySender": "Запоріжжя",
    "cityRecipient": "Малин"
  },
  {
    "number": 59000456073698,
    "dateTime": {
      "date": {
        "year": 2019,
        "month": 10,
        "day": 19
      },
      "time": {
        "hour": 9,
        "minute": 18,
        "second": 54,
        "nano": 0
      }
    },
    "citySender": "Ніжин",
    "cityRecipient": "Львів"
  }
]