[
  {
    "number": 59000456080996,
    "dateTime": {
      "date": {
        "year": 2019,
        "month": 10,
        "day": 19
      },
      "time": {
        "hour": 9,
        "minute": 51,
        "second": 0,
        "nano": 0
      }
    },
    "citySender": "Новоархангельськ",
    "cityRecipient": "Харків"
  },
  {
    "number": 59000456080997,
    "dateTime": {
      "date": {
        "year": 2019,
        "month": 10,
        "day": 19
      },
      "time": {
        "hour": 9,
        "minute": 53,
        "second": 3,
        "nano": 0
      }
    },
    "citySender": "Ромни",
    "cityRecipient": "Авдіївка (Донецька обл.)"
  },
  {
    "number": 59000456080998,
    "dateTime": {
      "date": {
        "year": 2019,
        "month": 10,
        "day": 19
      },
      "time": {
        "hour": 9,
        "minute": 52,
        "second": 57,
        "nano": 0
      }
    },
    "citySender": "Рожнятів",
    "cityRecipient": "Пісочин"
  },
  {
    "number": 59000456080999,
    "dateTime": {
      "date": {
        "year": 2019,
        "month": 10,
        "day": 19
      },
      "time": {
        "hour": 9,
        "minute": 52,
        "second": 36,
        "nano": 0
      }
    },
    "citySender": "Київ",
    "cityRecipient": "Сєвєродонецьк"
  },
  {
    "number": 59000456081000,
    "dateTime": {
      "date": {
        "year": 2019,
        "month": 10,
        "day": 19
      },
      "time": {
        "hour": 9,
        "minute": 52,
        "second": 53,
        "nano": 0
      }
    },
    "citySender": "Одеса",
    "cityRecipient": "Подільськ"
  },
  {
    "number": 59000456081001,
    "dateTime": {
      "date": {
        "year": 2019,
        "month": 10,
        "day": 19
      },
      "time": {
        "hour": 9,
        "minute": 52,
        "second": 59,
        "nano": 0
      }
    },
    "citySender": "Ужгород",
    "cityRecipient": "Київ"
  },
  {
    "number": 59000456081002,
    "dateTime": {
      "date": {
        "year": 2019,
        "month": 10,
        "day": 19
      },
      "time": {
        "hour": 9,
        "minute": 52,
        "second": 9,
        "nano": 0
      }
    },
    "citySender": "Козелець",
    "cityRecipient": "Кривий Ріг"
  },
  {
    "number": 59000456081004,
    "dateTime": {
      "date": {
        "year": 2019,
        "month": 10,
        "day": 19
      },
      "time": {
        "hour": 9,
        "minute": 53,
        "second": 12,
        "nano": 0
      }
    },
    "citySender": "Київ",
    "cityRecipient": "Сєвєродонецьк"
  },
  {
    "number": 59000456081005,
    "dateTime": {
      "date": {
        "year": 2019,
        "month": 10,
        "day": 19
      },
      "time": {
        "hour": 9,
        "minute": 53,
        "second": 12,
        "nano": 0
      }
    },
    "citySender": "Дніпро",
    "cityRecipient": "Одеса"
  },
  {
    "number": 59000456081006,
    "dateTime": {
      "date": {
        "year": 2019,
        "month": 10,
        "day": 19
      },
      "time": {
        "hour": 9,
        "minute": 53,
        "second": 2,
        "nano": 0
      }
    },
    "citySender": "Харків",
    "cityRecipient": "Київ"
  },
  {
    "number": 59000456081007,
    "dateTime": {
      "date": {
        "year": 2019,
        "month": 10,
        "day": 19
      },
      "time": {
        "hour": 9,
        "minute": 42,
        "second": 41,
        "nano": 0
      }
    },
    "citySender": "Кам\u0027янка (Черкаська обл.)",
    "cityRecipient": "Боярка"
  },
  {
    "number": 59000456081008,
    "dateTime": {
      "date": {
        "year": 2019,
        "month": 10,
        "day": 19
      },
      "time": {
        "hour": 9,
        "minute": 53,
        "second": 13,
        "nano": 0
      }
    },
    "citySender": "Краматорськ",
    "cityRecipient": "Київ"
  },
  {
    "number": 59000456081009,
    "dateTime": {
      "date": {
        "year": 2019,
        "month": 10,
        "day": 19
      },
      "time": {
        "hour": 9,
        "minute": 52,
        "second": 59,
        "nano": 0
      }
    },
    "citySender": "Біла Церква",
    "cityRecipient": "Львів"
  },
  {
    "number": 59000456081010,
    "dateTime": {
      "date": {
        "year": 2019,
        "month": 10,
        "day": 19
      },
      "time": {
        "hour": 9,
        "minute": 52,
        "second": 48,
        "nano": 0
      }
    },
    "citySender": "Житомир",
    "cityRecipient": "Кролевець"
  },
  {
    "number": 59000456081011,
    "dateTime": {
      "date": {
        "year": 2019,
        "month": 10,
        "day": 19
      },
      "time": {
        "hour": 9,
        "minute": 51,
        "second": 35,
        "nano": 0
      }
    },
    "citySender": "Стрий",
    "cityRecipient": "Дніпро"
  },
  {
    "number": 59000456081012,
    "dateTime": {
      "date": {
        "year": 2019,
        "month": 10,
        "day": 19
      },
      "time": {
        "hour": 9,
        "minute": 53,
        "second": 7,
        "nano": 0
      }
    },
    "citySender": "Київ",
    "cityRecipient": "Курахове"
  },
  {
    "number": 59000456081013,
    "dateTime": {
      "date": {
        "year": 2019,
        "month": 10,
        "day": 19
      },
      "time": {
        "hour": 9,
        "minute": 52,
        "second": 57,
        "nano": 0
      }
    },
    "citySender": "Бровари",
    "cityRecipient": "Залізці"
  },
  {
    "number": 59000456081014,
    "dateTime": {
      "date": {
        "year": 2019,
        "month": 10,
        "day": 19
      },
      "time": {
        "hour": 9,
        "minute": 52,
        "second": 48,
        "nano": 0
      }
    },
    "citySender": "Луцьк",
    "cityRecipient": "Львів"
  },
  {
    "number": 59000456081015,
    "dateTime": {
      "date": {
        "year": 2019,
        "month": 10,
        "day": 19
      },
      "time": {
        "hour": 9,
        "minute": 53,
        "second": 5,
        "nano": 0
      }
    },
    "citySender": "Золочів(Харківська обл.)",
    "cityRecipient": "Суми"
  },
  {
    "number": 59000456081016,
    "dateTime": {
      "date": {
        "year": 2019,
        "month": 10,
        "day": 19
      },
      "time": {
        "hour": 9,
        "minute": 53,
        "second": 15,
        "nano": 0
      }
    },
    "citySender": "Борщів",
    "cityRecipient": "Вільне (Криворізький р-н)"
  },
  {
    "number": 59000456081017,
    "dateTime": {
      "date": {
        "year": 2019,
        "month": 10,
        "day": 19
      },
      "time": {
        "hour": 9,
        "minute": 52,
        "second": 54,
        "nano": 0
      }
    },
    "citySender": "Чугуїв",
    "cityRecipient": "Немовичі"
  },
  {
    "number": 59000456081018,
    "dateTime": {
      "date": {
        "year": 2019,
        "month": 10,
        "day": 19
      },
      "time": {
        "hour": 9,
        "minute": 53,
        "second": 16,
        "nano": 0
      }
    },
    "citySender": "Кароліно-Бугаз",
    "cityRecipient": "Рівне"
  },
  {
    "number": 59000456081019,
    "dateTime": {
      "date": {
        "year": 2019,
        "month": 10,
        "day": 19
      },
      "time": {
        "hour": 9,
        "minute": 52,
        "second": 57,
        "nano": 0
      }
    },
    "citySender": "Ужгород",
    "cityRecipient": "Одеса"
  },
  {
    "number": 59000456081020,
    "dateTime": {
      "date": {
        "year": 2019,
        "month": 10,
        "day": 19
      },
      "time": {
        "hour": 9,
        "minute": 53,
        "second": 5,
        "nano": 0
      }
    },
    "citySender": "Святогірськ",
    "cityRecipient": "Київ"
  },
  {
    "number": 59000456081021,
    "dateTime": {
      "date": {
        "year": 2019,
        "month": 10,
        "day": 19
      },
      "time": {
        "hour": 9,
        "minute": 53,
        "second": 13,
        "nano": 0
      }
    },
    "citySender": "Умань",
    "cityRecipient": "Чигирин"
  },
  {
    "number": 59000456081022,
    "dateTime": {
      "date": {
        "year": 2019,
        "month": 10,
        "day": 19
      },
      "time": {
        "hour": 9,
        "minute": 52,
        "second": 45,
        "nano": 0
      }
    },
    "citySender": "Запоріжжя",
    "cityRecipient": "Голованівськ"
  },
  {
    "number": 59000456081023,
    "dateTime": {
      "date": {
        "year": 2019,
        "month": 10,
        "day": 19
      },
      "time": {
        "hour": 9,
        "minute": 53,
        "second": 6,
        "nano": 0
      }
    },
    "citySender": "Чернівці",
    "cityRecipient": "Івано-Франківськ"
  },
  {
    "number": 59000456081025,
    "dateTime": {
      "date": {
        "year": 2019,
        "month": 10,
        "day": 19
      },
      "time": {
        "hour": 9,
        "minute": 52,
        "second": 31,
        "nano": 0
      }
    },
    "citySender": "Київ",
    "cityRecipient": "Ємільчине"
  },
  {
    "number": 59000456081026,
    "dateTime": {
      "date": {
        "year": 2019,
        "month": 10,
        "day": 19
      },
      "time": {
        "hour": 9,
        "minute": 53,
        "second": 16,
        "nano": 0
      }
    },
    "citySender": "Станиця Луганська",
    "cityRecipient": "Житомир"
  },
  {
    "number": 59000456081027,
    "dateTime": {
      "date": {
        "year": 2019,
        "month": 10,
        "day": 19
      },
      "time": {
        "hour": 9,
        "minute": 53,
        "second": 8,
        "nano": 0
      }
    },
    "citySender": "Катеринопіль",
    "cityRecipient": "Жовті Води"
  },
  {
    "number": 59000456081028,
    "dateTime": {
      "date": {
        "year": 2019,
        "month": 10,
        "day": 19
      },
      "time": {
        "hour": 9,
        "minute": 52,
        "second": 57,
        "nano": 0
      }
    },
    "citySender": "Літин",
    "cityRecipient": "Львів"
  },
  {
    "number": 59000456081029,
    "dateTime": {
      "date": {
        "year": 2019,
        "month": 10,
        "day": 19
      },
      "time": {
        "hour": 9,
        "minute": 53,
        "second": 0,
        "nano": 0
      }
    },
    "citySender": "Київ",
    "cityRecipient": "Дмитрівка (Знам\u0027янський р-н Кіровоградська обл.)"
  },
  {
    "number": 59000456081030,
    "dateTime": {
      "date": {
        "year": 2019,
        "month": 10,
        "day": 19
      },
      "time": {
        "hour": 9,
        "minute": 53,
        "second": 20,
        "nano": 0
      }
    },
    "citySender": "Веселинове",
    "cityRecipient": "Київ"
  },
  {
    "number": 59000456081031,
    "dateTime": {
      "date": {
        "year": 2019,
        "month": 10,
        "day": 19
      },
      "time": {
        "hour": 9,
        "minute": 53,
        "second": 14,
        "nano": 0
      }
    },
    "citySender": "Андрушівка",
    "cityRecipient": "Білогородка (Київська обл.)"
  },
  {
    "number": 59000456081032,
    "dateTime": {
      "date": {
        "year": 2019,
        "month": 10,
        "day": 19
      },
      "time": {
        "hour": 9,
        "minute": 52,
        "second": 48,
        "nano": 0
      }
    },
    "citySender": "Нововоронцовка",
    "cityRecipient": "Рівне"
  },
  {
    "number": 59000456081033,
    "dateTime": {
      "date": {
        "year": 2019,
        "month": 10,
        "day": 19
      },
      "time": {
        "hour": 9,
        "minute": 52,
        "second": 44,
        "nano": 0
      }
    },
    "citySender": "Стоянка",
    "cityRecipient": "Горенка"
  },
  {
    "number": 59000456081034,
    "dateTime": {
      "date": {
        "year": 2019,
        "month": 10,
        "day": 19
      },
      "time": {
        "hour": 9,
        "minute": 52,
        "second": 58,
        "nano": 0
      }
    },
    "citySender": "Дніпро",
    "cityRecipient": "Київ"
  },
  {
    "number": 59000456081035,
    "dateTime": {
      "date": {
        "year": 2019,
        "month": 10,
        "day": 19
      },
      "time": {
        "hour": 9,
        "minute": 53,
        "second": 7,
        "nano": 0
      }
    },
    "citySender": "Кам\u0027янець-Подільський",
    "cityRecipient": "Львів"
  },
  {
    "number": 59000456081036,
    "dateTime": {
      "date": {
        "year": 2019,
        "month": 10,
        "day": 19
      },
      "time": {
        "hour": 9,
        "minute": 52,
        "second": 16,
        "nano": 0
      }
    },
    "citySender": "Овруч",
    "cityRecipient": "Дніпро"
  },
  {
    "number": 59000456081037,
    "dateTime": {
      "date": {
        "year": 2019,
        "month": 10,
        "day": 19
      },
      "time": {
        "hour": 9,
        "minute": 53,
        "second": 17,
        "nano": 0
      }
    },
    "citySender": "Київ",
    "cityRecipient": "Богуслав (Київська обл.)"
  },
  {
    "number": 59000456081038,
    "dateTime": {
      "date": {
        "year": 2019,
        "month": 10,
        "day": 19
      },
      "time": {
        "hour": 9,
        "minute": 53,
        "second": 21,
        "nano": 0
      }
    },
    "citySender": "Путивль",
    "cityRecipient": "Київ"
  },
  {
    "number": 59000456081039,
    "dateTime": {
      "date": {
        "year": 2019,
        "month": 10,
        "day": 19
      },
      "time": {
        "hour": 9,
        "minute": 53,
        "second": 14,
        "nano": 0
      }
    },
    "citySender": "Іллінці",
    "cityRecipient": "Гнідин"
  },
  {
    "number": 59000456081040,
    "dateTime": {
      "date": {
        "year": 2019,
        "month": 10,
        "day": 19
      },
      "time": {
        "hour": 9,
        "minute": 52,
        "second": 59,
        "nano": 0
      }
    },
    "citySender": "Чернігів",
    "cityRecipient": "Київ"
  },
  {
    "number": 59000456081041,
    "dateTime": {
      "date": {
        "year": 2019,
        "month": 10,
        "day": 19
      },
      "time": {
        "hour": 9,
        "minute": 52,
        "second": 50,
        "nano": 0
      }
    },
    "citySender": "Тернопіль",
    "cityRecipient": "Теофіполь"
  },
  {
    "number": 59000456081042,
    "dateTime": {
      "date": {
        "year": 2019,
        "month": 10,
        "day": 19
      },
      "time": {
        "hour": 9,
        "minute": 52,
        "second": 25,
        "nano": 0
      }
    },
    "citySender": "Горішні Плавні",
    "cityRecipient": "Новоград-Волинський"
  },
  {
    "number": 59000456081043,
    "dateTime": {
      "date": {
        "year": 2019,
        "month": 10,
        "day": 19
      },
      "time": {
        "hour": 9,
        "minute": 53,
        "second": 3,
        "nano": 0
      }
    },
    "citySender": "Харків",
    "cityRecipient": "Львів"
  },
  {
    "number": 59000456081044,
    "dateTime": {
      "date": {
        "year": 2019,
        "month": 10,
        "day": 19
      },
      "time": {
        "hour": 9,
        "minute": 53,
        "second": 23,
        "nano": 0
      }
    },
    "citySender": "Городня",
    "cityRecipient": "Харків"
  },
  {
    "number": 59000456081045,
    "dateTime": {
      "date": {
        "year": 2019,
        "month": 10,
        "day": 19
      },
      "time": {
        "hour": 9,
        "minute": 52,
        "second": 1,
        "nano": 0
      }
    },
    "citySender": "Тернівка",
    "cityRecipient": "Київ"
  },
  {
    "number": 59000456081046,
    "dateTime": {
      "date": {
        "year": 2019,
        "month": 10,
        "day": 19
      },
      "time": {
        "hour": 9,
        "minute": 53,
        "second": 21,
        "nano": 0
      }
    },
    "citySender": "Овруч",
    "cityRecipient": "Фастів"
  },
  {
    "number": 59000456081047,
    "dateTime": {
      "date": {
        "year": 2019,
        "month": 10,
        "day": 19
      },
      "time": {
        "hour": 9,
        "minute": 53,
        "second": 22,
        "nano": 0
      }
    },
    "citySender": "Миколаїв",
    "cityRecipient": "Миколаїв"
  },
  {
    "number": 59000456081048,
    "dateTime": {
      "date": {
        "year": 2019,
        "month": 10,
        "day": 19
      },
      "time": {
        "hour": 9,
        "minute": 53,
        "second": 24,
        "nano": 0
      }
    },
    "citySender": "Харків",
    "cityRecipient": "Харків"
  },
  {
    "number": 59000456081049,
    "dateTime": {
      "date": {
        "year": 2019,
        "month": 10,
        "day": 19
      },
      "time": {
        "hour": 9,
        "minute": 52,
        "second": 56,
        "nano": 0
      }
    },
    "citySender": "Чернігів",
    "cityRecipient": "Гніздичів"
  },
  {
    "number": 59000456081050,
    "dateTime": {
      "date": {
        "year": 2019,
        "month": 10,
        "day": 19
      },
      "time": {
        "hour": 9,
        "minute": 53,
        "second": 21,
        "nano": 0
      }
    },
    "citySender": "Чернігів",
    "cityRecipient": "Миколаїв"
  },
  {
    "number": 59000456081051,
    "dateTime": {
      "date": {
        "year": 2019,
        "month": 10,
        "day": 19
      },
      "time": {
        "hour": 9,
        "minute": 52,
        "second": 48,
        "nano": 0
      }
    },
    "citySender": "Сєвєродонецьк",
    "cityRecipient": "Рожище"
  },
  {
    "number": 59000456081052,
    "dateTime": {
      "date": {
        "year": 2019,
        "month": 10,
        "day": 19
      },
      "time": {
        "hour": 9,
        "minute": 53,
        "second": 17,
        "nano": 0
      }
    },
    "citySender": "Новогродівка",
    "cityRecipient": "Гірник"
  },
  {
    "number": 59000456081053,
    "dateTime": {
      "date": {
        "year": 2019,
        "month": 10,
        "day": 19
      },
      "time": {
        "hour": 9,
        "minute": 53,
        "second": 26,
        "nano": 0
      }
    },
    "citySender": "Козин (Рівненська обл.)",
    "cityRecipient": "Львів"
  },
  {
    "number": 59000456081055,
    "dateTime": {
      "date": {
        "year": 2019,
        "month": 10,
        "day": 19
      },
      "time": {
        "hour": 9,
        "minute": 50,
        "second": 8,
        "nano": 0
      }
    },
    "citySender": "Гадяч",
    "cityRecipient": "Черкаси"
  },
  {
    "number": 59000456081056,
    "dateTime": {
      "date": {
        "year": 2019,
        "month": 10,
        "day": 19
      },
      "time": {
        "hour": 9,
        "minute": 53,
        "second": 0,
        "nano": 0
      }
    },
    "citySender": "Черкаси",
    "cityRecipient": "Миколаїв"
  },
  {
    "number": 59000456081057,
    "dateTime": {
      "date": {
        "year": 2019,
        "month": 10,
        "day": 19
      },
      "time": {
        "hour": 9,
        "minute": 52,
        "second": 36,
        "nano": 0
      }
    },
    "citySender": "Кривий Ріг",
    "cityRecipient": "Запоріжжя"
  },
  {
    "number": 59000456081058,
    "dateTime": {
      "date": {
        "year": 2019,
        "month": 10,
        "day": 19
      },
      "time": {
        "hour": 9,
        "minute": 53,
        "second": 27,
        "nano": 0
      }
    },
    "citySender": "Мирноград",
    "cityRecipient": "Київ"
  },
  {
    "number": 59000456081059,
    "dateTime": {
      "date": {
        "year": 2019,
        "month": 10,
        "day": 19
      },
      "time": {
        "hour": 9,
        "minute": 53,
        "second": 20,
        "nano": 0
      }
    },
    "citySender": "Татарбунари",
    "cityRecipient": "Львів"
  },
  {
    "number": 59000456081060,
    "dateTime": {
      "date": {
        "year": 2019,
        "month": 10,
        "day": 19
      },
      "time": {
        "hour": 9,
        "minute": 53,
        "second": 18,
        "nano": 0
      }
    },
    "citySender": "Львів",
    "cityRecipient": "Краснопавлівка"
  },
  {
    "number": 59000456081061,
    "dateTime": {
      "date": {
        "year": 2019,
        "month": 10,
        "day": 19
      },
      "time": {
        "hour": 9,
        "minute": 53,
        "second": 29,
        "nano": 0
      }
    },
    "citySender": "Козельщина",
    "cityRecipient": "Миколаївка (Новомосковський р-н)"
  },
  {
    "number": 59000456081062,
    "dateTime": {
      "date": {
        "year": 2019,
        "month": 10,
        "day": 19
      },
      "time": {
        "hour": 9,
        "minute": 53,
        "second": 24,
        "nano": 0
      }
    },
    "citySender": "Берегове",
    "cityRecipient": "Кременчук"
  },
  {
    "number": 59000456081063,
    "dateTime": {
      "date": {
        "year": 2019,
        "month": 10,
        "day": 19
      },
      "time": {
        "hour": 9,
        "minute": 52,
        "second": 51,
        "nano": 0
      }
    },
    "citySender": "Христинівка",
    "cityRecipient": "Дніпро"
  },
  {
    "number": 59000456081064,
    "dateTime": {
      "date": {
        "year": 2019,
        "month": 10,
        "day": 19
      },
      "time": {
        "hour": 9,
        "minute": 53,
        "second": 22,
        "nano": 0
      }
    },
    "citySender": "Харків",
    "cityRecipient": "Червоноград (Львівська обл.)"
  },
  {
    "number": 59000456081065,
    "dateTime": {
      "date": {
        "year": 2019,
        "month": 10,
        "day": 19
      },
      "time": {
        "hour": 9,
        "minute": 53,
        "second": 27,
        "nano": 0
      }
    },
    "citySender": "Київ",
    "cityRecipient": "Київ"
  },
  {
    "number": 59000456081066,
    "dateTime": {
      "date": {
        "year": 2019,
        "month": 10,
        "day": 19
      },
      "time": {
        "hour": 9,
        "minute": 53,
        "second": 31,
        "nano": 0
      }
    },
    "citySender": "Рені",
    "cityRecipient": "Полтава"
  },
  {
    "number": 59000456081067,
    "dateTime": {
      "date": {
        "year": 2019,
        "month": 10,
        "day": 19
      },
      "time": {
        "hour": 9,
        "minute": 52,
        "second": 38,
        "nano": 0
      }
    },
    "citySender": "Вараш",
    "cityRecipient": "Київ"
  },
  {
    "number": 59000456081068,
    "dateTime": {
      "date": {
        "year": 2019,
        "month": 10,
        "day": 19
      },
      "time": {
        "hour": 9,
        "minute": 52,
        "second": 59,
        "nano": 0
      }
    },
    "citySender": "Подільськ",
    "cityRecipient": "Одеса"
  },
  {
    "number": 59000456081070,
    "dateTime": {
      "date": {
        "year": 2019,
        "month": 10,
        "day": 19
      },
      "time": {
        "hour": 9,
        "minute": 53,
        "second": 32,
        "nano": 0
      }
    },
    "citySender": "Київ",
    "cityRecipient": "Мирноград"
  },
  {
    "number": 59000456081071,
    "dateTime": {
      "date": {
        "year": 2019,
        "month": 10,
        "day": 19
      },
      "time": {
        "hour": 9,
        "minute": 53,
        "second": 25,
        "nano": 0
      }
    },
    "citySender": "Борислав (Львівська обл.)",
    "cityRecipient": "Старокозаче"
  },
  {
    "number": 59000456081072,
    "dateTime": {
      "date": {
        "year": 2019,
        "month": 10,
        "day": 19
      },
      "time": {
        "hour": 9,
        "minute": 53,
        "second": 33,
        "nano": 0
      }
    },
    "citySender": "Прилуки",
    "cityRecipient": "Київ"
  },
  {
    "number": 59000456081073,
    "dateTime": {
      "date": {
        "year": 2019,
        "month": 10,
        "day": 19
      },
      "time": {
        "hour": 9,
        "minute": 53,
        "second": 23,
        "nano": 0
      }
    },
    "citySender": "Рожнятів",
    "cityRecipient": "Трускавець"
  },
  {
    "number": 59000456081074,
    "dateTime": {
      "date": {
        "year": 2019,
        "month": 10,
        "day": 19
      },
      "time": {
        "hour": 9,
        "minute": 53,
        "second": 17,
        "nano": 0
      }
    },
    "citySender": "Володимир-Волинський",
    "cityRecipient": "Хмельницький"
  },
  {
    "number": 59000456081075,
    "dateTime": {
      "date": {
        "year": 2019,
        "month": 10,
        "day": 19
      },
      "time": {
        "hour": 9,
        "minute": 53,
        "second": 6,
        "nano": 0
      }
    },
    "citySender": "Краматорськ",
    "cityRecipient": "Новгородське (Донецька обл.)"
  },
  {
    "number": 59000456081076,
    "dateTime": {
      "date": {
        "year": 2019,
        "month": 10,
        "day": 19
      },
      "time": {
        "hour": 9,
        "minute": 53,
        "second": 5,
        "nano": 0
      }
    },
    "citySender": "Київ",
    "cityRecipient": "Шостка"
  },
  {
    "number": 59000456081077,
    "dateTime": {
      "date": {
        "year": 2019,
        "month": 10,
        "day": 19
      },
      "time": {
        "hour": 9,
        "minute": 52,
        "second": 21,
        "nano": 0
      }
    },
    "citySender": "Гришківці",
    "cityRecipient": "Кривий Ріг"
  },
  {
    "number": 59000456081078,
    "dateTime": {
      "date": {
        "year": 2019,
        "month": 10,
        "day": 19
      },
      "time": {
        "hour": 9,
        "minute": 53,
        "second": 35,
        "nano": 0
      }
    },
    "citySender": "Дрогобич",
    "cityRecipient": "Львів"
  },
  {
    "number": 59000456081079,
    "dateTime": {
      "date": {
        "year": 2019,
        "month": 10,
        "day": 19
      },
      "time": {
        "hour": 9,
        "minute": 53,
        "second": 35,
        "nano": 0
      }
    },
    "citySender": "Київ",
    "cityRecipient": "Маріуполь"
  },
  {
    "number": 59000456081080,
    "dateTime": {
      "date": {
        "year": 2019,
        "month": 10,
        "day": 19
      },
      "time": {
        "hour": 9,
        "minute": 52,
        "second": 49,
        "nano": 0
      }
    },
    "citySender": "Стоянка",
    "cityRecipient": "Вишневе"
  },
  {
    "number": 59000456081081,
    "dateTime": {
      "date": {
        "year": 2019,
        "month": 10,
        "day": 19
      },
      "time": {
        "hour": 9,
        "minute": 53,
        "second": 35,
        "nano": 0
      }
    },
    "citySender": "Золочів (Львівська обл.)",
    "cityRecipient": "Київ"
  },
  {
    "number": 59000456081082,
    "dateTime": {
      "date": {
        "year": 2019,
        "month": 10,
        "day": 19
      },
      "time": {
        "hour": 9,
        "minute": 53,
        "second": 29,
        "nano": 0
      }
    },
    "citySender": "Хуст",
    "cityRecipient": "Вільхівці"
  },
  {
    "number": 59000456081083,
    "dateTime": {
      "date": {
        "year": 2019,
        "month": 10,
        "day": 19
      },
      "time": {
        "hour": 9,
        "minute": 53,
        "second": 14,
        "nano": 0
      }
    },
    "citySender": "Чернігів",
    "cityRecipient": "Гвіздець"
  },
  {
    "number": 59000456081084,
    "dateTime": {
      "date": {
        "year": 2019,
        "month": 10,
        "day": 19
      },
      "time": {
        "hour": 9,
        "minute": 53,
        "second": 5,
        "nano": 0
      }
    },
    "citySender": "Чернівці",
    "cityRecipient": "Шепетівка"
  },
  {
    "number": 59000456081085,
    "dateTime": {
      "date": {
        "year": 2019,
        "month": 10,
        "day": 19
      },
      "time": {
        "hour": 9,
        "minute": 53,
        "second": 36,
        "nano": 0
      }
    },
    "citySender": "Велика Новосілка",
    "cityRecipient": "Харків"
  },
  {
    "number": 59000456081086,
    "dateTime": {
      "date": {
        "year": 2019,
        "month": 10,
        "day": 19
      },
      "time": {
        "hour": 9,
        "minute": 53,
        "second": 25,
        "nano": 0
      }
    },
    "citySender": "Новий Розділ",
    "cityRecipient": "Львів"
  },
  {
    "number": 59000456081087,
    "dateTime": {
      "date": {
        "year": 2019,
        "month": 10,
        "day": 19
      },
      "time": {
        "hour": 9,
        "minute": 52,
        "second": 53,
        "nano": 0
      }
    },
    "citySender": "Вапнярка",
    "cityRecipient": "Гадяч"
  },
  {
    "number": 59000456081088,
    "dateTime": {
      "date": {
        "year": 2019,
        "month": 10,
        "day": 19
      },
      "time": {
        "hour": 9,
        "minute": 2,
        "second": 14,
        "nano": 0
      }
    },
    "citySender": "Нікополь (Дніпропетровська обл.)",
    "cityRecipient": "Виноградів"
  },
  {
    "number": 59000456081089,
    "dateTime": {
      "date": {
        "year": 2019,
        "month": 10,
        "day": 19
      },
      "time": {
        "hour": 9,
        "minute": 53,
        "second": 21,
        "nano": 0
      }
    },
    "citySender": "Київ",
    "cityRecipient": "Київ"
  },
  {
    "number": 59000456081090,
    "dateTime": {
      "date": {
        "year": 2019,
        "month": 10,
        "day": 19
      },
      "time": {
        "hour": 9,
        "minute": 53,
        "second": 27,
        "nano": 0
      }
    },
    "citySender": "Прилуки",
    "cityRecipient": "Мар\u0027їнка"
  },
  {
    "number": 59000456081091,
    "dateTime": {
      "date": {
        "year": 2019,
        "month": 10,
        "day": 19
      },
      "time": {
        "hour": 9,
        "minute": 53,
        "second": 20,
        "nano": 0
      }
    },
    "citySender": "Запоріжжя",
    "cityRecipient": "Запоріжжя"
  },
  {
    "number": 59000456081092,
    "dateTime": {
      "date": {
        "year": 2019,
        "month": 10,
        "day": 19
      },
      "time": {
        "hour": 9,
        "minute": 53,
        "second": 17,
        "nano": 0
      }
    },
    "citySender": "Нижній Вербіж",
    "cityRecipient": "Одеса"
  },
  {
    "number": 59000456081093,
    "dateTime": {
      "date": {
        "year": 2019,
        "month": 10,
        "day": 19
      },
      "time": {
        "hour": 9,
        "minute": 53,
        "second": 28,
        "nano": 0
      }
    },
    "citySender": "Запоріжжя",
    "cityRecipient": "Запоріжжя"
  },
  {
    "number": 59000456081094,
    "dateTime": {
      "date": {
        "year": 2019,
        "month": 10,
        "day": 19
      },
      "time": {
        "hour": 9,
        "minute": 53,
        "second": 21,
        "nano": 0
      }
    },
    "citySender": "Ямпіль (Вінницька обл.)",
    "cityRecipient": "Маріуполь"
  },
  {
    "number": 59000456081095,
    "dateTime": {
      "date": {
        "year": 2019,
        "month": 10,
        "day": 19
      },
      "time": {
        "hour": 9,
        "minute": 52,
        "second": 58,
        "nano": 0
      }
    },
    "citySender": "Вороньків",
    "cityRecipient": "Покров (Дніпропетровська обл.)"
  }
]