[
  {
    "number": 59000456078696,
    "dateTime": {
      "date": {
        "year": 2019,
        "month": 10,
        "day": 19
      },
      "time": {
        "hour": 9,
        "minute": 41,
        "second": 54,
        "nano": 0
      }
    },
    "citySender": "Чинадійово",
    "cityRecipient": "Горностаївка"
  },
  {
    "number": 59000456078697,
    "dateTime": {
      "date": {
        "year": 2019,
        "month": 10,
        "day": 19
      },
      "time": {
        "hour": 9,
        "minute": 42,
        "second": 10,
        "nano": 0
      }
    },
    "citySender": "Черкаське",
    "cityRecipient": "Лисичанськ"
  },
  {
    "number": 59000456078698,
    "dateTime": {
      "date": {
        "year": 2019,
        "month": 10,
        "day": 19
      },
      "time": {
        "hour": 9,
        "minute": 42,
        "second": 14,
        "nano": 0
      }
    },
    "citySender": "Біла Церква",
    "cityRecipient": "Миронівка"
  },
  {
    "number": 59000456078699,
    "dateTime": {
      "date": {
        "year": 2019,
        "month": 10,
        "day": 19
      },
      "time": {
        "hour": 9,
        "minute": 42,
        "second": 26,
        "nano": 0
      }
    },
    "citySender": "Київ",
    "cityRecipient": "Дніпро"
  },
  {
    "number": 59000456078700,
    "dateTime": {
      "date": {
        "year": 2019,
        "month": 10,
        "day": 19
      },
      "time": {
        "hour": 9,
        "minute": 42,
        "second": 40,
        "nano": 0
      }
    },
    "citySender": "Ковель",
    "cityRecipient": "Ілічанка"
  },
  {
    "number": 59000456078701,
    "dateTime": {
      "date": {
        "year": 2019,
        "month": 10,
        "day": 19
      },
      "time": {
        "hour": 9,
        "minute": 42,
        "second": 40,
        "nano": 0
      }
    },
    "citySender": "Дніпро",
    "cityRecipient": "Одеса"
  },
  {
    "number": 59000456078702,
    "dateTime": {
      "date": {
        "year": 2019,
        "month": 10,
        "day": 19
      },
      "time": {
        "hour": 9,
        "minute": 42,
        "second": 19,
        "nano": 0
      }
    },
    "citySender": "Чернівці",
    "cityRecipient": "Запоріжжя"
  },
  {
    "number": 59000456078703,
    "dateTime": {
      "date": {
        "year": 2019,
        "month": 10,
        "day": 19
      },
      "time": {
        "hour": 9,
        "minute": 41,
        "second": 34,
        "nano": 0
      }
    },
    "citySender": "Кривий Ріг",
    "cityRecipient": "Львів"
  },
  {
    "number": 59000456078704,
    "dateTime": {
      "date": {
        "year": 2019,
        "month": 10,
        "day": 19
      },
      "time": {
        "hour": 9,
        "minute": 42,
        "second": 39,
        "nano": 0
      }
    },
    "citySender": "Харків",
    "cityRecipient": "Київ"
  },
  {
    "number": 59000456078705,
    "dateTime": {
      "date": {
        "year": 2019,
        "month": 10,
        "day": 19
      },
      "time": {
        "hour": 9,
        "minute": 41,
        "second": 56,
        "nano": 0
      }
    },
    "citySender": "Богодухів",
    "cityRecipient": "Березне"
  },
  {
    "number": 59000456078706,
    "dateTime": {
      "date": {
        "year": 2019,
        "month": 10,
        "day": 19
      },
      "time": {
        "hour": 9,
        "minute": 42,
        "second": 31,
        "nano": 0
      }
    },
    "citySender": "Київ",
    "cityRecipient": "Маріуполь"
  },
  {
    "number": 59000456078707,
    "dateTime": {
      "date": {
        "year": 2019,
        "month": 10,
        "day": 19
      },
      "time": {
        "hour": 9,
        "minute": 41,
        "second": 47,
        "nano": 0
      }
    },
    "citySender": "Київ",
    "cityRecipient": "Київ"
  },
  {
    "number": 59000456078708,
    "dateTime": {
      "date": {
        "year": 2019,
        "month": 10,
        "day": 19
      },
      "time": {
        "hour": 9,
        "minute": 42,
        "second": 41,
        "nano": 0
      }
    },
    "citySender": "Калинівка(Васильківський р-н.)",
    "cityRecipient": "Одеса"
  },
  {
    "number": 59000456078709,
    "dateTime": {
      "date": {
        "year": 2019,
        "month": 10,
        "day": 19
      },
      "time": {
        "hour": 9,
        "minute": 41,
        "second": 56,
        "nano": 0
      }
    },
    "citySender": "Лисичанськ",
    "cityRecipient": "Орлівщина"
  },
  {
    "number": 59000456078710,
    "dateTime": {
      "date": {
        "year": 2019,
        "month": 10,
        "day": 19
      },
      "time": {
        "hour": 9,
        "minute": 42,
        "second": 39,
        "nano": 0
      }
    },
    "citySender": "Маріуполь",
    "cityRecipient": "Київ"
  },
  {
    "number": 59000456078711,
    "dateTime": {
      "date": {
        "year": 2019,
        "month": 10,
        "day": 19
      },
      "time": {
        "hour": 9,
        "minute": 41,
        "second": 54,
        "nano": 0
      }
    },
    "citySender": "Одеса",
    "cityRecipient": "Бровари"
  },
  {
    "number": 59000456078712,
    "dateTime": {
      "date": {
        "year": 2019,
        "month": 10,
        "day": 19
      },
      "time": {
        "hour": 9,
        "minute": 42,
        "second": 31,
        "nano": 0
      }
    },
    "citySender": "Кривий Ріг",
    "cityRecipient": "Дніпро"
  },
  {
    "number": 59000456078713,
    "dateTime": {
      "date": {
        "year": 2019,
        "month": 10,
        "day": 19
      },
      "time": {
        "hour": 9,
        "minute": 41,
        "second": 27,
        "nano": 0
      }
    },
    "citySender": "Олексієво-Дружківка",
    "cityRecipient": "Старобільськ"
  },
  {
    "number": 59000456078714,
    "dateTime": {
      "date": {
        "year": 2019,
        "month": 10,
        "day": 19
      },
      "time": {
        "hour": 9,
        "minute": 41,
        "second": 44,
        "nano": 0
      }
    },
    "citySender": "Запоріжжя",
    "cityRecipient": "Львів"
  },
  {
    "number": 59000456078715,
    "dateTime": {
      "date": {
        "year": 2019,
        "month": 10,
        "day": 19
      },
      "time": {
        "hour": 9,
        "minute": 42,
        "second": 15,
        "nano": 0
      }
    },
    "citySender": "Тарасівка",
    "cityRecipient": "Васильків"
  },
  {
    "number": 59000456078716,
    "dateTime": {
      "date": {
        "year": 2019,
        "month": 10,
        "day": 19
      },
      "time": {
        "hour": 9,
        "minute": 42,
        "second": 43,
        "nano": 0
      }
    },
    "citySender": "Київ",
    "cityRecipient": "Харків"
  },
  {
    "number": 59000456078717,
    "dateTime": {
      "date": {
        "year": 2019,
        "month": 10,
        "day": 19
      },
      "time": {
        "hour": 9,
        "minute": 42,
        "second": 43,
        "nano": 0
      }
    },
    "citySender": "Зелений Під",
    "cityRecipient": "Харків"
  },
  {
    "number": 59000456078718,
    "dateTime": {
      "date": {
        "year": 2019,
        "month": 10,
        "day": 19
      },
      "time": {
        "hour": 9,
        "minute": 42,
        "second": 43,
        "nano": 0
      }
    },
    "citySender": "Дніпро",
    "cityRecipient": "Авангард"
  },
  {
    "number": 59000456078720,
    "dateTime": {
      "date": {
        "year": 2019,
        "month": 10,
        "day": 19
      },
      "time": {
        "hour": 9,
        "minute": 42,
        "second": 43,
        "nano": 0
      }
    },
    "citySender": "Чернівці",
    "cityRecipient": "Полтава"
  },
  {
    "number": 59000456078721,
    "dateTime": {
      "date": {
        "year": 2019,
        "month": 10,
        "day": 19
      },
      "time": {
        "hour": 9,
        "minute": 42,
        "second": 21,
        "nano": 0
      }
    },
    "citySender": "Баранівка",
    "cityRecipient": "Київ"
  },
  {
    "number": 59000456078722,
    "dateTime": {
      "date": {
        "year": 2019,
        "month": 10,
        "day": 19
      },
      "time": {
        "hour": 9,
        "minute": 42,
        "second": 45,
        "nano": 0
      }
    },
    "citySender": "Ужгород",
    "cityRecipient": "Львів"
  },
  {
    "number": 59000456078723,
    "dateTime": {
      "date": {
        "year": 2019,
        "month": 10,
        "day": 19
      },
      "time": {
        "hour": 9,
        "minute": 42,
        "second": 14,
        "nano": 0
      }
    },
    "citySender": "Старобільськ",
    "cityRecipient": "Одеса"
  },
  {
    "number": 59000456078724,
    "dateTime": {
      "date": {
        "year": 2019,
        "month": 10,
        "day": 19
      },
      "time": {
        "hour": 9,
        "minute": 42,
        "second": 45,
        "nano": 0
      }
    },
    "citySender": "Герца",
    "cityRecipient": "Мелітополь"
  },
  {
    "number": 59000456078725,
    "dateTime": {
      "date": {
        "year": 2019,
        "month": 10,
        "day": 19
      },
      "time": {
        "hour": 9,
        "minute": 42,
        "second": 26,
        "nano": 0
      }
    },
    "citySender": "Теплодар",
    "cityRecipient": "Львів"
  },
  {
    "number": 59000456078726,
    "dateTime": {
      "date": {
        "year": 2019,
        "month": 10,
        "day": 19
      },
      "time": {
        "hour": 9,
        "minute": 42,
        "second": 23,
        "nano": 0
      }
    },
    "citySender": "Одеса",
    "cityRecipient": "Дніпро"
  },
  {
    "number": 59000456078727,
    "dateTime": {
      "date": {
        "year": 2019,
        "month": 10,
        "day": 19
      },
      "time": {
        "hour": 9,
        "minute": 42,
        "second": 14,
        "nano": 0
      }
    },
    "citySender": "Київ",
    "cityRecipient": "Вишгород"
  },
  {
    "number": 59000456078728,
    "dateTime": {
      "date": {
        "year": 2019,
        "month": 10,
        "day": 19
      },
      "time": {
        "hour": 9,
        "minute": 42,
        "second": 37,
        "nano": 0
      }
    },
    "citySender": "Дніпро",
    "cityRecipient": "Білозерка (Херсонська обл.)"
  },
  {
    "number": 59000456078729,
    "dateTime": {
      "date": {
        "year": 2019,
        "month": 10,
        "day": 19
      },
      "time": {
        "hour": 9,
        "minute": 40,
        "second": 4,
        "nano": 0
      }
    },
    "citySender": "Васильків",
    "cityRecipient": "Львів"
  },
  {
    "number": 59000456078730,
    "dateTime": {
      "date": {
        "year": 2019,
        "month": 10,
        "day": 19
      },
      "time": {
        "hour": 9,
        "minute": 42,
        "second": 25,
        "nano": 0
      }
    },
    "citySender": "Львів",
    "cityRecipient": "Харків"
  },
  {
    "number": 59000456078731,
    "dateTime": {
      "date": {
        "year": 2019,
        "month": 10,
        "day": 19
      },
      "time": {
        "hour": 9,
        "minute": 42,
        "second": 8,
        "nano": 0
      }
    },
    "citySender": "Добропілля",
    "cityRecipient": "Бровари"
  },
  {
    "number": 59000456078732,
    "dateTime": {
      "date": {
        "year": 2019,
        "month": 10,
        "day": 19
      },
      "time": {
        "hour": 9,
        "minute": 41,
        "second": 22,
        "nano": 0
      }
    },
    "citySender": "Вінниця",
    "cityRecipient": "Херсон"
  },
  {
    "number": 59000456078733,
    "dateTime": {
      "date": {
        "year": 2019,
        "month": 10,
        "day": 19
      },
      "time": {
        "hour": 9,
        "minute": 42,
        "second": 13,
        "nano": 0
      }
    },
    "citySender": "Знам\u0027янка (Кіровоградська обл.)",
    "cityRecipient": "Харків"
  },
  {
    "number": 59000456078734,
    "dateTime": {
      "date": {
        "year": 2019,
        "month": 10,
        "day": 19
      },
      "time": {
        "hour": 9,
        "minute": 42,
        "second": 34,
        "nano": 0
      }
    },
    "citySender": "Харків",
    "cityRecipient": "Мила"
  },
  {
    "number": 59000456078735,
    "dateTime": {
      "date": {
        "year": 2019,
        "month": 10,
        "day": 19
      },
      "time": {
        "hour": 9,
        "minute": 42,
        "second": 32,
        "nano": 0
      }
    },
    "citySender": "Розсошенці(Полтавська обл.)",
    "cityRecipient": "Дніпро"
  },
  {
    "number": 59000456078736,
    "dateTime": {
      "date": {
        "year": 2019,
        "month": 10,
        "day": 19
      },
      "time": {
        "hour": 9,
        "minute": 42,
        "second": 26,
        "nano": 0
      }
    },
    "citySender": "Любомль",
    "cityRecipient": "Любитів"
  },
  {
    "number": 59000456078737,
    "dateTime": {
      "date": {
        "year": 2019,
        "month": 10,
        "day": 19
      },
      "time": {
        "hour": 9,
        "minute": 42,
        "second": 47,
        "nano": 0
      }
    },
    "citySender": "Київ",
    "cityRecipient": "Соледар"
  },
  {
    "number": 59000456078738,
    "dateTime": {
      "date": {
        "year": 2019,
        "month": 10,
        "day": 19
      },
      "time": {
        "hour": 9,
        "minute": 42,
        "second": 34,
        "nano": 0
      }
    },
    "citySender": "Червоноград (Львівська обл.)",
    "cityRecipient": "Чернівці"
  },
  {
    "number": 59000456078739,
    "dateTime": {
      "date": {
        "year": 2019,
        "month": 10,
        "day": 19
      },
      "time": {
        "hour": 9,
        "minute": 42,
        "second": 27,
        "nano": 0
      }
    },
    "citySender": "Київ",
    "cityRecipient": "Ужгород"
  },
  {
    "number": 59000456078740,
    "dateTime": {
      "date": {
        "year": 2019,
        "month": 10,
        "day": 19
      },
      "time": {
        "hour": 9,
        "minute": 42,
        "second": 34,
        "nano": 0
      }
    },
    "citySender": "Волноваха",
    "cityRecipient": "Чортків"
  },
  {
    "number": 59000456078741,
    "dateTime": {
      "date": {
        "year": 2019,
        "month": 10,
        "day": 19
      },
      "time": {
        "hour": 9,
        "minute": 42,
        "second": 49,
        "nano": 0
      }
    },
    "citySender": "Житомир",
    "cityRecipient": "Одеса"
  },
  {
    "number": 59000456078742,
    "dateTime": {
      "date": {
        "year": 2019,
        "month": 10,
        "day": 19
      },
      "time": {
        "hour": 9,
        "minute": 42,
        "second": 50,
        "nano": 0
      }
    },
    "citySender": "Бердянськ",
    "cityRecipient": "Бровари"
  },
  {
    "number": 59000456078743,
    "dateTime": {
      "date": {
        "year": 2019,
        "month": 10,
        "day": 19
      },
      "time": {
        "hour": 9,
        "minute": 42,
        "second": 18,
        "nano": 0
      }
    },
    "citySender": "Київ",
    "cityRecipient": "Херсон"
  },
  {
    "number": 59000456078744,
    "dateTime": {
      "date": {
        "year": 2019,
        "month": 10,
        "day": 19
      },
      "time": {
        "hour": 9,
        "minute": 42,
        "second": 23,
        "nano": 0
      }
    },
    "citySender": "Мукачево",
    "cityRecipient": "Великий Березний"
  },
  {
    "number": 59000456078745,
    "dateTime": {
      "date": {
        "year": 2019,
        "month": 10,
        "day": 19
      },
      "time": {
        "hour": 9,
        "minute": 42,
        "second": 36,
        "nano": 0
      }
    },
    "citySender": "Київ",
    "cityRecipient": "Одеса"
  },
  {
    "number": 59000456078746,
    "dateTime": {
      "date": {
        "year": 2019,
        "month": 10,
        "day": 19
      },
      "time": {
        "hour": 9,
        "minute": 42,
        "second": 1,
        "nano": 0
      }
    },
    "citySender": "Львів",
    "cityRecipient": "Харків"
  },
  {
    "number": 59000456078747,
    "dateTime": {
      "date": {
        "year": 2019,
        "month": 10,
        "day": 19
      },
      "time": {
        "hour": 9,
        "minute": 42,
        "second": 50,
        "nano": 0
      }
    },
    "citySender": "Винники",
    "cityRecipient": "Львів"
  },
  {
    "number": 59000456078748,
    "dateTime": {
      "date": {
        "year": 2019,
        "month": 10,
        "day": 19
      },
      "time": {
        "hour": 9,
        "minute": 42,
        "second": 38,
        "nano": 0
      }
    },
    "citySender": "Одеса",
    "cityRecipient": "Дніпро"
  },
  {
    "number": 59000456078749,
    "dateTime": {
      "date": {
        "year": 2019,
        "month": 10,
        "day": 19
      },
      "time": {
        "hour": 9,
        "minute": 42,
        "second": 30,
        "nano": 0
      }
    },
    "citySender": "Житомир",
    "cityRecipient": "Харків"
  },
  {
    "number": 59000456078750,
    "dateTime": {
      "date": {
        "year": 2019,
        "month": 10,
        "day": 19
      },
      "time": {
        "hour": 9,
        "minute": 42,
        "second": 14,
        "nano": 0
      }
    },
    "citySender": "Мукачево",
    "cityRecipient": "Одеса"
  },
  {
    "number": 59000456078751,
    "dateTime": {
      "date": {
        "year": 2019,
        "month": 10,
        "day": 19
      },
      "time": {
        "hour": 9,
        "minute": 42,
        "second": 24,
        "nano": 0
      }
    },
    "citySender": "Костянтинівка (Донецька обл.)",
    "cityRecipient": "Харків"
  },
  {
    "number": 59000456078753,
    "dateTime": {
      "date": {
        "year": 2019,
        "month": 10,
        "day": 19
      },
      "time": {
        "hour": 9,
        "minute": 41,
        "second": 4,
        "nano": 0
      }
    },
    "citySender": "Нова Каховка",
    "cityRecipient": "Павлиш"
  },
  {
    "number": 59000456078754,
    "dateTime": {
      "date": {
        "year": 2019,
        "month": 10,
        "day": 19
      },
      "time": {
        "hour": 9,
        "minute": 42,
        "second": 32,
        "nano": 0
      }
    },
    "citySender": "Нова Водолага",
    "cityRecipient": "Кременчук"
  },
  {
    "number": 59000456078755,
    "dateTime": {
      "date": {
        "year": 2019,
        "month": 10,
        "day": 19
      },
      "time": {
        "hour": 9,
        "minute": 42,
        "second": 45,
        "nano": 0
      }
    },
    "citySender": "Київ",
    "cityRecipient": "Горішні Плавні"
  },
  {
    "number": 59000456078756,
    "dateTime": {
      "date": {
        "year": 2019,
        "month": 10,
        "day": 19
      },
      "time": {
        "hour": 9,
        "minute": 42,
        "second": 52,
        "nano": 0
      }
    },
    "citySender": "Черепківці",
    "cityRecipient": "Бровари"
  },
  {
    "number": 59000456078757,
    "dateTime": {
      "date": {
        "year": 2019,
        "month": 10,
        "day": 19
      },
      "time": {
        "hour": 9,
        "minute": 42,
        "second": 53,
        "nano": 0
      }
    },
    "citySender": "Хмельницький",
    "cityRecipient": "Харків"
  },
  {
    "number": 59000456078758,
    "dateTime": {
      "date": {
        "year": 2019,
        "month": 10,
        "day": 19
      },
      "time": {
        "hour": 9,
        "minute": 42,
        "second": 32,
        "nano": 0
      }
    },
    "citySender": "Одеса",
    "cityRecipient": "Вишгород"
  },
  {
    "number": 59000456078759,
    "dateTime": {
      "date": {
        "year": 2019,
        "month": 10,
        "day": 19
      },
      "time": {
        "hour": 9,
        "minute": 42,
        "second": 53,
        "nano": 0
      }
    },
    "citySender": "Нові Білокоровичі",
    "cityRecipient": "Кривий Ріг"
  },
  {
    "number": 59000456078760,
    "dateTime": {
      "date": {
        "year": 2019,
        "month": 10,
        "day": 19
      },
      "time": {
        "hour": 9,
        "minute": 42,
        "second": 46,
        "nano": 0
      }
    },
    "citySender": "Шевченкове (Київська обл.)",
    "cityRecipient": "Глеваха"
  },
  {
    "number": 59000456078761,
    "dateTime": {
      "date": {
        "year": 2019,
        "month": 10,
        "day": 19
      },
      "time": {
        "hour": 9,
        "minute": 42,
        "second": 37,
        "nano": 0
      }
    },
    "citySender": "Надвірна",
    "cityRecipient": "Калинівка (Вінницька обл., Калинівський р-н)"
  },
  {
    "number": 59000456078762,
    "dateTime": {
      "date": {
        "year": 2019,
        "month": 10,
        "day": 19
      },
      "time": {
        "hour": 9,
        "minute": 42,
        "second": 54,
        "nano": 0
      }
    },
    "citySender": "Сквира",
    "cityRecipient": "Одеса"
  },
  {
    "number": 59000456078763,
    "dateTime": {
      "date": {
        "year": 2019,
        "month": 10,
        "day": 19
      },
      "time": {
        "hour": 9,
        "minute": 42,
        "second": 54,
        "nano": 0
      }
    },
    "citySender": "Вишневе",
    "cityRecipient": "Київ"
  },
  {
    "number": 59000456078764,
    "dateTime": {
      "date": {
        "year": 2019,
        "month": 10,
        "day": 19
      },
      "time": {
        "hour": 9,
        "minute": 42,
        "second": 34,
        "nano": 0
      }
    },
    "citySender": "Новий Розділ",
    "cityRecipient": "Кременець"
  },
  {
    "number": 59000456078765,
    "dateTime": {
      "date": {
        "year": 2019,
        "month": 10,
        "day": 19
      },
      "time": {
        "hour": 9,
        "minute": 42,
        "second": 8,
        "nano": 0
      }
    },
    "citySender": "Павлоград",
    "cityRecipient": "Львів"
  },
  {
    "number": 59000456078766,
    "dateTime": {
      "date": {
        "year": 2019,
        "month": 10,
        "day": 19
      },
      "time": {
        "hour": 9,
        "minute": 42,
        "second": 25,
        "nano": 0
      }
    },
    "citySender": "П\u0027ятихатки",
    "cityRecipient": "Київ"
  },
  {
    "number": 59000456078767,
    "dateTime": {
      "date": {
        "year": 2019,
        "month": 10,
        "day": 19
      },
      "time": {
        "hour": 9,
        "minute": 41,
        "second": 39,
        "nano": 0
      }
    },
    "citySender": "Львів",
    "cityRecipient": "Бершадь"
  },
  {
    "number": 59000456078768,
    "dateTime": {
      "date": {
        "year": 2019,
        "month": 10,
        "day": 19
      },
      "time": {
        "hour": 9,
        "minute": 42,
        "second": 38,
        "nano": 0
      }
    },
    "citySender": "Чугуїв",
    "cityRecipient": "Одеса"
  },
  {
    "number": 59000456078769,
    "dateTime": {
      "date": {
        "year": 2019,
        "month": 10,
        "day": 19
      },
      "time": {
        "hour": 9,
        "minute": 42,
        "second": 58,
        "nano": 0
      }
    },
    "citySender": "Дубровиця (Рівненська обл.)",
    "cityRecipient": "Авангард"
  },
  {
    "number": 59000456078770,
    "dateTime": {
      "date": {
        "year": 2019,
        "month": 10,
        "day": 19
      },
      "time": {
        "hour": 9,
        "minute": 41,
        "second": 39,
        "nano": 0
      }
    },
    "citySender": "Чернігів",
    "cityRecipient": "Житомир"
  },
  {
    "number": 59000456078771,
    "dateTime": {
      "date": {
        "year": 2019,
        "month": 10,
        "day": 19
      },
      "time": {
        "hour": 9,
        "minute": 42,
        "second": 56,
        "nano": 0
      }
    },
    "citySender": "Харків",
    "cityRecipient": "Бородянка"
  },
  {
    "number": 59000456078772,
    "dateTime": {
      "date": {
        "year": 2019,
        "month": 10,
        "day": 19
      },
      "time": {
        "hour": 9,
        "minute": 42,
        "second": 52,
        "nano": 0
      }
    },
    "citySender": "Чернівці",
    "cityRecipient": "Чернігів"
  },
  {
    "number": 59000456078773,
    "dateTime": {
      "date": {
        "year": 2019,
        "month": 10,
        "day": 19
      },
      "time": {
        "hour": 9,
        "minute": 42,
        "second": 40,
        "nano": 0
      }
    },
    "citySender": "Глибоке",
    "cityRecipient": "Вільшанка (Кіровоградська обл.)"
  },
  {
    "number": 59000456078774,
    "dateTime": {
      "date": {
        "year": 2019,
        "month": 10,
        "day": 19
      },
      "time": {
        "hour": 9,
        "minute": 38,
        "second": 21,
        "nano": 0
      }
    },
    "citySender": "Першотравенськ (Дніпропетровська обл)",
    "cityRecipient": "Київ"
  },
  {
    "number": 59000456078775,
    "dateTime": {
      "date": {
        "year": 2019,
        "month": 10,
        "day": 19
      },
      "time": {
        "hour": 9,
        "minute": 42,
        "second": 59,
        "nano": 0
      }
    },
    "citySender": "Білозерське (Донецька обл.)",
    "cityRecipient": "Бровари"
  },
  {
    "number": 59000456078776,
    "dateTime": {
      "date": {
        "year": 2019,
        "month": 10,
        "day": 19
      },
      "time": {
        "hour": 9,
        "minute": 42,
        "second": 57,
        "nano": 0
      }
    },
    "citySender": "Одеса",
    "cityRecipient": "Заліщики"
  },
  {
    "number": 59000456078777,
    "dateTime": {
      "date": {
        "year": 2019,
        "month": 10,
        "day": 19
      },
      "time": {
        "hour": 9,
        "minute": 43,
        "second": 0,
        "nano": 0
      }
    },
    "citySender": "Южне",
    "cityRecipient": "Одеса"
  },
  {
    "number": 59000456078778,
    "dateTime": {
      "date": {
        "year": 2019,
        "month": 10,
        "day": 19
      },
      "time": {
        "hour": 9,
        "minute": 42,
        "second": 23,
        "nano": 0
      }
    },
    "citySender": "Олевськ",
    "cityRecipient": "Кривий Ріг"
  },
  {
    "number": 59000456078779,
    "dateTime": {
      "date": {
        "year": 2019,
        "month": 10,
        "day": 19
      },
      "time": {
        "hour": 9,
        "minute": 41,
        "second": 47,
        "nano": 0
      }
    },
    "citySender": "Червона Слобода (Черкаська обл.)",
    "cityRecipient": "Київ"
  },
  {
    "number": 59000456078780,
    "dateTime": {
      "date": {
        "year": 2019,
        "month": 10,
        "day": 19
      },
      "time": {
        "hour": 9,
        "minute": 43,
        "second": 0,
        "nano": 0
      }
    },
    "citySender": "Холодна Балка",
    "cityRecipient": "Бердянськ"
  },
  {
    "number": 59000456078781,
    "dateTime": {
      "date": {
        "year": 2019,
        "month": 10,
        "day": 19
      },
      "time": {
        "hour": 9,
        "minute": 43,
        "second": 1,
        "nano": 0
      }
    },
    "citySender": "Ковель",
    "cityRecipient": "Одеса"
  },
  {
    "number": 59000456078782,
    "dateTime": {
      "date": {
        "year": 2019,
        "month": 10,
        "day": 19
      },
      "time": {
        "hour": 9,
        "minute": 42,
        "second": 54,
        "nano": 0
      }
    },
    "citySender": "Чернівці",
    "cityRecipient": "Ладан"
  },
  {
    "number": 59000456078783,
    "dateTime": {
      "date": {
        "year": 2019,
        "month": 10,
        "day": 19
      },
      "time": {
        "hour": 9,
        "minute": 43,
        "second": 1,
        "nano": 0
      }
    },
    "citySender": "Любимівка (Каховський р-н)",
    "cityRecipient": "Стецьківка"
  },
  {
    "number": 59000456078784,
    "dateTime": {
      "date": {
        "year": 2019,
        "month": 10,
        "day": 19
      },
      "time": {
        "hour": 9,
        "minute": 41,
        "second": 35,
        "nano": 0
      }
    },
    "citySender": "Умань",
    "cityRecipient": "Київ"
  },
  {
    "number": 59000456078785,
    "dateTime": {
      "date": {
        "year": 2019,
        "month": 10,
        "day": 19
      },
      "time": {
        "hour": 9,
        "minute": 42,
        "second": 31,
        "nano": 0
      }
    },
    "citySender": "Синельникове",
    "cityRecipient": "Бузаки"
  },
  {
    "number": 59000456078786,
    "dateTime": {
      "date": {
        "year": 2019,
        "month": 10,
        "day": 19
      },
      "time": {
        "hour": 9,
        "minute": 42,
        "second": 52,
        "nano": 0
      }
    },
    "citySender": "Надвірна",
    "cityRecipient": "Новоград-Волинський"
  },
  {
    "number": 59000456078787,
    "dateTime": {
      "date": {
        "year": 2019,
        "month": 10,
        "day": 19
      },
      "time": {
        "hour": 9,
        "minute": 42,
        "second": 57,
        "nano": 0
      }
    },
    "citySender": "Первомайськ(Микол.обл.Первомайс.р-н)",
    "cityRecipient": "Петропавлівка (Дніпропетровська обл.)"
  },
  {
    "number": 59000456078788,
    "dateTime": {
      "date": {
        "year": 2019,
        "month": 10,
        "day": 19
      },
      "time": {
        "hour": 9,
        "minute": 42,
        "second": 53,
        "nano": 0
      }
    },
    "citySender": "Тальне",
    "cityRecipient": "Київ"
  },
  {
    "number": 59000456078789,
    "dateTime": {
      "date": {
        "year": 2019,
        "month": 10,
        "day": 19
      },
      "time": {
        "hour": 9,
        "minute": 42,
        "second": 28,
        "nano": 0
      }
    },
    "citySender": "Маріуполь",
    "cityRecipient": "Харків"
  },
  {
    "number": 59000456078790,
    "dateTime": {
      "date": {
        "year": 2019,
        "month": 10,
        "day": 19
      },
      "time": {
        "hour": 9,
        "minute": 41,
        "second": 24,
        "nano": 0
      }
    },
    "citySender": "Вишневе",
    "cityRecipient": "Первомайський (Харківська обл.)"
  },
  {
    "number": 59000456078791,
    "dateTime": {
      "date": {
        "year": 2019,
        "month": 10,
        "day": 19
      },
      "time": {
        "hour": 9,
        "minute": 42,
        "second": 58,
        "nano": 0
      }
    },
    "citySender": "Первомайський (Харківська обл.)",
    "cityRecipient": "Харків"
  },
  {
    "number": 59000456078792,
    "dateTime": {
      "date": {
        "year": 2019,
        "month": 10,
        "day": 19
      },
      "time": {
        "hour": 9,
        "minute": 41,
        "second": 35,
        "nano": 0
      }
    },
    "citySender": "Снятин",
    "cityRecipient": "Снятин"
  },
  {
    "number": 59000456078793,
    "dateTime": {
      "date": {
        "year": 2019,
        "month": 10,
        "day": 19
      },
      "time": {
        "hour": 9,
        "minute": 39,
        "second": 43,
        "nano": 0
      }
    },
    "citySender": "Бердичів",
    "cityRecipient": "Київ"
  },
  {
    "number": 59000456078794,
    "dateTime": {
      "date": {
        "year": 2019,
        "month": 10,
        "day": 19
      },
      "time": {
        "hour": 9,
        "minute": 43,
        "second": 3,
        "nano": 0
      }
    },
    "citySender": "Київ",
    "cityRecipient": "Київ"
  },
  {
    "number": 59000456078795,
    "dateTime": {
      "date": {
        "year": 2019,
        "month": 10,
        "day": 19
      },
      "time": {
        "hour": 9,
        "minute": 42,
        "second": 38,
        "nano": 0
      }
    },
    "citySender": "Нікополь (Дніпропетровська обл.)",
    "cityRecipient": "Запоріжжя"
  }
]