[
  {
    "number": 59000456090593,
    "dateTime": {
      "date": {
        "year": 2019,
        "month": 10,
        "day": 19
      },
      "time": {
        "hour": 10,
        "minute": 35,
        "second": 21,
        "nano": 0
      }
    },
    "citySender": "Олевськ",
    "cityRecipient": "Маріуполь"
  },
  {
    "number": 59000456090594,
    "dateTime": {
      "date": {
        "year": 2019,
        "month": 10,
        "day": 19
      },
      "time": {
        "hour": 10,
        "minute": 36,
        "second": 13,
        "nano": 0
      }
    },
    "citySender": "Львів",
    "cityRecipient": "Токмак"
  },
  {
    "number": 59000456090595,
    "dateTime": {
      "date": {
        "year": 2019,
        "month": 10,
        "day": 19
      },
      "time": {
        "hour": 10,
        "minute": 36,
        "second": 25,
        "nano": 0
      }
    },
    "citySender": "Батурин",
    "cityRecipient": "Київ"
  },
  {
    "number": 59000456090596,
    "dateTime": {
      "date": {
        "year": 2019,
        "month": 10,
        "day": 19
      },
      "time": {
        "hour": 10,
        "minute": 36,
        "second": 15,
        "nano": 0
      }
    },
    "citySender": "Лужани",
    "cityRecipient": "Київ"
  },
  {
    "number": 59000456090597,
    "dateTime": {
      "date": {
        "year": 2019,
        "month": 10,
        "day": 19
      },
      "time": {
        "hour": 10,
        "minute": 36,
        "second": 21,
        "nano": 0
      }
    },
    "citySender": "Верхівцеве",
    "cityRecipient": "Львів"
  },
  {
    "number": 59000456090598,
    "dateTime": {
      "date": {
        "year": 2019,
        "month": 10,
        "day": 19
      },
      "time": {
        "hour": 10,
        "minute": 36,
        "second": 12,
        "nano": 0
      }
    },
    "citySender": "Буча",
    "cityRecipient": "Київ"
  },
  {
    "number": 59000456090599,
    "dateTime": {
      "date": {
        "year": 2019,
        "month": 10,
        "day": 19
      },
      "time": {
        "hour": 10,
        "minute": 36,
        "second": 23,
        "nano": 0
      }
    },
    "citySender": "Лисянка",
    "cityRecipient": "Київ"
  },
  {
    "number": 59000456090600,
    "dateTime": {
      "date": {
        "year": 2019,
        "month": 10,
        "day": 19
      },
      "time": {
        "hour": 10,
        "minute": 35,
        "second": 56,
        "nano": 0
      }
    },
    "citySender": "Ходосівка",
    "cityRecipient": "Кременчук"
  },
  {
    "number": 59000456090601,
    "dateTime": {
      "date": {
        "year": 2019,
        "month": 10,
        "day": 19
      },
      "time": {
        "hour": 10,
        "minute": 36,
        "second": 13,
        "nano": 0
      }
    },
    "citySender": "Житомир",
    "cityRecipient": "Полтава"
  },
  {
    "number": 59000456090602,
    "dateTime": {
      "date": {
        "year": 2019,
        "month": 10,
        "day": 19
      },
      "time": {
        "hour": 10,
        "minute": 36,
        "second": 26,
        "nano": 0
      }
    },
    "citySender": "Овруч",
    "cityRecipient": "Київ"
  },
  {
    "number": 59000456090603,
    "dateTime": {
      "date": {
        "year": 2019,
        "month": 10,
        "day": 19
      },
      "time": {
        "hour": 10,
        "minute": 36,
        "second": 17,
        "nano": 0
      }
    },
    "citySender": "Луцьк",
    "cityRecipient": "Любомль"
  },
  {
    "number": 59000456090604,
    "dateTime": {
      "date": {
        "year": 2019,
        "month": 10,
        "day": 19
      },
      "time": {
        "hour": 10,
        "minute": 34,
        "second": 50,
        "nano": 0
      }
    },
    "citySender": "Калуш",
    "cityRecipient": "Чаплине"
  },
  {
    "number": 59000456090605,
    "dateTime": {
      "date": {
        "year": 2019,
        "month": 10,
        "day": 19
      },
      "time": {
        "hour": 10,
        "minute": 35,
        "second": 4,
        "nano": 0
      }
    },
    "citySender": "Роздільна (Одеська обл.)",
    "cityRecipient": "Київ"
  },
  {
    "number": 59000456090606,
    "dateTime": {
      "date": {
        "year": 2019,
        "month": 10,
        "day": 19
      },
      "time": {
        "hour": 10,
        "minute": 36,
        "second": 21,
        "nano": 0
      }
    },
    "citySender": "Кам\u0027янське(Дніпропетровська обл)",
    "cityRecipient": "Київ"
  },
  {
    "number": 59000456090607,
    "dateTime": {
      "date": {
        "year": 2019,
        "month": 10,
        "day": 19
      },
      "time": {
        "hour": 10,
        "minute": 36,
        "second": 20,
        "nano": 0
      }
    },
    "citySender": "Київ",
    "cityRecipient": "Київ"
  },
  {
    "number": 59000456090608,
    "dateTime": {
      "date": {
        "year": 2019,
        "month": 10,
        "day": 19
      },
      "time": {
        "hour": 10,
        "minute": 36,
        "second": 28,
        "nano": 0
      }
    },
    "citySender": "Василівка (Запорізька обл.)",
    "cityRecipient": "Київ"
  },
  {
    "number": 59000456090609,
    "dateTime": {
      "date": {
        "year": 2019,
        "month": 10,
        "day": 19
      },
      "time": {
        "hour": 10,
        "minute": 36,
        "second": 23,
        "nano": 0
      }
    },
    "citySender": "Млинів",
    "cityRecipient": "Маневичі"
  },
  {
    "number": 59000456090610,
    "dateTime": {
      "date": {
        "year": 2019,
        "month": 10,
        "day": 19
      },
      "time": {
        "hour": 10,
        "minute": 35,
        "second": 47,
        "nano": 0
      }
    },
    "citySender": "Суми",
    "cityRecipient": "Нова Водолага"
  },
  {
    "number": 59000456090611,
    "dateTime": {
      "date": {
        "year": 2019,
        "month": 10,
        "day": 19
      },
      "time": {
        "hour": 10,
        "minute": 36,
        "second": 17,
        "nano": 0
      }
    },
    "citySender": "Одеса",
    "cityRecipient": "Кривий Ріг"
  },
  {
    "number": 59000456090613,
    "dateTime": {
      "date": {
        "year": 2019,
        "month": 10,
        "day": 19
      },
      "time": {
        "hour": 10,
        "minute": 36,
        "second": 0,
        "nano": 0
      }
    },
    "citySender": "Нове",
    "cityRecipient": "Базалія"
  },
  {
    "number": 59000456090614,
    "dateTime": {
      "date": {
        "year": 2019,
        "month": 10,
        "day": 19
      },
      "time": {
        "hour": 10,
        "minute": 36,
        "second": 14,
        "nano": 0
      }
    },
    "citySender": "Київ",
    "cityRecipient": "Київ"
  },
  {
    "number": 59000456090615,
    "dateTime": {
      "date": {
        "year": 2019,
        "month": 10,
        "day": 19
      },
      "time": {
        "hour": 10,
        "minute": 35,
        "second": 51,
        "nano": 0
      }
    },
    "citySender": "Кагарлик",
    "cityRecipient": "Жашків"
  },
  {
    "number": 59000456090616,
    "dateTime": {
      "date": {
        "year": 2019,
        "month": 10,
        "day": 19
      },
      "time": {
        "hour": 10,
        "minute": 36,
        "second": 30,
        "nano": 0
      }
    },
    "citySender": "Тернопіль",
    "cityRecipient": "Ланівці"
  },
  {
    "number": 59000456090617,
    "dateTime": {
      "date": {
        "year": 2019,
        "month": 10,
        "day": 19
      },
      "time": {
        "hour": 10,
        "minute": 36,
        "second": 19,
        "nano": 0
      }
    },
    "citySender": "Полтава",
    "cityRecipient": "Лубни"
  },
  {
    "number": 59000456090618,
    "dateTime": {
      "date": {
        "year": 2019,
        "month": 10,
        "day": 19
      },
      "time": {
        "hour": 10,
        "minute": 35,
        "second": 49,
        "nano": 0
      }
    },
    "citySender": "Луцьк",
    "cityRecipient": "Київ"
  },
  {
    "number": 59000456090619,
    "dateTime": {
      "date": {
        "year": 2019,
        "month": 10,
        "day": 19
      },
      "time": {
        "hour": 10,
        "minute": 36,
        "second": 9,
        "nano": 0
      }
    },
    "citySender": "Іллінці",
    "cityRecipient": "Костянтинівка (Донецька обл.)"
  },
  {
    "number": 59000456090620,
    "dateTime": {
      "date": {
        "year": 2019,
        "month": 10,
        "day": 19
      },
      "time": {
        "hour": 10,
        "minute": 36,
        "second": 7,
        "nano": 0
      }
    },
    "citySender": "Кривий Ріг",
    "cityRecipient": "Вишневе"
  },
  {
    "number": 59000456090621,
    "dateTime": {
      "date": {
        "year": 2019,
        "month": 10,
        "day": 19
      },
      "time": {
        "hour": 10,
        "minute": 34,
        "second": 50,
        "nano": 0
      }
    },
    "citySender": "Долина",
    "cityRecipient": "Покровське (Покровський р-н Дніпропетровська обл.)"
  },
  {
    "number": 59000456090622,
    "dateTime": {
      "date": {
        "year": 2019,
        "month": 10,
        "day": 19
      },
      "time": {
        "hour": 10,
        "minute": 36,
        "second": 24,
        "nano": 0
      }
    },
    "citySender": "Київ",
    "cityRecipient": "Умань"
  },
  {
    "number": 59000456090623,
    "dateTime": {
      "date": {
        "year": 2019,
        "month": 10,
        "day": 19
      },
      "time": {
        "hour": 10,
        "minute": 36,
        "second": 4,
        "nano": 0
      }
    },
    "citySender": "Мелітополь",
    "cityRecipient": "Дніпро"
  },
  {
    "number": 59000456090624,
    "dateTime": {
      "date": {
        "year": 2019,
        "month": 10,
        "day": 19
      },
      "time": {
        "hour": 10,
        "minute": 36,
        "second": 21,
        "nano": 0
      }
    },
    "citySender": "Ужгород",
    "cityRecipient": "Ракошино"
  },
  {
    "number": 59000456090625,
    "dateTime": {
      "date": {
        "year": 2019,
        "month": 10,
        "day": 19
      },
      "time": {
        "hour": 10,
        "minute": 36,
        "second": 12,
        "nano": 0
      }
    },
    "citySender": "Петриківка",
    "cityRecipient": "Лиман(Донецька обл)"
  },
  {
    "number": 59000456090626,
    "dateTime": {
      "date": {
        "year": 2019,
        "month": 10,
        "day": 19
      },
      "time": {
        "hour": 10,
        "minute": 36,
        "second": 33,
        "nano": 0
      }
    },
    "citySender": "Нова Каховка",
    "cityRecipient": "Дніпро"
  },
  {
    "number": 59000456090627,
    "dateTime": {
      "date": {
        "year": 2019,
        "month": 10,
        "day": 19
      },
      "time": {
        "hour": 10,
        "minute": 36,
        "second": 7,
        "nano": 0
      }
    },
    "citySender": "Мена",
    "cityRecipient": "Київ"
  },
  {
    "number": 59000456090628,
    "dateTime": {
      "date": {
        "year": 2019,
        "month": 10,
        "day": 19
      },
      "time": {
        "hour": 10,
        "minute": 35,
        "second": 34,
        "nano": 0
      }
    },
    "citySender": "Берегове",
    "cityRecipient": "Хмельницький"
  },
  {
    "number": 59000456090629,
    "dateTime": {
      "date": {
        "year": 2019,
        "month": 10,
        "day": 19
      },
      "time": {
        "hour": 10,
        "minute": 36,
        "second": 7,
        "nano": 0
      }
    },
    "citySender": "Шаян",
    "cityRecipient": "Дніпро"
  },
  {
    "number": 59000456090630,
    "dateTime": {
      "date": {
        "year": 2019,
        "month": 10,
        "day": 19
      },
      "time": {
        "hour": 10,
        "minute": 36,
        "second": 34,
        "nano": 0
      }
    },
    "citySender": "Київ",
    "cityRecipient": "Бровари"
  },
  {
    "number": 59000456090631,
    "dateTime": {
      "date": {
        "year": 2019,
        "month": 10,
        "day": 19
      },
      "time": {
        "hour": 10,
        "minute": 36,
        "second": 22,
        "nano": 0
      }
    },
    "citySender": "Тараща",
    "cityRecipient": "Житомир"
  },
  {
    "number": 59000456090632,
    "dateTime": {
      "date": {
        "year": 2019,
        "month": 10,
        "day": 19
      },
      "time": {
        "hour": 10,
        "minute": 35,
        "second": 56,
        "nano": 0
      }
    },
    "citySender": "Київ",
    "cityRecipient": "Одеса"
  },
  {
    "number": 59000456090633,
    "dateTime": {
      "date": {
        "year": 2019,
        "month": 10,
        "day": 19
      },
      "time": {
        "hour": 10,
        "minute": 36,
        "second": 5,
        "nano": 0
      }
    },
    "citySender": "Добропілля",
    "cityRecipient": "Костопіль"
  },
  {
    "number": 59000456090634,
    "dateTime": {
      "date": {
        "year": 2019,
        "month": 10,
        "day": 19
      },
      "time": {
        "hour": 10,
        "minute": 36,
        "second": 27,
        "nano": 0
      }
    },
    "citySender": "Краматорськ",
    "cityRecipient": "Київ"
  },
  {
    "number": 59000456090635,
    "dateTime": {
      "date": {
        "year": 2019,
        "month": 10,
        "day": 19
      },
      "time": {
        "hour": 10,
        "minute": 36,
        "second": 23,
        "nano": 0
      }
    },
    "citySender": "Київ",
    "cityRecipient": "Конотоп"
  },
  {
    "number": 59000456090636,
    "dateTime": {
      "date": {
        "year": 2019,
        "month": 10,
        "day": 19
      },
      "time": {
        "hour": 10,
        "minute": 36,
        "second": 33,
        "nano": 0
      }
    },
    "citySender": "Коростень",
    "cityRecipient": "Петрове (Петрівський р-н., Кіровоградська обл)"
  },
  {
    "number": 59000456090637,
    "dateTime": {
      "date": {
        "year": 2019,
        "month": 10,
        "day": 19
      },
      "time": {
        "hour": 10,
        "minute": 36,
        "second": 28,
        "nano": 0
      }
    },
    "citySender": "Лугини",
    "cityRecipient": "Нові Білокоровичі"
  },
  {
    "number": 59000456090638,
    "dateTime": {
      "date": {
        "year": 2019,
        "month": 10,
        "day": 19
      },
      "time": {
        "hour": 10,
        "minute": 36,
        "second": 2,
        "nano": 0
      }
    },
    "citySender": "Горішні Плавні",
    "cityRecipient": "Миколаїв"
  },
  {
    "number": 59000456090639,
    "dateTime": {
      "date": {
        "year": 2019,
        "month": 10,
        "day": 19
      },
      "time": {
        "hour": 10,
        "minute": 35,
        "second": 37,
        "nano": 0
      }
    },
    "citySender": "Полтава",
    "cityRecipient": "Татарбунари"
  },
  {
    "number": 59000456090640,
    "dateTime": {
      "date": {
        "year": 2019,
        "month": 10,
        "day": 19
      },
      "time": {
        "hour": 10,
        "minute": 36,
        "second": 35,
        "nano": 0
      }
    },
    "citySender": "Кременець",
    "cityRecipient": "Рівне"
  },
  {
    "number": 59000456090641,
    "dateTime": {
      "date": {
        "year": 2019,
        "month": 10,
        "day": 19
      },
      "time": {
        "hour": 10,
        "minute": 36,
        "second": 9,
        "nano": 0
      }
    },
    "citySender": "Вишково",
    "cityRecipient": "Авангард"
  },
  {
    "number": 59000456090642,
    "dateTime": {
      "date": {
        "year": 2019,
        "month": 10,
        "day": 19
      },
      "time": {
        "hour": 10,
        "minute": 36,
        "second": 6,
        "nano": 0
      }
    },
    "citySender": "Покровськ (Донецька обл.)",
    "cityRecipient": "Кривий Ріг"
  },
  {
    "number": 59000456090643,
    "dateTime": {
      "date": {
        "year": 2019,
        "month": 10,
        "day": 19
      },
      "time": {
        "hour": 10,
        "minute": 36,
        "second": 28,
        "nano": 0
      }
    },
    "citySender": "Чернівці",
    "cityRecipient": "Умань"
  },
  {
    "number": 59000456090644,
    "dateTime": {
      "date": {
        "year": 2019,
        "month": 10,
        "day": 19
      },
      "time": {
        "hour": 10,
        "minute": 35,
        "second": 8,
        "nano": 0
      }
    },
    "citySender": "Рівне",
    "cityRecipient": "Одеса"
  },
  {
    "number": 59000456090645,
    "dateTime": {
      "date": {
        "year": 2019,
        "month": 10,
        "day": 19
      },
      "time": {
        "hour": 10,
        "minute": 36,
        "second": 33,
        "nano": 0
      }
    },
    "citySender": "Нікополь (Дніпропетровська обл.)",
    "cityRecipient": "Кривий Ріг"
  },
  {
    "number": 59000456090646,
    "dateTime": {
      "date": {
        "year": 2019,
        "month": 10,
        "day": 19
      },
      "time": {
        "hour": 10,
        "minute": 36,
        "second": 31,
        "nano": 0
      }
    },
    "citySender": "Чукалівка",
    "cityRecipient": "Тернопіль"
  },
  {
    "number": 59000456090647,
    "dateTime": {
      "date": {
        "year": 2019,
        "month": 10,
        "day": 19
      },
      "time": {
        "hour": 10,
        "minute": 36,
        "second": 23,
        "nano": 0
      }
    },
    "citySender": "Радушне",
    "cityRecipient": "Дрогобич"
  },
  {
    "number": 59000456090649,
    "dateTime": {
      "date": {
        "year": 2019,
        "month": 10,
        "day": 19
      },
      "time": {
        "hour": 10,
        "minute": 35,
        "second": 27,
        "nano": 0
      }
    },
    "citySender": "Львів",
    "cityRecipient": "Київ"
  },
  {
    "number": 59000456090650,
    "dateTime": {
      "date": {
        "year": 2019,
        "month": 10,
        "day": 19
      },
      "time": {
        "hour": 10,
        "minute": 36,
        "second": 38,
        "nano": 0
      }
    },
    "citySender": "Фастів",
    "cityRecipient": "Київ"
  },
  {
    "number": 59000456090651,
    "dateTime": {
      "date": {
        "year": 2019,
        "month": 10,
        "day": 19
      },
      "time": {
        "hour": 10,
        "minute": 36,
        "second": 10,
        "nano": 0
      }
    },
    "citySender": "Київ",
    "cityRecipient": "Долинська"
  },
  {
    "number": 59000456090652,
    "dateTime": {
      "date": {
        "year": 2019,
        "month": 10,
        "day": 19
      },
      "time": {
        "hour": 10,
        "minute": 36,
        "second": 22,
        "nano": 0
      }
    },
    "citySender": "Львів",
    "cityRecipient": "Хмельницький"
  },
  {
    "number": 59000456090653,
    "dateTime": {
      "date": {
        "year": 2019,
        "month": 10,
        "day": 19
      },
      "time": {
        "hour": 10,
        "minute": 36,
        "second": 40,
        "nano": 0
      }
    },
    "citySender": "Херсон",
    "cityRecipient": "Київ"
  },
  {
    "number": 59000456090654,
    "dateTime": {
      "date": {
        "year": 2019,
        "month": 10,
        "day": 19
      },
      "time": {
        "hour": 10,
        "minute": 36,
        "second": 18,
        "nano": 0
      }
    },
    "citySender": "Павлоград",
    "cityRecipient": "Київ"
  },
  {
    "number": 59000456090655,
    "dateTime": {
      "date": {
        "year": 2019,
        "month": 10,
        "day": 19
      },
      "time": {
        "hour": 10,
        "minute": 36,
        "second": 19,
        "nano": 0
      }
    },
    "citySender": "Харків",
    "cityRecipient": "Берегове"
  },
  {
    "number": 59000456090656,
    "dateTime": {
      "date": {
        "year": 2019,
        "month": 10,
        "day": 19
      },
      "time": {
        "hour": 10,
        "minute": 36,
        "second": 36,
        "nano": 0
      }
    },
    "citySender": "Баришівка",
    "cityRecipient": "Курахове"
  },
  {
    "number": 59000456090657,
    "dateTime": {
      "date": {
        "year": 2019,
        "month": 10,
        "day": 19
      },
      "time": {
        "hour": 10,
        "minute": 36,
        "second": 33,
        "nano": 0
      }
    },
    "citySender": "Канів",
    "cityRecipient": "Медвеже Вушко"
  },
  {
    "number": 59000456090658,
    "dateTime": {
      "date": {
        "year": 2019,
        "month": 10,
        "day": 19
      },
      "time": {
        "hour": 10,
        "minute": 35,
        "second": 57,
        "nano": 0
      }
    },
    "citySender": "Кам\u0027янське(Дніпропетровська обл)",
    "cityRecipient": "Рівне"
  },
  {
    "number": 59000456090659,
    "dateTime": {
      "date": {
        "year": 2019,
        "month": 10,
        "day": 19
      },
      "time": {
        "hour": 10,
        "minute": 36,
        "second": 41,
        "nano": 0
      }
    },
    "citySender": "Хорол",
    "cityRecipient": "Львів"
  },
  {
    "number": 59000456090660,
    "dateTime": {
      "date": {
        "year": 2019,
        "month": 10,
        "day": 19
      },
      "time": {
        "hour": 10,
        "minute": 36,
        "second": 24,
        "nano": 0
      }
    },
    "citySender": "Дніпро",
    "cityRecipient": "Харків"
  },
  {
    "number": 59000456090661,
    "dateTime": {
      "date": {
        "year": 2019,
        "month": 10,
        "day": 19
      },
      "time": {
        "hour": 10,
        "minute": 36,
        "second": 21,
        "nano": 0
      }
    },
    "citySender": "Львів",
    "cityRecipient": "Житомир"
  },
  {
    "number": 59000456090662,
    "dateTime": {
      "date": {
        "year": 2019,
        "month": 10,
        "day": 19
      },
      "time": {
        "hour": 10,
        "minute": 36,
        "second": 0,
        "nano": 0
      }
    },
    "citySender": "Хмільник (Вінницька обл.)",
    "cityRecipient": "Новогродівка"
  },
  {
    "number": 59000456090663,
    "dateTime": {
      "date": {
        "year": 2019,
        "month": 10,
        "day": 19
      },
      "time": {
        "hour": 10,
        "minute": 36,
        "second": 15,
        "nano": 0
      }
    },
    "citySender": "Краматорськ",
    "cityRecipient": "Полтава"
  },
  {
    "number": 59000456090664,
    "dateTime": {
      "date": {
        "year": 2019,
        "month": 10,
        "day": 19
      },
      "time": {
        "hour": 10,
        "minute": 34,
        "second": 0,
        "nano": 0
      }
    },
    "citySender": "Запоріжжя",
    "cityRecipient": "Кам\u0027янка-Дніпровська (Запорізька обл.)"
  },
  {
    "number": 59000456090665,
    "dateTime": {
      "date": {
        "year": 2019,
        "month": 10,
        "day": 19
      },
      "time": {
        "hour": 10,
        "minute": 29,
        "second": 29,
        "nano": 0
      }
    },
    "citySender": "Дніпро",
    "cityRecipient": "Київ"
  },
  {
    "number": 59000456090666,
    "dateTime": {
      "date": {
        "year": 2019,
        "month": 10,
        "day": 19
      },
      "time": {
        "hour": 10,
        "minute": 36,
        "second": 42,
        "nano": 0
      }
    },
    "citySender": "Стрий",
    "cityRecipient": "Луцьк"
  },
  {
    "number": 59000456090667,
    "dateTime": {
      "date": {
        "year": 2019,
        "month": 10,
        "day": 19
      },
      "time": {
        "hour": 10,
        "minute": 36,
        "second": 30,
        "nano": 0
      }
    },
    "citySender": "Краматорськ",
    "cityRecipient": "Мирноград"
  },
  {
    "number": 59000456090668,
    "dateTime": {
      "date": {
        "year": 2019,
        "month": 10,
        "day": 19
      },
      "time": {
        "hour": 10,
        "minute": 36,
        "second": 20,
        "nano": 0
      }
    },
    "citySender": "Київ",
    "cityRecipient": "Львів"
  },
  {
    "number": 59000456090669,
    "dateTime": {
      "date": {
        "year": 2019,
        "month": 10,
        "day": 19
      },
      "time": {
        "hour": 10,
        "minute": 36,
        "second": 14,
        "nano": 0
      }
    },
    "citySender": "Тячів",
    "cityRecipient": "Одеса"
  },
  {
    "number": 59000456090670,
    "dateTime": {
      "date": {
        "year": 2019,
        "month": 10,
        "day": 19
      },
      "time": {
        "hour": 10,
        "minute": 35,
        "second": 23,
        "nano": 0
      }
    },
    "citySender": "Мукачево",
    "cityRecipient": "Київ"
  },
  {
    "number": 59000456090671,
    "dateTime": {
      "date": {
        "year": 2019,
        "month": 10,
        "day": 19
      },
      "time": {
        "hour": 10,
        "minute": 36,
        "second": 32,
        "nano": 0
      }
    },
    "citySender": "Погребище",
    "cityRecipient": "Христинівка"
  },
  {
    "number": 59000456090672,
    "dateTime": {
      "date": {
        "year": 2019,
        "month": 10,
        "day": 19
      },
      "time": {
        "hour": 10,
        "minute": 36,
        "second": 41,
        "nano": 0
      }
    },
    "citySender": "Новий Розділ",
    "cityRecipient": "Київ"
  },
  {
    "number": 59000456090674,
    "dateTime": {
      "date": {
        "year": 2019,
        "month": 10,
        "day": 19
      },
      "time": {
        "hour": 10,
        "minute": 36,
        "second": 36,
        "nano": 0
      }
    },
    "citySender": "Миколаїв",
    "cityRecipient": "Харків"
  },
  {
    "number": 59000456090676,
    "dateTime": {
      "date": {
        "year": 2019,
        "month": 10,
        "day": 19
      },
      "time": {
        "hour": 10,
        "minute": 36,
        "second": 37,
        "nano": 0
      }
    },
    "citySender": "Київ",
    "cityRecipient": "Харків"
  },
  {
    "number": 59000456090677,
    "dateTime": {
      "date": {
        "year": 2019,
        "month": 10,
        "day": 19
      },
      "time": {
        "hour": 10,
        "minute": 36,
        "second": 10,
        "nano": 0
      }
    },
    "citySender": "Львів",
    "cityRecipient": "Полтава"
  },
  {
    "number": 59000456090679,
    "dateTime": {
      "date": {
        "year": 2019,
        "month": 10,
        "day": 19
      },
      "time": {
        "hour": 10,
        "minute": 36,
        "second": 36,
        "nano": 0
      }
    },
    "citySender": "Мелітополь",
    "cityRecipient": "Вінниця"
  },
  {
    "number": 59000456090680,
    "dateTime": {
      "date": {
        "year": 2019,
        "month": 10,
        "day": 19
      },
      "time": {
        "hour": 10,
        "minute": 36,
        "second": 41,
        "nano": 0
      }
    },
    "citySender": "Одеса",
    "cityRecipient": "Окни"
  },
  {
    "number": 59000456090681,
    "dateTime": {
      "date": {
        "year": 2019,
        "month": 10,
        "day": 19
      },
      "time": {
        "hour": 10,
        "minute": 36,
        "second": 29,
        "nano": 0
      }
    },
    "citySender": "Меліоративне (Новомосковський р-н)",
    "cityRecipient": "Дніпро"
  },
  {
    "number": 59000456090682,
    "dateTime": {
      "date": {
        "year": 2019,
        "month": 10,
        "day": 19
      },
      "time": {
        "hour": 10,
        "minute": 36,
        "second": 32,
        "nano": 0
      }
    },
    "citySender": "Олександрія (м.Кіровогр.обл.райц)",
    "cityRecipient": "Львів"
  },
  {
    "number": 59000456090683,
    "dateTime": {
      "date": {
        "year": 2019,
        "month": 10,
        "day": 19
      },
      "time": {
        "hour": 10,
        "minute": 36,
        "second": 11,
        "nano": 0
      }
    },
    "citySender": "Вінниця",
    "cityRecipient": "Ірпінь"
  },
  {
    "number": 59000456090684,
    "dateTime": {
      "date": {
        "year": 2019,
        "month": 10,
        "day": 19
      },
      "time": {
        "hour": 10,
        "minute": 35,
        "second": 42,
        "nano": 0
      }
    },
    "citySender": "Ходосівка",
    "cityRecipient": "Одеса"
  },
  {
    "number": 59000456090685,
    "dateTime": {
      "date": {
        "year": 2019,
        "month": 10,
        "day": 19
      },
      "time": {
        "hour": 10,
        "minute": 36,
        "second": 17,
        "nano": 0
      }
    },
    "citySender": "Київ",
    "cityRecipient": "Херсон"
  },
  {
    "number": 59000456090686,
    "dateTime": {
      "date": {
        "year": 2019,
        "month": 10,
        "day": 19
      },
      "time": {
        "hour": 10,
        "minute": 35,
        "second": 22,
        "nano": 0
      }
    },
    "citySender": "Київ",
    "cityRecipient": "Дніпро"
  },
  {
    "number": 59000456090687,
    "dateTime": {
      "date": {
        "year": 2019,
        "month": 10,
        "day": 19
      },
      "time": {
        "hour": 10,
        "minute": 36,
        "second": 30,
        "nano": 0
      }
    },
    "citySender": "Львів",
    "cityRecipient": "Ковель"
  },
  {
    "number": 59000456090688,
    "dateTime": {
      "date": {
        "year": 2019,
        "month": 10,
        "day": 19
      },
      "time": {
        "hour": 10,
        "minute": 36,
        "second": 18,
        "nano": 0
      }
    },
    "citySender": "Мелітополь",
    "cityRecipient": "Київ"
  },
  {
    "number": 59000456090689,
    "dateTime": {
      "date": {
        "year": 2019,
        "month": 10,
        "day": 19
      },
      "time": {
        "hour": 10,
        "minute": 36,
        "second": 18,
        "nano": 0
      }
    },
    "citySender": "Першотравенськ (Дніпропетровська обл)",
    "cityRecipient": "Ужгород"
  },
  {
    "number": 59000456090690,
    "dateTime": {
      "date": {
        "year": 2019,
        "month": 10,
        "day": 19
      },
      "time": {
        "hour": 10,
        "minute": 36,
        "second": 21,
        "nano": 0
      }
    },
    "citySender": "Київ",
    "cityRecipient": "Полтава"
  },
  {
    "number": 59000456090691,
    "dateTime": {
      "date": {
        "year": 2019,
        "month": 10,
        "day": 19
      },
      "time": {
        "hour": 10,
        "minute": 36,
        "second": 47,
        "nano": 0
      }
    },
    "citySender": "Носівка",
    "cityRecipient": "Авангард"
  },
  {
    "number": 59000456090692,
    "dateTime": {
      "date": {
        "year": 2019,
        "month": 10,
        "day": 19
      },
      "time": {
        "hour": 10,
        "minute": 36,
        "second": 36,
        "nano": 0
      }
    },
    "citySender": "Ужгород",
    "cityRecipient": "Київ"
  }
]