[
  {
    "number": 59000456069003,
    "dateTime": {
      "date": {
        "year": 2019,
        "month": 10,
        "day": 19
      },
      "time": {
        "hour": 8,
        "minute": 58,
        "second": 36,
        "nano": 0
      }
    },
    "citySender": "Клевань",
    "cityRecipient": "Житомир"
  },
  {
    "number": 59000456069004,
    "dateTime": {
      "date": {
        "year": 2019,
        "month": 10,
        "day": 19
      },
      "time": {
        "hour": 8,
        "minute": 59,
        "second": 0,
        "nano": 0
      }
    },
    "citySender": "Чернівці",
    "cityRecipient": "Верховина"
  },
  {
    "number": 59000456069005,
    "dateTime": {
      "date": {
        "year": 2019,
        "month": 10,
        "day": 19
      },
      "time": {
        "hour": 8,
        "minute": 59,
        "second": 6,
        "nano": 0
      }
    },
    "citySender": "Нова Каховка",
    "cityRecipient": "Харків"
  },
  {
    "number": 59000456069006,
    "dateTime": {
      "date": {
        "year": 2019,
        "month": 10,
        "day": 19
      },
      "time": {
        "hour": 8,
        "minute": 59,
        "second": 7,
        "nano": 0
      }
    },
    "citySender": "Стрий",
    "cityRecipient": "Київ"
  },
  {
    "number": 59000456069007,
    "dateTime": {
      "date": {
        "year": 2019,
        "month": 10,
        "day": 19
      },
      "time": {
        "hour": 8,
        "minute": 59,
        "second": 7,
        "nano": 0
      }
    },
    "citySender": "Кривий Ріг",
    "cityRecipient": "Одеса"
  },
  {
    "number": 59000456069008,
    "dateTime": {
      "date": {
        "year": 2019,
        "month": 10,
        "day": 19
      },
      "time": {
        "hour": 8,
        "minute": 59,
        "second": 9,
        "nano": 0
      }
    },
    "citySender": "Благовіщенське(Кіровоградська обл.)",
    "cityRecipient": "Косів"
  },
  {
    "number": 59000456069009,
    "dateTime": {
      "date": {
        "year": 2019,
        "month": 10,
        "day": 19
      },
      "time": {
        "hour": 8,
        "minute": 58,
        "second": 3,
        "nano": 0
      }
    },
    "citySender": "Новий Калинів",
    "cityRecipient": "Біла Церква"
  },
  {
    "number": 59000456069010,
    "dateTime": {
      "date": {
        "year": 2019,
        "month": 10,
        "day": 19
      },
      "time": {
        "hour": 8,
        "minute": 59,
        "second": 11,
        "nano": 0
      }
    },
    "citySender": "Шпола",
    "cityRecipient": "Авангард"
  },
  {
    "number": 59000456069011,
    "dateTime": {
      "date": {
        "year": 2019,
        "month": 10,
        "day": 19
      },
      "time": {
        "hour": 8,
        "minute": 58,
        "second": 27,
        "nano": 0
      }
    },
    "citySender": "Балта",
    "cityRecipient": "Токмак"
  },
  {
    "number": 59000456069012,
    "dateTime": {
      "date": {
        "year": 2019,
        "month": 10,
        "day": 19
      },
      "time": {
        "hour": 8,
        "minute": 59,
        "second": 12,
        "nano": 0
      }
    },
    "citySender": "Чкаловське",
    "cityRecipient": "Львів"
  },
  {
    "number": 59000456069013,
    "dateTime": {
      "date": {
        "year": 2019,
        "month": 10,
        "day": 19
      },
      "time": {
        "hour": 8,
        "minute": 59,
        "second": 10,
        "nano": 0
      }
    },
    "citySender": "Довге (Закарпатська обл.)",
    "cityRecipient": "Вишгород"
  },
  {
    "number": 59000456069014,
    "dateTime": {
      "date": {
        "year": 2019,
        "month": 10,
        "day": 19
      },
      "time": {
        "hour": 8,
        "minute": 59,
        "second": 14,
        "nano": 0
      }
    },
    "citySender": "Бориспіль",
    "cityRecipient": "Харків"
  },
  {
    "number": 59000456069015,
    "dateTime": {
      "date": {
        "year": 2019,
        "month": 10,
        "day": 19
      },
      "time": {
        "hour": 8,
        "minute": 58,
        "second": 1,
        "nano": 0
      }
    },
    "citySender": "Золотоноша",
    "cityRecipient": "Київ"
  },
  {
    "number": 59000456069016,
    "dateTime": {
      "date": {
        "year": 2019,
        "month": 10,
        "day": 19
      },
      "time": {
        "hour": 8,
        "minute": 59,
        "second": 16,
        "nano": 0
      }
    },
    "citySender": "Кремінна",
    "cityRecipient": "Київ"
  },
  {
    "number": 59000456069017,
    "dateTime": {
      "date": {
        "year": 2019,
        "month": 10,
        "day": 19
      },
      "time": {
        "hour": 8,
        "minute": 59,
        "second": 14,
        "nano": 0
      }
    },
    "citySender": "Крижопіль",
    "cityRecipient": "Верхньодніпровськ"
  },
  {
    "number": 59000456069018,
    "dateTime": {
      "date": {
        "year": 2019,
        "month": 10,
        "day": 19
      },
      "time": {
        "hour": 8,
        "minute": 59,
        "second": 16,
        "nano": 0
      }
    },
    "citySender": "Вишневе",
    "cityRecipient": "Київ"
  },
  {
    "number": 59000456069019,
    "dateTime": {
      "date": {
        "year": 2019,
        "month": 10,
        "day": 19
      },
      "time": {
        "hour": 8,
        "minute": 59,
        "second": 16,
        "nano": 0
      }
    },
    "citySender": "Лубни",
    "cityRecipient": "Рівне"
  },
  {
    "number": 59000456069020,
    "dateTime": {
      "date": {
        "year": 2019,
        "month": 10,
        "day": 19
      },
      "time": {
        "hour": 8,
        "minute": 59,
        "second": 16,
        "nano": 0
      }
    },
    "citySender": "Стрілкове",
    "cityRecipient": "Київ"
  },
  {
    "number": 59000456069021,
    "dateTime": {
      "date": {
        "year": 2019,
        "month": 10,
        "day": 19
      },
      "time": {
        "hour": 8,
        "minute": 59,
        "second": 16,
        "nano": 0
      }
    },
    "citySender": "Нікополь (Дніпропетровська обл.)",
    "cityRecipient": "Запоріжжя"
  },
  {
    "number": 59000456069022,
    "dateTime": {
      "date": {
        "year": 2019,
        "month": 10,
        "day": 19
      },
      "time": {
        "hour": 8,
        "minute": 58,
        "second": 58,
        "nano": 0
      }
    },
    "citySender": "Херсон",
    "cityRecipient": "Одеса"
  },
  {
    "number": 59000456069024,
    "dateTime": {
      "date": {
        "year": 2019,
        "month": 10,
        "day": 19
      },
      "time": {
        "hour": 8,
        "minute": 59,
        "second": 18,
        "nano": 0
      }
    },
    "citySender": "Корюківка",
    "cityRecipient": "Харків"
  },
  {
    "number": 59000456069026,
    "dateTime": {
      "date": {
        "year": 2019,
        "month": 10,
        "day": 19
      },
      "time": {
        "hour": 8,
        "minute": 58,
        "second": 33,
        "nano": 0
      }
    },
    "citySender": "Хмільник (Вінницька обл.)",
    "cityRecipient": "Миколаїв"
  },
  {
    "number": 59000456069027,
    "dateTime": {
      "date": {
        "year": 2019,
        "month": 10,
        "day": 19
      },
      "time": {
        "hour": 8,
        "minute": 58,
        "second": 5,
        "nano": 0
      }
    },
    "citySender": "Болград (Одеська обл.)",
    "cityRecipient": "Тарутине"
  },
  {
    "number": 59000456069028,
    "dateTime": {
      "date": {
        "year": 2019,
        "month": 10,
        "day": 19
      },
      "time": {
        "hour": 8,
        "minute": 59,
        "second": 20,
        "nano": 0
      }
    },
    "citySender": "Тальне",
    "cityRecipient": "Київ"
  },
  {
    "number": 59000456069029,
    "dateTime": {
      "date": {
        "year": 2019,
        "month": 10,
        "day": 19
      },
      "time": {
        "hour": 8,
        "minute": 59,
        "second": 21,
        "nano": 0
      }
    },
    "citySender": "Енергодар",
    "cityRecipient": "Авангард"
  },
  {
    "number": 59000456069030,
    "dateTime": {
      "date": {
        "year": 2019,
        "month": 10,
        "day": 19
      },
      "time": {
        "hour": 8,
        "minute": 59,
        "second": 18,
        "nano": 0
      }
    },
    "citySender": "Коростень",
    "cityRecipient": "Черкаси"
  },
  {
    "number": 59000456069031,
    "dateTime": {
      "date": {
        "year": 2019,
        "month": 10,
        "day": 19
      },
      "time": {
        "hour": 8,
        "minute": 58,
        "second": 55,
        "nano": 0
      }
    },
    "citySender": "Хмельницький",
    "cityRecipient": "Херсон"
  },
  {
    "number": 59000456069032,
    "dateTime": {
      "date": {
        "year": 2019,
        "month": 10,
        "day": 19
      },
      "time": {
        "hour": 8,
        "minute": 59,
        "second": 25,
        "nano": 0
      }
    },
    "citySender": "Геронимівка",
    "cityRecipient": "Хмельницький"
  },
  {
    "number": 59000456069033,
    "dateTime": {
      "date": {
        "year": 2019,
        "month": 10,
        "day": 19
      },
      "time": {
        "hour": 8,
        "minute": 59,
        "second": 7,
        "nano": 0
      }
    },
    "citySender": "Суми",
    "cityRecipient": "Горенка"
  },
  {
    "number": 59000456069034,
    "dateTime": {
      "date": {
        "year": 2019,
        "month": 10,
        "day": 19
      },
      "time": {
        "hour": 8,
        "minute": 59,
        "second": 26,
        "nano": 0
      }
    },
    "citySender": "Вараш",
    "cityRecipient": "Рівне"
  },
  {
    "number": 59000456069035,
    "dateTime": {
      "date": {
        "year": 2019,
        "month": 10,
        "day": 19
      },
      "time": {
        "hour": 8,
        "minute": 59,
        "second": 26,
        "nano": 0
      }
    },
    "citySender": "Нова Каховка",
    "cityRecipient": "Дніпро"
  },
  {
    "number": 59000456069036,
    "dateTime": {
      "date": {
        "year": 2019,
        "month": 10,
        "day": 19
      },
      "time": {
        "hour": 8,
        "minute": 59,
        "second": 20,
        "nano": 0
      }
    },
    "citySender": "Кривий Ріг",
    "cityRecipient": "Новомосковськ"
  },
  {
    "number": 59000456069038,
    "dateTime": {
      "date": {
        "year": 2019,
        "month": 10,
        "day": 19
      },
      "time": {
        "hour": 8,
        "minute": 59,
        "second": 6,
        "nano": 0
      }
    },
    "citySender": "Кропивницький",
    "cityRecipient": "Кропивницький"
  },
  {
    "number": 59000456069039,
    "dateTime": {
      "date": {
        "year": 2019,
        "month": 10,
        "day": 19
      },
      "time": {
        "hour": 8,
        "minute": 59,
        "second": 27,
        "nano": 0
      }
    },
    "citySender": "Кам\u0027янське(Дніпропетровська обл)",
    "cityRecipient": "Київ"
  },
  {
    "number": 59000456069040,
    "dateTime": {
      "date": {
        "year": 2019,
        "month": 10,
        "day": 19
      },
      "time": {
        "hour": 8,
        "minute": 59,
        "second": 28,
        "nano": 0
      }
    },
    "citySender": "Корець",
    "cityRecipient": "Київ"
  },
  {
    "number": 59000456069041,
    "dateTime": {
      "date": {
        "year": 2019,
        "month": 10,
        "day": 19
      },
      "time": {
        "hour": 8,
        "minute": 59,
        "second": 28,
        "nano": 0
      }
    },
    "citySender": "Нікополь (Дніпропетровська обл.)",
    "cityRecipient": "Київ"
  },
  {
    "number": 59000456069042,
    "dateTime": {
      "date": {
        "year": 2019,
        "month": 10,
        "day": 19
      },
      "time": {
        "hour": 8,
        "minute": 58,
        "second": 41,
        "nano": 0
      }
    },
    "citySender": "Ківшарівка",
    "cityRecipient": "Хмельницький"
  },
  {
    "number": 59000456069043,
    "dateTime": {
      "date": {
        "year": 2019,
        "month": 10,
        "day": 19
      },
      "time": {
        "hour": 8,
        "minute": 59,
        "second": 29,
        "nano": 0
      }
    },
    "citySender": "Кривий Ріг",
    "cityRecipient": "Чорноморськ"
  },
  {
    "number": 59000456069044,
    "dateTime": {
      "date": {
        "year": 2019,
        "month": 10,
        "day": 19
      },
      "time": {
        "hour": 8,
        "minute": 59,
        "second": 29,
        "nano": 0
      }
    },
    "citySender": "Лубни",
    "cityRecipient": "Старий Остропіль"
  },
  {
    "number": 59000456069045,
    "dateTime": {
      "date": {
        "year": 2019,
        "month": 10,
        "day": 19
      },
      "time": {
        "hour": 8,
        "minute": 59,
        "second": 30,
        "nano": 0
      }
    },
    "citySender": "Моршин",
    "cityRecipient": "Київ"
  },
  {
    "number": 59000456069046,
    "dateTime": {
      "date": {
        "year": 2019,
        "month": 10,
        "day": 19
      },
      "time": {
        "hour": 8,
        "minute": 59,
        "second": 21,
        "nano": 0
      }
    },
    "citySender": "Мокра Калигірка",
    "cityRecipient": "Чернігів"
  },
  {
    "number": 59000456069047,
    "dateTime": {
      "date": {
        "year": 2019,
        "month": 10,
        "day": 19
      },
      "time": {
        "hour": 8,
        "minute": 59,
        "second": 12,
        "nano": 0
      }
    },
    "citySender": "Дніпро",
    "cityRecipient": "Київ"
  },
  {
    "number": 59000456069048,
    "dateTime": {
      "date": {
        "year": 2019,
        "month": 10,
        "day": 19
      },
      "time": {
        "hour": 8,
        "minute": 59,
        "second": 31,
        "nano": 0
      }
    },
    "citySender": "Херсон",
    "cityRecipient": "Ілічанка"
  },
  {
    "number": 59000456069049,
    "dateTime": {
      "date": {
        "year": 2019,
        "month": 10,
        "day": 19
      },
      "time": {
        "hour": 8,
        "minute": 59,
        "second": 32,
        "nano": 0
      }
    },
    "citySender": "Вараш",
    "cityRecipient": "Харків"
  },
  {
    "number": 59000456069050,
    "dateTime": {
      "date": {
        "year": 2019,
        "month": 10,
        "day": 19
      },
      "time": {
        "hour": 8,
        "minute": 59,
        "second": 29,
        "nano": 0
      }
    },
    "citySender": "Курахове",
    "cityRecipient": "Волноваха"
  },
  {
    "number": 59000456069052,
    "dateTime": {
      "date": {
        "year": 2019,
        "month": 10,
        "day": 19
      },
      "time": {
        "hour": 8,
        "minute": 59,
        "second": 35,
        "nano": 0
      }
    },
    "citySender": "Херсон",
    "cityRecipient": "Ілічанка"
  },
  {
    "number": 59000456069053,
    "dateTime": {
      "date": {
        "year": 2019,
        "month": 10,
        "day": 19
      },
      "time": {
        "hour": 8,
        "minute": 59,
        "second": 36,
        "nano": 0
      }
    },
    "citySender": "Жидачів",
    "cityRecipient": "Летичів"
  },
  {
    "number": 59000456069054,
    "dateTime": {
      "date": {
        "year": 2019,
        "month": 10,
        "day": 19
      },
      "time": {
        "hour": 8,
        "minute": 59,
        "second": 30,
        "nano": 0
      }
    },
    "citySender": "Дніпро",
    "cityRecipient": "Дніпро"
  },
  {
    "number": 59000456069055,
    "dateTime": {
      "date": {
        "year": 2019,
        "month": 10,
        "day": 19
      },
      "time": {
        "hour": 8,
        "minute": 58,
        "second": 56,
        "nano": 0
      }
    },
    "citySender": "Старобільськ",
    "cityRecipient": "Київ"
  },
  {
    "number": 59000456069056,
    "dateTime": {
      "date": {
        "year": 2019,
        "month": 10,
        "day": 19
      },
      "time": {
        "hour": 8,
        "minute": 59,
        "second": 38,
        "nano": 0
      }
    },
    "citySender": "Нова Каховка",
    "cityRecipient": "Харків"
  },
  {
    "number": 59000456069057,
    "dateTime": {
      "date": {
        "year": 2019,
        "month": 10,
        "day": 19
      },
      "time": {
        "hour": 8,
        "minute": 59,
        "second": 23,
        "nano": 0
      }
    },
    "citySender": "Київ",
    "cityRecipient": "Обухів"
  },
  {
    "number": 59000456069058,
    "dateTime": {
      "date": {
        "year": 2019,
        "month": 10,
        "day": 19
      },
      "time": {
        "hour": 8,
        "minute": 59,
        "second": 39,
        "nano": 0
      }
    },
    "citySender": "Горностаївка",
    "cityRecipient": "Київ"
  },
  {
    "number": 59000456069060,
    "dateTime": {
      "date": {
        "year": 2019,
        "month": 10,
        "day": 19
      },
      "time": {
        "hour": 8,
        "minute": 58,
        "second": 27,
        "nano": 0
      }
    },
    "citySender": "Десна (Вінницька обл.)",
    "cityRecipient": "Київ"
  },
  {
    "number": 59000456069061,
    "dateTime": {
      "date": {
        "year": 2019,
        "month": 10,
        "day": 19
      },
      "time": {
        "hour": 8,
        "minute": 59,
        "second": 40,
        "nano": 0
      }
    },
    "citySender": "Григорівка",
    "cityRecipient": "Київ"
  },
  {
    "number": 59000456069062,
    "dateTime": {
      "date": {
        "year": 2019,
        "month": 10,
        "day": 19
      },
      "time": {
        "hour": 8,
        "minute": 59,
        "second": 19,
        "nano": 0
      }
    },
    "citySender": "Миколаїв",
    "cityRecipient": "Куликів"
  },
  {
    "number": 59000456069063,
    "dateTime": {
      "date": {
        "year": 2019,
        "month": 10,
        "day": 19
      },
      "time": {
        "hour": 8,
        "minute": 59,
        "second": 31,
        "nano": 0
      }
    },
    "citySender": "Старий Салтів",
    "cityRecipient": "Бровари"
  },
  {
    "number": 59000456069064,
    "dateTime": {
      "date": {
        "year": 2019,
        "month": 10,
        "day": 19
      },
      "time": {
        "hour": 8,
        "minute": 58,
        "second": 59,
        "nano": 0
      }
    },
    "citySender": "Народичі",
    "cityRecipient": "Київ"
  },
  {
    "number": 59000456069065,
    "dateTime": {
      "date": {
        "year": 2019,
        "month": 10,
        "day": 19
      },
      "time": {
        "hour": 8,
        "minute": 58,
        "second": 38,
        "nano": 0
      }
    },
    "citySender": "Мелітополь",
    "cityRecipient": "Дніпро"
  },
  {
    "number": 59000456069066,
    "dateTime": {
      "date": {
        "year": 2019,
        "month": 10,
        "day": 19
      },
      "time": {
        "hour": 8,
        "minute": 59,
        "second": 42,
        "nano": 0
      }
    },
    "citySender": "Київ",
    "cityRecipient": "Київ"
  },
  {
    "number": 59000456069067,
    "dateTime": {
      "date": {
        "year": 2019,
        "month": 10,
        "day": 19
      },
      "time": {
        "hour": 8,
        "minute": 59,
        "second": 42,
        "nano": 0
      }
    },
    "citySender": "Лубни",
    "cityRecipient": "Рівне"
  },
  {
    "number": 59000456069068,
    "dateTime": {
      "date": {
        "year": 2019,
        "month": 10,
        "day": 19
      },
      "time": {
        "hour": 8,
        "minute": 59,
        "second": 42,
        "nano": 0
      }
    },
    "citySender": "Нікополь (Дніпропетровська обл.)",
    "cityRecipient": "Бохоники"
  },
  {
    "number": 59000456069069,
    "dateTime": {
      "date": {
        "year": 2019,
        "month": 10,
        "day": 19
      },
      "time": {
        "hour": 8,
        "minute": 57,
        "second": 20,
        "nano": 0
      }
    },
    "citySender": "Конотоп",
    "cityRecipient": "Чигирин"
  },
  {
    "number": 59000456069071,
    "dateTime": {
      "date": {
        "year": 2019,
        "month": 10,
        "day": 19
      },
      "time": {
        "hour": 8,
        "minute": 59,
        "second": 44,
        "nano": 0
      }
    },
    "citySender": "Вишневе",
    "cityRecipient": "Тернопіль"
  },
  {
    "number": 59000456069072,
    "dateTime": {
      "date": {
        "year": 2019,
        "month": 10,
        "day": 19
      },
      "time": {
        "hour": 8,
        "minute": 59,
        "second": 45,
        "nano": 0
      }
    },
    "citySender": "Тальне",
    "cityRecipient": "Харків"
  },
  {
    "number": 59000456069073,
    "dateTime": {
      "date": {
        "year": 2019,
        "month": 10,
        "day": 19
      },
      "time": {
        "hour": 8,
        "minute": 59,
        "second": 20,
        "nano": 0
      }
    },
    "citySender": "Сєвєродонецьк",
    "cityRecipient": "Рівне"
  },
  {
    "number": 59000456069074,
    "dateTime": {
      "date": {
        "year": 2019,
        "month": 10,
        "day": 19
      },
      "time": {
        "hour": 8,
        "minute": 59,
        "second": 45,
        "nano": 0
      }
    },
    "citySender": "Бориспіль",
    "cityRecipient": "Полтава"
  },
  {
    "number": 59000456069075,
    "dateTime": {
      "date": {
        "year": 2019,
        "month": 10,
        "day": 19
      },
      "time": {
        "hour": 8,
        "minute": 59,
        "second": 15,
        "nano": 0
      }
    },
    "citySender": "Київ",
    "cityRecipient": "Київ"
  },
  {
    "number": 59000456069076,
    "dateTime": {
      "date": {
        "year": 2019,
        "month": 10,
        "day": 19
      },
      "time": {
        "hour": 8,
        "minute": 59,
        "second": 45,
        "nano": 0
      }
    },
    "citySender": "Миколаїв",
    "cityRecipient": "Львів"
  },
  {
    "number": 59000456069077,
    "dateTime": {
      "date": {
        "year": 2019,
        "month": 10,
        "day": 19
      },
      "time": {
        "hour": 8,
        "minute": 59,
        "second": 46,
        "nano": 0
      }
    },
    "citySender": "Заріччя(Закарпатська обл.)",
    "cityRecipient": "Мукачево"
  },
  {
    "number": 59000456069078,
    "dateTime": {
      "date": {
        "year": 2019,
        "month": 10,
        "day": 19
      },
      "time": {
        "hour": 8,
        "minute": 59,
        "second": 46,
        "nano": 0
      }
    },
    "citySender": "Мельниця-Подільська (Тернопільська обл.)",
    "cityRecipient": "Пологи (Запорізька обл.)"
  },
  {
    "number": 59000456069079,
    "dateTime": {
      "date": {
        "year": 2019,
        "month": 10,
        "day": 19
      },
      "time": {
        "hour": 8,
        "minute": 59,
        "second": 48,
        "nano": 0
      }
    },
    "citySender": "Кропивницький",
    "cityRecipient": "Летичів"
  },
  {
    "number": 59000456069080,
    "dateTime": {
      "date": {
        "year": 2019,
        "month": 10,
        "day": 19
      },
      "time": {
        "hour": 8,
        "minute": 59,
        "second": 48,
        "nano": 0
      }
    },
    "citySender": "Нова Каховка",
    "cityRecipient": "Копайгород"
  },
  {
    "number": 59000456069081,
    "dateTime": {
      "date": {
        "year": 2019,
        "month": 10,
        "day": 19
      },
      "time": {
        "hour": 8,
        "minute": 59,
        "second": 30,
        "nano": 0
      }
    },
    "citySender": "Липовець",
    "cityRecipient": "Боярка"
  },
  {
    "number": 59000456069082,
    "dateTime": {
      "date": {
        "year": 2019,
        "month": 10,
        "day": 19
      },
      "time": {
        "hour": 8,
        "minute": 59,
        "second": 3,
        "nano": 0
      }
    },
    "citySender": "Гвіздів",
    "cityRecipient": "Бердянськ"
  },
  {
    "number": 59000456069083,
    "dateTime": {
      "date": {
        "year": 2019,
        "month": 10,
        "day": 19
      },
      "time": {
        "hour": 8,
        "minute": 59,
        "second": 46,
        "nano": 0
      }
    },
    "citySender": "Чаплинка (Дніпропетровська обл.)",
    "cityRecipient": "Чаплинка (Херсонська обл.)"
  },
  {
    "number": 59000456069084,
    "dateTime": {
      "date": {
        "year": 2019,
        "month": 10,
        "day": 19
      },
      "time": {
        "hour": 8,
        "minute": 59,
        "second": 49,
        "nano": 0
      }
    },
    "citySender": "Рівне",
    "cityRecipient": "Чернівці"
  },
  {
    "number": 59000456069085,
    "dateTime": {
      "date": {
        "year": 2019,
        "month": 10,
        "day": 19
      },
      "time": {
        "hour": 8,
        "minute": 59,
        "second": 27,
        "nano": 0
      }
    },
    "citySender": "Березань",
    "cityRecipient": "Кам\u0027янське(Дніпропетровська обл)"
  },
  {
    "number": 59000456069086,
    "dateTime": {
      "date": {
        "year": 2019,
        "month": 10,
        "day": 19
      },
      "time": {
        "hour": 8,
        "minute": 59,
        "second": 51,
        "nano": 0
      }
    },
    "citySender": "Затишшя",
    "cityRecipient": "Одеса"
  },
  {
    "number": 59000456069087,
    "dateTime": {
      "date": {
        "year": 2019,
        "month": 10,
        "day": 19
      },
      "time": {
        "hour": 8,
        "minute": 59,
        "second": 51,
        "nano": 0
      }
    },
    "citySender": "Миколаїв",
    "cityRecipient": "Київ"
  },
  {
    "number": 59000456069088,
    "dateTime": {
      "date": {
        "year": 2019,
        "month": 10,
        "day": 19
      },
      "time": {
        "hour": 8,
        "minute": 59,
        "second": 3,
        "nano": 0
      }
    },
    "citySender": "Конотоп",
    "cityRecipient": "Жовті Води"
  },
  {
    "number": 59000456069089,
    "dateTime": {
      "date": {
        "year": 2019,
        "month": 10,
        "day": 19
      },
      "time": {
        "hour": 8,
        "minute": 59,
        "second": 9,
        "nano": 0
      }
    },
    "citySender": "Велика Олександрівка (Херсонська обл.)",
    "cityRecipient": "Дрогобич"
  },
  {
    "number": 59000456069090,
    "dateTime": {
      "date": {
        "year": 2019,
        "month": 10,
        "day": 19
      },
      "time": {
        "hour": 8,
        "minute": 59,
        "second": 42,
        "nano": 0
      }
    },
    "citySender": "Кривий Ріг",
    "cityRecipient": "Ямпіль (Вінницька обл.)"
  },
  {
    "number": 59000456069091,
    "dateTime": {
      "date": {
        "year": 2019,
        "month": 10,
        "day": 19
      },
      "time": {
        "hour": 8,
        "minute": 59,
        "second": 21,
        "nano": 0
      }
    },
    "citySender": "Виноградів",
    "cityRecipient": "Одеса"
  },
  {
    "number": 59000456069092,
    "dateTime": {
      "date": {
        "year": 2019,
        "month": 10,
        "day": 19
      },
      "time": {
        "hour": 8,
        "minute": 59,
        "second": 55,
        "nano": 0
      }
    },
    "citySender": "Вилок (Закарпатська обл.)",
    "cityRecipient": "Кременчук"
  },
  {
    "number": 59000456069093,
    "dateTime": {
      "date": {
        "year": 2019,
        "month": 10,
        "day": 19
      },
      "time": {
        "hour": 8,
        "minute": 59,
        "second": 45,
        "nano": 0
      }
    },
    "citySender": "Збараж",
    "cityRecipient": "Запоріжжя"
  },
  {
    "number": 59000456069094,
    "dateTime": {
      "date": {
        "year": 2019,
        "month": 10,
        "day": 19
      },
      "time": {
        "hour": 8,
        "minute": 59,
        "second": 42,
        "nano": 0
      }
    },
    "citySender": "Любомль",
    "cityRecipient": "Красилів"
  },
  {
    "number": 59000456069095,
    "dateTime": {
      "date": {
        "year": 2019,
        "month": 10,
        "day": 19
      },
      "time": {
        "hour": 8,
        "minute": 59,
        "second": 29,
        "nano": 0
      }
    },
    "citySender": "Покровськ (Донецька обл.)",
    "cityRecipient": "Київ"
  },
  {
    "number": 59000456069096,
    "dateTime": {
      "date": {
        "year": 2019,
        "month": 10,
        "day": 19
      },
      "time": {
        "hour": 8,
        "minute": 59,
        "second": 57,
        "nano": 0
      }
    },
    "citySender": "Курахове",
    "cityRecipient": "Кривий Ріг"
  },
  {
    "number": 59000456069097,
    "dateTime": {
      "date": {
        "year": 2019,
        "month": 10,
        "day": 19
      },
      "time": {
        "hour": 8,
        "minute": 59,
        "second": 58,
        "nano": 0
      }
    },
    "citySender": "Тальне",
    "cityRecipient": "Львів"
  },
  {
    "number": 59000456069099,
    "dateTime": {
      "date": {
        "year": 2019,
        "month": 10,
        "day": 19
      },
      "time": {
        "hour": 8,
        "minute": 59,
        "second": 35,
        "nano": 0
      }
    },
    "citySender": "Миколаїв",
    "cityRecipient": "Дніпро"
  },
  {
    "number": 59000456069100,
    "dateTime": {
      "date": {
        "year": 2019,
        "month": 10,
        "day": 19
      },
      "time": {
        "hour": 8,
        "minute": 59,
        "second": 59,
        "nano": 0
      }
    },
    "citySender": "Нова Каховка",
    "cityRecipient": "Харків"
  },
  {
    "number": 59000456069101,
    "dateTime": {
      "date": {
        "year": 2019,
        "month": 10,
        "day": 19
      },
      "time": {
        "hour": 8,
        "minute": 59,
        "second": 54,
        "nano": 0
      }
    },
    "citySender": "Київ",
    "cityRecipient": "Одеса"
  },
  {
    "number": 59000456069102,
    "dateTime": {
      "date": {
        "year": 2019,
        "month": 10,
        "day": 19
      },
      "time": {
        "hour": 8,
        "minute": 59,
        "second": 2,
        "nano": 0
      }
    },
    "citySender": "Верхньодніпровськ",
    "cityRecipient": "Рава-Руська"
  }
]