[
  {
    "number": 59000456068216,
    "dateTime": {
      "date": {
        "year": 2019,
        "month": 10,
        "day": 19
      },
      "time": {
        "hour": 8,
        "minute": 47,
        "second": 2,
        "nano": 0
      }
    },
    "citySender": "Новомосковськ",
    "cityRecipient": "Київ"
  },
  {
    "number": 59000456068217,
    "dateTime": {
      "date": {
        "year": 2019,
        "month": 10,
        "day": 19
      },
      "time": {
        "hour": 8,
        "minute": 47,
        "second": 2,
        "nano": 0
      }
    },
    "citySender": "Любар",
    "cityRecipient": "Львів"
  },
  {
    "number": 59000456068218,
    "dateTime": {
      "date": {
        "year": 2019,
        "month": 10,
        "day": 19
      },
      "time": {
        "hour": 8,
        "minute": 47,
        "second": 2,
        "nano": 0
      }
    },
    "citySender": "Михайлівка (Михайлівський р-н., Запорізька обл.)",
    "cityRecipient": "Київ"
  },
  {
    "number": 59000456068219,
    "dateTime": {
      "date": {
        "year": 2019,
        "month": 10,
        "day": 19
      },
      "time": {
        "hour": 8,
        "minute": 46,
        "second": 56,
        "nano": 0
      }
    },
    "citySender": "Чернігів",
    "cityRecipient": "Львів"
  },
  {
    "number": 59000456068220,
    "dateTime": {
      "date": {
        "year": 2019,
        "month": 10,
        "day": 19
      },
      "time": {
        "hour": 8,
        "minute": 47,
        "second": 3,
        "nano": 0
      }
    },
    "citySender": "Велика Багачка",
    "cityRecipient": "Біла Церква"
  },
  {
    "number": 59000456068221,
    "dateTime": {
      "date": {
        "year": 2019,
        "month": 10,
        "day": 19
      },
      "time": {
        "hour": 8,
        "minute": 47,
        "second": 4,
        "nano": 0
      }
    },
    "citySender": "Соснівка (Львівська обл.)",
    "cityRecipient": "Харків"
  },
  {
    "number": 59000456068222,
    "dateTime": {
      "date": {
        "year": 2019,
        "month": 10,
        "day": 19
      },
      "time": {
        "hour": 8,
        "minute": 47,
        "second": 4,
        "nano": 0
      }
    },
    "citySender": "Генічеськ",
    "cityRecipient": "Бровари"
  },
  {
    "number": 59000456068223,
    "dateTime": {
      "date": {
        "year": 2019,
        "month": 10,
        "day": 19
      },
      "time": {
        "hour": 8,
        "minute": 47,
        "second": 5,
        "nano": 0
      }
    },
    "citySender": "Сновськ",
    "cityRecipient": "Одеса"
  },
  {
    "number": 59000456068224,
    "dateTime": {
      "date": {
        "year": 2019,
        "month": 10,
        "day": 19
      },
      "time": {
        "hour": 8,
        "minute": 47,
        "second": 5,
        "nano": 0
      }
    },
    "citySender": "Покровськ (Донецька обл.)",
    "cityRecipient": "Львів"
  },
  {
    "number": 59000456068225,
    "dateTime": {
      "date": {
        "year": 2019,
        "month": 10,
        "day": 19
      },
      "time": {
        "hour": 8,
        "minute": 47,
        "second": 0,
        "nano": 0
      }
    },
    "citySender": "Білогородка (Київська обл.)",
    "cityRecipient": "Білогородка (Київська обл.)"
  },
  {
    "number": 59000456068226,
    "dateTime": {
      "date": {
        "year": 2019,
        "month": 10,
        "day": 19
      },
      "time": {
        "hour": 8,
        "minute": 47,
        "second": 6,
        "nano": 0
      }
    },
    "citySender": "Шаргород (Вінницька обл.)",
    "cityRecipient": "Івано-Франківськ"
  },
  {
    "number": 59000456068227,
    "dateTime": {
      "date": {
        "year": 2019,
        "month": 10,
        "day": 19
      },
      "time": {
        "hour": 8,
        "minute": 47,
        "second": 7,
        "nano": 0
      }
    },
    "citySender": "Шелюги",
    "cityRecipient": "Одеса"
  },
  {
    "number": 59000456068228,
    "dateTime": {
      "date": {
        "year": 2019,
        "month": 10,
        "day": 19
      },
      "time": {
        "hour": 8,
        "minute": 47,
        "second": 12,
        "nano": 0
      }
    },
    "citySender": "Біла Церква",
    "cityRecipient": "Харків"
  },
  {
    "number": 59000456068229,
    "dateTime": {
      "date": {
        "year": 2019,
        "month": 10,
        "day": 19
      },
      "time": {
        "hour": 8,
        "minute": 47,
        "second": 14,
        "nano": 0
      }
    },
    "citySender": "Чкаловське",
    "cityRecipient": "Київ"
  },
  {
    "number": 59000456068230,
    "dateTime": {
      "date": {
        "year": 2019,
        "month": 10,
        "day": 19
      },
      "time": {
        "hour": 8,
        "minute": 47,
        "second": 14,
        "nano": 0
      }
    },
    "citySender": "Первомайськ(Микол.обл.Первомайс.р-н)",
    "cityRecipient": "Дніпро"
  },
  {
    "number": 59000456068231,
    "dateTime": {
      "date": {
        "year": 2019,
        "month": 10,
        "day": 19
      },
      "time": {
        "hour": 8,
        "minute": 47,
        "second": 15,
        "nano": 0
      }
    },
    "citySender": "Червона Кам\u0027янка",
    "cityRecipient": "Київ"
  },
  {
    "number": 59000456068232,
    "dateTime": {
      "date": {
        "year": 2019,
        "month": 10,
        "day": 19
      },
      "time": {
        "hour": 8,
        "minute": 47,
        "second": 16,
        "nano": 0
      }
    },
    "citySender": "Новомосковськ",
    "cityRecipient": "Новодністровськ"
  },
  {
    "number": 59000456068233,
    "dateTime": {
      "date": {
        "year": 2019,
        "month": 10,
        "day": 19
      },
      "time": {
        "hour": 8,
        "minute": 47,
        "second": 18,
        "nano": 0
      }
    },
    "citySender": "Ізмаїл",
    "cityRecipient": "Київ"
  },
  {
    "number": 59000456068234,
    "dateTime": {
      "date": {
        "year": 2019,
        "month": 10,
        "day": 19
      },
      "time": {
        "hour": 8,
        "minute": 47,
        "second": 19,
        "nano": 0
      }
    },
    "citySender": "Остер",
    "cityRecipient": "Ілічанка"
  },
  {
    "number": 59000456068235,
    "dateTime": {
      "date": {
        "year": 2019,
        "month": 10,
        "day": 19
      },
      "time": {
        "hour": 8,
        "minute": 47,
        "second": 19,
        "nano": 0
      }
    },
    "citySender": "Старобільськ",
    "cityRecipient": "Київ"
  },
  {
    "number": 59000456068236,
    "dateTime": {
      "date": {
        "year": 2019,
        "month": 10,
        "day": 19
      },
      "time": {
        "hour": 8,
        "minute": 47,
        "second": 20,
        "nano": 0
      }
    },
    "citySender": "Житомир",
    "cityRecipient": "Бережани (Тернопільська обл.)"
  },
  {
    "number": 59000456068237,
    "dateTime": {
      "date": {
        "year": 2019,
        "month": 10,
        "day": 19
      },
      "time": {
        "hour": 8,
        "minute": 47,
        "second": 22,
        "nano": 0
      }
    },
    "citySender": "Зміїв",
    "cityRecipient": "Одеса"
  },
  {
    "number": 59000456068238,
    "dateTime": {
      "date": {
        "year": 2019,
        "month": 10,
        "day": 19
      },
      "time": {
        "hour": 8,
        "minute": 47,
        "second": 22,
        "nano": 0
      }
    },
    "citySender": "Кирилівка(Якимівський р-н)",
    "cityRecipient": "Харків"
  },
  {
    "number": 59000456068239,
    "dateTime": {
      "date": {
        "year": 2019,
        "month": 10,
        "day": 19
      },
      "time": {
        "hour": 8,
        "minute": 47,
        "second": 25,
        "nano": 0
      }
    },
    "citySender": "Хмільник (Вінницька обл.)",
    "cityRecipient": "Авангард"
  },
  {
    "number": 59000456068240,
    "dateTime": {
      "date": {
        "year": 2019,
        "month": 10,
        "day": 19
      },
      "time": {
        "hour": 8,
        "minute": 47,
        "second": 27,
        "nano": 0
      }
    },
    "citySender": "Фастів",
    "cityRecipient": "Чернігів"
  },
  {
    "number": 59000456068241,
    "dateTime": {
      "date": {
        "year": 2019,
        "month": 10,
        "day": 19
      },
      "time": {
        "hour": 8,
        "minute": 47,
        "second": 28,
        "nano": 0
      }
    },
    "citySender": "Борщів",
    "cityRecipient": "Київ"
  },
  {
    "number": 59000456068243,
    "dateTime": {
      "date": {
        "year": 2019,
        "month": 10,
        "day": 19
      },
      "time": {
        "hour": 8,
        "minute": 47,
        "second": 31,
        "nano": 0
      }
    },
    "citySender": "Новомосковськ",
    "cityRecipient": "Львів"
  },
  {
    "number": 59000456068244,
    "dateTime": {
      "date": {
        "year": 2019,
        "month": 10,
        "day": 19
      },
      "time": {
        "hour": 8,
        "minute": 47,
        "second": 31,
        "nano": 0
      }
    },
    "citySender": "Кропивницький",
    "cityRecipient": "Одеса"
  },
  {
    "number": 59000456068245,
    "dateTime": {
      "date": {
        "year": 2019,
        "month": 10,
        "day": 19
      },
      "time": {
        "hour": 8,
        "minute": 47,
        "second": 39,
        "nano": 0
      }
    },
    "citySender": "Ківшарівка",
    "cityRecipient": "Одеса"
  },
  {
    "number": 59000456068246,
    "dateTime": {
      "date": {
        "year": 2019,
        "month": 10,
        "day": 19
      },
      "time": {
        "hour": 8,
        "minute": 47,
        "second": 41,
        "nano": 0
      }
    },
    "citySender": "Пирятин",
    "cityRecipient": "Київ"
  },
  {
    "number": 59000456068247,
    "dateTime": {
      "date": {
        "year": 2019,
        "month": 10,
        "day": 19
      },
      "time": {
        "hour": 8,
        "minute": 47,
        "second": 41,
        "nano": 0
      }
    },
    "citySender": "Широке (Широківський р-н. Дніпропетровська обл)",
    "cityRecipient": "Ірпінь"
  },
  {
    "number": 59000456068248,
    "dateTime": {
      "date": {
        "year": 2019,
        "month": 10,
        "day": 19
      },
      "time": {
        "hour": 8,
        "minute": 47,
        "second": 42,
        "nano": 0
      }
    },
    "citySender": "Ізмаїл",
    "cityRecipient": "Одеса"
  },
  {
    "number": 59000456068249,
    "dateTime": {
      "date": {
        "year": 2019,
        "month": 10,
        "day": 19
      },
      "time": {
        "hour": 8,
        "minute": 47,
        "second": 42,
        "nano": 0
      }
    },
    "citySender": "Генічеськ",
    "cityRecipient": "Київ"
  },
  {
    "number": 59000456068250,
    "dateTime": {
      "date": {
        "year": 2019,
        "month": 10,
        "day": 19
      },
      "time": {
        "hour": 8,
        "minute": 47,
        "second": 40,
        "nano": 0
      }
    },
    "citySender": "Покровськ (Донецька обл.)",
    "cityRecipient": "Маріуполь"
  },
  {
    "number": 59000456068251,
    "dateTime": {
      "date": {
        "year": 2019,
        "month": 10,
        "day": 19
      },
      "time": {
        "hour": 8,
        "minute": 47,
        "second": 48,
        "nano": 0
      }
    },
    "citySender": "Мигове",
    "cityRecipient": "Київ"
  },
  {
    "number": 59000456068252,
    "dateTime": {
      "date": {
        "year": 2019,
        "month": 10,
        "day": 19
      },
      "time": {
        "hour": 8,
        "minute": 47,
        "second": 49,
        "nano": 0
      }
    },
    "citySender": "Бердичів",
    "cityRecipient": "Авангард"
  },
  {
    "number": 59000456068253,
    "dateTime": {
      "date": {
        "year": 2019,
        "month": 10,
        "day": 19
      },
      "time": {
        "hour": 8,
        "minute": 47,
        "second": 52,
        "nano": 0
      }
    },
    "citySender": "Біла Церква",
    "cityRecipient": "Олександрія (м.Кіровогр.обл.райц)"
  },
  {
    "number": 59000456068254,
    "dateTime": {
      "date": {
        "year": 2019,
        "month": 10,
        "day": 19
      },
      "time": {
        "hour": 8,
        "minute": 47,
        "second": 52,
        "nano": 0
      }
    },
    "citySender": "Лютенька",
    "cityRecipient": "Київ"
  },
  {
    "number": 59000456068255,
    "dateTime": {
      "date": {
        "year": 2019,
        "month": 10,
        "day": 19
      },
      "time": {
        "hour": 8,
        "minute": 47,
        "second": 54,
        "nano": 0
      }
    },
    "citySender": "Шаргород (Вінницька обл.)",
    "cityRecipient": "Київ"
  },
  {
    "number": 59000456068256,
    "dateTime": {
      "date": {
        "year": 2019,
        "month": 10,
        "day": 19
      },
      "time": {
        "hour": 8,
        "minute": 47,
        "second": 54,
        "nano": 0
      }
    },
    "citySender": "Рокитне (Київська обл., Рокитнянський р-н)",
    "cityRecipient": "Одеса"
  },
  {
    "number": 59000456068257,
    "dateTime": {
      "date": {
        "year": 2019,
        "month": 10,
        "day": 19
      },
      "time": {
        "hour": 8,
        "minute": 47,
        "second": 58,
        "nano": 0
      }
    },
    "citySender": "Ізмаїл",
    "cityRecipient": "Київ"
  },
  {
    "number": 59000456068258,
    "dateTime": {
      "date": {
        "year": 2019,
        "month": 10,
        "day": 19
      },
      "time": {
        "hour": 8,
        "minute": 47,
        "second": 35,
        "nano": 0
      }
    },
    "citySender": "Мурафа",
    "cityRecipient": "Бориспіль"
  },
  {
    "number": 59000456068259,
    "dateTime": {
      "date": {
        "year": 2019,
        "month": 10,
        "day": 19
      },
      "time": {
        "hour": 8,
        "minute": 47,
        "second": 50,
        "nano": 0
      }
    },
    "citySender": "Скала-Подільська",
    "cityRecipient": "Одеса"
  },
  {
    "number": 59000456068260,
    "dateTime": {
      "date": {
        "year": 2019,
        "month": 10,
        "day": 19
      },
      "time": {
        "hour": 8,
        "minute": 48,
        "second": 1,
        "nano": 0
      }
    },
    "citySender": "Нова Каховка",
    "cityRecipient": "Бровари"
  },
  {
    "number": 59000456068261,
    "dateTime": {
      "date": {
        "year": 2019,
        "month": 10,
        "day": 19
      },
      "time": {
        "hour": 8,
        "minute": 48,
        "second": 2,
        "nano": 0
      }
    },
    "citySender": "Старобільськ",
    "cityRecipient": "Ірпінь"
  },
  {
    "number": 59000456068262,
    "dateTime": {
      "date": {
        "year": 2019,
        "month": 10,
        "day": 19
      },
      "time": {
        "hour": 8,
        "minute": 47,
        "second": 14,
        "nano": 0
      }
    },
    "citySender": "Крижопіль",
    "cityRecipient": "Ямпіль (Вінницька обл.)"
  },
  {
    "number": 59000456068263,
    "dateTime": {
      "date": {
        "year": 2019,
        "month": 10,
        "day": 19
      },
      "time": {
        "hour": 8,
        "minute": 48,
        "second": 3,
        "nano": 0
      }
    },
    "citySender": "Зміїв",
    "cityRecipient": "Ілічанка"
  },
  {
    "number": 59000456068264,
    "dateTime": {
      "date": {
        "year": 2019,
        "month": 10,
        "day": 19
      },
      "time": {
        "hour": 8,
        "minute": 48,
        "second": 5,
        "nano": 0
      }
    },
    "citySender": "Чубинське",
    "cityRecipient": "Львів"
  },
  {
    "number": 59000456068265,
    "dateTime": {
      "date": {
        "year": 2019,
        "month": 10,
        "day": 19
      },
      "time": {
        "hour": 8,
        "minute": 48,
        "second": 8,
        "nano": 0
      }
    },
    "citySender": "Полтава",
    "cityRecipient": "Полтава"
  },
  {
    "number": 59000456068266,
    "dateTime": {
      "date": {
        "year": 2019,
        "month": 10,
        "day": 19
      },
      "time": {
        "hour": 8,
        "minute": 47,
        "second": 20,
        "nano": 0
      }
    },
    "citySender": "Шацьк",
    "cityRecipient": "Піща"
  },
  {
    "number": 59000456068267,
    "dateTime": {
      "date": {
        "year": 2019,
        "month": 10,
        "day": 19
      },
      "time": {
        "hour": 8,
        "minute": 48,
        "second": 11,
        "nano": 0
      }
    },
    "citySender": "Пирятин",
    "cityRecipient": "Київ"
  },
  {
    "number": 59000456068268,
    "dateTime": {
      "date": {
        "year": 2019,
        "month": 10,
        "day": 19
      },
      "time": {
        "hour": 8,
        "minute": 48,
        "second": 11,
        "nano": 0
      }
    },
    "citySender": "Ківшарівка",
    "cityRecipient": "Київ"
  },
  {
    "number": 59000456068269,
    "dateTime": {
      "date": {
        "year": 2019,
        "month": 10,
        "day": 19
      },
      "time": {
        "hour": 8,
        "minute": 48,
        "second": 14,
        "nano": 0
      }
    },
    "citySender": "Кропивницький",
    "cityRecipient": "Дніпро"
  },
  {
    "number": 59000456068270,
    "dateTime": {
      "date": {
        "year": 2019,
        "month": 10,
        "day": 19
      },
      "time": {
        "hour": 8,
        "minute": 48,
        "second": 15,
        "nano": 0
      }
    },
    "citySender": "Генічеськ",
    "cityRecipient": "Львів"
  },
  {
    "number": 59000456068271,
    "dateTime": {
      "date": {
        "year": 2019,
        "month": 10,
        "day": 19
      },
      "time": {
        "hour": 8,
        "minute": 48,
        "second": 15,
        "nano": 0
      }
    },
    "citySender": "Ірпінь",
    "cityRecipient": "Дачне"
  },
  {
    "number": 59000456068272,
    "dateTime": {
      "date": {
        "year": 2019,
        "month": 10,
        "day": 19
      },
      "time": {
        "hour": 8,
        "minute": 48,
        "second": 17,
        "nano": 0
      }
    },
    "citySender": "Кегичівка",
    "cityRecipient": "Бровари"
  },
  {
    "number": 59000456068274,
    "dateTime": {
      "date": {
        "year": 2019,
        "month": 10,
        "day": 19
      },
      "time": {
        "hour": 8,
        "minute": 47,
        "second": 30,
        "nano": 0
      }
    },
    "citySender": "Одеса",
    "cityRecipient": "Хмельницький"
  },
  {
    "number": 59000456068275,
    "dateTime": {
      "date": {
        "year": 2019,
        "month": 10,
        "day": 19
      },
      "time": {
        "hour": 8,
        "minute": 48,
        "second": 18,
        "nano": 0
      }
    },
    "citySender": "Михайлівка (Михайлівський р-н., Запорізька обл.)",
    "cityRecipient": "Нетішин"
  },
  {
    "number": 59000456068276,
    "dateTime": {
      "date": {
        "year": 2019,
        "month": 10,
        "day": 19
      },
      "time": {
        "hour": 8,
        "minute": 48,
        "second": 19,
        "nano": 0
      }
    },
    "citySender": "Зарічне(Рівненська обл.)",
    "cityRecipient": "Львів"
  },
  {
    "number": 59000456068277,
    "dateTime": {
      "date": {
        "year": 2019,
        "month": 10,
        "day": 19
      },
      "time": {
        "hour": 8,
        "minute": 48,
        "second": 19,
        "nano": 0
      }
    },
    "citySender": "Голованівськ",
    "cityRecipient": "Кропивницький"
  },
  {
    "number": 59000456068278,
    "dateTime": {
      "date": {
        "year": 2019,
        "month": 10,
        "day": 19
      },
      "time": {
        "hour": 8,
        "minute": 48,
        "second": 21,
        "nano": 0
      }
    },
    "citySender": "Полтава",
    "cityRecipient": "Одеса"
  },
  {
    "number": 59000456068279,
    "dateTime": {
      "date": {
        "year": 2019,
        "month": 10,
        "day": 19
      },
      "time": {
        "hour": 8,
        "minute": 48,
        "second": 15,
        "nano": 0
      }
    },
    "citySender": "Кодима",
    "cityRecipient": "Чумаки"
  },
  {
    "number": 59000456068280,
    "dateTime": {
      "date": {
        "year": 2019,
        "month": 10,
        "day": 19
      },
      "time": {
        "hour": 8,
        "minute": 46,
        "second": 51,
        "nano": 0
      }
    },
    "citySender": "Кремінна",
    "cityRecipient": "Бердичів"
  },
  {
    "number": 59000456068281,
    "dateTime": {
      "date": {
        "year": 2019,
        "month": 10,
        "day": 19
      },
      "time": {
        "hour": 8,
        "minute": 48,
        "second": 23,
        "nano": 0
      }
    },
    "citySender": "Сєвєродонецьк",
    "cityRecipient": "Київ"
  },
  {
    "number": 59000456068282,
    "dateTime": {
      "date": {
        "year": 2019,
        "month": 10,
        "day": 19
      },
      "time": {
        "hour": 8,
        "minute": 48,
        "second": 25,
        "nano": 0
      }
    },
    "citySender": "Чкаловське",
    "cityRecipient": "Одеса"
  },
  {
    "number": 59000456068283,
    "dateTime": {
      "date": {
        "year": 2019,
        "month": 10,
        "day": 19
      },
      "time": {
        "hour": 8,
        "minute": 48,
        "second": 26,
        "nano": 0
      }
    },
    "citySender": "Широке (Широківський р-н. Дніпропетровська обл)",
    "cityRecipient": "Одеса"
  },
  {
    "number": 59000456068284,
    "dateTime": {
      "date": {
        "year": 2019,
        "month": 10,
        "day": 19
      },
      "time": {
        "hour": 8,
        "minute": 48,
        "second": 22,
        "nano": 0
      }
    },
    "citySender": "Чернігів",
    "cityRecipient": "Коломия"
  },
  {
    "number": 59000456068285,
    "dateTime": {
      "date": {
        "year": 2019,
        "month": 10,
        "day": 19
      },
      "time": {
        "hour": 8,
        "minute": 48,
        "second": 27,
        "nano": 0
      }
    },
    "citySender": "Фастів",
    "cityRecipient": "Одеса"
  },
  {
    "number": 59000456068286,
    "dateTime": {
      "date": {
        "year": 2019,
        "month": 10,
        "day": 19
      },
      "time": {
        "hour": 8,
        "minute": 48,
        "second": 26,
        "nano": 0
      }
    },
    "citySender": "Якимівка (Запорізька обл.)",
    "cityRecipient": "Київ"
  },
  {
    "number": 59000456068287,
    "dateTime": {
      "date": {
        "year": 2019,
        "month": 10,
        "day": 19
      },
      "time": {
        "hour": 8,
        "minute": 48,
        "second": 30,
        "nano": 0
      }
    },
    "citySender": "Вінниця",
    "cityRecipient": "Київ"
  },
  {
    "number": 59000456068288,
    "dateTime": {
      "date": {
        "year": 2019,
        "month": 10,
        "day": 19
      },
      "time": {
        "hour": 8,
        "minute": 48,
        "second": 31,
        "nano": 0
      }
    },
    "citySender": "Рокитне (Київська обл., Рокитнянський р-н)",
    "cityRecipient": "Боярка"
  },
  {
    "number": 59000456068290,
    "dateTime": {
      "date": {
        "year": 2019,
        "month": 10,
        "day": 19
      },
      "time": {
        "hour": 8,
        "minute": 48,
        "second": 34,
        "nano": 0
      }
    },
    "citySender": "Нова Каховка",
    "cityRecipient": "Ужгород"
  },
  {
    "number": 59000456068291,
    "dateTime": {
      "date": {
        "year": 2019,
        "month": 10,
        "day": 19
      },
      "time": {
        "hour": 8,
        "minute": 48,
        "second": 35,
        "nano": 0
      }
    },
    "citySender": "Івано-Франкове",
    "cityRecipient": "Львів"
  },
  {
    "number": 59000456068292,
    "dateTime": {
      "date": {
        "year": 2019,
        "month": 10,
        "day": 19
      },
      "time": {
        "hour": 8,
        "minute": 48,
        "second": 35,
        "nano": 0
      }
    },
    "citySender": "Сєвєродонецьк",
    "cityRecipient": "Ратне"
  },
  {
    "number": 59000456068293,
    "dateTime": {
      "date": {
        "year": 2019,
        "month": 10,
        "day": 19
      },
      "time": {
        "hour": 8,
        "minute": 48,
        "second": 36,
        "nano": 0
      }
    },
    "citySender": "Ківшарівка",
    "cityRecipient": "Київ"
  },
  {
    "number": 59000456068294,
    "dateTime": {
      "date": {
        "year": 2019,
        "month": 10,
        "day": 19
      },
      "time": {
        "hour": 8,
        "minute": 48,
        "second": 39,
        "nano": 0
      }
    },
    "citySender": "Довге (Закарпатська обл.)",
    "cityRecipient": "Львів"
  },
  {
    "number": 59000456068295,
    "dateTime": {
      "date": {
        "year": 2019,
        "month": 10,
        "day": 19
      },
      "time": {
        "hour": 8,
        "minute": 48,
        "second": 33,
        "nano": 0
      }
    },
    "citySender": "Рівне",
    "cityRecipient": "Сєвєродонецьк"
  },
  {
    "number": 59000456068296,
    "dateTime": {
      "date": {
        "year": 2019,
        "month": 10,
        "day": 19
      },
      "time": {
        "hour": 8,
        "minute": 48,
        "second": 43,
        "nano": 0
      }
    },
    "citySender": "Сєвєродонецьк",
    "cityRecipient": "Львів"
  },
  {
    "number": 59000456068297,
    "dateTime": {
      "date": {
        "year": 2019,
        "month": 10,
        "day": 19
      },
      "time": {
        "hour": 8,
        "minute": 48,
        "second": 25,
        "nano": 0
      }
    },
    "citySender": "Новоайдар",
    "cityRecipient": "Сватове"
  },
  {
    "number": 59000456068299,
    "dateTime": {
      "date": {
        "year": 2019,
        "month": 10,
        "day": 19
      },
      "time": {
        "hour": 8,
        "minute": 48,
        "second": 23,
        "nano": 0
      }
    },
    "citySender": "Новопсков",
    "cityRecipient": "Харків"
  },
  {
    "number": 59000456068300,
    "dateTime": {
      "date": {
        "year": 2019,
        "month": 10,
        "day": 19
      },
      "time": {
        "hour": 8,
        "minute": 48,
        "second": 52,
        "nano": 0
      }
    },
    "citySender": "Миколаїв",
    "cityRecipient": "Авангард"
  },
  {
    "number": 59000456068301,
    "dateTime": {
      "date": {
        "year": 2019,
        "month": 10,
        "day": 19
      },
      "time": {
        "hour": 8,
        "minute": 48,
        "second": 52,
        "nano": 0
      }
    },
    "citySender": "Львів",
    "cityRecipient": "Харків"
  },
  {
    "number": 59000456068302,
    "dateTime": {
      "date": {
        "year": 2019,
        "month": 10,
        "day": 19
      },
      "time": {
        "hour": 8,
        "minute": 48,
        "second": 53,
        "nano": 0
      }
    },
    "citySender": "Татарбунари",
    "cityRecipient": "Харків"
  },
  {
    "number": 59000456068303,
    "dateTime": {
      "date": {
        "year": 2019,
        "month": 10,
        "day": 19
      },
      "time": {
        "hour": 8,
        "minute": 48,
        "second": 53,
        "nano": 0
      }
    },
    "citySender": "Івано-Франкове",
    "cityRecipient": "Ілічанка"
  },
  {
    "number": 59000456068304,
    "dateTime": {
      "date": {
        "year": 2019,
        "month": 10,
        "day": 19
      },
      "time": {
        "hour": 8,
        "minute": 48,
        "second": 57,
        "nano": 0
      }
    },
    "citySender": "Ізмаїл",
    "cityRecipient": "Бровари"
  },
  {
    "number": 59000456068305,
    "dateTime": {
      "date": {
        "year": 2019,
        "month": 10,
        "day": 19
      },
      "time": {
        "hour": 8,
        "minute": 48,
        "second": 57,
        "nano": 0
      }
    },
    "citySender": "Зарічне(Рівненська обл.)",
    "cityRecipient": "Харків"
  },
  {
    "number": 59000456068306,
    "dateTime": {
      "date": {
        "year": 2019,
        "month": 10,
        "day": 19
      },
      "time": {
        "hour": 8,
        "minute": 48,
        "second": 59,
        "nano": 0
      }
    },
    "citySender": "Пирятин",
    "cityRecipient": "Київ"
  },
  {
    "number": 59000456068307,
    "dateTime": {
      "date": {
        "year": 2019,
        "month": 10,
        "day": 19
      },
      "time": {
        "hour": 8,
        "minute": 48,
        "second": 59,
        "nano": 0
      }
    },
    "citySender": "Сєвєродонецьк",
    "cityRecipient": "Нива Трудова"
  },
  {
    "number": 59000456068308,
    "dateTime": {
      "date": {
        "year": 2019,
        "month": 10,
        "day": 19
      },
      "time": {
        "hour": 8,
        "minute": 49,
        "second": 1,
        "nano": 0
      }
    },
    "citySender": "Широке (Широківський р-н. Дніпропетровська обл)",
    "cityRecipient": "Городенка"
  },
  {
    "number": 59000456068309,
    "dateTime": {
      "date": {
        "year": 2019,
        "month": 10,
        "day": 19
      },
      "time": {
        "hour": 8,
        "minute": 49,
        "second": 2,
        "nano": 0
      }
    },
    "citySender": "Клевань",
    "cityRecipient": "Бровари"
  },
  {
    "number": 59000456068310,
    "dateTime": {
      "date": {
        "year": 2019,
        "month": 10,
        "day": 19
      },
      "time": {
        "hour": 8,
        "minute": 49,
        "second": 2,
        "nano": 0
      }
    },
    "citySender": "Генічеськ",
    "cityRecipient": "Одеса"
  },
  {
    "number": 59000456068312,
    "dateTime": {
      "date": {
        "year": 2019,
        "month": 10,
        "day": 19
      },
      "time": {
        "hour": 8,
        "minute": 49,
        "second": 7,
        "nano": 0
      }
    },
    "citySender": "Велика Багачка",
    "cityRecipient": "Серебрія"
  },
  {
    "number": 59000456068313,
    "dateTime": {
      "date": {
        "year": 2019,
        "month": 10,
        "day": 19
      },
      "time": {
        "hour": 8,
        "minute": 48,
        "second": 31,
        "nano": 0
      }
    },
    "citySender": "Путивль",
    "cityRecipient": "Харків"
  },
  {
    "number": 59000456068314,
    "dateTime": {
      "date": {
        "year": 2019,
        "month": 10,
        "day": 19
      },
      "time": {
        "hour": 8,
        "minute": 49,
        "second": 10,
        "nano": 0
      }
    },
    "citySender": "Зарічне(Рівненська обл.)",
    "cityRecipient": "Львів"
  },
  {
    "number": 59000456068315,
    "dateTime": {
      "date": {
        "year": 2019,
        "month": 10,
        "day": 19
      },
      "time": {
        "hour": 8,
        "minute": 49,
        "second": 11,
        "nano": 0
      }
    },
    "citySender": "Сєвєродонецьк",
    "cityRecipient": "Одеса"
  }
]