[
  {
    "number": 59000456086696,
    "dateTime": {
      "date": {
        "year": 2019,
        "month": 10,
        "day": 19
      },
      "time": {
        "hour": 10,
        "minute": 19,
        "second": 34,
        "nano": 0
      }
    },
    "citySender": "Христинівка",
    "cityRecipient": "Біла Церква"
  },
  {
    "number": 59000456086697,
    "dateTime": {
      "date": {
        "year": 2019,
        "month": 10,
        "day": 19
      },
      "time": {
        "hour": 10,
        "minute": 19,
        "second": 21,
        "nano": 0
      }
    },
    "citySender": "Олександрія (м.Кіровогр.обл.райц)",
    "cityRecipient": "Помічна"
  },
  {
    "number": 59000456086698,
    "dateTime": {
      "date": {
        "year": 2019,
        "month": 10,
        "day": 19
      },
      "time": {
        "hour": 10,
        "minute": 19,
        "second": 6,
        "nano": 0
      }
    },
    "citySender": "Глухів (Сумська обл.)",
    "cityRecipient": "Дніпро"
  },
  {
    "number": 59000456086699,
    "dateTime": {
      "date": {
        "year": 2019,
        "month": 10,
        "day": 19
      },
      "time": {
        "hour": 10,
        "minute": 19,
        "second": 32,
        "nano": 0
      }
    },
    "citySender": "Пісочин",
    "cityRecipient": "Хмельницький"
  },
  {
    "number": 59000456086700,
    "dateTime": {
      "date": {
        "year": 2019,
        "month": 10,
        "day": 19
      },
      "time": {
        "hour": 10,
        "minute": 19,
        "second": 12,
        "nano": 0
      }
    },
    "citySender": "Херсон",
    "cityRecipient": "Львів"
  },
  {
    "number": 59000456086701,
    "dateTime": {
      "date": {
        "year": 2019,
        "month": 10,
        "day": 19
      },
      "time": {
        "hour": 10,
        "minute": 19,
        "second": 40,
        "nano": 0
      }
    },
    "citySender": "Середина-Буда",
    "cityRecipient": "Одеса"
  },
  {
    "number": 59000456086702,
    "dateTime": {
      "date": {
        "year": 2019,
        "month": 10,
        "day": 19
      },
      "time": {
        "hour": 10,
        "minute": 19,
        "second": 41,
        "nano": 0
      }
    },
    "citySender": "Черкаси",
    "cityRecipient": "Харків"
  },
  {
    "number": 59000456086703,
    "dateTime": {
      "date": {
        "year": 2019,
        "month": 10,
        "day": 19
      },
      "time": {
        "hour": 10,
        "minute": 18,
        "second": 33,
        "nano": 0
      }
    },
    "citySender": "Погреби",
    "cityRecipient": "Херсон"
  },
  {
    "number": 59000456086704,
    "dateTime": {
      "date": {
        "year": 2019,
        "month": 10,
        "day": 19
      },
      "time": {
        "hour": 10,
        "minute": 19,
        "second": 33,
        "nano": 0
      }
    },
    "citySender": "Чернігів",
    "cityRecipient": "Київ"
  },
  {
    "number": 59000456086705,
    "dateTime": {
      "date": {
        "year": 2019,
        "month": 10,
        "day": 19
      },
      "time": {
        "hour": 10,
        "minute": 19,
        "second": 29,
        "nano": 0
      }
    },
    "citySender": "Одеса",
    "cityRecipient": "Одеса"
  },
  {
    "number": 59000456086706,
    "dateTime": {
      "date": {
        "year": 2019,
        "month": 10,
        "day": 19
      },
      "time": {
        "hour": 10,
        "minute": 19,
        "second": 41,
        "nano": 0
      }
    },
    "citySender": "Опитне (Бахмутський р-н)",
    "cityRecipient": "Бобровиця"
  },
  {
    "number": 59000456086707,
    "dateTime": {
      "date": {
        "year": 2019,
        "month": 10,
        "day": 19
      },
      "time": {
        "hour": 10,
        "minute": 19,
        "second": 5,
        "nano": 0
      }
    },
    "citySender": "Суми",
    "cityRecipient": "Харків"
  },
  {
    "number": 59000456086708,
    "dateTime": {
      "date": {
        "year": 2019,
        "month": 10,
        "day": 19
      },
      "time": {
        "hour": 10,
        "minute": 19,
        "second": 21,
        "nano": 0
      }
    },
    "citySender": "Новопсков",
    "cityRecipient": "Хмельницький"
  },
  {
    "number": 59000456086709,
    "dateTime": {
      "date": {
        "year": 2019,
        "month": 10,
        "day": 19
      },
      "time": {
        "hour": 10,
        "minute": 19,
        "second": 42,
        "nano": 0
      }
    },
    "citySender": "Покровське (Покровський р-н Дніпропетровська обл.)",
    "cityRecipient": "Дніпро"
  },
  {
    "number": 59000456086710,
    "dateTime": {
      "date": {
        "year": 2019,
        "month": 10,
        "day": 19
      },
      "time": {
        "hour": 10,
        "minute": 19,
        "second": 27,
        "nano": 0
      }
    },
    "citySender": "Рівне",
    "cityRecipient": "Одеса"
  },
  {
    "number": 59000456086711,
    "dateTime": {
      "date": {
        "year": 2019,
        "month": 10,
        "day": 19
      },
      "time": {
        "hour": 10,
        "minute": 18,
        "second": 37,
        "nano": 0
      }
    },
    "citySender": "Харків",
    "cityRecipient": "Моршин"
  },
  {
    "number": 59000456086712,
    "dateTime": {
      "date": {
        "year": 2019,
        "month": 10,
        "day": 19
      },
      "time": {
        "hour": 10,
        "minute": 19,
        "second": 43,
        "nano": 0
      }
    },
    "citySender": "Кривий Ріг",
    "cityRecipient": "Харків"
  },
  {
    "number": 59000456086713,
    "dateTime": {
      "date": {
        "year": 2019,
        "month": 10,
        "day": 19
      },
      "time": {
        "hour": 10,
        "minute": 19,
        "second": 42,
        "nano": 0
      }
    },
    "citySender": "Коростень",
    "cityRecipient": "Харків"
  },
  {
    "number": 59000456086714,
    "dateTime": {
      "date": {
        "year": 2019,
        "month": 10,
        "day": 19
      },
      "time": {
        "hour": 10,
        "minute": 19,
        "second": 14,
        "nano": 0
      }
    },
    "citySender": "Чернівці",
    "cityRecipient": "Одеса"
  },
  {
    "number": 59000456086715,
    "dateTime": {
      "date": {
        "year": 2019,
        "month": 10,
        "day": 19
      },
      "time": {
        "hour": 10,
        "minute": 19,
        "second": 44,
        "nano": 0
      }
    },
    "citySender": "Київ",
    "cityRecipient": "Львів"
  },
  {
    "number": 59000456086716,
    "dateTime": {
      "date": {
        "year": 2019,
        "month": 10,
        "day": 19
      },
      "time": {
        "hour": 10,
        "minute": 19,
        "second": 19,
        "nano": 0
      }
    },
    "citySender": "Хмельницький",
    "cityRecipient": "Обухів"
  },
  {
    "number": 59000456086717,
    "dateTime": {
      "date": {
        "year": 2019,
        "month": 10,
        "day": 19
      },
      "time": {
        "hour": 10,
        "minute": 19,
        "second": 44,
        "nano": 0
      }
    },
    "citySender": "Надвірна",
    "cityRecipient": "Нікополь (Дніпропетровська обл.)"
  },
  {
    "number": 59000456086718,
    "dateTime": {
      "date": {
        "year": 2019,
        "month": 10,
        "day": 19
      },
      "time": {
        "hour": 10,
        "minute": 19,
        "second": 34,
        "nano": 0
      }
    },
    "citySender": "Київ",
    "cityRecipient": "Дніпро"
  },
  {
    "number": 59000456086719,
    "dateTime": {
      "date": {
        "year": 2019,
        "month": 10,
        "day": 19
      },
      "time": {
        "hour": 10,
        "minute": 18,
        "second": 13,
        "nano": 0
      }
    },
    "citySender": "Тернопіль",
    "cityRecipient": "Львів"
  },
  {
    "number": 59000456086720,
    "dateTime": {
      "date": {
        "year": 2019,
        "month": 10,
        "day": 19
      },
      "time": {
        "hour": 10,
        "minute": 19,
        "second": 6,
        "nano": 0
      }
    },
    "citySender": "Київ",
    "cityRecipient": "Понорниця"
  },
  {
    "number": 59000456086721,
    "dateTime": {
      "date": {
        "year": 2019,
        "month": 10,
        "day": 19
      },
      "time": {
        "hour": 10,
        "minute": 19,
        "second": 33,
        "nano": 0
      }
    },
    "citySender": "Карлівка",
    "cityRecipient": "Глухів (Сумська обл.)"
  },
  {
    "number": 59000456086722,
    "dateTime": {
      "date": {
        "year": 2019,
        "month": 10,
        "day": 19
      },
      "time": {
        "hour": 10,
        "minute": 19,
        "second": 46,
        "nano": 0
      }
    },
    "citySender": "Київ",
    "cityRecipient": "Одеса"
  },
  {
    "number": 59000456086723,
    "dateTime": {
      "date": {
        "year": 2019,
        "month": 10,
        "day": 19
      },
      "time": {
        "hour": 10,
        "minute": 19,
        "second": 36,
        "nano": 0
      }
    },
    "citySender": "Ужгород",
    "cityRecipient": "Коростень"
  },
  {
    "number": 59000456086724,
    "dateTime": {
      "date": {
        "year": 2019,
        "month": 10,
        "day": 19
      },
      "time": {
        "hour": 10,
        "minute": 19,
        "second": 36,
        "nano": 0
      }
    },
    "citySender": "Краматорськ",
    "cityRecipient": "Дніпро"
  },
  {
    "number": 59000456086725,
    "dateTime": {
      "date": {
        "year": 2019,
        "month": 10,
        "day": 19
      },
      "time": {
        "hour": 10,
        "minute": 19,
        "second": 30,
        "nano": 0
      }
    },
    "citySender": "Ужгород",
    "cityRecipient": "Мукачево"
  },
  {
    "number": 59000456086726,
    "dateTime": {
      "date": {
        "year": 2019,
        "month": 10,
        "day": 19
      },
      "time": {
        "hour": 10,
        "minute": 19,
        "second": 24,
        "nano": 0
      }
    },
    "citySender": "Борова (Київська обл.)",
    "cityRecipient": "Ковель"
  },
  {
    "number": 59000456086727,
    "dateTime": {
      "date": {
        "year": 2019,
        "month": 10,
        "day": 19
      },
      "time": {
        "hour": 10,
        "minute": 18,
        "second": 57,
        "nano": 0
      }
    },
    "citySender": "Харків",
    "cityRecipient": "Київ"
  },
  {
    "number": 59000456086728,
    "dateTime": {
      "date": {
        "year": 2019,
        "month": 10,
        "day": 19
      },
      "time": {
        "hour": 10,
        "minute": 19,
        "second": 31,
        "nano": 0
      }
    },
    "citySender": "Одеса",
    "cityRecipient": "Кременець"
  },
  {
    "number": 59000456086729,
    "dateTime": {
      "date": {
        "year": 2019,
        "month": 10,
        "day": 19
      },
      "time": {
        "hour": 10,
        "minute": 18,
        "second": 55,
        "nano": 0
      }
    },
    "citySender": "Малин",
    "cityRecipient": "Сєвєродонецьк"
  },
  {
    "number": 59000456086730,
    "dateTime": {
      "date": {
        "year": 2019,
        "month": 10,
        "day": 19
      },
      "time": {
        "hour": 10,
        "minute": 19,
        "second": 49,
        "nano": 0
      }
    },
    "citySender": "Немирів (Львівська обл.)",
    "cityRecipient": "Тернопіль"
  },
  {
    "number": 59000456086731,
    "dateTime": {
      "date": {
        "year": 2019,
        "month": 10,
        "day": 19
      },
      "time": {
        "hour": 10,
        "minute": 19,
        "second": 49,
        "nano": 0
      }
    },
    "citySender": "Валки",
    "cityRecipient": "Бровари"
  },
  {
    "number": 59000456086732,
    "dateTime": {
      "date": {
        "year": 2019,
        "month": 10,
        "day": 19
      },
      "time": {
        "hour": 10,
        "minute": 19,
        "second": 39,
        "nano": 0
      }
    },
    "citySender": "Запоріжжя",
    "cityRecipient": "Дніпро"
  },
  {
    "number": 59000456086733,
    "dateTime": {
      "date": {
        "year": 2019,
        "month": 10,
        "day": 19
      },
      "time": {
        "hour": 10,
        "minute": 19,
        "second": 35,
        "nano": 0
      }
    },
    "citySender": "Київ",
    "cityRecipient": "Середина-Буда"
  },
  {
    "number": 59000456086734,
    "dateTime": {
      "date": {
        "year": 2019,
        "month": 10,
        "day": 19
      },
      "time": {
        "hour": 10,
        "minute": 18,
        "second": 55,
        "nano": 0
      }
    },
    "citySender": "Рожни",
    "cityRecipient": "Малокатеринівка"
  },
  {
    "number": 59000456086735,
    "dateTime": {
      "date": {
        "year": 2019,
        "month": 10,
        "day": 19
      },
      "time": {
        "hour": 10,
        "minute": 19,
        "second": 50,
        "nano": 0
      }
    },
    "citySender": "Запоріжжя",
    "cityRecipient": "Одеса"
  },
  {
    "number": 59000456086736,
    "dateTime": {
      "date": {
        "year": 2019,
        "month": 10,
        "day": 19
      },
      "time": {
        "hour": 10,
        "minute": 19,
        "second": 50,
        "nano": 0
      }
    },
    "citySender": "Умань",
    "cityRecipient": "Харків"
  },
  {
    "number": 59000456086737,
    "dateTime": {
      "date": {
        "year": 2019,
        "month": 10,
        "day": 19
      },
      "time": {
        "hour": 10,
        "minute": 19,
        "second": 50,
        "nano": 0
      }
    },
    "citySender": "Дніпро",
    "cityRecipient": "Харків"
  },
  {
    "number": 59000456086738,
    "dateTime": {
      "date": {
        "year": 2019,
        "month": 10,
        "day": 19
      },
      "time": {
        "hour": 10,
        "minute": 18,
        "second": 39,
        "nano": 0
      }
    },
    "citySender": "Десна (Чернігівська обл.)",
    "cityRecipient": "Херсон"
  },
  {
    "number": 59000456086739,
    "dateTime": {
      "date": {
        "year": 2019,
        "month": 10,
        "day": 19
      },
      "time": {
        "hour": 10,
        "minute": 19,
        "second": 32,
        "nano": 0
      }
    },
    "citySender": "Запоріжжя",
    "cityRecipient": "Запоріжжя"
  },
  {
    "number": 59000456086740,
    "dateTime": {
      "date": {
        "year": 2019,
        "month": 10,
        "day": 19
      },
      "time": {
        "hour": 10,
        "minute": 19,
        "second": 40,
        "nano": 0
      }
    },
    "citySender": "Київ",
    "cityRecipient": "Вугледар"
  },
  {
    "number": 59000456086741,
    "dateTime": {
      "date": {
        "year": 2019,
        "month": 10,
        "day": 19
      },
      "time": {
        "hour": 10,
        "minute": 19,
        "second": 45,
        "nano": 0
      }
    },
    "citySender": "Харків",
    "cityRecipient": "Одеса"
  },
  {
    "number": 59000456086742,
    "dateTime": {
      "date": {
        "year": 2019,
        "month": 10,
        "day": 19
      },
      "time": {
        "hour": 10,
        "minute": 19,
        "second": 52,
        "nano": 0
      }
    },
    "citySender": "Харків",
    "cityRecipient": "Авангард"
  },
  {
    "number": 59000456086743,
    "dateTime": {
      "date": {
        "year": 2019,
        "month": 10,
        "day": 19
      },
      "time": {
        "hour": 10,
        "minute": 19,
        "second": 28,
        "nano": 0
      }
    },
    "citySender": "Тернопіль",
    "cityRecipient": "Рівне"
  },
  {
    "number": 59000456086744,
    "dateTime": {
      "date": {
        "year": 2019,
        "month": 10,
        "day": 19
      },
      "time": {
        "hour": 10,
        "minute": 19,
        "second": 36,
        "nano": 0
      }
    },
    "citySender": "Дніпро",
    "cityRecipient": "Приазовське"
  },
  {
    "number": 59000456086745,
    "dateTime": {
      "date": {
        "year": 2019,
        "month": 10,
        "day": 19
      },
      "time": {
        "hour": 10,
        "minute": 19,
        "second": 6,
        "nano": 0
      }
    },
    "citySender": "Дрогобич",
    "cityRecipient": "Новосілки (Києво-Святошинський р-н)"
  },
  {
    "number": 59000456086746,
    "dateTime": {
      "date": {
        "year": 2019,
        "month": 10,
        "day": 19
      },
      "time": {
        "hour": 10,
        "minute": 19,
        "second": 16,
        "nano": 0
      }
    },
    "citySender": "Дніпро",
    "cityRecipient": "Кривий Ріг"
  },
  {
    "number": 59000456086747,
    "dateTime": {
      "date": {
        "year": 2019,
        "month": 10,
        "day": 19
      },
      "time": {
        "hour": 10,
        "minute": 18,
        "second": 30,
        "nano": 0
      }
    },
    "citySender": "Славутич",
    "cityRecipient": "Львів"
  },
  {
    "number": 59000456086748,
    "dateTime": {
      "date": {
        "year": 2019,
        "month": 10,
        "day": 19
      },
      "time": {
        "hour": 10,
        "minute": 19,
        "second": 53,
        "nano": 0
      }
    },
    "citySender": "Київ",
    "cityRecipient": "Ілічанка"
  },
  {
    "number": 59000456086749,
    "dateTime": {
      "date": {
        "year": 2019,
        "month": 10,
        "day": 19
      },
      "time": {
        "hour": 10,
        "minute": 19,
        "second": 36,
        "nano": 0
      }
    },
    "citySender": "Люботин",
    "cityRecipient": "Циркуни"
  },
  {
    "number": 59000456086750,
    "dateTime": {
      "date": {
        "year": 2019,
        "month": 10,
        "day": 19
      },
      "time": {
        "hour": 10,
        "minute": 19,
        "second": 5,
        "nano": 0
      }
    },
    "citySender": "Бахмут",
    "cityRecipient": "Волноваха"
  },
  {
    "number": 59000456086751,
    "dateTime": {
      "date": {
        "year": 2019,
        "month": 10,
        "day": 19
      },
      "time": {
        "hour": 10,
        "minute": 19,
        "second": 10,
        "nano": 0
      }
    },
    "citySender": "Синельникове",
    "cityRecipient": "Червоноград (Львівська обл.)"
  },
  {
    "number": 59000456086752,
    "dateTime": {
      "date": {
        "year": 2019,
        "month": 10,
        "day": 19
      },
      "time": {
        "hour": 10,
        "minute": 19,
        "second": 1,
        "nano": 0
      }
    },
    "citySender": "Покровськ (Донецька обл.)",
    "cityRecipient": "Київ"
  },
  {
    "number": 59000456086753,
    "dateTime": {
      "date": {
        "year": 2019,
        "month": 10,
        "day": 19
      },
      "time": {
        "hour": 10,
        "minute": 17,
        "second": 9,
        "nano": 0
      }
    },
    "citySender": "Миколаївка (Одеська обл., Миколаївський р-н)",
    "cityRecipient": "Голубівка"
  },
  {
    "number": 59000456086754,
    "dateTime": {
      "date": {
        "year": 2019,
        "month": 10,
        "day": 19
      },
      "time": {
        "hour": 10,
        "minute": 19,
        "second": 25,
        "nano": 0
      }
    },
    "citySender": "Харків",
    "cityRecipient": "Київ"
  },
  {
    "number": 59000456086755,
    "dateTime": {
      "date": {
        "year": 2019,
        "month": 10,
        "day": 19
      },
      "time": {
        "hour": 10,
        "minute": 18,
        "second": 29,
        "nano": 0
      }
    },
    "citySender": "Київ",
    "cityRecipient": "Райки"
  },
  {
    "number": 59000456086756,
    "dateTime": {
      "date": {
        "year": 2019,
        "month": 10,
        "day": 19
      },
      "time": {
        "hour": 10,
        "minute": 19,
        "second": 51,
        "nano": 0
      }
    },
    "citySender": "Кам\u0027янське(Дніпропетровська обл)",
    "cityRecipient": "Львів"
  },
  {
    "number": 59000456086757,
    "dateTime": {
      "date": {
        "year": 2019,
        "month": 10,
        "day": 19
      },
      "time": {
        "hour": 10,
        "minute": 19,
        "second": 0,
        "nano": 0
      }
    },
    "citySender": "Суми",
    "cityRecipient": "Київ"
  },
  {
    "number": 59000456086758,
    "dateTime": {
      "date": {
        "year": 2019,
        "month": 10,
        "day": 19
      },
      "time": {
        "hour": 10,
        "minute": 18,
        "second": 58,
        "nano": 0
      }
    },
    "citySender": "Луцьк",
    "cityRecipient": "Вовчанськ"
  },
  {
    "number": 59000456086759,
    "dateTime": {
      "date": {
        "year": 2019,
        "month": 10,
        "day": 19
      },
      "time": {
        "hour": 10,
        "minute": 19,
        "second": 18,
        "nano": 0
      }
    },
    "citySender": "Дніпро",
    "cityRecipient": "Харків"
  },
  {
    "number": 59000456086760,
    "dateTime": {
      "date": {
        "year": 2019,
        "month": 10,
        "day": 19
      },
      "time": {
        "hour": 10,
        "minute": 19,
        "second": 32,
        "nano": 0
      }
    },
    "citySender": "Харків",
    "cityRecipient": "Дніпро"
  },
  {
    "number": 59000456086761,
    "dateTime": {
      "date": {
        "year": 2019,
        "month": 10,
        "day": 19
      },
      "time": {
        "hour": 10,
        "minute": 19,
        "second": 56,
        "nano": 0
      }
    },
    "citySender": "Баранівка",
    "cityRecipient": "Тернопіль"
  },
  {
    "number": 59000456086762,
    "dateTime": {
      "date": {
        "year": 2019,
        "month": 10,
        "day": 19
      },
      "time": {
        "hour": 10,
        "minute": 19,
        "second": 42,
        "nano": 0
      }
    },
    "citySender": "Умань",
    "cityRecipient": "Київ"
  },
  {
    "number": 59000456086763,
    "dateTime": {
      "date": {
        "year": 2019,
        "month": 10,
        "day": 19
      },
      "time": {
        "hour": 10,
        "minute": 19,
        "second": 7,
        "nano": 0
      }
    },
    "citySender": "Київ",
    "cityRecipient": "Носівка"
  },
  {
    "number": 59000456086764,
    "dateTime": {
      "date": {
        "year": 2019,
        "month": 10,
        "day": 19
      },
      "time": {
        "hour": 10,
        "minute": 19,
        "second": 57,
        "nano": 0
      }
    },
    "citySender": "Кельменці",
    "cityRecipient": "Кривий Ріг"
  },
  {
    "number": 59000456086765,
    "dateTime": {
      "date": {
        "year": 2019,
        "month": 10,
        "day": 19
      },
      "time": {
        "hour": 10,
        "minute": 19,
        "second": 34,
        "nano": 0
      }
    },
    "citySender": "Знам\u0027янка (Кіровоградська обл.)",
    "cityRecipient": "Лазурне (Херсонська обл.)"
  },
  {
    "number": 59000456086766,
    "dateTime": {
      "date": {
        "year": 2019,
        "month": 10,
        "day": 19
      },
      "time": {
        "hour": 10,
        "minute": 19,
        "second": 37,
        "nano": 0
      }
    },
    "citySender": "Сєвєродонецьк",
    "cityRecipient": "Сватове"
  },
  {
    "number": 59000456086767,
    "dateTime": {
      "date": {
        "year": 2019,
        "month": 10,
        "day": 19
      },
      "time": {
        "hour": 10,
        "minute": 18,
        "second": 13,
        "nano": 0
      }
    },
    "citySender": "Летичів",
    "cityRecipient": "Роздільна (Одеська обл.)"
  },
  {
    "number": 59000456086768,
    "dateTime": {
      "date": {
        "year": 2019,
        "month": 10,
        "day": 19
      },
      "time": {
        "hour": 10,
        "minute": 19,
        "second": 57,
        "nano": 0
      }
    },
    "citySender": "Черкаси",
    "cityRecipient": "Стецьківка"
  },
  {
    "number": 59000456086769,
    "dateTime": {
      "date": {
        "year": 2019,
        "month": 10,
        "day": 19
      },
      "time": {
        "hour": 10,
        "minute": 19,
        "second": 45,
        "nano": 0
      }
    },
    "citySender": "Горішні Плавні",
    "cityRecipient": "Яворів"
  },
  {
    "number": 59000456086770,
    "dateTime": {
      "date": {
        "year": 2019,
        "month": 10,
        "day": 19
      },
      "time": {
        "hour": 10,
        "minute": 18,
        "second": 40,
        "nano": 0
      }
    },
    "citySender": "Броди",
    "cityRecipient": "Львів"
  },
  {
    "number": 59000456086771,
    "dateTime": {
      "date": {
        "year": 2019,
        "month": 10,
        "day": 19
      },
      "time": {
        "hour": 10,
        "minute": 19,
        "second": 44,
        "nano": 0
      }
    },
    "citySender": "Доброслав",
    "cityRecipient": "Тернопіль"
  },
  {
    "number": 59000456086772,
    "dateTime": {
      "date": {
        "year": 2019,
        "month": 10,
        "day": 19
      },
      "time": {
        "hour": 10,
        "minute": 19,
        "second": 45,
        "nano": 0
      }
    },
    "citySender": "Хорол",
    "cityRecipient": "Харків"
  },
  {
    "number": 59000456086773,
    "dateTime": {
      "date": {
        "year": 2019,
        "month": 10,
        "day": 19
      },
      "time": {
        "hour": 10,
        "minute": 19,
        "second": 56,
        "nano": 0
      }
    },
    "citySender": "Вознесенськ",
    "cityRecipient": "Черкаси"
  },
  {
    "number": 59000456086774,
    "dateTime": {
      "date": {
        "year": 2019,
        "month": 10,
        "day": 19
      },
      "time": {
        "hour": 10,
        "minute": 19,
        "second": 59,
        "nano": 0
      }
    },
    "citySender": "Мельниця-Подільська (Тернопільська обл.)",
    "cityRecipient": "Суми"
  },
  {
    "number": 59000456086775,
    "dateTime": {
      "date": {
        "year": 2019,
        "month": 10,
        "day": 19
      },
      "time": {
        "hour": 10,
        "minute": 19,
        "second": 9,
        "nano": 0
      }
    },
    "citySender": "Смоліне",
    "cityRecipient": "Кропивницький"
  },
  {
    "number": 59000456086776,
    "dateTime": {
      "date": {
        "year": 2019,
        "month": 10,
        "day": 19
      },
      "time": {
        "hour": 10,
        "minute": 18,
        "second": 35,
        "nano": 0
      }
    },
    "citySender": "Чорноморськ",
    "cityRecipient": "Київ"
  },
  {
    "number": 59000456086777,
    "dateTime": {
      "date": {
        "year": 2019,
        "month": 10,
        "day": 19
      },
      "time": {
        "hour": 10,
        "minute": 19,
        "second": 59,
        "nano": 0
      }
    },
    "citySender": "Київ",
    "cityRecipient": "Дніпро"
  },
  {
    "number": 59000456086778,
    "dateTime": {
      "date": {
        "year": 2019,
        "month": 10,
        "day": 19
      },
      "time": {
        "hour": 10,
        "minute": 19,
        "second": 54,
        "nano": 0
      }
    },
    "citySender": "Київ",
    "cityRecipient": "Київ"
  },
  {
    "number": 59000456086779,
    "dateTime": {
      "date": {
        "year": 2019,
        "month": 10,
        "day": 19
      },
      "time": {
        "hour": 10,
        "minute": 19,
        "second": 57,
        "nano": 0
      }
    },
    "citySender": "Прилуки",
    "cityRecipient": "Київ"
  },
  {
    "number": 59000456086780,
    "dateTime": {
      "date": {
        "year": 2019,
        "month": 10,
        "day": 19
      },
      "time": {
        "hour": 10,
        "minute": 19,
        "second": 20,
        "nano": 0
      }
    },
    "citySender": "Чайки",
    "cityRecipient": "Київ"
  },
  {
    "number": 59000456086781,
    "dateTime": {
      "date": {
        "year": 2019,
        "month": 10,
        "day": 19
      },
      "time": {
        "hour": 10,
        "minute": 20,
        "second": 0,
        "nano": 0
      }
    },
    "citySender": "Київ",
    "cityRecipient": "Львів"
  },
  {
    "number": 59000456086782,
    "dateTime": {
      "date": {
        "year": 2019,
        "month": 10,
        "day": 19
      },
      "time": {
        "hour": 10,
        "minute": 19,
        "second": 55,
        "nano": 0
      }
    },
    "citySender": "Львів",
    "cityRecipient": "Львів"
  },
  {
    "number": 59000456086783,
    "dateTime": {
      "date": {
        "year": 2019,
        "month": 10,
        "day": 19
      },
      "time": {
        "hour": 10,
        "minute": 20,
        "second": 0,
        "nano": 0
      }
    },
    "citySender": "Середина-Буда",
    "cityRecipient": "Бровари"
  },
  {
    "number": 59000456086784,
    "dateTime": {
      "date": {
        "year": 2019,
        "month": 10,
        "day": 19
      },
      "time": {
        "hour": 10,
        "minute": 19,
        "second": 22,
        "nano": 0
      }
    },
    "citySender": "Радивилів",
    "cityRecipient": "Рубіжне"
  },
  {
    "number": 59000456086785,
    "dateTime": {
      "date": {
        "year": 2019,
        "month": 10,
        "day": 19
      },
      "time": {
        "hour": 10,
        "minute": 19,
        "second": 47,
        "nano": 0
      }
    },
    "citySender": "Сарни",
    "cityRecipient": "Бровари"
  },
  {
    "number": 59000456086786,
    "dateTime": {
      "date": {
        "year": 2019,
        "month": 10,
        "day": 19
      },
      "time": {
        "hour": 10,
        "minute": 18,
        "second": 22,
        "nano": 0
      }
    },
    "citySender": "Ужгород",
    "cityRecipient": "Київ"
  },
  {
    "number": 59000456086787,
    "dateTime": {
      "date": {
        "year": 2019,
        "month": 10,
        "day": 19
      },
      "time": {
        "hour": 10,
        "minute": 19,
        "second": 43,
        "nano": 0
      }
    },
    "citySender": "Київ",
    "cityRecipient": "Біла Церква"
  },
  {
    "number": 59000456086788,
    "dateTime": {
      "date": {
        "year": 2019,
        "month": 10,
        "day": 19
      },
      "time": {
        "hour": 10,
        "minute": 19,
        "second": 44,
        "nano": 0
      }
    },
    "citySender": "Кам\u0027янка-Бузька",
    "cityRecipient": "Бровари"
  },
  {
    "number": 59000456086789,
    "dateTime": {
      "date": {
        "year": 2019,
        "month": 10,
        "day": 19
      },
      "time": {
        "hour": 10,
        "minute": 19,
        "second": 52,
        "nano": 0
      }
    },
    "citySender": "Одеса",
    "cityRecipient": "Іванівське"
  },
  {
    "number": 59000456086790,
    "dateTime": {
      "date": {
        "year": 2019,
        "month": 10,
        "day": 19
      },
      "time": {
        "hour": 10,
        "minute": 19,
        "second": 45,
        "nano": 0
      }
    },
    "citySender": "Петрівське (Харківська обл.)",
    "cityRecipient": "Харків"
  },
  {
    "number": 59000456086791,
    "dateTime": {
      "date": {
        "year": 2019,
        "month": 10,
        "day": 19
      },
      "time": {
        "hour": 10,
        "minute": 19,
        "second": 45,
        "nano": 0
      }
    },
    "citySender": "Харків",
    "cityRecipient": "Дніпро"
  },
  {
    "number": 59000456086792,
    "dateTime": {
      "date": {
        "year": 2019,
        "month": 10,
        "day": 19
      },
      "time": {
        "hour": 10,
        "minute": 19,
        "second": 55,
        "nano": 0
      }
    },
    "citySender": "Миколаїв",
    "cityRecipient": "Одеса"
  },
  {
    "number": 59000456086793,
    "dateTime": {
      "date": {
        "year": 2019,
        "month": 10,
        "day": 19
      },
      "time": {
        "hour": 10,
        "minute": 20,
        "second": 3,
        "nano": 0
      }
    },
    "citySender": "Макарів",
    "cityRecipient": "Васильків"
  },
  {
    "number": 59000456086795,
    "dateTime": {
      "date": {
        "year": 2019,
        "month": 10,
        "day": 19
      },
      "time": {
        "hour": 10,
        "minute": 20,
        "second": 4,
        "nano": 0
      }
    },
    "citySender": "Новоград-Волинський",
    "cityRecipient": "Житомир"
  }
]