[
  {
    "number": 59000456102683,
    "dateTime": {
      "date": {
        "year": 2019,
        "month": 10,
        "day": 19
      },
      "time": {
        "hour": 11,
        "minute": 23,
        "second": 12,
        "nano": 0
      }
    },
    "citySender": "Свалява",
    "cityRecipient": "Луцьк"
  },
  {
    "number": 59000456102684,
    "dateTime": {
      "date": {
        "year": 2019,
        "month": 10,
        "day": 19
      },
      "time": {
        "hour": 11,
        "minute": 24,
        "second": 3,
        "nano": 0
      }
    },
    "citySender": "Одеса",
    "cityRecipient": "Біла Церква"
  },
  {
    "number": 59000456102685,
    "dateTime": {
      "date": {
        "year": 2019,
        "month": 10,
        "day": 19
      },
      "time": {
        "hour": 11,
        "minute": 24,
        "second": 26,
        "nano": 0
      }
    },
    "citySender": "Київ",
    "cityRecipient": "Миколаїв"
  },
  {
    "number": 59000456102686,
    "dateTime": {
      "date": {
        "year": 2019,
        "month": 10,
        "day": 19
      },
      "time": {
        "hour": 11,
        "minute": 24,
        "second": 25,
        "nano": 0
      }
    },
    "citySender": "Миколаїв",
    "cityRecipient": "Київ"
  },
  {
    "number": 59000456102688,
    "dateTime": {
      "date": {
        "year": 2019,
        "month": 10,
        "day": 19
      },
      "time": {
        "hour": 11,
        "minute": 24,
        "second": 27,
        "nano": 0
      }
    },
    "citySender": "Фонтанка",
    "cityRecipient": "Львів"
  },
  {
    "number": 59000456102689,
    "dateTime": {
      "date": {
        "year": 2019,
        "month": 10,
        "day": 19
      },
      "time": {
        "hour": 11,
        "minute": 24,
        "second": 20,
        "nano": 0
      }
    },
    "citySender": "Тернопіль",
    "cityRecipient": "Вінниця"
  },
  {
    "number": 59000456102690,
    "dateTime": {
      "date": {
        "year": 2019,
        "month": 10,
        "day": 19
      },
      "time": {
        "hour": 11,
        "minute": 23,
        "second": 12,
        "nano": 0
      }
    },
    "citySender": "Дніпро",
    "cityRecipient": "Київ"
  },
  {
    "number": 59000456102691,
    "dateTime": {
      "date": {
        "year": 2019,
        "month": 10,
        "day": 19
      },
      "time": {
        "hour": 11,
        "minute": 24,
        "second": 5,
        "nano": 0
      }
    },
    "citySender": "Бориспіль",
    "cityRecipient": "Київ"
  },
  {
    "number": 59000456102692,
    "dateTime": {
      "date": {
        "year": 2019,
        "month": 10,
        "day": 19
      },
      "time": {
        "hour": 11,
        "minute": 23,
        "second": 29,
        "nano": 0
      }
    },
    "citySender": "Миколаїв",
    "cityRecipient": "Харків"
  },
  {
    "number": 59000456102693,
    "dateTime": {
      "date": {
        "year": 2019,
        "month": 10,
        "day": 19
      },
      "time": {
        "hour": 11,
        "minute": 24,
        "second": 11,
        "nano": 0
      }
    },
    "citySender": "Вишгород",
    "cityRecipient": "Краматорськ"
  },
  {
    "number": 59000456102694,
    "dateTime": {
      "date": {
        "year": 2019,
        "month": 10,
        "day": 19
      },
      "time": {
        "hour": 11,
        "minute": 24,
        "second": 18,
        "nano": 0
      }
    },
    "citySender": "Баришівка",
    "cityRecipient": "Кучурган"
  },
  {
    "number": 59000456102695,
    "dateTime": {
      "date": {
        "year": 2019,
        "month": 10,
        "day": 19
      },
      "time": {
        "hour": 11,
        "minute": 24,
        "second": 36,
        "nano": 0
      }
    },
    "citySender": "Борислав (Львівська обл.)",
    "cityRecipient": "Київ"
  },
  {
    "number": 59000456102696,
    "dateTime": {
      "date": {
        "year": 2019,
        "month": 10,
        "day": 19
      },
      "time": {
        "hour": 11,
        "minute": 24,
        "second": 29,
        "nano": 0
      }
    },
    "citySender": "Харків",
    "cityRecipient": "Дніпро"
  },
  {
    "number": 59000456102697,
    "dateTime": {
      "date": {
        "year": 2019,
        "month": 10,
        "day": 19
      },
      "time": {
        "hour": 11,
        "minute": 24,
        "second": 15,
        "nano": 0
      }
    },
    "citySender": "Біла",
    "cityRecipient": "Мелітополь"
  },
  {
    "number": 59000456102698,
    "dateTime": {
      "date": {
        "year": 2019,
        "month": 10,
        "day": 19
      },
      "time": {
        "hour": 11,
        "minute": 24,
        "second": 36,
        "nano": 0
      }
    },
    "citySender": "Вінниця",
    "cityRecipient": "Київ"
  },
  {
    "number": 59000456102699,
    "dateTime": {
      "date": {
        "year": 2019,
        "month": 10,
        "day": 19
      },
      "time": {
        "hour": 11,
        "minute": 23,
        "second": 59,
        "nano": 0
      }
    },
    "citySender": "Суми",
    "cityRecipient": "Київ"
  },
  {
    "number": 59000456102700,
    "dateTime": {
      "date": {
        "year": 2019,
        "month": 10,
        "day": 19
      },
      "time": {
        "hour": 11,
        "minute": 23,
        "second": 42,
        "nano": 0
      }
    },
    "citySender": "Великий Дальник",
    "cityRecipient": "Покров (Дніпропетровська обл.)"
  },
  {
    "number": 59000456102702,
    "dateTime": {
      "date": {
        "year": 2019,
        "month": 10,
        "day": 19
      },
      "time": {
        "hour": 11,
        "minute": 24,
        "second": 19,
        "nano": 0
      }
    },
    "citySender": "Луцьк",
    "cityRecipient": "Київ"
  },
  {
    "number": 59000456102703,
    "dateTime": {
      "date": {
        "year": 2019,
        "month": 10,
        "day": 19
      },
      "time": {
        "hour": 11,
        "minute": 24,
        "second": 34,
        "nano": 0
      }
    },
    "citySender": "Шкло",
    "cityRecipient": "Бердянськ"
  },
  {
    "number": 59000456102704,
    "dateTime": {
      "date": {
        "year": 2019,
        "month": 10,
        "day": 19
      },
      "time": {
        "hour": 11,
        "minute": 24,
        "second": 13,
        "nano": 0
      }
    },
    "citySender": "Чернівці",
    "cityRecipient": "Глеваха"
  },
  {
    "number": 59000456102705,
    "dateTime": {
      "date": {
        "year": 2019,
        "month": 10,
        "day": 19
      },
      "time": {
        "hour": 11,
        "minute": 24,
        "second": 15,
        "nano": 0
      }
    },
    "citySender": "Стрижавка",
    "cityRecipient": "Хмельницький"
  },
  {
    "number": 59000456102706,
    "dateTime": {
      "date": {
        "year": 2019,
        "month": 10,
        "day": 19
      },
      "time": {
        "hour": 11,
        "minute": 24,
        "second": 29,
        "nano": 0
      }
    },
    "citySender": "Київ",
    "cityRecipient": "Суми"
  },
  {
    "number": 59000456102707,
    "dateTime": {
      "date": {
        "year": 2019,
        "month": 10,
        "day": 19
      },
      "time": {
        "hour": 11,
        "minute": 24,
        "second": 30,
        "nano": 0
      }
    },
    "citySender": "Солоницівка",
    "cityRecipient": "Цекинівка"
  },
  {
    "number": 59000456102708,
    "dateTime": {
      "date": {
        "year": 2019,
        "month": 10,
        "day": 19
      },
      "time": {
        "hour": 11,
        "minute": 24,
        "second": 0,
        "nano": 0
      }
    },
    "citySender": "Київ",
    "cityRecipient": "Київ"
  },
  {
    "number": 59000456102709,
    "dateTime": {
      "date": {
        "year": 2019,
        "month": 10,
        "day": 19
      },
      "time": {
        "hour": 11,
        "minute": 24,
        "second": 30,
        "nano": 0
      }
    },
    "citySender": "Одеса",
    "cityRecipient": "Кропивницький"
  },
  {
    "number": 59000456102710,
    "dateTime": {
      "date": {
        "year": 2019,
        "month": 10,
        "day": 19
      },
      "time": {
        "hour": 11,
        "minute": 24,
        "second": 14,
        "nano": 0
      }
    },
    "citySender": "Ужгород",
    "cityRecipient": "Одеса"
  },
  {
    "number": 59000456102711,
    "dateTime": {
      "date": {
        "year": 2019,
        "month": 10,
        "day": 19
      },
      "time": {
        "hour": 11,
        "minute": 24,
        "second": 40,
        "nano": 0
      }
    },
    "citySender": "Кривий Ріг",
    "cityRecipient": "Київ"
  },
  {
    "number": 59000456102712,
    "dateTime": {
      "date": {
        "year": 2019,
        "month": 10,
        "day": 19
      },
      "time": {
        "hour": 11,
        "minute": 24,
        "second": 30,
        "nano": 0
      }
    },
    "citySender": "Харків",
    "cityRecipient": "Черкаси"
  },
  {
    "number": 59000456102713,
    "dateTime": {
      "date": {
        "year": 2019,
        "month": 10,
        "day": 19
      },
      "time": {
        "hour": 11,
        "minute": 24,
        "second": 30,
        "nano": 0
      }
    },
    "citySender": "Харків",
    "cityRecipient": "Кам\u0027янське(Дніпропетровська обл)"
  },
  {
    "number": 59000456102715,
    "dateTime": {
      "date": {
        "year": 2019,
        "month": 10,
        "day": 19
      },
      "time": {
        "hour": 18,
        "minute": 49,
        "second": 49,
        "nano": 0
      }
    },
    "citySender": "Львів",
    "cityRecipient": "Київ"
  },
  {
    "number": 59000456102716,
    "dateTime": {
      "date": {
        "year": 2019,
        "month": 10,
        "day": 19
      },
      "time": {
        "hour": 18,
        "minute": 51,
        "second": 40,
        "nano": 0
      }
    },
    "citySender": "Львів",
    "cityRecipient": "Київ"
  },
  {
    "number": 59000456102717,
    "dateTime": {
      "date": {
        "year": 2019,
        "month": 10,
        "day": 19
      },
      "time": {
        "hour": 18,
        "minute": 50,
        "second": 59,
        "nano": 0
      }
    },
    "citySender": "Львів",
    "cityRecipient": "Київ"
  },
  {
    "number": 59000456102719,
    "dateTime": {
      "date": {
        "year": 2019,
        "month": 10,
        "day": 19
      },
      "time": {
        "hour": 11,
        "minute": 24,
        "second": 32,
        "nano": 0
      }
    },
    "citySender": "Вільнянськ",
    "cityRecipient": "Київ"
  },
  {
    "number": 59000456102720,
    "dateTime": {
      "date": {
        "year": 2019,
        "month": 10,
        "day": 19
      },
      "time": {
        "hour": 11,
        "minute": 24,
        "second": 40,
        "nano": 0
      }
    },
    "citySender": "Київ",
    "cityRecipient": "Одеса"
  },
  {
    "number": 59000456102721,
    "dateTime": {
      "date": {
        "year": 2019,
        "month": 10,
        "day": 19
      },
      "time": {
        "hour": 11,
        "minute": 24,
        "second": 18,
        "nano": 0
      }
    },
    "citySender": "Одеса",
    "cityRecipient": "Одеса"
  },
  {
    "number": 59000456102722,
    "dateTime": {
      "date": {
        "year": 2019,
        "month": 10,
        "day": 19
      },
      "time": {
        "hour": 11,
        "minute": 24,
        "second": 42,
        "nano": 0
      }
    },
    "citySender": "Тарасівка",
    "cityRecipient": "Київ"
  },
  {
    "number": 59000456102724,
    "dateTime": {
      "date": {
        "year": 2019,
        "month": 10,
        "day": 19
      },
      "time": {
        "hour": 11,
        "minute": 24,
        "second": 42,
        "nano": 0
      }
    },
    "citySender": "Дрогобич",
    "cityRecipient": "Київ"
  },
  {
    "number": 59000456102726,
    "dateTime": {
      "date": {
        "year": 2019,
        "month": 10,
        "day": 19
      },
      "time": {
        "hour": 11,
        "minute": 24,
        "second": 17,
        "nano": 0
      }
    },
    "citySender": "Меденичі",
    "cityRecipient": "Васильків"
  },
  {
    "number": 59000456102727,
    "dateTime": {
      "date": {
        "year": 2019,
        "month": 10,
        "day": 19
      },
      "time": {
        "hour": 11,
        "minute": 24,
        "second": 9,
        "nano": 0
      }
    },
    "citySender": "Святопетрівське (Києво-Свят.р-н)",
    "cityRecipient": "Одеса"
  },
  {
    "number": 59000456102728,
    "dateTime": {
      "date": {
        "year": 2019,
        "month": 10,
        "day": 19
      },
      "time": {
        "hour": 11,
        "minute": 22,
        "second": 13,
        "nano": 0
      }
    },
    "citySender": "Конотоп",
    "cityRecipient": "Білки"
  },
  {
    "number": 59000456102729,
    "dateTime": {
      "date": {
        "year": 2019,
        "month": 10,
        "day": 19
      },
      "time": {
        "hour": 11,
        "minute": 24,
        "second": 16,
        "nano": 0
      }
    },
    "citySender": "Харків",
    "cityRecipient": "Житомир"
  },
  {
    "number": 59000456102730,
    "dateTime": {
      "date": {
        "year": 2019,
        "month": 10,
        "day": 19
      },
      "time": {
        "hour": 11,
        "minute": 24,
        "second": 43,
        "nano": 0
      }
    },
    "citySender": "Одеса",
    "cityRecipient": "Кропивницький"
  },
  {
    "number": 59000456102731,
    "dateTime": {
      "date": {
        "year": 2019,
        "month": 10,
        "day": 19
      },
      "time": {
        "hour": 11,
        "minute": 24,
        "second": 44,
        "nano": 0
      }
    },
    "citySender": "Ірпінь",
    "cityRecipient": "Київ"
  },
  {
    "number": 59000456102732,
    "dateTime": {
      "date": {
        "year": 2019,
        "month": 10,
        "day": 19
      },
      "time": {
        "hour": 11,
        "minute": 24,
        "second": 44,
        "nano": 0
      }
    },
    "citySender": "Шепетівка",
    "cityRecipient": "Київ"
  },
  {
    "number": 59000456102733,
    "dateTime": {
      "date": {
        "year": 2019,
        "month": 10,
        "day": 19
      },
      "time": {
        "hour": 11,
        "minute": 23,
        "second": 38,
        "nano": 0
      }
    },
    "citySender": "Волноваха",
    "cityRecipient": "Харків"
  },
  {
    "number": 59000456102734,
    "dateTime": {
      "date": {
        "year": 2019,
        "month": 10,
        "day": 19
      },
      "time": {
        "hour": 11,
        "minute": 24,
        "second": 44,
        "nano": 0
      }
    },
    "citySender": "Дніпро",
    "cityRecipient": "Нікольське (Володарський р-н., Донецька обл.)"
  },
  {
    "number": 59000456102735,
    "dateTime": {
      "date": {
        "year": 2019,
        "month": 10,
        "day": 19
      },
      "time": {
        "hour": 11,
        "minute": 24,
        "second": 45,
        "nano": 0
      }
    },
    "citySender": "Великий Бичків",
    "cityRecipient": "Київ"
  },
  {
    "number": 59000456102736,
    "dateTime": {
      "date": {
        "year": 2019,
        "month": 10,
        "day": 19
      },
      "time": {
        "hour": 11,
        "minute": 24,
        "second": 10,
        "nano": 0
      }
    },
    "citySender": "Рівне",
    "cityRecipient": "Лисичанськ"
  },
  {
    "number": 59000456102737,
    "dateTime": {
      "date": {
        "year": 2019,
        "month": 10,
        "day": 19
      },
      "time": {
        "hour": 11,
        "minute": 24,
        "second": 34,
        "nano": 0
      }
    },
    "citySender": "Бахмут",
    "cityRecipient": "Одеса"
  },
  {
    "number": 59000456102738,
    "dateTime": {
      "date": {
        "year": 2019,
        "month": 10,
        "day": 19
      },
      "time": {
        "hour": 11,
        "minute": 24,
        "second": 41,
        "nano": 0
      }
    },
    "citySender": "Борислав (Львівська обл.)",
    "cityRecipient": "Луцьк"
  },
  {
    "number": 59000456102739,
    "dateTime": {
      "date": {
        "year": 2019,
        "month": 10,
        "day": 19
      },
      "time": {
        "hour": 11,
        "minute": 24,
        "second": 42,
        "nano": 0
      }
    },
    "citySender": "Рівне",
    "cityRecipient": "Баришівка"
  },
  {
    "number": 59000456102740,
    "dateTime": {
      "date": {
        "year": 2019,
        "month": 10,
        "day": 19
      },
      "time": {
        "hour": 11,
        "minute": 24,
        "second": 46,
        "nano": 0
      }
    },
    "citySender": "Южне",
    "cityRecipient": "Київ"
  },
  {
    "number": 59000456102741,
    "dateTime": {
      "date": {
        "year": 2019,
        "month": 10,
        "day": 19
      },
      "time": {
        "hour": 11,
        "minute": 23,
        "second": 47,
        "nano": 0
      }
    },
    "citySender": "Миколаїв",
    "cityRecipient": "Новогродівка"
  },
  {
    "number": 59000456102742,
    "dateTime": {
      "date": {
        "year": 2019,
        "month": 10,
        "day": 19
      },
      "time": {
        "hour": 11,
        "minute": 23,
        "second": 5,
        "nano": 0
      }
    },
    "citySender": "Решетилівка",
    "cityRecipient": "Київ"
  },
  {
    "number": 59000456102743,
    "dateTime": {
      "date": {
        "year": 2019,
        "month": 10,
        "day": 19
      },
      "time": {
        "hour": 11,
        "minute": 24,
        "second": 39,
        "nano": 0
      }
    },
    "citySender": "Київ",
    "cityRecipient": "Шевченкове (Київська обл.)"
  },
  {
    "number": 59000456102744,
    "dateTime": {
      "date": {
        "year": 2019,
        "month": 10,
        "day": 19
      },
      "time": {
        "hour": 11,
        "minute": 24,
        "second": 44,
        "nano": 0
      }
    },
    "citySender": "Гранітне",
    "cityRecipient": "Марківка"
  },
  {
    "number": 59000456102745,
    "dateTime": {
      "date": {
        "year": 2019,
        "month": 10,
        "day": 19
      },
      "time": {
        "hour": 11,
        "minute": 24,
        "second": 44,
        "nano": 0
      }
    },
    "citySender": "Бахмут",
    "cityRecipient": "Київ"
  },
  {
    "number": 59000456102746,
    "dateTime": {
      "date": {
        "year": 2019,
        "month": 10,
        "day": 19
      },
      "time": {
        "hour": 11,
        "minute": 24,
        "second": 42,
        "nano": 0
      }
    },
    "citySender": "Харків",
    "cityRecipient": "Житомир"
  },
  {
    "number": 59000456102747,
    "dateTime": {
      "date": {
        "year": 2019,
        "month": 10,
        "day": 19
      },
      "time": {
        "hour": 11,
        "minute": 24,
        "second": 34,
        "nano": 0
      }
    },
    "citySender": "Васильків",
    "cityRecipient": "Київ"
  },
  {
    "number": 59000456102748,
    "dateTime": {
      "date": {
        "year": 2019,
        "month": 10,
        "day": 19
      },
      "time": {
        "hour": 11,
        "minute": 24,
        "second": 32,
        "nano": 0
      }
    },
    "citySender": "Харків",
    "cityRecipient": "Маріуполь"
  },
  {
    "number": 59000456102749,
    "dateTime": {
      "date": {
        "year": 2019,
        "month": 10,
        "day": 19
      },
      "time": {
        "hour": 11,
        "minute": 24,
        "second": 11,
        "nano": 0
      }
    },
    "citySender": "Одеса",
    "cityRecipient": "Вознесенськ"
  },
  {
    "number": 59000456102750,
    "dateTime": {
      "date": {
        "year": 2019,
        "month": 10,
        "day": 19
      },
      "time": {
        "hour": 11,
        "minute": 24,
        "second": 0,
        "nano": 0
      }
    },
    "citySender": "Сарни",
    "cityRecipient": "Львів"
  },
  {
    "number": 59000456102751,
    "dateTime": {
      "date": {
        "year": 2019,
        "month": 10,
        "day": 19
      },
      "time": {
        "hour": 11,
        "minute": 24,
        "second": 48,
        "nano": 0
      }
    },
    "citySender": "Краматорськ",
    "cityRecipient": "Куп\u0027янськ"
  },
  {
    "number": 59000456102752,
    "dateTime": {
      "date": {
        "year": 2019,
        "month": 10,
        "day": 19
      },
      "time": {
        "hour": 11,
        "minute": 23,
        "second": 47,
        "nano": 0
      }
    },
    "citySender": "Новоград-Волинський",
    "cityRecipient": "Новотроїцьке (Херсонська обл.)"
  },
  {
    "number": 59000456102753,
    "dateTime": {
      "date": {
        "year": 2019,
        "month": 10,
        "day": 19
      },
      "time": {
        "hour": 11,
        "minute": 24,
        "second": 47,
        "nano": 0
      }
    },
    "citySender": "Одеса",
    "cityRecipient": "Дніпро"
  },
  {
    "number": 59000456102754,
    "dateTime": {
      "date": {
        "year": 2019,
        "month": 10,
        "day": 19
      },
      "time": {
        "hour": 11,
        "minute": 24,
        "second": 36,
        "nano": 0
      }
    },
    "citySender": "Харків",
    "cityRecipient": "Одеса"
  },
  {
    "number": 59000456102755,
    "dateTime": {
      "date": {
        "year": 2019,
        "month": 10,
        "day": 19
      },
      "time": {
        "hour": 11,
        "minute": 24,
        "second": 51,
        "nano": 0
      }
    },
    "citySender": "Київ",
    "cityRecipient": "Івано-Франківськ"
  },
  {
    "number": 59000456102756,
    "dateTime": {
      "date": {
        "year": 2019,
        "month": 10,
        "day": 19
      },
      "time": {
        "hour": 11,
        "minute": 24,
        "second": 30,
        "nano": 0
      }
    },
    "citySender": "Київ",
    "cityRecipient": "Макарів"
  },
  {
    "number": 59000456102757,
    "dateTime": {
      "date": {
        "year": 2019,
        "month": 10,
        "day": 19
      },
      "time": {
        "hour": 11,
        "minute": 24,
        "second": 51,
        "nano": 0
      }
    },
    "citySender": "Вінницькі Хутори",
    "cityRecipient": "Попільня"
  },
  {
    "number": 59000456102758,
    "dateTime": {
      "date": {
        "year": 2019,
        "month": 10,
        "day": 19
      },
      "time": {
        "hour": 11,
        "minute": 23,
        "second": 50,
        "nano": 0
      }
    },
    "citySender": "Маріуполь",
    "cityRecipient": "Київ"
  },
  {
    "number": 59000456102759,
    "dateTime": {
      "date": {
        "year": 2019,
        "month": 10,
        "day": 19
      },
      "time": {
        "hour": 11,
        "minute": 24,
        "second": 45,
        "nano": 0
      }
    },
    "citySender": "Сватове",
    "cityRecipient": "Сєвєродонецьк"
  },
  {
    "number": 59000456102761,
    "dateTime": {
      "date": {
        "year": 2019,
        "month": 10,
        "day": 19
      },
      "time": {
        "hour": 11,
        "minute": 24,
        "second": 39,
        "nano": 0
      }
    },
    "citySender": "Білицьке(Донецька обл.)",
    "cityRecipient": "Івано-Франківськ"
  },
  {
    "number": 59000456102762,
    "dateTime": {
      "date": {
        "year": 2019,
        "month": 10,
        "day": 19
      },
      "time": {
        "hour": 11,
        "minute": 24,
        "second": 48,
        "nano": 0
      }
    },
    "citySender": "Боярка",
    "cityRecipient": "Київ"
  },
  {
    "number": 59000456102763,
    "dateTime": {
      "date": {
        "year": 2019,
        "month": 10,
        "day": 19
      },
      "time": {
        "hour": 11,
        "minute": 24,
        "second": 52,
        "nano": 0
      }
    },
    "citySender": "Красноград (Харківська обл)",
    "cityRecipient": "Харків"
  },
  {
    "number": 59000456102764,
    "dateTime": {
      "date": {
        "year": 2019,
        "month": 10,
        "day": 19
      },
      "time": {
        "hour": 11,
        "minute": 24,
        "second": 31,
        "nano": 0
      }
    },
    "citySender": "Червоноград (Львівська обл.)",
    "cityRecipient": "Мішково-Погорілове"
  },
  {
    "number": 59000456102765,
    "dateTime": {
      "date": {
        "year": 2019,
        "month": 10,
        "day": 19
      },
      "time": {
        "hour": 11,
        "minute": 24,
        "second": 29,
        "nano": 0
      }
    },
    "citySender": "Виноградів",
    "cityRecipient": "Маріуполь"
  },
  {
    "number": 59000456102766,
    "dateTime": {
      "date": {
        "year": 2019,
        "month": 10,
        "day": 19
      },
      "time": {
        "hour": 11,
        "minute": 24,
        "second": 11,
        "nano": 0
      }
    },
    "citySender": "Харків",
    "cityRecipient": "Дніпро"
  },
  {
    "number": 59000456102767,
    "dateTime": {
      "date": {
        "year": 2019,
        "month": 10,
        "day": 19
      },
      "time": {
        "hour": 11,
        "minute": 24,
        "second": 47,
        "nano": 0
      }
    },
    "citySender": "Дніпро",
    "cityRecipient": "Дніпро"
  },
  {
    "number": 59000456102768,
    "dateTime": {
      "date": {
        "year": 2019,
        "month": 10,
        "day": 19
      },
      "time": {
        "hour": 11,
        "minute": 24,
        "second": 27,
        "nano": 0
      }
    },
    "citySender": "Кременчук",
    "cityRecipient": "Куп\u0027янськ"
  },
  {
    "number": 59000456102769,
    "dateTime": {
      "date": {
        "year": 2019,
        "month": 10,
        "day": 19
      },
      "time": {
        "hour": 11,
        "minute": 24,
        "second": 16,
        "nano": 0
      }
    },
    "citySender": "Одеса",
    "cityRecipient": "Харків"
  },
  {
    "number": 59000456102770,
    "dateTime": {
      "date": {
        "year": 2019,
        "month": 10,
        "day": 19
      },
      "time": {
        "hour": 11,
        "minute": 24,
        "second": 14,
        "nano": 0
      }
    },
    "citySender": "Львів",
    "cityRecipient": "Івано-Франківськ"
  },
  {
    "number": 59000456102771,
    "dateTime": {
      "date": {
        "year": 2019,
        "month": 10,
        "day": 19
      },
      "time": {
        "hour": 11,
        "minute": 24,
        "second": 29,
        "nano": 0
      }
    },
    "citySender": "Вінниця",
    "cityRecipient": "Маріуполь"
  },
  {
    "number": 59000456102772,
    "dateTime": {
      "date": {
        "year": 2019,
        "month": 10,
        "day": 19
      },
      "time": {
        "hour": 11,
        "minute": 24,
        "second": 54,
        "nano": 0
      }
    },
    "citySender": "Запоріжжя",
    "cityRecipient": "Харків"
  },
  {
    "number": 59000456102773,
    "dateTime": {
      "date": {
        "year": 2019,
        "month": 10,
        "day": 19
      },
      "time": {
        "hour": 11,
        "minute": 24,
        "second": 10,
        "nano": 0
      }
    },
    "citySender": "Одеса",
    "cityRecipient": "Маріуполь"
  },
  {
    "number": 59000456102774,
    "dateTime": {
      "date": {
        "year": 2019,
        "month": 10,
        "day": 19
      },
      "time": {
        "hour": 11,
        "minute": 24,
        "second": 42,
        "nano": 0
      }
    },
    "citySender": "Біла Церква",
    "cityRecipient": "Переяслав-Хмельницький"
  },
  {
    "number": 59000456102775,
    "dateTime": {
      "date": {
        "year": 2019,
        "month": 10,
        "day": 19
      },
      "time": {
        "hour": 11,
        "minute": 24,
        "second": 41,
        "nano": 0
      }
    },
    "citySender": "Зміїв",
    "cityRecipient": "Київ"
  },
  {
    "number": 59000456102776,
    "dateTime": {
      "date": {
        "year": 2019,
        "month": 10,
        "day": 19
      },
      "time": {
        "hour": 11,
        "minute": 24,
        "second": 55,
        "nano": 0
      }
    },
    "citySender": "Почаїв",
    "cityRecipient": "Ірпінь"
  },
  {
    "number": 59000456102777,
    "dateTime": {
      "date": {
        "year": 2019,
        "month": 10,
        "day": 19
      },
      "time": {
        "hour": 11,
        "minute": 24,
        "second": 31,
        "nano": 0
      }
    },
    "citySender": "Київ",
    "cityRecipient": "Маріуполь"
  },
  {
    "number": 59000456102778,
    "dateTime": {
      "date": {
        "year": 2019,
        "month": 10,
        "day": 19
      },
      "time": {
        "hour": 11,
        "minute": 23,
        "second": 5,
        "nano": 0
      }
    },
    "citySender": "Рогань(Велика Рогань)",
    "cityRecipient": "Бровари"
  },
  {
    "number": 59000456102779,
    "dateTime": {
      "date": {
        "year": 2019,
        "month": 10,
        "day": 19
      },
      "time": {
        "hour": 11,
        "minute": 24,
        "second": 43,
        "nano": 0
      }
    },
    "citySender": "Київ",
    "cityRecipient": "Атюша"
  },
  {
    "number": 59000456102780,
    "dateTime": {
      "date": {
        "year": 2019,
        "month": 10,
        "day": 19
      },
      "time": {
        "hour": 11,
        "minute": 24,
        "second": 42,
        "nano": 0
      }
    },
    "citySender": "Урзуф",
    "cityRecipient": "Харків"
  },
  {
    "number": 59000456102781,
    "dateTime": {
      "date": {
        "year": 2019,
        "month": 10,
        "day": 19
      },
      "time": {
        "hour": 11,
        "minute": 24,
        "second": 56,
        "nano": 0
      }
    },
    "citySender": "Житомир",
    "cityRecipient": "Житомир"
  },
  {
    "number": 59000456102782,
    "dateTime": {
      "date": {
        "year": 2019,
        "month": 10,
        "day": 19
      },
      "time": {
        "hour": 11,
        "minute": 24,
        "second": 57,
        "nano": 0
      }
    },
    "citySender": "Южне",
    "cityRecipient": "Київ"
  }
]