[
  {
    "number": 59000456072999,
    "dateTime": {
      "date": {
        "year": 2019,
        "month": 10,
        "day": 19
      },
      "time": {
        "hour": 9,
        "minute": 15,
        "second": 48,
        "nano": 0
      }
    },
    "citySender": "Гончарівське",
    "cityRecipient": "Київ"
  },
  {
    "number": 59000456073000,
    "dateTime": {
      "date": {
        "year": 2019,
        "month": 10,
        "day": 19
      },
      "time": {
        "hour": 9,
        "minute": 15,
        "second": 22,
        "nano": 0
      }
    },
    "citySender": "Одеса",
    "cityRecipient": "Курахове"
  },
  {
    "number": 59000456073001,
    "dateTime": {
      "date": {
        "year": 2019,
        "month": 10,
        "day": 19
      },
      "time": {
        "hour": 9,
        "minute": 15,
        "second": 45,
        "nano": 0
      }
    },
    "citySender": "Давидів",
    "cityRecipient": "Сторожинець"
  },
  {
    "number": 59000456073002,
    "dateTime": {
      "date": {
        "year": 2019,
        "month": 10,
        "day": 19
      },
      "time": {
        "hour": 9,
        "minute": 14,
        "second": 20,
        "nano": 0
      }
    },
    "citySender": "Зачепилівка",
    "cityRecipient": "Харків"
  },
  {
    "number": 59000456073003,
    "dateTime": {
      "date": {
        "year": 2019,
        "month": 10,
        "day": 19
      },
      "time": {
        "hour": 9,
        "minute": 15,
        "second": 49,
        "nano": 0
      }
    },
    "citySender": "Вишково",
    "cityRecipient": "Львів"
  },
  {
    "number": 59000456073004,
    "dateTime": {
      "date": {
        "year": 2019,
        "month": 10,
        "day": 19
      },
      "time": {
        "hour": 9,
        "minute": 15,
        "second": 49,
        "nano": 0
      }
    },
    "citySender": "Кременчук",
    "cityRecipient": "Київ"
  },
  {
    "number": 59000456073005,
    "dateTime": {
      "date": {
        "year": 2019,
        "month": 10,
        "day": 19
      },
      "time": {
        "hour": 9,
        "minute": 15,
        "second": 17,
        "nano": 0
      }
    },
    "citySender": "Великі Сорочинці",
    "cityRecipient": "Київ"
  },
  {
    "number": 59000456073006,
    "dateTime": {
      "date": {
        "year": 2019,
        "month": 10,
        "day": 19
      },
      "time": {
        "hour": 9,
        "minute": 15,
        "second": 49,
        "nano": 0
      }
    },
    "citySender": "Бердичів",
    "cityRecipient": "Київ"
  },
  {
    "number": 59000456073007,
    "dateTime": {
      "date": {
        "year": 2019,
        "month": 10,
        "day": 19
      },
      "time": {
        "hour": 9,
        "minute": 15,
        "second": 28,
        "nano": 0
      }
    },
    "citySender": "Суми",
    "cityRecipient": "Переяслав-Хмельницький"
  },
  {
    "number": 59000456073008,
    "dateTime": {
      "date": {
        "year": 2019,
        "month": 10,
        "day": 19
      },
      "time": {
        "hour": 9,
        "minute": 15,
        "second": 43,
        "nano": 0
      }
    },
    "citySender": "Голубівка",
    "cityRecipient": "Сновськ"
  },
  {
    "number": 59000456073009,
    "dateTime": {
      "date": {
        "year": 2019,
        "month": 10,
        "day": 19
      },
      "time": {
        "hour": 9,
        "minute": 15,
        "second": 46,
        "nano": 0
      }
    },
    "citySender": "Львів",
    "cityRecipient": "Великі Мости"
  },
  {
    "number": 59000456073010,
    "dateTime": {
      "date": {
        "year": 2019,
        "month": 10,
        "day": 19
      },
      "time": {
        "hour": 9,
        "minute": 15,
        "second": 39,
        "nano": 0
      }
    },
    "citySender": "Кривий Ріг",
    "cityRecipient": "Кропивницький"
  },
  {
    "number": 59000456073011,
    "dateTime": {
      "date": {
        "year": 2019,
        "month": 10,
        "day": 19
      },
      "time": {
        "hour": 9,
        "minute": 15,
        "second": 50,
        "nano": 0
      }
    },
    "citySender": "Харків",
    "cityRecipient": "Київ"
  },
  {
    "number": 59000456073012,
    "dateTime": {
      "date": {
        "year": 2019,
        "month": 10,
        "day": 19
      },
      "time": {
        "hour": 9,
        "minute": 15,
        "second": 51,
        "nano": 0
      }
    },
    "citySender": "Лубни",
    "cityRecipient": "Вільне (Криворізький р-н)"
  },
  {
    "number": 59000456073013,
    "dateTime": {
      "date": {
        "year": 2019,
        "month": 10,
        "day": 19
      },
      "time": {
        "hour": 9,
        "minute": 15,
        "second": 41,
        "nano": 0
      }
    },
    "citySender": "Київ",
    "cityRecipient": "Тальне"
  },
  {
    "number": 59000456073014,
    "dateTime": {
      "date": {
        "year": 2019,
        "month": 10,
        "day": 19
      },
      "time": {
        "hour": 9,
        "minute": 15,
        "second": 51,
        "nano": 0
      }
    },
    "citySender": "Львів",
    "cityRecipient": "Одеса"
  },
  {
    "number": 59000456073015,
    "dateTime": {
      "date": {
        "year": 2019,
        "month": 10,
        "day": 19
      },
      "time": {
        "hour": 9,
        "minute": 14,
        "second": 50,
        "nano": 0
      }
    },
    "citySender": "Андріївка (Балаклійський р-н)",
    "cityRecipient": "Харків"
  },
  {
    "number": 59000456073016,
    "dateTime": {
      "date": {
        "year": 2019,
        "month": 10,
        "day": 19
      },
      "time": {
        "hour": 9,
        "minute": 15,
        "second": 34,
        "nano": 0
      }
    },
    "citySender": "Мелітополь",
    "cityRecipient": "Калинівка(Васильківський р-н.)"
  },
  {
    "number": 59000456073017,
    "dateTime": {
      "date": {
        "year": 2019,
        "month": 10,
        "day": 19
      },
      "time": {
        "hour": 9,
        "minute": 15,
        "second": 1,
        "nano": 0
      }
    },
    "citySender": "Суми",
    "cityRecipient": "Червоноград (Львівська обл.)"
  },
  {
    "number": 59000456073018,
    "dateTime": {
      "date": {
        "year": 2019,
        "month": 10,
        "day": 19
      },
      "time": {
        "hour": 9,
        "minute": 15,
        "second": 14,
        "nano": 0
      }
    },
    "citySender": "Краматорськ",
    "cityRecipient": "Бахмут"
  },
  {
    "number": 59000456073019,
    "dateTime": {
      "date": {
        "year": 2019,
        "month": 10,
        "day": 19
      },
      "time": {
        "hour": 9,
        "minute": 15,
        "second": 12,
        "nano": 0
      }
    },
    "citySender": "Бар",
    "cityRecipient": "Київ"
  },
  {
    "number": 59000456073020,
    "dateTime": {
      "date": {
        "year": 2019,
        "month": 10,
        "day": 19
      },
      "time": {
        "hour": 9,
        "minute": 15,
        "second": 52,
        "nano": 0
      }
    },
    "citySender": "Полтава",
    "cityRecipient": "Одеса"
  },
  {
    "number": 59000456073021,
    "dateTime": {
      "date": {
        "year": 2019,
        "month": 10,
        "day": 19
      },
      "time": {
        "hour": 9,
        "minute": 15,
        "second": 25,
        "nano": 0
      }
    },
    "citySender": "Краматорськ",
    "cityRecipient": "Київ"
  },
  {
    "number": 59000456073022,
    "dateTime": {
      "date": {
        "year": 2019,
        "month": 10,
        "day": 19
      },
      "time": {
        "hour": 9,
        "minute": 14,
        "second": 44,
        "nano": 0
      }
    },
    "citySender": "Білгород-Дністровський",
    "cityRecipient": "Тернопіль"
  },
  {
    "number": 59000456073023,
    "dateTime": {
      "date": {
        "year": 2019,
        "month": 10,
        "day": 19
      },
      "time": {
        "hour": 9,
        "minute": 14,
        "second": 34,
        "nano": 0
      }
    },
    "citySender": "Донське",
    "cityRecipient": "Бровари"
  },
  {
    "number": 59000456073024,
    "dateTime": {
      "date": {
        "year": 2019,
        "month": 10,
        "day": 19
      },
      "time": {
        "hour": 9,
        "minute": 14,
        "second": 45,
        "nano": 0
      }
    },
    "citySender": "Згурівка",
    "cityRecipient": "Виноградів"
  },
  {
    "number": 59000456073025,
    "dateTime": {
      "date": {
        "year": 2019,
        "month": 10,
        "day": 19
      },
      "time": {
        "hour": 9,
        "minute": 15,
        "second": 29,
        "nano": 0
      }
    },
    "citySender": "Кривий Ріг",
    "cityRecipient": "Київ"
  },
  {
    "number": 59000456073026,
    "dateTime": {
      "date": {
        "year": 2019,
        "month": 10,
        "day": 19
      },
      "time": {
        "hour": 9,
        "minute": 15,
        "second": 42,
        "nano": 0
      }
    },
    "citySender": "Чернігів",
    "cityRecipient": "Ірпінь"
  },
  {
    "number": 59000456073027,
    "dateTime": {
      "date": {
        "year": 2019,
        "month": 10,
        "day": 19
      },
      "time": {
        "hour": 9,
        "minute": 15,
        "second": 10,
        "nano": 0
      }
    },
    "citySender": "Краматорськ",
    "cityRecipient": "Київ"
  },
  {
    "number": 59000456073028,
    "dateTime": {
      "date": {
        "year": 2019,
        "month": 10,
        "day": 19
      },
      "time": {
        "hour": 9,
        "minute": 15,
        "second": 54,
        "nano": 0
      }
    },
    "citySender": "Турбів",
    "cityRecipient": "Вільне (Криворізький р-н)"
  },
  {
    "number": 59000456073029,
    "dateTime": {
      "date": {
        "year": 2019,
        "month": 10,
        "day": 19
      },
      "time": {
        "hour": 9,
        "minute": 12,
        "second": 49,
        "nano": 0
      }
    },
    "citySender": "Старомлинівка",
    "cityRecipient": "Нова Каховка"
  },
  {
    "number": 59000456073030,
    "dateTime": {
      "date": {
        "year": 2019,
        "month": 10,
        "day": 19
      },
      "time": {
        "hour": 9,
        "minute": 15,
        "second": 35,
        "nano": 0
      }
    },
    "citySender": "Новгородське (Донецька обл.)",
    "cityRecipient": "Урзуф"
  },
  {
    "number": 59000456073031,
    "dateTime": {
      "date": {
        "year": 2019,
        "month": 10,
        "day": 19
      },
      "time": {
        "hour": 9,
        "minute": 15,
        "second": 28,
        "nano": 0
      }
    },
    "citySender": "Токмак",
    "cityRecipient": "Черкаси"
  },
  {
    "number": 59000456073034,
    "dateTime": {
      "date": {
        "year": 2019,
        "month": 10,
        "day": 19
      },
      "time": {
        "hour": 9,
        "minute": 15,
        "second": 45,
        "nano": 0
      }
    },
    "citySender": "Добропілля",
    "cityRecipient": "Дніпро"
  },
  {
    "number": 59000456073035,
    "dateTime": {
      "date": {
        "year": 2019,
        "month": 10,
        "day": 19
      },
      "time": {
        "hour": 9,
        "minute": 15,
        "second": 48,
        "nano": 0
      }
    },
    "citySender": "Павлоград",
    "cityRecipient": "Дніпро"
  },
  {
    "number": 59000456073036,
    "dateTime": {
      "date": {
        "year": 2019,
        "month": 10,
        "day": 19
      },
      "time": {
        "hour": 9,
        "minute": 15,
        "second": 38,
        "nano": 0
      }
    },
    "citySender": "Івано-Франківськ",
    "cityRecipient": "Київ"
  },
  {
    "number": 59000456073037,
    "dateTime": {
      "date": {
        "year": 2019,
        "month": 10,
        "day": 19
      },
      "time": {
        "hour": 9,
        "minute": 15,
        "second": 53,
        "nano": 0
      }
    },
    "citySender": "Київ",
    "cityRecipient": "Київ"
  },
  {
    "number": 59000456073038,
    "dateTime": {
      "date": {
        "year": 2019,
        "month": 10,
        "day": 19
      },
      "time": {
        "hour": 9,
        "minute": 15,
        "second": 56,
        "nano": 0
      }
    },
    "citySender": "Голованівськ",
    "cityRecipient": "Новоархангельськ"
  },
  {
    "number": 59000456073039,
    "dateTime": {
      "date": {
        "year": 2019,
        "month": 10,
        "day": 19
      },
      "time": {
        "hour": 9,
        "minute": 15,
        "second": 58,
        "nano": 0
      }
    },
    "citySender": "Криве Озеро",
    "cityRecipient": "Запоріжжя"
  },
  {
    "number": 59000456073040,
    "dateTime": {
      "date": {
        "year": 2019,
        "month": 10,
        "day": 19
      },
      "time": {
        "hour": 9,
        "minute": 15,
        "second": 21,
        "nano": 0
      }
    },
    "citySender": "Глухів (Сумська обл.)",
    "cityRecipient": "Суми"
  },
  {
    "number": 59000456073041,
    "dateTime": {
      "date": {
        "year": 2019,
        "month": 10,
        "day": 19
      },
      "time": {
        "hour": 9,
        "minute": 15,
        "second": 59,
        "nano": 0
      }
    },
    "citySender": "Середнє Водяне",
    "cityRecipient": "Київ"
  },
  {
    "number": 59000456073042,
    "dateTime": {
      "date": {
        "year": 2019,
        "month": 10,
        "day": 19
      },
      "time": {
        "hour": 9,
        "minute": 15,
        "second": 19,
        "nano": 0
      }
    },
    "citySender": "Кривий Ріг",
    "cityRecipient": "Тернопіль"
  },
  {
    "number": 59000456073043,
    "dateTime": {
      "date": {
        "year": 2019,
        "month": 10,
        "day": 19
      },
      "time": {
        "hour": 9,
        "minute": 14,
        "second": 27,
        "nano": 0
      }
    },
    "citySender": "Городенка",
    "cityRecipient": "Шостка"
  },
  {
    "number": 59000456073045,
    "dateTime": {
      "date": {
        "year": 2019,
        "month": 10,
        "day": 19
      },
      "time": {
        "hour": 9,
        "minute": 15,
        "second": 19,
        "nano": 0
      }
    },
    "citySender": "Вінниця",
    "cityRecipient": "Біла"
  },
  {
    "number": 59000456073046,
    "dateTime": {
      "date": {
        "year": 2019,
        "month": 10,
        "day": 19
      },
      "time": {
        "hour": 9,
        "minute": 16,
        "second": 0,
        "nano": 0
      }
    },
    "citySender": "Кодима",
    "cityRecipient": "Чорноморськ"
  },
  {
    "number": 59000456073047,
    "dateTime": {
      "date": {
        "year": 2019,
        "month": 10,
        "day": 19
      },
      "time": {
        "hour": 9,
        "minute": 16,
        "second": 2,
        "nano": 0
      }
    },
    "citySender": "Осипенко(Бердянський р-н)",
    "cityRecipient": "Київ"
  },
  {
    "number": 59000456073048,
    "dateTime": {
      "date": {
        "year": 2019,
        "month": 10,
        "day": 19
      },
      "time": {
        "hour": 9,
        "minute": 15,
        "second": 55,
        "nano": 0
      }
    },
    "citySender": "Іспас",
    "cityRecipient": "Коломия"
  },
  {
    "number": 59000456073049,
    "dateTime": {
      "date": {
        "year": 2019,
        "month": 10,
        "day": 19
      },
      "time": {
        "hour": 9,
        "minute": 15,
        "second": 24,
        "nano": 0
      }
    },
    "citySender": "Стрий",
    "cityRecipient": "Київ"
  },
  {
    "number": 59000456073050,
    "dateTime": {
      "date": {
        "year": 2019,
        "month": 10,
        "day": 19
      },
      "time": {
        "hour": 9,
        "minute": 13,
        "second": 3,
        "nano": 0
      }
    },
    "citySender": "Маріуполь",
    "cityRecipient": "Ямпіль (Вінницька обл.)"
  },
  {
    "number": 59000456073051,
    "dateTime": {
      "date": {
        "year": 2019,
        "month": 10,
        "day": 19
      },
      "time": {
        "hour": 9,
        "minute": 15,
        "second": 20,
        "nano": 0
      }
    },
    "citySender": "Кам\u0027янське(Дніпропетровська обл)",
    "cityRecipient": "Новгородське (Донецька обл.)"
  },
  {
    "number": 59000456073052,
    "dateTime": {
      "date": {
        "year": 2019,
        "month": 10,
        "day": 19
      },
      "time": {
        "hour": 9,
        "minute": 15,
        "second": 57,
        "nano": 0
      }
    },
    "citySender": "Рівне",
    "cityRecipient": "Львів"
  },
  {
    "number": 59000456073054,
    "dateTime": {
      "date": {
        "year": 2019,
        "month": 10,
        "day": 19
      },
      "time": {
        "hour": 9,
        "minute": 16,
        "second": 3,
        "nano": 0
      }
    },
    "citySender": "Бородянка",
    "cityRecipient": "Київ"
  },
  {
    "number": 59000456073055,
    "dateTime": {
      "date": {
        "year": 2019,
        "month": 10,
        "day": 19
      },
      "time": {
        "hour": 9,
        "minute": 16,
        "second": 3,
        "nano": 0
      }
    },
    "citySender": "Вербки (Дніпропетровська обл.)",
    "cityRecipient": "Київ"
  },
  {
    "number": 59000456073056,
    "dateTime": {
      "date": {
        "year": 2019,
        "month": 10,
        "day": 19
      },
      "time": {
        "hour": 9,
        "minute": 14,
        "second": 32,
        "nano": 0
      }
    },
    "citySender": "Сарни",
    "cityRecipient": "Житомир"
  },
  {
    "number": 59000456073057,
    "dateTime": {
      "date": {
        "year": 2019,
        "month": 10,
        "day": 19
      },
      "time": {
        "hour": 9,
        "minute": 16,
        "second": 4,
        "nano": 0
      }
    },
    "citySender": "Львів",
    "cityRecipient": "Київ"
  },
  {
    "number": 59000456073058,
    "dateTime": {
      "date": {
        "year": 2019,
        "month": 10,
        "day": 19
      },
      "time": {
        "hour": 9,
        "minute": 15,
        "second": 42,
        "nano": 0
      }
    },
    "citySender": "Олександрія (м.Кіровогр.обл.райц)",
    "cityRecipient": "Харків"
  },
  {
    "number": 59000456073059,
    "dateTime": {
      "date": {
        "year": 2019,
        "month": 10,
        "day": 19
      },
      "time": {
        "hour": 9,
        "minute": 16,
        "second": 4,
        "nano": 0
      }
    },
    "citySender": "Авіаторське",
    "cityRecipient": "Кременчук"
  },
  {
    "number": 59000456073060,
    "dateTime": {
      "date": {
        "year": 2019,
        "month": 10,
        "day": 19
      },
      "time": {
        "hour": 9,
        "minute": 16,
        "second": 4,
        "nano": 0
      }
    },
    "citySender": "Немирів (Вінницька обл.)",
    "cityRecipient": "Київ"
  },
  {
    "number": 59000456073061,
    "dateTime": {
      "date": {
        "year": 2019,
        "month": 10,
        "day": 19
      },
      "time": {
        "hour": 9,
        "minute": 16,
        "second": 1,
        "nano": 0
      }
    },
    "citySender": "Жовті Води",
    "cityRecipient": "Київ"
  },
  {
    "number": 59000456073062,
    "dateTime": {
      "date": {
        "year": 2019,
        "month": 10,
        "day": 19
      },
      "time": {
        "hour": 9,
        "minute": 15,
        "second": 40,
        "nano": 0
      }
    },
    "citySender": "Станіславчик",
    "cityRecipient": "Косів"
  },
  {
    "number": 59000456073063,
    "dateTime": {
      "date": {
        "year": 2019,
        "month": 10,
        "day": 19
      },
      "time": {
        "hour": 9,
        "minute": 15,
        "second": 37,
        "nano": 0
      }
    },
    "citySender": "Івано-Франківськ",
    "cityRecipient": "Вишгород"
  },
  {
    "number": 59000456073064,
    "dateTime": {
      "date": {
        "year": 2019,
        "month": 10,
        "day": 19
      },
      "time": {
        "hour": 9,
        "minute": 16,
        "second": 5,
        "nano": 0
      }
    },
    "citySender": "Київ",
    "cityRecipient": "Рівне"
  },
  {
    "number": 59000456073065,
    "dateTime": {
      "date": {
        "year": 2019,
        "month": 10,
        "day": 19
      },
      "time": {
        "hour": 9,
        "minute": 15,
        "second": 32,
        "nano": 0
      }
    },
    "citySender": "Краматорськ",
    "cityRecipient": "Київ"
  },
  {
    "number": 59000456073066,
    "dateTime": {
      "date": {
        "year": 2019,
        "month": 10,
        "day": 19
      },
      "time": {
        "hour": 9,
        "minute": 16,
        "second": 3,
        "nano": 0
      }
    },
    "citySender": "Київ",
    "cityRecipient": "Київ"
  },
  {
    "number": 59000456073067,
    "dateTime": {
      "date": {
        "year": 2019,
        "month": 10,
        "day": 19
      },
      "time": {
        "hour": 9,
        "minute": 14,
        "second": 47,
        "nano": 0
      }
    },
    "citySender": "Кельменці",
    "cityRecipient": "Сторожинець"
  },
  {
    "number": 59000456073068,
    "dateTime": {
      "date": {
        "year": 2019,
        "month": 10,
        "day": 19
      },
      "time": {
        "hour": 9,
        "minute": 16,
        "second": 7,
        "nano": 0
      }
    },
    "citySender": "Полтава",
    "cityRecipient": "Золочів (Львівська обл.)"
  },
  {
    "number": 59000456073069,
    "dateTime": {
      "date": {
        "year": 2019,
        "month": 10,
        "day": 19
      },
      "time": {
        "hour": 9,
        "minute": 15,
        "second": 30,
        "nano": 0
      }
    },
    "citySender": "Зборів",
    "cityRecipient": "Знам\u0027янка (Кіровоградська обл.)"
  },
  {
    "number": 59000456073070,
    "dateTime": {
      "date": {
        "year": 2019,
        "month": 10,
        "day": 19
      },
      "time": {
        "hour": 9,
        "minute": 16,
        "second": 7,
        "nano": 0
      }
    },
    "citySender": "Городок(Львівська обл.)",
    "cityRecipient": "Київ"
  },
  {
    "number": 59000456073071,
    "dateTime": {
      "date": {
        "year": 2019,
        "month": 10,
        "day": 19
      },
      "time": {
        "hour": 9,
        "minute": 16,
        "second": 7,
        "nano": 0
      }
    },
    "citySender": "Львів",
    "cityRecipient": "Ходорів"
  },
  {
    "number": 59000456073072,
    "dateTime": {
      "date": {
        "year": 2019,
        "month": 10,
        "day": 19
      },
      "time": {
        "hour": 9,
        "minute": 14,
        "second": 38,
        "nano": 0
      }
    },
    "citySender": "Косів",
    "cityRecipient": "Білгород-Дністровський"
  },
  {
    "number": 59000456073074,
    "dateTime": {
      "date": {
        "year": 2019,
        "month": 10,
        "day": 19
      },
      "time": {
        "hour": 9,
        "minute": 14,
        "second": 34,
        "nano": 0
      }
    },
    "citySender": "Курахове",
    "cityRecipient": "Харків"
  },
  {
    "number": 59000456073075,
    "dateTime": {
      "date": {
        "year": 2019,
        "month": 10,
        "day": 19
      },
      "time": {
        "hour": 9,
        "minute": 16,
        "second": 9,
        "nano": 0
      }
    },
    "citySender": "Кам\u0027янське(Дніпропетровська обл)",
    "cityRecipient": "Харків"
  },
  {
    "number": 59000456073077,
    "dateTime": {
      "date": {
        "year": 2019,
        "month": 10,
        "day": 19
      },
      "time": {
        "hour": 9,
        "minute": 15,
        "second": 17,
        "nano": 0
      }
    },
    "citySender": "Кременчук",
    "cityRecipient": "Ірпінь"
  },
  {
    "number": 59000456073078,
    "dateTime": {
      "date": {
        "year": 2019,
        "month": 10,
        "day": 19
      },
      "time": {
        "hour": 9,
        "minute": 16,
        "second": 3,
        "nano": 0
      }
    },
    "citySender": "Житомир",
    "cityRecipient": "Житомир"
  },
  {
    "number": 59000456073080,
    "dateTime": {
      "date": {
        "year": 2019,
        "month": 10,
        "day": 19
      },
      "time": {
        "hour": 9,
        "minute": 16,
        "second": 11,
        "nano": 0
      }
    },
    "citySender": "Новодністровськ",
    "cityRecipient": "Харків"
  },
  {
    "number": 59000456073081,
    "dateTime": {
      "date": {
        "year": 2019,
        "month": 10,
        "day": 19
      },
      "time": {
        "hour": 9,
        "minute": 16,
        "second": 2,
        "nano": 0
      }
    },
    "citySender": "Київ",
    "cityRecipient": "Київ"
  },
  {
    "number": 59000456073082,
    "dateTime": {
      "date": {
        "year": 2019,
        "month": 10,
        "day": 19
      },
      "time": {
        "hour": 9,
        "minute": 16,
        "second": 2,
        "nano": 0
      }
    },
    "citySender": "Львів",
    "cityRecipient": "Житомир"
  },
  {
    "number": 59000456073083,
    "dateTime": {
      "date": {
        "year": 2019,
        "month": 10,
        "day": 19
      },
      "time": {
        "hour": 9,
        "minute": 16,
        "second": 12,
        "nano": 0
      }
    },
    "citySender": "Балаклія (Харківська обл.)",
    "cityRecipient": "Рівне"
  },
  {
    "number": 59000456073084,
    "dateTime": {
      "date": {
        "year": 2019,
        "month": 10,
        "day": 19
      },
      "time": {
        "hour": 9,
        "minute": 15,
        "second": 57,
        "nano": 0
      }
    },
    "citySender": "Одеса",
    "cityRecipient": "Одеса"
  },
  {
    "number": 59000456073085,
    "dateTime": {
      "date": {
        "year": 2019,
        "month": 10,
        "day": 19
      },
      "time": {
        "hour": 9,
        "minute": 15,
        "second": 48,
        "nano": 0
      }
    },
    "citySender": "Черкаси",
    "cityRecipient": "Костянтинівка (Донецька обл.)"
  },
  {
    "number": 59000456073086,
    "dateTime": {
      "date": {
        "year": 2019,
        "month": 10,
        "day": 19
      },
      "time": {
        "hour": 9,
        "minute": 15,
        "second": 54,
        "nano": 0
      }
    },
    "citySender": "Київ",
    "cityRecipient": "Івано-Франківськ"
  },
  {
    "number": 59000456073087,
    "dateTime": {
      "date": {
        "year": 2019,
        "month": 10,
        "day": 19
      },
      "time": {
        "hour": 9,
        "minute": 15,
        "second": 19,
        "nano": 0
      }
    },
    "citySender": "Кривий Ріг",
    "cityRecipient": "Казанка"
  },
  {
    "number": 59000456073088,
    "dateTime": {
      "date": {
        "year": 2019,
        "month": 10,
        "day": 19
      },
      "time": {
        "hour": 9,
        "minute": 16,
        "second": 12,
        "nano": 0
      }
    },
    "citySender": "Луцьк",
    "cityRecipient": "Мар\u0027їнка"
  },
  {
    "number": 59000456073089,
    "dateTime": {
      "date": {
        "year": 2019,
        "month": 10,
        "day": 19
      },
      "time": {
        "hour": 9,
        "minute": 15,
        "second": 44,
        "nano": 0
      }
    },
    "citySender": "Рафалівка",
    "cityRecipient": "Глобине"
  },
  {
    "number": 59000456073090,
    "dateTime": {
      "date": {
        "year": 2019,
        "month": 10,
        "day": 19
      },
      "time": {
        "hour": 9,
        "minute": 16,
        "second": 6,
        "nano": 0
      }
    },
    "citySender": "Чернівці",
    "cityRecipient": "Чернівці"
  },
  {
    "number": 59000456073091,
    "dateTime": {
      "date": {
        "year": 2019,
        "month": 10,
        "day": 19
      },
      "time": {
        "hour": 9,
        "minute": 16,
        "second": 14,
        "nano": 0
      }
    },
    "citySender": "Соледар",
    "cityRecipient": "Авангард"
  },
  {
    "number": 59000456073092,
    "dateTime": {
      "date": {
        "year": 2019,
        "month": 10,
        "day": 19
      },
      "time": {
        "hour": 9,
        "minute": 16,
        "second": 14,
        "nano": 0
      }
    },
    "citySender": "Дніпро",
    "cityRecipient": "Олешки(Херсонська обл)"
  },
  {
    "number": 59000456073093,
    "dateTime": {
      "date": {
        "year": 2019,
        "month": 10,
        "day": 19
      },
      "time": {
        "hour": 9,
        "minute": 15,
        "second": 43,
        "nano": 0
      }
    },
    "citySender": "Київ",
    "cityRecipient": "Харків"
  },
  {
    "number": 59000456073094,
    "dateTime": {
      "date": {
        "year": 2019,
        "month": 10,
        "day": 19
      },
      "time": {
        "hour": 9,
        "minute": 16,
        "second": 2,
        "nano": 0
      }
    },
    "citySender": "Харків",
    "cityRecipient": "Київ"
  },
  {
    "number": 59000456073095,
    "dateTime": {
      "date": {
        "year": 2019,
        "month": 10,
        "day": 19
      },
      "time": {
        "hour": 9,
        "minute": 15,
        "second": 58,
        "nano": 0
      }
    },
    "citySender": "Рогатин",
    "cityRecipient": "Київ"
  },
  {
    "number": 59000456073096,
    "dateTime": {
      "date": {
        "year": 2019,
        "month": 10,
        "day": 19
      },
      "time": {
        "hour": 9,
        "minute": 16,
        "second": 2,
        "nano": 0
      }
    },
    "citySender": "Чернігівка",
    "cityRecipient": "Кам\u0027янське(Дніпропетровська обл)"
  },
  {
    "number": 59000456073097,
    "dateTime": {
      "date": {
        "year": 2019,
        "month": 10,
        "day": 19
      },
      "time": {
        "hour": 9,
        "minute": 16,
        "second": 16,
        "nano": 0
      }
    },
    "citySender": "Турбів",
    "cityRecipient": "Хмельницький"
  },
  {
    "number": 59000456073098,
    "dateTime": {
      "date": {
        "year": 2019,
        "month": 10,
        "day": 19
      },
      "time": {
        "hour": 9,
        "minute": 16,
        "second": 4,
        "nano": 0
      }
    },
    "citySender": "Богодухів",
    "cityRecipient": "Миколаїв"
  }
]