[
  {
    "number": 59000456075499,
    "dateTime": {
      "date": {
        "year": 2019,
        "month": 10,
        "day": 19
      },
      "time": {
        "hour": 9,
        "minute": 27,
        "second": 40,
        "nano": 0
      }
    },
    "citySender": "Біла Церква",
    "cityRecipient": "Бердянськ"
  },
  {
    "number": 59000456075500,
    "dateTime": {
      "date": {
        "year": 2019,
        "month": 10,
        "day": 19
      },
      "time": {
        "hour": 9,
        "minute": 27,
        "second": 42,
        "nano": 0
      }
    },
    "citySender": "Городок (Хмельницька обл.)",
    "cityRecipient": "Київ"
  },
  {
    "number": 59000456075502,
    "dateTime": {
      "date": {
        "year": 2019,
        "month": 10,
        "day": 19
      },
      "time": {
        "hour": 9,
        "minute": 27,
        "second": 3,
        "nano": 0
      }
    },
    "citySender": "Чорнобай",
    "cityRecipient": "Нікольське (Володарський р-н., Донецька обл.)"
  },
  {
    "number": 59000456075503,
    "dateTime": {
      "date": {
        "year": 2019,
        "month": 10,
        "day": 19
      },
      "time": {
        "hour": 9,
        "minute": 27,
        "second": 43,
        "nano": 0
      }
    },
    "citySender": "Вишгород",
    "cityRecipient": "Одеса"
  },
  {
    "number": 59000456075504,
    "dateTime": {
      "date": {
        "year": 2019,
        "month": 10,
        "day": 19
      },
      "time": {
        "hour": 9,
        "minute": 26,
        "second": 36,
        "nano": 0
      }
    },
    "citySender": "Вишнівець",
    "cityRecipient": "Надвірна"
  },
  {
    "number": 59000456075505,
    "dateTime": {
      "date": {
        "year": 2019,
        "month": 10,
        "day": 19
      },
      "time": {
        "hour": 9,
        "minute": 27,
        "second": 32,
        "nano": 0
      }
    },
    "citySender": "Кривий Ріг",
    "cityRecipient": "Апостолове"
  },
  {
    "number": 59000456075506,
    "dateTime": {
      "date": {
        "year": 2019,
        "month": 10,
        "day": 19
      },
      "time": {
        "hour": 9,
        "minute": 26,
        "second": 44,
        "nano": 0
      }
    },
    "citySender": "Почаїв",
    "cityRecipient": "Краматорськ"
  },
  {
    "number": 59000456075507,
    "dateTime": {
      "date": {
        "year": 2019,
        "month": 10,
        "day": 19
      },
      "time": {
        "hour": 9,
        "minute": 26,
        "second": 51,
        "nano": 0
      }
    },
    "citySender": "Конотоп",
    "cityRecipient": "Чернігів"
  },
  {
    "number": 59000456075508,
    "dateTime": {
      "date": {
        "year": 2019,
        "month": 10,
        "day": 19
      },
      "time": {
        "hour": 9,
        "minute": 26,
        "second": 57,
        "nano": 0
      }
    },
    "citySender": "Зоря (Рівненська обл.)",
    "cityRecipient": "Чернівці"
  },
  {
    "number": 59000456075509,
    "dateTime": {
      "date": {
        "year": 2019,
        "month": 10,
        "day": 19
      },
      "time": {
        "hour": 9,
        "minute": 27,
        "second": 37,
        "nano": 0
      }
    },
    "citySender": "Глибока",
    "cityRecipient": "Тульчин"
  },
  {
    "number": 59000456075510,
    "dateTime": {
      "date": {
        "year": 2019,
        "month": 10,
        "day": 19
      },
      "time": {
        "hour": 9,
        "minute": 27,
        "second": 36,
        "nano": 0
      }
    },
    "citySender": "Фонтанка",
    "cityRecipient": "Вилкове"
  },
  {
    "number": 59000456075511,
    "dateTime": {
      "date": {
        "year": 2019,
        "month": 10,
        "day": 19
      },
      "time": {
        "hour": 9,
        "minute": 27,
        "second": 23,
        "nano": 0
      }
    },
    "citySender": "Харків",
    "cityRecipient": "Краматорськ"
  },
  {
    "number": 59000456075512,
    "dateTime": {
      "date": {
        "year": 2019,
        "month": 10,
        "day": 19
      },
      "time": {
        "hour": 9,
        "minute": 27,
        "second": 46,
        "nano": 0
      }
    },
    "citySender": "Побузьке",
    "cityRecipient": "Бровари"
  },
  {
    "number": 59000456075513,
    "dateTime": {
      "date": {
        "year": 2019,
        "month": 10,
        "day": 19
      },
      "time": {
        "hour": 9,
        "minute": 27,
        "second": 17,
        "nano": 0
      }
    },
    "citySender": "Велика Лепетиха",
    "cityRecipient": "Карлівка"
  },
  {
    "number": 59000456075514,
    "dateTime": {
      "date": {
        "year": 2019,
        "month": 10,
        "day": 19
      },
      "time": {
        "hour": 9,
        "minute": 27,
        "second": 41,
        "nano": 0
      }
    },
    "citySender": "Північне",
    "cityRecipient": "Ромни"
  },
  {
    "number": 59000456075515,
    "dateTime": {
      "date": {
        "year": 2019,
        "month": 10,
        "day": 19
      },
      "time": {
        "hour": 9,
        "minute": 27,
        "second": 24,
        "nano": 0
      }
    },
    "citySender": "Львів",
    "cityRecipient": "Чорнухи (Полтавська обл.)"
  },
  {
    "number": 59000456075516,
    "dateTime": {
      "date": {
        "year": 2019,
        "month": 10,
        "day": 19
      },
      "time": {
        "hour": 9,
        "minute": 27,
        "second": 26,
        "nano": 0
      }
    },
    "citySender": "Запоріжжя",
    "cityRecipient": "Харків"
  },
  {
    "number": 59000456075517,
    "dateTime": {
      "date": {
        "year": 2019,
        "month": 10,
        "day": 19
      },
      "time": {
        "hour": 9,
        "minute": 26,
        "second": 57,
        "nano": 0
      }
    },
    "citySender": "Калуш",
    "cityRecipient": "Київ"
  },
  {
    "number": 59000456075518,
    "dateTime": {
      "date": {
        "year": 2019,
        "month": 10,
        "day": 19
      },
      "time": {
        "hour": 9,
        "minute": 27,
        "second": 14,
        "nano": 0
      }
    },
    "citySender": "Хмільник (Вінницька обл.)",
    "cityRecipient": "Бровари"
  },
  {
    "number": 59000456075519,
    "dateTime": {
      "date": {
        "year": 2019,
        "month": 10,
        "day": 19
      },
      "time": {
        "hour": 9,
        "minute": 27,
        "second": 29,
        "nano": 0
      }
    },
    "citySender": "Нетішин",
    "cityRecipient": "Чернігів"
  },
  {
    "number": 59000456075520,
    "dateTime": {
      "date": {
        "year": 2019,
        "month": 10,
        "day": 19
      },
      "time": {
        "hour": 9,
        "minute": 27,
        "second": 48,
        "nano": 0
      }
    },
    "citySender": "Перегінське",
    "cityRecipient": "Одеса"
  },
  {
    "number": 59000456075521,
    "dateTime": {
      "date": {
        "year": 2019,
        "month": 10,
        "day": 19
      },
      "time": {
        "hour": 9,
        "minute": 27,
        "second": 29,
        "nano": 0
      }
    },
    "citySender": "Черкаси",
    "cityRecipient": "Ялта (Донецька обл.)"
  },
  {
    "number": 59000456075522,
    "dateTime": {
      "date": {
        "year": 2019,
        "month": 10,
        "day": 19
      },
      "time": {
        "hour": 9,
        "minute": 27,
        "second": 17,
        "nano": 0
      }
    },
    "citySender": "Горенка",
    "cityRecipient": "Білозерське (Донецька обл.)"
  },
  {
    "number": 59000456075523,
    "dateTime": {
      "date": {
        "year": 2019,
        "month": 10,
        "day": 19
      },
      "time": {
        "hour": 9,
        "minute": 27,
        "second": 34,
        "nano": 0
      }
    },
    "citySender": "Мелітополь",
    "cityRecipient": "Гнівань"
  },
  {
    "number": 59000456075524,
    "dateTime": {
      "date": {
        "year": 2019,
        "month": 10,
        "day": 19
      },
      "time": {
        "hour": 9,
        "minute": 26,
        "second": 48,
        "nano": 0
      }
    },
    "citySender": "Кам\u0027янка-Дніпровська (Запорізька обл.)",
    "cityRecipient": "Суми"
  },
  {
    "number": 59000456075525,
    "dateTime": {
      "date": {
        "year": 2019,
        "month": 10,
        "day": 19
      },
      "time": {
        "hour": 9,
        "minute": 27,
        "second": 40,
        "nano": 0
      }
    },
    "citySender": "Одеса",
    "cityRecipient": "Херсон"
  },
  {
    "number": 59000456075526,
    "dateTime": {
      "date": {
        "year": 2019,
        "month": 10,
        "day": 19
      },
      "time": {
        "hour": 9,
        "minute": 26,
        "second": 24,
        "nano": 0
      }
    },
    "citySender": "Миргород",
    "cityRecipient": "Київ"
  },
  {
    "number": 59000456075527,
    "dateTime": {
      "date": {
        "year": 2019,
        "month": 10,
        "day": 19
      },
      "time": {
        "hour": 9,
        "minute": 27,
        "second": 49,
        "nano": 0
      }
    },
    "citySender": "Краматорськ",
    "cityRecipient": "Чернівці"
  },
  {
    "number": 59000456075528,
    "dateTime": {
      "date": {
        "year": 2019,
        "month": 10,
        "day": 19
      },
      "time": {
        "hour": 9,
        "minute": 27,
        "second": 44,
        "nano": 0
      }
    },
    "citySender": "Харків",
    "cityRecipient": "Луцьк"
  },
  {
    "number": 59000456075529,
    "dateTime": {
      "date": {
        "year": 2019,
        "month": 10,
        "day": 19
      },
      "time": {
        "hour": 9,
        "minute": 27,
        "second": 49,
        "nano": 0
      }
    },
    "citySender": "Почаїв",
    "cityRecipient": "Білогір\u0027я"
  },
  {
    "number": 59000456075530,
    "dateTime": {
      "date": {
        "year": 2019,
        "month": 10,
        "day": 19
      },
      "time": {
        "hour": 9,
        "minute": 27,
        "second": 38,
        "nano": 0
      }
    },
    "citySender": "Попасна",
    "cityRecipient": "Старе"
  },
  {
    "number": 59000456075531,
    "dateTime": {
      "date": {
        "year": 2019,
        "month": 10,
        "day": 19
      },
      "time": {
        "hour": 9,
        "minute": 27,
        "second": 41,
        "nano": 0
      }
    },
    "citySender": "Горішні Плавні",
    "cityRecipient": "Завалля (Кіровоград. обл)"
  },
  {
    "number": 59000456075532,
    "dateTime": {
      "date": {
        "year": 2019,
        "month": 10,
        "day": 19
      },
      "time": {
        "hour": 9,
        "minute": 27,
        "second": 45,
        "nano": 0
      }
    },
    "citySender": "Пологи (Запорізька обл.)",
    "cityRecipient": "Запоріжжя"
  },
  {
    "number": 59000456075533,
    "dateTime": {
      "date": {
        "year": 2019,
        "month": 10,
        "day": 19
      },
      "time": {
        "hour": 9,
        "minute": 27,
        "second": 50,
        "nano": 0
      }
    },
    "citySender": "Скадовськ",
    "cityRecipient": "Генічеськ"
  },
  {
    "number": 59000456075534,
    "dateTime": {
      "date": {
        "year": 2019,
        "month": 10,
        "day": 19
      },
      "time": {
        "hour": 9,
        "minute": 27,
        "second": 23,
        "nano": 0
      }
    },
    "citySender": "Кривий Ріг",
    "cityRecipient": "Дніпро"
  },
  {
    "number": 59000456075535,
    "dateTime": {
      "date": {
        "year": 2019,
        "month": 10,
        "day": 19
      },
      "time": {
        "hour": 9,
        "minute": 27,
        "second": 43,
        "nano": 0
      }
    },
    "citySender": "Тальне",
    "cityRecipient": "Червоноград (Львівська обл.)"
  },
  {
    "number": 59000456075536,
    "dateTime": {
      "date": {
        "year": 2019,
        "month": 10,
        "day": 19
      },
      "time": {
        "hour": 9,
        "minute": 27,
        "second": 40,
        "nano": 0
      }
    },
    "citySender": "Дубровиця (Рівненська обл.)",
    "cityRecipient": "Богодухів"
  },
  {
    "number": 59000456075537,
    "dateTime": {
      "date": {
        "year": 2019,
        "month": 10,
        "day": 19
      },
      "time": {
        "hour": 9,
        "minute": 27,
        "second": 53,
        "nano": 0
      }
    },
    "citySender": "Дніпро",
    "cityRecipient": "Одеса"
  },
  {
    "number": 59000456075538,
    "dateTime": {
      "date": {
        "year": 2019,
        "month": 10,
        "day": 19
      },
      "time": {
        "hour": 9,
        "minute": 26,
        "second": 56,
        "nano": 0
      }
    },
    "citySender": "Вишневе",
    "cityRecipient": "Херсон"
  },
  {
    "number": 59000456075539,
    "dateTime": {
      "date": {
        "year": 2019,
        "month": 10,
        "day": 19
      },
      "time": {
        "hour": 9,
        "minute": 27,
        "second": 14,
        "nano": 0
      }
    },
    "citySender": "Косів",
    "cityRecipient": "Ніжин"
  },
  {
    "number": 59000456075540,
    "dateTime": {
      "date": {
        "year": 2019,
        "month": 10,
        "day": 19
      },
      "time": {
        "hour": 9,
        "minute": 27,
        "second": 32,
        "nano": 0
      }
    },
    "citySender": "Харків",
    "cityRecipient": "Великий Бурлук"
  },
  {
    "number": 59000456075541,
    "dateTime": {
      "date": {
        "year": 2019,
        "month": 10,
        "day": 19
      },
      "time": {
        "hour": 9,
        "minute": 26,
        "second": 51,
        "nano": 0
      }
    },
    "citySender": "Смига",
    "cityRecipient": "Дубно"
  },
  {
    "number": 59000456075542,
    "dateTime": {
      "date": {
        "year": 2019,
        "month": 10,
        "day": 19
      },
      "time": {
        "hour": 9,
        "minute": 27,
        "second": 44,
        "nano": 0
      }
    },
    "citySender": "Вугледар",
    "cityRecipient": "Бердянськ"
  },
  {
    "number": 59000456075543,
    "dateTime": {
      "date": {
        "year": 2019,
        "month": 10,
        "day": 19
      },
      "time": {
        "hour": 9,
        "minute": 26,
        "second": 58,
        "nano": 0
      }
    },
    "citySender": "Вінниця",
    "cityRecipient": "Львів"
  },
  {
    "number": 59000456075544,
    "dateTime": {
      "date": {
        "year": 2019,
        "month": 10,
        "day": 19
      },
      "time": {
        "hour": 9,
        "minute": 27,
        "second": 30,
        "nano": 0
      }
    },
    "citySender": "Лисичанськ",
    "cityRecipient": "Київ"
  },
  {
    "number": 59000456075545,
    "dateTime": {
      "date": {
        "year": 2019,
        "month": 10,
        "day": 19
      },
      "time": {
        "hour": 9,
        "minute": 27,
        "second": 47,
        "nano": 0
      }
    },
    "citySender": "Плесецьке",
    "cityRecipient": "Великий Раковець"
  },
  {
    "number": 59000456075546,
    "dateTime": {
      "date": {
        "year": 2019,
        "month": 10,
        "day": 19
      },
      "time": {
        "hour": 9,
        "minute": 27,
        "second": 54,
        "nano": 0
      }
    },
    "citySender": "Сокаль",
    "cityRecipient": "Вишневе"
  },
  {
    "number": 59000456075547,
    "dateTime": {
      "date": {
        "year": 2019,
        "month": 10,
        "day": 19
      },
      "time": {
        "hour": 9,
        "minute": 27,
        "second": 30,
        "nano": 0
      }
    },
    "citySender": "Кам\u0027янець-Подільський",
    "cityRecipient": "Вінницькі Хутори"
  },
  {
    "number": 59000456075548,
    "dateTime": {
      "date": {
        "year": 2019,
        "month": 10,
        "day": 19
      },
      "time": {
        "hour": 9,
        "minute": 27,
        "second": 44,
        "nano": 0
      }
    },
    "citySender": "Калита",
    "cityRecipient": "Одеса"
  },
  {
    "number": 59000456075549,
    "dateTime": {
      "date": {
        "year": 2019,
        "month": 10,
        "day": 19
      },
      "time": {
        "hour": 9,
        "minute": 27,
        "second": 27,
        "nano": 0
      }
    },
    "citySender": "Вишгород",
    "cityRecipient": "Київ"
  },
  {
    "number": 59000456075550,
    "dateTime": {
      "date": {
        "year": 2019,
        "month": 10,
        "day": 19
      },
      "time": {
        "hour": 9,
        "minute": 27,
        "second": 49,
        "nano": 0
      }
    },
    "citySender": "Житомир",
    "cityRecipient": "Київ"
  },
  {
    "number": 59000456075551,
    "dateTime": {
      "date": {
        "year": 2019,
        "month": 10,
        "day": 19
      },
      "time": {
        "hour": 9,
        "minute": 27,
        "second": 58,
        "nano": 0
      }
    },
    "citySender": "Боярка",
    "cityRecipient": "Бровари"
  },
  {
    "number": 59000456075552,
    "dateTime": {
      "date": {
        "year": 2019,
        "month": 10,
        "day": 19
      },
      "time": {
        "hour": 9,
        "minute": 27,
        "second": 53,
        "nano": 0
      }
    },
    "citySender": "Тернопіль",
    "cityRecipient": "Тернопіль"
  },
  {
    "number": 59000456075553,
    "dateTime": {
      "date": {
        "year": 2019,
        "month": 10,
        "day": 19
      },
      "time": {
        "hour": 9,
        "minute": 27,
        "second": 59,
        "nano": 0
      }
    },
    "citySender": "Скадовськ",
    "cityRecipient": "Львів"
  },
  {
    "number": 59000456075554,
    "dateTime": {
      "date": {
        "year": 2019,
        "month": 10,
        "day": 19
      },
      "time": {
        "hour": 9,
        "minute": 27,
        "second": 51,
        "nano": 0
      }
    },
    "citySender": "Сєвєродонецьк",
    "cityRecipient": "Харків"
  },
  {
    "number": 59000456075555,
    "dateTime": {
      "date": {
        "year": 2019,
        "month": 10,
        "day": 19
      },
      "time": {
        "hour": 9,
        "minute": 27,
        "second": 59,
        "nano": 0
      }
    },
    "citySender": "Велика Копаня (Закарпатська обл.)",
    "cityRecipient": "Херсон"
  },
  {
    "number": 59000456075556,
    "dateTime": {
      "date": {
        "year": 2019,
        "month": 10,
        "day": 19
      },
      "time": {
        "hour": 9,
        "minute": 27,
        "second": 54,
        "nano": 0
      }
    },
    "citySender": "Тернопіль",
    "cityRecipient": "Тернопіль"
  },
  {
    "number": 59000456075557,
    "dateTime": {
      "date": {
        "year": 2019,
        "month": 10,
        "day": 19
      },
      "time": {
        "hour": 9,
        "minute": 28,
        "second": 0,
        "nano": 0
      }
    },
    "citySender": "Мукачево",
    "cityRecipient": "Ілічанка"
  },
  {
    "number": 59000456075558,
    "dateTime": {
      "date": {
        "year": 2019,
        "month": 10,
        "day": 19
      },
      "time": {
        "hour": 9,
        "minute": 27,
        "second": 39,
        "nano": 0
      }
    },
    "citySender": "Чернівці",
    "cityRecipient": "Одеса"
  },
  {
    "number": 59000456075559,
    "dateTime": {
      "date": {
        "year": 2019,
        "month": 10,
        "day": 19
      },
      "time": {
        "hour": 9,
        "minute": 28,
        "second": 1,
        "nano": 0
      }
    },
    "citySender": "Скала-Подільська",
    "cityRecipient": "Рівне"
  },
  {
    "number": 59000456075560,
    "dateTime": {
      "date": {
        "year": 2019,
        "month": 10,
        "day": 19
      },
      "time": {
        "hour": 9,
        "minute": 27,
        "second": 23,
        "nano": 0
      }
    },
    "citySender": "Красноград (Харківська обл)",
    "cityRecipient": "Запоріжжя"
  },
  {
    "number": 59000456075561,
    "dateTime": {
      "date": {
        "year": 2019,
        "month": 10,
        "day": 19
      },
      "time": {
        "hour": 9,
        "minute": 27,
        "second": 43,
        "nano": 0
      }
    },
    "citySender": "Одеса",
    "cityRecipient": "Київ"
  },
  {
    "number": 59000456075562,
    "dateTime": {
      "date": {
        "year": 2019,
        "month": 10,
        "day": 19
      },
      "time": {
        "hour": 9,
        "minute": 27,
        "second": 37,
        "nano": 0
      }
    },
    "citySender": "Нова Каховка",
    "cityRecipient": "Нова Каховка"
  },
  {
    "number": 59000456075563,
    "dateTime": {
      "date": {
        "year": 2019,
        "month": 10,
        "day": 19
      },
      "time": {
        "hour": 9,
        "minute": 28,
        "second": 1,
        "nano": 0
      }
    },
    "citySender": "Нововолинськ",
    "cityRecipient": "Вишневе"
  },
  {
    "number": 59000456075564,
    "dateTime": {
      "date": {
        "year": 2019,
        "month": 10,
        "day": 19
      },
      "time": {
        "hour": 9,
        "minute": 28,
        "second": 2,
        "nano": 0
      }
    },
    "citySender": "Роздільна (Одеська обл.)",
    "cityRecipient": "Одеса"
  },
  {
    "number": 59000456075565,
    "dateTime": {
      "date": {
        "year": 2019,
        "month": 10,
        "day": 19
      },
      "time": {
        "hour": 9,
        "minute": 27,
        "second": 22,
        "nano": 0
      }
    },
    "citySender": "Львів",
    "cityRecipient": "Підгайці (Підгаєцький р-н., Тернопільська обл.)"
  },
  {
    "number": 59000456075566,
    "dateTime": {
      "date": {
        "year": 2019,
        "month": 10,
        "day": 19
      },
      "time": {
        "hour": 9,
        "minute": 28,
        "second": 2,
        "nano": 0
      }
    },
    "citySender": "Харків",
    "cityRecipient": "Харків"
  },
  {
    "number": 59000456075567,
    "dateTime": {
      "date": {
        "year": 2019,
        "month": 10,
        "day": 19
      },
      "time": {
        "hour": 9,
        "minute": 27,
        "second": 46,
        "nano": 0
      }
    },
    "citySender": "Вінниця",
    "cityRecipient": "Новопсков"
  },
  {
    "number": 59000456075568,
    "dateTime": {
      "date": {
        "year": 2019,
        "month": 10,
        "day": 19
      },
      "time": {
        "hour": 9,
        "minute": 27,
        "second": 54,
        "nano": 0
      }
    },
    "citySender": "Київ",
    "cityRecipient": "Ірпінь"
  },
  {
    "number": 59000456075569,
    "dateTime": {
      "date": {
        "year": 2019,
        "month": 10,
        "day": 19
      },
      "time": {
        "hour": 9,
        "minute": 28,
        "second": 3,
        "nano": 0
      }
    },
    "citySender": "Кривий Ріг",
    "cityRecipient": "Хмельницький"
  },
  {
    "number": 59000456075570,
    "dateTime": {
      "date": {
        "year": 2019,
        "month": 10,
        "day": 19
      },
      "time": {
        "hour": 9,
        "minute": 27,
        "second": 44,
        "nano": 0
      }
    },
    "citySender": "Великий Любінь",
    "cityRecipient": "Одеса"
  },
  {
    "number": 59000456075571,
    "dateTime": {
      "date": {
        "year": 2019,
        "month": 10,
        "day": 19
      },
      "time": {
        "hour": 9,
        "minute": 25,
        "second": 21,
        "nano": 0
      }
    },
    "citySender": "Гірське",
    "cityRecipient": "Бровари"
  },
  {
    "number": 59000456075572,
    "dateTime": {
      "date": {
        "year": 2019,
        "month": 10,
        "day": 19
      },
      "time": {
        "hour": 9,
        "minute": 27,
        "second": 32,
        "nano": 0
      }
    },
    "citySender": "Кривий Ріг",
    "cityRecipient": "Львів"
  },
  {
    "number": 59000456075573,
    "dateTime": {
      "date": {
        "year": 2019,
        "month": 10,
        "day": 19
      },
      "time": {
        "hour": 9,
        "minute": 28,
        "second": 4,
        "nano": 0
      }
    },
    "citySender": "Краматорськ",
    "cityRecipient": "Нововолинськ"
  },
  {
    "number": 59000456075574,
    "dateTime": {
      "date": {
        "year": 2019,
        "month": 10,
        "day": 19
      },
      "time": {
        "hour": 9,
        "minute": 28,
        "second": 5,
        "nano": 0
      }
    },
    "citySender": "Гельмязів",
    "cityRecipient": "Одеса"
  },
  {
    "number": 59000456075575,
    "dateTime": {
      "date": {
        "year": 2019,
        "month": 10,
        "day": 19
      },
      "time": {
        "hour": 9,
        "minute": 28,
        "second": 2,
        "nano": 0
      }
    },
    "citySender": "Костянтинівка (Донецька обл.)",
    "cityRecipient": "Вільнянськ"
  },
  {
    "number": 59000456075576,
    "dateTime": {
      "date": {
        "year": 2019,
        "month": 10,
        "day": 19
      },
      "time": {
        "hour": 9,
        "minute": 27,
        "second": 57,
        "nano": 0
      }
    },
    "citySender": "Рожнів",
    "cityRecipient": "Миколаїв"
  },
  {
    "number": 59000456075577,
    "dateTime": {
      "date": {
        "year": 2019,
        "month": 10,
        "day": 19
      },
      "time": {
        "hour": 9,
        "minute": 27,
        "second": 59,
        "nano": 0
      }
    },
    "citySender": "Львів",
    "cityRecipient": "Кременець"
  },
  {
    "number": 59000456075578,
    "dateTime": {
      "date": {
        "year": 2019,
        "month": 10,
        "day": 19
      },
      "time": {
        "hour": 9,
        "minute": 28,
        "second": 1,
        "nano": 0
      }
    },
    "citySender": "Харків",
    "cityRecipient": "Одеса"
  },
  {
    "number": 59000456075579,
    "dateTime": {
      "date": {
        "year": 2019,
        "month": 10,
        "day": 19
      },
      "time": {
        "hour": 9,
        "minute": 27,
        "second": 57,
        "nano": 0
      }
    },
    "citySender": "Київ",
    "cityRecipient": "Ружин"
  },
  {
    "number": 59000456075580,
    "dateTime": {
      "date": {
        "year": 2019,
        "month": 10,
        "day": 19
      },
      "time": {
        "hour": 9,
        "minute": 27,
        "second": 46,
        "nano": 0
      }
    },
    "citySender": "Старий Самбір",
    "cityRecipient": "Розсошенці(Полтавська обл.)"
  },
  {
    "number": 59000456075581,
    "dateTime": {
      "date": {
        "year": 2019,
        "month": 10,
        "day": 19
      },
      "time": {
        "hour": 9,
        "minute": 27,
        "second": 46,
        "nano": 0
      }
    },
    "citySender": "Харків",
    "cityRecipient": "Дніпро"
  },
  {
    "number": 59000456075582,
    "dateTime": {
      "date": {
        "year": 2019,
        "month": 10,
        "day": 19
      },
      "time": {
        "hour": 9,
        "minute": 27,
        "second": 28,
        "nano": 0
      }
    },
    "citySender": "Миргород",
    "cityRecipient": "Красногорівка"
  },
  {
    "number": 59000456075583,
    "dateTime": {
      "date": {
        "year": 2019,
        "month": 10,
        "day": 19
      },
      "time": {
        "hour": 9,
        "minute": 28,
        "second": 6,
        "nano": 0
      }
    },
    "citySender": "Сєвєродонецьк",
    "cityRecipient": "Бровари"
  },
  {
    "number": 59000456075584,
    "dateTime": {
      "date": {
        "year": 2019,
        "month": 10,
        "day": 19
      },
      "time": {
        "hour": 9,
        "minute": 28,
        "second": 6,
        "nano": 0
      }
    },
    "citySender": "Вербки (Дніпропетровська обл.)",
    "cityRecipient": "Київ"
  },
  {
    "number": 59000456075585,
    "dateTime": {
      "date": {
        "year": 2019,
        "month": 10,
        "day": 19
      },
      "time": {
        "hour": 9,
        "minute": 27,
        "second": 57,
        "nano": 0
      }
    },
    "citySender": "Кременчук",
    "cityRecipient": "Буськ"
  },
  {
    "number": 59000456075586,
    "dateTime": {
      "date": {
        "year": 2019,
        "month": 10,
        "day": 19
      },
      "time": {
        "hour": 9,
        "minute": 27,
        "second": 54,
        "nano": 0
      }
    },
    "citySender": "Новоград-Волинський",
    "cityRecipient": "Одеса"
  },
  {
    "number": 59000456075587,
    "dateTime": {
      "date": {
        "year": 2019,
        "month": 10,
        "day": 19
      },
      "time": {
        "hour": 9,
        "minute": 27,
        "second": 52,
        "nano": 0
      }
    },
    "citySender": "Київ",
    "cityRecipient": "Київ"
  },
  {
    "number": 59000456075588,
    "dateTime": {
      "date": {
        "year": 2019,
        "month": 10,
        "day": 19
      },
      "time": {
        "hour": 9,
        "minute": 28,
        "second": 8,
        "nano": 0
      }
    },
    "citySender": "Мукачево",
    "cityRecipient": "Одеса"
  },
  {
    "number": 59000456075589,
    "dateTime": {
      "date": {
        "year": 2019,
        "month": 10,
        "day": 19
      },
      "time": {
        "hour": 9,
        "minute": 27,
        "second": 53,
        "nano": 0
      }
    },
    "citySender": "Полтава",
    "cityRecipient": "Кролевець"
  },
  {
    "number": 59000456075590,
    "dateTime": {
      "date": {
        "year": 2019,
        "month": 10,
        "day": 19
      },
      "time": {
        "hour": 9,
        "minute": 27,
        "second": 46,
        "nano": 0
      }
    },
    "citySender": "Ватутіне",
    "cityRecipient": "Київ"
  },
  {
    "number": 59000456075591,
    "dateTime": {
      "date": {
        "year": 2019,
        "month": 10,
        "day": 19
      },
      "time": {
        "hour": 9,
        "minute": 27,
        "second": 44,
        "nano": 0
      }
    },
    "citySender": "Узин",
    "cityRecipient": "Харків"
  },
  {
    "number": 59000456075592,
    "dateTime": {
      "date": {
        "year": 2019,
        "month": 10,
        "day": 19
      },
      "time": {
        "hour": 9,
        "minute": 27,
        "second": 27,
        "nano": 0
      }
    },
    "citySender": "Херсон",
    "cityRecipient": "Наркевичі"
  },
  {
    "number": 59000456075593,
    "dateTime": {
      "date": {
        "year": 2019,
        "month": 10,
        "day": 19
      },
      "time": {
        "hour": 9,
        "minute": 28,
        "second": 8,
        "nano": 0
      }
    },
    "citySender": "Білгород-Дністровський",
    "cityRecipient": "Одеса"
  },
  {
    "number": 59000456075594,
    "dateTime": {
      "date": {
        "year": 2019,
        "month": 10,
        "day": 19
      },
      "time": {
        "hour": 9,
        "minute": 28,
        "second": 9,
        "nano": 0
      }
    },
    "citySender": "Запоріжжя",
    "cityRecipient": "Київ"
  },
  {
    "number": 59000456075595,
    "dateTime": {
      "date": {
        "year": 2019,
        "month": 10,
        "day": 19
      },
      "time": {
        "hour": 9,
        "minute": 27,
        "second": 39,
        "nano": 0
      }
    },
    "citySender": "Одеса",
    "cityRecipient": "Кам\u0027янське(Дніпропетровська обл)"
  },
  {
    "number": 59000456075596,
    "dateTime": {
      "date": {
        "year": 2019,
        "month": 10,
        "day": 19
      },
      "time": {
        "hour": 9,
        "minute": 28,
        "second": 9,
        "nano": 0
      }
    },
    "citySender": "Кривий Ріг",
    "cityRecipient": "Миргород"
  },
  {
    "number": 59000456075597,
    "dateTime": {
      "date": {
        "year": 2019,
        "month": 10,
        "day": 19
      },
      "time": {
        "hour": 9,
        "minute": 27,
        "second": 40,
        "nano": 0
      }
    },
    "citySender": "Краматорськ",
    "cityRecipient": "Хрестище"
  },
  {
    "number": 59000456075598,
    "dateTime": {
      "date": {
        "year": 2019,
        "month": 10,
        "day": 19
      },
      "time": {
        "hour": 9,
        "minute": 27,
        "second": 48,
        "nano": 0
      }
    },
    "citySender": "Дніпро",
    "cityRecipient": "Київ"
  }
]