[
  {
    "number": 59000456099489,
    "dateTime": {
      "date": {
        "year": 2019,
        "month": 10,
        "day": 19
      },
      "time": {
        "hour": 11,
        "minute": 11,
        "second": 50,
        "nano": 0
      }
    },
    "citySender": "Київ",
    "cityRecipient": "Київ"
  },
  {
    "number": 59000456099490,
    "dateTime": {
      "date": {
        "year": 2019,
        "month": 10,
        "day": 19
      },
      "time": {
        "hour": 11,
        "minute": 12,
        "second": 25,
        "nano": 0
      }
    },
    "citySender": "Одеса",
    "cityRecipient": "Чернігів"
  },
  {
    "number": 59000456099491,
    "dateTime": {
      "date": {
        "year": 2019,
        "month": 10,
        "day": 19
      },
      "time": {
        "hour": 11,
        "minute": 12,
        "second": 31,
        "nano": 0
      }
    },
    "citySender": "Костянтинівка (Донецька обл.)",
    "cityRecipient": "Київ"
  },
  {
    "number": 59000456099492,
    "dateTime": {
      "date": {
        "year": 2019,
        "month": 10,
        "day": 19
      },
      "time": {
        "hour": 11,
        "minute": 10,
        "second": 10,
        "nano": 0
      }
    },
    "citySender": "Стара Синява",
    "cityRecipient": "Полонне"
  },
  {
    "number": 59000456099493,
    "dateTime": {
      "date": {
        "year": 2019,
        "month": 10,
        "day": 19
      },
      "time": {
        "hour": 11,
        "minute": 12,
        "second": 27,
        "nano": 0
      }
    },
    "citySender": "Заліщики",
    "cityRecipient": "Львів"
  },
  {
    "number": 59000456099494,
    "dateTime": {
      "date": {
        "year": 2019,
        "month": 10,
        "day": 19
      },
      "time": {
        "hour": 11,
        "minute": 12,
        "second": 5,
        "nano": 0
      }
    },
    "citySender": "Київ",
    "cityRecipient": "Полонне"
  },
  {
    "number": 59000456099495,
    "dateTime": {
      "date": {
        "year": 2019,
        "month": 10,
        "day": 19
      },
      "time": {
        "hour": 11,
        "minute": 12,
        "second": 30,
        "nano": 0
      }
    },
    "citySender": "Боярка",
    "cityRecipient": "Богуслав (Дніпропетровська обл.)"
  },
  {
    "number": 59000456099496,
    "dateTime": {
      "date": {
        "year": 2019,
        "month": 10,
        "day": 19
      },
      "time": {
        "hour": 11,
        "minute": 12,
        "second": 38,
        "nano": 0
      }
    },
    "citySender": "Київ",
    "cityRecipient": "Івано-Франківськ"
  },
  {
    "number": 59000456099497,
    "dateTime": {
      "date": {
        "year": 2019,
        "month": 10,
        "day": 19
      },
      "time": {
        "hour": 11,
        "minute": 12,
        "second": 18,
        "nano": 0
      }
    },
    "citySender": "Чернігів",
    "cityRecipient": "Переяслав-Хмельницький"
  },
  {
    "number": 59000456099498,
    "dateTime": {
      "date": {
        "year": 2019,
        "month": 10,
        "day": 19
      },
      "time": {
        "hour": 11,
        "minute": 12,
        "second": 33,
        "nano": 0
      }
    },
    "citySender": "Чернігів",
    "cityRecipient": "Чернівці"
  },
  {
    "number": 59000456099499,
    "dateTime": {
      "date": {
        "year": 2019,
        "month": 10,
        "day": 19
      },
      "time": {
        "hour": 11,
        "minute": 12,
        "second": 18,
        "nano": 0
      }
    },
    "citySender": "Одеса",
    "cityRecipient": "Полтава"
  },
  {
    "number": 59000456099500,
    "dateTime": {
      "date": {
        "year": 2019,
        "month": 10,
        "day": 19
      },
      "time": {
        "hour": 11,
        "minute": 12,
        "second": 30,
        "nano": 0
      }
    },
    "citySender": "Харків",
    "cityRecipient": "Львів"
  },
  {
    "number": 59000456099501,
    "dateTime": {
      "date": {
        "year": 2019,
        "month": 10,
        "day": 19
      },
      "time": {
        "hour": 11,
        "minute": 10,
        "second": 38,
        "nano": 0
      }
    },
    "citySender": "Дніпро",
    "cityRecipient": "Новогродівка"
  },
  {
    "number": 59000456099503,
    "dateTime": {
      "date": {
        "year": 2019,
        "month": 10,
        "day": 19
      },
      "time": {
        "hour": 11,
        "minute": 12,
        "second": 31,
        "nano": 0
      }
    },
    "citySender": "Просяна (Покровський р-н)",
    "cityRecipient": "Могилів-Подільський"
  },
  {
    "number": 59000456099504,
    "dateTime": {
      "date": {
        "year": 2019,
        "month": 10,
        "day": 19
      },
      "time": {
        "hour": 11,
        "minute": 12,
        "second": 44,
        "nano": 0
      }
    },
    "citySender": "Одеса",
    "cityRecipient": "Бугас"
  },
  {
    "number": 59000456099505,
    "dateTime": {
      "date": {
        "year": 2019,
        "month": 10,
        "day": 19
      },
      "time": {
        "hour": 11,
        "minute": 12,
        "second": 20,
        "nano": 0
      }
    },
    "citySender": "Дніпро",
    "cityRecipient": "Чернігів"
  },
  {
    "number": 59000456099506,
    "dateTime": {
      "date": {
        "year": 2019,
        "month": 10,
        "day": 19
      },
      "time": {
        "hour": 11,
        "minute": 12,
        "second": 45,
        "nano": 0
      }
    },
    "citySender": "Снятин",
    "cityRecipient": "Харків"
  },
  {
    "number": 59000456099507,
    "dateTime": {
      "date": {
        "year": 2019,
        "month": 10,
        "day": 19
      },
      "time": {
        "hour": 11,
        "minute": 11,
        "second": 58,
        "nano": 0
      }
    },
    "citySender": "Мукачево",
    "cityRecipient": "Долина"
  },
  {
    "number": 59000456099508,
    "dateTime": {
      "date": {
        "year": 2019,
        "month": 10,
        "day": 19
      },
      "time": {
        "hour": 11,
        "minute": 12,
        "second": 26,
        "nano": 0
      }
    },
    "citySender": "Харків",
    "cityRecipient": "Одеса"
  },
  {
    "number": 59000456099509,
    "dateTime": {
      "date": {
        "year": 2019,
        "month": 10,
        "day": 19
      },
      "time": {
        "hour": 11,
        "minute": 12,
        "second": 41,
        "nano": 0
      }
    },
    "citySender": "Тарасівка",
    "cityRecipient": "Рівне"
  },
  {
    "number": 59000456099510,
    "dateTime": {
      "date": {
        "year": 2019,
        "month": 10,
        "day": 19
      },
      "time": {
        "hour": 11,
        "minute": 12,
        "second": 45,
        "nano": 0
      }
    },
    "citySender": "Чернівці",
    "cityRecipient": "Одеса"
  },
  {
    "number": 59000456099511,
    "dateTime": {
      "date": {
        "year": 2019,
        "month": 10,
        "day": 19
      },
      "time": {
        "hour": 11,
        "minute": 12,
        "second": 5,
        "nano": 0
      }
    },
    "citySender": "Старокостянтинів",
    "cityRecipient": "Новоград-Волинський"
  },
  {
    "number": 59000456099512,
    "dateTime": {
      "date": {
        "year": 2019,
        "month": 10,
        "day": 19
      },
      "time": {
        "hour": 11,
        "minute": 12,
        "second": 46,
        "nano": 0
      }
    },
    "citySender": "Дубровиця (Рівненська обл.)",
    "cityRecipient": "Вільне (Криворізький р-н)"
  },
  {
    "number": 59000456099513,
    "dateTime": {
      "date": {
        "year": 2019,
        "month": 10,
        "day": 19
      },
      "time": {
        "hour": 11,
        "minute": 11,
        "second": 12,
        "nano": 0
      }
    },
    "citySender": "Запоріжжя",
    "cityRecipient": "Благовіщенка (Кам\u0027янсько-Дніпровський р-н)"
  },
  {
    "number": 59000456099514,
    "dateTime": {
      "date": {
        "year": 2019,
        "month": 10,
        "day": 19
      },
      "time": {
        "hour": 11,
        "minute": 11,
        "second": 51,
        "nano": 0
      }
    },
    "citySender": "Харків",
    "cityRecipient": "Київ"
  },
  {
    "number": 59000456099515,
    "dateTime": {
      "date": {
        "year": 2019,
        "month": 10,
        "day": 19
      },
      "time": {
        "hour": 11,
        "minute": 12,
        "second": 22,
        "nano": 0
      }
    },
    "citySender": "Стеблів (Черкаська обл.)",
    "cityRecipient": "Одеса"
  },
  {
    "number": 59000456099516,
    "dateTime": {
      "date": {
        "year": 2019,
        "month": 10,
        "day": 19
      },
      "time": {
        "hour": 11,
        "minute": 12,
        "second": 6,
        "nano": 0
      }
    },
    "citySender": "Знам\u0027янка (Кіровоградська обл.)",
    "cityRecipient": "Переяслав-Хмельницький"
  },
  {
    "number": 59000456099517,
    "dateTime": {
      "date": {
        "year": 2019,
        "month": 10,
        "day": 19
      },
      "time": {
        "hour": 11,
        "minute": 12,
        "second": 39,
        "nano": 0
      }
    },
    "citySender": "Клугино-Башкирівка",
    "cityRecipient": "Новоград-Волинський"
  },
  {
    "number": 59000456099518,
    "dateTime": {
      "date": {
        "year": 2019,
        "month": 10,
        "day": 19
      },
      "time": {
        "hour": 11,
        "minute": 12,
        "second": 40,
        "nano": 0
      }
    },
    "citySender": "Київ",
    "cityRecipient": "Долинська"
  },
  {
    "number": 59000456099519,
    "dateTime": {
      "date": {
        "year": 2019,
        "month": 10,
        "day": 19
      },
      "time": {
        "hour": 11,
        "minute": 11,
        "second": 43,
        "nano": 0
      }
    },
    "citySender": "Славута",
    "cityRecipient": "Гранітне"
  },
  {
    "number": 59000456099520,
    "dateTime": {
      "date": {
        "year": 2019,
        "month": 10,
        "day": 19
      },
      "time": {
        "hour": 11,
        "minute": 11,
        "second": 45,
        "nano": 0
      }
    },
    "citySender": "Южне",
    "cityRecipient": "Одеса"
  },
  {
    "number": 59000456099521,
    "dateTime": {
      "date": {
        "year": 2019,
        "month": 10,
        "day": 19
      },
      "time": {
        "hour": 11,
        "minute": 12,
        "second": 41,
        "nano": 0
      }
    },
    "citySender": "Одеса",
    "cityRecipient": "Рівне"
  },
  {
    "number": 59000456099522,
    "dateTime": {
      "date": {
        "year": 2019,
        "month": 10,
        "day": 19
      },
      "time": {
        "hour": 11,
        "minute": 12,
        "second": 25,
        "nano": 0
      }
    },
    "citySender": "Тернопіль",
    "cityRecipient": "Львів"
  },
  {
    "number": 59000456099523,
    "dateTime": {
      "date": {
        "year": 2019,
        "month": 10,
        "day": 19
      },
      "time": {
        "hour": 11,
        "minute": 12,
        "second": 3,
        "nano": 0
      }
    },
    "citySender": "Маріуполь",
    "cityRecipient": "Херсон"
  },
  {
    "number": 59000456099524,
    "dateTime": {
      "date": {
        "year": 2019,
        "month": 10,
        "day": 19
      },
      "time": {
        "hour": 11,
        "minute": 12,
        "second": 34,
        "nano": 0
      }
    },
    "citySender": "Запоріжжя",
    "cityRecipient": "Бердичів"
  },
  {
    "number": 59000456099525,
    "dateTime": {
      "date": {
        "year": 2019,
        "month": 10,
        "day": 19
      },
      "time": {
        "hour": 11,
        "minute": 12,
        "second": 33,
        "nano": 0
      }
    },
    "citySender": "Київ",
    "cityRecipient": "Черкаси"
  },
  {
    "number": 59000456099526,
    "dateTime": {
      "date": {
        "year": 2019,
        "month": 10,
        "day": 19
      },
      "time": {
        "hour": 11,
        "minute": 12,
        "second": 40,
        "nano": 0
      }
    },
    "citySender": "Київ",
    "cityRecipient": "Маріуполь"
  },
  {
    "number": 59000456099527,
    "dateTime": {
      "date": {
        "year": 2019,
        "month": 10,
        "day": 19
      },
      "time": {
        "hour": 11,
        "minute": 11,
        "second": 27,
        "nano": 0
      }
    },
    "citySender": "Маріуполь",
    "cityRecipient": "Київ"
  },
  {
    "number": 59000456099528,
    "dateTime": {
      "date": {
        "year": 2019,
        "month": 10,
        "day": 19
      },
      "time": {
        "hour": 11,
        "minute": 12,
        "second": 39,
        "nano": 0
      }
    },
    "citySender": "Ужгород",
    "cityRecipient": "Харків"
  },
  {
    "number": 59000456099529,
    "dateTime": {
      "date": {
        "year": 2019,
        "month": 10,
        "day": 19
      },
      "time": {
        "hour": 11,
        "minute": 12,
        "second": 28,
        "nano": 0
      }
    },
    "citySender": "Одеса",
    "cityRecipient": "Київ"
  },
  {
    "number": 59000456099530,
    "dateTime": {
      "date": {
        "year": 2019,
        "month": 10,
        "day": 19
      },
      "time": {
        "hour": 11,
        "minute": 12,
        "second": 32,
        "nano": 0
      }
    },
    "citySender": "Луцьк",
    "cityRecipient": "Оженин"
  },
  {
    "number": 59000456099531,
    "dateTime": {
      "date": {
        "year": 2019,
        "month": 10,
        "day": 19
      },
      "time": {
        "hour": 11,
        "minute": 11,
        "second": 55,
        "nano": 0
      }
    },
    "citySender": "Одеса",
    "cityRecipient": "Первомайськ(Микол.обл.Первомайс.р-н)"
  },
  {
    "number": 59000456099532,
    "dateTime": {
      "date": {
        "year": 2019,
        "month": 10,
        "day": 19
      },
      "time": {
        "hour": 11,
        "minute": 12,
        "second": 45,
        "nano": 0
      }
    },
    "citySender": "Богодухів",
    "cityRecipient": "Бровари"
  },
  {
    "number": 59000456099533,
    "dateTime": {
      "date": {
        "year": 2019,
        "month": 10,
        "day": 19
      },
      "time": {
        "hour": 11,
        "minute": 12,
        "second": 42,
        "nano": 0
      }
    },
    "citySender": "Київ",
    "cityRecipient": "Васильків"
  },
  {
    "number": 59000456099534,
    "dateTime": {
      "date": {
        "year": 2019,
        "month": 10,
        "day": 19
      },
      "time": {
        "hour": 11,
        "minute": 12,
        "second": 31,
        "nano": 0
      }
    },
    "citySender": "Львів",
    "cityRecipient": "Южноукраїнськ"
  },
  {
    "number": 59000456099535,
    "dateTime": {
      "date": {
        "year": 2019,
        "month": 10,
        "day": 19
      },
      "time": {
        "hour": 11,
        "minute": 12,
        "second": 35,
        "nano": 0
      }
    },
    "citySender": "Підгорівка",
    "cityRecipient": "Харків"
  },
  {
    "number": 59000456099536,
    "dateTime": {
      "date": {
        "year": 2019,
        "month": 10,
        "day": 19
      },
      "time": {
        "hour": 11,
        "minute": 12,
        "second": 34,
        "nano": 0
      }
    },
    "citySender": "Чернівці",
    "cityRecipient": "Вінниця"
  },
  {
    "number": 59000456099537,
    "dateTime": {
      "date": {
        "year": 2019,
        "month": 10,
        "day": 19
      },
      "time": {
        "hour": 11,
        "minute": 12,
        "second": 51,
        "nano": 0
      }
    },
    "citySender": "Харків",
    "cityRecipient": "Хмельницький"
  },
  {
    "number": 59000456099538,
    "dateTime": {
      "date": {
        "year": 2019,
        "month": 10,
        "day": 19
      },
      "time": {
        "hour": 11,
        "minute": 12,
        "second": 49,
        "nano": 0
      }
    },
    "citySender": "Ладижин",
    "cityRecipient": "Київ"
  },
  {
    "number": 59000456099539,
    "dateTime": {
      "date": {
        "year": 2019,
        "month": 10,
        "day": 19
      },
      "time": {
        "hour": 11,
        "minute": 12,
        "second": 39,
        "nano": 0
      }
    },
    "citySender": "Тернопіль",
    "cityRecipient": "Червоноград (Львівська обл.)"
  },
  {
    "number": 59000456099540,
    "dateTime": {
      "date": {
        "year": 2019,
        "month": 10,
        "day": 19
      },
      "time": {
        "hour": 11,
        "minute": 12,
        "second": 0,
        "nano": 0
      }
    },
    "citySender": "Одеса",
    "cityRecipient": "Гвіздець"
  },
  {
    "number": 59000456099541,
    "dateTime": {
      "date": {
        "year": 2019,
        "month": 10,
        "day": 19
      },
      "time": {
        "hour": 11,
        "minute": 11,
        "second": 3,
        "nano": 0
      }
    },
    "citySender": "Славута",
    "cityRecipient": "Київ"
  },
  {
    "number": 59000456099542,
    "dateTime": {
      "date": {
        "year": 2019,
        "month": 10,
        "day": 19
      },
      "time": {
        "hour": 11,
        "minute": 12,
        "second": 35,
        "nano": 0
      }
    },
    "citySender": "Одеса",
    "cityRecipient": "Київ"
  },
  {
    "number": 59000456099543,
    "dateTime": {
      "date": {
        "year": 2019,
        "month": 10,
        "day": 19
      },
      "time": {
        "hour": 11,
        "minute": 12,
        "second": 27,
        "nano": 0
      }
    },
    "citySender": "Ковель",
    "cityRecipient": "Старокостянтинів"
  },
  {
    "number": 59000456099544,
    "dateTime": {
      "date": {
        "year": 2019,
        "month": 10,
        "day": 19
      },
      "time": {
        "hour": 11,
        "minute": 12,
        "second": 20,
        "nano": 0
      }
    },
    "citySender": "Івано-Франківськ",
    "cityRecipient": "Тернопіль"
  },
  {
    "number": 59000456099545,
    "dateTime": {
      "date": {
        "year": 2019,
        "month": 10,
        "day": 19
      },
      "time": {
        "hour": 11,
        "minute": 12,
        "second": 28,
        "nano": 0
      }
    },
    "citySender": "Городня",
    "cityRecipient": "Джулинка (Бершадський р-н)"
  },
  {
    "number": 59000456099546,
    "dateTime": {
      "date": {
        "year": 2019,
        "month": 10,
        "day": 19
      },
      "time": {
        "hour": 11,
        "minute": 12,
        "second": 7,
        "nano": 0
      }
    },
    "citySender": "Київ",
    "cityRecipient": "Миколаїв"
  },
  {
    "number": 59000456099547,
    "dateTime": {
      "date": {
        "year": 2019,
        "month": 10,
        "day": 19
      },
      "time": {
        "hour": 11,
        "minute": 12,
        "second": 34,
        "nano": 0
      }
    },
    "citySender": "Баришівка",
    "cityRecipient": "Чернігів"
  },
  {
    "number": 59000456099548,
    "dateTime": {
      "date": {
        "year": 2019,
        "month": 10,
        "day": 19
      },
      "time": {
        "hour": 11,
        "minute": 12,
        "second": 24,
        "nano": 0
      }
    },
    "citySender": "Хмельницький",
    "cityRecipient": "Дніпро"
  },
  {
    "number": 59000456099549,
    "dateTime": {
      "date": {
        "year": 2019,
        "month": 10,
        "day": 19
      },
      "time": {
        "hour": 11,
        "minute": 12,
        "second": 52,
        "nano": 0
      }
    },
    "citySender": "Лозова",
    "cityRecipient": "Мелітополь"
  },
  {
    "number": 59000456099550,
    "dateTime": {
      "date": {
        "year": 2019,
        "month": 10,
        "day": 19
      },
      "time": {
        "hour": 11,
        "minute": 12,
        "second": 54,
        "nano": 0
      }
    },
    "citySender": "Кролевець",
    "cityRecipient": "Львів"
  },
  {
    "number": 59000456099551,
    "dateTime": {
      "date": {
        "year": 2019,
        "month": 10,
        "day": 19
      },
      "time": {
        "hour": 11,
        "minute": 12,
        "second": 28,
        "nano": 0
      }
    },
    "citySender": "Кривий Ріг",
    "cityRecipient": "Володимир-Волинський"
  },
  {
    "number": 59000456099552,
    "dateTime": {
      "date": {
        "year": 2019,
        "month": 10,
        "day": 19
      },
      "time": {
        "hour": 11,
        "minute": 12,
        "second": 42,
        "nano": 0
      }
    },
    "citySender": "Дружківка",
    "cityRecipient": "Хмельницький"
  },
  {
    "number": 59000456099553,
    "dateTime": {
      "date": {
        "year": 2019,
        "month": 10,
        "day": 19
      },
      "time": {
        "hour": 11,
        "minute": 12,
        "second": 55,
        "nano": 0
      }
    },
    "citySender": "Славутич",
    "cityRecipient": "Бровари"
  },
  {
    "number": 59000456099555,
    "dateTime": {
      "date": {
        "year": 2019,
        "month": 10,
        "day": 19
      },
      "time": {
        "hour": 11,
        "minute": 12,
        "second": 8,
        "nano": 0
      }
    },
    "citySender": "Гірське",
    "cityRecipient": "Старобільськ"
  },
  {
    "number": 59000456099556,
    "dateTime": {
      "date": {
        "year": 2019,
        "month": 10,
        "day": 19
      },
      "time": {
        "hour": 11,
        "minute": 11,
        "second": 53,
        "nano": 0
      }
    },
    "citySender": "Ужгород",
    "cityRecipient": "Дніпро"
  },
  {
    "number": 59000456099557,
    "dateTime": {
      "date": {
        "year": 2019,
        "month": 10,
        "day": 19
      },
      "time": {
        "hour": 11,
        "minute": 11,
        "second": 47,
        "nano": 0
      }
    },
    "citySender": "Чернівці",
    "cityRecipient": "Луцьк"
  },
  {
    "number": 59000456099558,
    "dateTime": {
      "date": {
        "year": 2019,
        "month": 10,
        "day": 19
      },
      "time": {
        "hour": 11,
        "minute": 12,
        "second": 20,
        "nano": 0
      }
    },
    "citySender": "Вінниця",
    "cityRecipient": "Одеса"
  },
  {
    "number": 59000456099559,
    "dateTime": {
      "date": {
        "year": 2019,
        "month": 10,
        "day": 19
      },
      "time": {
        "hour": 11,
        "minute": 9,
        "second": 43,
        "nano": 0
      }
    },
    "citySender": "Широке (Запорізький р-н. Запорізька обл)",
    "cityRecipient": "Вінниця"
  },
  {
    "number": 59000456099560,
    "dateTime": {
      "date": {
        "year": 2019,
        "month": 10,
        "day": 19
      },
      "time": {
        "hour": 11,
        "minute": 12,
        "second": 53,
        "nano": 0
      }
    },
    "citySender": "Мирноград",
    "cityRecipient": "Миргород"
  },
  {
    "number": 59000456099561,
    "dateTime": {
      "date": {
        "year": 2019,
        "month": 10,
        "day": 19
      },
      "time": {
        "hour": 11,
        "minute": 12,
        "second": 57,
        "nano": 0
      }
    },
    "citySender": "Братське",
    "cityRecipient": "Миколаїв"
  },
  {
    "number": 59000456099562,
    "dateTime": {
      "date": {
        "year": 2019,
        "month": 10,
        "day": 19
      },
      "time": {
        "hour": 11,
        "minute": 12,
        "second": 33,
        "nano": 0
      }
    },
    "citySender": "Гадяч",
    "cityRecipient": "Київ"
  },
  {
    "number": 59000456099563,
    "dateTime": {
      "date": {
        "year": 2019,
        "month": 10,
        "day": 19
      },
      "time": {
        "hour": 11,
        "minute": 11,
        "second": 40,
        "nano": 0
      }
    },
    "citySender": "Київ",
    "cityRecipient": "Черняхів (Житомирська обл.)"
  },
  {
    "number": 59000456099564,
    "dateTime": {
      "date": {
        "year": 2019,
        "month": 10,
        "day": 19
      },
      "time": {
        "hour": 11,
        "minute": 12,
        "second": 20,
        "nano": 0
      }
    },
    "citySender": "Тячів",
    "cityRecipient": "Київ"
  },
  {
    "number": 59000456099565,
    "dateTime": {
      "date": {
        "year": 2019,
        "month": 10,
        "day": 19
      },
      "time": {
        "hour": 11,
        "minute": 12,
        "second": 31,
        "nano": 0
      }
    },
    "citySender": "Ізюм",
    "cityRecipient": "Львів"
  },
  {
    "number": 59000456099566,
    "dateTime": {
      "date": {
        "year": 2019,
        "month": 10,
        "day": 19
      },
      "time": {
        "hour": 11,
        "minute": 12,
        "second": 44,
        "nano": 0
      }
    },
    "citySender": "Київ",
    "cityRecipient": "Олександрія (м.Кіровогр.обл.райц)"
  },
  {
    "number": 59000456099567,
    "dateTime": {
      "date": {
        "year": 2019,
        "month": 10,
        "day": 19
      },
      "time": {
        "hour": 11,
        "minute": 12,
        "second": 57,
        "nano": 0
      }
    },
    "citySender": "Лисянка",
    "cityRecipient": "Синельникове"
  },
  {
    "number": 59000456099569,
    "dateTime": {
      "date": {
        "year": 2019,
        "month": 10,
        "day": 19
      },
      "time": {
        "hour": 11,
        "minute": 12,
        "second": 29,
        "nano": 0
      }
    },
    "citySender": "Київ",
    "cityRecipient": "Одеса"
  },
  {
    "number": 59000456099570,
    "dateTime": {
      "date": {
        "year": 2019,
        "month": 10,
        "day": 19
      },
      "time": {
        "hour": 11,
        "minute": 12,
        "second": 49,
        "nano": 0
      }
    },
    "citySender": "Пісочин",
    "cityRecipient": "Красноріченське"
  },
  {
    "number": 59000456099571,
    "dateTime": {
      "date": {
        "year": 2019,
        "month": 10,
        "day": 19
      },
      "time": {
        "hour": 11,
        "minute": 12,
        "second": 14,
        "nano": 0
      }
    },
    "citySender": "Київ",
    "cityRecipient": "Чернівці"
  },
  {
    "number": 59000456099572,
    "dateTime": {
      "date": {
        "year": 2019,
        "month": 10,
        "day": 19
      },
      "time": {
        "hour": 11,
        "minute": 12,
        "second": 26,
        "nano": 0
      }
    },
    "citySender": "Конотоп",
    "cityRecipient": "Чернігів"
  },
  {
    "number": 59000456099574,
    "dateTime": {
      "date": {
        "year": 2019,
        "month": 10,
        "day": 19
      },
      "time": {
        "hour": 11,
        "minute": 12,
        "second": 40,
        "nano": 0
      }
    },
    "citySender": "Дніпро",
    "cityRecipient": "Покотилівка"
  },
  {
    "number": 59000456099575,
    "dateTime": {
      "date": {
        "year": 2019,
        "month": 10,
        "day": 19
      },
      "time": {
        "hour": 11,
        "minute": 12,
        "second": 45,
        "nano": 0
      }
    },
    "citySender": "Мукачево",
    "cityRecipient": "Вишневе"
  },
  {
    "number": 59000456099576,
    "dateTime": {
      "date": {
        "year": 2019,
        "month": 10,
        "day": 19
      },
      "time": {
        "hour": 11,
        "minute": 12,
        "second": 47,
        "nano": 0
      }
    },
    "citySender": "Харків",
    "cityRecipient": "Запоріжжя"
  },
  {
    "number": 59000456099577,
    "dateTime": {
      "date": {
        "year": 2019,
        "month": 10,
        "day": 19
      },
      "time": {
        "hour": 11,
        "minute": 12,
        "second": 49,
        "nano": 0
      }
    },
    "citySender": "Львів",
    "cityRecipient": "Маріуполь"
  },
  {
    "number": 59000456099578,
    "dateTime": {
      "date": {
        "year": 2019,
        "month": 10,
        "day": 19
      },
      "time": {
        "hour": 11,
        "minute": 11,
        "second": 51,
        "nano": 0
      }
    },
    "citySender": "Драгово",
    "cityRecipient": "Київ"
  },
  {
    "number": 59000456099579,
    "dateTime": {
      "date": {
        "year": 2019,
        "month": 10,
        "day": 19
      },
      "time": {
        "hour": 11,
        "minute": 11,
        "second": 58,
        "nano": 0
      }
    },
    "citySender": "Здолбунів",
    "cityRecipient": "Львів"
  },
  {
    "number": 59000456099580,
    "dateTime": {
      "date": {
        "year": 2019,
        "month": 10,
        "day": 19
      },
      "time": {
        "hour": 11,
        "minute": 12,
        "second": 59,
        "nano": 0
      }
    },
    "citySender": "Шацьк",
    "cityRecipient": "Київ"
  },
  {
    "number": 59000456099581,
    "dateTime": {
      "date": {
        "year": 2019,
        "month": 10,
        "day": 19
      },
      "time": {
        "hour": 11,
        "minute": 11,
        "second": 15,
        "nano": 0
      }
    },
    "citySender": "Дніпро",
    "cityRecipient": "Новомосковськ"
  },
  {
    "number": 59000456099582,
    "dateTime": {
      "date": {
        "year": 2019,
        "month": 10,
        "day": 19
      },
      "time": {
        "hour": 11,
        "minute": 12,
        "second": 53,
        "nano": 0
      }
    },
    "citySender": "Запоріжжя",
    "cityRecipient": "Івано-Франківськ"
  },
  {
    "number": 59000456099583,
    "dateTime": {
      "date": {
        "year": 2019,
        "month": 10,
        "day": 19
      },
      "time": {
        "hour": 11,
        "minute": 12,
        "second": 10,
        "nano": 0
      }
    },
    "citySender": "Свеса",
    "cityRecipient": "Харків"
  },
  {
    "number": 59000456099584,
    "dateTime": {
      "date": {
        "year": 2019,
        "month": 10,
        "day": 19
      },
      "time": {
        "hour": 11,
        "minute": 12,
        "second": 54,
        "nano": 0
      }
    },
    "citySender": "Сартана (Донецька обл.)",
    "cityRecipient": "Кривий Ріг"
  },
  {
    "number": 59000456099585,
    "dateTime": {
      "date": {
        "year": 2019,
        "month": 10,
        "day": 19
      },
      "time": {
        "hour": 11,
        "minute": 12,
        "second": 45,
        "nano": 0
      }
    },
    "citySender": "Вільногірськ",
    "cityRecipient": "Бершадь"
  },
  {
    "number": 59000456099586,
    "dateTime": {
      "date": {
        "year": 2019,
        "month": 10,
        "day": 19
      },
      "time": {
        "hour": 11,
        "minute": 12,
        "second": 3,
        "nano": 0
      }
    },
    "citySender": "Почаїв",
    "cityRecipient": "Луцьк"
  },
  {
    "number": 59000456099587,
    "dateTime": {
      "date": {
        "year": 2019,
        "month": 10,
        "day": 19
      },
      "time": {
        "hour": 11,
        "minute": 12,
        "second": 13,
        "nano": 0
      }
    },
    "citySender": "Шишаки",
    "cityRecipient": "Полтава"
  },
  {
    "number": 59000456099588,
    "dateTime": {
      "date": {
        "year": 2019,
        "month": 10,
        "day": 19
      },
      "time": {
        "hour": 11,
        "minute": 12,
        "second": 49,
        "nano": 0
      }
    },
    "citySender": "Покров (Дніпропетровська обл.)",
    "cityRecipient": "Київ"
  }
]