[
  {
    "number": 59000456068503,
    "dateTime": {
      "date": {
        "year": 2019,
        "month": 10,
        "day": 19
      },
      "time": {
        "hour": 8,
        "minute": 52,
        "second": 21,
        "nano": 0
      }
    },
    "citySender": "Іллінці",
    "cityRecipient": "Струмівка"
  },
  {
    "number": 59000456068504,
    "dateTime": {
      "date": {
        "year": 2019,
        "month": 10,
        "day": 19
      },
      "time": {
        "hour": 8,
        "minute": 52,
        "second": 22,
        "nano": 0
      }
    },
    "citySender": "Новий Розділ",
    "cityRecipient": "Олександрія (м.Кіровогр.обл.райц)"
  },
  {
    "number": 59000456068505,
    "dateTime": {
      "date": {
        "year": 2019,
        "month": 10,
        "day": 19
      },
      "time": {
        "hour": 8,
        "minute": 52,
        "second": 27,
        "nano": 0
      }
    },
    "citySender": "Одеса",
    "cityRecipient": "Львів"
  },
  {
    "number": 59000456068506,
    "dateTime": {
      "date": {
        "year": 2019,
        "month": 10,
        "day": 19
      },
      "time": {
        "hour": 8,
        "minute": 52,
        "second": 19,
        "nano": 0
      }
    },
    "citySender": "Умань",
    "cityRecipient": "Гайсин"
  },
  {
    "number": 59000456068507,
    "dateTime": {
      "date": {
        "year": 2019,
        "month": 10,
        "day": 19
      },
      "time": {
        "hour": 8,
        "minute": 52,
        "second": 27,
        "nano": 0
      }
    },
    "citySender": "Білгород-Дністровський",
    "cityRecipient": "Болград (Одеська обл.)"
  },
  {
    "number": 59000456068508,
    "dateTime": {
      "date": {
        "year": 2019,
        "month": 10,
        "day": 19
      },
      "time": {
        "hour": 8,
        "minute": 52,
        "second": 31,
        "nano": 0
      }
    },
    "citySender": "Арбузинка",
    "cityRecipient": "Одеса"
  },
  {
    "number": 59000456068509,
    "dateTime": {
      "date": {
        "year": 2019,
        "month": 10,
        "day": 19
      },
      "time": {
        "hour": 8,
        "minute": 52,
        "second": 30,
        "nano": 0
      }
    },
    "citySender": "Торецьк",
    "cityRecipient": "Орлівщина"
  },
  {
    "number": 59000456068510,
    "dateTime": {
      "date": {
        "year": 2019,
        "month": 10,
        "day": 19
      },
      "time": {
        "hour": 8,
        "minute": 52,
        "second": 35,
        "nano": 0
      }
    },
    "citySender": "Черкаське",
    "cityRecipient": "Київ"
  },
  {
    "number": 59000456068511,
    "dateTime": {
      "date": {
        "year": 2019,
        "month": 10,
        "day": 19
      },
      "time": {
        "hour": 8,
        "minute": 52,
        "second": 36,
        "nano": 0
      }
    },
    "citySender": "Краматорськ",
    "cityRecipient": "Бровари"
  },
  {
    "number": 59000456068512,
    "dateTime": {
      "date": {
        "year": 2019,
        "month": 10,
        "day": 19
      },
      "time": {
        "hour": 8,
        "minute": 49,
        "second": 50,
        "nano": 0
      }
    },
    "citySender": "Гірське",
    "cityRecipient": "Кольчино"
  },
  {
    "number": 59000456068513,
    "dateTime": {
      "date": {
        "year": 2019,
        "month": 10,
        "day": 19
      },
      "time": {
        "hour": 8,
        "minute": 52,
        "second": 36,
        "nano": 0
      }
    },
    "citySender": "Київ",
    "cityRecipient": "Одеса"
  },
  {
    "number": 59000456068514,
    "dateTime": {
      "date": {
        "year": 2019,
        "month": 10,
        "day": 19
      },
      "time": {
        "hour": 8,
        "minute": 52,
        "second": 29,
        "nano": 0
      }
    },
    "citySender": "Нікополь (Дніпропетровська обл.)",
    "cityRecipient": "Балаклія (Харківська обл.)"
  },
  {
    "number": 59000456068515,
    "dateTime": {
      "date": {
        "year": 2019,
        "month": 10,
        "day": 19
      },
      "time": {
        "hour": 8,
        "minute": 52,
        "second": 39,
        "nano": 0
      }
    },
    "citySender": "Київ",
    "cityRecipient": "Львів"
  },
  {
    "number": 59000456068516,
    "dateTime": {
      "date": {
        "year": 2019,
        "month": 10,
        "day": 19
      },
      "time": {
        "hour": 8,
        "minute": 52,
        "second": 42,
        "nano": 0
      }
    },
    "citySender": "Новомосковськ",
    "cityRecipient": "Одеса"
  },
  {
    "number": 59000456068517,
    "dateTime": {
      "date": {
        "year": 2019,
        "month": 10,
        "day": 19
      },
      "time": {
        "hour": 8,
        "minute": 52,
        "second": 42,
        "nano": 0
      }
    },
    "citySender": "Одеса",
    "cityRecipient": "Львів"
  },
  {
    "number": 59000456068518,
    "dateTime": {
      "date": {
        "year": 2019,
        "month": 10,
        "day": 19
      },
      "time": {
        "hour": 8,
        "minute": 52,
        "second": 42,
        "nano": 0
      }
    },
    "citySender": "Липовець",
    "cityRecipient": "Авангард"
  },
  {
    "number": 59000456068519,
    "dateTime": {
      "date": {
        "year": 2019,
        "month": 10,
        "day": 19
      },
      "time": {
        "hour": 8,
        "minute": 52,
        "second": 21,
        "nano": 0
      }
    },
    "citySender": "Перемишляни",
    "cityRecipient": "Житомир"
  },
  {
    "number": 59000456068520,
    "dateTime": {
      "date": {
        "year": 2019,
        "month": 10,
        "day": 19
      },
      "time": {
        "hour": 8,
        "minute": 52,
        "second": 43,
        "nano": 0
      }
    },
    "citySender": "Полтава",
    "cityRecipient": "Одеса"
  },
  {
    "number": 59000456068521,
    "dateTime": {
      "date": {
        "year": 2019,
        "month": 10,
        "day": 19
      },
      "time": {
        "hour": 8,
        "minute": 52,
        "second": 43,
        "nano": 0
      }
    },
    "citySender": "Мирноград",
    "cityRecipient": "Київ"
  },
  {
    "number": 59000456068522,
    "dateTime": {
      "date": {
        "year": 2019,
        "month": 10,
        "day": 19
      },
      "time": {
        "hour": 8,
        "minute": 52,
        "second": 44,
        "nano": 0
      }
    },
    "citySender": "Верхнє Водяне",
    "cityRecipient": "Черкаси"
  },
  {
    "number": 59000456068523,
    "dateTime": {
      "date": {
        "year": 2019,
        "month": 10,
        "day": 19
      },
      "time": {
        "hour": 8,
        "minute": 52,
        "second": 48,
        "nano": 0
      }
    },
    "citySender": "Панютине",
    "cityRecipient": "Луцьк"
  },
  {
    "number": 59000456068524,
    "dateTime": {
      "date": {
        "year": 2019,
        "month": 10,
        "day": 19
      },
      "time": {
        "hour": 8,
        "minute": 52,
        "second": 49,
        "nano": 0
      }
    },
    "citySender": "Новий Розділ",
    "cityRecipient": "Харків"
  },
  {
    "number": 59000456068525,
    "dateTime": {
      "date": {
        "year": 2019,
        "month": 10,
        "day": 19
      },
      "time": {
        "hour": 8,
        "minute": 51,
        "second": 59,
        "nano": 0
      }
    },
    "citySender": "Березне",
    "cityRecipient": "Рівне"
  },
  {
    "number": 59000456068526,
    "dateTime": {
      "date": {
        "year": 2019,
        "month": 10,
        "day": 19
      },
      "time": {
        "hour": 8,
        "minute": 52,
        "second": 50,
        "nano": 0
      }
    },
    "citySender": "Білгород-Дністровський",
    "cityRecipient": "Авангард"
  },
  {
    "number": 59000456068527,
    "dateTime": {
      "date": {
        "year": 2019,
        "month": 10,
        "day": 19
      },
      "time": {
        "hour": 8,
        "minute": 52,
        "second": 50,
        "nano": 0
      }
    },
    "citySender": "Суми",
    "cityRecipient": "Запоріжжя"
  },
  {
    "number": 59000456068528,
    "dateTime": {
      "date": {
        "year": 2019,
        "month": 10,
        "day": 19
      },
      "time": {
        "hour": 8,
        "minute": 52,
        "second": 52,
        "nano": 0
      }
    },
    "citySender": "Київ",
    "cityRecipient": "Львів"
  },
  {
    "number": 59000456068529,
    "dateTime": {
      "date": {
        "year": 2019,
        "month": 10,
        "day": 19
      },
      "time": {
        "hour": 8,
        "minute": 51,
        "second": 40,
        "nano": 0
      }
    },
    "citySender": "Краснопілля (Сумська обл.)",
    "cityRecipient": "Київ"
  },
  {
    "number": 59000456068530,
    "dateTime": {
      "date": {
        "year": 2019,
        "month": 10,
        "day": 19
      },
      "time": {
        "hour": 8,
        "minute": 52,
        "second": 56,
        "nano": 0
      }
    },
    "citySender": "Снігурівка",
    "cityRecipient": "Харків"
  },
  {
    "number": 59000456068531,
    "dateTime": {
      "date": {
        "year": 2019,
        "month": 10,
        "day": 19
      },
      "time": {
        "hour": 8,
        "minute": 52,
        "second": 56,
        "nano": 0
      }
    },
    "citySender": "Житомир",
    "cityRecipient": "Бровари"
  },
  {
    "number": 59000456068532,
    "dateTime": {
      "date": {
        "year": 2019,
        "month": 10,
        "day": 19
      },
      "time": {
        "hour": 8,
        "minute": 52,
        "second": 57,
        "nano": 0
      }
    },
    "citySender": "Київ",
    "cityRecipient": "Ілічанка"
  },
  {
    "number": 59000456068533,
    "dateTime": {
      "date": {
        "year": 2019,
        "month": 10,
        "day": 19
      },
      "time": {
        "hour": 8,
        "minute": 52,
        "second": 58,
        "nano": 0
      }
    },
    "citySender": "Старокозаче",
    "cityRecipient": "Кропивницький"
  },
  {
    "number": 59000456068534,
    "dateTime": {
      "date": {
        "year": 2019,
        "month": 10,
        "day": 19
      },
      "time": {
        "hour": 8,
        "minute": 52,
        "second": 59,
        "nano": 0
      }
    },
    "citySender": "Пирятин",
    "cityRecipient": "Харків"
  },
  {
    "number": 59000456068535,
    "dateTime": {
      "date": {
        "year": 2019,
        "month": 10,
        "day": 19
      },
      "time": {
        "hour": 8,
        "minute": 51,
        "second": 22,
        "nano": 0
      }
    },
    "citySender": "Богодухів",
    "cityRecipient": "Диканька"
  },
  {
    "number": 59000456068536,
    "dateTime": {
      "date": {
        "year": 2019,
        "month": 10,
        "day": 19
      },
      "time": {
        "hour": 8,
        "minute": 53,
        "second": 0,
        "nano": 0
      }
    },
    "citySender": "Київ",
    "cityRecipient": "Колоденка"
  },
  {
    "number": 59000456068537,
    "dateTime": {
      "date": {
        "year": 2019,
        "month": 10,
        "day": 19
      },
      "time": {
        "hour": 8,
        "minute": 53,
        "second": 2,
        "nano": 0
      }
    },
    "citySender": "Стрий",
    "cityRecipient": "Авангард"
  },
  {
    "number": 59000456068538,
    "dateTime": {
      "date": {
        "year": 2019,
        "month": 10,
        "day": 19
      },
      "time": {
        "hour": 8,
        "minute": 53,
        "second": 3,
        "nano": 0
      }
    },
    "citySender": "Івано-Франкове",
    "cityRecipient": "Чернігів"
  },
  {
    "number": 59000456068539,
    "dateTime": {
      "date": {
        "year": 2019,
        "month": 10,
        "day": 19
      },
      "time": {
        "hour": 8,
        "minute": 53,
        "second": 3,
        "nano": 0
      }
    },
    "citySender": "Харків",
    "cityRecipient": "Харків"
  },
  {
    "number": 59000456068540,
    "dateTime": {
      "date": {
        "year": 2019,
        "month": 10,
        "day": 19
      },
      "time": {
        "hour": 8,
        "minute": 53,
        "second": 3,
        "nano": 0
      }
    },
    "citySender": "Роздільна (Одеська обл.)",
    "cityRecipient": "Київ"
  },
  {
    "number": 59000456068541,
    "dateTime": {
      "date": {
        "year": 2019,
        "month": 10,
        "day": 19
      },
      "time": {
        "hour": 8,
        "minute": 53,
        "second": 4,
        "nano": 0
      }
    },
    "citySender": "Краматорськ",
    "cityRecipient": "Львів"
  },
  {
    "number": 59000456068542,
    "dateTime": {
      "date": {
        "year": 2019,
        "month": 10,
        "day": 19
      },
      "time": {
        "hour": 8,
        "minute": 53,
        "second": 4,
        "nano": 0
      }
    },
    "citySender": "Костянтинівка (Донецька обл.)",
    "cityRecipient": "Київ"
  },
  {
    "number": 59000456068543,
    "dateTime": {
      "date": {
        "year": 2019,
        "month": 10,
        "day": 19
      },
      "time": {
        "hour": 8,
        "minute": 53,
        "second": 0,
        "nano": 0
      }
    },
    "citySender": "Чернігів",
    "cityRecipient": "Хмельницький"
  },
  {
    "number": 59000456068544,
    "dateTime": {
      "date": {
        "year": 2019,
        "month": 10,
        "day": 19
      },
      "time": {
        "hour": 8,
        "minute": 52,
        "second": 39,
        "nano": 0
      }
    },
    "citySender": "Гірське",
    "cityRecipient": "Львів"
  },
  {
    "number": 59000456068545,
    "dateTime": {
      "date": {
        "year": 2019,
        "month": 10,
        "day": 19
      },
      "time": {
        "hour": 8,
        "minute": 53,
        "second": 6,
        "nano": 0
      }
    },
    "citySender": "Фастів",
    "cityRecipient": "Київ"
  },
  {
    "number": 59000456068546,
    "dateTime": {
      "date": {
        "year": 2019,
        "month": 10,
        "day": 19
      },
      "time": {
        "hour": 8,
        "minute": 53,
        "second": 7,
        "nano": 0
      }
    },
    "citySender": "Харків",
    "cityRecipient": "Одеса"
  },
  {
    "number": 59000456068547,
    "dateTime": {
      "date": {
        "year": 2019,
        "month": 10,
        "day": 19
      },
      "time": {
        "hour": 8,
        "minute": 53,
        "second": 7,
        "nano": 0
      }
    },
    "citySender": "Мирноград",
    "cityRecipient": "Київ"
  },
  {
    "number": 59000456068548,
    "dateTime": {
      "date": {
        "year": 2019,
        "month": 10,
        "day": 19
      },
      "time": {
        "hour": 8,
        "minute": 53,
        "second": 7,
        "nano": 0
      }
    },
    "citySender": "Київ",
    "cityRecipient": "Зубра"
  },
  {
    "number": 59000456068549,
    "dateTime": {
      "date": {
        "year": 2019,
        "month": 10,
        "day": 19
      },
      "time": {
        "hour": 8,
        "minute": 52,
        "second": 2,
        "nano": 0
      }
    },
    "citySender": "Кривий Ріг",
    "cityRecipient": "Тернопіль"
  },
  {
    "number": 59000456068550,
    "dateTime": {
      "date": {
        "year": 2019,
        "month": 10,
        "day": 19
      },
      "time": {
        "hour": 8,
        "minute": 53,
        "second": 9,
        "nano": 0
      }
    },
    "citySender": "Одеса",
    "cityRecipient": "Львів"
  },
  {
    "number": 59000456068551,
    "dateTime": {
      "date": {
        "year": 2019,
        "month": 10,
        "day": 19
      },
      "time": {
        "hour": 8,
        "minute": 53,
        "second": 9,
        "nano": 0
      }
    },
    "citySender": "Полтава",
    "cityRecipient": "Київ"
  },
  {
    "number": 59000456068552,
    "dateTime": {
      "date": {
        "year": 2019,
        "month": 10,
        "day": 19
      },
      "time": {
        "hour": 8,
        "minute": 53,
        "second": 9,
        "nano": 0
      }
    },
    "citySender": "Арбузинка",
    "cityRecipient": "Ірпінь"
  },
  {
    "number": 59000456068553,
    "dateTime": {
      "date": {
        "year": 2019,
        "month": 10,
        "day": 19
      },
      "time": {
        "hour": 8,
        "minute": 53,
        "second": 12,
        "nano": 0
      }
    },
    "citySender": "Миколаїв",
    "cityRecipient": "Харків"
  },
  {
    "number": 59000456068554,
    "dateTime": {
      "date": {
        "year": 2019,
        "month": 10,
        "day": 19
      },
      "time": {
        "hour": 8,
        "minute": 53,
        "second": 12,
        "nano": 0
      }
    },
    "citySender": "Карлівка",
    "cityRecipient": "Нікополь (Дніпропетровська обл.)"
  },
  {
    "number": 59000456068555,
    "dateTime": {
      "date": {
        "year": 2019,
        "month": 10,
        "day": 19
      },
      "time": {
        "hour": 8,
        "minute": 53,
        "second": 12,
        "nano": 0
      }
    },
    "citySender": "Іллінці",
    "cityRecipient": "Київ"
  },
  {
    "number": 59000456068556,
    "dateTime": {
      "date": {
        "year": 2019,
        "month": 10,
        "day": 19
      },
      "time": {
        "hour": 8,
        "minute": 52,
        "second": 52,
        "nano": 0
      }
    },
    "citySender": "Хмельницький",
    "cityRecipient": "Дніпро"
  },
  {
    "number": 59000456068557,
    "dateTime": {
      "date": {
        "year": 2019,
        "month": 10,
        "day": 19
      },
      "time": {
        "hour": 8,
        "minute": 53,
        "second": 16,
        "nano": 0
      }
    },
    "citySender": "Київ",
    "cityRecipient": "Ілічанка"
  },
  {
    "number": 59000456068558,
    "dateTime": {
      "date": {
        "year": 2019,
        "month": 10,
        "day": 19
      },
      "time": {
        "hour": 8,
        "minute": 53,
        "second": 18,
        "nano": 0
      }
    },
    "citySender": "Снігурівка",
    "cityRecipient": "Київ"
  },
  {
    "number": 59000456068559,
    "dateTime": {
      "date": {
        "year": 2019,
        "month": 10,
        "day": 19
      },
      "time": {
        "hour": 8,
        "minute": 53,
        "second": 18,
        "nano": 0
      }
    },
    "citySender": "Харків",
    "cityRecipient": "Одеса"
  },
  {
    "number": 59000456068560,
    "dateTime": {
      "date": {
        "year": 2019,
        "month": 10,
        "day": 19
      },
      "time": {
        "hour": 8,
        "minute": 53,
        "second": 13,
        "nano": 0
      }
    },
    "citySender": "Жидачів",
    "cityRecipient": "Івано-Франківськ"
  },
  {
    "number": 59000456068561,
    "dateTime": {
      "date": {
        "year": 2019,
        "month": 10,
        "day": 19
      },
      "time": {
        "hour": 8,
        "minute": 53,
        "second": 19,
        "nano": 0
      }
    },
    "citySender": "Бахмач",
    "cityRecipient": "Дніпро"
  },
  {
    "number": 59000456068562,
    "dateTime": {
      "date": {
        "year": 2019,
        "month": 10,
        "day": 19
      },
      "time": {
        "hour": 8,
        "minute": 53,
        "second": 20,
        "nano": 0
      }
    },
    "citySender": "Краматорськ",
    "cityRecipient": "Львів"
  },
  {
    "number": 59000456068563,
    "dateTime": {
      "date": {
        "year": 2019,
        "month": 10,
        "day": 19
      },
      "time": {
        "hour": 8,
        "minute": 53,
        "second": 20,
        "nano": 0
      }
    },
    "citySender": "Селидове",
    "cityRecipient": "Авангард"
  },
  {
    "number": 59000456068564,
    "dateTime": {
      "date": {
        "year": 2019,
        "month": 10,
        "day": 19
      },
      "time": {
        "hour": 8,
        "minute": 53,
        "second": 21,
        "nano": 0
      }
    },
    "citySender": "Київ",
    "cityRecipient": "Ілічанка"
  },
  {
    "number": 59000456068565,
    "dateTime": {
      "date": {
        "year": 2019,
        "month": 10,
        "day": 19
      },
      "time": {
        "hour": 8,
        "minute": 53,
        "second": 23,
        "nano": 0
      }
    },
    "citySender": "Велика Багачка",
    "cityRecipient": "Одеса"
  },
  {
    "number": 59000456068566,
    "dateTime": {
      "date": {
        "year": 2019,
        "month": 10,
        "day": 19
      },
      "time": {
        "hour": 8,
        "minute": 53,
        "second": 18,
        "nano": 0
      }
    },
    "citySender": "Нікополь (Дніпропетровська обл.)",
    "cityRecipient": "Київ"
  },
  {
    "number": 59000456068567,
    "dateTime": {
      "date": {
        "year": 2019,
        "month": 10,
        "day": 19
      },
      "time": {
        "hour": 8,
        "minute": 53,
        "second": 23,
        "nano": 0
      }
    },
    "citySender": "Київ",
    "cityRecipient": "Львів"
  },
  {
    "number": 59000456068568,
    "dateTime": {
      "date": {
        "year": 2019,
        "month": 10,
        "day": 19
      },
      "time": {
        "hour": 8,
        "minute": 53,
        "second": 23,
        "nano": 0
      }
    },
    "citySender": "Стрий",
    "cityRecipient": "Одеса"
  },
  {
    "number": 59000456068569,
    "dateTime": {
      "date": {
        "year": 2019,
        "month": 10,
        "day": 19
      },
      "time": {
        "hour": 8,
        "minute": 53,
        "second": 25,
        "nano": 0
      }
    },
    "citySender": "Малин",
    "cityRecipient": "Київ"
  },
  {
    "number": 59000456068570,
    "dateTime": {
      "date": {
        "year": 2019,
        "month": 10,
        "day": 19
      },
      "time": {
        "hour": 8,
        "minute": 53,
        "second": 26,
        "nano": 0
      }
    },
    "citySender": "Івано-Франкове",
    "cityRecipient": "Івано-Франківськ"
  },
  {
    "number": 59000456068571,
    "dateTime": {
      "date": {
        "year": 2019,
        "month": 10,
        "day": 19
      },
      "time": {
        "hour": 8,
        "minute": 53,
        "second": 29,
        "nano": 0
      }
    },
    "citySender": "Харків",
    "cityRecipient": "Молодіжне"
  },
  {
    "number": 59000456068572,
    "dateTime": {
      "date": {
        "year": 2019,
        "month": 10,
        "day": 19
      },
      "time": {
        "hour": 8,
        "minute": 53,
        "second": 30,
        "nano": 0
      }
    },
    "citySender": "Овідіополь",
    "cityRecipient": "Київ"
  },
  {
    "number": 59000456068573,
    "dateTime": {
      "date": {
        "year": 2019,
        "month": 10,
        "day": 19
      },
      "time": {
        "hour": 8,
        "minute": 53,
        "second": 30,
        "nano": 0
      }
    },
    "citySender": "Новомосковськ",
    "cityRecipient": "Вінниця"
  },
  {
    "number": 59000456068574,
    "dateTime": {
      "date": {
        "year": 2019,
        "month": 10,
        "day": 19
      },
      "time": {
        "hour": 8,
        "minute": 53,
        "second": 32,
        "nano": 0
      }
    },
    "citySender": "Одеса",
    "cityRecipient": "Київ"
  },
  {
    "number": 59000456068576,
    "dateTime": {
      "date": {
        "year": 2019,
        "month": 10,
        "day": 19
      },
      "time": {
        "hour": 8,
        "minute": 52,
        "second": 50,
        "nano": 0
      }
    },
    "citySender": "Чонгар(Херсонська обл.)",
    "cityRecipient": "Дніпро"
  },
  {
    "number": 59000456068577,
    "dateTime": {
      "date": {
        "year": 2019,
        "month": 10,
        "day": 19
      },
      "time": {
        "hour": 8,
        "minute": 53,
        "second": 11,
        "nano": 0
      }
    },
    "citySender": "Новоайдар",
    "cityRecipient": "Хмельницький"
  },
  {
    "number": 59000456068578,
    "dateTime": {
      "date": {
        "year": 2019,
        "month": 10,
        "day": 19
      },
      "time": {
        "hour": 8,
        "minute": 53,
        "second": 35,
        "nano": 0
      }
    },
    "citySender": "Снігурівка",
    "cityRecipient": "Одеса"
  },
  {
    "number": 59000456068580,
    "dateTime": {
      "date": {
        "year": 2019,
        "month": 10,
        "day": 19
      },
      "time": {
        "hour": 8,
        "minute": 53,
        "second": 36,
        "nano": 0
      }
    },
    "citySender": "Рогань(Велика Рогань)",
    "cityRecipient": "Одеса"
  },
  {
    "number": 59000456068581,
    "dateTime": {
      "date": {
        "year": 2019,
        "month": 10,
        "day": 19
      },
      "time": {
        "hour": 8,
        "minute": 53,
        "second": 37,
        "nano": 0
      }
    },
    "citySender": "Жовква",
    "cityRecipient": "Авангард"
  },
  {
    "number": 59000456068582,
    "dateTime": {
      "date": {
        "year": 2019,
        "month": 10,
        "day": 19
      },
      "time": {
        "hour": 8,
        "minute": 53,
        "second": 38,
        "nano": 0
      }
    },
    "citySender": "Марганець",
    "cityRecipient": "Київ"
  },
  {
    "number": 59000456068583,
    "dateTime": {
      "date": {
        "year": 2019,
        "month": 10,
        "day": 19
      },
      "time": {
        "hour": 8,
        "minute": 53,
        "second": 38,
        "nano": 0
      }
    },
    "citySender": "Ірпінь",
    "cityRecipient": "Чернятин (Жмеринський р-н)"
  },
  {
    "number": 59000456068585,
    "dateTime": {
      "date": {
        "year": 2019,
        "month": 10,
        "day": 19
      },
      "time": {
        "hour": 8,
        "minute": 53,
        "second": 40,
        "nano": 0
      }
    },
    "citySender": "Карлівка",
    "cityRecipient": "Вільне (Криворізький р-н)"
  },
  {
    "number": 59000456068586,
    "dateTime": {
      "date": {
        "year": 2019,
        "month": 10,
        "day": 19
      },
      "time": {
        "hour": 8,
        "minute": 53,
        "second": 40,
        "nano": 0
      }
    },
    "citySender": "Харків",
    "cityRecipient": "Одеса"
  },
  {
    "number": 59000456068587,
    "dateTime": {
      "date": {
        "year": 2019,
        "month": 10,
        "day": 19
      },
      "time": {
        "hour": 8,
        "minute": 53,
        "second": 41,
        "nano": 0
      }
    },
    "citySender": "Люботин",
    "cityRecipient": "Київ"
  },
  {
    "number": 59000456068588,
    "dateTime": {
      "date": {
        "year": 2019,
        "month": 10,
        "day": 19
      },
      "time": {
        "hour": 8,
        "minute": 53,
        "second": 27,
        "nano": 0
      }
    },
    "citySender": "Сватове",
    "cityRecipient": "Орлівщина"
  },
  {
    "number": 59000456068589,
    "dateTime": {
      "date": {
        "year": 2019,
        "month": 10,
        "day": 19
      },
      "time": {
        "hour": 8,
        "minute": 53,
        "second": 6,
        "nano": 0
      }
    },
    "citySender": "Піщане ( Полтавська обл.)",
    "cityRecipient": "Нові Петрівці"
  },
  {
    "number": 59000456068590,
    "dateTime": {
      "date": {
        "year": 2019,
        "month": 10,
        "day": 19
      },
      "time": {
        "hour": 8,
        "minute": 53,
        "second": 31,
        "nano": 0
      }
    },
    "citySender": "Запоріжжя",
    "cityRecipient": "Запоріжжя"
  },
  {
    "number": 59000456068591,
    "dateTime": {
      "date": {
        "year": 2019,
        "month": 10,
        "day": 19
      },
      "time": {
        "hour": 8,
        "minute": 52,
        "second": 18,
        "nano": 0
      }
    },
    "citySender": "Мельниця-Подільська (Тернопільська обл.)",
    "cityRecipient": "Дніпро"
  },
  {
    "number": 59000456068592,
    "dateTime": {
      "date": {
        "year": 2019,
        "month": 10,
        "day": 19
      },
      "time": {
        "hour": 8,
        "minute": 53,
        "second": 21,
        "nano": 0
      }
    },
    "citySender": "Овідіополь",
    "cityRecipient": "Херсон"
  },
  {
    "number": 59000456068593,
    "dateTime": {
      "date": {
        "year": 2019,
        "month": 10,
        "day": 19
      },
      "time": {
        "hour": 8,
        "minute": 53,
        "second": 46,
        "nano": 0
      }
    },
    "citySender": "Івано-Франкове",
    "cityRecipient": "Прилуки"
  },
  {
    "number": 59000456068594,
    "dateTime": {
      "date": {
        "year": 2019,
        "month": 10,
        "day": 19
      },
      "time": {
        "hour": 8,
        "minute": 53,
        "second": 48,
        "nano": 0
      }
    },
    "citySender": "Маріуполь",
    "cityRecipient": "Дніпро"
  },
  {
    "number": 59000456068595,
    "dateTime": {
      "date": {
        "year": 2019,
        "month": 10,
        "day": 19
      },
      "time": {
        "hour": 8,
        "minute": 53,
        "second": 41,
        "nano": 0
      }
    },
    "citySender": "Любимівка (Каховський р-н)",
    "cityRecipient": "Очаків"
  },
  {
    "number": 59000456068596,
    "dateTime": {
      "date": {
        "year": 2019,
        "month": 10,
        "day": 19
      },
      "time": {
        "hour": 8,
        "minute": 53,
        "second": 48,
        "nano": 0
      }
    },
    "citySender": "Хуст",
    "cityRecipient": "Одеса"
  },
  {
    "number": 59000456068597,
    "dateTime": {
      "date": {
        "year": 2019,
        "month": 10,
        "day": 19
      },
      "time": {
        "hour": 8,
        "minute": 53,
        "second": 52,
        "nano": 0
      }
    },
    "citySender": "Миколаїв",
    "cityRecipient": "Київ"
  },
  {
    "number": 59000456068598,
    "dateTime": {
      "date": {
        "year": 2019,
        "month": 10,
        "day": 19
      },
      "time": {
        "hour": 8,
        "minute": 53,
        "second": 53,
        "nano": 0
      }
    },
    "citySender": "Жовква",
    "cityRecipient": "Київ"
  },
  {
    "number": 59000456068599,
    "dateTime": {
      "date": {
        "year": 2019,
        "month": 10,
        "day": 19
      },
      "time": {
        "hour": 8,
        "minute": 53,
        "second": 53,
        "nano": 0
      }
    },
    "citySender": "Харків",
    "cityRecipient": "Бохоники"
  },
  {
    "number": 59000456068600,
    "dateTime": {
      "date": {
        "year": 2019,
        "month": 10,
        "day": 19
      },
      "time": {
        "hour": 8,
        "minute": 53,
        "second": 53,
        "nano": 0
      }
    },
    "citySender": "Харків",
    "cityRecipient": "Якушинці"
  },
  {
    "number": 59000456068601,
    "dateTime": {
      "date": {
        "year": 2019,
        "month": 10,
        "day": 19
      },
      "time": {
        "hour": 8,
        "minute": 53,
        "second": 12,
        "nano": 0
      }
    },
    "citySender": "Одеса",
    "cityRecipient": "Боярка"
  },
  {
    "number": 59000456068602,
    "dateTime": {
      "date": {
        "year": 2019,
        "month": 10,
        "day": 19
      },
      "time": {
        "hour": 8,
        "minute": 53,
        "second": 44,
        "nano": 0
      }
    },
    "citySender": "Київ",
    "cityRecipient": "Київ"
  }
]