[
  {
    "number": 59000455803884,
    "dateTime": {
      "date": {
        "year": 2019,
        "month": 10,
        "day": 18
      },
      "time": {
        "hour": 9,
        "minute": 7,
        "second": 25,
        "nano": 0
      }
    },
    "citySender": "Вилок (Закарпатська обл.)",
    "cityRecipient": "Фастів"
  },
  {
    "number": 59000455803885,
    "dateTime": {
      "date": {
        "year": 2019,
        "month": 10,
        "day": 18
      },
      "time": {
        "hour": 9,
        "minute": 6,
        "second": 49,
        "nano": 0
      }
    },
    "citySender": "Якимівка (Запорізька обл.)",
    "cityRecipient": "Київ"
  },
  {
    "number": 59000455803886,
    "dateTime": {
      "date": {
        "year": 2019,
        "month": 10,
        "day": 18
      },
      "time": {
        "hour": 9,
        "minute": 7,
        "second": 33,
        "nano": 0
      }
    },
    "citySender": "Козельщина",
    "cityRecipient": "Кобеляки"
  },
  {
    "number": 59000455803887,
    "dateTime": {
      "date": {
        "year": 2019,
        "month": 10,
        "day": 18
      },
      "time": {
        "hour": 9,
        "minute": 7,
        "second": 34,
        "nano": 0
      }
    },
    "citySender": "Черкаси",
    "cityRecipient": "Авангард"
  },
  {
    "number": 59000455803889,
    "dateTime": {
      "date": {
        "year": 2019,
        "month": 10,
        "day": 18
      },
      "time": {
        "hour": 9,
        "minute": 5,
        "second": 43,
        "nano": 0
      }
    },
    "citySender": "Українка",
    "cityRecipient": "Проліски"
  },
  {
    "number": 59000455803890,
    "dateTime": {
      "date": {
        "year": 2019,
        "month": 10,
        "day": 18
      },
      "time": {
        "hour": 9,
        "minute": 7,
        "second": 34,
        "nano": 0
      }
    },
    "citySender": "Ірпінь",
    "cityRecipient": "Львів"
  },
  {
    "number": 59000455803891,
    "dateTime": {
      "date": {
        "year": 2019,
        "month": 10,
        "day": 18
      },
      "time": {
        "hour": 9,
        "minute": 7,
        "second": 28,
        "nano": 0
      }
    },
    "citySender": "Київ",
    "cityRecipient": "Київ"
  },
  {
    "number": 59000455803892,
    "dateTime": {
      "date": {
        "year": 2019,
        "month": 10,
        "day": 18
      },
      "time": {
        "hour": 9,
        "minute": 7,
        "second": 8,
        "nano": 0
      }
    },
    "citySender": "Золотоноша",
    "cityRecipient": "Южне"
  },
  {
    "number": 59000455803893,
    "dateTime": {
      "date": {
        "year": 2019,
        "month": 10,
        "day": 18
      },
      "time": {
        "hour": 9,
        "minute": 6,
        "second": 50,
        "nano": 0
      }
    },
    "citySender": "Чернігів",
    "cityRecipient": "Колки"
  },
  {
    "number": 59000455803894,
    "dateTime": {
      "date": {
        "year": 2019,
        "month": 10,
        "day": 18
      },
      "time": {
        "hour": 9,
        "minute": 7,
        "second": 11,
        "nano": 0
      }
    },
    "citySender": "Обухівка",
    "cityRecipient": "Іларіонове"
  },
  {
    "number": 59000455803896,
    "dateTime": {
      "date": {
        "year": 2019,
        "month": 10,
        "day": 18
      },
      "time": {
        "hour": 9,
        "minute": 7,
        "second": 36,
        "nano": 0
      }
    },
    "citySender": "Коломия",
    "cityRecipient": "Авангард"
  },
  {
    "number": 59000455803897,
    "dateTime": {
      "date": {
        "year": 2019,
        "month": 10,
        "day": 18
      },
      "time": {
        "hour": 9,
        "minute": 7,
        "second": 36,
        "nano": 0
      }
    },
    "citySender": "Ківерці",
    "cityRecipient": "Харків"
  },
  {
    "number": 59000455803898,
    "dateTime": {
      "date": {
        "year": 2019,
        "month": 10,
        "day": 18
      },
      "time": {
        "hour": 9,
        "minute": 7,
        "second": 31,
        "nano": 0
      }
    },
    "citySender": "Київ",
    "cityRecipient": "Київ"
  },
  {
    "number": 59000455803899,
    "dateTime": {
      "date": {
        "year": 2019,
        "month": 10,
        "day": 18
      },
      "time": {
        "hour": 9,
        "minute": 7,
        "second": 12,
        "nano": 0
      }
    },
    "citySender": "Буча",
    "cityRecipient": "Львів"
  },
  {
    "number": 59000455803900,
    "dateTime": {
      "date": {
        "year": 2019,
        "month": 10,
        "day": 18
      },
      "time": {
        "hour": 9,
        "minute": 7,
        "second": 20,
        "nano": 0
      }
    },
    "citySender": "Біла Церква",
    "cityRecipient": "Київ"
  },
  {
    "number": 59000455803901,
    "dateTime": {
      "date": {
        "year": 2019,
        "month": 10,
        "day": 18
      },
      "time": {
        "hour": 9,
        "minute": 7,
        "second": 24,
        "nano": 0
      }
    },
    "citySender": "Старобільськ",
    "cityRecipient": "Хмельницький"
  },
  {
    "number": 59000455803902,
    "dateTime": {
      "date": {
        "year": 2019,
        "month": 10,
        "day": 18
      },
      "time": {
        "hour": 9,
        "minute": 7,
        "second": 34,
        "nano": 0
      }
    },
    "citySender": "Полтава",
    "cityRecipient": "Маріуполь"
  },
  {
    "number": 59000455803903,
    "dateTime": {
      "date": {
        "year": 2019,
        "month": 10,
        "day": 18
      },
      "time": {
        "hour": 9,
        "minute": 7,
        "second": 27,
        "nano": 0
      }
    },
    "citySender": "Київ",
    "cityRecipient": "Сарата"
  },
  {
    "number": 59000455803904,
    "dateTime": {
      "date": {
        "year": 2019,
        "month": 10,
        "day": 18
      },
      "time": {
        "hour": 9,
        "minute": 7,
        "second": 16,
        "nano": 0
      }
    },
    "citySender": "Могилів-Подільський",
    "cityRecipient": "Мукачево"
  },
  {
    "number": 59000455803905,
    "dateTime": {
      "date": {
        "year": 2019,
        "month": 10,
        "day": 18
      },
      "time": {
        "hour": 9,
        "minute": 7,
        "second": 11,
        "nano": 0
      }
    },
    "citySender": "Полтава",
    "cityRecipient": "Херсон"
  },
  {
    "number": 59000455803906,
    "dateTime": {
      "date": {
        "year": 2019,
        "month": 10,
        "day": 18
      },
      "time": {
        "hour": 9,
        "minute": 7,
        "second": 24,
        "nano": 0
      }
    },
    "citySender": "Стрий",
    "cityRecipient": "Городенка"
  },
  {
    "number": 59000455803907,
    "dateTime": {
      "date": {
        "year": 2019,
        "month": 10,
        "day": 18
      },
      "time": {
        "hour": 9,
        "minute": 6,
        "second": 44,
        "nano": 0
      }
    },
    "citySender": "Жашків",
    "cityRecipient": "Золотоноша"
  },
  {
    "number": 59000455803908,
    "dateTime": {
      "date": {
        "year": 2019,
        "month": 10,
        "day": 18
      },
      "time": {
        "hour": 9,
        "minute": 6,
        "second": 50,
        "nano": 0
      }
    },
    "citySender": "Теплодар",
    "cityRecipient": "Одеса"
  },
  {
    "number": 59000455803909,
    "dateTime": {
      "date": {
        "year": 2019,
        "month": 10,
        "day": 18
      },
      "time": {
        "hour": 9,
        "minute": 7,
        "second": 2,
        "nano": 0
      }
    },
    "citySender": "Гірник",
    "cityRecipient": "Одеса"
  },
  {
    "number": 59000455803910,
    "dateTime": {
      "date": {
        "year": 2019,
        "month": 10,
        "day": 18
      },
      "time": {
        "hour": 9,
        "minute": 7,
        "second": 6,
        "nano": 0
      }
    },
    "citySender": "Ізюм",
    "cityRecipient": "Перемишляни"
  },
  {
    "number": 59000455803911,
    "dateTime": {
      "date": {
        "year": 2019,
        "month": 10,
        "day": 18
      },
      "time": {
        "hour": 9,
        "minute": 7,
        "second": 33,
        "nano": 0
      }
    },
    "citySender": "Харків",
    "cityRecipient": "Пісочин"
  },
  {
    "number": 59000455803912,
    "dateTime": {
      "date": {
        "year": 2019,
        "month": 10,
        "day": 18
      },
      "time": {
        "hour": 9,
        "minute": 7,
        "second": 9,
        "nano": 0
      }
    },
    "citySender": "Іршава",
    "cityRecipient": "Берегове"
  },
  {
    "number": 59000455803913,
    "dateTime": {
      "date": {
        "year": 2019,
        "month": 10,
        "day": 18
      },
      "time": {
        "hour": 9,
        "minute": 7,
        "second": 33,
        "nano": 0
      }
    },
    "citySender": "Козача Лопань",
    "cityRecipient": "Харків"
  },
  {
    "number": 59000455803914,
    "dateTime": {
      "date": {
        "year": 2019,
        "month": 10,
        "day": 18
      },
      "time": {
        "hour": 9,
        "minute": 7,
        "second": 3,
        "nano": 0
      }
    },
    "citySender": "Маньківка",
    "cityRecipient": "Івано-Франківськ"
  },
  {
    "number": 59000455803915,
    "dateTime": {
      "date": {
        "year": 2019,
        "month": 10,
        "day": 18
      },
      "time": {
        "hour": 9,
        "minute": 7,
        "second": 26,
        "nano": 0
      }
    },
    "citySender": "Нікополь (Дніпропетровська обл.)",
    "cityRecipient": "Харків"
  },
  {
    "number": 59000455803916,
    "dateTime": {
      "date": {
        "year": 2019,
        "month": 10,
        "day": 18
      },
      "time": {
        "hour": 9,
        "minute": 7,
        "second": 40,
        "nano": 0
      }
    },
    "citySender": "Підгородне (Дніпропетровська обл.)",
    "cityRecipient": "Старий Остропіль"
  },
  {
    "number": 59000455803917,
    "dateTime": {
      "date": {
        "year": 2019,
        "month": 10,
        "day": 18
      },
      "time": {
        "hour": 9,
        "minute": 7,
        "second": 26,
        "nano": 0
      }
    },
    "citySender": "Біленьке(Запорізька обл.)",
    "cityRecipient": "Київ"
  },
  {
    "number": 59000455803918,
    "dateTime": {
      "date": {
        "year": 2019,
        "month": 10,
        "day": 18
      },
      "time": {
        "hour": 9,
        "minute": 7,
        "second": 41,
        "nano": 0
      }
    },
    "citySender": "Львів",
    "cityRecipient": "Одеса"
  },
  {
    "number": 59000455803920,
    "dateTime": {
      "date": {
        "year": 2019,
        "month": 10,
        "day": 18
      },
      "time": {
        "hour": 9,
        "minute": 7,
        "second": 41,
        "nano": 0
      }
    },
    "citySender": "Покровськ (Донецька обл.)",
    "cityRecipient": "Дніпро"
  },
  {
    "number": 59000455803921,
    "dateTime": {
      "date": {
        "year": 2019,
        "month": 10,
        "day": 18
      },
      "time": {
        "hour": 9,
        "minute": 7,
        "second": 21,
        "nano": 0
      }
    },
    "citySender": "Краматорськ",
    "cityRecipient": "Суми"
  },
  {
    "number": 59000455803922,
    "dateTime": {
      "date": {
        "year": 2019,
        "month": 10,
        "day": 18
      },
      "time": {
        "hour": 9,
        "minute": 7,
        "second": 27,
        "nano": 0
      }
    },
    "citySender": "Шумськ",
    "cityRecipient": "Хмельницький"
  },
  {
    "number": 59000455803923,
    "dateTime": {
      "date": {
        "year": 2019,
        "month": 10,
        "day": 18
      },
      "time": {
        "hour": 9,
        "minute": 7,
        "second": 16,
        "nano": 0
      }
    },
    "citySender": "Дунаївці",
    "cityRecipient": "Ізмаїл"
  },
  {
    "number": 59000455803924,
    "dateTime": {
      "date": {
        "year": 2019,
        "month": 10,
        "day": 18
      },
      "time": {
        "hour": 9,
        "minute": 7,
        "second": 37,
        "nano": 0
      }
    },
    "citySender": "Оксамитне",
    "cityRecipient": "Кам\u0027янське(Дніпропетровська обл)"
  },
  {
    "number": 59000455803925,
    "dateTime": {
      "date": {
        "year": 2019,
        "month": 10,
        "day": 18
      },
      "time": {
        "hour": 9,
        "minute": 5,
        "second": 55,
        "nano": 0
      }
    },
    "citySender": "Олика",
    "cityRecipient": "Миколаїв"
  },
  {
    "number": 59000455803926,
    "dateTime": {
      "date": {
        "year": 2019,
        "month": 10,
        "day": 18
      },
      "time": {
        "hour": 9,
        "minute": 6,
        "second": 56,
        "nano": 0
      }
    },
    "citySender": "Арциз",
    "cityRecipient": "Харків"
  },
  {
    "number": 59000455803927,
    "dateTime": {
      "date": {
        "year": 2019,
        "month": 10,
        "day": 18
      },
      "time": {
        "hour": 9,
        "minute": 6,
        "second": 59,
        "nano": 0
      }
    },
    "citySender": "Полтава",
    "cityRecipient": "Тернопіль"
  },
  {
    "number": 59000455803929,
    "dateTime": {
      "date": {
        "year": 2019,
        "month": 10,
        "day": 18
      },
      "time": {
        "hour": 9,
        "minute": 7,
        "second": 6,
        "nano": 0
      }
    },
    "citySender": "Тарасівка",
    "cityRecipient": "Херсон"
  },
  {
    "number": 59000455803930,
    "dateTime": {
      "date": {
        "year": 2019,
        "month": 10,
        "day": 18
      },
      "time": {
        "hour": 9,
        "minute": 7,
        "second": 22,
        "nano": 0
      }
    },
    "citySender": "Гоголів(Броварський р-н)",
    "cityRecipient": "Львів"
  },
  {
    "number": 59000455803931,
    "dateTime": {
      "date": {
        "year": 2019,
        "month": 10,
        "day": 18
      },
      "time": {
        "hour": 9,
        "minute": 6,
        "second": 20,
        "nano": 0
      }
    },
    "citySender": "Новоукраїнка",
    "cityRecipient": "Великий Дальник"
  },
  {
    "number": 59000455803932,
    "dateTime": {
      "date": {
        "year": 2019,
        "month": 10,
        "day": 18
      },
      "time": {
        "hour": 9,
        "minute": 6,
        "second": 55,
        "nano": 0
      }
    },
    "citySender": "Мукачево",
    "cityRecipient": "Черкаси"
  },
  {
    "number": 59000455803933,
    "dateTime": {
      "date": {
        "year": 2019,
        "month": 10,
        "day": 18
      },
      "time": {
        "hour": 9,
        "minute": 7,
        "second": 15,
        "nano": 0
      }
    },
    "citySender": "Бар",
    "cityRecipient": "Київ"
  },
  {
    "number": 59000455803934,
    "dateTime": {
      "date": {
        "year": 2019,
        "month": 10,
        "day": 18
      },
      "time": {
        "hour": 9,
        "minute": 7,
        "second": 18,
        "nano": 0
      }
    },
    "citySender": "Генічеськ",
    "cityRecipient": "Харків"
  },
  {
    "number": 59000455803935,
    "dateTime": {
      "date": {
        "year": 2019,
        "month": 10,
        "day": 18
      },
      "time": {
        "hour": 9,
        "minute": 7,
        "second": 44,
        "nano": 0
      }
    },
    "citySender": "Київ",
    "cityRecipient": "Одеса"
  },
  {
    "number": 59000455803936,
    "dateTime": {
      "date": {
        "year": 2019,
        "month": 10,
        "day": 18
      },
      "time": {
        "hour": 9,
        "minute": 7,
        "second": 33,
        "nano": 0
      }
    },
    "citySender": "Кривий Ріг",
    "cityRecipient": "Кам\u0027янське(Дніпропетровська обл)"
  },
  {
    "number": 59000455803937,
    "dateTime": {
      "date": {
        "year": 2019,
        "month": 10,
        "day": 18
      },
      "time": {
        "hour": 9,
        "minute": 7,
        "second": 44,
        "nano": 0
      }
    },
    "citySender": "Монастирище",
    "cityRecipient": "Рівне"
  },
  {
    "number": 59000455803938,
    "dateTime": {
      "date": {
        "year": 2019,
        "month": 10,
        "day": 18
      },
      "time": {
        "hour": 9,
        "minute": 6,
        "second": 20,
        "nano": 0
      }
    },
    "citySender": "Заводське(Лохвицький р-н,Полтав. обл)",
    "cityRecipient": "Львів"
  },
  {
    "number": 59000455803939,
    "dateTime": {
      "date": {
        "year": 2019,
        "month": 10,
        "day": 18
      },
      "time": {
        "hour": 9,
        "minute": 7,
        "second": 44,
        "nano": 0
      }
    },
    "citySender": "Розівка (Розівський р-н)",
    "cityRecipient": "Київ"
  },
  {
    "number": 59000455803940,
    "dateTime": {
      "date": {
        "year": 2019,
        "month": 10,
        "day": 18
      },
      "time": {
        "hour": 9,
        "minute": 7,
        "second": 27,
        "nano": 0
      }
    },
    "citySender": "Драбів",
    "cityRecipient": "Таїрове"
  },
  {
    "number": 59000455803941,
    "dateTime": {
      "date": {
        "year": 2019,
        "month": 10,
        "day": 18
      },
      "time": {
        "hour": 9,
        "minute": 7,
        "second": 45,
        "nano": 0
      }
    },
    "citySender": "Полтава",
    "cityRecipient": "Київ"
  },
  {
    "number": 59000455803942,
    "dateTime": {
      "date": {
        "year": 2019,
        "month": 10,
        "day": 18
      },
      "time": {
        "hour": 9,
        "minute": 7,
        "second": 40,
        "nano": 0
      }
    },
    "citySender": "Київ",
    "cityRecipient": "Київ"
  },
  {
    "number": 59000455803943,
    "dateTime": {
      "date": {
        "year": 2019,
        "month": 10,
        "day": 18
      },
      "time": {
        "hour": 9,
        "minute": 7,
        "second": 45,
        "nano": 0
      }
    },
    "citySender": "Чигирин",
    "cityRecipient": "Черкаси"
  },
  {
    "number": 59000455803944,
    "dateTime": {
      "date": {
        "year": 2019,
        "month": 10,
        "day": 18
      },
      "time": {
        "hour": 9,
        "minute": 6,
        "second": 41,
        "nano": 0
      }
    },
    "citySender": "Любомль",
    "cityRecipient": "Жмеринка"
  },
  {
    "number": 59000455803945,
    "dateTime": {
      "date": {
        "year": 2019,
        "month": 10,
        "day": 18
      },
      "time": {
        "hour": 9,
        "minute": 7,
        "second": 24,
        "nano": 0
      }
    },
    "citySender": "Маріуполь",
    "cityRecipient": "Тарасівка"
  },
  {
    "number": 59000455803946,
    "dateTime": {
      "date": {
        "year": 2019,
        "month": 10,
        "day": 18
      },
      "time": {
        "hour": 9,
        "minute": 7,
        "second": 32,
        "nano": 0
      }
    },
    "citySender": "Тернопіль",
    "cityRecipient": "Харків"
  },
  {
    "number": 59000455803947,
    "dateTime": {
      "date": {
        "year": 2019,
        "month": 10,
        "day": 18
      },
      "time": {
        "hour": 9,
        "minute": 6,
        "second": 31,
        "nano": 0
      }
    },
    "citySender": "Одеса",
    "cityRecipient": "Вишгород"
  },
  {
    "number": 59000455803948,
    "dateTime": {
      "date": {
        "year": 2019,
        "month": 10,
        "day": 18
      },
      "time": {
        "hour": 9,
        "minute": 7,
        "second": 45,
        "nano": 0
      }
    },
    "citySender": "Білгород-Дністровський",
    "cityRecipient": "Пісочин"
  },
  {
    "number": 59000455803949,
    "dateTime": {
      "date": {
        "year": 2019,
        "month": 10,
        "day": 18
      },
      "time": {
        "hour": 9,
        "minute": 7,
        "second": 32,
        "nano": 0
      }
    },
    "citySender": "Маневичі",
    "cityRecipient": "Маневичі"
  },
  {
    "number": 59000455803950,
    "dateTime": {
      "date": {
        "year": 2019,
        "month": 10,
        "day": 18
      },
      "time": {
        "hour": 9,
        "minute": 7,
        "second": 35,
        "nano": 0
      }
    },
    "citySender": "Пирятин",
    "cityRecipient": "Ворзель"
  },
  {
    "number": 59000455803951,
    "dateTime": {
      "date": {
        "year": 2019,
        "month": 10,
        "day": 18
      },
      "time": {
        "hour": 9,
        "minute": 7,
        "second": 41,
        "nano": 0
      }
    },
    "citySender": "Олександрівка (Миколаївська обл.)",
    "cityRecipient": "Дубов\u0027язівка"
  },
  {
    "number": 59000455803952,
    "dateTime": {
      "date": {
        "year": 2019,
        "month": 10,
        "day": 18
      },
      "time": {
        "hour": 9,
        "minute": 7,
        "second": 1,
        "nano": 0
      }
    },
    "citySender": "Володимир-Волинський",
    "cityRecipient": "Житомир"
  },
  {
    "number": 59000455803953,
    "dateTime": {
      "date": {
        "year": 2019,
        "month": 10,
        "day": 18
      },
      "time": {
        "hour": 9,
        "minute": 7,
        "second": 12,
        "nano": 0
      }
    },
    "citySender": "Київ",
    "cityRecipient": "Городок (Хмельницька обл.)"
  },
  {
    "number": 59000455803954,
    "dateTime": {
      "date": {
        "year": 2019,
        "month": 10,
        "day": 18
      },
      "time": {
        "hour": 9,
        "minute": 7,
        "second": 19,
        "nano": 0
      }
    },
    "citySender": "Рубіжне",
    "cityRecipient": "Одеса"
  },
  {
    "number": 59000455803955,
    "dateTime": {
      "date": {
        "year": 2019,
        "month": 10,
        "day": 18
      },
      "time": {
        "hour": 9,
        "minute": 7,
        "second": 24,
        "nano": 0
      }
    },
    "citySender": "Черкаси",
    "cityRecipient": "Кременчук"
  },
  {
    "number": 59000455803956,
    "dateTime": {
      "date": {
        "year": 2019,
        "month": 10,
        "day": 18
      },
      "time": {
        "hour": 9,
        "minute": 7,
        "second": 42,
        "nano": 0
      }
    },
    "citySender": "Калуш",
    "cityRecipient": "Олександрія (м.Кіровогр.обл.райц)"
  },
  {
    "number": 59000455803957,
    "dateTime": {
      "date": {
        "year": 2019,
        "month": 10,
        "day": 18
      },
      "time": {
        "hour": 9,
        "minute": 6,
        "second": 36,
        "nano": 0
      }
    },
    "citySender": "Зміїв",
    "cityRecipient": "Бердичів"
  },
  {
    "number": 59000455803958,
    "dateTime": {
      "date": {
        "year": 2019,
        "month": 10,
        "day": 18
      },
      "time": {
        "hour": 9,
        "minute": 7,
        "second": 45,
        "nano": 0
      }
    },
    "citySender": "Малехів",
    "cityRecipient": "Ужгород"
  },
  {
    "number": 59000455803959,
    "dateTime": {
      "date": {
        "year": 2019,
        "month": 10,
        "day": 18
      },
      "time": {
        "hour": 9,
        "minute": 7,
        "second": 44,
        "nano": 0
      }
    },
    "citySender": "Нерубайське",
    "cityRecipient": "Полтава"
  },
  {
    "number": 59000455803960,
    "dateTime": {
      "date": {
        "year": 2019,
        "month": 10,
        "day": 18
      },
      "time": {
        "hour": 9,
        "minute": 4,
        "second": 23,
        "nano": 0
      }
    },
    "citySender": "Овруч",
    "cityRecipient": "Київ"
  },
  {
    "number": 59000455803961,
    "dateTime": {
      "date": {
        "year": 2019,
        "month": 10,
        "day": 18
      },
      "time": {
        "hour": 9,
        "minute": 6,
        "second": 56,
        "nano": 0
      }
    },
    "citySender": "Івано-Франківськ",
    "cityRecipient": "Дубіївка"
  },
  {
    "number": 59000455803963,
    "dateTime": {
      "date": {
        "year": 2019,
        "month": 10,
        "day": 18
      },
      "time": {
        "hour": 9,
        "minute": 7,
        "second": 0,
        "nano": 0
      }
    },
    "citySender": "Полтава",
    "cityRecipient": "Васильків"
  },
  {
    "number": 59000455803964,
    "dateTime": {
      "date": {
        "year": 2019,
        "month": 10,
        "day": 18
      },
      "time": {
        "hour": 9,
        "minute": 7,
        "second": 26,
        "nano": 0
      }
    },
    "citySender": "Богуслав (Київська обл.)",
    "cityRecipient": "Херсон"
  },
  {
    "number": 59000455803965,
    "dateTime": {
      "date": {
        "year": 2019,
        "month": 10,
        "day": 18
      },
      "time": {
        "hour": 9,
        "minute": 6,
        "second": 55,
        "nano": 0
      }
    },
    "citySender": "Павлоград",
    "cityRecipient": "Умань"
  },
  {
    "number": 59000455803966,
    "dateTime": {
      "date": {
        "year": 2019,
        "month": 10,
        "day": 18
      },
      "time": {
        "hour": 9,
        "minute": 7,
        "second": 30,
        "nano": 0
      }
    },
    "citySender": "Горішні Плавні",
    "cityRecipient": "Київ"
  },
  {
    "number": 59000455803967,
    "dateTime": {
      "date": {
        "year": 2019,
        "month": 10,
        "day": 18
      },
      "time": {
        "hour": 9,
        "minute": 7,
        "second": 46,
        "nano": 0
      }
    },
    "citySender": "Горностаївка",
    "cityRecipient": "Чорноморськ"
  },
  {
    "number": 59000455803969,
    "dateTime": {
      "date": {
        "year": 2019,
        "month": 10,
        "day": 18
      },
      "time": {
        "hour": 9,
        "minute": 7,
        "second": 46,
        "nano": 0
      }
    },
    "citySender": "Вилок (Закарпатська обл.)",
    "cityRecipient": "Вилок (Закарпатська обл.)"
  },
  {
    "number": 59000455803970,
    "dateTime": {
      "date": {
        "year": 2019,
        "month": 10,
        "day": 18
      },
      "time": {
        "hour": 9,
        "minute": 6,
        "second": 38,
        "nano": 0
      }
    },
    "citySender": "Хмельницький",
    "cityRecipient": "Київ"
  },
  {
    "number": 59000455803971,
    "dateTime": {
      "date": {
        "year": 2019,
        "month": 10,
        "day": 18
      },
      "time": {
        "hour": 9,
        "minute": 7,
        "second": 46,
        "nano": 0
      }
    },
    "citySender": "Пологи (Запорізька обл.)",
    "cityRecipient": "Кам\u0027янка-Дніпровська (Запорізька обл.)"
  },
  {
    "number": 59000455803972,
    "dateTime": {
      "date": {
        "year": 2019,
        "month": 10,
        "day": 18
      },
      "time": {
        "hour": 9,
        "minute": 7,
        "second": 24,
        "nano": 0
      }
    },
    "citySender": "Дунаївці",
    "cityRecipient": "Нетішин"
  },
  {
    "number": 59000455803973,
    "dateTime": {
      "date": {
        "year": 2019,
        "month": 10,
        "day": 18
      },
      "time": {
        "hour": 9,
        "minute": 7,
        "second": 33,
        "nano": 0
      }
    },
    "citySender": "Київ",
    "cityRecipient": "Дрогобич"
  },
  {
    "number": 59000455803974,
    "dateTime": {
      "date": {
        "year": 2019,
        "month": 10,
        "day": 18
      },
      "time": {
        "hour": 9,
        "minute": 7,
        "second": 40,
        "nano": 0
      }
    },
    "citySender": "Харків",
    "cityRecipient": "Чайки"
  },
  {
    "number": 59000455803975,
    "dateTime": {
      "date": {
        "year": 2019,
        "month": 10,
        "day": 18
      },
      "time": {
        "hour": 9,
        "minute": 7,
        "second": 9,
        "nano": 0
      }
    },
    "citySender": "Шпола",
    "cityRecipient": "Київ"
  },
  {
    "number": 59000455803977,
    "dateTime": {
      "date": {
        "year": 2019,
        "month": 10,
        "day": 18
      },
      "time": {
        "hour": 9,
        "minute": 7,
        "second": 15,
        "nano": 0
      }
    },
    "citySender": "Чабани",
    "cityRecipient": "Одеса"
  },
  {
    "number": 59000455803978,
    "dateTime": {
      "date": {
        "year": 2019,
        "month": 10,
        "day": 18
      },
      "time": {
        "hour": 9,
        "minute": 7,
        "second": 46,
        "nano": 0
      }
    },
    "citySender": "Мелітополь",
    "cityRecipient": "Дніпро"
  },
  {
    "number": 59000455803979,
    "dateTime": {
      "date": {
        "year": 2019,
        "month": 10,
        "day": 18
      },
      "time": {
        "hour": 9,
        "minute": 6,
        "second": 25,
        "nano": 0
      }
    },
    "citySender": "Чечельник",
    "cityRecipient": "Київ"
  },
  {
    "number": 59000455803980,
    "dateTime": {
      "date": {
        "year": 2019,
        "month": 10,
        "day": 18
      },
      "time": {
        "hour": 9,
        "minute": 6,
        "second": 48,
        "nano": 0
      }
    },
    "citySender": "Апостолове",
    "cityRecipient": "Дніпро"
  },
  {
    "number": 59000455803981,
    "dateTime": {
      "date": {
        "year": 2019,
        "month": 10,
        "day": 18
      },
      "time": {
        "hour": 9,
        "minute": 7,
        "second": 14,
        "nano": 0
      }
    },
    "citySender": "Гадяч",
    "cityRecipient": "Оржиця"
  },
  {
    "number": 59000455803982,
    "dateTime": {
      "date": {
        "year": 2019,
        "month": 10,
        "day": 18
      },
      "time": {
        "hour": 9,
        "minute": 7,
        "second": 49,
        "nano": 0
      }
    },
    "citySender": "Одеса",
    "cityRecipient": "Одеса"
  },
  {
    "number": 59000455803983,
    "dateTime": {
      "date": {
        "year": 2019,
        "month": 10,
        "day": 18
      },
      "time": {
        "hour": 9,
        "minute": 7,
        "second": 41,
        "nano": 0
      }
    },
    "citySender": "Одеса",
    "cityRecipient": "Миколаїв"
  }
]