[
  {
    "number": 59000455834667,
    "dateTime": {
      "date": {
        "year": 2019,
        "month": 10,
        "day": 18
      },
      "time": {
        "hour": 10,
        "minute": 50,
        "second": 2,
        "nano": 0
      }
    },
    "citySender": "Веселинове",
    "cityRecipient": "Новий Буг"
  },
  {
    "number": 59000455834668,
    "dateTime": {
      "date": {
        "year": 2019,
        "month": 10,
        "day": 18
      },
      "time": {
        "hour": 10,
        "minute": 50,
        "second": 11,
        "nano": 0
      }
    },
    "citySender": "Івано-Франкове",
    "cityRecipient": "Глобине"
  },
  {
    "number": 59000455834669,
    "dateTime": {
      "date": {
        "year": 2019,
        "month": 10,
        "day": 18
      },
      "time": {
        "hour": 10,
        "minute": 49,
        "second": 56,
        "nano": 0
      }
    },
    "citySender": "Київ",
    "cityRecipient": "Кременчук"
  },
  {
    "number": 59000455834670,
    "dateTime": {
      "date": {
        "year": 2019,
        "month": 10,
        "day": 18
      },
      "time": {
        "hour": 10,
        "minute": 49,
        "second": 47,
        "nano": 0
      }
    },
    "citySender": "Теребовля",
    "cityRecipient": "Павлоград"
  },
  {
    "number": 59000455834671,
    "dateTime": {
      "date": {
        "year": 2019,
        "month": 10,
        "day": 18
      },
      "time": {
        "hour": 10,
        "minute": 49,
        "second": 38,
        "nano": 0
      }
    },
    "citySender": "Одеса",
    "cityRecipient": "Одеса"
  },
  {
    "number": 59000455834672,
    "dateTime": {
      "date": {
        "year": 2019,
        "month": 10,
        "day": 18
      },
      "time": {
        "hour": 10,
        "minute": 50,
        "second": 0,
        "nano": 0
      }
    },
    "citySender": "Одеса",
    "cityRecipient": "Харків"
  },
  {
    "number": 59000455834673,
    "dateTime": {
      "date": {
        "year": 2019,
        "month": 10,
        "day": 18
      },
      "time": {
        "hour": 10,
        "minute": 48,
        "second": 58,
        "nano": 0
      }
    },
    "citySender": "Вінниця",
    "cityRecipient": "Дніпро"
  },
  {
    "number": 59000455834674,
    "dateTime": {
      "date": {
        "year": 2019,
        "month": 10,
        "day": 18
      },
      "time": {
        "hour": 10,
        "minute": 49,
        "second": 57,
        "nano": 0
      }
    },
    "citySender": "Житомир",
    "cityRecipient": "Київ"
  },
  {
    "number": 59000455834675,
    "dateTime": {
      "date": {
        "year": 2019,
        "month": 10,
        "day": 18
      },
      "time": {
        "hour": 10,
        "minute": 50,
        "second": 9,
        "nano": 0
      }
    },
    "citySender": "Новоайдар",
    "cityRecipient": "Одеса"
  },
  {
    "number": 59000455834676,
    "dateTime": {
      "date": {
        "year": 2019,
        "month": 10,
        "day": 18
      },
      "time": {
        "hour": 10,
        "minute": 49,
        "second": 26,
        "nano": 0
      }
    },
    "citySender": "Нікополь (Дніпропетровська обл.)",
    "cityRecipient": "Кропивницький"
  },
  {
    "number": 59000455834677,
    "dateTime": {
      "date": {
        "year": 2019,
        "month": 10,
        "day": 18
      },
      "time": {
        "hour": 10,
        "minute": 48,
        "second": 45,
        "nano": 0
      }
    },
    "citySender": "Добровеличківка",
    "cityRecipient": "Одеса"
  },
  {
    "number": 59000455834678,
    "dateTime": {
      "date": {
        "year": 2019,
        "month": 10,
        "day": 18
      },
      "time": {
        "hour": 10,
        "minute": 50,
        "second": 12,
        "nano": 0
      }
    },
    "citySender": "Івано-Франківськ",
    "cityRecipient": "Угринів (Тисменицький р-н., Івано-Франк. обл.)"
  },
  {
    "number": 59000455834679,
    "dateTime": {
      "date": {
        "year": 2019,
        "month": 10,
        "day": 18
      },
      "time": {
        "hour": 10,
        "minute": 49,
        "second": 27,
        "nano": 0
      }
    },
    "citySender": "Запоріжжя",
    "cityRecipient": "Вишневе"
  },
  {
    "number": 59000455834680,
    "dateTime": {
      "date": {
        "year": 2019,
        "month": 10,
        "day": 18
      },
      "time": {
        "hour": 10,
        "minute": 49,
        "second": 48,
        "nano": 0
      }
    },
    "citySender": "Київ",
    "cityRecipient": "Переяслав-Хмельницький"
  },
  {
    "number": 59000455834681,
    "dateTime": {
      "date": {
        "year": 2019,
        "month": 10,
        "day": 18
      },
      "time": {
        "hour": 10,
        "minute": 49,
        "second": 40,
        "nano": 0
      }
    },
    "citySender": "Гайсин",
    "cityRecipient": "Чернівці"
  },
  {
    "number": 59000455834682,
    "dateTime": {
      "date": {
        "year": 2019,
        "month": 10,
        "day": 18
      },
      "time": {
        "hour": 10,
        "minute": 49,
        "second": 57,
        "nano": 0
      }
    },
    "citySender": "Київ",
    "cityRecipient": "Одеса"
  },
  {
    "number": 59000455834683,
    "dateTime": {
      "date": {
        "year": 2019,
        "month": 10,
        "day": 18
      },
      "time": {
        "hour": 10,
        "minute": 48,
        "second": 54,
        "nano": 0
      }
    },
    "citySender": "Томаківка",
    "cityRecipient": "Дніпро"
  },
  {
    "number": 59000455834684,
    "dateTime": {
      "date": {
        "year": 2019,
        "month": 10,
        "day": 18
      },
      "time": {
        "hour": 10,
        "minute": 49,
        "second": 54,
        "nano": 0
      }
    },
    "citySender": "Київ",
    "cityRecipient": "Суми"
  },
  {
    "number": 59000455834685,
    "dateTime": {
      "date": {
        "year": 2019,
        "month": 10,
        "day": 18
      },
      "time": {
        "hour": 10,
        "minute": 49,
        "second": 49,
        "nano": 0
      }
    },
    "citySender": "Гірське",
    "cityRecipient": "Ставище"
  },
  {
    "number": 59000455834686,
    "dateTime": {
      "date": {
        "year": 2019,
        "month": 10,
        "day": 18
      },
      "time": {
        "hour": 10,
        "minute": 49,
        "second": 58,
        "nano": 0
      }
    },
    "citySender": "Маріуполь",
    "cityRecipient": "Рівне"
  },
  {
    "number": 59000455834687,
    "dateTime": {
      "date": {
        "year": 2019,
        "month": 10,
        "day": 18
      },
      "time": {
        "hour": 10,
        "minute": 50,
        "second": 8,
        "nano": 0
      }
    },
    "citySender": "Знам\u0027янка (Кіровоградська обл.)",
    "cityRecipient": "Побузьке"
  },
  {
    "number": 59000455834688,
    "dateTime": {
      "date": {
        "year": 2019,
        "month": 10,
        "day": 18
      },
      "time": {
        "hour": 10,
        "minute": 48,
        "second": 29,
        "nano": 0
      }
    },
    "citySender": "Андрушівка",
    "cityRecipient": "Одеса"
  },
  {
    "number": 59000455834689,
    "dateTime": {
      "date": {
        "year": 2019,
        "month": 10,
        "day": 18
      },
      "time": {
        "hour": 10,
        "minute": 50,
        "second": 16,
        "nano": 0
      }
    },
    "citySender": "Світловодськ",
    "cityRecipient": "Власівка"
  },
  {
    "number": 59000455834690,
    "dateTime": {
      "date": {
        "year": 2019,
        "month": 10,
        "day": 18
      },
      "time": {
        "hour": 10,
        "minute": 49,
        "second": 59,
        "nano": 0
      }
    },
    "citySender": "Київ",
    "cityRecipient": "Київ"
  },
  {
    "number": 59000455834691,
    "dateTime": {
      "date": {
        "year": 2019,
        "month": 10,
        "day": 18
      },
      "time": {
        "hour": 10,
        "minute": 49,
        "second": 58,
        "nano": 0
      }
    },
    "citySender": "Київ",
    "cityRecipient": "Київ"
  },
  {
    "number": 59000455834692,
    "dateTime": {
      "date": {
        "year": 2019,
        "month": 10,
        "day": 18
      },
      "time": {
        "hour": 10,
        "minute": 50,
        "second": 8,
        "nano": 0
      }
    },
    "citySender": "Жидачів",
    "cityRecipient": "Київ"
  },
  {
    "number": 59000455834693,
    "dateTime": {
      "date": {
        "year": 2019,
        "month": 10,
        "day": 18
      },
      "time": {
        "hour": 10,
        "minute": 50,
        "second": 14,
        "nano": 0
      }
    },
    "citySender": "Марківка",
    "cityRecipient": "Святопетрівське (Києво-Свят.р-н)"
  },
  {
    "number": 59000455834694,
    "dateTime": {
      "date": {
        "year": 2019,
        "month": 10,
        "day": 18
      },
      "time": {
        "hour": 10,
        "minute": 50,
        "second": 10,
        "nano": 0
      }
    },
    "citySender": "Київ",
    "cityRecipient": "Полтава"
  },
  {
    "number": 59000455834695,
    "dateTime": {
      "date": {
        "year": 2019,
        "month": 10,
        "day": 18
      },
      "time": {
        "hour": 10,
        "minute": 50,
        "second": 18,
        "nano": 0
      }
    },
    "citySender": "Львів",
    "cityRecipient": "Ілічанка"
  },
  {
    "number": 59000455834696,
    "dateTime": {
      "date": {
        "year": 2019,
        "month": 10,
        "day": 18
      },
      "time": {
        "hour": 10,
        "minute": 49,
        "second": 33,
        "nano": 0
      }
    },
    "citySender": "Новодружеськ",
    "cityRecipient": "Чайки"
  },
  {
    "number": 59000455834697,
    "dateTime": {
      "date": {
        "year": 2019,
        "month": 10,
        "day": 18
      },
      "time": {
        "hour": 10,
        "minute": 50,
        "second": 5,
        "nano": 0
      }
    },
    "citySender": "Київ",
    "cityRecipient": "Харків"
  },
  {
    "number": 59000455834698,
    "dateTime": {
      "date": {
        "year": 2019,
        "month": 10,
        "day": 18
      },
      "time": {
        "hour": 10,
        "minute": 50,
        "second": 17,
        "nano": 0
      }
    },
    "citySender": "Любешів",
    "cityRecipient": "Каховка"
  },
  {
    "number": 59000455834699,
    "dateTime": {
      "date": {
        "year": 2019,
        "month": 10,
        "day": 18
      },
      "time": {
        "hour": 10,
        "minute": 50,
        "second": 5,
        "nano": 0
      }
    },
    "citySender": "Вінниця",
    "cityRecipient": "Львів"
  },
  {
    "number": 59000455834700,
    "dateTime": {
      "date": {
        "year": 2019,
        "month": 10,
        "day": 18
      },
      "time": {
        "hour": 10,
        "minute": 49,
        "second": 49,
        "nano": 0
      }
    },
    "citySender": "Овруч",
    "cityRecipient": "Авангард"
  },
  {
    "number": 59000455834701,
    "dateTime": {
      "date": {
        "year": 2019,
        "month": 10,
        "day": 18
      },
      "time": {
        "hour": 10,
        "minute": 48,
        "second": 29,
        "nano": 0
      }
    },
    "citySender": "Кремінна",
    "cityRecipient": "Харків"
  },
  {
    "number": 59000455834702,
    "dateTime": {
      "date": {
        "year": 2019,
        "month": 10,
        "day": 18
      },
      "time": {
        "hour": 10,
        "minute": 50,
        "second": 0,
        "nano": 0
      }
    },
    "citySender": "Полтава",
    "cityRecipient": "Київ"
  },
  {
    "number": 59000455834703,
    "dateTime": {
      "date": {
        "year": 2019,
        "month": 10,
        "day": 18
      },
      "time": {
        "hour": 10,
        "minute": 49,
        "second": 42,
        "nano": 0
      }
    },
    "citySender": "Суми",
    "cityRecipient": "Київ"
  },
  {
    "number": 59000455834704,
    "dateTime": {
      "date": {
        "year": 2019,
        "month": 10,
        "day": 18
      },
      "time": {
        "hour": 10,
        "minute": 49,
        "second": 6,
        "nano": 0
      }
    },
    "citySender": "Костопіль",
    "cityRecipient": "Трипілля (Київська обл.)"
  },
  {
    "number": 59000455834705,
    "dateTime": {
      "date": {
        "year": 2019,
        "month": 10,
        "day": 18
      },
      "time": {
        "hour": 10,
        "minute": 49,
        "second": 48,
        "nano": 0
      }
    },
    "citySender": "Львів",
    "cityRecipient": "Дніпро"
  },
  {
    "number": 59000455834706,
    "dateTime": {
      "date": {
        "year": 2019,
        "month": 10,
        "day": 18
      },
      "time": {
        "hour": 10,
        "minute": 49,
        "second": 32,
        "nano": 0
      }
    },
    "citySender": "Чинадійово",
    "cityRecipient": "Вугледар"
  },
  {
    "number": 59000455834707,
    "dateTime": {
      "date": {
        "year": 2019,
        "month": 10,
        "day": 18
      },
      "time": {
        "hour": 10,
        "minute": 49,
        "second": 36,
        "nano": 0
      }
    },
    "citySender": "Дніпро",
    "cityRecipient": "Білогородка (Київська обл.)"
  },
  {
    "number": 59000455834708,
    "dateTime": {
      "date": {
        "year": 2019,
        "month": 10,
        "day": 18
      },
      "time": {
        "hour": 10,
        "minute": 50,
        "second": 17,
        "nano": 0
      }
    },
    "citySender": "Карнаухівка(Дніпропетровська обл.)",
    "cityRecipient": "Київ"
  },
  {
    "number": 59000455834709,
    "dateTime": {
      "date": {
        "year": 2019,
        "month": 10,
        "day": 18
      },
      "time": {
        "hour": 10,
        "minute": 50,
        "second": 9,
        "nano": 0
      }
    },
    "citySender": "Вільхівці",
    "cityRecipient": "Київ"
  },
  {
    "number": 59000455834710,
    "dateTime": {
      "date": {
        "year": 2019,
        "month": 10,
        "day": 18
      },
      "time": {
        "hour": 10,
        "minute": 49,
        "second": 38,
        "nano": 0
      }
    },
    "citySender": "Київ",
    "cityRecipient": "Чортків"
  },
  {
    "number": 59000455834711,
    "dateTime": {
      "date": {
        "year": 2019,
        "month": 10,
        "day": 18
      },
      "time": {
        "hour": 10,
        "minute": 49,
        "second": 59,
        "nano": 0
      }
    },
    "citySender": "Вознесенськ",
    "cityRecipient": "Маріуполь"
  },
  {
    "number": 59000455834712,
    "dateTime": {
      "date": {
        "year": 2019,
        "month": 10,
        "day": 18
      },
      "time": {
        "hour": 10,
        "minute": 49,
        "second": 49,
        "nano": 0
      }
    },
    "citySender": "Ужгород",
    "cityRecipient": "Київ"
  },
  {
    "number": 59000455834713,
    "dateTime": {
      "date": {
        "year": 2019,
        "month": 10,
        "day": 18
      },
      "time": {
        "hour": 10,
        "minute": 50,
        "second": 10,
        "nano": 0
      }
    },
    "citySender": "Курахове",
    "cityRecipient": "Кривий Ріг"
  },
  {
    "number": 59000455834714,
    "dateTime": {
      "date": {
        "year": 2019,
        "month": 10,
        "day": 18
      },
      "time": {
        "hour": 10,
        "minute": 50,
        "second": 12,
        "nano": 0
      }
    },
    "citySender": "Дніпро",
    "cityRecipient": "Одеса"
  },
  {
    "number": 59000455834715,
    "dateTime": {
      "date": {
        "year": 2019,
        "month": 10,
        "day": 18
      },
      "time": {
        "hour": 10,
        "minute": 49,
        "second": 40,
        "nano": 0
      }
    },
    "citySender": "Херсон",
    "cityRecipient": "Київ"
  },
  {
    "number": 59000455834716,
    "dateTime": {
      "date": {
        "year": 2019,
        "month": 10,
        "day": 18
      },
      "time": {
        "hour": 10,
        "minute": 49,
        "second": 52,
        "nano": 0
      }
    },
    "citySender": "Запоріжжя",
    "cityRecipient": "Червона Кам\u0027янка"
  },
  {
    "number": 59000455834717,
    "dateTime": {
      "date": {
        "year": 2019,
        "month": 10,
        "day": 18
      },
      "time": {
        "hour": 10,
        "minute": 50,
        "second": 11,
        "nano": 0
      }
    },
    "citySender": "Житомир",
    "cityRecipient": "Львів"
  },
  {
    "number": 59000455834718,
    "dateTime": {
      "date": {
        "year": 2019,
        "month": 10,
        "day": 18
      },
      "time": {
        "hour": 10,
        "minute": 50,
        "second": 2,
        "nano": 0
      }
    },
    "citySender": "Дніпро",
    "cityRecipient": "Київ"
  },
  {
    "number": 59000455834719,
    "dateTime": {
      "date": {
        "year": 2019,
        "month": 10,
        "day": 18
      },
      "time": {
        "hour": 10,
        "minute": 49,
        "second": 53,
        "nano": 0
      }
    },
    "citySender": "Чернівці",
    "cityRecipient": "Київ"
  },
  {
    "number": 59000455834720,
    "dateTime": {
      "date": {
        "year": 2019,
        "month": 10,
        "day": 18
      },
      "time": {
        "hour": 10,
        "minute": 49,
        "second": 44,
        "nano": 0
      }
    },
    "citySender": "Звенигородка",
    "cityRecipient": "Чорнобаївка"
  },
  {
    "number": 59000455834721,
    "dateTime": {
      "date": {
        "year": 2019,
        "month": 10,
        "day": 18
      },
      "time": {
        "hour": 10,
        "minute": 50,
        "second": 20,
        "nano": 0
      }
    },
    "citySender": "Рава-Руська",
    "cityRecipient": "Решетилівка"
  },
  {
    "number": 59000455834722,
    "dateTime": {
      "date": {
        "year": 2019,
        "month": 10,
        "day": 18
      },
      "time": {
        "hour": 10,
        "minute": 49,
        "second": 58,
        "nano": 0
      }
    },
    "citySender": "Ірпінь",
    "cityRecipient": "Харків"
  },
  {
    "number": 59000455834723,
    "dateTime": {
      "date": {
        "year": 2019,
        "month": 10,
        "day": 18
      },
      "time": {
        "hour": 10,
        "minute": 49,
        "second": 28,
        "nano": 0
      }
    },
    "citySender": "Бровари",
    "cityRecipient": "Вишгород"
  },
  {
    "number": 59000455834725,
    "dateTime": {
      "date": {
        "year": 2019,
        "month": 10,
        "day": 18
      },
      "time": {
        "hour": 10,
        "minute": 50,
        "second": 23,
        "nano": 0
      }
    },
    "citySender": "Василівка (Запорізька обл.)",
    "cityRecipient": "Свалява"
  },
  {
    "number": 59000455834726,
    "dateTime": {
      "date": {
        "year": 2019,
        "month": 10,
        "day": 18
      },
      "time": {
        "hour": 10,
        "minute": 50,
        "second": 22,
        "nano": 0
      }
    },
    "citySender": "Одеса",
    "cityRecipient": "Ананьїв"
  },
  {
    "number": 59000455834727,
    "dateTime": {
      "date": {
        "year": 2019,
        "month": 10,
        "day": 18
      },
      "time": {
        "hour": 10,
        "minute": 50,
        "second": 24,
        "nano": 0
      }
    },
    "citySender": "Полтава",
    "cityRecipient": "Київ"
  },
  {
    "number": 59000455834728,
    "dateTime": {
      "date": {
        "year": 2019,
        "month": 10,
        "day": 18
      },
      "time": {
        "hour": 10,
        "minute": 50,
        "second": 14,
        "nano": 0
      }
    },
    "citySender": "Херсон",
    "cityRecipient": "Кропивницький"
  },
  {
    "number": 59000455834729,
    "dateTime": {
      "date": {
        "year": 2019,
        "month": 10,
        "day": 18
      },
      "time": {
        "hour": 10,
        "minute": 50,
        "second": 23,
        "nano": 0
      }
    },
    "citySender": "Пирятин",
    "cityRecipient": "Бердичів"
  },
  {
    "number": 59000455834730,
    "dateTime": {
      "date": {
        "year": 2019,
        "month": 10,
        "day": 18
      },
      "time": {
        "hour": 10,
        "minute": 50,
        "second": 11,
        "nano": 0
      }
    },
    "citySender": "Жашків",
    "cityRecipient": "Підгородне (Дніпропетровська обл.)"
  },
  {
    "number": 59000455834731,
    "dateTime": {
      "date": {
        "year": 2019,
        "month": 10,
        "day": 18
      },
      "time": {
        "hour": 10,
        "minute": 49,
        "second": 49,
        "nano": 0
      }
    },
    "citySender": "Хоростків",
    "cityRecipient": "Київ"
  },
  {
    "number": 59000455834732,
    "dateTime": {
      "date": {
        "year": 2019,
        "month": 10,
        "day": 18
      },
      "time": {
        "hour": 10,
        "minute": 49,
        "second": 38,
        "nano": 0
      }
    },
    "citySender": "Сокаль",
    "cityRecipient": "Івано-Франківськ"
  },
  {
    "number": 59000455834733,
    "dateTime": {
      "date": {
        "year": 2019,
        "month": 10,
        "day": 18
      },
      "time": {
        "hour": 10,
        "minute": 50,
        "second": 20,
        "nano": 0
      }
    },
    "citySender": "Роздільна (Одеська обл.)",
    "cityRecipient": "Генічеськ"
  },
  {
    "number": 59000455834734,
    "dateTime": {
      "date": {
        "year": 2019,
        "month": 10,
        "day": 18
      },
      "time": {
        "hour": 10,
        "minute": 50,
        "second": 22,
        "nano": 0
      }
    },
    "citySender": "Дніпро",
    "cityRecipient": "Павлоград"
  },
  {
    "number": 59000455834735,
    "dateTime": {
      "date": {
        "year": 2019,
        "month": 10,
        "day": 18
      },
      "time": {
        "hour": 10,
        "minute": 50,
        "second": 3,
        "nano": 0
      }
    },
    "citySender": "Миколаїв",
    "cityRecipient": "Кривий Ріг"
  },
  {
    "number": 59000455834736,
    "dateTime": {
      "date": {
        "year": 2019,
        "month": 10,
        "day": 18
      },
      "time": {
        "hour": 10,
        "minute": 50,
        "second": 12,
        "nano": 0
      }
    },
    "citySender": "Трускавець",
    "cityRecipient": "Київ"
  },
  {
    "number": 59000455834737,
    "dateTime": {
      "date": {
        "year": 2019,
        "month": 10,
        "day": 18
      },
      "time": {
        "hour": 10,
        "minute": 50,
        "second": 12,
        "nano": 0
      }
    },
    "citySender": "Київ",
    "cityRecipient": "Харків"
  },
  {
    "number": 59000455834738,
    "dateTime": {
      "date": {
        "year": 2019,
        "month": 10,
        "day": 18
      },
      "time": {
        "hour": 10,
        "minute": 50,
        "second": 26,
        "nano": 0
      }
    },
    "citySender": "Полтава",
    "cityRecipient": "Київ"
  },
  {
    "number": 59000455834739,
    "dateTime": {
      "date": {
        "year": 2019,
        "month": 10,
        "day": 18
      },
      "time": {
        "hour": 10,
        "minute": 49,
        "second": 59,
        "nano": 0
      }
    },
    "citySender": "Чечельник",
    "cityRecipient": "Одеса"
  },
  {
    "number": 59000455834740,
    "dateTime": {
      "date": {
        "year": 2019,
        "month": 10,
        "day": 18
      },
      "time": {
        "hour": 10,
        "minute": 49,
        "second": 47,
        "nano": 0
      }
    },
    "citySender": "Дніпро",
    "cityRecipient": "Генічеськ"
  },
  {
    "number": 59000455834741,
    "dateTime": {
      "date": {
        "year": 2019,
        "month": 10,
        "day": 18
      },
      "time": {
        "hour": 10,
        "minute": 50,
        "second": 17,
        "nano": 0
      }
    },
    "citySender": "Запоріжжя",
    "cityRecipient": "Київ"
  },
  {
    "number": 59000455834742,
    "dateTime": {
      "date": {
        "year": 2019,
        "month": 10,
        "day": 18
      },
      "time": {
        "hour": 10,
        "minute": 50,
        "second": 4,
        "nano": 0
      }
    },
    "citySender": "Дунаївці",
    "cityRecipient": "Хмельницький"
  },
  {
    "number": 59000455834744,
    "dateTime": {
      "date": {
        "year": 2019,
        "month": 10,
        "day": 18
      },
      "time": {
        "hour": 10,
        "minute": 50,
        "second": 27,
        "nano": 0
      }
    },
    "citySender": "Богодухів",
    "cityRecipient": "Київ"
  },
  {
    "number": 59000455834745,
    "dateTime": {
      "date": {
        "year": 2019,
        "month": 10,
        "day": 18
      },
      "time": {
        "hour": 10,
        "minute": 49,
        "second": 31,
        "nano": 0
      }
    },
    "citySender": "Южноукраїнськ",
    "cityRecipient": "Кременчук"
  },
  {
    "number": 59000455834746,
    "dateTime": {
      "date": {
        "year": 2019,
        "month": 10,
        "day": 18
      },
      "time": {
        "hour": 10,
        "minute": 50,
        "second": 7,
        "nano": 0
      }
    },
    "citySender": "Київ",
    "cityRecipient": "Київ"
  },
  {
    "number": 59000455834747,
    "dateTime": {
      "date": {
        "year": 2019,
        "month": 10,
        "day": 18
      },
      "time": {
        "hour": 10,
        "minute": 50,
        "second": 14,
        "nano": 0
      }
    },
    "citySender": "Львів",
    "cityRecipient": "Львів"
  },
  {
    "number": 59000455834748,
    "dateTime": {
      "date": {
        "year": 2019,
        "month": 10,
        "day": 18
      },
      "time": {
        "hour": 10,
        "minute": 50,
        "second": 7,
        "nano": 0
      }
    },
    "citySender": "Одеса",
    "cityRecipient": "Сєвєродонецьк"
  },
  {
    "number": 59000455834749,
    "dateTime": {
      "date": {
        "year": 2019,
        "month": 10,
        "day": 18
      },
      "time": {
        "hour": 10,
        "minute": 48,
        "second": 51,
        "nano": 0
      }
    },
    "citySender": "Біла Церква",
    "cityRecipient": "Київ"
  },
  {
    "number": 59000455834750,
    "dateTime": {
      "date": {
        "year": 2019,
        "month": 10,
        "day": 18
      },
      "time": {
        "hour": 10,
        "minute": 50,
        "second": 15,
        "nano": 0
      }
    },
    "citySender": "Краматорськ",
    "cityRecipient": "Олександрія (м.Кіровогр.обл.райц)"
  },
  {
    "number": 59000455834751,
    "dateTime": {
      "date": {
        "year": 2019,
        "month": 10,
        "day": 18
      },
      "time": {
        "hour": 10,
        "minute": 50,
        "second": 29,
        "nano": 0
      }
    },
    "citySender": "Рівне",
    "cityRecipient": "Київ"
  },
  {
    "number": 59000455834752,
    "dateTime": {
      "date": {
        "year": 2019,
        "month": 10,
        "day": 18
      },
      "time": {
        "hour": 10,
        "minute": 50,
        "second": 26,
        "nano": 0
      }
    },
    "citySender": "Долинська",
    "cityRecipient": "Бровари"
  },
  {
    "number": 59000455834754,
    "dateTime": {
      "date": {
        "year": 2019,
        "month": 10,
        "day": 18
      },
      "time": {
        "hour": 10,
        "minute": 49,
        "second": 49,
        "nano": 0
      }
    },
    "citySender": "Лисичанськ",
    "cityRecipient": "Мукачево"
  },
  {
    "number": 59000455834755,
    "dateTime": {
      "date": {
        "year": 2019,
        "month": 10,
        "day": 18
      },
      "time": {
        "hour": 10,
        "minute": 50,
        "second": 21,
        "nano": 0
      }
    },
    "citySender": "Дніпро",
    "cityRecipient": "Бровари"
  },
  {
    "number": 59000455834756,
    "dateTime": {
      "date": {
        "year": 2019,
        "month": 10,
        "day": 18
      },
      "time": {
        "hour": 10,
        "minute": 50,
        "second": 20,
        "nano": 0
      }
    },
    "citySender": "Харків",
    "cityRecipient": "Бердянськ"
  },
  {
    "number": 59000455834757,
    "dateTime": {
      "date": {
        "year": 2019,
        "month": 10,
        "day": 18
      },
      "time": {
        "hour": 10,
        "minute": 50,
        "second": 29,
        "nano": 0
      }
    },
    "citySender": "Черкаси",
    "cityRecipient": "Дніпро"
  },
  {
    "number": 59000455834758,
    "dateTime": {
      "date": {
        "year": 2019,
        "month": 10,
        "day": 18
      },
      "time": {
        "hour": 10,
        "minute": 49,
        "second": 33,
        "nano": 0
      }
    },
    "citySender": "Тернопіль",
    "cityRecipient": "Генічеськ"
  },
  {
    "number": 59000455834759,
    "dateTime": {
      "date": {
        "year": 2019,
        "month": 10,
        "day": 18
      },
      "time": {
        "hour": 10,
        "minute": 50,
        "second": 4,
        "nano": 0
      }
    },
    "citySender": "Новомосковськ",
    "cityRecipient": "Одеса"
  },
  {
    "number": 59000455834760,
    "dateTime": {
      "date": {
        "year": 2019,
        "month": 10,
        "day": 18
      },
      "time": {
        "hour": 10,
        "minute": 50,
        "second": 10,
        "nano": 0
      }
    },
    "citySender": "Запоріжжя",
    "cityRecipient": "Миколаїв"
  },
  {
    "number": 59000455834761,
    "dateTime": {
      "date": {
        "year": 2019,
        "month": 10,
        "day": 18
      },
      "time": {
        "hour": 10,
        "minute": 50,
        "second": 5,
        "nano": 0
      }
    },
    "citySender": "Костянтинівка (Донецька обл.)",
    "cityRecipient": "Запоріжжя"
  },
  {
    "number": 59000455834762,
    "dateTime": {
      "date": {
        "year": 2019,
        "month": 10,
        "day": 18
      },
      "time": {
        "hour": 10,
        "minute": 50,
        "second": 27,
        "nano": 0
      }
    },
    "citySender": "Горішні Плавні",
    "cityRecipient": "Красилівка (Броварський р-н)"
  },
  {
    "number": 59000455834763,
    "dateTime": {
      "date": {
        "year": 2019,
        "month": 10,
        "day": 18
      },
      "time": {
        "hour": 10,
        "minute": 50,
        "second": 26,
        "nano": 0
      }
    },
    "citySender": "Київ",
    "cityRecipient": "Вишневе"
  },
  {
    "number": 59000455834764,
    "dateTime": {
      "date": {
        "year": 2019,
        "month": 10,
        "day": 18
      },
      "time": {
        "hour": 10,
        "minute": 49,
        "second": 15,
        "nano": 0
      }
    },
    "citySender": "Ананьїв",
    "cityRecipient": "Миколаїв"
  },
  {
    "number": 59000455834765,
    "dateTime": {
      "date": {
        "year": 2019,
        "month": 10,
        "day": 18
      },
      "time": {
        "hour": 10,
        "minute": 50,
        "second": 7,
        "nano": 0
      }
    },
    "citySender": "Одеса",
    "cityRecipient": "Дмитрушки"
  },
  {
    "number": 59000455834766,
    "dateTime": {
      "date": {
        "year": 2019,
        "month": 10,
        "day": 18
      },
      "time": {
        "hour": 10,
        "minute": 50,
        "second": 29,
        "nano": 0
      }
    },
    "citySender": "Павлоград",
    "cityRecipient": "Дніпро"
  }
]