[
  {
    "number": 59000455816279,
    "dateTime": {
      "date": {
        "year": 2019,
        "month": 10,
        "day": 18
      },
      "time": {
        "hour": 9,
        "minute": 48,
        "second": 59,
        "nano": 0
      }
    },
    "citySender": "Чернівці",
    "cityRecipient": "Житомир"
  },
  {
    "number": 59000455816280,
    "dateTime": {
      "date": {
        "year": 2019,
        "month": 10,
        "day": 18
      },
      "time": {
        "hour": 9,
        "minute": 50,
        "second": 2,
        "nano": 0
      }
    },
    "citySender": "Високий",
    "cityRecipient": "Львів"
  },
  {
    "number": 59000455816281,
    "dateTime": {
      "date": {
        "year": 2019,
        "month": 10,
        "day": 18
      },
      "time": {
        "hour": 9,
        "minute": 49,
        "second": 59,
        "nano": 0
      }
    },
    "citySender": "Харків",
    "cityRecipient": "Полтава"
  },
  {
    "number": 59000455816282,
    "dateTime": {
      "date": {
        "year": 2019,
        "month": 10,
        "day": 18
      },
      "time": {
        "hour": 9,
        "minute": 49,
        "second": 58,
        "nano": 0
      }
    },
    "citySender": "Суми",
    "cityRecipient": "Львів"
  },
  {
    "number": 59000455816283,
    "dateTime": {
      "date": {
        "year": 2019,
        "month": 10,
        "day": 18
      },
      "time": {
        "hour": 9,
        "minute": 49,
        "second": 54,
        "nano": 0
      }
    },
    "citySender": "Сарни",
    "cityRecipient": "Київ"
  },
  {
    "number": 59000455816284,
    "dateTime": {
      "date": {
        "year": 2019,
        "month": 10,
        "day": 18
      },
      "time": {
        "hour": 9,
        "minute": 49,
        "second": 54,
        "nano": 0
      }
    },
    "citySender": "Власівка",
    "cityRecipient": "Київ"
  },
  {
    "number": 59000455816285,
    "dateTime": {
      "date": {
        "year": 2019,
        "month": 10,
        "day": 18
      },
      "time": {
        "hour": 9,
        "minute": 50,
        "second": 19,
        "nano": 0
      }
    },
    "citySender": "Мукачево",
    "cityRecipient": "Новотроїцьке (Донецька обл.)"
  },
  {
    "number": 59000455816287,
    "dateTime": {
      "date": {
        "year": 2019,
        "month": 10,
        "day": 18
      },
      "time": {
        "hour": 9,
        "minute": 49,
        "second": 42,
        "nano": 0
      }
    },
    "citySender": "Виноградів",
    "cityRecipient": "Гадяч"
  },
  {
    "number": 59000455816288,
    "dateTime": {
      "date": {
        "year": 2019,
        "month": 10,
        "day": 18
      },
      "time": {
        "hour": 9,
        "minute": 50,
        "second": 16,
        "nano": 0
      }
    },
    "citySender": "Київ",
    "cityRecipient": "Коростишів"
  },
  {
    "number": 59000455816289,
    "dateTime": {
      "date": {
        "year": 2019,
        "month": 10,
        "day": 18
      },
      "time": {
        "hour": 9,
        "minute": 50,
        "second": 0,
        "nano": 0
      }
    },
    "citySender": "Вишневе",
    "cityRecipient": "Ружин"
  },
  {
    "number": 59000455816290,
    "dateTime": {
      "date": {
        "year": 2019,
        "month": 10,
        "day": 18
      },
      "time": {
        "hour": 9,
        "minute": 49,
        "second": 33,
        "nano": 0
      }
    },
    "citySender": "Олесько",
    "cityRecipient": "Одеса"
  },
  {
    "number": 59000455816291,
    "dateTime": {
      "date": {
        "year": 2019,
        "month": 10,
        "day": 18
      },
      "time": {
        "hour": 9,
        "minute": 50,
        "second": 2,
        "nano": 0
      }
    },
    "citySender": "Підбуж",
    "cityRecipient": "Київ"
  },
  {
    "number": 59000455816292,
    "dateTime": {
      "date": {
        "year": 2019,
        "month": 10,
        "day": 18
      },
      "time": {
        "hour": 9,
        "minute": 50,
        "second": 11,
        "nano": 0
      }
    },
    "citySender": "Мелітополь",
    "cityRecipient": "Харків"
  },
  {
    "number": 59000455816293,
    "dateTime": {
      "date": {
        "year": 2019,
        "month": 10,
        "day": 18
      },
      "time": {
        "hour": 9,
        "minute": 49,
        "second": 41,
        "nano": 0
      }
    },
    "citySender": "Вараш",
    "cityRecipient": "Харків"
  },
  {
    "number": 59000455816295,
    "dateTime": {
      "date": {
        "year": 2019,
        "month": 10,
        "day": 18
      },
      "time": {
        "hour": 9,
        "minute": 49,
        "second": 25,
        "nano": 0
      }
    },
    "citySender": "Дніпро",
    "cityRecipient": "Шепетівка"
  },
  {
    "number": 59000455816296,
    "dateTime": {
      "date": {
        "year": 2019,
        "month": 10,
        "day": 18
      },
      "time": {
        "hour": 9,
        "minute": 50,
        "second": 25,
        "nano": 0
      }
    },
    "citySender": "Сміла",
    "cityRecipient": "Київ"
  },
  {
    "number": 59000455816297,
    "dateTime": {
      "date": {
        "year": 2019,
        "month": 10,
        "day": 18
      },
      "time": {
        "hour": 9,
        "minute": 49,
        "second": 50,
        "nano": 0
      }
    },
    "citySender": "Мілове",
    "cityRecipient": "Київ"
  },
  {
    "number": 59000455816298,
    "dateTime": {
      "date": {
        "year": 2019,
        "month": 10,
        "day": 18
      },
      "time": {
        "hour": 9,
        "minute": 50,
        "second": 6,
        "nano": 0
      }
    },
    "citySender": "Львів",
    "cityRecipient": "Долина"
  },
  {
    "number": 59000455816299,
    "dateTime": {
      "date": {
        "year": 2019,
        "month": 10,
        "day": 18
      },
      "time": {
        "hour": 9,
        "minute": 50,
        "second": 25,
        "nano": 0
      }
    },
    "citySender": "Дніпро",
    "cityRecipient": "Одеса"
  },
  {
    "number": 59000455816300,
    "dateTime": {
      "date": {
        "year": 2019,
        "month": 10,
        "day": 18
      },
      "time": {
        "hour": 9,
        "minute": 50,
        "second": 25,
        "nano": 0
      }
    },
    "citySender": "Слов\u0027янськ",
    "cityRecipient": "Київ"
  },
  {
    "number": 59000455816301,
    "dateTime": {
      "date": {
        "year": 2019,
        "month": 10,
        "day": 18
      },
      "time": {
        "hour": 9,
        "minute": 50,
        "second": 17,
        "nano": 0
      }
    },
    "citySender": "Київ",
    "cityRecipient": "Рівне"
  },
  {
    "number": 59000455816302,
    "dateTime": {
      "date": {
        "year": 2019,
        "month": 10,
        "day": 18
      },
      "time": {
        "hour": 9,
        "minute": 50,
        "second": 16,
        "nano": 0
      }
    },
    "citySender": "Драбів",
    "cityRecipient": "Хмельницький"
  },
  {
    "number": 59000455816304,
    "dateTime": {
      "date": {
        "year": 2019,
        "month": 10,
        "day": 18
      },
      "time": {
        "hour": 9,
        "minute": 50,
        "second": 12,
        "nano": 0
      }
    },
    "citySender": "Арбузинка",
    "cityRecipient": "Київ"
  },
  {
    "number": 59000455816305,
    "dateTime": {
      "date": {
        "year": 2019,
        "month": 10,
        "day": 18
      },
      "time": {
        "hour": 9,
        "minute": 49,
        "second": 47,
        "nano": 0
      }
    },
    "citySender": "Київ",
    "cityRecipient": "Миколаївка (Слов’янська міська рада)"
  },
  {
    "number": 59000455816306,
    "dateTime": {
      "date": {
        "year": 2019,
        "month": 10,
        "day": 18
      },
      "time": {
        "hour": 9,
        "minute": 50,
        "second": 27,
        "nano": 0
      }
    },
    "citySender": "Балаклія (Харківська обл.)",
    "cityRecipient": "Одеса"
  },
  {
    "number": 59000455816308,
    "dateTime": {
      "date": {
        "year": 2019,
        "month": 10,
        "day": 18
      },
      "time": {
        "hour": 9,
        "minute": 50,
        "second": 26,
        "nano": 0
      }
    },
    "citySender": "Вороніж",
    "cityRecipient": "Вільшана(Сумська обл.)"
  },
  {
    "number": 59000455816309,
    "dateTime": {
      "date": {
        "year": 2019,
        "month": 10,
        "day": 18
      },
      "time": {
        "hour": 9,
        "minute": 50,
        "second": 27,
        "nano": 0
      }
    },
    "citySender": "Ізюм",
    "cityRecipient": "Одеса"
  },
  {
    "number": 59000455816310,
    "dateTime": {
      "date": {
        "year": 2019,
        "month": 10,
        "day": 18
      },
      "time": {
        "hour": 9,
        "minute": 50,
        "second": 27,
        "nano": 0
      }
    },
    "citySender": "Волочиськ",
    "cityRecipient": "Вінниця"
  },
  {
    "number": 59000455816311,
    "dateTime": {
      "date": {
        "year": 2019,
        "month": 10,
        "day": 18
      },
      "time": {
        "hour": 9,
        "minute": 50,
        "second": 27,
        "nano": 0
      }
    },
    "citySender": "Мукачево",
    "cityRecipient": "Хмельницький"
  },
  {
    "number": 59000455816312,
    "dateTime": {
      "date": {
        "year": 2019,
        "month": 10,
        "day": 18
      },
      "time": {
        "hour": 9,
        "minute": 50,
        "second": 18,
        "nano": 0
      }
    },
    "citySender": "Черкаси",
    "cityRecipient": "Онуфріївка"
  },
  {
    "number": 59000455816313,
    "dateTime": {
      "date": {
        "year": 2019,
        "month": 10,
        "day": 18
      },
      "time": {
        "hour": 9,
        "minute": 50,
        "second": 27,
        "nano": 0
      }
    },
    "citySender": "Лиман(Донецька обл)",
    "cityRecipient": "Олександрія (м.Кіровогр.обл.райц)"
  },
  {
    "number": 59000455816314,
    "dateTime": {
      "date": {
        "year": 2019,
        "month": 10,
        "day": 18
      },
      "time": {
        "hour": 9,
        "minute": 49,
        "second": 54,
        "nano": 0
      }
    },
    "citySender": "Моршин",
    "cityRecipient": "Одеса"
  },
  {
    "number": 59000455816315,
    "dateTime": {
      "date": {
        "year": 2019,
        "month": 10,
        "day": 18
      },
      "time": {
        "hour": 9,
        "minute": 50,
        "second": 26,
        "nano": 0
      }
    },
    "citySender": "Північне",
    "cityRecipient": "Харків"
  },
  {
    "number": 59000455816316,
    "dateTime": {
      "date": {
        "year": 2019,
        "month": 10,
        "day": 18
      },
      "time": {
        "hour": 9,
        "minute": 50,
        "second": 18,
        "nano": 0
      }
    },
    "citySender": "Умань",
    "cityRecipient": "Губиниха"
  },
  {
    "number": 59000455816317,
    "dateTime": {
      "date": {
        "year": 2019,
        "month": 10,
        "day": 18
      },
      "time": {
        "hour": 9,
        "minute": 49,
        "second": 38,
        "nano": 0
      }
    },
    "citySender": "Іллінці",
    "cityRecipient": "Южне"
  },
  {
    "number": 59000455816318,
    "dateTime": {
      "date": {
        "year": 2019,
        "month": 10,
        "day": 18
      },
      "time": {
        "hour": 9,
        "minute": 50,
        "second": 5,
        "nano": 0
      }
    },
    "citySender": "Ужгород",
    "cityRecipient": "Львів"
  },
  {
    "number": 59000455816319,
    "dateTime": {
      "date": {
        "year": 2019,
        "month": 10,
        "day": 18
      },
      "time": {
        "hour": 9,
        "minute": 49,
        "second": 26,
        "nano": 0
      }
    },
    "citySender": "Каховка",
    "cityRecipient": "Кременчук"
  },
  {
    "number": 59000455816320,
    "dateTime": {
      "date": {
        "year": 2019,
        "month": 10,
        "day": 18
      },
      "time": {
        "hour": 9,
        "minute": 50,
        "second": 21,
        "nano": 0
      }
    },
    "citySender": "Харків",
    "cityRecipient": "Івано-Франківськ"
  },
  {
    "number": 59000455816321,
    "dateTime": {
      "date": {
        "year": 2019,
        "month": 10,
        "day": 18
      },
      "time": {
        "hour": 9,
        "minute": 50,
        "second": 6,
        "nano": 0
      }
    },
    "citySender": "Одеса",
    "cityRecipient": "Дніпро"
  },
  {
    "number": 59000455816322,
    "dateTime": {
      "date": {
        "year": 2019,
        "month": 10,
        "day": 18
      },
      "time": {
        "hour": 9,
        "minute": 50,
        "second": 20,
        "nano": 0
      }
    },
    "citySender": "Одеса",
    "cityRecipient": "Хотів"
  },
  {
    "number": 59000455816323,
    "dateTime": {
      "date": {
        "year": 2019,
        "month": 10,
        "day": 18
      },
      "time": {
        "hour": 9,
        "minute": 50,
        "second": 9,
        "nano": 0
      }
    },
    "citySender": "Київ",
    "cityRecipient": "Кропивницький"
  },
  {
    "number": 59000455816324,
    "dateTime": {
      "date": {
        "year": 2019,
        "month": 10,
        "day": 18
      },
      "time": {
        "hour": 9,
        "minute": 50,
        "second": 2,
        "nano": 0
      }
    },
    "citySender": "Миропіль(Житомирська обл.)",
    "cityRecipient": "Львів"
  },
  {
    "number": 59000455816325,
    "dateTime": {
      "date": {
        "year": 2019,
        "month": 10,
        "day": 18
      },
      "time": {
        "hour": 9,
        "minute": 48,
        "second": 12,
        "nano": 0
      }
    },
    "citySender": "Ужгород",
    "cityRecipient": "Київ"
  },
  {
    "number": 59000455816326,
    "dateTime": {
      "date": {
        "year": 2019,
        "month": 10,
        "day": 18
      },
      "time": {
        "hour": 9,
        "minute": 49,
        "second": 58,
        "nano": 0
      }
    },
    "citySender": "Южноукраїнськ",
    "cityRecipient": "Львів"
  },
  {
    "number": 59000455816327,
    "dateTime": {
      "date": {
        "year": 2019,
        "month": 10,
        "day": 18
      },
      "time": {
        "hour": 9,
        "minute": 50,
        "second": 20,
        "nano": 0
      }
    },
    "citySender": "Миколаївка(Білопільський р-н)",
    "cityRecipient": "Ніжин"
  },
  {
    "number": 59000455816328,
    "dateTime": {
      "date": {
        "year": 2019,
        "month": 10,
        "day": 18
      },
      "time": {
        "hour": 9,
        "minute": 50,
        "second": 26,
        "nano": 0
      }
    },
    "citySender": "Пісочин",
    "cityRecipient": "Полтава"
  },
  {
    "number": 59000455816329,
    "dateTime": {
      "date": {
        "year": 2019,
        "month": 10,
        "day": 18
      },
      "time": {
        "hour": 9,
        "minute": 48,
        "second": 45,
        "nano": 0
      }
    },
    "citySender": "Кам\u0027янець-Подільський",
    "cityRecipient": "Київ"
  },
  {
    "number": 59000455816330,
    "dateTime": {
      "date": {
        "year": 2019,
        "month": 10,
        "day": 18
      },
      "time": {
        "hour": 9,
        "minute": 49,
        "second": 47,
        "nano": 0
      }
    },
    "citySender": "Одеса",
    "cityRecipient": "Херсон"
  },
  {
    "number": 59000455816331,
    "dateTime": {
      "date": {
        "year": 2019,
        "month": 10,
        "day": 18
      },
      "time": {
        "hour": 9,
        "minute": 49,
        "second": 45,
        "nano": 0
      }
    },
    "citySender": "Обухівка",
    "cityRecipient": "Шаргород (Вінницька обл.)"
  },
  {
    "number": 59000455816332,
    "dateTime": {
      "date": {
        "year": 2019,
        "month": 10,
        "day": 18
      },
      "time": {
        "hour": 9,
        "minute": 49,
        "second": 53,
        "nano": 0
      }
    },
    "citySender": "Карлівка",
    "cityRecipient": "Пулини"
  },
  {
    "number": 59000455816333,
    "dateTime": {
      "date": {
        "year": 2019,
        "month": 10,
        "day": 18
      },
      "time": {
        "hour": 9,
        "minute": 50,
        "second": 8,
        "nano": 0
      }
    },
    "citySender": "Немирів (Вінницька обл.)",
    "cityRecipient": "Харків"
  },
  {
    "number": 59000455816334,
    "dateTime": {
      "date": {
        "year": 2019,
        "month": 10,
        "day": 18
      },
      "time": {
        "hour": 9,
        "minute": 50,
        "second": 22,
        "nano": 0
      }
    },
    "citySender": "Високий",
    "cityRecipient": "Чернівці"
  },
  {
    "number": 59000455816335,
    "dateTime": {
      "date": {
        "year": 2019,
        "month": 10,
        "day": 18
      },
      "time": {
        "hour": 9,
        "minute": 50,
        "second": 26,
        "nano": 0
      }
    },
    "citySender": "Якимівка (Запорізька обл.)",
    "cityRecipient": "Харків"
  },
  {
    "number": 59000455816336,
    "dateTime": {
      "date": {
        "year": 2019,
        "month": 10,
        "day": 18
      },
      "time": {
        "hour": 9,
        "minute": 50,
        "second": 32,
        "nano": 0
      }
    },
    "citySender": "Черкаси",
    "cityRecipient": "Одеса"
  },
  {
    "number": 59000455816337,
    "dateTime": {
      "date": {
        "year": 2019,
        "month": 10,
        "day": 18
      },
      "time": {
        "hour": 9,
        "minute": 49,
        "second": 57,
        "nano": 0
      }
    },
    "citySender": "Циркуни",
    "cityRecipient": "Овідіополь"
  },
  {
    "number": 59000455816338,
    "dateTime": {
      "date": {
        "year": 2019,
        "month": 10,
        "day": 18
      },
      "time": {
        "hour": 9,
        "minute": 50,
        "second": 4,
        "nano": 0
      }
    },
    "citySender": "Жовті Води",
    "cityRecipient": "Київ"
  },
  {
    "number": 59000455816339,
    "dateTime": {
      "date": {
        "year": 2019,
        "month": 10,
        "day": 18
      },
      "time": {
        "hour": 9,
        "minute": 50,
        "second": 23,
        "nano": 0
      }
    },
    "citySender": "Буштино",
    "cityRecipient": "Золочів (Львівська обл.)"
  },
  {
    "number": 59000455816340,
    "dateTime": {
      "date": {
        "year": 2019,
        "month": 10,
        "day": 18
      },
      "time": {
        "hour": 9,
        "minute": 49,
        "second": 57,
        "nano": 0
      }
    },
    "citySender": "Хорол",
    "cityRecipient": "Хмельницький"
  },
  {
    "number": 59000455816341,
    "dateTime": {
      "date": {
        "year": 2019,
        "month": 10,
        "day": 18
      },
      "time": {
        "hour": 9,
        "minute": 50,
        "second": 13,
        "nano": 0
      }
    },
    "citySender": "Київ",
    "cityRecipient": "Київ"
  },
  {
    "number": 59000455816342,
    "dateTime": {
      "date": {
        "year": 2019,
        "month": 10,
        "day": 18
      },
      "time": {
        "hour": 9,
        "minute": 50,
        "second": 16,
        "nano": 0
      }
    },
    "citySender": "Компаніївка",
    "cityRecipient": "Волноваха"
  },
  {
    "number": 59000455816343,
    "dateTime": {
      "date": {
        "year": 2019,
        "month": 10,
        "day": 18
      },
      "time": {
        "hour": 9,
        "minute": 49,
        "second": 51,
        "nano": 0
      }
    },
    "citySender": "Калуш",
    "cityRecipient": "Львів"
  },
  {
    "number": 59000455816344,
    "dateTime": {
      "date": {
        "year": 2019,
        "month": 10,
        "day": 18
      },
      "time": {
        "hour": 9,
        "minute": 50,
        "second": 15,
        "nano": 0
      }
    },
    "citySender": "Козятин (місто, Вінницька обл.)",
    "cityRecipient": "Обухів"
  },
  {
    "number": 59000455816345,
    "dateTime": {
      "date": {
        "year": 2019,
        "month": 10,
        "day": 18
      },
      "time": {
        "hour": 9,
        "minute": 50,
        "second": 35,
        "nano": 0
      }
    },
    "citySender": "Мукачево",
    "cityRecipient": "Київ"
  },
  {
    "number": 59000455816346,
    "dateTime": {
      "date": {
        "year": 2019,
        "month": 10,
        "day": 18
      },
      "time": {
        "hour": 9,
        "minute": 49,
        "second": 5,
        "nano": 0
      }
    },
    "citySender": "Татарбунари",
    "cityRecipient": "Каховка"
  },
  {
    "number": 59000455816347,
    "dateTime": {
      "date": {
        "year": 2019,
        "month": 10,
        "day": 18
      },
      "time": {
        "hour": 9,
        "minute": 50,
        "second": 20,
        "nano": 0
      }
    },
    "citySender": "Яворів",
    "cityRecipient": "Радехів"
  },
  {
    "number": 59000455816348,
    "dateTime": {
      "date": {
        "year": 2019,
        "month": 10,
        "day": 18
      },
      "time": {
        "hour": 9,
        "minute": 50,
        "second": 24,
        "nano": 0
      }
    },
    "citySender": "Луцьк",
    "cityRecipient": "Сокаль"
  },
  {
    "number": 59000455816349,
    "dateTime": {
      "date": {
        "year": 2019,
        "month": 10,
        "day": 18
      },
      "time": {
        "hour": 9,
        "minute": 50,
        "second": 13,
        "nano": 0
      }
    },
    "citySender": "Київ",
    "cityRecipient": "Миколаїв"
  },
  {
    "number": 59000455816350,
    "dateTime": {
      "date": {
        "year": 2019,
        "month": 10,
        "day": 18
      },
      "time": {
        "hour": 9,
        "minute": 49,
        "second": 54,
        "nano": 0
      }
    },
    "citySender": "Фастів",
    "cityRecipient": "Кропивницький"
  },
  {
    "number": 59000455816351,
    "dateTime": {
      "date": {
        "year": 2019,
        "month": 10,
        "day": 18
      },
      "time": {
        "hour": 9,
        "minute": 49,
        "second": 54,
        "nano": 0
      }
    },
    "citySender": "Київ",
    "cityRecipient": "Конотоп"
  },
  {
    "number": 59000455816352,
    "dateTime": {
      "date": {
        "year": 2019,
        "month": 10,
        "day": 18
      },
      "time": {
        "hour": 9,
        "minute": 50,
        "second": 33,
        "nano": 0
      }
    },
    "citySender": "Маріуполь",
    "cityRecipient": "Київ"
  },
  {
    "number": 59000455816353,
    "dateTime": {
      "date": {
        "year": 2019,
        "month": 10,
        "day": 18
      },
      "time": {
        "hour": 9,
        "minute": 48,
        "second": 46,
        "nano": 0
      }
    },
    "citySender": "Кегичівка",
    "cityRecipient": "Київ"
  },
  {
    "number": 59000455816354,
    "dateTime": {
      "date": {
        "year": 2019,
        "month": 10,
        "day": 18
      },
      "time": {
        "hour": 9,
        "minute": 50,
        "second": 37,
        "nano": 0
      }
    },
    "citySender": "Черкаси",
    "cityRecipient": "Одеса"
  },
  {
    "number": 59000455816355,
    "dateTime": {
      "date": {
        "year": 2019,
        "month": 10,
        "day": 18
      },
      "time": {
        "hour": 9,
        "minute": 48,
        "second": 46,
        "nano": 0
      }
    },
    "citySender": "Харків",
    "cityRecipient": "Чортків"
  },
  {
    "number": 59000455816356,
    "dateTime": {
      "date": {
        "year": 2019,
        "month": 10,
        "day": 18
      },
      "time": {
        "hour": 9,
        "minute": 50,
        "second": 20,
        "nano": 0
      }
    },
    "citySender": "Київ",
    "cityRecipient": "Бровари"
  },
  {
    "number": 59000455816357,
    "dateTime": {
      "date": {
        "year": 2019,
        "month": 10,
        "day": 18
      },
      "time": {
        "hour": 9,
        "minute": 50,
        "second": 39,
        "nano": 0
      }
    },
    "citySender": "Дніпро",
    "cityRecipient": "Харків"
  },
  {
    "number": 59000455816358,
    "dateTime": {
      "date": {
        "year": 2019,
        "month": 10,
        "day": 18
      },
      "time": {
        "hour": 9,
        "minute": 49,
        "second": 58,
        "nano": 0
      }
    },
    "citySender": "Дніпро",
    "cityRecipient": "Одеса"
  },
  {
    "number": 59000455816359,
    "dateTime": {
      "date": {
        "year": 2019,
        "month": 10,
        "day": 18
      },
      "time": {
        "hour": 9,
        "minute": 50,
        "second": 29,
        "nano": 0
      }
    },
    "citySender": "Калуш",
    "cityRecipient": "Сміла"
  },
  {
    "number": 59000455816360,
    "dateTime": {
      "date": {
        "year": 2019,
        "month": 10,
        "day": 18
      },
      "time": {
        "hour": 9,
        "minute": 49,
        "second": 16,
        "nano": 0
      }
    },
    "citySender": "Рожнятів",
    "cityRecipient": "Київ"
  },
  {
    "number": 59000455816361,
    "dateTime": {
      "date": {
        "year": 2019,
        "month": 10,
        "day": 18
      },
      "time": {
        "hour": 9,
        "minute": 49,
        "second": 48,
        "nano": 0
      }
    },
    "citySender": "Одеса",
    "cityRecipient": "Київ"
  },
  {
    "number": 59000455816362,
    "dateTime": {
      "date": {
        "year": 2019,
        "month": 10,
        "day": 18
      },
      "time": {
        "hour": 9,
        "minute": 50,
        "second": 8,
        "nano": 0
      }
    },
    "citySender": "Приколотне",
    "cityRecipient": "Краснокутськ"
  },
  {
    "number": 59000455816363,
    "dateTime": {
      "date": {
        "year": 2019,
        "month": 10,
        "day": 18
      },
      "time": {
        "hour": 9,
        "minute": 50,
        "second": 19,
        "nano": 0
      }
    },
    "citySender": "Запоріжжя",
    "cityRecipient": "Луцьк"
  },
  {
    "number": 59000455816364,
    "dateTime": {
      "date": {
        "year": 2019,
        "month": 10,
        "day": 18
      },
      "time": {
        "hour": 9,
        "minute": 50,
        "second": 1,
        "nano": 0
      }
    },
    "citySender": "Біла Церква",
    "cityRecipient": "Бершадь"
  },
  {
    "number": 59000455816365,
    "dateTime": {
      "date": {
        "year": 2019,
        "month": 10,
        "day": 18
      },
      "time": {
        "hour": 9,
        "minute": 49,
        "second": 35,
        "nano": 0
      }
    },
    "citySender": "Березанка(Миколаївська обл.)",
    "cityRecipient": "Дніпро"
  },
  {
    "number": 59000455816366,
    "dateTime": {
      "date": {
        "year": 2019,
        "month": 10,
        "day": 18
      },
      "time": {
        "hour": 9,
        "minute": 50,
        "second": 41,
        "nano": 0
      }
    },
    "citySender": "Мукачево",
    "cityRecipient": "Київ"
  },
  {
    "number": 59000455816367,
    "dateTime": {
      "date": {
        "year": 2019,
        "month": 10,
        "day": 18
      },
      "time": {
        "hour": 9,
        "minute": 50,
        "second": 38,
        "nano": 0
      }
    },
    "citySender": "Чернігів",
    "cityRecipient": "Почаїв"
  },
  {
    "number": 59000455816368,
    "dateTime": {
      "date": {
        "year": 2019,
        "month": 10,
        "day": 18
      },
      "time": {
        "hour": 9,
        "minute": 50,
        "second": 29,
        "nano": 0
      }
    },
    "citySender": "Запоріжжя",
    "cityRecipient": "Київ"
  },
  {
    "number": 59000455816369,
    "dateTime": {
      "date": {
        "year": 2019,
        "month": 10,
        "day": 18
      },
      "time": {
        "hour": 9,
        "minute": 49,
        "second": 27,
        "nano": 0
      }
    },
    "citySender": "Нова Каховка",
    "cityRecipient": "Київ"
  },
  {
    "number": 59000455816370,
    "dateTime": {
      "date": {
        "year": 2019,
        "month": 10,
        "day": 18
      },
      "time": {
        "hour": 9,
        "minute": 50,
        "second": 19,
        "nano": 0
      }
    },
    "citySender": "Камінь-Каширський",
    "cityRecipient": "Слов\u0027янськ"
  },
  {
    "number": 59000455816371,
    "dateTime": {
      "date": {
        "year": 2019,
        "month": 10,
        "day": 18
      },
      "time": {
        "hour": 9,
        "minute": 50,
        "second": 2,
        "nano": 0
      }
    },
    "citySender": "Воловець",
    "cityRecipient": "Стрілки"
  },
  {
    "number": 59000455816372,
    "dateTime": {
      "date": {
        "year": 2019,
        "month": 10,
        "day": 18
      },
      "time": {
        "hour": 9,
        "minute": 49,
        "second": 55,
        "nano": 0
      }
    },
    "citySender": "Маріуполь",
    "cityRecipient": "Осипенко(Бердянський р-н)"
  },
  {
    "number": 59000455816373,
    "dateTime": {
      "date": {
        "year": 2019,
        "month": 10,
        "day": 18
      },
      "time": {
        "hour": 9,
        "minute": 50,
        "second": 39,
        "nano": 0
      }
    },
    "citySender": "Ізюм",
    "cityRecipient": "Ізюм"
  },
  {
    "number": 59000455816375,
    "dateTime": {
      "date": {
        "year": 2019,
        "month": 10,
        "day": 18
      },
      "time": {
        "hour": 9,
        "minute": 49,
        "second": 57,
        "nano": 0
      }
    },
    "citySender": "Волноваха",
    "cityRecipient": "Велика Олександрівка (Херсонська обл.)"
  },
  {
    "number": 59000455816376,
    "dateTime": {
      "date": {
        "year": 2019,
        "month": 10,
        "day": 18
      },
      "time": {
        "hour": 9,
        "minute": 50,
        "second": 41,
        "nano": 0
      }
    },
    "citySender": "Ралівка",
    "cityRecipient": "Київ"
  },
  {
    "number": 59000455816377,
    "dateTime": {
      "date": {
        "year": 2019,
        "month": 10,
        "day": 18
      },
      "time": {
        "hour": 9,
        "minute": 49,
        "second": 30,
        "nano": 0
      }
    },
    "citySender": "Калуш",
    "cityRecipient": "Київ"
  },
  {
    "number": 59000455816378,
    "dateTime": {
      "date": {
        "year": 2019,
        "month": 10,
        "day": 18
      },
      "time": {
        "hour": 9,
        "minute": 50,
        "second": 24,
        "nano": 0
      }
    },
    "citySender": "Київ",
    "cityRecipient": "Харків"
  }
]