[
  {
    "number": 59000455817478,
    "dateTime": {
      "date": {
        "year": 2019,
        "month": 10,
        "day": 18
      },
      "time": {
        "hour": 9,
        "minute": 54,
        "second": 15,
        "nano": 0
      }
    },
    "citySender": "Вишневе",
    "cityRecipient": "Буча"
  },
  {
    "number": 59000455817479,
    "dateTime": {
      "date": {
        "year": 2019,
        "month": 10,
        "day": 18
      },
      "time": {
        "hour": 9,
        "minute": 54,
        "second": 23,
        "nano": 0
      }
    },
    "citySender": "Київ",
    "cityRecipient": "Біла Церква"
  },
  {
    "number": 59000455817480,
    "dateTime": {
      "date": {
        "year": 2019,
        "month": 10,
        "day": 18
      },
      "time": {
        "hour": 9,
        "minute": 53,
        "second": 57,
        "nano": 0
      }
    },
    "citySender": "Музичі",
    "cityRecipient": "Чернігів"
  },
  {
    "number": 59000455817481,
    "dateTime": {
      "date": {
        "year": 2019,
        "month": 10,
        "day": 18
      },
      "time": {
        "hour": 9,
        "minute": 53,
        "second": 56,
        "nano": 0
      }
    },
    "citySender": "Долина",
    "cityRecipient": "Калуш"
  },
  {
    "number": 59000455817482,
    "dateTime": {
      "date": {
        "year": 2019,
        "month": 10,
        "day": 18
      },
      "time": {
        "hour": 9,
        "minute": 53,
        "second": 51,
        "nano": 0
      }
    },
    "citySender": "Очаків",
    "cityRecipient": "Київ"
  },
  {
    "number": 59000455817483,
    "dateTime": {
      "date": {
        "year": 2019,
        "month": 10,
        "day": 18
      },
      "time": {
        "hour": 9,
        "minute": 54,
        "second": 20,
        "nano": 0
      }
    },
    "citySender": "Львів",
    "cityRecipient": "Тростянець (Вінницька обл.)"
  },
  {
    "number": 59000455817484,
    "dateTime": {
      "date": {
        "year": 2019,
        "month": 10,
        "day": 18
      },
      "time": {
        "hour": 9,
        "minute": 54,
        "second": 29,
        "nano": 0
      }
    },
    "citySender": "Луцьк",
    "cityRecipient": "Київ"
  },
  {
    "number": 59000455817485,
    "dateTime": {
      "date": {
        "year": 2019,
        "month": 10,
        "day": 18
      },
      "time": {
        "hour": 9,
        "minute": 54,
        "second": 9,
        "nano": 0
      }
    },
    "citySender": "Світловодськ",
    "cityRecipient": "Київ"
  },
  {
    "number": 59000455817487,
    "dateTime": {
      "date": {
        "year": 2019,
        "month": 10,
        "day": 18
      },
      "time": {
        "hour": 9,
        "minute": 54,
        "second": 32,
        "nano": 0
      }
    },
    "citySender": "Голованівськ",
    "cityRecipient": "Вінниця"
  },
  {
    "number": 59000455817489,
    "dateTime": {
      "date": {
        "year": 2019,
        "month": 10,
        "day": 18
      },
      "time": {
        "hour": 9,
        "minute": 54,
        "second": 33,
        "nano": 0
      }
    },
    "citySender": "Ралівка",
    "cityRecipient": "Київ"
  },
  {
    "number": 59000455817490,
    "dateTime": {
      "date": {
        "year": 2019,
        "month": 10,
        "day": 18
      },
      "time": {
        "hour": 9,
        "minute": 54,
        "second": 27,
        "nano": 0
      }
    },
    "citySender": "Одеса",
    "cityRecipient": "Маріуполь"
  },
  {
    "number": 59000455817491,
    "dateTime": {
      "date": {
        "year": 2019,
        "month": 10,
        "day": 18
      },
      "time": {
        "hour": 9,
        "minute": 54,
        "second": 33,
        "nano": 0
      }
    },
    "citySender": "Тернопіль",
    "cityRecipient": "Бровари"
  },
  {
    "number": 59000455817492,
    "dateTime": {
      "date": {
        "year": 2019,
        "month": 10,
        "day": 18
      },
      "time": {
        "hour": 9,
        "minute": 54,
        "second": 21,
        "nano": 0
      }
    },
    "citySender": "Гвардійське (Дніпропетровськ)",
    "cityRecipient": "Дніпро"
  },
  {
    "number": 59000455817493,
    "dateTime": {
      "date": {
        "year": 2019,
        "month": 10,
        "day": 18
      },
      "time": {
        "hour": 9,
        "minute": 53,
        "second": 59,
        "nano": 0
      }
    },
    "citySender": "Дубно",
    "cityRecipient": "Нова Одеса"
  },
  {
    "number": 59000455817494,
    "dateTime": {
      "date": {
        "year": 2019,
        "month": 10,
        "day": 18
      },
      "time": {
        "hour": 9,
        "minute": 54,
        "second": 26,
        "nano": 0
      }
    },
    "citySender": "Долина",
    "cityRecipient": "Кременчук"
  },
  {
    "number": 59000455817495,
    "dateTime": {
      "date": {
        "year": 2019,
        "month": 10,
        "day": 18
      },
      "time": {
        "hour": 9,
        "minute": 53,
        "second": 30,
        "nano": 0
      }
    },
    "citySender": "Харків",
    "cityRecipient": "Київ"
  },
  {
    "number": 59000455817497,
    "dateTime": {
      "date": {
        "year": 2019,
        "month": 10,
        "day": 18
      },
      "time": {
        "hour": 9,
        "minute": 54,
        "second": 19,
        "nano": 0
      }
    },
    "citySender": "Київ",
    "cityRecipient": "Дніпро"
  },
  {
    "number": 59000455817498,
    "dateTime": {
      "date": {
        "year": 2019,
        "month": 10,
        "day": 18
      },
      "time": {
        "hour": 9,
        "minute": 54,
        "second": 10,
        "nano": 0
      }
    },
    "citySender": "Київ",
    "cityRecipient": "Ізюм"
  },
  {
    "number": 59000455817499,
    "dateTime": {
      "date": {
        "year": 2019,
        "month": 10,
        "day": 18
      },
      "time": {
        "hour": 9,
        "minute": 54,
        "second": 14,
        "nano": 0
      }
    },
    "citySender": "Сарни",
    "cityRecipient": "Клевань"
  },
  {
    "number": 59000455817500,
    "dateTime": {
      "date": {
        "year": 2019,
        "month": 10,
        "day": 18
      },
      "time": {
        "hour": 9,
        "minute": 54,
        "second": 36,
        "nano": 0
      }
    },
    "citySender": "Драгово",
    "cityRecipient": "Одеса"
  },
  {
    "number": 59000455817501,
    "dateTime": {
      "date": {
        "year": 2019,
        "month": 10,
        "day": 18
      },
      "time": {
        "hour": 9,
        "minute": 53,
        "second": 56,
        "nano": 0
      }
    },
    "citySender": "Старомлинівка",
    "cityRecipient": "Станиця Луганська"
  },
  {
    "number": 59000455817502,
    "dateTime": {
      "date": {
        "year": 2019,
        "month": 10,
        "day": 18
      },
      "time": {
        "hour": 9,
        "minute": 54,
        "second": 33,
        "nano": 0
      }
    },
    "citySender": "Київ",
    "cityRecipient": "Дніпро"
  },
  {
    "number": 59000455817503,
    "dateTime": {
      "date": {
        "year": 2019,
        "month": 10,
        "day": 18
      },
      "time": {
        "hour": 9,
        "minute": 54,
        "second": 17,
        "nano": 0
      }
    },
    "citySender": "Сєвєродонецьк",
    "cityRecipient": "Київ"
  },
  {
    "number": 59000455817504,
    "dateTime": {
      "date": {
        "year": 2019,
        "month": 10,
        "day": 18
      },
      "time": {
        "hour": 9,
        "minute": 54,
        "second": 26,
        "nano": 0
      }
    },
    "citySender": "Кривий Ріг",
    "cityRecipient": "Київ"
  },
  {
    "number": 59000455817505,
    "dateTime": {
      "date": {
        "year": 2019,
        "month": 10,
        "day": 18
      },
      "time": {
        "hour": 9,
        "minute": 54,
        "second": 26,
        "nano": 0
      }
    },
    "citySender": "Гадяч",
    "cityRecipient": "Харків"
  },
  {
    "number": 59000455817506,
    "dateTime": {
      "date": {
        "year": 2019,
        "month": 10,
        "day": 18
      },
      "time": {
        "hour": 9,
        "minute": 54,
        "second": 4,
        "nano": 0
      }
    },
    "citySender": "Ромни",
    "cityRecipient": "Тульчин"
  },
  {
    "number": 59000455817507,
    "dateTime": {
      "date": {
        "year": 2019,
        "month": 10,
        "day": 18
      },
      "time": {
        "hour": 9,
        "minute": 53,
        "second": 39,
        "nano": 0
      }
    },
    "citySender": "Нетішин",
    "cityRecipient": "Дніпро"
  },
  {
    "number": 59000455817508,
    "dateTime": {
      "date": {
        "year": 2019,
        "month": 10,
        "day": 18
      },
      "time": {
        "hour": 9,
        "minute": 53,
        "second": 37,
        "nano": 0
      }
    },
    "citySender": "Миколаїв",
    "cityRecipient": "Тульчин"
  },
  {
    "number": 59000455817509,
    "dateTime": {
      "date": {
        "year": 2019,
        "month": 10,
        "day": 18
      },
      "time": {
        "hour": 9,
        "minute": 52,
        "second": 15,
        "nano": 0
      }
    },
    "citySender": "Шостка",
    "cityRecipient": "Львів"
  },
  {
    "number": 59000455817510,
    "dateTime": {
      "date": {
        "year": 2019,
        "month": 10,
        "day": 18
      },
      "time": {
        "hour": 9,
        "minute": 54,
        "second": 8,
        "nano": 0
      }
    },
    "citySender": "Херсон",
    "cityRecipient": "Київ"
  },
  {
    "number": 59000455817511,
    "dateTime": {
      "date": {
        "year": 2019,
        "month": 10,
        "day": 18
      },
      "time": {
        "hour": 9,
        "minute": 54,
        "second": 9,
        "nano": 0
      }
    },
    "citySender": "Ківшарівка",
    "cityRecipient": "Вінниця"
  },
  {
    "number": 59000455817512,
    "dateTime": {
      "date": {
        "year": 2019,
        "month": 10,
        "day": 18
      },
      "time": {
        "hour": 9,
        "minute": 54,
        "second": 5,
        "nano": 0
      }
    },
    "citySender": "Харків",
    "cityRecipient": "Коломак"
  },
  {
    "number": 59000455817513,
    "dateTime": {
      "date": {
        "year": 2019,
        "month": 10,
        "day": 18
      },
      "time": {
        "hour": 9,
        "minute": 54,
        "second": 35,
        "nano": 0
      }
    },
    "citySender": "Самбір",
    "cityRecipient": "Харків"
  },
  {
    "number": 59000455817514,
    "dateTime": {
      "date": {
        "year": 2019,
        "month": 10,
        "day": 18
      },
      "time": {
        "hour": 9,
        "minute": 54,
        "second": 27,
        "nano": 0
      }
    },
    "citySender": "Харків",
    "cityRecipient": "Львів"
  },
  {
    "number": 59000455817515,
    "dateTime": {
      "date": {
        "year": 2019,
        "month": 10,
        "day": 18
      },
      "time": {
        "hour": 9,
        "minute": 54,
        "second": 32,
        "nano": 0
      }
    },
    "citySender": "Бориспіль",
    "cityRecipient": "Київ"
  },
  {
    "number": 59000455817516,
    "dateTime": {
      "date": {
        "year": 2019,
        "month": 10,
        "day": 18
      },
      "time": {
        "hour": 9,
        "minute": 54,
        "second": 37,
        "nano": 0
      }
    },
    "citySender": "Рогатин",
    "cityRecipient": "Миколаїв"
  },
  {
    "number": 59000455817517,
    "dateTime": {
      "date": {
        "year": 2019,
        "month": 10,
        "day": 18
      },
      "time": {
        "hour": 9,
        "minute": 54,
        "second": 35,
        "nano": 0
      }
    },
    "citySender": "Запоріжжя",
    "cityRecipient": "Дунаївці (Дунаєвецький р-н.)"
  },
  {
    "number": 59000455817518,
    "dateTime": {
      "date": {
        "year": 2019,
        "month": 10,
        "day": 18
      },
      "time": {
        "hour": 9,
        "minute": 54,
        "second": 39,
        "nano": 0
      }
    },
    "citySender": "Київ",
    "cityRecipient": "Обухів"
  },
  {
    "number": 59000455817519,
    "dateTime": {
      "date": {
        "year": 2019,
        "month": 10,
        "day": 18
      },
      "time": {
        "hour": 9,
        "minute": 53,
        "second": 45,
        "nano": 0
      }
    },
    "citySender": "Запоріжжя",
    "cityRecipient": "Київ"
  },
  {
    "number": 59000455817520,
    "dateTime": {
      "date": {
        "year": 2019,
        "month": 10,
        "day": 18
      },
      "time": {
        "hour": 9,
        "minute": 53,
        "second": 27,
        "nano": 0
      }
    },
    "citySender": "Ставище",
    "cityRecipient": "Ярмолинці"
  },
  {
    "number": 59000455817521,
    "dateTime": {
      "date": {
        "year": 2019,
        "month": 10,
        "day": 18
      },
      "time": {
        "hour": 9,
        "minute": 54,
        "second": 7,
        "nano": 0
      }
    },
    "citySender": "Острожець",
    "cityRecipient": "Бердичів"
  },
  {
    "number": 59000455817523,
    "dateTime": {
      "date": {
        "year": 2019,
        "month": 10,
        "day": 18
      },
      "time": {
        "hour": 9,
        "minute": 52,
        "second": 42,
        "nano": 0
      }
    },
    "citySender": "Краматорськ",
    "cityRecipient": "Торецьк"
  },
  {
    "number": 59000455817524,
    "dateTime": {
      "date": {
        "year": 2019,
        "month": 10,
        "day": 18
      },
      "time": {
        "hour": 9,
        "minute": 54,
        "second": 32,
        "nano": 0
      }
    },
    "citySender": "Біла Церква",
    "cityRecipient": "Тернопіль"
  },
  {
    "number": 59000455817525,
    "dateTime": {
      "date": {
        "year": 2019,
        "month": 10,
        "day": 18
      },
      "time": {
        "hour": 9,
        "minute": 54,
        "second": 39,
        "nano": 0
      }
    },
    "citySender": "Якушинці",
    "cityRecipient": "Іркліїв"
  },
  {
    "number": 59000455817527,
    "dateTime": {
      "date": {
        "year": 2019,
        "month": 10,
        "day": 18
      },
      "time": {
        "hour": 9,
        "minute": 54,
        "second": 37,
        "nano": 0
      }
    },
    "citySender": "Львів",
    "cityRecipient": "Бориспіль"
  },
  {
    "number": 59000455817528,
    "dateTime": {
      "date": {
        "year": 2019,
        "month": 10,
        "day": 18
      },
      "time": {
        "hour": 9,
        "minute": 54,
        "second": 20,
        "nano": 0
      }
    },
    "citySender": "Чернівці",
    "cityRecipient": "Харків"
  },
  {
    "number": 59000455817529,
    "dateTime": {
      "date": {
        "year": 2019,
        "month": 10,
        "day": 18
      },
      "time": {
        "hour": 9,
        "minute": 52,
        "second": 53,
        "nano": 0
      }
    },
    "citySender": "Краматорськ",
    "cityRecipient": "Харків"
  },
  {
    "number": 59000455817530,
    "dateTime": {
      "date": {
        "year": 2019,
        "month": 10,
        "day": 18
      },
      "time": {
        "hour": 9,
        "minute": 53,
        "second": 55,
        "nano": 0
      }
    },
    "citySender": "Мена",
    "cityRecipient": "Львів"
  },
  {
    "number": 59000455817531,
    "dateTime": {
      "date": {
        "year": 2019,
        "month": 10,
        "day": 18
      },
      "time": {
        "hour": 9,
        "minute": 54,
        "second": 15,
        "nano": 0
      }
    },
    "citySender": "Миколаїв",
    "cityRecipient": "Херсон"
  },
  {
    "number": 59000455817532,
    "dateTime": {
      "date": {
        "year": 2019,
        "month": 10,
        "day": 18
      },
      "time": {
        "hour": 9,
        "minute": 54,
        "second": 39,
        "nano": 0
      }
    },
    "citySender": "Харків",
    "cityRecipient": "Одеса"
  },
  {
    "number": 59000455817533,
    "dateTime": {
      "date": {
        "year": 2019,
        "month": 10,
        "day": 18
      },
      "time": {
        "hour": 9,
        "minute": 54,
        "second": 43,
        "nano": 0
      }
    },
    "citySender": "Черкаси",
    "cityRecipient": "Харків"
  },
  {
    "number": 59000455817534,
    "dateTime": {
      "date": {
        "year": 2019,
        "month": 10,
        "day": 18
      },
      "time": {
        "hour": 9,
        "minute": 53,
        "second": 43,
        "nano": 0
      }
    },
    "citySender": "Дніпро",
    "cityRecipient": "Київ"
  },
  {
    "number": 59000455817535,
    "dateTime": {
      "date": {
        "year": 2019,
        "month": 10,
        "day": 18
      },
      "time": {
        "hour": 9,
        "minute": 53,
        "second": 33,
        "nano": 0
      }
    },
    "citySender": "Ватутіне",
    "cityRecipient": "Одеса"
  },
  {
    "number": 59000455817536,
    "dateTime": {
      "date": {
        "year": 2019,
        "month": 10,
        "day": 18
      },
      "time": {
        "hour": 9,
        "minute": 54,
        "second": 25,
        "nano": 0
      }
    },
    "citySender": "Дніпро",
    "cityRecipient": "Полтава"
  },
  {
    "number": 59000455817537,
    "dateTime": {
      "date": {
        "year": 2019,
        "month": 10,
        "day": 18
      },
      "time": {
        "hour": 9,
        "minute": 54,
        "second": 21,
        "nano": 0
      }
    },
    "citySender": "Сєвєродонецьк",
    "cityRecipient": "Чернівці"
  },
  {
    "number": 59000455817538,
    "dateTime": {
      "date": {
        "year": 2019,
        "month": 10,
        "day": 18
      },
      "time": {
        "hour": 9,
        "minute": 54,
        "second": 22,
        "nano": 0
      }
    },
    "citySender": "Суми",
    "cityRecipient": "Черкаси"
  },
  {
    "number": 59000455817539,
    "dateTime": {
      "date": {
        "year": 2019,
        "month": 10,
        "day": 18
      },
      "time": {
        "hour": 9,
        "minute": 54,
        "second": 25,
        "nano": 0
      }
    },
    "citySender": "Козелець",
    "cityRecipient": "Любар"
  },
  {
    "number": 59000455817540,
    "dateTime": {
      "date": {
        "year": 2019,
        "month": 10,
        "day": 18
      },
      "time": {
        "hour": 9,
        "minute": 54,
        "second": 35,
        "nano": 0
      }
    },
    "citySender": "Бердичів",
    "cityRecipient": "Львів"
  },
  {
    "number": 59000455817541,
    "dateTime": {
      "date": {
        "year": 2019,
        "month": 10,
        "day": 18
      },
      "time": {
        "hour": 9,
        "minute": 54,
        "second": 45,
        "nano": 0
      }
    },
    "citySender": "Сміла",
    "cityRecipient": "Чернігів"
  },
  {
    "number": 59000455817542,
    "dateTime": {
      "date": {
        "year": 2019,
        "month": 10,
        "day": 18
      },
      "time": {
        "hour": 9,
        "minute": 54,
        "second": 21,
        "nano": 0
      }
    },
    "citySender": "Хлібодарське",
    "cityRecipient": "Київ"
  },
  {
    "number": 59000455817543,
    "dateTime": {
      "date": {
        "year": 2019,
        "month": 10,
        "day": 18
      },
      "time": {
        "hour": 9,
        "minute": 54,
        "second": 27,
        "nano": 0
      }
    },
    "citySender": "Скалат",
    "cityRecipient": "Харків"
  },
  {
    "number": 59000455817544,
    "dateTime": {
      "date": {
        "year": 2019,
        "month": 10,
        "day": 18
      },
      "time": {
        "hour": 9,
        "minute": 54,
        "second": 15,
        "nano": 0
      }
    },
    "citySender": "Одеса",
    "cityRecipient": "Теплодар"
  },
  {
    "number": 59000455817545,
    "dateTime": {
      "date": {
        "year": 2019,
        "month": 10,
        "day": 18
      },
      "time": {
        "hour": 9,
        "minute": 54,
        "second": 46,
        "nano": 0
      }
    },
    "citySender": "Пісочин",
    "cityRecipient": "Харків"
  },
  {
    "number": 59000455817546,
    "dateTime": {
      "date": {
        "year": 2019,
        "month": 10,
        "day": 18
      },
      "time": {
        "hour": 9,
        "minute": 54,
        "second": 42,
        "nano": 0
      }
    },
    "citySender": "Київ",
    "cityRecipient": "Бобровиця"
  },
  {
    "number": 59000455817547,
    "dateTime": {
      "date": {
        "year": 2019,
        "month": 10,
        "day": 18
      },
      "time": {
        "hour": 9,
        "minute": 54,
        "second": 39,
        "nano": 0
      }
    },
    "citySender": "Олесько",
    "cityRecipient": "Рожнятів"
  },
  {
    "number": 59000455817548,
    "dateTime": {
      "date": {
        "year": 2019,
        "month": 10,
        "day": 18
      },
      "time": {
        "hour": 9,
        "minute": 54,
        "second": 46,
        "nano": 0
      }
    },
    "citySender": "Дружківка",
    "cityRecipient": "Новопокровка (Харківська обл.)"
  },
  {
    "number": 59000455817549,
    "dateTime": {
      "date": {
        "year": 2019,
        "month": 10,
        "day": 18
      },
      "time": {
        "hour": 9,
        "minute": 54,
        "second": 37,
        "nano": 0
      }
    },
    "citySender": "Київ",
    "cityRecipient": "Копилів"
  },
  {
    "number": 59000455817550,
    "dateTime": {
      "date": {
        "year": 2019,
        "month": 10,
        "day": 18
      },
      "time": {
        "hour": 9,
        "minute": 51,
        "second": 58,
        "nano": 0
      }
    },
    "citySender": "Оброшине",
    "cityRecipient": "Львів"
  },
  {
    "number": 59000455817551,
    "dateTime": {
      "date": {
        "year": 2019,
        "month": 10,
        "day": 18
      },
      "time": {
        "hour": 9,
        "minute": 54,
        "second": 46,
        "nano": 0
      }
    },
    "citySender": "Луцьк",
    "cityRecipient": "Львів"
  },
  {
    "number": 59000455817552,
    "dateTime": {
      "date": {
        "year": 2019,
        "month": 10,
        "day": 18
      },
      "time": {
        "hour": 9,
        "minute": 54,
        "second": 22,
        "nano": 0
      }
    },
    "citySender": "Котельва",
    "cityRecipient": "Дніпро"
  },
  {
    "number": 59000455817553,
    "dateTime": {
      "date": {
        "year": 2019,
        "month": 10,
        "day": 18
      },
      "time": {
        "hour": 9,
        "minute": 54,
        "second": 14,
        "nano": 0
      }
    },
    "citySender": "Тернопіль",
    "cityRecipient": "Львів"
  },
  {
    "number": 59000455817554,
    "dateTime": {
      "date": {
        "year": 2019,
        "month": 10,
        "day": 18
      },
      "time": {
        "hour": 9,
        "minute": 54,
        "second": 26,
        "nano": 0
      }
    },
    "citySender": "Мукачево",
    "cityRecipient": "Волноваха"
  },
  {
    "number": 59000455817555,
    "dateTime": {
      "date": {
        "year": 2019,
        "month": 10,
        "day": 18
      },
      "time": {
        "hour": 9,
        "minute": 54,
        "second": 28,
        "nano": 0
      }
    },
    "citySender": "Нова Ушиця",
    "cityRecipient": "Чабани"
  },
  {
    "number": 59000455817556,
    "dateTime": {
      "date": {
        "year": 2019,
        "month": 10,
        "day": 18
      },
      "time": {
        "hour": 9,
        "minute": 54,
        "second": 21,
        "nano": 0
      }
    },
    "citySender": "Київ",
    "cityRecipient": "Дніпро"
  },
  {
    "number": 59000455817557,
    "dateTime": {
      "date": {
        "year": 2019,
        "month": 10,
        "day": 18
      },
      "time": {
        "hour": 9,
        "minute": 54,
        "second": 35,
        "nano": 0
      }
    },
    "citySender": "Кобеляки",
    "cityRecipient": "Київ"
  },
  {
    "number": 59000455817558,
    "dateTime": {
      "date": {
        "year": 2019,
        "month": 10,
        "day": 18
      },
      "time": {
        "hour": 9,
        "minute": 54,
        "second": 6,
        "nano": 0
      }
    },
    "citySender": "Одеса",
    "cityRecipient": "Київ"
  },
  {
    "number": 59000455817559,
    "dateTime": {
      "date": {
        "year": 2019,
        "month": 10,
        "day": 18
      },
      "time": {
        "hour": 9,
        "minute": 53,
        "second": 43,
        "nano": 0
      }
    },
    "citySender": "Іларіонове",
    "cityRecipient": "Ужгород"
  },
  {
    "number": 59000455817560,
    "dateTime": {
      "date": {
        "year": 2019,
        "month": 10,
        "day": 18
      },
      "time": {
        "hour": 9,
        "minute": 54,
        "second": 30,
        "nano": 0
      }
    },
    "citySender": "Харків",
    "cityRecipient": "Кременчук"
  },
  {
    "number": 59000455817561,
    "dateTime": {
      "date": {
        "year": 2019,
        "month": 10,
        "day": 18
      },
      "time": {
        "hour": 9,
        "minute": 54,
        "second": 1,
        "nano": 0
      }
    },
    "citySender": "Ніжин",
    "cityRecipient": "Суми"
  },
  {
    "number": 59000455817562,
    "dateTime": {
      "date": {
        "year": 2019,
        "month": 10,
        "day": 18
      },
      "time": {
        "hour": 9,
        "minute": 54,
        "second": 1,
        "nano": 0
      }
    },
    "citySender": "Любешів",
    "cityRecipient": "Балаклія (Харківська обл.)"
  },
  {
    "number": 59000455817563,
    "dateTime": {
      "date": {
        "year": 2019,
        "month": 10,
        "day": 18
      },
      "time": {
        "hour": 9,
        "minute": 54,
        "second": 49,
        "nano": 0
      }
    },
    "citySender": "Новопокровка (Харківська обл.)",
    "cityRecipient": "Київ"
  },
  {
    "number": 59000455817564,
    "dateTime": {
      "date": {
        "year": 2019,
        "month": 10,
        "day": 18
      },
      "time": {
        "hour": 9,
        "minute": 54,
        "second": 37,
        "nano": 0
      }
    },
    "citySender": "Коломия",
    "cityRecipient": "Дніпро"
  },
  {
    "number": 59000455817565,
    "dateTime": {
      "date": {
        "year": 2019,
        "month": 10,
        "day": 18
      },
      "time": {
        "hour": 9,
        "minute": 54,
        "second": 28,
        "nano": 0
      }
    },
    "citySender": "Городенка",
    "cityRecipient": "Хмельницький"
  },
  {
    "number": 59000455817566,
    "dateTime": {
      "date": {
        "year": 2019,
        "month": 10,
        "day": 18
      },
      "time": {
        "hour": 9,
        "minute": 54,
        "second": 50,
        "nano": 0
      }
    },
    "citySender": "Лебедин (Черкаська обл., Шполянський р-н)",
    "cityRecipient": "Одеса"
  },
  {
    "number": 59000455817568,
    "dateTime": {
      "date": {
        "year": 2019,
        "month": 10,
        "day": 18
      },
      "time": {
        "hour": 9,
        "minute": 54,
        "second": 49,
        "nano": 0
      }
    },
    "citySender": "Горностаївка",
    "cityRecipient": "Берислав (Херсонська обл.)"
  },
  {
    "number": 59000455817569,
    "dateTime": {
      "date": {
        "year": 2019,
        "month": 10,
        "day": 18
      },
      "time": {
        "hour": 9,
        "minute": 54,
        "second": 26,
        "nano": 0
      }
    },
    "citySender": "Богородчани",
    "cityRecipient": "Миколаїв"
  },
  {
    "number": 59000455817570,
    "dateTime": {
      "date": {
        "year": 2019,
        "month": 10,
        "day": 18
      },
      "time": {
        "hour": 9,
        "minute": 54,
        "second": 22,
        "nano": 0
      }
    },
    "citySender": "Світловодськ",
    "cityRecipient": "Дубно"
  },
  {
    "number": 59000455817572,
    "dateTime": {
      "date": {
        "year": 2019,
        "month": 10,
        "day": 18
      },
      "time": {
        "hour": 9,
        "minute": 54,
        "second": 25,
        "nano": 0
      }
    },
    "citySender": "Іванівка (Херсонська обл.)",
    "cityRecipient": "Краматорськ"
  },
  {
    "number": 59000455817574,
    "dateTime": {
      "date": {
        "year": 2019,
        "month": 10,
        "day": 18
      },
      "time": {
        "hour": 9,
        "minute": 54,
        "second": 51,
        "nano": 0
      }
    },
    "citySender": "Іванове (Лиманський р-н)",
    "cityRecipient": "Харків"
  },
  {
    "number": 59000455817575,
    "dateTime": {
      "date": {
        "year": 2019,
        "month": 10,
        "day": 18
      },
      "time": {
        "hour": 9,
        "minute": 53,
        "second": 35,
        "nano": 0
      }
    },
    "citySender": "Гайсин",
    "cityRecipient": "Братське"
  },
  {
    "number": 59000455817576,
    "dateTime": {
      "date": {
        "year": 2019,
        "month": 10,
        "day": 18
      },
      "time": {
        "hour": 9,
        "minute": 54,
        "second": 37,
        "nano": 0
      }
    },
    "citySender": "Балки (Запорізька обл.)",
    "cityRecipient": "Дніпро"
  }
]