[
  {
    "number": 59000455810783,
    "dateTime": {
      "date": {
        "year": 2019,
        "month": 10,
        "day": 18
      },
      "time": {
        "hour": 9,
        "minute": 30,
        "second": 35,
        "nano": 0
      }
    },
    "citySender": "Моршин",
    "cityRecipient": "Київ"
  },
  {
    "number": 59000455810784,
    "dateTime": {
      "date": {
        "year": 2019,
        "month": 10,
        "day": 18
      },
      "time": {
        "hour": 9,
        "minute": 31,
        "second": 4,
        "nano": 0
      }
    },
    "citySender": "Тернопіль",
    "cityRecipient": "Київ"
  },
  {
    "number": 59000455810785,
    "dateTime": {
      "date": {
        "year": 2019,
        "month": 10,
        "day": 18
      },
      "time": {
        "hour": 9,
        "minute": 30,
        "second": 53,
        "nano": 0
      }
    },
    "citySender": "Львів",
    "cityRecipient": "Запоріжжя"
  },
  {
    "number": 59000455810786,
    "dateTime": {
      "date": {
        "year": 2019,
        "month": 10,
        "day": 18
      },
      "time": {
        "hour": 9,
        "minute": 30,
        "second": 13,
        "nano": 0
      }
    },
    "citySender": "Велика Олександрівка (Херсонська обл.)",
    "cityRecipient": "Дар\u0027ївка"
  },
  {
    "number": 59000455810787,
    "dateTime": {
      "date": {
        "year": 2019,
        "month": 10,
        "day": 18
      },
      "time": {
        "hour": 9,
        "minute": 30,
        "second": 54,
        "nano": 0
      }
    },
    "citySender": "Кривий Ріг",
    "cityRecipient": "Київ"
  },
  {
    "number": 59000455810789,
    "dateTime": {
      "date": {
        "year": 2019,
        "month": 10,
        "day": 18
      },
      "time": {
        "hour": 9,
        "minute": 31,
        "second": 5,
        "nano": 0
      }
    },
    "citySender": "Одеса",
    "cityRecipient": "Київ"
  },
  {
    "number": 59000455810790,
    "dateTime": {
      "date": {
        "year": 2019,
        "month": 10,
        "day": 18
      },
      "time": {
        "hour": 9,
        "minute": 30,
        "second": 27,
        "nano": 0
      }
    },
    "citySender": "Буча",
    "cityRecipient": "Дніпро"
  },
  {
    "number": 59000455810791,
    "dateTime": {
      "date": {
        "year": 2019,
        "month": 10,
        "day": 18
      },
      "time": {
        "hour": 9,
        "minute": 30,
        "second": 55,
        "nano": 0
      }
    },
    "citySender": "Мостиська",
    "cityRecipient": "Харків"
  },
  {
    "number": 59000455810792,
    "dateTime": {
      "date": {
        "year": 2019,
        "month": 10,
        "day": 18
      },
      "time": {
        "hour": 9,
        "minute": 30,
        "second": 25,
        "nano": 0
      }
    },
    "citySender": "Ріпки",
    "cityRecipient": "Миколаїв"
  },
  {
    "number": 59000455810793,
    "dateTime": {
      "date": {
        "year": 2019,
        "month": 10,
        "day": 18
      },
      "time": {
        "hour": 9,
        "minute": 31,
        "second": 6,
        "nano": 0
      }
    },
    "citySender": "Кам\u0027янець-Подільський",
    "cityRecipient": "Київ"
  },
  {
    "number": 59000455810794,
    "dateTime": {
      "date": {
        "year": 2019,
        "month": 10,
        "day": 18
      },
      "time": {
        "hour": 9,
        "minute": 30,
        "second": 51,
        "nano": 0
      }
    },
    "citySender": "Київ",
    "cityRecipient": "Бахмут"
  },
  {
    "number": 59000455810795,
    "dateTime": {
      "date": {
        "year": 2019,
        "month": 10,
        "day": 18
      },
      "time": {
        "hour": 9,
        "minute": 31,
        "second": 1,
        "nano": 0
      }
    },
    "citySender": "Дніпро",
    "cityRecipient": "Овідіополь"
  },
  {
    "number": 59000455810796,
    "dateTime": {
      "date": {
        "year": 2019,
        "month": 10,
        "day": 18
      },
      "time": {
        "hour": 9,
        "minute": 30,
        "second": 55,
        "nano": 0
      }
    },
    "citySender": "Хорошів",
    "cityRecipient": "Бровари"
  },
  {
    "number": 59000455810797,
    "dateTime": {
      "date": {
        "year": 2019,
        "month": 10,
        "day": 18
      },
      "time": {
        "hour": 9,
        "minute": 30,
        "second": 45,
        "nano": 0
      }
    },
    "citySender": "Новоукраїнка",
    "cityRecipient": "Любар"
  },
  {
    "number": 59000455810798,
    "dateTime": {
      "date": {
        "year": 2019,
        "month": 10,
        "day": 18
      },
      "time": {
        "hour": 9,
        "minute": 31,
        "second": 7,
        "nano": 0
      }
    },
    "citySender": "Усатове",
    "cityRecipient": "Дніпро"
  },
  {
    "number": 59000455810799,
    "dateTime": {
      "date": {
        "year": 2019,
        "month": 10,
        "day": 18
      },
      "time": {
        "hour": 9,
        "minute": 30,
        "second": 46,
        "nano": 0
      }
    },
    "citySender": "Хмельницький",
    "cityRecipient": "Вишневе"
  },
  {
    "number": 59000455810800,
    "dateTime": {
      "date": {
        "year": 2019,
        "month": 10,
        "day": 18
      },
      "time": {
        "hour": 9,
        "minute": 30,
        "second": 10,
        "nano": 0
      }
    },
    "citySender": "Любомль",
    "cityRecipient": "Львів"
  },
  {
    "number": 59000455810801,
    "dateTime": {
      "date": {
        "year": 2019,
        "month": 10,
        "day": 18
      },
      "time": {
        "hour": 9,
        "minute": 30,
        "second": 58,
        "nano": 0
      }
    },
    "citySender": "Рівне",
    "cityRecipient": "Рівне"
  },
  {
    "number": 59000455810802,
    "dateTime": {
      "date": {
        "year": 2019,
        "month": 10,
        "day": 18
      },
      "time": {
        "hour": 9,
        "minute": 30,
        "second": 33,
        "nano": 0
      }
    },
    "citySender": "Одеса",
    "cityRecipient": "Київ"
  },
  {
    "number": 59000455810803,
    "dateTime": {
      "date": {
        "year": 2019,
        "month": 10,
        "day": 18
      },
      "time": {
        "hour": 9,
        "minute": 30,
        "second": 56,
        "nano": 0
      }
    },
    "citySender": "Первомайськ(Микол.обл.Первомайс.р-н)",
    "cityRecipient": "Смоліне"
  },
  {
    "number": 59000455810804,
    "dateTime": {
      "date": {
        "year": 2019,
        "month": 10,
        "day": 18
      },
      "time": {
        "hour": 9,
        "minute": 31,
        "second": 6,
        "nano": 0
      }
    },
    "citySender": "Козацьке (Херсонська обл.)",
    "cityRecipient": "Харків"
  },
  {
    "number": 59000455810805,
    "dateTime": {
      "date": {
        "year": 2019,
        "month": 10,
        "day": 18
      },
      "time": {
        "hour": 9,
        "minute": 31,
        "second": 7,
        "nano": 0
      }
    },
    "citySender": "Північне",
    "cityRecipient": "Чернівці"
  },
  {
    "number": 59000455810806,
    "dateTime": {
      "date": {
        "year": 2019,
        "month": 10,
        "day": 18
      },
      "time": {
        "hour": 9,
        "minute": 31,
        "second": 8,
        "nano": 0
      }
    },
    "citySender": "Чорнухи (Полтавська обл.)",
    "cityRecipient": "Київ"
  },
  {
    "number": 59000455810807,
    "dateTime": {
      "date": {
        "year": 2019,
        "month": 10,
        "day": 18
      },
      "time": {
        "hour": 9,
        "minute": 31,
        "second": 0,
        "nano": 0
      }
    },
    "citySender": "Сєвєродонецьк",
    "cityRecipient": "Ірпінь"
  },
  {
    "number": 59000455810808,
    "dateTime": {
      "date": {
        "year": 2019,
        "month": 10,
        "day": 18
      },
      "time": {
        "hour": 9,
        "minute": 30,
        "second": 5,
        "nano": 0
      }
    },
    "citySender": "Ставище",
    "cityRecipient": "Чернігів"
  },
  {
    "number": 59000455810809,
    "dateTime": {
      "date": {
        "year": 2019,
        "month": 10,
        "day": 18
      },
      "time": {
        "hour": 9,
        "minute": 30,
        "second": 53,
        "nano": 0
      }
    },
    "citySender": "Ужгород",
    "cityRecipient": "Івано-Франківськ"
  },
  {
    "number": 59000455810810,
    "dateTime": {
      "date": {
        "year": 2019,
        "month": 10,
        "day": 18
      },
      "time": {
        "hour": 9,
        "minute": 31,
        "second": 9,
        "nano": 0
      }
    },
    "citySender": "Приморськ (Запорізька обл.)",
    "cityRecipient": "Київ"
  },
  {
    "number": 59000455810811,
    "dateTime": {
      "date": {
        "year": 2019,
        "month": 10,
        "day": 18
      },
      "time": {
        "hour": 9,
        "minute": 30,
        "second": 46,
        "nano": 0
      }
    },
    "citySender": "Мелітополь",
    "cityRecipient": "Київ"
  },
  {
    "number": 59000455810812,
    "dateTime": {
      "date": {
        "year": 2019,
        "month": 10,
        "day": 18
      },
      "time": {
        "hour": 9,
        "minute": 30,
        "second": 22,
        "nano": 0
      }
    },
    "citySender": "Нововолинськ",
    "cityRecipient": "Харків"
  },
  {
    "number": 59000455810813,
    "dateTime": {
      "date": {
        "year": 2019,
        "month": 10,
        "day": 18
      },
      "time": {
        "hour": 9,
        "minute": 31,
        "second": 10,
        "nano": 0
      }
    },
    "citySender": "Бердянськ",
    "cityRecipient": "Львів"
  },
  {
    "number": 59000455810815,
    "dateTime": {
      "date": {
        "year": 2019,
        "month": 10,
        "day": 18
      },
      "time": {
        "hour": 9,
        "minute": 30,
        "second": 59,
        "nano": 0
      }
    },
    "citySender": "Київ",
    "cityRecipient": "Дніпро"
  },
  {
    "number": 59000455810816,
    "dateTime": {
      "date": {
        "year": 2019,
        "month": 10,
        "day": 18
      },
      "time": {
        "hour": 9,
        "minute": 30,
        "second": 3,
        "nano": 0
      }
    },
    "citySender": "Прилуки",
    "cityRecipient": "Чернігів"
  },
  {
    "number": 59000455810817,
    "dateTime": {
      "date": {
        "year": 2019,
        "month": 10,
        "day": 18
      },
      "time": {
        "hour": 9,
        "minute": 31,
        "second": 10,
        "nano": 0
      }
    },
    "citySender": "Кривий Ріг",
    "cityRecipient": "Запоріжжя"
  },
  {
    "number": 59000455810818,
    "dateTime": {
      "date": {
        "year": 2019,
        "month": 10,
        "day": 18
      },
      "time": {
        "hour": 9,
        "minute": 30,
        "second": 43,
        "nano": 0
      }
    },
    "citySender": "Гнівань",
    "cityRecipient": "Кременчук"
  },
  {
    "number": 59000455810820,
    "dateTime": {
      "date": {
        "year": 2019,
        "month": 10,
        "day": 18
      },
      "time": {
        "hour": 9,
        "minute": 31,
        "second": 8,
        "nano": 0
      }
    },
    "citySender": "Чорнобаївка",
    "cityRecipient": "Преображенка (Каланчацький р-н)"
  },
  {
    "number": 59000455810821,
    "dateTime": {
      "date": {
        "year": 2019,
        "month": 10,
        "day": 18
      },
      "time": {
        "hour": 9,
        "minute": 31,
        "second": 6,
        "nano": 0
      }
    },
    "citySender": "Нікополь (Дніпропетровська обл.)",
    "cityRecipient": "Київ"
  },
  {
    "number": 59000455810822,
    "dateTime": {
      "date": {
        "year": 2019,
        "month": 10,
        "day": 18
      },
      "time": {
        "hour": 9,
        "minute": 30,
        "second": 1,
        "nano": 0
      }
    },
    "citySender": "Миколаїв",
    "cityRecipient": "Біла Криниця (Рівненська обл.)"
  },
  {
    "number": 59000455810823,
    "dateTime": {
      "date": {
        "year": 2019,
        "month": 10,
        "day": 18
      },
      "time": {
        "hour": 9,
        "minute": 30,
        "second": 44,
        "nano": 0
      }
    },
    "citySender": "Вінниця",
    "cityRecipient": "Новомосковськ"
  },
  {
    "number": 59000455810824,
    "dateTime": {
      "date": {
        "year": 2019,
        "month": 10,
        "day": 18
      },
      "time": {
        "hour": 9,
        "minute": 28,
        "second": 53,
        "nano": 0
      }
    },
    "citySender": "Ужгород",
    "cityRecipient": "Шкло"
  },
  {
    "number": 59000455810825,
    "dateTime": {
      "date": {
        "year": 2019,
        "month": 10,
        "day": 18
      },
      "time": {
        "hour": 9,
        "minute": 30,
        "second": 42,
        "nano": 0
      }
    },
    "citySender": "Зміїв",
    "cityRecipient": "Київ"
  },
  {
    "number": 59000455810826,
    "dateTime": {
      "date": {
        "year": 2019,
        "month": 10,
        "day": 18
      },
      "time": {
        "hour": 9,
        "minute": 30,
        "second": 55,
        "nano": 0
      }
    },
    "citySender": "Маріуполь",
    "cityRecipient": "Запоріжжя"
  },
  {
    "number": 59000455810828,
    "dateTime": {
      "date": {
        "year": 2019,
        "month": 10,
        "day": 18
      },
      "time": {
        "hour": 9,
        "minute": 30,
        "second": 52,
        "nano": 0
      }
    },
    "citySender": "Вінниця",
    "cityRecipient": "Київ"
  },
  {
    "number": 59000455810829,
    "dateTime": {
      "date": {
        "year": 2019,
        "month": 10,
        "day": 18
      },
      "time": {
        "hour": 9,
        "minute": 30,
        "second": 6,
        "nano": 0
      }
    },
    "citySender": "Кам\u0027янець-Подільський",
    "cityRecipient": "Київ"
  },
  {
    "number": 59000455810830,
    "dateTime": {
      "date": {
        "year": 2019,
        "month": 10,
        "day": 18
      },
      "time": {
        "hour": 9,
        "minute": 31,
        "second": 12,
        "nano": 0
      }
    },
    "citySender": "Судова Вишня",
    "cityRecipient": "Стоянка"
  },
  {
    "number": 59000455810831,
    "dateTime": {
      "date": {
        "year": 2019,
        "month": 10,
        "day": 18
      },
      "time": {
        "hour": 9,
        "minute": 31,
        "second": 7,
        "nano": 0
      }
    },
    "citySender": "Харків",
    "cityRecipient": "Чугуїв"
  },
  {
    "number": 59000455810832,
    "dateTime": {
      "date": {
        "year": 2019,
        "month": 10,
        "day": 18
      },
      "time": {
        "hour": 9,
        "minute": 30,
        "second": 1,
        "nano": 0
      }
    },
    "citySender": "Шаргород (Вінницька обл.)",
    "cityRecipient": "Полтава"
  },
  {
    "number": 59000455810833,
    "dateTime": {
      "date": {
        "year": 2019,
        "month": 10,
        "day": 18
      },
      "time": {
        "hour": 9,
        "minute": 31,
        "second": 10,
        "nano": 0
      }
    },
    "citySender": "Знам\u0027янка (Кіровоградська обл.)",
    "cityRecipient": "Петрове (Петрівський р-н., Кіровоградська обл)"
  },
  {
    "number": 59000455810835,
    "dateTime": {
      "date": {
        "year": 2019,
        "month": 10,
        "day": 18
      },
      "time": {
        "hour": 9,
        "minute": 30,
        "second": 30,
        "nano": 0
      }
    },
    "citySender": "Бровари",
    "cityRecipient": "Вінниця"
  },
  {
    "number": 59000455810836,
    "dateTime": {
      "date": {
        "year": 2019,
        "month": 10,
        "day": 18
      },
      "time": {
        "hour": 9,
        "minute": 30,
        "second": 46,
        "nano": 0
      }
    },
    "citySender": "Вінниця",
    "cityRecipient": "Київ"
  },
  {
    "number": 59000455810837,
    "dateTime": {
      "date": {
        "year": 2019,
        "month": 10,
        "day": 18
      },
      "time": {
        "hour": 9,
        "minute": 28,
        "second": 59,
        "nano": 0
      }
    },
    "citySender": "Київ",
    "cityRecipient": "Мелітополь"
  },
  {
    "number": 59000455810838,
    "dateTime": {
      "date": {
        "year": 2019,
        "month": 10,
        "day": 18
      },
      "time": {
        "hour": 9,
        "minute": 29,
        "second": 26,
        "nano": 0
      }
    },
    "citySender": "Мурафа",
    "cityRecipient": "Одеса"
  },
  {
    "number": 59000455810839,
    "dateTime": {
      "date": {
        "year": 2019,
        "month": 10,
        "day": 18
      },
      "time": {
        "hour": 9,
        "minute": 31,
        "second": 3,
        "nano": 0
      }
    },
    "citySender": "Львів",
    "cityRecipient": "Теребовля"
  },
  {
    "number": 59000455810840,
    "dateTime": {
      "date": {
        "year": 2019,
        "month": 10,
        "day": 18
      },
      "time": {
        "hour": 9,
        "minute": 30,
        "second": 24,
        "nano": 0
      }
    },
    "citySender": "Хуст",
    "cityRecipient": "Бар"
  },
  {
    "number": 59000455810841,
    "dateTime": {
      "date": {
        "year": 2019,
        "month": 10,
        "day": 18
      },
      "time": {
        "hour": 9,
        "minute": 31,
        "second": 7,
        "nano": 0
      }
    },
    "citySender": "Київ",
    "cityRecipient": "Хмельницький"
  },
  {
    "number": 59000455810843,
    "dateTime": {
      "date": {
        "year": 2019,
        "month": 10,
        "day": 18
      },
      "time": {
        "hour": 9,
        "minute": 31,
        "second": 16,
        "nano": 0
      }
    },
    "citySender": "Херсон",
    "cityRecipient": "Одеса"
  },
  {
    "number": 59000455810844,
    "dateTime": {
      "date": {
        "year": 2019,
        "month": 10,
        "day": 18
      },
      "time": {
        "hour": 9,
        "minute": 29,
        "second": 54,
        "nano": 0
      }
    },
    "citySender": "Конотоп",
    "cityRecipient": "Київ"
  },
  {
    "number": 59000455810845,
    "dateTime": {
      "date": {
        "year": 2019,
        "month": 10,
        "day": 18
      },
      "time": {
        "hour": 9,
        "minute": 30,
        "second": 47,
        "nano": 0
      }
    },
    "citySender": "Вишневе",
    "cityRecipient": "Крюківщина"
  },
  {
    "number": 59000455810846,
    "dateTime": {
      "date": {
        "year": 2019,
        "month": 10,
        "day": 18
      },
      "time": {
        "hour": 9,
        "minute": 30,
        "second": 55,
        "nano": 0
      }
    },
    "citySender": "Одеса",
    "cityRecipient": "Київ"
  },
  {
    "number": 59000455810847,
    "dateTime": {
      "date": {
        "year": 2019,
        "month": 10,
        "day": 18
      },
      "time": {
        "hour": 9,
        "minute": 30,
        "second": 52,
        "nano": 0
      }
    },
    "citySender": "Одеса",
    "cityRecipient": "Мукачево"
  },
  {
    "number": 59000455810848,
    "dateTime": {
      "date": {
        "year": 2019,
        "month": 10,
        "day": 18
      },
      "time": {
        "hour": 9,
        "minute": 31,
        "second": 6,
        "nano": 0
      }
    },
    "citySender": "Прилуки",
    "cityRecipient": "Бердичів"
  },
  {
    "number": 59000455810849,
    "dateTime": {
      "date": {
        "year": 2019,
        "month": 10,
        "day": 18
      },
      "time": {
        "hour": 9,
        "minute": 30,
        "second": 44,
        "nano": 0
      }
    },
    "citySender": "Бровари",
    "cityRecipient": "Антонівка (Київська обл.)"
  },
  {
    "number": 59000455810850,
    "dateTime": {
      "date": {
        "year": 2019,
        "month": 10,
        "day": 18
      },
      "time": {
        "hour": 9,
        "minute": 31,
        "second": 18,
        "nano": 0
      }
    },
    "citySender": "Запоріжжя",
    "cityRecipient": "Одеса"
  },
  {
    "number": 59000455810851,
    "dateTime": {
      "date": {
        "year": 2019,
        "month": 10,
        "day": 18
      },
      "time": {
        "hour": 9,
        "minute": 30,
        "second": 41,
        "nano": 0
      }
    },
    "citySender": "Одеса",
    "cityRecipient": "Дніпро"
  },
  {
    "number": 59000455810852,
    "dateTime": {
      "date": {
        "year": 2019,
        "month": 10,
        "day": 18
      },
      "time": {
        "hour": 9,
        "minute": 30,
        "second": 37,
        "nano": 0
      }
    },
    "citySender": "Кременчук",
    "cityRecipient": "Полтава"
  },
  {
    "number": 59000455810853,
    "dateTime": {
      "date": {
        "year": 2019,
        "month": 10,
        "day": 18
      },
      "time": {
        "hour": 9,
        "minute": 31,
        "second": 10,
        "nano": 0
      }
    },
    "citySender": "Нова Каховка",
    "cityRecipient": "Кривий Ріг"
  },
  {
    "number": 59000455810854,
    "dateTime": {
      "date": {
        "year": 2019,
        "month": 10,
        "day": 18
      },
      "time": {
        "hour": 9,
        "minute": 30,
        "second": 58,
        "nano": 0
      }
    },
    "citySender": "Хмельницький",
    "cityRecipient": "Київ"
  },
  {
    "number": 59000455810855,
    "dateTime": {
      "date": {
        "year": 2019,
        "month": 10,
        "day": 18
      },
      "time": {
        "hour": 9,
        "minute": 31,
        "second": 12,
        "nano": 0
      }
    },
    "citySender": "Тернівка",
    "cityRecipient": "Кам\u0027янка (Черкаська обл.)"
  },
  {
    "number": 59000455810856,
    "dateTime": {
      "date": {
        "year": 2019,
        "month": 10,
        "day": 18
      },
      "time": {
        "hour": 9,
        "minute": 30,
        "second": 58,
        "nano": 0
      }
    },
    "citySender": "Оріхів",
    "cityRecipient": "Попільня"
  },
  {
    "number": 59000455810857,
    "dateTime": {
      "date": {
        "year": 2019,
        "month": 10,
        "day": 18
      },
      "time": {
        "hour": 9,
        "minute": 30,
        "second": 5,
        "nano": 0
      }
    },
    "citySender": "Хмільник (Вінницька обл.)",
    "cityRecipient": "Київ"
  },
  {
    "number": 59000455810858,
    "dateTime": {
      "date": {
        "year": 2019,
        "month": 10,
        "day": 18
      },
      "time": {
        "hour": 9,
        "minute": 30,
        "second": 50,
        "nano": 0
      }
    },
    "citySender": "Сарни",
    "cityRecipient": "Городище (Черкаська обл.)"
  },
  {
    "number": 59000455810859,
    "dateTime": {
      "date": {
        "year": 2019,
        "month": 10,
        "day": 18
      },
      "time": {
        "hour": 9,
        "minute": 31,
        "second": 19,
        "nano": 0
      }
    },
    "citySender": "Перечин",
    "cityRecipient": "Запоріжжя"
  },
  {
    "number": 59000455810860,
    "dateTime": {
      "date": {
        "year": 2019,
        "month": 10,
        "day": 18
      },
      "time": {
        "hour": 9,
        "minute": 27,
        "second": 26,
        "nano": 0
      }
    },
    "citySender": "Першотравенськ (Житомирська обл.)",
    "cityRecipient": "Запоріжжя"
  },
  {
    "number": 59000455810861,
    "dateTime": {
      "date": {
        "year": 2019,
        "month": 10,
        "day": 18
      },
      "time": {
        "hour": 9,
        "minute": 31,
        "second": 9,
        "nano": 0
      }
    },
    "citySender": "Крихівці",
    "cityRecipient": "Квасилів (Рівненська обл.)"
  },
  {
    "number": 59000455810862,
    "dateTime": {
      "date": {
        "year": 2019,
        "month": 10,
        "day": 18
      },
      "time": {
        "hour": 9,
        "minute": 31,
        "second": 7,
        "nano": 0
      }
    },
    "citySender": "Тинне",
    "cityRecipient": "Боярка"
  },
  {
    "number": 59000455810863,
    "dateTime": {
      "date": {
        "year": 2019,
        "month": 10,
        "day": 18
      },
      "time": {
        "hour": 9,
        "minute": 30,
        "second": 36,
        "nano": 0
      }
    },
    "citySender": "Нікополь (Дніпропетровська обл.)",
    "cityRecipient": "Запоріжжя"
  },
  {
    "number": 59000455810864,
    "dateTime": {
      "date": {
        "year": 2019,
        "month": 10,
        "day": 18
      },
      "time": {
        "hour": 9,
        "minute": 31,
        "second": 22,
        "nano": 0
      }
    },
    "citySender": "Луцьк",
    "cityRecipient": "Одеса"
  },
  {
    "number": 59000455810865,
    "dateTime": {
      "date": {
        "year": 2019,
        "month": 10,
        "day": 18
      },
      "time": {
        "hour": 9,
        "minute": 31,
        "second": 20,
        "nano": 0
      }
    },
    "citySender": "Клавдієво-Тарасове",
    "cityRecipient": "Львів"
  },
  {
    "number": 59000455810866,
    "dateTime": {
      "date": {
        "year": 2019,
        "month": 10,
        "day": 18
      },
      "time": {
        "hour": 9,
        "minute": 26,
        "second": 37,
        "nano": 0
      }
    },
    "citySender": "Рокитне (Київська обл., Рокитнянський р-н)",
    "cityRecipient": "Вільшани (Харківська обл.)"
  },
  {
    "number": 59000455810868,
    "dateTime": {
      "date": {
        "year": 2019,
        "month": 10,
        "day": 18
      },
      "time": {
        "hour": 9,
        "minute": 31,
        "second": 22,
        "nano": 0
      }
    },
    "citySender": "Кривий Ріг",
    "cityRecipient": "Львів"
  },
  {
    "number": 59000455810869,
    "dateTime": {
      "date": {
        "year": 2019,
        "month": 10,
        "day": 18
      },
      "time": {
        "hour": 9,
        "minute": 31,
        "second": 14,
        "nano": 0
      }
    },
    "citySender": "Маріуполь",
    "cityRecipient": "Карнаухівка(Дніпропетровська обл.)"
  },
  {
    "number": 59000455810870,
    "dateTime": {
      "date": {
        "year": 2019,
        "month": 10,
        "day": 18
      },
      "time": {
        "hour": 9,
        "minute": 30,
        "second": 20,
        "nano": 0
      }
    },
    "citySender": "Київ",
    "cityRecipient": "Харків"
  },
  {
    "number": 59000455810872,
    "dateTime": {
      "date": {
        "year": 2019,
        "month": 10,
        "day": 18
      },
      "time": {
        "hour": 9,
        "minute": 31,
        "second": 8,
        "nano": 0
      }
    },
    "citySender": "Васильківка (Дніпропетровська обл.)",
    "cityRecipient": "Харків"
  },
  {
    "number": 59000455810873,
    "dateTime": {
      "date": {
        "year": 2019,
        "month": 10,
        "day": 18
      },
      "time": {
        "hour": 9,
        "minute": 31,
        "second": 12,
        "nano": 0
      }
    },
    "citySender": "Київ",
    "cityRecipient": "Київ"
  },
  {
    "number": 59000455810874,
    "dateTime": {
      "date": {
        "year": 2019,
        "month": 10,
        "day": 18
      },
      "time": {
        "hour": 9,
        "minute": 30,
        "second": 31,
        "nano": 0
      }
    },
    "citySender": "Кривий Ріг",
    "cityRecipient": "Київ"
  },
  {
    "number": 59000455810875,
    "dateTime": {
      "date": {
        "year": 2019,
        "month": 10,
        "day": 18
      },
      "time": {
        "hour": 9,
        "minute": 30,
        "second": 38,
        "nano": 0
      }
    },
    "citySender": "Сєвєродонецьк",
    "cityRecipient": "Луцьк"
  },
  {
    "number": 59000455810876,
    "dateTime": {
      "date": {
        "year": 2019,
        "month": 10,
        "day": 18
      },
      "time": {
        "hour": 9,
        "minute": 31,
        "second": 4,
        "nano": 0
      }
    },
    "citySender": "Запоріжжя",
    "cityRecipient": "Київ"
  },
  {
    "number": 59000455810877,
    "dateTime": {
      "date": {
        "year": 2019,
        "month": 10,
        "day": 18
      },
      "time": {
        "hour": 9,
        "minute": 31,
        "second": 0,
        "nano": 0
      }
    },
    "citySender": "Київ",
    "cityRecipient": "Дніпро"
  },
  {
    "number": 59000455810878,
    "dateTime": {
      "date": {
        "year": 2019,
        "month": 10,
        "day": 18
      },
      "time": {
        "hour": 9,
        "minute": 31,
        "second": 1,
        "nano": 0
      }
    },
    "citySender": "Корсунь-Шевченківський",
    "cityRecipient": "Івано-Франківськ"
  },
  {
    "number": 59000455810879,
    "dateTime": {
      "date": {
        "year": 2019,
        "month": 10,
        "day": 18
      },
      "time": {
        "hour": 9,
        "minute": 31,
        "second": 24,
        "nano": 0
      }
    },
    "citySender": "Енергодар",
    "cityRecipient": "Київ"
  },
  {
    "number": 59000455810880,
    "dateTime": {
      "date": {
        "year": 2019,
        "month": 10,
        "day": 18
      },
      "time": {
        "hour": 9,
        "minute": 31,
        "second": 13,
        "nano": 0
      }
    },
    "citySender": "Олександрівка (Миколаївська обл.)",
    "cityRecipient": "Бровари"
  },
  {
    "number": 59000455810881,
    "dateTime": {
      "date": {
        "year": 2019,
        "month": 10,
        "day": 18
      },
      "time": {
        "hour": 9,
        "minute": 31,
        "second": 25,
        "nano": 0
      }
    },
    "citySender": "Чорнухи (Полтавська обл.)",
    "cityRecipient": "Харків"
  }
]