[
  {
    "number": 59000455798189,
    "dateTime": {
      "date": {
        "year": 2019,
        "month": 10,
        "day": 18
      },
      "time": {
        "hour": 8,
        "minute": 24,
        "second": 1,
        "nano": 0
      }
    },
    "citySender": "Богуслав (Київська обл.)",
    "cityRecipient": "Луцьк"
  },
  {
    "number": 59000455798190,
    "dateTime": {
      "date": {
        "year": 2019,
        "month": 10,
        "day": 18
      },
      "time": {
        "hour": 8,
        "minute": 23,
        "second": 51,
        "nano": 0
      }
    },
    "citySender": "Київ",
    "cityRecipient": "Енергодар"
  },
  {
    "number": 59000455798191,
    "dateTime": {
      "date": {
        "year": 2019,
        "month": 10,
        "day": 18
      },
      "time": {
        "hour": 8,
        "minute": 23,
        "second": 37,
        "nano": 0
      }
    },
    "citySender": "Станиця Луганська",
    "cityRecipient": "Харків"
  },
  {
    "number": 59000455798192,
    "dateTime": {
      "date": {
        "year": 2019,
        "month": 10,
        "day": 18
      },
      "time": {
        "hour": 8,
        "minute": 23,
        "second": 43,
        "nano": 0
      }
    },
    "citySender": "Вовчанськ",
    "cityRecipient": "Кропивницький"
  },
  {
    "number": 59000455798193,
    "dateTime": {
      "date": {
        "year": 2019,
        "month": 10,
        "day": 18
      },
      "time": {
        "hour": 8,
        "minute": 23,
        "second": 33,
        "nano": 0
      }
    },
    "citySender": "Велика Лепетиха",
    "cityRecipient": "Білозерка (Херсонська обл.)"
  },
  {
    "number": 59000455798194,
    "dateTime": {
      "date": {
        "year": 2019,
        "month": 10,
        "day": 18
      },
      "time": {
        "hour": 8,
        "minute": 24,
        "second": 3,
        "nano": 0
      }
    },
    "citySender": "Київ",
    "cityRecipient": "Харків"
  },
  {
    "number": 59000455798195,
    "dateTime": {
      "date": {
        "year": 2019,
        "month": 10,
        "day": 18
      },
      "time": {
        "hour": 8,
        "minute": 24,
        "second": 24,
        "nano": 0
      }
    },
    "citySender": "Красилів",
    "cityRecipient": "Івано-Франкове"
  },
  {
    "number": 59000455798196,
    "dateTime": {
      "date": {
        "year": 2019,
        "month": 10,
        "day": 18
      },
      "time": {
        "hour": 8,
        "minute": 23,
        "second": 32,
        "nano": 0
      }
    },
    "citySender": "Городенка",
    "cityRecipient": "Харків"
  },
  {
    "number": 59000455798197,
    "dateTime": {
      "date": {
        "year": 2019,
        "month": 10,
        "day": 18
      },
      "time": {
        "hour": 8,
        "minute": 23,
        "second": 58,
        "nano": 0
      }
    },
    "citySender": "Київ",
    "cityRecipient": "Львів"
  },
  {
    "number": 59000455798198,
    "dateTime": {
      "date": {
        "year": 2019,
        "month": 10,
        "day": 18
      },
      "time": {
        "hour": 8,
        "minute": 24,
        "second": 27,
        "nano": 0
      }
    },
    "citySender": "Київ",
    "cityRecipient": "Кропивницький"
  },
  {
    "number": 59000455798199,
    "dateTime": {
      "date": {
        "year": 2019,
        "month": 10,
        "day": 18
      },
      "time": {
        "hour": 8,
        "minute": 24,
        "second": 7,
        "nano": 0
      }
    },
    "citySender": "Харків",
    "cityRecipient": "Первомайський (Харківська обл.)"
  },
  {
    "number": 59000455798200,
    "dateTime": {
      "date": {
        "year": 2019,
        "month": 10,
        "day": 18
      },
      "time": {
        "hour": 8,
        "minute": 24,
        "second": 7,
        "nano": 0
      }
    },
    "citySender": "Ратне",
    "cityRecipient": "Хмельницький"
  },
  {
    "number": 59000455798201,
    "dateTime": {
      "date": {
        "year": 2019,
        "month": 10,
        "day": 18
      },
      "time": {
        "hour": 8,
        "minute": 24,
        "second": 30,
        "nano": 0
      }
    },
    "citySender": "Середина-Буда",
    "cityRecipient": "Харків"
  },
  {
    "number": 59000455798202,
    "dateTime": {
      "date": {
        "year": 2019,
        "month": 10,
        "day": 18
      },
      "time": {
        "hour": 8,
        "minute": 23,
        "second": 33,
        "nano": 0
      }
    },
    "citySender": "Київ",
    "cityRecipient": "Львів"
  },
  {
    "number": 59000455798204,
    "dateTime": {
      "date": {
        "year": 2019,
        "month": 10,
        "day": 18
      },
      "time": {
        "hour": 8,
        "minute": 24,
        "second": 32,
        "nano": 0
      }
    },
    "citySender": "Бориспіль",
    "cityRecipient": "Київ"
  },
  {
    "number": 59000455798205,
    "dateTime": {
      "date": {
        "year": 2019,
        "month": 10,
        "day": 18
      },
      "time": {
        "hour": 8,
        "minute": 24,
        "second": 28,
        "nano": 0
      }
    },
    "citySender": "Київ",
    "cityRecipient": "Київ"
  },
  {
    "number": 59000455798206,
    "dateTime": {
      "date": {
        "year": 2019,
        "month": 10,
        "day": 18
      },
      "time": {
        "hour": 8,
        "minute": 24,
        "second": 25,
        "nano": 0
      }
    },
    "citySender": "Київ",
    "cityRecipient": "Київ"
  },
  {
    "number": 59000455798207,
    "dateTime": {
      "date": {
        "year": 2019,
        "month": 10,
        "day": 18
      },
      "time": {
        "hour": 8,
        "minute": 24,
        "second": 14,
        "nano": 0
      }
    },
    "citySender": "Дніпро",
    "cityRecipient": "Запоріжжя"
  },
  {
    "number": 59000455798208,
    "dateTime": {
      "date": {
        "year": 2019,
        "month": 10,
        "day": 18
      },
      "time": {
        "hour": 8,
        "minute": 24,
        "second": 31,
        "nano": 0
      }
    },
    "citySender": "Київ",
    "cityRecipient": "Київ"
  },
  {
    "number": 59000455798209,
    "dateTime": {
      "date": {
        "year": 2019,
        "month": 10,
        "day": 18
      },
      "time": {
        "hour": 8,
        "minute": 24,
        "second": 28,
        "nano": 0
      }
    },
    "citySender": "Рівне",
    "cityRecipient": "Полтава"
  },
  {
    "number": 59000455798210,
    "dateTime": {
      "date": {
        "year": 2019,
        "month": 10,
        "day": 18
      },
      "time": {
        "hour": 8,
        "minute": 24,
        "second": 28,
        "nano": 0
      }
    },
    "citySender": "Дніпро",
    "cityRecipient": "Київ"
  },
  {
    "number": 59000455798211,
    "dateTime": {
      "date": {
        "year": 2019,
        "month": 10,
        "day": 18
      },
      "time": {
        "hour": 8,
        "minute": 24,
        "second": 28,
        "nano": 0
      }
    },
    "citySender": "Київ",
    "cityRecipient": "Запоріжжя"
  },
  {
    "number": 59000455798213,
    "dateTime": {
      "date": {
        "year": 2019,
        "month": 10,
        "day": 18
      },
      "time": {
        "hour": 8,
        "minute": 24,
        "second": 26,
        "nano": 0
      }
    },
    "citySender": "Київ",
    "cityRecipient": "Вінниця"
  },
  {
    "number": 59000455798214,
    "dateTime": {
      "date": {
        "year": 2019,
        "month": 10,
        "day": 18
      },
      "time": {
        "hour": 8,
        "minute": 23,
        "second": 41,
        "nano": 0
      }
    },
    "citySender": "Долина",
    "cityRecipient": "Одеса"
  },
  {
    "number": 59000455798215,
    "dateTime": {
      "date": {
        "year": 2019,
        "month": 10,
        "day": 18
      },
      "time": {
        "hour": 8,
        "minute": 24,
        "second": 2,
        "nano": 0
      }
    },
    "citySender": "Дніпро",
    "cityRecipient": "Ужгород"
  },
  {
    "number": 59000455798216,
    "dateTime": {
      "date": {
        "year": 2019,
        "month": 10,
        "day": 18
      },
      "time": {
        "hour": 8,
        "minute": 24,
        "second": 28,
        "nano": 0
      }
    },
    "citySender": "Київ",
    "cityRecipient": "Путивль"
  },
  {
    "number": 59000455798217,
    "dateTime": {
      "date": {
        "year": 2019,
        "month": 10,
        "day": 18
      },
      "time": {
        "hour": 8,
        "minute": 24,
        "second": 38,
        "nano": 0
      }
    },
    "citySender": "Київ",
    "cityRecipient": "Жовті Води"
  },
  {
    "number": 59000455798218,
    "dateTime": {
      "date": {
        "year": 2019,
        "month": 10,
        "day": 18
      },
      "time": {
        "hour": 8,
        "minute": 24,
        "second": 24,
        "nano": 0
      }
    },
    "citySender": "Новоукраїнка",
    "cityRecipient": "Миколаїв"
  },
  {
    "number": 59000455798219,
    "dateTime": {
      "date": {
        "year": 2019,
        "month": 10,
        "day": 18
      },
      "time": {
        "hour": 8,
        "minute": 24,
        "second": 5,
        "nano": 0
      }
    },
    "citySender": "Городня",
    "cityRecipient": "Дніпро"
  },
  {
    "number": 59000455798220,
    "dateTime": {
      "date": {
        "year": 2019,
        "month": 10,
        "day": 18
      },
      "time": {
        "hour": 8,
        "minute": 24,
        "second": 40,
        "nano": 0
      }
    },
    "citySender": "Борівське(Луганська обл.)",
    "cityRecipient": "Середина-Буда"
  },
  {
    "number": 59000455798221,
    "dateTime": {
      "date": {
        "year": 2019,
        "month": 10,
        "day": 18
      },
      "time": {
        "hour": 8,
        "minute": 24,
        "second": 42,
        "nano": 0
      }
    },
    "citySender": "Драбів",
    "cityRecipient": "Львів"
  },
  {
    "number": 59000455798222,
    "dateTime": {
      "date": {
        "year": 2019,
        "month": 10,
        "day": 18
      },
      "time": {
        "hour": 8,
        "minute": 24,
        "second": 43,
        "nano": 0
      }
    },
    "citySender": "Бершадь",
    "cityRecipient": "Київ"
  },
  {
    "number": 59000455798223,
    "dateTime": {
      "date": {
        "year": 2019,
        "month": 10,
        "day": 18
      },
      "time": {
        "hour": 8,
        "minute": 24,
        "second": 44,
        "nano": 0
      }
    },
    "citySender": "Дніпро",
    "cityRecipient": "Київ"
  },
  {
    "number": 59000455798224,
    "dateTime": {
      "date": {
        "year": 2019,
        "month": 10,
        "day": 18
      },
      "time": {
        "hour": 8,
        "minute": 23,
        "second": 49,
        "nano": 0
      }
    },
    "citySender": "Минай",
    "cityRecipient": "Дніпро"
  },
  {
    "number": 59000455798225,
    "dateTime": {
      "date": {
        "year": 2019,
        "month": 10,
        "day": 18
      },
      "time": {
        "hour": 8,
        "minute": 24,
        "second": 34,
        "nano": 0
      }
    },
    "citySender": "Київ",
    "cityRecipient": "Мена"
  },
  {
    "number": 59000455798226,
    "dateTime": {
      "date": {
        "year": 2019,
        "month": 10,
        "day": 18
      },
      "time": {
        "hour": 8,
        "minute": 24,
        "second": 46,
        "nano": 0
      }
    },
    "citySender": "Дніпро",
    "cityRecipient": "Київ"
  },
  {
    "number": 59000455798228,
    "dateTime": {
      "date": {
        "year": 2019,
        "month": 10,
        "day": 18
      },
      "time": {
        "hour": 8,
        "minute": 24,
        "second": 34,
        "nano": 0
      }
    },
    "citySender": "Гребінка (Полтавська обл.)",
    "cityRecipient": "Охтирка"
  },
  {
    "number": 59000455798229,
    "dateTime": {
      "date": {
        "year": 2019,
        "month": 10,
        "day": 18
      },
      "time": {
        "hour": 8,
        "minute": 24,
        "second": 41,
        "nano": 0
      }
    },
    "citySender": "Київ",
    "cityRecipient": "Херсон"
  },
  {
    "number": 59000455798230,
    "dateTime": {
      "date": {
        "year": 2019,
        "month": 10,
        "day": 18
      },
      "time": {
        "hour": 8,
        "minute": 24,
        "second": 49,
        "nano": 0
      }
    },
    "citySender": "Київ",
    "cityRecipient": "Новосілки (Києво-Святошинський р-н)"
  },
  {
    "number": 59000455798231,
    "dateTime": {
      "date": {
        "year": 2019,
        "month": 10,
        "day": 18
      },
      "time": {
        "hour": 8,
        "minute": 24,
        "second": 19,
        "nano": 0
      }
    },
    "citySender": "Віньківці",
    "cityRecipient": "Харків"
  },
  {
    "number": 59000455798232,
    "dateTime": {
      "date": {
        "year": 2019,
        "month": 10,
        "day": 18
      },
      "time": {
        "hour": 8,
        "minute": 24,
        "second": 42,
        "nano": 0
      }
    },
    "citySender": "Київ",
    "cityRecipient": "Київ"
  },
  {
    "number": 59000455798233,
    "dateTime": {
      "date": {
        "year": 2019,
        "month": 10,
        "day": 18
      },
      "time": {
        "hour": 8,
        "minute": 24,
        "second": 52,
        "nano": 0
      }
    },
    "citySender": "Бориспіль",
    "cityRecipient": "Харків"
  },
  {
    "number": 59000455798234,
    "dateTime": {
      "date": {
        "year": 2019,
        "month": 10,
        "day": 18
      },
      "time": {
        "hour": 8,
        "minute": 24,
        "second": 44,
        "nano": 0
      }
    },
    "citySender": "Київ",
    "cityRecipient": "Васильків"
  },
  {
    "number": 59000455798235,
    "dateTime": {
      "date": {
        "year": 2019,
        "month": 10,
        "day": 18
      },
      "time": {
        "hour": 8,
        "minute": 23,
        "second": 43,
        "nano": 0
      }
    },
    "citySender": "Новгород-Сіверський",
    "cityRecipient": "Кудлаївка"
  },
  {
    "number": 59000455798236,
    "dateTime": {
      "date": {
        "year": 2019,
        "month": 10,
        "day": 18
      },
      "time": {
        "hour": 8,
        "minute": 24,
        "second": 23,
        "nano": 0
      }
    },
    "citySender": "Золочів (Львівська обл.)",
    "cityRecipient": "Хмельницький"
  },
  {
    "number": 59000455798237,
    "dateTime": {
      "date": {
        "year": 2019,
        "month": 10,
        "day": 18
      },
      "time": {
        "hour": 8,
        "minute": 23,
        "second": 49,
        "nano": 0
      }
    },
    "citySender": "Васильків",
    "cityRecipient": "Одеса"
  },
  {
    "number": 59000455798238,
    "dateTime": {
      "date": {
        "year": 2019,
        "month": 10,
        "day": 18
      },
      "time": {
        "hour": 8,
        "minute": 23,
        "second": 56,
        "nano": 0
      }
    },
    "citySender": "Київ",
    "cityRecipient": "Київ"
  },
  {
    "number": 59000455798239,
    "dateTime": {
      "date": {
        "year": 2019,
        "month": 10,
        "day": 18
      },
      "time": {
        "hour": 8,
        "minute": 24,
        "second": 4,
        "nano": 0
      }
    },
    "citySender": "Нова Ушиця",
    "cityRecipient": "Тарутине"
  },
  {
    "number": 59000455798240,
    "dateTime": {
      "date": {
        "year": 2019,
        "month": 10,
        "day": 18
      },
      "time": {
        "hour": 8,
        "minute": 23,
        "second": 52,
        "nano": 0
      }
    },
    "citySender": "Богуслав (Київська обл.)",
    "cityRecipient": "Переяслав-Хмельницький"
  },
  {
    "number": 59000455798241,
    "dateTime": {
      "date": {
        "year": 2019,
        "month": 10,
        "day": 18
      },
      "time": {
        "hour": 8,
        "minute": 24,
        "second": 23,
        "nano": 0
      }
    },
    "citySender": "Харків",
    "cityRecipient": "Одеса"
  },
  {
    "number": 59000455798244,
    "dateTime": {
      "date": {
        "year": 2019,
        "month": 10,
        "day": 18
      },
      "time": {
        "hour": 8,
        "minute": 24,
        "second": 40,
        "nano": 0
      }
    },
    "citySender": "Київ",
    "cityRecipient": "Київ"
  },
  {
    "number": 59000455798245,
    "dateTime": {
      "date": {
        "year": 2019,
        "month": 10,
        "day": 18
      },
      "time": {
        "hour": 8,
        "minute": 24,
        "second": 44,
        "nano": 0
      }
    },
    "citySender": "Дніпро",
    "cityRecipient": "Київ"
  },
  {
    "number": 59000455798246,
    "dateTime": {
      "date": {
        "year": 2019,
        "month": 10,
        "day": 18
      },
      "time": {
        "hour": 8,
        "minute": 25,
        "second": 1,
        "nano": 0
      }
    },
    "citySender": "Середина-Буда",
    "cityRecipient": "Київ"
  },
  {
    "number": 59000455798247,
    "dateTime": {
      "date": {
        "year": 2019,
        "month": 10,
        "day": 18
      },
      "time": {
        "hour": 8,
        "minute": 24,
        "second": 38,
        "nano": 0
      }
    },
    "citySender": "Київ",
    "cityRecipient": "Підволочиськ"
  },
  {
    "number": 59000455798248,
    "dateTime": {
      "date": {
        "year": 2019,
        "month": 10,
        "day": 18
      },
      "time": {
        "hour": 8,
        "minute": 24,
        "second": 28,
        "nano": 0
      }
    },
    "citySender": "Дніпро",
    "cityRecipient": "Черкаси"
  },
  {
    "number": 59000455798249,
    "dateTime": {
      "date": {
        "year": 2019,
        "month": 10,
        "day": 18
      },
      "time": {
        "hour": 8,
        "minute": 24,
        "second": 35,
        "nano": 0
      }
    },
    "citySender": "Валки",
    "cityRecipient": "Харків"
  },
  {
    "number": 59000455798250,
    "dateTime": {
      "date": {
        "year": 2019,
        "month": 10,
        "day": 18
      },
      "time": {
        "hour": 8,
        "minute": 24,
        "second": 43,
        "nano": 0
      }
    },
    "citySender": "Київ",
    "cityRecipient": "Харків"
  },
  {
    "number": 59000455798251,
    "dateTime": {
      "date": {
        "year": 2019,
        "month": 10,
        "day": 18
      },
      "time": {
        "hour": 8,
        "minute": 25,
        "second": 3,
        "nano": 0
      }
    },
    "citySender": "Боярка",
    "cityRecipient": "Авангард"
  },
  {
    "number": 59000455798252,
    "dateTime": {
      "date": {
        "year": 2019,
        "month": 10,
        "day": 18
      },
      "time": {
        "hour": 8,
        "minute": 24,
        "second": 59,
        "nano": 0
      }
    },
    "citySender": "Київ",
    "cityRecipient": "Івано-Франківськ"
  },
  {
    "number": 59000455798253,
    "dateTime": {
      "date": {
        "year": 2019,
        "month": 10,
        "day": 18
      },
      "time": {
        "hour": 8,
        "minute": 25,
        "second": 5,
        "nano": 0
      }
    },
    "citySender": "Бориспіль",
    "cityRecipient": "Київ"
  },
  {
    "number": 59000455798254,
    "dateTime": {
      "date": {
        "year": 2019,
        "month": 10,
        "day": 18
      },
      "time": {
        "hour": 8,
        "minute": 24,
        "second": 51,
        "nano": 0
      }
    },
    "citySender": "Долинська",
    "cityRecipient": "Київ"
  },
  {
    "number": 59000455798255,
    "dateTime": {
      "date": {
        "year": 2019,
        "month": 10,
        "day": 18
      },
      "time": {
        "hour": 8,
        "minute": 24,
        "second": 35,
        "nano": 0
      }
    },
    "citySender": "Глеваха",
    "cityRecipient": "Шепетівка"
  },
  {
    "number": 59000455798256,
    "dateTime": {
      "date": {
        "year": 2019,
        "month": 10,
        "day": 18
      },
      "time": {
        "hour": 8,
        "minute": 25,
        "second": 7,
        "nano": 0
      }
    },
    "citySender": "Підгородне (Дніпропетровська обл.)",
    "cityRecipient": "Одеса"
  },
  {
    "number": 59000455798257,
    "dateTime": {
      "date": {
        "year": 2019,
        "month": 10,
        "day": 18
      },
      "time": {
        "hour": 8,
        "minute": 24,
        "second": 59,
        "nano": 0
      }
    },
    "citySender": "Київ",
    "cityRecipient": "Київ"
  },
  {
    "number": 59000455798259,
    "dateTime": {
      "date": {
        "year": 2019,
        "month": 10,
        "day": 18
      },
      "time": {
        "hour": 8,
        "minute": 24,
        "second": 18,
        "nano": 0
      }
    },
    "citySender": "Вендичани",
    "cityRecipient": "Святогірськ"
  },
  {
    "number": 59000455798260,
    "dateTime": {
      "date": {
        "year": 2019,
        "month": 10,
        "day": 18
      },
      "time": {
        "hour": 8,
        "minute": 23,
        "second": 0,
        "nano": 0
      }
    },
    "citySender": "Шаргород (Вінницька обл.)",
    "cityRecipient": "Дніпро"
  },
  {
    "number": 59000455798261,
    "dateTime": {
      "date": {
        "year": 2019,
        "month": 10,
        "day": 18
      },
      "time": {
        "hour": 8,
        "minute": 24,
        "second": 45,
        "nano": 0
      }
    },
    "citySender": "Станиця Луганська",
    "cityRecipient": "Буча"
  },
  {
    "number": 59000455798262,
    "dateTime": {
      "date": {
        "year": 2019,
        "month": 10,
        "day": 18
      },
      "time": {
        "hour": 8,
        "minute": 25,
        "second": 13,
        "nano": 0
      }
    },
    "citySender": "Красилів",
    "cityRecipient": "Дніпро"
  },
  {
    "number": 59000455798263,
    "dateTime": {
      "date": {
        "year": 2019,
        "month": 10,
        "day": 18
      },
      "time": {
        "hour": 8,
        "minute": 25,
        "second": 1,
        "nano": 0
      }
    },
    "citySender": "Дніпро",
    "cityRecipient": "Черкаси"
  },
  {
    "number": 59000455798264,
    "dateTime": {
      "date": {
        "year": 2019,
        "month": 10,
        "day": 18
      },
      "time": {
        "hour": 8,
        "minute": 25,
        "second": 14,
        "nano": 0
      }
    },
    "citySender": "Київ",
    "cityRecipient": "Полтава"
  },
  {
    "number": 59000455798265,
    "dateTime": {
      "date": {
        "year": 2019,
        "month": 10,
        "day": 18
      },
      "time": {
        "hour": 8,
        "minute": 24,
        "second": 46,
        "nano": 0
      }
    },
    "citySender": "Велика Лепетиха",
    "cityRecipient": "Пісочин"
  },
  {
    "number": 59000455798266,
    "dateTime": {
      "date": {
        "year": 2019,
        "month": 10,
        "day": 18
      },
      "time": {
        "hour": 8,
        "minute": 24,
        "second": 34,
        "nano": 0
      }
    },
    "citySender": "Березнегувате",
    "cityRecipient": "Маріуполь"
  },
  {
    "number": 59000455798267,
    "dateTime": {
      "date": {
        "year": 2019,
        "month": 10,
        "day": 18
      },
      "time": {
        "hour": 8,
        "minute": 24,
        "second": 58,
        "nano": 0
      }
    },
    "citySender": "Недригайлів (Сумська обл.)",
    "cityRecipient": "Апостолове"
  },
  {
    "number": 59000455798268,
    "dateTime": {
      "date": {
        "year": 2019,
        "month": 10,
        "day": 18
      },
      "time": {
        "hour": 8,
        "minute": 24,
        "second": 48,
        "nano": 0
      }
    },
    "citySender": "Київ",
    "cityRecipient": "Київ"
  },
  {
    "number": 59000455798269,
    "dateTime": {
      "date": {
        "year": 2019,
        "month": 10,
        "day": 18
      },
      "time": {
        "hour": 8,
        "minute": 25,
        "second": 8,
        "nano": 0
      }
    },
    "citySender": "Київ",
    "cityRecipient": "Одеса"
  },
  {
    "number": 59000455798270,
    "dateTime": {
      "date": {
        "year": 2019,
        "month": 10,
        "day": 18
      },
      "time": {
        "hour": 8,
        "minute": 25,
        "second": 17,
        "nano": 0
      }
    },
    "citySender": "Київ",
    "cityRecipient": "Рівне"
  },
  {
    "number": 59000455798271,
    "dateTime": {
      "date": {
        "year": 2019,
        "month": 10,
        "day": 18
      },
      "time": {
        "hour": 8,
        "minute": 25,
        "second": 19,
        "nano": 0
      }
    },
    "citySender": "Київ",
    "cityRecipient": "Рубіжне"
  },
  {
    "number": 59000455798272,
    "dateTime": {
      "date": {
        "year": 2019,
        "month": 10,
        "day": 18
      },
      "time": {
        "hour": 8,
        "minute": 25,
        "second": 5,
        "nano": 0
      }
    },
    "citySender": "Дніпро",
    "cityRecipient": "Кривий Ріг"
  },
  {
    "number": 59000455798273,
    "dateTime": {
      "date": {
        "year": 2019,
        "month": 10,
        "day": 18
      },
      "time": {
        "hour": 8,
        "minute": 25,
        "second": 15,
        "nano": 0
      }
    },
    "citySender": "Лебедин (Сумська обл.)",
    "cityRecipient": "Київ"
  },
  {
    "number": 59000455798275,
    "dateTime": {
      "date": {
        "year": 2019,
        "month": 10,
        "day": 18
      },
      "time": {
        "hour": 8,
        "minute": 25,
        "second": 1,
        "nano": 0
      }
    },
    "citySender": "Андрушівка",
    "cityRecipient": "Червоноград (Львівська обл.)"
  },
  {
    "number": 59000455798276,
    "dateTime": {
      "date": {
        "year": 2019,
        "month": 10,
        "day": 18
      },
      "time": {
        "hour": 8,
        "minute": 25,
        "second": 25,
        "nano": 0
      }
    },
    "citySender": "Овідіополь",
    "cityRecipient": "Дніпро"
  },
  {
    "number": 59000455798278,
    "dateTime": {
      "date": {
        "year": 2019,
        "month": 10,
        "day": 18
      },
      "time": {
        "hour": 8,
        "minute": 24,
        "second": 10,
        "nano": 0
      }
    },
    "citySender": "Мерефа",
    "cityRecipient": "Маріуполь"
  },
  {
    "number": 59000455798279,
    "dateTime": {
      "date": {
        "year": 2019,
        "month": 10,
        "day": 18
      },
      "time": {
        "hour": 8,
        "minute": 24,
        "second": 58,
        "nano": 0
      }
    },
    "citySender": "Зборів",
    "cityRecipient": "Коломия"
  },
  {
    "number": 59000455798280,
    "dateTime": {
      "date": {
        "year": 2019,
        "month": 10,
        "day": 18
      },
      "time": {
        "hour": 8,
        "minute": 25,
        "second": 13,
        "nano": 0
      }
    },
    "citySender": "Київ",
    "cityRecipient": "Київ"
  },
  {
    "number": 59000455798281,
    "dateTime": {
      "date": {
        "year": 2019,
        "month": 10,
        "day": 18
      },
      "time": {
        "hour": 8,
        "minute": 25,
        "second": 4,
        "nano": 0
      }
    },
    "citySender": "Київ",
    "cityRecipient": "Боярка"
  },
  {
    "number": 59000455798282,
    "dateTime": {
      "date": {
        "year": 2019,
        "month": 10,
        "day": 18
      },
      "time": {
        "hour": 8,
        "minute": 24,
        "second": 34,
        "nano": 0
      }
    },
    "citySender": "Станиця Луганська",
    "cityRecipient": "Дніпро"
  },
  {
    "number": 59000455798283,
    "dateTime": {
      "date": {
        "year": 2019,
        "month": 10,
        "day": 18
      },
      "time": {
        "hour": 8,
        "minute": 25,
        "second": 22,
        "nano": 0
      }
    },
    "citySender": "Харків",
    "cityRecipient": "Семенівка(Чернігівська обл.)"
  },
  {
    "number": 59000455798284,
    "dateTime": {
      "date": {
        "year": 2019,
        "month": 10,
        "day": 18
      },
      "time": {
        "hour": 8,
        "minute": 25,
        "second": 7,
        "nano": 0
      }
    },
    "citySender": "Київ",
    "cityRecipient": "Маріуполь"
  },
  {
    "number": 59000455798285,
    "dateTime": {
      "date": {
        "year": 2019,
        "month": 10,
        "day": 18
      },
      "time": {
        "hour": 8,
        "minute": 25,
        "second": 25,
        "nano": 0
      }
    },
    "citySender": "Львів",
    "cityRecipient": "Київ"
  },
  {
    "number": 59000455798286,
    "dateTime": {
      "date": {
        "year": 2019,
        "month": 10,
        "day": 18
      },
      "time": {
        "hour": 8,
        "minute": 25,
        "second": 33,
        "nano": 0
      }
    },
    "citySender": "Бориспіль",
    "cityRecipient": "Одеса"
  },
  {
    "number": 59000455798287,
    "dateTime": {
      "date": {
        "year": 2019,
        "month": 10,
        "day": 18
      },
      "time": {
        "hour": 8,
        "minute": 24,
        "second": 44,
        "nano": 0
      }
    },
    "citySender": "Кам\u0027янка (Черкаська обл.)",
    "cityRecipient": "Житомир"
  },
  {
    "number": 59000455798288,
    "dateTime": {
      "date": {
        "year": 2019,
        "month": 10,
        "day": 18
      },
      "time": {
        "hour": 8,
        "minute": 24,
        "second": 53,
        "nano": 0
      }
    },
    "citySender": "Київ",
    "cityRecipient": "Київ"
  }
]