[
  {
    "number": 59000455836567,
    "dateTime": {
      "date": {
        "year": 2019,
        "month": 10,
        "day": 18
      },
      "time": {
        "hour": 10,
        "minute": 55,
        "second": 28,
        "nano": 0
      }
    },
    "citySender": "Дніпро",
    "cityRecipient": "Дніпро"
  },
  {
    "number": 59000455836568,
    "dateTime": {
      "date": {
        "year": 2019,
        "month": 10,
        "day": 18
      },
      "time": {
        "hour": 10,
        "minute": 56,
        "second": 2,
        "nano": 0
      }
    },
    "citySender": "Іршава",
    "cityRecipient": "Київ"
  },
  {
    "number": 59000455836569,
    "dateTime": {
      "date": {
        "year": 2019,
        "month": 10,
        "day": 18
      },
      "time": {
        "hour": 10,
        "minute": 55,
        "second": 41,
        "nano": 0
      }
    },
    "citySender": "Хмельницький",
    "cityRecipient": "Київ"
  },
  {
    "number": 59000455836570,
    "dateTime": {
      "date": {
        "year": 2019,
        "month": 10,
        "day": 18
      },
      "time": {
        "hour": 10,
        "minute": 55,
        "second": 6,
        "nano": 0
      }
    },
    "citySender": "Харків",
    "cityRecipient": "Львів"
  },
  {
    "number": 59000455836571,
    "dateTime": {
      "date": {
        "year": 2019,
        "month": 10,
        "day": 18
      },
      "time": {
        "hour": 10,
        "minute": 55,
        "second": 15,
        "nano": 0
      }
    },
    "citySender": "Вільшанка (Кіровоградська обл.)",
    "cityRecipient": "Миколаїв"
  },
  {
    "number": 59000455836572,
    "dateTime": {
      "date": {
        "year": 2019,
        "month": 10,
        "day": 18
      },
      "time": {
        "hour": 10,
        "minute": 55,
        "second": 6,
        "nano": 0
      }
    },
    "citySender": "Сміла",
    "cityRecipient": "Глибока"
  },
  {
    "number": 59000455836573,
    "dateTime": {
      "date": {
        "year": 2019,
        "month": 10,
        "day": 18
      },
      "time": {
        "hour": 10,
        "minute": 55,
        "second": 9,
        "nano": 0
      }
    },
    "citySender": "Доманівка",
    "cityRecipient": "Нова Каховка"
  },
  {
    "number": 59000455836574,
    "dateTime": {
      "date": {
        "year": 2019,
        "month": 10,
        "day": 18
      },
      "time": {
        "hour": 10,
        "minute": 54,
        "second": 52,
        "nano": 0
      }
    },
    "citySender": "Новооржицьке",
    "cityRecipient": "Харків"
  },
  {
    "number": 59000455836575,
    "dateTime": {
      "date": {
        "year": 2019,
        "month": 10,
        "day": 18
      },
      "time": {
        "hour": 10,
        "minute": 55,
        "second": 24,
        "nano": 0
      }
    },
    "citySender": "Токмак",
    "cityRecipient": "Київ"
  },
  {
    "number": 59000455836576,
    "dateTime": {
      "date": {
        "year": 2019,
        "month": 10,
        "day": 18
      },
      "time": {
        "hour": 10,
        "minute": 55,
        "second": 55,
        "nano": 0
      }
    },
    "citySender": "Київ",
    "cityRecipient": "Костянтинівка (Донецька обл.)"
  },
  {
    "number": 59000455836577,
    "dateTime": {
      "date": {
        "year": 2019,
        "month": 10,
        "day": 18
      },
      "time": {
        "hour": 10,
        "minute": 55,
        "second": 44,
        "nano": 0
      }
    },
    "citySender": "Королево",
    "cityRecipient": "Іванівка (Одеська обл., Іванівський р-н)"
  },
  {
    "number": 59000455836578,
    "dateTime": {
      "date": {
        "year": 2019,
        "month": 10,
        "day": 18
      },
      "time": {
        "hour": 10,
        "minute": 55,
        "second": 21,
        "nano": 0
      }
    },
    "citySender": "Новоолександрівка(Дніпропетровська обл.)",
    "cityRecipient": "Дніпро"
  },
  {
    "number": 59000455836579,
    "dateTime": {
      "date": {
        "year": 2019,
        "month": 10,
        "day": 18
      },
      "time": {
        "hour": 10,
        "minute": 55,
        "second": 58,
        "nano": 0
      }
    },
    "citySender": "Одеса",
    "cityRecipient": "Горішні Плавні"
  },
  {
    "number": 59000455836580,
    "dateTime": {
      "date": {
        "year": 2019,
        "month": 10,
        "day": 18
      },
      "time": {
        "hour": 10,
        "minute": 54,
        "second": 16,
        "nano": 0
      }
    },
    "citySender": "Заболотів (Снятинський р-н)",
    "cityRecipient": "Боярка"
  },
  {
    "number": 59000455836581,
    "dateTime": {
      "date": {
        "year": 2019,
        "month": 10,
        "day": 18
      },
      "time": {
        "hour": 10,
        "minute": 55,
        "second": 53,
        "nano": 0
      }
    },
    "citySender": "Радехів",
    "cityRecipient": "Одеса"
  },
  {
    "number": 59000455836582,
    "dateTime": {
      "date": {
        "year": 2019,
        "month": 10,
        "day": 18
      },
      "time": {
        "hour": 10,
        "minute": 56,
        "second": 4,
        "nano": 0
      }
    },
    "citySender": "Одеса",
    "cityRecipient": "Київ"
  },
  {
    "number": 59000455836584,
    "dateTime": {
      "date": {
        "year": 2019,
        "month": 10,
        "day": 18
      },
      "time": {
        "hour": 10,
        "minute": 55,
        "second": 11,
        "nano": 0
      }
    },
    "citySender": "Миколаїв",
    "cityRecipient": "Кучурган"
  },
  {
    "number": 59000455836585,
    "dateTime": {
      "date": {
        "year": 2019,
        "month": 10,
        "day": 18
      },
      "time": {
        "hour": 10,
        "minute": 55,
        "second": 38,
        "nano": 0
      }
    },
    "citySender": "Судова Вишня",
    "cityRecipient": "Полтава"
  },
  {
    "number": 59000455836586,
    "dateTime": {
      "date": {
        "year": 2019,
        "month": 10,
        "day": 18
      },
      "time": {
        "hour": 10,
        "minute": 55,
        "second": 46,
        "nano": 0
      }
    },
    "citySender": "Дрогобич",
    "cityRecipient": "Турка"
  },
  {
    "number": 59000455836587,
    "dateTime": {
      "date": {
        "year": 2019,
        "month": 10,
        "day": 18
      },
      "time": {
        "hour": 10,
        "minute": 55,
        "second": 36,
        "nano": 0
      }
    },
    "citySender": "Дніпро",
    "cityRecipient": "Синельникове"
  },
  {
    "number": 59000455836588,
    "dateTime": {
      "date": {
        "year": 2019,
        "month": 10,
        "day": 18
      },
      "time": {
        "hour": 10,
        "minute": 55,
        "second": 51,
        "nano": 0
      }
    },
    "citySender": "Знам\u0027янка (Кіровоградська обл.)",
    "cityRecipient": "Усатове"
  },
  {
    "number": 59000455836590,
    "dateTime": {
      "date": {
        "year": 2019,
        "month": 10,
        "day": 18
      },
      "time": {
        "hour": 10,
        "minute": 55,
        "second": 40,
        "nano": 0
      }
    },
    "citySender": "Херсон",
    "cityRecipient": "Сатанівка"
  },
  {
    "number": 59000455836591,
    "dateTime": {
      "date": {
        "year": 2019,
        "month": 10,
        "day": 18
      },
      "time": {
        "hour": 10,
        "minute": 56,
        "second": 0,
        "nano": 0
      }
    },
    "citySender": "Кривий Ріг",
    "cityRecipient": "Київ"
  },
  {
    "number": 59000455836592,
    "dateTime": {
      "date": {
        "year": 2019,
        "month": 10,
        "day": 18
      },
      "time": {
        "hour": 10,
        "minute": 55,
        "second": 50,
        "nano": 0
      }
    },
    "citySender": "Одеса",
    "cityRecipient": "Луцьк"
  },
  {
    "number": 59000455836593,
    "dateTime": {
      "date": {
        "year": 2019,
        "month": 10,
        "day": 18
      },
      "time": {
        "hour": 10,
        "minute": 55,
        "second": 33,
        "nano": 0
      }
    },
    "citySender": "Дніпро",
    "cityRecipient": "Запоріжжя"
  },
  {
    "number": 59000455836594,
    "dateTime": {
      "date": {
        "year": 2019,
        "month": 10,
        "day": 18
      },
      "time": {
        "hour": 10,
        "minute": 55,
        "second": 54,
        "nano": 0
      }
    },
    "citySender": "Київ",
    "cityRecipient": "Генічеськ"
  },
  {
    "number": 59000455836595,
    "dateTime": {
      "date": {
        "year": 2019,
        "month": 10,
        "day": 18
      },
      "time": {
        "hour": 10,
        "minute": 55,
        "second": 57,
        "nano": 0
      }
    },
    "citySender": "Київ",
    "cityRecipient": "Кременчук"
  },
  {
    "number": 59000455836596,
    "dateTime": {
      "date": {
        "year": 2019,
        "month": 10,
        "day": 18
      },
      "time": {
        "hour": 10,
        "minute": 55,
        "second": 56,
        "nano": 0
      }
    },
    "citySender": "Старобільськ",
    "cityRecipient": "Київ"
  },
  {
    "number": 59000455836597,
    "dateTime": {
      "date": {
        "year": 2019,
        "month": 10,
        "day": 18
      },
      "time": {
        "hour": 10,
        "minute": 55,
        "second": 45,
        "nano": 0
      }
    },
    "citySender": "Чайки",
    "cityRecipient": "Бровари"
  },
  {
    "number": 59000455836598,
    "dateTime": {
      "date": {
        "year": 2019,
        "month": 10,
        "day": 18
      },
      "time": {
        "hour": 10,
        "minute": 55,
        "second": 34,
        "nano": 0
      }
    },
    "citySender": "Слов\u0027янськ",
    "cityRecipient": "Херсон"
  },
  {
    "number": 59000455836599,
    "dateTime": {
      "date": {
        "year": 2019,
        "month": 10,
        "day": 18
      },
      "time": {
        "hour": 10,
        "minute": 55,
        "second": 40,
        "nano": 0
      }
    },
    "citySender": "Хотин",
    "cityRecipient": "Чернівці"
  },
  {
    "number": 59000455836600,
    "dateTime": {
      "date": {
        "year": 2019,
        "month": 10,
        "day": 18
      },
      "time": {
        "hour": 10,
        "minute": 55,
        "second": 11,
        "nano": 0
      }
    },
    "citySender": "Дніпро",
    "cityRecipient": "Сміла"
  },
  {
    "number": 59000455836601,
    "dateTime": {
      "date": {
        "year": 2019,
        "month": 10,
        "day": 18
      },
      "time": {
        "hour": 10,
        "minute": 55,
        "second": 46,
        "nano": 0
      }
    },
    "citySender": "Бердичів",
    "cityRecipient": "Татарбунари"
  },
  {
    "number": 59000455836602,
    "dateTime": {
      "date": {
        "year": 2019,
        "month": 10,
        "day": 18
      },
      "time": {
        "hour": 10,
        "minute": 56,
        "second": 2,
        "nano": 0
      }
    },
    "citySender": "Київ",
    "cityRecipient": "Одеса"
  },
  {
    "number": 59000455836603,
    "dateTime": {
      "date": {
        "year": 2019,
        "month": 10,
        "day": 18
      },
      "time": {
        "hour": 10,
        "minute": 55,
        "second": 47,
        "nano": 0
      }
    },
    "citySender": "Київ",
    "cityRecipient": "Кропивницький"
  },
  {
    "number": 59000455836604,
    "dateTime": {
      "date": {
        "year": 2019,
        "month": 10,
        "day": 18
      },
      "time": {
        "hour": 10,
        "minute": 56,
        "second": 8,
        "nano": 0
      }
    },
    "citySender": "Київ",
    "cityRecipient": "Київ"
  },
  {
    "number": 59000455836606,
    "dateTime": {
      "date": {
        "year": 2019,
        "month": 10,
        "day": 18
      },
      "time": {
        "hour": 10,
        "minute": 55,
        "second": 35,
        "nano": 0
      }
    },
    "citySender": "Дніпро",
    "cityRecipient": "Полтава"
  },
  {
    "number": 59000455836607,
    "dateTime": {
      "date": {
        "year": 2019,
        "month": 10,
        "day": 18
      },
      "time": {
        "hour": 10,
        "minute": 56,
        "second": 5,
        "nano": 0
      }
    },
    "citySender": "Кременчук",
    "cityRecipient": "Павлоград"
  },
  {
    "number": 59000455836608,
    "dateTime": {
      "date": {
        "year": 2019,
        "month": 10,
        "day": 18
      },
      "time": {
        "hour": 10,
        "minute": 55,
        "second": 51,
        "nano": 0
      }
    },
    "citySender": "Канів",
    "cityRecipient": "Київ"
  },
  {
    "number": 59000455836610,
    "dateTime": {
      "date": {
        "year": 2019,
        "month": 10,
        "day": 18
      },
      "time": {
        "hour": 10,
        "minute": 55,
        "second": 33,
        "nano": 0
      }
    },
    "citySender": "Таврійськ (Херсонська обл.)",
    "cityRecipient": "Кам\u0027янське(Дніпропетровська обл)"
  },
  {
    "number": 59000455836611,
    "dateTime": {
      "date": {
        "year": 2019,
        "month": 10,
        "day": 18
      },
      "time": {
        "hour": 10,
        "minute": 55,
        "second": 18,
        "nano": 0
      }
    },
    "citySender": "Житомир",
    "cityRecipient": "Ірпінь"
  },
  {
    "number": 59000455836613,
    "dateTime": {
      "date": {
        "year": 2019,
        "month": 10,
        "day": 18
      },
      "time": {
        "hour": 10,
        "minute": 55,
        "second": 53,
        "nano": 0
      }
    },
    "citySender": "Цумань",
    "cityRecipient": "Вінниця"
  },
  {
    "number": 59000455836614,
    "dateTime": {
      "date": {
        "year": 2019,
        "month": 10,
        "day": 18
      },
      "time": {
        "hour": 10,
        "minute": 55,
        "second": 58,
        "nano": 0
      }
    },
    "citySender": "Запоріжжя",
    "cityRecipient": "Бердянськ"
  },
  {
    "number": 59000455836615,
    "dateTime": {
      "date": {
        "year": 2019,
        "month": 10,
        "day": 18
      },
      "time": {
        "hour": 10,
        "minute": 55,
        "second": 30,
        "nano": 0
      }
    },
    "citySender": "Нерубайське",
    "cityRecipient": "Барвінкове"
  },
  {
    "number": 59000455836616,
    "dateTime": {
      "date": {
        "year": 2019,
        "month": 10,
        "day": 18
      },
      "time": {
        "hour": 10,
        "minute": 54,
        "second": 23,
        "nano": 0
      }
    },
    "citySender": "Тернопіль",
    "cityRecipient": "Тячів"
  },
  {
    "number": 59000455836617,
    "dateTime": {
      "date": {
        "year": 2019,
        "month": 10,
        "day": 18
      },
      "time": {
        "hour": 10,
        "minute": 56,
        "second": 6,
        "nano": 0
      }
    },
    "citySender": "Ірпінь",
    "cityRecipient": "Ужгород"
  },
  {
    "number": 59000455836618,
    "dateTime": {
      "date": {
        "year": 2019,
        "month": 10,
        "day": 18
      },
      "time": {
        "hour": 10,
        "minute": 56,
        "second": 10,
        "nano": 0
      }
    },
    "citySender": "Херсон",
    "cityRecipient": "Чабани"
  },
  {
    "number": 59000455836619,
    "dateTime": {
      "date": {
        "year": 2019,
        "month": 10,
        "day": 18
      },
      "time": {
        "hour": 10,
        "minute": 56,
        "second": 1,
        "nano": 0
      }
    },
    "citySender": "Львів",
    "cityRecipient": "Вугледар"
  },
  {
    "number": 59000455836620,
    "dateTime": {
      "date": {
        "year": 2019,
        "month": 10,
        "day": 18
      },
      "time": {
        "hour": 10,
        "minute": 56,
        "second": 6,
        "nano": 0
      }
    },
    "citySender": "Дніпро",
    "cityRecipient": "Дніпро"
  },
  {
    "number": 59000455836621,
    "dateTime": {
      "date": {
        "year": 2019,
        "month": 10,
        "day": 18
      },
      "time": {
        "hour": 10,
        "minute": 56,
        "second": 4,
        "nano": 0
      }
    },
    "citySender": "Харків",
    "cityRecipient": "Київ"
  },
  {
    "number": 59000455836622,
    "dateTime": {
      "date": {
        "year": 2019,
        "month": 10,
        "day": 18
      },
      "time": {
        "hour": 10,
        "minute": 55,
        "second": 59,
        "nano": 0
      }
    },
    "citySender": "Чернігів",
    "cityRecipient": "Одеса"
  },
  {
    "number": 59000455836623,
    "dateTime": {
      "date": {
        "year": 2019,
        "month": 10,
        "day": 18
      },
      "time": {
        "hour": 10,
        "minute": 55,
        "second": 45,
        "nano": 0
      }
    },
    "citySender": "Київ",
    "cityRecipient": "Підволочиськ"
  },
  {
    "number": 59000455836624,
    "dateTime": {
      "date": {
        "year": 2019,
        "month": 10,
        "day": 18
      },
      "time": {
        "hour": 10,
        "minute": 56,
        "second": 12,
        "nano": 0
      }
    },
    "citySender": "Млинів",
    "cityRecipient": "Хмельницький"
  },
  {
    "number": 59000455836625,
    "dateTime": {
      "date": {
        "year": 2019,
        "month": 10,
        "day": 18
      },
      "time": {
        "hour": 10,
        "minute": 55,
        "second": 36,
        "nano": 0
      }
    },
    "citySender": "Хоростків",
    "cityRecipient": "Кам\u0027янське(Дніпропетровська обл)"
  },
  {
    "number": 59000455836626,
    "dateTime": {
      "date": {
        "year": 2019,
        "month": 10,
        "day": 18
      },
      "time": {
        "hour": 10,
        "minute": 54,
        "second": 52,
        "nano": 0
      }
    },
    "citySender": "Степанівка (Сумська обл.)",
    "cityRecipient": "Харків"
  },
  {
    "number": 59000455836627,
    "dateTime": {
      "date": {
        "year": 2019,
        "month": 10,
        "day": 18
      },
      "time": {
        "hour": 10,
        "minute": 56,
        "second": 12,
        "nano": 0
      }
    },
    "citySender": "Одеса",
    "cityRecipient": "Харків"
  },
  {
    "number": 59000455836628,
    "dateTime": {
      "date": {
        "year": 2019,
        "month": 10,
        "day": 18
      },
      "time": {
        "hour": 10,
        "minute": 55,
        "second": 44,
        "nano": 0
      }
    },
    "citySender": "Бердичів",
    "cityRecipient": "Чернігів"
  },
  {
    "number": 59000455836629,
    "dateTime": {
      "date": {
        "year": 2019,
        "month": 10,
        "day": 18
      },
      "time": {
        "hour": 10,
        "minute": 56,
        "second": 9,
        "nano": 0
      }
    },
    "citySender": "Гусятин",
    "cityRecipient": "Переяслав-Хмельницький"
  },
  {
    "number": 59000455836630,
    "dateTime": {
      "date": {
        "year": 2019,
        "month": 10,
        "day": 18
      },
      "time": {
        "hour": 10,
        "minute": 55,
        "second": 25,
        "nano": 0
      }
    },
    "citySender": "Київ",
    "cityRecipient": "Верхньодніпровськ"
  },
  {
    "number": 59000455836631,
    "dateTime": {
      "date": {
        "year": 2019,
        "month": 10,
        "day": 18
      },
      "time": {
        "hour": 10,
        "minute": 56,
        "second": 14,
        "nano": 0
      }
    },
    "citySender": "Мар\u0027янівка (Макарівський р-н)",
    "cityRecipient": "Львів"
  },
  {
    "number": 59000455836632,
    "dateTime": {
      "date": {
        "year": 2019,
        "month": 10,
        "day": 18
      },
      "time": {
        "hour": 10,
        "minute": 55,
        "second": 31,
        "nano": 0
      }
    },
    "citySender": "Херсон",
    "cityRecipient": "Київ"
  },
  {
    "number": 59000455836633,
    "dateTime": {
      "date": {
        "year": 2019,
        "month": 10,
        "day": 18
      },
      "time": {
        "hour": 10,
        "minute": 55,
        "second": 49,
        "nano": 0
      }
    },
    "citySender": "Кропивницький",
    "cityRecipient": "Київ"
  },
  {
    "number": 59000455836634,
    "dateTime": {
      "date": {
        "year": 2019,
        "month": 10,
        "day": 18
      },
      "time": {
        "hour": 10,
        "minute": 55,
        "second": 58,
        "nano": 0
      }
    },
    "citySender": "Ратне",
    "cityRecipient": "Гора (Бориспільський р-н., Київська обл.)"
  },
  {
    "number": 59000455836635,
    "dateTime": {
      "date": {
        "year": 2019,
        "month": 10,
        "day": 18
      },
      "time": {
        "hour": 10,
        "minute": 56,
        "second": 14,
        "nano": 0
      }
    },
    "citySender": "Великий Бичків",
    "cityRecipient": "Харків"
  },
  {
    "number": 59000455836636,
    "dateTime": {
      "date": {
        "year": 2019,
        "month": 10,
        "day": 18
      },
      "time": {
        "hour": 10,
        "minute": 55,
        "second": 47,
        "nano": 0
      }
    },
    "citySender": "Чернігівка",
    "cityRecipient": "Сурсько-Литовське"
  },
  {
    "number": 59000455836638,
    "dateTime": {
      "date": {
        "year": 2019,
        "month": 10,
        "day": 18
      },
      "time": {
        "hour": 10,
        "minute": 56,
        "second": 12,
        "nano": 0
      }
    },
    "citySender": "Усть-Путила",
    "cityRecipient": "Трускавець"
  },
  {
    "number": 59000455836639,
    "dateTime": {
      "date": {
        "year": 2019,
        "month": 10,
        "day": 18
      },
      "time": {
        "hour": 10,
        "minute": 56,
        "second": 13,
        "nano": 0
      }
    },
    "citySender": "Дніпро",
    "cityRecipient": "Дніпро"
  },
  {
    "number": 59000455836640,
    "dateTime": {
      "date": {
        "year": 2019,
        "month": 10,
        "day": 18
      },
      "time": {
        "hour": 10,
        "minute": 55,
        "second": 55,
        "nano": 0
      }
    },
    "citySender": "Житомир",
    "cityRecipient": "Конотоп"
  },
  {
    "number": 59000455836641,
    "dateTime": {
      "date": {
        "year": 2019,
        "month": 10,
        "day": 18
      },
      "time": {
        "hour": 10,
        "minute": 55,
        "second": 31,
        "nano": 0
      }
    },
    "citySender": "Тернопіль",
    "cityRecipient": "Полтава"
  },
  {
    "number": 59000455836642,
    "dateTime": {
      "date": {
        "year": 2019,
        "month": 10,
        "day": 18
      },
      "time": {
        "hour": 10,
        "minute": 55,
        "second": 43,
        "nano": 0
      }
    },
    "citySender": "Рожнятів",
    "cityRecipient": "Львів"
  },
  {
    "number": 59000455836643,
    "dateTime": {
      "date": {
        "year": 2019,
        "month": 10,
        "day": 18
      },
      "time": {
        "hour": 10,
        "minute": 56,
        "second": 4,
        "nano": 0
      }
    },
    "citySender": "Борщів",
    "cityRecipient": "Тернопіль"
  },
  {
    "number": 59000455836644,
    "dateTime": {
      "date": {
        "year": 2019,
        "month": 10,
        "day": 18
      },
      "time": {
        "hour": 10,
        "minute": 55,
        "second": 32,
        "nano": 0
      }
    },
    "citySender": "Іванівка (Херсонська обл.)",
    "cityRecipient": "Одеса"
  },
  {
    "number": 59000455836645,
    "dateTime": {
      "date": {
        "year": 2019,
        "month": 10,
        "day": 18
      },
      "time": {
        "hour": 10,
        "minute": 56,
        "second": 3,
        "nano": 0
      }
    },
    "citySender": "Сєвєродонецьк",
    "cityRecipient": "Київ"
  },
  {
    "number": 59000455836647,
    "dateTime": {
      "date": {
        "year": 2019,
        "month": 10,
        "day": 18
      },
      "time": {
        "hour": 10,
        "minute": 56,
        "second": 8,
        "nano": 0
      }
    },
    "citySender": "Київ",
    "cityRecipient": "Харків"
  },
  {
    "number": 59000455836648,
    "dateTime": {
      "date": {
        "year": 2019,
        "month": 10,
        "day": 18
      },
      "time": {
        "hour": 10,
        "minute": 55,
        "second": 37,
        "nano": 0
      }
    },
    "citySender": "Рівне",
    "cityRecipient": "Київ"
  },
  {
    "number": 59000455836649,
    "dateTime": {
      "date": {
        "year": 2019,
        "month": 10,
        "day": 18
      },
      "time": {
        "hour": 10,
        "minute": 56,
        "second": 8,
        "nano": 0
      }
    },
    "citySender": "Хорол",
    "cityRecipient": "Тернопіль"
  },
  {
    "number": 59000455836650,
    "dateTime": {
      "date": {
        "year": 2019,
        "month": 10,
        "day": 18
      },
      "time": {
        "hour": 10,
        "minute": 55,
        "second": 44,
        "nano": 0
      }
    },
    "citySender": "Нові Санжари",
    "cityRecipient": "Бровари"
  },
  {
    "number": 59000455836651,
    "dateTime": {
      "date": {
        "year": 2019,
        "month": 10,
        "day": 18
      },
      "time": {
        "hour": 10,
        "minute": 56,
        "second": 9,
        "nano": 0
      }
    },
    "citySender": "Дніпро",
    "cityRecipient": "Харків"
  },
  {
    "number": 59000455836652,
    "dateTime": {
      "date": {
        "year": 2019,
        "month": 10,
        "day": 18
      },
      "time": {
        "hour": 10,
        "minute": 56,
        "second": 3,
        "nano": 0
      }
    },
    "citySender": "Одеса",
    "cityRecipient": "Білолуцьк"
  },
  {
    "number": 59000455836653,
    "dateTime": {
      "date": {
        "year": 2019,
        "month": 10,
        "day": 18
      },
      "time": {
        "hour": 10,
        "minute": 55,
        "second": 59,
        "nano": 0
      }
    },
    "citySender": "Стара Вижівка",
    "cityRecipient": "Ірпінь"
  },
  {
    "number": 59000455836654,
    "dateTime": {
      "date": {
        "year": 2019,
        "month": 10,
        "day": 18
      },
      "time": {
        "hour": 10,
        "minute": 56,
        "second": 3,
        "nano": 0
      }
    },
    "citySender": "Свалява",
    "cityRecipient": "Київ"
  },
  {
    "number": 59000455836655,
    "dateTime": {
      "date": {
        "year": 2019,
        "month": 10,
        "day": 18
      },
      "time": {
        "hour": 10,
        "minute": 55,
        "second": 56,
        "nano": 0
      }
    },
    "citySender": "Вінниця",
    "cityRecipient": "Бровари"
  },
  {
    "number": 59000455836656,
    "dateTime": {
      "date": {
        "year": 2019,
        "month": 10,
        "day": 18
      },
      "time": {
        "hour": 10,
        "minute": 55,
        "second": 40,
        "nano": 0
      }
    },
    "citySender": "Часів Яр",
    "cityRecipient": "Полтава"
  },
  {
    "number": 59000455836657,
    "dateTime": {
      "date": {
        "year": 2019,
        "month": 10,
        "day": 18
      },
      "time": {
        "hour": 10,
        "minute": 56,
        "second": 5,
        "nano": 0
      }
    },
    "citySender": "Браїлів",
    "cityRecipient": "Полтава"
  },
  {
    "number": 59000455836658,
    "dateTime": {
      "date": {
        "year": 2019,
        "month": 10,
        "day": 18
      },
      "time": {
        "hour": 10,
        "minute": 55,
        "second": 27,
        "nano": 0
      }
    },
    "citySender": "Старий Остропіль",
    "cityRecipient": "Київ"
  },
  {
    "number": 59000455836659,
    "dateTime": {
      "date": {
        "year": 2019,
        "month": 10,
        "day": 18
      },
      "time": {
        "hour": 10,
        "minute": 55,
        "second": 33,
        "nano": 0
      }
    },
    "citySender": "Київ",
    "cityRecipient": "Київ"
  },
  {
    "number": 59000455836660,
    "dateTime": {
      "date": {
        "year": 2019,
        "month": 10,
        "day": 18
      },
      "time": {
        "hour": 10,
        "minute": 56,
        "second": 5,
        "nano": 0
      }
    },
    "citySender": "Полтава",
    "cityRecipient": "Хорол"
  },
  {
    "number": 59000455836661,
    "dateTime": {
      "date": {
        "year": 2019,
        "month": 10,
        "day": 18
      },
      "time": {
        "hour": 10,
        "minute": 55,
        "second": 20,
        "nano": 0
      }
    },
    "citySender": "Олександрія (м.Кіровогр.обл.райц)",
    "cityRecipient": "Кропивницький"
  },
  {
    "number": 59000455836662,
    "dateTime": {
      "date": {
        "year": 2019,
        "month": 10,
        "day": 18
      },
      "time": {
        "hour": 10,
        "minute": 55,
        "second": 32,
        "nano": 0
      }
    },
    "citySender": "Старобільськ",
    "cityRecipient": "Сєвєродонецьк"
  },
  {
    "number": 59000455836663,
    "dateTime": {
      "date": {
        "year": 2019,
        "month": 10,
        "day": 18
      },
      "time": {
        "hour": 10,
        "minute": 53,
        "second": 48,
        "nano": 0
      }
    },
    "citySender": "Київ",
    "cityRecipient": "Кам\u0027янське(Дніпропетровська обл)"
  },
  {
    "number": 59000455836664,
    "dateTime": {
      "date": {
        "year": 2019,
        "month": 10,
        "day": 18
      },
      "time": {
        "hour": 10,
        "minute": 56,
        "second": 12,
        "nano": 0
      }
    },
    "citySender": "Покров (Дніпропетровська обл.)",
    "cityRecipient": "Суми"
  },
  {
    "number": 59000455836665,
    "dateTime": {
      "date": {
        "year": 2019,
        "month": 10,
        "day": 18
      },
      "time": {
        "hour": 10,
        "minute": 56,
        "second": 14,
        "nano": 0
      }
    },
    "citySender": "Одеса",
    "cityRecipient": "Вознесенськ"
  },
  {
    "number": 59000455836666,
    "dateTime": {
      "date": {
        "year": 2019,
        "month": 10,
        "day": 18
      },
      "time": {
        "hour": 10,
        "minute": 55,
        "second": 58,
        "nano": 0
      }
    },
    "citySender": "Коцюбинське",
    "cityRecipient": "Хмельницький"
  }
]