[
  {
    "number": 59000455828168,
    "dateTime": {
      "date": {
        "year": 2019,
        "month": 10,
        "day": 18
      },
      "time": {
        "hour": 10,
        "minute": 29,
        "second": 33,
        "nano": 0
      }
    },
    "citySender": "Великі Бірки",
    "cityRecipient": "Луцьк"
  },
  {
    "number": 59000455828169,
    "dateTime": {
      "date": {
        "year": 2019,
        "month": 10,
        "day": 18
      },
      "time": {
        "hour": 10,
        "minute": 29,
        "second": 36,
        "nano": 0
      }
    },
    "citySender": "Київ",
    "cityRecipient": "Київ"
  },
  {
    "number": 59000455828170,
    "dateTime": {
      "date": {
        "year": 2019,
        "month": 10,
        "day": 18
      },
      "time": {
        "hour": 10,
        "minute": 29,
        "second": 25,
        "nano": 0
      }
    },
    "citySender": "Одеса",
    "cityRecipient": "Київ"
  },
  {
    "number": 59000455828171,
    "dateTime": {
      "date": {
        "year": 2019,
        "month": 10,
        "day": 18
      },
      "time": {
        "hour": 10,
        "minute": 28,
        "second": 51,
        "nano": 0
      }
    },
    "citySender": "Харків",
    "cityRecipient": "Харків"
  },
  {
    "number": 59000455828172,
    "dateTime": {
      "date": {
        "year": 2019,
        "month": 10,
        "day": 18
      },
      "time": {
        "hour": 10,
        "minute": 28,
        "second": 4,
        "nano": 0
      }
    },
    "citySender": "Київ",
    "cityRecipient": "Харків"
  },
  {
    "number": 59000455828173,
    "dateTime": {
      "date": {
        "year": 2019,
        "month": 10,
        "day": 18
      },
      "time": {
        "hour": 10,
        "minute": 29,
        "second": 37,
        "nano": 0
      }
    },
    "citySender": "Дніпро",
    "cityRecipient": "Канів"
  },
  {
    "number": 59000455828174,
    "dateTime": {
      "date": {
        "year": 2019,
        "month": 10,
        "day": 18
      },
      "time": {
        "hour": 10,
        "minute": 29,
        "second": 38,
        "nano": 0
      }
    },
    "citySender": "Чумаки",
    "cityRecipient": "Вінниця"
  },
  {
    "number": 59000455828177,
    "dateTime": {
      "date": {
        "year": 2019,
        "month": 10,
        "day": 18
      },
      "time": {
        "hour": 10,
        "minute": 29,
        "second": 37,
        "nano": 0
      }
    },
    "citySender": "Київ",
    "cityRecipient": "Львів"
  },
  {
    "number": 59000455828178,
    "dateTime": {
      "date": {
        "year": 2019,
        "month": 10,
        "day": 18
      },
      "time": {
        "hour": 10,
        "minute": 28,
        "second": 23,
        "nano": 0
      }
    },
    "citySender": "Глухів (Сумська обл.)",
    "cityRecipient": "Визирка"
  },
  {
    "number": 59000455828179,
    "dateTime": {
      "date": {
        "year": 2019,
        "month": 10,
        "day": 18
      },
      "time": {
        "hour": 10,
        "minute": 28,
        "second": 56,
        "nano": 0
      }
    },
    "citySender": "Миргород",
    "cityRecipient": "Львів"
  },
  {
    "number": 59000455828180,
    "dateTime": {
      "date": {
        "year": 2019,
        "month": 10,
        "day": 18
      },
      "time": {
        "hour": 10,
        "minute": 29,
        "second": 41,
        "nano": 0
      }
    },
    "citySender": "Житомир",
    "cityRecipient": "Ємільчине"
  },
  {
    "number": 59000455828181,
    "dateTime": {
      "date": {
        "year": 2019,
        "month": 10,
        "day": 18
      },
      "time": {
        "hour": 10,
        "minute": 29,
        "second": 31,
        "nano": 0
      }
    },
    "citySender": "Вишневе",
    "cityRecipient": "Святопетрівське (Києво-Свят.р-н)"
  },
  {
    "number": 59000455828182,
    "dateTime": {
      "date": {
        "year": 2019,
        "month": 10,
        "day": 18
      },
      "time": {
        "hour": 10,
        "minute": 29,
        "second": 41,
        "nano": 0
      }
    },
    "citySender": "Хмельницький",
    "cityRecipient": "Одеса"
  },
  {
    "number": 59000455828183,
    "dateTime": {
      "date": {
        "year": 2019,
        "month": 10,
        "day": 18
      },
      "time": {
        "hour": 10,
        "minute": 29,
        "second": 38,
        "nano": 0
      }
    },
    "citySender": "Херсон",
    "cityRecipient": "Нова Каховка"
  },
  {
    "number": 59000455828184,
    "dateTime": {
      "date": {
        "year": 2019,
        "month": 10,
        "day": 18
      },
      "time": {
        "hour": 10,
        "minute": 29,
        "second": 26,
        "nano": 0
      }
    },
    "citySender": "Чернівці",
    "cityRecipient": "Луцьк"
  },
  {
    "number": 59000455828185,
    "dateTime": {
      "date": {
        "year": 2019,
        "month": 10,
        "day": 18
      },
      "time": {
        "hour": 10,
        "minute": 29,
        "second": 42,
        "nano": 0
      }
    },
    "citySender": "Мукачево",
    "cityRecipient": "Львів"
  },
  {
    "number": 59000455828186,
    "dateTime": {
      "date": {
        "year": 2019,
        "month": 10,
        "day": 18
      },
      "time": {
        "hour": 10,
        "minute": 29,
        "second": 21,
        "nano": 0
      }
    },
    "citySender": "Хмельницький",
    "cityRecipient": "Решетилівка"
  },
  {
    "number": 59000455828187,
    "dateTime": {
      "date": {
        "year": 2019,
        "month": 10,
        "day": 18
      },
      "time": {
        "hour": 10,
        "minute": 29,
        "second": 8,
        "nano": 0
      }
    },
    "citySender": "Маріуполь",
    "cityRecipient": "Київ"
  },
  {
    "number": 59000455828188,
    "dateTime": {
      "date": {
        "year": 2019,
        "month": 10,
        "day": 18
      },
      "time": {
        "hour": 10,
        "minute": 29,
        "second": 31,
        "nano": 0
      }
    },
    "citySender": "П\u0027ятихатки",
    "cityRecipient": "Ясенів-Пільний"
  },
  {
    "number": 59000455828189,
    "dateTime": {
      "date": {
        "year": 2019,
        "month": 10,
        "day": 18
      },
      "time": {
        "hour": 10,
        "minute": 29,
        "second": 1,
        "nano": 0
      }
    },
    "citySender": "Ходорів",
    "cityRecipient": "Луцьк"
  },
  {
    "number": 59000455828190,
    "dateTime": {
      "date": {
        "year": 2019,
        "month": 10,
        "day": 18
      },
      "time": {
        "hour": 10,
        "minute": 29,
        "second": 30,
        "nano": 0
      }
    },
    "citySender": "Сватове",
    "cityRecipient": "Харків"
  },
  {
    "number": 59000455828191,
    "dateTime": {
      "date": {
        "year": 2019,
        "month": 10,
        "day": 18
      },
      "time": {
        "hour": 10,
        "minute": 29,
        "second": 33,
        "nano": 0
      }
    },
    "citySender": "Хорошів",
    "cityRecipient": "Львів"
  },
  {
    "number": 59000455828192,
    "dateTime": {
      "date": {
        "year": 2019,
        "month": 10,
        "day": 18
      },
      "time": {
        "hour": 10,
        "minute": 29,
        "second": 27,
        "nano": 0
      }
    },
    "citySender": "Луцьк",
    "cityRecipient": "Тернопіль"
  },
  {
    "number": 59000455828193,
    "dateTime": {
      "date": {
        "year": 2019,
        "month": 10,
        "day": 18
      },
      "time": {
        "hour": 10,
        "minute": 28,
        "second": 53,
        "nano": 0
      }
    },
    "citySender": "Олександрівка (смт.Кіровог.обл.райц)",
    "cityRecipient": "Київ"
  },
  {
    "number": 59000455828194,
    "dateTime": {
      "date": {
        "year": 2019,
        "month": 10,
        "day": 18
      },
      "time": {
        "hour": 10,
        "minute": 29,
        "second": 2,
        "nano": 0
      }
    },
    "citySender": "Миколаїв",
    "cityRecipient": "Одеса"
  },
  {
    "number": 59000455828195,
    "dateTime": {
      "date": {
        "year": 2019,
        "month": 10,
        "day": 18
      },
      "time": {
        "hour": 10,
        "minute": 29,
        "second": 34,
        "nano": 0
      }
    },
    "citySender": "Ромни",
    "cityRecipient": "Токмак"
  },
  {
    "number": 59000455828196,
    "dateTime": {
      "date": {
        "year": 2019,
        "month": 10,
        "day": 18
      },
      "time": {
        "hour": 10,
        "minute": 29,
        "second": 45,
        "nano": 0
      }
    },
    "citySender": "Розтоки",
    "cityRecipient": "Київ"
  },
  {
    "number": 59000455828197,
    "dateTime": {
      "date": {
        "year": 2019,
        "month": 10,
        "day": 18
      },
      "time": {
        "hour": 10,
        "minute": 29,
        "second": 23,
        "nano": 0
      }
    },
    "citySender": "Миколаїв",
    "cityRecipient": "Херсон"
  },
  {
    "number": 59000455828198,
    "dateTime": {
      "date": {
        "year": 2019,
        "month": 10,
        "day": 18
      },
      "time": {
        "hour": 10,
        "minute": 29,
        "second": 35,
        "nano": 0
      }
    },
    "citySender": "Львів",
    "cityRecipient": "Сокаль"
  },
  {
    "number": 59000455828199,
    "dateTime": {
      "date": {
        "year": 2019,
        "month": 10,
        "day": 18
      },
      "time": {
        "hour": 10,
        "minute": 29,
        "second": 24,
        "nano": 0
      }
    },
    "citySender": "Київ",
    "cityRecipient": "Харків"
  },
  {
    "number": 59000455828200,
    "dateTime": {
      "date": {
        "year": 2019,
        "month": 10,
        "day": 18
      },
      "time": {
        "hour": 10,
        "minute": 29,
        "second": 24,
        "nano": 0
      }
    },
    "citySender": "Одеса",
    "cityRecipient": "Харків"
  },
  {
    "number": 59000455828201,
    "dateTime": {
      "date": {
        "year": 2019,
        "month": 10,
        "day": 18
      },
      "time": {
        "hour": 10,
        "minute": 29,
        "second": 36,
        "nano": 0
      }
    },
    "citySender": "Одеса",
    "cityRecipient": "Харків"
  },
  {
    "number": 59000455828202,
    "dateTime": {
      "date": {
        "year": 2019,
        "month": 10,
        "day": 18
      },
      "time": {
        "hour": 10,
        "minute": 28,
        "second": 47,
        "nano": 0
      }
    },
    "citySender": "Містки (Сватівський р-н)",
    "cityRecipient": "Старобільськ"
  },
  {
    "number": 59000455828203,
    "dateTime": {
      "date": {
        "year": 2019,
        "month": 10,
        "day": 18
      },
      "time": {
        "hour": 10,
        "minute": 29,
        "second": 2,
        "nano": 0
      }
    },
    "citySender": "Бердянськ",
    "cityRecipient": "Олександрія (м.Кіровогр.обл.райц)"
  },
  {
    "number": 59000455828204,
    "dateTime": {
      "date": {
        "year": 2019,
        "month": 10,
        "day": 18
      },
      "time": {
        "hour": 10,
        "minute": 28,
        "second": 52,
        "nano": 0
      }
    },
    "citySender": "Роздори",
    "cityRecipient": "Ємільчине"
  },
  {
    "number": 59000455828205,
    "dateTime": {
      "date": {
        "year": 2019,
        "month": 10,
        "day": 18
      },
      "time": {
        "hour": 10,
        "minute": 29,
        "second": 3,
        "nano": 0
      }
    },
    "citySender": "Київ",
    "cityRecipient": "Драбів"
  },
  {
    "number": 59000455828206,
    "dateTime": {
      "date": {
        "year": 2019,
        "month": 10,
        "day": 18
      },
      "time": {
        "hour": 10,
        "minute": 29,
        "second": 14,
        "nano": 0
      }
    },
    "citySender": "Перечин",
    "cityRecipient": "Першотравенськ (Дніпропетровська обл)"
  },
  {
    "number": 59000455828207,
    "dateTime": {
      "date": {
        "year": 2019,
        "month": 10,
        "day": 18
      },
      "time": {
        "hour": 10,
        "minute": 29,
        "second": 47,
        "nano": 0
      }
    },
    "citySender": "Кобеляки",
    "cityRecipient": "Миколаїв"
  },
  {
    "number": 59000455828208,
    "dateTime": {
      "date": {
        "year": 2019,
        "month": 10,
        "day": 18
      },
      "time": {
        "hour": 10,
        "minute": 28,
        "second": 59,
        "nano": 0
      }
    },
    "citySender": "Козятин (місто, Вінницька обл.)",
    "cityRecipient": "Кельменці"
  },
  {
    "number": 59000455828209,
    "dateTime": {
      "date": {
        "year": 2019,
        "month": 10,
        "day": 18
      },
      "time": {
        "hour": 10,
        "minute": 29,
        "second": 45,
        "nano": 0
      }
    },
    "citySender": "Маріуполь",
    "cityRecipient": "Київ"
  },
  {
    "number": 59000455828211,
    "dateTime": {
      "date": {
        "year": 2019,
        "month": 10,
        "day": 18
      },
      "time": {
        "hour": 10,
        "minute": 29,
        "second": 36,
        "nano": 0
      }
    },
    "citySender": "Івано-Франківськ",
    "cityRecipient": "Житомир"
  },
  {
    "number": 59000455828212,
    "dateTime": {
      "date": {
        "year": 2019,
        "month": 10,
        "day": 18
      },
      "time": {
        "hour": 10,
        "minute": 29,
        "second": 12,
        "nano": 0
      }
    },
    "citySender": "Южноукраїнськ",
    "cityRecipient": "Одеса"
  },
  {
    "number": 59000455828213,
    "dateTime": {
      "date": {
        "year": 2019,
        "month": 10,
        "day": 18
      },
      "time": {
        "hour": 10,
        "minute": 28,
        "second": 12,
        "nano": 0
      }
    },
    "citySender": "Осипенко(Бердянський р-н)",
    "cityRecipient": "Генічеськ"
  },
  {
    "number": 59000455828215,
    "dateTime": {
      "date": {
        "year": 2019,
        "month": 10,
        "day": 18
      },
      "time": {
        "hour": 10,
        "minute": 29,
        "second": 44,
        "nano": 0
      }
    },
    "citySender": "Київ",
    "cityRecipient": "Харків"
  },
  {
    "number": 59000455828216,
    "dateTime": {
      "date": {
        "year": 2019,
        "month": 10,
        "day": 18
      },
      "time": {
        "hour": 10,
        "minute": 28,
        "second": 34,
        "nano": 0
      }
    },
    "citySender": "Перемишляни",
    "cityRecipient": "Кам\u0027янець-Подільський"
  },
  {
    "number": 59000455828217,
    "dateTime": {
      "date": {
        "year": 2019,
        "month": 10,
        "day": 18
      },
      "time": {
        "hour": 10,
        "minute": 29,
        "second": 30,
        "nano": 0
      }
    },
    "citySender": "Харків",
    "cityRecipient": "Київ"
  },
  {
    "number": 59000455828218,
    "dateTime": {
      "date": {
        "year": 2019,
        "month": 10,
        "day": 18
      },
      "time": {
        "hour": 10,
        "minute": 29,
        "second": 7,
        "nano": 0
      }
    },
    "citySender": "Буча",
    "cityRecipient": "Вінниця"
  },
  {
    "number": 59000455828219,
    "dateTime": {
      "date": {
        "year": 2019,
        "month": 10,
        "day": 18
      },
      "time": {
        "hour": 10,
        "minute": 29,
        "second": 30,
        "nano": 0
      }
    },
    "citySender": "Львів",
    "cityRecipient": "Черкаси"
  },
  {
    "number": 59000455828220,
    "dateTime": {
      "date": {
        "year": 2019,
        "month": 10,
        "day": 18
      },
      "time": {
        "hour": 10,
        "minute": 29,
        "second": 51,
        "nano": 0
      }
    },
    "citySender": "Миронівка",
    "cityRecipient": "Стецьківка"
  },
  {
    "number": 59000455828221,
    "dateTime": {
      "date": {
        "year": 2019,
        "month": 10,
        "day": 18
      },
      "time": {
        "hour": 10,
        "minute": 29,
        "second": 32,
        "nano": 0
      }
    },
    "citySender": "Пісочин",
    "cityRecipient": "Київ"
  },
  {
    "number": 59000455828222,
    "dateTime": {
      "date": {
        "year": 2019,
        "month": 10,
        "day": 18
      },
      "time": {
        "hour": 10,
        "minute": 29,
        "second": 39,
        "nano": 0
      }
    },
    "citySender": "Оженин",
    "cityRecipient": "Рівне"
  },
  {
    "number": 59000455828224,
    "dateTime": {
      "date": {
        "year": 2019,
        "month": 10,
        "day": 18
      },
      "time": {
        "hour": 10,
        "minute": 28,
        "second": 52,
        "nano": 0
      }
    },
    "citySender": "Обухів",
    "cityRecipient": "Великі Мости"
  },
  {
    "number": 59000455828225,
    "dateTime": {
      "date": {
        "year": 2019,
        "month": 10,
        "day": 18
      },
      "time": {
        "hour": 10,
        "minute": 29,
        "second": 52,
        "nano": 0
      }
    },
    "citySender": "Первомайськ(Микол.обл.Первомайс.р-н)",
    "cityRecipient": "Мала Данилівка"
  },
  {
    "number": 59000455828226,
    "dateTime": {
      "date": {
        "year": 2019,
        "month": 10,
        "day": 18
      },
      "time": {
        "hour": 10,
        "minute": 29,
        "second": 46,
        "nano": 0
      }
    },
    "citySender": "Київ",
    "cityRecipient": "Миколаїв"
  },
  {
    "number": 59000455828227,
    "dateTime": {
      "date": {
        "year": 2019,
        "month": 10,
        "day": 18
      },
      "time": {
        "hour": 10,
        "minute": 28,
        "second": 37,
        "nano": 0
      }
    },
    "citySender": "Східниця",
    "cityRecipient": "Приазовське"
  },
  {
    "number": 59000455828228,
    "dateTime": {
      "date": {
        "year": 2019,
        "month": 10,
        "day": 18
      },
      "time": {
        "hour": 10,
        "minute": 29,
        "second": 52,
        "nano": 0
      }
    },
    "citySender": "Полонне",
    "cityRecipient": "Київ"
  },
  {
    "number": 59000455828229,
    "dateTime": {
      "date": {
        "year": 2019,
        "month": 10,
        "day": 18
      },
      "time": {
        "hour": 10,
        "minute": 29,
        "second": 43,
        "nano": 0
      }
    },
    "citySender": "Харків",
    "cityRecipient": "Першотравенськ (Дніпропетровська обл)"
  },
  {
    "number": 59000455828230,
    "dateTime": {
      "date": {
        "year": 2019,
        "month": 10,
        "day": 18
      },
      "time": {
        "hour": 10,
        "minute": 29,
        "second": 30,
        "nano": 0
      }
    },
    "citySender": "Кривий Ріг",
    "cityRecipient": "Могилів-Подільський"
  },
  {
    "number": 59000455828231,
    "dateTime": {
      "date": {
        "year": 2019,
        "month": 10,
        "day": 18
      },
      "time": {
        "hour": 10,
        "minute": 29,
        "second": 18,
        "nano": 0
      }
    },
    "citySender": "Черкаси",
    "cityRecipient": "Київ"
  },
  {
    "number": 59000455828232,
    "dateTime": {
      "date": {
        "year": 2019,
        "month": 10,
        "day": 18
      },
      "time": {
        "hour": 10,
        "minute": 29,
        "second": 48,
        "nano": 0
      }
    },
    "citySender": "Київ",
    "cityRecipient": "Краматорськ"
  },
  {
    "number": 59000455828233,
    "dateTime": {
      "date": {
        "year": 2019,
        "month": 10,
        "day": 18
      },
      "time": {
        "hour": 10,
        "minute": 29,
        "second": 35,
        "nano": 0
      }
    },
    "citySender": "Горішні Плавні",
    "cityRecipient": "Дніпро"
  },
  {
    "number": 59000455828234,
    "dateTime": {
      "date": {
        "year": 2019,
        "month": 10,
        "day": 18
      },
      "time": {
        "hour": 10,
        "minute": 29,
        "second": 23,
        "nano": 0
      }
    },
    "citySender": "Славута",
    "cityRecipient": "Бориспіль"
  },
  {
    "number": 59000455828235,
    "dateTime": {
      "date": {
        "year": 2019,
        "month": 10,
        "day": 18
      },
      "time": {
        "hour": 10,
        "minute": 29,
        "second": 37,
        "nano": 0
      }
    },
    "citySender": "Львів",
    "cityRecipient": "Одеса"
  },
  {
    "number": 59000455828236,
    "dateTime": {
      "date": {
        "year": 2019,
        "month": 10,
        "day": 18
      },
      "time": {
        "hour": 10,
        "minute": 29,
        "second": 13,
        "nano": 0
      }
    },
    "citySender": "Київ",
    "cityRecipient": "Дніпро"
  },
  {
    "number": 59000455828237,
    "dateTime": {
      "date": {
        "year": 2019,
        "month": 10,
        "day": 18
      },
      "time": {
        "hour": 10,
        "minute": 29,
        "second": 54,
        "nano": 0
      }
    },
    "citySender": "Пісківка",
    "cityRecipient": "Рівне"
  },
  {
    "number": 59000455828238,
    "dateTime": {
      "date": {
        "year": 2019,
        "month": 10,
        "day": 18
      },
      "time": {
        "hour": 10,
        "minute": 29,
        "second": 45,
        "nano": 0
      }
    },
    "citySender": "Кобеляки",
    "cityRecipient": "Знаменівка (Новомосковський р-н)"
  },
  {
    "number": 59000455828239,
    "dateTime": {
      "date": {
        "year": 2019,
        "month": 10,
        "day": 18
      },
      "time": {
        "hour": 10,
        "minute": 29,
        "second": 55,
        "nano": 0
      }
    },
    "citySender": "Іванковичі",
    "cityRecipient": "Київ"
  },
  {
    "number": 59000455828240,
    "dateTime": {
      "date": {
        "year": 2019,
        "month": 10,
        "day": 18
      },
      "time": {
        "hour": 10,
        "minute": 28,
        "second": 53,
        "nano": 0
      }
    },
    "citySender": "Шаян",
    "cityRecipient": "Біла Церква"
  },
  {
    "number": 59000455828241,
    "dateTime": {
      "date": {
        "year": 2019,
        "month": 10,
        "day": 18
      },
      "time": {
        "hour": 10,
        "minute": 28,
        "second": 53,
        "nano": 0
      }
    },
    "citySender": "Харків",
    "cityRecipient": "Київ"
  },
  {
    "number": 59000455828242,
    "dateTime": {
      "date": {
        "year": 2019,
        "month": 10,
        "day": 18
      },
      "time": {
        "hour": 10,
        "minute": 29,
        "second": 40,
        "nano": 0
      }
    },
    "citySender": "Богуслав (Київська обл.)",
    "cityRecipient": "Київ"
  },
  {
    "number": 59000455828243,
    "dateTime": {
      "date": {
        "year": 2019,
        "month": 10,
        "day": 18
      },
      "time": {
        "hour": 10,
        "minute": 28,
        "second": 40,
        "nano": 0
      }
    },
    "citySender": "Тересва",
    "cityRecipient": "Житомир"
  },
  {
    "number": 59000455828244,
    "dateTime": {
      "date": {
        "year": 2019,
        "month": 10,
        "day": 18
      },
      "time": {
        "hour": 10,
        "minute": 29,
        "second": 55,
        "nano": 0
      }
    },
    "citySender": "Київ",
    "cityRecipient": "Київ"
  },
  {
    "number": 59000455828245,
    "dateTime": {
      "date": {
        "year": 2019,
        "month": 10,
        "day": 18
      },
      "time": {
        "hour": 10,
        "minute": 28,
        "second": 51,
        "nano": 0
      }
    },
    "citySender": "Царичанка",
    "cityRecipient": "Дніпро"
  },
  {
    "number": 59000455828246,
    "dateTime": {
      "date": {
        "year": 2019,
        "month": 10,
        "day": 18
      },
      "time": {
        "hour": 10,
        "minute": 29,
        "second": 51,
        "nano": 0
      }
    },
    "citySender": "Угринів (Тисменицький р-н., Івано-Франк. обл.)",
    "cityRecipient": "Енергодар"
  },
  {
    "number": 59000455828247,
    "dateTime": {
      "date": {
        "year": 2019,
        "month": 10,
        "day": 18
      },
      "time": {
        "hour": 10,
        "minute": 29,
        "second": 38,
        "nano": 0
      }
    },
    "citySender": "Одеса",
    "cityRecipient": "Київ"
  },
  {
    "number": 59000455828248,
    "dateTime": {
      "date": {
        "year": 2019,
        "month": 10,
        "day": 18
      },
      "time": {
        "hour": 10,
        "minute": 28,
        "second": 27,
        "nano": 0
      }
    },
    "citySender": "Львів",
    "cityRecipient": "Вінниця"
  },
  {
    "number": 59000455828249,
    "dateTime": {
      "date": {
        "year": 2019,
        "month": 10,
        "day": 18
      },
      "time": {
        "hour": 10,
        "minute": 29,
        "second": 46,
        "nano": 0
      }
    },
    "citySender": "Славута",
    "cityRecipient": "Тернопіль"
  },
  {
    "number": 59000455828250,
    "dateTime": {
      "date": {
        "year": 2019,
        "month": 10,
        "day": 18
      },
      "time": {
        "hour": 10,
        "minute": 29,
        "second": 57,
        "nano": 0
      }
    },
    "citySender": "Кам\u0027янське(Дніпропетровська обл)",
    "cityRecipient": "Київ"
  },
  {
    "number": 59000455828251,
    "dateTime": {
      "date": {
        "year": 2019,
        "month": 10,
        "day": 18
      },
      "time": {
        "hour": 10,
        "minute": 29,
        "second": 50,
        "nano": 0
      }
    },
    "citySender": "Чернівці",
    "cityRecipient": "Харків"
  },
  {
    "number": 59000455828252,
    "dateTime": {
      "date": {
        "year": 2019,
        "month": 10,
        "day": 18
      },
      "time": {
        "hour": 10,
        "minute": 29,
        "second": 2,
        "nano": 0
      }
    },
    "citySender": "Шпола",
    "cityRecipient": "Богданівка (Кіровоградська обл.)"
  },
  {
    "number": 59000455828253,
    "dateTime": {
      "date": {
        "year": 2019,
        "month": 10,
        "day": 18
      },
      "time": {
        "hour": 10,
        "minute": 29,
        "second": 22,
        "nano": 0
      }
    },
    "citySender": "Чернівці",
    "cityRecipient": "Вишгород"
  },
  {
    "number": 59000455828255,
    "dateTime": {
      "date": {
        "year": 2019,
        "month": 10,
        "day": 18
      },
      "time": {
        "hour": 10,
        "minute": 29,
        "second": 46,
        "nano": 0
      }
    },
    "citySender": "Солонка (Львівська обл.)",
    "cityRecipient": "Самбір"
  },
  {
    "number": 59000455828256,
    "dateTime": {
      "date": {
        "year": 2019,
        "month": 10,
        "day": 18
      },
      "time": {
        "hour": 10,
        "minute": 29,
        "second": 53,
        "nano": 0
      }
    },
    "citySender": "Київ",
    "cityRecipient": "Харків"
  },
  {
    "number": 59000455828257,
    "dateTime": {
      "date": {
        "year": 2019,
        "month": 10,
        "day": 18
      },
      "time": {
        "hour": 10,
        "minute": 29,
        "second": 7,
        "nano": 0
      }
    },
    "citySender": "Крюківщина",
    "cityRecipient": "Подільськ"
  },
  {
    "number": 59000455828258,
    "dateTime": {
      "date": {
        "year": 2019,
        "month": 10,
        "day": 18
      },
      "time": {
        "hour": 10,
        "minute": 28,
        "second": 10,
        "nano": 0
      }
    },
    "citySender": "Кушниця",
    "cityRecipient": "Рівне"
  },
  {
    "number": 59000455828259,
    "dateTime": {
      "date": {
        "year": 2019,
        "month": 10,
        "day": 18
      },
      "time": {
        "hour": 10,
        "minute": 29,
        "second": 14,
        "nano": 0
      }
    },
    "citySender": "Чугуїв",
    "cityRecipient": "Миронівський (Бахмутський р-н.)"
  },
  {
    "number": 59000455828260,
    "dateTime": {
      "date": {
        "year": 2019,
        "month": 10,
        "day": 18
      },
      "time": {
        "hour": 10,
        "minute": 29,
        "second": 51,
        "nano": 0
      }
    },
    "citySender": "Харків",
    "cityRecipient": "Запоріжжя"
  },
  {
    "number": 59000455828262,
    "dateTime": {
      "date": {
        "year": 2019,
        "month": 10,
        "day": 18
      },
      "time": {
        "hour": 10,
        "minute": 29,
        "second": 55,
        "nano": 0
      }
    },
    "citySender": "Велика Димерка",
    "cityRecipient": "Дніпро"
  },
  {
    "number": 59000455828263,
    "dateTime": {
      "date": {
        "year": 2019,
        "month": 10,
        "day": 18
      },
      "time": {
        "hour": 10,
        "minute": 28,
        "second": 41,
        "nano": 0
      }
    },
    "citySender": "Миргород",
    "cityRecipient": "Дніпро"
  },
  {
    "number": 59000455828264,
    "dateTime": {
      "date": {
        "year": 2019,
        "month": 10,
        "day": 18
      },
      "time": {
        "hour": 10,
        "minute": 27,
        "second": 52,
        "nano": 0
      }
    },
    "citySender": "Вінниця",
    "cityRecipient": "Львів"
  },
  {
    "number": 59000455828265,
    "dateTime": {
      "date": {
        "year": 2019,
        "month": 10,
        "day": 18
      },
      "time": {
        "hour": 10,
        "minute": 29,
        "second": 6,
        "nano": 0
      }
    },
    "citySender": "Ужгород",
    "cityRecipient": "Київ"
  },
  {
    "number": 59000455828267,
    "dateTime": {
      "date": {
        "year": 2019,
        "month": 10,
        "day": 18
      },
      "time": {
        "hour": 10,
        "minute": 29,
        "second": 57,
        "nano": 0
      }
    },
    "citySender": "Вишневе",
    "cityRecipient": "Київ"
  }
]