[
  {
    "number": 59000455845660,
    "dateTime": {
      "date": {
        "year": 2019,
        "month": 10,
        "day": 18
      },
      "time": {
        "hour": 11,
        "minute": 22,
        "second": 1,
        "nano": 0
      }
    },
    "citySender": "Полтава",
    "cityRecipient": "Київ"
  },
  {
    "number": 59000455845661,
    "dateTime": {
      "date": {
        "year": 2019,
        "month": 10,
        "day": 18
      },
      "time": {
        "hour": 11,
        "minute": 21,
        "second": 51,
        "nano": 0
      }
    },
    "citySender": "Вінниця",
    "cityRecipient": "Львів"
  },
  {
    "number": 59000455845662,
    "dateTime": {
      "date": {
        "year": 2019,
        "month": 10,
        "day": 18
      },
      "time": {
        "hour": 11,
        "minute": 21,
        "second": 55,
        "nano": 0
      }
    },
    "citySender": "Черкаси",
    "cityRecipient": "Полтава"
  },
  {
    "number": 59000455845663,
    "dateTime": {
      "date": {
        "year": 2019,
        "month": 10,
        "day": 18
      },
      "time": {
        "hour": 11,
        "minute": 20,
        "second": 50,
        "nano": 0
      }
    },
    "citySender": "Львів",
    "cityRecipient": "Біла Церква"
  },
  {
    "number": 59000455845664,
    "dateTime": {
      "date": {
        "year": 2019,
        "month": 10,
        "day": 18
      },
      "time": {
        "hour": 11,
        "minute": 21,
        "second": 52,
        "nano": 0
      }
    },
    "citySender": "Любомль",
    "cityRecipient": "Миколаїв"
  },
  {
    "number": 59000455845665,
    "dateTime": {
      "date": {
        "year": 2019,
        "month": 10,
        "day": 18
      },
      "time": {
        "hour": 11,
        "minute": 22,
        "second": 0,
        "nano": 0
      }
    },
    "citySender": "Коростишів",
    "cityRecipient": "Київ"
  },
  {
    "number": 59000455845666,
    "dateTime": {
      "date": {
        "year": 2019,
        "month": 10,
        "day": 18
      },
      "time": {
        "hour": 11,
        "minute": 20,
        "second": 46,
        "nano": 0
      }
    },
    "citySender": "Кременчук",
    "cityRecipient": "Калуш"
  },
  {
    "number": 59000455845667,
    "dateTime": {
      "date": {
        "year": 2019,
        "month": 10,
        "day": 18
      },
      "time": {
        "hour": 11,
        "minute": 21,
        "second": 44,
        "nano": 0
      }
    },
    "citySender": "Маріуполь",
    "cityRecipient": "Київ"
  },
  {
    "number": 59000455845668,
    "dateTime": {
      "date": {
        "year": 2019,
        "month": 10,
        "day": 18
      },
      "time": {
        "hour": 11,
        "minute": 21,
        "second": 15,
        "nano": 0
      }
    },
    "citySender": "Херсон",
    "cityRecipient": "Новоселиця"
  },
  {
    "number": 59000455845669,
    "dateTime": {
      "date": {
        "year": 2019,
        "month": 10,
        "day": 18
      },
      "time": {
        "hour": 11,
        "minute": 21,
        "second": 47,
        "nano": 0
      }
    },
    "citySender": "Львів",
    "cityRecipient": "Запоріжжя"
  },
  {
    "number": 59000455845670,
    "dateTime": {
      "date": {
        "year": 2019,
        "month": 10,
        "day": 18
      },
      "time": {
        "hour": 11,
        "minute": 20,
        "second": 58,
        "nano": 0
      }
    },
    "citySender": "Красноград (Харківська обл)",
    "cityRecipient": "Житомир"
  },
  {
    "number": 59000455845671,
    "dateTime": {
      "date": {
        "year": 2019,
        "month": 10,
        "day": 18
      },
      "time": {
        "hour": 11,
        "minute": 21,
        "second": 47,
        "nano": 0
      }
    },
    "citySender": "Черкаси",
    "cityRecipient": "Харків"
  },
  {
    "number": 59000455845672,
    "dateTime": {
      "date": {
        "year": 2019,
        "month": 10,
        "day": 18
      },
      "time": {
        "hour": 11,
        "minute": 22,
        "second": 0,
        "nano": 0
      }
    },
    "citySender": "Київ",
    "cityRecipient": "Полтава"
  },
  {
    "number": 59000455845673,
    "dateTime": {
      "date": {
        "year": 2019,
        "month": 10,
        "day": 18
      },
      "time": {
        "hour": 11,
        "minute": 21,
        "second": 42,
        "nano": 0
      }
    },
    "citySender": "Нововолинськ",
    "cityRecipient": "Одеса"
  },
  {
    "number": 59000455845674,
    "dateTime": {
      "date": {
        "year": 2019,
        "month": 10,
        "day": 18
      },
      "time": {
        "hour": 11,
        "minute": 21,
        "second": 21,
        "nano": 0
      }
    },
    "citySender": "Київ",
    "cityRecipient": "Львів"
  },
  {
    "number": 59000455845675,
    "dateTime": {
      "date": {
        "year": 2019,
        "month": 10,
        "day": 18
      },
      "time": {
        "hour": 11,
        "minute": 21,
        "second": 51,
        "nano": 0
      }
    },
    "citySender": "Київ",
    "cityRecipient": "Одеса"
  },
  {
    "number": 59000455845676,
    "dateTime": {
      "date": {
        "year": 2019,
        "month": 10,
        "day": 18
      },
      "time": {
        "hour": 11,
        "minute": 21,
        "second": 55,
        "nano": 0
      }
    },
    "citySender": "Володимир-Волинський",
    "cityRecipient": "Київ"
  },
  {
    "number": 59000455845677,
    "dateTime": {
      "date": {
        "year": 2019,
        "month": 10,
        "day": 18
      },
      "time": {
        "hour": 11,
        "minute": 22,
        "second": 4,
        "nano": 0
      }
    },
    "citySender": "Таїрове",
    "cityRecipient": "Харків"
  },
  {
    "number": 59000455845679,
    "dateTime": {
      "date": {
        "year": 2019,
        "month": 10,
        "day": 18
      },
      "time": {
        "hour": 11,
        "minute": 21,
        "second": 39,
        "nano": 0
      }
    },
    "citySender": "Запоріжжя",
    "cityRecipient": "Дніпро"
  },
  {
    "number": 59000455845680,
    "dateTime": {
      "date": {
        "year": 2019,
        "month": 10,
        "day": 18
      },
      "time": {
        "hour": 11,
        "minute": 21,
        "second": 41,
        "nano": 0
      }
    },
    "citySender": "Одеса",
    "cityRecipient": "Біла Церква"
  },
  {
    "number": 59000455845681,
    "dateTime": {
      "date": {
        "year": 2019,
        "month": 10,
        "day": 18
      },
      "time": {
        "hour": 11,
        "minute": 21,
        "second": 24,
        "nano": 0
      }
    },
    "citySender": "Київ",
    "cityRecipient": "Харків"
  },
  {
    "number": 59000455845682,
    "dateTime": {
      "date": {
        "year": 2019,
        "month": 10,
        "day": 18
      },
      "time": {
        "hour": 11,
        "minute": 21,
        "second": 56,
        "nano": 0
      }
    },
    "citySender": "Кропивницький",
    "cityRecipient": "Кропивницький"
  },
  {
    "number": 59000455845683,
    "dateTime": {
      "date": {
        "year": 2019,
        "month": 10,
        "day": 18
      },
      "time": {
        "hour": 11,
        "minute": 21,
        "second": 47,
        "nano": 0
      }
    },
    "citySender": "Борислав (Львівська обл.)",
    "cityRecipient": "Очаків"
  },
  {
    "number": 59000455845684,
    "dateTime": {
      "date": {
        "year": 2019,
        "month": 10,
        "day": 18
      },
      "time": {
        "hour": 11,
        "minute": 21,
        "second": 55,
        "nano": 0
      }
    },
    "citySender": "Київ",
    "cityRecipient": "Одеса"
  },
  {
    "number": 59000455845685,
    "dateTime": {
      "date": {
        "year": 2019,
        "month": 10,
        "day": 18
      },
      "time": {
        "hour": 11,
        "minute": 22,
        "second": 4,
        "nano": 0
      }
    },
    "citySender": "Ковель",
    "cityRecipient": "Дніпро"
  },
  {
    "number": 59000455845686,
    "dateTime": {
      "date": {
        "year": 2019,
        "month": 10,
        "day": 18
      },
      "time": {
        "hour": 11,
        "minute": 19,
        "second": 52,
        "nano": 0
      }
    },
    "citySender": "Циркуни",
    "cityRecipient": "Піщанка (Вінницька обл.)"
  },
  {
    "number": 59000455845687,
    "dateTime": {
      "date": {
        "year": 2019,
        "month": 10,
        "day": 18
      },
      "time": {
        "hour": 11,
        "minute": 21,
        "second": 59,
        "nano": 0
      }
    },
    "citySender": "Черкаси",
    "cityRecipient": "Харків"
  },
  {
    "number": 59000455845688,
    "dateTime": {
      "date": {
        "year": 2019,
        "month": 10,
        "day": 18
      },
      "time": {
        "hour": 11,
        "minute": 21,
        "second": 8,
        "nano": 0
      }
    },
    "citySender": "Одеса",
    "cityRecipient": "Дніпро"
  },
  {
    "number": 59000455845689,
    "dateTime": {
      "date": {
        "year": 2019,
        "month": 10,
        "day": 18
      },
      "time": {
        "hour": 11,
        "minute": 21,
        "second": 54,
        "nano": 0
      }
    },
    "citySender": "Київ",
    "cityRecipient": "Авдіївка (Донецька обл.)"
  },
  {
    "number": 59000455845690,
    "dateTime": {
      "date": {
        "year": 2019,
        "month": 10,
        "day": 18
      },
      "time": {
        "hour": 11,
        "minute": 21,
        "second": 27,
        "nano": 0
      }
    },
    "citySender": "Львів",
    "cityRecipient": "Львів"
  },
  {
    "number": 59000455845691,
    "dateTime": {
      "date": {
        "year": 2019,
        "month": 10,
        "day": 18
      },
      "time": {
        "hour": 11,
        "minute": 21,
        "second": 32,
        "nano": 0
      }
    },
    "citySender": "Чернігів",
    "cityRecipient": "Охтирка"
  },
  {
    "number": 59000455845692,
    "dateTime": {
      "date": {
        "year": 2019,
        "month": 10,
        "day": 18
      },
      "time": {
        "hour": 11,
        "minute": 20,
        "second": 29,
        "nano": 0
      }
    },
    "citySender": "Тячів",
    "cityRecipient": "Голованівськ"
  },
  {
    "number": 59000455845693,
    "dateTime": {
      "date": {
        "year": 2019,
        "month": 10,
        "day": 18
      },
      "time": {
        "hour": 11,
        "minute": 21,
        "second": 36,
        "nano": 0
      }
    },
    "citySender": "Одеса",
    "cityRecipient": "Чабани"
  },
  {
    "number": 59000455845694,
    "dateTime": {
      "date": {
        "year": 2019,
        "month": 10,
        "day": 18
      },
      "time": {
        "hour": 11,
        "minute": 21,
        "second": 58,
        "nano": 0
      }
    },
    "citySender": "Сєвєродонецьк",
    "cityRecipient": "Мелітополь"
  },
  {
    "number": 59000455845695,
    "dateTime": {
      "date": {
        "year": 2019,
        "month": 10,
        "day": 18
      },
      "time": {
        "hour": 11,
        "minute": 21,
        "second": 58,
        "nano": 0
      }
    },
    "citySender": "Івано-Франківськ",
    "cityRecipient": "Херсон"
  },
  {
    "number": 59000455845696,
    "dateTime": {
      "date": {
        "year": 2019,
        "month": 10,
        "day": 18
      },
      "time": {
        "hour": 11,
        "minute": 21,
        "second": 48,
        "nano": 0
      }
    },
    "citySender": "Васильківка (Дніпропетровська обл.)",
    "cityRecipient": "Запоріжжя"
  },
  {
    "number": 59000455845697,
    "dateTime": {
      "date": {
        "year": 2019,
        "month": 10,
        "day": 18
      },
      "time": {
        "hour": 11,
        "minute": 21,
        "second": 33,
        "nano": 0
      }
    },
    "citySender": "Івано-Франківськ",
    "cityRecipient": "Київ"
  },
  {
    "number": 59000455845698,
    "dateTime": {
      "date": {
        "year": 2019,
        "month": 10,
        "day": 18
      },
      "time": {
        "hour": 11,
        "minute": 21,
        "second": 36,
        "nano": 0
      }
    },
    "citySender": "Київ",
    "cityRecipient": "Миколаїв"
  },
  {
    "number": 59000455845699,
    "dateTime": {
      "date": {
        "year": 2019,
        "month": 10,
        "day": 18
      },
      "time": {
        "hour": 11,
        "minute": 22,
        "second": 6,
        "nano": 0
      }
    },
    "citySender": "Харків",
    "cityRecipient": "Київ"
  },
  {
    "number": 59000455845700,
    "dateTime": {
      "date": {
        "year": 2019,
        "month": 10,
        "day": 18
      },
      "time": {
        "hour": 11,
        "minute": 22,
        "second": 5,
        "nano": 0
      }
    },
    "citySender": "Ужгород",
    "cityRecipient": "Київ"
  },
  {
    "number": 59000455845701,
    "dateTime": {
      "date": {
        "year": 2019,
        "month": 10,
        "day": 18
      },
      "time": {
        "hour": 11,
        "minute": 21,
        "second": 37,
        "nano": 0
      }
    },
    "citySender": "Поляна (Закарпатська обл.)",
    "cityRecipient": "Київ"
  },
  {
    "number": 59000455845702,
    "dateTime": {
      "date": {
        "year": 2019,
        "month": 10,
        "day": 18
      },
      "time": {
        "hour": 11,
        "minute": 21,
        "second": 29,
        "nano": 0
      }
    },
    "citySender": "Кропивницький",
    "cityRecipient": "Жидачів"
  },
  {
    "number": 59000455845703,
    "dateTime": {
      "date": {
        "year": 2019,
        "month": 10,
        "day": 18
      },
      "time": {
        "hour": 11,
        "minute": 21,
        "second": 22,
        "nano": 0
      }
    },
    "citySender": "Запоріжжя",
    "cityRecipient": "Маріуполь"
  },
  {
    "number": 59000455845704,
    "dateTime": {
      "date": {
        "year": 2019,
        "month": 10,
        "day": 18
      },
      "time": {
        "hour": 11,
        "minute": 22,
        "second": 2,
        "nano": 0
      }
    },
    "citySender": "Краматорськ",
    "cityRecipient": "Новий Буг"
  },
  {
    "number": 59000455845705,
    "dateTime": {
      "date": {
        "year": 2019,
        "month": 10,
        "day": 18
      },
      "time": {
        "hour": 11,
        "minute": 22,
        "second": 10,
        "nano": 0
      }
    },
    "citySender": "Делятин",
    "cityRecipient": "Київ"
  },
  {
    "number": 59000455845706,
    "dateTime": {
      "date": {
        "year": 2019,
        "month": 10,
        "day": 18
      },
      "time": {
        "hour": 11,
        "minute": 21,
        "second": 41,
        "nano": 0
      }
    },
    "citySender": "Київ",
    "cityRecipient": "Теребовля"
  },
  {
    "number": 59000455845707,
    "dateTime": {
      "date": {
        "year": 2019,
        "month": 10,
        "day": 18
      },
      "time": {
        "hour": 11,
        "minute": 21,
        "second": 43,
        "nano": 0
      }
    },
    "citySender": "Нікополь (Дніпропетровська обл.)",
    "cityRecipient": "Дніпро"
  },
  {
    "number": 59000455845708,
    "dateTime": {
      "date": {
        "year": 2019,
        "month": 10,
        "day": 18
      },
      "time": {
        "hour": 11,
        "minute": 22,
        "second": 3,
        "nano": 0
      }
    },
    "citySender": "Черкаси",
    "cityRecipient": "Черкаси"
  },
  {
    "number": 59000455845709,
    "dateTime": {
      "date": {
        "year": 2019,
        "month": 10,
        "day": 18
      },
      "time": {
        "hour": 11,
        "minute": 21,
        "second": 23,
        "nano": 0
      }
    },
    "citySender": "Олександрія (м.Кіровогр.обл.райц)",
    "cityRecipient": "Запоріжжя"
  },
  {
    "number": 59000455845710,
    "dateTime": {
      "date": {
        "year": 2019,
        "month": 10,
        "day": 18
      },
      "time": {
        "hour": 11,
        "minute": 21,
        "second": 6,
        "nano": 0
      }
    },
    "citySender": "Черкаси",
    "cityRecipient": "Київ"
  },
  {
    "number": 59000455845711,
    "dateTime": {
      "date": {
        "year": 2019,
        "month": 10,
        "day": 18
      },
      "time": {
        "hour": 11,
        "minute": 21,
        "second": 51,
        "nano": 0
      }
    },
    "citySender": "Борщів",
    "cityRecipient": "Луцьк"
  },
  {
    "number": 59000455845712,
    "dateTime": {
      "date": {
        "year": 2019,
        "month": 10,
        "day": 18
      },
      "time": {
        "hour": 11,
        "minute": 20,
        "second": 32,
        "nano": 0
      }
    },
    "citySender": "Межова",
    "cityRecipient": "Дніпро"
  },
  {
    "number": 59000455845713,
    "dateTime": {
      "date": {
        "year": 2019,
        "month": 10,
        "day": 18
      },
      "time": {
        "hour": 11,
        "minute": 21,
        "second": 39,
        "nano": 0
      }
    },
    "citySender": "Київ",
    "cityRecipient": "Київ"
  },
  {
    "number": 59000455845714,
    "dateTime": {
      "date": {
        "year": 2019,
        "month": 10,
        "day": 18
      },
      "time": {
        "hour": 11,
        "minute": 21,
        "second": 37,
        "nano": 0
      }
    },
    "citySender": "Херсон",
    "cityRecipient": "Піщаний Брід"
  },
  {
    "number": 59000455845715,
    "dateTime": {
      "date": {
        "year": 2019,
        "month": 10,
        "day": 18
      },
      "time": {
        "hour": 11,
        "minute": 21,
        "second": 25,
        "nano": 0
      }
    },
    "citySender": "Пологи (Запорізька обл.)",
    "cityRecipient": "Щастя"
  },
  {
    "number": 59000455845716,
    "dateTime": {
      "date": {
        "year": 2019,
        "month": 10,
        "day": 18
      },
      "time": {
        "hour": 11,
        "minute": 21,
        "second": 31,
        "nano": 0
      }
    },
    "citySender": "Львів",
    "cityRecipient": "Івано-Франківськ"
  },
  {
    "number": 59000455845717,
    "dateTime": {
      "date": {
        "year": 2019,
        "month": 10,
        "day": 18
      },
      "time": {
        "hour": 11,
        "minute": 22,
        "second": 2,
        "nano": 0
      }
    },
    "citySender": "Буча",
    "cityRecipient": "Кропивницький"
  },
  {
    "number": 59000455845718,
    "dateTime": {
      "date": {
        "year": 2019,
        "month": 10,
        "day": 18
      },
      "time": {
        "hour": 11,
        "minute": 21,
        "second": 15,
        "nano": 0
      }
    },
    "citySender": "Оратів",
    "cityRecipient": "Рокитне (Рівненська обл., Рокитнівський р-н)"
  },
  {
    "number": 59000455845719,
    "dateTime": {
      "date": {
        "year": 2019,
        "month": 10,
        "day": 18
      },
      "time": {
        "hour": 11,
        "minute": 22,
        "second": 13,
        "nano": 0
      }
    },
    "citySender": "Полтава",
    "cityRecipient": "Бровари"
  },
  {
    "number": 59000455845720,
    "dateTime": {
      "date": {
        "year": 2019,
        "month": 10,
        "day": 18
      },
      "time": {
        "hour": 11,
        "minute": 21,
        "second": 36,
        "nano": 0
      }
    },
    "citySender": "Березанка(Миколаївська обл.)",
    "cityRecipient": "Київ"
  },
  {
    "number": 59000455845721,
    "dateTime": {
      "date": {
        "year": 2019,
        "month": 10,
        "day": 18
      },
      "time": {
        "hour": 11,
        "minute": 21,
        "second": 35,
        "nano": 0
      }
    },
    "citySender": "Ізмаїл",
    "cityRecipient": "Ялта (Донецька обл.)"
  },
  {
    "number": 59000455845722,
    "dateTime": {
      "date": {
        "year": 2019,
        "month": 10,
        "day": 18
      },
      "time": {
        "hour": 11,
        "minute": 22,
        "second": 2,
        "nano": 0
      }
    },
    "citySender": "Одеса",
    "cityRecipient": "Світлодарськ"
  },
  {
    "number": 59000455845723,
    "dateTime": {
      "date": {
        "year": 2019,
        "month": 10,
        "day": 18
      },
      "time": {
        "hour": 11,
        "minute": 21,
        "second": 55,
        "nano": 0
      }
    },
    "citySender": "Київ",
    "cityRecipient": "Київ"
  },
  {
    "number": 59000455845724,
    "dateTime": {
      "date": {
        "year": 2019,
        "month": 10,
        "day": 18
      },
      "time": {
        "hour": 11,
        "minute": 21,
        "second": 50,
        "nano": 0
      }
    },
    "citySender": "Охтирка",
    "cityRecipient": "Дніпро"
  },
  {
    "number": 59000455845725,
    "dateTime": {
      "date": {
        "year": 2019,
        "month": 10,
        "day": 18
      },
      "time": {
        "hour": 11,
        "minute": 22,
        "second": 12,
        "nano": 0
      }
    },
    "citySender": "Київ",
    "cityRecipient": "Дружківка"
  },
  {
    "number": 59000455845726,
    "dateTime": {
      "date": {
        "year": 2019,
        "month": 10,
        "day": 18
      },
      "time": {
        "hour": 11,
        "minute": 21,
        "second": 43,
        "nano": 0
      }
    },
    "citySender": "Олександрія (м.Кіровогр.обл.райц)",
    "cityRecipient": "Харків"
  },
  {
    "number": 59000455845727,
    "dateTime": {
      "date": {
        "year": 2019,
        "month": 10,
        "day": 18
      },
      "time": {
        "hour": 11,
        "minute": 22,
        "second": 10,
        "nano": 0
      }
    },
    "citySender": "Львів",
    "cityRecipient": "Ірпінь"
  },
  {
    "number": 59000455845728,
    "dateTime": {
      "date": {
        "year": 2019,
        "month": 10,
        "day": 18
      },
      "time": {
        "hour": 11,
        "minute": 21,
        "second": 52,
        "nano": 0
      }
    },
    "citySender": "Кропивницький",
    "cityRecipient": "Новомиргород"
  },
  {
    "number": 59000455845729,
    "dateTime": {
      "date": {
        "year": 2019,
        "month": 10,
        "day": 18
      },
      "time": {
        "hour": 11,
        "minute": 22,
        "second": 14,
        "nano": 0
      }
    },
    "citySender": "Умань",
    "cityRecipient": "Дніпро"
  },
  {
    "number": 59000455845730,
    "dateTime": {
      "date": {
        "year": 2019,
        "month": 10,
        "day": 18
      },
      "time": {
        "hour": 11,
        "minute": 22,
        "second": 10,
        "nano": 0
      }
    },
    "citySender": "Київ",
    "cityRecipient": "Київ"
  },
  {
    "number": 59000455845731,
    "dateTime": {
      "date": {
        "year": 2019,
        "month": 10,
        "day": 18
      },
      "time": {
        "hour": 11,
        "minute": 21,
        "second": 46,
        "nano": 0
      }
    },
    "citySender": "Приморськ (Запорізька обл.)",
    "cityRecipient": "Баранинці (Закарпатська обл.)"
  },
  {
    "number": 59000455845732,
    "dateTime": {
      "date": {
        "year": 2019,
        "month": 10,
        "day": 18
      },
      "time": {
        "hour": 11,
        "minute": 22,
        "second": 6,
        "nano": 0
      }
    },
    "citySender": "Київ",
    "cityRecipient": "Харків"
  },
  {
    "number": 59000455845733,
    "dateTime": {
      "date": {
        "year": 2019,
        "month": 10,
        "day": 18
      },
      "time": {
        "hour": 11,
        "minute": 22,
        "second": 14,
        "nano": 0
      }
    },
    "citySender": "Дніпро",
    "cityRecipient": "Київ"
  },
  {
    "number": 59000455845734,
    "dateTime": {
      "date": {
        "year": 2019,
        "month": 10,
        "day": 18
      },
      "time": {
        "hour": 11,
        "minute": 22,
        "second": 7,
        "nano": 0
      }
    },
    "citySender": "Кривий Ріг",
    "cityRecipient": "Кропивницький"
  },
  {
    "number": 59000455845735,
    "dateTime": {
      "date": {
        "year": 2019,
        "month": 10,
        "day": 18
      },
      "time": {
        "hour": 11,
        "minute": 22,
        "second": 7,
        "nano": 0
      }
    },
    "citySender": "Мелітополь",
    "cityRecipient": "Дніпро"
  },
  {
    "number": 59000455845736,
    "dateTime": {
      "date": {
        "year": 2019,
        "month": 10,
        "day": 18
      },
      "time": {
        "hour": 11,
        "minute": 22,
        "second": 9,
        "nano": 0
      }
    },
    "citySender": "Київ",
    "cityRecipient": "Чернівці"
  },
  {
    "number": 59000455845737,
    "dateTime": {
      "date": {
        "year": 2019,
        "month": 10,
        "day": 18
      },
      "time": {
        "hour": 11,
        "minute": 22,
        "second": 13,
        "nano": 0
      }
    },
    "citySender": "Херсон",
    "cityRecipient": "Умань"
  },
  {
    "number": 59000455845739,
    "dateTime": {
      "date": {
        "year": 2019,
        "month": 10,
        "day": 18
      },
      "time": {
        "hour": 11,
        "minute": 21,
        "second": 24,
        "nano": 0
      }
    },
    "citySender": "Київ",
    "cityRecipient": "Київ"
  },
  {
    "number": 59000455845740,
    "dateTime": {
      "date": {
        "year": 2019,
        "month": 10,
        "day": 18
      },
      "time": {
        "hour": 11,
        "minute": 21,
        "second": 57,
        "nano": 0
      }
    },
    "citySender": "Вінницькі Хутори",
    "cityRecipient": "Житомир"
  },
  {
    "number": 59000455845741,
    "dateTime": {
      "date": {
        "year": 2019,
        "month": 10,
        "day": 18
      },
      "time": {
        "hour": 11,
        "minute": 21,
        "second": 39,
        "nano": 0
      }
    },
    "citySender": "Любомль",
    "cityRecipient": "Київ"
  },
  {
    "number": 59000455845742,
    "dateTime": {
      "date": {
        "year": 2019,
        "month": 10,
        "day": 18
      },
      "time": {
        "hour": 11,
        "minute": 21,
        "second": 50,
        "nano": 0
      }
    },
    "citySender": "Маріуполь",
    "cityRecipient": "Харків"
  },
  {
    "number": 59000455845743,
    "dateTime": {
      "date": {
        "year": 2019,
        "month": 10,
        "day": 18
      },
      "time": {
        "hour": 11,
        "minute": 21,
        "second": 43,
        "nano": 0
      }
    },
    "citySender": "Моршин",
    "cityRecipient": "Нерубайське"
  },
  {
    "number": 59000455845745,
    "dateTime": {
      "date": {
        "year": 2019,
        "month": 10,
        "day": 18
      },
      "time": {
        "hour": 11,
        "minute": 21,
        "second": 23,
        "nano": 0
      }
    },
    "citySender": "Кременчук",
    "cityRecipient": "Полтава"
  },
  {
    "number": 59000455845746,
    "dateTime": {
      "date": {
        "year": 2019,
        "month": 10,
        "day": 18
      },
      "time": {
        "hour": 11,
        "minute": 22,
        "second": 14,
        "nano": 0
      }
    },
    "citySender": "Олександрія (м.Кіровогр.обл.райц)",
    "cityRecipient": "Радомишль"
  },
  {
    "number": 59000455845747,
    "dateTime": {
      "date": {
        "year": 2019,
        "month": 10,
        "day": 18
      },
      "time": {
        "hour": 11,
        "minute": 22,
        "second": 12,
        "nano": 0
      }
    },
    "citySender": "Одеса",
    "cityRecipient": "Одеса"
  },
  {
    "number": 59000455845748,
    "dateTime": {
      "date": {
        "year": 2019,
        "month": 10,
        "day": 18
      },
      "time": {
        "hour": 11,
        "minute": 21,
        "second": 46,
        "nano": 0
      }
    },
    "citySender": "Чернівці",
    "cityRecipient": "Ужгород"
  },
  {
    "number": 59000455845749,
    "dateTime": {
      "date": {
        "year": 2019,
        "month": 10,
        "day": 18
      },
      "time": {
        "hour": 11,
        "minute": 21,
        "second": 59,
        "nano": 0
      }
    },
    "citySender": "Київ",
    "cityRecipient": "Біла Церква"
  },
  {
    "number": 59000455845750,
    "dateTime": {
      "date": {
        "year": 2019,
        "month": 10,
        "day": 18
      },
      "time": {
        "hour": 11,
        "minute": 21,
        "second": 36,
        "nano": 0
      }
    },
    "citySender": "Київ",
    "cityRecipient": "Київ"
  },
  {
    "number": 59000455845751,
    "dateTime": {
      "date": {
        "year": 2019,
        "month": 10,
        "day": 18
      },
      "time": {
        "hour": 11,
        "minute": 21,
        "second": 35,
        "nano": 0
      }
    },
    "citySender": "Ланівці",
    "cityRecipient": "Київ"
  },
  {
    "number": 59000455845752,
    "dateTime": {
      "date": {
        "year": 2019,
        "month": 10,
        "day": 18
      },
      "time": {
        "hour": 11,
        "minute": 21,
        "second": 31,
        "nano": 0
      }
    },
    "citySender": "Київ",
    "cityRecipient": "Павлоград"
  },
  {
    "number": 59000455845753,
    "dateTime": {
      "date": {
        "year": 2019,
        "month": 10,
        "day": 18
      },
      "time": {
        "hour": 11,
        "minute": 21,
        "second": 26,
        "nano": 0
      }
    },
    "citySender": "Чутове",
    "cityRecipient": "Глобине"
  },
  {
    "number": 59000455845754,
    "dateTime": {
      "date": {
        "year": 2019,
        "month": 10,
        "day": 18
      },
      "time": {
        "hour": 11,
        "minute": 21,
        "second": 31,
        "nano": 0
      }
    },
    "citySender": "Полтава",
    "cityRecipient": "Деражне"
  },
  {
    "number": 59000455845755,
    "dateTime": {
      "date": {
        "year": 2019,
        "month": 10,
        "day": 18
      },
      "time": {
        "hour": 11,
        "minute": 21,
        "second": 47,
        "nano": 0
      }
    },
    "citySender": "Харків",
    "cityRecipient": "Харків"
  },
  {
    "number": 59000455845756,
    "dateTime": {
      "date": {
        "year": 2019,
        "month": 10,
        "day": 18
      },
      "time": {
        "hour": 11,
        "minute": 21,
        "second": 56,
        "nano": 0
      }
    },
    "citySender": "Запоріжжя",
    "cityRecipient": "Луцьк"
  },
  {
    "number": 59000455845757,
    "dateTime": {
      "date": {
        "year": 2019,
        "month": 10,
        "day": 18
      },
      "time": {
        "hour": 11,
        "minute": 20,
        "second": 25,
        "nano": 0
      }
    },
    "citySender": "Виноградів",
    "cityRecipient": "Керецьки"
  },
  {
    "number": 59000455845758,
    "dateTime": {
      "date": {
        "year": 2019,
        "month": 10,
        "day": 18
      },
      "time": {
        "hour": 11,
        "minute": 22,
        "second": 15,
        "nano": 0
      }
    },
    "citySender": "Ромни",
    "cityRecipient": "Нововоронцовка"
  }
]