[
  {
    "number": 59000455815279,
    "dateTime": {
      "date": {
        "year": 2019,
        "month": 10,
        "day": 18
      },
      "time": {
        "hour": 9,
        "minute": 46,
        "second": 24,
        "nano": 0
      }
    },
    "citySender": "Київ",
    "cityRecipient": "Онуфріївка"
  },
  {
    "number": 59000455815280,
    "dateTime": {
      "date": {
        "year": 2019,
        "month": 10,
        "day": 18
      },
      "time": {
        "hour": 9,
        "minute": 46,
        "second": 47,
        "nano": 0
      }
    },
    "citySender": "Херсон",
    "cityRecipient": "Київ"
  },
  {
    "number": 59000455815281,
    "dateTime": {
      "date": {
        "year": 2019,
        "month": 10,
        "day": 18
      },
      "time": {
        "hour": 9,
        "minute": 46,
        "second": 48,
        "nano": 0
      }
    },
    "citySender": "Херсон",
    "cityRecipient": "Вінниця"
  },
  {
    "number": 59000455815282,
    "dateTime": {
      "date": {
        "year": 2019,
        "month": 10,
        "day": 18
      },
      "time": {
        "hour": 9,
        "minute": 46,
        "second": 49,
        "nano": 0
      }
    },
    "citySender": "Кропивницький",
    "cityRecipient": "Київ"
  },
  {
    "number": 59000455815284,
    "dateTime": {
      "date": {
        "year": 2019,
        "month": 10,
        "day": 18
      },
      "time": {
        "hour": 9,
        "minute": 46,
        "second": 49,
        "nano": 0
      }
    },
    "citySender": "Шевченкове (Київська обл.)",
    "cityRecipient": "Київ"
  },
  {
    "number": 59000455815285,
    "dateTime": {
      "date": {
        "year": 2019,
        "month": 10,
        "day": 18
      },
      "time": {
        "hour": 9,
        "minute": 46,
        "second": 18,
        "nano": 0
      }
    },
    "citySender": "Любар",
    "cityRecipient": "Кривий Ріг"
  },
  {
    "number": 59000455815286,
    "dateTime": {
      "date": {
        "year": 2019,
        "month": 10,
        "day": 18
      },
      "time": {
        "hour": 9,
        "minute": 46,
        "second": 5,
        "nano": 0
      }
    },
    "citySender": "Борщів",
    "cityRecipient": "Тячів"
  },
  {
    "number": 59000455815287,
    "dateTime": {
      "date": {
        "year": 2019,
        "month": 10,
        "day": 18
      },
      "time": {
        "hour": 9,
        "minute": 46,
        "second": 32,
        "nano": 0
      }
    },
    "citySender": "Хмельницький",
    "cityRecipient": "Суми"
  },
  {
    "number": 59000455815288,
    "dateTime": {
      "date": {
        "year": 2019,
        "month": 10,
        "day": 18
      },
      "time": {
        "hour": 9,
        "minute": 46,
        "second": 31,
        "nano": 0
      }
    },
    "citySender": "Тернопіль",
    "cityRecipient": "Дніпро"
  },
  {
    "number": 59000455815290,
    "dateTime": {
      "date": {
        "year": 2019,
        "month": 10,
        "day": 18
      },
      "time": {
        "hour": 9,
        "minute": 46,
        "second": 21,
        "nano": 0
      }
    },
    "citySender": "Дніпро",
    "cityRecipient": "Мар\u0027янівка (Васильківський р-н)"
  },
  {
    "number": 59000455815291,
    "dateTime": {
      "date": {
        "year": 2019,
        "month": 10,
        "day": 18
      },
      "time": {
        "hour": 9,
        "minute": 46,
        "second": 44,
        "nano": 0
      }
    },
    "citySender": "Запоріжжя",
    "cityRecipient": "Кучурган"
  },
  {
    "number": 59000455815292,
    "dateTime": {
      "date": {
        "year": 2019,
        "month": 10,
        "day": 18
      },
      "time": {
        "hour": 9,
        "minute": 46,
        "second": 42,
        "nano": 0
      }
    },
    "citySender": "Харків",
    "cityRecipient": "Харків"
  },
  {
    "number": 59000455815293,
    "dateTime": {
      "date": {
        "year": 2019,
        "month": 10,
        "day": 18
      },
      "time": {
        "hour": 9,
        "minute": 46,
        "second": 36,
        "nano": 0
      }
    },
    "citySender": "Слов\u0027янськ",
    "cityRecipient": "Бахмут"
  },
  {
    "number": 59000455815294,
    "dateTime": {
      "date": {
        "year": 2019,
        "month": 10,
        "day": 18
      },
      "time": {
        "hour": 9,
        "minute": 46,
        "second": 45,
        "nano": 0
      }
    },
    "citySender": "Звенигородка",
    "cityRecipient": "Київ"
  },
  {
    "number": 59000455815295,
    "dateTime": {
      "date": {
        "year": 2019,
        "month": 10,
        "day": 18
      },
      "time": {
        "hour": 9,
        "minute": 45,
        "second": 45,
        "nano": 0
      }
    },
    "citySender": "Чернівці",
    "cityRecipient": "Новоград-Волинський"
  },
  {
    "number": 59000455815296,
    "dateTime": {
      "date": {
        "year": 2019,
        "month": 10,
        "day": 18
      },
      "time": {
        "hour": 9,
        "minute": 46,
        "second": 51,
        "nano": 0
      }
    },
    "citySender": "Дніпрорудне",
    "cityRecipient": "Одеса"
  },
  {
    "number": 59000455815297,
    "dateTime": {
      "date": {
        "year": 2019,
        "month": 10,
        "day": 18
      },
      "time": {
        "hour": 9,
        "minute": 46,
        "second": 19,
        "nano": 0
      }
    },
    "citySender": "Миколаїв",
    "cityRecipient": "Одеса"
  },
  {
    "number": 59000455815298,
    "dateTime": {
      "date": {
        "year": 2019,
        "month": 10,
        "day": 18
      },
      "time": {
        "hour": 9,
        "minute": 46,
        "second": 42,
        "nano": 0
      }
    },
    "citySender": "Карлівка",
    "cityRecipient": "Княжичі (Броварський р-н)"
  },
  {
    "number": 59000455815299,
    "dateTime": {
      "date": {
        "year": 2019,
        "month": 10,
        "day": 18
      },
      "time": {
        "hour": 9,
        "minute": 46,
        "second": 52,
        "nano": 0
      }
    },
    "citySender": "Павлоград",
    "cityRecipient": "Хмельницький"
  },
  {
    "number": 59000455815300,
    "dateTime": {
      "date": {
        "year": 2019,
        "month": 10,
        "day": 18
      },
      "time": {
        "hour": 9,
        "minute": 46,
        "second": 23,
        "nano": 0
      }
    },
    "citySender": "Маріуполь",
    "cityRecipient": "Кам\u0027янець-Подільський"
  },
  {
    "number": 59000455815301,
    "dateTime": {
      "date": {
        "year": 2019,
        "month": 10,
        "day": 18
      },
      "time": {
        "hour": 9,
        "minute": 46,
        "second": 32,
        "nano": 0
      }
    },
    "citySender": "Біла",
    "cityRecipient": "Вишневе"
  },
  {
    "number": 59000455815302,
    "dateTime": {
      "date": {
        "year": 2019,
        "month": 10,
        "day": 18
      },
      "time": {
        "hour": 9,
        "minute": 46,
        "second": 37,
        "nano": 0
      }
    },
    "citySender": "Лиман(Донецька обл)",
    "cityRecipient": "Сєвєродонецьк"
  },
  {
    "number": 59000455815303,
    "dateTime": {
      "date": {
        "year": 2019,
        "month": 10,
        "day": 18
      },
      "time": {
        "hour": 9,
        "minute": 46,
        "second": 52,
        "nano": 0
      }
    },
    "citySender": "Харків",
    "cityRecipient": "Київ"
  },
  {
    "number": 59000455815304,
    "dateTime": {
      "date": {
        "year": 2019,
        "month": 10,
        "day": 18
      },
      "time": {
        "hour": 9,
        "minute": 46,
        "second": 51,
        "nano": 0
      }
    },
    "citySender": "Київ",
    "cityRecipient": "Київ"
  },
  {
    "number": 59000455815305,
    "dateTime": {
      "date": {
        "year": 2019,
        "month": 10,
        "day": 18
      },
      "time": {
        "hour": 9,
        "minute": 46,
        "second": 45,
        "nano": 0
      }
    },
    "citySender": "Львів",
    "cityRecipient": "Дніпро"
  },
  {
    "number": 59000455815306,
    "dateTime": {
      "date": {
        "year": 2019,
        "month": 10,
        "day": 18
      },
      "time": {
        "hour": 9,
        "minute": 46,
        "second": 46,
        "nano": 0
      }
    },
    "citySender": "Дрогобич",
    "cityRecipient": "Первомайськ(Микол.обл.Первомайс.р-н)"
  },
  {
    "number": 59000455815307,
    "dateTime": {
      "date": {
        "year": 2019,
        "month": 10,
        "day": 18
      },
      "time": {
        "hour": 9,
        "minute": 46,
        "second": 54,
        "nano": 0
      }
    },
    "citySender": "Голованівськ",
    "cityRecipient": "Мелітополь"
  },
  {
    "number": 59000455815308,
    "dateTime": {
      "date": {
        "year": 2019,
        "month": 10,
        "day": 18
      },
      "time": {
        "hour": 9,
        "minute": 46,
        "second": 54,
        "nano": 0
      }
    },
    "citySender": "Южне",
    "cityRecipient": "Київ"
  },
  {
    "number": 59000455815309,
    "dateTime": {
      "date": {
        "year": 2019,
        "month": 10,
        "day": 18
      },
      "time": {
        "hour": 9,
        "minute": 46,
        "second": 42,
        "nano": 0
      }
    },
    "citySender": "Чорноморськ",
    "cityRecipient": "Кривий Ріг"
  },
  {
    "number": 59000455815310,
    "dateTime": {
      "date": {
        "year": 2019,
        "month": 10,
        "day": 18
      },
      "time": {
        "hour": 9,
        "minute": 46,
        "second": 22,
        "nano": 0
      }
    },
    "citySender": "Чернігів",
    "cityRecipient": "Київ"
  },
  {
    "number": 59000455815311,
    "dateTime": {
      "date": {
        "year": 2019,
        "month": 10,
        "day": 18
      },
      "time": {
        "hour": 9,
        "minute": 45,
        "second": 33,
        "nano": 0
      }
    },
    "citySender": "Одеса",
    "cityRecipient": "Подільськ"
  },
  {
    "number": 59000455815312,
    "dateTime": {
      "date": {
        "year": 2019,
        "month": 10,
        "day": 18
      },
      "time": {
        "hour": 9,
        "minute": 46,
        "second": 53,
        "nano": 0
      }
    },
    "citySender": "Мар\u0027їнка",
    "cityRecipient": "Вінниця"
  },
  {
    "number": 59000455815313,
    "dateTime": {
      "date": {
        "year": 2019,
        "month": 10,
        "day": 18
      },
      "time": {
        "hour": 9,
        "minute": 46,
        "second": 47,
        "nano": 0
      }
    },
    "citySender": "Одеса",
    "cityRecipient": "Бердянськ"
  },
  {
    "number": 59000455815314,
    "dateTime": {
      "date": {
        "year": 2019,
        "month": 10,
        "day": 18
      },
      "time": {
        "hour": 9,
        "minute": 46,
        "second": 6,
        "nano": 0
      }
    },
    "citySender": "Чернігів",
    "cityRecipient": "Новосілки (Києво-Святошинський р-н)"
  },
  {
    "number": 59000455815315,
    "dateTime": {
      "date": {
        "year": 2019,
        "month": 10,
        "day": 18
      },
      "time": {
        "hour": 9,
        "minute": 46,
        "second": 56,
        "nano": 0
      }
    },
    "citySender": "Харків",
    "cityRecipient": "Київ"
  },
  {
    "number": 59000455815316,
    "dateTime": {
      "date": {
        "year": 2019,
        "month": 10,
        "day": 18
      },
      "time": {
        "hour": 9,
        "minute": 46,
        "second": 25,
        "nano": 0
      }
    },
    "citySender": "Рокитне (Рівненська обл., Рокитнівський р-н)",
    "cityRecipient": "Рогатин"
  },
  {
    "number": 59000455815317,
    "dateTime": {
      "date": {
        "year": 2019,
        "month": 10,
        "day": 18
      },
      "time": {
        "hour": 9,
        "minute": 46,
        "second": 56,
        "nano": 0
      }
    },
    "citySender": "Кропивницький",
    "cityRecipient": "Хмельницький"
  },
  {
    "number": 59000455815318,
    "dateTime": {
      "date": {
        "year": 2019,
        "month": 10,
        "day": 18
      },
      "time": {
        "hour": 9,
        "minute": 46,
        "second": 47,
        "nano": 0
      }
    },
    "citySender": "Харків",
    "cityRecipient": "Київ"
  },
  {
    "number": 59000455815319,
    "dateTime": {
      "date": {
        "year": 2019,
        "month": 10,
        "day": 18
      },
      "time": {
        "hour": 9,
        "minute": 46,
        "second": 47,
        "nano": 0
      }
    },
    "citySender": "Рівне",
    "cityRecipient": "Володимирець"
  },
  {
    "number": 59000455815320,
    "dateTime": {
      "date": {
        "year": 2019,
        "month": 10,
        "day": 18
      },
      "time": {
        "hour": 9,
        "minute": 46,
        "second": 48,
        "nano": 0
      }
    },
    "citySender": "Київ",
    "cityRecipient": "Біла Церква"
  },
  {
    "number": 59000455815321,
    "dateTime": {
      "date": {
        "year": 2019,
        "month": 10,
        "day": 18
      },
      "time": {
        "hour": 9,
        "minute": 45,
        "second": 44,
        "nano": 0
      }
    },
    "citySender": "Камінь-Каширський",
    "cityRecipient": "Полонне"
  },
  {
    "number": 59000455815322,
    "dateTime": {
      "date": {
        "year": 2019,
        "month": 10,
        "day": 18
      },
      "time": {
        "hour": 9,
        "minute": 46,
        "second": 52,
        "nano": 0
      }
    },
    "citySender": "Коломия",
    "cityRecipient": "Київ"
  },
  {
    "number": 59000455815323,
    "dateTime": {
      "date": {
        "year": 2019,
        "month": 10,
        "day": 18
      },
      "time": {
        "hour": 9,
        "minute": 46,
        "second": 57,
        "nano": 0
      }
    },
    "citySender": "Дніпро",
    "cityRecipient": "Фонтанка"
  },
  {
    "number": 59000455815324,
    "dateTime": {
      "date": {
        "year": 2019,
        "month": 10,
        "day": 18
      },
      "time": {
        "hour": 9,
        "minute": 46,
        "second": 50,
        "nano": 0
      }
    },
    "citySender": "Сєвєродонецьк",
    "cityRecipient": "Луцьк"
  },
  {
    "number": 59000455815325,
    "dateTime": {
      "date": {
        "year": 2019,
        "month": 10,
        "day": 18
      },
      "time": {
        "hour": 9,
        "minute": 46,
        "second": 46,
        "nano": 0
      }
    },
    "citySender": "Одеса",
    "cityRecipient": "Очаків"
  },
  {
    "number": 59000455815326,
    "dateTime": {
      "date": {
        "year": 2019,
        "month": 10,
        "day": 18
      },
      "time": {
        "hour": 9,
        "minute": 46,
        "second": 45,
        "nano": 0
      }
    },
    "citySender": "Тернопіль",
    "cityRecipient": "Винники"
  },
  {
    "number": 59000455815327,
    "dateTime": {
      "date": {
        "year": 2019,
        "month": 10,
        "day": 18
      },
      "time": {
        "hour": 9,
        "minute": 46,
        "second": 12,
        "nano": 0
      }
    },
    "citySender": "Пирятин",
    "cityRecipient": "Київ"
  },
  {
    "number": 59000455815328,
    "dateTime": {
      "date": {
        "year": 2019,
        "month": 10,
        "day": 18
      },
      "time": {
        "hour": 9,
        "minute": 45,
        "second": 56,
        "nano": 0
      }
    },
    "citySender": "Полтава",
    "cityRecipient": "Харків"
  },
  {
    "number": 59000455815329,
    "dateTime": {
      "date": {
        "year": 2019,
        "month": 10,
        "day": 18
      },
      "time": {
        "hour": 9,
        "minute": 46,
        "second": 12,
        "nano": 0
      }
    },
    "citySender": "Дубровиця (Рівненська обл.)",
    "cityRecipient": "Тараща"
  },
  {
    "number": 59000455815330,
    "dateTime": {
      "date": {
        "year": 2019,
        "month": 10,
        "day": 18
      },
      "time": {
        "hour": 9,
        "minute": 46,
        "second": 45,
        "nano": 0
      }
    },
    "citySender": "Львів",
    "cityRecipient": "Бобринець"
  },
  {
    "number": 59000455815331,
    "dateTime": {
      "date": {
        "year": 2019,
        "month": 10,
        "day": 18
      },
      "time": {
        "hour": 9,
        "minute": 46,
        "second": 24,
        "nano": 0
      }
    },
    "citySender": "Нова Водолага",
    "cityRecipient": "Дніпро"
  },
  {
    "number": 59000455815332,
    "dateTime": {
      "date": {
        "year": 2019,
        "month": 10,
        "day": 18
      },
      "time": {
        "hour": 9,
        "minute": 46,
        "second": 43,
        "nano": 0
      }
    },
    "citySender": "Костопіль",
    "cityRecipient": "Радивилів"
  },
  {
    "number": 59000455815333,
    "dateTime": {
      "date": {
        "year": 2019,
        "month": 10,
        "day": 18
      },
      "time": {
        "hour": 9,
        "minute": 45,
        "second": 51,
        "nano": 0
      }
    },
    "citySender": "Ізюм",
    "cityRecipient": "Рубіжне"
  },
  {
    "number": 59000455815334,
    "dateTime": {
      "date": {
        "year": 2019,
        "month": 10,
        "day": 18
      },
      "time": {
        "hour": 9,
        "minute": 46,
        "second": 48,
        "nano": 0
      }
    },
    "citySender": "Львів",
    "cityRecipient": "Харків"
  },
  {
    "number": 59000455815335,
    "dateTime": {
      "date": {
        "year": 2019,
        "month": 10,
        "day": 18
      },
      "time": {
        "hour": 9,
        "minute": 45,
        "second": 54,
        "nano": 0
      }
    },
    "citySender": "Кролевець",
    "cityRecipient": "Львів"
  },
  {
    "number": 59000455815336,
    "dateTime": {
      "date": {
        "year": 2019,
        "month": 10,
        "day": 18
      },
      "time": {
        "hour": 9,
        "minute": 47,
        "second": 0,
        "nano": 0
      }
    },
    "citySender": "Херсон",
    "cityRecipient": "Рожнятів"
  },
  {
    "number": 59000455815337,
    "dateTime": {
      "date": {
        "year": 2019,
        "month": 10,
        "day": 18
      },
      "time": {
        "hour": 9,
        "minute": 46,
        "second": 48,
        "nano": 0
      }
    },
    "citySender": "Високий",
    "cityRecipient": "Тернівка"
  },
  {
    "number": 59000455815338,
    "dateTime": {
      "date": {
        "year": 2019,
        "month": 10,
        "day": 18
      },
      "time": {
        "hour": 9,
        "minute": 46,
        "second": 13,
        "nano": 0
      }
    },
    "citySender": "Кривий Ріг",
    "cityRecipient": "Братське"
  },
  {
    "number": 59000455815339,
    "dateTime": {
      "date": {
        "year": 2019,
        "month": 10,
        "day": 18
      },
      "time": {
        "hour": 9,
        "minute": 46,
        "second": 39,
        "nano": 0
      }
    },
    "citySender": "Хмельницький",
    "cityRecipient": "Київ"
  },
  {
    "number": 59000455815340,
    "dateTime": {
      "date": {
        "year": 2019,
        "month": 10,
        "day": 18
      },
      "time": {
        "hour": 9,
        "minute": 46,
        "second": 57,
        "nano": 0
      }
    },
    "citySender": "Бровари",
    "cityRecipient": "Київ"
  },
  {
    "number": 59000455815341,
    "dateTime": {
      "date": {
        "year": 2019,
        "month": 10,
        "day": 18
      },
      "time": {
        "hour": 9,
        "minute": 46,
        "second": 13,
        "nano": 0
      }
    },
    "citySender": "Славське (Львівська обл.)",
    "cityRecipient": "Київ"
  },
  {
    "number": 59000455815342,
    "dateTime": {
      "date": {
        "year": 2019,
        "month": 10,
        "day": 18
      },
      "time": {
        "hour": 9,
        "minute": 46,
        "second": 59,
        "nano": 0
      }
    },
    "citySender": "Дніпро",
    "cityRecipient": "Дніпро"
  },
  {
    "number": 59000455815343,
    "dateTime": {
      "date": {
        "year": 2019,
        "month": 10,
        "day": 18
      },
      "time": {
        "hour": 9,
        "minute": 46,
        "second": 53,
        "nano": 0
      }
    },
    "citySender": "Верхівцеве",
    "cityRecipient": "Київ"
  },
  {
    "number": 59000455815344,
    "dateTime": {
      "date": {
        "year": 2019,
        "month": 10,
        "day": 18
      },
      "time": {
        "hour": 9,
        "minute": 47,
        "second": 2,
        "nano": 0
      }
    },
    "citySender": "Дніпро",
    "cityRecipient": "Запоріжжя"
  },
  {
    "number": 59000455815345,
    "dateTime": {
      "date": {
        "year": 2019,
        "month": 10,
        "day": 18
      },
      "time": {
        "hour": 9,
        "minute": 46,
        "second": 34,
        "nano": 0
      }
    },
    "citySender": "Нікополь (Дніпропетровська обл.)",
    "cityRecipient": "Маріуполь"
  },
  {
    "number": 59000455815346,
    "dateTime": {
      "date": {
        "year": 2019,
        "month": 10,
        "day": 18
      },
      "time": {
        "hour": 9,
        "minute": 45,
        "second": 59,
        "nano": 0
      }
    },
    "citySender": "Хмельницький",
    "cityRecipient": "Старокостянтинів"
  },
  {
    "number": 59000455815347,
    "dateTime": {
      "date": {
        "year": 2019,
        "month": 10,
        "day": 18
      },
      "time": {
        "hour": 9,
        "minute": 46,
        "second": 38,
        "nano": 0
      }
    },
    "citySender": "Дніпро",
    "cityRecipient": "Київ"
  },
  {
    "number": 59000455815348,
    "dateTime": {
      "date": {
        "year": 2019,
        "month": 10,
        "day": 18
      },
      "time": {
        "hour": 9,
        "minute": 47,
        "second": 2,
        "nano": 0
      }
    },
    "citySender": "Київ",
    "cityRecipient": "Одеса"
  },
  {
    "number": 59000455815349,
    "dateTime": {
      "date": {
        "year": 2019,
        "month": 10,
        "day": 18
      },
      "time": {
        "hour": 9,
        "minute": 47,
        "second": 0,
        "nano": 0
      }
    },
    "citySender": "Немирів (Вінницька обл.)",
    "cityRecipient": "Київ"
  },
  {
    "number": 59000455815350,
    "dateTime": {
      "date": {
        "year": 2019,
        "month": 10,
        "day": 18
      },
      "time": {
        "hour": 9,
        "minute": 46,
        "second": 39,
        "nano": 0
      }
    },
    "citySender": "Ратне",
    "cityRecipient": "Одеса"
  },
  {
    "number": 59000455815351,
    "dateTime": {
      "date": {
        "year": 2019,
        "month": 10,
        "day": 18
      },
      "time": {
        "hour": 9,
        "minute": 46,
        "second": 48,
        "nano": 0
      }
    },
    "citySender": "Кам\u0027янка (Черкаська обл.)",
    "cityRecipient": "Харків"
  },
  {
    "number": 59000455815353,
    "dateTime": {
      "date": {
        "year": 2019,
        "month": 10,
        "day": 18
      },
      "time": {
        "hour": 9,
        "minute": 46,
        "second": 50,
        "nano": 0
      }
    },
    "citySender": "Київ",
    "cityRecipient": "Одеса"
  },
  {
    "number": 59000455815354,
    "dateTime": {
      "date": {
        "year": 2019,
        "month": 10,
        "day": 18
      },
      "time": {
        "hour": 9,
        "minute": 46,
        "second": 45,
        "nano": 0
      }
    },
    "citySender": "Радомишль",
    "cityRecipient": "Попасна"
  },
  {
    "number": 59000455815355,
    "dateTime": {
      "date": {
        "year": 2019,
        "month": 10,
        "day": 18
      },
      "time": {
        "hour": 9,
        "minute": 47,
        "second": 4,
        "nano": 0
      }
    },
    "citySender": "Кропивницький",
    "cityRecipient": "Київ"
  },
  {
    "number": 59000455815356,
    "dateTime": {
      "date": {
        "year": 2019,
        "month": 10,
        "day": 18
      },
      "time": {
        "hour": 9,
        "minute": 46,
        "second": 53,
        "nano": 0
      }
    },
    "citySender": "Біла Церква",
    "cityRecipient": "Вінниця"
  },
  {
    "number": 59000455815357,
    "dateTime": {
      "date": {
        "year": 2019,
        "month": 10,
        "day": 18
      },
      "time": {
        "hour": 9,
        "minute": 46,
        "second": 47,
        "nano": 0
      }
    },
    "citySender": "Новояворівськ",
    "cityRecipient": "Жовті Води"
  },
  {
    "number": 59000455815358,
    "dateTime": {
      "date": {
        "year": 2019,
        "month": 10,
        "day": 18
      },
      "time": {
        "hour": 9,
        "minute": 46,
        "second": 54,
        "nano": 0
      }
    },
    "citySender": "Маньківка",
    "cityRecipient": "Київ"
  },
  {
    "number": 59000455815359,
    "dateTime": {
      "date": {
        "year": 2019,
        "month": 10,
        "day": 18
      },
      "time": {
        "hour": 9,
        "minute": 46,
        "second": 40,
        "nano": 0
      }
    },
    "citySender": "Краматорськ",
    "cityRecipient": "Мелітополь"
  },
  {
    "number": 59000455815360,
    "dateTime": {
      "date": {
        "year": 2019,
        "month": 10,
        "day": 18
      },
      "time": {
        "hour": 9,
        "minute": 47,
        "second": 5,
        "nano": 0
      }
    },
    "citySender": "П\u0027ятихатки",
    "cityRecipient": "Київ"
  },
  {
    "number": 59000455815361,
    "dateTime": {
      "date": {
        "year": 2019,
        "month": 10,
        "day": 18
      },
      "time": {
        "hour": 9,
        "minute": 46,
        "second": 48,
        "nano": 0
      }
    },
    "citySender": "Ковель",
    "cityRecipient": "Рокитне (Рівненська обл., Рокитнівський р-н)"
  },
  {
    "number": 59000455815362,
    "dateTime": {
      "date": {
        "year": 2019,
        "month": 10,
        "day": 18
      },
      "time": {
        "hour": 9,
        "minute": 46,
        "second": 46,
        "nano": 0
      }
    },
    "citySender": "Київ",
    "cityRecipient": "Ананьїв"
  },
  {
    "number": 59000455815363,
    "dateTime": {
      "date": {
        "year": 2019,
        "month": 10,
        "day": 18
      },
      "time": {
        "hour": 9,
        "minute": 46,
        "second": 7,
        "nano": 0
      }
    },
    "citySender": "Одеса",
    "cityRecipient": "Херсон"
  },
  {
    "number": 59000455815364,
    "dateTime": {
      "date": {
        "year": 2019,
        "month": 10,
        "day": 18
      },
      "time": {
        "hour": 9,
        "minute": 47,
        "second": 7,
        "nano": 0
      }
    },
    "citySender": "Березне",
    "cityRecipient": "Київ"
  },
  {
    "number": 59000455815365,
    "dateTime": {
      "date": {
        "year": 2019,
        "month": 10,
        "day": 18
      },
      "time": {
        "hour": 9,
        "minute": 46,
        "second": 29,
        "nano": 0
      }
    },
    "citySender": "Коростишів",
    "cityRecipient": "Тернопіль"
  },
  {
    "number": 59000455815366,
    "dateTime": {
      "date": {
        "year": 2019,
        "month": 10,
        "day": 18
      },
      "time": {
        "hour": 9,
        "minute": 47,
        "second": 7,
        "nano": 0
      }
    },
    "citySender": "Ромни",
    "cityRecipient": "Дніпро"
  },
  {
    "number": 59000455815367,
    "dateTime": {
      "date": {
        "year": 2019,
        "month": 10,
        "day": 18
      },
      "time": {
        "hour": 9,
        "minute": 46,
        "second": 57,
        "nano": 0
      }
    },
    "citySender": "Долина",
    "cityRecipient": "Дніпро"
  },
  {
    "number": 59000455815368,
    "dateTime": {
      "date": {
        "year": 2019,
        "month": 10,
        "day": 18
      },
      "time": {
        "hour": 9,
        "minute": 45,
        "second": 48,
        "nano": 0
      }
    },
    "citySender": "Ходосівка",
    "cityRecipient": "Хмельницький"
  },
  {
    "number": 59000455815369,
    "dateTime": {
      "date": {
        "year": 2019,
        "month": 10,
        "day": 18
      },
      "time": {
        "hour": 9,
        "minute": 46,
        "second": 57,
        "nano": 0
      }
    },
    "citySender": "Ірпінь",
    "cityRecipient": "Корсунь-Шевченківський"
  },
  {
    "number": 59000455815370,
    "dateTime": {
      "date": {
        "year": 2019,
        "month": 10,
        "day": 18
      },
      "time": {
        "hour": 9,
        "minute": 47,
        "second": 4,
        "nano": 0
      }
    },
    "citySender": "Київ",
    "cityRecipient": "Сєвєродонецьк"
  },
  {
    "number": 59000455815371,
    "dateTime": {
      "date": {
        "year": 2019,
        "month": 10,
        "day": 18
      },
      "time": {
        "hour": 9,
        "minute": 46,
        "second": 31,
        "nano": 0
      }
    },
    "citySender": "Запоріжжя",
    "cityRecipient": "Якимівка (Запорізька обл.)"
  },
  {
    "number": 59000455815372,
    "dateTime": {
      "date": {
        "year": 2019,
        "month": 10,
        "day": 18
      },
      "time": {
        "hour": 9,
        "minute": 46,
        "second": 44,
        "nano": 0
      }
    },
    "citySender": "Івано-Франківськ",
    "cityRecipient": "Дніпро"
  },
  {
    "number": 59000455815373,
    "dateTime": {
      "date": {
        "year": 2019,
        "month": 10,
        "day": 18
      },
      "time": {
        "hour": 9,
        "minute": 46,
        "second": 35,
        "nano": 0
      }
    },
    "citySender": "Добропілля",
    "cityRecipient": "Одеса"
  },
  {
    "number": 59000455815374,
    "dateTime": {
      "date": {
        "year": 2019,
        "month": 10,
        "day": 18
      },
      "time": {
        "hour": 9,
        "minute": 47,
        "second": 3,
        "nano": 0
      }
    },
    "citySender": "Київ",
    "cityRecipient": "Київ"
  },
  {
    "number": 59000455815375,
    "dateTime": {
      "date": {
        "year": 2019,
        "month": 10,
        "day": 18
      },
      "time": {
        "hour": 9,
        "minute": 46,
        "second": 11,
        "nano": 0
      }
    },
    "citySender": "Ладижин",
    "cityRecipient": "Каланчак"
  },
  {
    "number": 59000455815376,
    "dateTime": {
      "date": {
        "year": 2019,
        "month": 10,
        "day": 18
      },
      "time": {
        "hour": 9,
        "minute": 47,
        "second": 8,
        "nano": 0
      }
    },
    "citySender": "Черкаси",
    "cityRecipient": "Черкаси"
  },
  {
    "number": 59000455815377,
    "dateTime": {
      "date": {
        "year": 2019,
        "month": 10,
        "day": 18
      },
      "time": {
        "hour": 9,
        "minute": 47,
        "second": 8,
        "nano": 0
      }
    },
    "citySender": "Обухів",
    "cityRecipient": "Деражня"
  },
  {
    "number": 59000455815378,
    "dateTime": {
      "date": {
        "year": 2019,
        "month": 10,
        "day": 18
      },
      "time": {
        "hour": 9,
        "minute": 45,
        "second": 32,
        "nano": 0
      }
    },
    "citySender": "Кременчук",
    "cityRecipient": "Полтава"
  }
]