[
  {
    "number": 59000455833067,
    "dateTime": {
      "date": {
        "year": 2019,
        "month": 10,
        "day": 18
      },
      "time": {
        "hour": 10,
        "minute": 45,
        "second": 1,
        "nano": 0
      }
    },
    "citySender": "Підволочиськ",
    "cityRecipient": "Івано-Франківськ"
  },
  {
    "number": 59000455833069,
    "dateTime": {
      "date": {
        "year": 2019,
        "month": 10,
        "day": 18
      },
      "time": {
        "hour": 10,
        "minute": 44,
        "second": 35,
        "nano": 0
      }
    },
    "citySender": "Миронівка",
    "cityRecipient": "Березоточа"
  },
  {
    "number": 59000455833071,
    "dateTime": {
      "date": {
        "year": 2019,
        "month": 10,
        "day": 18
      },
      "time": {
        "hour": 10,
        "minute": 43,
        "second": 33,
        "nano": 0
      }
    },
    "citySender": "Лисичанськ",
    "cityRecipient": "Київ"
  },
  {
    "number": 59000455833072,
    "dateTime": {
      "date": {
        "year": 2019,
        "month": 10,
        "day": 18
      },
      "time": {
        "hour": 10,
        "minute": 44,
        "second": 59,
        "nano": 0
      }
    },
    "citySender": "Київ",
    "cityRecipient": "Костопіль"
  },
  {
    "number": 59000455833073,
    "dateTime": {
      "date": {
        "year": 2019,
        "month": 10,
        "day": 18
      },
      "time": {
        "hour": 10,
        "minute": 45,
        "second": 14,
        "nano": 0
      }
    },
    "citySender": "Ізяслав",
    "cityRecipient": "Горохів"
  },
  {
    "number": 59000455833074,
    "dateTime": {
      "date": {
        "year": 2019,
        "month": 10,
        "day": 18
      },
      "time": {
        "hour": 10,
        "minute": 44,
        "second": 30,
        "nano": 0
      }
    },
    "citySender": "Біла Церква",
    "cityRecipient": "Львів"
  },
  {
    "number": 59000455833075,
    "dateTime": {
      "date": {
        "year": 2019,
        "month": 10,
        "day": 18
      },
      "time": {
        "hour": 10,
        "minute": 45,
        "second": 5,
        "nano": 0
      }
    },
    "citySender": "Львів",
    "cityRecipient": "Київ"
  },
  {
    "number": 59000455833077,
    "dateTime": {
      "date": {
        "year": 2019,
        "month": 10,
        "day": 18
      },
      "time": {
        "hour": 10,
        "minute": 44,
        "second": 49,
        "nano": 0
      }
    },
    "citySender": "Яремче",
    "cityRecipient": "Українка"
  },
  {
    "number": 59000455833078,
    "dateTime": {
      "date": {
        "year": 2019,
        "month": 10,
        "day": 18
      },
      "time": {
        "hour": 10,
        "minute": 45,
        "second": 10,
        "nano": 0
      }
    },
    "citySender": "Харків",
    "cityRecipient": "Тульчин"
  },
  {
    "number": 59000455833079,
    "dateTime": {
      "date": {
        "year": 2019,
        "month": 10,
        "day": 18
      },
      "time": {
        "hour": 10,
        "minute": 44,
        "second": 18,
        "nano": 0
      }
    },
    "citySender": "Київ",
    "cityRecipient": "Покровське (Артемівський р-н) "
  },
  {
    "number": 59000455833080,
    "dateTime": {
      "date": {
        "year": 2019,
        "month": 10,
        "day": 18
      },
      "time": {
        "hour": 10,
        "minute": 44,
        "second": 44,
        "nano": 0
      }
    },
    "citySender": "Мелітополь",
    "cityRecipient": "Київ"
  },
  {
    "number": 59000455833081,
    "dateTime": {
      "date": {
        "year": 2019,
        "month": 10,
        "day": 18
      },
      "time": {
        "hour": 10,
        "minute": 44,
        "second": 51,
        "nano": 0
      }
    },
    "citySender": "Івано-Франківськ",
    "cityRecipient": "Чернівці"
  },
  {
    "number": 59000455833082,
    "dateTime": {
      "date": {
        "year": 2019,
        "month": 10,
        "day": 18
      },
      "time": {
        "hour": 10,
        "minute": 43,
        "second": 32,
        "nano": 0
      }
    },
    "citySender": "Сартана (Донецька обл.)",
    "cityRecipient": "Київ"
  },
  {
    "number": 59000455833083,
    "dateTime": {
      "date": {
        "year": 2019,
        "month": 10,
        "day": 18
      },
      "time": {
        "hour": 10,
        "minute": 44,
        "second": 59,
        "nano": 0
      }
    },
    "citySender": "Авіаторське",
    "cityRecipient": "Краматорськ"
  },
  {
    "number": 59000455833087,
    "dateTime": {
      "date": {
        "year": 2019,
        "month": 10,
        "day": 18
      },
      "time": {
        "hour": 10,
        "minute": 44,
        "second": 38,
        "nano": 0
      }
    },
    "citySender": "Красилів",
    "cityRecipient": "Євгенівка"
  },
  {
    "number": 59000455833088,
    "dateTime": {
      "date": {
        "year": 2019,
        "month": 10,
        "day": 18
      },
      "time": {
        "hour": 10,
        "minute": 45,
        "second": 18,
        "nano": 0
      }
    },
    "citySender": "Калуш",
    "cityRecipient": "Київ"
  },
  {
    "number": 59000455833089,
    "dateTime": {
      "date": {
        "year": 2019,
        "month": 10,
        "day": 18
      },
      "time": {
        "hour": 10,
        "minute": 45,
        "second": 14,
        "nano": 0
      }
    },
    "citySender": "Маріуполь",
    "cityRecipient": "Львів"
  },
  {
    "number": 59000455833090,
    "dateTime": {
      "date": {
        "year": 2019,
        "month": 10,
        "day": 18
      },
      "time": {
        "hour": 10,
        "minute": 44,
        "second": 41,
        "nano": 0
      }
    },
    "citySender": "Одеса",
    "cityRecipient": "Київ"
  },
  {
    "number": 59000455833091,
    "dateTime": {
      "date": {
        "year": 2019,
        "month": 10,
        "day": 18
      },
      "time": {
        "hour": 10,
        "minute": 44,
        "second": 59,
        "nano": 0
      }
    },
    "citySender": "Борова (Київська обл.)",
    "cityRecipient": "Токмак"
  },
  {
    "number": 59000455833092,
    "dateTime": {
      "date": {
        "year": 2019,
        "month": 10,
        "day": 18
      },
      "time": {
        "hour": 10,
        "minute": 45,
        "second": 19,
        "nano": 0
      }
    },
    "citySender": "Зеленогірське",
    "cityRecipient": "Харків"
  },
  {
    "number": 59000455833093,
    "dateTime": {
      "date": {
        "year": 2019,
        "month": 10,
        "day": 18
      },
      "time": {
        "hour": 10,
        "minute": 44,
        "second": 50,
        "nano": 0
      }
    },
    "citySender": "Мелітополь",
    "cityRecipient": "Покров (Дніпропетровська обл.)"
  },
  {
    "number": 59000455833094,
    "dateTime": {
      "date": {
        "year": 2019,
        "month": 10,
        "day": 18
      },
      "time": {
        "hour": 10,
        "minute": 44,
        "second": 58,
        "nano": 0
      }
    },
    "citySender": "Київ",
    "cityRecipient": "Київ"
  },
  {
    "number": 59000455833095,
    "dateTime": {
      "date": {
        "year": 2019,
        "month": 10,
        "day": 18
      },
      "time": {
        "hour": 10,
        "minute": 45,
        "second": 16,
        "nano": 0
      }
    },
    "citySender": "Компаніївка",
    "cityRecipient": "Смоліне"
  },
  {
    "number": 59000455833096,
    "dateTime": {
      "date": {
        "year": 2019,
        "month": 10,
        "day": 18
      },
      "time": {
        "hour": 10,
        "minute": 43,
        "second": 56,
        "nano": 0
      }
    },
    "citySender": "Харків",
    "cityRecipient": "Слов\u0027янськ"
  },
  {
    "number": 59000455833097,
    "dateTime": {
      "date": {
        "year": 2019,
        "month": 10,
        "day": 18
      },
      "time": {
        "hour": 10,
        "minute": 44,
        "second": 34,
        "nano": 0
      }
    },
    "citySender": "Покров (Дніпропетровська обл.)",
    "cityRecipient": "Київ"
  },
  {
    "number": 59000455833098,
    "dateTime": {
      "date": {
        "year": 2019,
        "month": 10,
        "day": 18
      },
      "time": {
        "hour": 10,
        "minute": 45,
        "second": 2,
        "nano": 0
      }
    },
    "citySender": "Дніпро",
    "cityRecipient": "Тернопіль"
  },
  {
    "number": 59000455833099,
    "dateTime": {
      "date": {
        "year": 2019,
        "month": 10,
        "day": 18
      },
      "time": {
        "hour": 10,
        "minute": 45,
        "second": 5,
        "nano": 0
      }
    },
    "citySender": "Жмеринка",
    "cityRecipient": "Миколаїв"
  },
  {
    "number": 59000455833100,
    "dateTime": {
      "date": {
        "year": 2019,
        "month": 10,
        "day": 18
      },
      "time": {
        "hour": 10,
        "minute": 45,
        "second": 7,
        "nano": 0
      }
    },
    "citySender": "Коломия",
    "cityRecipient": "Запоріжжя"
  },
  {
    "number": 59000455833101,
    "dateTime": {
      "date": {
        "year": 2019,
        "month": 10,
        "day": 18
      },
      "time": {
        "hour": 10,
        "minute": 43,
        "second": 23,
        "nano": 0
      }
    },
    "citySender": "Харків",
    "cityRecipient": "Знаменівка (Новомосковський р-н)"
  },
  {
    "number": 59000455833102,
    "dateTime": {
      "date": {
        "year": 2019,
        "month": 10,
        "day": 18
      },
      "time": {
        "hour": 10,
        "minute": 45,
        "second": 18,
        "nano": 0
      }
    },
    "citySender": "Косів",
    "cityRecipient": "Полігон"
  },
  {
    "number": 59000455833103,
    "dateTime": {
      "date": {
        "year": 2019,
        "month": 10,
        "day": 18
      },
      "time": {
        "hour": 10,
        "minute": 44,
        "second": 31,
        "nano": 0
      }
    },
    "citySender": "Чернігів",
    "cityRecipient": "Черкаси"
  },
  {
    "number": 59000455833104,
    "dateTime": {
      "date": {
        "year": 2019,
        "month": 10,
        "day": 18
      },
      "time": {
        "hour": 10,
        "minute": 45,
        "second": 13,
        "nano": 0
      }
    },
    "citySender": "Баштанка",
    "cityRecipient": "Вознесенськ"
  },
  {
    "number": 59000455833105,
    "dateTime": {
      "date": {
        "year": 2019,
        "month": 10,
        "day": 18
      },
      "time": {
        "hour": 10,
        "minute": 43,
        "second": 59,
        "nano": 0
      }
    },
    "citySender": "Криве Озеро",
    "cityRecipient": "Ольшанське"
  },
  {
    "number": 59000455833106,
    "dateTime": {
      "date": {
        "year": 2019,
        "month": 10,
        "day": 18
      },
      "time": {
        "hour": 10,
        "minute": 44,
        "second": 56,
        "nano": 0
      }
    },
    "citySender": "Коломия",
    "cityRecipient": "Вінниця"
  },
  {
    "number": 59000455833107,
    "dateTime": {
      "date": {
        "year": 2019,
        "month": 10,
        "day": 18
      },
      "time": {
        "hour": 10,
        "minute": 44,
        "second": 44,
        "nano": 0
      }
    },
    "citySender": "Харків",
    "cityRecipient": "Виноградів"
  },
  {
    "number": 59000455833108,
    "dateTime": {
      "date": {
        "year": 2019,
        "month": 10,
        "day": 18
      },
      "time": {
        "hour": 10,
        "minute": 44,
        "second": 56,
        "nano": 0
      }
    },
    "citySender": "Чугуїв",
    "cityRecipient": "Київ"
  },
  {
    "number": 59000455833109,
    "dateTime": {
      "date": {
        "year": 2019,
        "month": 10,
        "day": 18
      },
      "time": {
        "hour": 10,
        "minute": 45,
        "second": 14,
        "nano": 0
      }
    },
    "citySender": "Одеса",
    "cityRecipient": "Стрий"
  },
  {
    "number": 59000455833110,
    "dateTime": {
      "date": {
        "year": 2019,
        "month": 10,
        "day": 18
      },
      "time": {
        "hour": 10,
        "minute": 43,
        "second": 50,
        "nano": 0
      }
    },
    "citySender": "Любимівка (Каховський р-н)",
    "cityRecipient": "Партизанське (Дніпропетров.р-н)"
  },
  {
    "number": 59000455833111,
    "dateTime": {
      "date": {
        "year": 2019,
        "month": 10,
        "day": 18
      },
      "time": {
        "hour": 10,
        "minute": 43,
        "second": 29,
        "nano": 0
      }
    },
    "citySender": "Межова",
    "cityRecipient": "Коцюбинське"
  },
  {
    "number": 59000455833113,
    "dateTime": {
      "date": {
        "year": 2019,
        "month": 10,
        "day": 18
      },
      "time": {
        "hour": 10,
        "minute": 44,
        "second": 54,
        "nano": 0
      }
    },
    "citySender": "Олександрія (м.Кіровогр.обл.райц)",
    "cityRecipient": "Старобільськ"
  },
  {
    "number": 59000455833114,
    "dateTime": {
      "date": {
        "year": 2019,
        "month": 10,
        "day": 18
      },
      "time": {
        "hour": 10,
        "minute": 45,
        "second": 10,
        "nano": 0
      }
    },
    "citySender": "Харків",
    "cityRecipient": "Полтава"
  },
  {
    "number": 59000455833115,
    "dateTime": {
      "date": {
        "year": 2019,
        "month": 10,
        "day": 18
      },
      "time": {
        "hour": 10,
        "minute": 45,
        "second": 3,
        "nano": 0
      }
    },
    "citySender": "П\u0027ятихатки",
    "cityRecipient": "Київ"
  },
  {
    "number": 59000455833116,
    "dateTime": {
      "date": {
        "year": 2019,
        "month": 10,
        "day": 18
      },
      "time": {
        "hour": 10,
        "minute": 45,
        "second": 23,
        "nano": 0
      }
    },
    "citySender": "Херсон",
    "cityRecipient": "Ірпінь"
  },
  {
    "number": 59000455833117,
    "dateTime": {
      "date": {
        "year": 2019,
        "month": 10,
        "day": 18
      },
      "time": {
        "hour": 10,
        "minute": 44,
        "second": 59,
        "nano": 0
      }
    },
    "citySender": "Старокостянтинів",
    "cityRecipient": "Біла Церква"
  },
  {
    "number": 59000455833118,
    "dateTime": {
      "date": {
        "year": 2019,
        "month": 10,
        "day": 18
      },
      "time": {
        "hour": 10,
        "minute": 45,
        "second": 0,
        "nano": 0
      }
    },
    "citySender": "Карлівка",
    "cityRecipient": "Тальне"
  },
  {
    "number": 59000455833119,
    "dateTime": {
      "date": {
        "year": 2019,
        "month": 10,
        "day": 18
      },
      "time": {
        "hour": 10,
        "minute": 45,
        "second": 20,
        "nano": 0
      }
    },
    "citySender": "Доброслав",
    "cityRecipient": "Турбів"
  },
  {
    "number": 59000455833120,
    "dateTime": {
      "date": {
        "year": 2019,
        "month": 10,
        "day": 18
      },
      "time": {
        "hour": 10,
        "minute": 45,
        "second": 13,
        "nano": 0
      }
    },
    "citySender": "Чернівці",
    "cityRecipient": "Київ"
  },
  {
    "number": 59000455833121,
    "dateTime": {
      "date": {
        "year": 2019,
        "month": 10,
        "day": 18
      },
      "time": {
        "hour": 10,
        "minute": 41,
        "second": 50,
        "nano": 0
      }
    },
    "citySender": "Житомир",
    "cityRecipient": "Більшівці"
  },
  {
    "number": 59000455833122,
    "dateTime": {
      "date": {
        "year": 2019,
        "month": 10,
        "day": 18
      },
      "time": {
        "hour": 10,
        "minute": 45,
        "second": 24,
        "nano": 0
      }
    },
    "citySender": "Жовква",
    "cityRecipient": "Чернігів"
  },
  {
    "number": 59000455833123,
    "dateTime": {
      "date": {
        "year": 2019,
        "month": 10,
        "day": 18
      },
      "time": {
        "hour": 10,
        "minute": 45,
        "second": 13,
        "nano": 0
      }
    },
    "citySender": "Броди",
    "cityRecipient": "Авіаторське"
  },
  {
    "number": 59000455833124,
    "dateTime": {
      "date": {
        "year": 2019,
        "month": 10,
        "day": 18
      },
      "time": {
        "hour": 10,
        "minute": 45,
        "second": 0,
        "nano": 0
      }
    },
    "citySender": "Моршин",
    "cityRecipient": "Київ"
  },
  {
    "number": 59000455833125,
    "dateTime": {
      "date": {
        "year": 2019,
        "month": 10,
        "day": 18
      },
      "time": {
        "hour": 10,
        "minute": 44,
        "second": 36,
        "nano": 0
      }
    },
    "citySender": "Кропивницький",
    "cityRecipient": "Київ"
  },
  {
    "number": 59000455833126,
    "dateTime": {
      "date": {
        "year": 2019,
        "month": 10,
        "day": 18
      },
      "time": {
        "hour": 10,
        "minute": 45,
        "second": 6,
        "nano": 0
      }
    },
    "citySender": "Одеса",
    "cityRecipient": "Одеса"
  },
  {
    "number": 59000455833127,
    "dateTime": {
      "date": {
        "year": 2019,
        "month": 10,
        "day": 18
      },
      "time": {
        "hour": 10,
        "minute": 45,
        "second": 24,
        "nano": 0
      }
    },
    "citySender": "Бровари",
    "cityRecipient": "Київ"
  },
  {
    "number": 59000455833128,
    "dateTime": {
      "date": {
        "year": 2019,
        "month": 10,
        "day": 18
      },
      "time": {
        "hour": 10,
        "minute": 44,
        "second": 20,
        "nano": 0
      }
    },
    "citySender": "Калинівка (Вінницька обл., Калинівський р-н)",
    "cityRecipient": "Запоріжжя"
  },
  {
    "number": 59000455833129,
    "dateTime": {
      "date": {
        "year": 2019,
        "month": 10,
        "day": 18
      },
      "time": {
        "hour": 10,
        "minute": 45,
        "second": 21,
        "nano": 0
      }
    },
    "citySender": "Луцьк",
    "cityRecipient": "Нова Ушиця"
  },
  {
    "number": 59000455833130,
    "dateTime": {
      "date": {
        "year": 2019,
        "month": 10,
        "day": 18
      },
      "time": {
        "hour": 10,
        "minute": 45,
        "second": 3,
        "nano": 0
      }
    },
    "citySender": "Курахове",
    "cityRecipient": "Київ"
  },
  {
    "number": 59000455833131,
    "dateTime": {
      "date": {
        "year": 2019,
        "month": 10,
        "day": 18
      },
      "time": {
        "hour": 10,
        "minute": 44,
        "second": 36,
        "nano": 0
      }
    },
    "citySender": "Лебедин (Сумська обл.)",
    "cityRecipient": "Київ"
  },
  {
    "number": 59000455833132,
    "dateTime": {
      "date": {
        "year": 2019,
        "month": 10,
        "day": 18
      },
      "time": {
        "hour": 10,
        "minute": 45,
        "second": 25,
        "nano": 0
      }
    },
    "citySender": "Велика Михайлівка",
    "cityRecipient": "Львів"
  },
  {
    "number": 59000455833134,
    "dateTime": {
      "date": {
        "year": 2019,
        "month": 10,
        "day": 18
      },
      "time": {
        "hour": 10,
        "minute": 44,
        "second": 59,
        "nano": 0
      }
    },
    "citySender": "Харків",
    "cityRecipient": "Дніпро"
  },
  {
    "number": 59000455833135,
    "dateTime": {
      "date": {
        "year": 2019,
        "month": 10,
        "day": 18
      },
      "time": {
        "hour": 10,
        "minute": 44,
        "second": 35,
        "nano": 0
      }
    },
    "citySender": "Тернівка",
    "cityRecipient": "Меденичі"
  },
  {
    "number": 59000455833136,
    "dateTime": {
      "date": {
        "year": 2019,
        "month": 10,
        "day": 18
      },
      "time": {
        "hour": 10,
        "minute": 45,
        "second": 23,
        "nano": 0
      }
    },
    "citySender": "Вишневе",
    "cityRecipient": "Слов\u0027янськ"
  },
  {
    "number": 59000455833137,
    "dateTime": {
      "date": {
        "year": 2019,
        "month": 10,
        "day": 18
      },
      "time": {
        "hour": 10,
        "minute": 43,
        "second": 38,
        "nano": 0
      }
    },
    "citySender": "Чорнобай",
    "cityRecipient": "Київ"
  },
  {
    "number": 59000455833138,
    "dateTime": {
      "date": {
        "year": 2019,
        "month": 10,
        "day": 18
      },
      "time": {
        "hour": 10,
        "minute": 45,
        "second": 20,
        "nano": 0
      }
    },
    "citySender": "Київ",
    "cityRecipient": "Одеса"
  },
  {
    "number": 59000455833139,
    "dateTime": {
      "date": {
        "year": 2019,
        "month": 10,
        "day": 18
      },
      "time": {
        "hour": 10,
        "minute": 45,
        "second": 21,
        "nano": 0
      }
    },
    "citySender": "Дніпро",
    "cityRecipient": "Харків"
  },
  {
    "number": 59000455833140,
    "dateTime": {
      "date": {
        "year": 2019,
        "month": 10,
        "day": 18
      },
      "time": {
        "hour": 10,
        "minute": 44,
        "second": 34,
        "nano": 0
      }
    },
    "citySender": "Маріуполь",
    "cityRecipient": "Київ"
  },
  {
    "number": 59000455833141,
    "dateTime": {
      "date": {
        "year": 2019,
        "month": 10,
        "day": 18
      },
      "time": {
        "hour": 10,
        "minute": 45,
        "second": 30,
        "nano": 0
      }
    },
    "citySender": "Луків",
    "cityRecipient": "Шепетівка"
  },
  {
    "number": 59000455833142,
    "dateTime": {
      "date": {
        "year": 2019,
        "month": 10,
        "day": 18
      },
      "time": {
        "hour": 10,
        "minute": 44,
        "second": 30,
        "nano": 0
      }
    },
    "citySender": "Кремінна",
    "cityRecipient": "Харків"
  },
  {
    "number": 59000455833143,
    "dateTime": {
      "date": {
        "year": 2019,
        "month": 10,
        "day": 18
      },
      "time": {
        "hour": 10,
        "minute": 45,
        "second": 20,
        "nano": 0
      }
    },
    "citySender": "Черкаси",
    "cityRecipient": "Черкаси"
  },
  {
    "number": 59000455833144,
    "dateTime": {
      "date": {
        "year": 2019,
        "month": 10,
        "day": 18
      },
      "time": {
        "hour": 10,
        "minute": 45,
        "second": 9,
        "nano": 0
      }
    },
    "citySender": "Суми",
    "cityRecipient": "Бердянськ"
  },
  {
    "number": 59000455833145,
    "dateTime": {
      "date": {
        "year": 2019,
        "month": 10,
        "day": 18
      },
      "time": {
        "hour": 10,
        "minute": 44,
        "second": 55,
        "nano": 0
      }
    },
    "citySender": "Велика Виска (Маловисківський р-н.)",
    "cityRecipient": "Ніжин"
  },
  {
    "number": 59000455833146,
    "dateTime": {
      "date": {
        "year": 2019,
        "month": 10,
        "day": 18
      },
      "time": {
        "hour": 10,
        "minute": 45,
        "second": 21,
        "nano": 0
      }
    },
    "citySender": "Львів",
    "cityRecipient": "Костопіль"
  },
  {
    "number": 59000455833147,
    "dateTime": {
      "date": {
        "year": 2019,
        "month": 10,
        "day": 18
      },
      "time": {
        "hour": 10,
        "minute": 41,
        "second": 44,
        "nano": 0
      }
    },
    "citySender": "Новомосковськ",
    "cityRecipient": "Львів"
  },
  {
    "number": 59000455833148,
    "dateTime": {
      "date": {
        "year": 2019,
        "month": 10,
        "day": 18
      },
      "time": {
        "hour": 10,
        "minute": 45,
        "second": 23,
        "nano": 0
      }
    },
    "citySender": "Київ",
    "cityRecipient": "Івано-Франківськ"
  },
  {
    "number": 59000455833149,
    "dateTime": {
      "date": {
        "year": 2019,
        "month": 10,
        "day": 18
      },
      "time": {
        "hour": 10,
        "minute": 45,
        "second": 16,
        "nano": 0
      }
    },
    "citySender": "Кам\u0027янське(Дніпропетровська обл)",
    "cityRecipient": "Хмельницький"
  },
  {
    "number": 59000455833150,
    "dateTime": {
      "date": {
        "year": 2019,
        "month": 10,
        "day": 18
      },
      "time": {
        "hour": 10,
        "minute": 44,
        "second": 54,
        "nano": 0
      }
    },
    "citySender": "Одеса",
    "cityRecipient": "Криве Озеро"
  },
  {
    "number": 59000455833151,
    "dateTime": {
      "date": {
        "year": 2019,
        "month": 10,
        "day": 18
      },
      "time": {
        "hour": 10,
        "minute": 45,
        "second": 2,
        "nano": 0
      }
    },
    "citySender": "Лисичанськ",
    "cityRecipient": "Київ"
  },
  {
    "number": 59000455833152,
    "dateTime": {
      "date": {
        "year": 2019,
        "month": 10,
        "day": 18
      },
      "time": {
        "hour": 10,
        "minute": 44,
        "second": 55,
        "nano": 0
      }
    },
    "citySender": "Харків",
    "cityRecipient": "Маріуполь"
  },
  {
    "number": 59000455833153,
    "dateTime": {
      "date": {
        "year": 2019,
        "month": 10,
        "day": 18
      },
      "time": {
        "hour": 10,
        "minute": 45,
        "second": 11,
        "nano": 0
      }
    },
    "citySender": "Володимирівське",
    "cityRecipient": "Токмак"
  },
  {
    "number": 59000455833154,
    "dateTime": {
      "date": {
        "year": 2019,
        "month": 10,
        "day": 18
      },
      "time": {
        "hour": 10,
        "minute": 44,
        "second": 35,
        "nano": 0
      }
    },
    "citySender": "Харків",
    "cityRecipient": "Жидачів"
  },
  {
    "number": 59000455833156,
    "dateTime": {
      "date": {
        "year": 2019,
        "month": 10,
        "day": 18
      },
      "time": {
        "hour": 10,
        "minute": 44,
        "second": 59,
        "nano": 0
      }
    },
    "citySender": "Виноградів",
    "cityRecipient": "Узин"
  },
  {
    "number": 59000455833157,
    "dateTime": {
      "date": {
        "year": 2019,
        "month": 10,
        "day": 18
      },
      "time": {
        "hour": 10,
        "minute": 45,
        "second": 11,
        "nano": 0
      }
    },
    "citySender": "Київ",
    "cityRecipient": "Київ"
  },
  {
    "number": 59000455833158,
    "dateTime": {
      "date": {
        "year": 2019,
        "month": 10,
        "day": 18
      },
      "time": {
        "hour": 10,
        "minute": 45,
        "second": 8,
        "nano": 0
      }
    },
    "citySender": "Бровари",
    "cityRecipient": "Бориспіль"
  },
  {
    "number": 59000455833159,
    "dateTime": {
      "date": {
        "year": 2019,
        "month": 10,
        "day": 18
      },
      "time": {
        "hour": 10,
        "minute": 45,
        "second": 11,
        "nano": 0
      }
    },
    "citySender": "Яготин",
    "cityRecipient": "Миколаїв"
  },
  {
    "number": 59000455833160,
    "dateTime": {
      "date": {
        "year": 2019,
        "month": 10,
        "day": 18
      },
      "time": {
        "hour": 10,
        "minute": 45,
        "second": 34,
        "nano": 0
      }
    },
    "citySender": "Кам\u0027янське(Дніпропетровська обл)",
    "cityRecipient": "Київ"
  },
  {
    "number": 59000455833161,
    "dateTime": {
      "date": {
        "year": 2019,
        "month": 10,
        "day": 18
      },
      "time": {
        "hour": 10,
        "minute": 44,
        "second": 23,
        "nano": 0
      }
    },
    "citySender": "Березове",
    "cityRecipient": "Городище (Черкаська обл.)"
  },
  {
    "number": 59000455833162,
    "dateTime": {
      "date": {
        "year": 2019,
        "month": 10,
        "day": 18
      },
      "time": {
        "hour": 10,
        "minute": 44,
        "second": 32,
        "nano": 0
      }
    },
    "citySender": "Тячів",
    "cityRecipient": "Костопіль"
  },
  {
    "number": 59000455833163,
    "dateTime": {
      "date": {
        "year": 2019,
        "month": 10,
        "day": 18
      },
      "time": {
        "hour": 10,
        "minute": 44,
        "second": 43,
        "nano": 0
      }
    },
    "citySender": "Липова Долина",
    "cityRecipient": "Вінниця"
  },
  {
    "number": 59000455833164,
    "dateTime": {
      "date": {
        "year": 2019,
        "month": 10,
        "day": 18
      },
      "time": {
        "hour": 10,
        "minute": 45,
        "second": 21,
        "nano": 0
      }
    },
    "citySender": "Рубіжне",
    "cityRecipient": "Кам\u0027янське(Дніпропетровська обл)"
  },
  {
    "number": 59000455833165,
    "dateTime": {
      "date": {
        "year": 2019,
        "month": 10,
        "day": 18
      },
      "time": {
        "hour": 10,
        "minute": 45,
        "second": 19,
        "nano": 0
      }
    },
    "citySender": "Кривий Ріг",
    "cityRecipient": "Запоріжжя"
  },
  {
    "number": 59000455833166,
    "dateTime": {
      "date": {
        "year": 2019,
        "month": 10,
        "day": 18
      },
      "time": {
        "hour": 10,
        "minute": 44,
        "second": 14,
        "nano": 0
      }
    },
    "citySender": "Кропивницький",
    "cityRecipient": "Світловодськ"
  }
]