[
  {
    "number": 59000455808584,
    "dateTime": {
      "date": {
        "year": 2019,
        "month": 10,
        "day": 18
      },
      "time": {
        "hour": 9,
        "minute": 22,
        "second": 48,
        "nano": 0
      }
    },
    "citySender": "Кременчук",
    "cityRecipient": "Дніпро"
  },
  {
    "number": 59000455808585,
    "dateTime": {
      "date": {
        "year": 2019,
        "month": 10,
        "day": 18
      },
      "time": {
        "hour": 9,
        "minute": 23,
        "second": 7,
        "nano": 0
      }
    },
    "citySender": "Винники",
    "cityRecipient": "Одеса"
  },
  {
    "number": 59000455808586,
    "dateTime": {
      "date": {
        "year": 2019,
        "month": 10,
        "day": 18
      },
      "time": {
        "hour": 9,
        "minute": 21,
        "second": 27,
        "nano": 0
      }
    },
    "citySender": "Миколаїв",
    "cityRecipient": "Нікополь (Дніпропетровська обл.)"
  },
  {
    "number": 59000455808587,
    "dateTime": {
      "date": {
        "year": 2019,
        "month": 10,
        "day": 18
      },
      "time": {
        "hour": 9,
        "minute": 23,
        "second": 7,
        "nano": 0
      }
    },
    "citySender": "Дніпро",
    "cityRecipient": "Тетіїв"
  },
  {
    "number": 59000455808588,
    "dateTime": {
      "date": {
        "year": 2019,
        "month": 10,
        "day": 18
      },
      "time": {
        "hour": 9,
        "minute": 23,
        "second": 1,
        "nano": 0
      }
    },
    "citySender": "Київ",
    "cityRecipient": "Харків"
  },
  {
    "number": 59000455808589,
    "dateTime": {
      "date": {
        "year": 2019,
        "month": 10,
        "day": 18
      },
      "time": {
        "hour": 9,
        "minute": 23,
        "second": 8,
        "nano": 0
      }
    },
    "citySender": "Долина",
    "cityRecipient": "Нова Каховка"
  },
  {
    "number": 59000455808590,
    "dateTime": {
      "date": {
        "year": 2019,
        "month": 10,
        "day": 18
      },
      "time": {
        "hour": 9,
        "minute": 23,
        "second": 16,
        "nano": 0
      }
    },
    "citySender": "Хорол",
    "cityRecipient": "Варва"
  },
  {
    "number": 59000455808591,
    "dateTime": {
      "date": {
        "year": 2019,
        "month": 10,
        "day": 18
      },
      "time": {
        "hour": 9,
        "minute": 22,
        "second": 10,
        "nano": 0
      }
    },
    "citySender": "Богуслав (Київська обл.)",
    "cityRecipient": "Дніпро"
  },
  {
    "number": 59000455808592,
    "dateTime": {
      "date": {
        "year": 2019,
        "month": 10,
        "day": 18
      },
      "time": {
        "hour": 9,
        "minute": 23,
        "second": 13,
        "nano": 0
      }
    },
    "citySender": "Южне",
    "cityRecipient": "Запоріжжя"
  },
  {
    "number": 59000455808593,
    "dateTime": {
      "date": {
        "year": 2019,
        "month": 10,
        "day": 18
      },
      "time": {
        "hour": 9,
        "minute": 23,
        "second": 5,
        "nano": 0
      }
    },
    "citySender": "Бершадь",
    "cityRecipient": "Чуднів"
  },
  {
    "number": 59000455808594,
    "dateTime": {
      "date": {
        "year": 2019,
        "month": 10,
        "day": 18
      },
      "time": {
        "hour": 9,
        "minute": 23,
        "second": 18,
        "nano": 0
      }
    },
    "citySender": "Решетилівка",
    "cityRecipient": "Київ"
  },
  {
    "number": 59000455808595,
    "dateTime": {
      "date": {
        "year": 2019,
        "month": 10,
        "day": 18
      },
      "time": {
        "hour": 9,
        "minute": 23,
        "second": 19,
        "nano": 0
      }
    },
    "citySender": "Дніпро",
    "cityRecipient": "Харків"
  },
  {
    "number": 59000455808596,
    "dateTime": {
      "date": {
        "year": 2019,
        "month": 10,
        "day": 18
      },
      "time": {
        "hour": 9,
        "minute": 22,
        "second": 59,
        "nano": 0
      }
    },
    "citySender": "Новотроїцьке (Херсонська обл.)",
    "cityRecipient": "Харків"
  },
  {
    "number": 59000455808597,
    "dateTime": {
      "date": {
        "year": 2019,
        "month": 10,
        "day": 18
      },
      "time": {
        "hour": 9,
        "minute": 22,
        "second": 50,
        "nano": 0
      }
    },
    "citySender": "Цибулів",
    "cityRecipient": "Харків"
  },
  {
    "number": 59000455808598,
    "dateTime": {
      "date": {
        "year": 2019,
        "month": 10,
        "day": 18
      },
      "time": {
        "hour": 9,
        "minute": 23,
        "second": 15,
        "nano": 0
      }
    },
    "citySender": "Нікополь (Дніпропетровська обл.)",
    "cityRecipient": "Бровари"
  },
  {
    "number": 59000455808599,
    "dateTime": {
      "date": {
        "year": 2019,
        "month": 10,
        "day": 18
      },
      "time": {
        "hour": 9,
        "minute": 22,
        "second": 47,
        "nano": 0
      }
    },
    "citySender": "Красногорівка",
    "cityRecipient": "Миколаїв"
  },
  {
    "number": 59000455808600,
    "dateTime": {
      "date": {
        "year": 2019,
        "month": 10,
        "day": 18
      },
      "time": {
        "hour": 9,
        "minute": 23,
        "second": 15,
        "nano": 0
      }
    },
    "citySender": "Дніпро",
    "cityRecipient": "Біла Церква"
  },
  {
    "number": 59000455808601,
    "dateTime": {
      "date": {
        "year": 2019,
        "month": 10,
        "day": 18
      },
      "time": {
        "hour": 9,
        "minute": 22,
        "second": 56,
        "nano": 0
      }
    },
    "citySender": "Київ",
    "cityRecipient": "Чернівці"
  },
  {
    "number": 59000455808602,
    "dateTime": {
      "date": {
        "year": 2019,
        "month": 10,
        "day": 18
      },
      "time": {
        "hour": 9,
        "minute": 22,
        "second": 55,
        "nano": 0
      }
    },
    "citySender": "Луцьк",
    "cityRecipient": "Рівне"
  },
  {
    "number": 59000455808603,
    "dateTime": {
      "date": {
        "year": 2019,
        "month": 10,
        "day": 18
      },
      "time": {
        "hour": 9,
        "minute": 23,
        "second": 11,
        "nano": 0
      }
    },
    "citySender": "Запоріжжя",
    "cityRecipient": "Одеса"
  },
  {
    "number": 59000455808604,
    "dateTime": {
      "date": {
        "year": 2019,
        "month": 10,
        "day": 18
      },
      "time": {
        "hour": 9,
        "minute": 22,
        "second": 4,
        "nano": 0
      }
    },
    "citySender": "Київ",
    "cityRecipient": "Козин (Київська обл.)"
  },
  {
    "number": 59000455808605,
    "dateTime": {
      "date": {
        "year": 2019,
        "month": 10,
        "day": 18
      },
      "time": {
        "hour": 9,
        "minute": 22,
        "second": 58,
        "nano": 0
      }
    },
    "citySender": "Луцьк",
    "cityRecipient": "Одеса"
  },
  {
    "number": 59000455808606,
    "dateTime": {
      "date": {
        "year": 2019,
        "month": 10,
        "day": 18
      },
      "time": {
        "hour": 9,
        "minute": 23,
        "second": 19,
        "nano": 0
      }
    },
    "citySender": "Запоріжжя",
    "cityRecipient": "Київ"
  },
  {
    "number": 59000455808607,
    "dateTime": {
      "date": {
        "year": 2019,
        "month": 10,
        "day": 18
      },
      "time": {
        "hour": 9,
        "minute": 23,
        "second": 21,
        "nano": 0
      }
    },
    "citySender": "Лубни",
    "cityRecipient": "Одеса"
  },
  {
    "number": 59000455808608,
    "dateTime": {
      "date": {
        "year": 2019,
        "month": 10,
        "day": 18
      },
      "time": {
        "hour": 9,
        "minute": 22,
        "second": 28,
        "nano": 0
      }
    },
    "citySender": "Тисмениця",
    "cityRecipient": "Дніпро"
  },
  {
    "number": 59000455808609,
    "dateTime": {
      "date": {
        "year": 2019,
        "month": 10,
        "day": 18
      },
      "time": {
        "hour": 9,
        "minute": 22,
        "second": 56,
        "nano": 0
      }
    },
    "citySender": "Дніпро",
    "cityRecipient": "Дніпро"
  },
  {
    "number": 59000455808611,
    "dateTime": {
      "date": {
        "year": 2019,
        "month": 10,
        "day": 18
      },
      "time": {
        "hour": 9,
        "minute": 23,
        "second": 21,
        "nano": 0
      }
    },
    "citySender": "Добропілля",
    "cityRecipient": "Харків"
  },
  {
    "number": 59000455808612,
    "dateTime": {
      "date": {
        "year": 2019,
        "month": 10,
        "day": 18
      },
      "time": {
        "hour": 9,
        "minute": 23,
        "second": 21,
        "nano": 0
      }
    },
    "citySender": "Львів",
    "cityRecipient": "Київ"
  },
  {
    "number": 59000455808613,
    "dateTime": {
      "date": {
        "year": 2019,
        "month": 10,
        "day": 18
      },
      "time": {
        "hour": 9,
        "minute": 23,
        "second": 20,
        "nano": 0
      }
    },
    "citySender": "Київ",
    "cityRecipient": "Дніпро"
  },
  {
    "number": 59000455808615,
    "dateTime": {
      "date": {
        "year": 2019,
        "month": 10,
        "day": 18
      },
      "time": {
        "hour": 9,
        "minute": 23,
        "second": 23,
        "nano": 0
      }
    },
    "citySender": "Дніпро",
    "cityRecipient": "Ірпінь"
  },
  {
    "number": 59000455808616,
    "dateTime": {
      "date": {
        "year": 2019,
        "month": 10,
        "day": 18
      },
      "time": {
        "hour": 9,
        "minute": 23,
        "second": 0,
        "nano": 0
      }
    },
    "citySender": "Київ",
    "cityRecipient": "Пісочин"
  },
  {
    "number": 59000455808617,
    "dateTime": {
      "date": {
        "year": 2019,
        "month": 10,
        "day": 18
      },
      "time": {
        "hour": 9,
        "minute": 22,
        "second": 18,
        "nano": 0
      }
    },
    "citySender": "Самбір",
    "cityRecipient": "Новодністровськ"
  },
  {
    "number": 59000455808618,
    "dateTime": {
      "date": {
        "year": 2019,
        "month": 10,
        "day": 18
      },
      "time": {
        "hour": 9,
        "minute": 22,
        "second": 51,
        "nano": 0
      }
    },
    "citySender": "Одеса",
    "cityRecipient": "Ізмаїл"
  },
  {
    "number": 59000455808619,
    "dateTime": {
      "date": {
        "year": 2019,
        "month": 10,
        "day": 18
      },
      "time": {
        "hour": 9,
        "minute": 22,
        "second": 42,
        "nano": 0
      }
    },
    "citySender": "Васильків",
    "cityRecipient": "Київ"
  },
  {
    "number": 59000455808620,
    "dateTime": {
      "date": {
        "year": 2019,
        "month": 10,
        "day": 18
      },
      "time": {
        "hour": 9,
        "minute": 23,
        "second": 24,
        "nano": 0
      }
    },
    "citySender": "Бердянськ",
    "cityRecipient": "Бердянськ"
  },
  {
    "number": 59000455808621,
    "dateTime": {
      "date": {
        "year": 2019,
        "month": 10,
        "day": 18
      },
      "time": {
        "hour": 9,
        "minute": 23,
        "second": 24,
        "nano": 0
      }
    },
    "citySender": "Чернівці",
    "cityRecipient": "Вінниця"
  },
  {
    "number": 59000455808622,
    "dateTime": {
      "date": {
        "year": 2019,
        "month": 10,
        "day": 18
      },
      "time": {
        "hour": 9,
        "minute": 21,
        "second": 3,
        "nano": 0
      }
    },
    "citySender": "Велика Березовиця",
    "cityRecipient": "Дніпро"
  },
  {
    "number": 59000455808623,
    "dateTime": {
      "date": {
        "year": 2019,
        "month": 10,
        "day": 18
      },
      "time": {
        "hour": 9,
        "minute": 22,
        "second": 59,
        "nano": 0
      }
    },
    "citySender": "Херсон",
    "cityRecipient": "Подільськ"
  },
  {
    "number": 59000455808624,
    "dateTime": {
      "date": {
        "year": 2019,
        "month": 10,
        "day": 18
      },
      "time": {
        "hour": 9,
        "minute": 22,
        "second": 14,
        "nano": 0
      }
    },
    "citySender": "Ізяслав",
    "cityRecipient": "Вінниця"
  },
  {
    "number": 59000455808625,
    "dateTime": {
      "date": {
        "year": 2019,
        "month": 10,
        "day": 18
      },
      "time": {
        "hour": 9,
        "minute": 23,
        "second": 1,
        "nano": 0
      }
    },
    "citySender": "Суми",
    "cityRecipient": "Львів"
  },
  {
    "number": 59000455808627,
    "dateTime": {
      "date": {
        "year": 2019,
        "month": 10,
        "day": 18
      },
      "time": {
        "hour": 9,
        "minute": 23,
        "second": 18,
        "nano": 0
      }
    },
    "citySender": "Калинівка (Броварський р-н)",
    "cityRecipient": "Одеса"
  },
  {
    "number": 59000455808628,
    "dateTime": {
      "date": {
        "year": 2019,
        "month": 10,
        "day": 18
      },
      "time": {
        "hour": 9,
        "minute": 23,
        "second": 0,
        "nano": 0
      }
    },
    "citySender": "Комарно",
    "cityRecipient": "Тальянки"
  },
  {
    "number": 59000455808629,
    "dateTime": {
      "date": {
        "year": 2019,
        "month": 10,
        "day": 18
      },
      "time": {
        "hour": 9,
        "minute": 17,
        "second": 20,
        "nano": 0
      }
    },
    "citySender": "Нехвороща",
    "cityRecipient": "Київ"
  },
  {
    "number": 59000455808630,
    "dateTime": {
      "date": {
        "year": 2019,
        "month": 10,
        "day": 18
      },
      "time": {
        "hour": 9,
        "minute": 23,
        "second": 19,
        "nano": 0
      }
    },
    "citySender": "Полтава",
    "cityRecipient": "Стрий"
  },
  {
    "number": 59000455808631,
    "dateTime": {
      "date": {
        "year": 2019,
        "month": 10,
        "day": 18
      },
      "time": {
        "hour": 9,
        "minute": 23,
        "second": 26,
        "nano": 0
      }
    },
    "citySender": "Дніпро",
    "cityRecipient": "Ілічанка"
  },
  {
    "number": 59000455808632,
    "dateTime": {
      "date": {
        "year": 2019,
        "month": 10,
        "day": 18
      },
      "time": {
        "hour": 9,
        "minute": 23,
        "second": 18,
        "nano": 0
      }
    },
    "citySender": "Подільськ",
    "cityRecipient": "Одеса"
  },
  {
    "number": 59000455808633,
    "dateTime": {
      "date": {
        "year": 2019,
        "month": 10,
        "day": 18
      },
      "time": {
        "hour": 9,
        "minute": 22,
        "second": 49,
        "nano": 0
      }
    },
    "citySender": "Київ",
    "cityRecipient": "Чернівці"
  },
  {
    "number": 59000455808634,
    "dateTime": {
      "date": {
        "year": 2019,
        "month": 10,
        "day": 18
      },
      "time": {
        "hour": 9,
        "minute": 23,
        "second": 15,
        "nano": 0
      }
    },
    "citySender": "Червоноград (Львівська обл.)",
    "cityRecipient": "Бердянськ"
  },
  {
    "number": 59000455808635,
    "dateTime": {
      "date": {
        "year": 2019,
        "month": 10,
        "day": 18
      },
      "time": {
        "hour": 9,
        "minute": 22,
        "second": 54,
        "nano": 0
      }
    },
    "citySender": "Голованівськ",
    "cityRecipient": "Маріуполь"
  },
  {
    "number": 59000455808636,
    "dateTime": {
      "date": {
        "year": 2019,
        "month": 10,
        "day": 18
      },
      "time": {
        "hour": 9,
        "minute": 23,
        "second": 19,
        "nano": 0
      }
    },
    "citySender": "Харків",
    "cityRecipient": "Южноукраїнськ"
  },
  {
    "number": 59000455808637,
    "dateTime": {
      "date": {
        "year": 2019,
        "month": 10,
        "day": 18
      },
      "time": {
        "hour": 9,
        "minute": 22,
        "second": 43,
        "nano": 0
      }
    },
    "citySender": "Віньківці",
    "cityRecipient": "Київ"
  },
  {
    "number": 59000455808638,
    "dateTime": {
      "date": {
        "year": 2019,
        "month": 10,
        "day": 18
      },
      "time": {
        "hour": 9,
        "minute": 22,
        "second": 50,
        "nano": 0
      }
    },
    "citySender": "Дніпро",
    "cityRecipient": "Чернівці"
  },
  {
    "number": 59000455808639,
    "dateTime": {
      "date": {
        "year": 2019,
        "month": 10,
        "day": 18
      },
      "time": {
        "hour": 9,
        "minute": 22,
        "second": 51,
        "nano": 0
      }
    },
    "citySender": "Долина",
    "cityRecipient": "Котельва"
  },
  {
    "number": 59000455808640,
    "dateTime": {
      "date": {
        "year": 2019,
        "month": 10,
        "day": 18
      },
      "time": {
        "hour": 9,
        "minute": 23,
        "second": 21,
        "nano": 0
      }
    },
    "citySender": "Бориспіль",
    "cityRecipient": "Київ"
  },
  {
    "number": 59000455808641,
    "dateTime": {
      "date": {
        "year": 2019,
        "month": 10,
        "day": 18
      },
      "time": {
        "hour": 9,
        "minute": 23,
        "second": 6,
        "nano": 0
      }
    },
    "citySender": "Миколаїв",
    "cityRecipient": "Київ"
  },
  {
    "number": 59000455808642,
    "dateTime": {
      "date": {
        "year": 2019,
        "month": 10,
        "day": 18
      },
      "time": {
        "hour": 9,
        "minute": 22,
        "second": 45,
        "nano": 0
      }
    },
    "citySender": "Хмельницький",
    "cityRecipient": "Київ"
  },
  {
    "number": 59000455808643,
    "dateTime": {
      "date": {
        "year": 2019,
        "month": 10,
        "day": 18
      },
      "time": {
        "hour": 9,
        "minute": 23,
        "second": 28,
        "nano": 0
      }
    },
    "citySender": "Чинадійово",
    "cityRecipient": "Рівне"
  },
  {
    "number": 59000455808644,
    "dateTime": {
      "date": {
        "year": 2019,
        "month": 10,
        "day": 18
      },
      "time": {
        "hour": 9,
        "minute": 23,
        "second": 7,
        "nano": 0
      }
    },
    "citySender": "Борзна",
    "cityRecipient": "Ромни"
  },
  {
    "number": 59000455808645,
    "dateTime": {
      "date": {
        "year": 2019,
        "month": 10,
        "day": 18
      },
      "time": {
        "hour": 9,
        "minute": 21,
        "second": 53,
        "nano": 0
      }
    },
    "citySender": "Київ",
    "cityRecipient": "Рубіжне"
  },
  {
    "number": 59000455808646,
    "dateTime": {
      "date": {
        "year": 2019,
        "month": 10,
        "day": 18
      },
      "time": {
        "hour": 9,
        "minute": 23,
        "second": 20,
        "nano": 0
      }
    },
    "citySender": "Дніпровське",
    "cityRecipient": "Первомайськ(Микол.обл.Первомайс.р-н)"
  },
  {
    "number": 59000455808647,
    "dateTime": {
      "date": {
        "year": 2019,
        "month": 10,
        "day": 18
      },
      "time": {
        "hour": 9,
        "minute": 23,
        "second": 15,
        "nano": 0
      }
    },
    "citySender": "Київ",
    "cityRecipient": "Одеса"
  },
  {
    "number": 59000455808648,
    "dateTime": {
      "date": {
        "year": 2019,
        "month": 10,
        "day": 18
      },
      "time": {
        "hour": 9,
        "minute": 23,
        "second": 3,
        "nano": 0
      }
    },
    "citySender": "Волноваха",
    "cityRecipient": "Ірпінь"
  },
  {
    "number": 59000455808649,
    "dateTime": {
      "date": {
        "year": 2019,
        "month": 10,
        "day": 18
      },
      "time": {
        "hour": 9,
        "minute": 23,
        "second": 29,
        "nano": 0
      }
    },
    "citySender": "Добромиль",
    "cityRecipient": "Чернігів"
  },
  {
    "number": 59000455808650,
    "dateTime": {
      "date": {
        "year": 2019,
        "month": 10,
        "day": 18
      },
      "time": {
        "hour": 9,
        "minute": 22,
        "second": 24,
        "nano": 0
      }
    },
    "citySender": "Київ",
    "cityRecipient": "Фонтанка"
  },
  {
    "number": 59000455808651,
    "dateTime": {
      "date": {
        "year": 2019,
        "month": 10,
        "day": 18
      },
      "time": {
        "hour": 9,
        "minute": 22,
        "second": 53,
        "nano": 0
      }
    },
    "citySender": "Харків",
    "cityRecipient": "Київ"
  },
  {
    "number": 59000455808652,
    "dateTime": {
      "date": {
        "year": 2019,
        "month": 10,
        "day": 18
      },
      "time": {
        "hour": 9,
        "minute": 23,
        "second": 31,
        "nano": 0
      }
    },
    "citySender": "Кривий Ріг",
    "cityRecipient": "Львів"
  },
  {
    "number": 59000455808653,
    "dateTime": {
      "date": {
        "year": 2019,
        "month": 10,
        "day": 18
      },
      "time": {
        "hour": 9,
        "minute": 22,
        "second": 56,
        "nano": 0
      }
    },
    "citySender": "Луцьк",
    "cityRecipient": "Київ"
  },
  {
    "number": 59000455808654,
    "dateTime": {
      "date": {
        "year": 2019,
        "month": 10,
        "day": 18
      },
      "time": {
        "hour": 9,
        "minute": 23,
        "second": 24,
        "nano": 0
      }
    },
    "citySender": "Луцьк",
    "cityRecipient": "Чорноморськ"
  },
  {
    "number": 59000455808656,
    "dateTime": {
      "date": {
        "year": 2019,
        "month": 10,
        "day": 18
      },
      "time": {
        "hour": 9,
        "minute": 22,
        "second": 56,
        "nano": 0
      }
    },
    "citySender": "Одеса",
    "cityRecipient": "Косів"
  },
  {
    "number": 59000455808657,
    "dateTime": {
      "date": {
        "year": 2019,
        "month": 10,
        "day": 18
      },
      "time": {
        "hour": 9,
        "minute": 23,
        "second": 23,
        "nano": 0
      }
    },
    "citySender": "Дніпро",
    "cityRecipient": "Київ"
  },
  {
    "number": 59000455808658,
    "dateTime": {
      "date": {
        "year": 2019,
        "month": 10,
        "day": 18
      },
      "time": {
        "hour": 9,
        "minute": 23,
        "second": 27,
        "nano": 0
      }
    },
    "citySender": "Львів",
    "cityRecipient": "Львів"
  },
  {
    "number": 59000455808659,
    "dateTime": {
      "date": {
        "year": 2019,
        "month": 10,
        "day": 18
      },
      "time": {
        "hour": 9,
        "minute": 23,
        "second": 23,
        "nano": 0
      }
    },
    "citySender": "Київ",
    "cityRecipient": "Енергодар"
  },
  {
    "number": 59000455808660,
    "dateTime": {
      "date": {
        "year": 2019,
        "month": 10,
        "day": 18
      },
      "time": {
        "hour": 9,
        "minute": 23,
        "second": 20,
        "nano": 0
      }
    },
    "citySender": "Золотоноша",
    "cityRecipient": "Бориспіль"
  },
  {
    "number": 59000455808662,
    "dateTime": {
      "date": {
        "year": 2019,
        "month": 10,
        "day": 18
      },
      "time": {
        "hour": 9,
        "minute": 23,
        "second": 5,
        "nano": 0
      }
    },
    "citySender": "Пісочин",
    "cityRecipient": "Красноград (Харківська обл)"
  },
  {
    "number": 59000455808663,
    "dateTime": {
      "date": {
        "year": 2019,
        "month": 10,
        "day": 18
      },
      "time": {
        "hour": 9,
        "minute": 23,
        "second": 13,
        "nano": 0
      }
    },
    "citySender": "Канів",
    "cityRecipient": "Копичинці (Гусятинський р-н)"
  },
  {
    "number": 59000455808664,
    "dateTime": {
      "date": {
        "year": 2019,
        "month": 10,
        "day": 18
      },
      "time": {
        "hour": 9,
        "minute": 23,
        "second": 3,
        "nano": 0
      }
    },
    "citySender": "Ізяслав",
    "cityRecipient": "Вінниця"
  },
  {
    "number": 59000455808665,
    "dateTime": {
      "date": {
        "year": 2019,
        "month": 10,
        "day": 18
      },
      "time": {
        "hour": 9,
        "minute": 23,
        "second": 7,
        "nano": 0
      }
    },
    "citySender": "Лисичанськ",
    "cityRecipient": "Харків"
  },
  {
    "number": 59000455808666,
    "dateTime": {
      "date": {
        "year": 2019,
        "month": 10,
        "day": 18
      },
      "time": {
        "hour": 9,
        "minute": 23,
        "second": 25,
        "nano": 0
      }
    },
    "citySender": "Тячів",
    "cityRecipient": "Одеса"
  },
  {
    "number": 59000455808667,
    "dateTime": {
      "date": {
        "year": 2019,
        "month": 10,
        "day": 18
      },
      "time": {
        "hour": 9,
        "minute": 22,
        "second": 55,
        "nano": 0
      }
    },
    "citySender": "Лисичанськ",
    "cityRecipient": "Харків"
  },
  {
    "number": 59000455808668,
    "dateTime": {
      "date": {
        "year": 2019,
        "month": 10,
        "day": 18
      },
      "time": {
        "hour": 9,
        "minute": 22,
        "second": 36,
        "nano": 0
      }
    },
    "citySender": "Ананьїв",
    "cityRecipient": "Кривий Ріг"
  },
  {
    "number": 59000455808669,
    "dateTime": {
      "date": {
        "year": 2019,
        "month": 10,
        "day": 18
      },
      "time": {
        "hour": 9,
        "minute": 22,
        "second": 3,
        "nano": 0
      }
    },
    "citySender": "Полтава",
    "cityRecipient": "Чугуїв"
  },
  {
    "number": 59000455808670,
    "dateTime": {
      "date": {
        "year": 2019,
        "month": 10,
        "day": 18
      },
      "time": {
        "hour": 9,
        "minute": 23,
        "second": 35,
        "nano": 0
      }
    },
    "citySender": "Ворохта",
    "cityRecipient": "Вінниця"
  },
  {
    "number": 59000455808671,
    "dateTime": {
      "date": {
        "year": 2019,
        "month": 10,
        "day": 18
      },
      "time": {
        "hour": 9,
        "minute": 23,
        "second": 1,
        "nano": 0
      }
    },
    "citySender": "Тарутине",
    "cityRecipient": "Чумаки"
  },
  {
    "number": 59000455808672,
    "dateTime": {
      "date": {
        "year": 2019,
        "month": 10,
        "day": 18
      },
      "time": {
        "hour": 9,
        "minute": 22,
        "second": 53,
        "nano": 0
      }
    },
    "citySender": "Агрономічне",
    "cityRecipient": "Вишневе"
  },
  {
    "number": 59000455808673,
    "dateTime": {
      "date": {
        "year": 2019,
        "month": 10,
        "day": 18
      },
      "time": {
        "hour": 9,
        "minute": 22,
        "second": 41,
        "nano": 0
      }
    },
    "citySender": "Великий Бурлук",
    "cityRecipient": "Харків"
  },
  {
    "number": 59000455808674,
    "dateTime": {
      "date": {
        "year": 2019,
        "month": 10,
        "day": 18
      },
      "time": {
        "hour": 9,
        "minute": 23,
        "second": 23,
        "nano": 0
      }
    },
    "citySender": "Гоща",
    "cityRecipient": "Одеса"
  },
  {
    "number": 59000455808675,
    "dateTime": {
      "date": {
        "year": 2019,
        "month": 10,
        "day": 18
      },
      "time": {
        "hour": 9,
        "minute": 22,
        "second": 49,
        "nano": 0
      }
    },
    "citySender": "Київ",
    "cityRecipient": "Київ"
  },
  {
    "number": 59000455808677,
    "dateTime": {
      "date": {
        "year": 2019,
        "month": 10,
        "day": 18
      },
      "time": {
        "hour": 9,
        "minute": 23,
        "second": 3,
        "nano": 0
      }
    },
    "citySender": "Муровані Курилівці",
    "cityRecipient": "Дніпро"
  },
  {
    "number": 59000455808678,
    "dateTime": {
      "date": {
        "year": 2019,
        "month": 10,
        "day": 18
      },
      "time": {
        "hour": 9,
        "minute": 23,
        "second": 37,
        "nano": 0
      }
    },
    "citySender": "Городок(Львівська обл.)",
    "cityRecipient": "Київ"
  },
  {
    "number": 59000455808679,
    "dateTime": {
      "date": {
        "year": 2019,
        "month": 10,
        "day": 18
      },
      "time": {
        "hour": 9,
        "minute": 23,
        "second": 11,
        "nano": 0
      }
    },
    "citySender": "Мена",
    "cityRecipient": "Куп\u0027янськ"
  },
  {
    "number": 59000455808680,
    "dateTime": {
      "date": {
        "year": 2019,
        "month": 10,
        "day": 18
      },
      "time": {
        "hour": 9,
        "minute": 23,
        "second": 0,
        "nano": 0
      }
    },
    "citySender": "Михайлівка (Михайлівський р-н., Запорізька обл.)",
    "cityRecipient": "Вишгород"
  },
  {
    "number": 59000455808681,
    "dateTime": {
      "date": {
        "year": 2019,
        "month": 10,
        "day": 18
      },
      "time": {
        "hour": 9,
        "minute": 23,
        "second": 33,
        "nano": 0
      }
    },
    "citySender": "Енергодар",
    "cityRecipient": "Глинне"
  },
  {
    "number": 59000455808682,
    "dateTime": {
      "date": {
        "year": 2019,
        "month": 10,
        "day": 18
      },
      "time": {
        "hour": 9,
        "minute": 23,
        "second": 27,
        "nano": 0
      }
    },
    "citySender": "Хмельницький",
    "cityRecipient": "Житомир"
  },
  {
    "number": 59000455808683,
    "dateTime": {
      "date": {
        "year": 2019,
        "month": 10,
        "day": 18
      },
      "time": {
        "hour": 9,
        "minute": 22,
        "second": 53,
        "nano": 0
      }
    },
    "citySender": "Чернівці",
    "cityRecipient": "Київ"
  }
]