[
  {
    "number": 59000455832667,
    "dateTime": {
      "date": {
        "year": 2019,
        "month": 10,
        "day": 18
      },
      "time": {
        "hour": 10,
        "minute": 43,
        "second": 30,
        "nano": 0
      }
    },
    "citySender": "Дубно",
    "cityRecipient": "Запоріжжя"
  },
  {
    "number": 59000455832668,
    "dateTime": {
      "date": {
        "year": 2019,
        "month": 10,
        "day": 18
      },
      "time": {
        "hour": 10,
        "minute": 36,
        "second": 5,
        "nano": 0
      }
    },
    "citySender": "Селидове",
    "cityRecipient": "Мелітополь"
  },
  {
    "number": 59000455832669,
    "dateTime": {
      "date": {
        "year": 2019,
        "month": 10,
        "day": 18
      },
      "time": {
        "hour": 10,
        "minute": 43,
        "second": 42,
        "nano": 0
      }
    },
    "citySender": "Одеса",
    "cityRecipient": "Вишневе"
  },
  {
    "number": 59000455832670,
    "dateTime": {
      "date": {
        "year": 2019,
        "month": 10,
        "day": 18
      },
      "time": {
        "hour": 10,
        "minute": 43,
        "second": 35,
        "nano": 0
      }
    },
    "citySender": "Коростишів",
    "cityRecipient": "Житомир"
  },
  {
    "number": 59000455832671,
    "dateTime": {
      "date": {
        "year": 2019,
        "month": 10,
        "day": 18
      },
      "time": {
        "hour": 10,
        "minute": 43,
        "second": 33,
        "nano": 0
      }
    },
    "citySender": "Броди",
    "cityRecipient": "Вільшани (Харківська обл.)"
  },
  {
    "number": 59000455832672,
    "dateTime": {
      "date": {
        "year": 2019,
        "month": 10,
        "day": 18
      },
      "time": {
        "hour": 10,
        "minute": 43,
        "second": 53,
        "nano": 0
      }
    },
    "citySender": "Василівка (Запорізька обл.)",
    "cityRecipient": "Токмак"
  },
  {
    "number": 59000455832673,
    "dateTime": {
      "date": {
        "year": 2019,
        "month": 10,
        "day": 18
      },
      "time": {
        "hour": 10,
        "minute": 43,
        "second": 48,
        "nano": 0
      }
    },
    "citySender": "Маріуполь",
    "cityRecipient": "Вінниця"
  },
  {
    "number": 59000455832674,
    "dateTime": {
      "date": {
        "year": 2019,
        "month": 10,
        "day": 18
      },
      "time": {
        "hour": 10,
        "minute": 43,
        "second": 37,
        "nano": 0
      }
    },
    "citySender": "Луцьк",
    "cityRecipient": "Білики"
  },
  {
    "number": 59000455832675,
    "dateTime": {
      "date": {
        "year": 2019,
        "month": 10,
        "day": 18
      },
      "time": {
        "hour": 10,
        "minute": 43,
        "second": 28,
        "nano": 0
      }
    },
    "citySender": "Хмельницький",
    "cityRecipient": "Чернівці"
  },
  {
    "number": 59000455832676,
    "dateTime": {
      "date": {
        "year": 2019,
        "month": 10,
        "day": 18
      },
      "time": {
        "hour": 10,
        "minute": 43,
        "second": 34,
        "nano": 0
      }
    },
    "citySender": "Київ",
    "cityRecipient": "Дніпро"
  },
  {
    "number": 59000455832677,
    "dateTime": {
      "date": {
        "year": 2019,
        "month": 10,
        "day": 18
      },
      "time": {
        "hour": 10,
        "minute": 43,
        "second": 33,
        "nano": 0
      }
    },
    "citySender": "Новомосковськ",
    "cityRecipient": "Львів"
  },
  {
    "number": 59000455832678,
    "dateTime": {
      "date": {
        "year": 2019,
        "month": 10,
        "day": 18
      },
      "time": {
        "hour": 10,
        "minute": 43,
        "second": 56,
        "nano": 0
      }
    },
    "citySender": "Кропивницький",
    "cityRecipient": "Одеса"
  },
  {
    "number": 59000455832679,
    "dateTime": {
      "date": {
        "year": 2019,
        "month": 10,
        "day": 18
      },
      "time": {
        "hour": 10,
        "minute": 43,
        "second": 18,
        "nano": 0
      }
    },
    "citySender": "Павлиш",
    "cityRecipient": "Харків"
  },
  {
    "number": 59000455832680,
    "dateTime": {
      "date": {
        "year": 2019,
        "month": 10,
        "day": 18
      },
      "time": {
        "hour": 10,
        "minute": 43,
        "second": 6,
        "nano": 0
      }
    },
    "citySender": "Приазовське",
    "cityRecipient": "Київ"
  },
  {
    "number": 59000455832681,
    "dateTime": {
      "date": {
        "year": 2019,
        "month": 10,
        "day": 18
      },
      "time": {
        "hour": 10,
        "minute": 43,
        "second": 56,
        "nano": 0
      }
    },
    "citySender": "Київ",
    "cityRecipient": "Харків"
  },
  {
    "number": 59000455832682,
    "dateTime": {
      "date": {
        "year": 2019,
        "month": 10,
        "day": 18
      },
      "time": {
        "hour": 10,
        "minute": 43,
        "second": 38,
        "nano": 0
      }
    },
    "citySender": "Дніпро",
    "cityRecipient": "Рівне"
  },
  {
    "number": 59000455832683,
    "dateTime": {
      "date": {
        "year": 2019,
        "month": 10,
        "day": 18
      },
      "time": {
        "hour": 10,
        "minute": 43,
        "second": 49,
        "nano": 0
      }
    },
    "citySender": "Волноваха",
    "cityRecipient": "Коломия"
  },
  {
    "number": 59000455832684,
    "dateTime": {
      "date": {
        "year": 2019,
        "month": 10,
        "day": 18
      },
      "time": {
        "hour": 10,
        "minute": 43,
        "second": 40,
        "nano": 0
      }
    },
    "citySender": "Чернівці",
    "cityRecipient": "Львів"
  },
  {
    "number": 59000455832685,
    "dateTime": {
      "date": {
        "year": 2019,
        "month": 10,
        "day": 18
      },
      "time": {
        "hour": 10,
        "minute": 43,
        "second": 32,
        "nano": 0
      }
    },
    "citySender": "Коростень",
    "cityRecipient": "Житомир"
  },
  {
    "number": 59000455832686,
    "dateTime": {
      "date": {
        "year": 2019,
        "month": 10,
        "day": 18
      },
      "time": {
        "hour": 10,
        "minute": 43,
        "second": 8,
        "nano": 0
      }
    },
    "citySender": "Тараща",
    "cityRecipient": "Чугуїв"
  },
  {
    "number": 59000455832687,
    "dateTime": {
      "date": {
        "year": 2019,
        "month": 10,
        "day": 18
      },
      "time": {
        "hour": 10,
        "minute": 43,
        "second": 57,
        "nano": 0
      }
    },
    "citySender": "Львів",
    "cityRecipient": "Одеса"
  },
  {
    "number": 59000455832688,
    "dateTime": {
      "date": {
        "year": 2019,
        "month": 10,
        "day": 18
      },
      "time": {
        "hour": 10,
        "minute": 43,
        "second": 57,
        "nano": 0
      }
    },
    "citySender": "Тернопіль",
    "cityRecipient": "Харків"
  },
  {
    "number": 59000455832689,
    "dateTime": {
      "date": {
        "year": 2019,
        "month": 10,
        "day": 18
      },
      "time": {
        "hour": 10,
        "minute": 43,
        "second": 13,
        "nano": 0
      }
    },
    "citySender": "Маріуполь",
    "cityRecipient": "Одеса"
  },
  {
    "number": 59000455832690,
    "dateTime": {
      "date": {
        "year": 2019,
        "month": 10,
        "day": 18
      },
      "time": {
        "hour": 10,
        "minute": 43,
        "second": 53,
        "nano": 0
      }
    },
    "citySender": "Одеса",
    "cityRecipient": "Вінниця"
  },
  {
    "number": 59000455832691,
    "dateTime": {
      "date": {
        "year": 2019,
        "month": 10,
        "day": 18
      },
      "time": {
        "hour": 10,
        "minute": 42,
        "second": 46,
        "nano": 0
      }
    },
    "citySender": "Дніпро",
    "cityRecipient": "Львів"
  },
  {
    "number": 59000455832692,
    "dateTime": {
      "date": {
        "year": 2019,
        "month": 10,
        "day": 18
      },
      "time": {
        "hour": 10,
        "minute": 43,
        "second": 59,
        "nano": 0
      }
    },
    "citySender": "Київ",
    "cityRecipient": "Полтава"
  },
  {
    "number": 59000455832693,
    "dateTime": {
      "date": {
        "year": 2019,
        "month": 10,
        "day": 18
      },
      "time": {
        "hour": 10,
        "minute": 43,
        "second": 4,
        "nano": 0
      }
    },
    "citySender": "Нікополь (Дніпропетровська обл.)",
    "cityRecipient": "Львів"
  },
  {
    "number": 59000455832694,
    "dateTime": {
      "date": {
        "year": 2019,
        "month": 10,
        "day": 18
      },
      "time": {
        "hour": 10,
        "minute": 43,
        "second": 24,
        "nano": 0
      }
    },
    "citySender": "Цумань",
    "cityRecipient": "Горохів"
  },
  {
    "number": 59000455832695,
    "dateTime": {
      "date": {
        "year": 2019,
        "month": 10,
        "day": 18
      },
      "time": {
        "hour": 10,
        "minute": 41,
        "second": 29,
        "nano": 0
      }
    },
    "citySender": "Лебедин (Сумська обл.)",
    "cityRecipient": "Авдіївка (Донецька обл.)"
  },
  {
    "number": 59000455832696,
    "dateTime": {
      "date": {
        "year": 2019,
        "month": 10,
        "day": 18
      },
      "time": {
        "hour": 10,
        "minute": 43,
        "second": 54,
        "nano": 0
      }
    },
    "citySender": "Херсон",
    "cityRecipient": "Кам\u0027янське(Дніпропетровська обл)"
  },
  {
    "number": 59000455832697,
    "dateTime": {
      "date": {
        "year": 2019,
        "month": 10,
        "day": 18
      },
      "time": {
        "hour": 10,
        "minute": 43,
        "second": 52,
        "nano": 0
      }
    },
    "citySender": "Київ",
    "cityRecipient": "Хмельницький"
  },
  {
    "number": 59000455832698,
    "dateTime": {
      "date": {
        "year": 2019,
        "month": 10,
        "day": 18
      },
      "time": {
        "hour": 10,
        "minute": 43,
        "second": 47,
        "nano": 0
      }
    },
    "citySender": "Вінниця",
    "cityRecipient": "Любомль"
  },
  {
    "number": 59000455832699,
    "dateTime": {
      "date": {
        "year": 2019,
        "month": 10,
        "day": 18
      },
      "time": {
        "hour": 10,
        "minute": 43,
        "second": 49,
        "nano": 0
      }
    },
    "citySender": "Умань",
    "cityRecipient": "Баштанка"
  },
  {
    "number": 59000455832700,
    "dateTime": {
      "date": {
        "year": 2019,
        "month": 10,
        "day": 18
      },
      "time": {
        "hour": 10,
        "minute": 43,
        "second": 52,
        "nano": 0
      }
    },
    "citySender": "Новояворівськ",
    "cityRecipient": "Київ"
  },
  {
    "number": 59000455832701,
    "dateTime": {
      "date": {
        "year": 2019,
        "month": 10,
        "day": 18
      },
      "time": {
        "hour": 10,
        "minute": 43,
        "second": 24,
        "nano": 0
      }
    },
    "citySender": "Мостиська",
    "cityRecipient": "Бориспіль"
  },
  {
    "number": 59000455832702,
    "dateTime": {
      "date": {
        "year": 2019,
        "month": 10,
        "day": 18
      },
      "time": {
        "hour": 10,
        "minute": 43,
        "second": 27,
        "nano": 0
      }
    },
    "citySender": "Кам\u0027янець-Подільський",
    "cityRecipient": "Харків"
  },
  {
    "number": 59000455832703,
    "dateTime": {
      "date": {
        "year": 2019,
        "month": 10,
        "day": 18
      },
      "time": {
        "hour": 10,
        "minute": 43,
        "second": 54,
        "nano": 0
      }
    },
    "citySender": "Знам\u0027янка (Кіровоградська обл.)",
    "cityRecipient": "Южне"
  },
  {
    "number": 59000455832704,
    "dateTime": {
      "date": {
        "year": 2019,
        "month": 10,
        "day": 18
      },
      "time": {
        "hour": 10,
        "minute": 43,
        "second": 58,
        "nano": 0
      }
    },
    "citySender": "Плотича",
    "cityRecipient": "Ковель"
  },
  {
    "number": 59000455832705,
    "dateTime": {
      "date": {
        "year": 2019,
        "month": 10,
        "day": 18
      },
      "time": {
        "hour": 10,
        "minute": 43,
        "second": 44,
        "nano": 0
      }
    },
    "citySender": "Харків",
    "cityRecipient": "Київ"
  },
  {
    "number": 59000455832706,
    "dateTime": {
      "date": {
        "year": 2019,
        "month": 10,
        "day": 18
      },
      "time": {
        "hour": 10,
        "minute": 43,
        "second": 52,
        "nano": 0
      }
    },
    "citySender": "Крюківщина",
    "cityRecipient": "Київ"
  },
  {
    "number": 59000455832707,
    "dateTime": {
      "date": {
        "year": 2019,
        "month": 10,
        "day": 18
      },
      "time": {
        "hour": 10,
        "minute": 43,
        "second": 52,
        "nano": 0
      }
    },
    "citySender": "Тячів",
    "cityRecipient": "Долина"
  },
  {
    "number": 59000455832708,
    "dateTime": {
      "date": {
        "year": 2019,
        "month": 10,
        "day": 18
      },
      "time": {
        "hour": 10,
        "minute": 43,
        "second": 56,
        "nano": 0
      }
    },
    "citySender": "Буськ",
    "cityRecipient": "Дрогобич"
  },
  {
    "number": 59000455832709,
    "dateTime": {
      "date": {
        "year": 2019,
        "month": 10,
        "day": 18
      },
      "time": {
        "hour": 10,
        "minute": 43,
        "second": 47,
        "nano": 0
      }
    },
    "citySender": "Дніпро",
    "cityRecipient": "Маріуполь"
  },
  {
    "number": 59000455832710,
    "dateTime": {
      "date": {
        "year": 2019,
        "month": 10,
        "day": 18
      },
      "time": {
        "hour": 10,
        "minute": 42,
        "second": 49,
        "nano": 0
      }
    },
    "citySender": "Золочів (Львівська обл.)",
    "cityRecipient": "Київ"
  },
  {
    "number": 59000455832711,
    "dateTime": {
      "date": {
        "year": 2019,
        "month": 10,
        "day": 18
      },
      "time": {
        "hour": 10,
        "minute": 43,
        "second": 59,
        "nano": 0
      }
    },
    "citySender": "Василівка (Одеська обл., Болградський р-",
    "cityRecipient": "Василівка (Одеська обл.)"
  },
  {
    "number": 59000455832712,
    "dateTime": {
      "date": {
        "year": 2019,
        "month": 10,
        "day": 18
      },
      "time": {
        "hour": 10,
        "minute": 43,
        "second": 38,
        "nano": 0
      }
    },
    "citySender": "Золочів (Львівська обл.)",
    "cityRecipient": "Львів"
  },
  {
    "number": 59000455832713,
    "dateTime": {
      "date": {
        "year": 2019,
        "month": 10,
        "day": 18
      },
      "time": {
        "hour": 10,
        "minute": 43,
        "second": 36,
        "nano": 0
      }
    },
    "citySender": "Бердянськ",
    "cityRecipient": "Київ"
  },
  {
    "number": 59000455832714,
    "dateTime": {
      "date": {
        "year": 2019,
        "month": 10,
        "day": 18
      },
      "time": {
        "hour": 10,
        "minute": 43,
        "second": 16,
        "nano": 0
      }
    },
    "citySender": "Суми",
    "cityRecipient": "Київ"
  },
  {
    "number": 59000455832715,
    "dateTime": {
      "date": {
        "year": 2019,
        "month": 10,
        "day": 18
      },
      "time": {
        "hour": 10,
        "minute": 43,
        "second": 27,
        "nano": 0
      }
    },
    "citySender": "Покровськ (Донецька обл.)",
    "cityRecipient": "Луцьк"
  },
  {
    "number": 59000455832716,
    "dateTime": {
      "date": {
        "year": 2019,
        "month": 10,
        "day": 18
      },
      "time": {
        "hour": 10,
        "minute": 43,
        "second": 54,
        "nano": 0
      }
    },
    "citySender": "Запоріжжя",
    "cityRecipient": "Сокаль"
  },
  {
    "number": 59000455832717,
    "dateTime": {
      "date": {
        "year": 2019,
        "month": 10,
        "day": 18
      },
      "time": {
        "hour": 10,
        "minute": 43,
        "second": 51,
        "nano": 0
      }
    },
    "citySender": "Львів",
    "cityRecipient": "Свалява"
  },
  {
    "number": 59000455832718,
    "dateTime": {
      "date": {
        "year": 2019,
        "month": 10,
        "day": 18
      },
      "time": {
        "hour": 10,
        "minute": 43,
        "second": 41,
        "nano": 0
      }
    },
    "citySender": "Біла Церква",
    "cityRecipient": "Дніпро"
  },
  {
    "number": 59000455832719,
    "dateTime": {
      "date": {
        "year": 2019,
        "month": 10,
        "day": 18
      },
      "time": {
        "hour": 10,
        "minute": 44,
        "second": 3,
        "nano": 0
      }
    },
    "citySender": "Київ",
    "cityRecipient": "Київ"
  },
  {
    "number": 59000455832720,
    "dateTime": {
      "date": {
        "year": 2019,
        "month": 10,
        "day": 18
      },
      "time": {
        "hour": 10,
        "minute": 44,
        "second": 1,
        "nano": 0
      }
    },
    "citySender": "Ізюм",
    "cityRecipient": "Запоріжжя"
  },
  {
    "number": 59000455832721,
    "dateTime": {
      "date": {
        "year": 2019,
        "month": 10,
        "day": 18
      },
      "time": {
        "hour": 10,
        "minute": 43,
        "second": 51,
        "nano": 0
      }
    },
    "citySender": "Ужгород",
    "cityRecipient": "Дрогобич"
  },
  {
    "number": 59000455832722,
    "dateTime": {
      "date": {
        "year": 2019,
        "month": 10,
        "day": 18
      },
      "time": {
        "hour": 10,
        "minute": 43,
        "second": 49,
        "nano": 0
      }
    },
    "citySender": "Умань",
    "cityRecipient": "Миколаїв"
  },
  {
    "number": 59000455832723,
    "dateTime": {
      "date": {
        "year": 2019,
        "month": 10,
        "day": 18
      },
      "time": {
        "hour": 10,
        "minute": 44,
        "second": 5,
        "nano": 0
      }
    },
    "citySender": "Товсте",
    "cityRecipient": "Київ"
  },
  {
    "number": 59000455832724,
    "dateTime": {
      "date": {
        "year": 2019,
        "month": 10,
        "day": 18
      },
      "time": {
        "hour": 10,
        "minute": 43,
        "second": 29,
        "nano": 0
      }
    },
    "citySender": "Херсон",
    "cityRecipient": "Добропілля"
  },
  {
    "number": 59000455832725,
    "dateTime": {
      "date": {
        "year": 2019,
        "month": 10,
        "day": 18
      },
      "time": {
        "hour": 10,
        "minute": 43,
        "second": 56,
        "nano": 0
      }
    },
    "citySender": "Київ",
    "cityRecipient": "Старокостянтинів"
  },
  {
    "number": 59000455832726,
    "dateTime": {
      "date": {
        "year": 2019,
        "month": 10,
        "day": 18
      },
      "time": {
        "hour": 10,
        "minute": 43,
        "second": 44,
        "nano": 0
      }
    },
    "citySender": "Пісочин",
    "cityRecipient": "Пісочна"
  },
  {
    "number": 59000455832727,
    "dateTime": {
      "date": {
        "year": 2019,
        "month": 10,
        "day": 18
      },
      "time": {
        "hour": 10,
        "minute": 43,
        "second": 38,
        "nano": 0
      }
    },
    "citySender": "Горохів",
    "cityRecipient": "Івано-Франківськ"
  },
  {
    "number": 59000455832728,
    "dateTime": {
      "date": {
        "year": 2019,
        "month": 10,
        "day": 18
      },
      "time": {
        "hour": 10,
        "minute": 43,
        "second": 59,
        "nano": 0
      }
    },
    "citySender": "Одеса",
    "cityRecipient": "Київ"
  },
  {
    "number": 59000455832729,
    "dateTime": {
      "date": {
        "year": 2019,
        "month": 10,
        "day": 18
      },
      "time": {
        "hour": 10,
        "minute": 44,
        "second": 0,
        "nano": 0
      }
    },
    "citySender": "Київ",
    "cityRecipient": "Київ"
  },
  {
    "number": 59000455832730,
    "dateTime": {
      "date": {
        "year": 2019,
        "month": 10,
        "day": 18
      },
      "time": {
        "hour": 10,
        "minute": 44,
        "second": 7,
        "nano": 0
      }
    },
    "citySender": "Крюківщина",
    "cityRecipient": "Рівне"
  },
  {
    "number": 59000455832731,
    "dateTime": {
      "date": {
        "year": 2019,
        "month": 10,
        "day": 18
      },
      "time": {
        "hour": 10,
        "minute": 43,
        "second": 57,
        "nano": 0
      }
    },
    "citySender": "Дніпро",
    "cityRecipient": "Київ"
  },
  {
    "number": 59000455832732,
    "dateTime": {
      "date": {
        "year": 2019,
        "month": 10,
        "day": 18
      },
      "time": {
        "hour": 10,
        "minute": 43,
        "second": 29,
        "nano": 0
      }
    },
    "citySender": "Бровари",
    "cityRecipient": "Київ"
  },
  {
    "number": 59000455832733,
    "dateTime": {
      "date": {
        "year": 2019,
        "month": 10,
        "day": 18
      },
      "time": {
        "hour": 10,
        "minute": 44,
        "second": 3,
        "nano": 0
      }
    },
    "citySender": "Краматорськ",
    "cityRecipient": "Щастя"
  },
  {
    "number": 59000455832734,
    "dateTime": {
      "date": {
        "year": 2019,
        "month": 10,
        "day": 18
      },
      "time": {
        "hour": 10,
        "minute": 43,
        "second": 17,
        "nano": 0
      }
    },
    "citySender": "Татарбунари",
    "cityRecipient": "Ізмаїл"
  },
  {
    "number": 59000455832735,
    "dateTime": {
      "date": {
        "year": 2019,
        "month": 10,
        "day": 18
      },
      "time": {
        "hour": 10,
        "minute": 34,
        "second": 24,
        "nano": 0
      }
    },
    "citySender": "Новоселівка (Дніпропетровська обл.)",
    "cityRecipient": "Дніпро"
  },
  {
    "number": 59000455832736,
    "dateTime": {
      "date": {
        "year": 2019,
        "month": 10,
        "day": 18
      },
      "time": {
        "hour": 10,
        "minute": 43,
        "second": 48,
        "nano": 0
      }
    },
    "citySender": "Ізюм",
    "cityRecipient": "Київ"
  },
  {
    "number": 59000455832737,
    "dateTime": {
      "date": {
        "year": 2019,
        "month": 10,
        "day": 18
      },
      "time": {
        "hour": 10,
        "minute": 43,
        "second": 59,
        "nano": 0
      }
    },
    "citySender": "Київ",
    "cityRecipient": "Одеса"
  },
  {
    "number": 59000455832738,
    "dateTime": {
      "date": {
        "year": 2019,
        "month": 10,
        "day": 18
      },
      "time": {
        "hour": 10,
        "minute": 43,
        "second": 58,
        "nano": 0
      }
    },
    "citySender": "Черкаси",
    "cityRecipient": "Олександрія (м.Кіровогр.обл.райц)"
  },
  {
    "number": 59000455832739,
    "dateTime": {
      "date": {
        "year": 2019,
        "month": 10,
        "day": 18
      },
      "time": {
        "hour": 10,
        "minute": 44,
        "second": 8,
        "nano": 0
      }
    },
    "citySender": "Полтава",
    "cityRecipient": "Київ"
  },
  {
    "number": 59000455832740,
    "dateTime": {
      "date": {
        "year": 2019,
        "month": 10,
        "day": 18
      },
      "time": {
        "hour": 10,
        "minute": 43,
        "second": 50,
        "nano": 0
      }
    },
    "citySender": "Дніпро",
    "cityRecipient": "Вінниця"
  },
  {
    "number": 59000455832741,
    "dateTime": {
      "date": {
        "year": 2019,
        "month": 10,
        "day": 18
      },
      "time": {
        "hour": 10,
        "minute": 43,
        "second": 45,
        "nano": 0
      }
    },
    "citySender": "Київ",
    "cityRecipient": "Харків"
  },
  {
    "number": 59000455832742,
    "dateTime": {
      "date": {
        "year": 2019,
        "month": 10,
        "day": 18
      },
      "time": {
        "hour": 10,
        "minute": 43,
        "second": 27,
        "nano": 0
      }
    },
    "citySender": "Маріуполь",
    "cityRecipient": "Велика Олександрівка (Херсонська обл.)"
  },
  {
    "number": 59000455832743,
    "dateTime": {
      "date": {
        "year": 2019,
        "month": 10,
        "day": 18
      },
      "time": {
        "hour": 10,
        "minute": 43,
        "second": 22,
        "nano": 0
      }
    },
    "citySender": "Київ",
    "cityRecipient": "Київ"
  },
  {
    "number": 59000455832744,
    "dateTime": {
      "date": {
        "year": 2019,
        "month": 10,
        "day": 18
      },
      "time": {
        "hour": 10,
        "minute": 42,
        "second": 51,
        "nano": 0
      }
    },
    "citySender": "Володарка",
    "cityRecipient": "Київ"
  },
  {
    "number": 59000455832745,
    "dateTime": {
      "date": {
        "year": 2019,
        "month": 10,
        "day": 18
      },
      "time": {
        "hour": 10,
        "minute": 43,
        "second": 42,
        "nano": 0
      }
    },
    "citySender": "Буча",
    "cityRecipient": "Полтава"
  },
  {
    "number": 59000455832746,
    "dateTime": {
      "date": {
        "year": 2019,
        "month": 10,
        "day": 18
      },
      "time": {
        "hour": 10,
        "minute": 42,
        "second": 51,
        "nano": 0
      }
    },
    "citySender": "Городня",
    "cityRecipient": "Київ"
  },
  {
    "number": 59000455832747,
    "dateTime": {
      "date": {
        "year": 2019,
        "month": 10,
        "day": 18
      },
      "time": {
        "hour": 10,
        "minute": 44,
        "second": 9,
        "nano": 0
      }
    },
    "citySender": "Дніпро",
    "cityRecipient": "Жовква"
  },
  {
    "number": 59000455832748,
    "dateTime": {
      "date": {
        "year": 2019,
        "month": 10,
        "day": 18
      },
      "time": {
        "hour": 10,
        "minute": 43,
        "second": 57,
        "nano": 0
      }
    },
    "citySender": "Київ",
    "cityRecipient": "Київ"
  },
  {
    "number": 59000455832749,
    "dateTime": {
      "date": {
        "year": 2019,
        "month": 10,
        "day": 18
      },
      "time": {
        "hour": 10,
        "minute": 43,
        "second": 52,
        "nano": 0
      }
    },
    "citySender": "Київ",
    "cityRecipient": "Харків"
  },
  {
    "number": 59000455832750,
    "dateTime": {
      "date": {
        "year": 2019,
        "month": 10,
        "day": 18
      },
      "time": {
        "hour": 10,
        "minute": 43,
        "second": 51,
        "nano": 0
      }
    },
    "citySender": "Чорноморськ",
    "cityRecipient": "Львів"
  },
  {
    "number": 59000455832752,
    "dateTime": {
      "date": {
        "year": 2019,
        "month": 10,
        "day": 18
      },
      "time": {
        "hour": 10,
        "minute": 44,
        "second": 1,
        "nano": 0
      }
    },
    "citySender": "Одеса",
    "cityRecipient": "Ромни"
  },
  {
    "number": 59000455832753,
    "dateTime": {
      "date": {
        "year": 2019,
        "month": 10,
        "day": 18
      },
      "time": {
        "hour": 10,
        "minute": 42,
        "second": 47,
        "nano": 0
      }
    },
    "citySender": "Хоростків",
    "cityRecipient": "Київ"
  },
  {
    "number": 59000455832754,
    "dateTime": {
      "date": {
        "year": 2019,
        "month": 10,
        "day": 18
      },
      "time": {
        "hour": 10,
        "minute": 43,
        "second": 37,
        "nano": 0
      }
    },
    "citySender": "Київ",
    "cityRecipient": "Харків"
  },
  {
    "number": 59000455832755,
    "dateTime": {
      "date": {
        "year": 2019,
        "month": 10,
        "day": 18
      },
      "time": {
        "hour": 10,
        "minute": 44,
        "second": 7,
        "nano": 0
      }
    },
    "citySender": "Суми",
    "cityRecipient": "Дніпро"
  },
  {
    "number": 59000455832756,
    "dateTime": {
      "date": {
        "year": 2019,
        "month": 10,
        "day": 18
      },
      "time": {
        "hour": 10,
        "minute": 43,
        "second": 53,
        "nano": 0
      }
    },
    "citySender": "Одеса",
    "cityRecipient": "Чернівці"
  },
  {
    "number": 59000455832757,
    "dateTime": {
      "date": {
        "year": 2019,
        "month": 10,
        "day": 18
      },
      "time": {
        "hour": 10,
        "minute": 43,
        "second": 47,
        "nano": 0
      }
    },
    "citySender": "Кути (Косівський р-н)",
    "cityRecipient": "Нижні Ворота"
  },
  {
    "number": 59000455832758,
    "dateTime": {
      "date": {
        "year": 2019,
        "month": 10,
        "day": 18
      },
      "time": {
        "hour": 10,
        "minute": 43,
        "second": 41,
        "nano": 0
      }
    },
    "citySender": "Миколаїв",
    "cityRecipient": "Одеса"
  },
  {
    "number": 59000455832759,
    "dateTime": {
      "date": {
        "year": 2019,
        "month": 10,
        "day": 18
      },
      "time": {
        "hour": 10,
        "minute": 44,
        "second": 12,
        "nano": 0
      }
    },
    "citySender": "Чернівці",
    "cityRecipient": "Київ"
  },
  {
    "number": 59000455832760,
    "dateTime": {
      "date": {
        "year": 2019,
        "month": 10,
        "day": 18
      },
      "time": {
        "hour": 10,
        "minute": 44,
        "second": 2,
        "nano": 0
      }
    },
    "citySender": "Компаніївка",
    "cityRecipient": "Київ"
  },
  {
    "number": 59000455832761,
    "dateTime": {
      "date": {
        "year": 2019,
        "month": 10,
        "day": 18
      },
      "time": {
        "hour": 10,
        "minute": 44,
        "second": 1,
        "nano": 0
      }
    },
    "citySender": "Новоград-Волинський",
    "cityRecipient": "Луцьк"
  },
  {
    "number": 59000455832762,
    "dateTime": {
      "date": {
        "year": 2019,
        "month": 10,
        "day": 18
      },
      "time": {
        "hour": 10,
        "minute": 44,
        "second": 12,
        "nano": 0
      }
    },
    "citySender": "Одеса",
    "cityRecipient": "Одеса"
  },
  {
    "number": 59000455832763,
    "dateTime": {
      "date": {
        "year": 2019,
        "month": 10,
        "day": 18
      },
      "time": {
        "hour": 10,
        "minute": 43,
        "second": 53,
        "nano": 0
      }
    },
    "citySender": "Харків",
    "cityRecipient": "Мар\u0027їнка"
  },
  {
    "number": 59000455832764,
    "dateTime": {
      "date": {
        "year": 2019,
        "month": 10,
        "day": 18
      },
      "time": {
        "hour": 10,
        "minute": 43,
        "second": 37,
        "nano": 0
      }
    },
    "citySender": "Київ",
    "cityRecipient": "Київ"
  },
  {
    "number": 59000455832765,
    "dateTime": {
      "date": {
        "year": 2019,
        "month": 10,
        "day": 18
      },
      "time": {
        "hour": 10,
        "minute": 44,
        "second": 3,
        "nano": 0
      }
    },
    "citySender": "Полтава",
    "cityRecipient": "Кути (Косівський р-н)"
  },
  {
    "number": 59000455832766,
    "dateTime": {
      "date": {
        "year": 2019,
        "month": 10,
        "day": 18
      },
      "time": {
        "hour": 10,
        "minute": 43,
        "second": 37,
        "nano": 0
      }
    },
    "citySender": "Десна (Чернігівська обл.)",
    "cityRecipient": "Винники"
  }
]