[
  {
    "number": 59000455800087,
    "dateTime": {
      "date": {
        "year": 2019,
        "month": 10,
        "day": 18
      },
      "time": {
        "hour": 8,
        "minute": 49,
        "second": 30,
        "nano": 0
      }
    },
    "citySender": "Дніпро",
    "cityRecipient": "Більмак (Запорізька обл.)"
  },
  {
    "number": 59000455800088,
    "dateTime": {
      "date": {
        "year": 2019,
        "month": 10,
        "day": 18
      },
      "time": {
        "hour": 8,
        "minute": 49,
        "second": 50,
        "nano": 0
      }
    },
    "citySender": "Київ",
    "cityRecipient": "Дніпро"
  },
  {
    "number": 59000455800089,
    "dateTime": {
      "date": {
        "year": 2019,
        "month": 10,
        "day": 18
      },
      "time": {
        "hour": 8,
        "minute": 49,
        "second": 25,
        "nano": 0
      }
    },
    "citySender": "Благовіщенське(Кіровоградська обл.)",
    "cityRecipient": "Бориспіль"
  },
  {
    "number": 59000455800090,
    "dateTime": {
      "date": {
        "year": 2019,
        "month": 10,
        "day": 18
      },
      "time": {
        "hour": 8,
        "minute": 49,
        "second": 39,
        "nano": 0
      }
    },
    "citySender": "Краматорськ",
    "cityRecipient": "Ужгород"
  },
  {
    "number": 59000455800091,
    "dateTime": {
      "date": {
        "year": 2019,
        "month": 10,
        "day": 18
      },
      "time": {
        "hour": 8,
        "minute": 49,
        "second": 30,
        "nano": 0
      }
    },
    "citySender": "Погребище",
    "cityRecipient": "Кам\u0027янець-Подільський"
  },
  {
    "number": 59000455800092,
    "dateTime": {
      "date": {
        "year": 2019,
        "month": 10,
        "day": 18
      },
      "time": {
        "hour": 8,
        "minute": 49,
        "second": 36,
        "nano": 0
      }
    },
    "citySender": "Київ",
    "cityRecipient": "Дніпро"
  },
  {
    "number": 59000455800094,
    "dateTime": {
      "date": {
        "year": 2019,
        "month": 10,
        "day": 18
      },
      "time": {
        "hour": 8,
        "minute": 49,
        "second": 16,
        "nano": 0
      }
    },
    "citySender": "Київ",
    "cityRecipient": "Вознесенськ"
  },
  {
    "number": 59000455800095,
    "dateTime": {
      "date": {
        "year": 2019,
        "month": 10,
        "day": 18
      },
      "time": {
        "hour": 8,
        "minute": 50,
        "second": 0,
        "nano": 0
      }
    },
    "citySender": "Пирятин",
    "cityRecipient": "Київ"
  },
  {
    "number": 59000455800096,
    "dateTime": {
      "date": {
        "year": 2019,
        "month": 10,
        "day": 18
      },
      "time": {
        "hour": 8,
        "minute": 49,
        "second": 27,
        "nano": 0
      }
    },
    "citySender": "Київ",
    "cityRecipient": "Київ"
  },
  {
    "number": 59000455800097,
    "dateTime": {
      "date": {
        "year": 2019,
        "month": 10,
        "day": 18
      },
      "time": {
        "hour": 8,
        "minute": 49,
        "second": 50,
        "nano": 0
      }
    },
    "citySender": "Лебедин (Сумська обл.)",
    "cityRecipient": "Київ"
  },
  {
    "number": 59000455800098,
    "dateTime": {
      "date": {
        "year": 2019,
        "month": 10,
        "day": 18
      },
      "time": {
        "hour": 8,
        "minute": 49,
        "second": 55,
        "nano": 0
      }
    },
    "citySender": "Драниця",
    "cityRecipient": "Драчинці"
  },
  {
    "number": 59000455800099,
    "dateTime": {
      "date": {
        "year": 2019,
        "month": 10,
        "day": 18
      },
      "time": {
        "hour": 8,
        "minute": 49,
        "second": 29,
        "nano": 0
      }
    },
    "citySender": "Харків",
    "cityRecipient": "Херсон"
  },
  {
    "number": 59000455800100,
    "dateTime": {
      "date": {
        "year": 2019,
        "month": 10,
        "day": 18
      },
      "time": {
        "hour": 8,
        "minute": 49,
        "second": 55,
        "nano": 0
      }
    },
    "citySender": "Київ",
    "cityRecipient": "Київ"
  },
  {
    "number": 59000455800101,
    "dateTime": {
      "date": {
        "year": 2019,
        "month": 10,
        "day": 18
      },
      "time": {
        "hour": 8,
        "minute": 49,
        "second": 36,
        "nano": 0
      }
    },
    "citySender": "Київ",
    "cityRecipient": "Рівне"
  },
  {
    "number": 59000455800102,
    "dateTime": {
      "date": {
        "year": 2019,
        "month": 10,
        "day": 18
      },
      "time": {
        "hour": 8,
        "minute": 48,
        "second": 54,
        "nano": 0
      }
    },
    "citySender": "Нова Ушиця",
    "cityRecipient": "Львів"
  },
  {
    "number": 59000455800103,
    "dateTime": {
      "date": {
        "year": 2019,
        "month": 10,
        "day": 18
      },
      "time": {
        "hour": 8,
        "minute": 50,
        "second": 3,
        "nano": 0
      }
    },
    "citySender": "Львів",
    "cityRecipient": "Копайгород"
  },
  {
    "number": 59000455800105,
    "dateTime": {
      "date": {
        "year": 2019,
        "month": 10,
        "day": 18
      },
      "time": {
        "hour": 8,
        "minute": 49,
        "second": 53,
        "nano": 0
      }
    },
    "citySender": "Мурафа",
    "cityRecipient": "Київ"
  },
  {
    "number": 59000455800106,
    "dateTime": {
      "date": {
        "year": 2019,
        "month": 10,
        "day": 18
      },
      "time": {
        "hour": 8,
        "minute": 50,
        "second": 4,
        "nano": 0
      }
    },
    "citySender": "Люботин",
    "cityRecipient": "Київ"
  },
  {
    "number": 59000455800107,
    "dateTime": {
      "date": {
        "year": 2019,
        "month": 10,
        "day": 18
      },
      "time": {
        "hour": 8,
        "minute": 49,
        "second": 1,
        "nano": 0
      }
    },
    "citySender": "Велика Лепетиха",
    "cityRecipient": "Київ"
  },
  {
    "number": 59000455800108,
    "dateTime": {
      "date": {
        "year": 2019,
        "month": 10,
        "day": 18
      },
      "time": {
        "hour": 8,
        "minute": 49,
        "second": 6,
        "nano": 0
      }
    },
    "citySender": "Війтівці (Хмельницька обл.)",
    "cityRecipient": "Київ"
  },
  {
    "number": 59000455800109,
    "dateTime": {
      "date": {
        "year": 2019,
        "month": 10,
        "day": 18
      },
      "time": {
        "hour": 8,
        "minute": 49,
        "second": 56,
        "nano": 0
      }
    },
    "citySender": "Київ",
    "cityRecipient": "Львів"
  },
  {
    "number": 59000455800110,
    "dateTime": {
      "date": {
        "year": 2019,
        "month": 10,
        "day": 18
      },
      "time": {
        "hour": 8,
        "minute": 50,
        "second": 2,
        "nano": 0
      }
    },
    "citySender": "Малехів",
    "cityRecipient": "Голинь"
  },
  {
    "number": 59000455800111,
    "dateTime": {
      "date": {
        "year": 2019,
        "month": 10,
        "day": 18
      },
      "time": {
        "hour": 8,
        "minute": 49,
        "second": 39,
        "nano": 0
      }
    },
    "citySender": "Київ",
    "cityRecipient": "Сокільники"
  },
  {
    "number": 59000455800112,
    "dateTime": {
      "date": {
        "year": 2019,
        "month": 10,
        "day": 18
      },
      "time": {
        "hour": 8,
        "minute": 48,
        "second": 21,
        "nano": 0
      }
    },
    "citySender": "Чемерівці",
    "cityRecipient": "Київ"
  },
  {
    "number": 59000455800113,
    "dateTime": {
      "date": {
        "year": 2019,
        "month": 10,
        "day": 18
      },
      "time": {
        "hour": 8,
        "minute": 49,
        "second": 39,
        "nano": 0
      }
    },
    "citySender": "Новомиколаївка(Скадовський р-н)",
    "cityRecipient": "Іванків(Бориспільський р-н)"
  },
  {
    "number": 59000455800114,
    "dateTime": {
      "date": {
        "year": 2019,
        "month": 10,
        "day": 18
      },
      "time": {
        "hour": 8,
        "minute": 49,
        "second": 46,
        "nano": 0
      }
    },
    "citySender": "Київ",
    "cityRecipient": "Новгород-Сіверський"
  },
  {
    "number": 59000455800115,
    "dateTime": {
      "date": {
        "year": 2019,
        "month": 10,
        "day": 18
      },
      "time": {
        "hour": 8,
        "minute": 50,
        "second": 8,
        "nano": 0
      }
    },
    "citySender": "Великий Кучурів",
    "cityRecipient": "Одеса"
  },
  {
    "number": 59000455800116,
    "dateTime": {
      "date": {
        "year": 2019,
        "month": 10,
        "day": 18
      },
      "time": {
        "hour": 8,
        "minute": 50,
        "second": 2,
        "nano": 0
      }
    },
    "citySender": "Курахове",
    "cityRecipient": "Київ"
  },
  {
    "number": 59000455800117,
    "dateTime": {
      "date": {
        "year": 2019,
        "month": 10,
        "day": 18
      },
      "time": {
        "hour": 8,
        "minute": 50,
        "second": 6,
        "nano": 0
      }
    },
    "citySender": "Київ",
    "cityRecipient": "Київ"
  },
  {
    "number": 59000455800118,
    "dateTime": {
      "date": {
        "year": 2019,
        "month": 10,
        "day": 18
      },
      "time": {
        "hour": 8,
        "minute": 50,
        "second": 5,
        "nano": 0
      }
    },
    "citySender": "Підволочиськ",
    "cityRecipient": "Літин"
  },
  {
    "number": 59000455800119,
    "dateTime": {
      "date": {
        "year": 2019,
        "month": 10,
        "day": 18
      },
      "time": {
        "hour": 8,
        "minute": 50,
        "second": 4,
        "nano": 0
      }
    },
    "citySender": "Переяслав-Хмельницький",
    "cityRecipient": "Забір\u0027я"
  },
  {
    "number": 59000455800120,
    "dateTime": {
      "date": {
        "year": 2019,
        "month": 10,
        "day": 18
      },
      "time": {
        "hour": 8,
        "minute": 50,
        "second": 9,
        "nano": 0
      }
    },
    "citySender": "Чернігівка",
    "cityRecipient": "Київ"
  },
  {
    "number": 59000455800121,
    "dateTime": {
      "date": {
        "year": 2019,
        "month": 10,
        "day": 18
      },
      "time": {
        "hour": 8,
        "minute": 49,
        "second": 10,
        "nano": 0
      }
    },
    "citySender": "Верховина",
    "cityRecipient": "Київ"
  },
  {
    "number": 59000455800122,
    "dateTime": {
      "date": {
        "year": 2019,
        "month": 10,
        "day": 18
      },
      "time": {
        "hour": 8,
        "minute": 49,
        "second": 41,
        "nano": 0
      }
    },
    "citySender": "Зборів",
    "cityRecipient": "Токмак"
  },
  {
    "number": 59000455800123,
    "dateTime": {
      "date": {
        "year": 2019,
        "month": 10,
        "day": 18
      },
      "time": {
        "hour": 8,
        "minute": 48,
        "second": 18,
        "nano": 0
      }
    },
    "citySender": "Київ",
    "cityRecipient": "Новоград-Волинський"
  },
  {
    "number": 59000455800124,
    "dateTime": {
      "date": {
        "year": 2019,
        "month": 10,
        "day": 18
      },
      "time": {
        "hour": 8,
        "minute": 50,
        "second": 11,
        "nano": 0
      }
    },
    "citySender": "Шостка",
    "cityRecipient": "Запоріжжя"
  },
  {
    "number": 59000455800125,
    "dateTime": {
      "date": {
        "year": 2019,
        "month": 10,
        "day": 18
      },
      "time": {
        "hour": 8,
        "minute": 49,
        "second": 59,
        "nano": 0
      }
    },
    "citySender": "Велика Лепетиха",
    "cityRecipient": "Кривий Ріг"
  },
  {
    "number": 59000455800126,
    "dateTime": {
      "date": {
        "year": 2019,
        "month": 10,
        "day": 18
      },
      "time": {
        "hour": 8,
        "minute": 50,
        "second": 7,
        "nano": 0
      }
    },
    "citySender": "Олександрівка (Миколаївська обл.)",
    "cityRecipient": "Кропивницький"
  },
  {
    "number": 59000455800127,
    "dateTime": {
      "date": {
        "year": 2019,
        "month": 10,
        "day": 18
      },
      "time": {
        "hour": 8,
        "minute": 50,
        "second": 11,
        "nano": 0
      }
    },
    "citySender": "Ужгород",
    "cityRecipient": "Буча"
  },
  {
    "number": 59000455800128,
    "dateTime": {
      "date": {
        "year": 2019,
        "month": 10,
        "day": 18
      },
      "time": {
        "hour": 8,
        "minute": 50,
        "second": 11,
        "nano": 0
      }
    },
    "citySender": "Дніпро",
    "cityRecipient": "Київ"
  },
  {
    "number": 59000455800129,
    "dateTime": {
      "date": {
        "year": 2019,
        "month": 10,
        "day": 18
      },
      "time": {
        "hour": 8,
        "minute": 50,
        "second": 12,
        "nano": 0
      }
    },
    "citySender": "Дніпро",
    "cityRecipient": "Харків"
  },
  {
    "number": 59000455800130,
    "dateTime": {
      "date": {
        "year": 2019,
        "month": 10,
        "day": 18
      },
      "time": {
        "hour": 8,
        "minute": 50,
        "second": 12,
        "nano": 0
      }
    },
    "citySender": "Роздільна (Одеська обл.)",
    "cityRecipient": "Київ"
  },
  {
    "number": 59000455800131,
    "dateTime": {
      "date": {
        "year": 2019,
        "month": 10,
        "day": 18
      },
      "time": {
        "hour": 8,
        "minute": 50,
        "second": 10,
        "nano": 0
      }
    },
    "citySender": "Київ",
    "cityRecipient": "Київ"
  },
  {
    "number": 59000455800132,
    "dateTime": {
      "date": {
        "year": 2019,
        "month": 10,
        "day": 18
      },
      "time": {
        "hour": 8,
        "minute": 50,
        "second": 10,
        "nano": 0
      }
    },
    "citySender": "Київ",
    "cityRecipient": "Київ"
  },
  {
    "number": 59000455800133,
    "dateTime": {
      "date": {
        "year": 2019,
        "month": 10,
        "day": 18
      },
      "time": {
        "hour": 8,
        "minute": 50,
        "second": 12,
        "nano": 0
      }
    },
    "citySender": "Київ",
    "cityRecipient": "Одеса"
  },
  {
    "number": 59000455800135,
    "dateTime": {
      "date": {
        "year": 2019,
        "month": 10,
        "day": 18
      },
      "time": {
        "hour": 8,
        "minute": 47,
        "second": 48,
        "nano": 0
      }
    },
    "citySender": "Благовіщенське(Кіровоградська обл.)",
    "cityRecipient": "Дніпро"
  },
  {
    "number": 59000455800136,
    "dateTime": {
      "date": {
        "year": 2019,
        "month": 10,
        "day": 18
      },
      "time": {
        "hour": 8,
        "minute": 50,
        "second": 18,
        "nano": 0
      }
    },
    "citySender": "Конотоп",
    "cityRecipient": "Бровари"
  },
  {
    "number": 59000455800137,
    "dateTime": {
      "date": {
        "year": 2019,
        "month": 10,
        "day": 18
      },
      "time": {
        "hour": 8,
        "minute": 50,
        "second": 10,
        "nano": 0
      }
    },
    "citySender": "Київ",
    "cityRecipient": "Слов\u0027янськ"
  },
  {
    "number": 59000455800138,
    "dateTime": {
      "date": {
        "year": 2019,
        "month": 10,
        "day": 18
      },
      "time": {
        "hour": 8,
        "minute": 50,
        "second": 20,
        "nano": 0
      }
    },
    "citySender": "Козельщина",
    "cityRecipient": "Харків"
  },
  {
    "number": 59000455800139,
    "dateTime": {
      "date": {
        "year": 2019,
        "month": 10,
        "day": 18
      },
      "time": {
        "hour": 8,
        "minute": 50,
        "second": 20,
        "nano": 0
      }
    },
    "citySender": "Святопетрівське (Києво-Свят.р-н)",
    "cityRecipient": "Харків"
  },
  {
    "number": 59000455800140,
    "dateTime": {
      "date": {
        "year": 2019,
        "month": 10,
        "day": 18
      },
      "time": {
        "hour": 8,
        "minute": 50,
        "second": 11,
        "nano": 0
      }
    },
    "citySender": "Київ",
    "cityRecipient": "Коростень"
  },
  {
    "number": 59000455800141,
    "dateTime": {
      "date": {
        "year": 2019,
        "month": 10,
        "day": 18
      },
      "time": {
        "hour": 8,
        "minute": 50,
        "second": 0,
        "nano": 0
      }
    },
    "citySender": "Чонгар(Херсонська обл.)",
    "cityRecipient": "Одеса"
  },
  {
    "number": 59000455800142,
    "dateTime": {
      "date": {
        "year": 2019,
        "month": 10,
        "day": 18
      },
      "time": {
        "hour": 8,
        "minute": 50,
        "second": 23,
        "nano": 0
      }
    },
    "citySender": "Шостка",
    "cityRecipient": "Харків"
  },
  {
    "number": 59000455800143,
    "dateTime": {
      "date": {
        "year": 2019,
        "month": 10,
        "day": 18
      },
      "time": {
        "hour": 8,
        "minute": 50,
        "second": 23,
        "nano": 0
      }
    },
    "citySender": "Маріуполь",
    "cityRecipient": "Авангард"
  },
  {
    "number": 59000455800145,
    "dateTime": {
      "date": {
        "year": 2019,
        "month": 10,
        "day": 18
      },
      "time": {
        "hour": 8,
        "minute": 49,
        "second": 59,
        "nano": 0
      }
    },
    "citySender": "Новопсков",
    "cityRecipient": "Харків"
  },
  {
    "number": 59000455800146,
    "dateTime": {
      "date": {
        "year": 2019,
        "month": 10,
        "day": 18
      },
      "time": {
        "hour": 8,
        "minute": 50,
        "second": 25,
        "nano": 0
      }
    },
    "citySender": "Нікополь (Дніпропетровська обл.)",
    "cityRecipient": "Київ"
  },
  {
    "number": 59000455800147,
    "dateTime": {
      "date": {
        "year": 2019,
        "month": 10,
        "day": 18
      },
      "time": {
        "hour": 8,
        "minute": 50,
        "second": 23,
        "nano": 0
      }
    },
    "citySender": "Київ",
    "cityRecipient": "Київ"
  },
  {
    "number": 59000455800148,
    "dateTime": {
      "date": {
        "year": 2019,
        "month": 10,
        "day": 18
      },
      "time": {
        "hour": 8,
        "minute": 50,
        "second": 27,
        "nano": 0
      }
    },
    "citySender": "Коростень",
    "cityRecipient": "Чернівці"
  },
  {
    "number": 59000455800149,
    "dateTime": {
      "date": {
        "year": 2019,
        "month": 10,
        "day": 18
      },
      "time": {
        "hour": 8,
        "minute": 50,
        "second": 27,
        "nano": 0
      }
    },
    "citySender": "Козельщина",
    "cityRecipient": "Городок(Львівська обл.)"
  },
  {
    "number": 59000455800150,
    "dateTime": {
      "date": {
        "year": 2019,
        "month": 10,
        "day": 18
      },
      "time": {
        "hour": 8,
        "minute": 50,
        "second": 28,
        "nano": 0
      }
    },
    "citySender": "Полтава",
    "cityRecipient": "Київ"
  },
  {
    "number": 59000455800151,
    "dateTime": {
      "date": {
        "year": 2019,
        "month": 10,
        "day": 18
      },
      "time": {
        "hour": 8,
        "minute": 49,
        "second": 40,
        "nano": 0
      }
    },
    "citySender": "Київ",
    "cityRecipient": "Маріуполь"
  },
  {
    "number": 59000455800152,
    "dateTime": {
      "date": {
        "year": 2019,
        "month": 10,
        "day": 18
      },
      "time": {
        "hour": 8,
        "minute": 50,
        "second": 24,
        "nano": 0
      }
    },
    "citySender": "Кривий Ріг",
    "cityRecipient": "Кривий Ріг"
  },
  {
    "number": 59000455800154,
    "dateTime": {
      "date": {
        "year": 2019,
        "month": 10,
        "day": 18
      },
      "time": {
        "hour": 8,
        "minute": 49,
        "second": 37,
        "nano": 0
      }
    },
    "citySender": "Дніпро",
    "cityRecipient": "Селидове"
  },
  {
    "number": 59000455800155,
    "dateTime": {
      "date": {
        "year": 2019,
        "month": 10,
        "day": 18
      },
      "time": {
        "hour": 8,
        "minute": 49,
        "second": 59,
        "nano": 0
      }
    },
    "citySender": "Рівне",
    "cityRecipient": "Маріуполь"
  },
  {
    "number": 59000455800156,
    "dateTime": {
      "date": {
        "year": 2019,
        "month": 10,
        "day": 18
      },
      "time": {
        "hour": 8,
        "minute": 49,
        "second": 46,
        "nano": 0
      }
    },
    "citySender": "Новий Розділ",
    "cityRecipient": "Київ"
  },
  {
    "number": 59000455800157,
    "dateTime": {
      "date": {
        "year": 2019,
        "month": 10,
        "day": 18
      },
      "time": {
        "hour": 8,
        "minute": 50,
        "second": 30,
        "nano": 0
      }
    },
    "citySender": "Дніпро",
    "cityRecipient": "Одеса"
  },
  {
    "number": 59000455800158,
    "dateTime": {
      "date": {
        "year": 2019,
        "month": 10,
        "day": 18
      },
      "time": {
        "hour": 8,
        "minute": 49,
        "second": 58,
        "nano": 0
      }
    },
    "citySender": "Глухів (Сумська обл.)",
    "cityRecipient": "Київ"
  },
  {
    "number": 59000455800159,
    "dateTime": {
      "date": {
        "year": 2019,
        "month": 10,
        "day": 18
      },
      "time": {
        "hour": 8,
        "minute": 50,
        "second": 22,
        "nano": 0
      }
    },
    "citySender": "Херсон",
    "cityRecipient": "Чорноморськ"
  },
  {
    "number": 59000455800160,
    "dateTime": {
      "date": {
        "year": 2019,
        "month": 10,
        "day": 18
      },
      "time": {
        "hour": 8,
        "minute": 50,
        "second": 16,
        "nano": 0
      }
    },
    "citySender": "Дніпро",
    "cityRecipient": "Кам\u0027янське(Дніпропетровська обл)"
  },
  {
    "number": 59000455800162,
    "dateTime": {
      "date": {
        "year": 2019,
        "month": 10,
        "day": 18
      },
      "time": {
        "hour": 8,
        "minute": 50,
        "second": 32,
        "nano": 0
      }
    },
    "citySender": "Пирятин",
    "cityRecipient": "Бровари"
  },
  {
    "number": 59000455800163,
    "dateTime": {
      "date": {
        "year": 2019,
        "month": 10,
        "day": 18
      },
      "time": {
        "hour": 8,
        "minute": 50,
        "second": 23,
        "nano": 0
      }
    },
    "citySender": "Харків",
    "cityRecipient": "Харків"
  },
  {
    "number": 59000455800164,
    "dateTime": {
      "date": {
        "year": 2019,
        "month": 10,
        "day": 18
      },
      "time": {
        "hour": 8,
        "minute": 50,
        "second": 14,
        "nano": 0
      }
    },
    "citySender": "Авдіївка (Донецька обл.)",
    "cityRecipient": "Дніпро"
  },
  {
    "number": 59000455800165,
    "dateTime": {
      "date": {
        "year": 2019,
        "month": 10,
        "day": 18
      },
      "time": {
        "hour": 8,
        "minute": 50,
        "second": 26,
        "nano": 0
      }
    },
    "citySender": "Львів",
    "cityRecipient": "Львів"
  },
  {
    "number": 59000455800166,
    "dateTime": {
      "date": {
        "year": 2019,
        "month": 10,
        "day": 18
      },
      "time": {
        "hour": 8,
        "minute": 50,
        "second": 33,
        "nano": 0
      }
    },
    "citySender": "Конотоп",
    "cityRecipient": "Бровари"
  },
  {
    "number": 59000455800167,
    "dateTime": {
      "date": {
        "year": 2019,
        "month": 10,
        "day": 18
      },
      "time": {
        "hour": 8,
        "minute": 50,
        "second": 12,
        "nano": 0
      }
    },
    "citySender": "Курахове",
    "cityRecipient": "Ізмаїл"
  },
  {
    "number": 59000455800168,
    "dateTime": {
      "date": {
        "year": 2019,
        "month": 10,
        "day": 18
      },
      "time": {
        "hour": 8,
        "minute": 50,
        "second": 22,
        "nano": 0
      }
    },
    "citySender": "Київ",
    "cityRecipient": "Рівне"
  },
  {
    "number": 59000455800170,
    "dateTime": {
      "date": {
        "year": 2019,
        "month": 10,
        "day": 18
      },
      "time": {
        "hour": 8,
        "minute": 50,
        "second": 36,
        "nano": 0
      }
    },
    "citySender": "Глибока",
    "cityRecipient": "Бохоники"
  },
  {
    "number": 59000455800171,
    "dateTime": {
      "date": {
        "year": 2019,
        "month": 10,
        "day": 18
      },
      "time": {
        "hour": 8,
        "minute": 50,
        "second": 36,
        "nano": 0
      }
    },
    "citySender": "Дніпро",
    "cityRecipient": "Київ"
  },
  {
    "number": 59000455800174,
    "dateTime": {
      "date": {
        "year": 2019,
        "month": 10,
        "day": 18
      },
      "time": {
        "hour": 8,
        "minute": 50,
        "second": 25,
        "nano": 0
      }
    },
    "citySender": "Макарів",
    "cityRecipient": "Житомир"
  },
  {
    "number": 59000455800175,
    "dateTime": {
      "date": {
        "year": 2019,
        "month": 10,
        "day": 18
      },
      "time": {
        "hour": 8,
        "minute": 50,
        "second": 30,
        "nano": 0
      }
    },
    "citySender": "Харків",
    "cityRecipient": "Новгород-Сіверський"
  },
  {
    "number": 59000455800176,
    "dateTime": {
      "date": {
        "year": 2019,
        "month": 10,
        "day": 18
      },
      "time": {
        "hour": 8,
        "minute": 50,
        "second": 38,
        "nano": 0
      }
    },
    "citySender": "Кременчук",
    "cityRecipient": "Житомир"
  },
  {
    "number": 59000455800177,
    "dateTime": {
      "date": {
        "year": 2019,
        "month": 10,
        "day": 18
      },
      "time": {
        "hour": 8,
        "minute": 50,
        "second": 24,
        "nano": 0
      }
    },
    "citySender": "Київ",
    "cityRecipient": "Київ"
  },
  {
    "number": 59000455800179,
    "dateTime": {
      "date": {
        "year": 2019,
        "month": 10,
        "day": 18
      },
      "time": {
        "hour": 8,
        "minute": 49,
        "second": 53,
        "nano": 0
      }
    },
    "citySender": "Львів",
    "cityRecipient": "Одеса"
  },
  {
    "number": 59000455800180,
    "dateTime": {
      "date": {
        "year": 2019,
        "month": 10,
        "day": 18
      },
      "time": {
        "hour": 8,
        "minute": 50,
        "second": 27,
        "nano": 0
      }
    },
    "citySender": "Київ",
    "cityRecipient": "Київ"
  },
  {
    "number": 59000455800181,
    "dateTime": {
      "date": {
        "year": 2019,
        "month": 10,
        "day": 18
      },
      "time": {
        "hour": 8,
        "minute": 50,
        "second": 41,
        "nano": 0
      }
    },
    "citySender": "Торецьк",
    "cityRecipient": "Бровари"
  },
  {
    "number": 59000455800182,
    "dateTime": {
      "date": {
        "year": 2019,
        "month": 10,
        "day": 18
      },
      "time": {
        "hour": 8,
        "minute": 50,
        "second": 42,
        "nano": 0
      }
    },
    "citySender": "Ужгород",
    "cityRecipient": "Струмівка"
  },
  {
    "number": 59000455800183,
    "dateTime": {
      "date": {
        "year": 2019,
        "month": 10,
        "day": 18
      },
      "time": {
        "hour": 8,
        "minute": 50,
        "second": 23,
        "nano": 0
      }
    },
    "citySender": "Врадіївка",
    "cityRecipient": "Калинівка (Вінницька обл., Калинівський р-н)"
  },
  {
    "number": 59000455800184,
    "dateTime": {
      "date": {
        "year": 2019,
        "month": 10,
        "day": 18
      },
      "time": {
        "hour": 8,
        "minute": 50,
        "second": 44,
        "nano": 0
      }
    },
    "citySender": "Білогородка (Київська обл.)",
    "cityRecipient": "Одеса"
  },
  {
    "number": 59000455800185,
    "dateTime": {
      "date": {
        "year": 2019,
        "month": 10,
        "day": 18
      },
      "time": {
        "hour": 8,
        "minute": 50,
        "second": 44,
        "nano": 0
      }
    },
    "citySender": "Львів",
    "cityRecipient": "Львів"
  }
]