[
  {
    "number": 59000455813781,
    "dateTime": {
      "date": {
        "year": 2019,
        "month": 10,
        "day": 18
      },
      "time": {
        "hour": 9,
        "minute": 41,
        "second": 23,
        "nano": 0
      }
    },
    "citySender": "Угринів (Тисменицький р-н., Івано-Франк. обл.)",
    "cityRecipient": "Вінниця"
  },
  {
    "number": 59000455813782,
    "dateTime": {
      "date": {
        "year": 2019,
        "month": 10,
        "day": 18
      },
      "time": {
        "hour": 9,
        "minute": 39,
        "second": 33,
        "nano": 0
      }
    },
    "citySender": "Миколаїв",
    "cityRecipient": "Самбір"
  },
  {
    "number": 59000455813783,
    "dateTime": {
      "date": {
        "year": 2019,
        "month": 10,
        "day": 18
      },
      "time": {
        "hour": 9,
        "minute": 41,
        "second": 24,
        "nano": 0
      }
    },
    "citySender": "Чернівці",
    "cityRecipient": "Одеса"
  },
  {
    "number": 59000455813784,
    "dateTime": {
      "date": {
        "year": 2019,
        "month": 10,
        "day": 18
      },
      "time": {
        "hour": 9,
        "minute": 41,
        "second": 28,
        "nano": 0
      }
    },
    "citySender": "Кривий Ріг",
    "cityRecipient": "Кам\u0027янець-Подільський"
  },
  {
    "number": 59000455813785,
    "dateTime": {
      "date": {
        "year": 2019,
        "month": 10,
        "day": 18
      },
      "time": {
        "hour": 9,
        "minute": 41,
        "second": 17,
        "nano": 0
      }
    },
    "citySender": "Харків",
    "cityRecipient": "Дніпро"
  },
  {
    "number": 59000455813786,
    "dateTime": {
      "date": {
        "year": 2019,
        "month": 10,
        "day": 18
      },
      "time": {
        "hour": 9,
        "minute": 41,
        "second": 29,
        "nano": 0
      }
    },
    "citySender": "Запоріжжя",
    "cityRecipient": "Одеса"
  },
  {
    "number": 59000455813787,
    "dateTime": {
      "date": {
        "year": 2019,
        "month": 10,
        "day": 18
      },
      "time": {
        "hour": 9,
        "minute": 41,
        "second": 21,
        "nano": 0
      }
    },
    "citySender": "Рафалівка",
    "cityRecipient": "Ірпінь"
  },
  {
    "number": 59000455813788,
    "dateTime": {
      "date": {
        "year": 2019,
        "month": 10,
        "day": 18
      },
      "time": {
        "hour": 9,
        "minute": 41,
        "second": 30,
        "nano": 0
      }
    },
    "citySender": "Голованівськ",
    "cityRecipient": "Харків"
  },
  {
    "number": 59000455813789,
    "dateTime": {
      "date": {
        "year": 2019,
        "month": 10,
        "day": 18
      },
      "time": {
        "hour": 9,
        "minute": 41,
        "second": 22,
        "nano": 0
      }
    },
    "citySender": "Українка",
    "cityRecipient": "Харків"
  },
  {
    "number": 59000455813790,
    "dateTime": {
      "date": {
        "year": 2019,
        "month": 10,
        "day": 18
      },
      "time": {
        "hour": 9,
        "minute": 41,
        "second": 25,
        "nano": 0
      }
    },
    "citySender": "Дніпро",
    "cityRecipient": "Обухів"
  },
  {
    "number": 59000455813791,
    "dateTime": {
      "date": {
        "year": 2019,
        "month": 10,
        "day": 18
      },
      "time": {
        "hour": 9,
        "minute": 40,
        "second": 49,
        "nano": 0
      }
    },
    "citySender": "Кривий Ріг",
    "cityRecipient": "Київ"
  },
  {
    "number": 59000455813792,
    "dateTime": {
      "date": {
        "year": 2019,
        "month": 10,
        "day": 18
      },
      "time": {
        "hour": 9,
        "minute": 41,
        "second": 5,
        "nano": 0
      }
    },
    "citySender": "Лиманське (Роздільнянський р-н)",
    "cityRecipient": "Енергодар"
  },
  {
    "number": 59000455813793,
    "dateTime": {
      "date": {
        "year": 2019,
        "month": 10,
        "day": 18
      },
      "time": {
        "hour": 9,
        "minute": 41,
        "second": 27,
        "nano": 0
      }
    },
    "citySender": "Одеса",
    "cityRecipient": "Одеса"
  },
  {
    "number": 59000455813795,
    "dateTime": {
      "date": {
        "year": 2019,
        "month": 10,
        "day": 18
      },
      "time": {
        "hour": 9,
        "minute": 41,
        "second": 8,
        "nano": 0
      }
    },
    "citySender": "Умань",
    "cityRecipient": "Одеса"
  },
  {
    "number": 59000455813797,
    "dateTime": {
      "date": {
        "year": 2019,
        "month": 10,
        "day": 18
      },
      "time": {
        "hour": 9,
        "minute": 41,
        "second": 20,
        "nano": 0
      }
    },
    "citySender": "Славута",
    "cityRecipient": "Новояворівськ"
  },
  {
    "number": 59000455813798,
    "dateTime": {
      "date": {
        "year": 2019,
        "month": 10,
        "day": 18
      },
      "time": {
        "hour": 9,
        "minute": 38,
        "second": 51,
        "nano": 0
      }
    },
    "citySender": "Київ",
    "cityRecipient": "Макарів"
  },
  {
    "number": 59000455813799,
    "dateTime": {
      "date": {
        "year": 2019,
        "month": 10,
        "day": 18
      },
      "time": {
        "hour": 9,
        "minute": 38,
        "second": 55,
        "nano": 0
      }
    },
    "citySender": "Вишневе",
    "cityRecipient": "Тернопіль"
  },
  {
    "number": 59000455813800,
    "dateTime": {
      "date": {
        "year": 2019,
        "month": 10,
        "day": 18
      },
      "time": {
        "hour": 9,
        "minute": 41,
        "second": 31,
        "nano": 0
      }
    },
    "citySender": "Одеса",
    "cityRecipient": "Київ"
  },
  {
    "number": 59000455813801,
    "dateTime": {
      "date": {
        "year": 2019,
        "month": 10,
        "day": 18
      },
      "time": {
        "hour": 9,
        "minute": 41,
        "second": 28,
        "nano": 0
      }
    },
    "citySender": "Запоріжжя",
    "cityRecipient": "Станиця Луганська"
  },
  {
    "number": 59000455813802,
    "dateTime": {
      "date": {
        "year": 2019,
        "month": 10,
        "day": 18
      },
      "time": {
        "hour": 9,
        "minute": 41,
        "second": 13,
        "nano": 0
      }
    },
    "citySender": "Дніпро",
    "cityRecipient": "Мелітополь"
  },
  {
    "number": 59000455813803,
    "dateTime": {
      "date": {
        "year": 2019,
        "month": 10,
        "day": 18
      },
      "time": {
        "hour": 9,
        "minute": 41,
        "second": 17,
        "nano": 0
      }
    },
    "citySender": "Тараща",
    "cityRecipient": "Київ"
  },
  {
    "number": 59000455813804,
    "dateTime": {
      "date": {
        "year": 2019,
        "month": 10,
        "day": 18
      },
      "time": {
        "hour": 9,
        "minute": 40,
        "second": 57,
        "nano": 0
      }
    },
    "citySender": "Дніпро",
    "cityRecipient": "Павлоград"
  },
  {
    "number": 59000455813805,
    "dateTime": {
      "date": {
        "year": 2019,
        "month": 10,
        "day": 18
      },
      "time": {
        "hour": 9,
        "minute": 40,
        "second": 55,
        "nano": 0
      }
    },
    "citySender": "Тернопіль",
    "cityRecipient": "Львів"
  },
  {
    "number": 59000455813806,
    "dateTime": {
      "date": {
        "year": 2019,
        "month": 10,
        "day": 18
      },
      "time": {
        "hour": 9,
        "minute": 40,
        "second": 43,
        "nano": 0
      }
    },
    "citySender": "Біла Церква",
    "cityRecipient": "Ізяслав"
  },
  {
    "number": 59000455813808,
    "dateTime": {
      "date": {
        "year": 2019,
        "month": 10,
        "day": 18
      },
      "time": {
        "hour": 9,
        "minute": 40,
        "second": 55,
        "nano": 0
      }
    },
    "citySender": "Кременчук",
    "cityRecipient": "Київ"
  },
  {
    "number": 59000455813809,
    "dateTime": {
      "date": {
        "year": 2019,
        "month": 10,
        "day": 18
      },
      "time": {
        "hour": 9,
        "minute": 40,
        "second": 41,
        "nano": 0
      }
    },
    "citySender": "Мельниця-Подільська (Тернопільська обл.)",
    "cityRecipient": "Черкаси"
  },
  {
    "number": 59000455813810,
    "dateTime": {
      "date": {
        "year": 2019,
        "month": 10,
        "day": 18
      },
      "time": {
        "hour": 9,
        "minute": 40,
        "second": 49,
        "nano": 0
      }
    },
    "citySender": "Новоград-Волинський",
    "cityRecipient": "Львів"
  },
  {
    "number": 59000455813811,
    "dateTime": {
      "date": {
        "year": 2019,
        "month": 10,
        "day": 18
      },
      "time": {
        "hour": 9,
        "minute": 40,
        "second": 46,
        "nano": 0
      }
    },
    "citySender": "Дрогобич",
    "cityRecipient": "Полтава"
  },
  {
    "number": 59000455813812,
    "dateTime": {
      "date": {
        "year": 2019,
        "month": 10,
        "day": 18
      },
      "time": {
        "hour": 9,
        "minute": 41,
        "second": 12,
        "nano": 0
      }
    },
    "citySender": "Остер",
    "cityRecipient": "Компаніївка"
  },
  {
    "number": 59000455813813,
    "dateTime": {
      "date": {
        "year": 2019,
        "month": 10,
        "day": 18
      },
      "time": {
        "hour": 9,
        "minute": 40,
        "second": 57,
        "nano": 0
      }
    },
    "citySender": "Рівне",
    "cityRecipient": "Вараш"
  },
  {
    "number": 59000455813814,
    "dateTime": {
      "date": {
        "year": 2019,
        "month": 10,
        "day": 18
      },
      "time": {
        "hour": 9,
        "minute": 41,
        "second": 10,
        "nano": 0
      }
    },
    "citySender": "Київ",
    "cityRecipient": "Чернігів"
  },
  {
    "number": 59000455813815,
    "dateTime": {
      "date": {
        "year": 2019,
        "month": 10,
        "day": 18
      },
      "time": {
        "hour": 9,
        "minute": 36,
        "second": 36,
        "nano": 0
      }
    },
    "citySender": "Золочів (Львівська обл.)",
    "cityRecipient": "Вінниця"
  },
  {
    "number": 59000455813816,
    "dateTime": {
      "date": {
        "year": 2019,
        "month": 10,
        "day": 18
      },
      "time": {
        "hour": 9,
        "minute": 41,
        "second": 28,
        "nano": 0
      }
    },
    "citySender": "Запоріжжя",
    "cityRecipient": "Київ"
  },
  {
    "number": 59000455813817,
    "dateTime": {
      "date": {
        "year": 2019,
        "month": 10,
        "day": 18
      },
      "time": {
        "hour": 9,
        "minute": 40,
        "second": 43,
        "nano": 0
      }
    },
    "citySender": "Кременець",
    "cityRecipient": "Фастів"
  },
  {
    "number": 59000455813818,
    "dateTime": {
      "date": {
        "year": 2019,
        "month": 10,
        "day": 18
      },
      "time": {
        "hour": 9,
        "minute": 41,
        "second": 35,
        "nano": 0
      }
    },
    "citySender": "Опитне (Бахмутський р-н)",
    "cityRecipient": "Андрушівка"
  },
  {
    "number": 59000455813819,
    "dateTime": {
      "date": {
        "year": 2019,
        "month": 10,
        "day": 18
      },
      "time": {
        "hour": 9,
        "minute": 41,
        "second": 3,
        "nano": 0
      }
    },
    "citySender": "Полтава",
    "cityRecipient": "Гуляйполе"
  },
  {
    "number": 59000455813820,
    "dateTime": {
      "date": {
        "year": 2019,
        "month": 10,
        "day": 18
      },
      "time": {
        "hour": 9,
        "minute": 41,
        "second": 36,
        "nano": 0
      }
    },
    "citySender": "Нова Водолага",
    "cityRecipient": "Одеса"
  },
  {
    "number": 59000455813821,
    "dateTime": {
      "date": {
        "year": 2019,
        "month": 10,
        "day": 18
      },
      "time": {
        "hour": 9,
        "minute": 41,
        "second": 19,
        "nano": 0
      }
    },
    "citySender": "Івано-Франківськ",
    "cityRecipient": "Кельменці"
  },
  {
    "number": 59000455813822,
    "dateTime": {
      "date": {
        "year": 2019,
        "month": 10,
        "day": 18
      },
      "time": {
        "hour": 9,
        "minute": 41,
        "second": 34,
        "nano": 0
      }
    },
    "citySender": "Гадяч",
    "cityRecipient": "Кропивницький"
  },
  {
    "number": 59000455813823,
    "dateTime": {
      "date": {
        "year": 2019,
        "month": 10,
        "day": 18
      },
      "time": {
        "hour": 9,
        "minute": 41,
        "second": 23,
        "nano": 0
      }
    },
    "citySender": "Краматорськ",
    "cityRecipient": "Київ"
  },
  {
    "number": 59000455813824,
    "dateTime": {
      "date": {
        "year": 2019,
        "month": 10,
        "day": 18
      },
      "time": {
        "hour": 9,
        "minute": 41,
        "second": 16,
        "nano": 0
      }
    },
    "citySender": "Київ",
    "cityRecipient": "Харків"
  },
  {
    "number": 59000455813825,
    "dateTime": {
      "date": {
        "year": 2019,
        "month": 10,
        "day": 18
      },
      "time": {
        "hour": 9,
        "minute": 40,
        "second": 3,
        "nano": 0
      }
    },
    "citySender": "Вільне (Криворізький р-н)",
    "cityRecipient": "Харків"
  },
  {
    "number": 59000455813826,
    "dateTime": {
      "date": {
        "year": 2019,
        "month": 10,
        "day": 18
      },
      "time": {
        "hour": 9,
        "minute": 40,
        "second": 12,
        "nano": 0
      }
    },
    "citySender": "Павлоград",
    "cityRecipient": "Дніпро"
  },
  {
    "number": 59000455813827,
    "dateTime": {
      "date": {
        "year": 2019,
        "month": 10,
        "day": 18
      },
      "time": {
        "hour": 9,
        "minute": 41,
        "second": 19,
        "nano": 0
      }
    },
    "citySender": "Першотравенськ (Дніпропетровська обл)",
    "cityRecipient": "Одеса"
  },
  {
    "number": 59000455813828,
    "dateTime": {
      "date": {
        "year": 2019,
        "month": 10,
        "day": 18
      },
      "time": {
        "hour": 9,
        "minute": 40,
        "second": 54,
        "nano": 0
      }
    },
    "citySender": "Одеса",
    "cityRecipient": "Харків"
  },
  {
    "number": 59000455813829,
    "dateTime": {
      "date": {
        "year": 2019,
        "month": 10,
        "day": 18
      },
      "time": {
        "hour": 9,
        "minute": 41,
        "second": 30,
        "nano": 0
      }
    },
    "citySender": "Суми",
    "cityRecipient": "Новомосковськ"
  },
  {
    "number": 59000455813830,
    "dateTime": {
      "date": {
        "year": 2019,
        "month": 10,
        "day": 18
      },
      "time": {
        "hour": 9,
        "minute": 41,
        "second": 9,
        "nano": 0
      }
    },
    "citySender": "Новодністровськ",
    "cityRecipient": "Запоріжжя"
  },
  {
    "number": 59000455813831,
    "dateTime": {
      "date": {
        "year": 2019,
        "month": 10,
        "day": 18
      },
      "time": {
        "hour": 9,
        "minute": 41,
        "second": 32,
        "nano": 0
      }
    },
    "citySender": "Одеса",
    "cityRecipient": "Южне"
  },
  {
    "number": 59000455813832,
    "dateTime": {
      "date": {
        "year": 2019,
        "month": 10,
        "day": 18
      },
      "time": {
        "hour": 9,
        "minute": 40,
        "second": 42,
        "nano": 0
      }
    },
    "citySender": "Київ",
    "cityRecipient": "Київ"
  },
  {
    "number": 59000455813833,
    "dateTime": {
      "date": {
        "year": 2019,
        "month": 10,
        "day": 18
      },
      "time": {
        "hour": 9,
        "minute": 40,
        "second": 26,
        "nano": 0
      }
    },
    "citySender": "Клевань",
    "cityRecipient": "Харків"
  },
  {
    "number": 59000455813834,
    "dateTime": {
      "date": {
        "year": 2019,
        "month": 10,
        "day": 18
      },
      "time": {
        "hour": 9,
        "minute": 40,
        "second": 52,
        "nano": 0
      }
    },
    "citySender": "Великий Бурлук",
    "cityRecipient": "Житомир"
  },
  {
    "number": 59000455813835,
    "dateTime": {
      "date": {
        "year": 2019,
        "month": 10,
        "day": 18
      },
      "time": {
        "hour": 9,
        "minute": 41,
        "second": 37,
        "nano": 0
      }
    },
    "citySender": "Тетіїв",
    "cityRecipient": "Київ"
  },
  {
    "number": 59000455813836,
    "dateTime": {
      "date": {
        "year": 2019,
        "month": 10,
        "day": 18
      },
      "time": {
        "hour": 9,
        "minute": 39,
        "second": 44,
        "nano": 0
      }
    },
    "citySender": "Петрівка-Роменська",
    "cityRecipient": "Київ"
  },
  {
    "number": 59000455813837,
    "dateTime": {
      "date": {
        "year": 2019,
        "month": 10,
        "day": 18
      },
      "time": {
        "hour": 9,
        "minute": 40,
        "second": 46,
        "nano": 0
      }
    },
    "citySender": "Київ",
    "cityRecipient": "Приморськ (Запорізька обл.)"
  },
  {
    "number": 59000455813838,
    "dateTime": {
      "date": {
        "year": 2019,
        "month": 10,
        "day": 18
      },
      "time": {
        "hour": 9,
        "minute": 41,
        "second": 17,
        "nano": 0
      }
    },
    "citySender": "Кременчук",
    "cityRecipient": "Тернівка"
  },
  {
    "number": 59000455813839,
    "dateTime": {
      "date": {
        "year": 2019,
        "month": 10,
        "day": 18
      },
      "time": {
        "hour": 9,
        "minute": 41,
        "second": 12,
        "nano": 0
      }
    },
    "citySender": "Баришівка",
    "cityRecipient": "Київ"
  },
  {
    "number": 59000455813840,
    "dateTime": {
      "date": {
        "year": 2019,
        "month": 10,
        "day": 18
      },
      "time": {
        "hour": 9,
        "minute": 41,
        "second": 9,
        "nano": 0
      }
    },
    "citySender": "Фонтанка",
    "cityRecipient": "Десна (Чернігівська обл.)"
  },
  {
    "number": 59000455813841,
    "dateTime": {
      "date": {
        "year": 2019,
        "month": 10,
        "day": 18
      },
      "time": {
        "hour": 9,
        "minute": 41,
        "second": 10,
        "nano": 0
      }
    },
    "citySender": "Харків",
    "cityRecipient": "Брюховичі"
  },
  {
    "number": 59000455813842,
    "dateTime": {
      "date": {
        "year": 2019,
        "month": 10,
        "day": 18
      },
      "time": {
        "hour": 9,
        "minute": 41,
        "second": 24,
        "nano": 0
      }
    },
    "citySender": "Прилуки",
    "cityRecipient": "Черкаси"
  },
  {
    "number": 59000455813843,
    "dateTime": {
      "date": {
        "year": 2019,
        "month": 10,
        "day": 18
      },
      "time": {
        "hour": 9,
        "minute": 41,
        "second": 43,
        "nano": 0
      }
    },
    "citySender": "Чернівці",
    "cityRecipient": "Харків"
  },
  {
    "number": 59000455813844,
    "dateTime": {
      "date": {
        "year": 2019,
        "month": 10,
        "day": 18
      },
      "time": {
        "hour": 9,
        "minute": 41,
        "second": 34,
        "nano": 0
      }
    },
    "citySender": "Требухів",
    "cityRecipient": "Київ"
  },
  {
    "number": 59000455813845,
    "dateTime": {
      "date": {
        "year": 2019,
        "month": 10,
        "day": 18
      },
      "time": {
        "hour": 9,
        "minute": 39,
        "second": 36,
        "nano": 0
      }
    },
    "citySender": "Кольчино",
    "cityRecipient": "Київ"
  },
  {
    "number": 59000455813846,
    "dateTime": {
      "date": {
        "year": 2019,
        "month": 10,
        "day": 18
      },
      "time": {
        "hour": 9,
        "minute": 40,
        "second": 30,
        "nano": 0
      }
    },
    "citySender": "Харків",
    "cityRecipient": "Ірпінь"
  },
  {
    "number": 59000455813847,
    "dateTime": {
      "date": {
        "year": 2019,
        "month": 10,
        "day": 18
      },
      "time": {
        "hour": 9,
        "minute": 41,
        "second": 34,
        "nano": 0
      }
    },
    "citySender": "Кринички",
    "cityRecipient": "Харків"
  },
  {
    "number": 59000455813849,
    "dateTime": {
      "date": {
        "year": 2019,
        "month": 10,
        "day": 18
      },
      "time": {
        "hour": 9,
        "minute": 40,
        "second": 30,
        "nano": 0
      }
    },
    "citySender": "Кам\u0027янець-Подільський",
    "cityRecipient": "Кіцмань"
  },
  {
    "number": 59000455813850,
    "dateTime": {
      "date": {
        "year": 2019,
        "month": 10,
        "day": 18
      },
      "time": {
        "hour": 9,
        "minute": 40,
        "second": 58,
        "nano": 0
      }
    },
    "citySender": "Таранівка",
    "cityRecipient": "Бориспіль"
  },
  {
    "number": 59000455813851,
    "dateTime": {
      "date": {
        "year": 2019,
        "month": 10,
        "day": 18
      },
      "time": {
        "hour": 9,
        "minute": 40,
        "second": 57,
        "nano": 0
      }
    },
    "citySender": "Новомосковськ",
    "cityRecipient": "Старі Безрадичі"
  },
  {
    "number": 59000455813852,
    "dateTime": {
      "date": {
        "year": 2019,
        "month": 10,
        "day": 18
      },
      "time": {
        "hour": 9,
        "minute": 41,
        "second": 23,
        "nano": 0
      }
    },
    "citySender": "Кам\u0027янець-Подільський",
    "cityRecipient": "Миколаїв"
  },
  {
    "number": 59000455813853,
    "dateTime": {
      "date": {
        "year": 2019,
        "month": 10,
        "day": 18
      },
      "time": {
        "hour": 9,
        "minute": 40,
        "second": 43,
        "nano": 0
      }
    },
    "citySender": "Чорнобаївка",
    "cityRecipient": "Черкаси"
  },
  {
    "number": 59000455813854,
    "dateTime": {
      "date": {
        "year": 2019,
        "month": 10,
        "day": 18
      },
      "time": {
        "hour": 9,
        "minute": 41,
        "second": 27,
        "nano": 0
      }
    },
    "citySender": "Покровськ (Донецька обл.)",
    "cityRecipient": "Охтирка"
  },
  {
    "number": 59000455813855,
    "dateTime": {
      "date": {
        "year": 2019,
        "month": 10,
        "day": 18
      },
      "time": {
        "hour": 9,
        "minute": 41,
        "second": 22,
        "nano": 0
      }
    },
    "citySender": "Тернопіль",
    "cityRecipient": "Оржиця"
  },
  {
    "number": 59000455813856,
    "dateTime": {
      "date": {
        "year": 2019,
        "month": 10,
        "day": 18
      },
      "time": {
        "hour": 9,
        "minute": 41,
        "second": 24,
        "nano": 0
      }
    },
    "citySender": "Тернопіль",
    "cityRecipient": "Першотравенськ (Дніпропетровська обл)"
  },
  {
    "number": 59000455813857,
    "dateTime": {
      "date": {
        "year": 2019,
        "month": 10,
        "day": 18
      },
      "time": {
        "hour": 9,
        "minute": 40,
        "second": 49,
        "nano": 0
      }
    },
    "citySender": "Березань",
    "cityRecipient": "Сіверськ"
  },
  {
    "number": 59000455813858,
    "dateTime": {
      "date": {
        "year": 2019,
        "month": 10,
        "day": 18
      },
      "time": {
        "hour": 9,
        "minute": 41,
        "second": 36,
        "nano": 0
      }
    },
    "citySender": "Чернігів",
    "cityRecipient": "Полтава"
  },
  {
    "number": 59000455813859,
    "dateTime": {
      "date": {
        "year": 2019,
        "month": 10,
        "day": 18
      },
      "time": {
        "hour": 9,
        "minute": 41,
        "second": 39,
        "nano": 0
      }
    },
    "citySender": "Київ",
    "cityRecipient": "Вінницькі Хутори"
  },
  {
    "number": 59000455813861,
    "dateTime": {
      "date": {
        "year": 2019,
        "month": 10,
        "day": 18
      },
      "time": {
        "hour": 9,
        "minute": 41,
        "second": 43,
        "nano": 0
      }
    },
    "citySender": "Кам\u0027янське(Дніпропетровська обл)",
    "cityRecipient": "Кам\u0027янське(Дніпропетровська обл)"
  },
  {
    "number": 59000455813862,
    "dateTime": {
      "date": {
        "year": 2019,
        "month": 10,
        "day": 18
      },
      "time": {
        "hour": 9,
        "minute": 41,
        "second": 16,
        "nano": 0
      }
    },
    "citySender": "Новомосковськ",
    "cityRecipient": "Миргород"
  },
  {
    "number": 59000455813863,
    "dateTime": {
      "date": {
        "year": 2019,
        "month": 10,
        "day": 18
      },
      "time": {
        "hour": 9,
        "minute": 41,
        "second": 39,
        "nano": 0
      }
    },
    "citySender": "Бориспіль",
    "cityRecipient": "Чайки"
  },
  {
    "number": 59000455813864,
    "dateTime": {
      "date": {
        "year": 2019,
        "month": 10,
        "day": 18
      },
      "time": {
        "hour": 9,
        "minute": 40,
        "second": 59,
        "nano": 0
      }
    },
    "citySender": "Хмельницький",
    "cityRecipient": "Житомир"
  },
  {
    "number": 59000455813865,
    "dateTime": {
      "date": {
        "year": 2019,
        "month": 10,
        "day": 18
      },
      "time": {
        "hour": 9,
        "minute": 41,
        "second": 14,
        "nano": 0
      }
    },
    "citySender": "Дубове",
    "cityRecipient": "Коростень"
  },
  {
    "number": 59000455813866,
    "dateTime": {
      "date": {
        "year": 2019,
        "month": 10,
        "day": 18
      },
      "time": {
        "hour": 9,
        "minute": 41,
        "second": 46,
        "nano": 0
      }
    },
    "citySender": "Червоноград (Львівська обл.)",
    "cityRecipient": "Львів"
  },
  {
    "number": 59000455813867,
    "dateTime": {
      "date": {
        "year": 2019,
        "month": 10,
        "day": 18
      },
      "time": {
        "hour": 9,
        "minute": 41,
        "second": 8,
        "nano": 0
      }
    },
    "citySender": "Золочів (Львівська обл.)",
    "cityRecipient": "Стрілковичі"
  },
  {
    "number": 59000455813868,
    "dateTime": {
      "date": {
        "year": 2019,
        "month": 10,
        "day": 18
      },
      "time": {
        "hour": 9,
        "minute": 40,
        "second": 43,
        "nano": 0
      }
    },
    "citySender": "Житомир",
    "cityRecipient": "Полтава"
  },
  {
    "number": 59000455813869,
    "dateTime": {
      "date": {
        "year": 2019,
        "month": 10,
        "day": 18
      },
      "time": {
        "hour": 9,
        "minute": 41,
        "second": 29,
        "nano": 0
      }
    },
    "citySender": "Свалява",
    "cityRecipient": "Губарівка"
  },
  {
    "number": 59000455813870,
    "dateTime": {
      "date": {
        "year": 2019,
        "month": 10,
        "day": 18
      },
      "time": {
        "hour": 9,
        "minute": 41,
        "second": 49,
        "nano": 0
      }
    },
    "citySender": "Одеса",
    "cityRecipient": "Київ"
  },
  {
    "number": 59000455813871,
    "dateTime": {
      "date": {
        "year": 2019,
        "month": 10,
        "day": 18
      },
      "time": {
        "hour": 9,
        "minute": 41,
        "second": 18,
        "nano": 0
      }
    },
    "citySender": "Шепетівка",
    "cityRecipient": "Рівне"
  },
  {
    "number": 59000455813872,
    "dateTime": {
      "date": {
        "year": 2019,
        "month": 10,
        "day": 18
      },
      "time": {
        "hour": 9,
        "minute": 41,
        "second": 15,
        "nano": 0
      }
    },
    "citySender": "Дубляни (Львів.обл.,Жовків.р-н)",
    "cityRecipient": "Дніпровка (Запорізька обл.)"
  },
  {
    "number": 59000455813873,
    "dateTime": {
      "date": {
        "year": 2019,
        "month": 10,
        "day": 18
      },
      "time": {
        "hour": 9,
        "minute": 41,
        "second": 34,
        "nano": 0
      }
    },
    "citySender": "Чернівці",
    "cityRecipient": "Бровари"
  },
  {
    "number": 59000455813874,
    "dateTime": {
      "date": {
        "year": 2019,
        "month": 10,
        "day": 18
      },
      "time": {
        "hour": 9,
        "minute": 41,
        "second": 10,
        "nano": 0
      }
    },
    "citySender": "Одеса",
    "cityRecipient": "Харків"
  },
  {
    "number": 59000455813875,
    "dateTime": {
      "date": {
        "year": 2019,
        "month": 10,
        "day": 18
      },
      "time": {
        "hour": 9,
        "minute": 41,
        "second": 26,
        "nano": 0
      }
    },
    "citySender": "Київ",
    "cityRecipient": "Дніпро"
  },
  {
    "number": 59000455813876,
    "dateTime": {
      "date": {
        "year": 2019,
        "month": 10,
        "day": 18
      },
      "time": {
        "hour": 9,
        "minute": 41,
        "second": 25,
        "nano": 0
      }
    },
    "citySender": "Коломия",
    "cityRecipient": "Кременчук"
  },
  {
    "number": 59000455813877,
    "dateTime": {
      "date": {
        "year": 2019,
        "month": 10,
        "day": 18
      },
      "time": {
        "hour": 9,
        "minute": 41,
        "second": 15,
        "nano": 0
      }
    },
    "citySender": "Тернопіль",
    "cityRecipient": "Бобровиця"
  },
  {
    "number": 59000455813878,
    "dateTime": {
      "date": {
        "year": 2019,
        "month": 10,
        "day": 18
      },
      "time": {
        "hour": 9,
        "minute": 41,
        "second": 52,
        "nano": 0
      }
    },
    "citySender": "Слов\u0027янськ",
    "cityRecipient": "Харків"
  },
  {
    "number": 59000455813879,
    "dateTime": {
      "date": {
        "year": 2019,
        "month": 10,
        "day": 18
      },
      "time": {
        "hour": 9,
        "minute": 41,
        "second": 47,
        "nano": 0
      }
    },
    "citySender": "Чугуїв",
    "cityRecipient": "Студеники"
  },
  {
    "number": 59000455813880,
    "dateTime": {
      "date": {
        "year": 2019,
        "month": 10,
        "day": 18
      },
      "time": {
        "hour": 9,
        "minute": 41,
        "second": 33,
        "nano": 0
      }
    },
    "citySender": "Сміла",
    "cityRecipient": "Одеса"
  }
]