[
  {
    "number": 59000455838764,
    "dateTime": {
      "date": {
        "year": 2019,
        "month": 10,
        "day": 18
      },
      "time": {
        "hour": 11,
        "minute": 2,
        "second": 32,
        "nano": 0
      }
    },
    "citySender": "Київ",
    "cityRecipient": "Дніпро"
  },
  {
    "number": 59000455838768,
    "dateTime": {
      "date": {
        "year": 2019,
        "month": 10,
        "day": 18
      },
      "time": {
        "hour": 11,
        "minute": 2,
        "second": 11,
        "nano": 0
      }
    },
    "citySender": "Харків",
    "cityRecipient": "Дніпро"
  },
  {
    "number": 59000455838769,
    "dateTime": {
      "date": {
        "year": 2019,
        "month": 10,
        "day": 18
      },
      "time": {
        "hour": 11,
        "minute": 2,
        "second": 41,
        "nano": 0
      }
    },
    "citySender": "Дніпро",
    "cityRecipient": "Київ"
  },
  {
    "number": 59000455838770,
    "dateTime": {
      "date": {
        "year": 2019,
        "month": 10,
        "day": 18
      },
      "time": {
        "hour": 11,
        "minute": 2,
        "second": 21,
        "nano": 0
      }
    },
    "citySender": "Нікольське (Володарський р-н., Донецька обл.)",
    "cityRecipient": "Ясень"
  },
  {
    "number": 59000455838771,
    "dateTime": {
      "date": {
        "year": 2019,
        "month": 10,
        "day": 18
      },
      "time": {
        "hour": 11,
        "minute": 0,
        "second": 41,
        "nano": 0
      }
    },
    "citySender": "Пісківка",
    "cityRecipient": "Київ"
  },
  {
    "number": 59000455838772,
    "dateTime": {
      "date": {
        "year": 2019,
        "month": 10,
        "day": 18
      },
      "time": {
        "hour": 11,
        "minute": 2,
        "second": 26,
        "nano": 0
      }
    },
    "citySender": "Кривий Ріг",
    "cityRecipient": "Київ"
  },
  {
    "number": 59000455838773,
    "dateTime": {
      "date": {
        "year": 2019,
        "month": 10,
        "day": 18
      },
      "time": {
        "hour": 11,
        "minute": 2,
        "second": 30,
        "nano": 0
      }
    },
    "citySender": "Київ",
    "cityRecipient": "Дніпро"
  },
  {
    "number": 59000455838774,
    "dateTime": {
      "date": {
        "year": 2019,
        "month": 10,
        "day": 18
      },
      "time": {
        "hour": 11,
        "minute": 2,
        "second": 34,
        "nano": 0
      }
    },
    "citySender": "Косів",
    "cityRecipient": "Кам\u0027янське(Дніпропетровська обл)"
  },
  {
    "number": 59000455838775,
    "dateTime": {
      "date": {
        "year": 2019,
        "month": 10,
        "day": 18
      },
      "time": {
        "hour": 11,
        "minute": 2,
        "second": 41,
        "nano": 0
      }
    },
    "citySender": "Мукачево",
    "cityRecipient": "Київ"
  },
  {
    "number": 59000455838776,
    "dateTime": {
      "date": {
        "year": 2019,
        "month": 10,
        "day": 18
      },
      "time": {
        "hour": 11,
        "minute": 2,
        "second": 28,
        "nano": 0
      }
    },
    "citySender": "Київ",
    "cityRecipient": "Київ"
  },
  {
    "number": 59000455838777,
    "dateTime": {
      "date": {
        "year": 2019,
        "month": 10,
        "day": 18
      },
      "time": {
        "hour": 11,
        "minute": 2,
        "second": 0,
        "nano": 0
      }
    },
    "citySender": "Дмитрівка (Чернігівська обл.)",
    "cityRecipient": "Кременчук"
  },
  {
    "number": 59000455838778,
    "dateTime": {
      "date": {
        "year": 2019,
        "month": 10,
        "day": 18
      },
      "time": {
        "hour": 11,
        "minute": 2,
        "second": 24,
        "nano": 0
      }
    },
    "citySender": "Київ",
    "cityRecipient": "Дніпро"
  },
  {
    "number": 59000455838779,
    "dateTime": {
      "date": {
        "year": 2019,
        "month": 10,
        "day": 18
      },
      "time": {
        "hour": 10,
        "minute": 59,
        "second": 32,
        "nano": 0
      }
    },
    "citySender": "Львів",
    "cityRecipient": "Київ"
  },
  {
    "number": 59000455838780,
    "dateTime": {
      "date": {
        "year": 2019,
        "month": 10,
        "day": 18
      },
      "time": {
        "hour": 11,
        "minute": 2,
        "second": 43,
        "nano": 0
      }
    },
    "citySender": "Угринів (Тисменицький р-н., Івано-Франк. обл.)",
    "cityRecipient": "Кременчук"
  },
  {
    "number": 59000455838781,
    "dateTime": {
      "date": {
        "year": 2019,
        "month": 10,
        "day": 18
      },
      "time": {
        "hour": 11,
        "minute": 2,
        "second": 12,
        "nano": 0
      }
    },
    "citySender": "Велика Димерка",
    "cityRecipient": "Харків"
  },
  {
    "number": 59000455838782,
    "dateTime": {
      "date": {
        "year": 2019,
        "month": 10,
        "day": 18
      },
      "time": {
        "hour": 11,
        "minute": 2,
        "second": 26,
        "nano": 0
      }
    },
    "citySender": "Шостка",
    "cityRecipient": "Київ"
  },
  {
    "number": 59000455838783,
    "dateTime": {
      "date": {
        "year": 2019,
        "month": 10,
        "day": 18
      },
      "time": {
        "hour": 11,
        "minute": 2,
        "second": 11,
        "nano": 0
      }
    },
    "citySender": "Каховка",
    "cityRecipient": "Одеса"
  },
  {
    "number": 59000455838784,
    "dateTime": {
      "date": {
        "year": 2019,
        "month": 10,
        "day": 18
      },
      "time": {
        "hour": 10,
        "minute": 59,
        "second": 31,
        "nano": 0
      }
    },
    "citySender": "Хмельницький",
    "cityRecipient": "Хмельницький"
  },
  {
    "number": 59000455838785,
    "dateTime": {
      "date": {
        "year": 2019,
        "month": 10,
        "day": 18
      },
      "time": {
        "hour": 11,
        "minute": 1,
        "second": 52,
        "nano": 0
      }
    },
    "citySender": "Хоростків",
    "cityRecipient": "Бучач"
  },
  {
    "number": 59000455838786,
    "dateTime": {
      "date": {
        "year": 2019,
        "month": 10,
        "day": 18
      },
      "time": {
        "hour": 11,
        "minute": 2,
        "second": 0,
        "nano": 0
      }
    },
    "citySender": "Київ",
    "cityRecipient": "Бердичів"
  },
  {
    "number": 59000455838787,
    "dateTime": {
      "date": {
        "year": 2019,
        "month": 10,
        "day": 18
      },
      "time": {
        "hour": 11,
        "minute": 2,
        "second": 35,
        "nano": 0
      }
    },
    "citySender": "Запоріжжя",
    "cityRecipient": "Київ"
  },
  {
    "number": 59000455838788,
    "dateTime": {
      "date": {
        "year": 2019,
        "month": 10,
        "day": 18
      },
      "time": {
        "hour": 11,
        "minute": 2,
        "second": 12,
        "nano": 0
      }
    },
    "citySender": "Буча",
    "cityRecipient": "Херсон"
  },
  {
    "number": 59000455838789,
    "dateTime": {
      "date": {
        "year": 2019,
        "month": 10,
        "day": 18
      },
      "time": {
        "hour": 11,
        "minute": 2,
        "second": 33,
        "nano": 0
      }
    },
    "citySender": "Миколаїв",
    "cityRecipient": "Київ"
  },
  {
    "number": 59000455838790,
    "dateTime": {
      "date": {
        "year": 2019,
        "month": 10,
        "day": 18
      },
      "time": {
        "hour": 11,
        "minute": 2,
        "second": 27,
        "nano": 0
      }
    },
    "citySender": "Ірпінь",
    "cityRecipient": "Вугледар"
  },
  {
    "number": 59000455838791,
    "dateTime": {
      "date": {
        "year": 2019,
        "month": 10,
        "day": 18
      },
      "time": {
        "hour": 11,
        "minute": 2,
        "second": 4,
        "nano": 0
      }
    },
    "citySender": "Львів",
    "cityRecipient": "Запоріжжя"
  },
  {
    "number": 59000455838792,
    "dateTime": {
      "date": {
        "year": 2019,
        "month": 10,
        "day": 18
      },
      "time": {
        "hour": 11,
        "minute": 2,
        "second": 8,
        "nano": 0
      }
    },
    "citySender": "Одеса",
    "cityRecipient": "Піщанка (Вінницька обл.)"
  },
  {
    "number": 59000455838793,
    "dateTime": {
      "date": {
        "year": 2019,
        "month": 10,
        "day": 18
      },
      "time": {
        "hour": 11,
        "minute": 2,
        "second": 45,
        "nano": 0
      }
    },
    "citySender": "Харків",
    "cityRecipient": "Київ"
  },
  {
    "number": 59000455838794,
    "dateTime": {
      "date": {
        "year": 2019,
        "month": 10,
        "day": 18
      },
      "time": {
        "hour": 11,
        "minute": 1,
        "second": 46,
        "nano": 0
      }
    },
    "citySender": "Мелітополь",
    "cityRecipient": "Дніпро"
  },
  {
    "number": 59000455838795,
    "dateTime": {
      "date": {
        "year": 2019,
        "month": 10,
        "day": 18
      },
      "time": {
        "hour": 11,
        "minute": 1,
        "second": 50,
        "nano": 0
      }
    },
    "citySender": "Київ",
    "cityRecipient": "Львів"
  },
  {
    "number": 59000455838797,
    "dateTime": {
      "date": {
        "year": 2019,
        "month": 10,
        "day": 18
      },
      "time": {
        "hour": 11,
        "minute": 2,
        "second": 27,
        "nano": 0
      }
    },
    "citySender": "Христинівка",
    "cityRecipient": "Київ"
  },
  {
    "number": 59000455838798,
    "dateTime": {
      "date": {
        "year": 2019,
        "month": 10,
        "day": 18
      },
      "time": {
        "hour": 11,
        "minute": 1,
        "second": 39,
        "nano": 0
      }
    },
    "citySender": "Кривий Ріг",
    "cityRecipient": "Ніжин"
  },
  {
    "number": 59000455838799,
    "dateTime": {
      "date": {
        "year": 2019,
        "month": 10,
        "day": 18
      },
      "time": {
        "hour": 11,
        "minute": 2,
        "second": 24,
        "nano": 0
      }
    },
    "citySender": "Вінниця",
    "cityRecipient": "Луцьк"
  },
  {
    "number": 59000455838800,
    "dateTime": {
      "date": {
        "year": 2019,
        "month": 10,
        "day": 18
      },
      "time": {
        "hour": 11,
        "minute": 1,
        "second": 47,
        "nano": 0
      }
    },
    "citySender": "Лука-Мелешківська",
    "cityRecipient": "Харків"
  },
  {
    "number": 59000455838801,
    "dateTime": {
      "date": {
        "year": 2019,
        "month": 10,
        "day": 18
      },
      "time": {
        "hour": 11,
        "minute": 2,
        "second": 19,
        "nano": 0
      }
    },
    "citySender": "Борзна",
    "cityRecipient": "Трускавець"
  },
  {
    "number": 59000455838802,
    "dateTime": {
      "date": {
        "year": 2019,
        "month": 10,
        "day": 18
      },
      "time": {
        "hour": 11,
        "minute": 2,
        "second": 33,
        "nano": 0
      }
    },
    "citySender": "Харків",
    "cityRecipient": "Полтава"
  },
  {
    "number": 59000455838803,
    "dateTime": {
      "date": {
        "year": 2019,
        "month": 10,
        "day": 18
      },
      "time": {
        "hour": 11,
        "minute": 1,
        "second": 42,
        "nano": 0
      }
    },
    "citySender": "Хмельницький",
    "cityRecipient": "Львів"
  },
  {
    "number": 59000455838804,
    "dateTime": {
      "date": {
        "year": 2019,
        "month": 10,
        "day": 18
      },
      "time": {
        "hour": 11,
        "minute": 2,
        "second": 39,
        "nano": 0
      }
    },
    "citySender": "Луцьк",
    "cityRecipient": "Українка"
  },
  {
    "number": 59000455838805,
    "dateTime": {
      "date": {
        "year": 2019,
        "month": 10,
        "day": 18
      },
      "time": {
        "hour": 11,
        "minute": 0,
        "second": 56,
        "nano": 0
      }
    },
    "citySender": "Миколаїв (Львівська обл., Миколаївський р-н)",
    "cityRecipient": "Нетішин"
  },
  {
    "number": 59000455838806,
    "dateTime": {
      "date": {
        "year": 2019,
        "month": 10,
        "day": 18
      },
      "time": {
        "hour": 11,
        "minute": 2,
        "second": 28,
        "nano": 0
      }
    },
    "citySender": "Одеса",
    "cityRecipient": "Суми"
  },
  {
    "number": 59000455838807,
    "dateTime": {
      "date": {
        "year": 2019,
        "month": 10,
        "day": 18
      },
      "time": {
        "hour": 11,
        "minute": 2,
        "second": 21,
        "nano": 0
      }
    },
    "citySender": "Київ",
    "cityRecipient": "Краматорськ"
  },
  {
    "number": 59000455838808,
    "dateTime": {
      "date": {
        "year": 2019,
        "month": 10,
        "day": 18
      },
      "time": {
        "hour": 11,
        "minute": 2,
        "second": 31,
        "nano": 0
      }
    },
    "citySender": "Київ",
    "cityRecipient": "Лисичанськ"
  },
  {
    "number": 59000455838809,
    "dateTime": {
      "date": {
        "year": 2019,
        "month": 10,
        "day": 18
      },
      "time": {
        "hour": 11,
        "minute": 2,
        "second": 47,
        "nano": 0
      }
    },
    "citySender": "Запоріжжя",
    "cityRecipient": "Дніпро"
  },
  {
    "number": 59000455838810,
    "dateTime": {
      "date": {
        "year": 2019,
        "month": 10,
        "day": 18
      },
      "time": {
        "hour": 11,
        "minute": 2,
        "second": 15,
        "nano": 0
      }
    },
    "citySender": "Перещепине",
    "cityRecipient": "Харків"
  },
  {
    "number": 59000455838811,
    "dateTime": {
      "date": {
        "year": 2019,
        "month": 10,
        "day": 18
      },
      "time": {
        "hour": 11,
        "minute": 2,
        "second": 47,
        "nano": 0
      }
    },
    "citySender": "Київ",
    "cityRecipient": "Київ"
  },
  {
    "number": 59000455838812,
    "dateTime": {
      "date": {
        "year": 2019,
        "month": 10,
        "day": 18
      },
      "time": {
        "hour": 11,
        "minute": 2,
        "second": 43,
        "nano": 0
      }
    },
    "citySender": "Острів",
    "cityRecipient": "Острог"
  },
  {
    "number": 59000455838813,
    "dateTime": {
      "date": {
        "year": 2019,
        "month": 10,
        "day": 18
      },
      "time": {
        "hour": 11,
        "minute": 2,
        "second": 45,
        "nano": 0
      }
    },
    "citySender": "Тарутине",
    "cityRecipient": "Одеса"
  },
  {
    "number": 59000455838814,
    "dateTime": {
      "date": {
        "year": 2019,
        "month": 10,
        "day": 18
      },
      "time": {
        "hour": 11,
        "minute": 2,
        "second": 46,
        "nano": 0
      }
    },
    "citySender": "Київ",
    "cityRecipient": "Київ"
  },
  {
    "number": 59000455838815,
    "dateTime": {
      "date": {
        "year": 2019,
        "month": 10,
        "day": 18
      },
      "time": {
        "hour": 11,
        "minute": 2,
        "second": 42,
        "nano": 0
      }
    },
    "citySender": "Турбів",
    "cityRecipient": "Ковель"
  },
  {
    "number": 59000455838816,
    "dateTime": {
      "date": {
        "year": 2019,
        "month": 10,
        "day": 18
      },
      "time": {
        "hour": 11,
        "minute": 2,
        "second": 38,
        "nano": 0
      }
    },
    "citySender": "Нововолинськ",
    "cityRecipient": "Київ"
  },
  {
    "number": 59000455838817,
    "dateTime": {
      "date": {
        "year": 2019,
        "month": 10,
        "day": 18
      },
      "time": {
        "hour": 11,
        "minute": 2,
        "second": 6,
        "nano": 0
      }
    },
    "citySender": "Дашава",
    "cityRecipient": "Київ"
  },
  {
    "number": 59000455838818,
    "dateTime": {
      "date": {
        "year": 2019,
        "month": 10,
        "day": 18
      },
      "time": {
        "hour": 11,
        "minute": 2,
        "second": 13,
        "nano": 0
      }
    },
    "citySender": "Київ",
    "cityRecipient": "Київ"
  },
  {
    "number": 59000455838819,
    "dateTime": {
      "date": {
        "year": 2019,
        "month": 10,
        "day": 18
      },
      "time": {
        "hour": 11,
        "minute": 2,
        "second": 31,
        "nano": 0
      }
    },
    "citySender": "Дніпро",
    "cityRecipient": "Городок(Львівська обл.)"
  },
  {
    "number": 59000455838821,
    "dateTime": {
      "date": {
        "year": 2019,
        "month": 10,
        "day": 18
      },
      "time": {
        "hour": 11,
        "minute": 2,
        "second": 49,
        "nano": 0
      }
    },
    "citySender": "Одеса",
    "cityRecipient": "Коростень"
  },
  {
    "number": 59000455838822,
    "dateTime": {
      "date": {
        "year": 2019,
        "month": 10,
        "day": 18
      },
      "time": {
        "hour": 11,
        "minute": 2,
        "second": 20,
        "nano": 0
      }
    },
    "citySender": "Київ",
    "cityRecipient": "Київ"
  },
  {
    "number": 59000455838823,
    "dateTime": {
      "date": {
        "year": 2019,
        "month": 10,
        "day": 18
      },
      "time": {
        "hour": 11,
        "minute": 2,
        "second": 43,
        "nano": 0
      }
    },
    "citySender": "Сколе",
    "cityRecipient": "Київ"
  },
  {
    "number": 59000455838825,
    "dateTime": {
      "date": {
        "year": 2019,
        "month": 10,
        "day": 18
      },
      "time": {
        "hour": 11,
        "minute": 2,
        "second": 40,
        "nano": 0
      }
    },
    "citySender": "Київ",
    "cityRecipient": "Миколаїв"
  },
  {
    "number": 59000455838826,
    "dateTime": {
      "date": {
        "year": 2019,
        "month": 10,
        "day": 18
      },
      "time": {
        "hour": 11,
        "minute": 2,
        "second": 45,
        "nano": 0
      }
    },
    "citySender": "Кривий Ріг",
    "cityRecipient": "Кривий Ріг"
  },
  {
    "number": 59000455838827,
    "dateTime": {
      "date": {
        "year": 2019,
        "month": 10,
        "day": 18
      },
      "time": {
        "hour": 11,
        "minute": 2,
        "second": 28,
        "nano": 0
      }
    },
    "citySender": "Львів",
    "cityRecipient": "Тернопіль"
  },
  {
    "number": 59000455838828,
    "dateTime": {
      "date": {
        "year": 2019,
        "month": 10,
        "day": 18
      },
      "time": {
        "hour": 11,
        "minute": 2,
        "second": 51,
        "nano": 0
      }
    },
    "citySender": "Полтава",
    "cityRecipient": "Івано-Франкове"
  },
  {
    "number": 59000455838829,
    "dateTime": {
      "date": {
        "year": 2019,
        "month": 10,
        "day": 18
      },
      "time": {
        "hour": 11,
        "minute": 2,
        "second": 35,
        "nano": 0
      }
    },
    "citySender": "Борзна",
    "cityRecipient": "Гайсин"
  },
  {
    "number": 59000455838830,
    "dateTime": {
      "date": {
        "year": 2019,
        "month": 10,
        "day": 18
      },
      "time": {
        "hour": 11,
        "minute": 2,
        "second": 47,
        "nano": 0
      }
    },
    "citySender": "Андріївка (Бердянський р-н)",
    "cityRecipient": "Полтава"
  },
  {
    "number": 59000455838831,
    "dateTime": {
      "date": {
        "year": 2019,
        "month": 10,
        "day": 18
      },
      "time": {
        "hour": 11,
        "minute": 2,
        "second": 52,
        "nano": 0
      }
    },
    "citySender": "Полтава",
    "cityRecipient": "Запоріжжя"
  },
  {
    "number": 59000455838832,
    "dateTime": {
      "date": {
        "year": 2019,
        "month": 10,
        "day": 18
      },
      "time": {
        "hour": 11,
        "minute": 2,
        "second": 51,
        "nano": 0
      }
    },
    "citySender": "Коростишів",
    "cityRecipient": "Вінниця"
  },
  {
    "number": 59000455838833,
    "dateTime": {
      "date": {
        "year": 2019,
        "month": 10,
        "day": 18
      },
      "time": {
        "hour": 11,
        "minute": 2,
        "second": 37,
        "nano": 0
      }
    },
    "citySender": "Одеса",
    "cityRecipient": "Заріччя(Закарпатська обл.)"
  },
  {
    "number": 59000455838834,
    "dateTime": {
      "date": {
        "year": 2019,
        "month": 10,
        "day": 18
      },
      "time": {
        "hour": 11,
        "minute": 2,
        "second": 12,
        "nano": 0
      }
    },
    "citySender": "Київ",
    "cityRecipient": "Львів"
  },
  {
    "number": 59000455838835,
    "dateTime": {
      "date": {
        "year": 2019,
        "month": 10,
        "day": 18
      },
      "time": {
        "hour": 11,
        "minute": 1,
        "second": 55,
        "nano": 0
      }
    },
    "citySender": "Перечин",
    "cityRecipient": "Львів"
  },
  {
    "number": 59000455838837,
    "dateTime": {
      "date": {
        "year": 2019,
        "month": 10,
        "day": 18
      },
      "time": {
        "hour": 11,
        "minute": 2,
        "second": 41,
        "nano": 0
      }
    },
    "citySender": "Борислав (Львівська обл.)",
    "cityRecipient": "Рівне"
  },
  {
    "number": 59000455838838,
    "dateTime": {
      "date": {
        "year": 2019,
        "month": 10,
        "day": 18
      },
      "time": {
        "hour": 11,
        "minute": 2,
        "second": 45,
        "nano": 0
      }
    },
    "citySender": "Харків",
    "cityRecipient": "Київ"
  },
  {
    "number": 59000455838839,
    "dateTime": {
      "date": {
        "year": 2019,
        "month": 10,
        "day": 18
      },
      "time": {
        "hour": 11,
        "minute": 2,
        "second": 48,
        "nano": 0
      }
    },
    "citySender": "Київ",
    "cityRecipient": "Київ"
  },
  {
    "number": 59000455838840,
    "dateTime": {
      "date": {
        "year": 2019,
        "month": 10,
        "day": 18
      },
      "time": {
        "hour": 11,
        "minute": 2,
        "second": 50,
        "nano": 0
      }
    },
    "citySender": "Берегомет",
    "cityRecipient": "Хмельницький"
  },
  {
    "number": 59000455838841,
    "dateTime": {
      "date": {
        "year": 2019,
        "month": 10,
        "day": 18
      },
      "time": {
        "hour": 11,
        "minute": 2,
        "second": 47,
        "nano": 0
      }
    },
    "citySender": "Київ",
    "cityRecipient": "Львів"
  },
  {
    "number": 59000455838843,
    "dateTime": {
      "date": {
        "year": 2019,
        "month": 10,
        "day": 18
      },
      "time": {
        "hour": 11,
        "minute": 2,
        "second": 15,
        "nano": 0
      }
    },
    "citySender": "Павлоград",
    "cityRecipient": "Київ"
  },
  {
    "number": 59000455838844,
    "dateTime": {
      "date": {
        "year": 2019,
        "month": 10,
        "day": 18
      },
      "time": {
        "hour": 11,
        "minute": 2,
        "second": 34,
        "nano": 0
      }
    },
    "citySender": "Одеса",
    "cityRecipient": "Київ"
  },
  {
    "number": 59000455838845,
    "dateTime": {
      "date": {
        "year": 2019,
        "month": 10,
        "day": 18
      },
      "time": {
        "hour": 11,
        "minute": 2,
        "second": 35,
        "nano": 0
      }
    },
    "citySender": "Миколаїв",
    "cityRecipient": "Авангард"
  },
  {
    "number": 59000455838846,
    "dateTime": {
      "date": {
        "year": 2019,
        "month": 10,
        "day": 18
      },
      "time": {
        "hour": 11,
        "minute": 2,
        "second": 35,
        "nano": 0
      }
    },
    "citySender": "Львів",
    "cityRecipient": "Дніпро"
  },
  {
    "number": 59000455838847,
    "dateTime": {
      "date": {
        "year": 2019,
        "month": 10,
        "day": 18
      },
      "time": {
        "hour": 11,
        "minute": 2,
        "second": 0,
        "nano": 0
      }
    },
    "citySender": "Моршин",
    "cityRecipient": "Костянтинівка (Донецька обл.)"
  },
  {
    "number": 59000455838848,
    "dateTime": {
      "date": {
        "year": 2019,
        "month": 10,
        "day": 18
      },
      "time": {
        "hour": 11,
        "minute": 2,
        "second": 29,
        "nano": 0
      }
    },
    "citySender": "Васильків",
    "cityRecipient": "Біла Церква"
  },
  {
    "number": 59000455838849,
    "dateTime": {
      "date": {
        "year": 2019,
        "month": 10,
        "day": 18
      },
      "time": {
        "hour": 11,
        "minute": 2,
        "second": 51,
        "nano": 0
      }
    },
    "citySender": "Волноваха",
    "cityRecipient": "Бровари"
  },
  {
    "number": 59000455838850,
    "dateTime": {
      "date": {
        "year": 2019,
        "month": 10,
        "day": 18
      },
      "time": {
        "hour": 11,
        "minute": 2,
        "second": 47,
        "nano": 0
      }
    },
    "citySender": "Київ",
    "cityRecipient": "Світловодськ"
  },
  {
    "number": 59000455838851,
    "dateTime": {
      "date": {
        "year": 2019,
        "month": 10,
        "day": 18
      },
      "time": {
        "hour": 11,
        "minute": 2,
        "second": 23,
        "nano": 0
      }
    },
    "citySender": "Ужгород",
    "cityRecipient": "Оржів"
  },
  {
    "number": 59000455838853,
    "dateTime": {
      "date": {
        "year": 2019,
        "month": 10,
        "day": 18
      },
      "time": {
        "hour": 11,
        "minute": 2,
        "second": 52,
        "nano": 0
      }
    },
    "citySender": "Якимівка (Запорізька обл.)",
    "cityRecipient": "Дніпро"
  },
  {
    "number": 59000455838854,
    "dateTime": {
      "date": {
        "year": 2019,
        "month": 10,
        "day": 18
      },
      "time": {
        "hour": 11,
        "minute": 2,
        "second": 34,
        "nano": 0
      }
    },
    "citySender": "Верхньодніпровськ",
    "cityRecipient": "Кам\u0027янське(Дніпропетровська обл)"
  },
  {
    "number": 59000455838855,
    "dateTime": {
      "date": {
        "year": 2019,
        "month": 10,
        "day": 18
      },
      "time": {
        "hour": 11,
        "minute": 2,
        "second": 53,
        "nano": 0
      }
    },
    "citySender": "Київ",
    "cityRecipient": "Дніпро"
  },
  {
    "number": 59000455838856,
    "dateTime": {
      "date": {
        "year": 2019,
        "month": 10,
        "day": 18
      },
      "time": {
        "hour": 11,
        "minute": 2,
        "second": 47,
        "nano": 0
      }
    },
    "citySender": "Бердянськ",
    "cityRecipient": "Одеса"
  },
  {
    "number": 59000455838857,
    "dateTime": {
      "date": {
        "year": 2019,
        "month": 10,
        "day": 18
      },
      "time": {
        "hour": 11,
        "minute": 2,
        "second": 35,
        "nano": 0
      }
    },
    "citySender": "Збараж",
    "cityRecipient": "Дрогобич"
  },
  {
    "number": 59000455838858,
    "dateTime": {
      "date": {
        "year": 2019,
        "month": 10,
        "day": 18
      },
      "time": {
        "hour": 11,
        "minute": 2,
        "second": 56,
        "nano": 0
      }
    },
    "citySender": "Драчинці",
    "cityRecipient": "Івано-Франківськ"
  },
  {
    "number": 59000455838859,
    "dateTime": {
      "date": {
        "year": 2019,
        "month": 10,
        "day": 18
      },
      "time": {
        "hour": 11,
        "minute": 2,
        "second": 46,
        "nano": 0
      }
    },
    "citySender": "Київ",
    "cityRecipient": "Житомир"
  },
  {
    "number": 59000455838860,
    "dateTime": {
      "date": {
        "year": 2019,
        "month": 10,
        "day": 18
      },
      "time": {
        "hour": 11,
        "minute": 2,
        "second": 36,
        "nano": 0
      }
    },
    "citySender": "Олександрія (м.Кіровогр.обл.райц)",
    "cityRecipient": "Кременчук"
  },
  {
    "number": 59000455838861,
    "dateTime": {
      "date": {
        "year": 2019,
        "month": 10,
        "day": 18
      },
      "time": {
        "hour": 11,
        "minute": 2,
        "second": 42,
        "nano": 0
      }
    },
    "citySender": "Жидачів",
    "cityRecipient": "Київ"
  },
  {
    "number": 59000455838862,
    "dateTime": {
      "date": {
        "year": 2019,
        "month": 10,
        "day": 18
      },
      "time": {
        "hour": 11,
        "minute": 2,
        "second": 47,
        "nano": 0
      }
    },
    "citySender": "Запоріжжя",
    "cityRecipient": "Запоріжжя"
  },
  {
    "number": 59000455838863,
    "dateTime": {
      "date": {
        "year": 2019,
        "month": 10,
        "day": 18
      },
      "time": {
        "hour": 11,
        "minute": 2,
        "second": 37,
        "nano": 0
      }
    },
    "citySender": "Харків",
    "cityRecipient": "Чугуїв"
  }
]