[
  {
    "number": 59000455808385,
    "dateTime": {
      "date": {
        "year": 2019,
        "month": 10,
        "day": 18
      },
      "time": {
        "hour": 9,
        "minute": 22,
        "second": 14,
        "nano": 0
      }
    },
    "citySender": "Кринички",
    "cityRecipient": "Дніпро"
  },
  {
    "number": 59000455808386,
    "dateTime": {
      "date": {
        "year": 2019,
        "month": 10,
        "day": 18
      },
      "time": {
        "hour": 9,
        "minute": 22,
        "second": 25,
        "nano": 0
      }
    },
    "citySender": "Долина",
    "cityRecipient": "Кременчук"
  },
  {
    "number": 59000455808387,
    "dateTime": {
      "date": {
        "year": 2019,
        "month": 10,
        "day": 18
      },
      "time": {
        "hour": 9,
        "minute": 21,
        "second": 33,
        "nano": 0
      }
    },
    "citySender": "Ситківці",
    "cityRecipient": "Кривий Ріг"
  },
  {
    "number": 59000455808388,
    "dateTime": {
      "date": {
        "year": 2019,
        "month": 10,
        "day": 18
      },
      "time": {
        "hour": 9,
        "minute": 21,
        "second": 58,
        "nano": 0
      }
    },
    "citySender": "Чуднів",
    "cityRecipient": "Біла Церква"
  },
  {
    "number": 59000455808389,
    "dateTime": {
      "date": {
        "year": 2019,
        "month": 10,
        "day": 18
      },
      "time": {
        "hour": 9,
        "minute": 21,
        "second": 45,
        "nano": 0
      }
    },
    "citySender": "Теребовля",
    "cityRecipient": "Київ"
  },
  {
    "number": 59000455808390,
    "dateTime": {
      "date": {
        "year": 2019,
        "month": 10,
        "day": 18
      },
      "time": {
        "hour": 9,
        "minute": 22,
        "second": 16,
        "nano": 0
      }
    },
    "citySender": "Київ",
    "cityRecipient": "Одеса"
  },
  {
    "number": 59000455808391,
    "dateTime": {
      "date": {
        "year": 2019,
        "month": 10,
        "day": 18
      },
      "time": {
        "hour": 9,
        "minute": 22,
        "second": 15,
        "nano": 0
      }
    },
    "citySender": "Сосниця",
    "cityRecipient": "Десна (Чернігівська обл.)"
  },
  {
    "number": 59000455808392,
    "dateTime": {
      "date": {
        "year": 2019,
        "month": 10,
        "day": 18
      },
      "time": {
        "hour": 9,
        "minute": 20,
        "second": 54,
        "nano": 0
      }
    },
    "citySender": "Ратне",
    "cityRecipient": "Краматорськ"
  },
  {
    "number": 59000455808393,
    "dateTime": {
      "date": {
        "year": 2019,
        "month": 10,
        "day": 18
      },
      "time": {
        "hour": 9,
        "minute": 22,
        "second": 42,
        "nano": 0
      }
    },
    "citySender": "Дніпро",
    "cityRecipient": "Київ"
  },
  {
    "number": 59000455808394,
    "dateTime": {
      "date": {
        "year": 2019,
        "month": 10,
        "day": 18
      },
      "time": {
        "hour": 9,
        "minute": 22,
        "second": 38,
        "nano": 0
      }
    },
    "citySender": "Нікополь (Дніпропетровська обл.)",
    "cityRecipient": "Нікополь (Дніпропетровська обл.)"
  },
  {
    "number": 59000455808396,
    "dateTime": {
      "date": {
        "year": 2019,
        "month": 10,
        "day": 18
      },
      "time": {
        "hour": 9,
        "minute": 21,
        "second": 40,
        "nano": 0
      }
    },
    "citySender": "Ужгород",
    "cityRecipient": "Київ"
  },
  {
    "number": 59000455808397,
    "dateTime": {
      "date": {
        "year": 2019,
        "month": 10,
        "day": 18
      },
      "time": {
        "hour": 9,
        "minute": 22,
        "second": 42,
        "nano": 0
      }
    },
    "citySender": "Бердянськ",
    "cityRecipient": "Полтава"
  },
  {
    "number": 59000455808398,
    "dateTime": {
      "date": {
        "year": 2019,
        "month": 10,
        "day": 18
      },
      "time": {
        "hour": 9,
        "minute": 22,
        "second": 26,
        "nano": 0
      }
    },
    "citySender": "Авдіївка (Донецька обл.)",
    "cityRecipient": "Кривий Ріг"
  },
  {
    "number": 59000455808399,
    "dateTime": {
      "date": {
        "year": 2019,
        "month": 10,
        "day": 18
      },
      "time": {
        "hour": 9,
        "minute": 22,
        "second": 19,
        "nano": 0
      }
    },
    "citySender": "Вовчанськ",
    "cityRecipient": "Власівка"
  },
  {
    "number": 59000455808400,
    "dateTime": {
      "date": {
        "year": 2019,
        "month": 10,
        "day": 18
      },
      "time": {
        "hour": 9,
        "minute": 22,
        "second": 8,
        "nano": 0
      }
    },
    "citySender": "Львів",
    "cityRecipient": "Одеса"
  },
  {
    "number": 59000455808401,
    "dateTime": {
      "date": {
        "year": 2019,
        "month": 10,
        "day": 18
      },
      "time": {
        "hour": 9,
        "minute": 22,
        "second": 26,
        "nano": 0
      }
    },
    "citySender": "Київ",
    "cityRecipient": "Боярка"
  },
  {
    "number": 59000455808402,
    "dateTime": {
      "date": {
        "year": 2019,
        "month": 10,
        "day": 18
      },
      "time": {
        "hour": 9,
        "minute": 22,
        "second": 36,
        "nano": 0
      }
    },
    "citySender": "Горішні Плавні",
    "cityRecipient": "Київ"
  },
  {
    "number": 59000455808403,
    "dateTime": {
      "date": {
        "year": 2019,
        "month": 10,
        "day": 18
      },
      "time": {
        "hour": 9,
        "minute": 22,
        "second": 43,
        "nano": 0
      }
    },
    "citySender": "Вишгород",
    "cityRecipient": "Кропивницький"
  },
  {
    "number": 59000455808404,
    "dateTime": {
      "date": {
        "year": 2019,
        "month": 10,
        "day": 18
      },
      "time": {
        "hour": 9,
        "minute": 22,
        "second": 37,
        "nano": 0
      }
    },
    "citySender": "Харків",
    "cityRecipient": "Харків"
  },
  {
    "number": 59000455808405,
    "dateTime": {
      "date": {
        "year": 2019,
        "month": 10,
        "day": 18
      },
      "time": {
        "hour": 9,
        "minute": 22,
        "second": 43,
        "nano": 0
      }
    },
    "citySender": "Одеса",
    "cityRecipient": "Київ"
  },
  {
    "number": 59000455808406,
    "dateTime": {
      "date": {
        "year": 2019,
        "month": 10,
        "day": 18
      },
      "time": {
        "hour": 9,
        "minute": 21,
        "second": 56,
        "nano": 0
      }
    },
    "citySender": "Херсон",
    "cityRecipient": "Самбір"
  },
  {
    "number": 59000455808407,
    "dateTime": {
      "date": {
        "year": 2019,
        "month": 10,
        "day": 18
      },
      "time": {
        "hour": 9,
        "minute": 22,
        "second": 3,
        "nano": 0
      }
    },
    "citySender": "Болехів",
    "cityRecipient": "Київ"
  },
  {
    "number": 59000455808408,
    "dateTime": {
      "date": {
        "year": 2019,
        "month": 10,
        "day": 18
      },
      "time": {
        "hour": 9,
        "minute": 22,
        "second": 44,
        "nano": 0
      }
    },
    "citySender": "Дніпро",
    "cityRecipient": "Житомир"
  },
  {
    "number": 59000455808409,
    "dateTime": {
      "date": {
        "year": 2019,
        "month": 10,
        "day": 18
      },
      "time": {
        "hour": 9,
        "minute": 22,
        "second": 13,
        "nano": 0
      }
    },
    "citySender": "Котельва",
    "cityRecipient": "Покотилівка"
  },
  {
    "number": 59000455808410,
    "dateTime": {
      "date": {
        "year": 2019,
        "month": 10,
        "day": 18
      },
      "time": {
        "hour": 9,
        "minute": 22,
        "second": 29,
        "nano": 0
      }
    },
    "citySender": "Монастириська",
    "cityRecipient": "Львів"
  },
  {
    "number": 59000455808411,
    "dateTime": {
      "date": {
        "year": 2019,
        "month": 10,
        "day": 18
      },
      "time": {
        "hour": 9,
        "minute": 22,
        "second": 22,
        "nano": 0
      }
    },
    "citySender": "Київ",
    "cityRecipient": "Чернівці"
  },
  {
    "number": 59000455808412,
    "dateTime": {
      "date": {
        "year": 2019,
        "month": 10,
        "day": 18
      },
      "time": {
        "hour": 9,
        "minute": 22,
        "second": 44,
        "nano": 0
      }
    },
    "citySender": "Київ",
    "cityRecipient": "Суми"
  },
  {
    "number": 59000455808413,
    "dateTime": {
      "date": {
        "year": 2019,
        "month": 10,
        "day": 18
      },
      "time": {
        "hour": 9,
        "minute": 22,
        "second": 41,
        "nano": 0
      }
    },
    "citySender": "Одеса",
    "cityRecipient": "Берегове"
  },
  {
    "number": 59000455808414,
    "dateTime": {
      "date": {
        "year": 2019,
        "month": 10,
        "day": 18
      },
      "time": {
        "hour": 9,
        "minute": 22,
        "second": 46,
        "nano": 0
      }
    },
    "citySender": "Вишково",
    "cityRecipient": "Кривий Ріг"
  },
  {
    "number": 59000455808416,
    "dateTime": {
      "date": {
        "year": 2019,
        "month": 10,
        "day": 18
      },
      "time": {
        "hour": 9,
        "minute": 22,
        "second": 1,
        "nano": 0
      }
    },
    "citySender": "Кропивницький",
    "cityRecipient": "Київ"
  },
  {
    "number": 59000455808417,
    "dateTime": {
      "date": {
        "year": 2019,
        "month": 10,
        "day": 18
      },
      "time": {
        "hour": 9,
        "minute": 22,
        "second": 36,
        "nano": 0
      }
    },
    "citySender": "Охтирка",
    "cityRecipient": "Київ"
  },
  {
    "number": 59000455808418,
    "dateTime": {
      "date": {
        "year": 2019,
        "month": 10,
        "day": 18
      },
      "time": {
        "hour": 9,
        "minute": 22,
        "second": 31,
        "nano": 0
      }
    },
    "citySender": "Житомир",
    "cityRecipient": "Київ"
  },
  {
    "number": 59000455808419,
    "dateTime": {
      "date": {
        "year": 2019,
        "month": 10,
        "day": 18
      },
      "time": {
        "hour": 9,
        "minute": 22,
        "second": 34,
        "nano": 0
      }
    },
    "citySender": "Христинівка",
    "cityRecipient": "Київ"
  },
  {
    "number": 59000455808420,
    "dateTime": {
      "date": {
        "year": 2019,
        "month": 10,
        "day": 18
      },
      "time": {
        "hour": 9,
        "minute": 22,
        "second": 19,
        "nano": 0
      }
    },
    "citySender": "Кривий Ріг",
    "cityRecipient": "Канів"
  },
  {
    "number": 59000455808421,
    "dateTime": {
      "date": {
        "year": 2019,
        "month": 10,
        "day": 18
      },
      "time": {
        "hour": 9,
        "minute": 22,
        "second": 17,
        "nano": 0
      }
    },
    "citySender": "Житомир",
    "cityRecipient": "Львів"
  },
  {
    "number": 59000455808422,
    "dateTime": {
      "date": {
        "year": 2019,
        "month": 10,
        "day": 18
      },
      "time": {
        "hour": 9,
        "minute": 22,
        "second": 14,
        "nano": 0
      }
    },
    "citySender": "Харків",
    "cityRecipient": "Божедарівка(Криничанський р-н)"
  },
  {
    "number": 59000455808423,
    "dateTime": {
      "date": {
        "year": 2019,
        "month": 10,
        "day": 18
      },
      "time": {
        "hour": 9,
        "minute": 22,
        "second": 38,
        "nano": 0
      }
    },
    "citySender": "Бориспіль",
    "cityRecipient": "Вишневе"
  },
  {
    "number": 59000455808424,
    "dateTime": {
      "date": {
        "year": 2019,
        "month": 10,
        "day": 18
      },
      "time": {
        "hour": 9,
        "minute": 22,
        "second": 0,
        "nano": 0
      }
    },
    "citySender": "Великі Мости",
    "cityRecipient": "Київ"
  },
  {
    "number": 59000455808425,
    "dateTime": {
      "date": {
        "year": 2019,
        "month": 10,
        "day": 18
      },
      "time": {
        "hour": 9,
        "minute": 22,
        "second": 47,
        "nano": 0
      }
    },
    "citySender": "Вишневе",
    "cityRecipient": "Одеса"
  },
  {
    "number": 59000455808426,
    "dateTime": {
      "date": {
        "year": 2019,
        "month": 10,
        "day": 18
      },
      "time": {
        "hour": 9,
        "minute": 22,
        "second": 39,
        "nano": 0
      }
    },
    "citySender": "Харків",
    "cityRecipient": "Крюківщина"
  },
  {
    "number": 59000455808427,
    "dateTime": {
      "date": {
        "year": 2019,
        "month": 10,
        "day": 18
      },
      "time": {
        "hour": 9,
        "minute": 22,
        "second": 42,
        "nano": 0
      }
    },
    "citySender": "Київ",
    "cityRecipient": "Київ"
  },
  {
    "number": 59000455808428,
    "dateTime": {
      "date": {
        "year": 2019,
        "month": 10,
        "day": 18
      },
      "time": {
        "hour": 9,
        "minute": 20,
        "second": 2,
        "nano": 0
      }
    },
    "citySender": "Трускавець",
    "cityRecipient": "Новгород-Сіверський"
  },
  {
    "number": 59000455808429,
    "dateTime": {
      "date": {
        "year": 2019,
        "month": 10,
        "day": 18
      },
      "time": {
        "hour": 9,
        "minute": 22,
        "second": 47,
        "nano": 0
      }
    },
    "citySender": "Харків",
    "cityRecipient": "Дніпро"
  },
  {
    "number": 59000455808430,
    "dateTime": {
      "date": {
        "year": 2019,
        "month": 10,
        "day": 18
      },
      "time": {
        "hour": 9,
        "minute": 22,
        "second": 11,
        "nano": 0
      }
    },
    "citySender": "Вендичани",
    "cityRecipient": "Черкаси"
  },
  {
    "number": 59000455808431,
    "dateTime": {
      "date": {
        "year": 2019,
        "month": 10,
        "day": 18
      },
      "time": {
        "hour": 9,
        "minute": 22,
        "second": 44,
        "nano": 0
      }
    },
    "citySender": "Косів",
    "cityRecipient": "Чернівці"
  },
  {
    "number": 59000455808432,
    "dateTime": {
      "date": {
        "year": 2019,
        "month": 10,
        "day": 18
      },
      "time": {
        "hour": 9,
        "minute": 22,
        "second": 35,
        "nano": 0
      }
    },
    "citySender": "Івано-Франківськ",
    "cityRecipient": "Херсон"
  },
  {
    "number": 59000455808433,
    "dateTime": {
      "date": {
        "year": 2019,
        "month": 10,
        "day": 18
      },
      "time": {
        "hour": 9,
        "minute": 22,
        "second": 39,
        "nano": 0
      }
    },
    "citySender": "Дніпро",
    "cityRecipient": "Черкаси"
  },
  {
    "number": 59000455808434,
    "dateTime": {
      "date": {
        "year": 2019,
        "month": 10,
        "day": 18
      },
      "time": {
        "hour": 9,
        "minute": 22,
        "second": 12,
        "nano": 0
      }
    },
    "citySender": "Харків",
    "cityRecipient": "Дніпровське"
  },
  {
    "number": 59000455808435,
    "dateTime": {
      "date": {
        "year": 2019,
        "month": 10,
        "day": 18
      },
      "time": {
        "hour": 9,
        "minute": 22,
        "second": 5,
        "nano": 0
      }
    },
    "citySender": "Черкаси",
    "cityRecipient": "Харків"
  },
  {
    "number": 59000455808436,
    "dateTime": {
      "date": {
        "year": 2019,
        "month": 10,
        "day": 18
      },
      "time": {
        "hour": 9,
        "minute": 22,
        "second": 21,
        "nano": 0
      }
    },
    "citySender": "Одеса",
    "cityRecipient": "Меденичі"
  },
  {
    "number": 59000455808437,
    "dateTime": {
      "date": {
        "year": 2019,
        "month": 10,
        "day": 18
      },
      "time": {
        "hour": 9,
        "minute": 22,
        "second": 13,
        "nano": 0
      }
    },
    "citySender": "Пустомити",
    "cityRecipient": "Яворів"
  },
  {
    "number": 59000455808438,
    "dateTime": {
      "date": {
        "year": 2019,
        "month": 10,
        "day": 18
      },
      "time": {
        "hour": 9,
        "minute": 22,
        "second": 23,
        "nano": 0
      }
    },
    "citySender": "Одеса",
    "cityRecipient": "Ізмаїл"
  },
  {
    "number": 59000455808439,
    "dateTime": {
      "date": {
        "year": 2019,
        "month": 10,
        "day": 18
      },
      "time": {
        "hour": 9,
        "minute": 22,
        "second": 43,
        "nano": 0
      }
    },
    "citySender": "Сартана (Донецька обл.)",
    "cityRecipient": "Вишгород"
  },
  {
    "number": 59000455808440,
    "dateTime": {
      "date": {
        "year": 2019,
        "month": 10,
        "day": 18
      },
      "time": {
        "hour": 9,
        "minute": 22,
        "second": 13,
        "nano": 0
      }
    },
    "citySender": "Біла Церква",
    "cityRecipient": "Українка"
  },
  {
    "number": 59000455808441,
    "dateTime": {
      "date": {
        "year": 2019,
        "month": 10,
        "day": 18
      },
      "time": {
        "hour": 9,
        "minute": 22,
        "second": 9,
        "nano": 0
      }
    },
    "citySender": "Одеса",
    "cityRecipient": "Одеса"
  },
  {
    "number": 59000455808442,
    "dateTime": {
      "date": {
        "year": 2019,
        "month": 10,
        "day": 18
      },
      "time": {
        "hour": 9,
        "minute": 22,
        "second": 36,
        "nano": 0
      }
    },
    "citySender": "Київ",
    "cityRecipient": "Харків"
  },
  {
    "number": 59000455808443,
    "dateTime": {
      "date": {
        "year": 2019,
        "month": 10,
        "day": 18
      },
      "time": {
        "hour": 9,
        "minute": 22,
        "second": 50,
        "nano": 0
      }
    },
    "citySender": "Кропивницький",
    "cityRecipient": "Київ"
  },
  {
    "number": 59000455808444,
    "dateTime": {
      "date": {
        "year": 2019,
        "month": 10,
        "day": 18
      },
      "time": {
        "hour": 9,
        "minute": 22,
        "second": 5,
        "nano": 0
      }
    },
    "citySender": "Велика Березовиця",
    "cityRecipient": "Київ"
  },
  {
    "number": 59000455808445,
    "dateTime": {
      "date": {
        "year": 2019,
        "month": 10,
        "day": 18
      },
      "time": {
        "hour": 9,
        "minute": 22,
        "second": 28,
        "nano": 0
      }
    },
    "citySender": "Хмельницький",
    "cityRecipient": "Війтівці (Хмельницька обл.)"
  },
  {
    "number": 59000455808446,
    "dateTime": {
      "date": {
        "year": 2019,
        "month": 10,
        "day": 18
      },
      "time": {
        "hour": 9,
        "minute": 22,
        "second": 37,
        "nano": 0
      }
    },
    "citySender": "Кам\u0027янське(Дніпропетровська обл)",
    "cityRecipient": "Дніпро"
  },
  {
    "number": 59000455808447,
    "dateTime": {
      "date": {
        "year": 2019,
        "month": 10,
        "day": 18
      },
      "time": {
        "hour": 9,
        "minute": 22,
        "second": 32,
        "nano": 0
      }
    },
    "citySender": "Київ",
    "cityRecipient": "Рівне"
  },
  {
    "number": 59000455808450,
    "dateTime": {
      "date": {
        "year": 2019,
        "month": 10,
        "day": 18
      },
      "time": {
        "hour": 9,
        "minute": 22,
        "second": 21,
        "nano": 0
      }
    },
    "citySender": "Сватове",
    "cityRecipient": "Очеретине (Ясинуватський р-н)"
  },
  {
    "number": 59000455808451,
    "dateTime": {
      "date": {
        "year": 2019,
        "month": 10,
        "day": 18
      },
      "time": {
        "hour": 9,
        "minute": 22,
        "second": 31,
        "nano": 0
      }
    },
    "citySender": "Павлоград",
    "cityRecipient": "Катеринопіль"
  },
  {
    "number": 59000455808452,
    "dateTime": {
      "date": {
        "year": 2019,
        "month": 10,
        "day": 18
      },
      "time": {
        "hour": 9,
        "minute": 22,
        "second": 47,
        "nano": 0
      }
    },
    "citySender": "Київ",
    "cityRecipient": "Маріуполь"
  },
  {
    "number": 59000455808453,
    "dateTime": {
      "date": {
        "year": 2019,
        "month": 10,
        "day": 18
      },
      "time": {
        "hour": 9,
        "minute": 22,
        "second": 50,
        "nano": 0
      }
    },
    "citySender": "Київ",
    "cityRecipient": "Старобільськ"
  },
  {
    "number": 59000455808454,
    "dateTime": {
      "date": {
        "year": 2019,
        "month": 10,
        "day": 18
      },
      "time": {
        "hour": 9,
        "minute": 22,
        "second": 35,
        "nano": 0
      }
    },
    "citySender": "Ромни",
    "cityRecipient": "Луцьк"
  },
  {
    "number": 59000455808455,
    "dateTime": {
      "date": {
        "year": 2019,
        "month": 10,
        "day": 18
      },
      "time": {
        "hour": 9,
        "minute": 22,
        "second": 52,
        "nano": 0
      }
    },
    "citySender": "Малин",
    "cityRecipient": "Кременчук"
  },
  {
    "number": 59000455808456,
    "dateTime": {
      "date": {
        "year": 2019,
        "month": 10,
        "day": 18
      },
      "time": {
        "hour": 9,
        "minute": 22,
        "second": 48,
        "nano": 0
      }
    },
    "citySender": "Канів",
    "cityRecipient": "Київ"
  },
  {
    "number": 59000455808457,
    "dateTime": {
      "date": {
        "year": 2019,
        "month": 10,
        "day": 18
      },
      "time": {
        "hour": 9,
        "minute": 22,
        "second": 51,
        "nano": 0
      }
    },
    "citySender": "Почаїв",
    "cityRecipient": "Київ"
  },
  {
    "number": 59000455808458,
    "dateTime": {
      "date": {
        "year": 2019,
        "month": 10,
        "day": 18
      },
      "time": {
        "hour": 9,
        "minute": 22,
        "second": 0,
        "nano": 0
      }
    },
    "citySender": "Луцьк",
    "cityRecipient": "Васильківка (Дніпропетровська обл.)"
  },
  {
    "number": 59000455808459,
    "dateTime": {
      "date": {
        "year": 2019,
        "month": 10,
        "day": 18
      },
      "time": {
        "hour": 9,
        "minute": 22,
        "second": 32,
        "nano": 0
      }
    },
    "citySender": "Бершадь",
    "cityRecipient": "Куликів"
  },
  {
    "number": 59000455808460,
    "dateTime": {
      "date": {
        "year": 2019,
        "month": 10,
        "day": 18
      },
      "time": {
        "hour": 9,
        "minute": 22,
        "second": 48,
        "nano": 0
      }
    },
    "citySender": "Київ",
    "cityRecipient": "Київ"
  },
  {
    "number": 59000455808461,
    "dateTime": {
      "date": {
        "year": 2019,
        "month": 10,
        "day": 18
      },
      "time": {
        "hour": 9,
        "minute": 22,
        "second": 25,
        "nano": 0
      }
    },
    "citySender": "Покровськ (Донецька обл.)",
    "cityRecipient": "Київ"
  },
  {
    "number": 59000455808462,
    "dateTime": {
      "date": {
        "year": 2019,
        "month": 10,
        "day": 18
      },
      "time": {
        "hour": 9,
        "minute": 22,
        "second": 48,
        "nano": 0
      }
    },
    "citySender": "Івано-Франківськ",
    "cityRecipient": "Київ"
  },
  {
    "number": 59000455808463,
    "dateTime": {
      "date": {
        "year": 2019,
        "month": 10,
        "day": 18
      },
      "time": {
        "hour": 9,
        "minute": 22,
        "second": 53,
        "nano": 0
      }
    },
    "citySender": "Добромиль",
    "cityRecipient": "Харків"
  },
  {
    "number": 59000455808464,
    "dateTime": {
      "date": {
        "year": 2019,
        "month": 10,
        "day": 18
      },
      "time": {
        "hour": 9,
        "minute": 22,
        "second": 25,
        "nano": 0
      }
    },
    "citySender": "Рогатин",
    "cityRecipient": "Ланівці"
  },
  {
    "number": 59000455808465,
    "dateTime": {
      "date": {
        "year": 2019,
        "month": 10,
        "day": 18
      },
      "time": {
        "hour": 9,
        "minute": 22,
        "second": 35,
        "nano": 0
      }
    },
    "citySender": "Запоріжжя",
    "cityRecipient": "Ананьїв"
  },
  {
    "number": 59000455808466,
    "dateTime": {
      "date": {
        "year": 2019,
        "month": 10,
        "day": 18
      },
      "time": {
        "hour": 9,
        "minute": 22,
        "second": 38,
        "nano": 0
      }
    },
    "citySender": "Мелітополь",
    "cityRecipient": "Запоріжжя"
  },
  {
    "number": 59000455808467,
    "dateTime": {
      "date": {
        "year": 2019,
        "month": 10,
        "day": 18
      },
      "time": {
        "hour": 9,
        "minute": 22,
        "second": 53,
        "nano": 0
      }
    },
    "citySender": "Київ",
    "cityRecipient": "Хмельницький"
  },
  {
    "number": 59000455808468,
    "dateTime": {
      "date": {
        "year": 2019,
        "month": 10,
        "day": 18
      },
      "time": {
        "hour": 9,
        "minute": 22,
        "second": 45,
        "nano": 0
      }
    },
    "citySender": "Старокостянтинів",
    "cityRecipient": "Новий Калинів"
  },
  {
    "number": 59000455808469,
    "dateTime": {
      "date": {
        "year": 2019,
        "month": 10,
        "day": 18
      },
      "time": {
        "hour": 9,
        "minute": 22,
        "second": 31,
        "nano": 0
      }
    },
    "citySender": "Новоград-Волинський",
    "cityRecipient": "Бердичів"
  },
  {
    "number": 59000455808470,
    "dateTime": {
      "date": {
        "year": 2019,
        "month": 10,
        "day": 18
      },
      "time": {
        "hour": 9,
        "minute": 22,
        "second": 8,
        "nano": 0
      }
    },
    "citySender": "Черкаси",
    "cityRecipient": "Харків"
  },
  {
    "number": 59000455808471,
    "dateTime": {
      "date": {
        "year": 2019,
        "month": 10,
        "day": 18
      },
      "time": {
        "hour": 9,
        "minute": 21,
        "second": 45,
        "nano": 0
      }
    },
    "citySender": "Кропивницький",
    "cityRecipient": "Буча"
  },
  {
    "number": 59000455808472,
    "dateTime": {
      "date": {
        "year": 2019,
        "month": 10,
        "day": 18
      },
      "time": {
        "hour": 9,
        "minute": 20,
        "second": 23,
        "nano": 0
      }
    },
    "citySender": "Літин",
    "cityRecipient": "Ірпінь"
  },
  {
    "number": 59000455808474,
    "dateTime": {
      "date": {
        "year": 2019,
        "month": 10,
        "day": 18
      },
      "time": {
        "hour": 9,
        "minute": 22,
        "second": 50,
        "nano": 0
      }
    },
    "citySender": "Ямпіль (Хмельницька обл.)",
    "cityRecipient": "Біла Церква"
  },
  {
    "number": 59000455808475,
    "dateTime": {
      "date": {
        "year": 2019,
        "month": 10,
        "day": 18
      },
      "time": {
        "hour": 9,
        "minute": 21,
        "second": 52,
        "nano": 0
      }
    },
    "citySender": "Донське",
    "cityRecipient": "Маріуполь"
  },
  {
    "number": 59000455808476,
    "dateTime": {
      "date": {
        "year": 2019,
        "month": 10,
        "day": 18
      },
      "time": {
        "hour": 9,
        "minute": 22,
        "second": 54,
        "nano": 0
      }
    },
    "citySender": "Середнє Водяне",
    "cityRecipient": "Дніпро"
  },
  {
    "number": 59000455808477,
    "dateTime": {
      "date": {
        "year": 2019,
        "month": 10,
        "day": 18
      },
      "time": {
        "hour": 9,
        "minute": 22,
        "second": 53,
        "nano": 0
      }
    },
    "citySender": "Київ",
    "cityRecipient": "Київ"
  },
  {
    "number": 59000455808478,
    "dateTime": {
      "date": {
        "year": 2019,
        "month": 10,
        "day": 18
      },
      "time": {
        "hour": 9,
        "minute": 22,
        "second": 15,
        "nano": 0
      }
    },
    "citySender": "Івано-Франківськ",
    "cityRecipient": "Хмельницький"
  },
  {
    "number": 59000455808479,
    "dateTime": {
      "date": {
        "year": 2019,
        "month": 10,
        "day": 18
      },
      "time": {
        "hour": 9,
        "minute": 22,
        "second": 50,
        "nano": 0
      }
    },
    "citySender": "Жашків",
    "cityRecipient": "Вишневе"
  },
  {
    "number": 59000455808480,
    "dateTime": {
      "date": {
        "year": 2019,
        "month": 10,
        "day": 18
      },
      "time": {
        "hour": 9,
        "minute": 22,
        "second": 52,
        "nano": 0
      }
    },
    "citySender": "Львів",
    "cityRecipient": "Київ"
  },
  {
    "number": 59000455808481,
    "dateTime": {
      "date": {
        "year": 2019,
        "month": 10,
        "day": 18
      },
      "time": {
        "hour": 9,
        "minute": 22,
        "second": 32,
        "nano": 0
      }
    },
    "citySender": "Первомайськ(Микол.обл.Первомайс.р-н)",
    "cityRecipient": "Березанка(Миколаївська обл.)"
  },
  {
    "number": 59000455808482,
    "dateTime": {
      "date": {
        "year": 2019,
        "month": 10,
        "day": 18
      },
      "time": {
        "hour": 9,
        "minute": 22,
        "second": 55,
        "nano": 0
      }
    },
    "citySender": "Кам\u0027янець-Подільський",
    "cityRecipient": "Харків"
  },
  {
    "number": 59000455808483,
    "dateTime": {
      "date": {
        "year": 2019,
        "month": 10,
        "day": 18
      },
      "time": {
        "hour": 9,
        "minute": 22,
        "second": 38,
        "nano": 0
      }
    },
    "citySender": "Полтава",
    "cityRecipient": "Біла Церква"
  }
]