[
  {
    "number": 59000455832968,
    "dateTime": {
      "date": {
        "year": 2019,
        "month": 10,
        "day": 18
      },
      "time": {
        "hour": 10,
        "minute": 44,
        "second": 31,
        "nano": 0
      }
    },
    "citySender": "Львів",
    "cityRecipient": "Київ"
  },
  {
    "number": 59000455832969,
    "dateTime": {
      "date": {
        "year": 2019,
        "month": 10,
        "day": 18
      },
      "time": {
        "hour": 10,
        "minute": 44,
        "second": 54,
        "nano": 0
      }
    },
    "citySender": "Київ",
    "cityRecipient": "Дніпро"
  },
  {
    "number": 59000455832970,
    "dateTime": {
      "date": {
        "year": 2019,
        "month": 10,
        "day": 18
      },
      "time": {
        "hour": 10,
        "minute": 44,
        "second": 4,
        "nano": 0
      }
    },
    "citySender": "Гірське",
    "cityRecipient": "Ізяслав"
  },
  {
    "number": 59000455832971,
    "dateTime": {
      "date": {
        "year": 2019,
        "month": 10,
        "day": 18
      },
      "time": {
        "hour": 10,
        "minute": 44,
        "second": 9,
        "nano": 0
      }
    },
    "citySender": "Харків",
    "cityRecipient": "Дніпро"
  },
  {
    "number": 59000455832972,
    "dateTime": {
      "date": {
        "year": 2019,
        "month": 10,
        "day": 18
      },
      "time": {
        "hour": 10,
        "minute": 43,
        "second": 25,
        "nano": 0
      }
    },
    "citySender": "Дворічна",
    "cityRecipient": "Кропивницький"
  },
  {
    "number": 59000455832973,
    "dateTime": {
      "date": {
        "year": 2019,
        "month": 10,
        "day": 18
      },
      "time": {
        "hour": 10,
        "minute": 42,
        "second": 48,
        "nano": 0
      }
    },
    "citySender": "Миколаїв",
    "cityRecipient": "Київ"
  },
  {
    "number": 59000455832974,
    "dateTime": {
      "date": {
        "year": 2019,
        "month": 10,
        "day": 18
      },
      "time": {
        "hour": 10,
        "minute": 44,
        "second": 41,
        "nano": 0
      }
    },
    "citySender": "Кам\u0027янське(Дніпропетровська обл)",
    "cityRecipient": "Київ"
  },
  {
    "number": 59000455832975,
    "dateTime": {
      "date": {
        "year": 2019,
        "month": 10,
        "day": 18
      },
      "time": {
        "hour": 10,
        "minute": 44,
        "second": 55,
        "nano": 0
      }
    },
    "citySender": "Старобільськ",
    "cityRecipient": "Київ"
  },
  {
    "number": 59000455832976,
    "dateTime": {
      "date": {
        "year": 2019,
        "month": 10,
        "day": 18
      },
      "time": {
        "hour": 10,
        "minute": 44,
        "second": 22,
        "nano": 0
      }
    },
    "citySender": "Новомосковськ",
    "cityRecipient": "Маріуполь"
  },
  {
    "number": 59000455832977,
    "dateTime": {
      "date": {
        "year": 2019,
        "month": 10,
        "day": 18
      },
      "time": {
        "hour": 10,
        "minute": 44,
        "second": 14,
        "nano": 0
      }
    },
    "citySender": "Вінниця",
    "cityRecipient": "Харків"
  },
  {
    "number": 59000455832978,
    "dateTime": {
      "date": {
        "year": 2019,
        "month": 10,
        "day": 18
      },
      "time": {
        "hour": 10,
        "minute": 44,
        "second": 34,
        "nano": 0
      }
    },
    "citySender": "Хмельницький",
    "cityRecipient": "Літин"
  },
  {
    "number": 59000455832979,
    "dateTime": {
      "date": {
        "year": 2019,
        "month": 10,
        "day": 18
      },
      "time": {
        "hour": 10,
        "minute": 44,
        "second": 26,
        "nano": 0
      }
    },
    "citySender": "Суми",
    "cityRecipient": "Миколаїв"
  },
  {
    "number": 59000455832980,
    "dateTime": {
      "date": {
        "year": 2019,
        "month": 10,
        "day": 18
      },
      "time": {
        "hour": 10,
        "minute": 44,
        "second": 41,
        "nano": 0
      }
    },
    "citySender": "Чорноморськ",
    "cityRecipient": "Підгородне (Дніпропетровська обл.)"
  },
  {
    "number": 59000455832981,
    "dateTime": {
      "date": {
        "year": 2019,
        "month": 10,
        "day": 18
      },
      "time": {
        "hour": 10,
        "minute": 44,
        "second": 26,
        "nano": 0
      }
    },
    "citySender": "Канів",
    "cityRecipient": "Вінниця"
  },
  {
    "number": 59000455832982,
    "dateTime": {
      "date": {
        "year": 2019,
        "month": 10,
        "day": 18
      },
      "time": {
        "hour": 10,
        "minute": 43,
        "second": 27,
        "nano": 0
      }
    },
    "citySender": "Кам\u0027янець-Подільський",
    "cityRecipient": "Одеса"
  },
  {
    "number": 59000455832983,
    "dateTime": {
      "date": {
        "year": 2019,
        "month": 10,
        "day": 18
      },
      "time": {
        "hour": 10,
        "minute": 44,
        "second": 20,
        "nano": 0
      }
    },
    "citySender": "Вишневе",
    "cityRecipient": "Судова Вишня"
  },
  {
    "number": 59000455832984,
    "dateTime": {
      "date": {
        "year": 2019,
        "month": 10,
        "day": 18
      },
      "time": {
        "hour": 10,
        "minute": 44,
        "second": 31,
        "nano": 0
      }
    },
    "citySender": "Старий Остропіль",
    "cityRecipient": "Бахмач"
  },
  {
    "number": 59000455832985,
    "dateTime": {
      "date": {
        "year": 2019,
        "month": 10,
        "day": 18
      },
      "time": {
        "hour": 10,
        "minute": 44,
        "second": 48,
        "nano": 0
      }
    },
    "citySender": "Сєвєродонецьк",
    "cityRecipient": "Соледар"
  },
  {
    "number": 59000455832986,
    "dateTime": {
      "date": {
        "year": 2019,
        "month": 10,
        "day": 18
      },
      "time": {
        "hour": 10,
        "minute": 44,
        "second": 56,
        "nano": 0
      }
    },
    "citySender": "Херсон",
    "cityRecipient": "Вінниця"
  },
  {
    "number": 59000455832987,
    "dateTime": {
      "date": {
        "year": 2019,
        "month": 10,
        "day": 18
      },
      "time": {
        "hour": 10,
        "minute": 44,
        "second": 24,
        "nano": 0
      }
    },
    "citySender": "Рудки",
    "cityRecipient": "Київ"
  },
  {
    "number": 59000455832988,
    "dateTime": {
      "date": {
        "year": 2019,
        "month": 10,
        "day": 18
      },
      "time": {
        "hour": 10,
        "minute": 44,
        "second": 39,
        "nano": 0
      }
    },
    "citySender": "Київ",
    "cityRecipient": "Ніжин"
  },
  {
    "number": 59000455832989,
    "dateTime": {
      "date": {
        "year": 2019,
        "month": 10,
        "day": 18
      },
      "time": {
        "hour": 10,
        "minute": 44,
        "second": 50,
        "nano": 0
      }
    },
    "citySender": "Суми",
    "cityRecipient": "Київ"
  },
  {
    "number": 59000455832990,
    "dateTime": {
      "date": {
        "year": 2019,
        "month": 10,
        "day": 18
      },
      "time": {
        "hour": 10,
        "minute": 44,
        "second": 31,
        "nano": 0
      }
    },
    "citySender": "Карлівка",
    "cityRecipient": "Стецьківка"
  },
  {
    "number": 59000455832991,
    "dateTime": {
      "date": {
        "year": 2019,
        "month": 10,
        "day": 18
      },
      "time": {
        "hour": 10,
        "minute": 44,
        "second": 44,
        "nano": 0
      }
    },
    "citySender": "Київ",
    "cityRecipient": "Борзна"
  },
  {
    "number": 59000455832992,
    "dateTime": {
      "date": {
        "year": 2019,
        "month": 10,
        "day": 18
      },
      "time": {
        "hour": 10,
        "minute": 44,
        "second": 26,
        "nano": 0
      }
    },
    "citySender": "Рубіжне",
    "cityRecipient": "Київ"
  },
  {
    "number": 59000455832993,
    "dateTime": {
      "date": {
        "year": 2019,
        "month": 10,
        "day": 18
      },
      "time": {
        "hour": 10,
        "minute": 44,
        "second": 54,
        "nano": 0
      }
    },
    "citySender": "Бучач",
    "cityRecipient": "Вінниця"
  },
  {
    "number": 59000455832994,
    "dateTime": {
      "date": {
        "year": 2019,
        "month": 10,
        "day": 18
      },
      "time": {
        "hour": 10,
        "minute": 44,
        "second": 52,
        "nano": 0
      }
    },
    "citySender": "Бердянськ",
    "cityRecipient": "Запоріжжя"
  },
  {
    "number": 59000455832995,
    "dateTime": {
      "date": {
        "year": 2019,
        "month": 10,
        "day": 18
      },
      "time": {
        "hour": 10,
        "minute": 44,
        "second": 19,
        "nano": 0
      }
    },
    "citySender": "Дніпро",
    "cityRecipient": "Київ"
  },
  {
    "number": 59000455832996,
    "dateTime": {
      "date": {
        "year": 2019,
        "month": 10,
        "day": 18
      },
      "time": {
        "hour": 10,
        "minute": 44,
        "second": 56,
        "nano": 0
      }
    },
    "citySender": "Костопіль",
    "cityRecipient": "Луцьк"
  },
  {
    "number": 59000455832997,
    "dateTime": {
      "date": {
        "year": 2019,
        "month": 10,
        "day": 18
      },
      "time": {
        "hour": 10,
        "minute": 44,
        "second": 35,
        "nano": 0
      }
    },
    "citySender": "Коломия",
    "cityRecipient": "Хотин"
  },
  {
    "number": 59000455832998,
    "dateTime": {
      "date": {
        "year": 2019,
        "month": 10,
        "day": 18
      },
      "time": {
        "hour": 10,
        "minute": 44,
        "second": 35,
        "nano": 0
      }
    },
    "citySender": "Голованівськ",
    "cityRecipient": "Харків"
  },
  {
    "number": 59000455832999,
    "dateTime": {
      "date": {
        "year": 2019,
        "month": 10,
        "day": 18
      },
      "time": {
        "hour": 10,
        "minute": 44,
        "second": 31,
        "nano": 0
      }
    },
    "citySender": "Запоріжжя",
    "cityRecipient": "Марганець"
  },
  {
    "number": 59000455833000,
    "dateTime": {
      "date": {
        "year": 2019,
        "month": 10,
        "day": 18
      },
      "time": {
        "hour": 10,
        "minute": 44,
        "second": 9,
        "nano": 0
      }
    },
    "citySender": "Лисянка",
    "cityRecipient": "Гельмязів"
  },
  {
    "number": 59000455833001,
    "dateTime": {
      "date": {
        "year": 2019,
        "month": 10,
        "day": 18
      },
      "time": {
        "hour": 10,
        "minute": 44,
        "second": 58,
        "nano": 0
      }
    },
    "citySender": "Біла",
    "cityRecipient": "Дудчине"
  },
  {
    "number": 59000455833002,
    "dateTime": {
      "date": {
        "year": 2019,
        "month": 10,
        "day": 18
      },
      "time": {
        "hour": 10,
        "minute": 44,
        "second": 58,
        "nano": 0
      }
    },
    "citySender": "Дворічна",
    "cityRecipient": "Дніпро"
  },
  {
    "number": 59000455833003,
    "dateTime": {
      "date": {
        "year": 2019,
        "month": 10,
        "day": 18
      },
      "time": {
        "hour": 10,
        "minute": 44,
        "second": 47,
        "nano": 0
      }
    },
    "citySender": "Старокостянтинів",
    "cityRecipient": "Вінниця"
  },
  {
    "number": 59000455833004,
    "dateTime": {
      "date": {
        "year": 2019,
        "month": 10,
        "day": 18
      },
      "time": {
        "hour": 10,
        "minute": 44,
        "second": 29,
        "nano": 0
      }
    },
    "citySender": "Мельниця-Подільська (Тернопільська обл.)",
    "cityRecipient": "Покровськ (Донецька обл.)"
  },
  {
    "number": 59000455833005,
    "dateTime": {
      "date": {
        "year": 2019,
        "month": 10,
        "day": 18
      },
      "time": {
        "hour": 10,
        "minute": 44,
        "second": 18,
        "nano": 0
      }
    },
    "citySender": "Дніпро",
    "cityRecipient": "Дніпро"
  },
  {
    "number": 59000455833006,
    "dateTime": {
      "date": {
        "year": 2019,
        "month": 10,
        "day": 18
      },
      "time": {
        "hour": 10,
        "minute": 44,
        "second": 51,
        "nano": 0
      }
    },
    "citySender": "Харків",
    "cityRecipient": "Запоріжжя"
  },
  {
    "number": 59000455833007,
    "dateTime": {
      "date": {
        "year": 2019,
        "month": 10,
        "day": 18
      },
      "time": {
        "hour": 10,
        "minute": 44,
        "second": 59,
        "nano": 0
      }
    },
    "citySender": "Київ",
    "cityRecipient": "Житомир"
  },
  {
    "number": 59000455833008,
    "dateTime": {
      "date": {
        "year": 2019,
        "month": 10,
        "day": 18
      },
      "time": {
        "hour": 10,
        "minute": 44,
        "second": 58,
        "nano": 0
      }
    },
    "citySender": "Свеса",
    "cityRecipient": "Лозова"
  },
  {
    "number": 59000455833009,
    "dateTime": {
      "date": {
        "year": 2019,
        "month": 10,
        "day": 18
      },
      "time": {
        "hour": 10,
        "minute": 44,
        "second": 56,
        "nano": 0
      }
    },
    "citySender": "Миколаїв",
    "cityRecipient": "Херсон"
  },
  {
    "number": 59000455833010,
    "dateTime": {
      "date": {
        "year": 2019,
        "month": 10,
        "day": 18
      },
      "time": {
        "hour": 10,
        "minute": 43,
        "second": 24,
        "nano": 0
      }
    },
    "citySender": "Сартана (Донецька обл.)",
    "cityRecipient": "Київ"
  },
  {
    "number": 59000455833011,
    "dateTime": {
      "date": {
        "year": 2019,
        "month": 10,
        "day": 18
      },
      "time": {
        "hour": 10,
        "minute": 43,
        "second": 37,
        "nano": 0
      }
    },
    "citySender": "Олександрія (м.Кіровогр.обл.райц)",
    "cityRecipient": "Кропивницький"
  },
  {
    "number": 59000455833012,
    "dateTime": {
      "date": {
        "year": 2019,
        "month": 10,
        "day": 18
      },
      "time": {
        "hour": 10,
        "minute": 44,
        "second": 55,
        "nano": 0
      }
    },
    "citySender": "Захарівка(Одеська обл)",
    "cityRecipient": "Одеса"
  },
  {
    "number": 59000455833013,
    "dateTime": {
      "date": {
        "year": 2019,
        "month": 10,
        "day": 18
      },
      "time": {
        "hour": 10,
        "minute": 43,
        "second": 42,
        "nano": 0
      }
    },
    "citySender": "Марківка",
    "cityRecipient": "Вишневе"
  },
  {
    "number": 59000455833014,
    "dateTime": {
      "date": {
        "year": 2019,
        "month": 10,
        "day": 18
      },
      "time": {
        "hour": 10,
        "minute": 44,
        "second": 51,
        "nano": 0
      }
    },
    "citySender": "Харків",
    "cityRecipient": "Сміла"
  },
  {
    "number": 59000455833015,
    "dateTime": {
      "date": {
        "year": 2019,
        "month": 10,
        "day": 18
      },
      "time": {
        "hour": 10,
        "minute": 44,
        "second": 27,
        "nano": 0
      }
    },
    "citySender": "Ніжин",
    "cityRecipient": "Тернопіль"
  },
  {
    "number": 59000455833016,
    "dateTime": {
      "date": {
        "year": 2019,
        "month": 10,
        "day": 18
      },
      "time": {
        "hour": 10,
        "minute": 44,
        "second": 36,
        "nano": 0
      }
    },
    "citySender": "Олевськ",
    "cityRecipient": "Київ"
  },
  {
    "number": 59000455833018,
    "dateTime": {
      "date": {
        "year": 2019,
        "month": 10,
        "day": 18
      },
      "time": {
        "hour": 10,
        "minute": 45,
        "second": 1,
        "nano": 0
      }
    },
    "citySender": "Умань",
    "cityRecipient": "Київ"
  },
  {
    "number": 59000455833019,
    "dateTime": {
      "date": {
        "year": 2019,
        "month": 10,
        "day": 18
      },
      "time": {
        "hour": 10,
        "minute": 44,
        "second": 31,
        "nano": 0
      }
    },
    "citySender": "Звенигородка",
    "cityRecipient": "Павлоград"
  },
  {
    "number": 59000455833020,
    "dateTime": {
      "date": {
        "year": 2019,
        "month": 10,
        "day": 18
      },
      "time": {
        "hour": 10,
        "minute": 43,
        "second": 46,
        "nano": 0
      }
    },
    "citySender": "Дніпро",
    "cityRecipient": "Одеса"
  },
  {
    "number": 59000455833021,
    "dateTime": {
      "date": {
        "year": 2019,
        "month": 10,
        "day": 18
      },
      "time": {
        "hour": 10,
        "minute": 45,
        "second": 1,
        "nano": 0
      }
    },
    "citySender": "Одеса",
    "cityRecipient": "Хирів"
  },
  {
    "number": 59000455833022,
    "dateTime": {
      "date": {
        "year": 2019,
        "month": 10,
        "day": 18
      },
      "time": {
        "hour": 10,
        "minute": 44,
        "second": 52,
        "nano": 0
      }
    },
    "citySender": "Київ",
    "cityRecipient": "Гнідин"
  },
  {
    "number": 59000455833023,
    "dateTime": {
      "date": {
        "year": 2019,
        "month": 10,
        "day": 18
      },
      "time": {
        "hour": 10,
        "minute": 44,
        "second": 53,
        "nano": 0
      }
    },
    "citySender": "Кривий Ріг",
    "cityRecipient": "Баранівка"
  },
  {
    "number": 59000455833024,
    "dateTime": {
      "date": {
        "year": 2019,
        "month": 10,
        "day": 18
      },
      "time": {
        "hour": 10,
        "minute": 45,
        "second": 2,
        "nano": 0
      }
    },
    "citySender": "Велика Олександрівка",
    "cityRecipient": "Дніпро"
  },
  {
    "number": 59000455833025,
    "dateTime": {
      "date": {
        "year": 2019,
        "month": 10,
        "day": 18
      },
      "time": {
        "hour": 10,
        "minute": 44,
        "second": 34,
        "nano": 0
      }
    },
    "citySender": "Дніпро",
    "cityRecipient": "Одеса"
  },
  {
    "number": 59000455833026,
    "dateTime": {
      "date": {
        "year": 2019,
        "month": 10,
        "day": 18
      },
      "time": {
        "hour": 10,
        "minute": 44,
        "second": 52,
        "nano": 0
      }
    },
    "citySender": "Харків",
    "cityRecipient": "Харків"
  },
  {
    "number": 59000455833027,
    "dateTime": {
      "date": {
        "year": 2019,
        "month": 10,
        "day": 18
      },
      "time": {
        "hour": 10,
        "minute": 44,
        "second": 52,
        "nano": 0
      }
    },
    "citySender": "Запоріжжя",
    "cityRecipient": "Київ"
  },
  {
    "number": 59000455833028,
    "dateTime": {
      "date": {
        "year": 2019,
        "month": 10,
        "day": 18
      },
      "time": {
        "hour": 10,
        "minute": 45,
        "second": 3,
        "nano": 0
      }
    },
    "citySender": "Полтава",
    "cityRecipient": "Київ"
  },
  {
    "number": 59000455833029,
    "dateTime": {
      "date": {
        "year": 2019,
        "month": 10,
        "day": 18
      },
      "time": {
        "hour": 10,
        "minute": 44,
        "second": 59,
        "nano": 0
      }
    },
    "citySender": "Кам\u0027яна Яруга",
    "cityRecipient": "Мелітополь"
  },
  {
    "number": 59000455833030,
    "dateTime": {
      "date": {
        "year": 2019,
        "month": 10,
        "day": 18
      },
      "time": {
        "hour": 10,
        "minute": 45,
        "second": 3,
        "nano": 0
      }
    },
    "citySender": "Боярка",
    "cityRecipient": "Святопетрівське (Києво-Свят.р-н)"
  },
  {
    "number": 59000455833031,
    "dateTime": {
      "date": {
        "year": 2019,
        "month": 10,
        "day": 18
      },
      "time": {
        "hour": 10,
        "minute": 45,
        "second": 2,
        "nano": 0
      }
    },
    "citySender": "Авангард",
    "cityRecipient": "Чернівці"
  },
  {
    "number": 59000455833032,
    "dateTime": {
      "date": {
        "year": 2019,
        "month": 10,
        "day": 18
      },
      "time": {
        "hour": 10,
        "minute": 45,
        "second": 3,
        "nano": 0
      }
    },
    "citySender": "Київ",
    "cityRecipient": "Біла Церква"
  },
  {
    "number": 59000455833033,
    "dateTime": {
      "date": {
        "year": 2019,
        "month": 10,
        "day": 18
      },
      "time": {
        "hour": 10,
        "minute": 44,
        "second": 14,
        "nano": 0
      }
    },
    "citySender": "Львів",
    "cityRecipient": "Ізмаїл"
  },
  {
    "number": 59000455833034,
    "dateTime": {
      "date": {
        "year": 2019,
        "month": 10,
        "day": 18
      },
      "time": {
        "hour": 10,
        "minute": 44,
        "second": 40,
        "nano": 0
      }
    },
    "citySender": "Біла Церква",
    "cityRecipient": "Біла Церква"
  },
  {
    "number": 59000455833035,
    "dateTime": {
      "date": {
        "year": 2019,
        "month": 10,
        "day": 18
      },
      "time": {
        "hour": 10,
        "minute": 44,
        "second": 41,
        "nano": 0
      }
    },
    "citySender": "Енергодар",
    "cityRecipient": "Дніпро"
  },
  {
    "number": 59000455833036,
    "dateTime": {
      "date": {
        "year": 2019,
        "month": 10,
        "day": 18
      },
      "time": {
        "hour": 10,
        "minute": 44,
        "second": 52,
        "nano": 0
      }
    },
    "citySender": "Київ",
    "cityRecipient": "Київ"
  },
  {
    "number": 59000455833037,
    "dateTime": {
      "date": {
        "year": 2019,
        "month": 10,
        "day": 18
      },
      "time": {
        "hour": 10,
        "minute": 44,
        "second": 21,
        "nano": 0
      }
    },
    "citySender": "Одеса",
    "cityRecipient": "Дніпро"
  },
  {
    "number": 59000455833038,
    "dateTime": {
      "date": {
        "year": 2019,
        "month": 10,
        "day": 18
      },
      "time": {
        "hour": 10,
        "minute": 44,
        "second": 39,
        "nano": 0
      }
    },
    "citySender": "Київ",
    "cityRecipient": "Дніпро"
  },
  {
    "number": 59000455833039,
    "dateTime": {
      "date": {
        "year": 2019,
        "month": 10,
        "day": 18
      },
      "time": {
        "hour": 10,
        "minute": 45,
        "second": 5,
        "nano": 0
      }
    },
    "citySender": "Харків",
    "cityRecipient": "Київ"
  },
  {
    "number": 59000455833041,
    "dateTime": {
      "date": {
        "year": 2019,
        "month": 10,
        "day": 18
      },
      "time": {
        "hour": 10,
        "minute": 44,
        "second": 50,
        "nano": 0
      }
    },
    "citySender": "Солоницівка",
    "cityRecipient": "Носівка"
  },
  {
    "number": 59000455833042,
    "dateTime": {
      "date": {
        "year": 2019,
        "month": 10,
        "day": 18
      },
      "time": {
        "hour": 10,
        "minute": 45,
        "second": 0,
        "nano": 0
      }
    },
    "citySender": "Київ",
    "cityRecipient": "Нововолинськ"
  },
  {
    "number": 59000455833043,
    "dateTime": {
      "date": {
        "year": 2019,
        "month": 10,
        "day": 18
      },
      "time": {
        "hour": 10,
        "minute": 44,
        "second": 59,
        "nano": 0
      }
    },
    "citySender": "Володимир-Волинський",
    "cityRecipient": "Київ"
  },
  {
    "number": 59000455833044,
    "dateTime": {
      "date": {
        "year": 2019,
        "month": 10,
        "day": 18
      },
      "time": {
        "hour": 10,
        "minute": 45,
        "second": 0,
        "nano": 0
      }
    },
    "citySender": "Світловодськ",
    "cityRecipient": "Іванків(Бориспільський р-н)"
  },
  {
    "number": 59000455833045,
    "dateTime": {
      "date": {
        "year": 2019,
        "month": 10,
        "day": 18
      },
      "time": {
        "hour": 10,
        "minute": 44,
        "second": 53,
        "nano": 0
      }
    },
    "citySender": "Дрогобич",
    "cityRecipient": "Тернопіль"
  },
  {
    "number": 59000455833046,
    "dateTime": {
      "date": {
        "year": 2019,
        "month": 10,
        "day": 18
      },
      "time": {
        "hour": 10,
        "minute": 44,
        "second": 59,
        "nano": 0
      }
    },
    "citySender": "Дніпро",
    "cityRecipient": "Полтава"
  },
  {
    "number": 59000455833047,
    "dateTime": {
      "date": {
        "year": 2019,
        "month": 10,
        "day": 18
      },
      "time": {
        "hour": 10,
        "minute": 45,
        "second": 0,
        "nano": 0
      }
    },
    "citySender": "Бахмут",
    "cityRecipient": "Київ"
  },
  {
    "number": 59000455833048,
    "dateTime": {
      "date": {
        "year": 2019,
        "month": 10,
        "day": 18
      },
      "time": {
        "hour": 10,
        "minute": 44,
        "second": 58,
        "nano": 0
      }
    },
    "citySender": "Хмельницький",
    "cityRecipient": "Умань"
  },
  {
    "number": 59000455833049,
    "dateTime": {
      "date": {
        "year": 2019,
        "month": 10,
        "day": 18
      },
      "time": {
        "hour": 10,
        "minute": 43,
        "second": 59,
        "nano": 0
      }
    },
    "citySender": "Рівне",
    "cityRecipient": "Станиця Луганська"
  },
  {
    "number": 59000455833050,
    "dateTime": {
      "date": {
        "year": 2019,
        "month": 10,
        "day": 18
      },
      "time": {
        "hour": 10,
        "minute": 44,
        "second": 50,
        "nano": 0
      }
    },
    "citySender": "Дар\u0027ївка",
    "cityRecipient": "Тарутине"
  },
  {
    "number": 59000455833051,
    "dateTime": {
      "date": {
        "year": 2019,
        "month": 10,
        "day": 18
      },
      "time": {
        "hour": 10,
        "minute": 44,
        "second": 59,
        "nano": 0
      }
    },
    "citySender": "Чернівці",
    "cityRecipient": "Торецьк"
  },
  {
    "number": 59000455833052,
    "dateTime": {
      "date": {
        "year": 2019,
        "month": 10,
        "day": 18
      },
      "time": {
        "hour": 10,
        "minute": 43,
        "second": 5,
        "nano": 0
      }
    },
    "citySender": "Олександрія (м.Кіровогр.обл.райц)",
    "cityRecipient": "Первомайськ(Микол.обл.Первомайс.р-н)"
  },
  {
    "number": 59000455833053,
    "dateTime": {
      "date": {
        "year": 2019,
        "month": 10,
        "day": 18
      },
      "time": {
        "hour": 10,
        "minute": 45,
        "second": 0,
        "nano": 0
      }
    },
    "citySender": "Суми",
    "cityRecipient": "Київ"
  },
  {
    "number": 59000455833054,
    "dateTime": {
      "date": {
        "year": 2019,
        "month": 10,
        "day": 18
      },
      "time": {
        "hour": 10,
        "minute": 44,
        "second": 46,
        "nano": 0
      }
    },
    "citySender": "Київ",
    "cityRecipient": "Вінниця"
  },
  {
    "number": 59000455833055,
    "dateTime": {
      "date": {
        "year": 2019,
        "month": 10,
        "day": 18
      },
      "time": {
        "hour": 10,
        "minute": 44,
        "second": 57,
        "nano": 0
      }
    },
    "citySender": "Полтава",
    "cityRecipient": "Нова Водолага"
  },
  {
    "number": 59000455833056,
    "dateTime": {
      "date": {
        "year": 2019,
        "month": 10,
        "day": 18
      },
      "time": {
        "hour": 10,
        "minute": 44,
        "second": 59,
        "nano": 0
      }
    },
    "citySender": "Дніпро",
    "cityRecipient": "Київ"
  },
  {
    "number": 59000455833057,
    "dateTime": {
      "date": {
        "year": 2019,
        "month": 10,
        "day": 18
      },
      "time": {
        "hour": 10,
        "minute": 44,
        "second": 22,
        "nano": 0
      }
    },
    "citySender": "Харків",
    "cityRecipient": "Дніпро"
  },
  {
    "number": 59000455833058,
    "dateTime": {
      "date": {
        "year": 2019,
        "month": 10,
        "day": 18
      },
      "time": {
        "hour": 10,
        "minute": 45,
        "second": 0,
        "nano": 0
      }
    },
    "citySender": "Одеса",
    "cityRecipient": "Хмельницький"
  },
  {
    "number": 59000455833059,
    "dateTime": {
      "date": {
        "year": 2019,
        "month": 10,
        "day": 18
      },
      "time": {
        "hour": 10,
        "minute": 43,
        "second": 57,
        "nano": 0
      }
    },
    "citySender": "Велика Новосілка",
    "cityRecipient": "Бахмут"
  },
  {
    "number": 59000455833060,
    "dateTime": {
      "date": {
        "year": 2019,
        "month": 10,
        "day": 18
      },
      "time": {
        "hour": 10,
        "minute": 44,
        "second": 31,
        "nano": 0
      }
    },
    "citySender": "Київ",
    "cityRecipient": "Маньківка"
  },
  {
    "number": 59000455833061,
    "dateTime": {
      "date": {
        "year": 2019,
        "month": 10,
        "day": 18
      },
      "time": {
        "hour": 10,
        "minute": 45,
        "second": 8,
        "nano": 0
      }
    },
    "citySender": "Запоріжжя",
    "cityRecipient": "Слов\u0027янськ"
  },
  {
    "number": 59000455833062,
    "dateTime": {
      "date": {
        "year": 2019,
        "month": 10,
        "day": 18
      },
      "time": {
        "hour": 10,
        "minute": 44,
        "second": 43,
        "nano": 0
      }
    },
    "citySender": "Чернігів",
    "cityRecipient": "Рені"
  },
  {
    "number": 59000455833063,
    "dateTime": {
      "date": {
        "year": 2019,
        "month": 10,
        "day": 18
      },
      "time": {
        "hour": 10,
        "minute": 44,
        "second": 24,
        "nano": 0
      }
    },
    "citySender": "Бучач",
    "cityRecipient": "Київ"
  },
  {
    "number": 59000455833064,
    "dateTime": {
      "date": {
        "year": 2019,
        "month": 10,
        "day": 18
      },
      "time": {
        "hour": 10,
        "minute": 43,
        "second": 24,
        "nano": 0
      }
    },
    "citySender": "Балаклія (Харківська обл.)",
    "cityRecipient": "Ізюм"
  },
  {
    "number": 59000455833065,
    "dateTime": {
      "date": {
        "year": 2019,
        "month": 10,
        "day": 18
      },
      "time": {
        "hour": 10,
        "minute": 45,
        "second": 0,
        "nano": 0
      }
    },
    "citySender": "Угринів (Тисменицький р-н., Івано-Франк. обл.)",
    "cityRecipient": "Тернопіль"
  },
  {
    "number": 59000455833066,
    "dateTime": {
      "date": {
        "year": 2019,
        "month": 10,
        "day": 18
      },
      "time": {
        "hour": 10,
        "minute": 44,
        "second": 52,
        "nano": 0
      }
    },
    "citySender": "Кривий Ріг",
    "cityRecipient": "Київ"
  }
]