[
  {
    "number": 59000455797691,
    "dateTime": {
      "date": {
        "year": 2019,
        "month": 10,
        "day": 18
      },
      "time": {
        "hour": 8,
        "minute": 15,
        "second": 30,
        "nano": 0
      }
    },
    "citySender": "Тисмениця",
    "cityRecipient": "Київ"
  },
  {
    "number": 59000455797692,
    "dateTime": {
      "date": {
        "year": 2019,
        "month": 10,
        "day": 18
      },
      "time": {
        "hour": 8,
        "minute": 16,
        "second": 0,
        "nano": 0
      }
    },
    "citySender": "Калинівка (Вінницька обл., Калинівський р-н)",
    "cityRecipient": "Київ"
  },
  {
    "number": 59000455797693,
    "dateTime": {
      "date": {
        "year": 2019,
        "month": 10,
        "day": 18
      },
      "time": {
        "hour": 8,
        "minute": 16,
        "second": 1,
        "nano": 0
      }
    },
    "citySender": "Зборів",
    "cityRecipient": "Харків"
  },
  {
    "number": 59000455797694,
    "dateTime": {
      "date": {
        "year": 2019,
        "month": 10,
        "day": 18
      },
      "time": {
        "hour": 8,
        "minute": 15,
        "second": 50,
        "nano": 0
      }
    },
    "citySender": "Канів",
    "cityRecipient": "Бровари"
  },
  {
    "number": 59000455797695,
    "dateTime": {
      "date": {
        "year": 2019,
        "month": 10,
        "day": 18
      },
      "time": {
        "hour": 8,
        "minute": 16,
        "second": 6,
        "nano": 0
      }
    },
    "citySender": "Київ",
    "cityRecipient": "Сватове"
  },
  {
    "number": 59000455797696,
    "dateTime": {
      "date": {
        "year": 2019,
        "month": 10,
        "day": 18
      },
      "time": {
        "hour": 8,
        "minute": 16,
        "second": 1,
        "nano": 0
      }
    },
    "citySender": "Київ",
    "cityRecipient": "Полтава"
  },
  {
    "number": 59000455797697,
    "dateTime": {
      "date": {
        "year": 2019,
        "month": 10,
        "day": 18
      },
      "time": {
        "hour": 8,
        "minute": 15,
        "second": 40,
        "nano": 0
      }
    },
    "citySender": "Більче",
    "cityRecipient": "Стрий"
  },
  {
    "number": 59000455797698,
    "dateTime": {
      "date": {
        "year": 2019,
        "month": 10,
        "day": 18
      },
      "time": {
        "hour": 8,
        "minute": 15,
        "second": 39,
        "nano": 0
      }
    },
    "citySender": "Новгородське (Донецька обл.)",
    "cityRecipient": "Зміїв"
  },
  {
    "number": 59000455797699,
    "dateTime": {
      "date": {
        "year": 2019,
        "month": 10,
        "day": 18
      },
      "time": {
        "hour": 8,
        "minute": 15,
        "second": 48,
        "nano": 0
      }
    },
    "citySender": "Київ",
    "cityRecipient": "Южноукраїнськ"
  },
  {
    "number": 59000455797700,
    "dateTime": {
      "date": {
        "year": 2019,
        "month": 10,
        "day": 18
      },
      "time": {
        "hour": 8,
        "minute": 16,
        "second": 2,
        "nano": 0
      }
    },
    "citySender": "Хмільник (Вінницька обл.)",
    "cityRecipient": "Красилівка (Броварський р-н)"
  },
  {
    "number": 59000455797701,
    "dateTime": {
      "date": {
        "year": 2019,
        "month": 10,
        "day": 18
      },
      "time": {
        "hour": 8,
        "minute": 16,
        "second": 5,
        "nano": 0
      }
    },
    "citySender": "Львів",
    "cityRecipient": "Одеса"
  },
  {
    "number": 59000455797702,
    "dateTime": {
      "date": {
        "year": 2019,
        "month": 10,
        "day": 18
      },
      "time": {
        "hour": 8,
        "minute": 16,
        "second": 14,
        "nano": 0
      }
    },
    "citySender": "Дніпро",
    "cityRecipient": "Бердичів"
  },
  {
    "number": 59000455797703,
    "dateTime": {
      "date": {
        "year": 2019,
        "month": 10,
        "day": 18
      },
      "time": {
        "hour": 8,
        "minute": 15,
        "second": 47,
        "nano": 0
      }
    },
    "citySender": "Харків",
    "cityRecipient": "Первомайський (Харківська обл.)"
  },
  {
    "number": 59000455797704,
    "dateTime": {
      "date": {
        "year": 2019,
        "month": 10,
        "day": 18
      },
      "time": {
        "hour": 8,
        "minute": 15,
        "second": 40,
        "nano": 0
      }
    },
    "citySender": "Київ",
    "cityRecipient": "Київ"
  },
  {
    "number": 59000455797705,
    "dateTime": {
      "date": {
        "year": 2019,
        "month": 10,
        "day": 18
      },
      "time": {
        "hour": 8,
        "minute": 16,
        "second": 7,
        "nano": 0
      }
    },
    "citySender": "Харків",
    "cityRecipient": "Львів"
  },
  {
    "number": 59000455797706,
    "dateTime": {
      "date": {
        "year": 2019,
        "month": 10,
        "day": 18
      },
      "time": {
        "hour": 8,
        "minute": 16,
        "second": 19,
        "nano": 0
      }
    },
    "citySender": "Київ",
    "cityRecipient": "Сватове"
  },
  {
    "number": 59000455797707,
    "dateTime": {
      "date": {
        "year": 2019,
        "month": 10,
        "day": 18
      },
      "time": {
        "hour": 8,
        "minute": 15,
        "second": 50,
        "nano": 0
      }
    },
    "citySender": "Семенівка(Чернігівська обл.)",
    "cityRecipient": "Київ"
  },
  {
    "number": 59000455797708,
    "dateTime": {
      "date": {
        "year": 2019,
        "month": 10,
        "day": 18
      },
      "time": {
        "hour": 8,
        "minute": 16,
        "second": 20,
        "nano": 0
      }
    },
    "citySender": "Курахове",
    "cityRecipient": "Київ"
  },
  {
    "number": 59000455797709,
    "dateTime": {
      "date": {
        "year": 2019,
        "month": 10,
        "day": 18
      },
      "time": {
        "hour": 8,
        "minute": 16,
        "second": 1,
        "nano": 0
      }
    },
    "citySender": "Бершадь",
    "cityRecipient": "Мелітополь"
  },
  {
    "number": 59000455797711,
    "dateTime": {
      "date": {
        "year": 2019,
        "month": 10,
        "day": 18
      },
      "time": {
        "hour": 8,
        "minute": 16,
        "second": 6,
        "nano": 0
      }
    },
    "citySender": "Київ",
    "cityRecipient": "Українка"
  },
  {
    "number": 59000455797712,
    "dateTime": {
      "date": {
        "year": 2019,
        "month": 10,
        "day": 18
      },
      "time": {
        "hour": 8,
        "minute": 16,
        "second": 15,
        "nano": 0
      }
    },
    "citySender": "Білокуракине",
    "cityRecipient": "Дружківка"
  },
  {
    "number": 59000455797713,
    "dateTime": {
      "date": {
        "year": 2019,
        "month": 10,
        "day": 18
      },
      "time": {
        "hour": 8,
        "minute": 16,
        "second": 22,
        "nano": 0
      }
    },
    "citySender": "Київ",
    "cityRecipient": "Одеса"
  },
  {
    "number": 59000455797714,
    "dateTime": {
      "date": {
        "year": 2019,
        "month": 10,
        "day": 18
      },
      "time": {
        "hour": 8,
        "minute": 15,
        "second": 58,
        "nano": 0
      }
    },
    "citySender": "Київ",
    "cityRecipient": "Тернівка"
  },
  {
    "number": 59000455797715,
    "dateTime": {
      "date": {
        "year": 2019,
        "month": 10,
        "day": 18
      },
      "time": {
        "hour": 8,
        "minute": 16,
        "second": 18,
        "nano": 0
      }
    },
    "citySender": "Гусятин",
    "cityRecipient": "Іллінці"
  },
  {
    "number": 59000455797716,
    "dateTime": {
      "date": {
        "year": 2019,
        "month": 10,
        "day": 18
      },
      "time": {
        "hour": 8,
        "minute": 16,
        "second": 10,
        "nano": 0
      }
    },
    "citySender": "Рівне",
    "cityRecipient": "Луцьк"
  },
  {
    "number": 59000455797717,
    "dateTime": {
      "date": {
        "year": 2019,
        "month": 10,
        "day": 18
      },
      "time": {
        "hour": 8,
        "minute": 16,
        "second": 19,
        "nano": 0
      }
    },
    "citySender": "Миколаїв",
    "cityRecipient": "Миколаїв"
  },
  {
    "number": 59000455797718,
    "dateTime": {
      "date": {
        "year": 2019,
        "month": 10,
        "day": 18
      },
      "time": {
        "hour": 8,
        "minute": 16,
        "second": 28,
        "nano": 0
      }
    },
    "citySender": "Новопсков",
    "cityRecipient": "Одеса"
  },
  {
    "number": 59000455797719,
    "dateTime": {
      "date": {
        "year": 2019,
        "month": 10,
        "day": 18
      },
      "time": {
        "hour": 8,
        "minute": 15,
        "second": 38,
        "nano": 0
      }
    },
    "citySender": "Білогір\u0027я",
    "cityRecipient": "Скадовськ"
  },
  {
    "number": 59000455797720,
    "dateTime": {
      "date": {
        "year": 2019,
        "month": 10,
        "day": 18
      },
      "time": {
        "hour": 8,
        "minute": 16,
        "second": 22,
        "nano": 0
      }
    },
    "citySender": "Київ",
    "cityRecipient": "Дніпро"
  },
  {
    "number": 59000455797721,
    "dateTime": {
      "date": {
        "year": 2019,
        "month": 10,
        "day": 18
      },
      "time": {
        "hour": 8,
        "minute": 16,
        "second": 30,
        "nano": 0
      }
    },
    "citySender": "Харків",
    "cityRecipient": "Київ"
  },
  {
    "number": 59000455797722,
    "dateTime": {
      "date": {
        "year": 2019,
        "month": 10,
        "day": 18
      },
      "time": {
        "hour": 8,
        "minute": 15,
        "second": 58,
        "nano": 0
      }
    },
    "citySender": "Липовець",
    "cityRecipient": "Одеса"
  },
  {
    "number": 59000455797723,
    "dateTime": {
      "date": {
        "year": 2019,
        "month": 10,
        "day": 18
      },
      "time": {
        "hour": 8,
        "minute": 16,
        "second": 6,
        "nano": 0
      }
    },
    "citySender": "Львів",
    "cityRecipient": "Запоріжжя"
  },
  {
    "number": 59000455797724,
    "dateTime": {
      "date": {
        "year": 2019,
        "month": 10,
        "day": 18
      },
      "time": {
        "hour": 8,
        "minute": 16,
        "second": 21,
        "nano": 0
      }
    },
    "citySender": "Кам\u0027янка (Черкаська обл.)",
    "cityRecipient": "Київ"
  },
  {
    "number": 59000455797726,
    "dateTime": {
      "date": {
        "year": 2019,
        "month": 10,
        "day": 18
      },
      "time": {
        "hour": 8,
        "minute": 16,
        "second": 39,
        "nano": 0
      }
    },
    "citySender": "Бершадь",
    "cityRecipient": "Авангард"
  },
  {
    "number": 59000455797727,
    "dateTime": {
      "date": {
        "year": 2019,
        "month": 10,
        "day": 18
      },
      "time": {
        "hour": 8,
        "minute": 15,
        "second": 55,
        "nano": 0
      }
    },
    "citySender": "Муровані Курилівці",
    "cityRecipient": "Київ"
  },
  {
    "number": 59000455797740,
    "dateTime": {
      "date": {
        "year": 2019,
        "month": 10,
        "day": 18
      },
      "time": {
        "hour": 8,
        "minute": 16,
        "second": 39,
        "nano": 0
      }
    },
    "citySender": "Новотроїцьке (Херсонська обл.)",
    "cityRecipient": "Новопетрівка"
  },
  {
    "number": 59000455797742,
    "dateTime": {
      "date": {
        "year": 2019,
        "month": 10,
        "day": 18
      },
      "time": {
        "hour": 8,
        "minute": 16,
        "second": 7,
        "nano": 0
      }
    },
    "citySender": "Київ",
    "cityRecipient": "Бровари"
  },
  {
    "number": 59000455797743,
    "dateTime": {
      "date": {
        "year": 2019,
        "month": 10,
        "day": 18
      },
      "time": {
        "hour": 8,
        "minute": 16,
        "second": 45,
        "nano": 0
      }
    },
    "citySender": "Дніпро",
    "cityRecipient": "Одеса"
  },
  {
    "number": 59000455797744,
    "dateTime": {
      "date": {
        "year": 2019,
        "month": 10,
        "day": 18
      },
      "time": {
        "hour": 8,
        "minute": 16,
        "second": 46,
        "nano": 0
      }
    },
    "citySender": "Курахове",
    "cityRecipient": "Київ"
  },
  {
    "number": 59000455797745,
    "dateTime": {
      "date": {
        "year": 2019,
        "month": 10,
        "day": 18
      },
      "time": {
        "hour": 8,
        "minute": 16,
        "second": 16,
        "nano": 0
      }
    },
    "citySender": "Скадовськ",
    "cityRecipient": "Одеса"
  },
  {
    "number": 59000455797746,
    "dateTime": {
      "date": {
        "year": 2019,
        "month": 10,
        "day": 18
      },
      "time": {
        "hour": 8,
        "minute": 16,
        "second": 39,
        "nano": 0
      }
    },
    "citySender": "Харків",
    "cityRecipient": "Львів"
  },
  {
    "number": 59000455797747,
    "dateTime": {
      "date": {
        "year": 2019,
        "month": 10,
        "day": 18
      },
      "time": {
        "hour": 8,
        "minute": 16,
        "second": 47,
        "nano": 0
      }
    },
    "citySender": "Київ",
    "cityRecipient": "Понінка"
  },
  {
    "number": 59000455797749,
    "dateTime": {
      "date": {
        "year": 2019,
        "month": 10,
        "day": 18
      },
      "time": {
        "hour": 8,
        "minute": 16,
        "second": 16,
        "nano": 0
      }
    },
    "citySender": "Київ",
    "cityRecipient": "Запоріжжя"
  },
  {
    "number": 59000455797750,
    "dateTime": {
      "date": {
        "year": 2019,
        "month": 10,
        "day": 18
      },
      "time": {
        "hour": 8,
        "minute": 15,
        "second": 41,
        "nano": 0
      }
    },
    "citySender": "Дніпро",
    "cityRecipient": "Станиця Луганська"
  },
  {
    "number": 59000455797751,
    "dateTime": {
      "date": {
        "year": 2019,
        "month": 10,
        "day": 18
      },
      "time": {
        "hour": 8,
        "minute": 16,
        "second": 25,
        "nano": 0
      }
    },
    "citySender": "Велика Лепетиха",
    "cityRecipient": "Єзупіль"
  },
  {
    "number": 59000455797752,
    "dateTime": {
      "date": {
        "year": 2019,
        "month": 10,
        "day": 18
      },
      "time": {
        "hour": 8,
        "minute": 15,
        "second": 42,
        "nano": 0
      }
    },
    "citySender": "Київ",
    "cityRecipient": "Одеса"
  },
  {
    "number": 59000455797753,
    "dateTime": {
      "date": {
        "year": 2019,
        "month": 10,
        "day": 18
      },
      "time": {
        "hour": 8,
        "minute": 16,
        "second": 46,
        "nano": 0
      }
    },
    "citySender": "Київ",
    "cityRecipient": "Львів"
  },
  {
    "number": 59000455797754,
    "dateTime": {
      "date": {
        "year": 2019,
        "month": 10,
        "day": 18
      },
      "time": {
        "hour": 8,
        "minute": 16,
        "second": 30,
        "nano": 0
      }
    },
    "citySender": "Київ",
    "cityRecipient": "Ізюм"
  },
  {
    "number": 59000455797755,
    "dateTime": {
      "date": {
        "year": 2019,
        "month": 10,
        "day": 18
      },
      "time": {
        "hour": 8,
        "minute": 16,
        "second": 23,
        "nano": 0
      }
    },
    "citySender": "Канів",
    "cityRecipient": "Харків"
  },
  {
    "number": 59000455797756,
    "dateTime": {
      "date": {
        "year": 2019,
        "month": 10,
        "day": 18
      },
      "time": {
        "hour": 8,
        "minute": 16,
        "second": 51,
        "nano": 0
      }
    },
    "citySender": "Тетіїв",
    "cityRecipient": "Сартана (Донецька обл.)"
  },
  {
    "number": 59000455797757,
    "dateTime": {
      "date": {
        "year": 2019,
        "month": 10,
        "day": 18
      },
      "time": {
        "hour": 8,
        "minute": 16,
        "second": 44,
        "nano": 0
      }
    },
    "citySender": "Велика Багачка",
    "cityRecipient": "Оржиця"
  },
  {
    "number": 59000455797758,
    "dateTime": {
      "date": {
        "year": 2019,
        "month": 10,
        "day": 18
      },
      "time": {
        "hour": 8,
        "minute": 16,
        "second": 44,
        "nano": 0
      }
    },
    "citySender": "Львів",
    "cityRecipient": "Городок(Львівська обл.)"
  },
  {
    "number": 59000455797759,
    "dateTime": {
      "date": {
        "year": 2019,
        "month": 10,
        "day": 18
      },
      "time": {
        "hour": 8,
        "minute": 16,
        "second": 53,
        "nano": 0
      }
    },
    "citySender": "Новотроїцьке (Херсонська обл.)",
    "cityRecipient": "Новомиколаївка(Скадовський р-н)"
  },
  {
    "number": 59000455797760,
    "dateTime": {
      "date": {
        "year": 2019,
        "month": 10,
        "day": 18
      },
      "time": {
        "hour": 8,
        "minute": 15,
        "second": 47,
        "nano": 0
      }
    },
    "citySender": "Нововоронцовка",
    "cityRecipient": "Запоріжжя"
  },
  {
    "number": 59000455797761,
    "dateTime": {
      "date": {
        "year": 2019,
        "month": 10,
        "day": 18
      },
      "time": {
        "hour": 8,
        "minute": 16,
        "second": 38,
        "nano": 0
      }
    },
    "citySender": "Дніпро",
    "cityRecipient": "Запоріжжя"
  },
  {
    "number": 59000455797762,
    "dateTime": {
      "date": {
        "year": 2019,
        "month": 10,
        "day": 18
      },
      "time": {
        "hour": 8,
        "minute": 16,
        "second": 26,
        "nano": 0
      }
    },
    "citySender": "Станиця Луганська",
    "cityRecipient": "Київ"
  },
  {
    "number": 59000455797763,
    "dateTime": {
      "date": {
        "year": 2019,
        "month": 10,
        "day": 18
      },
      "time": {
        "hour": 8,
        "minute": 15,
        "second": 56,
        "nano": 0
      }
    },
    "citySender": "Кобеляки",
    "cityRecipient": "Безлюдівка"
  },
  {
    "number": 59000455797764,
    "dateTime": {
      "date": {
        "year": 2019,
        "month": 10,
        "day": 18
      },
      "time": {
        "hour": 8,
        "minute": 16,
        "second": 57,
        "nano": 0
      }
    },
    "citySender": "Мар\u0027їнка",
    "cityRecipient": "Біляївка"
  },
  {
    "number": 59000455797765,
    "dateTime": {
      "date": {
        "year": 2019,
        "month": 10,
        "day": 18
      },
      "time": {
        "hour": 8,
        "minute": 16,
        "second": 52,
        "nano": 0
      }
    },
    "citySender": "Глеваха",
    "cityRecipient": "Вінниця"
  },
  {
    "number": 59000455797766,
    "dateTime": {
      "date": {
        "year": 2019,
        "month": 10,
        "day": 18
      },
      "time": {
        "hour": 8,
        "minute": 16,
        "second": 44,
        "nano": 0
      }
    },
    "citySender": "Долинська",
    "cityRecipient": "Куп\u0027янськ"
  },
  {
    "number": 59000455797767,
    "dateTime": {
      "date": {
        "year": 2019,
        "month": 10,
        "day": 18
      },
      "time": {
        "hour": 8,
        "minute": 17,
        "second": 7,
        "nano": 0
      }
    },
    "citySender": "Біловодськ",
    "cityRecipient": "Колонщина"
  },
  {
    "number": 59000455797768,
    "dateTime": {
      "date": {
        "year": 2019,
        "month": 10,
        "day": 18
      },
      "time": {
        "hour": 8,
        "minute": 16,
        "second": 51,
        "nano": 0
      }
    },
    "citySender": "Київ",
    "cityRecipient": "Маріуполь"
  },
  {
    "number": 59000455797769,
    "dateTime": {
      "date": {
        "year": 2019,
        "month": 10,
        "day": 18
      },
      "time": {
        "hour": 8,
        "minute": 16,
        "second": 57,
        "nano": 0
      }
    },
    "citySender": "Рівне",
    "cityRecipient": "Дубно"
  },
  {
    "number": 59000455797770,
    "dateTime": {
      "date": {
        "year": 2019,
        "month": 10,
        "day": 18
      },
      "time": {
        "hour": 8,
        "minute": 17,
        "second": 11,
        "nano": 0
      }
    },
    "citySender": "Оратів",
    "cityRecipient": "Київ"
  },
  {
    "number": 59000455797771,
    "dateTime": {
      "date": {
        "year": 2019,
        "month": 10,
        "day": 18
      },
      "time": {
        "hour": 8,
        "minute": 17,
        "second": 7,
        "nano": 0
      }
    },
    "citySender": "Полтава",
    "cityRecipient": "Івано-Франківськ"
  },
  {
    "number": 59000455797772,
    "dateTime": {
      "date": {
        "year": 2019,
        "month": 10,
        "day": 18
      },
      "time": {
        "hour": 8,
        "minute": 17,
        "second": 9,
        "nano": 0
      }
    },
    "citySender": "Бершадь",
    "cityRecipient": "Київ"
  },
  {
    "number": 59000455797773,
    "dateTime": {
      "date": {
        "year": 2019,
        "month": 10,
        "day": 18
      },
      "time": {
        "hour": 8,
        "minute": 17,
        "second": 4,
        "nano": 0
      }
    },
    "citySender": "Київ",
    "cityRecipient": "Київ"
  },
  {
    "number": 59000455797774,
    "dateTime": {
      "date": {
        "year": 2019,
        "month": 10,
        "day": 18
      },
      "time": {
        "hour": 8,
        "minute": 17,
        "second": 13,
        "nano": 0
      }
    },
    "citySender": "Новотроїцьке (Херсонська обл.)",
    "cityRecipient": "Київ"
  },
  {
    "number": 59000455797775,
    "dateTime": {
      "date": {
        "year": 2019,
        "month": 10,
        "day": 18
      },
      "time": {
        "hour": 20,
        "minute": 20,
        "second": 25,
        "nano": 0
      }
    },
    "citySender": "Київ",
    "cityRecipient": "Київ"
  },
  {
    "number": 59000455797776,
    "dateTime": {
      "date": {
        "year": 2019,
        "month": 10,
        "day": 18
      },
      "time": {
        "hour": 8,
        "minute": 17,
        "second": 1,
        "nano": 0
      }
    },
    "citySender": "Київ",
    "cityRecipient": "Первомайськ(Микол.обл.Первомайс.р-н)"
  },
  {
    "number": 59000455797777,
    "dateTime": {
      "date": {
        "year": 2019,
        "month": 10,
        "day": 18
      },
      "time": {
        "hour": 8,
        "minute": 17,
        "second": 14,
        "nano": 0
      }
    },
    "citySender": "Курахове",
    "cityRecipient": "Київ"
  },
  {
    "number": 59000455797778,
    "dateTime": {
      "date": {
        "year": 2019,
        "month": 10,
        "day": 18
      },
      "time": {
        "hour": 8,
        "minute": 17,
        "second": 9,
        "nano": 0
      }
    },
    "citySender": "Дніпро",
    "cityRecipient": "Ужгород"
  },
  {
    "number": 59000455797779,
    "dateTime": {
      "date": {
        "year": 2019,
        "month": 10,
        "day": 18
      },
      "time": {
        "hour": 8,
        "minute": 17,
        "second": 18,
        "nano": 0
      }
    },
    "citySender": "Ківшарівка",
    "cityRecipient": "Київ"
  },
  {
    "number": 59000455797780,
    "dateTime": {
      "date": {
        "year": 2019,
        "month": 10,
        "day": 18
      },
      "time": {
        "hour": 8,
        "minute": 17,
        "second": 11,
        "nano": 0
      }
    },
    "citySender": "Станиця Луганська",
    "cityRecipient": "Харків"
  },
  {
    "number": 59000455797781,
    "dateTime": {
      "date": {
        "year": 2019,
        "month": 10,
        "day": 18
      },
      "time": {
        "hour": 8,
        "minute": 17,
        "second": 18,
        "nano": 0
      }
    },
    "citySender": "Оржиця",
    "cityRecipient": "Черкаське"
  },
  {
    "number": 59000455797782,
    "dateTime": {
      "date": {
        "year": 2019,
        "month": 10,
        "day": 18
      },
      "time": {
        "hour": 8,
        "minute": 17,
        "second": 11,
        "nano": 0
      }
    },
    "citySender": "Київ",
    "cityRecipient": "Київ"
  },
  {
    "number": 59000455797783,
    "dateTime": {
      "date": {
        "year": 2019,
        "month": 10,
        "day": 18
      },
      "time": {
        "hour": 8,
        "minute": 17,
        "second": 17,
        "nano": 0
      }
    },
    "citySender": "Коростишів",
    "cityRecipient": "Суми"
  },
  {
    "number": 59000455797784,
    "dateTime": {
      "date": {
        "year": 2019,
        "month": 10,
        "day": 18
      },
      "time": {
        "hour": 8,
        "minute": 17,
        "second": 20,
        "nano": 0
      }
    },
    "citySender": "Харків",
    "cityRecipient": "Київ"
  },
  {
    "number": 59000455797785,
    "dateTime": {
      "date": {
        "year": 2019,
        "month": 10,
        "day": 18
      },
      "time": {
        "hour": 8,
        "minute": 17,
        "second": 21,
        "nano": 0
      }
    },
    "citySender": "Томашпіль",
    "cityRecipient": "Київ"
  },
  {
    "number": 59000455797786,
    "dateTime": {
      "date": {
        "year": 2019,
        "month": 10,
        "day": 18
      },
      "time": {
        "hour": 8,
        "minute": 16,
        "second": 1,
        "nano": 0
      }
    },
    "citySender": "Рівне",
    "cityRecipient": "Сєвєродонецьк"
  },
  {
    "number": 59000455797787,
    "dateTime": {
      "date": {
        "year": 2019,
        "month": 10,
        "day": 18
      },
      "time": {
        "hour": 8,
        "minute": 14,
        "second": 14,
        "nano": 0
      }
    },
    "citySender": "Рогатин",
    "cityRecipient": "Львів"
  },
  {
    "number": 59000455797788,
    "dateTime": {
      "date": {
        "year": 2019,
        "month": 10,
        "day": 18
      },
      "time": {
        "hour": 8,
        "minute": 15,
        "second": 21,
        "nano": 0
      }
    },
    "citySender": "Кам\u0027янське(Дніпропетровська обл)",
    "cityRecipient": "Харків"
  },
  {
    "number": 59000455797790,
    "dateTime": {
      "date": {
        "year": 2019,
        "month": 10,
        "day": 18
      },
      "time": {
        "hour": 8,
        "minute": 17,
        "second": 23,
        "nano": 0
      }
    },
    "citySender": "Погребище",
    "cityRecipient": "Одеса"
  }
]