[
  {
    "number": 59000455828568,
    "dateTime": {
      "date": {
        "year": 2019,
        "month": 10,
        "day": 18
      },
      "time": {
        "hour": 10,
        "minute": 30,
        "second": 39,
        "nano": 0
      }
    },
    "citySender": "Івано-Франківськ",
    "cityRecipient": "Бердичів"
  },
  {
    "number": 59000455828569,
    "dateTime": {
      "date": {
        "year": 2019,
        "month": 10,
        "day": 18
      },
      "time": {
        "hour": 10,
        "minute": 30,
        "second": 58,
        "nano": 0
      }
    },
    "citySender": "Микуличин",
    "cityRecipient": "Львів"
  },
  {
    "number": 59000455828570,
    "dateTime": {
      "date": {
        "year": 2019,
        "month": 10,
        "day": 18
      },
      "time": {
        "hour": 10,
        "minute": 29,
        "second": 39,
        "nano": 0
      }
    },
    "citySender": "Маріуполь",
    "cityRecipient": "Васильків"
  },
  {
    "number": 59000455828571,
    "dateTime": {
      "date": {
        "year": 2019,
        "month": 10,
        "day": 18
      },
      "time": {
        "hour": 10,
        "minute": 30,
        "second": 54,
        "nano": 0
      }
    },
    "citySender": "Тернопіль",
    "cityRecipient": "Київ"
  },
  {
    "number": 59000455828572,
    "dateTime": {
      "date": {
        "year": 2019,
        "month": 10,
        "day": 18
      },
      "time": {
        "hour": 10,
        "minute": 30,
        "second": 40,
        "nano": 0
      }
    },
    "citySender": "Дніпро",
    "cityRecipient": "Кривий Ріг"
  },
  {
    "number": 59000455828576,
    "dateTime": {
      "date": {
        "year": 2019,
        "month": 10,
        "day": 18
      },
      "time": {
        "hour": 10,
        "minute": 30,
        "second": 58,
        "nano": 0
      }
    },
    "citySender": "Глухів (Сумська обл.)",
    "cityRecipient": "Київ"
  },
  {
    "number": 59000455828577,
    "dateTime": {
      "date": {
        "year": 2019,
        "month": 10,
        "day": 18
      },
      "time": {
        "hour": 10,
        "minute": 30,
        "second": 37,
        "nano": 0
      }
    },
    "citySender": "Бровари",
    "cityRecipient": "Чабани"
  },
  {
    "number": 59000455828578,
    "dateTime": {
      "date": {
        "year": 2019,
        "month": 10,
        "day": 18
      },
      "time": {
        "hour": 10,
        "minute": 30,
        "second": 58,
        "nano": 0
      }
    },
    "citySender": "Львів",
    "cityRecipient": "Луцьк"
  },
  {
    "number": 59000455828580,
    "dateTime": {
      "date": {
        "year": 2019,
        "month": 10,
        "day": 18
      },
      "time": {
        "hour": 10,
        "minute": 30,
        "second": 59,
        "nano": 0
      }
    },
    "citySender": "Зіньків",
    "cityRecipient": "Київ"
  },
  {
    "number": 59000455828581,
    "dateTime": {
      "date": {
        "year": 2019,
        "month": 10,
        "day": 18
      },
      "time": {
        "hour": 10,
        "minute": 30,
        "second": 47,
        "nano": 0
      }
    },
    "citySender": "Херсон",
    "cityRecipient": "Генічеськ"
  },
  {
    "number": 59000455828582,
    "dateTime": {
      "date": {
        "year": 2019,
        "month": 10,
        "day": 18
      },
      "time": {
        "hour": 10,
        "minute": 30,
        "second": 41,
        "nano": 0
      }
    },
    "citySender": "Кривий Ріг",
    "cityRecipient": "Устинівка"
  },
  {
    "number": 59000455828583,
    "dateTime": {
      "date": {
        "year": 2019,
        "month": 10,
        "day": 18
      },
      "time": {
        "hour": 10,
        "minute": 30,
        "second": 59,
        "nano": 0
      }
    },
    "citySender": "Березівка",
    "cityRecipient": "Київ"
  },
  {
    "number": 59000455828584,
    "dateTime": {
      "date": {
        "year": 2019,
        "month": 10,
        "day": 18
      },
      "time": {
        "hour": 10,
        "minute": 30,
        "second": 53,
        "nano": 0
      }
    },
    "citySender": "Білогородка (Київська обл.)",
    "cityRecipient": "Київ"
  },
  {
    "number": 59000455828585,
    "dateTime": {
      "date": {
        "year": 2019,
        "month": 10,
        "day": 18
      },
      "time": {
        "hour": 10,
        "minute": 30,
        "second": 44,
        "nano": 0
      }
    },
    "citySender": "Біленьке(Запорізька обл.)",
    "cityRecipient": "Дніпро"
  },
  {
    "number": 59000455828586,
    "dateTime": {
      "date": {
        "year": 2019,
        "month": 10,
        "day": 18
      },
      "time": {
        "hour": 10,
        "minute": 30,
        "second": 16,
        "nano": 0
      }
    },
    "citySender": "Чернігів",
    "cityRecipient": "Городок(Львівська обл.)"
  },
  {
    "number": 59000455828588,
    "dateTime": {
      "date": {
        "year": 2019,
        "month": 10,
        "day": 18
      },
      "time": {
        "hour": 10,
        "minute": 30,
        "second": 17,
        "nano": 0
      }
    },
    "citySender": "Київ",
    "cityRecipient": "Запоріжжя"
  },
  {
    "number": 59000455828589,
    "dateTime": {
      "date": {
        "year": 2019,
        "month": 10,
        "day": 18
      },
      "time": {
        "hour": 10,
        "minute": 30,
        "second": 55,
        "nano": 0
      }
    },
    "citySender": "Вишгород",
    "cityRecipient": "Київ"
  },
  {
    "number": 59000455828590,
    "dateTime": {
      "date": {
        "year": 2019,
        "month": 10,
        "day": 18
      },
      "time": {
        "hour": 10,
        "minute": 30,
        "second": 9,
        "nano": 0
      }
    },
    "citySender": "Рубіжне",
    "cityRecipient": "Харків"
  },
  {
    "number": 59000455828591,
    "dateTime": {
      "date": {
        "year": 2019,
        "month": 10,
        "day": 18
      },
      "time": {
        "hour": 10,
        "minute": 31,
        "second": 0,
        "nano": 0
      }
    },
    "citySender": "Нижні Станівці",
    "cityRecipient": "Українка"
  },
  {
    "number": 59000455828592,
    "dateTime": {
      "date": {
        "year": 2019,
        "month": 10,
        "day": 18
      },
      "time": {
        "hour": 10,
        "minute": 28,
        "second": 50,
        "nano": 0
      }
    },
    "citySender": "Дніпро",
    "cityRecipient": "Дніпро"
  },
  {
    "number": 59000455828593,
    "dateTime": {
      "date": {
        "year": 2019,
        "month": 10,
        "day": 18
      },
      "time": {
        "hour": 10,
        "minute": 30,
        "second": 31,
        "nano": 0
      }
    },
    "citySender": "Київ",
    "cityRecipient": "Київ"
  },
  {
    "number": 59000455828594,
    "dateTime": {
      "date": {
        "year": 2019,
        "month": 10,
        "day": 18
      },
      "time": {
        "hour": 10,
        "minute": 30,
        "second": 58,
        "nano": 0
      }
    },
    "citySender": "Івано-Франківськ",
    "cityRecipient": "Калуш"
  },
  {
    "number": 59000455828595,
    "dateTime": {
      "date": {
        "year": 2019,
        "month": 10,
        "day": 18
      },
      "time": {
        "hour": 10,
        "minute": 31,
        "second": 2,
        "nano": 0
      }
    },
    "citySender": "Бердичів",
    "cityRecipient": "Дніпро"
  },
  {
    "number": 59000455828596,
    "dateTime": {
      "date": {
        "year": 2019,
        "month": 10,
        "day": 18
      },
      "time": {
        "hour": 10,
        "minute": 29,
        "second": 10,
        "nano": 0
      }
    },
    "citySender": "Скалат",
    "cityRecipient": "Васильків"
  },
  {
    "number": 59000455828597,
    "dateTime": {
      "date": {
        "year": 2019,
        "month": 10,
        "day": 18
      },
      "time": {
        "hour": 10,
        "minute": 30,
        "second": 16,
        "nano": 0
      }
    },
    "citySender": "Колки",
    "cityRecipient": "Кривий Ріг"
  },
  {
    "number": 59000455828598,
    "dateTime": {
      "date": {
        "year": 2019,
        "month": 10,
        "day": 18
      },
      "time": {
        "hour": 10,
        "minute": 31,
        "second": 3,
        "nano": 0
      }
    },
    "citySender": "Одеса",
    "cityRecipient": "Ілічанка"
  },
  {
    "number": 59000455828599,
    "dateTime": {
      "date": {
        "year": 2019,
        "month": 10,
        "day": 18
      },
      "time": {
        "hour": 10,
        "minute": 30,
        "second": 52,
        "nano": 0
      }
    },
    "citySender": "Кам\u0027янське(Дніпропетровська обл)",
    "cityRecipient": "Полтава"
  },
  {
    "number": 59000455828600,
    "dateTime": {
      "date": {
        "year": 2019,
        "month": 10,
        "day": 18
      },
      "time": {
        "hour": 10,
        "minute": 30,
        "second": 32,
        "nano": 0
      }
    },
    "citySender": "Київ",
    "cityRecipient": "Подвірки"
  },
  {
    "number": 59000455828601,
    "dateTime": {
      "date": {
        "year": 2019,
        "month": 10,
        "day": 18
      },
      "time": {
        "hour": 10,
        "minute": 30,
        "second": 25,
        "nano": 0
      }
    },
    "citySender": "Миргород",
    "cityRecipient": "Київ"
  },
  {
    "number": 59000455828602,
    "dateTime": {
      "date": {
        "year": 2019,
        "month": 10,
        "day": 18
      },
      "time": {
        "hour": 10,
        "minute": 30,
        "second": 55,
        "nano": 0
      }
    },
    "citySender": "Черкаси",
    "cityRecipient": "Кривий Ріг"
  },
  {
    "number": 59000455828603,
    "dateTime": {
      "date": {
        "year": 2019,
        "month": 10,
        "day": 18
      },
      "time": {
        "hour": 10,
        "minute": 30,
        "second": 40,
        "nano": 0
      }
    },
    "citySender": "Харків",
    "cityRecipient": "Кам\u0027янське(Дніпропетровська обл)"
  },
  {
    "number": 59000455828604,
    "dateTime": {
      "date": {
        "year": 2019,
        "month": 10,
        "day": 18
      },
      "time": {
        "hour": 10,
        "minute": 30,
        "second": 26,
        "nano": 0
      }
    },
    "citySender": "Київ",
    "cityRecipient": "Яснозір\u0027я"
  },
  {
    "number": 59000455828605,
    "dateTime": {
      "date": {
        "year": 2019,
        "month": 10,
        "day": 18
      },
      "time": {
        "hour": 10,
        "minute": 29,
        "second": 25,
        "nano": 0
      }
    },
    "citySender": "Костянтинівка (Донецька обл.)",
    "cityRecipient": "Хмельницький"
  },
  {
    "number": 59000455828606,
    "dateTime": {
      "date": {
        "year": 2019,
        "month": 10,
        "day": 18
      },
      "time": {
        "hour": 10,
        "minute": 30,
        "second": 53,
        "nano": 0
      }
    },
    "citySender": "Запоріжжя",
    "cityRecipient": "Болград (Одеська обл.)"
  },
  {
    "number": 59000455828607,
    "dateTime": {
      "date": {
        "year": 2019,
        "month": 10,
        "day": 18
      },
      "time": {
        "hour": 10,
        "minute": 30,
        "second": 55,
        "nano": 0
      }
    },
    "citySender": "Тернопіль",
    "cityRecipient": "Кривий Ріг"
  },
  {
    "number": 59000455828608,
    "dateTime": {
      "date": {
        "year": 2019,
        "month": 10,
        "day": 18
      },
      "time": {
        "hour": 10,
        "minute": 30,
        "second": 56,
        "nano": 0
      }
    },
    "citySender": "Чугуїв",
    "cityRecipient": "Крюківщина"
  },
  {
    "number": 59000455828609,
    "dateTime": {
      "date": {
        "year": 2019,
        "month": 10,
        "day": 18
      },
      "time": {
        "hour": 10,
        "minute": 30,
        "second": 46,
        "nano": 0
      }
    },
    "citySender": "Кривий Ріг",
    "cityRecipient": "Жовті Води"
  },
  {
    "number": 59000455828610,
    "dateTime": {
      "date": {
        "year": 2019,
        "month": 10,
        "day": 18
      },
      "time": {
        "hour": 10,
        "minute": 29,
        "second": 28,
        "nano": 0
      }
    },
    "citySender": "Київ",
    "cityRecipient": "Київ"
  },
  {
    "number": 59000455828611,
    "dateTime": {
      "date": {
        "year": 2019,
        "month": 10,
        "day": 18
      },
      "time": {
        "hour": 10,
        "minute": 31,
        "second": 2,
        "nano": 0
      }
    },
    "citySender": "Бородянка",
    "cityRecipient": "Одеса"
  },
  {
    "number": 59000455828612,
    "dateTime": {
      "date": {
        "year": 2019,
        "month": 10,
        "day": 18
      },
      "time": {
        "hour": 10,
        "minute": 30,
        "second": 56,
        "nano": 0
      }
    },
    "citySender": "Дніпро",
    "cityRecipient": "Полтава"
  },
  {
    "number": 59000455828613,
    "dateTime": {
      "date": {
        "year": 2019,
        "month": 10,
        "day": 18
      },
      "time": {
        "hour": 10,
        "minute": 31,
        "second": 8,
        "nano": 0
      }
    },
    "citySender": "Хмельницький",
    "cityRecipient": "Дрогобич"
  },
  {
    "number": 59000455828614,
    "dateTime": {
      "date": {
        "year": 2019,
        "month": 10,
        "day": 18
      },
      "time": {
        "hour": 10,
        "minute": 31,
        "second": 5,
        "nano": 0
      }
    },
    "citySender": "Вишгород",
    "cityRecipient": "Київ"
  },
  {
    "number": 59000455828615,
    "dateTime": {
      "date": {
        "year": 2019,
        "month": 10,
        "day": 18
      },
      "time": {
        "hour": 10,
        "minute": 31,
        "second": 2,
        "nano": 0
      }
    },
    "citySender": "Умань",
    "cityRecipient": "Тростянець (Вінницька обл.)"
  },
  {
    "number": 59000455828616,
    "dateTime": {
      "date": {
        "year": 2019,
        "month": 10,
        "day": 18
      },
      "time": {
        "hour": 10,
        "minute": 30,
        "second": 48,
        "nano": 0
      }
    },
    "citySender": "Ізяслав",
    "cityRecipient": "Теребовля"
  },
  {
    "number": 59000455828617,
    "dateTime": {
      "date": {
        "year": 2019,
        "month": 10,
        "day": 18
      },
      "time": {
        "hour": 10,
        "minute": 30,
        "second": 53,
        "nano": 0
      }
    },
    "citySender": "Слов\u0027янськ",
    "cityRecipient": "Одеса"
  },
  {
    "number": 59000455828618,
    "dateTime": {
      "date": {
        "year": 2019,
        "month": 10,
        "day": 18
      },
      "time": {
        "hour": 10,
        "minute": 31,
        "second": 5,
        "nano": 0
      }
    },
    "citySender": "Кобеляки",
    "cityRecipient": "Харків"
  },
  {
    "number": 59000455828619,
    "dateTime": {
      "date": {
        "year": 2019,
        "month": 10,
        "day": 18
      },
      "time": {
        "hour": 10,
        "minute": 30,
        "second": 29,
        "nano": 0
      }
    },
    "citySender": "Луцьк",
    "cityRecipient": "Київ"
  },
  {
    "number": 59000455828620,
    "dateTime": {
      "date": {
        "year": 2019,
        "month": 10,
        "day": 18
      },
      "time": {
        "hour": 10,
        "minute": 30,
        "second": 21,
        "nano": 0
      }
    },
    "citySender": "Солоне",
    "cityRecipient": "Чернігів"
  },
  {
    "number": 59000455828621,
    "dateTime": {
      "date": {
        "year": 2019,
        "month": 10,
        "day": 18
      },
      "time": {
        "hour": 10,
        "minute": 30,
        "second": 49,
        "nano": 0
      }
    },
    "citySender": "Київ",
    "cityRecipient": "Одеса"
  },
  {
    "number": 59000455828622,
    "dateTime": {
      "date": {
        "year": 2019,
        "month": 10,
        "day": 18
      },
      "time": {
        "hour": 10,
        "minute": 31,
        "second": 7,
        "nano": 0
      }
    },
    "citySender": "Канів",
    "cityRecipient": "Переяслав-Хмельницький"
  },
  {
    "number": 59000455828623,
    "dateTime": {
      "date": {
        "year": 2019,
        "month": 10,
        "day": 18
      },
      "time": {
        "hour": 10,
        "minute": 30,
        "second": 1,
        "nano": 0
      }
    },
    "citySender": "Згурівка",
    "cityRecipient": "Київ"
  },
  {
    "number": 59000455828624,
    "dateTime": {
      "date": {
        "year": 2019,
        "month": 10,
        "day": 18
      },
      "time": {
        "hour": 10,
        "minute": 31,
        "second": 9,
        "nano": 0
      }
    },
    "citySender": "Іванковичі",
    "cityRecipient": "Харків"
  },
  {
    "number": 59000455828625,
    "dateTime": {
      "date": {
        "year": 2019,
        "month": 10,
        "day": 18
      },
      "time": {
        "hour": 10,
        "minute": 29,
        "second": 25,
        "nano": 0
      }
    },
    "citySender": "Хмельницький",
    "cityRecipient": "Вінниця"
  },
  {
    "number": 59000455828626,
    "dateTime": {
      "date": {
        "year": 2019,
        "month": 10,
        "day": 18
      },
      "time": {
        "hour": 10,
        "minute": 31,
        "second": 7,
        "nano": 0
      }
    },
    "citySender": "Надвірна",
    "cityRecipient": "Київ"
  },
  {
    "number": 59000455828627,
    "dateTime": {
      "date": {
        "year": 2019,
        "month": 10,
        "day": 18
      },
      "time": {
        "hour": 10,
        "minute": 30,
        "second": 53,
        "nano": 0
      }
    },
    "citySender": "Нова Водолага",
    "cityRecipient": "Чернігів"
  },
  {
    "number": 59000455828628,
    "dateTime": {
      "date": {
        "year": 2019,
        "month": 10,
        "day": 18
      },
      "time": {
        "hour": 10,
        "minute": 31,
        "second": 10,
        "nano": 0
      }
    },
    "citySender": "Ужгород",
    "cityRecipient": "Київ"
  },
  {
    "number": 59000455828629,
    "dateTime": {
      "date": {
        "year": 2019,
        "month": 10,
        "day": 18
      },
      "time": {
        "hour": 10,
        "minute": 30,
        "second": 50,
        "nano": 0
      }
    },
    "citySender": "Рожнів",
    "cityRecipient": "Київ"
  },
  {
    "number": 59000455828630,
    "dateTime": {
      "date": {
        "year": 2019,
        "month": 10,
        "day": 18
      },
      "time": {
        "hour": 10,
        "minute": 30,
        "second": 44,
        "nano": 0
      }
    },
    "citySender": "Розсошенці(Полтавська обл.)",
    "cityRecipient": "Харків"
  },
  {
    "number": 59000455828631,
    "dateTime": {
      "date": {
        "year": 2019,
        "month": 10,
        "day": 18
      },
      "time": {
        "hour": 10,
        "minute": 30,
        "second": 28,
        "nano": 0
      }
    },
    "citySender": "Кременчук",
    "cityRecipient": "Київ"
  },
  {
    "number": 59000455828632,
    "dateTime": {
      "date": {
        "year": 2019,
        "month": 10,
        "day": 18
      },
      "time": {
        "hour": 10,
        "minute": 30,
        "second": 58,
        "nano": 0
      }
    },
    "citySender": "Моршин",
    "cityRecipient": "Херсон"
  },
  {
    "number": 59000455828633,
    "dateTime": {
      "date": {
        "year": 2019,
        "month": 10,
        "day": 18
      },
      "time": {
        "hour": 10,
        "minute": 30,
        "second": 7,
        "nano": 0
      }
    },
    "citySender": "Київ",
    "cityRecipient": "Харків"
  },
  {
    "number": 59000455828634,
    "dateTime": {
      "date": {
        "year": 2019,
        "month": 10,
        "day": 18
      },
      "time": {
        "hour": 10,
        "minute": 29,
        "second": 5,
        "nano": 0
      }
    },
    "citySender": "Овруч",
    "cityRecipient": "Київ"
  },
  {
    "number": 59000455828635,
    "dateTime": {
      "date": {
        "year": 2019,
        "month": 10,
        "day": 18
      },
      "time": {
        "hour": 10,
        "minute": 30,
        "second": 54,
        "nano": 0
      }
    },
    "citySender": "Дніпро",
    "cityRecipient": "Умань"
  },
  {
    "number": 59000455828636,
    "dateTime": {
      "date": {
        "year": 2019,
        "month": 10,
        "day": 18
      },
      "time": {
        "hour": 10,
        "minute": 31,
        "second": 10,
        "nano": 0
      }
    },
    "citySender": "Велика Новосілка",
    "cityRecipient": "Сергіївка (Білгород-Дністровський р-н)"
  },
  {
    "number": 59000455828637,
    "dateTime": {
      "date": {
        "year": 2019,
        "month": 10,
        "day": 18
      },
      "time": {
        "hour": 10,
        "minute": 31,
        "second": 11,
        "nano": 0
      }
    },
    "citySender": "Березівка",
    "cityRecipient": "Київ"
  },
  {
    "number": 59000455828638,
    "dateTime": {
      "date": {
        "year": 2019,
        "month": 10,
        "day": 18
      },
      "time": {
        "hour": 10,
        "minute": 31,
        "second": 11,
        "nano": 0
      }
    },
    "citySender": "Хмельницький",
    "cityRecipient": "Вінниця"
  },
  {
    "number": 59000455828639,
    "dateTime": {
      "date": {
        "year": 2019,
        "month": 10,
        "day": 18
      },
      "time": {
        "hour": 10,
        "minute": 30,
        "second": 10,
        "nano": 0
      }
    },
    "citySender": "Бар",
    "cityRecipient": "Одеса"
  },
  {
    "number": 59000455828640,
    "dateTime": {
      "date": {
        "year": 2019,
        "month": 10,
        "day": 18
      },
      "time": {
        "hour": 10,
        "minute": 31,
        "second": 12,
        "nano": 0
      }
    },
    "citySender": "Івано-Франківськ",
    "cityRecipient": "Переяслав-Хмельницький"
  },
  {
    "number": 59000455828641,
    "dateTime": {
      "date": {
        "year": 2019,
        "month": 10,
        "day": 18
      },
      "time": {
        "hour": 10,
        "minute": 31,
        "second": 12,
        "nano": 0
      }
    },
    "citySender": "Запоріжжя",
    "cityRecipient": "Ужгород"
  },
  {
    "number": 59000455828642,
    "dateTime": {
      "date": {
        "year": 2019,
        "month": 10,
        "day": 18
      },
      "time": {
        "hour": 10,
        "minute": 30,
        "second": 33,
        "nano": 0
      }
    },
    "citySender": "Одеса",
    "cityRecipient": "Вишневе"
  },
  {
    "number": 59000455828643,
    "dateTime": {
      "date": {
        "year": 2019,
        "month": 10,
        "day": 18
      },
      "time": {
        "hour": 10,
        "minute": 31,
        "second": 8,
        "nano": 0
      }
    },
    "citySender": "Київ",
    "cityRecipient": "Юр\u0027ївка"
  },
  {
    "number": 59000455828644,
    "dateTime": {
      "date": {
        "year": 2019,
        "month": 10,
        "day": 18
      },
      "time": {
        "hour": 10,
        "minute": 30,
        "second": 20,
        "nano": 0
      }
    },
    "citySender": "Дніпро",
    "cityRecipient": "Львів"
  },
  {
    "number": 59000455828645,
    "dateTime": {
      "date": {
        "year": 2019,
        "month": 10,
        "day": 18
      },
      "time": {
        "hour": 10,
        "minute": 30,
        "second": 33,
        "nano": 0
      }
    },
    "citySender": "Кельменці",
    "cityRecipient": "Київ"
  },
  {
    "number": 59000455828646,
    "dateTime": {
      "date": {
        "year": 2019,
        "month": 10,
        "day": 18
      },
      "time": {
        "hour": 10,
        "minute": 31,
        "second": 6,
        "nano": 0
      }
    },
    "citySender": "Дніпро",
    "cityRecipient": "Новоукраїнка"
  },
  {
    "number": 59000455828647,
    "dateTime": {
      "date": {
        "year": 2019,
        "month": 10,
        "day": 18
      },
      "time": {
        "hour": 10,
        "minute": 31,
        "second": 13,
        "nano": 0
      }
    },
    "citySender": "Суми",
    "cityRecipient": "Харків"
  },
  {
    "number": 59000455828648,
    "dateTime": {
      "date": {
        "year": 2019,
        "month": 10,
        "day": 18
      },
      "time": {
        "hour": 10,
        "minute": 31,
        "second": 1,
        "nano": 0
      }
    },
    "citySender": "Київ",
    "cityRecipient": "Калуш"
  },
  {
    "number": 59000455828649,
    "dateTime": {
      "date": {
        "year": 2019,
        "month": 10,
        "day": 18
      },
      "time": {
        "hour": 10,
        "minute": 30,
        "second": 31,
        "nano": 0
      }
    },
    "citySender": "Київ",
    "cityRecipient": "Київ"
  },
  {
    "number": 59000455828650,
    "dateTime": {
      "date": {
        "year": 2019,
        "month": 10,
        "day": 18
      },
      "time": {
        "hour": 10,
        "minute": 31,
        "second": 14,
        "nano": 0
      }
    },
    "citySender": "Прилуки",
    "cityRecipient": "Малин"
  },
  {
    "number": 59000455828651,
    "dateTime": {
      "date": {
        "year": 2019,
        "month": 10,
        "day": 18
      },
      "time": {
        "hour": 10,
        "minute": 31,
        "second": 14,
        "nano": 0
      }
    },
    "citySender": "Мукачево",
    "cityRecipient": "Дніпро"
  },
  {
    "number": 59000455828652,
    "dateTime": {
      "date": {
        "year": 2019,
        "month": 10,
        "day": 18
      },
      "time": {
        "hour": 10,
        "minute": 31,
        "second": 0,
        "nano": 0
      }
    },
    "citySender": "Гребінка (Полтавська обл.)",
    "cityRecipient": "Старосілля"
  },
  {
    "number": 59000455828653,
    "dateTime": {
      "date": {
        "year": 2019,
        "month": 10,
        "day": 18
      },
      "time": {
        "hour": 10,
        "minute": 30,
        "second": 18,
        "nano": 0
      }
    },
    "citySender": "Хмельницький",
    "cityRecipient": "Маріуполь"
  },
  {
    "number": 59000455828654,
    "dateTime": {
      "date": {
        "year": 2019,
        "month": 10,
        "day": 18
      },
      "time": {
        "hour": 10,
        "minute": 30,
        "second": 58,
        "nano": 0
      }
    },
    "citySender": "Кілія",
    "cityRecipient": "Бровари"
  },
  {
    "number": 59000455828655,
    "dateTime": {
      "date": {
        "year": 2019,
        "month": 10,
        "day": 18
      },
      "time": {
        "hour": 10,
        "minute": 31,
        "second": 1,
        "nano": 0
      }
    },
    "citySender": "Біла",
    "cityRecipient": "Київ"
  },
  {
    "number": 59000455828656,
    "dateTime": {
      "date": {
        "year": 2019,
        "month": 10,
        "day": 18
      },
      "time": {
        "hour": 10,
        "minute": 31,
        "second": 9,
        "nano": 0
      }
    },
    "citySender": "Вишневе",
    "cityRecipient": "Дніпро"
  },
  {
    "number": 59000455828657,
    "dateTime": {
      "date": {
        "year": 2019,
        "month": 10,
        "day": 18
      },
      "time": {
        "hour": 10,
        "minute": 30,
        "second": 42,
        "nano": 0
      }
    },
    "citySender": "Петрове (Петрівський р-н., Кіровоградська обл)",
    "cityRecipient": "Подільськ"
  },
  {
    "number": 59000455828658,
    "dateTime": {
      "date": {
        "year": 2019,
        "month": 10,
        "day": 18
      },
      "time": {
        "hour": 10,
        "minute": 31,
        "second": 15,
        "nano": 0
      }
    },
    "citySender": "Київ",
    "cityRecipient": "Харків"
  },
  {
    "number": 59000455828659,
    "dateTime": {
      "date": {
        "year": 2019,
        "month": 10,
        "day": 18
      },
      "time": {
        "hour": 10,
        "minute": 30,
        "second": 40,
        "nano": 0
      }
    },
    "citySender": "Немирів (Вінницька обл.)",
    "cityRecipient": "Івано-Франківськ"
  },
  {
    "number": 59000455828660,
    "dateTime": {
      "date": {
        "year": 2019,
        "month": 10,
        "day": 18
      },
      "time": {
        "hour": 10,
        "minute": 30,
        "second": 51,
        "nano": 0
      }
    },
    "citySender": "Золочів (Львівська обл.)",
    "cityRecipient": "Верховина"
  },
  {
    "number": 59000455828661,
    "dateTime": {
      "date": {
        "year": 2019,
        "month": 10,
        "day": 18
      },
      "time": {
        "hour": 10,
        "minute": 30,
        "second": 53,
        "nano": 0
      }
    },
    "citySender": "Святопетрівське (Києво-Свят.р-н)",
    "cityRecipient": "Бориспіль"
  },
  {
    "number": 59000455828662,
    "dateTime": {
      "date": {
        "year": 2019,
        "month": 10,
        "day": 18
      },
      "time": {
        "hour": 10,
        "minute": 31,
        "second": 14,
        "nano": 0
      }
    },
    "citySender": "Бровари",
    "cityRecipient": "Київ"
  },
  {
    "number": 59000455828663,
    "dateTime": {
      "date": {
        "year": 2019,
        "month": 10,
        "day": 18
      },
      "time": {
        "hour": 10,
        "minute": 31,
        "second": 15,
        "nano": 0
      }
    },
    "citySender": "Дніпро",
    "cityRecipient": "Кам\u0027янське(Дніпропетровська обл)"
  },
  {
    "number": 59000455828664,
    "dateTime": {
      "date": {
        "year": 2019,
        "month": 10,
        "day": 18
      },
      "time": {
        "hour": 10,
        "minute": 30,
        "second": 52,
        "nano": 0
      }
    },
    "citySender": "Берегове",
    "cityRecipient": "Вилок (Закарпатська обл.)"
  },
  {
    "number": 59000455828665,
    "dateTime": {
      "date": {
        "year": 2019,
        "month": 10,
        "day": 18
      },
      "time": {
        "hour": 10,
        "minute": 30,
        "second": 48,
        "nano": 0
      }
    },
    "citySender": "Рівне",
    "cityRecipient": "Новоукраїнка"
  },
  {
    "number": 59000455828666,
    "dateTime": {
      "date": {
        "year": 2019,
        "month": 10,
        "day": 18
      },
      "time": {
        "hour": 10,
        "minute": 30,
        "second": 46,
        "nano": 0
      }
    },
    "citySender": "Київ",
    "cityRecipient": "Одеса"
  },
  {
    "number": 59000455828667,
    "dateTime": {
      "date": {
        "year": 2019,
        "month": 10,
        "day": 18
      },
      "time": {
        "hour": 10,
        "minute": 30,
        "second": 36,
        "nano": 0
      }
    },
    "citySender": "Каховка",
    "cityRecipient": "Вишнівець"
  }
]