[
  {
    "number": 59000455812481,
    "dateTime": {
      "date": {
        "year": 2019,
        "month": 10,
        "day": 18
      },
      "time": {
        "hour": 9,
        "minute": 36,
        "second": 34,
        "nano": 0
      }
    },
    "citySender": "Чернівці",
    "cityRecipient": "Київ"
  },
  {
    "number": 59000455812482,
    "dateTime": {
      "date": {
        "year": 2019,
        "month": 10,
        "day": 18
      },
      "time": {
        "hour": 9,
        "minute": 36,
        "second": 52,
        "nano": 0
      }
    },
    "citySender": "Ізмаїл",
    "cityRecipient": "Кривий Ріг"
  },
  {
    "number": 59000455812483,
    "dateTime": {
      "date": {
        "year": 2019,
        "month": 10,
        "day": 18
      },
      "time": {
        "hour": 9,
        "minute": 36,
        "second": 50,
        "nano": 0
      }
    },
    "citySender": "Мостиська",
    "cityRecipient": "Харків"
  },
  {
    "number": 59000455812484,
    "dateTime": {
      "date": {
        "year": 2019,
        "month": 10,
        "day": 18
      },
      "time": {
        "hour": 9,
        "minute": 36,
        "second": 34,
        "nano": 0
      }
    },
    "citySender": "Запоріжжя",
    "cityRecipient": "Харків"
  },
  {
    "number": 59000455812485,
    "dateTime": {
      "date": {
        "year": 2019,
        "month": 10,
        "day": 18
      },
      "time": {
        "hour": 9,
        "minute": 35,
        "second": 54,
        "nano": 0
      }
    },
    "citySender": "Ужгород",
    "cityRecipient": "Київ"
  },
  {
    "number": 59000455812486,
    "dateTime": {
      "date": {
        "year": 2019,
        "month": 10,
        "day": 18
      },
      "time": {
        "hour": 9,
        "minute": 36,
        "second": 53,
        "nano": 0
      }
    },
    "citySender": "Шевченкове (Київська обл.)",
    "cityRecipient": "Київ"
  },
  {
    "number": 59000455812487,
    "dateTime": {
      "date": {
        "year": 2019,
        "month": 10,
        "day": 18
      },
      "time": {
        "hour": 9,
        "minute": 36,
        "second": 46,
        "nano": 0
      }
    },
    "citySender": "Ірпінь",
    "cityRecipient": "Київ"
  },
  {
    "number": 59000455812488,
    "dateTime": {
      "date": {
        "year": 2019,
        "month": 10,
        "day": 18
      },
      "time": {
        "hour": 9,
        "minute": 36,
        "second": 33,
        "nano": 0
      }
    },
    "citySender": "Одеса",
    "cityRecipient": "Оженин"
  },
  {
    "number": 59000455812489,
    "dateTime": {
      "date": {
        "year": 2019,
        "month": 10,
        "day": 18
      },
      "time": {
        "hour": 9,
        "minute": 36,
        "second": 54,
        "nano": 0
      }
    },
    "citySender": "Одеса",
    "cityRecipient": "Харків"
  },
  {
    "number": 59000455812490,
    "dateTime": {
      "date": {
        "year": 2019,
        "month": 10,
        "day": 18
      },
      "time": {
        "hour": 9,
        "minute": 36,
        "second": 43,
        "nano": 0
      }
    },
    "citySender": "Святопетрівське (Києво-Свят.р-н)",
    "cityRecipient": "Львів"
  },
  {
    "number": 59000455812491,
    "dateTime": {
      "date": {
        "year": 2019,
        "month": 10,
        "day": 18
      },
      "time": {
        "hour": 9,
        "minute": 36,
        "second": 13,
        "nano": 0
      }
    },
    "citySender": "Сарата",
    "cityRecipient": "Білогородка (Київська обл.)"
  },
  {
    "number": 59000455812492,
    "dateTime": {
      "date": {
        "year": 2019,
        "month": 10,
        "day": 18
      },
      "time": {
        "hour": 9,
        "minute": 36,
        "second": 52,
        "nano": 0
      }
    },
    "citySender": "Одеса",
    "cityRecipient": "Одеса"
  },
  {
    "number": 59000455812493,
    "dateTime": {
      "date": {
        "year": 2019,
        "month": 10,
        "day": 18
      },
      "time": {
        "hour": 9,
        "minute": 36,
        "second": 53,
        "nano": 0
      }
    },
    "citySender": "Київ",
    "cityRecipient": "Луцьк"
  },
  {
    "number": 59000455812494,
    "dateTime": {
      "date": {
        "year": 2019,
        "month": 10,
        "day": 18
      },
      "time": {
        "hour": 9,
        "minute": 36,
        "second": 41,
        "nano": 0
      }
    },
    "citySender": "Харків",
    "cityRecipient": "Білопілля"
  },
  {
    "number": 59000455812495,
    "dateTime": {
      "date": {
        "year": 2019,
        "month": 10,
        "day": 18
      },
      "time": {
        "hour": 9,
        "minute": 36,
        "second": 44,
        "nano": 0
      }
    },
    "citySender": "Київ",
    "cityRecipient": "Київ"
  },
  {
    "number": 59000455812496,
    "dateTime": {
      "date": {
        "year": 2019,
        "month": 10,
        "day": 18
      },
      "time": {
        "hour": 9,
        "minute": 35,
        "second": 3,
        "nano": 0
      }
    },
    "citySender": "Запоріжжя",
    "cityRecipient": "Солоне"
  },
  {
    "number": 59000455812497,
    "dateTime": {
      "date": {
        "year": 2019,
        "month": 10,
        "day": 18
      },
      "time": {
        "hour": 9,
        "minute": 36,
        "second": 31,
        "nano": 0
      }
    },
    "citySender": "Черкаси",
    "cityRecipient": "Щастя"
  },
  {
    "number": 59000455812498,
    "dateTime": {
      "date": {
        "year": 2019,
        "month": 10,
        "day": 18
      },
      "time": {
        "hour": 9,
        "minute": 36,
        "second": 56,
        "nano": 0
      }
    },
    "citySender": "Вінниця",
    "cityRecipient": "Жмеринка"
  },
  {
    "number": 59000455812499,
    "dateTime": {
      "date": {
        "year": 2019,
        "month": 10,
        "day": 18
      },
      "time": {
        "hour": 9,
        "minute": 36,
        "second": 30,
        "nano": 0
      }
    },
    "citySender": "Суми",
    "cityRecipient": "Краматорськ"
  },
  {
    "number": 59000455812500,
    "dateTime": {
      "date": {
        "year": 2019,
        "month": 10,
        "day": 18
      },
      "time": {
        "hour": 9,
        "minute": 36,
        "second": 52,
        "nano": 0
      }
    },
    "citySender": "Сокиряни",
    "cityRecipient": "Київ"
  },
  {
    "number": 59000455812501,
    "dateTime": {
      "date": {
        "year": 2019,
        "month": 10,
        "day": 18
      },
      "time": {
        "hour": 9,
        "minute": 36,
        "second": 24,
        "nano": 0
      }
    },
    "citySender": "Миколаїв",
    "cityRecipient": "Козельщина"
  },
  {
    "number": 59000455812502,
    "dateTime": {
      "date": {
        "year": 2019,
        "month": 10,
        "day": 18
      },
      "time": {
        "hour": 9,
        "minute": 36,
        "second": 20,
        "nano": 0
      }
    },
    "citySender": "Миргород",
    "cityRecipient": "Львів"
  },
  {
    "number": 59000455812503,
    "dateTime": {
      "date": {
        "year": 2019,
        "month": 10,
        "day": 18
      },
      "time": {
        "hour": 9,
        "minute": 36,
        "second": 46,
        "nano": 0
      }
    },
    "citySender": "Кам\u0027янка (Черкаська обл.)",
    "cityRecipient": "Дніпро"
  },
  {
    "number": 59000455812504,
    "dateTime": {
      "date": {
        "year": 2019,
        "month": 10,
        "day": 18
      },
      "time": {
        "hour": 9,
        "minute": 36,
        "second": 55,
        "nano": 0
      }
    },
    "citySender": "Червоноград (Львівська обл.)",
    "cityRecipient": "Київ"
  },
  {
    "number": 59000455812505,
    "dateTime": {
      "date": {
        "year": 2019,
        "month": 10,
        "day": 18
      },
      "time": {
        "hour": 9,
        "minute": 36,
        "second": 33,
        "nano": 0
      }
    },
    "citySender": "Київ",
    "cityRecipient": "Харків"
  },
  {
    "number": 59000455812506,
    "dateTime": {
      "date": {
        "year": 2019,
        "month": 10,
        "day": 18
      },
      "time": {
        "hour": 9,
        "minute": 36,
        "second": 57,
        "nano": 0
      }
    },
    "citySender": "Бурштин",
    "cityRecipient": "Львів"
  },
  {
    "number": 59000455812507,
    "dateTime": {
      "date": {
        "year": 2019,
        "month": 10,
        "day": 18
      },
      "time": {
        "hour": 9,
        "minute": 35,
        "second": 36,
        "nano": 0
      }
    },
    "citySender": "Київ",
    "cityRecipient": "Павлів(Львівська обл.)"
  },
  {
    "number": 59000455812508,
    "dateTime": {
      "date": {
        "year": 2019,
        "month": 10,
        "day": 18
      },
      "time": {
        "hour": 9,
        "minute": 36,
        "second": 54,
        "nano": 0
      }
    },
    "citySender": "Київ",
    "cityRecipient": "Київ"
  },
  {
    "number": 59000455812509,
    "dateTime": {
      "date": {
        "year": 2019,
        "month": 10,
        "day": 18
      },
      "time": {
        "hour": 9,
        "minute": 36,
        "second": 14,
        "nano": 0
      }
    },
    "citySender": "Вижниця",
    "cityRecipient": "Страбичово"
  },
  {
    "number": 59000455812510,
    "dateTime": {
      "date": {
        "year": 2019,
        "month": 10,
        "day": 18
      },
      "time": {
        "hour": 9,
        "minute": 36,
        "second": 33,
        "nano": 0
      }
    },
    "citySender": "Львів",
    "cityRecipient": "Маневичі"
  },
  {
    "number": 59000455812511,
    "dateTime": {
      "date": {
        "year": 2019,
        "month": 10,
        "day": 18
      },
      "time": {
        "hour": 9,
        "minute": 36,
        "second": 31,
        "nano": 0
      }
    },
    "citySender": "Харків",
    "cityRecipient": "Київ"
  },
  {
    "number": 59000455812512,
    "dateTime": {
      "date": {
        "year": 2019,
        "month": 10,
        "day": 18
      },
      "time": {
        "hour": 9,
        "minute": 36,
        "second": 19,
        "nano": 0
      }
    },
    "citySender": "Голованівськ",
    "cityRecipient": "Бровари"
  },
  {
    "number": 59000455812513,
    "dateTime": {
      "date": {
        "year": 2019,
        "month": 10,
        "day": 18
      },
      "time": {
        "hour": 9,
        "minute": 31,
        "second": 49,
        "nano": 0
      }
    },
    "citySender": "Кривий Ріг",
    "cityRecipient": "Жовті Води"
  },
  {
    "number": 59000455812514,
    "dateTime": {
      "date": {
        "year": 2019,
        "month": 10,
        "day": 18
      },
      "time": {
        "hour": 9,
        "minute": 36,
        "second": 50,
        "nano": 0
      }
    },
    "citySender": "Запоріжжя",
    "cityRecipient": "Бердянськ"
  },
  {
    "number": 59000455812515,
    "dateTime": {
      "date": {
        "year": 2019,
        "month": 10,
        "day": 18
      },
      "time": {
        "hour": 9,
        "minute": 36,
        "second": 31,
        "nano": 0
      }
    },
    "citySender": "Київ",
    "cityRecipient": "Черкаси"
  },
  {
    "number": 59000455812516,
    "dateTime": {
      "date": {
        "year": 2019,
        "month": 10,
        "day": 18
      },
      "time": {
        "hour": 9,
        "minute": 36,
        "second": 46,
        "nano": 0
      }
    },
    "citySender": "Слов\u0027янськ",
    "cityRecipient": "Мелітополь"
  },
  {
    "number": 59000455812517,
    "dateTime": {
      "date": {
        "year": 2019,
        "month": 10,
        "day": 18
      },
      "time": {
        "hour": 9,
        "minute": 36,
        "second": 36,
        "nano": 0
      }
    },
    "citySender": "Харків",
    "cityRecipient": "Лозова"
  },
  {
    "number": 59000455812518,
    "dateTime": {
      "date": {
        "year": 2019,
        "month": 10,
        "day": 18
      },
      "time": {
        "hour": 9,
        "minute": 36,
        "second": 8,
        "nano": 0
      }
    },
    "citySender": "Херсон",
    "cityRecipient": "Кривий Ріг"
  },
  {
    "number": 59000455812519,
    "dateTime": {
      "date": {
        "year": 2019,
        "month": 10,
        "day": 18
      },
      "time": {
        "hour": 9,
        "minute": 36,
        "second": 6,
        "nano": 0
      }
    },
    "citySender": "Овруч",
    "cityRecipient": "Київ"
  },
  {
    "number": 59000455812520,
    "dateTime": {
      "date": {
        "year": 2019,
        "month": 10,
        "day": 18
      },
      "time": {
        "hour": 9,
        "minute": 36,
        "second": 33,
        "nano": 0
      }
    },
    "citySender": "Рівне",
    "cityRecipient": "Дубно"
  },
  {
    "number": 59000455812521,
    "dateTime": {
      "date": {
        "year": 2019,
        "month": 10,
        "day": 18
      },
      "time": {
        "hour": 9,
        "minute": 37,
        "second": 1,
        "nano": 0
      }
    },
    "citySender": "Ніжин",
    "cityRecipient": "Одеса"
  },
  {
    "number": 59000455812522,
    "dateTime": {
      "date": {
        "year": 2019,
        "month": 10,
        "day": 18
      },
      "time": {
        "hour": 9,
        "minute": 36,
        "second": 40,
        "nano": 0
      }
    },
    "citySender": "Ріпки",
    "cityRecipient": "Гірник"
  },
  {
    "number": 59000455812523,
    "dateTime": {
      "date": {
        "year": 2019,
        "month": 10,
        "day": 18
      },
      "time": {
        "hour": 9,
        "minute": 35,
        "second": 45,
        "nano": 0
      }
    },
    "citySender": "Суми",
    "cityRecipient": "Дніпро"
  },
  {
    "number": 59000455812524,
    "dateTime": {
      "date": {
        "year": 2019,
        "month": 10,
        "day": 18
      },
      "time": {
        "hour": 9,
        "minute": 36,
        "second": 57,
        "nano": 0
      }
    },
    "citySender": "Львів",
    "cityRecipient": "Львів"
  },
  {
    "number": 59000455812525,
    "dateTime": {
      "date": {
        "year": 2019,
        "month": 10,
        "day": 18
      },
      "time": {
        "hour": 9,
        "minute": 36,
        "second": 29,
        "nano": 0
      }
    },
    "citySender": "Кременчук",
    "cityRecipient": "Черкаси"
  },
  {
    "number": 59000455812526,
    "dateTime": {
      "date": {
        "year": 2019,
        "month": 10,
        "day": 18
      },
      "time": {
        "hour": 9,
        "minute": 36,
        "second": 7,
        "nano": 0
      }
    },
    "citySender": "Маріуполь",
    "cityRecipient": "Київ"
  },
  {
    "number": 59000455812527,
    "dateTime": {
      "date": {
        "year": 2019,
        "month": 10,
        "day": 18
      },
      "time": {
        "hour": 9,
        "minute": 36,
        "second": 54,
        "nano": 0
      }
    },
    "citySender": "Новий Розділ",
    "cityRecipient": "Львів"
  },
  {
    "number": 59000455812528,
    "dateTime": {
      "date": {
        "year": 2019,
        "month": 10,
        "day": 18
      },
      "time": {
        "hour": 9,
        "minute": 36,
        "second": 32,
        "nano": 0
      }
    },
    "citySender": "Мелітополь",
    "cityRecipient": "Новояворівськ"
  },
  {
    "number": 59000455812529,
    "dateTime": {
      "date": {
        "year": 2019,
        "month": 10,
        "day": 18
      },
      "time": {
        "hour": 9,
        "minute": 37,
        "second": 2,
        "nano": 0
      }
    },
    "citySender": "Київ",
    "cityRecipient": "Київ"
  },
  {
    "number": 59000455812530,
    "dateTime": {
      "date": {
        "year": 2019,
        "month": 10,
        "day": 18
      },
      "time": {
        "hour": 9,
        "minute": 37,
        "second": 2,
        "nano": 0
      }
    },
    "citySender": "Іршава",
    "cityRecipient": "Одеса"
  },
  {
    "number": 59000455812531,
    "dateTime": {
      "date": {
        "year": 2019,
        "month": 10,
        "day": 18
      },
      "time": {
        "hour": 9,
        "minute": 36,
        "second": 50,
        "nano": 0
      }
    },
    "citySender": "Біла Церква",
    "cityRecipient": "Миколаїв"
  },
  {
    "number": 59000455812532,
    "dateTime": {
      "date": {
        "year": 2019,
        "month": 10,
        "day": 18
      },
      "time": {
        "hour": 9,
        "minute": 27,
        "second": 0,
        "nano": 0
      }
    },
    "citySender": "Пустомити",
    "cityRecipient": "Кам\u0027янка-Бузька"
  },
  {
    "number": 59000455812533,
    "dateTime": {
      "date": {
        "year": 2019,
        "month": 10,
        "day": 18
      },
      "time": {
        "hour": 9,
        "minute": 36,
        "second": 34,
        "nano": 0
      }
    },
    "citySender": "Яремче",
    "cityRecipient": "Чернігів"
  },
  {
    "number": 59000455812534,
    "dateTime": {
      "date": {
        "year": 2019,
        "month": 10,
        "day": 18
      },
      "time": {
        "hour": 9,
        "minute": 36,
        "second": 32,
        "nano": 0
      }
    },
    "citySender": "Тарасівка",
    "cityRecipient": "Рівне"
  },
  {
    "number": 59000455812535,
    "dateTime": {
      "date": {
        "year": 2019,
        "month": 10,
        "day": 18
      },
      "time": {
        "hour": 9,
        "minute": 37,
        "second": 3,
        "nano": 0
      }
    },
    "citySender": "Міжгір\u0027я",
    "cityRecipient": "Київ"
  },
  {
    "number": 59000455812536,
    "dateTime": {
      "date": {
        "year": 2019,
        "month": 10,
        "day": 18
      },
      "time": {
        "hour": 9,
        "minute": 36,
        "second": 36,
        "nano": 0
      }
    },
    "citySender": "Чернівці",
    "cityRecipient": "Одеса"
  },
  {
    "number": 59000455812537,
    "dateTime": {
      "date": {
        "year": 2019,
        "month": 10,
        "day": 18
      },
      "time": {
        "hour": 9,
        "minute": 35,
        "second": 9,
        "nano": 0
      }
    },
    "citySender": "Одеса",
    "cityRecipient": "Олександрівка (Миколаївська обл.)"
  },
  {
    "number": 59000455812538,
    "dateTime": {
      "date": {
        "year": 2019,
        "month": 10,
        "day": 18
      },
      "time": {
        "hour": 9,
        "minute": 36,
        "second": 44,
        "nano": 0
      }
    },
    "citySender": "Київ",
    "cityRecipient": "Калуш"
  },
  {
    "number": 59000455812539,
    "dateTime": {
      "date": {
        "year": 2019,
        "month": 10,
        "day": 18
      },
      "time": {
        "hour": 9,
        "minute": 37,
        "second": 4,
        "nano": 0
      }
    },
    "citySender": "Дружківка",
    "cityRecipient": "Одеса"
  },
  {
    "number": 59000455812540,
    "dateTime": {
      "date": {
        "year": 2019,
        "month": 10,
        "day": 18
      },
      "time": {
        "hour": 9,
        "minute": 36,
        "second": 57,
        "nano": 0
      }
    },
    "citySender": "Чугуїв",
    "cityRecipient": "Калинівка (Вінницька обл., Калинівський р-н)"
  },
  {
    "number": 59000455812541,
    "dateTime": {
      "date": {
        "year": 2019,
        "month": 10,
        "day": 18
      },
      "time": {
        "hour": 9,
        "minute": 37,
        "second": 4,
        "nano": 0
      }
    },
    "citySender": "Миколаїв",
    "cityRecipient": "Таїрове"
  },
  {
    "number": 59000455812542,
    "dateTime": {
      "date": {
        "year": 2019,
        "month": 10,
        "day": 18
      },
      "time": {
        "hour": 9,
        "minute": 36,
        "second": 39,
        "nano": 0
      }
    },
    "citySender": "Немирів (Вінницька обл.)",
    "cityRecipient": "Київ"
  },
  {
    "number": 59000455812544,
    "dateTime": {
      "date": {
        "year": 2019,
        "month": 10,
        "day": 18
      },
      "time": {
        "hour": 9,
        "minute": 35,
        "second": 56,
        "nano": 0
      }
    },
    "citySender": "Звенигородка",
    "cityRecipient": "Київ"
  },
  {
    "number": 59000455812545,
    "dateTime": {
      "date": {
        "year": 2019,
        "month": 10,
        "day": 18
      },
      "time": {
        "hour": 9,
        "minute": 36,
        "second": 53,
        "nano": 0
      }
    },
    "citySender": "Верховина",
    "cityRecipient": "Кам\u0027янець-Подільський"
  },
  {
    "number": 59000455812546,
    "dateTime": {
      "date": {
        "year": 2019,
        "month": 10,
        "day": 18
      },
      "time": {
        "hour": 9,
        "minute": 37,
        "second": 0,
        "nano": 0
      }
    },
    "citySender": "Оріхів",
    "cityRecipient": "Київ"
  },
  {
    "number": 59000455812547,
    "dateTime": {
      "date": {
        "year": 2019,
        "month": 10,
        "day": 18
      },
      "time": {
        "hour": 9,
        "minute": 36,
        "second": 57,
        "nano": 0
      }
    },
    "citySender": "Харків",
    "cityRecipient": "Кам\u0027янське(Дніпропетровська обл)"
  },
  {
    "number": 59000455812548,
    "dateTime": {
      "date": {
        "year": 2019,
        "month": 10,
        "day": 18
      },
      "time": {
        "hour": 9,
        "minute": 36,
        "second": 22,
        "nano": 0
      }
    },
    "citySender": "Київ",
    "cityRecipient": "Львів"
  },
  {
    "number": 59000455812549,
    "dateTime": {
      "date": {
        "year": 2019,
        "month": 10,
        "day": 18
      },
      "time": {
        "hour": 9,
        "minute": 36,
        "second": 59,
        "nano": 0
      }
    },
    "citySender": "Іршанськ",
    "cityRecipient": "Київ"
  },
  {
    "number": 59000455812550,
    "dateTime": {
      "date": {
        "year": 2019,
        "month": 10,
        "day": 18
      },
      "time": {
        "hour": 9,
        "minute": 35,
        "second": 39,
        "nano": 0
      }
    },
    "citySender": "Львів",
    "cityRecipient": "Оноківці (ст. Доманинці)"
  },
  {
    "number": 59000455812551,
    "dateTime": {
      "date": {
        "year": 2019,
        "month": 10,
        "day": 18
      },
      "time": {
        "hour": 9,
        "minute": 37,
        "second": 6,
        "nano": 0
      }
    },
    "citySender": "Кропивницький",
    "cityRecipient": "Одеса"
  },
  {
    "number": 59000455812552,
    "dateTime": {
      "date": {
        "year": 2019,
        "month": 10,
        "day": 18
      },
      "time": {
        "hour": 9,
        "minute": 37,
        "second": 4,
        "nano": 0
      }
    },
    "citySender": "Олександрівка (Миколаївська обл.)",
    "cityRecipient": "Южноукраїнськ"
  },
  {
    "number": 59000455812553,
    "dateTime": {
      "date": {
        "year": 2019,
        "month": 10,
        "day": 18
      },
      "time": {
        "hour": 9,
        "minute": 37,
        "second": 0,
        "nano": 0
      }
    },
    "citySender": "Долина",
    "cityRecipient": "Кременчук"
  },
  {
    "number": 59000455812554,
    "dateTime": {
      "date": {
        "year": 2019,
        "month": 10,
        "day": 18
      },
      "time": {
        "hour": 9,
        "minute": 37,
        "second": 9,
        "nano": 0
      }
    },
    "citySender": "Чинадійово",
    "cityRecipient": "Київ"
  },
  {
    "number": 59000455812555,
    "dateTime": {
      "date": {
        "year": 2019,
        "month": 10,
        "day": 18
      },
      "time": {
        "hour": 9,
        "minute": 36,
        "second": 57,
        "nano": 0
      }
    },
    "citySender": "Вінниця",
    "cityRecipient": "Київ"
  },
  {
    "number": 59000455812556,
    "dateTime": {
      "date": {
        "year": 2019,
        "month": 10,
        "day": 18
      },
      "time": {
        "hour": 9,
        "minute": 36,
        "second": 24,
        "nano": 0
      }
    },
    "citySender": "Полтава",
    "cityRecipient": "Миргород"
  },
  {
    "number": 59000455812557,
    "dateTime": {
      "date": {
        "year": 2019,
        "month": 10,
        "day": 18
      },
      "time": {
        "hour": 9,
        "minute": 36,
        "second": 55,
        "nano": 0
      }
    },
    "citySender": "Косів",
    "cityRecipient": "Козелець"
  },
  {
    "number": 59000455812558,
    "dateTime": {
      "date": {
        "year": 2019,
        "month": 10,
        "day": 18
      },
      "time": {
        "hour": 9,
        "minute": 37,
        "second": 10,
        "nano": 0
      }
    },
    "citySender": "Миколаїв",
    "cityRecipient": "Київ"
  },
  {
    "number": 59000455812559,
    "dateTime": {
      "date": {
        "year": 2019,
        "month": 10,
        "day": 18
      },
      "time": {
        "hour": 9,
        "minute": 35,
        "second": 10,
        "nano": 0
      }
    },
    "citySender": "Київ",
    "cityRecipient": "Київ"
  },
  {
    "number": 59000455812561,
    "dateTime": {
      "date": {
        "year": 2019,
        "month": 10,
        "day": 18
      },
      "time": {
        "hour": 9,
        "minute": 37,
        "second": 6,
        "nano": 0
      }
    },
    "citySender": "Стрий",
    "cityRecipient": "Ратне"
  },
  {
    "number": 59000455812562,
    "dateTime": {
      "date": {
        "year": 2019,
        "month": 10,
        "day": 18
      },
      "time": {
        "hour": 9,
        "minute": 37,
        "second": 11,
        "nano": 0
      }
    },
    "citySender": "Сквира",
    "cityRecipient": "Авангард"
  },
  {
    "number": 59000455812563,
    "dateTime": {
      "date": {
        "year": 2019,
        "month": 10,
        "day": 18
      },
      "time": {
        "hour": 9,
        "minute": 36,
        "second": 31,
        "nano": 0
      }
    },
    "citySender": "Одеса",
    "cityRecipient": "Ковель"
  },
  {
    "number": 59000455812564,
    "dateTime": {
      "date": {
        "year": 2019,
        "month": 10,
        "day": 18
      },
      "time": {
        "hour": 9,
        "minute": 36,
        "second": 58,
        "nano": 0
      }
    },
    "citySender": "Іваничі (Волинська обл.)",
    "cityRecipient": "Київ"
  },
  {
    "number": 59000455812565,
    "dateTime": {
      "date": {
        "year": 2019,
        "month": 10,
        "day": 18
      },
      "time": {
        "hour": 9,
        "minute": 36,
        "second": 7,
        "nano": 0
      }
    },
    "citySender": "Бориспіль",
    "cityRecipient": "Київ"
  },
  {
    "number": 59000455812566,
    "dateTime": {
      "date": {
        "year": 2019,
        "month": 10,
        "day": 18
      },
      "time": {
        "hour": 9,
        "minute": 36,
        "second": 5,
        "nano": 0
      }
    },
    "citySender": "Стара Вижівка",
    "cityRecipient": "Київ"
  },
  {
    "number": 59000455812567,
    "dateTime": {
      "date": {
        "year": 2019,
        "month": 10,
        "day": 18
      },
      "time": {
        "hour": 9,
        "minute": 36,
        "second": 22,
        "nano": 0
      }
    },
    "citySender": "Кропивницький",
    "cityRecipient": "Одеса"
  },
  {
    "number": 59000455812568,
    "dateTime": {
      "date": {
        "year": 2019,
        "month": 10,
        "day": 18
      },
      "time": {
        "hour": 9,
        "minute": 36,
        "second": 58,
        "nano": 0
      }
    },
    "citySender": "Теплик",
    "cityRecipient": "Одеса"
  },
  {
    "number": 59000455812569,
    "dateTime": {
      "date": {
        "year": 2019,
        "month": 10,
        "day": 18
      },
      "time": {
        "hour": 9,
        "minute": 37,
        "second": 12,
        "nano": 0
      }
    },
    "citySender": "Судова Вишня",
    "cityRecipient": "Нікополь (Дніпропетровська обл.)"
  },
  {
    "number": 59000455812570,
    "dateTime": {
      "date": {
        "year": 2019,
        "month": 10,
        "day": 18
      },
      "time": {
        "hour": 9,
        "minute": 36,
        "second": 44,
        "nano": 0
      }
    },
    "citySender": "Покровськ (Донецька обл.)",
    "cityRecipient": "Ісаєве"
  },
  {
    "number": 59000455812571,
    "dateTime": {
      "date": {
        "year": 2019,
        "month": 10,
        "day": 18
      },
      "time": {
        "hour": 9,
        "minute": 36,
        "second": 30,
        "nano": 0
      }
    },
    "citySender": "Остер",
    "cityRecipient": "Київ"
  },
  {
    "number": 59000455812572,
    "dateTime": {
      "date": {
        "year": 2019,
        "month": 10,
        "day": 18
      },
      "time": {
        "hour": 9,
        "minute": 36,
        "second": 41,
        "nano": 0
      }
    },
    "citySender": "Бровари",
    "cityRecipient": "Шепетівка"
  },
  {
    "number": 59000455812573,
    "dateTime": {
      "date": {
        "year": 2019,
        "month": 10,
        "day": 18
      },
      "time": {
        "hour": 9,
        "minute": 34,
        "second": 18,
        "nano": 0
      }
    },
    "citySender": "Золочів (Львівська обл.)",
    "cityRecipient": "Київ"
  },
  {
    "number": 59000455812574,
    "dateTime": {
      "date": {
        "year": 2019,
        "month": 10,
        "day": 18
      },
      "time": {
        "hour": 9,
        "minute": 37,
        "second": 12,
        "nano": 0
      }
    },
    "citySender": "Дніпро",
    "cityRecipient": "Київ"
  },
  {
    "number": 59000455812575,
    "dateTime": {
      "date": {
        "year": 2019,
        "month": 10,
        "day": 18
      },
      "time": {
        "hour": 9,
        "minute": 37,
        "second": 4,
        "nano": 0
      }
    },
    "citySender": "Требухів",
    "cityRecipient": "Костянтинівка (Донецька обл.)"
  },
  {
    "number": 59000455812576,
    "dateTime": {
      "date": {
        "year": 2019,
        "month": 10,
        "day": 18
      },
      "time": {
        "hour": 9,
        "minute": 36,
        "second": 59,
        "nano": 0
      }
    },
    "citySender": "Київ",
    "cityRecipient": "Запоріжжя"
  },
  {
    "number": 59000455812577,
    "dateTime": {
      "date": {
        "year": 2019,
        "month": 10,
        "day": 18
      },
      "time": {
        "hour": 9,
        "minute": 36,
        "second": 48,
        "nano": 0
      }
    },
    "citySender": "Київ",
    "cityRecipient": "Тростянець (Сумська обл.)"
  },
  {
    "number": 59000455812578,
    "dateTime": {
      "date": {
        "year": 2019,
        "month": 10,
        "day": 18
      },
      "time": {
        "hour": 9,
        "minute": 36,
        "second": 52,
        "nano": 0
      }
    },
    "citySender": "Любешів",
    "cityRecipient": "Чернівці"
  },
  {
    "number": 59000455812579,
    "dateTime": {
      "date": {
        "year": 2019,
        "month": 10,
        "day": 18
      },
      "time": {
        "hour": 9,
        "minute": 36,
        "second": 20,
        "nano": 0
      }
    },
    "citySender": "Березань",
    "cityRecipient": "Київ"
  },
  {
    "number": 59000455812580,
    "dateTime": {
      "date": {
        "year": 2019,
        "month": 10,
        "day": 18
      },
      "time": {
        "hour": 9,
        "minute": 37,
        "second": 1,
        "nano": 0
      }
    },
    "citySender": "Ковель",
    "cityRecipient": "Київ"
  }
]