[
  {
    "number": 59000455842160,
    "dateTime": {
      "date": {
        "year": 2019,
        "month": 10,
        "day": 18
      },
      "time": {
        "hour": 11,
        "minute": 12,
        "second": 4,
        "nano": 0
      }
    },
    "citySender": "Хирів",
    "cityRecipient": "Київ"
  },
  {
    "number": 59000455842161,
    "dateTime": {
      "date": {
        "year": 2019,
        "month": 10,
        "day": 18
      },
      "time": {
        "hour": 11,
        "minute": 12,
        "second": 14,
        "nano": 0
      }
    },
    "citySender": "Львів",
    "cityRecipient": "Ватутіне"
  },
  {
    "number": 59000455842162,
    "dateTime": {
      "date": {
        "year": 2019,
        "month": 10,
        "day": 18
      },
      "time": {
        "hour": 11,
        "minute": 11,
        "second": 37,
        "nano": 0
      }
    },
    "citySender": "Червоне (Житомирська обл.)",
    "cityRecipient": "Київ"
  },
  {
    "number": 59000455842163,
    "dateTime": {
      "date": {
        "year": 2019,
        "month": 10,
        "day": 18
      },
      "time": {
        "hour": 11,
        "minute": 12,
        "second": 4,
        "nano": 0
      }
    },
    "citySender": "Львів",
    "cityRecipient": "Стрий"
  },
  {
    "number": 59000455842164,
    "dateTime": {
      "date": {
        "year": 2019,
        "month": 10,
        "day": 18
      },
      "time": {
        "hour": 11,
        "minute": 11,
        "second": 44,
        "nano": 0
      }
    },
    "citySender": "Вишневе",
    "cityRecipient": "Лисичанськ"
  },
  {
    "number": 59000455842165,
    "dateTime": {
      "date": {
        "year": 2019,
        "month": 10,
        "day": 18
      },
      "time": {
        "hour": 11,
        "minute": 11,
        "second": 58,
        "nano": 0
      }
    },
    "citySender": "Львів",
    "cityRecipient": "Київ"
  },
  {
    "number": 59000455842166,
    "dateTime": {
      "date": {
        "year": 2019,
        "month": 10,
        "day": 18
      },
      "time": {
        "hour": 11,
        "minute": 12,
        "second": 11,
        "nano": 0
      }
    },
    "citySender": "Баранівка",
    "cityRecipient": "Київ"
  },
  {
    "number": 59000455842167,
    "dateTime": {
      "date": {
        "year": 2019,
        "month": 10,
        "day": 18
      },
      "time": {
        "hour": 11,
        "minute": 12,
        "second": 8,
        "nano": 0
      }
    },
    "citySender": "Рубіжне",
    "cityRecipient": "Дніпро"
  },
  {
    "number": 59000455842168,
    "dateTime": {
      "date": {
        "year": 2019,
        "month": 10,
        "day": 18
      },
      "time": {
        "hour": 11,
        "minute": 12,
        "second": 1,
        "nano": 0
      }
    },
    "citySender": "Краматорськ",
    "cityRecipient": "Калуш"
  },
  {
    "number": 59000455842169,
    "dateTime": {
      "date": {
        "year": 2019,
        "month": 10,
        "day": 18
      },
      "time": {
        "hour": 11,
        "minute": 11,
        "second": 59,
        "nano": 0
      }
    },
    "citySender": "Олександрія (м.Кіровогр.обл.райц)",
    "cityRecipient": "Велика Новосілка"
  },
  {
    "number": 59000455842170,
    "dateTime": {
      "date": {
        "year": 2019,
        "month": 10,
        "day": 18
      },
      "time": {
        "hour": 11,
        "minute": 11,
        "second": 33,
        "nano": 0
      }
    },
    "citySender": "Черкаси",
    "cityRecipient": "Новомиргород"
  },
  {
    "number": 59000455842171,
    "dateTime": {
      "date": {
        "year": 2019,
        "month": 10,
        "day": 18
      },
      "time": {
        "hour": 11,
        "minute": 12,
        "second": 5,
        "nano": 0
      }
    },
    "citySender": "Дніпро",
    "cityRecipient": "Київ"
  },
  {
    "number": 59000455842172,
    "dateTime": {
      "date": {
        "year": 2019,
        "month": 10,
        "day": 18
      },
      "time": {
        "hour": 11,
        "minute": 12,
        "second": 15,
        "nano": 0
      }
    },
    "citySender": "Дніпро",
    "cityRecipient": "Полтава"
  },
  {
    "number": 59000455842173,
    "dateTime": {
      "date": {
        "year": 2019,
        "month": 10,
        "day": 18
      },
      "time": {
        "hour": 11,
        "minute": 12,
        "second": 14,
        "nano": 0
      }
    },
    "citySender": "Чоп",
    "cityRecipient": "Бершадь"
  },
  {
    "number": 59000455842174,
    "dateTime": {
      "date": {
        "year": 2019,
        "month": 10,
        "day": 18
      },
      "time": {
        "hour": 11,
        "minute": 11,
        "second": 50,
        "nano": 0
      }
    },
    "citySender": "Сквира",
    "cityRecipient": "Київ"
  },
  {
    "number": 59000455842175,
    "dateTime": {
      "date": {
        "year": 2019,
        "month": 10,
        "day": 18
      },
      "time": {
        "hour": 11,
        "minute": 12,
        "second": 5,
        "nano": 0
      }
    },
    "citySender": "Київ",
    "cityRecipient": "Конотоп"
  },
  {
    "number": 59000455842176,
    "dateTime": {
      "date": {
        "year": 2019,
        "month": 10,
        "day": 18
      },
      "time": {
        "hour": 11,
        "minute": 11,
        "second": 25,
        "nano": 0
      }
    },
    "citySender": "Оратів",
    "cityRecipient": "Шаргород (Вінницька обл.)"
  },
  {
    "number": 59000455842177,
    "dateTime": {
      "date": {
        "year": 2019,
        "month": 10,
        "day": 18
      },
      "time": {
        "hour": 11,
        "minute": 11,
        "second": 35,
        "nano": 0
      }
    },
    "citySender": "Голованівськ",
    "cityRecipient": "Черкаси"
  },
  {
    "number": 59000455842178,
    "dateTime": {
      "date": {
        "year": 2019,
        "month": 10,
        "day": 18
      },
      "time": {
        "hour": 11,
        "minute": 11,
        "second": 56,
        "nano": 0
      }
    },
    "citySender": "Київ",
    "cityRecipient": "Павлоград"
  },
  {
    "number": 59000455842179,
    "dateTime": {
      "date": {
        "year": 2019,
        "month": 10,
        "day": 18
      },
      "time": {
        "hour": 11,
        "minute": 12,
        "second": 14,
        "nano": 0
      }
    },
    "citySender": "Київ",
    "cityRecipient": "Львів"
  },
  {
    "number": 59000455842180,
    "dateTime": {
      "date": {
        "year": 2019,
        "month": 10,
        "day": 18
      },
      "time": {
        "hour": 11,
        "minute": 12,
        "second": 7,
        "nano": 0
      }
    },
    "citySender": "Одеса",
    "cityRecipient": "Дніпро"
  },
  {
    "number": 59000455842181,
    "dateTime": {
      "date": {
        "year": 2019,
        "month": 10,
        "day": 18
      },
      "time": {
        "hour": 11,
        "minute": 11,
        "second": 39,
        "nano": 0
      }
    },
    "citySender": "Летичів",
    "cityRecipient": "Дніпро"
  },
  {
    "number": 59000455842183,
    "dateTime": {
      "date": {
        "year": 2019,
        "month": 10,
        "day": 18
      },
      "time": {
        "hour": 11,
        "minute": 12,
        "second": 10,
        "nano": 0
      }
    },
    "citySender": "Кременчук",
    "cityRecipient": "Полтава"
  },
  {
    "number": 59000455842184,
    "dateTime": {
      "date": {
        "year": 2019,
        "month": 10,
        "day": 18
      },
      "time": {
        "hour": 11,
        "minute": 11,
        "second": 56,
        "nano": 0
      }
    },
    "citySender": "Кривий Ріг",
    "cityRecipient": "Харків"
  },
  {
    "number": 59000455842185,
    "dateTime": {
      "date": {
        "year": 2019,
        "month": 10,
        "day": 18
      },
      "time": {
        "hour": 11,
        "minute": 12,
        "second": 3,
        "nano": 0
      }
    },
    "citySender": "Львів",
    "cityRecipient": "Тернопіль"
  },
  {
    "number": 59000455842186,
    "dateTime": {
      "date": {
        "year": 2019,
        "month": 10,
        "day": 18
      },
      "time": {
        "hour": 11,
        "minute": 12,
        "second": 2,
        "nano": 0
      }
    },
    "citySender": "Одеса",
    "cityRecipient": "Сєвєродонецьк"
  },
  {
    "number": 59000455842187,
    "dateTime": {
      "date": {
        "year": 2019,
        "month": 10,
        "day": 18
      },
      "time": {
        "hour": 11,
        "minute": 12,
        "second": 15,
        "nano": 0
      }
    },
    "citySender": "Бровари",
    "cityRecipient": "Одеса"
  },
  {
    "number": 59000455842188,
    "dateTime": {
      "date": {
        "year": 2019,
        "month": 10,
        "day": 18
      },
      "time": {
        "hour": 11,
        "minute": 12,
        "second": 15,
        "nano": 0
      }
    },
    "citySender": "Тернопіль",
    "cityRecipient": "Стрілки"
  },
  {
    "number": 59000455842189,
    "dateTime": {
      "date": {
        "year": 2019,
        "month": 10,
        "day": 18
      },
      "time": {
        "hour": 11,
        "minute": 12,
        "second": 1,
        "nano": 0
      }
    },
    "citySender": "Дніпро",
    "cityRecipient": "Кривий Ріг"
  },
  {
    "number": 59000455842190,
    "dateTime": {
      "date": {
        "year": 2019,
        "month": 10,
        "day": 18
      },
      "time": {
        "hour": 11,
        "minute": 12,
        "second": 21,
        "nano": 0
      }
    },
    "citySender": "Запоріжжя",
    "cityRecipient": "Київ"
  },
  {
    "number": 59000455842191,
    "dateTime": {
      "date": {
        "year": 2019,
        "month": 10,
        "day": 18
      },
      "time": {
        "hour": 11,
        "minute": 12,
        "second": 22,
        "nano": 0
      }
    },
    "citySender": "Новгородське (Донецька обл.)",
    "cityRecipient": "Київ"
  },
  {
    "number": 59000455842192,
    "dateTime": {
      "date": {
        "year": 2019,
        "month": 10,
        "day": 18
      },
      "time": {
        "hour": 11,
        "minute": 10,
        "second": 37,
        "nano": 0
      }
    },
    "citySender": "Київ",
    "cityRecipient": "Авангард"
  },
  {
    "number": 59000455842193,
    "dateTime": {
      "date": {
        "year": 2019,
        "month": 10,
        "day": 18
      },
      "time": {
        "hour": 11,
        "minute": 12,
        "second": 8,
        "nano": 0
      }
    },
    "citySender": "Слов\u0027янськ",
    "cityRecipient": "Полтава"
  },
  {
    "number": 59000455842194,
    "dateTime": {
      "date": {
        "year": 2019,
        "month": 10,
        "day": 18
      },
      "time": {
        "hour": 11,
        "minute": 12,
        "second": 21,
        "nano": 0
      }
    },
    "citySender": "Харків",
    "cityRecipient": "Київ"
  },
  {
    "number": 59000455842195,
    "dateTime": {
      "date": {
        "year": 2019,
        "month": 10,
        "day": 18
      },
      "time": {
        "hour": 11,
        "minute": 12,
        "second": 17,
        "nano": 0
      }
    },
    "citySender": "Конотоп",
    "cityRecipient": "Суми"
  },
  {
    "number": 59000455842196,
    "dateTime": {
      "date": {
        "year": 2019,
        "month": 10,
        "day": 18
      },
      "time": {
        "hour": 11,
        "minute": 12,
        "second": 15,
        "nano": 0
      }
    },
    "citySender": "Київ",
    "cityRecipient": "Хмельницький"
  },
  {
    "number": 59000455842197,
    "dateTime": {
      "date": {
        "year": 2019,
        "month": 10,
        "day": 18
      },
      "time": {
        "hour": 11,
        "minute": 12,
        "second": 23,
        "nano": 0
      }
    },
    "citySender": "Гнідин",
    "cityRecipient": "Кам\u0027янка (Хмельницька обл.)"
  },
  {
    "number": 59000455842198,
    "dateTime": {
      "date": {
        "year": 2019,
        "month": 10,
        "day": 18
      },
      "time": {
        "hour": 11,
        "minute": 12,
        "second": 0,
        "nano": 0
      }
    },
    "citySender": "Одеса",
    "cityRecipient": "Побузьке"
  },
  {
    "number": 59000455842199,
    "dateTime": {
      "date": {
        "year": 2019,
        "month": 10,
        "day": 18
      },
      "time": {
        "hour": 11,
        "minute": 11,
        "second": 43,
        "nano": 0
      }
    },
    "citySender": "Запоріжжя",
    "cityRecipient": "Київ"
  },
  {
    "number": 59000455842200,
    "dateTime": {
      "date": {
        "year": 2019,
        "month": 10,
        "day": 18
      },
      "time": {
        "hour": 11,
        "minute": 12,
        "second": 0,
        "nano": 0
      }
    },
    "citySender": "Ворохта",
    "cityRecipient": "Бориспіль"
  },
  {
    "number": 59000455842201,
    "dateTime": {
      "date": {
        "year": 2019,
        "month": 10,
        "day": 18
      },
      "time": {
        "hour": 11,
        "minute": 11,
        "second": 45,
        "nano": 0
      }
    },
    "citySender": "Дніпро",
    "cityRecipient": "Сєвєродонецьк"
  },
  {
    "number": 59000455842202,
    "dateTime": {
      "date": {
        "year": 2019,
        "month": 10,
        "day": 18
      },
      "time": {
        "hour": 11,
        "minute": 12,
        "second": 9,
        "nano": 0
      }
    },
    "citySender": "Біла Церква",
    "cityRecipient": "Дніпро"
  },
  {
    "number": 59000455842203,
    "dateTime": {
      "date": {
        "year": 2019,
        "month": 10,
        "day": 18
      },
      "time": {
        "hour": 11,
        "minute": 12,
        "second": 19,
        "nano": 0
      }
    },
    "citySender": "Запоріжжя",
    "cityRecipient": "Київ"
  },
  {
    "number": 59000455842204,
    "dateTime": {
      "date": {
        "year": 2019,
        "month": 10,
        "day": 18
      },
      "time": {
        "hour": 11,
        "minute": 12,
        "second": 14,
        "nano": 0
      }
    },
    "citySender": "Білогородка (Київська обл.)",
    "cityRecipient": "Маріуполь"
  },
  {
    "number": 59000455842205,
    "dateTime": {
      "date": {
        "year": 2019,
        "month": 10,
        "day": 18
      },
      "time": {
        "hour": 11,
        "minute": 12,
        "second": 24,
        "nano": 0
      }
    },
    "citySender": "Лубни",
    "cityRecipient": "Кривий Ріг"
  },
  {
    "number": 59000455842206,
    "dateTime": {
      "date": {
        "year": 2019,
        "month": 10,
        "day": 18
      },
      "time": {
        "hour": 11,
        "minute": 12,
        "second": 9,
        "nano": 0
      }
    },
    "citySender": "Харків",
    "cityRecipient": "Дніпро"
  },
  {
    "number": 59000455842207,
    "dateTime": {
      "date": {
        "year": 2019,
        "month": 10,
        "day": 18
      },
      "time": {
        "hour": 11,
        "minute": 12,
        "second": 18,
        "nano": 0
      }
    },
    "citySender": "Бориспіль",
    "cityRecipient": "Хорол"
  },
  {
    "number": 59000455842208,
    "dateTime": {
      "date": {
        "year": 2019,
        "month": 10,
        "day": 18
      },
      "time": {
        "hour": 11,
        "minute": 12,
        "second": 24,
        "nano": 0
      }
    },
    "citySender": "Павлоград",
    "cityRecipient": "Київ"
  },
  {
    "number": 59000455842209,
    "dateTime": {
      "date": {
        "year": 2019,
        "month": 10,
        "day": 18
      },
      "time": {
        "hour": 11,
        "minute": 9,
        "second": 55,
        "nano": 0
      }
    },
    "citySender": "Київ",
    "cityRecipient": "Горенка"
  },
  {
    "number": 59000455842210,
    "dateTime": {
      "date": {
        "year": 2019,
        "month": 10,
        "day": 18
      },
      "time": {
        "hour": 11,
        "minute": 11,
        "second": 45,
        "nano": 0
      }
    },
    "citySender": "Вознесенськ",
    "cityRecipient": "Бориспіль"
  },
  {
    "number": 59000455842211,
    "dateTime": {
      "date": {
        "year": 2019,
        "month": 10,
        "day": 18
      },
      "time": {
        "hour": 11,
        "minute": 12,
        "second": 14,
        "nano": 0
      }
    },
    "citySender": "Харків",
    "cityRecipient": "Рівне"
  },
  {
    "number": 59000455842212,
    "dateTime": {
      "date": {
        "year": 2019,
        "month": 10,
        "day": 18
      },
      "time": {
        "hour": 11,
        "minute": 12,
        "second": 12,
        "nano": 0
      }
    },
    "citySender": "Київ",
    "cityRecipient": "Київ"
  },
  {
    "number": 59000455842213,
    "dateTime": {
      "date": {
        "year": 2019,
        "month": 10,
        "day": 18
      },
      "time": {
        "hour": 11,
        "minute": 12,
        "second": 7,
        "nano": 0
      }
    },
    "citySender": "Вишневе",
    "cityRecipient": "Київ"
  },
  {
    "number": 59000455842215,
    "dateTime": {
      "date": {
        "year": 2019,
        "month": 10,
        "day": 18
      },
      "time": {
        "hour": 11,
        "minute": 12,
        "second": 8,
        "nano": 0
      }
    },
    "citySender": "Рівне",
    "cityRecipient": "Коростишів"
  },
  {
    "number": 59000455842216,
    "dateTime": {
      "date": {
        "year": 2019,
        "month": 10,
        "day": 18
      },
      "time": {
        "hour": 11,
        "minute": 12,
        "second": 25,
        "nano": 0
      }
    },
    "citySender": "Кривий Ріг",
    "cityRecipient": "Дніпро"
  },
  {
    "number": 59000455842218,
    "dateTime": {
      "date": {
        "year": 2019,
        "month": 10,
        "day": 18
      },
      "time": {
        "hour": 11,
        "minute": 12,
        "second": 16,
        "nano": 0
      }
    },
    "citySender": "Дніпро",
    "cityRecipient": "Горенка"
  },
  {
    "number": 59000455842219,
    "dateTime": {
      "date": {
        "year": 2019,
        "month": 10,
        "day": 18
      },
      "time": {
        "hour": 11,
        "minute": 12,
        "second": 13,
        "nano": 0
      }
    },
    "citySender": "Крихівці",
    "cityRecipient": "Хуст"
  },
  {
    "number": 59000455842220,
    "dateTime": {
      "date": {
        "year": 2019,
        "month": 10,
        "day": 18
      },
      "time": {
        "hour": 11,
        "minute": 12,
        "second": 24,
        "nano": 0
      }
    },
    "citySender": "Житомир",
    "cityRecipient": "Сінгури"
  },
  {
    "number": 59000455842221,
    "dateTime": {
      "date": {
        "year": 2019,
        "month": 10,
        "day": 18
      },
      "time": {
        "hour": 11,
        "minute": 12,
        "second": 9,
        "nano": 0
      }
    },
    "citySender": "Ніжин",
    "cityRecipient": "Харків"
  },
  {
    "number": 59000455842222,
    "dateTime": {
      "date": {
        "year": 2019,
        "month": 10,
        "day": 18
      },
      "time": {
        "hour": 11,
        "minute": 10,
        "second": 56,
        "nano": 0
      }
    },
    "citySender": "Дніпро",
    "cityRecipient": "Кропивницький"
  },
  {
    "number": 59000455842223,
    "dateTime": {
      "date": {
        "year": 2019,
        "month": 10,
        "day": 18
      },
      "time": {
        "hour": 11,
        "minute": 12,
        "second": 27,
        "nano": 0
      }
    },
    "citySender": "Запоріжжя",
    "cityRecipient": "Київ"
  },
  {
    "number": 59000455842224,
    "dateTime": {
      "date": {
        "year": 2019,
        "month": 10,
        "day": 18
      },
      "time": {
        "hour": 11,
        "minute": 12,
        "second": 27,
        "nano": 0
      }
    },
    "citySender": "Стрий",
    "cityRecipient": "Кривий Ріг"
  },
  {
    "number": 59000455842225,
    "dateTime": {
      "date": {
        "year": 2019,
        "month": 10,
        "day": 18
      },
      "time": {
        "hour": 11,
        "minute": 12,
        "second": 4,
        "nano": 0
      }
    },
    "citySender": "Хмельницький",
    "cityRecipient": "Кам\u0027янське(Дніпропетровська обл)"
  },
  {
    "number": 59000455842226,
    "dateTime": {
      "date": {
        "year": 2019,
        "month": 10,
        "day": 18
      },
      "time": {
        "hour": 11,
        "minute": 12,
        "second": 8,
        "nano": 0
      }
    },
    "citySender": "Зубра",
    "cityRecipient": "Рівне"
  },
  {
    "number": 59000455842227,
    "dateTime": {
      "date": {
        "year": 2019,
        "month": 10,
        "day": 18
      },
      "time": {
        "hour": 11,
        "minute": 12,
        "second": 9,
        "nano": 0
      }
    },
    "citySender": "Миколаїв",
    "cityRecipient": "Покров (Дніпропетровська обл.)"
  },
  {
    "number": 59000455842228,
    "dateTime": {
      "date": {
        "year": 2019,
        "month": 10,
        "day": 18
      },
      "time": {
        "hour": 11,
        "minute": 12,
        "second": 23,
        "nano": 0
      }
    },
    "citySender": "Безлюдівка",
    "cityRecipient": "Київ"
  },
  {
    "number": 59000455842229,
    "dateTime": {
      "date": {
        "year": 2019,
        "month": 10,
        "day": 18
      },
      "time": {
        "hour": 11,
        "minute": 12,
        "second": 25,
        "nano": 0
      }
    },
    "citySender": "Дніпро",
    "cityRecipient": "Київ"
  },
  {
    "number": 59000455842230,
    "dateTime": {
      "date": {
        "year": 2019,
        "month": 10,
        "day": 18
      },
      "time": {
        "hour": 11,
        "minute": 12,
        "second": 6,
        "nano": 0
      }
    },
    "citySender": "Київ",
    "cityRecipient": "Київ"
  },
  {
    "number": 59000455842231,
    "dateTime": {
      "date": {
        "year": 2019,
        "month": 10,
        "day": 18
      },
      "time": {
        "hour": 11,
        "minute": 12,
        "second": 23,
        "nano": 0
      }
    },
    "citySender": "Сєвєродонецьк",
    "cityRecipient": "Щасливе"
  },
  {
    "number": 59000455842232,
    "dateTime": {
      "date": {
        "year": 2019,
        "month": 10,
        "day": 18
      },
      "time": {
        "hour": 11,
        "minute": 12,
        "second": 21,
        "nano": 0
      }
    },
    "citySender": "Луцьк",
    "cityRecipient": "Цебрикове"
  },
  {
    "number": 59000455842233,
    "dateTime": {
      "date": {
        "year": 2019,
        "month": 10,
        "day": 18
      },
      "time": {
        "hour": 11,
        "minute": 12,
        "second": 28,
        "nano": 0
      }
    },
    "citySender": "Новий Буг",
    "cityRecipient": "Одеса"
  },
  {
    "number": 59000455842234,
    "dateTime": {
      "date": {
        "year": 2019,
        "month": 10,
        "day": 18
      },
      "time": {
        "hour": 11,
        "minute": 11,
        "second": 22,
        "nano": 0
      }
    },
    "citySender": "Брацлав",
    "cityRecipient": "Дніпро"
  },
  {
    "number": 59000455842235,
    "dateTime": {
      "date": {
        "year": 2019,
        "month": 10,
        "day": 18
      },
      "time": {
        "hour": 11,
        "minute": 11,
        "second": 53,
        "nano": 0
      }
    },
    "citySender": "Івано-Франківськ",
    "cityRecipient": "Київ"
  },
  {
    "number": 59000455842236,
    "dateTime": {
      "date": {
        "year": 2019,
        "month": 10,
        "day": 18
      },
      "time": {
        "hour": 11,
        "minute": 11,
        "second": 38,
        "nano": 0
      }
    },
    "citySender": "Київ",
    "cityRecipient": "Одеса"
  },
  {
    "number": 59000455842237,
    "dateTime": {
      "date": {
        "year": 2019,
        "month": 10,
        "day": 18
      },
      "time": {
        "hour": 11,
        "minute": 12,
        "second": 24,
        "nano": 0
      }
    },
    "citySender": "Дослідне",
    "cityRecipient": "Петриківка"
  },
  {
    "number": 59000455842238,
    "dateTime": {
      "date": {
        "year": 2019,
        "month": 10,
        "day": 18
      },
      "time": {
        "hour": 11,
        "minute": 12,
        "second": 11,
        "nano": 0
      }
    },
    "citySender": "Київ",
    "cityRecipient": "Житомир"
  },
  {
    "number": 59000455842239,
    "dateTime": {
      "date": {
        "year": 2019,
        "month": 10,
        "day": 18
      },
      "time": {
        "hour": 11,
        "minute": 12,
        "second": 4,
        "nano": 0
      }
    },
    "citySender": "Кропивницький",
    "cityRecipient": "Львів"
  },
  {
    "number": 59000455842240,
    "dateTime": {
      "date": {
        "year": 2019,
        "month": 10,
        "day": 18
      },
      "time": {
        "hour": 11,
        "minute": 12,
        "second": 15,
        "nano": 0
      }
    },
    "citySender": "Харків",
    "cityRecipient": "Дніпро"
  },
  {
    "number": 59000455842241,
    "dateTime": {
      "date": {
        "year": 2019,
        "month": 10,
        "day": 18
      },
      "time": {
        "hour": 11,
        "minute": 12,
        "second": 31,
        "nano": 0
      }
    },
    "citySender": "Синельникове",
    "cityRecipient": "Київ"
  },
  {
    "number": 59000455842242,
    "dateTime": {
      "date": {
        "year": 2019,
        "month": 10,
        "day": 18
      },
      "time": {
        "hour": 11,
        "minute": 12,
        "second": 31,
        "nano": 0
      }
    },
    "citySender": "Хмельницький",
    "cityRecipient": "Харків"
  },
  {
    "number": 59000455842243,
    "dateTime": {
      "date": {
        "year": 2019,
        "month": 10,
        "day": 18
      },
      "time": {
        "hour": 11,
        "minute": 11,
        "second": 56,
        "nano": 0
      }
    },
    "citySender": "Жидачів",
    "cityRecipient": "Скоморохи"
  },
  {
    "number": 59000455842244,
    "dateTime": {
      "date": {
        "year": 2019,
        "month": 10,
        "day": 18
      },
      "time": {
        "hour": 11,
        "minute": 11,
        "second": 57,
        "nano": 0
      }
    },
    "citySender": "Дрогобич",
    "cityRecipient": "Новий Яричів"
  },
  {
    "number": 59000455842247,
    "dateTime": {
      "date": {
        "year": 2019,
        "month": 10,
        "day": 18
      },
      "time": {
        "hour": 11,
        "minute": 12,
        "second": 28,
        "nano": 0
      }
    },
    "citySender": "Київ",
    "cityRecipient": "Херсон"
  },
  {
    "number": 59000455842248,
    "dateTime": {
      "date": {
        "year": 2019,
        "month": 10,
        "day": 18
      },
      "time": {
        "hour": 11,
        "minute": 11,
        "second": 45,
        "nano": 0
      }
    },
    "citySender": "Джурин (Шаргородський р-н.)",
    "cityRecipient": "Іллінці"
  },
  {
    "number": 59000455842249,
    "dateTime": {
      "date": {
        "year": 2019,
        "month": 10,
        "day": 18
      },
      "time": {
        "hour": 11,
        "minute": 11,
        "second": 46,
        "nano": 0
      }
    },
    "citySender": "Одеса",
    "cityRecipient": "Миколаїв"
  },
  {
    "number": 59000455842250,
    "dateTime": {
      "date": {
        "year": 2019,
        "month": 10,
        "day": 18
      },
      "time": {
        "hour": 11,
        "minute": 11,
        "second": 37,
        "nano": 0
      }
    },
    "citySender": "Нікополь (Дніпропетровська обл.)",
    "cityRecipient": "Сватове"
  },
  {
    "number": 59000455842251,
    "dateTime": {
      "date": {
        "year": 2019,
        "month": 10,
        "day": 18
      },
      "time": {
        "hour": 11,
        "minute": 12,
        "second": 32,
        "nano": 0
      }
    },
    "citySender": "Запоріжжя",
    "cityRecipient": "Київ"
  },
  {
    "number": 59000455842253,
    "dateTime": {
      "date": {
        "year": 2019,
        "month": 10,
        "day": 18
      },
      "time": {
        "hour": 11,
        "minute": 12,
        "second": 23,
        "nano": 0
      }
    },
    "citySender": "Одеса",
    "cityRecipient": "Полтава"
  },
  {
    "number": 59000455842254,
    "dateTime": {
      "date": {
        "year": 2019,
        "month": 10,
        "day": 18
      },
      "time": {
        "hour": 11,
        "minute": 12,
        "second": 33,
        "nano": 0
      }
    },
    "citySender": "Київ",
    "cityRecipient": "Одеса"
  },
  {
    "number": 59000455842255,
    "dateTime": {
      "date": {
        "year": 2019,
        "month": 10,
        "day": 18
      },
      "time": {
        "hour": 11,
        "minute": 11,
        "second": 47,
        "nano": 0
      }
    },
    "citySender": "Мостиська",
    "cityRecipient": "Полтава"
  },
  {
    "number": 59000455842256,
    "dateTime": {
      "date": {
        "year": 2019,
        "month": 10,
        "day": 18
      },
      "time": {
        "hour": 11,
        "minute": 12,
        "second": 31,
        "nano": 0
      }
    },
    "citySender": "Тарасівка",
    "cityRecipient": "Львів"
  },
  {
    "number": 59000455842257,
    "dateTime": {
      "date": {
        "year": 2019,
        "month": 10,
        "day": 18
      },
      "time": {
        "hour": 11,
        "minute": 10,
        "second": 2,
        "nano": 0
      }
    },
    "citySender": "Новоархангельськ",
    "cityRecipient": "Требухів"
  },
  {
    "number": 59000455842259,
    "dateTime": {
      "date": {
        "year": 2019,
        "month": 10,
        "day": 18
      },
      "time": {
        "hour": 11,
        "minute": 12,
        "second": 30,
        "nano": 0
      }
    },
    "citySender": "Київ",
    "cityRecipient": "Кривий Ріг"
  }
]