[
  {
    "number": 59000455819674,
    "dateTime": {
      "date": {
        "year": 2019,
        "month": 10,
        "day": 18
      },
      "time": {
        "hour": 10,
        "minute": 2,
        "second": 1,
        "nano": 0
      }
    },
    "citySender": "Чернівці",
    "cityRecipient": "Чернівці"
  },
  {
    "number": 59000455819676,
    "dateTime": {
      "date": {
        "year": 2019,
        "month": 10,
        "day": 18
      },
      "time": {
        "hour": 10,
        "minute": 1,
        "second": 14,
        "nano": 0
      }
    },
    "citySender": "Маріуполь",
    "cityRecipient": "Київ"
  },
  {
    "number": 59000455819677,
    "dateTime": {
      "date": {
        "year": 2019,
        "month": 10,
        "day": 18
      },
      "time": {
        "hour": 10,
        "minute": 2,
        "second": 7,
        "nano": 0
      }
    },
    "citySender": "Львів",
    "cityRecipient": "Дніпро"
  },
  {
    "number": 59000455819679,
    "dateTime": {
      "date": {
        "year": 2019,
        "month": 10,
        "day": 18
      },
      "time": {
        "hour": 10,
        "minute": 1,
        "second": 46,
        "nano": 0
      }
    },
    "citySender": "Лубни",
    "cityRecipient": "Мішково-Погорілове"
  },
  {
    "number": 59000455819680,
    "dateTime": {
      "date": {
        "year": 2019,
        "month": 10,
        "day": 18
      },
      "time": {
        "hour": 10,
        "minute": 1,
        "second": 50,
        "nano": 0
      }
    },
    "citySender": "Первомайськ(Микол.обл.Первомайс.р-н)",
    "cityRecipient": "Балта"
  },
  {
    "number": 59000455819681,
    "dateTime": {
      "date": {
        "year": 2019,
        "month": 10,
        "day": 18
      },
      "time": {
        "hour": 10,
        "minute": 2,
        "second": 6,
        "nano": 0
      }
    },
    "citySender": "Київ",
    "cityRecipient": "Ізюм"
  },
  {
    "number": 59000455819682,
    "dateTime": {
      "date": {
        "year": 2019,
        "month": 10,
        "day": 18
      },
      "time": {
        "hour": 10,
        "minute": 2,
        "second": 10,
        "nano": 0
      }
    },
    "citySender": "Веселинове",
    "cityRecipient": "Київ"
  },
  {
    "number": 59000455819683,
    "dateTime": {
      "date": {
        "year": 2019,
        "month": 10,
        "day": 18
      },
      "time": {
        "hour": 10,
        "minute": 1,
        "second": 51,
        "nano": 0
      }
    },
    "citySender": "Одеса",
    "cityRecipient": "Єланець"
  },
  {
    "number": 59000455819684,
    "dateTime": {
      "date": {
        "year": 2019,
        "month": 10,
        "day": 18
      },
      "time": {
        "hour": 10,
        "minute": 2,
        "second": 4,
        "nano": 0
      }
    },
    "citySender": "Веселе (Запорізька обл.)",
    "cityRecipient": "Київ"
  },
  {
    "number": 59000455819685,
    "dateTime": {
      "date": {
        "year": 2019,
        "month": 10,
        "day": 18
      },
      "time": {
        "hour": 10,
        "minute": 1,
        "second": 52,
        "nano": 0
      }
    },
    "citySender": "Дніпро",
    "cityRecipient": "Жовті Води"
  },
  {
    "number": 59000455819686,
    "dateTime": {
      "date": {
        "year": 2019,
        "month": 10,
        "day": 18
      },
      "time": {
        "hour": 10,
        "minute": 1,
        "second": 45,
        "nano": 0
      }
    },
    "citySender": "Черкаси",
    "cityRecipient": "Львів"
  },
  {
    "number": 59000455819687,
    "dateTime": {
      "date": {
        "year": 2019,
        "month": 10,
        "day": 18
      },
      "time": {
        "hour": 10,
        "minute": 1,
        "second": 46,
        "nano": 0
      }
    },
    "citySender": "Івано-Франківськ",
    "cityRecipient": "Ужгород"
  },
  {
    "number": 59000455819688,
    "dateTime": {
      "date": {
        "year": 2019,
        "month": 10,
        "day": 18
      },
      "time": {
        "hour": 10,
        "minute": 1,
        "second": 28,
        "nano": 0
      }
    },
    "citySender": "Хмельницький",
    "cityRecipient": "Одеса"
  },
  {
    "number": 59000455819689,
    "dateTime": {
      "date": {
        "year": 2019,
        "month": 10,
        "day": 18
      },
      "time": {
        "hour": 10,
        "minute": 1,
        "second": 58,
        "nano": 0
      }
    },
    "citySender": "Запоріжжя",
    "cityRecipient": "Харків"
  },
  {
    "number": 59000455819690,
    "dateTime": {
      "date": {
        "year": 2019,
        "month": 10,
        "day": 18
      },
      "time": {
        "hour": 10,
        "minute": 1,
        "second": 11,
        "nano": 0
      }
    },
    "citySender": "Чернятин (Жмеринський р-н)",
    "cityRecipient": "Летичів"
  },
  {
    "number": 59000455819691,
    "dateTime": {
      "date": {
        "year": 2019,
        "month": 10,
        "day": 18
      },
      "time": {
        "hour": 9,
        "minute": 59,
        "second": 25,
        "nano": 0
      }
    },
    "citySender": "Стара Синява",
    "cityRecipient": "Горішні Плавні"
  },
  {
    "number": 59000455819692,
    "dateTime": {
      "date": {
        "year": 2019,
        "month": 10,
        "day": 18
      },
      "time": {
        "hour": 10,
        "minute": 2,
        "second": 9,
        "nano": 0
      }
    },
    "citySender": "Київ",
    "cityRecipient": "Київ"
  },
  {
    "number": 59000455819693,
    "dateTime": {
      "date": {
        "year": 2019,
        "month": 10,
        "day": 18
      },
      "time": {
        "hour": 10,
        "minute": 1,
        "second": 54,
        "nano": 0
      }
    },
    "citySender": "Подвірки",
    "cityRecipient": "Харків"
  },
  {
    "number": 59000455819694,
    "dateTime": {
      "date": {
        "year": 2019,
        "month": 10,
        "day": 18
      },
      "time": {
        "hour": 10,
        "minute": 1,
        "second": 58,
        "nano": 0
      }
    },
    "citySender": "Маяки (Одеська обл.)",
    "cityRecipient": "Чорноморськ"
  },
  {
    "number": 59000455819695,
    "dateTime": {
      "date": {
        "year": 2019,
        "month": 10,
        "day": 18
      },
      "time": {
        "hour": 10,
        "minute": 1,
        "second": 21,
        "nano": 0
      }
    },
    "citySender": "Сартана (Донецька обл.)",
    "cityRecipient": "Ніжин"
  },
  {
    "number": 59000455819696,
    "dateTime": {
      "date": {
        "year": 2019,
        "month": 10,
        "day": 18
      },
      "time": {
        "hour": 10,
        "minute": 1,
        "second": 43,
        "nano": 0
      }
    },
    "citySender": "Арциз",
    "cityRecipient": "Київ"
  },
  {
    "number": 59000455819697,
    "dateTime": {
      "date": {
        "year": 2019,
        "month": 10,
        "day": 18
      },
      "time": {
        "hour": 10,
        "minute": 0,
        "second": 21,
        "nano": 0
      }
    },
    "citySender": "Царичанка",
    "cityRecipient": "Новоград-Волинський"
  },
  {
    "number": 59000455819698,
    "dateTime": {
      "date": {
        "year": 2019,
        "month": 10,
        "day": 18
      },
      "time": {
        "hour": 10,
        "minute": 1,
        "second": 55,
        "nano": 0
      }
    },
    "citySender": "Тарасівка",
    "cityRecipient": "Київ"
  },
  {
    "number": 59000455819699,
    "dateTime": {
      "date": {
        "year": 2019,
        "month": 10,
        "day": 18
      },
      "time": {
        "hour": 10,
        "minute": 1,
        "second": 59,
        "nano": 0
      }
    },
    "citySender": "Кременчук",
    "cityRecipient": "Київ"
  },
  {
    "number": 59000455819700,
    "dateTime": {
      "date": {
        "year": 2019,
        "month": 10,
        "day": 18
      },
      "time": {
        "hour": 10,
        "minute": 2,
        "second": 9,
        "nano": 0
      }
    },
    "citySender": "Бородянка",
    "cityRecipient": "Бровари"
  },
  {
    "number": 59000455819701,
    "dateTime": {
      "date": {
        "year": 2019,
        "month": 10,
        "day": 18
      },
      "time": {
        "hour": 14,
        "minute": 25,
        "second": 14,
        "nano": 0
      }
    },
    "citySender": "Київ",
    "cityRecipient": "Київ"
  },
  {
    "number": 59000455819702,
    "dateTime": {
      "date": {
        "year": 2019,
        "month": 10,
        "day": 18
      },
      "time": {
        "hour": 14,
        "minute": 31,
        "second": 28,
        "nano": 0
      }
    },
    "citySender": "Київ",
    "cityRecipient": "Київ"
  },
  {
    "number": 59000455819703,
    "dateTime": {
      "date": {
        "year": 2019,
        "month": 10,
        "day": 18
      },
      "time": {
        "hour": 14,
        "minute": 31,
        "second": 57,
        "nano": 0
      }
    },
    "citySender": "Київ",
    "cityRecipient": "Київ"
  },
  {
    "number": 59000455819704,
    "dateTime": {
      "date": {
        "year": 2019,
        "month": 10,
        "day": 18
      },
      "time": {
        "hour": 10,
        "minute": 1,
        "second": 48,
        "nano": 0
      }
    },
    "citySender": "Стебник",
    "cityRecipient": "Київ"
  },
  {
    "number": 59000455819705,
    "dateTime": {
      "date": {
        "year": 2019,
        "month": 10,
        "day": 18
      },
      "time": {
        "hour": 10,
        "minute": 2,
        "second": 6,
        "nano": 0
      }
    },
    "citySender": "Київ",
    "cityRecipient": "Запоріжжя"
  },
  {
    "number": 59000455819706,
    "dateTime": {
      "date": {
        "year": 2019,
        "month": 10,
        "day": 18
      },
      "time": {
        "hour": 10,
        "minute": 1,
        "second": 45,
        "nano": 0
      }
    },
    "citySender": "Нікополь (Дніпропетровська обл.)",
    "cityRecipient": "Одеса"
  },
  {
    "number": 59000455819707,
    "dateTime": {
      "date": {
        "year": 2019,
        "month": 10,
        "day": 18
      },
      "time": {
        "hour": 10,
        "minute": 0,
        "second": 54,
        "nano": 0
      }
    },
    "citySender": "Мостиська",
    "cityRecipient": "Житомир"
  },
  {
    "number": 59000455819708,
    "dateTime": {
      "date": {
        "year": 2019,
        "month": 10,
        "day": 18
      },
      "time": {
        "hour": 10,
        "minute": 1,
        "second": 8,
        "nano": 0
      }
    },
    "citySender": "Чорнобай",
    "cityRecipient": "Київ"
  },
  {
    "number": 59000455819709,
    "dateTime": {
      "date": {
        "year": 2019,
        "month": 10,
        "day": 18
      },
      "time": {
        "hour": 10,
        "minute": 1,
        "second": 29,
        "nano": 0
      }
    },
    "citySender": "Марганець",
    "cityRecipient": "Східниця"
  },
  {
    "number": 59000455819710,
    "dateTime": {
      "date": {
        "year": 2019,
        "month": 10,
        "day": 18
      },
      "time": {
        "hour": 10,
        "minute": 1,
        "second": 57,
        "nano": 0
      }
    },
    "citySender": "Маріуполь",
    "cityRecipient": "Київ"
  },
  {
    "number": 59000455819711,
    "dateTime": {
      "date": {
        "year": 2019,
        "month": 10,
        "day": 18
      },
      "time": {
        "hour": 10,
        "minute": 1,
        "second": 11,
        "nano": 0
      }
    },
    "citySender": "Ружин",
    "cityRecipient": "Вінниця"
  },
  {
    "number": 59000455819712,
    "dateTime": {
      "date": {
        "year": 2019,
        "month": 10,
        "day": 18
      },
      "time": {
        "hour": 10,
        "minute": 1,
        "second": 50,
        "nano": 0
      }
    },
    "citySender": "Іванівка (Херсонська обл.)",
    "cityRecipient": "Надвірна"
  },
  {
    "number": 59000455819713,
    "dateTime": {
      "date": {
        "year": 2019,
        "month": 10,
        "day": 18
      },
      "time": {
        "hour": 10,
        "minute": 2,
        "second": 0,
        "nano": 0
      }
    },
    "citySender": "Новоукраїнка",
    "cityRecipient": "Чернігів"
  },
  {
    "number": 59000455819714,
    "dateTime": {
      "date": {
        "year": 2019,
        "month": 10,
        "day": 18
      },
      "time": {
        "hour": 10,
        "minute": 1,
        "second": 52,
        "nano": 0
      }
    },
    "citySender": "Курахове",
    "cityRecipient": "Київ"
  },
  {
    "number": 59000455819715,
    "dateTime": {
      "date": {
        "year": 2019,
        "month": 10,
        "day": 18
      },
      "time": {
        "hour": 10,
        "minute": 0,
        "second": 31,
        "nano": 0
      }
    },
    "citySender": "Кременець",
    "cityRecipient": "Дубіївка"
  },
  {
    "number": 59000455819716,
    "dateTime": {
      "date": {
        "year": 2019,
        "month": 10,
        "day": 18
      },
      "time": {
        "hour": 10,
        "minute": 2,
        "second": 2,
        "nano": 0
      }
    },
    "citySender": "Хуст",
    "cityRecipient": "Мукачево"
  },
  {
    "number": 59000455819717,
    "dateTime": {
      "date": {
        "year": 2019,
        "month": 10,
        "day": 18
      },
      "time": {
        "hour": 10,
        "minute": 2,
        "second": 15,
        "nano": 0
      }
    },
    "citySender": "Канів",
    "cityRecipient": "Дніпро"
  },
  {
    "number": 59000455819718,
    "dateTime": {
      "date": {
        "year": 2019,
        "month": 10,
        "day": 18
      },
      "time": {
        "hour": 10,
        "minute": 2,
        "second": 6,
        "nano": 0
      }
    },
    "citySender": "Рівне",
    "cityRecipient": "Тернопіль"
  },
  {
    "number": 59000455819719,
    "dateTime": {
      "date": {
        "year": 2019,
        "month": 10,
        "day": 18
      },
      "time": {
        "hour": 10,
        "minute": 2,
        "second": 11,
        "nano": 0
      }
    },
    "citySender": "Київ",
    "cityRecipient": "Київ"
  },
  {
    "number": 59000455819720,
    "dateTime": {
      "date": {
        "year": 2019,
        "month": 10,
        "day": 18
      },
      "time": {
        "hour": 10,
        "minute": 0,
        "second": 43,
        "nano": 0
      }
    },
    "citySender": "Одеса",
    "cityRecipient": "Токмак"
  },
  {
    "number": 59000455819721,
    "dateTime": {
      "date": {
        "year": 2019,
        "month": 10,
        "day": 18
      },
      "time": {
        "hour": 10,
        "minute": 1,
        "second": 29,
        "nano": 0
      }
    },
    "citySender": "Бровари",
    "cityRecipient": "Харків"
  },
  {
    "number": 59000455819722,
    "dateTime": {
      "date": {
        "year": 2019,
        "month": 10,
        "day": 18
      },
      "time": {
        "hour": 10,
        "minute": 1,
        "second": 58,
        "nano": 0
      }
    },
    "citySender": "Харків",
    "cityRecipient": "Кременчук"
  },
  {
    "number": 59000455819723,
    "dateTime": {
      "date": {
        "year": 2019,
        "month": 10,
        "day": 18
      },
      "time": {
        "hour": 10,
        "minute": 1,
        "second": 54,
        "nano": 0
      }
    },
    "citySender": "Радивилів",
    "cityRecipient": "Бровари"
  },
  {
    "number": 59000455819724,
    "dateTime": {
      "date": {
        "year": 2019,
        "month": 10,
        "day": 18
      },
      "time": {
        "hour": 10,
        "minute": 1,
        "second": 25,
        "nano": 0
      }
    },
    "citySender": "Шишаки",
    "cityRecipient": "Львів"
  },
  {
    "number": 59000455819725,
    "dateTime": {
      "date": {
        "year": 2019,
        "month": 10,
        "day": 18
      },
      "time": {
        "hour": 10,
        "minute": 2,
        "second": 10,
        "nano": 0
      }
    },
    "citySender": "Острог",
    "cityRecipient": "Дніпро"
  },
  {
    "number": 59000455819726,
    "dateTime": {
      "date": {
        "year": 2019,
        "month": 10,
        "day": 18
      },
      "time": {
        "hour": 10,
        "minute": 1,
        "second": 53,
        "nano": 0
      }
    },
    "citySender": "Київ",
    "cityRecipient": "Миколаїв"
  },
  {
    "number": 59000455819727,
    "dateTime": {
      "date": {
        "year": 2019,
        "month": 10,
        "day": 18
      },
      "time": {
        "hour": 10,
        "minute": 1,
        "second": 22,
        "nano": 0
      }
    },
    "citySender": "Кагарлик",
    "cityRecipient": "Київ"
  },
  {
    "number": 59000455819728,
    "dateTime": {
      "date": {
        "year": 2019,
        "month": 10,
        "day": 18
      },
      "time": {
        "hour": 10,
        "minute": 2,
        "second": 7,
        "nano": 0
      }
    },
    "citySender": "Дрогобич",
    "cityRecipient": "Тростянець (Вінницька обл.)"
  },
  {
    "number": 59000455819729,
    "dateTime": {
      "date": {
        "year": 2019,
        "month": 10,
        "day": 18
      },
      "time": {
        "hour": 10,
        "minute": 1,
        "second": 59,
        "nano": 0
      }
    },
    "citySender": "Олешки(Херсонська обл)",
    "cityRecipient": "Кривий Ріг"
  },
  {
    "number": 59000455819730,
    "dateTime": {
      "date": {
        "year": 2019,
        "month": 10,
        "day": 18
      },
      "time": {
        "hour": 10,
        "minute": 1,
        "second": 58,
        "nano": 0
      }
    },
    "citySender": "Житомир",
    "cityRecipient": "Високий"
  },
  {
    "number": 59000455819731,
    "dateTime": {
      "date": {
        "year": 2019,
        "month": 10,
        "day": 18
      },
      "time": {
        "hour": 10,
        "minute": 2,
        "second": 17,
        "nano": 0
      }
    },
    "citySender": "Костянтинівка (Донецька обл.)",
    "cityRecipient": "Запоріжжя"
  },
  {
    "number": 59000455819733,
    "dateTime": {
      "date": {
        "year": 2019,
        "month": 10,
        "day": 18
      },
      "time": {
        "hour": 10,
        "minute": 1,
        "second": 27,
        "nano": 0
      }
    },
    "citySender": "Київ",
    "cityRecipient": "Тернопіль"
  },
  {
    "number": 59000455819734,
    "dateTime": {
      "date": {
        "year": 2019,
        "month": 10,
        "day": 18
      },
      "time": {
        "hour": 10,
        "minute": 1,
        "second": 32,
        "nano": 0
      }
    },
    "citySender": "Київ",
    "cityRecipient": "Київ"
  },
  {
    "number": 59000455819735,
    "dateTime": {
      "date": {
        "year": 2019,
        "month": 10,
        "day": 18
      },
      "time": {
        "hour": 9,
        "minute": 59,
        "second": 10,
        "nano": 0
      }
    },
    "citySender": "Канів",
    "cityRecipient": "Нові Бросківці"
  },
  {
    "number": 59000455819736,
    "dateTime": {
      "date": {
        "year": 2019,
        "month": 10,
        "day": 18
      },
      "time": {
        "hour": 10,
        "minute": 1,
        "second": 34,
        "nano": 0
      }
    },
    "citySender": "Дніпро",
    "cityRecipient": "Харків"
  },
  {
    "number": 59000455819737,
    "dateTime": {
      "date": {
        "year": 2019,
        "month": 10,
        "day": 18
      },
      "time": {
        "hour": 10,
        "minute": 1,
        "second": 5,
        "nano": 0
      }
    },
    "citySender": "Богуслав (Київська обл.)",
    "cityRecipient": "Антоніни"
  },
  {
    "number": 59000455819738,
    "dateTime": {
      "date": {
        "year": 2019,
        "month": 10,
        "day": 18
      },
      "time": {
        "hour": 10,
        "minute": 1,
        "second": 25,
        "nano": 0
      }
    },
    "citySender": "Івано-Франківськ",
    "cityRecipient": "Хорол"
  },
  {
    "number": 59000455819739,
    "dateTime": {
      "date": {
        "year": 2019,
        "month": 10,
        "day": 18
      },
      "time": {
        "hour": 10,
        "minute": 1,
        "second": 59,
        "nano": 0
      }
    },
    "citySender": "Брилівка",
    "cityRecipient": "Одеса"
  },
  {
    "number": 59000455819740,
    "dateTime": {
      "date": {
        "year": 2019,
        "month": 10,
        "day": 18
      },
      "time": {
        "hour": 10,
        "minute": 2,
        "second": 18,
        "nano": 0
      }
    },
    "citySender": "Харків",
    "cityRecipient": "Харків"
  },
  {
    "number": 59000455819741,
    "dateTime": {
      "date": {
        "year": 2019,
        "month": 10,
        "day": 18
      },
      "time": {
        "hour": 10,
        "minute": 2,
        "second": 20,
        "nano": 0
      }
    },
    "citySender": "Умань",
    "cityRecipient": "Умань"
  },
  {
    "number": 59000455819742,
    "dateTime": {
      "date": {
        "year": 2019,
        "month": 10,
        "day": 18
      },
      "time": {
        "hour": 10,
        "minute": 1,
        "second": 6,
        "nano": 0
      }
    },
    "citySender": "Малин",
    "cityRecipient": "Житомир"
  },
  {
    "number": 59000455819743,
    "dateTime": {
      "date": {
        "year": 2019,
        "month": 10,
        "day": 18
      },
      "time": {
        "hour": 10,
        "minute": 2,
        "second": 9,
        "nano": 0
      }
    },
    "citySender": "Кам\u0027янець-Подільський",
    "cityRecipient": "Білгород-Дністровський"
  },
  {
    "number": 59000455819744,
    "dateTime": {
      "date": {
        "year": 2019,
        "month": 10,
        "day": 18
      },
      "time": {
        "hour": 10,
        "minute": 2,
        "second": 12,
        "nano": 0
      }
    },
    "citySender": "Славута",
    "cityRecipient": "Березне"
  },
  {
    "number": 59000455819745,
    "dateTime": {
      "date": {
        "year": 2019,
        "month": 10,
        "day": 18
      },
      "time": {
        "hour": 10,
        "minute": 1,
        "second": 57,
        "nano": 0
      }
    },
    "citySender": "Понінка",
    "cityRecipient": "Обухів"
  },
  {
    "number": 59000455819746,
    "dateTime": {
      "date": {
        "year": 2019,
        "month": 10,
        "day": 18
      },
      "time": {
        "hour": 10,
        "minute": 2,
        "second": 20,
        "nano": 0
      }
    },
    "citySender": "Білгород-Дністровський",
    "cityRecipient": "Київ"
  },
  {
    "number": 59000455819747,
    "dateTime": {
      "date": {
        "year": 2019,
        "month": 10,
        "day": 18
      },
      "time": {
        "hour": 10,
        "minute": 1,
        "second": 29,
        "nano": 0
      }
    },
    "citySender": "Херсон",
    "cityRecipient": "Кривий Ріг"
  },
  {
    "number": 59000455819748,
    "dateTime": {
      "date": {
        "year": 2019,
        "month": 10,
        "day": 18
      },
      "time": {
        "hour": 10,
        "minute": 1,
        "second": 14,
        "nano": 0
      }
    },
    "citySender": "Турка",
    "cityRecipient": "Новояворівськ"
  },
  {
    "number": 59000455819749,
    "dateTime": {
      "date": {
        "year": 2019,
        "month": 10,
        "day": 18
      },
      "time": {
        "hour": 10,
        "minute": 0,
        "second": 28,
        "nano": 0
      }
    },
    "citySender": "Чернігів",
    "cityRecipient": "Покровськ (Донецька обл.)"
  },
  {
    "number": 59000455819750,
    "dateTime": {
      "date": {
        "year": 2019,
        "month": 10,
        "day": 18
      },
      "time": {
        "hour": 10,
        "minute": 2,
        "second": 24,
        "nano": 0
      }
    },
    "citySender": "Южне",
    "cityRecipient": "Житомир"
  },
  {
    "number": 59000455819751,
    "dateTime": {
      "date": {
        "year": 2019,
        "month": 10,
        "day": 18
      },
      "time": {
        "hour": 10,
        "minute": 2,
        "second": 9,
        "nano": 0
      }
    },
    "citySender": "Дніпро",
    "cityRecipient": "Львів"
  },
  {
    "number": 59000455819752,
    "dateTime": {
      "date": {
        "year": 2019,
        "month": 10,
        "day": 18
      },
      "time": {
        "hour": 10,
        "minute": 2,
        "second": 9,
        "nano": 0
      }
    },
    "citySender": "Одеса",
    "cityRecipient": "П\u0027ятихатки"
  },
  {
    "number": 59000455819753,
    "dateTime": {
      "date": {
        "year": 2019,
        "month": 10,
        "day": 18
      },
      "time": {
        "hour": 10,
        "minute": 2,
        "second": 25,
        "nano": 0
      }
    },
    "citySender": "Василівка (Одеська обл.)",
    "cityRecipient": "Авангард"
  },
  {
    "number": 59000455819754,
    "dateTime": {
      "date": {
        "year": 2019,
        "month": 10,
        "day": 18
      },
      "time": {
        "hour": 10,
        "minute": 0,
        "second": 59,
        "nano": 0
      }
    },
    "citySender": "Чернігів",
    "cityRecipient": "Київ"
  },
  {
    "number": 59000455819755,
    "dateTime": {
      "date": {
        "year": 2019,
        "month": 10,
        "day": 18
      },
      "time": {
        "hour": 10,
        "minute": 2,
        "second": 24,
        "nano": 0
      }
    },
    "citySender": "Дніпро",
    "cityRecipient": "Київ"
  },
  {
    "number": 59000455819756,
    "dateTime": {
      "date": {
        "year": 2019,
        "month": 10,
        "day": 18
      },
      "time": {
        "hour": 10,
        "minute": 2,
        "second": 3,
        "nano": 0
      }
    },
    "citySender": "Колонщина",
    "cityRecipient": "Лисичанськ"
  },
  {
    "number": 59000455819757,
    "dateTime": {
      "date": {
        "year": 2019,
        "month": 10,
        "day": 18
      },
      "time": {
        "hour": 10,
        "minute": 2,
        "second": 4,
        "nano": 0
      }
    },
    "citySender": "Жашків",
    "cityRecipient": "Піщаний Брід"
  },
  {
    "number": 59000455819758,
    "dateTime": {
      "date": {
        "year": 2019,
        "month": 10,
        "day": 18
      },
      "time": {
        "hour": 10,
        "minute": 1,
        "second": 56,
        "nano": 0
      }
    },
    "citySender": "Запоріжжя",
    "cityRecipient": "Запоріжжя"
  },
  {
    "number": 59000455819759,
    "dateTime": {
      "date": {
        "year": 2019,
        "month": 10,
        "day": 18
      },
      "time": {
        "hour": 10,
        "minute": 1,
        "second": 20,
        "nano": 0
      }
    },
    "citySender": "Дніпро",
    "cityRecipient": "Херсон"
  },
  {
    "number": 59000455819760,
    "dateTime": {
      "date": {
        "year": 2019,
        "month": 10,
        "day": 18
      },
      "time": {
        "hour": 10,
        "minute": 2,
        "second": 25,
        "nano": 0
      }
    },
    "citySender": "Тульчин",
    "cityRecipient": "Київ"
  },
  {
    "number": 59000455819761,
    "dateTime": {
      "date": {
        "year": 2019,
        "month": 10,
        "day": 18
      },
      "time": {
        "hour": 10,
        "minute": 2,
        "second": 11,
        "nano": 0
      }
    },
    "citySender": "Київ",
    "cityRecipient": "Київ"
  },
  {
    "number": 59000455819762,
    "dateTime": {
      "date": {
        "year": 2019,
        "month": 10,
        "day": 18
      },
      "time": {
        "hour": 10,
        "minute": 2,
        "second": 16,
        "nano": 0
      }
    },
    "citySender": "Вінниця",
    "cityRecipient": "Бориспіль"
  },
  {
    "number": 59000455819763,
    "dateTime": {
      "date": {
        "year": 2019,
        "month": 10,
        "day": 18
      },
      "time": {
        "hour": 10,
        "minute": 2,
        "second": 15,
        "nano": 0
      }
    },
    "citySender": "Розівка",
    "cityRecipient": "Львів"
  },
  {
    "number": 59000455819764,
    "dateTime": {
      "date": {
        "year": 2019,
        "month": 10,
        "day": 18
      },
      "time": {
        "hour": 10,
        "minute": 1,
        "second": 54,
        "nano": 0
      }
    },
    "citySender": "Бронниця",
    "cityRecipient": "Харків"
  },
  {
    "number": 59000455819765,
    "dateTime": {
      "date": {
        "year": 2019,
        "month": 10,
        "day": 18
      },
      "time": {
        "hour": 10,
        "minute": 2,
        "second": 27,
        "nano": 0
      }
    },
    "citySender": "Одеса",
    "cityRecipient": "Харків"
  },
  {
    "number": 59000455819766,
    "dateTime": {
      "date": {
        "year": 2019,
        "month": 10,
        "day": 18
      },
      "time": {
        "hour": 10,
        "minute": 2,
        "second": 12,
        "nano": 0
      }
    },
    "citySender": "Сміла",
    "cityRecipient": "Харків"
  },
  {
    "number": 59000455819767,
    "dateTime": {
      "date": {
        "year": 2019,
        "month": 10,
        "day": 18
      },
      "time": {
        "hour": 10,
        "minute": 2,
        "second": 12,
        "nano": 0
      }
    },
    "citySender": "Хмельницький",
    "cityRecipient": "Харків"
  },
  {
    "number": 59000455819768,
    "dateTime": {
      "date": {
        "year": 2019,
        "month": 10,
        "day": 18
      },
      "time": {
        "hour": 9,
        "minute": 59,
        "second": 5,
        "nano": 0
      }
    },
    "citySender": "Кропивницький",
    "cityRecipient": "Харків"
  },
  {
    "number": 59000455819769,
    "dateTime": {
      "date": {
        "year": 2019,
        "month": 10,
        "day": 18
      },
      "time": {
        "hour": 10,
        "minute": 2,
        "second": 1,
        "nano": 0
      }
    },
    "citySender": "Київ",
    "cityRecipient": "Корсунь-Шевченківський"
  },
  {
    "number": 59000455819770,
    "dateTime": {
      "date": {
        "year": 2019,
        "month": 10,
        "day": 18
      },
      "time": {
        "hour": 10,
        "minute": 2,
        "second": 9,
        "nano": 0
      }
    },
    "citySender": "Харків",
    "cityRecipient": "Київ"
  },
  {
    "number": 59000455819771,
    "dateTime": {
      "date": {
        "year": 2019,
        "month": 10,
        "day": 18
      },
      "time": {
        "hour": 10,
        "minute": 2,
        "second": 7,
        "nano": 0
      }
    },
    "citySender": "Бар",
    "cityRecipient": "Рівне"
  },
  {
    "number": 59000455819772,
    "dateTime": {
      "date": {
        "year": 2019,
        "month": 10,
        "day": 18
      },
      "time": {
        "hour": 10,
        "minute": 2,
        "second": 13,
        "nano": 0
      }
    },
    "citySender": "Одеса",
    "cityRecipient": "Одеса"
  },
  {
    "number": 59000455819773,
    "dateTime": {
      "date": {
        "year": 2019,
        "month": 10,
        "day": 18
      },
      "time": {
        "hour": 9,
        "minute": 59,
        "second": 33,
        "nano": 0
      }
    },
    "citySender": "Рені",
    "cityRecipient": "Миколаїв"
  }
]