[
  {
    "number": 59000455823369,
    "dateTime": {
      "date": {
        "year": 2019,
        "month": 10,
        "day": 18
      },
      "time": {
        "hour": 10,
        "minute": 13,
        "second": 44,
        "nano": 0
      }
    },
    "citySender": "Дунаївці",
    "cityRecipient": "Роздільна (Одеська обл.)"
  },
  {
    "number": 59000455823370,
    "dateTime": {
      "date": {
        "year": 2019,
        "month": 10,
        "day": 18
      },
      "time": {
        "hour": 10,
        "minute": 14,
        "second": 27,
        "nano": 0
      }
    },
    "citySender": "Вовчанськ",
    "cityRecipient": "Херсон"
  },
  {
    "number": 59000455823371,
    "dateTime": {
      "date": {
        "year": 2019,
        "month": 10,
        "day": 18
      },
      "time": {
        "hour": 10,
        "minute": 13,
        "second": 38,
        "nano": 0
      }
    },
    "citySender": "Черкаси",
    "cityRecipient": "Василівка (Запорізька обл.)"
  },
  {
    "number": 59000455823372,
    "dateTime": {
      "date": {
        "year": 2019,
        "month": 10,
        "day": 18
      },
      "time": {
        "hour": 10,
        "minute": 13,
        "second": 10,
        "nano": 0
      }
    },
    "citySender": "Ріпки",
    "cityRecipient": "Нова Одеса"
  },
  {
    "number": 59000455823373,
    "dateTime": {
      "date": {
        "year": 2019,
        "month": 10,
        "day": 18
      },
      "time": {
        "hour": 10,
        "minute": 14,
        "second": 28,
        "nano": 0
      }
    },
    "citySender": "Дніпро",
    "cityRecipient": "Київ"
  },
  {
    "number": 59000455823374,
    "dateTime": {
      "date": {
        "year": 2019,
        "month": 10,
        "day": 18
      },
      "time": {
        "hour": 10,
        "minute": 14,
        "second": 8,
        "nano": 0
      }
    },
    "citySender": "Хмельницький",
    "cityRecipient": "Докучаєвське"
  },
  {
    "number": 59000455823375,
    "dateTime": {
      "date": {
        "year": 2019,
        "month": 10,
        "day": 18
      },
      "time": {
        "hour": 10,
        "minute": 13,
        "second": 52,
        "nano": 0
      }
    },
    "citySender": "Звенигородка",
    "cityRecipient": "Черкаси"
  },
  {
    "number": 59000455823376,
    "dateTime": {
      "date": {
        "year": 2019,
        "month": 10,
        "day": 18
      },
      "time": {
        "hour": 10,
        "minute": 14,
        "second": 1,
        "nano": 0
      }
    },
    "citySender": "Київ",
    "cityRecipient": "Немирів (Вінницька обл.)"
  },
  {
    "number": 59000455823378,
    "dateTime": {
      "date": {
        "year": 2019,
        "month": 10,
        "day": 18
      },
      "time": {
        "hour": 10,
        "minute": 13,
        "second": 53,
        "nano": 0
      }
    },
    "citySender": "Харків",
    "cityRecipient": "Волноваха"
  },
  {
    "number": 59000455823379,
    "dateTime": {
      "date": {
        "year": 2019,
        "month": 10,
        "day": 18
      },
      "time": {
        "hour": 10,
        "minute": 14,
        "second": 4,
        "nano": 0
      }
    },
    "citySender": "Київ",
    "cityRecipient": "Київ"
  },
  {
    "number": 59000455823380,
    "dateTime": {
      "date": {
        "year": 2019,
        "month": 10,
        "day": 18
      },
      "time": {
        "hour": 10,
        "minute": 14,
        "second": 5,
        "nano": 0
      }
    },
    "citySender": "Дніпро",
    "cityRecipient": "Дніпро"
  },
  {
    "number": 59000455823381,
    "dateTime": {
      "date": {
        "year": 2019,
        "month": 10,
        "day": 18
      },
      "time": {
        "hour": 10,
        "minute": 14,
        "second": 16,
        "nano": 0
      }
    },
    "citySender": "Одеса",
    "cityRecipient": "Одеса"
  },
  {
    "number": 59000455823382,
    "dateTime": {
      "date": {
        "year": 2019,
        "month": 10,
        "day": 18
      },
      "time": {
        "hour": 10,
        "minute": 14,
        "second": 1,
        "nano": 0
      }
    },
    "citySender": "Одеса",
    "cityRecipient": "Харків"
  },
  {
    "number": 59000455823383,
    "dateTime": {
      "date": {
        "year": 2019,
        "month": 10,
        "day": 18
      },
      "time": {
        "hour": 10,
        "minute": 14,
        "second": 27,
        "nano": 0
      }
    },
    "citySender": "Рубіжне",
    "cityRecipient": "Новопсков"
  },
  {
    "number": 59000455823385,
    "dateTime": {
      "date": {
        "year": 2019,
        "month": 10,
        "day": 18
      },
      "time": {
        "hour": 10,
        "minute": 13,
        "second": 30,
        "nano": 0
      }
    },
    "citySender": "Буча",
    "cityRecipient": "Одеса"
  },
  {
    "number": 59000455823386,
    "dateTime": {
      "date": {
        "year": 2019,
        "month": 10,
        "day": 18
      },
      "time": {
        "hour": 10,
        "minute": 14,
        "second": 34,
        "nano": 0
      }
    },
    "citySender": "Бориспіль",
    "cityRecipient": "Київ"
  },
  {
    "number": 59000455823387,
    "dateTime": {
      "date": {
        "year": 2019,
        "month": 10,
        "day": 18
      },
      "time": {
        "hour": 10,
        "minute": 14,
        "second": 18,
        "nano": 0
      }
    },
    "citySender": "Івано-Франківськ",
    "cityRecipient": "Ізюм"
  },
  {
    "number": 59000455823388,
    "dateTime": {
      "date": {
        "year": 2019,
        "month": 10,
        "day": 18
      },
      "time": {
        "hour": 10,
        "minute": 14,
        "second": 8,
        "nano": 0
      }
    },
    "citySender": "Бровари",
    "cityRecipient": "Чернівці"
  },
  {
    "number": 59000455823389,
    "dateTime": {
      "date": {
        "year": 2019,
        "month": 10,
        "day": 18
      },
      "time": {
        "hour": 10,
        "minute": 14,
        "second": 36,
        "nano": 0
      }
    },
    "citySender": "Виноградів",
    "cityRecipient": "Старобільськ"
  },
  {
    "number": 59000455823390,
    "dateTime": {
      "date": {
        "year": 2019,
        "month": 10,
        "day": 18
      },
      "time": {
        "hour": 10,
        "minute": 14,
        "second": 29,
        "nano": 0
      }
    },
    "citySender": "Львів",
    "cityRecipient": "Арциз"
  },
  {
    "number": 59000455823391,
    "dateTime": {
      "date": {
        "year": 2019,
        "month": 10,
        "day": 18
      },
      "time": {
        "hour": 10,
        "minute": 14,
        "second": 6,
        "nano": 0
      }
    },
    "citySender": "Жмеринка",
    "cityRecipient": "Кривий Ріг"
  },
  {
    "number": 59000455823392,
    "dateTime": {
      "date": {
        "year": 2019,
        "month": 10,
        "day": 18
      },
      "time": {
        "hour": 10,
        "minute": 13,
        "second": 55,
        "nano": 0
      }
    },
    "citySender": "Слобожанське(Зміївський р-н., Харківська обл.)",
    "cityRecipient": "Вінниця"
  },
  {
    "number": 59000455823393,
    "dateTime": {
      "date": {
        "year": 2019,
        "month": 10,
        "day": 18
      },
      "time": {
        "hour": 10,
        "minute": 14,
        "second": 13,
        "nano": 0
      }
    },
    "citySender": "Київ",
    "cityRecipient": "Кривий Ріг"
  },
  {
    "number": 59000455823394,
    "dateTime": {
      "date": {
        "year": 2019,
        "month": 10,
        "day": 18
      },
      "time": {
        "hour": 10,
        "minute": 14,
        "second": 27,
        "nano": 0
      }
    },
    "citySender": "Високий",
    "cityRecipient": "Київ"
  },
  {
    "number": 59000455823395,
    "dateTime": {
      "date": {
        "year": 2019,
        "month": 10,
        "day": 18
      },
      "time": {
        "hour": 10,
        "minute": 14,
        "second": 32,
        "nano": 0
      }
    },
    "citySender": "Київ",
    "cityRecipient": "Рівне"
  },
  {
    "number": 59000455823396,
    "dateTime": {
      "date": {
        "year": 2019,
        "month": 10,
        "day": 18
      },
      "time": {
        "hour": 10,
        "minute": 14,
        "second": 39,
        "nano": 0
      }
    },
    "citySender": "Дніпро",
    "cityRecipient": "Київ"
  },
  {
    "number": 59000455823397,
    "dateTime": {
      "date": {
        "year": 2019,
        "month": 10,
        "day": 18
      },
      "time": {
        "hour": 10,
        "minute": 14,
        "second": 8,
        "nano": 0
      }
    },
    "citySender": "Тернопіль",
    "cityRecipient": "Томаківка"
  },
  {
    "number": 59000455823398,
    "dateTime": {
      "date": {
        "year": 2019,
        "month": 10,
        "day": 18
      },
      "time": {
        "hour": 10,
        "minute": 14,
        "second": 16,
        "nano": 0
      }
    },
    "citySender": "Попільня",
    "cityRecipient": "Броди"
  },
  {
    "number": 59000455823399,
    "dateTime": {
      "date": {
        "year": 2019,
        "month": 10,
        "day": 18
      },
      "time": {
        "hour": 10,
        "minute": 14,
        "second": 18,
        "nano": 0
      }
    },
    "citySender": "Заболотів (Снятинський р-н)",
    "cityRecipient": "Київ"
  },
  {
    "number": 59000455823400,
    "dateTime": {
      "date": {
        "year": 2019,
        "month": 10,
        "day": 18
      },
      "time": {
        "hour": 10,
        "minute": 13,
        "second": 52,
        "nano": 0
      }
    },
    "citySender": "Київ",
    "cityRecipient": "Деражня"
  },
  {
    "number": 59000455823401,
    "dateTime": {
      "date": {
        "year": 2019,
        "month": 10,
        "day": 18
      },
      "time": {
        "hour": 10,
        "minute": 12,
        "second": 47,
        "nano": 0
      }
    },
    "citySender": "Олешки(Херсонська обл)",
    "cityRecipient": "Нова Каховка"
  },
  {
    "number": 59000455823402,
    "dateTime": {
      "date": {
        "year": 2019,
        "month": 10,
        "day": 18
      },
      "time": {
        "hour": 10,
        "minute": 14,
        "second": 10,
        "nano": 0
      }
    },
    "citySender": "Тальне",
    "cityRecipient": "Святопетрівське (Києво-Свят.р-н)"
  },
  {
    "number": 59000455823403,
    "dateTime": {
      "date": {
        "year": 2019,
        "month": 10,
        "day": 18
      },
      "time": {
        "hour": 10,
        "minute": 14,
        "second": 36,
        "nano": 0
      }
    },
    "citySender": "Одеса",
    "cityRecipient": "Рогатин"
  },
  {
    "number": 59000455823404,
    "dateTime": {
      "date": {
        "year": 2019,
        "month": 10,
        "day": 18
      },
      "time": {
        "hour": 10,
        "minute": 14,
        "second": 17,
        "nano": 0
      }
    },
    "citySender": "Черкаси",
    "cityRecipient": "Южне"
  },
  {
    "number": 59000455823405,
    "dateTime": {
      "date": {
        "year": 2019,
        "month": 10,
        "day": 18
      },
      "time": {
        "hour": 10,
        "minute": 14,
        "second": 17,
        "nano": 0
      }
    },
    "citySender": "Харків",
    "cityRecipient": "Полтава"
  },
  {
    "number": 59000455823406,
    "dateTime": {
      "date": {
        "year": 2019,
        "month": 10,
        "day": 18
      },
      "time": {
        "hour": 10,
        "minute": 14,
        "second": 39,
        "nano": 0
      }
    },
    "citySender": "Яворів",
    "cityRecipient": "Київ"
  },
  {
    "number": 59000455823407,
    "dateTime": {
      "date": {
        "year": 2019,
        "month": 10,
        "day": 18
      },
      "time": {
        "hour": 10,
        "minute": 14,
        "second": 41,
        "nano": 0
      }
    },
    "citySender": "Чернігів",
    "cityRecipient": "Одеса"
  },
  {
    "number": 59000455823408,
    "dateTime": {
      "date": {
        "year": 2019,
        "month": 10,
        "day": 18
      },
      "time": {
        "hour": 10,
        "minute": 14,
        "second": 18,
        "nano": 0
      }
    },
    "citySender": "Жовті Води",
    "cityRecipient": "Київ"
  },
  {
    "number": 59000455823409,
    "dateTime": {
      "date": {
        "year": 2019,
        "month": 10,
        "day": 18
      },
      "time": {
        "hour": 10,
        "minute": 14,
        "second": 39,
        "nano": 0
      }
    },
    "citySender": "Васильків",
    "cityRecipient": "Олександрія (м.Кіровогр.обл.райц)"
  },
  {
    "number": 59000455823410,
    "dateTime": {
      "date": {
        "year": 2019,
        "month": 10,
        "day": 18
      },
      "time": {
        "hour": 10,
        "minute": 13,
        "second": 46,
        "nano": 0
      }
    },
    "citySender": "Харків",
    "cityRecipient": "Кропивницький"
  },
  {
    "number": 59000455823411,
    "dateTime": {
      "date": {
        "year": 2019,
        "month": 10,
        "day": 18
      },
      "time": {
        "hour": 10,
        "minute": 14,
        "second": 19,
        "nano": 0
      }
    },
    "citySender": "Київ",
    "cityRecipient": "Одеса"
  },
  {
    "number": 59000455823412,
    "dateTime": {
      "date": {
        "year": 2019,
        "month": 10,
        "day": 18
      },
      "time": {
        "hour": 10,
        "minute": 14,
        "second": 18,
        "nano": 0
      }
    },
    "citySender": "Луцьк",
    "cityRecipient": "Тернопіль"
  },
  {
    "number": 59000455823413,
    "dateTime": {
      "date": {
        "year": 2019,
        "month": 10,
        "day": 18
      },
      "time": {
        "hour": 10,
        "minute": 14,
        "second": 43,
        "nano": 0
      }
    },
    "citySender": "Львів",
    "cityRecipient": "Рівне"
  },
  {
    "number": 59000455823414,
    "dateTime": {
      "date": {
        "year": 2019,
        "month": 10,
        "day": 18
      },
      "time": {
        "hour": 10,
        "minute": 13,
        "second": 58,
        "nano": 0
      }
    },
    "citySender": "Харків",
    "cityRecipient": "Добросин"
  },
  {
    "number": 59000455823415,
    "dateTime": {
      "date": {
        "year": 2019,
        "month": 10,
        "day": 18
      },
      "time": {
        "hour": 10,
        "minute": 14,
        "second": 33,
        "nano": 0
      }
    },
    "citySender": "Київ",
    "cityRecipient": "Біла Церква"
  },
  {
    "number": 59000455823417,
    "dateTime": {
      "date": {
        "year": 2019,
        "month": 10,
        "day": 18
      },
      "time": {
        "hour": 10,
        "minute": 13,
        "second": 31,
        "nano": 0
      }
    },
    "citySender": "Кривий Ріг",
    "cityRecipient": "Київ"
  },
  {
    "number": 59000455823418,
    "dateTime": {
      "date": {
        "year": 2019,
        "month": 10,
        "day": 18
      },
      "time": {
        "hour": 10,
        "minute": 12,
        "second": 56,
        "nano": 0
      }
    },
    "citySender": "Чернігів",
    "cityRecipient": "Харків"
  },
  {
    "number": 59000455823419,
    "dateTime": {
      "date": {
        "year": 2019,
        "month": 10,
        "day": 18
      },
      "time": {
        "hour": 10,
        "minute": 14,
        "second": 26,
        "nano": 0
      }
    },
    "citySender": "Київ",
    "cityRecipient": "Вороньків"
  },
  {
    "number": 59000455823420,
    "dateTime": {
      "date": {
        "year": 2019,
        "month": 10,
        "day": 18
      },
      "time": {
        "hour": 10,
        "minute": 14,
        "second": 43,
        "nano": 0
      }
    },
    "citySender": "Одеса",
    "cityRecipient": "Одеса"
  },
  {
    "number": 59000455823421,
    "dateTime": {
      "date": {
        "year": 2019,
        "month": 10,
        "day": 18
      },
      "time": {
        "hour": 10,
        "minute": 14,
        "second": 27,
        "nano": 0
      }
    },
    "citySender": "Ужгород",
    "cityRecipient": "Збараж"
  },
  {
    "number": 59000455823422,
    "dateTime": {
      "date": {
        "year": 2019,
        "month": 10,
        "day": 18
      },
      "time": {
        "hour": 10,
        "minute": 13,
        "second": 53,
        "nano": 0
      }
    },
    "citySender": "Луцьк",
    "cityRecipient": "Рівне"
  },
  {
    "number": 59000455823423,
    "dateTime": {
      "date": {
        "year": 2019,
        "month": 10,
        "day": 18
      },
      "time": {
        "hour": 10,
        "minute": 14,
        "second": 33,
        "nano": 0
      }
    },
    "citySender": "Хотів",
    "cityRecipient": "Дубровиця (Рівненська обл.)"
  },
  {
    "number": 59000455823424,
    "dateTime": {
      "date": {
        "year": 2019,
        "month": 10,
        "day": 18
      },
      "time": {
        "hour": 10,
        "minute": 12,
        "second": 22,
        "nano": 0
      }
    },
    "citySender": "Дмитрівка (Чернігівська обл.)",
    "cityRecipient": "Київ"
  },
  {
    "number": 59000455823425,
    "dateTime": {
      "date": {
        "year": 2019,
        "month": 10,
        "day": 18
      },
      "time": {
        "hour": 10,
        "minute": 13,
        "second": 52,
        "nano": 0
      }
    },
    "citySender": "Теплодар",
    "cityRecipient": "Чернівці"
  },
  {
    "number": 59000455823426,
    "dateTime": {
      "date": {
        "year": 2019,
        "month": 10,
        "day": 18
      },
      "time": {
        "hour": 10,
        "minute": 13,
        "second": 15,
        "nano": 0
      }
    },
    "citySender": "Кирилівка(Якимівський р-н)",
    "cityRecipient": "Валки"
  },
  {
    "number": 59000455823427,
    "dateTime": {
      "date": {
        "year": 2019,
        "month": 10,
        "day": 18
      },
      "time": {
        "hour": 10,
        "minute": 14,
        "second": 24,
        "nano": 0
      }
    },
    "citySender": "Почаїв",
    "cityRecipient": "Буча"
  },
  {
    "number": 59000455823428,
    "dateTime": {
      "date": {
        "year": 2019,
        "month": 10,
        "day": 18
      },
      "time": {
        "hour": 10,
        "minute": 14,
        "second": 45,
        "nano": 0
      }
    },
    "citySender": "Новосілки (Києво-Святошинський р-н)",
    "cityRecipient": "Вінниця"
  },
  {
    "number": 59000455823429,
    "dateTime": {
      "date": {
        "year": 2019,
        "month": 10,
        "day": 18
      },
      "time": {
        "hour": 10,
        "minute": 14,
        "second": 29,
        "nano": 0
      }
    },
    "citySender": "Миколаїв",
    "cityRecipient": "Дніпро"
  },
  {
    "number": 59000455823430,
    "dateTime": {
      "date": {
        "year": 2019,
        "month": 10,
        "day": 18
      },
      "time": {
        "hour": 10,
        "minute": 12,
        "second": 58,
        "nano": 0
      }
    },
    "citySender": "Олешки(Херсонська обл)",
    "cityRecipient": "Криве Озеро"
  },
  {
    "number": 59000455823431,
    "dateTime": {
      "date": {
        "year": 2019,
        "month": 10,
        "day": 18
      },
      "time": {
        "hour": 10,
        "minute": 14,
        "second": 34,
        "nano": 0
      }
    },
    "citySender": "Бахмут",
    "cityRecipient": "Краматорськ"
  },
  {
    "number": 59000455823432,
    "dateTime": {
      "date": {
        "year": 2019,
        "month": 10,
        "day": 18
      },
      "time": {
        "hour": 10,
        "minute": 14,
        "second": 25,
        "nano": 0
      }
    },
    "citySender": "Біла Церква",
    "cityRecipient": "Львів"
  },
  {
    "number": 59000455823434,
    "dateTime": {
      "date": {
        "year": 2019,
        "month": 10,
        "day": 18
      },
      "time": {
        "hour": 10,
        "minute": 14,
        "second": 46,
        "nano": 0
      }
    },
    "citySender": "Київ",
    "cityRecipient": "Харків"
  },
  {
    "number": 59000455823435,
    "dateTime": {
      "date": {
        "year": 2019,
        "month": 10,
        "day": 18
      },
      "time": {
        "hour": 10,
        "minute": 14,
        "second": 31,
        "nano": 0
      }
    },
    "citySender": "Київ",
    "cityRecipient": "Київ"
  },
  {
    "number": 59000455823436,
    "dateTime": {
      "date": {
        "year": 2019,
        "month": 10,
        "day": 18
      },
      "time": {
        "hour": 10,
        "minute": 14,
        "second": 15,
        "nano": 0
      }
    },
    "citySender": "Софіївка(Дніпропетровська обл.)",
    "cityRecipient": "Штепівка"
  },
  {
    "number": 59000455823437,
    "dateTime": {
      "date": {
        "year": 2019,
        "month": 10,
        "day": 18
      },
      "time": {
        "hour": 10,
        "minute": 14,
        "second": 32,
        "nano": 0
      }
    },
    "citySender": "Нововолинськ",
    "cityRecipient": "Козелець"
  },
  {
    "number": 59000455823438,
    "dateTime": {
      "date": {
        "year": 2019,
        "month": 10,
        "day": 18
      },
      "time": {
        "hour": 10,
        "minute": 14,
        "second": 18,
        "nano": 0
      }
    },
    "citySender": "Новгородка(Кіровоградська обл.)",
    "cityRecipient": "Борислав (Львівська обл.)"
  },
  {
    "number": 59000455823439,
    "dateTime": {
      "date": {
        "year": 2019,
        "month": 10,
        "day": 18
      },
      "time": {
        "hour": 10,
        "minute": 14,
        "second": 33,
        "nano": 0
      }
    },
    "citySender": "Київ",
    "cityRecipient": "Буча"
  },
  {
    "number": 59000455823440,
    "dateTime": {
      "date": {
        "year": 2019,
        "month": 10,
        "day": 18
      },
      "time": {
        "hour": 10,
        "minute": 14,
        "second": 47,
        "nano": 0
      }
    },
    "citySender": "Новомиргород",
    "cityRecipient": "Київ"
  },
  {
    "number": 59000455823441,
    "dateTime": {
      "date": {
        "year": 2019,
        "month": 10,
        "day": 18
      },
      "time": {
        "hour": 10,
        "minute": 14,
        "second": 42,
        "nano": 0
      }
    },
    "citySender": "Первомайськ(Микол.обл.Первомайс.р-н)",
    "cityRecipient": "Первомайськ(Микол.обл.Первомайс.р-н)"
  },
  {
    "number": 59000455823442,
    "dateTime": {
      "date": {
        "year": 2019,
        "month": 10,
        "day": 18
      },
      "time": {
        "hour": 10,
        "minute": 14,
        "second": 48,
        "nano": 0
      }
    },
    "citySender": "Літки",
    "cityRecipient": "Дніпро"
  },
  {
    "number": 59000455823443,
    "dateTime": {
      "date": {
        "year": 2019,
        "month": 10,
        "day": 18
      },
      "time": {
        "hour": 10,
        "minute": 11,
        "second": 36,
        "nano": 0
      }
    },
    "citySender": "Київ",
    "cityRecipient": "Харків"
  },
  {
    "number": 59000455823444,
    "dateTime": {
      "date": {
        "year": 2019,
        "month": 10,
        "day": 18
      },
      "time": {
        "hour": 10,
        "minute": 14,
        "second": 46,
        "nano": 0
      }
    },
    "citySender": "Київ",
    "cityRecipient": "Харків"
  },
  {
    "number": 59000455823446,
    "dateTime": {
      "date": {
        "year": 2019,
        "month": 10,
        "day": 18
      },
      "time": {
        "hour": 10,
        "minute": 14,
        "second": 19,
        "nano": 0
      }
    },
    "citySender": "Київ",
    "cityRecipient": "Біла Церква"
  },
  {
    "number": 59000455823447,
    "dateTime": {
      "date": {
        "year": 2019,
        "month": 10,
        "day": 18
      },
      "time": {
        "hour": 10,
        "minute": 14,
        "second": 47,
        "nano": 0
      }
    },
    "citySender": "Фонтанка",
    "cityRecipient": "Запоріжжя"
  },
  {
    "number": 59000455823448,
    "dateTime": {
      "date": {
        "year": 2019,
        "month": 10,
        "day": 18
      },
      "time": {
        "hour": 10,
        "minute": 14,
        "second": 39,
        "nano": 0
      }
    },
    "citySender": "Київ",
    "cityRecipient": "Ужгород"
  },
  {
    "number": 59000455823449,
    "dateTime": {
      "date": {
        "year": 2019,
        "month": 10,
        "day": 18
      },
      "time": {
        "hour": 10,
        "minute": 14,
        "second": 49,
        "nano": 0
      }
    },
    "citySender": "Житомир",
    "cityRecipient": "Львів"
  },
  {
    "number": 59000455823450,
    "dateTime": {
      "date": {
        "year": 2019,
        "month": 10,
        "day": 18
      },
      "time": {
        "hour": 10,
        "minute": 14,
        "second": 41,
        "nano": 0
      }
    },
    "citySender": "Львів",
    "cityRecipient": "Запоріжжя"
  },
  {
    "number": 59000455823451,
    "dateTime": {
      "date": {
        "year": 2019,
        "month": 10,
        "day": 18
      },
      "time": {
        "hour": 10,
        "minute": 14,
        "second": 49,
        "nano": 0
      }
    },
    "citySender": "Ковель",
    "cityRecipient": "Мелітополь"
  },
  {
    "number": 59000455823452,
    "dateTime": {
      "date": {
        "year": 2019,
        "month": 10,
        "day": 18
      },
      "time": {
        "hour": 10,
        "minute": 14,
        "second": 38,
        "nano": 0
      }
    },
    "citySender": "Кривий Ріг",
    "cityRecipient": "Дніпро"
  },
  {
    "number": 59000455823453,
    "dateTime": {
      "date": {
        "year": 2019,
        "month": 10,
        "day": 18
      },
      "time": {
        "hour": 10,
        "minute": 14,
        "second": 44,
        "nano": 0
      }
    },
    "citySender": "Івано-Франківськ",
    "cityRecipient": "Миколаїв"
  },
  {
    "number": 59000455823454,
    "dateTime": {
      "date": {
        "year": 2019,
        "month": 10,
        "day": 18
      },
      "time": {
        "hour": 10,
        "minute": 13,
        "second": 56,
        "nano": 0
      }
    },
    "citySender": "Бориспіль",
    "cityRecipient": "Приморськ (Запорізька обл.)"
  },
  {
    "number": 59000455823455,
    "dateTime": {
      "date": {
        "year": 2019,
        "month": 10,
        "day": 18
      },
      "time": {
        "hour": 10,
        "minute": 14,
        "second": 21,
        "nano": 0
      }
    },
    "citySender": "Одеса",
    "cityRecipient": "Чернівці"
  },
  {
    "number": 59000455823456,
    "dateTime": {
      "date": {
        "year": 2019,
        "month": 10,
        "day": 18
      },
      "time": {
        "hour": 10,
        "minute": 14,
        "second": 45,
        "nano": 0
      }
    },
    "citySender": "Люботин",
    "cityRecipient": "Юр\u0027ївка"
  },
  {
    "number": 59000455823457,
    "dateTime": {
      "date": {
        "year": 2019,
        "month": 10,
        "day": 18
      },
      "time": {
        "hour": 10,
        "minute": 14,
        "second": 46,
        "nano": 0
      }
    },
    "citySender": "Костянтинівка (Донецька обл.)",
    "cityRecipient": "Одеса"
  },
  {
    "number": 59000455823458,
    "dateTime": {
      "date": {
        "year": 2019,
        "month": 10,
        "day": 18
      },
      "time": {
        "hour": 10,
        "minute": 14,
        "second": 39,
        "nano": 0
      }
    },
    "citySender": "Запоріжжя",
    "cityRecipient": "Михайлівка (Михайлівський р-н., Запорізька обл.)"
  },
  {
    "number": 59000455823459,
    "dateTime": {
      "date": {
        "year": 2019,
        "month": 10,
        "day": 18
      },
      "time": {
        "hour": 10,
        "minute": 14,
        "second": 42,
        "nano": 0
      }
    },
    "citySender": "П\u0027ятихатки",
    "cityRecipient": "Підволочиськ"
  },
  {
    "number": 59000455823460,
    "dateTime": {
      "date": {
        "year": 2019,
        "month": 10,
        "day": 18
      },
      "time": {
        "hour": 10,
        "minute": 14,
        "second": 50,
        "nano": 0
      }
    },
    "citySender": "Любомль",
    "cityRecipient": "Миколаїв"
  },
  {
    "number": 59000455823461,
    "dateTime": {
      "date": {
        "year": 2019,
        "month": 10,
        "day": 18
      },
      "time": {
        "hour": 10,
        "minute": 14,
        "second": 45,
        "nano": 0
      }
    },
    "citySender": "Кам\u0027янське(Дніпропетровська обл)",
    "cityRecipient": "Гореничі"
  },
  {
    "number": 59000455823462,
    "dateTime": {
      "date": {
        "year": 2019,
        "month": 10,
        "day": 18
      },
      "time": {
        "hour": 10,
        "minute": 11,
        "second": 55,
        "nano": 0
      }
    },
    "citySender": "Одеса",
    "cityRecipient": "Київ"
  },
  {
    "number": 59000455823463,
    "dateTime": {
      "date": {
        "year": 2019,
        "month": 10,
        "day": 18
      },
      "time": {
        "hour": 10,
        "minute": 14,
        "second": 31,
        "nano": 0
      }
    },
    "citySender": "Самбір",
    "cityRecipient": "Чернігів"
  },
  {
    "number": 59000455823464,
    "dateTime": {
      "date": {
        "year": 2019,
        "month": 10,
        "day": 18
      },
      "time": {
        "hour": 10,
        "minute": 14,
        "second": 51,
        "nano": 0
      }
    },
    "citySender": "Нікополь (Дніпропетровська обл.)",
    "cityRecipient": "Харків"
  },
  {
    "number": 59000455823465,
    "dateTime": {
      "date": {
        "year": 2019,
        "month": 10,
        "day": 18
      },
      "time": {
        "hour": 10,
        "minute": 14,
        "second": 41,
        "nano": 0
      }
    },
    "citySender": "Дніпро",
    "cityRecipient": "Одеса"
  },
  {
    "number": 59000455823466,
    "dateTime": {
      "date": {
        "year": 2019,
        "month": 10,
        "day": 18
      },
      "time": {
        "hour": 10,
        "minute": 14,
        "second": 28,
        "nano": 0
      }
    },
    "citySender": "Обухів",
    "cityRecipient": "Хорол"
  },
  {
    "number": 59000455823467,
    "dateTime": {
      "date": {
        "year": 2019,
        "month": 10,
        "day": 18
      },
      "time": {
        "hour": 10,
        "minute": 14,
        "second": 43,
        "nano": 0
      }
    },
    "citySender": "Київ",
    "cityRecipient": "Київ"
  },
  {
    "number": 59000455823468,
    "dateTime": {
      "date": {
        "year": 2019,
        "month": 10,
        "day": 18
      },
      "time": {
        "hour": 10,
        "minute": 14,
        "second": 25,
        "nano": 0
      }
    },
    "citySender": "Печеніжин",
    "cityRecipient": "Київ"
  }
]