[
  {
    "number": 59000455800486,
    "dateTime": {
      "date": {
        "year": 2019,
        "month": 10,
        "day": 18
      },
      "time": {
        "hour": 8,
        "minute": 53,
        "second": 1,
        "nano": 0
      }
    },
    "citySender": "Київ",
    "cityRecipient": "Обухів"
  },
  {
    "number": 59000455800487,
    "dateTime": {
      "date": {
        "year": 2019,
        "month": 10,
        "day": 18
      },
      "time": {
        "hour": 8,
        "minute": 53,
        "second": 6,
        "nano": 0
      }
    },
    "citySender": "Дніпро",
    "cityRecipient": "Миколаїв"
  },
  {
    "number": 59000455800488,
    "dateTime": {
      "date": {
        "year": 2019,
        "month": 10,
        "day": 18
      },
      "time": {
        "hour": 8,
        "minute": 53,
        "second": 15,
        "nano": 0
      }
    },
    "citySender": "Зборів",
    "cityRecipient": "Кілія"
  },
  {
    "number": 59000455800489,
    "dateTime": {
      "date": {
        "year": 2019,
        "month": 10,
        "day": 18
      },
      "time": {
        "hour": 8,
        "minute": 52,
        "second": 52,
        "nano": 0
      }
    },
    "citySender": "Новгород-Сіверський",
    "cityRecipient": "Харків"
  },
  {
    "number": 59000455800490,
    "dateTime": {
      "date": {
        "year": 2019,
        "month": 10,
        "day": 18
      },
      "time": {
        "hour": 8,
        "minute": 53,
        "second": 12,
        "nano": 0
      }
    },
    "citySender": "Вишнівець",
    "cityRecipient": "Бахмут"
  },
  {
    "number": 59000455800491,
    "dateTime": {
      "date": {
        "year": 2019,
        "month": 10,
        "day": 18
      },
      "time": {
        "hour": 8,
        "minute": 53,
        "second": 10,
        "nano": 0
      }
    },
    "citySender": "Клевань",
    "cityRecipient": "Рівне"
  },
  {
    "number": 59000455800492,
    "dateTime": {
      "date": {
        "year": 2019,
        "month": 10,
        "day": 18
      },
      "time": {
        "hour": 8,
        "minute": 52,
        "second": 8,
        "nano": 0
      }
    },
    "citySender": "Новотроїцьке (Херсонська обл.)",
    "cityRecipient": "Житомир"
  },
  {
    "number": 59000455800493,
    "dateTime": {
      "date": {
        "year": 2019,
        "month": 10,
        "day": 18
      },
      "time": {
        "hour": 8,
        "minute": 53,
        "second": 18,
        "nano": 0
      }
    },
    "citySender": "Приморськ (Запорізька обл.)",
    "cityRecipient": "Київ"
  },
  {
    "number": 59000455800494,
    "dateTime": {
      "date": {
        "year": 2019,
        "month": 10,
        "day": 18
      },
      "time": {
        "hour": 8,
        "minute": 53,
        "second": 15,
        "nano": 0
      }
    },
    "citySender": "П\u0027ятихатки",
    "cityRecipient": "Київ"
  },
  {
    "number": 59000455800495,
    "dateTime": {
      "date": {
        "year": 2019,
        "month": 10,
        "day": 18
      },
      "time": {
        "hour": 8,
        "minute": 53,
        "second": 18,
        "nano": 0
      }
    },
    "citySender": "Словечне",
    "cityRecipient": "Київ"
  },
  {
    "number": 59000455800496,
    "dateTime": {
      "date": {
        "year": 2019,
        "month": 10,
        "day": 18
      },
      "time": {
        "hour": 8,
        "minute": 53,
        "second": 20,
        "nano": 0
      }
    },
    "citySender": "Покровськ (Донецька обл.)",
    "cityRecipient": "Київ"
  },
  {
    "number": 59000455800497,
    "dateTime": {
      "date": {
        "year": 2019,
        "month": 10,
        "day": 18
      },
      "time": {
        "hour": 8,
        "minute": 52,
        "second": 56,
        "nano": 0
      }
    },
    "citySender": "Київ",
    "cityRecipient": "Київ"
  },
  {
    "number": 59000455800499,
    "dateTime": {
      "date": {
        "year": 2019,
        "month": 10,
        "day": 18
      },
      "time": {
        "hour": 8,
        "minute": 52,
        "second": 34,
        "nano": 0
      }
    },
    "citySender": "Сахновщина (Харківська обл.)",
    "cityRecipient": "Бориспіль"
  },
  {
    "number": 59000455800500,
    "dateTime": {
      "date": {
        "year": 2019,
        "month": 10,
        "day": 18
      },
      "time": {
        "hour": 8,
        "minute": 53,
        "second": 22,
        "nano": 0
      }
    },
    "citySender": "Київ",
    "cityRecipient": "Київ"
  },
  {
    "number": 59000455800501,
    "dateTime": {
      "date": {
        "year": 2019,
        "month": 10,
        "day": 18
      },
      "time": {
        "hour": 8,
        "minute": 52,
        "second": 38,
        "nano": 0
      }
    },
    "citySender": "Львів",
    "cityRecipient": "Київ"
  },
  {
    "number": 59000455800502,
    "dateTime": {
      "date": {
        "year": 2019,
        "month": 10,
        "day": 18
      },
      "time": {
        "hour": 8,
        "minute": 53,
        "second": 23,
        "nano": 0
      }
    },
    "citySender": "Козельщина",
    "cityRecipient": "Шевченкове (Полтавська обл.)"
  },
  {
    "number": 59000455800503,
    "dateTime": {
      "date": {
        "year": 2019,
        "month": 10,
        "day": 18
      },
      "time": {
        "hour": 8,
        "minute": 53,
        "second": 20,
        "nano": 0
      }
    },
    "citySender": "Малехів",
    "cityRecipient": "Харків"
  },
  {
    "number": 59000455800504,
    "dateTime": {
      "date": {
        "year": 2019,
        "month": 10,
        "day": 18
      },
      "time": {
        "hour": 8,
        "minute": 53,
        "second": 21,
        "nano": 0
      }
    },
    "citySender": "Харків",
    "cityRecipient": "Київ"
  },
  {
    "number": 59000455800505,
    "dateTime": {
      "date": {
        "year": 2019,
        "month": 10,
        "day": 18
      },
      "time": {
        "hour": 8,
        "minute": 53,
        "second": 20,
        "nano": 0
      }
    },
    "citySender": "Малехів",
    "cityRecipient": "Підволочиськ"
  },
  {
    "number": 59000455800506,
    "dateTime": {
      "date": {
        "year": 2019,
        "month": 10,
        "day": 18
      },
      "time": {
        "hour": 8,
        "minute": 53,
        "second": 25,
        "nano": 0
      }
    },
    "citySender": "Вижниця",
    "cityRecipient": "Київ"
  },
  {
    "number": 59000455800507,
    "dateTime": {
      "date": {
        "year": 2019,
        "month": 10,
        "day": 18
      },
      "time": {
        "hour": 8,
        "minute": 53,
        "second": 18,
        "nano": 0
      }
    },
    "citySender": "Рівне",
    "cityRecipient": "Ужгород"
  },
  {
    "number": 59000455800508,
    "dateTime": {
      "date": {
        "year": 2019,
        "month": 10,
        "day": 18
      },
      "time": {
        "hour": 8,
        "minute": 53,
        "second": 25,
        "nano": 0
      }
    },
    "citySender": "Зборів",
    "cityRecipient": "Кілія"
  },
  {
    "number": 59000455800509,
    "dateTime": {
      "date": {
        "year": 2019,
        "month": 10,
        "day": 18
      },
      "time": {
        "hour": 8,
        "minute": 52,
        "second": 36,
        "nano": 0
      }
    },
    "citySender": "Заболотів (Снятинський р-н)",
    "cityRecipient": "Вигода (Івано-Франківська обл)"
  },
  {
    "number": 59000455800510,
    "dateTime": {
      "date": {
        "year": 2019,
        "month": 10,
        "day": 18
      },
      "time": {
        "hour": 8,
        "minute": 53,
        "second": 15,
        "nano": 0
      }
    },
    "citySender": "Дніпро",
    "cityRecipient": "Київ"
  },
  {
    "number": 59000455800511,
    "dateTime": {
      "date": {
        "year": 2019,
        "month": 10,
        "day": 18
      },
      "time": {
        "hour": 8,
        "minute": 53,
        "second": 23,
        "nano": 0
      }
    },
    "citySender": "Київ",
    "cityRecipient": "Нікольське (Володарський р-н., Донецька обл.)"
  },
  {
    "number": 59000455800512,
    "dateTime": {
      "date": {
        "year": 2019,
        "month": 10,
        "day": 18
      },
      "time": {
        "hour": 8,
        "minute": 52,
        "second": 48,
        "nano": 0
      }
    },
    "citySender": "Київ",
    "cityRecipient": "Коростень"
  },
  {
    "number": 59000455800513,
    "dateTime": {
      "date": {
        "year": 2019,
        "month": 10,
        "day": 18
      },
      "time": {
        "hour": 8,
        "minute": 53,
        "second": 16,
        "nano": 0
      }
    },
    "citySender": "Харків",
    "cityRecipient": "Одеса"
  },
  {
    "number": 59000455800514,
    "dateTime": {
      "date": {
        "year": 2019,
        "month": 10,
        "day": 18
      },
      "time": {
        "hour": 8,
        "minute": 53,
        "second": 16,
        "nano": 0
      }
    },
    "citySender": "Львів",
    "cityRecipient": "Львів"
  },
  {
    "number": 59000455800515,
    "dateTime": {
      "date": {
        "year": 2019,
        "month": 10,
        "day": 18
      },
      "time": {
        "hour": 8,
        "minute": 53,
        "second": 11,
        "nano": 0
      }
    },
    "citySender": "Народичі",
    "cityRecipient": "Одеса"
  },
  {
    "number": 59000455800516,
    "dateTime": {
      "date": {
        "year": 2019,
        "month": 10,
        "day": 18
      },
      "time": {
        "hour": 8,
        "minute": 53,
        "second": 27,
        "nano": 0
      }
    },
    "citySender": "Маріуполь",
    "cityRecipient": "Київ"
  },
  {
    "number": 59000455800517,
    "dateTime": {
      "date": {
        "year": 2019,
        "month": 10,
        "day": 18
      },
      "time": {
        "hour": 8,
        "minute": 53,
        "second": 15,
        "nano": 0
      }
    },
    "citySender": "Львів",
    "cityRecipient": "Вінниця"
  },
  {
    "number": 59000455800518,
    "dateTime": {
      "date": {
        "year": 2019,
        "month": 10,
        "day": 18
      },
      "time": {
        "hour": 8,
        "minute": 53,
        "second": 0,
        "nano": 0
      }
    },
    "citySender": "Скадовськ",
    "cityRecipient": "Запоріжжя"
  },
  {
    "number": 59000455800519,
    "dateTime": {
      "date": {
        "year": 2019,
        "month": 10,
        "day": 18
      },
      "time": {
        "hour": 8,
        "minute": 53,
        "second": 28,
        "nano": 0
      }
    },
    "citySender": "Краматорськ",
    "cityRecipient": "Київ"
  },
  {
    "number": 59000455800521,
    "dateTime": {
      "date": {
        "year": 2019,
        "month": 10,
        "day": 18
      },
      "time": {
        "hour": 8,
        "minute": 51,
        "second": 48,
        "nano": 0
      }
    },
    "citySender": "Немирів (Вінницька обл.)",
    "cityRecipient": "Вінниця"
  },
  {
    "number": 59000455800522,
    "dateTime": {
      "date": {
        "year": 2019,
        "month": 10,
        "day": 18
      },
      "time": {
        "hour": 8,
        "minute": 53,
        "second": 26,
        "nano": 0
      }
    },
    "citySender": "Харків",
    "cityRecipient": "Запоріжжя"
  },
  {
    "number": 59000455800523,
    "dateTime": {
      "date": {
        "year": 2019,
        "month": 10,
        "day": 18
      },
      "time": {
        "hour": 8,
        "minute": 53,
        "second": 29,
        "nano": 0
      }
    },
    "citySender": "Приморськ (Запорізька обл.)",
    "cityRecipient": "Одеса"
  },
  {
    "number": 59000455800524,
    "dateTime": {
      "date": {
        "year": 2019,
        "month": 10,
        "day": 18
      },
      "time": {
        "hour": 8,
        "minute": 53,
        "second": 21,
        "nano": 0
      }
    },
    "citySender": "Колки",
    "cityRecipient": "Новосілки (Києво-Святошинський р-н)"
  },
  {
    "number": 59000455800525,
    "dateTime": {
      "date": {
        "year": 2019,
        "month": 10,
        "day": 18
      },
      "time": {
        "hour": 8,
        "minute": 52,
        "second": 57,
        "nano": 0
      }
    },
    "citySender": "Глухів (Сумська обл.)",
    "cityRecipient": "Білогородка (Київська обл.)"
  },
  {
    "number": 59000455800526,
    "dateTime": {
      "date": {
        "year": 2019,
        "month": 10,
        "day": 18
      },
      "time": {
        "hour": 8,
        "minute": 53,
        "second": 31,
        "nano": 0
      }
    },
    "citySender": "Волочиськ",
    "cityRecipient": "Херсон"
  },
  {
    "number": 59000455800527,
    "dateTime": {
      "date": {
        "year": 2019,
        "month": 10,
        "day": 18
      },
      "time": {
        "hour": 8,
        "minute": 52,
        "second": 55,
        "nano": 0
      }
    },
    "citySender": "Радехів",
    "cityRecipient": "Бровари"
  },
  {
    "number": 59000455800528,
    "dateTime": {
      "date": {
        "year": 2019,
        "month": 10,
        "day": 18
      },
      "time": {
        "hour": 8,
        "minute": 53,
        "second": 31,
        "nano": 0
      }
    },
    "citySender": "Матвіївка(Вільнянський р-н)",
    "cityRecipient": "Ужгород"
  },
  {
    "number": 59000455800529,
    "dateTime": {
      "date": {
        "year": 2019,
        "month": 10,
        "day": 18
      },
      "time": {
        "hour": 8,
        "minute": 53,
        "second": 31,
        "nano": 0
      }
    },
    "citySender": "Виноградів",
    "cityRecipient": "Херсон"
  },
  {
    "number": 59000455800530,
    "dateTime": {
      "date": {
        "year": 2019,
        "month": 10,
        "day": 18
      },
      "time": {
        "hour": 8,
        "minute": 51,
        "second": 55,
        "nano": 0
      }
    },
    "citySender": "Львів",
    "cityRecipient": "Нова Одеса"
  },
  {
    "number": 59000455800531,
    "dateTime": {
      "date": {
        "year": 2019,
        "month": 10,
        "day": 18
      },
      "time": {
        "hour": 8,
        "minute": 53,
        "second": 19,
        "nano": 0
      }
    },
    "citySender": "Одеса",
    "cityRecipient": "Нікольське (Володарський р-н., Донецька обл.)"
  },
  {
    "number": 59000455800532,
    "dateTime": {
      "date": {
        "year": 2019,
        "month": 10,
        "day": 18
      },
      "time": {
        "hour": 8,
        "minute": 53,
        "second": 32,
        "nano": 0
      }
    },
    "citySender": "Ковель",
    "cityRecipient": "Одеса"
  },
  {
    "number": 59000455800533,
    "dateTime": {
      "date": {
        "year": 2019,
        "month": 10,
        "day": 18
      },
      "time": {
        "hour": 8,
        "minute": 53,
        "second": 17,
        "nano": 0
      }
    },
    "citySender": "Рожнятів",
    "cityRecipient": "Зоря (Донецька обл.,Нікольський р-н)"
  },
  {
    "number": 59000455800534,
    "dateTime": {
      "date": {
        "year": 2019,
        "month": 10,
        "day": 18
      },
      "time": {
        "hour": 8,
        "minute": 53,
        "second": 16,
        "nano": 0
      }
    },
    "citySender": "Київ",
    "cityRecipient": "Благовіщенське(Кіровоградська обл.)"
  },
  {
    "number": 59000455800535,
    "dateTime": {
      "date": {
        "year": 2019,
        "month": 10,
        "day": 18
      },
      "time": {
        "hour": 8,
        "minute": 52,
        "second": 57,
        "nano": 0
      }
    },
    "citySender": "Дніпро",
    "cityRecipient": "Кам\u0027янське(Дніпропетровська обл)"
  },
  {
    "number": 59000455800536,
    "dateTime": {
      "date": {
        "year": 2019,
        "month": 10,
        "day": 18
      },
      "time": {
        "hour": 8,
        "minute": 48,
        "second": 53,
        "nano": 0
      }
    },
    "citySender": "Вилкове",
    "cityRecipient": "Харків"
  },
  {
    "number": 59000455800537,
    "dateTime": {
      "date": {
        "year": 2019,
        "month": 10,
        "day": 18
      },
      "time": {
        "hour": 8,
        "minute": 52,
        "second": 59,
        "nano": 0
      }
    },
    "citySender": "Київ",
    "cityRecipient": "Запоріжжя"
  },
  {
    "number": 59000455800538,
    "dateTime": {
      "date": {
        "year": 2019,
        "month": 10,
        "day": 18
      },
      "time": {
        "hour": 8,
        "minute": 53,
        "second": 27,
        "nano": 0
      }
    },
    "citySender": "Курахове",
    "cityRecipient": "Запоріжжя"
  },
  {
    "number": 59000455800539,
    "dateTime": {
      "date": {
        "year": 2019,
        "month": 10,
        "day": 18
      },
      "time": {
        "hour": 8,
        "minute": 53,
        "second": 34,
        "nano": 0
      }
    },
    "citySender": "Брилівка",
    "cityRecipient": "Одеса"
  },
  {
    "number": 59000455800540,
    "dateTime": {
      "date": {
        "year": 2019,
        "month": 10,
        "day": 18
      },
      "time": {
        "hour": 8,
        "minute": 53,
        "second": 13,
        "nano": 0
      }
    },
    "citySender": "Львів",
    "cityRecipient": "Київ"
  },
  {
    "number": 59000455800541,
    "dateTime": {
      "date": {
        "year": 2019,
        "month": 10,
        "day": 18
      },
      "time": {
        "hour": 8,
        "minute": 53,
        "second": 35,
        "nano": 0
      }
    },
    "citySender": "Южноукраїнськ",
    "cityRecipient": "Рівне"
  },
  {
    "number": 59000455800542,
    "dateTime": {
      "date": {
        "year": 2019,
        "month": 10,
        "day": 18
      },
      "time": {
        "hour": 8,
        "minute": 53,
        "second": 35,
        "nano": 0
      }
    },
    "citySender": "Маріуполь",
    "cityRecipient": "Харків"
  },
  {
    "number": 59000455800543,
    "dateTime": {
      "date": {
        "year": 2019,
        "month": 10,
        "day": 18
      },
      "time": {
        "hour": 8,
        "minute": 52,
        "second": 56,
        "nano": 0
      }
    },
    "citySender": "Харків",
    "cityRecipient": "Харків"
  },
  {
    "number": 59000455800544,
    "dateTime": {
      "date": {
        "year": 2019,
        "month": 10,
        "day": 18
      },
      "time": {
        "hour": 8,
        "minute": 53,
        "second": 36,
        "nano": 0
      }
    },
    "citySender": "Вижниця",
    "cityRecipient": "Рівне"
  },
  {
    "number": 59000455800545,
    "dateTime": {
      "date": {
        "year": 2019,
        "month": 10,
        "day": 18
      },
      "time": {
        "hour": 8,
        "minute": 53,
        "second": 36,
        "nano": 0
      }
    },
    "citySender": "Вараш",
    "cityRecipient": "Київ"
  },
  {
    "number": 59000455800547,
    "dateTime": {
      "date": {
        "year": 2019,
        "month": 10,
        "day": 18
      },
      "time": {
        "hour": 8,
        "minute": 51,
        "second": 55,
        "nano": 0
      }
    },
    "citySender": "Срібне",
    "cityRecipient": "Харків"
  },
  {
    "number": 59000455800548,
    "dateTime": {
      "date": {
        "year": 2019,
        "month": 10,
        "day": 18
      },
      "time": {
        "hour": 8,
        "minute": 53,
        "second": 28,
        "nano": 0
      }
    },
    "citySender": "Дніпро",
    "cityRecipient": "Краснопавлівка"
  },
  {
    "number": 59000455800549,
    "dateTime": {
      "date": {
        "year": 2019,
        "month": 10,
        "day": 18
      },
      "time": {
        "hour": 8,
        "minute": 53,
        "second": 38,
        "nano": 0
      }
    },
    "citySender": "Рокитне (Київська обл., Рокитнянський р-н)",
    "cityRecipient": "Дніпро"
  },
  {
    "number": 59000455800550,
    "dateTime": {
      "date": {
        "year": 2019,
        "month": 10,
        "day": 18
      },
      "time": {
        "hour": 8,
        "minute": 52,
        "second": 12,
        "nano": 0
      }
    },
    "citySender": "Піщанка (Вінницька обл.)",
    "cityRecipient": "Київ"
  },
  {
    "number": 59000455800551,
    "dateTime": {
      "date": {
        "year": 2019,
        "month": 10,
        "day": 18
      },
      "time": {
        "hour": 8,
        "minute": 53,
        "second": 38,
        "nano": 0
      }
    },
    "citySender": "Львів",
    "cityRecipient": "Київ"
  },
  {
    "number": 59000455800552,
    "dateTime": {
      "date": {
        "year": 2019,
        "month": 10,
        "day": 18
      },
      "time": {
        "hour": 8,
        "minute": 53,
        "second": 40,
        "nano": 0
      }
    },
    "citySender": "Березне",
    "cityRecipient": "Київ"
  },
  {
    "number": 59000455800553,
    "dateTime": {
      "date": {
        "year": 2019,
        "month": 10,
        "day": 18
      },
      "time": {
        "hour": 8,
        "minute": 53,
        "second": 40,
        "nano": 0
      }
    },
    "citySender": "Красна Поляна",
    "cityRecipient": "Одеса"
  },
  {
    "number": 59000455800554,
    "dateTime": {
      "date": {
        "year": 2019,
        "month": 10,
        "day": 18
      },
      "time": {
        "hour": 8,
        "minute": 53,
        "second": 40,
        "nano": 0
      }
    },
    "citySender": "Приморськ (Запорізька обл.)",
    "cityRecipient": "Одеса"
  },
  {
    "number": 59000455800555,
    "dateTime": {
      "date": {
        "year": 2019,
        "month": 10,
        "day": 18
      },
      "time": {
        "hour": 8,
        "minute": 53,
        "second": 41,
        "nano": 0
      }
    },
    "citySender": "Миколаїв",
    "cityRecipient": "Київ"
  },
  {
    "number": 59000455800556,
    "dateTime": {
      "date": {
        "year": 2019,
        "month": 10,
        "day": 18
      },
      "time": {
        "hour": 8,
        "minute": 53,
        "second": 12,
        "nano": 0
      }
    },
    "citySender": "Київ",
    "cityRecipient": "Харків"
  },
  {
    "number": 59000455800557,
    "dateTime": {
      "date": {
        "year": 2019,
        "month": 10,
        "day": 18
      },
      "time": {
        "hour": 8,
        "minute": 53,
        "second": 41,
        "nano": 0
      }
    },
    "citySender": "Краматорськ",
    "cityRecipient": "Олешки(Херсонська обл)"
  },
  {
    "number": 59000455800558,
    "dateTime": {
      "date": {
        "year": 2019,
        "month": 10,
        "day": 18
      },
      "time": {
        "hour": 8,
        "minute": 53,
        "second": 26,
        "nano": 0
      }
    },
    "citySender": "Дубровиця (Рівненська обл.)",
    "cityRecipient": "Київ"
  },
  {
    "number": 59000455800560,
    "dateTime": {
      "date": {
        "year": 2019,
        "month": 10,
        "day": 18
      },
      "time": {
        "hour": 8,
        "minute": 52,
        "second": 49,
        "nano": 0
      }
    },
    "citySender": "Любешів",
    "cityRecipient": "Харків"
  },
  {
    "number": 59000455800561,
    "dateTime": {
      "date": {
        "year": 2019,
        "month": 10,
        "day": 18
      },
      "time": {
        "hour": 8,
        "minute": 53,
        "second": 41,
        "nano": 0
      }
    },
    "citySender": "Харків",
    "cityRecipient": "Ізмаїл"
  },
  {
    "number": 59000455800562,
    "dateTime": {
      "date": {
        "year": 2019,
        "month": 10,
        "day": 18
      },
      "time": {
        "hour": 8,
        "minute": 53,
        "second": 27,
        "nano": 0
      }
    },
    "citySender": "Горішні Плавні",
    "cityRecipient": "Лубни"
  },
  {
    "number": 59000455800564,
    "dateTime": {
      "date": {
        "year": 2019,
        "month": 10,
        "day": 18
      },
      "time": {
        "hour": 8,
        "minute": 53,
        "second": 44,
        "nano": 0
      }
    },
    "citySender": "Дніпро",
    "cityRecipient": "Дударків"
  },
  {
    "number": 59000455800565,
    "dateTime": {
      "date": {
        "year": 2019,
        "month": 10,
        "day": 18
      },
      "time": {
        "hour": 8,
        "minute": 53,
        "second": 10,
        "nano": 0
      }
    },
    "citySender": "Дніпро",
    "cityRecipient": "Вінниця"
  },
  {
    "number": 59000455800566,
    "dateTime": {
      "date": {
        "year": 2019,
        "month": 10,
        "day": 18
      },
      "time": {
        "hour": 8,
        "minute": 53,
        "second": 24,
        "nano": 0
      }
    },
    "citySender": "Львів",
    "cityRecipient": "Херсон"
  },
  {
    "number": 59000455800567,
    "dateTime": {
      "date": {
        "year": 2019,
        "month": 10,
        "day": 18
      },
      "time": {
        "hour": 8,
        "minute": 53,
        "second": 45,
        "nano": 0
      }
    },
    "citySender": "Вижниця",
    "cityRecipient": "Київ"
  },
  {
    "number": 59000455800568,
    "dateTime": {
      "date": {
        "year": 2019,
        "month": 10,
        "day": 18
      },
      "time": {
        "hour": 8,
        "minute": 53,
        "second": 21,
        "nano": 0
      }
    },
    "citySender": "Солоне",
    "cityRecipient": "Верхнє Водяне"
  },
  {
    "number": 59000455800569,
    "dateTime": {
      "date": {
        "year": 2019,
        "month": 10,
        "day": 18
      },
      "time": {
        "hour": 8,
        "minute": 52,
        "second": 58,
        "nano": 0
      }
    },
    "citySender": "Київ",
    "cityRecipient": "Маріуполь"
  },
  {
    "number": 59000455800571,
    "dateTime": {
      "date": {
        "year": 2019,
        "month": 10,
        "day": 18
      },
      "time": {
        "hour": 8,
        "minute": 53,
        "second": 22,
        "nano": 0
      }
    },
    "citySender": "Коростень",
    "cityRecipient": "Богородчани"
  },
  {
    "number": 59000455800572,
    "dateTime": {
      "date": {
        "year": 2019,
        "month": 10,
        "day": 18
      },
      "time": {
        "hour": 8,
        "minute": 53,
        "second": 47,
        "nano": 0
      }
    },
    "citySender": "Кропивницький",
    "cityRecipient": "Київ"
  },
  {
    "number": 59000455800573,
    "dateTime": {
      "date": {
        "year": 2019,
        "month": 10,
        "day": 18
      },
      "time": {
        "hour": 8,
        "minute": 53,
        "second": 34,
        "nano": 0
      }
    },
    "citySender": "Дніпро",
    "cityRecipient": "Київ"
  },
  {
    "number": 59000455800574,
    "dateTime": {
      "date": {
        "year": 2019,
        "month": 10,
        "day": 18
      },
      "time": {
        "hour": 8,
        "minute": 53,
        "second": 41,
        "nano": 0
      }
    },
    "citySender": "Київ",
    "cityRecipient": "Дрогобич"
  },
  {
    "number": 59000455800575,
    "dateTime": {
      "date": {
        "year": 2019,
        "month": 10,
        "day": 18
      },
      "time": {
        "hour": 8,
        "minute": 51,
        "second": 44,
        "nano": 0
      }
    },
    "citySender": "Сахновщина (Харківська обл.)",
    "cityRecipient": "Ясногірка"
  },
  {
    "number": 59000455800576,
    "dateTime": {
      "date": {
        "year": 2019,
        "month": 10,
        "day": 18
      },
      "time": {
        "hour": 8,
        "minute": 53,
        "second": 18,
        "nano": 0
      }
    },
    "citySender": "Пирятин",
    "cityRecipient": "Полтава"
  },
  {
    "number": 59000455800577,
    "dateTime": {
      "date": {
        "year": 2019,
        "month": 10,
        "day": 18
      },
      "time": {
        "hour": 8,
        "minute": 53,
        "second": 49,
        "nano": 0
      }
    },
    "citySender": "Київ",
    "cityRecipient": "Вінниця"
  },
  {
    "number": 59000455800578,
    "dateTime": {
      "date": {
        "year": 2019,
        "month": 10,
        "day": 18
      },
      "time": {
        "hour": 8,
        "minute": 53,
        "second": 49,
        "nano": 0
      }
    },
    "citySender": "Зборів",
    "cityRecipient": "Кілія"
  },
  {
    "number": 59000455800579,
    "dateTime": {
      "date": {
        "year": 2019,
        "month": 10,
        "day": 18
      },
      "time": {
        "hour": 8,
        "minute": 53,
        "second": 50,
        "nano": 0
      }
    },
    "citySender": "Іза",
    "cityRecipient": "Кременчук"
  },
  {
    "number": 59000455800580,
    "dateTime": {
      "date": {
        "year": 2019,
        "month": 10,
        "day": 18
      },
      "time": {
        "hour": 8,
        "minute": 53,
        "second": 50,
        "nano": 0
      }
    },
    "citySender": "Бершадь",
    "cityRecipient": "Чернівці"
  },
  {
    "number": 59000455800581,
    "dateTime": {
      "date": {
        "year": 2019,
        "month": 10,
        "day": 18
      },
      "time": {
        "hour": 8,
        "minute": 53,
        "second": 40,
        "nano": 0
      }
    },
    "citySender": "Рівне",
    "cityRecipient": "Київ"
  },
  {
    "number": 59000455800585,
    "dateTime": {
      "date": {
        "year": 2019,
        "month": 10,
        "day": 18
      },
      "time": {
        "hour": 8,
        "minute": 53,
        "second": 52,
        "nano": 0
      }
    },
    "citySender": "Южноукраїнськ",
    "cityRecipient": "Рівне"
  }
]