[
  {
    "number": 59000455810582,
    "dateTime": {
      "date": {
        "year": 2019,
        "month": 10,
        "day": 18
      },
      "time": {
        "hour": 9,
        "minute": 30,
        "second": 14,
        "nano": 0
      }
    },
    "citySender": "Дружківка",
    "cityRecipient": "Бердянськ"
  },
  {
    "number": 59000455810583,
    "dateTime": {
      "date": {
        "year": 2019,
        "month": 10,
        "day": 18
      },
      "time": {
        "hour": 9,
        "minute": 30,
        "second": 21,
        "nano": 0
      }
    },
    "citySender": "Чернігів",
    "cityRecipient": "Київ"
  },
  {
    "number": 59000455810584,
    "dateTime": {
      "date": {
        "year": 2019,
        "month": 10,
        "day": 18
      },
      "time": {
        "hour": 9,
        "minute": 28,
        "second": 36,
        "nano": 0
      }
    },
    "citySender": "Врадіївка",
    "cityRecipient": "Кривий Ріг"
  },
  {
    "number": 59000455810585,
    "dateTime": {
      "date": {
        "year": 2019,
        "month": 10,
        "day": 18
      },
      "time": {
        "hour": 9,
        "minute": 30,
        "second": 15,
        "nano": 0
      }
    },
    "citySender": "Миколаїв",
    "cityRecipient": "Одеса"
  },
  {
    "number": 59000455810586,
    "dateTime": {
      "date": {
        "year": 2019,
        "month": 10,
        "day": 18
      },
      "time": {
        "hour": 9,
        "minute": 30,
        "second": 23,
        "nano": 0
      }
    },
    "citySender": "Київ",
    "cityRecipient": "Київ"
  },
  {
    "number": 59000455810587,
    "dateTime": {
      "date": {
        "year": 2019,
        "month": 10,
        "day": 18
      },
      "time": {
        "hour": 9,
        "minute": 30,
        "second": 12,
        "nano": 0
      }
    },
    "citySender": "Мила",
    "cityRecipient": "Рівне"
  },
  {
    "number": 59000455810588,
    "dateTime": {
      "date": {
        "year": 2019,
        "month": 10,
        "day": 18
      },
      "time": {
        "hour": 9,
        "minute": 30,
        "second": 12,
        "nano": 0
      }
    },
    "citySender": "Вижниця",
    "cityRecipient": "Біла Церква"
  },
  {
    "number": 59000455810589,
    "dateTime": {
      "date": {
        "year": 2019,
        "month": 10,
        "day": 18
      },
      "time": {
        "hour": 9,
        "minute": 30,
        "second": 21,
        "nano": 0
      }
    },
    "citySender": "Горошова",
    "cityRecipient": "Дроговиж"
  },
  {
    "number": 59000455810590,
    "dateTime": {
      "date": {
        "year": 2019,
        "month": 10,
        "day": 18
      },
      "time": {
        "hour": 9,
        "minute": 29,
        "second": 34,
        "nano": 0
      }
    },
    "citySender": "Комар",
    "cityRecipient": "Харків"
  },
  {
    "number": 59000455810591,
    "dateTime": {
      "date": {
        "year": 2019,
        "month": 10,
        "day": 18
      },
      "time": {
        "hour": 9,
        "minute": 29,
        "second": 12,
        "nano": 0
      }
    },
    "citySender": "Херсон",
    "cityRecipient": "Каланчак"
  },
  {
    "number": 59000455810592,
    "dateTime": {
      "date": {
        "year": 2019,
        "month": 10,
        "day": 18
      },
      "time": {
        "hour": 9,
        "minute": 30,
        "second": 26,
        "nano": 0
      }
    },
    "citySender": "Біла",
    "cityRecipient": "Одеса"
  },
  {
    "number": 59000455810593,
    "dateTime": {
      "date": {
        "year": 2019,
        "month": 10,
        "day": 18
      },
      "time": {
        "hour": 9,
        "minute": 30,
        "second": 15,
        "nano": 0
      }
    },
    "citySender": "Володимир-Волинський",
    "cityRecipient": "Дніпро"
  },
  {
    "number": 59000455810595,
    "dateTime": {
      "date": {
        "year": 2019,
        "month": 10,
        "day": 18
      },
      "time": {
        "hour": 9,
        "minute": 29,
        "second": 45,
        "nano": 0
      }
    },
    "citySender": "Новогродівка",
    "cityRecipient": "Нова Каховка"
  },
  {
    "number": 59000455810596,
    "dateTime": {
      "date": {
        "year": 2019,
        "month": 10,
        "day": 18
      },
      "time": {
        "hour": 9,
        "minute": 29,
        "second": 44,
        "nano": 0
      }
    },
    "citySender": "Одеса",
    "cityRecipient": "Миколаїв"
  },
  {
    "number": 59000455810597,
    "dateTime": {
      "date": {
        "year": 2019,
        "month": 10,
        "day": 18
      },
      "time": {
        "hour": 9,
        "minute": 30,
        "second": 13,
        "nano": 0
      }
    },
    "citySender": "Харків",
    "cityRecipient": "Київ"
  },
  {
    "number": 59000455810598,
    "dateTime": {
      "date": {
        "year": 2019,
        "month": 10,
        "day": 18
      },
      "time": {
        "hour": 9,
        "minute": 30,
        "second": 25,
        "nano": 0
      }
    },
    "citySender": "Київ",
    "cityRecipient": "Суми"
  },
  {
    "number": 59000455810599,
    "dateTime": {
      "date": {
        "year": 2019,
        "month": 10,
        "day": 18
      },
      "time": {
        "hour": 9,
        "minute": 29,
        "second": 41,
        "nano": 0
      }
    },
    "citySender": "Виноградів",
    "cityRecipient": "Тячів"
  },
  {
    "number": 59000455810600,
    "dateTime": {
      "date": {
        "year": 2019,
        "month": 10,
        "day": 18
      },
      "time": {
        "hour": 9,
        "minute": 29,
        "second": 50,
        "nano": 0
      }
    },
    "citySender": "Пісочин",
    "cityRecipient": "Київ"
  },
  {
    "number": 59000455810601,
    "dateTime": {
      "date": {
        "year": 2019,
        "month": 10,
        "day": 18
      },
      "time": {
        "hour": 9,
        "minute": 25,
        "second": 47,
        "nano": 0
      }
    },
    "citySender": "Дружківка",
    "cityRecipient": "Житомир"
  },
  {
    "number": 59000455810602,
    "dateTime": {
      "date": {
        "year": 2019,
        "month": 10,
        "day": 18
      },
      "time": {
        "hour": 9,
        "minute": 30,
        "second": 12,
        "nano": 0
      }
    },
    "citySender": "Вінниця",
    "cityRecipient": "Харків"
  },
  {
    "number": 59000455810603,
    "dateTime": {
      "date": {
        "year": 2019,
        "month": 10,
        "day": 18
      },
      "time": {
        "hour": 9,
        "minute": 28,
        "second": 43,
        "nano": 0
      }
    },
    "citySender": "Середнє",
    "cityRecipient": "Львів"
  },
  {
    "number": 59000455810604,
    "dateTime": {
      "date": {
        "year": 2019,
        "month": 10,
        "day": 18
      },
      "time": {
        "hour": 9,
        "minute": 30,
        "second": 23,
        "nano": 0
      }
    },
    "citySender": "Баришівка",
    "cityRecipient": "Путивль"
  },
  {
    "number": 59000455810605,
    "dateTime": {
      "date": {
        "year": 2019,
        "month": 10,
        "day": 18
      },
      "time": {
        "hour": 9,
        "minute": 30,
        "second": 6,
        "nano": 0
      }
    },
    "citySender": "Бершадь",
    "cityRecipient": "Бровари"
  },
  {
    "number": 59000455810606,
    "dateTime": {
      "date": {
        "year": 2019,
        "month": 10,
        "day": 18
      },
      "time": {
        "hour": 9,
        "minute": 30,
        "second": 26,
        "nano": 0
      }
    },
    "citySender": "Київ",
    "cityRecipient": "Вінниця"
  },
  {
    "number": 59000455810607,
    "dateTime": {
      "date": {
        "year": 2019,
        "month": 10,
        "day": 18
      },
      "time": {
        "hour": 9,
        "minute": 29,
        "second": 32,
        "nano": 0
      }
    },
    "citySender": "Гоголів(Броварський р-н)",
    "cityRecipient": "Чернігів"
  },
  {
    "number": 59000455810608,
    "dateTime": {
      "date": {
        "year": 2019,
        "month": 10,
        "day": 18
      },
      "time": {
        "hour": 9,
        "minute": 30,
        "second": 28,
        "nano": 0
      }
    },
    "citySender": "Львів",
    "cityRecipient": "Ралівка"
  },
  {
    "number": 59000455810609,
    "dateTime": {
      "date": {
        "year": 2019,
        "month": 10,
        "day": 18
      },
      "time": {
        "hour": 9,
        "minute": 30,
        "second": 28,
        "nano": 0
      }
    },
    "citySender": "Спаське (Дніпропетровська обл.)",
    "cityRecipient": "Київ"
  },
  {
    "number": 59000455810610,
    "dateTime": {
      "date": {
        "year": 2019,
        "month": 10,
        "day": 18
      },
      "time": {
        "hour": 9,
        "minute": 30,
        "second": 28,
        "nano": 0
      }
    },
    "citySender": "Тарасівка",
    "cityRecipient": "Городенка"
  },
  {
    "number": 59000455810611,
    "dateTime": {
      "date": {
        "year": 2019,
        "month": 10,
        "day": 18
      },
      "time": {
        "hour": 9,
        "minute": 30,
        "second": 28,
        "nano": 0
      }
    },
    "citySender": "Красноград (Харківська обл)",
    "cityRecipient": "Дніпро"
  },
  {
    "number": 59000455810612,
    "dateTime": {
      "date": {
        "year": 2019,
        "month": 10,
        "day": 18
      },
      "time": {
        "hour": 9,
        "minute": 30,
        "second": 29,
        "nano": 0
      }
    },
    "citySender": "Львів",
    "cityRecipient": "Одеса"
  },
  {
    "number": 59000455810613,
    "dateTime": {
      "date": {
        "year": 2019,
        "month": 10,
        "day": 18
      },
      "time": {
        "hour": 9,
        "minute": 29,
        "second": 44,
        "nano": 0
      }
    },
    "citySender": "Нікополь (Дніпропетровська обл.)",
    "cityRecipient": "Львів"
  },
  {
    "number": 59000455810614,
    "dateTime": {
      "date": {
        "year": 2019,
        "month": 10,
        "day": 18
      },
      "time": {
        "hour": 9,
        "minute": 30,
        "second": 29,
        "nano": 0
      }
    },
    "citySender": "Харків",
    "cityRecipient": "Дніпро"
  },
  {
    "number": 59000455810617,
    "dateTime": {
      "date": {
        "year": 2019,
        "month": 10,
        "day": 18
      },
      "time": {
        "hour": 9,
        "minute": 30,
        "second": 24,
        "nano": 0
      }
    },
    "citySender": "Запоріжжя",
    "cityRecipient": "Мигове"
  },
  {
    "number": 59000455810618,
    "dateTime": {
      "date": {
        "year": 2019,
        "month": 10,
        "day": 18
      },
      "time": {
        "hour": 9,
        "minute": 30,
        "second": 3,
        "nano": 0
      }
    },
    "citySender": "Київ",
    "cityRecipient": "Львів"
  },
  {
    "number": 59000455810619,
    "dateTime": {
      "date": {
        "year": 2019,
        "month": 10,
        "day": 18
      },
      "time": {
        "hour": 9,
        "minute": 30,
        "second": 29,
        "nano": 0
      }
    },
    "citySender": "Житомир",
    "cityRecipient": "Київ"
  },
  {
    "number": 59000455810620,
    "dateTime": {
      "date": {
        "year": 2019,
        "month": 10,
        "day": 18
      },
      "time": {
        "hour": 9,
        "minute": 30,
        "second": 1,
        "nano": 0
      }
    },
    "citySender": "Верхньодніпровськ",
    "cityRecipient": "Кам\u0027янське(Дніпропетровська обл)"
  },
  {
    "number": 59000455810622,
    "dateTime": {
      "date": {
        "year": 2019,
        "month": 10,
        "day": 18
      },
      "time": {
        "hour": 9,
        "minute": 30,
        "second": 14,
        "nano": 0
      }
    },
    "citySender": "Козача Лопань",
    "cityRecipient": "Бровари"
  },
  {
    "number": 59000455810623,
    "dateTime": {
      "date": {
        "year": 2019,
        "month": 10,
        "day": 18
      },
      "time": {
        "hour": 9,
        "minute": 30,
        "second": 5,
        "nano": 0
      }
    },
    "citySender": "Глобине",
    "cityRecipient": "Поташ"
  },
  {
    "number": 59000455810624,
    "dateTime": {
      "date": {
        "year": 2019,
        "month": 10,
        "day": 18
      },
      "time": {
        "hour": 9,
        "minute": 29,
        "second": 39,
        "nano": 0
      }
    },
    "citySender": "Шелюги",
    "cityRecipient": "Хмільник (Вінницька обл.)"
  },
  {
    "number": 59000455810625,
    "dateTime": {
      "date": {
        "year": 2019,
        "month": 10,
        "day": 18
      },
      "time": {
        "hour": 9,
        "minute": 29,
        "second": 55,
        "nano": 0
      }
    },
    "citySender": "Березне",
    "cityRecipient": "Війтівці (Хмельницька обл.)"
  },
  {
    "number": 59000455810626,
    "dateTime": {
      "date": {
        "year": 2019,
        "month": 10,
        "day": 18
      },
      "time": {
        "hour": 9,
        "minute": 30,
        "second": 5,
        "nano": 0
      }
    },
    "citySender": "Каховка",
    "cityRecipient": "Ірпінь"
  },
  {
    "number": 59000455810627,
    "dateTime": {
      "date": {
        "year": 2019,
        "month": 10,
        "day": 18
      },
      "time": {
        "hour": 9,
        "minute": 30,
        "second": 25,
        "nano": 0
      }
    },
    "citySender": "Запоріжжя",
    "cityRecipient": "Одеса"
  },
  {
    "number": 59000455810628,
    "dateTime": {
      "date": {
        "year": 2019,
        "month": 10,
        "day": 18
      },
      "time": {
        "hour": 9,
        "minute": 30,
        "second": 11,
        "nano": 0
      }
    },
    "citySender": "Київ",
    "cityRecipient": "Київ"
  },
  {
    "number": 59000455810629,
    "dateTime": {
      "date": {
        "year": 2019,
        "month": 10,
        "day": 18
      },
      "time": {
        "hour": 9,
        "minute": 30,
        "second": 10,
        "nano": 0
      }
    },
    "citySender": "Павлоград",
    "cityRecipient": "Бахмут"
  },
  {
    "number": 59000455810630,
    "dateTime": {
      "date": {
        "year": 2019,
        "month": 10,
        "day": 18
      },
      "time": {
        "hour": 9,
        "minute": 30,
        "second": 24,
        "nano": 0
      }
    },
    "citySender": "Заставна",
    "cityRecipient": "Чернівці"
  },
  {
    "number": 59000455810631,
    "dateTime": {
      "date": {
        "year": 2019,
        "month": 10,
        "day": 18
      },
      "time": {
        "hour": 9,
        "minute": 30,
        "second": 25,
        "nano": 0
      }
    },
    "citySender": "Львів",
    "cityRecipient": "Біла Церква"
  },
  {
    "number": 59000455810632,
    "dateTime": {
      "date": {
        "year": 2019,
        "month": 10,
        "day": 18
      },
      "time": {
        "hour": 9,
        "minute": 30,
        "second": 33,
        "nano": 0
      }
    },
    "citySender": "Нова Галещина (Козельщинський р-н)",
    "cityRecipient": "Маріуполь"
  },
  {
    "number": 59000455810633,
    "dateTime": {
      "date": {
        "year": 2019,
        "month": 10,
        "day": 18
      },
      "time": {
        "hour": 9,
        "minute": 29,
        "second": 54,
        "nano": 0
      }
    },
    "citySender": "Київ",
    "cityRecipient": "Харків"
  },
  {
    "number": 59000455810634,
    "dateTime": {
      "date": {
        "year": 2019,
        "month": 10,
        "day": 18
      },
      "time": {
        "hour": 9,
        "minute": 30,
        "second": 22,
        "nano": 0
      }
    },
    "citySender": "Львів",
    "cityRecipient": "Хмельницький"
  },
  {
    "number": 59000455810635,
    "dateTime": {
      "date": {
        "year": 2019,
        "month": 10,
        "day": 18
      },
      "time": {
        "hour": 9,
        "minute": 29,
        "second": 48,
        "nano": 0
      }
    },
    "citySender": "Маріуполь",
    "cityRecipient": "Ізюм"
  },
  {
    "number": 59000455810636,
    "dateTime": {
      "date": {
        "year": 2019,
        "month": 10,
        "day": 18
      },
      "time": {
        "hour": 9,
        "minute": 29,
        "second": 10,
        "nano": 0
      }
    },
    "citySender": "Дніпро",
    "cityRecipient": "Київ"
  },
  {
    "number": 59000455810637,
    "dateTime": {
      "date": {
        "year": 2019,
        "month": 10,
        "day": 18
      },
      "time": {
        "hour": 9,
        "minute": 30,
        "second": 11,
        "nano": 0
      }
    },
    "citySender": "Тернопіль",
    "cityRecipient": "Яворів"
  },
  {
    "number": 59000455810638,
    "dateTime": {
      "date": {
        "year": 2019,
        "month": 10,
        "day": 18
      },
      "time": {
        "hour": 9,
        "minute": 30,
        "second": 17,
        "nano": 0
      }
    },
    "citySender": "Суми",
    "cityRecipient": "Харків"
  },
  {
    "number": 59000455810639,
    "dateTime": {
      "date": {
        "year": 2019,
        "month": 10,
        "day": 18
      },
      "time": {
        "hour": 9,
        "minute": 29,
        "second": 54,
        "nano": 0
      }
    },
    "citySender": "Благовіщенка (Кам\u0027янсько-Дніпровський р-н)",
    "cityRecipient": "Волноваха"
  },
  {
    "number": 59000455810641,
    "dateTime": {
      "date": {
        "year": 2019,
        "month": 10,
        "day": 18
      },
      "time": {
        "hour": 9,
        "minute": 30,
        "second": 18,
        "nano": 0
      }
    },
    "citySender": "Київ",
    "cityRecipient": "Харків"
  },
  {
    "number": 59000455810642,
    "dateTime": {
      "date": {
        "year": 2019,
        "month": 10,
        "day": 18
      },
      "time": {
        "hour": 9,
        "minute": 30,
        "second": 13,
        "nano": 0
      }
    },
    "citySender": "Київ",
    "cityRecipient": "Запоріжжя"
  },
  {
    "number": 59000455810643,
    "dateTime": {
      "date": {
        "year": 2019,
        "month": 10,
        "day": 18
      },
      "time": {
        "hour": 9,
        "minute": 30,
        "second": 36,
        "nano": 0
      }
    },
    "citySender": "Каланчак",
    "cityRecipient": "Харків"
  },
  {
    "number": 59000455810644,
    "dateTime": {
      "date": {
        "year": 2019,
        "month": 10,
        "day": 18
      },
      "time": {
        "hour": 9,
        "minute": 30,
        "second": 36,
        "nano": 0
      }
    },
    "citySender": "Одеса",
    "cityRecipient": "Нікополь (Дніпропетровська обл.)"
  },
  {
    "number": 59000455810645,
    "dateTime": {
      "date": {
        "year": 2019,
        "month": 10,
        "day": 18
      },
      "time": {
        "hour": 9,
        "minute": 30,
        "second": 32,
        "nano": 0
      }
    },
    "citySender": "Слов\u0027янськ",
    "cityRecipient": "Харків"
  },
  {
    "number": 59000455810646,
    "dateTime": {
      "date": {
        "year": 2019,
        "month": 10,
        "day": 18
      },
      "time": {
        "hour": 9,
        "minute": 30,
        "second": 20,
        "nano": 0
      }
    },
    "citySender": "Деражня",
    "cityRecipient": "Старобільськ"
  },
  {
    "number": 59000455810648,
    "dateTime": {
      "date": {
        "year": 2019,
        "month": 10,
        "day": 18
      },
      "time": {
        "hour": 9,
        "minute": 30,
        "second": 33,
        "nano": 0
      }
    },
    "citySender": "Брошнів-Осада",
    "cityRecipient": "Чернівці"
  },
  {
    "number": 59000455810649,
    "dateTime": {
      "date": {
        "year": 2019,
        "month": 10,
        "day": 18
      },
      "time": {
        "hour": 9,
        "minute": 30,
        "second": 13,
        "nano": 0
      }
    },
    "citySender": "Київ",
    "cityRecipient": "Коломия"
  },
  {
    "number": 59000455810650,
    "dateTime": {
      "date": {
        "year": 2019,
        "month": 10,
        "day": 18
      },
      "time": {
        "hour": 9,
        "minute": 29,
        "second": 0,
        "nano": 0
      }
    },
    "citySender": "Горького",
    "cityRecipient": "Олександрівка (Одеська обл.)"
  },
  {
    "number": 59000455810651,
    "dateTime": {
      "date": {
        "year": 2019,
        "month": 10,
        "day": 18
      },
      "time": {
        "hour": 9,
        "minute": 30,
        "second": 21,
        "nano": 0
      }
    },
    "citySender": "Полтава",
    "cityRecipient": "Мелітополь"
  },
  {
    "number": 59000455810652,
    "dateTime": {
      "date": {
        "year": 2019,
        "month": 10,
        "day": 18
      },
      "time": {
        "hour": 9,
        "minute": 30,
        "second": 9,
        "nano": 0
      }
    },
    "citySender": "Олександрівка (смт.Кіровог.обл.райц)",
    "cityRecipient": "Ромни"
  },
  {
    "number": 59000455810653,
    "dateTime": {
      "date": {
        "year": 2019,
        "month": 10,
        "day": 18
      },
      "time": {
        "hour": 9,
        "minute": 30,
        "second": 19,
        "nano": 0
      }
    },
    "citySender": "Полтава",
    "cityRecipient": "Черкаси"
  },
  {
    "number": 59000455810654,
    "dateTime": {
      "date": {
        "year": 2019,
        "month": 10,
        "day": 18
      },
      "time": {
        "hour": 9,
        "minute": 30,
        "second": 37,
        "nano": 0
      }
    },
    "citySender": "Ізяслав",
    "cityRecipient": "Краматорськ"
  },
  {
    "number": 59000455810657,
    "dateTime": {
      "date": {
        "year": 2019,
        "month": 10,
        "day": 18
      },
      "time": {
        "hour": 9,
        "minute": 29,
        "second": 51,
        "nano": 0
      }
    },
    "citySender": "Київ",
    "cityRecipient": "Сергіївка (Білгород-Дністровський р-н)"
  },
  {
    "number": 59000455810658,
    "dateTime": {
      "date": {
        "year": 2019,
        "month": 10,
        "day": 18
      },
      "time": {
        "hour": 9,
        "minute": 30,
        "second": 11,
        "nano": 0
      }
    },
    "citySender": "Київ",
    "cityRecipient": "Вінниця"
  },
  {
    "number": 59000455810659,
    "dateTime": {
      "date": {
        "year": 2019,
        "month": 10,
        "day": 18
      },
      "time": {
        "hour": 9,
        "minute": 30,
        "second": 32,
        "nano": 0
      }
    },
    "citySender": "Кременчук",
    "cityRecipient": "Київ"
  },
  {
    "number": 59000455810660,
    "dateTime": {
      "date": {
        "year": 2019,
        "month": 10,
        "day": 18
      },
      "time": {
        "hour": 9,
        "minute": 30,
        "second": 15,
        "nano": 0
      }
    },
    "citySender": "Дніпро",
    "cityRecipient": "Козятин (місто, Вінницька обл.)"
  },
  {
    "number": 59000455810661,
    "dateTime": {
      "date": {
        "year": 2019,
        "month": 10,
        "day": 18
      },
      "time": {
        "hour": 9,
        "minute": 30,
        "second": 35,
        "nano": 0
      }
    },
    "citySender": "Сарата",
    "cityRecipient": "Бердянськ"
  },
  {
    "number": 59000455810662,
    "dateTime": {
      "date": {
        "year": 2019,
        "month": 10,
        "day": 18
      },
      "time": {
        "hour": 9,
        "minute": 29,
        "second": 57,
        "nano": 0
      }
    },
    "citySender": "Бібрка",
    "cityRecipient": "Житомир"
  },
  {
    "number": 59000455810663,
    "dateTime": {
      "date": {
        "year": 2019,
        "month": 10,
        "day": 18
      },
      "time": {
        "hour": 9,
        "minute": 30,
        "second": 9,
        "nano": 0
      }
    },
    "citySender": "Дубровиця (Рівненська обл.)",
    "cityRecipient": "Київ"
  },
  {
    "number": 59000455810664,
    "dateTime": {
      "date": {
        "year": 2019,
        "month": 10,
        "day": 18
      },
      "time": {
        "hour": 9,
        "minute": 30,
        "second": 32,
        "nano": 0
      }
    },
    "citySender": "Старокостянтинів",
    "cityRecipient": "Дніпро"
  },
  {
    "number": 59000455810665,
    "dateTime": {
      "date": {
        "year": 2019,
        "month": 10,
        "day": 18
      },
      "time": {
        "hour": 9,
        "minute": 30,
        "second": 21,
        "nano": 0
      }
    },
    "citySender": "Борзна",
    "cityRecipient": "Харків"
  },
  {
    "number": 59000455810666,
    "dateTime": {
      "date": {
        "year": 2019,
        "month": 10,
        "day": 18
      },
      "time": {
        "hour": 9,
        "minute": 30,
        "second": 9,
        "nano": 0
      }
    },
    "citySender": "Кобеляки",
    "cityRecipient": "Довге (Закарпатська обл.)"
  },
  {
    "number": 59000455810667,
    "dateTime": {
      "date": {
        "year": 2019,
        "month": 10,
        "day": 18
      },
      "time": {
        "hour": 9,
        "minute": 30,
        "second": 5,
        "nano": 0
      }
    },
    "citySender": "Енергодар",
    "cityRecipient": "Київ"
  },
  {
    "number": 59000455810668,
    "dateTime": {
      "date": {
        "year": 2019,
        "month": 10,
        "day": 18
      },
      "time": {
        "hour": 9,
        "minute": 30,
        "second": 8,
        "nano": 0
      }
    },
    "citySender": "Харків",
    "cityRecipient": "Васильків"
  },
  {
    "number": 59000455810669,
    "dateTime": {
      "date": {
        "year": 2019,
        "month": 10,
        "day": 18
      },
      "time": {
        "hour": 9,
        "minute": 30,
        "second": 11,
        "nano": 0
      }
    },
    "citySender": "Одеса",
    "cityRecipient": "Чорноморськ"
  },
  {
    "number": 59000455810670,
    "dateTime": {
      "date": {
        "year": 2019,
        "month": 10,
        "day": 18
      },
      "time": {
        "hour": 9,
        "minute": 30,
        "second": 42,
        "nano": 0
      }
    },
    "citySender": "Усатове",
    "cityRecipient": "Київ"
  },
  {
    "number": 59000455810671,
    "dateTime": {
      "date": {
        "year": 2019,
        "month": 10,
        "day": 18
      },
      "time": {
        "hour": 9,
        "minute": 30,
        "second": 26,
        "nano": 0
      }
    },
    "citySender": "Харків",
    "cityRecipient": "Дніпро"
  },
  {
    "number": 59000455810672,
    "dateTime": {
      "date": {
        "year": 2019,
        "month": 10,
        "day": 18
      },
      "time": {
        "hour": 9,
        "minute": 29,
        "second": 10,
        "nano": 0
      }
    },
    "citySender": "Ізюм",
    "cityRecipient": "Ірпінь"
  },
  {
    "number": 59000455810673,
    "dateTime": {
      "date": {
        "year": 2019,
        "month": 10,
        "day": 18
      },
      "time": {
        "hour": 9,
        "minute": 30,
        "second": 23,
        "nano": 0
      }
    },
    "citySender": "Харків",
    "cityRecipient": "Київ"
  },
  {
    "number": 59000455810674,
    "dateTime": {
      "date": {
        "year": 2019,
        "month": 10,
        "day": 18
      },
      "time": {
        "hour": 9,
        "minute": 30,
        "second": 4,
        "nano": 0
      }
    },
    "citySender": "Дудчани",
    "cityRecipient": "Лука-Мелешківська"
  },
  {
    "number": 59000455810675,
    "dateTime": {
      "date": {
        "year": 2019,
        "month": 10,
        "day": 18
      },
      "time": {
        "hour": 9,
        "minute": 30,
        "second": 37,
        "nano": 0
      }
    },
    "citySender": "Кривий Ріг",
    "cityRecipient": "Дніпро"
  },
  {
    "number": 59000455810676,
    "dateTime": {
      "date": {
        "year": 2019,
        "month": 10,
        "day": 18
      },
      "time": {
        "hour": 9,
        "minute": 30,
        "second": 38,
        "nano": 0
      }
    },
    "citySender": "Калуш",
    "cityRecipient": "Суми"
  },
  {
    "number": 59000455810679,
    "dateTime": {
      "date": {
        "year": 2019,
        "month": 10,
        "day": 18
      },
      "time": {
        "hour": 9,
        "minute": 29,
        "second": 22,
        "nano": 0
      }
    },
    "citySender": "Заводське(Лохвицький р-н,Полтав. обл)",
    "cityRecipient": "Київ"
  },
  {
    "number": 59000455810680,
    "dateTime": {
      "date": {
        "year": 2019,
        "month": 10,
        "day": 18
      },
      "time": {
        "hour": 9,
        "minute": 30,
        "second": 25,
        "nano": 0
      }
    },
    "citySender": "Ніжин",
    "cityRecipient": "Світловодськ"
  },
  {
    "number": 59000455810681,
    "dateTime": {
      "date": {
        "year": 2019,
        "month": 10,
        "day": 18
      },
      "time": {
        "hour": 9,
        "minute": 30,
        "second": 26,
        "nano": 0
      }
    },
    "citySender": "Шостка",
    "cityRecipient": "Дрогобич"
  }
]