[
  {
    "number": 59000455843560,
    "dateTime": {
      "date": {
        "year": 2019,
        "month": 10,
        "day": 18
      },
      "time": {
        "hour": 11,
        "minute": 16,
        "second": 3,
        "nano": 0
      }
    },
    "citySender": "Київ",
    "cityRecipient": "Київ"
  },
  {
    "number": 59000455843561,
    "dateTime": {
      "date": {
        "year": 2019,
        "month": 10,
        "day": 18
      },
      "time": {
        "hour": 11,
        "minute": 16,
        "second": 11,
        "nano": 0
      }
    },
    "citySender": "Одеса",
    "cityRecipient": "Біляївка"
  },
  {
    "number": 59000455843562,
    "dateTime": {
      "date": {
        "year": 2019,
        "month": 10,
        "day": 18
      },
      "time": {
        "hour": 11,
        "minute": 16,
        "second": 16,
        "nano": 0
      }
    },
    "citySender": "Слов\u0027янськ",
    "cityRecipient": "Селидове"
  },
  {
    "number": 59000455843563,
    "dateTime": {
      "date": {
        "year": 2019,
        "month": 10,
        "day": 18
      },
      "time": {
        "hour": 11,
        "minute": 16,
        "second": 1,
        "nano": 0
      }
    },
    "citySender": "Київ",
    "cityRecipient": "Київ"
  },
  {
    "number": 59000455843564,
    "dateTime": {
      "date": {
        "year": 2019,
        "month": 10,
        "day": 18
      },
      "time": {
        "hour": 11,
        "minute": 16,
        "second": 8,
        "nano": 0
      }
    },
    "citySender": "Київ",
    "cityRecipient": "Вишгород"
  },
  {
    "number": 59000455843565,
    "dateTime": {
      "date": {
        "year": 2019,
        "month": 10,
        "day": 18
      },
      "time": {
        "hour": 11,
        "minute": 15,
        "second": 56,
        "nano": 0
      }
    },
    "citySender": "Слов\u0027янськ",
    "cityRecipient": "Київ"
  },
  {
    "number": 59000455843566,
    "dateTime": {
      "date": {
        "year": 2019,
        "month": 10,
        "day": 18
      },
      "time": {
        "hour": 11,
        "minute": 16,
        "second": 9,
        "nano": 0
      }
    },
    "citySender": "Київ",
    "cityRecipient": "Бровари"
  },
  {
    "number": 59000455843567,
    "dateTime": {
      "date": {
        "year": 2019,
        "month": 10,
        "day": 18
      },
      "time": {
        "hour": 11,
        "minute": 15,
        "second": 54,
        "nano": 0
      }
    },
    "citySender": "Київ",
    "cityRecipient": "Лисичанськ"
  },
  {
    "number": 59000455843568,
    "dateTime": {
      "date": {
        "year": 2019,
        "month": 10,
        "day": 18
      },
      "time": {
        "hour": 11,
        "minute": 16,
        "second": 2,
        "nano": 0
      }
    },
    "citySender": "Рівне",
    "cityRecipient": "Білгород-Дністровський"
  },
  {
    "number": 59000455843569,
    "dateTime": {
      "date": {
        "year": 2019,
        "month": 10,
        "day": 18
      },
      "time": {
        "hour": 11,
        "minute": 15,
        "second": 40,
        "nano": 0
      }
    },
    "citySender": "Київ",
    "cityRecipient": "Одеса"
  },
  {
    "number": 59000455843570,
    "dateTime": {
      "date": {
        "year": 2019,
        "month": 10,
        "day": 18
      },
      "time": {
        "hour": 11,
        "minute": 16,
        "second": 3,
        "nano": 0
      }
    },
    "citySender": "Харків",
    "cityRecipient": "Сахновщина (Харківська обл.)"
  },
  {
    "number": 59000455843571,
    "dateTime": {
      "date": {
        "year": 2019,
        "month": 10,
        "day": 18
      },
      "time": {
        "hour": 11,
        "minute": 16,
        "second": 19,
        "nano": 0
      }
    },
    "citySender": "Дніпро",
    "cityRecipient": "Дніпро"
  },
  {
    "number": 59000455843572,
    "dateTime": {
      "date": {
        "year": 2019,
        "month": 10,
        "day": 18
      },
      "time": {
        "hour": 11,
        "minute": 16,
        "second": 21,
        "nano": 0
      }
    },
    "citySender": "Київ",
    "cityRecipient": "Чаплине"
  },
  {
    "number": 59000455843574,
    "dateTime": {
      "date": {
        "year": 2019,
        "month": 10,
        "day": 18
      },
      "time": {
        "hour": 11,
        "minute": 16,
        "second": 22,
        "nano": 0
      }
    },
    "citySender": "Київ",
    "cityRecipient": "Ковель"
  },
  {
    "number": 59000455843575,
    "dateTime": {
      "date": {
        "year": 2019,
        "month": 10,
        "day": 18
      },
      "time": {
        "hour": 11,
        "minute": 16,
        "second": 22,
        "nano": 0
      }
    },
    "citySender": "Кропивницький",
    "cityRecipient": "Дмитрівка (Знам\u0027янський р-н Кіровоградська обл.)"
  },
  {
    "number": 59000455843576,
    "dateTime": {
      "date": {
        "year": 2019,
        "month": 10,
        "day": 18
      },
      "time": {
        "hour": 11,
        "minute": 15,
        "second": 25,
        "nano": 0
      }
    },
    "citySender": "Івано-Франківськ",
    "cityRecipient": "Кривий Ріг"
  },
  {
    "number": 59000455843577,
    "dateTime": {
      "date": {
        "year": 2019,
        "month": 10,
        "day": 18
      },
      "time": {
        "hour": 11,
        "minute": 16,
        "second": 17,
        "nano": 0
      }
    },
    "citySender": "Слов\u0027янськ",
    "cityRecipient": "Приморськ (Запорізька обл.)"
  },
  {
    "number": 59000455843578,
    "dateTime": {
      "date": {
        "year": 2019,
        "month": 10,
        "day": 18
      },
      "time": {
        "hour": 11,
        "minute": 16,
        "second": 13,
        "nano": 0
      }
    },
    "citySender": "Бар",
    "cityRecipient": "Лисичанськ"
  },
  {
    "number": 59000455843579,
    "dateTime": {
      "date": {
        "year": 2019,
        "month": 10,
        "day": 18
      },
      "time": {
        "hour": 11,
        "minute": 15,
        "second": 41,
        "nano": 0
      }
    },
    "citySender": "Приазовське",
    "cityRecipient": "Запоріжжя"
  },
  {
    "number": 59000455843580,
    "dateTime": {
      "date": {
        "year": 2019,
        "month": 10,
        "day": 18
      },
      "time": {
        "hour": 11,
        "minute": 16,
        "second": 7,
        "nano": 0
      }
    },
    "citySender": "Львів",
    "cityRecipient": "Житомир"
  },
  {
    "number": 59000455843581,
    "dateTime": {
      "date": {
        "year": 2019,
        "month": 10,
        "day": 18
      },
      "time": {
        "hour": 11,
        "minute": 15,
        "second": 35,
        "nano": 0
      }
    },
    "citySender": "Полтава",
    "cityRecipient": "Київ"
  },
  {
    "number": 59000455843582,
    "dateTime": {
      "date": {
        "year": 2019,
        "month": 10,
        "day": 18
      },
      "time": {
        "hour": 11,
        "minute": 15,
        "second": 58,
        "nano": 0
      }
    },
    "citySender": "Кропивницький",
    "cityRecipient": "Устинівка"
  },
  {
    "number": 59000455843583,
    "dateTime": {
      "date": {
        "year": 2019,
        "month": 10,
        "day": 18
      },
      "time": {
        "hour": 11,
        "minute": 16,
        "second": 1,
        "nano": 0
      }
    },
    "citySender": "Кривий Ріг",
    "cityRecipient": "Київ"
  },
  {
    "number": 59000455843584,
    "dateTime": {
      "date": {
        "year": 2019,
        "month": 10,
        "day": 18
      },
      "time": {
        "hour": 11,
        "minute": 15,
        "second": 44,
        "nano": 0
      }
    },
    "citySender": "Мелітополь",
    "cityRecipient": "Володимир-Волинський"
  },
  {
    "number": 59000455843585,
    "dateTime": {
      "date": {
        "year": 2019,
        "month": 10,
        "day": 18
      },
      "time": {
        "hour": 11,
        "minute": 16,
        "second": 20,
        "nano": 0
      }
    },
    "citySender": "Ковель",
    "cityRecipient": "Дніпро"
  },
  {
    "number": 59000455843586,
    "dateTime": {
      "date": {
        "year": 2019,
        "month": 10,
        "day": 18
      },
      "time": {
        "hour": 11,
        "minute": 16,
        "second": 24,
        "nano": 0
      }
    },
    "citySender": "Новгородське (Донецька обл.)",
    "cityRecipient": "Київ"
  },
  {
    "number": 59000455843587,
    "dateTime": {
      "date": {
        "year": 2019,
        "month": 10,
        "day": 18
      },
      "time": {
        "hour": 11,
        "minute": 16,
        "second": 24,
        "nano": 0
      }
    },
    "citySender": "Одеса",
    "cityRecipient": "Львів"
  },
  {
    "number": 59000455843588,
    "dateTime": {
      "date": {
        "year": 2019,
        "month": 10,
        "day": 18
      },
      "time": {
        "hour": 11,
        "minute": 16,
        "second": 24,
        "nano": 0
      }
    },
    "citySender": "Самбір",
    "cityRecipient": "Авангард"
  },
  {
    "number": 59000455843589,
    "dateTime": {
      "date": {
        "year": 2019,
        "month": 10,
        "day": 18
      },
      "time": {
        "hour": 11,
        "minute": 16,
        "second": 19,
        "nano": 0
      }
    },
    "citySender": "Чернівці",
    "cityRecipient": "Первомайськ(Микол.обл.Первомайс.р-н)"
  },
  {
    "number": 59000455843590,
    "dateTime": {
      "date": {
        "year": 2019,
        "month": 10,
        "day": 18
      },
      "time": {
        "hour": 11,
        "minute": 16,
        "second": 2,
        "nano": 0
      }
    },
    "citySender": "Дніпро",
    "cityRecipient": "Київ"
  },
  {
    "number": 59000455843591,
    "dateTime": {
      "date": {
        "year": 2019,
        "month": 10,
        "day": 18
      },
      "time": {
        "hour": 11,
        "minute": 15,
        "second": 56,
        "nano": 0
      }
    },
    "citySender": "Київ",
    "cityRecipient": "Київ"
  },
  {
    "number": 59000455843592,
    "dateTime": {
      "date": {
        "year": 2019,
        "month": 10,
        "day": 18
      },
      "time": {
        "hour": 11,
        "minute": 16,
        "second": 10,
        "nano": 0
      }
    },
    "citySender": "Білгород-Дністровський",
    "cityRecipient": "Одеса"
  },
  {
    "number": 59000455843593,
    "dateTime": {
      "date": {
        "year": 2019,
        "month": 10,
        "day": 18
      },
      "time": {
        "hour": 11,
        "minute": 16,
        "second": 14,
        "nano": 0
      }
    },
    "citySender": "Харків",
    "cityRecipient": "Куп\u0027янськ"
  },
  {
    "number": 59000455843594,
    "dateTime": {
      "date": {
        "year": 2019,
        "month": 10,
        "day": 18
      },
      "time": {
        "hour": 11,
        "minute": 16,
        "second": 3,
        "nano": 0
      }
    },
    "citySender": "Шостка",
    "cityRecipient": "Львів"
  },
  {
    "number": 59000455843595,
    "dateTime": {
      "date": {
        "year": 2019,
        "month": 10,
        "day": 18
      },
      "time": {
        "hour": 11,
        "minute": 14,
        "second": 36,
        "nano": 0
      }
    },
    "citySender": "Київ",
    "cityRecipient": "Одеса"
  },
  {
    "number": 59000455843596,
    "dateTime": {
      "date": {
        "year": 2019,
        "month": 10,
        "day": 18
      },
      "time": {
        "hour": 11,
        "minute": 16,
        "second": 26,
        "nano": 0
      }
    },
    "citySender": "Вознесенськ",
    "cityRecipient": "Авангард"
  },
  {
    "number": 59000455843597,
    "dateTime": {
      "date": {
        "year": 2019,
        "month": 10,
        "day": 18
      },
      "time": {
        "hour": 11,
        "minute": 16,
        "second": 17,
        "nano": 0
      }
    },
    "citySender": "Дніпро",
    "cityRecipient": "Мила"
  },
  {
    "number": 59000455843598,
    "dateTime": {
      "date": {
        "year": 2019,
        "month": 10,
        "day": 18
      },
      "time": {
        "hour": 11,
        "minute": 16,
        "second": 5,
        "nano": 0
      }
    },
    "citySender": "Київ",
    "cityRecipient": "Луцьк"
  },
  {
    "number": 59000455843599,
    "dateTime": {
      "date": {
        "year": 2019,
        "month": 10,
        "day": 18
      },
      "time": {
        "hour": 11,
        "minute": 16,
        "second": 15,
        "nano": 0
      }
    },
    "citySender": "Миколаївка (Слов’янська міська рада)",
    "cityRecipient": "Одеса"
  },
  {
    "number": 59000455843600,
    "dateTime": {
      "date": {
        "year": 2019,
        "month": 10,
        "day": 18
      },
      "time": {
        "hour": 11,
        "minute": 15,
        "second": 49,
        "nano": 0
      }
    },
    "citySender": "Сокільники",
    "cityRecipient": "Чернівці"
  },
  {
    "number": 59000455843601,
    "dateTime": {
      "date": {
        "year": 2019,
        "month": 10,
        "day": 18
      },
      "time": {
        "hour": 11,
        "minute": 15,
        "second": 57,
        "nano": 0
      }
    },
    "citySender": "Чернігів",
    "cityRecipient": "Луцьк"
  },
  {
    "number": 59000455843602,
    "dateTime": {
      "date": {
        "year": 2019,
        "month": 10,
        "day": 18
      },
      "time": {
        "hour": 11,
        "minute": 16,
        "second": 16,
        "nano": 0
      }
    },
    "citySender": "Ковель",
    "cityRecipient": "Ірпінь"
  },
  {
    "number": 59000455843603,
    "dateTime": {
      "date": {
        "year": 2019,
        "month": 10,
        "day": 18
      },
      "time": {
        "hour": 11,
        "minute": 16,
        "second": 12,
        "nano": 0
      }
    },
    "citySender": "Кирилівка(Якимівський р-н)",
    "cityRecipient": "Харків"
  },
  {
    "number": 59000455843604,
    "dateTime": {
      "date": {
        "year": 2019,
        "month": 10,
        "day": 18
      },
      "time": {
        "hour": 11,
        "minute": 16,
        "second": 26,
        "nano": 0
      }
    },
    "citySender": "Київ",
    "cityRecipient": "Харків"
  },
  {
    "number": 59000455843605,
    "dateTime": {
      "date": {
        "year": 2019,
        "month": 10,
        "day": 18
      },
      "time": {
        "hour": 11,
        "minute": 16,
        "second": 21,
        "nano": 0
      }
    },
    "citySender": "Львів",
    "cityRecipient": "Бориспіль"
  },
  {
    "number": 59000455843606,
    "dateTime": {
      "date": {
        "year": 2019,
        "month": 10,
        "day": 18
      },
      "time": {
        "hour": 11,
        "minute": 16,
        "second": 27,
        "nano": 0
      }
    },
    "citySender": "Хмельницький",
    "cityRecipient": "Калуш"
  },
  {
    "number": 59000455843607,
    "dateTime": {
      "date": {
        "year": 2019,
        "month": 10,
        "day": 18
      },
      "time": {
        "hour": 11,
        "minute": 16,
        "second": 10,
        "nano": 0
      }
    },
    "citySender": "Миколаїв",
    "cityRecipient": "Херсон"
  },
  {
    "number": 59000455843608,
    "dateTime": {
      "date": {
        "year": 2019,
        "month": 10,
        "day": 18
      },
      "time": {
        "hour": 11,
        "minute": 15,
        "second": 48,
        "nano": 0
      }
    },
    "citySender": "Київ",
    "cityRecipient": "Фастів"
  },
  {
    "number": 59000455843609,
    "dateTime": {
      "date": {
        "year": 2019,
        "month": 10,
        "day": 18
      },
      "time": {
        "hour": 11,
        "minute": 16,
        "second": 4,
        "nano": 0
      }
    },
    "citySender": "Тернопіль",
    "cityRecipient": "Київ"
  },
  {
    "number": 59000455843610,
    "dateTime": {
      "date": {
        "year": 2019,
        "month": 10,
        "day": 18
      },
      "time": {
        "hour": 11,
        "minute": 16,
        "second": 28,
        "nano": 0
      }
    },
    "citySender": "Київ",
    "cityRecipient": "Чаплине"
  },
  {
    "number": 59000455843611,
    "dateTime": {
      "date": {
        "year": 2019,
        "month": 10,
        "day": 18
      },
      "time": {
        "hour": 11,
        "minute": 14,
        "second": 7,
        "nano": 0
      }
    },
    "citySender": "Кам\u0027янське(Дніпропетровська обл)",
    "cityRecipient": "Львів"
  },
  {
    "number": 59000455843612,
    "dateTime": {
      "date": {
        "year": 2019,
        "month": 10,
        "day": 18
      },
      "time": {
        "hour": 11,
        "minute": 16,
        "second": 13,
        "nano": 0
      }
    },
    "citySender": "Черкаси",
    "cityRecipient": "Київ"
  },
  {
    "number": 59000455843613,
    "dateTime": {
      "date": {
        "year": 2019,
        "month": 10,
        "day": 18
      },
      "time": {
        "hour": 11,
        "minute": 16,
        "second": 25,
        "nano": 0
      }
    },
    "citySender": "Київ",
    "cityRecipient": "Київ"
  },
  {
    "number": 59000455843614,
    "dateTime": {
      "date": {
        "year": 2019,
        "month": 10,
        "day": 18
      },
      "time": {
        "hour": 11,
        "minute": 16,
        "second": 24,
        "nano": 0
      }
    },
    "citySender": "Борислав (Львівська обл.)",
    "cityRecipient": "Соснівка (Львівська обл.)"
  },
  {
    "number": 59000455843615,
    "dateTime": {
      "date": {
        "year": 2019,
        "month": 10,
        "day": 18
      },
      "time": {
        "hour": 11,
        "minute": 15,
        "second": 36,
        "nano": 0
      }
    },
    "citySender": "Пирятин",
    "cityRecipient": "Якимівка (Запорізька обл.)"
  },
  {
    "number": 59000455843616,
    "dateTime": {
      "date": {
        "year": 2019,
        "month": 10,
        "day": 18
      },
      "time": {
        "hour": 11,
        "minute": 14,
        "second": 48,
        "nano": 0
      }
    },
    "citySender": "Жмеринка",
    "cityRecipient": "Дніпро"
  },
  {
    "number": 59000455843617,
    "dateTime": {
      "date": {
        "year": 2019,
        "month": 10,
        "day": 18
      },
      "time": {
        "hour": 11,
        "minute": 15,
        "second": 38,
        "nano": 0
      }
    },
    "citySender": "Авдіївка (Донецька обл.)",
    "cityRecipient": "Запоріжжя"
  },
  {
    "number": 59000455843619,
    "dateTime": {
      "date": {
        "year": 2019,
        "month": 10,
        "day": 18
      },
      "time": {
        "hour": 11,
        "minute": 15,
        "second": 52,
        "nano": 0
      }
    },
    "citySender": "Київ",
    "cityRecipient": "Корець"
  },
  {
    "number": 59000455843620,
    "dateTime": {
      "date": {
        "year": 2019,
        "month": 10,
        "day": 18
      },
      "time": {
        "hour": 11,
        "minute": 16,
        "second": 7,
        "nano": 0
      }
    },
    "citySender": "Хуст",
    "cityRecipient": "Київ"
  },
  {
    "number": 59000455843621,
    "dateTime": {
      "date": {
        "year": 2019,
        "month": 10,
        "day": 18
      },
      "time": {
        "hour": 11,
        "minute": 15,
        "second": 19,
        "nano": 0
      }
    },
    "citySender": "Заставна",
    "cityRecipient": "Київ"
  },
  {
    "number": 59000455843622,
    "dateTime": {
      "date": {
        "year": 2019,
        "month": 10,
        "day": 18
      },
      "time": {
        "hour": 11,
        "minute": 16,
        "second": 14,
        "nano": 0
      }
    },
    "citySender": "Суми",
    "cityRecipient": "Борзна"
  },
  {
    "number": 59000455843623,
    "dateTime": {
      "date": {
        "year": 2019,
        "month": 10,
        "day": 18
      },
      "time": {
        "hour": 11,
        "minute": 16,
        "second": 20,
        "nano": 0
      }
    },
    "citySender": "Полтава",
    "cityRecipient": "Українка"
  },
  {
    "number": 59000455843624,
    "dateTime": {
      "date": {
        "year": 2019,
        "month": 10,
        "day": 18
      },
      "time": {
        "hour": 11,
        "minute": 16,
        "second": 0,
        "nano": 0
      }
    },
    "citySender": "Мукачево",
    "cityRecipient": "Київ"
  },
  {
    "number": 59000455843625,
    "dateTime": {
      "date": {
        "year": 2019,
        "month": 10,
        "day": 18
      },
      "time": {
        "hour": 11,
        "minute": 16,
        "second": 0,
        "nano": 0
      }
    },
    "citySender": "Одеса",
    "cityRecipient": "Київ"
  },
  {
    "number": 59000455843626,
    "dateTime": {
      "date": {
        "year": 2019,
        "month": 10,
        "day": 18
      },
      "time": {
        "hour": 11,
        "minute": 16,
        "second": 9,
        "nano": 0
      }
    },
    "citySender": "Розсошенці(Полтавська обл.)",
    "cityRecipient": "Миргород"
  },
  {
    "number": 59000455843627,
    "dateTime": {
      "date": {
        "year": 2019,
        "month": 10,
        "day": 18
      },
      "time": {
        "hour": 11,
        "minute": 16,
        "second": 28,
        "nano": 0
      }
    },
    "citySender": "Одеса",
    "cityRecipient": "Білгород-Дністровський"
  },
  {
    "number": 59000455843628,
    "dateTime": {
      "date": {
        "year": 2019,
        "month": 10,
        "day": 18
      },
      "time": {
        "hour": 11,
        "minute": 15,
        "second": 57,
        "nano": 0
      }
    },
    "citySender": "Шаргород (Вінницька обл.)",
    "cityRecipient": "Київ"
  },
  {
    "number": 59000455843629,
    "dateTime": {
      "date": {
        "year": 2019,
        "month": 10,
        "day": 18
      },
      "time": {
        "hour": 11,
        "minute": 15,
        "second": 56,
        "nano": 0
      }
    },
    "citySender": "Станиця Луганська",
    "cityRecipient": "Харків"
  },
  {
    "number": 59000455843630,
    "dateTime": {
      "date": {
        "year": 2019,
        "month": 10,
        "day": 18
      },
      "time": {
        "hour": 11,
        "minute": 15,
        "second": 52,
        "nano": 0
      }
    },
    "citySender": "Одеса",
    "cityRecipient": "Київ"
  },
  {
    "number": 59000455843631,
    "dateTime": {
      "date": {
        "year": 2019,
        "month": 10,
        "day": 18
      },
      "time": {
        "hour": 11,
        "minute": 15,
        "second": 58,
        "nano": 0
      }
    },
    "citySender": "Погреби",
    "cityRecipient": "Охтирка"
  },
  {
    "number": 59000455843632,
    "dateTime": {
      "date": {
        "year": 2019,
        "month": 10,
        "day": 18
      },
      "time": {
        "hour": 11,
        "minute": 14,
        "second": 56,
        "nano": 0
      }
    },
    "citySender": "Чайки",
    "cityRecipient": "Кременчук"
  },
  {
    "number": 59000455843633,
    "dateTime": {
      "date": {
        "year": 2019,
        "month": 10,
        "day": 18
      },
      "time": {
        "hour": 11,
        "minute": 15,
        "second": 57,
        "nano": 0
      }
    },
    "citySender": "Жашків",
    "cityRecipient": "Жмеринка"
  },
  {
    "number": 59000455843634,
    "dateTime": {
      "date": {
        "year": 2019,
        "month": 10,
        "day": 18
      },
      "time": {
        "hour": 11,
        "minute": 15,
        "second": 56,
        "nano": 0
      }
    },
    "citySender": "Кривий Ріг",
    "cityRecipient": "Київ"
  },
  {
    "number": 59000455843635,
    "dateTime": {
      "date": {
        "year": 2019,
        "month": 10,
        "day": 18
      },
      "time": {
        "hour": 11,
        "minute": 14,
        "second": 35,
        "nano": 0
      }
    },
    "citySender": "Бориспіль",
    "cityRecipient": "Балаклія (Харківська обл.)"
  },
  {
    "number": 59000455843636,
    "dateTime": {
      "date": {
        "year": 2019,
        "month": 10,
        "day": 18
      },
      "time": {
        "hour": 11,
        "minute": 16,
        "second": 22,
        "nano": 0
      }
    },
    "citySender": "Калуш",
    "cityRecipient": "Баришівка"
  },
  {
    "number": 59000455843637,
    "dateTime": {
      "date": {
        "year": 2019,
        "month": 10,
        "day": 18
      },
      "time": {
        "hour": 11,
        "minute": 16,
        "second": 6,
        "nano": 0
      }
    },
    "citySender": "Одеса",
    "cityRecipient": "Тернопіль"
  },
  {
    "number": 59000455843638,
    "dateTime": {
      "date": {
        "year": 2019,
        "month": 10,
        "day": 18
      },
      "time": {
        "hour": 11,
        "minute": 16,
        "second": 25,
        "nano": 0
      }
    },
    "citySender": "Запоріжжя",
    "cityRecipient": "Київ"
  },
  {
    "number": 59000455843639,
    "dateTime": {
      "date": {
        "year": 2019,
        "month": 10,
        "day": 18
      },
      "time": {
        "hour": 11,
        "minute": 16,
        "second": 7,
        "nano": 0
      }
    },
    "citySender": "Київ",
    "cityRecipient": "Київ"
  },
  {
    "number": 59000455843640,
    "dateTime": {
      "date": {
        "year": 2019,
        "month": 10,
        "day": 18
      },
      "time": {
        "hour": 11,
        "minute": 16,
        "second": 32,
        "nano": 0
      }
    },
    "citySender": "Ірпінь",
    "cityRecipient": "Київ"
  },
  {
    "number": 59000455843641,
    "dateTime": {
      "date": {
        "year": 2019,
        "month": 10,
        "day": 18
      },
      "time": {
        "hour": 11,
        "minute": 16,
        "second": 34,
        "nano": 0
      }
    },
    "citySender": "Ірпінь",
    "cityRecipient": "Катеринопіль"
  },
  {
    "number": 59000455843642,
    "dateTime": {
      "date": {
        "year": 2019,
        "month": 10,
        "day": 18
      },
      "time": {
        "hour": 11,
        "minute": 15,
        "second": 1,
        "nano": 0
      }
    },
    "citySender": "Миколаївка (Новомосковський р-н)",
    "cityRecipient": "Київ"
  },
  {
    "number": 59000455843643,
    "dateTime": {
      "date": {
        "year": 2019,
        "month": 10,
        "day": 18
      },
      "time": {
        "hour": 11,
        "minute": 16,
        "second": 29,
        "nano": 0
      }
    },
    "citySender": "Кам\u0027янське(Дніпропетровська обл)",
    "cityRecipient": "Бердянськ"
  },
  {
    "number": 59000455843644,
    "dateTime": {
      "date": {
        "year": 2019,
        "month": 10,
        "day": 18
      },
      "time": {
        "hour": 11,
        "minute": 15,
        "second": 50,
        "nano": 0
      }
    },
    "citySender": "Вінниця",
    "cityRecipient": "Червоноград (Львівська обл.)"
  },
  {
    "number": 59000455843645,
    "dateTime": {
      "date": {
        "year": 2019,
        "month": 10,
        "day": 18
      },
      "time": {
        "hour": 11,
        "minute": 16,
        "second": 24,
        "nano": 0
      }
    },
    "citySender": "Харків",
    "cityRecipient": "Рівне"
  },
  {
    "number": 59000455843646,
    "dateTime": {
      "date": {
        "year": 2019,
        "month": 10,
        "day": 18
      },
      "time": {
        "hour": 11,
        "minute": 16,
        "second": 25,
        "nano": 0
      }
    },
    "citySender": "Щасливе",
    "cityRecipient": "Суми"
  },
  {
    "number": 59000455843647,
    "dateTime": {
      "date": {
        "year": 2019,
        "month": 10,
        "day": 18
      },
      "time": {
        "hour": 11,
        "minute": 16,
        "second": 26,
        "nano": 0
      }
    },
    "citySender": "Вишгород",
    "cityRecipient": "Новомосковськ"
  },
  {
    "number": 59000455843648,
    "dateTime": {
      "date": {
        "year": 2019,
        "month": 10,
        "day": 18
      },
      "time": {
        "hour": 11,
        "minute": 16,
        "second": 34,
        "nano": 0
      }
    },
    "citySender": "Велика Димерка",
    "cityRecipient": "Вишневе"
  },
  {
    "number": 59000455843649,
    "dateTime": {
      "date": {
        "year": 2019,
        "month": 10,
        "day": 18
      },
      "time": {
        "hour": 11,
        "minute": 15,
        "second": 54,
        "nano": 0
      }
    },
    "citySender": "Славутич",
    "cityRecipient": "Южноукраїнськ"
  },
  {
    "number": 59000455843650,
    "dateTime": {
      "date": {
        "year": 2019,
        "month": 10,
        "day": 18
      },
      "time": {
        "hour": 11,
        "minute": 15,
        "second": 30,
        "nano": 0
      }
    },
    "citySender": "Київ",
    "cityRecipient": "Київ"
  },
  {
    "number": 59000455843651,
    "dateTime": {
      "date": {
        "year": 2019,
        "month": 10,
        "day": 18
      },
      "time": {
        "hour": 11,
        "minute": 16,
        "second": 28,
        "nano": 0
      }
    },
    "citySender": "Львів",
    "cityRecipient": "Рава-Руська"
  },
  {
    "number": 59000455843652,
    "dateTime": {
      "date": {
        "year": 2019,
        "month": 10,
        "day": 18
      },
      "time": {
        "hour": 11,
        "minute": 16,
        "second": 36,
        "nano": 0
      }
    },
    "citySender": "Попасна",
    "cityRecipient": "Київ"
  },
  {
    "number": 59000455843653,
    "dateTime": {
      "date": {
        "year": 2019,
        "month": 10,
        "day": 18
      },
      "time": {
        "hour": 11,
        "minute": 16,
        "second": 8,
        "nano": 0
      }
    },
    "citySender": "Авангард",
    "cityRecipient": "Київ"
  },
  {
    "number": 59000455843655,
    "dateTime": {
      "date": {
        "year": 2019,
        "month": 10,
        "day": 18
      },
      "time": {
        "hour": 11,
        "minute": 16,
        "second": 37,
        "nano": 0
      }
    },
    "citySender": "Михайлівка-Рубежівка",
    "cityRecipient": "Київ"
  },
  {
    "number": 59000455843656,
    "dateTime": {
      "date": {
        "year": 2019,
        "month": 10,
        "day": 18
      },
      "time": {
        "hour": 11,
        "minute": 16,
        "second": 31,
        "nano": 0
      }
    },
    "citySender": "Дніпро",
    "cityRecipient": "Київ"
  },
  {
    "number": 59000455843657,
    "dateTime": {
      "date": {
        "year": 2019,
        "month": 10,
        "day": 18
      },
      "time": {
        "hour": 11,
        "minute": 16,
        "second": 33,
        "nano": 0
      }
    },
    "citySender": "Новоолексіївка (Херсонська обл.)",
    "cityRecipient": "Дніпро"
  },
  {
    "number": 59000455843658,
    "dateTime": {
      "date": {
        "year": 2019,
        "month": 10,
        "day": 18
      },
      "time": {
        "hour": 11,
        "minute": 16,
        "second": 37,
        "nano": 0
      }
    },
    "citySender": "Мала Виска",
    "cityRecipient": "Київ"
  },
  {
    "number": 59000455843659,
    "dateTime": {
      "date": {
        "year": 2019,
        "month": 10,
        "day": 18
      },
      "time": {
        "hour": 11,
        "minute": 16,
        "second": 24,
        "nano": 0
      }
    },
    "citySender": "Миколаїв",
    "cityRecipient": "Київ"
  }
]