[
  {
    "number": 59000455844760,
    "dateTime": {
      "date": {
        "year": 2019,
        "month": 10,
        "day": 18
      },
      "time": {
        "hour": 11,
        "minute": 18,
        "second": 24,
        "nano": 0
      }
    },
    "citySender": "Чернігів",
    "cityRecipient": "Київ"
  },
  {
    "number": 59000455844761,
    "dateTime": {
      "date": {
        "year": 2019,
        "month": 10,
        "day": 18
      },
      "time": {
        "hour": 11,
        "minute": 19,
        "second": 5,
        "nano": 0
      }
    },
    "citySender": "Ковель",
    "cityRecipient": "Оріхів"
  },
  {
    "number": 59000455844762,
    "dateTime": {
      "date": {
        "year": 2019,
        "month": 10,
        "day": 18
      },
      "time": {
        "hour": 11,
        "minute": 19,
        "second": 31,
        "nano": 0
      }
    },
    "citySender": "Харків",
    "cityRecipient": "Десна (Чернігівська обл.)"
  },
  {
    "number": 59000455844763,
    "dateTime": {
      "date": {
        "year": 2019,
        "month": 10,
        "day": 18
      },
      "time": {
        "hour": 11,
        "minute": 19,
        "second": 32,
        "nano": 0
      }
    },
    "citySender": "Ізмаїл",
    "cityRecipient": "Полтава"
  },
  {
    "number": 59000455844764,
    "dateTime": {
      "date": {
        "year": 2019,
        "month": 10,
        "day": 18
      },
      "time": {
        "hour": 11,
        "minute": 18,
        "second": 59,
        "nano": 0
      }
    },
    "citySender": "Одеса",
    "cityRecipient": "Київ"
  },
  {
    "number": 59000455844766,
    "dateTime": {
      "date": {
        "year": 2019,
        "month": 10,
        "day": 18
      },
      "time": {
        "hour": 11,
        "minute": 19,
        "second": 8,
        "nano": 0
      }
    },
    "citySender": "Мала Виска",
    "cityRecipient": "Харків"
  },
  {
    "number": 59000455844767,
    "dateTime": {
      "date": {
        "year": 2019,
        "month": 10,
        "day": 18
      },
      "time": {
        "hour": 11,
        "minute": 19,
        "second": 31,
        "nano": 0
      }
    },
    "citySender": "Київ",
    "cityRecipient": "Одеса"
  },
  {
    "number": 59000455844768,
    "dateTime": {
      "date": {
        "year": 2019,
        "month": 10,
        "day": 18
      },
      "time": {
        "hour": 11,
        "minute": 19,
        "second": 30,
        "nano": 0
      }
    },
    "citySender": "Київ",
    "cityRecipient": "Буча"
  },
  {
    "number": 59000455844769,
    "dateTime": {
      "date": {
        "year": 2019,
        "month": 10,
        "day": 18
      },
      "time": {
        "hour": 11,
        "minute": 18,
        "second": 24,
        "nano": 0
      }
    },
    "citySender": "Куп\u0027янськ",
    "cityRecipient": "Дніпро"
  },
  {
    "number": 59000455844770,
    "dateTime": {
      "date": {
        "year": 2019,
        "month": 10,
        "day": 18
      },
      "time": {
        "hour": 11,
        "minute": 19,
        "second": 7,
        "nano": 0
      }
    },
    "citySender": "Слов\u0027янськ",
    "cityRecipient": "Дружківка"
  },
  {
    "number": 59000455844771,
    "dateTime": {
      "date": {
        "year": 2019,
        "month": 10,
        "day": 18
      },
      "time": {
        "hour": 11,
        "minute": 17,
        "second": 32,
        "nano": 0
      }
    },
    "citySender": "Дніпро",
    "cityRecipient": "Миколаїв"
  },
  {
    "number": 59000455844772,
    "dateTime": {
      "date": {
        "year": 2019,
        "month": 10,
        "day": 18
      },
      "time": {
        "hour": 11,
        "minute": 19,
        "second": 11,
        "nano": 0
      }
    },
    "citySender": "Дніпро",
    "cityRecipient": "Володимир-Волинський"
  },
  {
    "number": 59000455844773,
    "dateTime": {
      "date": {
        "year": 2019,
        "month": 10,
        "day": 18
      },
      "time": {
        "hour": 11,
        "minute": 18,
        "second": 29,
        "nano": 0
      }
    },
    "citySender": "Дубно",
    "cityRecipient": "Київ"
  },
  {
    "number": 59000455844774,
    "dateTime": {
      "date": {
        "year": 2019,
        "month": 10,
        "day": 18
      },
      "time": {
        "hour": 11,
        "minute": 19,
        "second": 26,
        "nano": 0
      }
    },
    "citySender": "Солоницівка",
    "cityRecipient": "Запоріжжя"
  },
  {
    "number": 59000455844775,
    "dateTime": {
      "date": {
        "year": 2019,
        "month": 10,
        "day": 18
      },
      "time": {
        "hour": 11,
        "minute": 18,
        "second": 53,
        "nano": 0
      }
    },
    "citySender": "Волноваха",
    "cityRecipient": "Дачне"
  },
  {
    "number": 59000455844777,
    "dateTime": {
      "date": {
        "year": 2019,
        "month": 10,
        "day": 18
      },
      "time": {
        "hour": 11,
        "minute": 19,
        "second": 22,
        "nano": 0
      }
    },
    "citySender": "Київ",
    "cityRecipient": "Чернігів"
  },
  {
    "number": 59000455844778,
    "dateTime": {
      "date": {
        "year": 2019,
        "month": 10,
        "day": 18
      },
      "time": {
        "hour": 11,
        "minute": 19,
        "second": 25,
        "nano": 0
      }
    },
    "citySender": "Заболотів (Снятинський р-н)",
    "cityRecipient": "Березань"
  },
  {
    "number": 59000455844779,
    "dateTime": {
      "date": {
        "year": 2019,
        "month": 10,
        "day": 18
      },
      "time": {
        "hour": 11,
        "minute": 19,
        "second": 35,
        "nano": 0
      }
    },
    "citySender": "Сенча",
    "cityRecipient": "Київ"
  },
  {
    "number": 59000455844780,
    "dateTime": {
      "date": {
        "year": 2019,
        "month": 10,
        "day": 18
      },
      "time": {
        "hour": 11,
        "minute": 18,
        "second": 58,
        "nano": 0
      }
    },
    "citySender": "Умань",
    "cityRecipient": "Київ"
  },
  {
    "number": 59000455844781,
    "dateTime": {
      "date": {
        "year": 2019,
        "month": 10,
        "day": 18
      },
      "time": {
        "hour": 11,
        "minute": 18,
        "second": 28,
        "nano": 0
      }
    },
    "citySender": "Ємільчине",
    "cityRecipient": "Хмельницький"
  },
  {
    "number": 59000455844782,
    "dateTime": {
      "date": {
        "year": 2019,
        "month": 10,
        "day": 18
      },
      "time": {
        "hour": 11,
        "minute": 19,
        "second": 15,
        "nano": 0
      }
    },
    "citySender": "Харків",
    "cityRecipient": "Харків"
  },
  {
    "number": 59000455844783,
    "dateTime": {
      "date": {
        "year": 2019,
        "month": 10,
        "day": 18
      },
      "time": {
        "hour": 11,
        "minute": 19,
        "second": 33,
        "nano": 0
      }
    },
    "citySender": "Рівне",
    "cityRecipient": "Рівне"
  },
  {
    "number": 59000455844785,
    "dateTime": {
      "date": {
        "year": 2019,
        "month": 10,
        "day": 18
      },
      "time": {
        "hour": 11,
        "minute": 19,
        "second": 33,
        "nano": 0
      }
    },
    "citySender": "Харків",
    "cityRecipient": "Одеса"
  },
  {
    "number": 59000455844786,
    "dateTime": {
      "date": {
        "year": 2019,
        "month": 10,
        "day": 18
      },
      "time": {
        "hour": 11,
        "minute": 19,
        "second": 35,
        "nano": 0
      }
    },
    "citySender": "Одеса",
    "cityRecipient": "Степань"
  },
  {
    "number": 59000455844787,
    "dateTime": {
      "date": {
        "year": 2019,
        "month": 10,
        "day": 18
      },
      "time": {
        "hour": 11,
        "minute": 19,
        "second": 28,
        "nano": 0
      }
    },
    "citySender": "Одеса",
    "cityRecipient": "Київ"
  },
  {
    "number": 59000455844788,
    "dateTime": {
      "date": {
        "year": 2019,
        "month": 10,
        "day": 18
      },
      "time": {
        "hour": 11,
        "minute": 16,
        "second": 20,
        "nano": 0
      }
    },
    "citySender": "Шостка",
    "cityRecipient": "Лохвиця"
  },
  {
    "number": 59000455844789,
    "dateTime": {
      "date": {
        "year": 2019,
        "month": 10,
        "day": 18
      },
      "time": {
        "hour": 11,
        "minute": 19,
        "second": 0,
        "nano": 0
      }
    },
    "citySender": "Херсон",
    "cityRecipient": "Херсон"
  },
  {
    "number": 59000455844791,
    "dateTime": {
      "date": {
        "year": 2019,
        "month": 10,
        "day": 18
      },
      "time": {
        "hour": 11,
        "minute": 19,
        "second": 33,
        "nano": 0
      }
    },
    "citySender": "Одеса",
    "cityRecipient": "Одеса"
  },
  {
    "number": 59000455844792,
    "dateTime": {
      "date": {
        "year": 2019,
        "month": 10,
        "day": 18
      },
      "time": {
        "hour": 11,
        "minute": 19,
        "second": 18,
        "nano": 0
      }
    },
    "citySender": "Чернівці",
    "cityRecipient": "Дніпро"
  },
  {
    "number": 59000455844793,
    "dateTime": {
      "date": {
        "year": 2019,
        "month": 10,
        "day": 18
      },
      "time": {
        "hour": 11,
        "minute": 18,
        "second": 36,
        "nano": 0
      }
    },
    "citySender": "Забір\u0027я",
    "cityRecipient": "Дмитрушки"
  },
  {
    "number": 59000455844795,
    "dateTime": {
      "date": {
        "year": 2019,
        "month": 10,
        "day": 18
      },
      "time": {
        "hour": 11,
        "minute": 19,
        "second": 32,
        "nano": 0
      }
    },
    "citySender": "Київ",
    "cityRecipient": "Одеса"
  },
  {
    "number": 59000455844796,
    "dateTime": {
      "date": {
        "year": 2019,
        "month": 10,
        "day": 18
      },
      "time": {
        "hour": 11,
        "minute": 18,
        "second": 55,
        "nano": 0
      }
    },
    "citySender": "Вишеньки",
    "cityRecipient": "Київ"
  },
  {
    "number": 59000455844797,
    "dateTime": {
      "date": {
        "year": 2019,
        "month": 10,
        "day": 18
      },
      "time": {
        "hour": 11,
        "minute": 19,
        "second": 19,
        "nano": 0
      }
    },
    "citySender": "Харків",
    "cityRecipient": "Дніпро"
  },
  {
    "number": 59000455844798,
    "dateTime": {
      "date": {
        "year": 2019,
        "month": 10,
        "day": 18
      },
      "time": {
        "hour": 11,
        "minute": 19,
        "second": 23,
        "nano": 0
      }
    },
    "citySender": "Хирів",
    "cityRecipient": "Вендичани"
  },
  {
    "number": 59000455844799,
    "dateTime": {
      "date": {
        "year": 2019,
        "month": 10,
        "day": 18
      },
      "time": {
        "hour": 11,
        "minute": 19,
        "second": 38,
        "nano": 0
      }
    },
    "citySender": "Краматорськ",
    "cityRecipient": "Чернівці"
  },
  {
    "number": 59000455844800,
    "dateTime": {
      "date": {
        "year": 2019,
        "month": 10,
        "day": 18
      },
      "time": {
        "hour": 11,
        "minute": 19,
        "second": 4,
        "nano": 0
      }
    },
    "citySender": "Миргород",
    "cityRecipient": "Київ"
  },
  {
    "number": 59000455844801,
    "dateTime": {
      "date": {
        "year": 2019,
        "month": 10,
        "day": 18
      },
      "time": {
        "hour": 11,
        "minute": 19,
        "second": 29,
        "nano": 0
      }
    },
    "citySender": "Крюківщина",
    "cityRecipient": "Івано-Франківськ"
  },
  {
    "number": 59000455844803,
    "dateTime": {
      "date": {
        "year": 2019,
        "month": 10,
        "day": 18
      },
      "time": {
        "hour": 11,
        "minute": 19,
        "second": 11,
        "nano": 0
      }
    },
    "citySender": "Бахмут",
    "cityRecipient": "Київ"
  },
  {
    "number": 59000455844804,
    "dateTime": {
      "date": {
        "year": 2019,
        "month": 10,
        "day": 18
      },
      "time": {
        "hour": 11,
        "minute": 19,
        "second": 36,
        "nano": 0
      }
    },
    "citySender": "Жовті Води",
    "cityRecipient": "Угринів (Тисменицький р-н., Івано-Франк. обл.)"
  },
  {
    "number": 59000455844805,
    "dateTime": {
      "date": {
        "year": 2019,
        "month": 10,
        "day": 18
      },
      "time": {
        "hour": 11,
        "minute": 19,
        "second": 26,
        "nano": 0
      }
    },
    "citySender": "Івано-Франківськ",
    "cityRecipient": "Київ"
  },
  {
    "number": 59000455844806,
    "dateTime": {
      "date": {
        "year": 2019,
        "month": 10,
        "day": 18
      },
      "time": {
        "hour": 11,
        "minute": 19,
        "second": 25,
        "nano": 0
      }
    },
    "citySender": "Запоріжжя",
    "cityRecipient": "Полтава"
  },
  {
    "number": 59000455844807,
    "dateTime": {
      "date": {
        "year": 2019,
        "month": 10,
        "day": 18
      },
      "time": {
        "hour": 11,
        "minute": 18,
        "second": 59,
        "nano": 0
      }
    },
    "citySender": "Кам\u0027янець-Подільський",
    "cityRecipient": "Квасилів (Рівненська обл.)"
  },
  {
    "number": 59000455844808,
    "dateTime": {
      "date": {
        "year": 2019,
        "month": 10,
        "day": 18
      },
      "time": {
        "hour": 11,
        "minute": 19,
        "second": 26,
        "nano": 0
      }
    },
    "citySender": "Одеса",
    "cityRecipient": "Київ"
  },
  {
    "number": 59000455844809,
    "dateTime": {
      "date": {
        "year": 2019,
        "month": 10,
        "day": 18
      },
      "time": {
        "hour": 11,
        "minute": 19,
        "second": 16,
        "nano": 0
      }
    },
    "citySender": "Чорний Острів",
    "cityRecipient": "Нетішин"
  },
  {
    "number": 59000455844810,
    "dateTime": {
      "date": {
        "year": 2019,
        "month": 10,
        "day": 18
      },
      "time": {
        "hour": 11,
        "minute": 19,
        "second": 20,
        "nano": 0
      }
    },
    "citySender": "Дніпро",
    "cityRecipient": "Новомиколаївка (Запорізька обл.)"
  },
  {
    "number": 59000455844811,
    "dateTime": {
      "date": {
        "year": 2019,
        "month": 10,
        "day": 18
      },
      "time": {
        "hour": 11,
        "minute": 19,
        "second": 10,
        "nano": 0
      }
    },
    "citySender": "Дніпро",
    "cityRecipient": "Харків"
  },
  {
    "number": 59000455844812,
    "dateTime": {
      "date": {
        "year": 2019,
        "month": 10,
        "day": 18
      },
      "time": {
        "hour": 11,
        "minute": 19,
        "second": 14,
        "nano": 0
      }
    },
    "citySender": "Херсон",
    "cityRecipient": "Миколаїв"
  },
  {
    "number": 59000455844813,
    "dateTime": {
      "date": {
        "year": 2019,
        "month": 10,
        "day": 18
      },
      "time": {
        "hour": 11,
        "minute": 19,
        "second": 35,
        "nano": 0
      }
    },
    "citySender": "Київ",
    "cityRecipient": "Ірпінь"
  },
  {
    "number": 59000455844814,
    "dateTime": {
      "date": {
        "year": 2019,
        "month": 10,
        "day": 18
      },
      "time": {
        "hour": 11,
        "minute": 19,
        "second": 41,
        "nano": 0
      }
    },
    "citySender": "Красилів",
    "cityRecipient": "Рівне"
  },
  {
    "number": 59000455844815,
    "dateTime": {
      "date": {
        "year": 2019,
        "month": 10,
        "day": 18
      },
      "time": {
        "hour": 11,
        "minute": 19,
        "second": 21,
        "nano": 0
      }
    },
    "citySender": "Дашава",
    "cityRecipient": "Запоріжжя"
  },
  {
    "number": 59000455844816,
    "dateTime": {
      "date": {
        "year": 2019,
        "month": 10,
        "day": 18
      },
      "time": {
        "hour": 11,
        "minute": 19,
        "second": 42,
        "nano": 0
      }
    },
    "citySender": "Волноваха",
    "cityRecipient": "Харків"
  },
  {
    "number": 59000455844817,
    "dateTime": {
      "date": {
        "year": 2019,
        "month": 10,
        "day": 18
      },
      "time": {
        "hour": 11,
        "minute": 18,
        "second": 37,
        "nano": 0
      }
    },
    "citySender": "Корнин (Житомирська обл.)",
    "cityRecipient": "Рівне"
  },
  {
    "number": 59000455844818,
    "dateTime": {
      "date": {
        "year": 2019,
        "month": 10,
        "day": 18
      },
      "time": {
        "hour": 11,
        "minute": 19,
        "second": 36,
        "nano": 0
      }
    },
    "citySender": "Київ",
    "cityRecipient": "Суми"
  },
  {
    "number": 59000455844819,
    "dateTime": {
      "date": {
        "year": 2019,
        "month": 10,
        "day": 18
      },
      "time": {
        "hour": 11,
        "minute": 19,
        "second": 43,
        "nano": 0
      }
    },
    "citySender": "Запоріжжя",
    "cityRecipient": "Чернігівка"
  },
  {
    "number": 59000455844820,
    "dateTime": {
      "date": {
        "year": 2019,
        "month": 10,
        "day": 18
      },
      "time": {
        "hour": 11,
        "minute": 19,
        "second": 7,
        "nano": 0
      }
    },
    "citySender": "Вербка",
    "cityRecipient": "Великодолинське"
  },
  {
    "number": 59000455844821,
    "dateTime": {
      "date": {
        "year": 2019,
        "month": 10,
        "day": 18
      },
      "time": {
        "hour": 11,
        "minute": 19,
        "second": 24,
        "nano": 0
      }
    },
    "citySender": "Калуш",
    "cityRecipient": "Київ"
  },
  {
    "number": 59000455844822,
    "dateTime": {
      "date": {
        "year": 2019,
        "month": 10,
        "day": 18
      },
      "time": {
        "hour": 11,
        "minute": 19,
        "second": 39,
        "nano": 0
      }
    },
    "citySender": "Дніпро",
    "cityRecipient": "Київ"
  },
  {
    "number": 59000455844823,
    "dateTime": {
      "date": {
        "year": 2019,
        "month": 10,
        "day": 18
      },
      "time": {
        "hour": 11,
        "minute": 19,
        "second": 0,
        "nano": 0
      }
    },
    "citySender": "Миколаїв",
    "cityRecipient": "Тернопіль"
  },
  {
    "number": 59000455844824,
    "dateTime": {
      "date": {
        "year": 2019,
        "month": 10,
        "day": 18
      },
      "time": {
        "hour": 11,
        "minute": 19,
        "second": 42,
        "nano": 0
      }
    },
    "citySender": "Тростянець (Сумська обл.)",
    "cityRecipient": "Коростень"
  },
  {
    "number": 59000455844825,
    "dateTime": {
      "date": {
        "year": 2019,
        "month": 10,
        "day": 18
      },
      "time": {
        "hour": 11,
        "minute": 19,
        "second": 29,
        "nano": 0
      }
    },
    "citySender": "Кропивницький",
    "cityRecipient": "Львів"
  },
  {
    "number": 59000455844826,
    "dateTime": {
      "date": {
        "year": 2019,
        "month": 10,
        "day": 18
      },
      "time": {
        "hour": 11,
        "minute": 18,
        "second": 33,
        "nano": 0
      }
    },
    "citySender": "Ковель",
    "cityRecipient": "Дружківка"
  },
  {
    "number": 59000455844827,
    "dateTime": {
      "date": {
        "year": 2019,
        "month": 10,
        "day": 18
      },
      "time": {
        "hour": 11,
        "minute": 19,
        "second": 26,
        "nano": 0
      }
    },
    "citySender": "Калинівка (Вінницька обл., Калинівський р-н)",
    "cityRecipient": "Дніпро"
  },
  {
    "number": 59000455844828,
    "dateTime": {
      "date": {
        "year": 2019,
        "month": 10,
        "day": 18
      },
      "time": {
        "hour": 11,
        "minute": 19,
        "second": 20,
        "nano": 0
      }
    },
    "citySender": "Слов\u0027янськ",
    "cityRecipient": "Маріуполь"
  },
  {
    "number": 59000455844829,
    "dateTime": {
      "date": {
        "year": 2019,
        "month": 10,
        "day": 18
      },
      "time": {
        "hour": 11,
        "minute": 16,
        "second": 38,
        "nano": 0
      }
    },
    "citySender": "Одеса",
    "cityRecipient": "Маріуполь"
  },
  {
    "number": 59000455844830,
    "dateTime": {
      "date": {
        "year": 2019,
        "month": 10,
        "day": 18
      },
      "time": {
        "hour": 11,
        "minute": 18,
        "second": 43,
        "nano": 0
      }
    },
    "citySender": "Одеса",
    "cityRecipient": "Київ"
  },
  {
    "number": 59000455844831,
    "dateTime": {
      "date": {
        "year": 2019,
        "month": 10,
        "day": 18
      },
      "time": {
        "hour": 11,
        "minute": 18,
        "second": 45,
        "nano": 0
      }
    },
    "citySender": "Ватутіне",
    "cityRecipient": "Білолуцьк"
  },
  {
    "number": 59000455844832,
    "dateTime": {
      "date": {
        "year": 2019,
        "month": 10,
        "day": 18
      },
      "time": {
        "hour": 11,
        "minute": 19,
        "second": 26,
        "nano": 0
      }
    },
    "citySender": "Стрілковичі",
    "cityRecipient": "Коростишів"
  },
  {
    "number": 59000455844833,
    "dateTime": {
      "date": {
        "year": 2019,
        "month": 10,
        "day": 18
      },
      "time": {
        "hour": 11,
        "minute": 19,
        "second": 34,
        "nano": 0
      }
    },
    "citySender": "Київ",
    "cityRecipient": "Васильків"
  },
  {
    "number": 59000455844834,
    "dateTime": {
      "date": {
        "year": 2019,
        "month": 10,
        "day": 18
      },
      "time": {
        "hour": 11,
        "minute": 19,
        "second": 30,
        "nano": 0
      }
    },
    "citySender": "Київ",
    "cityRecipient": "Полтава"
  },
  {
    "number": 59000455844835,
    "dateTime": {
      "date": {
        "year": 2019,
        "month": 10,
        "day": 18
      },
      "time": {
        "hour": 11,
        "minute": 19,
        "second": 45,
        "nano": 0
      }
    },
    "citySender": "Київ",
    "cityRecipient": "Одеса"
  },
  {
    "number": 59000455844836,
    "dateTime": {
      "date": {
        "year": 2019,
        "month": 10,
        "day": 18
      },
      "time": {
        "hour": 11,
        "minute": 19,
        "second": 6,
        "nano": 0
      }
    },
    "citySender": "Кирилівка(Якимівський р-н)",
    "cityRecipient": "Рівне"
  },
  {
    "number": 59000455844837,
    "dateTime": {
      "date": {
        "year": 2019,
        "month": 10,
        "day": 18
      },
      "time": {
        "hour": 11,
        "minute": 18,
        "second": 56,
        "nano": 0
      }
    },
    "citySender": "Васильківка (Дніпропетровська обл.)",
    "cityRecipient": "Бахмут"
  },
  {
    "number": 59000455844838,
    "dateTime": {
      "date": {
        "year": 2019,
        "month": 10,
        "day": 18
      },
      "time": {
        "hour": 11,
        "minute": 19,
        "second": 31,
        "nano": 0
      }
    },
    "citySender": "Одеса",
    "cityRecipient": "Кам\u0027янське(Дніпропетровська обл)"
  },
  {
    "number": 59000455844839,
    "dateTime": {
      "date": {
        "year": 2019,
        "month": 10,
        "day": 18
      },
      "time": {
        "hour": 11,
        "minute": 19,
        "second": 17,
        "nano": 0
      }
    },
    "citySender": "Вінниця",
    "cityRecipient": "Київ"
  },
  {
    "number": 59000455844840,
    "dateTime": {
      "date": {
        "year": 2019,
        "month": 10,
        "day": 18
      },
      "time": {
        "hour": 11,
        "minute": 19,
        "second": 36,
        "nano": 0
      }
    },
    "citySender": "Львів",
    "cityRecipient": "Київ"
  },
  {
    "number": 59000455844841,
    "dateTime": {
      "date": {
        "year": 2019,
        "month": 10,
        "day": 18
      },
      "time": {
        "hour": 11,
        "minute": 19,
        "second": 15,
        "nano": 0
      }
    },
    "citySender": "Вишневе",
    "cityRecipient": "Нікополь (Дніпропетровська обл.)"
  },
  {
    "number": 59000455844842,
    "dateTime": {
      "date": {
        "year": 2019,
        "month": 10,
        "day": 18
      },
      "time": {
        "hour": 11,
        "minute": 17,
        "second": 56,
        "nano": 0
      }
    },
    "citySender": "Якимівка (Запорізька обл.)",
    "cityRecipient": "Миколаїв"
  },
  {
    "number": 59000455844843,
    "dateTime": {
      "date": {
        "year": 2019,
        "month": 10,
        "day": 18
      },
      "time": {
        "hour": 11,
        "minute": 19,
        "second": 41,
        "nano": 0
      }
    },
    "citySender": "Носівка",
    "cityRecipient": "Київ"
  },
  {
    "number": 59000455844844,
    "dateTime": {
      "date": {
        "year": 2019,
        "month": 10,
        "day": 18
      },
      "time": {
        "hour": 11,
        "minute": 19,
        "second": 36,
        "nano": 0
      }
    },
    "citySender": "Дніпро",
    "cityRecipient": "Полтава"
  },
  {
    "number": 59000455844845,
    "dateTime": {
      "date": {
        "year": 2019,
        "month": 10,
        "day": 18
      },
      "time": {
        "hour": 11,
        "minute": 19,
        "second": 47,
        "nano": 0
      }
    },
    "citySender": "Одеса",
    "cityRecipient": "Одеса"
  },
  {
    "number": 59000455844846,
    "dateTime": {
      "date": {
        "year": 2019,
        "month": 10,
        "day": 18
      },
      "time": {
        "hour": 11,
        "minute": 19,
        "second": 26,
        "nano": 0
      }
    },
    "citySender": "Тростянець (Вінницька обл.)",
    "cityRecipient": "Хмельницький"
  },
  {
    "number": 59000455844847,
    "dateTime": {
      "date": {
        "year": 2019,
        "month": 10,
        "day": 18
      },
      "time": {
        "hour": 11,
        "minute": 19,
        "second": 37,
        "nano": 0
      }
    },
    "citySender": "Одеса",
    "cityRecipient": "Проліски"
  },
  {
    "number": 59000455844848,
    "dateTime": {
      "date": {
        "year": 2019,
        "month": 10,
        "day": 18
      },
      "time": {
        "hour": 11,
        "minute": 19,
        "second": 24,
        "nano": 0
      }
    },
    "citySender": "Южноукраїнськ",
    "cityRecipient": "Київ"
  },
  {
    "number": 59000455844849,
    "dateTime": {
      "date": {
        "year": 2019,
        "month": 10,
        "day": 18
      },
      "time": {
        "hour": 11,
        "minute": 19,
        "second": 45,
        "nano": 0
      }
    },
    "citySender": "Великий Бичків",
    "cityRecipient": "Косівська Поляна"
  },
  {
    "number": 59000455844850,
    "dateTime": {
      "date": {
        "year": 2019,
        "month": 10,
        "day": 18
      },
      "time": {
        "hour": 11,
        "minute": 19,
        "second": 38,
        "nano": 0
      }
    },
    "citySender": "Бровари",
    "cityRecipient": "Енергодар"
  },
  {
    "number": 59000455844851,
    "dateTime": {
      "date": {
        "year": 2019,
        "month": 10,
        "day": 18
      },
      "time": {
        "hour": 11,
        "minute": 19,
        "second": 6,
        "nano": 0
      }
    },
    "citySender": "Запоріжжя",
    "cityRecipient": "Дніпро"
  },
  {
    "number": 59000455844852,
    "dateTime": {
      "date": {
        "year": 2019,
        "month": 10,
        "day": 18
      },
      "time": {
        "hour": 11,
        "minute": 19,
        "second": 46,
        "nano": 0
      }
    },
    "citySender": "Покровськ (Донецька обл.)",
    "cityRecipient": "Маріуполь"
  },
  {
    "number": 59000455844853,
    "dateTime": {
      "date": {
        "year": 2019,
        "month": 10,
        "day": 18
      },
      "time": {
        "hour": 11,
        "minute": 18,
        "second": 57,
        "nano": 0
      }
    },
    "citySender": "Львів",
    "cityRecipient": "Ольшанське"
  },
  {
    "number": 59000455844854,
    "dateTime": {
      "date": {
        "year": 2019,
        "month": 10,
        "day": 18
      },
      "time": {
        "hour": 11,
        "minute": 19,
        "second": 49,
        "nano": 0
      }
    },
    "citySender": "Київ",
    "cityRecipient": "Київ"
  },
  {
    "number": 59000455844855,
    "dateTime": {
      "date": {
        "year": 2019,
        "month": 10,
        "day": 18
      },
      "time": {
        "hour": 11,
        "minute": 19,
        "second": 49,
        "nano": 0
      }
    },
    "citySender": "Ужгород",
    "cityRecipient": "Львів"
  },
  {
    "number": 59000455844856,
    "dateTime": {
      "date": {
        "year": 2019,
        "month": 10,
        "day": 18
      },
      "time": {
        "hour": 11,
        "minute": 19,
        "second": 48,
        "nano": 0
      }
    },
    "citySender": "Одеса",
    "cityRecipient": "Київ"
  },
  {
    "number": 59000455844857,
    "dateTime": {
      "date": {
        "year": 2019,
        "month": 10,
        "day": 18
      },
      "time": {
        "hour": 11,
        "minute": 19,
        "second": 16,
        "nano": 0
      }
    },
    "citySender": "Корсунь-Шевченківський",
    "cityRecipient": "Київ"
  },
  {
    "number": 59000455844858,
    "dateTime": {
      "date": {
        "year": 2019,
        "month": 10,
        "day": 18
      },
      "time": {
        "hour": 11,
        "minute": 19,
        "second": 23,
        "nano": 0
      }
    },
    "citySender": "Харків",
    "cityRecipient": "Харків"
  },
  {
    "number": 59000455844859,
    "dateTime": {
      "date": {
        "year": 2019,
        "month": 10,
        "day": 18
      },
      "time": {
        "hour": 11,
        "minute": 19,
        "second": 46,
        "nano": 0
      }
    },
    "citySender": "Одеса",
    "cityRecipient": "Одеса"
  }
]