[
  {
    "number": 59000455813182,
    "dateTime": {
      "date": {
        "year": 2019,
        "month": 10,
        "day": 18
      },
      "time": {
        "hour": 9,
        "minute": 39,
        "second": 9,
        "nano": 0
      }
    },
    "citySender": "Вінниця",
    "cityRecipient": "Радивилів"
  },
  {
    "number": 59000455813183,
    "dateTime": {
      "date": {
        "year": 2019,
        "month": 10,
        "day": 18
      },
      "time": {
        "hour": 9,
        "minute": 37,
        "second": 40,
        "nano": 0
      }
    },
    "citySender": "Оболонь (Семенівський р-н)",
    "cityRecipient": "Київ"
  },
  {
    "number": 59000455813184,
    "dateTime": {
      "date": {
        "year": 2019,
        "month": 10,
        "day": 18
      },
      "time": {
        "hour": 9,
        "minute": 38,
        "second": 58,
        "nano": 0
      }
    },
    "citySender": "Білгород-Дністровський",
    "cityRecipient": "Христинівка"
  },
  {
    "number": 59000455813185,
    "dateTime": {
      "date": {
        "year": 2019,
        "month": 10,
        "day": 18
      },
      "time": {
        "hour": 9,
        "minute": 38,
        "second": 9,
        "nano": 0
      }
    },
    "citySender": "Куп\u0027янськ",
    "cityRecipient": "Харків"
  },
  {
    "number": 59000455813186,
    "dateTime": {
      "date": {
        "year": 2019,
        "month": 10,
        "day": 18
      },
      "time": {
        "hour": 9,
        "minute": 38,
        "second": 52,
        "nano": 0
      }
    },
    "citySender": "Пісочин",
    "cityRecipient": "Київ"
  },
  {
    "number": 59000455813187,
    "dateTime": {
      "date": {
        "year": 2019,
        "month": 10,
        "day": 18
      },
      "time": {
        "hour": 9,
        "minute": 39,
        "second": 16,
        "nano": 0
      }
    },
    "citySender": "Чорноморськ",
    "cityRecipient": "Одеса"
  },
  {
    "number": 59000455813188,
    "dateTime": {
      "date": {
        "year": 2019,
        "month": 10,
        "day": 18
      },
      "time": {
        "hour": 9,
        "minute": 39,
        "second": 25,
        "nano": 0
      }
    },
    "citySender": "Пирятин",
    "cityRecipient": "Львів"
  },
  {
    "number": 59000455813189,
    "dateTime": {
      "date": {
        "year": 2019,
        "month": 10,
        "day": 18
      },
      "time": {
        "hour": 9,
        "minute": 39,
        "second": 17,
        "nano": 0
      }
    },
    "citySender": "Рокитне (Рівненська обл., Рокитнівський р-н)",
    "cityRecipient": "Рівне"
  },
  {
    "number": 59000455813190,
    "dateTime": {
      "date": {
        "year": 2019,
        "month": 10,
        "day": 18
      },
      "time": {
        "hour": 9,
        "minute": 38,
        "second": 59,
        "nano": 0
      }
    },
    "citySender": "Київ",
    "cityRecipient": "Голубівка"
  },
  {
    "number": 59000455813191,
    "dateTime": {
      "date": {
        "year": 2019,
        "month": 10,
        "day": 18
      },
      "time": {
        "hour": 9,
        "minute": 38,
        "second": 45,
        "nano": 0
      }
    },
    "citySender": "Борислав (Львівська обл.)",
    "cityRecipient": "Київ"
  },
  {
    "number": 59000455813192,
    "dateTime": {
      "date": {
        "year": 2019,
        "month": 10,
        "day": 18
      },
      "time": {
        "hour": 9,
        "minute": 38,
        "second": 51,
        "nano": 0
      }
    },
    "citySender": "Катеринопіль",
    "cityRecipient": "Чонгар(Херсонська обл.)"
  },
  {
    "number": 59000455813193,
    "dateTime": {
      "date": {
        "year": 2019,
        "month": 10,
        "day": 18
      },
      "time": {
        "hour": 9,
        "minute": 39,
        "second": 16,
        "nano": 0
      }
    },
    "citySender": "Жидачів",
    "cityRecipient": "Кременчук"
  },
  {
    "number": 59000455813195,
    "dateTime": {
      "date": {
        "year": 2019,
        "month": 10,
        "day": 18
      },
      "time": {
        "hour": 9,
        "minute": 39,
        "second": 23,
        "nano": 0
      }
    },
    "citySender": "Радомишль",
    "cityRecipient": "Гуляйполе"
  },
  {
    "number": 59000455813196,
    "dateTime": {
      "date": {
        "year": 2019,
        "month": 10,
        "day": 18
      },
      "time": {
        "hour": 9,
        "minute": 39,
        "second": 17,
        "nano": 0
      }
    },
    "citySender": "Вишневе",
    "cityRecipient": "Луцьк"
  },
  {
    "number": 59000455813197,
    "dateTime": {
      "date": {
        "year": 2019,
        "month": 10,
        "day": 18
      },
      "time": {
        "hour": 9,
        "minute": 39,
        "second": 19,
        "nano": 0
      }
    },
    "citySender": "Дніпро",
    "cityRecipient": "Кам\u0027янське(Дніпропетровська обл)"
  },
  {
    "number": 59000455813198,
    "dateTime": {
      "date": {
        "year": 2019,
        "month": 10,
        "day": 18
      },
      "time": {
        "hour": 9,
        "minute": 36,
        "second": 33,
        "nano": 0
      }
    },
    "citySender": "Ясногірка",
    "cityRecipient": "Трускавець"
  },
  {
    "number": 59000455813199,
    "dateTime": {
      "date": {
        "year": 2019,
        "month": 10,
        "day": 18
      },
      "time": {
        "hour": 9,
        "minute": 39,
        "second": 2,
        "nano": 0
      }
    },
    "citySender": "Ізяслав",
    "cityRecipient": "Київ"
  },
  {
    "number": 59000455813200,
    "dateTime": {
      "date": {
        "year": 2019,
        "month": 10,
        "day": 18
      },
      "time": {
        "hour": 9,
        "minute": 39,
        "second": 0,
        "nano": 0
      }
    },
    "citySender": "Дрогобич",
    "cityRecipient": "Переяслав-Хмельницький"
  },
  {
    "number": 59000455813201,
    "dateTime": {
      "date": {
        "year": 2019,
        "month": 10,
        "day": 18
      },
      "time": {
        "hour": 9,
        "minute": 39,
        "second": 18,
        "nano": 0
      }
    },
    "citySender": "Дніпро",
    "cityRecipient": "Макарів"
  },
  {
    "number": 59000455813202,
    "dateTime": {
      "date": {
        "year": 2019,
        "month": 10,
        "day": 18
      },
      "time": {
        "hour": 9,
        "minute": 39,
        "second": 16,
        "nano": 0
      }
    },
    "citySender": "Верховина",
    "cityRecipient": "Стрий"
  },
  {
    "number": 59000455813203,
    "dateTime": {
      "date": {
        "year": 2019,
        "month": 10,
        "day": 18
      },
      "time": {
        "hour": 9,
        "minute": 39,
        "second": 11,
        "nano": 0
      }
    },
    "citySender": "Асканія-Нова",
    "cityRecipient": "Великий Крупіль"
  },
  {
    "number": 59000455813204,
    "dateTime": {
      "date": {
        "year": 2019,
        "month": 10,
        "day": 18
      },
      "time": {
        "hour": 9,
        "minute": 38,
        "second": 18,
        "nano": 0
      }
    },
    "citySender": "Сєвєродонецьк",
    "cityRecipient": "Солонка (Львівська обл.)"
  },
  {
    "number": 59000455813205,
    "dateTime": {
      "date": {
        "year": 2019,
        "month": 10,
        "day": 18
      },
      "time": {
        "hour": 9,
        "minute": 39,
        "second": 12,
        "nano": 0
      }
    },
    "citySender": "Калуш",
    "cityRecipient": "Івано-Франківськ"
  },
  {
    "number": 59000455813206,
    "dateTime": {
      "date": {
        "year": 2019,
        "month": 10,
        "day": 18
      },
      "time": {
        "hour": 9,
        "minute": 39,
        "second": 14,
        "nano": 0
      }
    },
    "citySender": "Здолбунів",
    "cityRecipient": "Київ"
  },
  {
    "number": 59000455813207,
    "dateTime": {
      "date": {
        "year": 2019,
        "month": 10,
        "day": 18
      },
      "time": {
        "hour": 9,
        "minute": 38,
        "second": 50,
        "nano": 0
      }
    },
    "citySender": "Київ",
    "cityRecipient": "Київ"
  },
  {
    "number": 59000455813208,
    "dateTime": {
      "date": {
        "year": 2019,
        "month": 10,
        "day": 18
      },
      "time": {
        "hour": 9,
        "minute": 39,
        "second": 28,
        "nano": 0
      }
    },
    "citySender": "Жашків",
    "cityRecipient": "Кропивницький"
  },
  {
    "number": 59000455813209,
    "dateTime": {
      "date": {
        "year": 2019,
        "month": 10,
        "day": 18
      },
      "time": {
        "hour": 9,
        "minute": 38,
        "second": 54,
        "nano": 0
      }
    },
    "citySender": "Охтирка",
    "cityRecipient": "Київ"
  },
  {
    "number": 59000455813210,
    "dateTime": {
      "date": {
        "year": 2019,
        "month": 10,
        "day": 18
      },
      "time": {
        "hour": 9,
        "minute": 38,
        "second": 24,
        "nano": 0
      }
    },
    "citySender": "Черніїв",
    "cityRecipient": "Лука-Мелешківська"
  },
  {
    "number": 59000455813211,
    "dateTime": {
      "date": {
        "year": 2019,
        "month": 10,
        "day": 18
      },
      "time": {
        "hour": 9,
        "minute": 38,
        "second": 25,
        "nano": 0
      }
    },
    "citySender": "Чорнобай",
    "cityRecipient": "Талаківка"
  },
  {
    "number": 59000455813212,
    "dateTime": {
      "date": {
        "year": 2019,
        "month": 10,
        "day": 18
      },
      "time": {
        "hour": 9,
        "minute": 39,
        "second": 1,
        "nano": 0
      }
    },
    "citySender": "Бершадь",
    "cityRecipient": "Славське (Львівська обл.)"
  },
  {
    "number": 59000455813213,
    "dateTime": {
      "date": {
        "year": 2019,
        "month": 10,
        "day": 18
      },
      "time": {
        "hour": 9,
        "minute": 39,
        "second": 13,
        "nano": 0
      }
    },
    "citySender": "Черкаси",
    "cityRecipient": "Вознесенськ"
  },
  {
    "number": 59000455813214,
    "dateTime": {
      "date": {
        "year": 2019,
        "month": 10,
        "day": 18
      },
      "time": {
        "hour": 9,
        "minute": 39,
        "second": 20,
        "nano": 0
      }
    },
    "citySender": "Дніпро",
    "cityRecipient": "Дніпро"
  },
  {
    "number": 59000455813215,
    "dateTime": {
      "date": {
        "year": 2019,
        "month": 10,
        "day": 18
      },
      "time": {
        "hour": 9,
        "minute": 38,
        "second": 53,
        "nano": 0
      }
    },
    "citySender": "Лисичанськ",
    "cityRecipient": "Київ"
  },
  {
    "number": 59000455813216,
    "dateTime": {
      "date": {
        "year": 2019,
        "month": 10,
        "day": 18
      },
      "time": {
        "hour": 9,
        "minute": 38,
        "second": 45,
        "nano": 0
      }
    },
    "citySender": "Слобожанське(Зміївський р-н., Харківська обл.)",
    "cityRecipient": "Світлодарськ"
  },
  {
    "number": 59000455813217,
    "dateTime": {
      "date": {
        "year": 2019,
        "month": 10,
        "day": 18
      },
      "time": {
        "hour": 9,
        "minute": 39,
        "second": 28,
        "nano": 0
      }
    },
    "citySender": "Сватове",
    "cityRecipient": "Харків"
  },
  {
    "number": 59000455813218,
    "dateTime": {
      "date": {
        "year": 2019,
        "month": 10,
        "day": 18
      },
      "time": {
        "hour": 9,
        "minute": 39,
        "second": 8,
        "nano": 0
      }
    },
    "citySender": "Біла Церква",
    "cityRecipient": "Жашків"
  },
  {
    "number": 59000455813219,
    "dateTime": {
      "date": {
        "year": 2019,
        "month": 10,
        "day": 18
      },
      "time": {
        "hour": 9,
        "minute": 39,
        "second": 30,
        "nano": 0
      }
    },
    "citySender": "Авангард",
    "cityRecipient": "Львів"
  },
  {
    "number": 59000455813220,
    "dateTime": {
      "date": {
        "year": 2019,
        "month": 10,
        "day": 18
      },
      "time": {
        "hour": 9,
        "minute": 38,
        "second": 51,
        "nano": 0
      }
    },
    "citySender": "Миколаїв",
    "cityRecipient": "Рівне"
  },
  {
    "number": 59000455813221,
    "dateTime": {
      "date": {
        "year": 2019,
        "month": 10,
        "day": 18
      },
      "time": {
        "hour": 9,
        "minute": 39,
        "second": 7,
        "nano": 0
      }
    },
    "citySender": "Київ",
    "cityRecipient": "Тернопіль"
  },
  {
    "number": 59000455813222,
    "dateTime": {
      "date": {
        "year": 2019,
        "month": 10,
        "day": 18
      },
      "time": {
        "hour": 9,
        "minute": 39,
        "second": 24,
        "nano": 0
      }
    },
    "citySender": "Підкамінь",
    "cityRecipient": "Рудне"
  },
  {
    "number": 59000455813224,
    "dateTime": {
      "date": {
        "year": 2019,
        "month": 10,
        "day": 18
      },
      "time": {
        "hour": 9,
        "minute": 39,
        "second": 19,
        "nano": 0
      }
    },
    "citySender": "Долина",
    "cityRecipient": "Івано-Франківськ"
  },
  {
    "number": 59000455813225,
    "dateTime": {
      "date": {
        "year": 2019,
        "month": 10,
        "day": 18
      },
      "time": {
        "hour": 9,
        "minute": 37,
        "second": 40,
        "nano": 0
      }
    },
    "citySender": "Лубни",
    "cityRecipient": "Волноваха"
  },
  {
    "number": 59000455813226,
    "dateTime": {
      "date": {
        "year": 2019,
        "month": 10,
        "day": 18
      },
      "time": {
        "hour": 9,
        "minute": 39,
        "second": 30,
        "nano": 0
      }
    },
    "citySender": "Червоноград (Львівська обл.)",
    "cityRecipient": "Дніпро"
  },
  {
    "number": 59000455813227,
    "dateTime": {
      "date": {
        "year": 2019,
        "month": 10,
        "day": 18
      },
      "time": {
        "hour": 9,
        "minute": 39,
        "second": 18,
        "nano": 0
      }
    },
    "citySender": "Вінниця",
    "cityRecipient": "Дніпро"
  },
  {
    "number": 59000455813228,
    "dateTime": {
      "date": {
        "year": 2019,
        "month": 10,
        "day": 18
      },
      "time": {
        "hour": 9,
        "minute": 39,
        "second": 12,
        "nano": 0
      }
    },
    "citySender": "Черкаси",
    "cityRecipient": "Яворів"
  },
  {
    "number": 59000455813229,
    "dateTime": {
      "date": {
        "year": 2019,
        "month": 10,
        "day": 18
      },
      "time": {
        "hour": 9,
        "minute": 39,
        "second": 27,
        "nano": 0
      }
    },
    "citySender": "Київ",
    "cityRecipient": "Київ"
  },
  {
    "number": 59000455813230,
    "dateTime": {
      "date": {
        "year": 2019,
        "month": 10,
        "day": 18
      },
      "time": {
        "hour": 9,
        "minute": 38,
        "second": 52,
        "nano": 0
      }
    },
    "citySender": "Київ",
    "cityRecipient": "Дніпро"
  },
  {
    "number": 59000455813231,
    "dateTime": {
      "date": {
        "year": 2019,
        "month": 10,
        "day": 18
      },
      "time": {
        "hour": 9,
        "minute": 39,
        "second": 6,
        "nano": 0
      }
    },
    "citySender": "Тишківка",
    "cityRecipient": "Доброслав"
  },
  {
    "number": 59000455813232,
    "dateTime": {
      "date": {
        "year": 2019,
        "month": 10,
        "day": 18
      },
      "time": {
        "hour": 9,
        "minute": 39,
        "second": 15,
        "nano": 0
      }
    },
    "citySender": "Кривий Ріг",
    "cityRecipient": "Вири"
  },
  {
    "number": 59000455813233,
    "dateTime": {
      "date": {
        "year": 2019,
        "month": 10,
        "day": 18
      },
      "time": {
        "hour": 9,
        "minute": 38,
        "second": 31,
        "nano": 0
      }
    },
    "citySender": "Гадяч",
    "cityRecipient": "Ніжин"
  },
  {
    "number": 59000455813234,
    "dateTime": {
      "date": {
        "year": 2019,
        "month": 10,
        "day": 18
      },
      "time": {
        "hour": 9,
        "minute": 39,
        "second": 33,
        "nano": 0
      }
    },
    "citySender": "Сквира",
    "cityRecipient": "Чернятин (Жмеринський р-н)"
  },
  {
    "number": 59000455813235,
    "dateTime": {
      "date": {
        "year": 2019,
        "month": 10,
        "day": 18
      },
      "time": {
        "hour": 9,
        "minute": 39,
        "second": 32,
        "nano": 0
      }
    },
    "citySender": "Львів",
    "cityRecipient": "Копичинці (Гусятинський р-н)"
  },
  {
    "number": 59000455813236,
    "dateTime": {
      "date": {
        "year": 2019,
        "month": 10,
        "day": 18
      },
      "time": {
        "hour": 9,
        "minute": 39,
        "second": 20,
        "nano": 0
      }
    },
    "citySender": "Київ",
    "cityRecipient": "Лубни"
  },
  {
    "number": 59000455813237,
    "dateTime": {
      "date": {
        "year": 2019,
        "month": 10,
        "day": 18
      },
      "time": {
        "hour": 9,
        "minute": 39,
        "second": 33,
        "nano": 0
      }
    },
    "citySender": "Дмитрівка (Києво- Святошинський р-н)",
    "cityRecipient": "Хмельницький"
  },
  {
    "number": 59000455813238,
    "dateTime": {
      "date": {
        "year": 2019,
        "month": 10,
        "day": 18
      },
      "time": {
        "hour": 9,
        "minute": 39,
        "second": 25,
        "nano": 0
      }
    },
    "citySender": "Теофіполь",
    "cityRecipient": "Хмельницький"
  },
  {
    "number": 59000455813239,
    "dateTime": {
      "date": {
        "year": 2019,
        "month": 10,
        "day": 18
      },
      "time": {
        "hour": 9,
        "minute": 39,
        "second": 19,
        "nano": 0
      }
    },
    "citySender": "Київ",
    "cityRecipient": "Дніпро"
  },
  {
    "number": 59000455813240,
    "dateTime": {
      "date": {
        "year": 2019,
        "month": 10,
        "day": 18
      },
      "time": {
        "hour": 9,
        "minute": 39,
        "second": 23,
        "nano": 0
      }
    },
    "citySender": "Вінниця",
    "cityRecipient": "Брацлав"
  },
  {
    "number": 59000455813241,
    "dateTime": {
      "date": {
        "year": 2019,
        "month": 10,
        "day": 18
      },
      "time": {
        "hour": 9,
        "minute": 39,
        "second": 21,
        "nano": 0
      }
    },
    "citySender": "Нікополь (Дніпропетровська обл.)",
    "cityRecipient": "Харків"
  },
  {
    "number": 59000455813242,
    "dateTime": {
      "date": {
        "year": 2019,
        "month": 10,
        "day": 18
      },
      "time": {
        "hour": 9,
        "minute": 39,
        "second": 13,
        "nano": 0
      }
    },
    "citySender": "Івано-Франківськ",
    "cityRecipient": "Деражня"
  },
  {
    "number": 59000455813243,
    "dateTime": {
      "date": {
        "year": 2019,
        "month": 10,
        "day": 18
      },
      "time": {
        "hour": 9,
        "minute": 39,
        "second": 3,
        "nano": 0
      }
    },
    "citySender": "Київ",
    "cityRecipient": "Київ"
  },
  {
    "number": 59000455813244,
    "dateTime": {
      "date": {
        "year": 2019,
        "month": 10,
        "day": 18
      },
      "time": {
        "hour": 9,
        "minute": 39,
        "second": 34,
        "nano": 0
      }
    },
    "citySender": "Холодна Балка",
    "cityRecipient": "Ілічанка"
  },
  {
    "number": 59000455813245,
    "dateTime": {
      "date": {
        "year": 2019,
        "month": 10,
        "day": 18
      },
      "time": {
        "hour": 9,
        "minute": 38,
        "second": 42,
        "nano": 0
      }
    },
    "citySender": "Золочів (Львівська обл.)",
    "cityRecipient": "Київ"
  },
  {
    "number": 59000455813246,
    "dateTime": {
      "date": {
        "year": 2019,
        "month": 10,
        "day": 18
      },
      "time": {
        "hour": 9,
        "minute": 39,
        "second": 34,
        "nano": 0
      }
    },
    "citySender": "Коцюбинське",
    "cityRecipient": "Київ"
  },
  {
    "number": 59000455813247,
    "dateTime": {
      "date": {
        "year": 2019,
        "month": 10,
        "day": 18
      },
      "time": {
        "hour": 9,
        "minute": 39,
        "second": 19,
        "nano": 0
      }
    },
    "citySender": "Луцьк",
    "cityRecipient": "Київ"
  },
  {
    "number": 59000455813248,
    "dateTime": {
      "date": {
        "year": 2019,
        "month": 10,
        "day": 18
      },
      "time": {
        "hour": 9,
        "minute": 38,
        "second": 38,
        "nano": 0
      }
    },
    "citySender": "Коршів",
    "cityRecipient": "Первомайськ(Микол.обл.Первомайс.р-н)"
  },
  {
    "number": 59000455813249,
    "dateTime": {
      "date": {
        "year": 2019,
        "month": 10,
        "day": 18
      },
      "time": {
        "hour": 9,
        "minute": 39,
        "second": 25,
        "nano": 0
      }
    },
    "citySender": "Острог",
    "cityRecipient": "Славута"
  },
  {
    "number": 59000455813250,
    "dateTime": {
      "date": {
        "year": 2019,
        "month": 10,
        "day": 18
      },
      "time": {
        "hour": 9,
        "minute": 39,
        "second": 27,
        "nano": 0
      }
    },
    "citySender": "Харків",
    "cityRecipient": "Київ"
  },
  {
    "number": 59000455813251,
    "dateTime": {
      "date": {
        "year": 2019,
        "month": 10,
        "day": 18
      },
      "time": {
        "hour": 9,
        "minute": 39,
        "second": 36,
        "nano": 0
      }
    },
    "citySender": "Приморськ (Запорізька обл.)",
    "cityRecipient": "Київ"
  },
  {
    "number": 59000455813252,
    "dateTime": {
      "date": {
        "year": 2019,
        "month": 10,
        "day": 18
      },
      "time": {
        "hour": 9,
        "minute": 39,
        "second": 22,
        "nano": 0
      }
    },
    "citySender": "Дніпро",
    "cityRecipient": "Кременчук"
  },
  {
    "number": 59000455813253,
    "dateTime": {
      "date": {
        "year": 2019,
        "month": 10,
        "day": 18
      },
      "time": {
        "hour": 9,
        "minute": 39,
        "second": 32,
        "nano": 0
      }
    },
    "citySender": "Київ",
    "cityRecipient": "Суми"
  },
  {
    "number": 59000455813254,
    "dateTime": {
      "date": {
        "year": 2019,
        "month": 10,
        "day": 18
      },
      "time": {
        "hour": 9,
        "minute": 39,
        "second": 37,
        "nano": 0
      }
    },
    "citySender": "Черкаси",
    "cityRecipient": "Львів"
  },
  {
    "number": 59000455813255,
    "dateTime": {
      "date": {
        "year": 2019,
        "month": 10,
        "day": 18
      },
      "time": {
        "hour": 9,
        "minute": 39,
        "second": 37,
        "nano": 0
      }
    },
    "citySender": "Збараж",
    "cityRecipient": "Київ"
  },
  {
    "number": 59000455813256,
    "dateTime": {
      "date": {
        "year": 2019,
        "month": 10,
        "day": 18
      },
      "time": {
        "hour": 9,
        "minute": 39,
        "second": 18,
        "nano": 0
      }
    },
    "citySender": "Коростишів",
    "cityRecipient": "Миколаїв (Львівська обл., Миколаївський р-н)"
  },
  {
    "number": 59000455813257,
    "dateTime": {
      "date": {
        "year": 2019,
        "month": 10,
        "day": 18
      },
      "time": {
        "hour": 9,
        "minute": 39,
        "second": 13,
        "nano": 0
      }
    },
    "citySender": "Южне",
    "cityRecipient": "Одеса"
  },
  {
    "number": 59000455813258,
    "dateTime": {
      "date": {
        "year": 2019,
        "month": 10,
        "day": 18
      },
      "time": {
        "hour": 9,
        "minute": 39,
        "second": 13,
        "nano": 0
      }
    },
    "citySender": "Львів",
    "cityRecipient": "Харків"
  },
  {
    "number": 59000455813259,
    "dateTime": {
      "date": {
        "year": 2019,
        "month": 10,
        "day": 18
      },
      "time": {
        "hour": 9,
        "minute": 38,
        "second": 29,
        "nano": 0
      }
    },
    "citySender": "Журавно",
    "cityRecipient": "Баришівка"
  },
  {
    "number": 59000455813260,
    "dateTime": {
      "date": {
        "year": 2019,
        "month": 10,
        "day": 18
      },
      "time": {
        "hour": 9,
        "minute": 39,
        "second": 14,
        "nano": 0
      }
    },
    "citySender": "Калуш",
    "cityRecipient": "Авангард"
  },
  {
    "number": 59000455813261,
    "dateTime": {
      "date": {
        "year": 2019,
        "month": 10,
        "day": 18
      },
      "time": {
        "hour": 9,
        "minute": 38,
        "second": 51,
        "nano": 0
      }
    },
    "citySender": "Львів",
    "cityRecipient": "Рівне"
  },
  {
    "number": 59000455813262,
    "dateTime": {
      "date": {
        "year": 2019,
        "month": 10,
        "day": 18
      },
      "time": {
        "hour": 9,
        "minute": 39,
        "second": 6,
        "nano": 0
      }
    },
    "citySender": "Новомиргород",
    "cityRecipient": "Львів"
  },
  {
    "number": 59000455813263,
    "dateTime": {
      "date": {
        "year": 2019,
        "month": 10,
        "day": 18
      },
      "time": {
        "hour": 9,
        "minute": 38,
        "second": 52,
        "nano": 0
      }
    },
    "citySender": "Малин",
    "cityRecipient": "Фастів"
  },
  {
    "number": 59000455813264,
    "dateTime": {
      "date": {
        "year": 2019,
        "month": 10,
        "day": 18
      },
      "time": {
        "hour": 9,
        "minute": 39,
        "second": 27,
        "nano": 0
      }
    },
    "citySender": "Київ",
    "cityRecipient": "Полтава"
  },
  {
    "number": 59000455813265,
    "dateTime": {
      "date": {
        "year": 2019,
        "month": 10,
        "day": 18
      },
      "time": {
        "hour": 9,
        "minute": 39,
        "second": 13,
        "nano": 0
      }
    },
    "citySender": "Летичів",
    "cityRecipient": "Київ"
  },
  {
    "number": 59000455813266,
    "dateTime": {
      "date": {
        "year": 2019,
        "month": 10,
        "day": 18
      },
      "time": {
        "hour": 9,
        "minute": 39,
        "second": 26,
        "nano": 0
      }
    },
    "citySender": "Ірпінь",
    "cityRecipient": "Сєвєродонецьк"
  },
  {
    "number": 59000455813267,
    "dateTime": {
      "date": {
        "year": 2019,
        "month": 10,
        "day": 18
      },
      "time": {
        "hour": 9,
        "minute": 39,
        "second": 8,
        "nano": 0
      }
    },
    "citySender": "Хмельницький",
    "cityRecipient": "Харків"
  },
  {
    "number": 59000455813268,
    "dateTime": {
      "date": {
        "year": 2019,
        "month": 10,
        "day": 18
      },
      "time": {
        "hour": 9,
        "minute": 38,
        "second": 28,
        "nano": 0
      }
    },
    "citySender": "Чуднів",
    "cityRecipient": "Чорнобай"
  },
  {
    "number": 59000455813269,
    "dateTime": {
      "date": {
        "year": 2019,
        "month": 10,
        "day": 18
      },
      "time": {
        "hour": 9,
        "minute": 39,
        "second": 31,
        "nano": 0
      }
    },
    "citySender": "Львів",
    "cityRecipient": "Пулини"
  },
  {
    "number": 59000455813270,
    "dateTime": {
      "date": {
        "year": 2019,
        "month": 10,
        "day": 18
      },
      "time": {
        "hour": 9,
        "minute": 39,
        "second": 28,
        "nano": 0
      }
    },
    "citySender": "Лебедин (Сумська обл.)",
    "cityRecipient": "Київ"
  },
  {
    "number": 59000455813271,
    "dateTime": {
      "date": {
        "year": 2019,
        "month": 10,
        "day": 18
      },
      "time": {
        "hour": 9,
        "minute": 39,
        "second": 33,
        "nano": 0
      }
    },
    "citySender": "Тернопіль",
    "cityRecipient": "Запитів"
  },
  {
    "number": 59000455813272,
    "dateTime": {
      "date": {
        "year": 2019,
        "month": 10,
        "day": 18
      },
      "time": {
        "hour": 9,
        "minute": 39,
        "second": 41,
        "nano": 0
      }
    },
    "citySender": "Горішні Плавні",
    "cityRecipient": "Київ"
  },
  {
    "number": 59000455813273,
    "dateTime": {
      "date": {
        "year": 2019,
        "month": 10,
        "day": 18
      },
      "time": {
        "hour": 9,
        "minute": 39,
        "second": 25,
        "nano": 0
      }
    },
    "citySender": "Жашків",
    "cityRecipient": "Дніпро"
  },
  {
    "number": 59000455813274,
    "dateTime": {
      "date": {
        "year": 2019,
        "month": 10,
        "day": 18
      },
      "time": {
        "hour": 9,
        "minute": 38,
        "second": 29,
        "nano": 0
      }
    },
    "citySender": "Київ",
    "cityRecipient": "Херсон"
  },
  {
    "number": 59000455813275,
    "dateTime": {
      "date": {
        "year": 2019,
        "month": 10,
        "day": 18
      },
      "time": {
        "hour": 9,
        "minute": 38,
        "second": 14,
        "nano": 0
      }
    },
    "citySender": "Чечельник",
    "cityRecipient": "Тернівка"
  },
  {
    "number": 59000455813276,
    "dateTime": {
      "date": {
        "year": 2019,
        "month": 10,
        "day": 18
      },
      "time": {
        "hour": 9,
        "minute": 39,
        "second": 30,
        "nano": 0
      }
    },
    "citySender": "Чернівці",
    "cityRecipient": "Одеса"
  },
  {
    "number": 59000455813277,
    "dateTime": {
      "date": {
        "year": 2019,
        "month": 10,
        "day": 18
      },
      "time": {
        "hour": 9,
        "minute": 39,
        "second": 25,
        "nano": 0
      }
    },
    "citySender": "Новоград-Волинський",
    "cityRecipient": "Чечельник"
  },
  {
    "number": 59000455813278,
    "dateTime": {
      "date": {
        "year": 2019,
        "month": 10,
        "day": 18
      },
      "time": {
        "hour": 9,
        "minute": 38,
        "second": 48,
        "nano": 0
      }
    },
    "citySender": "Мелітополь",
    "cityRecipient": "Павлоград"
  },
  {
    "number": 59000455813279,
    "dateTime": {
      "date": {
        "year": 2019,
        "month": 10,
        "day": 18
      },
      "time": {
        "hour": 9,
        "minute": 37,
        "second": 57,
        "nano": 0
      }
    },
    "citySender": "Борислав (Львівська обл.)",
    "cityRecipient": "Борівці"
  },
  {
    "number": 59000455813280,
    "dateTime": {
      "date": {
        "year": 2019,
        "month": 10,
        "day": 18
      },
      "time": {
        "hour": 9,
        "minute": 39,
        "second": 8,
        "nano": 0
      }
    },
    "citySender": "Мелітополь",
    "cityRecipient": "Вашківці (Вижницький р-н)"
  }
]