[
  {
    "number": 59000455835067,
    "dateTime": {
      "date": {
        "year": 2019,
        "month": 10,
        "day": 18
      },
      "time": {
        "hour": 10,
        "minute": 50,
        "second": 16,
        "nano": 0
      }
    },
    "citySender": "Одеса",
    "cityRecipient": "Харків"
  },
  {
    "number": 59000455835068,
    "dateTime": {
      "date": {
        "year": 2019,
        "month": 10,
        "day": 18
      },
      "time": {
        "hour": 10,
        "minute": 50,
        "second": 58,
        "nano": 0
      }
    },
    "citySender": "Харків",
    "cityRecipient": "Київ"
  },
  {
    "number": 59000455835069,
    "dateTime": {
      "date": {
        "year": 2019,
        "month": 10,
        "day": 18
      },
      "time": {
        "hour": 10,
        "minute": 51,
        "second": 11,
        "nano": 0
      }
    },
    "citySender": "Херсон",
    "cityRecipient": "Залізний Порт"
  },
  {
    "number": 59000455835070,
    "dateTime": {
      "date": {
        "year": 2019,
        "month": 10,
        "day": 18
      },
      "time": {
        "hour": 10,
        "minute": 50,
        "second": 52,
        "nano": 0
      }
    },
    "citySender": "Хмельницький",
    "cityRecipient": "Біла Церква"
  },
  {
    "number": 59000455835071,
    "dateTime": {
      "date": {
        "year": 2019,
        "month": 10,
        "day": 18
      },
      "time": {
        "hour": 10,
        "minute": 51,
        "second": 10,
        "nano": 0
      }
    },
    "citySender": "Одеса",
    "cityRecipient": "Олександрія (м.Кіровогр.обл.райц)"
  },
  {
    "number": 59000455835072,
    "dateTime": {
      "date": {
        "year": 2019,
        "month": 10,
        "day": 18
      },
      "time": {
        "hour": 10,
        "minute": 50,
        "second": 24,
        "nano": 0
      }
    },
    "citySender": "Кривий Ріг",
    "cityRecipient": "Харків"
  },
  {
    "number": 59000455835073,
    "dateTime": {
      "date": {
        "year": 2019,
        "month": 10,
        "day": 18
      },
      "time": {
        "hour": 10,
        "minute": 49,
        "second": 32,
        "nano": 0
      }
    },
    "citySender": "Авангард",
    "cityRecipient": "Харків"
  },
  {
    "number": 59000455835074,
    "dateTime": {
      "date": {
        "year": 2019,
        "month": 10,
        "day": 18
      },
      "time": {
        "hour": 10,
        "minute": 50,
        "second": 17,
        "nano": 0
      }
    },
    "citySender": "Ватутіне",
    "cityRecipient": "Жовтанці"
  },
  {
    "number": 59000455835075,
    "dateTime": {
      "date": {
        "year": 2019,
        "month": 10,
        "day": 18
      },
      "time": {
        "hour": 10,
        "minute": 51,
        "second": 21,
        "nano": 0
      }
    },
    "citySender": "Калинівка (Березанський р-н., Миколаївська обл.)",
    "cityRecipient": "Калинівка (Вітовський р-н., Миколаївська обл.)"
  },
  {
    "number": 59000455835076,
    "dateTime": {
      "date": {
        "year": 2019,
        "month": 10,
        "day": 18
      },
      "time": {
        "hour": 10,
        "minute": 50,
        "second": 57,
        "nano": 0
      }
    },
    "citySender": "Черкаси",
    "cityRecipient": "Одеса"
  },
  {
    "number": 59000455835077,
    "dateTime": {
      "date": {
        "year": 2019,
        "month": 10,
        "day": 18
      },
      "time": {
        "hour": 10,
        "minute": 51,
        "second": 22,
        "nano": 0
      }
    },
    "citySender": "Одеса",
    "cityRecipient": "Оноківці (ст. Доманинці)"
  },
  {
    "number": 59000455835078,
    "dateTime": {
      "date": {
        "year": 2019,
        "month": 10,
        "day": 18
      },
      "time": {
        "hour": 10,
        "minute": 51,
        "second": 3,
        "nano": 0
      }
    },
    "citySender": "Маріуполь",
    "cityRecipient": "Львів"
  },
  {
    "number": 59000455835079,
    "dateTime": {
      "date": {
        "year": 2019,
        "month": 10,
        "day": 18
      },
      "time": {
        "hour": 10,
        "minute": 51,
        "second": 18,
        "nano": 0
      }
    },
    "citySender": "Одеса",
    "cityRecipient": "Десна (Чернігівська обл.)"
  },
  {
    "number": 59000455835080,
    "dateTime": {
      "date": {
        "year": 2019,
        "month": 10,
        "day": 18
      },
      "time": {
        "hour": 10,
        "minute": 51,
        "second": 14,
        "nano": 0
      }
    },
    "citySender": "Томашпіль",
    "cityRecipient": "Дніпро"
  },
  {
    "number": 59000455835081,
    "dateTime": {
      "date": {
        "year": 2019,
        "month": 10,
        "day": 18
      },
      "time": {
        "hour": 10,
        "minute": 51,
        "second": 26,
        "nano": 0
      }
    },
    "citySender": "Покров (Дніпропетровська обл.)",
    "cityRecipient": "Конотоп"
  },
  {
    "number": 59000455835082,
    "dateTime": {
      "date": {
        "year": 2019,
        "month": 10,
        "day": 18
      },
      "time": {
        "hour": 10,
        "minute": 50,
        "second": 57,
        "nano": 0
      }
    },
    "citySender": "Суми",
    "cityRecipient": "Рівне"
  },
  {
    "number": 59000455835083,
    "dateTime": {
      "date": {
        "year": 2019,
        "month": 10,
        "day": 18
      },
      "time": {
        "hour": 10,
        "minute": 51,
        "second": 21,
        "nano": 0
      }
    },
    "citySender": "Київ",
    "cityRecipient": "Краматорськ"
  },
  {
    "number": 59000455835084,
    "dateTime": {
      "date": {
        "year": 2019,
        "month": 10,
        "day": 18
      },
      "time": {
        "hour": 10,
        "minute": 51,
        "second": 13,
        "nano": 0
      }
    },
    "citySender": "Піщанка(Дніпропетровська обл.)",
    "cityRecipient": "Львів"
  },
  {
    "number": 59000455835085,
    "dateTime": {
      "date": {
        "year": 2019,
        "month": 10,
        "day": 18
      },
      "time": {
        "hour": 10,
        "minute": 50,
        "second": 44,
        "nano": 0
      }
    },
    "citySender": "Дрогобич",
    "cityRecipient": "Запоріжжя"
  },
  {
    "number": 59000455835086,
    "dateTime": {
      "date": {
        "year": 2019,
        "month": 10,
        "day": 18
      },
      "time": {
        "hour": 10,
        "minute": 50,
        "second": 57,
        "nano": 0
      }
    },
    "citySender": "Нова Каховка",
    "cityRecipient": "Запоріжжя"
  },
  {
    "number": 59000455835087,
    "dateTime": {
      "date": {
        "year": 2019,
        "month": 10,
        "day": 18
      },
      "time": {
        "hour": 10,
        "minute": 50,
        "second": 42,
        "nano": 0
      }
    },
    "citySender": "Хуст",
    "cityRecipient": "Львів"
  },
  {
    "number": 59000455835088,
    "dateTime": {
      "date": {
        "year": 2019,
        "month": 10,
        "day": 18
      },
      "time": {
        "hour": 10,
        "minute": 51,
        "second": 0,
        "nano": 0
      }
    },
    "citySender": "Вараш",
    "cityRecipient": "Тернопіль"
  },
  {
    "number": 59000455835089,
    "dateTime": {
      "date": {
        "year": 2019,
        "month": 10,
        "day": 18
      },
      "time": {
        "hour": 10,
        "minute": 51,
        "second": 22,
        "nano": 0
      }
    },
    "citySender": "Запоріжжя",
    "cityRecipient": "Каховка"
  },
  {
    "number": 59000455835090,
    "dateTime": {
      "date": {
        "year": 2019,
        "month": 10,
        "day": 18
      },
      "time": {
        "hour": 10,
        "minute": 51,
        "second": 24,
        "nano": 0
      }
    },
    "citySender": "Любешів",
    "cityRecipient": "Новоград-Волинський"
  },
  {
    "number": 59000455835092,
    "dateTime": {
      "date": {
        "year": 2019,
        "month": 10,
        "day": 18
      },
      "time": {
        "hour": 10,
        "minute": 45,
        "second": 36,
        "nano": 0
      }
    },
    "citySender": "Луцьк",
    "cityRecipient": "Луцьк"
  },
  {
    "number": 59000455835093,
    "dateTime": {
      "date": {
        "year": 2019,
        "month": 10,
        "day": 18
      },
      "time": {
        "hour": 10,
        "minute": 50,
        "second": 53,
        "nano": 0
      }
    },
    "citySender": "Харків",
    "cityRecipient": "Гірське"
  },
  {
    "number": 59000455835094,
    "dateTime": {
      "date": {
        "year": 2019,
        "month": 10,
        "day": 18
      },
      "time": {
        "hour": 10,
        "minute": 51,
        "second": 20,
        "nano": 0
      }
    },
    "citySender": "Київ",
    "cityRecipient": "Зазим\u0027я"
  },
  {
    "number": 59000455835095,
    "dateTime": {
      "date": {
        "year": 2019,
        "month": 10,
        "day": 18
      },
      "time": {
        "hour": 10,
        "minute": 51,
        "second": 10,
        "nano": 0
      }
    },
    "citySender": "Хмельницький",
    "cityRecipient": "Сарни"
  },
  {
    "number": 59000455835096,
    "dateTime": {
      "date": {
        "year": 2019,
        "month": 10,
        "day": 18
      },
      "time": {
        "hour": 10,
        "minute": 51,
        "second": 23,
        "nano": 0
      }
    },
    "citySender": "Запоріжжя",
    "cityRecipient": "Одеса"
  },
  {
    "number": 59000455835097,
    "dateTime": {
      "date": {
        "year": 2019,
        "month": 10,
        "day": 18
      },
      "time": {
        "hour": 10,
        "minute": 50,
        "second": 34,
        "nano": 0
      }
    },
    "citySender": "Балабине",
    "cityRecipient": "Кам\u0027янське(Дніпропетровська обл)"
  },
  {
    "number": 59000455835098,
    "dateTime": {
      "date": {
        "year": 2019,
        "month": 10,
        "day": 18
      },
      "time": {
        "hour": 10,
        "minute": 50,
        "second": 42,
        "nano": 0
      }
    },
    "citySender": "Золочів (Львівська обл.)",
    "cityRecipient": "Київ"
  },
  {
    "number": 59000455835099,
    "dateTime": {
      "date": {
        "year": 2019,
        "month": 10,
        "day": 18
      },
      "time": {
        "hour": 10,
        "minute": 50,
        "second": 20,
        "nano": 0
      }
    },
    "citySender": "Івано-Франківськ",
    "cityRecipient": "Київ"
  },
  {
    "number": 59000455835100,
    "dateTime": {
      "date": {
        "year": 2019,
        "month": 10,
        "day": 18
      },
      "time": {
        "hour": 10,
        "minute": 51,
        "second": 20,
        "nano": 0
      }
    },
    "citySender": "Гадяч",
    "cityRecipient": "Полтава"
  },
  {
    "number": 59000455835101,
    "dateTime": {
      "date": {
        "year": 2019,
        "month": 10,
        "day": 18
      },
      "time": {
        "hour": 10,
        "minute": 51,
        "second": 14,
        "nano": 0
      }
    },
    "citySender": "Київ",
    "cityRecipient": "Одеса"
  },
  {
    "number": 59000455835102,
    "dateTime": {
      "date": {
        "year": 2019,
        "month": 10,
        "day": 18
      },
      "time": {
        "hour": 10,
        "minute": 51,
        "second": 8,
        "nano": 0
      }
    },
    "citySender": "Дніпро",
    "cityRecipient": "Київ"
  },
  {
    "number": 59000455835103,
    "dateTime": {
      "date": {
        "year": 2019,
        "month": 10,
        "day": 18
      },
      "time": {
        "hour": 10,
        "minute": 51,
        "second": 31,
        "nano": 0
      }
    },
    "citySender": "Царичанка",
    "cityRecipient": "Київ"
  },
  {
    "number": 59000455835104,
    "dateTime": {
      "date": {
        "year": 2019,
        "month": 10,
        "day": 18
      },
      "time": {
        "hour": 10,
        "minute": 51,
        "second": 11,
        "nano": 0
      }
    },
    "citySender": "Тячів",
    "cityRecipient": "Волочиськ"
  },
  {
    "number": 59000455835105,
    "dateTime": {
      "date": {
        "year": 2019,
        "month": 10,
        "day": 18
      },
      "time": {
        "hour": 10,
        "minute": 51,
        "second": 3,
        "nano": 0
      }
    },
    "citySender": "Житомир",
    "cityRecipient": "Дніпро"
  },
  {
    "number": 59000455835106,
    "dateTime": {
      "date": {
        "year": 2019,
        "month": 10,
        "day": 18
      },
      "time": {
        "hour": 10,
        "minute": 51,
        "second": 14,
        "nano": 0
      }
    },
    "citySender": "Київ",
    "cityRecipient": "Ірпінь"
  },
  {
    "number": 59000455835107,
    "dateTime": {
      "date": {
        "year": 2019,
        "month": 10,
        "day": 18
      },
      "time": {
        "hour": 10,
        "minute": 51,
        "second": 15,
        "nano": 0
      }
    },
    "citySender": "Покровськ (Донецька обл.)",
    "cityRecipient": "Київ"
  },
  {
    "number": 59000455835108,
    "dateTime": {
      "date": {
        "year": 2019,
        "month": 10,
        "day": 18
      },
      "time": {
        "hour": 10,
        "minute": 50,
        "second": 57,
        "nano": 0
      }
    },
    "citySender": "Суми",
    "cityRecipient": "Чернівці"
  },
  {
    "number": 59000455835109,
    "dateTime": {
      "date": {
        "year": 2019,
        "month": 10,
        "day": 18
      },
      "time": {
        "hour": 10,
        "minute": 51,
        "second": 24,
        "nano": 0
      }
    },
    "citySender": "Балта",
    "cityRecipient": "Тарутине"
  },
  {
    "number": 59000455835110,
    "dateTime": {
      "date": {
        "year": 2019,
        "month": 10,
        "day": 18
      },
      "time": {
        "hour": 10,
        "minute": 50,
        "second": 25,
        "nano": 0
      }
    },
    "citySender": "Костопіль",
    "cityRecipient": "Струмівка"
  },
  {
    "number": 59000455835111,
    "dateTime": {
      "date": {
        "year": 2019,
        "month": 10,
        "day": 18
      },
      "time": {
        "hour": 10,
        "minute": 51,
        "second": 33,
        "nano": 0
      }
    },
    "citySender": "Бобринець",
    "cityRecipient": "Київ"
  },
  {
    "number": 59000455835112,
    "dateTime": {
      "date": {
        "year": 2019,
        "month": 10,
        "day": 18
      },
      "time": {
        "hour": 10,
        "minute": 51,
        "second": 18,
        "nano": 0
      }
    },
    "citySender": "Рівне",
    "cityRecipient": "Бахмут"
  },
  {
    "number": 59000455835113,
    "dateTime": {
      "date": {
        "year": 2019,
        "month": 10,
        "day": 18
      },
      "time": {
        "hour": 10,
        "minute": 50,
        "second": 39,
        "nano": 0
      }
    },
    "citySender": "Летичів",
    "cityRecipient": "Полтава"
  },
  {
    "number": 59000455835114,
    "dateTime": {
      "date": {
        "year": 2019,
        "month": 10,
        "day": 18
      },
      "time": {
        "hour": 10,
        "minute": 50,
        "second": 51,
        "nano": 0
      }
    },
    "citySender": "Кам\u0027янець-Подільський",
    "cityRecipient": "Чернігів"
  },
  {
    "number": 59000455835116,
    "dateTime": {
      "date": {
        "year": 2019,
        "month": 10,
        "day": 18
      },
      "time": {
        "hour": 10,
        "minute": 51,
        "second": 31,
        "nano": 0
      }
    },
    "citySender": "Новомиргород",
    "cityRecipient": "Київ"
  },
  {
    "number": 59000455835117,
    "dateTime": {
      "date": {
        "year": 2019,
        "month": 10,
        "day": 18
      },
      "time": {
        "hour": 10,
        "minute": 51,
        "second": 7,
        "nano": 0
      }
    },
    "citySender": "Київ",
    "cityRecipient": "Бровари"
  },
  {
    "number": 59000455835118,
    "dateTime": {
      "date": {
        "year": 2019,
        "month": 10,
        "day": 18
      },
      "time": {
        "hour": 10,
        "minute": 51,
        "second": 29,
        "nano": 0
      }
    },
    "citySender": "Вишневе",
    "cityRecipient": "Київ"
  },
  {
    "number": 59000455835119,
    "dateTime": {
      "date": {
        "year": 2019,
        "month": 10,
        "day": 18
      },
      "time": {
        "hour": 10,
        "minute": 50,
        "second": 32,
        "nano": 0
      }
    },
    "citySender": "Калуш",
    "cityRecipient": "Бронники"
  },
  {
    "number": 59000455835120,
    "dateTime": {
      "date": {
        "year": 2019,
        "month": 10,
        "day": 18
      },
      "time": {
        "hour": 10,
        "minute": 51,
        "second": 24,
        "nano": 0
      }
    },
    "citySender": "Запоріжжя",
    "cityRecipient": "Городець"
  },
  {
    "number": 59000455835122,
    "dateTime": {
      "date": {
        "year": 2019,
        "month": 10,
        "day": 18
      },
      "time": {
        "hour": 10,
        "minute": 51,
        "second": 30,
        "nano": 0
      }
    },
    "citySender": "Вінниця",
    "cityRecipient": "Тернопіль"
  },
  {
    "number": 59000455835123,
    "dateTime": {
      "date": {
        "year": 2019,
        "month": 10,
        "day": 18
      },
      "time": {
        "hour": 10,
        "minute": 51,
        "second": 7,
        "nano": 0
      }
    },
    "citySender": "Рені",
    "cityRecipient": "Київ"
  },
  {
    "number": 59000455835124,
    "dateTime": {
      "date": {
        "year": 2019,
        "month": 10,
        "day": 18
      },
      "time": {
        "hour": 10,
        "minute": 51,
        "second": 28,
        "nano": 0
      }
    },
    "citySender": "Ірпінь",
    "cityRecipient": "Вишневе"
  },
  {
    "number": 59000455835125,
    "dateTime": {
      "date": {
        "year": 2019,
        "month": 10,
        "day": 18
      },
      "time": {
        "hour": 10,
        "minute": 51,
        "second": 9,
        "nano": 0
      }
    },
    "citySender": "Київ",
    "cityRecipient": "Малин"
  },
  {
    "number": 59000455835126,
    "dateTime": {
      "date": {
        "year": 2019,
        "month": 10,
        "day": 18
      },
      "time": {
        "hour": 10,
        "minute": 51,
        "second": 35,
        "nano": 0
      }
    },
    "citySender": "Некрасове (Вінницький р-н)",
    "cityRecipient": "Київ"
  },
  {
    "number": 59000455835127,
    "dateTime": {
      "date": {
        "year": 2019,
        "month": 10,
        "day": 18
      },
      "time": {
        "hour": 10,
        "minute": 51,
        "second": 1,
        "nano": 0
      }
    },
    "citySender": "Онуфріївка",
    "cityRecipient": "Ірпінь"
  },
  {
    "number": 59000455835128,
    "dateTime": {
      "date": {
        "year": 2019,
        "month": 10,
        "day": 18
      },
      "time": {
        "hour": 10,
        "minute": 51,
        "second": 18,
        "nano": 0
      }
    },
    "citySender": "Шабо",
    "cityRecipient": "Київ"
  },
  {
    "number": 59000455835129,
    "dateTime": {
      "date": {
        "year": 2019,
        "month": 10,
        "day": 18
      },
      "time": {
        "hour": 10,
        "minute": 50,
        "second": 43,
        "nano": 0
      }
    },
    "citySender": "Кривий Ріг",
    "cityRecipient": "Гребінки (Київська обл.)"
  },
  {
    "number": 59000455835130,
    "dateTime": {
      "date": {
        "year": 2019,
        "month": 10,
        "day": 18
      },
      "time": {
        "hour": 10,
        "minute": 49,
        "second": 42,
        "nano": 0
      }
    },
    "citySender": "Торчин",
    "cityRecipient": "Тошківка"
  },
  {
    "number": 59000455835131,
    "dateTime": {
      "date": {
        "year": 2019,
        "month": 10,
        "day": 18
      },
      "time": {
        "hour": 10,
        "minute": 51,
        "second": 37,
        "nano": 0
      }
    },
    "citySender": "Лиман(Донецька обл)",
    "cityRecipient": "Харків"
  },
  {
    "number": 59000455835132,
    "dateTime": {
      "date": {
        "year": 2019,
        "month": 10,
        "day": 18
      },
      "time": {
        "hour": 10,
        "minute": 51,
        "second": 21,
        "nano": 0
      }
    },
    "citySender": "Дніпро",
    "cityRecipient": "Харків"
  },
  {
    "number": 59000455835133,
    "dateTime": {
      "date": {
        "year": 2019,
        "month": 10,
        "day": 18
      },
      "time": {
        "hour": 10,
        "minute": 51,
        "second": 26,
        "nano": 0
      }
    },
    "citySender": "Молочанськ",
    "cityRecipient": "Волноваха"
  },
  {
    "number": 59000455835134,
    "dateTime": {
      "date": {
        "year": 2019,
        "month": 10,
        "day": 18
      },
      "time": {
        "hour": 10,
        "minute": 51,
        "second": 33,
        "nano": 0
      }
    },
    "citySender": "Київ",
    "cityRecipient": "Славутич"
  },
  {
    "number": 59000455835136,
    "dateTime": {
      "date": {
        "year": 2019,
        "month": 10,
        "day": 18
      },
      "time": {
        "hour": 10,
        "minute": 51,
        "second": 41,
        "nano": 0
      }
    },
    "citySender": "Київ",
    "cityRecipient": "Київ"
  },
  {
    "number": 59000455835137,
    "dateTime": {
      "date": {
        "year": 2019,
        "month": 10,
        "day": 18
      },
      "time": {
        "hour": 10,
        "minute": 50,
        "second": 30,
        "nano": 0
      }
    },
    "citySender": "Шпитьки",
    "cityRecipient": "Борзна"
  },
  {
    "number": 59000455835138,
    "dateTime": {
      "date": {
        "year": 2019,
        "month": 10,
        "day": 18
      },
      "time": {
        "hour": 10,
        "minute": 51,
        "second": 32,
        "nano": 0
      }
    },
    "citySender": "Київ",
    "cityRecipient": "Одеса"
  },
  {
    "number": 59000455835139,
    "dateTime": {
      "date": {
        "year": 2019,
        "month": 10,
        "day": 18
      },
      "time": {
        "hour": 10,
        "minute": 51,
        "second": 2,
        "nano": 0
      }
    },
    "citySender": "Нікополь (Дніпропетровська обл.)",
    "cityRecipient": "Дніпро"
  },
  {
    "number": 59000455835140,
    "dateTime": {
      "date": {
        "year": 2019,
        "month": 10,
        "day": 18
      },
      "time": {
        "hour": 10,
        "minute": 51,
        "second": 33,
        "nano": 0
      }
    },
    "citySender": "Харків",
    "cityRecipient": "Харків"
  },
  {
    "number": 59000455835141,
    "dateTime": {
      "date": {
        "year": 2019,
        "month": 10,
        "day": 18
      },
      "time": {
        "hour": 10,
        "minute": 51,
        "second": 19,
        "nano": 0
      }
    },
    "citySender": "Луків",
    "cityRecipient": "Київ"
  },
  {
    "number": 59000455835142,
    "dateTime": {
      "date": {
        "year": 2019,
        "month": 10,
        "day": 18
      },
      "time": {
        "hour": 10,
        "minute": 51,
        "second": 41,
        "nano": 0
      }
    },
    "citySender": "Ізмаїл",
    "cityRecipient": "Вишневе"
  },
  {
    "number": 59000455835143,
    "dateTime": {
      "date": {
        "year": 2019,
        "month": 10,
        "day": 18
      },
      "time": {
        "hour": 10,
        "minute": 51,
        "second": 39,
        "nano": 0
      }
    },
    "citySender": "Одеса",
    "cityRecipient": "Чечельник"
  },
  {
    "number": 59000455835144,
    "dateTime": {
      "date": {
        "year": 2019,
        "month": 10,
        "day": 18
      },
      "time": {
        "hour": 10,
        "minute": 51,
        "second": 41,
        "nano": 0
      }
    },
    "citySender": "Івано-Франкове",
    "cityRecipient": "Краматорськ"
  },
  {
    "number": 59000455835145,
    "dateTime": {
      "date": {
        "year": 2019,
        "month": 10,
        "day": 18
      },
      "time": {
        "hour": 10,
        "minute": 51,
        "second": 40,
        "nano": 0
      }
    },
    "citySender": "Дніпро",
    "cityRecipient": "Кам\u0027янське(Дніпропетровська обл)"
  },
  {
    "number": 59000455835146,
    "dateTime": {
      "date": {
        "year": 2019,
        "month": 10,
        "day": 18
      },
      "time": {
        "hour": 10,
        "minute": 50,
        "second": 43,
        "nano": 0
      }
    },
    "citySender": "Чернівці",
    "cityRecipient": "Стрижавка"
  },
  {
    "number": 59000455835147,
    "dateTime": {
      "date": {
        "year": 2019,
        "month": 10,
        "day": 18
      },
      "time": {
        "hour": 10,
        "minute": 51,
        "second": 31,
        "nano": 0
      }
    },
    "citySender": "Івано-Франківськ",
    "cityRecipient": "Івано-Франківськ"
  },
  {
    "number": 59000455835148,
    "dateTime": {
      "date": {
        "year": 2019,
        "month": 10,
        "day": 18
      },
      "time": {
        "hour": 10,
        "minute": 51,
        "second": 42,
        "nano": 0
      }
    },
    "citySender": "Дніпро",
    "cityRecipient": "Одеса"
  },
  {
    "number": 59000455835149,
    "dateTime": {
      "date": {
        "year": 2019,
        "month": 10,
        "day": 18
      },
      "time": {
        "hour": 10,
        "minute": 51,
        "second": 27,
        "nano": 0
      }
    },
    "citySender": "Дніпро",
    "cityRecipient": "Славута"
  },
  {
    "number": 59000455835150,
    "dateTime": {
      "date": {
        "year": 2019,
        "month": 10,
        "day": 18
      },
      "time": {
        "hour": 10,
        "minute": 51,
        "second": 38,
        "nano": 0
      }
    },
    "citySender": "Київ",
    "cityRecipient": "Полтава"
  },
  {
    "number": 59000455835151,
    "dateTime": {
      "date": {
        "year": 2019,
        "month": 10,
        "day": 18
      },
      "time": {
        "hour": 10,
        "minute": 51,
        "second": 11,
        "nano": 0
      }
    },
    "citySender": "Самбір",
    "cityRecipient": "Ромни"
  },
  {
    "number": 59000455835152,
    "dateTime": {
      "date": {
        "year": 2019,
        "month": 10,
        "day": 18
      },
      "time": {
        "hour": 10,
        "minute": 51,
        "second": 43,
        "nano": 0
      }
    },
    "citySender": "Сновськ",
    "cityRecipient": "Кам\u0027янець-Подільський"
  },
  {
    "number": 59000455835153,
    "dateTime": {
      "date": {
        "year": 2019,
        "month": 10,
        "day": 18
      },
      "time": {
        "hour": 10,
        "minute": 51,
        "second": 43,
        "nano": 0
      }
    },
    "citySender": "Кривий Ріг",
    "cityRecipient": "Київ"
  },
  {
    "number": 59000455835154,
    "dateTime": {
      "date": {
        "year": 2019,
        "month": 10,
        "day": 18
      },
      "time": {
        "hour": 10,
        "minute": 51,
        "second": 23,
        "nano": 0
      }
    },
    "citySender": "Ковель",
    "cityRecipient": "Львів"
  },
  {
    "number": 59000455835155,
    "dateTime": {
      "date": {
        "year": 2019,
        "month": 10,
        "day": 18
      },
      "time": {
        "hour": 10,
        "minute": 51,
        "second": 39,
        "nano": 0
      }
    },
    "citySender": "Вінниця",
    "cityRecipient": "Київ"
  },
  {
    "number": 59000455835156,
    "dateTime": {
      "date": {
        "year": 2019,
        "month": 10,
        "day": 18
      },
      "time": {
        "hour": 10,
        "minute": 51,
        "second": 33,
        "nano": 0
      }
    },
    "citySender": "Одеса",
    "cityRecipient": "Херсон"
  },
  {
    "number": 59000455835157,
    "dateTime": {
      "date": {
        "year": 2019,
        "month": 10,
        "day": 18
      },
      "time": {
        "hour": 10,
        "minute": 51,
        "second": 32,
        "nano": 0
      }
    },
    "citySender": "Харків",
    "cityRecipient": "Новояворівськ"
  },
  {
    "number": 59000455835158,
    "dateTime": {
      "date": {
        "year": 2019,
        "month": 10,
        "day": 18
      },
      "time": {
        "hour": 10,
        "minute": 49,
        "second": 32,
        "nano": 0
      }
    },
    "citySender": "Бердичів",
    "cityRecipient": "Ірпінь"
  },
  {
    "number": 59000455835159,
    "dateTime": {
      "date": {
        "year": 2019,
        "month": 10,
        "day": 18
      },
      "time": {
        "hour": 10,
        "minute": 51,
        "second": 8,
        "nano": 0
      }
    },
    "citySender": "Енергодар",
    "cityRecipient": "Михайлівка (Михайлівський р-н., Запорізька обл.)"
  },
  {
    "number": 59000455835160,
    "dateTime": {
      "date": {
        "year": 2019,
        "month": 10,
        "day": 18
      },
      "time": {
        "hour": 10,
        "minute": 51,
        "second": 36,
        "nano": 0
      }
    },
    "citySender": "Київ",
    "cityRecipient": "Харків"
  },
  {
    "number": 59000455835161,
    "dateTime": {
      "date": {
        "year": 2019,
        "month": 10,
        "day": 18
      },
      "time": {
        "hour": 10,
        "minute": 51,
        "second": 20,
        "nano": 0
      }
    },
    "citySender": "Кривий Ріг",
    "cityRecipient": "Дніпро"
  },
  {
    "number": 59000455835162,
    "dateTime": {
      "date": {
        "year": 2019,
        "month": 10,
        "day": 18
      },
      "time": {
        "hour": 10,
        "minute": 51,
        "second": 40,
        "nano": 0
      }
    },
    "citySender": "Павлоград",
    "cityRecipient": "Ворзель"
  },
  {
    "number": 59000455835163,
    "dateTime": {
      "date": {
        "year": 2019,
        "month": 10,
        "day": 18
      },
      "time": {
        "hour": 10,
        "minute": 51,
        "second": 31,
        "nano": 0
      }
    },
    "citySender": "Дніпро",
    "cityRecipient": "Одеса"
  },
  {
    "number": 59000455835164,
    "dateTime": {
      "date": {
        "year": 2019,
        "month": 10,
        "day": 18
      },
      "time": {
        "hour": 10,
        "minute": 51,
        "second": 21,
        "nano": 0
      }
    },
    "citySender": "Лебедин (Сумська обл.)",
    "cityRecipient": "Харків"
  },
  {
    "number": 59000455835165,
    "dateTime": {
      "date": {
        "year": 2019,
        "month": 10,
        "day": 18
      },
      "time": {
        "hour": 10,
        "minute": 51,
        "second": 21,
        "nano": 0
      }
    },
    "citySender": "Любомль",
    "cityRecipient": "Коростишів"
  },
  {
    "number": 59000455835166,
    "dateTime": {
      "date": {
        "year": 2019,
        "month": 10,
        "day": 18
      },
      "time": {
        "hour": 10,
        "minute": 51,
        "second": 40,
        "nano": 0
      }
    },
    "citySender": "Суми",
    "cityRecipient": "Житомир"
  }
]