[
  {
    "number": 20450171867381,
    "dateTime": {
      "date": {
        "year": 2019,
        "month": 10,
        "day": 17
      },
      "time": {
        "hour": 11,
        "minute": 10,
        "second": 27,
        "nano": 0
      }
    },
    "citySender": "Одеса",
    "cityRecipient": "Могилів-Подільський"
  },
  {
    "number": 20450171867384,
    "dateTime": {
      "date": {
        "year": 2019,
        "month": 10,
        "day": 17
      },
      "time": {
        "hour": 16,
        "minute": 20,
        "second": 14,
        "nano": 0
      }
    },
    "citySender": "Одеса",
    "cityRecipient": "Репужинці"
  },
  {
    "number": 20450171867406,
    "dateTime": {
      "date": {
        "year": 2019,
        "month": 10,
        "day": 17
      },
      "time": {
        "hour": 17,
        "minute": 35,
        "second": 2,
        "nano": 0
      }
    },
    "citySender": "Одеса",
    "cityRecipient": "Київ"
  },
  {
    "number": 20450171867412,
    "dateTime": {
      "date": {
        "year": 2019,
        "month": 10,
        "day": 17
      },
      "time": {
        "hour": 11,
        "minute": 33,
        "second": 8,
        "nano": 0
      }
    },
    "citySender": "Хуст",
    "cityRecipient": "Дніпро"
  },
  {
    "number": 20450171867438,
    "dateTime": {
      "date": {
        "year": 2019,
        "month": 10,
        "day": 17
      },
      "time": {
        "hour": 9,
        "minute": 21,
        "second": 43,
        "nano": 0
      }
    },
    "citySender": "Вашківці (Вижницький р-н)",
    "cityRecipient": "Маріуполь"
  },
  {
    "number": 20450171867440,
    "dateTime": {
      "date": {
        "year": 2019,
        "month": 10,
        "day": 17
      },
      "time": {
        "hour": 9,
        "minute": 39,
        "second": 39,
        "nano": 0
      }
    },
    "citySender": "Чернівці",
    "cityRecipient": "Попільня"
  },
  {
    "number": 20450171867462,
    "dateTime": {
      "date": {
        "year": 2019,
        "month": 10,
        "day": 17
      },
      "time": {
        "hour": 16,
        "minute": 31,
        "second": 50,
        "nano": 0
      }
    },
    "citySender": "Малехів",
    "cityRecipient": "Гола Пристань"
  },
  {
    "number": 20450171867475,
    "dateTime": {
      "date": {
        "year": 2019,
        "month": 10,
        "day": 17
      },
      "time": {
        "hour": 11,
        "minute": 19,
        "second": 31,
        "nano": 0
      }
    },
    "citySender": "Вапнярка",
    "cityRecipient": "Суми"
  }
]