[
  {
    "number": 20450171860994,
    "dateTime": {
      "date": {
        "year": 2019,
        "month": 10,
        "day": 17
      },
      "time": {
        "hour": 14,
        "minute": 35,
        "second": 2,
        "nano": 0
      }
    },
    "citySender": "Полігон",
    "cityRecipient": "Козельщина"
  },
  {
    "number": 20450171861016,
    "dateTime": {
      "date": {
        "year": 2019,
        "month": 10,
        "day": 17
      },
      "time": {
        "hour": 14,
        "minute": 14,
        "second": 3,
        "nano": 0
      }
    },
    "citySender": "Вінниця",
    "cityRecipient": "Новотроїцьке (Херсонська обл.)"
  },
  {
    "number": 20450171861019,
    "dateTime": {
      "date": {
        "year": 2019,
        "month": 10,
        "day": 17
      },
      "time": {
        "hour": 11,
        "minute": 50,
        "second": 31,
        "nano": 0
      }
    },
    "citySender": "Широке (Широківський р-н. Дніпропетровська обл)",
    "cityRecipient": "Київ"
  },
  {
    "number": 20450171861024,
    "dateTime": {
      "date": {
        "year": 2019,
        "month": 10,
        "day": 17
      },
      "time": {
        "hour": 12,
        "minute": 23,
        "second": 49,
        "nano": 0
      }
    },
    "citySender": "Ковель",
    "cityRecipient": "Яворів"
  },
  {
    "number": 20450171861030,
    "dateTime": {
      "date": {
        "year": 2019,
        "month": 10,
        "day": 17
      },
      "time": {
        "hour": 8,
        "minute": 32,
        "second": 37,
        "nano": 0
      }
    },
    "citySender": "Костянтинівка(Мелітоп.р-н,Запоріз.обл)",
    "cityRecipient": "Суми"
  },
  {
    "number": 20450171861038,
    "dateTime": {
      "date": {
        "year": 2019,
        "month": 10,
        "day": 17
      },
      "time": {
        "hour": 8,
        "minute": 2,
        "second": 45,
        "nano": 0
      }
    },
    "citySender": "Київ",
    "cityRecipient": "Стрий"
  },
  {
    "number": 20450171861061,
    "dateTime": {
      "date": {
        "year": 2019,
        "month": 10,
        "day": 17
      },
      "time": {
        "hour": 15,
        "minute": 19,
        "second": 54,
        "nano": 0
      }
    },
    "citySender": "Одеса",
    "cityRecipient": "Івано-Франківськ"
  }
]