[
  {
    "number": 20450171831329,
    "dateTime": {
      "date": {
        "year": 2019,
        "month": 10,
        "day": 17
      },
      "time": {
        "hour": 11,
        "minute": 48,
        "second": 28,
        "nano": 0
      }
    },
    "citySender": "Старий Остропіль",
    "cityRecipient": "Вінниця"
  },
  {
    "number": 20450171831352,
    "dateTime": {
      "date": {
        "year": 2019,
        "month": 10,
        "day": 17
      },
      "time": {
        "hour": 11,
        "minute": 48,
        "second": 28,
        "nano": 0
      }
    },
    "citySender": "Старий Остропіль",
    "cityRecipient": "Татарбунари"
  },
  {
    "number": 20450171831377,
    "dateTime": {
      "date": {
        "year": 2019,
        "month": 10,
        "day": 17
      },
      "time": {
        "hour": 13,
        "minute": 22,
        "second": 33,
        "nano": 0
      }
    },
    "citySender": "Заставна",
    "cityRecipient": "Біла Церква"
  }
]