[
  {
    "number": 20450171831640,
    "dateTime": {
      "date": {
        "year": 2019,
        "month": 10,
        "day": 17
      },
      "time": {
        "hour": 18,
        "minute": 42,
        "second": 9,
        "nano": 0
      }
    },
    "citySender": "Миколаїв",
    "cityRecipient": "Полтава"
  },
  {
    "number": 20450171831662,
    "dateTime": {
      "date": {
        "year": 2019,
        "month": 10,
        "day": 17
      },
      "time": {
        "hour": 17,
        "minute": 39,
        "second": 39,
        "nano": 0
      }
    },
    "citySender": "Кам\u0027янець-Подільський",
    "cityRecipient": "Київ"
  }
]