[
  {
    "number": 20450171833045,
    "dateTime": {
      "date": {
        "year": 2019,
        "month": 10,
        "day": 17
      },
      "time": {
        "hour": 11,
        "minute": 48,
        "second": 28,
        "nano": 0
      }
    },
    "citySender": "Старий Остропіль",
    "cityRecipient": "Лозуватка(Криворізький р-н)"
  },
  {
    "number": 20450171833064,
    "dateTime": {
      "date": {
        "year": 2019,
        "month": 10,
        "day": 17
      },
      "time": {
        "hour": 19,
        "minute": 25,
        "second": 39,
        "nano": 0
      }
    },
    "citySender": "Львів",
    "cityRecipient": "Одеса"
  },
  {
    "number": 20450171833087,
    "dateTime": {
      "date": {
        "year": 2019,
        "month": 10,
        "day": 17
      },
      "time": {
        "hour": 15,
        "minute": 17,
        "second": 21,
        "nano": 0
      }
    },
    "citySender": "Одеса",
    "cityRecipient": "Жашків"
  },
  {
    "number": 20450171833103,
    "dateTime": {
      "date": {
        "year": 2019,
        "month": 10,
        "day": 17
      },
      "time": {
        "hour": 13,
        "minute": 22,
        "second": 33,
        "nano": 0
      }
    },
    "citySender": "Заставна",
    "cityRecipient": "Яготин"
  }
]