[
  {
    "number": 20450171836695,
    "dateTime": {
      "date": {
        "year": 2019,
        "month": 10,
        "day": 17
      },
      "time": {
        "hour": 11,
        "minute": 34,
        "second": 35,
        "nano": 0
      }
    },
    "citySender": "Тернопіль",
    "cityRecipient": "Славута"
  },
  {
    "number": 20450171836764,
    "dateTime": {
      "date": {
        "year": 2019,
        "month": 10,
        "day": 17
      },
      "time": {
        "hour": 17,
        "minute": 24,
        "second": 30,
        "nano": 0
      }
    },
    "citySender": "Чернігів",
    "cityRecipient": "Дніпро"
  }
]