[
  {
    "number": 20450171860774,
    "dateTime": {
      "date": {
        "year": 2019,
        "month": 10,
        "day": 17
      },
      "time": {
        "hour": 16,
        "minute": 31,
        "second": 43,
        "nano": 0
      }
    },
    "citySender": "Малехів",
    "cityRecipient": "Володимир-Волинський"
  },
  {
    "number": 20450171860783,
    "dateTime": {
      "date": {
        "year": 2019,
        "month": 10,
        "day": 17
      },
      "time": {
        "hour": 16,
        "minute": 13,
        "second": 36,
        "nano": 0
      }
    },
    "citySender": "Роздільна (Одеська обл.)",
    "cityRecipient": "Золотоноша"
  },
  {
    "number": 20450171860808,
    "dateTime": {
      "date": {
        "year": 2019,
        "month": 10,
        "day": 17
      },
      "time": {
        "hour": 8,
        "minute": 2,
        "second": 45,
        "nano": 0
      }
    },
    "citySender": "Київ",
    "cityRecipient": "Святогірськ"
  }
]