[
  {
    "number": 20450171853183,
    "dateTime": {
      "date": {
        "year": 2019,
        "month": 10,
        "day": 17
      },
      "time": {
        "hour": 13,
        "minute": 56,
        "second": 14,
        "nano": 0
      }
    },
    "citySender": "Чкаловське",
    "cityRecipient": "Осипенко(Бердянський р-н)"
  },
  {
    "number": 20450171853192,
    "dateTime": {
      "date": {
        "year": 2019,
        "month": 10,
        "day": 17
      },
      "time": {
        "hour": 13,
        "minute": 53,
        "second": 43,
        "nano": 0
      }
    },
    "citySender": "Чкаловське",
    "cityRecipient": "Чернігів"
  },
  {
    "number": 20450171853208,
    "dateTime": {
      "date": {
        "year": 2019,
        "month": 10,
        "day": 17
      },
      "time": {
        "hour": 14,
        "minute": 28,
        "second": 10,
        "nano": 0
      }
    },
    "citySender": "Харків",
    "cityRecipient": "Київ"
  }
]