[
  {
    "number": 20450171836169,
    "dateTime": {
      "date": {
        "year": 2019,
        "month": 10,
        "day": 17
      },
      "time": {
        "hour": 8,
        "minute": 50,
        "second": 0,
        "nano": 0
      }
    },
    "citySender": "Спас (Рожнятівський р-н., Івано-Франків. обл.)",
    "cityRecipient": "Новозлатопіль"
  },
  {
    "number": 20450171836241,
    "dateTime": {
      "date": {
        "year": 2019,
        "month": 10,
        "day": 17
      },
      "time": {
        "hour": 9,
        "minute": 3,
        "second": 12,
        "nano": 0
      }
    },
    "citySender": "Новоселиця",
    "cityRecipient": "Глеваха"
  }
]