[
  {
    "number": 20450171851037,
    "dateTime": {
      "date": {
        "year": 2019,
        "month": 10,
        "day": 17
      },
      "time": {
        "hour": 14,
        "minute": 2,
        "second": 43,
        "nano": 0
      }
    },
    "citySender": "Новоселиця",
    "cityRecipient": "Маріуполь"
  },
  {
    "number": 20450171851062,
    "dateTime": {
      "date": {
        "year": 2019,
        "month": 10,
        "day": 17
      },
      "time": {
        "hour": 14,
        "minute": 6,
        "second": 56,
        "nano": 0
      }
    },
    "citySender": "Новоселиця",
    "cityRecipient": "Маневичі"
  },
  {
    "number": 20450171851083,
    "dateTime": {
      "date": {
        "year": 2019,
        "month": 10,
        "day": 17
      },
      "time": {
        "hour": 19,
        "minute": 0,
        "second": 47,
        "nano": 0
      }
    },
    "citySender": "Київ",
    "cityRecipient": "Київ"
  }
]