[
  {
    "number": 20450171859360,
    "dateTime": {
      "date": {
        "year": 2019,
        "month": 10,
        "day": 17
      },
      "time": {
        "hour": 18,
        "minute": 32,
        "second": 48,
        "nano": 0
      }
    },
    "citySender": "Кропивницький",
    "cityRecipient": "Угринів (Тисменицький р-н., Івано-Франк. обл.)"
  },
  {
    "number": 20450171859361,
    "dateTime": {
      "date": {
        "year": 2019,
        "month": 10,
        "day": 17
      },
      "time": {
        "hour": 18,
        "minute": 17,
        "second": 19,
        "nano": 0
      }
    },
    "citySender": "Одеса",
    "cityRecipient": "Оброшине"
  },
  {
    "number": 20450171859364,
    "dateTime": {
      "date": {
        "year": 2019,
        "month": 10,
        "day": 17
      },
      "time": {
        "hour": 14,
        "minute": 14,
        "second": 35,
        "nano": 0
      }
    },
    "citySender": "Одеса",
    "cityRecipient": "Винники"
  },
  {
    "number": 20450171859367,
    "dateTime": {
      "date": {
        "year": 2019,
        "month": 10,
        "day": 17
      },
      "time": {
        "hour": 11,
        "minute": 50,
        "second": 1,
        "nano": 0
      }
    },
    "citySender": "Київ",
    "cityRecipient": "Добропілля"
  },
  {
    "number": 20450171859368,
    "dateTime": {
      "date": {
        "year": 2019,
        "month": 10,
        "day": 17
      },
      "time": {
        "hour": 14,
        "minute": 15,
        "second": 32,
        "nano": 0
      }
    },
    "citySender": "Одеса",
    "cityRecipient": "Одеса"
  },
  {
    "number": 20450171859370,
    "dateTime": {
      "date": {
        "year": 2019,
        "month": 10,
        "day": 17
      },
      "time": {
        "hour": 14,
        "minute": 16,
        "second": 10,
        "nano": 0
      }
    },
    "citySender": "Одеса",
    "cityRecipient": "Жовква"
  },
  {
    "number": 20450171859392,
    "dateTime": {
      "date": {
        "year": 2019,
        "month": 10,
        "day": 17
      },
      "time": {
        "hour": 15,
        "minute": 21,
        "second": 14,
        "nano": 0
      }
    },
    "citySender": "Одеса",
    "cityRecipient": "Київ"
  },
  {
    "number": 20450171859396,
    "dateTime": {
      "date": {
        "year": 2019,
        "month": 10,
        "day": 17
      },
      "time": {
        "hour": 12,
        "minute": 34,
        "second": 6,
        "nano": 0
      }
    },
    "citySender": "Житомир",
    "cityRecipient": "Тростянець (Вінницька обл.)"
  },
  {
    "number": 20450171859404,
    "dateTime": {
      "date": {
        "year": 2019,
        "month": 10,
        "day": 17
      },
      "time": {
        "hour": 16,
        "minute": 40,
        "second": 7,
        "nano": 0
      }
    },
    "citySender": "Київ",
    "cityRecipient": "Павлоград"
  },
  {
    "number": 20450171859414,
    "dateTime": {
      "date": {
        "year": 2019,
        "month": 10,
        "day": 17
      },
      "time": {
        "hour": 11,
        "minute": 10,
        "second": 41,
        "nano": 0
      }
    },
    "citySender": "Запоріжжя",
    "cityRecipient": "Новоград-Волинський"
  },
  {
    "number": 20450171859416,
    "dateTime": {
      "date": {
        "year": 2019,
        "month": 10,
        "day": 17
      },
      "time": {
        "hour": 16,
        "minute": 31,
        "second": 40,
        "nano": 0
      }
    },
    "citySender": "Малехів",
    "cityRecipient": "Вінниця"
  }
]