[
  {
    "number": 20450171842037,
    "dateTime": {
      "date": {
        "year": 2019,
        "month": 10,
        "day": 17
      },
      "time": {
        "hour": 13,
        "minute": 3,
        "second": 6,
        "nano": 0
      }
    },
    "citySender": "Дачне",
    "cityRecipient": "Маріуполь"
  },
  {
    "number": 20450171842049,
    "dateTime": {
      "date": {
        "year": 2019,
        "month": 10,
        "day": 17
      },
      "time": {
        "hour": 14,
        "minute": 38,
        "second": 1,
        "nano": 0
      }
    },
    "citySender": "Новоселиця",
    "cityRecipient": "Сновськ"
  },
  {
    "number": 20450171842055,
    "dateTime": {
      "date": {
        "year": 2019,
        "month": 10,
        "day": 17
      },
      "time": {
        "hour": 13,
        "minute": 20,
        "second": 54,
        "nano": 0
      }
    },
    "citySender": "Костянтинівка (Донецька обл.)",
    "cityRecipient": "Київ"
  },
  {
    "number": 20450171842059,
    "dateTime": {
      "date": {
        "year": 2019,
        "month": 10,
        "day": 17
      },
      "time": {
        "hour": 17,
        "minute": 35,
        "second": 20,
        "nano": 0
      }
    },
    "citySender": "Київ",
    "cityRecipient": "Київ"
  },
  {
    "number": 20450171842065,
    "dateTime": {
      "date": {
        "year": 2019,
        "month": 10,
        "day": 17
      },
      "time": {
        "hour": 15,
        "minute": 28,
        "second": 30,
        "nano": 0
      }
    },
    "citySender": "Київ",
    "cityRecipient": "Харків"
  },
  {
    "number": 20450171842071,
    "dateTime": {
      "date": {
        "year": 2019,
        "month": 10,
        "day": 17
      },
      "time": {
        "hour": 18,
        "minute": 20,
        "second": 49,
        "nano": 0
      }
    },
    "citySender": "Дачне",
    "cityRecipient": "Чернігів"
  },
  {
    "number": 20450171842074,
    "dateTime": {
      "date": {
        "year": 2019,
        "month": 10,
        "day": 17
      },
      "time": {
        "hour": 9,
        "minute": 58,
        "second": 56,
        "nano": 0
      }
    },
    "citySender": "Новоселиця",
    "cityRecipient": "Херсон"
  },
  {
    "number": 20450171842097,
    "dateTime": {
      "date": {
        "year": 2019,
        "month": 10,
        "day": 17
      },
      "time": {
        "hour": 17,
        "minute": 4,
        "second": 43,
        "nano": 0
      }
    },
    "citySender": "Київ",
    "cityRecipient": "Одеса"
  }
]