[
  {
    "number": 20450171847889,
    "dateTime": {
      "date": {
        "year": 2019,
        "month": 10,
        "day": 17
      },
      "time": {
        "hour": 11,
        "minute": 19,
        "second": 38,
        "nano": 0
      }
    },
    "citySender": "Кременчук",
    "cityRecipient": "Лубни"
  },
  {
    "number": 20450171847891,
    "dateTime": {
      "date": {
        "year": 2019,
        "month": 10,
        "day": 17
      },
      "time": {
        "hour": 13,
        "minute": 3,
        "second": 12,
        "nano": 0
      }
    },
    "citySender": "Дачне",
    "cityRecipient": "Урзуф"
  },
  {
    "number": 20450171847893,
    "dateTime": {
      "date": {
        "year": 2019,
        "month": 10,
        "day": 17
      },
      "time": {
        "hour": 19,
        "minute": 0,
        "second": 47,
        "nano": 0
      }
    },
    "citySender": "Київ",
    "cityRecipient": "Київ"
  },
  {
    "number": 20450171847957,
    "dateTime": {
      "date": {
        "year": 2019,
        "month": 10,
        "day": 17
      },
      "time": {
        "hour": 17,
        "minute": 49,
        "second": 18,
        "nano": 0
      }
    },
    "citySender": "Золочів (Львівська обл.)",
    "cityRecipient": "Зеленодольськ"
  }
]