[
  {
    "number": 20450171852083,
    "dateTime": {
      "date": {
        "year": 2019,
        "month": 10,
        "day": 17
      },
      "time": {
        "hour": 11,
        "minute": 53,
        "second": 29,
        "nano": 0
      }
    },
    "citySender": "Рожище",
    "cityRecipient": "Дніпро"
  },
  {
    "number": 20450171852087,
    "dateTime": {
      "date": {
        "year": 2019,
        "month": 10,
        "day": 17
      },
      "time": {
        "hour": 15,
        "minute": 54,
        "second": 24,
        "nano": 0
      }
    },
    "citySender": "Вінниця",
    "cityRecipient": "Первомайськ(Микол.обл.Первомайс.р-н)"
  },
  {
    "number": 20450171852114,
    "dateTime": {
      "date": {
        "year": 2019,
        "month": 10,
        "day": 17
      },
      "time": {
        "hour": 19,
        "minute": 0,
        "second": 48,
        "nano": 0
      }
    },
    "citySender": "Київ",
    "cityRecipient": "Дніпро"
  },
  {
    "number": 20450171852124,
    "dateTime": {
      "date": {
        "year": 2019,
        "month": 10,
        "day": 17
      },
      "time": {
        "hour": 11,
        "minute": 53,
        "second": 29,
        "nano": 0
      }
    },
    "citySender": "Рожище",
    "cityRecipient": "Баришівка"
  },
  {
    "number": 20450171852134,
    "dateTime": {
      "date": {
        "year": 2019,
        "month": 10,
        "day": 17
      },
      "time": {
        "hour": 11,
        "minute": 53,
        "second": 29,
        "nano": 0
      }
    },
    "citySender": "Рожище",
    "cityRecipient": "Київ"
  },
  {
    "number": 20450171852146,
    "dateTime": {
      "date": {
        "year": 2019,
        "month": 10,
        "day": 17
      },
      "time": {
        "hour": 11,
        "minute": 53,
        "second": 29,
        "nano": 0
      }
    },
    "citySender": "Рожище",
    "cityRecipient": "Бровари"
  },
  {
    "number": 20450171852147,
    "dateTime": {
      "date": {
        "year": 2019,
        "month": 10,
        "day": 17
      },
      "time": {
        "hour": 19,
        "minute": 0,
        "second": 48,
        "nano": 0
      }
    },
    "citySender": "Київ",
    "cityRecipient": "Харків"
  },
  {
    "number": 20450171852153,
    "dateTime": {
      "date": {
        "year": 2019,
        "month": 10,
        "day": 17
      },
      "time": {
        "hour": 11,
        "minute": 53,
        "second": 30,
        "nano": 0
      }
    },
    "citySender": "Рожище",
    "cityRecipient": "Одеса"
  }
]