[
  {
    "number": 20450171861459,
    "dateTime": {
      "date": {
        "year": 2019,
        "month": 10,
        "day": 17
      },
      "time": {
        "hour": 15,
        "minute": 39,
        "second": 15,
        "nano": 0
      }
    },
    "citySender": "Ілічанка",
    "cityRecipient": "Запоріжжя"
  },
  {
    "number": 20450171861467,
    "dateTime": {
      "date": {
        "year": 2019,
        "month": 10,
        "day": 17
      },
      "time": {
        "hour": 14,
        "minute": 14,
        "second": 3,
        "nano": 0
      }
    },
    "citySender": "Вінниця",
    "cityRecipient": "Київ"
  },
  {
    "number": 20450171861485,
    "dateTime": {
      "date": {
        "year": 2019,
        "month": 10,
        "day": 17
      },
      "time": {
        "hour": 17,
        "minute": 8,
        "second": 23,
        "nano": 0
      }
    },
    "citySender": "Тернопіль",
    "cityRecipient": "Черкаси"
  },
  {
    "number": 20450171861487,
    "dateTime": {
      "date": {
        "year": 2019,
        "month": 10,
        "day": 17
      },
      "time": {
        "hour": 18,
        "minute": 44,
        "second": 11,
        "nano": 0
      }
    },
    "citySender": "Київ",
    "cityRecipient": "Снігурівка"
  },
  {
    "number": 20450171861489,
    "dateTime": {
      "date": {
        "year": 2019,
        "month": 10,
        "day": 17
      },
      "time": {
        "hour": 17,
        "minute": 57,
        "second": 19,
        "nano": 0
      }
    },
    "citySender": "Харків",
    "cityRecipient": "Житомир"
  },
  {
    "number": 20450171861512,
    "dateTime": {
      "date": {
        "year": 2019,
        "month": 10,
        "day": 17
      },
      "time": {
        "hour": 15,
        "minute": 36,
        "second": 50,
        "nano": 0
      }
    },
    "citySender": "Ілічанка",
    "cityRecipient": "Чернівці"
  },
  {
    "number": 20450171861522,
    "dateTime": {
      "date": {
        "year": 2019,
        "month": 10,
        "day": 17
      },
      "time": {
        "hour": 8,
        "minute": 2,
        "second": 45,
        "nano": 0
      }
    },
    "citySender": "Київ",
    "cityRecipient": "Тернопіль"
  },
  {
    "number": 20450171861533,
    "dateTime": {
      "date": {
        "year": 2019,
        "month": 10,
        "day": 17
      },
      "time": {
        "hour": 15,
        "minute": 2,
        "second": 29,
        "nano": 0
      }
    },
    "citySender": "Київ",
    "cityRecipient": "Київ"
  },
  {
    "number": 20450171861542,
    "dateTime": {
      "date": {
        "year": 2019,
        "month": 10,
        "day": 17
      },
      "time": {
        "hour": 8,
        "minute": 25,
        "second": 21,
        "nano": 0
      }
    },
    "citySender": "Гореничі",
    "cityRecipient": "Дніпро"
  }
]