[
  {
    "number": 20450171839431,
    "dateTime": {
      "date": {
        "year": 2019,
        "month": 10,
        "day": 17
      },
      "time": {
        "hour": 13,
        "minute": 3,
        "second": 4,
        "nano": 0
      }
    },
    "citySender": "Дачне",
    "cityRecipient": "Бориспіль"
  },
  {
    "number": 20450171839435,
    "dateTime": {
      "date": {
        "year": 2019,
        "month": 10,
        "day": 17
      },
      "time": {
        "hour": 17,
        "minute": 21,
        "second": 57,
        "nano": 0
      }
    },
    "citySender": "Київ",
    "cityRecipient": "Дніпро"
  },
  {
    "number": 20450171839456,
    "dateTime": {
      "date": {
        "year": 2019,
        "month": 10,
        "day": 17
      },
      "time": {
        "hour": 15,
        "minute": 37,
        "second": 7,
        "nano": 0
      }
    },
    "citySender": "Шостка",
    "cityRecipient": "Кременчук"
  },
  {
    "number": 20450171839457,
    "dateTime": {
      "date": {
        "year": 2019,
        "month": 10,
        "day": 17
      },
      "time": {
        "hour": 12,
        "minute": 55,
        "second": 10,
        "nano": 0
      }
    },
    "citySender": "Богуслав (Київська обл.)",
    "cityRecipient": "Комарно"
  },
  {
    "number": 20450171839486,
    "dateTime": {
      "date": {
        "year": 2019,
        "month": 10,
        "day": 17
      },
      "time": {
        "hour": 17,
        "minute": 36,
        "second": 6,
        "nano": 0
      }
    },
    "citySender": "Черкаси",
    "cityRecipient": "Іза"
  }
]