[
  {
    "number": 20450171862180,
    "dateTime": {
      "date": {
        "year": 2019,
        "month": 10,
        "day": 17
      },
      "time": {
        "hour": 11,
        "minute": 44,
        "second": 31,
        "nano": 0
      }
    },
    "citySender": "Красилівка (Броварський р-н)",
    "cityRecipient": "Дніпро"
  },
  {
    "number": 20450171862202,
    "dateTime": {
      "date": {
        "year": 2019,
        "month": 10,
        "day": 17
      },
      "time": {
        "hour": 14,
        "minute": 30,
        "second": 21,
        "nano": 0
      }
    },
    "citySender": "Харків",
    "cityRecipient": "Новомосковськ"
  },
  {
    "number": 20450171862245,
    "dateTime": {
      "date": {
        "year": 2019,
        "month": 10,
        "day": 17
      },
      "time": {
        "hour": 3,
        "minute": 56,
        "second": 8,
        "nano": 0
      }
    },
    "citySender": "Київ",
    "cityRecipient": "Кривий Ріг"
  },
  {
    "number": 20450171862252,
    "dateTime": {
      "date": {
        "year": 2019,
        "month": 10,
        "day": 17
      },
      "time": {
        "hour": 9,
        "minute": 44,
        "second": 47,
        "nano": 0
      }
    },
    "citySender": "Рівне",
    "cityRecipient": "Шкло"
  },
  {
    "number": 20450171862260,
    "dateTime": {
      "date": {
        "year": 2019,
        "month": 10,
        "day": 17
      },
      "time": {
        "hour": 14,
        "minute": 14,
        "second": 5,
        "nano": 0
      }
    },
    "citySender": "Вінниця",
    "cityRecipient": "Лохвиця"
  }
]