[
  {
    "number": 20450171855408,
    "dateTime": {
      "date": {
        "year": 2019,
        "month": 10,
        "day": 17
      },
      "time": {
        "hour": 12,
        "minute": 26,
        "second": 2,
        "nano": 0
      }
    },
    "citySender": "Славута",
    "cityRecipient": "Київ"
  },
  {
    "number": 20450171855431,
    "dateTime": {
      "date": {
        "year": 2019,
        "month": 10,
        "day": 17
      },
      "time": {
        "hour": 18,
        "minute": 58,
        "second": 17,
        "nano": 0
      }
    },
    "citySender": "Тернопіль",
    "cityRecipient": "Перемишляни"
  },
  {
    "number": 20450171855442,
    "dateTime": {
      "date": {
        "year": 2019,
        "month": 10,
        "day": 17
      },
      "time": {
        "hour": 18,
        "minute": 45,
        "second": 8,
        "nano": 0
      }
    },
    "citySender": "Київ",
    "cityRecipient": "Тернопіль"
  },
  {
    "number": 20450171855446,
    "dateTime": {
      "date": {
        "year": 2019,
        "month": 10,
        "day": 17
      },
      "time": {
        "hour": 14,
        "minute": 13,
        "second": 59,
        "nano": 0
      }
    },
    "citySender": "Вінниця",
    "cityRecipient": "Суми"
  },
  {
    "number": 20450171855493,
    "dateTime": {
      "date": {
        "year": 2019,
        "month": 10,
        "day": 17
      },
      "time": {
        "hour": 14,
        "minute": 13,
        "second": 59,
        "nano": 0
      }
    },
    "citySender": "Вінниця",
    "cityRecipient": "Суми"
  },
  {
    "number": 20450171855497,
    "dateTime": {
      "date": {
        "year": 2019,
        "month": 10,
        "day": 17
      },
      "time": {
        "hour": 15,
        "minute": 40,
        "second": 5,
        "nano": 0
      }
    },
    "citySender": "Горішні Плавні",
    "cityRecipient": "Київ"
  },
  {
    "number": 20450171855498,
    "dateTime": {
      "date": {
        "year": 2019,
        "month": 10,
        "day": 17
      },
      "time": {
        "hour": 19,
        "minute": 45,
        "second": 1,
        "nano": 0
      }
    },
    "citySender": "Одеса",
    "cityRecipient": "Чернівці"
  },
  {
    "number": 20450171855503,
    "dateTime": {
      "date": {
        "year": 2019,
        "month": 10,
        "day": 17
      },
      "time": {
        "hour": 9,
        "minute": 50,
        "second": 20,
        "nano": 0
      }
    },
    "citySender": "Одеса",
    "cityRecipient": "Запоріжжя"
  }
]