[
  {
    "number": 20450171845861,
    "dateTime": {
      "date": {
        "year": 2019,
        "month": 10,
        "day": 17
      },
      "time": {
        "hour": 14,
        "minute": 18,
        "second": 35,
        "nano": 0
      }
    },
    "citySender": "Вінниця",
    "cityRecipient": "Мукачево"
  },
  {
    "number": 20450171845867,
    "dateTime": {
      "date": {
        "year": 2019,
        "month": 10,
        "day": 17
      },
      "time": {
        "hour": 13,
        "minute": 41,
        "second": 9,
        "nano": 0
      }
    },
    "citySender": "Вінниця",
    "cityRecipient": "Миколаїв"
  },
  {
    "number": 20450171845893,
    "dateTime": {
      "date": {
        "year": 2019,
        "month": 10,
        "day": 17
      },
      "time": {
        "hour": 14,
        "minute": 48,
        "second": 9,
        "nano": 0
      }
    },
    "citySender": "Одеса",
    "cityRecipient": "Мостиська"
  },
  {
    "number": 20450171845906,
    "dateTime": {
      "date": {
        "year": 2019,
        "month": 10,
        "day": 17
      },
      "time": {
        "hour": 11,
        "minute": 18,
        "second": 42,
        "nano": 0
      }
    },
    "citySender": "Волноваха",
    "cityRecipient": "Вінниця"
  },
  {
    "number": 20450171845918,
    "dateTime": {
      "date": {
        "year": 2019,
        "month": 10,
        "day": 17
      },
      "time": {
        "hour": 18,
        "minute": 41,
        "second": 15,
        "nano": 0
      }
    },
    "citySender": "Луцьк",
    "cityRecipient": "Дніпро"
  },
  {
    "number": 20450171845921,
    "dateTime": {
      "date": {
        "year": 2019,
        "month": 10,
        "day": 17
      },
      "time": {
        "hour": 15,
        "minute": 30,
        "second": 14,
        "nano": 0
      }
    },
    "citySender": "Нова Каховка",
    "cityRecipient": "Одеса"
  }
]