[
  {
    "number": 20450171846677,
    "dateTime": {
      "date": {
        "year": 2019,
        "month": 10,
        "day": 17
      },
      "time": {
        "hour": 13,
        "minute": 41,
        "second": 12,
        "nano": 0
      }
    },
    "citySender": "Вінниця",
    "cityRecipient": "Золочів (Львівська обл.)"
  },
  {
    "number": 20450171846686,
    "dateTime": {
      "date": {
        "year": 2019,
        "month": 10,
        "day": 17
      },
      "time": {
        "hour": 13,
        "minute": 3,
        "second": 10,
        "nano": 0
      }
    },
    "citySender": "Дачне",
    "cityRecipient": "Черкаське"
  },
  {
    "number": 20450171846688,
    "dateTime": {
      "date": {
        "year": 2019,
        "month": 10,
        "day": 17
      },
      "time": {
        "hour": 14,
        "minute": 18,
        "second": 37,
        "nano": 0
      }
    },
    "citySender": "Вінниця",
    "cityRecipient": "Суми"
  },
  {
    "number": 20450171846718,
    "dateTime": {
      "date": {
        "year": 2019,
        "month": 10,
        "day": 17
      },
      "time": {
        "hour": 13,
        "minute": 41,
        "second": 12,
        "nano": 0
      }
    },
    "citySender": "Вінниця",
    "cityRecipient": "Прилуки"
  },
  {
    "number": 20450171846721,
    "dateTime": {
      "date": {
        "year": 2019,
        "month": 10,
        "day": 17
      },
      "time": {
        "hour": 14,
        "minute": 33,
        "second": 15,
        "nano": 0
      }
    },
    "citySender": "Новоселиця",
    "cityRecipient": "Богодухів"
  },
  {
    "number": 20450171846722,
    "dateTime": {
      "date": {
        "year": 2019,
        "month": 10,
        "day": 17
      },
      "time": {
        "hour": 13,
        "minute": 3,
        "second": 10,
        "nano": 0
      }
    },
    "citySender": "Дачне",
    "cityRecipient": "Мукачево"
  },
  {
    "number": 20450171846726,
    "dateTime": {
      "date": {
        "year": 2019,
        "month": 10,
        "day": 17
      },
      "time": {
        "hour": 14,
        "minute": 18,
        "second": 37,
        "nano": 0
      }
    },
    "citySender": "Вінниця",
    "cityRecipient": "Циблі"
  },
  {
    "number": 20450171846748,
    "dateTime": {
      "date": {
        "year": 2019,
        "month": 10,
        "day": 17
      },
      "time": {
        "hour": 13,
        "minute": 41,
        "second": 12,
        "nano": 0
      }
    },
    "citySender": "Вінниця",
    "cityRecipient": "Чугуїв"
  },
  {
    "number": 20450171846751,
    "dateTime": {
      "date": {
        "year": 2019,
        "month": 10,
        "day": 17
      },
      "time": {
        "hour": 12,
        "minute": 55,
        "second": 42,
        "nano": 0
      }
    },
    "citySender": "Київ",
    "cityRecipient": "Дніпро"
  },
  {
    "number": 20450171846757,
    "dateTime": {
      "date": {
        "year": 2019,
        "month": 10,
        "day": 17
      },
      "time": {
        "hour": 14,
        "minute": 18,
        "second": 37,
        "nano": 0
      }
    },
    "citySender": "Вінниця",
    "cityRecipient": "Енергодар"
  }
]