[
  {
    "number": 20450171872170,
    "dateTime": {
      "date": {
        "year": 2019,
        "month": 10,
        "day": 17
      },
      "time": {
        "hour": 9,
        "minute": 11,
        "second": 8,
        "nano": 0
      }
    },
    "citySender": "Іршава",
    "cityRecipient": "Білгород-Дністровський"
  },
  {
    "number": 20450171872196,
    "dateTime": {
      "date": {
        "year": 2019,
        "month": 10,
        "day": 17
      },
      "time": {
        "hour": 17,
        "minute": 35,
        "second": 4,
        "nano": 0
      }
    },
    "citySender": "Одеса",
    "cityRecipient": "Вінниця"
  },
  {
    "number": 20450171872202,
    "dateTime": {
      "date": {
        "year": 2019,
        "month": 10,
        "day": 17
      },
      "time": {
        "hour": 17,
        "minute": 35,
        "second": 6,
        "nano": 0
      }
    },
    "citySender": "Одеса",
    "cityRecipient": "Бровари"
  },
  {
    "number": 20450171872225,
    "dateTime": {
      "date": {
        "year": 2019,
        "month": 10,
        "day": 17
      },
      "time": {
        "hour": 15,
        "minute": 52,
        "second": 54,
        "nano": 0
      }
    },
    "citySender": "Рубіжне",
    "cityRecipient": "Турійськ"
  }
]