[
  {
    "number": 59000454883544,
    "dateTime": {
      "date": {
        "year": 2019,
        "month": 10,
        "day": 15
      },
      "time": {
        "hour": 9,
        "minute": 1,
        "second": 38,
        "nano": 0
      }
    },
    "citySender": "Житомир",
    "cityRecipient": "Київ"
  },
  {
    "number": 59000454883545,
    "dateTime": {
      "date": {
        "year": 2019,
        "month": 10,
        "day": 15
      },
      "time": {
        "hour": 9,
        "minute": 1,
        "second": 10,
        "nano": 0
      }
    },
    "citySender": "Дніпро",
    "cityRecipient": "Київ"
  },
  {
    "number": 59000454883546,
    "dateTime": {
      "date": {
        "year": 2019,
        "month": 10,
        "day": 15
      },
      "time": {
        "hour": 9,
        "minute": 0,
        "second": 50,
        "nano": 0
      }
    },
    "citySender": "Гуляйполе",
    "cityRecipient": "Київ"
  },
  {
    "number": 59000454883547,
    "dateTime": {
      "date": {
        "year": 2019,
        "month": 10,
        "day": 15
      },
      "time": {
        "hour": 9,
        "minute": 1,
        "second": 55,
        "nano": 0
      }
    },
    "citySender": "Умань",
    "cityRecipient": "Чубинське"
  },
  {
    "number": 59000454883548,
    "dateTime": {
      "date": {
        "year": 2019,
        "month": 10,
        "day": 15
      },
      "time": {
        "hour": 8,
        "minute": 59,
        "second": 17,
        "nano": 0
      }
    },
    "citySender": "Миколаїв",
    "cityRecipient": "Хмельницький"
  },
  {
    "number": 59000454883549,
    "dateTime": {
      "date": {
        "year": 2019,
        "month": 10,
        "day": 15
      },
      "time": {
        "hour": 9,
        "minute": 1,
        "second": 4,
        "nano": 0
      }
    },
    "citySender": "Світлодарськ",
    "cityRecipient": "Київ"
  },
  {
    "number": 59000454883550,
    "dateTime": {
      "date": {
        "year": 2019,
        "month": 10,
        "day": 15
      },
      "time": {
        "hour": 9,
        "minute": 1,
        "second": 21,
        "nano": 0
      }
    },
    "citySender": "Сартана (Донецька обл.)",
    "cityRecipient": "Київ"
  },
  {
    "number": 59000454883551,
    "dateTime": {
      "date": {
        "year": 2019,
        "month": 10,
        "day": 15
      },
      "time": {
        "hour": 9,
        "minute": 1,
        "second": 56,
        "nano": 0
      }
    },
    "citySender": "Путила",
    "cityRecipient": "Бердичів"
  },
  {
    "number": 59000454883552,
    "dateTime": {
      "date": {
        "year": 2019,
        "month": 10,
        "day": 15
      },
      "time": {
        "hour": 9,
        "minute": 1,
        "second": 49,
        "nano": 0
      }
    },
    "citySender": "Сміла",
    "cityRecipient": "Вишневе"
  },
  {
    "number": 59000454883553,
    "dateTime": {
      "date": {
        "year": 2019,
        "month": 10,
        "day": 15
      },
      "time": {
        "hour": 9,
        "minute": 1,
        "second": 41,
        "nano": 0
      }
    },
    "citySender": "Полонне",
    "cityRecipient": "Вінниця"
  },
  {
    "number": 59000454883554,
    "dateTime": {
      "date": {
        "year": 2019,
        "month": 10,
        "day": 15
      },
      "time": {
        "hour": 9,
        "minute": 0,
        "second": 58,
        "nano": 0
      }
    },
    "citySender": "Київ",
    "cityRecipient": "Кривий Ріг"
  },
  {
    "number": 59000454883555,
    "dateTime": {
      "date": {
        "year": 2019,
        "month": 10,
        "day": 15
      },
      "time": {
        "hour": 9,
        "minute": 1,
        "second": 51,
        "nano": 0
      }
    },
    "citySender": "Яготин",
    "cityRecipient": "Київ"
  },
  {
    "number": 59000454883556,
    "dateTime": {
      "date": {
        "year": 2019,
        "month": 10,
        "day": 15
      },
      "time": {
        "hour": 9,
        "minute": 1,
        "second": 43,
        "nano": 0
      }
    },
    "citySender": "Лохвиця",
    "cityRecipient": "Слов\u0027янськ"
  },
  {
    "number": 59000454883557,
    "dateTime": {
      "date": {
        "year": 2019,
        "month": 10,
        "day": 15
      },
      "time": {
        "hour": 9,
        "minute": 2,
        "second": 0,
        "nano": 0
      }
    },
    "citySender": "Пирятин",
    "cityRecipient": "Мирноград"
  },
  {
    "number": 59000454883558,
    "dateTime": {
      "date": {
        "year": 2019,
        "month": 10,
        "day": 15
      },
      "time": {
        "hour": 9,
        "minute": 1,
        "second": 52,
        "nano": 0
      }
    },
    "citySender": "Харків",
    "cityRecipient": "Харків"
  },
  {
    "number": 59000454883559,
    "dateTime": {
      "date": {
        "year": 2019,
        "month": 10,
        "day": 15
      },
      "time": {
        "hour": 9,
        "minute": 2,
        "second": 4,
        "nano": 0
      }
    },
    "citySender": "Хуст",
    "cityRecipient": "Київ"
  },
  {
    "number": 59000454883560,
    "dateTime": {
      "date": {
        "year": 2019,
        "month": 10,
        "day": 15
      },
      "time": {
        "hour": 9,
        "minute": 1,
        "second": 21,
        "nano": 0
      }
    },
    "citySender": "Нововолинськ",
    "cityRecipient": "Харків"
  },
  {
    "number": 59000454883561,
    "dateTime": {
      "date": {
        "year": 2019,
        "month": 10,
        "day": 15
      },
      "time": {
        "hour": 9,
        "minute": 1,
        "second": 45,
        "nano": 0
      }
    },
    "citySender": "Хмельницький",
    "cityRecipient": "Одеса"
  },
  {
    "number": 59000454883562,
    "dateTime": {
      "date": {
        "year": 2019,
        "month": 10,
        "day": 15
      },
      "time": {
        "hour": 9,
        "minute": 1,
        "second": 25,
        "nano": 0
      }
    },
    "citySender": "Звенигородка",
    "cityRecipient": "Київ"
  },
  {
    "number": 59000454883563,
    "dateTime": {
      "date": {
        "year": 2019,
        "month": 10,
        "day": 15
      },
      "time": {
        "hour": 9,
        "minute": 1,
        "second": 37,
        "nano": 0
      }
    },
    "citySender": "Львів",
    "cityRecipient": "Васильківка (Дніпропетровська обл.)"
  },
  {
    "number": 59000454883564,
    "dateTime": {
      "date": {
        "year": 2019,
        "month": 10,
        "day": 15
      },
      "time": {
        "hour": 9,
        "minute": 1,
        "second": 30,
        "nano": 0
      }
    },
    "citySender": "Червоноград (Львівська обл.)",
    "cityRecipient": "Синельникове"
  },
  {
    "number": 59000454883565,
    "dateTime": {
      "date": {
        "year": 2019,
        "month": 10,
        "day": 15
      },
      "time": {
        "hour": 9,
        "minute": 1,
        "second": 44,
        "nano": 0
      }
    },
    "citySender": "Світловодськ",
    "cityRecipient": "Бориспіль"
  },
  {
    "number": 59000454883566,
    "dateTime": {
      "date": {
        "year": 2019,
        "month": 10,
        "day": 15
      },
      "time": {
        "hour": 9,
        "minute": 2,
        "second": 5,
        "nano": 0
      }
    },
    "citySender": "Ільниця",
    "cityRecipient": "Заріччя(Закарпатська обл.)"
  },
  {
    "number": 59000454883567,
    "dateTime": {
      "date": {
        "year": 2019,
        "month": 10,
        "day": 15
      },
      "time": {
        "hour": 9,
        "minute": 1,
        "second": 16,
        "nano": 0
      }
    },
    "citySender": "Ніжин",
    "cityRecipient": "Павлоград"
  },
  {
    "number": 59000454883568,
    "dateTime": {
      "date": {
        "year": 2019,
        "month": 10,
        "day": 15
      },
      "time": {
        "hour": 9,
        "minute": 1,
        "second": 46,
        "nano": 0
      }
    },
    "citySender": "Шпола",
    "cityRecipient": "Українка"
  },
  {
    "number": 59000454883569,
    "dateTime": {
      "date": {
        "year": 2019,
        "month": 10,
        "day": 15
      },
      "time": {
        "hour": 9,
        "minute": 2,
        "second": 6,
        "nano": 0
      }
    },
    "citySender": "Ірпінь",
    "cityRecipient": "Київ"
  },
  {
    "number": 59000454883570,
    "dateTime": {
      "date": {
        "year": 2019,
        "month": 10,
        "day": 15
      },
      "time": {
        "hour": 9,
        "minute": 1,
        "second": 29,
        "nano": 0
      }
    },
    "citySender": "Теребовля",
    "cityRecipient": "Гоголів(Броварський р-н)"
  },
  {
    "number": 59000454883571,
    "dateTime": {
      "date": {
        "year": 2019,
        "month": 10,
        "day": 15
      },
      "time": {
        "hour": 9,
        "minute": 1,
        "second": 54,
        "nano": 0
      }
    },
    "citySender": "Заболотів (Снятинський р-н)",
    "cityRecipient": "Херсон"
  },
  {
    "number": 59000454883572,
    "dateTime": {
      "date": {
        "year": 2019,
        "month": 10,
        "day": 15
      },
      "time": {
        "hour": 9,
        "minute": 2,
        "second": 4,
        "nano": 0
      }
    },
    "citySender": "Дунаївці",
    "cityRecipient": "Южне"
  },
  {
    "number": 59000454883573,
    "dateTime": {
      "date": {
        "year": 2019,
        "month": 10,
        "day": 15
      },
      "time": {
        "hour": 9,
        "minute": 1,
        "second": 56,
        "nano": 0
      }
    },
    "citySender": "Слов\u0027янськ",
    "cityRecipient": "Костянтинівка (Донецька обл.)"
  },
  {
    "number": 59000454883574,
    "dateTime": {
      "date": {
        "year": 2019,
        "month": 10,
        "day": 15
      },
      "time": {
        "hour": 9,
        "minute": 2,
        "second": 6,
        "nano": 0
      }
    },
    "citySender": "Городок (Хмельницька обл.)",
    "cityRecipient": "Київ"
  },
  {
    "number": 59000454883575,
    "dateTime": {
      "date": {
        "year": 2019,
        "month": 10,
        "day": 15
      },
      "time": {
        "hour": 9,
        "minute": 1,
        "second": 44,
        "nano": 0
      }
    },
    "citySender": "Одеса",
    "cityRecipient": "Костянтинівка (Донецька обл.)"
  },
  {
    "number": 59000454883576,
    "dateTime": {
      "date": {
        "year": 2019,
        "month": 10,
        "day": 15
      },
      "time": {
        "hour": 9,
        "minute": 1,
        "second": 51,
        "nano": 0
      }
    },
    "citySender": "Кропивницький",
    "cityRecipient": "Краматорськ"
  },
  {
    "number": 59000454883577,
    "dateTime": {
      "date": {
        "year": 2019,
        "month": 10,
        "day": 15
      },
      "time": {
        "hour": 9,
        "minute": 1,
        "second": 59,
        "nano": 0
      }
    },
    "citySender": "Харків",
    "cityRecipient": "Київ"
  },
  {
    "number": 59000454883578,
    "dateTime": {
      "date": {
        "year": 2019,
        "month": 10,
        "day": 15
      },
      "time": {
        "hour": 9,
        "minute": 0,
        "second": 54,
        "nano": 0
      }
    },
    "citySender": "Рені",
    "cityRecipient": "Березівка"
  },
  {
    "number": 59000454883579,
    "dateTime": {
      "date": {
        "year": 2019,
        "month": 10,
        "day": 15
      },
      "time": {
        "hour": 9,
        "minute": 1,
        "second": 48,
        "nano": 0
      }
    },
    "citySender": "Київ",
    "cityRecipient": "Баришівка"
  },
  {
    "number": 59000454883580,
    "dateTime": {
      "date": {
        "year": 2019,
        "month": 10,
        "day": 15
      },
      "time": {
        "hour": 9,
        "minute": 1,
        "second": 50,
        "nano": 0
      }
    },
    "citySender": "Житомир",
    "cityRecipient": "Трускавець"
  },
  {
    "number": 59000454883581,
    "dateTime": {
      "date": {
        "year": 2019,
        "month": 10,
        "day": 15
      },
      "time": {
        "hour": 9,
        "minute": 2,
        "second": 8,
        "nano": 0
      }
    },
    "citySender": "Немішаєве",
    "cityRecipient": "Харків"
  },
  {
    "number": 59000454883582,
    "dateTime": {
      "date": {
        "year": 2019,
        "month": 10,
        "day": 15
      },
      "time": {
        "hour": 9,
        "minute": 0,
        "second": 35,
        "nano": 0
      }
    },
    "citySender": "Олександрівка (смт.Кіровог.обл.райц)",
    "cityRecipient": "Ірпінь"
  },
  {
    "number": 59000454883583,
    "dateTime": {
      "date": {
        "year": 2019,
        "month": 10,
        "day": 15
      },
      "time": {
        "hour": 9,
        "minute": 1,
        "second": 48,
        "nano": 0
      }
    },
    "citySender": "Кириківка(Великописарів.р-н)",
    "cityRecipient": "Святогірськ"
  },
  {
    "number": 59000454883584,
    "dateTime": {
      "date": {
        "year": 2019,
        "month": 10,
        "day": 15
      },
      "time": {
        "hour": 9,
        "minute": 2,
        "second": 7,
        "nano": 0
      }
    },
    "citySender": "Бердянськ",
    "cityRecipient": "Рожище"
  },
  {
    "number": 59000454883585,
    "dateTime": {
      "date": {
        "year": 2019,
        "month": 10,
        "day": 15
      },
      "time": {
        "hour": 9,
        "minute": 2,
        "second": 9,
        "nano": 0
      }
    },
    "citySender": "Горішні Плавні",
    "cityRecipient": "Київ"
  },
  {
    "number": 59000454883586,
    "dateTime": {
      "date": {
        "year": 2019,
        "month": 10,
        "day": 15
      },
      "time": {
        "hour": 9,
        "minute": 1,
        "second": 57,
        "nano": 0
      }
    },
    "citySender": "Київ",
    "cityRecipient": "Українка"
  },
  {
    "number": 59000454883587,
    "dateTime": {
      "date": {
        "year": 2019,
        "month": 10,
        "day": 15
      },
      "time": {
        "hour": 9,
        "minute": 0,
        "second": 50,
        "nano": 0
      }
    },
    "citySender": "Калуш",
    "cityRecipient": "Борислав (Львівська обл.)"
  },
  {
    "number": 59000454883588,
    "dateTime": {
      "date": {
        "year": 2019,
        "month": 10,
        "day": 15
      },
      "time": {
        "hour": 9,
        "minute": 1,
        "second": 43,
        "nano": 0
      }
    },
    "citySender": "Черкаси",
    "cityRecipient": "Перебиківці"
  },
  {
    "number": 59000454883589,
    "dateTime": {
      "date": {
        "year": 2019,
        "month": 10,
        "day": 15
      },
      "time": {
        "hour": 9,
        "minute": 1,
        "second": 52,
        "nano": 0
      }
    },
    "citySender": "Кароліно-Бугаз",
    "cityRecipient": "Київ"
  },
  {
    "number": 59000454883590,
    "dateTime": {
      "date": {
        "year": 2019,
        "month": 10,
        "day": 15
      },
      "time": {
        "hour": 9,
        "minute": 1,
        "second": 5,
        "nano": 0
      }
    },
    "citySender": "Мукачево",
    "cityRecipient": "Одеса"
  },
  {
    "number": 59000454883591,
    "dateTime": {
      "date": {
        "year": 2019,
        "month": 10,
        "day": 15
      },
      "time": {
        "hour": 9,
        "minute": 1,
        "second": 39,
        "nano": 0
      }
    },
    "citySender": "Одеса",
    "cityRecipient": "Малинівка (Харківська обл.)"
  },
  {
    "number": 59000454883592,
    "dateTime": {
      "date": {
        "year": 2019,
        "month": 10,
        "day": 15
      },
      "time": {
        "hour": 9,
        "minute": 2,
        "second": 3,
        "nano": 0
      }
    },
    "citySender": "Рясне-Руське",
    "cityRecipient": "Ужгород"
  },
  {
    "number": 59000454883593,
    "dateTime": {
      "date": {
        "year": 2019,
        "month": 10,
        "day": 15
      },
      "time": {
        "hour": 9,
        "minute": 2,
        "second": 10,
        "nano": 0
      }
    },
    "citySender": "Маріуполь",
    "cityRecipient": "Бердянськ"
  },
  {
    "number": 59000454883594,
    "dateTime": {
      "date": {
        "year": 2019,
        "month": 10,
        "day": 15
      },
      "time": {
        "hour": 9,
        "minute": 1,
        "second": 53,
        "nano": 0
      }
    },
    "citySender": "Слов\u0027янськ",
    "cityRecipient": "Краматорськ"
  },
  {
    "number": 59000454883595,
    "dateTime": {
      "date": {
        "year": 2019,
        "month": 10,
        "day": 15
      },
      "time": {
        "hour": 9,
        "minute": 1,
        "second": 49,
        "nano": 0
      }
    },
    "citySender": "Київ",
    "cityRecipient": "Запоріжжя"
  },
  {
    "number": 59000454883596,
    "dateTime": {
      "date": {
        "year": 2019,
        "month": 10,
        "day": 15
      },
      "time": {
        "hour": 9,
        "minute": 1,
        "second": 3,
        "nano": 0
      }
    },
    "citySender": "Кам\u0027янець-Подільський",
    "cityRecipient": "Івано-Франкове"
  },
  {
    "number": 59000454883597,
    "dateTime": {
      "date": {
        "year": 2019,
        "month": 10,
        "day": 15
      },
      "time": {
        "hour": 9,
        "minute": 1,
        "second": 54,
        "nano": 0
      }
    },
    "citySender": "Хмельницький",
    "cityRecipient": "Біленьке(Запорізька обл.)"
  },
  {
    "number": 59000454883598,
    "dateTime": {
      "date": {
        "year": 2019,
        "month": 10,
        "day": 15
      },
      "time": {
        "hour": 9,
        "minute": 2,
        "second": 6,
        "nano": 0
      }
    },
    "citySender": "Кам\u0027янець-Подільський",
    "cityRecipient": "Харків"
  },
  {
    "number": 59000454883599,
    "dateTime": {
      "date": {
        "year": 2019,
        "month": 10,
        "day": 15
      },
      "time": {
        "hour": 9,
        "minute": 1,
        "second": 25,
        "nano": 0
      }
    },
    "citySender": "Ворохта",
    "cityRecipient": "Дружківка"
  },
  {
    "number": 59000454883600,
    "dateTime": {
      "date": {
        "year": 2019,
        "month": 10,
        "day": 15
      },
      "time": {
        "hour": 9,
        "minute": 2,
        "second": 10,
        "nano": 0
      }
    },
    "citySender": "Київ",
    "cityRecipient": "Подвірки"
  },
  {
    "number": 59000454883601,
    "dateTime": {
      "date": {
        "year": 2019,
        "month": 10,
        "day": 15
      },
      "time": {
        "hour": 9,
        "minute": 1,
        "second": 58,
        "nano": 0
      }
    },
    "citySender": "Дніпро",
    "cityRecipient": "Умань"
  },
  {
    "number": 59000454883602,
    "dateTime": {
      "date": {
        "year": 2019,
        "month": 10,
        "day": 15
      },
      "time": {
        "hour": 9,
        "minute": 1,
        "second": 57,
        "nano": 0
      }
    },
    "citySender": "Ромни",
    "cityRecipient": "Харків"
  },
  {
    "number": 59000454883604,
    "dateTime": {
      "date": {
        "year": 2019,
        "month": 10,
        "day": 15
      },
      "time": {
        "hour": 9,
        "minute": 1,
        "second": 58,
        "nano": 0
      }
    },
    "citySender": "Вільнянськ",
    "cityRecipient": "Київ"
  },
  {
    "number": 59000454883605,
    "dateTime": {
      "date": {
        "year": 2019,
        "month": 10,
        "day": 15
      },
      "time": {
        "hour": 9,
        "minute": 2,
        "second": 11,
        "nano": 0
      }
    },
    "citySender": "Ужгород",
    "cityRecipient": "Любешів"
  },
  {
    "number": 59000454883606,
    "dateTime": {
      "date": {
        "year": 2019,
        "month": 10,
        "day": 15
      },
      "time": {
        "hour": 9,
        "minute": 1,
        "second": 50,
        "nano": 0
      }
    },
    "citySender": "Лисянка",
    "cityRecipient": "Харків"
  },
  {
    "number": 59000454883607,
    "dateTime": {
      "date": {
        "year": 2019,
        "month": 10,
        "day": 15
      },
      "time": {
        "hour": 9,
        "minute": 2,
        "second": 3,
        "nano": 0
      }
    },
    "citySender": "Іларіонове",
    "cityRecipient": "Кирилівка(Якимівський р-н)"
  },
  {
    "number": 59000454883608,
    "dateTime": {
      "date": {
        "year": 2019,
        "month": 10,
        "day": 15
      },
      "time": {
        "hour": 9,
        "minute": 1,
        "second": 7,
        "nano": 0
      }
    },
    "citySender": "Маньківка",
    "cityRecipient": "Хмельницький"
  },
  {
    "number": 59000454883609,
    "dateTime": {
      "date": {
        "year": 2019,
        "month": 10,
        "day": 15
      },
      "time": {
        "hour": 9,
        "minute": 2,
        "second": 5,
        "nano": 0
      }
    },
    "citySender": "Харків",
    "cityRecipient": "Київ"
  },
  {
    "number": 59000454883610,
    "dateTime": {
      "date": {
        "year": 2019,
        "month": 10,
        "day": 15
      },
      "time": {
        "hour": 9,
        "minute": 1,
        "second": 56,
        "nano": 0
      }
    },
    "citySender": "Здолбунів",
    "cityRecipient": "Полтава"
  },
  {
    "number": 59000454883611,
    "dateTime": {
      "date": {
        "year": 2019,
        "month": 10,
        "day": 15
      },
      "time": {
        "hour": 9,
        "minute": 1,
        "second": 21,
        "nano": 0
      }
    },
    "citySender": "Харків",
    "cityRecipient": "Запоріжжя"
  },
  {
    "number": 59000454883612,
    "dateTime": {
      "date": {
        "year": 2019,
        "month": 10,
        "day": 15
      },
      "time": {
        "hour": 9,
        "minute": 2,
        "second": 3,
        "nano": 0
      }
    },
    "citySender": "Чернівці",
    "cityRecipient": "Вербка"
  },
  {
    "number": 59000454883613,
    "dateTime": {
      "date": {
        "year": 2019,
        "month": 10,
        "day": 15
      },
      "time": {
        "hour": 9,
        "minute": 1,
        "second": 43,
        "nano": 0
      }
    },
    "citySender": "Роздільна (Одеська обл.)",
    "cityRecipient": "Черкаське"
  },
  {
    "number": 59000454883614,
    "dateTime": {
      "date": {
        "year": 2019,
        "month": 10,
        "day": 15
      },
      "time": {
        "hour": 9,
        "minute": 1,
        "second": 49,
        "nano": 0
      }
    },
    "citySender": "Полтава",
    "cityRecipient": "Івано-Франківськ"
  },
  {
    "number": 59000454883615,
    "dateTime": {
      "date": {
        "year": 2019,
        "month": 10,
        "day": 15
      },
      "time": {
        "hour": 9,
        "minute": 1,
        "second": 21,
        "nano": 0
      }
    },
    "citySender": "Київ",
    "cityRecipient": "Вишгород"
  },
  {
    "number": 59000454883616,
    "dateTime": {
      "date": {
        "year": 2019,
        "month": 10,
        "day": 15
      },
      "time": {
        "hour": 9,
        "minute": 1,
        "second": 53,
        "nano": 0
      }
    },
    "citySender": "Ізмаїл",
    "cityRecipient": "Щастя"
  },
  {
    "number": 59000454883617,
    "dateTime": {
      "date": {
        "year": 2019,
        "month": 10,
        "day": 15
      },
      "time": {
        "hour": 9,
        "minute": 1,
        "second": 17,
        "nano": 0
      }
    },
    "citySender": "Одеса",
    "cityRecipient": "Кам\u0027янець-Подільський"
  },
  {
    "number": 59000454883618,
    "dateTime": {
      "date": {
        "year": 2019,
        "month": 10,
        "day": 15
      },
      "time": {
        "hour": 9,
        "minute": 2,
        "second": 1,
        "nano": 0
      }
    },
    "citySender": "Полтава",
    "cityRecipient": "Глухів (Сумська обл.)"
  },
  {
    "number": 59000454883619,
    "dateTime": {
      "date": {
        "year": 2019,
        "month": 10,
        "day": 15
      },
      "time": {
        "hour": 9,
        "minute": 2,
        "second": 4,
        "nano": 0
      }
    },
    "citySender": "Винники",
    "cityRecipient": "Одеса"
  },
  {
    "number": 59000454883620,
    "dateTime": {
      "date": {
        "year": 2019,
        "month": 10,
        "day": 15
      },
      "time": {
        "hour": 9,
        "minute": 1,
        "second": 42,
        "nano": 0
      }
    },
    "citySender": "Велика Новосілка",
    "cityRecipient": "Суми"
  },
  {
    "number": 59000454883621,
    "dateTime": {
      "date": {
        "year": 2019,
        "month": 10,
        "day": 15
      },
      "time": {
        "hour": 9,
        "minute": 2,
        "second": 14,
        "nano": 0
      }
    },
    "citySender": "Бровари",
    "cityRecipient": "Бердичів"
  },
  {
    "number": 59000454883622,
    "dateTime": {
      "date": {
        "year": 2019,
        "month": 10,
        "day": 15
      },
      "time": {
        "hour": 9,
        "minute": 2,
        "second": 12,
        "nano": 0
      }
    },
    "citySender": "Дніпро",
    "cityRecipient": "Рівне"
  },
  {
    "number": 59000454883623,
    "dateTime": {
      "date": {
        "year": 2019,
        "month": 10,
        "day": 15
      },
      "time": {
        "hour": 9,
        "minute": 1,
        "second": 45,
        "nano": 0
      }
    },
    "citySender": "Кропивницький",
    "cityRecipient": "Одеса"
  },
  {
    "number": 59000454883624,
    "dateTime": {
      "date": {
        "year": 2019,
        "month": 10,
        "day": 15
      },
      "time": {
        "hour": 9,
        "minute": 1,
        "second": 59,
        "nano": 0
      }
    },
    "citySender": "Біловодськ",
    "cityRecipient": "Київ"
  },
  {
    "number": 59000454883625,
    "dateTime": {
      "date": {
        "year": 2019,
        "month": 10,
        "day": 15
      },
      "time": {
        "hour": 9,
        "minute": 1,
        "second": 20,
        "nano": 0
      }
    },
    "citySender": "Миколаїв",
    "cityRecipient": "Харків"
  },
  {
    "number": 59000454883626,
    "dateTime": {
      "date": {
        "year": 2019,
        "month": 10,
        "day": 15
      },
      "time": {
        "hour": 9,
        "minute": 1,
        "second": 44,
        "nano": 0
      }
    },
    "citySender": "Черкаси",
    "cityRecipient": "Запоріжжя"
  },
  {
    "number": 59000454883627,
    "dateTime": {
      "date": {
        "year": 2019,
        "month": 10,
        "day": 15
      },
      "time": {
        "hour": 9,
        "minute": 1,
        "second": 53,
        "nano": 0
      }
    },
    "citySender": "Запоріжжя",
    "cityRecipient": "Кам\u0027янець-Подільський"
  },
  {
    "number": 59000454883628,
    "dateTime": {
      "date": {
        "year": 2019,
        "month": 10,
        "day": 15
      },
      "time": {
        "hour": 9,
        "minute": 2,
        "second": 14,
        "nano": 0
      }
    },
    "citySender": "Київ",
    "cityRecipient": "Київ"
  },
  {
    "number": 59000454883629,
    "dateTime": {
      "date": {
        "year": 2019,
        "month": 10,
        "day": 15
      },
      "time": {
        "hour": 9,
        "minute": 2,
        "second": 15,
        "nano": 0
      }
    },
    "citySender": "Мирноград",
    "cityRecipient": "Одеса"
  },
  {
    "number": 59000454883630,
    "dateTime": {
      "date": {
        "year": 2019,
        "month": 10,
        "day": 15
      },
      "time": {
        "hour": 9,
        "minute": 1,
        "second": 31,
        "nano": 0
      }
    },
    "citySender": "Калуш",
    "cityRecipient": "Бершадь"
  },
  {
    "number": 59000454883631,
    "dateTime": {
      "date": {
        "year": 2019,
        "month": 10,
        "day": 15
      },
      "time": {
        "hour": 9,
        "minute": 2,
        "second": 3,
        "nano": 0
      }
    },
    "citySender": "Новояворівськ",
    "cityRecipient": "Чернігів"
  },
  {
    "number": 59000454883632,
    "dateTime": {
      "date": {
        "year": 2019,
        "month": 10,
        "day": 15
      },
      "time": {
        "hour": 9,
        "minute": 1,
        "second": 31,
        "nano": 0
      }
    },
    "citySender": "Миколаїв",
    "cityRecipient": "Одеса"
  },
  {
    "number": 59000454883633,
    "dateTime": {
      "date": {
        "year": 2019,
        "month": 10,
        "day": 15
      },
      "time": {
        "hour": 9,
        "minute": 2,
        "second": 16,
        "nano": 0
      }
    },
    "citySender": "Полтава",
    "cityRecipient": "Полтава"
  },
  {
    "number": 59000454883634,
    "dateTime": {
      "date": {
        "year": 2019,
        "month": 10,
        "day": 15
      },
      "time": {
        "hour": 9,
        "minute": 1,
        "second": 12,
        "nano": 0
      }
    },
    "citySender": "Нікополь (Дніпропетровська обл.)",
    "cityRecipient": "Одеса"
  },
  {
    "number": 59000454883635,
    "dateTime": {
      "date": {
        "year": 2019,
        "month": 10,
        "day": 15
      },
      "time": {
        "hour": 9,
        "minute": 1,
        "second": 40,
        "nano": 0
      }
    },
    "citySender": "Семенівка(Чернігівська обл.)",
    "cityRecipient": "Лозова"
  },
  {
    "number": 59000454883638,
    "dateTime": {
      "date": {
        "year": 2019,
        "month": 10,
        "day": 15
      },
      "time": {
        "hour": 9,
        "minute": 1,
        "second": 56,
        "nano": 0
      }
    },
    "citySender": "Маріуполь",
    "cityRecipient": "Львів"
  },
  {
    "number": 59000454883639,
    "dateTime": {
      "date": {
        "year": 2019,
        "month": 10,
        "day": 15
      },
      "time": {
        "hour": 9,
        "minute": 2,
        "second": 5,
        "nano": 0
      }
    },
    "citySender": "Запоріжжя",
    "cityRecipient": "Харків"
  },
  {
    "number": 59000454883640,
    "dateTime": {
      "date": {
        "year": 2019,
        "month": 10,
        "day": 15
      },
      "time": {
        "hour": 9,
        "minute": 1,
        "second": 57,
        "nano": 0
      }
    },
    "citySender": "Генічеськ",
    "cityRecipient": "Лубни"
  },
  {
    "number": 59000454883641,
    "dateTime": {
      "date": {
        "year": 2019,
        "month": 10,
        "day": 15
      },
      "time": {
        "hour": 9,
        "minute": 1,
        "second": 55,
        "nano": 0
      }
    },
    "citySender": "Старобільськ",
    "cityRecipient": "Троїцьке (Луганська обл.)"
  },
  {
    "number": 59000454883642,
    "dateTime": {
      "date": {
        "year": 2019,
        "month": 10,
        "day": 15
      },
      "time": {
        "hour": 9,
        "minute": 1,
        "second": 57,
        "nano": 0
      }
    },
    "citySender": "Кривий Ріг",
    "cityRecipient": "Золочів (Львівська обл.)"
  },
  {
    "number": 59000454883643,
    "dateTime": {
      "date": {
        "year": 2019,
        "month": 10,
        "day": 15
      },
      "time": {
        "hour": 9,
        "minute": 1,
        "second": 17,
        "nano": 0
      }
    },
    "citySender": "Яворів",
    "cityRecipient": "Одеса"
  }
]