[
  {
    "number": 59000454887344,
    "dateTime": {
      "date": {
        "year": 2019,
        "month": 10,
        "day": 15
      },
      "time": {
        "hour": 9,
        "minute": 11,
        "second": 36,
        "nano": 0
      }
    },
    "citySender": "Голованівськ",
    "cityRecipient": "Умань"
  },
  {
    "number": 59000454887345,
    "dateTime": {
      "date": {
        "year": 2019,
        "month": 10,
        "day": 15
      },
      "time": {
        "hour": 9,
        "minute": 11,
        "second": 4,
        "nano": 0
      }
    },
    "citySender": "Чупахівка",
    "cityRecipient": "Десна (Чернігівська обл.)"
  },
  {
    "number": 59000454887346,
    "dateTime": {
      "date": {
        "year": 2019,
        "month": 10,
        "day": 15
      },
      "time": {
        "hour": 9,
        "minute": 10,
        "second": 32,
        "nano": 0
      }
    },
    "citySender": "Київ",
    "cityRecipient": "Київ"
  },
  {
    "number": 59000454887347,
    "dateTime": {
      "date": {
        "year": 2019,
        "month": 10,
        "day": 15
      },
      "time": {
        "hour": 9,
        "minute": 10,
        "second": 44,
        "nano": 0
      }
    },
    "citySender": "Сокиряни",
    "cityRecipient": "Новоград-Волинський"
  },
  {
    "number": 59000454887348,
    "dateTime": {
      "date": {
        "year": 2019,
        "month": 10,
        "day": 15
      },
      "time": {
        "hour": 9,
        "minute": 11,
        "second": 38,
        "nano": 0
      }
    },
    "citySender": "Почаїв",
    "cityRecipient": "Хмельницький"
  },
  {
    "number": 59000454887349,
    "dateTime": {
      "date": {
        "year": 2019,
        "month": 10,
        "day": 15
      },
      "time": {
        "hour": 9,
        "minute": 11,
        "second": 23,
        "nano": 0
      }
    },
    "citySender": "Рівне",
    "cityRecipient": "Дніпро"
  },
  {
    "number": 59000454887350,
    "dateTime": {
      "date": {
        "year": 2019,
        "month": 10,
        "day": 15
      },
      "time": {
        "hour": 9,
        "minute": 11,
        "second": 30,
        "nano": 0
      }
    },
    "citySender": "Запоріжжя",
    "cityRecipient": "Миколаїв"
  },
  {
    "number": 59000454887351,
    "dateTime": {
      "date": {
        "year": 2019,
        "month": 10,
        "day": 15
      },
      "time": {
        "hour": 9,
        "minute": 11,
        "second": 39,
        "nano": 0
      }
    },
    "citySender": "Моршин",
    "cityRecipient": "Бровари"
  },
  {
    "number": 59000454887352,
    "dateTime": {
      "date": {
        "year": 2019,
        "month": 10,
        "day": 15
      },
      "time": {
        "hour": 9,
        "minute": 11,
        "second": 24,
        "nano": 0
      }
    },
    "citySender": "Кам\u0027янець-Подільський",
    "cityRecipient": "Київ"
  },
  {
    "number": 59000454887353,
    "dateTime": {
      "date": {
        "year": 2019,
        "month": 10,
        "day": 15
      },
      "time": {
        "hour": 9,
        "minute": 11,
        "second": 38,
        "nano": 0
      }
    },
    "citySender": "Львів",
    "cityRecipient": "Львів"
  },
  {
    "number": 59000454887354,
    "dateTime": {
      "date": {
        "year": 2019,
        "month": 10,
        "day": 15
      },
      "time": {
        "hour": 9,
        "minute": 11,
        "second": 21,
        "nano": 0
      }
    },
    "citySender": "Херсон",
    "cityRecipient": "Харків"
  },
  {
    "number": 59000454887355,
    "dateTime": {
      "date": {
        "year": 2019,
        "month": 10,
        "day": 15
      },
      "time": {
        "hour": 9,
        "minute": 11,
        "second": 29,
        "nano": 0
      }
    },
    "citySender": "Черкаси",
    "cityRecipient": "Київ"
  },
  {
    "number": 59000454887356,
    "dateTime": {
      "date": {
        "year": 2019,
        "month": 10,
        "day": 15
      },
      "time": {
        "hour": 9,
        "minute": 11,
        "second": 4,
        "nano": 0
      }
    },
    "citySender": "Теофіполь",
    "cityRecipient": "Херсон"
  },
  {
    "number": 59000454887357,
    "dateTime": {
      "date": {
        "year": 2019,
        "month": 10,
        "day": 15
      },
      "time": {
        "hour": 9,
        "minute": 11,
        "second": 41,
        "nano": 0
      }
    },
    "citySender": "Полтава",
    "cityRecipient": "Ірпінь"
  },
  {
    "number": 59000454887358,
    "dateTime": {
      "date": {
        "year": 2019,
        "month": 10,
        "day": 15
      },
      "time": {
        "hour": 9,
        "minute": 11,
        "second": 14,
        "nano": 0
      }
    },
    "citySender": "Березівка",
    "cityRecipient": "Київ"
  },
  {
    "number": 59000454887359,
    "dateTime": {
      "date": {
        "year": 2019,
        "month": 10,
        "day": 15
      },
      "time": {
        "hour": 9,
        "minute": 11,
        "second": 24,
        "nano": 0
      }
    },
    "citySender": "Чернівці",
    "cityRecipient": "Дніпрорудне"
  },
  {
    "number": 59000454887360,
    "dateTime": {
      "date": {
        "year": 2019,
        "month": 10,
        "day": 15
      },
      "time": {
        "hour": 9,
        "minute": 11,
        "second": 5,
        "nano": 0
      }
    },
    "citySender": "Тульчин",
    "cityRecipient": "Львів"
  },
  {
    "number": 59000454887361,
    "dateTime": {
      "date": {
        "year": 2019,
        "month": 10,
        "day": 15
      },
      "time": {
        "hour": 9,
        "minute": 11,
        "second": 27,
        "nano": 0
      }
    },
    "citySender": "Любешів",
    "cityRecipient": "Чернівці"
  },
  {
    "number": 59000454887362,
    "dateTime": {
      "date": {
        "year": 2019,
        "month": 10,
        "day": 15
      },
      "time": {
        "hour": 9,
        "minute": 11,
        "second": 37,
        "nano": 0
      }
    },
    "citySender": "Боярка",
    "cityRecipient": "Київ"
  },
  {
    "number": 59000454887363,
    "dateTime": {
      "date": {
        "year": 2019,
        "month": 10,
        "day": 15
      },
      "time": {
        "hour": 9,
        "minute": 11,
        "second": 6,
        "nano": 0
      }
    },
    "citySender": "Синельникове",
    "cityRecipient": "Дніпро"
  },
  {
    "number": 59000454887364,
    "dateTime": {
      "date": {
        "year": 2019,
        "month": 10,
        "day": 15
      },
      "time": {
        "hour": 9,
        "minute": 10,
        "second": 28,
        "nano": 0
      }
    },
    "citySender": "Муровані Курилівці",
    "cityRecipient": "Біла Церква"
  },
  {
    "number": 59000454887365,
    "dateTime": {
      "date": {
        "year": 2019,
        "month": 10,
        "day": 15
      },
      "time": {
        "hour": 9,
        "minute": 10,
        "second": 51,
        "nano": 0
      }
    },
    "citySender": "Дніпро",
    "cityRecipient": "Київ"
  },
  {
    "number": 59000454887366,
    "dateTime": {
      "date": {
        "year": 2019,
        "month": 10,
        "day": 15
      },
      "time": {
        "hour": 9,
        "minute": 11,
        "second": 32,
        "nano": 0
      }
    },
    "citySender": "Львів",
    "cityRecipient": "Київ"
  },
  {
    "number": 59000454887367,
    "dateTime": {
      "date": {
        "year": 2019,
        "month": 10,
        "day": 15
      },
      "time": {
        "hour": 9,
        "minute": 10,
        "second": 59,
        "nano": 0
      }
    },
    "citySender": "Прилуки",
    "cityRecipient": "Запоріжжя"
  },
  {
    "number": 59000454887368,
    "dateTime": {
      "date": {
        "year": 2019,
        "month": 10,
        "day": 15
      },
      "time": {
        "hour": 9,
        "minute": 11,
        "second": 16,
        "nano": 0
      }
    },
    "citySender": "Хуст",
    "cityRecipient": "Сарни"
  },
  {
    "number": 59000454887369,
    "dateTime": {
      "date": {
        "year": 2019,
        "month": 10,
        "day": 15
      },
      "time": {
        "hour": 9,
        "minute": 11,
        "second": 27,
        "nano": 0
      }
    },
    "citySender": "Львів",
    "cityRecipient": "Львів"
  },
  {
    "number": 59000454887370,
    "dateTime": {
      "date": {
        "year": 2019,
        "month": 10,
        "day": 15
      },
      "time": {
        "hour": 9,
        "minute": 11,
        "second": 43,
        "nano": 0
      }
    },
    "citySender": "Київ",
    "cityRecipient": "Київ"
  },
  {
    "number": 59000454887371,
    "dateTime": {
      "date": {
        "year": 2019,
        "month": 10,
        "day": 15
      },
      "time": {
        "hour": 9,
        "minute": 11,
        "second": 43,
        "nano": 0
      }
    },
    "citySender": "Гавришівка",
    "cityRecipient": "Миропілля(Сумська обл.)"
  },
  {
    "number": 59000454887373,
    "dateTime": {
      "date": {
        "year": 2019,
        "month": 10,
        "day": 15
      },
      "time": {
        "hour": 9,
        "minute": 11,
        "second": 21,
        "nano": 0
      }
    },
    "citySender": "Томашгород",
    "cityRecipient": "Львів"
  },
  {
    "number": 59000454887374,
    "dateTime": {
      "date": {
        "year": 2019,
        "month": 10,
        "day": 15
      },
      "time": {
        "hour": 9,
        "minute": 11,
        "second": 14,
        "nano": 0
      }
    },
    "citySender": "Богуслав (Київська обл.)",
    "cityRecipient": "Київ"
  },
  {
    "number": 59000454887375,
    "dateTime": {
      "date": {
        "year": 2019,
        "month": 10,
        "day": 15
      },
      "time": {
        "hour": 9,
        "minute": 11,
        "second": 43,
        "nano": 0
      }
    },
    "citySender": "Висока Піч",
    "cityRecipient": "Полтава"
  },
  {
    "number": 59000454887376,
    "dateTime": {
      "date": {
        "year": 2019,
        "month": 10,
        "day": 15
      },
      "time": {
        "hour": 9,
        "minute": 11,
        "second": 4,
        "nano": 0
      }
    },
    "citySender": "Велика Виска (Маловисківський р-н.)",
    "cityRecipient": "Березань"
  },
  {
    "number": 59000454887377,
    "dateTime": {
      "date": {
        "year": 2019,
        "month": 10,
        "day": 15
      },
      "time": {
        "hour": 9,
        "minute": 11,
        "second": 18,
        "nano": 0
      }
    },
    "citySender": "Херсон",
    "cityRecipient": "Київ"
  },
  {
    "number": 59000454887378,
    "dateTime": {
      "date": {
        "year": 2019,
        "month": 10,
        "day": 15
      },
      "time": {
        "hour": 9,
        "minute": 11,
        "second": 35,
        "nano": 0
      }
    },
    "citySender": "Руська Лозова",
    "cityRecipient": "Ланчин"
  },
  {
    "number": 59000454887379,
    "dateTime": {
      "date": {
        "year": 2019,
        "month": 10,
        "day": 15
      },
      "time": {
        "hour": 9,
        "minute": 10,
        "second": 49,
        "nano": 0
      }
    },
    "citySender": "Біляївка",
    "cityRecipient": "Одеса"
  },
  {
    "number": 59000454887380,
    "dateTime": {
      "date": {
        "year": 2019,
        "month": 10,
        "day": 15
      },
      "time": {
        "hour": 9,
        "minute": 11,
        "second": 16,
        "nano": 0
      }
    },
    "citySender": "Щастя",
    "cityRecipient": "Хмельницький"
  },
  {
    "number": 59000454887381,
    "dateTime": {
      "date": {
        "year": 2019,
        "month": 10,
        "day": 15
      },
      "time": {
        "hour": 9,
        "minute": 11,
        "second": 41,
        "nano": 0
      }
    },
    "citySender": "Тростянець (Сумська обл.)",
    "cityRecipient": "Стеблівка"
  },
  {
    "number": 59000454887382,
    "dateTime": {
      "date": {
        "year": 2019,
        "month": 10,
        "day": 15
      },
      "time": {
        "hour": 9,
        "minute": 11,
        "second": 44,
        "nano": 0
      }
    },
    "citySender": "Виноградів",
    "cityRecipient": "Усатове"
  },
  {
    "number": 59000454887383,
    "dateTime": {
      "date": {
        "year": 2019,
        "month": 10,
        "day": 15
      },
      "time": {
        "hour": 9,
        "minute": 11,
        "second": 23,
        "nano": 0
      }
    },
    "citySender": "Поляна (Закарпатська обл.)",
    "cityRecipient": "Запоріжжя"
  },
  {
    "number": 59000454887384,
    "dateTime": {
      "date": {
        "year": 2019,
        "month": 10,
        "day": 15
      },
      "time": {
        "hour": 9,
        "minute": 11,
        "second": 44,
        "nano": 0
      }
    },
    "citySender": "Переяслав-Хмельницький",
    "cityRecipient": "Суми"
  },
  {
    "number": 59000454887385,
    "dateTime": {
      "date": {
        "year": 2019,
        "month": 10,
        "day": 15
      },
      "time": {
        "hour": 9,
        "minute": 11,
        "second": 39,
        "nano": 0
      }
    },
    "citySender": "Зарічанка",
    "cityRecipient": "Київ"
  },
  {
    "number": 59000454887386,
    "dateTime": {
      "date": {
        "year": 2019,
        "month": 10,
        "day": 15
      },
      "time": {
        "hour": 9,
        "minute": 11,
        "second": 45,
        "nano": 0
      }
    },
    "citySender": "Вінниця",
    "cityRecipient": "Вінниця"
  },
  {
    "number": 59000454887387,
    "dateTime": {
      "date": {
        "year": 2019,
        "month": 10,
        "day": 15
      },
      "time": {
        "hour": 9,
        "minute": 11,
        "second": 33,
        "nano": 0
      }
    },
    "citySender": "Трускавець",
    "cityRecipient": "Чернівці"
  },
  {
    "number": 59000454887388,
    "dateTime": {
      "date": {
        "year": 2019,
        "month": 10,
        "day": 15
      },
      "time": {
        "hour": 9,
        "minute": 5,
        "second": 0,
        "nano": 0
      }
    },
    "citySender": "Березове",
    "cityRecipient": "Хмельницький"
  },
  {
    "number": 59000454887389,
    "dateTime": {
      "date": {
        "year": 2019,
        "month": 10,
        "day": 15
      },
      "time": {
        "hour": 9,
        "minute": 10,
        "second": 29,
        "nano": 0
      }
    },
    "citySender": "Ізмаїл",
    "cityRecipient": "Київ"
  },
  {
    "number": 59000454887390,
    "dateTime": {
      "date": {
        "year": 2019,
        "month": 10,
        "day": 15
      },
      "time": {
        "hour": 9,
        "minute": 11,
        "second": 13,
        "nano": 0
      }
    },
    "citySender": "Сарни",
    "cityRecipient": "Велика Березовиця"
  },
  {
    "number": 59000454887391,
    "dateTime": {
      "date": {
        "year": 2019,
        "month": 10,
        "day": 15
      },
      "time": {
        "hour": 9,
        "minute": 11,
        "second": 39,
        "nano": 0
      }
    },
    "citySender": "Бровари",
    "cityRecipient": "Київ"
  },
  {
    "number": 59000454887392,
    "dateTime": {
      "date": {
        "year": 2019,
        "month": 10,
        "day": 15
      },
      "time": {
        "hour": 9,
        "minute": 11,
        "second": 44,
        "nano": 0
      }
    },
    "citySender": "Світловодськ",
    "cityRecipient": "Кривий Ріг"
  },
  {
    "number": 59000454887393,
    "dateTime": {
      "date": {
        "year": 2019,
        "month": 10,
        "day": 15
      },
      "time": {
        "hour": 9,
        "minute": 11,
        "second": 45,
        "nano": 0
      }
    },
    "citySender": "Херсон",
    "cityRecipient": "Кам\u0027янець-Подільський"
  },
  {
    "number": 59000454887394,
    "dateTime": {
      "date": {
        "year": 2019,
        "month": 10,
        "day": 15
      },
      "time": {
        "hour": 9,
        "minute": 11,
        "second": 45,
        "nano": 0
      }
    },
    "citySender": "Горохів",
    "cityRecipient": "Київ"
  },
  {
    "number": 59000454887395,
    "dateTime": {
      "date": {
        "year": 2019,
        "month": 10,
        "day": 15
      },
      "time": {
        "hour": 9,
        "minute": 10,
        "second": 47,
        "nano": 0
      }
    },
    "citySender": "Болград (Одеська обл.)",
    "cityRecipient": "Мелітополь"
  },
  {
    "number": 59000454887396,
    "dateTime": {
      "date": {
        "year": 2019,
        "month": 10,
        "day": 15
      },
      "time": {
        "hour": 9,
        "minute": 10,
        "second": 38,
        "nano": 0
      }
    },
    "citySender": "Олевськ",
    "cityRecipient": "Прилуки"
  },
  {
    "number": 59000454887397,
    "dateTime": {
      "date": {
        "year": 2019,
        "month": 10,
        "day": 15
      },
      "time": {
        "hour": 9,
        "minute": 10,
        "second": 22,
        "nano": 0
      }
    },
    "citySender": "Вишгород",
    "cityRecipient": "Бориспіль"
  },
  {
    "number": 59000454887398,
    "dateTime": {
      "date": {
        "year": 2019,
        "month": 10,
        "day": 15
      },
      "time": {
        "hour": 9,
        "minute": 10,
        "second": 58,
        "nano": 0
      }
    },
    "citySender": "Суми",
    "cityRecipient": "Київ"
  },
  {
    "number": 59000454887399,
    "dateTime": {
      "date": {
        "year": 2019,
        "month": 10,
        "day": 15
      },
      "time": {
        "hour": 9,
        "minute": 11,
        "second": 3,
        "nano": 0
      }
    },
    "citySender": "Миколаїв",
    "cityRecipient": "Очаків"
  },
  {
    "number": 59000454887400,
    "dateTime": {
      "date": {
        "year": 2019,
        "month": 10,
        "day": 15
      },
      "time": {
        "hour": 9,
        "minute": 11,
        "second": 3,
        "nano": 0
      }
    },
    "citySender": "Івано-Франківськ",
    "cityRecipient": "Мангуш"
  },
  {
    "number": 59000454887401,
    "dateTime": {
      "date": {
        "year": 2019,
        "month": 10,
        "day": 15
      },
      "time": {
        "hour": 9,
        "minute": 11,
        "second": 32,
        "nano": 0
      }
    },
    "citySender": "Дніпровка (Запорізька обл.)",
    "cityRecipient": "Старобільськ"
  },
  {
    "number": 59000454887402,
    "dateTime": {
      "date": {
        "year": 2019,
        "month": 10,
        "day": 15
      },
      "time": {
        "hour": 9,
        "minute": 10,
        "second": 38,
        "nano": 0
      }
    },
    "citySender": "Корюківка",
    "cityRecipient": "Одеса"
  },
  {
    "number": 59000454887403,
    "dateTime": {
      "date": {
        "year": 2019,
        "month": 10,
        "day": 15
      },
      "time": {
        "hour": 9,
        "minute": 11,
        "second": 27,
        "nano": 0
      }
    },
    "citySender": "Червоноград (Львівська обл.)",
    "cityRecipient": "Вознесенськ"
  },
  {
    "number": 59000454887404,
    "dateTime": {
      "date": {
        "year": 2019,
        "month": 10,
        "day": 15
      },
      "time": {
        "hour": 9,
        "minute": 11,
        "second": 31,
        "nano": 0
      }
    },
    "citySender": "Вінниця",
    "cityRecipient": "Київ"
  },
  {
    "number": 59000454887405,
    "dateTime": {
      "date": {
        "year": 2019,
        "month": 10,
        "day": 15
      },
      "time": {
        "hour": 9,
        "minute": 11,
        "second": 37,
        "nano": 0
      }
    },
    "citySender": "Добропілля",
    "cityRecipient": "Київ"
  },
  {
    "number": 59000454887406,
    "dateTime": {
      "date": {
        "year": 2019,
        "month": 10,
        "day": 15
      },
      "time": {
        "hour": 9,
        "minute": 11,
        "second": 44,
        "nano": 0
      }
    },
    "citySender": "Словечне",
    "cityRecipient": "Київ"
  },
  {
    "number": 59000454887407,
    "dateTime": {
      "date": {
        "year": 2019,
        "month": 10,
        "day": 15
      },
      "time": {
        "hour": 9,
        "minute": 11,
        "second": 38,
        "nano": 0
      }
    },
    "citySender": "Мукачево",
    "cityRecipient": "Ужгород"
  },
  {
    "number": 59000454887408,
    "dateTime": {
      "date": {
        "year": 2019,
        "month": 10,
        "day": 15
      },
      "time": {
        "hour": 9,
        "minute": 11,
        "second": 46,
        "nano": 0
      }
    },
    "citySender": "Макарів",
    "cityRecipient": "Запоріжжя"
  },
  {
    "number": 59000454887409,
    "dateTime": {
      "date": {
        "year": 2019,
        "month": 10,
        "day": 15
      },
      "time": {
        "hour": 9,
        "minute": 10,
        "second": 20,
        "nano": 0
      }
    },
    "citySender": "Покров (Дніпропетровська обл.)",
    "cityRecipient": "Київ"
  },
  {
    "number": 59000454887410,
    "dateTime": {
      "date": {
        "year": 2019,
        "month": 10,
        "day": 15
      },
      "time": {
        "hour": 9,
        "minute": 11,
        "second": 47,
        "nano": 0
      }
    },
    "citySender": "Боярка",
    "cityRecipient": "Київ"
  },
  {
    "number": 59000454887411,
    "dateTime": {
      "date": {
        "year": 2019,
        "month": 10,
        "day": 15
      },
      "time": {
        "hour": 9,
        "minute": 10,
        "second": 42,
        "nano": 0
      }
    },
    "citySender": "Рені",
    "cityRecipient": "Худяки"
  },
  {
    "number": 59000454887412,
    "dateTime": {
      "date": {
        "year": 2019,
        "month": 10,
        "day": 15
      },
      "time": {
        "hour": 9,
        "minute": 6,
        "second": 44,
        "nano": 0
      }
    },
    "citySender": "Кирнасівка",
    "cityRecipient": "Червоноград (Львівська обл.)"
  },
  {
    "number": 59000454887413,
    "dateTime": {
      "date": {
        "year": 2019,
        "month": 10,
        "day": 15
      },
      "time": {
        "hour": 9,
        "minute": 11,
        "second": 47,
        "nano": 0
      }
    },
    "citySender": "Вінниця",
    "cityRecipient": "Вінниця"
  },
  {
    "number": 59000454887414,
    "dateTime": {
      "date": {
        "year": 2019,
        "month": 10,
        "day": 15
      },
      "time": {
        "hour": 9,
        "minute": 11,
        "second": 37,
        "nano": 0
      }
    },
    "citySender": "Житомир",
    "cityRecipient": "Одеса"
  },
  {
    "number": 59000454887415,
    "dateTime": {
      "date": {
        "year": 2019,
        "month": 10,
        "day": 15
      },
      "time": {
        "hour": 9,
        "minute": 11,
        "second": 26,
        "nano": 0
      }
    },
    "citySender": "Олександрія (м.Кіровогр.обл.райц)",
    "cityRecipient": "Голованівськ"
  },
  {
    "number": 59000454887416,
    "dateTime": {
      "date": {
        "year": 2019,
        "month": 10,
        "day": 15
      },
      "time": {
        "hour": 9,
        "minute": 11,
        "second": 47,
        "nano": 0
      }
    },
    "citySender": "Львів",
    "cityRecipient": "Івано-Франківськ"
  },
  {
    "number": 59000454887417,
    "dateTime": {
      "date": {
        "year": 2019,
        "month": 10,
        "day": 15
      },
      "time": {
        "hour": 9,
        "minute": 11,
        "second": 37,
        "nano": 0
      }
    },
    "citySender": "Харків",
    "cityRecipient": "Мелітополь"
  },
  {
    "number": 59000454887418,
    "dateTime": {
      "date": {
        "year": 2019,
        "month": 10,
        "day": 15
      },
      "time": {
        "hour": 9,
        "minute": 11,
        "second": 11,
        "nano": 0
      }
    },
    "citySender": "Балаклія (Харківська обл.)",
    "cityRecipient": "Доманівка"
  },
  {
    "number": 59000454887419,
    "dateTime": {
      "date": {
        "year": 2019,
        "month": 10,
        "day": 15
      },
      "time": {
        "hour": 9,
        "minute": 11,
        "second": 33,
        "nano": 0
      }
    },
    "citySender": "Авангард",
    "cityRecipient": "Київ"
  },
  {
    "number": 59000454887420,
    "dateTime": {
      "date": {
        "year": 2019,
        "month": 10,
        "day": 15
      },
      "time": {
        "hour": 9,
        "minute": 11,
        "second": 38,
        "nano": 0
      }
    },
    "citySender": "Любомль",
    "cityRecipient": "Святопетрівське (Києво-Свят.р-н)"
  },
  {
    "number": 59000454887421,
    "dateTime": {
      "date": {
        "year": 2019,
        "month": 10,
        "day": 15
      },
      "time": {
        "hour": 9,
        "minute": 11,
        "second": 39,
        "nano": 0
      }
    },
    "citySender": "Сарата",
    "cityRecipient": "Чумаки"
  },
  {
    "number": 59000454887422,
    "dateTime": {
      "date": {
        "year": 2019,
        "month": 10,
        "day": 15
      },
      "time": {
        "hour": 9,
        "minute": 11,
        "second": 48,
        "nano": 0
      }
    },
    "citySender": "Вінниця",
    "cityRecipient": "Вінниця"
  },
  {
    "number": 59000454887423,
    "dateTime": {
      "date": {
        "year": 2019,
        "month": 10,
        "day": 15
      },
      "time": {
        "hour": 9,
        "minute": 11,
        "second": 40,
        "nano": 0
      }
    },
    "citySender": "Мирноград",
    "cityRecipient": "Полтава"
  },
  {
    "number": 59000454887424,
    "dateTime": {
      "date": {
        "year": 2019,
        "month": 10,
        "day": 15
      },
      "time": {
        "hour": 9,
        "minute": 11,
        "second": 25,
        "nano": 0
      }
    },
    "citySender": "Часів Яр",
    "cityRecipient": "Біла Церква"
  },
  {
    "number": 59000454887425,
    "dateTime": {
      "date": {
        "year": 2019,
        "month": 10,
        "day": 15
      },
      "time": {
        "hour": 9,
        "minute": 11,
        "second": 41,
        "nano": 0
      }
    },
    "citySender": "Львів",
    "cityRecipient": "Покров (Дніпропетровська обл.)"
  },
  {
    "number": 59000454887426,
    "dateTime": {
      "date": {
        "year": 2019,
        "month": 10,
        "day": 15
      },
      "time": {
        "hour": 9,
        "minute": 11,
        "second": 40,
        "nano": 0
      }
    },
    "citySender": "Запоріжжя",
    "cityRecipient": "Запоріжжя"
  },
  {
    "number": 59000454887427,
    "dateTime": {
      "date": {
        "year": 2019,
        "month": 10,
        "day": 15
      },
      "time": {
        "hour": 9,
        "minute": 11,
        "second": 48,
        "nano": 0
      }
    },
    "citySender": "Решетилівка",
    "cityRecipient": "Варва"
  },
  {
    "number": 59000454887428,
    "dateTime": {
      "date": {
        "year": 2019,
        "month": 10,
        "day": 15
      },
      "time": {
        "hour": 9,
        "minute": 11,
        "second": 40,
        "nano": 0
      }
    },
    "citySender": "Кривий Ріг",
    "cityRecipient": "Дудчани"
  },
  {
    "number": 59000454887429,
    "dateTime": {
      "date": {
        "year": 2019,
        "month": 10,
        "day": 15
      },
      "time": {
        "hour": 9,
        "minute": 11,
        "second": 8,
        "nano": 0
      }
    },
    "citySender": "Дубляни (Львів.обл.,Жовків.р-н)",
    "cityRecipient": "Чернівці"
  },
  {
    "number": 59000454887430,
    "dateTime": {
      "date": {
        "year": 2019,
        "month": 10,
        "day": 15
      },
      "time": {
        "hour": 9,
        "minute": 11,
        "second": 49,
        "nano": 0
      }
    },
    "citySender": "Вінниця",
    "cityRecipient": "Вінниця"
  },
  {
    "number": 59000454887431,
    "dateTime": {
      "date": {
        "year": 2019,
        "month": 10,
        "day": 15
      },
      "time": {
        "hour": 9,
        "minute": 11,
        "second": 15,
        "nano": 0
      }
    },
    "citySender": "Умань",
    "cityRecipient": "Кременчук"
  },
  {
    "number": 59000454887432,
    "dateTime": {
      "date": {
        "year": 2019,
        "month": 10,
        "day": 15
      },
      "time": {
        "hour": 9,
        "minute": 11,
        "second": 18,
        "nano": 0
      }
    },
    "citySender": "Любомль",
    "cityRecipient": "Харків"
  },
  {
    "number": 59000454887433,
    "dateTime": {
      "date": {
        "year": 2019,
        "month": 10,
        "day": 15
      },
      "time": {
        "hour": 9,
        "minute": 11,
        "second": 37,
        "nano": 0
      }
    },
    "citySender": "Львів",
    "cityRecipient": "Яворів"
  },
  {
    "number": 59000454887434,
    "dateTime": {
      "date": {
        "year": 2019,
        "month": 10,
        "day": 15
      },
      "time": {
        "hour": 9,
        "minute": 11,
        "second": 45,
        "nano": 0
      }
    },
    "citySender": "Кропивницький",
    "cityRecipient": "Лужани"
  },
  {
    "number": 59000454887435,
    "dateTime": {
      "date": {
        "year": 2019,
        "month": 10,
        "day": 15
      },
      "time": {
        "hour": 9,
        "minute": 11,
        "second": 26,
        "nano": 0
      }
    },
    "citySender": "Одеса",
    "cityRecipient": "Київ"
  },
  {
    "number": 59000454887436,
    "dateTime": {
      "date": {
        "year": 2019,
        "month": 10,
        "day": 15
      },
      "time": {
        "hour": 9,
        "minute": 11,
        "second": 50,
        "nano": 0
      }
    },
    "citySender": "Вінниця",
    "cityRecipient": "Вінниця"
  },
  {
    "number": 59000454887437,
    "dateTime": {
      "date": {
        "year": 2019,
        "month": 10,
        "day": 15
      },
      "time": {
        "hour": 9,
        "minute": 11,
        "second": 17,
        "nano": 0
      }
    },
    "citySender": "Ніжин",
    "cityRecipient": "Одеса"
  },
  {
    "number": 59000454887438,
    "dateTime": {
      "date": {
        "year": 2019,
        "month": 10,
        "day": 15
      },
      "time": {
        "hour": 9,
        "minute": 11,
        "second": 42,
        "nano": 0
      }
    },
    "citySender": "Чернігів",
    "cityRecipient": "Верхньодніпровськ"
  },
  {
    "number": 59000454887439,
    "dateTime": {
      "date": {
        "year": 2019,
        "month": 10,
        "day": 15
      },
      "time": {
        "hour": 9,
        "minute": 11,
        "second": 13,
        "nano": 0
      }
    },
    "citySender": "Хотин",
    "cityRecipient": "Івано-Франківськ"
  },
  {
    "number": 59000454887440,
    "dateTime": {
      "date": {
        "year": 2019,
        "month": 10,
        "day": 15
      },
      "time": {
        "hour": 9,
        "minute": 11,
        "second": 7,
        "nano": 0
      }
    },
    "citySender": "Миколаїв",
    "cityRecipient": "Рівне"
  },
  {
    "number": 59000454887441,
    "dateTime": {
      "date": {
        "year": 2019,
        "month": 10,
        "day": 15
      },
      "time": {
        "hour": 9,
        "minute": 11,
        "second": 21,
        "nano": 0
      }
    },
    "citySender": "Київ",
    "cityRecipient": "Вишневе"
  },
  {
    "number": 59000454887442,
    "dateTime": {
      "date": {
        "year": 2019,
        "month": 10,
        "day": 15
      },
      "time": {
        "hour": 9,
        "minute": 11,
        "second": 48,
        "nano": 0
      }
    },
    "citySender": "Городок (Хмельницька обл.)",
    "cityRecipient": "Київ"
  },
  {
    "number": 59000454887443,
    "dateTime": {
      "date": {
        "year": 2019,
        "month": 10,
        "day": 15
      },
      "time": {
        "hour": 9,
        "minute": 11,
        "second": 34,
        "nano": 0
      }
    },
    "citySender": "Одеса",
    "cityRecipient": "Львів"
  }
]