[
  {
    "number": 59000454876956,
    "dateTime": {
      "date": {
        "year": 2019,
        "month": 10,
        "day": 15
      },
      "time": {
        "hour": 8,
        "minute": 1,
        "second": 42,
        "nano": 0
      }
    },
    "citySender": "Київ",
    "cityRecipient": "Біла Церква"
  },
  {
    "number": 59000454876957,
    "dateTime": {
      "date": {
        "year": 2019,
        "month": 10,
        "day": 15
      },
      "time": {
        "hour": 8,
        "minute": 7,
        "second": 49,
        "nano": 0
      }
    },
    "citySender": "Харків",
    "cityRecipient": "Одеса"
  },
  {
    "number": 59000454876958,
    "dateTime": {
      "date": {
        "year": 2019,
        "month": 10,
        "day": 15
      },
      "time": {
        "hour": 8,
        "minute": 7,
        "second": 9,
        "nano": 0
      }
    },
    "citySender": "Миколаїв (Львівська обл., Миколаївський р-н)",
    "cityRecipient": "Одеса"
  },
  {
    "number": 59000454876959,
    "dateTime": {
      "date": {
        "year": 2019,
        "month": 10,
        "day": 15
      },
      "time": {
        "hour": 8,
        "minute": 7,
        "second": 56,
        "nano": 0
      }
    },
    "citySender": "Вовчанськ",
    "cityRecipient": "Київ"
  },
  {
    "number": 59000454876961,
    "dateTime": {
      "date": {
        "year": 2019,
        "month": 10,
        "day": 15
      },
      "time": {
        "hour": 8,
        "minute": 7,
        "second": 51,
        "nano": 0
      }
    },
    "citySender": "Народичі",
    "cityRecipient": "Одеса"
  },
  {
    "number": 59000454876962,
    "dateTime": {
      "date": {
        "year": 2019,
        "month": 10,
        "day": 15
      },
      "time": {
        "hour": 8,
        "minute": 7,
        "second": 46,
        "nano": 0
      }
    },
    "citySender": "Дніпро",
    "cityRecipient": "Сєвєродонецьк"
  },
  {
    "number": 59000454876963,
    "dateTime": {
      "date": {
        "year": 2019,
        "month": 10,
        "day": 15
      },
      "time": {
        "hour": 8,
        "minute": 7,
        "second": 16,
        "nano": 0
      }
    },
    "citySender": "Гайворон",
    "cityRecipient": "Чернігів"
  },
  {
    "number": 59000454876964,
    "dateTime": {
      "date": {
        "year": 2019,
        "month": 10,
        "day": 15
      },
      "time": {
        "hour": 8,
        "minute": 7,
        "second": 15,
        "nano": 0
      }
    },
    "citySender": "Київ",
    "cityRecipient": "Київ"
  },
  {
    "number": 59000454876965,
    "dateTime": {
      "date": {
        "year": 2019,
        "month": 10,
        "day": 15
      },
      "time": {
        "hour": 8,
        "minute": 6,
        "second": 48,
        "nano": 0
      }
    },
    "citySender": "Городище (Черкаська обл.)",
    "cityRecipient": "Київ"
  },
  {
    "number": 59000454876966,
    "dateTime": {
      "date": {
        "year": 2019,
        "month": 10,
        "day": 15
      },
      "time": {
        "hour": 8,
        "minute": 7,
        "second": 33,
        "nano": 0
      }
    },
    "citySender": "Львів",
    "cityRecipient": "Херсон"
  },
  {
    "number": 59000454876967,
    "dateTime": {
      "date": {
        "year": 2019,
        "month": 10,
        "day": 15
      },
      "time": {
        "hour": 8,
        "minute": 8,
        "second": 4,
        "nano": 0
      }
    },
    "citySender": "Дніпро",
    "cityRecipient": "Бровари"
  },
  {
    "number": 59000454876968,
    "dateTime": {
      "date": {
        "year": 2019,
        "month": 10,
        "day": 15
      },
      "time": {
        "hour": 8,
        "minute": 7,
        "second": 56,
        "nano": 0
      }
    },
    "citySender": "Дніпро",
    "cityRecipient": "Красилів"
  },
  {
    "number": 59000454876969,
    "dateTime": {
      "date": {
        "year": 2019,
        "month": 10,
        "day": 15
      },
      "time": {
        "hour": 8,
        "minute": 8,
        "second": 9,
        "nano": 0
      }
    },
    "citySender": "Київ",
    "cityRecipient": "Благодатне"
  },
  {
    "number": 59000454876970,
    "dateTime": {
      "date": {
        "year": 2019,
        "month": 10,
        "day": 15
      },
      "time": {
        "hour": 8,
        "minute": 7,
        "second": 50,
        "nano": 0
      }
    },
    "citySender": "Дніпро",
    "cityRecipient": "Маріуполь"
  },
  {
    "number": 59000454876971,
    "dateTime": {
      "date": {
        "year": 2019,
        "month": 10,
        "day": 15
      },
      "time": {
        "hour": 8,
        "minute": 7,
        "second": 57,
        "nano": 0
      }
    },
    "citySender": "Київ",
    "cityRecipient": "Запоріжжя"
  },
  {
    "number": 59000454876972,
    "dateTime": {
      "date": {
        "year": 2019,
        "month": 10,
        "day": 15
      },
      "time": {
        "hour": 8,
        "minute": 7,
        "second": 50,
        "nano": 0
      }
    },
    "citySender": "Київ",
    "cityRecipient": "Бердянськ"
  },
  {
    "number": 59000454876973,
    "dateTime": {
      "date": {
        "year": 2019,
        "month": 10,
        "day": 15
      },
      "time": {
        "hour": 8,
        "minute": 7,
        "second": 54,
        "nano": 0
      }
    },
    "citySender": "Рівне",
    "cityRecipient": "Одеса"
  },
  {
    "number": 59000454876974,
    "dateTime": {
      "date": {
        "year": 2019,
        "month": 10,
        "day": 15
      },
      "time": {
        "hour": 8,
        "minute": 8,
        "second": 11,
        "nano": 0
      }
    },
    "citySender": "Львів",
    "cityRecipient": "Львів"
  },
  {
    "number": 59000454876975,
    "dateTime": {
      "date": {
        "year": 2019,
        "month": 10,
        "day": 15
      },
      "time": {
        "hour": 8,
        "minute": 8,
        "second": 11,
        "nano": 0
      }
    },
    "citySender": "Київ",
    "cityRecipient": "Холодна Балка"
  },
  {
    "number": 59000454876976,
    "dateTime": {
      "date": {
        "year": 2019,
        "month": 10,
        "day": 15
      },
      "time": {
        "hour": 8,
        "minute": 7,
        "second": 37,
        "nano": 0
      }
    },
    "citySender": "Нова Ушиця",
    "cityRecipient": "Одеса"
  },
  {
    "number": 59000454876977,
    "dateTime": {
      "date": {
        "year": 2019,
        "month": 10,
        "day": 15
      },
      "time": {
        "hour": 8,
        "minute": 8,
        "second": 5,
        "nano": 0
      }
    },
    "citySender": "Харків",
    "cityRecipient": "Одеса"
  },
  {
    "number": 59000454876978,
    "dateTime": {
      "date": {
        "year": 2019,
        "month": 10,
        "day": 15
      },
      "time": {
        "hour": 8,
        "minute": 8,
        "second": 1,
        "nano": 0
      }
    },
    "citySender": "Бориспіль",
    "cityRecipient": "Ківерці"
  },
  {
    "number": 59000454876979,
    "dateTime": {
      "date": {
        "year": 2019,
        "month": 10,
        "day": 15
      },
      "time": {
        "hour": 8,
        "minute": 8,
        "second": 13,
        "nano": 0
      }
    },
    "citySender": "Харків",
    "cityRecipient": "Одеса"
  },
  {
    "number": 59000454876980,
    "dateTime": {
      "date": {
        "year": 2019,
        "month": 10,
        "day": 15
      },
      "time": {
        "hour": 8,
        "minute": 7,
        "second": 23,
        "nano": 0
      }
    },
    "citySender": "Кам\u0027янка-Дніпровська (Запорізька обл.)",
    "cityRecipient": "Харків"
  },
  {
    "number": 59000454876981,
    "dateTime": {
      "date": {
        "year": 2019,
        "month": 10,
        "day": 15
      },
      "time": {
        "hour": 8,
        "minute": 8,
        "second": 8,
        "nano": 0
      }
    },
    "citySender": "Київ",
    "cityRecipient": "Полтава"
  },
  {
    "number": 59000454876982,
    "dateTime": {
      "date": {
        "year": 2019,
        "month": 10,
        "day": 15
      },
      "time": {
        "hour": 8,
        "minute": 8,
        "second": 5,
        "nano": 0
      }
    },
    "citySender": "Київ",
    "cityRecipient": "Павлоград"
  },
  {
    "number": 59000454876983,
    "dateTime": {
      "date": {
        "year": 2019,
        "month": 10,
        "day": 15
      },
      "time": {
        "hour": 8,
        "minute": 8,
        "second": 19,
        "nano": 0
      }
    },
    "citySender": "Київ",
    "cityRecipient": "Київ"
  },
  {
    "number": 59000454876985,
    "dateTime": {
      "date": {
        "year": 2019,
        "month": 10,
        "day": 15
      },
      "time": {
        "hour": 8,
        "minute": 8,
        "second": 10,
        "nano": 0
      }
    },
    "citySender": "Харків",
    "cityRecipient": "Київ"
  },
  {
    "number": 59000454876986,
    "dateTime": {
      "date": {
        "year": 2019,
        "month": 10,
        "day": 15
      },
      "time": {
        "hour": 8,
        "minute": 8,
        "second": 15,
        "nano": 0
      }
    },
    "citySender": "Новомиргород",
    "cityRecipient": "Маріуполь"
  },
  {
    "number": 59000454876987,
    "dateTime": {
      "date": {
        "year": 2019,
        "month": 10,
        "day": 15
      },
      "time": {
        "hour": 8,
        "minute": 8,
        "second": 19,
        "nano": 0
      }
    },
    "citySender": "Дніпро",
    "cityRecipient": "Київ"
  },
  {
    "number": 59000454876988,
    "dateTime": {
      "date": {
        "year": 2019,
        "month": 10,
        "day": 15
      },
      "time": {
        "hour": 8,
        "minute": 7,
        "second": 58,
        "nano": 0
      }
    },
    "citySender": "Летичів",
    "cityRecipient": "Одеса"
  },
  {
    "number": 59000454876989,
    "dateTime": {
      "date": {
        "year": 2019,
        "month": 10,
        "day": 15
      },
      "time": {
        "hour": 8,
        "minute": 8,
        "second": 23,
        "nano": 0
      }
    },
    "citySender": "Київ",
    "cityRecipient": "Київ"
  },
  {
    "number": 59000454876990,
    "dateTime": {
      "date": {
        "year": 2019,
        "month": 10,
        "day": 15
      },
      "time": {
        "hour": 8,
        "minute": 8,
        "second": 23,
        "nano": 0
      }
    },
    "citySender": "Харків",
    "cityRecipient": "Київ"
  },
  {
    "number": 59000454876991,
    "dateTime": {
      "date": {
        "year": 2019,
        "month": 10,
        "day": 15
      },
      "time": {
        "hour": 8,
        "minute": 8,
        "second": 18,
        "nano": 0
      }
    },
    "citySender": "Малехів",
    "cityRecipient": "Львів"
  },
  {
    "number": 59000454876992,
    "dateTime": {
      "date": {
        "year": 2019,
        "month": 10,
        "day": 15
      },
      "time": {
        "hour": 8,
        "minute": 7,
        "second": 54,
        "nano": 0
      }
    },
    "citySender": "Київ",
    "cityRecipient": "Запоріжжя"
  },
  {
    "number": 59000454876993,
    "dateTime": {
      "date": {
        "year": 2019,
        "month": 10,
        "day": 15
      },
      "time": {
        "hour": 8,
        "minute": 8,
        "second": 24,
        "nano": 0
      }
    },
    "citySender": "Рівне",
    "cityRecipient": "Дніпро"
  },
  {
    "number": 59000454876994,
    "dateTime": {
      "date": {
        "year": 2019,
        "month": 10,
        "day": 15
      },
      "time": {
        "hour": 8,
        "minute": 8,
        "second": 11,
        "nano": 0
      }
    },
    "citySender": "Київ",
    "cityRecipient": "Хмельницький"
  },
  {
    "number": 59000454876995,
    "dateTime": {
      "date": {
        "year": 2019,
        "month": 10,
        "day": 15
      },
      "time": {
        "hour": 8,
        "minute": 8,
        "second": 24,
        "nano": 0
      }
    },
    "citySender": "Дніпро",
    "cityRecipient": "Авангард"
  },
  {
    "number": 59000454876996,
    "dateTime": {
      "date": {
        "year": 2019,
        "month": 10,
        "day": 15
      },
      "time": {
        "hour": 8,
        "minute": 7,
        "second": 17,
        "nano": 0
      }
    },
    "citySender": "Кам\u0027янка-Дніпровська (Запорізька обл.)",
    "cityRecipient": "Київ"
  },
  {
    "number": 59000454876997,
    "dateTime": {
      "date": {
        "year": 2019,
        "month": 10,
        "day": 15
      },
      "time": {
        "hour": 8,
        "minute": 8,
        "second": 26,
        "nano": 0
      }
    },
    "citySender": "Глухів (Сумська обл.)",
    "cityRecipient": "Ірпінь"
  },
  {
    "number": 59000454876998,
    "dateTime": {
      "date": {
        "year": 2019,
        "month": 10,
        "day": 15
      },
      "time": {
        "hour": 8,
        "minute": 8,
        "second": 27,
        "nano": 0
      }
    },
    "citySender": "Балки (Запорізька обл.)",
    "cityRecipient": "Запоріжжя"
  },
  {
    "number": 59000454876999,
    "dateTime": {
      "date": {
        "year": 2019,
        "month": 10,
        "day": 15
      },
      "time": {
        "hour": 8,
        "minute": 8,
        "second": 27,
        "nano": 0
      }
    },
    "citySender": "Київ",
    "cityRecipient": "Чернігів"
  },
  {
    "number": 59000454877000,
    "dateTime": {
      "date": {
        "year": 2019,
        "month": 10,
        "day": 15
      },
      "time": {
        "hour": 8,
        "minute": 8,
        "second": 27,
        "nano": 0
      }
    },
    "citySender": "Рожнятів",
    "cityRecipient": "Івано-Франківськ"
  },
  {
    "number": 59000454877001,
    "dateTime": {
      "date": {
        "year": 2019,
        "month": 10,
        "day": 15
      },
      "time": {
        "hour": 8,
        "minute": 8,
        "second": 26,
        "nano": 0
      }
    },
    "citySender": "Харків",
    "cityRecipient": "Харків"
  },
  {
    "number": 59000454877002,
    "dateTime": {
      "date": {
        "year": 2019,
        "month": 10,
        "day": 15
      },
      "time": {
        "hour": 8,
        "minute": 8,
        "second": 11,
        "nano": 0
      }
    },
    "citySender": "Харків",
    "cityRecipient": "Маріуполь"
  },
  {
    "number": 59000454877003,
    "dateTime": {
      "date": {
        "year": 2019,
        "month": 10,
        "day": 15
      },
      "time": {
        "hour": 8,
        "minute": 7,
        "second": 6,
        "nano": 0
      }
    },
    "citySender": "Снігурівка",
    "cityRecipient": "Київ"
  },
  {
    "number": 59000454877004,
    "dateTime": {
      "date": {
        "year": 2019,
        "month": 10,
        "day": 15
      },
      "time": {
        "hour": 8,
        "minute": 8,
        "second": 27,
        "nano": 0
      }
    },
    "citySender": "Київ",
    "cityRecipient": "Жовква"
  },
  {
    "number": 59000454877005,
    "dateTime": {
      "date": {
        "year": 2019,
        "month": 10,
        "day": 15
      },
      "time": {
        "hour": 8,
        "minute": 8,
        "second": 31,
        "nano": 0
      }
    },
    "citySender": "Рівне",
    "cityRecipient": "Ілічанка"
  },
  {
    "number": 59000454877006,
    "dateTime": {
      "date": {
        "year": 2019,
        "month": 10,
        "day": 15
      },
      "time": {
        "hour": 8,
        "minute": 8,
        "second": 17,
        "nano": 0
      }
    },
    "citySender": "Дніпро",
    "cityRecipient": "Дніпро"
  },
  {
    "number": 59000454877007,
    "dateTime": {
      "date": {
        "year": 2019,
        "month": 10,
        "day": 15
      },
      "time": {
        "hour": 8,
        "minute": 8,
        "second": 7,
        "nano": 0
      }
    },
    "citySender": "Новомиргород",
    "cityRecipient": "Краматорськ"
  },
  {
    "number": 59000454877009,
    "dateTime": {
      "date": {
        "year": 2019,
        "month": 10,
        "day": 15
      },
      "time": {
        "hour": 8,
        "minute": 8,
        "second": 33,
        "nano": 0
      }
    },
    "citySender": "Балаклія (Харківська обл.)",
    "cityRecipient": "Київ"
  },
  {
    "number": 59000454877010,
    "dateTime": {
      "date": {
        "year": 2019,
        "month": 10,
        "day": 15
      },
      "time": {
        "hour": 8,
        "minute": 8,
        "second": 35,
        "nano": 0
      }
    },
    "citySender": "Київ",
    "cityRecipient": "Дніпро"
  },
  {
    "number": 59000454877011,
    "dateTime": {
      "date": {
        "year": 2019,
        "month": 10,
        "day": 15
      },
      "time": {
        "hour": 8,
        "minute": 8,
        "second": 35,
        "nano": 0
      }
    },
    "citySender": "Львів",
    "cityRecipient": "Львів"
  },
  {
    "number": 59000454877012,
    "dateTime": {
      "date": {
        "year": 2019,
        "month": 10,
        "day": 15
      },
      "time": {
        "hour": 8,
        "minute": 8,
        "second": 33,
        "nano": 0
      }
    },
    "citySender": "Богодухів",
    "cityRecipient": "Київ"
  },
  {
    "number": 59000454877013,
    "dateTime": {
      "date": {
        "year": 2019,
        "month": 10,
        "day": 15
      },
      "time": {
        "hour": 8,
        "minute": 8,
        "second": 36,
        "nano": 0
      }
    },
    "citySender": "Курахове",
    "cityRecipient": "Рівне"
  },
  {
    "number": 59000454877014,
    "dateTime": {
      "date": {
        "year": 2019,
        "month": 10,
        "day": 15
      },
      "time": {
        "hour": 8,
        "minute": 8,
        "second": 36,
        "nano": 0
      }
    },
    "citySender": "Барвінкове",
    "cityRecipient": "Харків"
  },
  {
    "number": 59000454877015,
    "dateTime": {
      "date": {
        "year": 2019,
        "month": 10,
        "day": 15
      },
      "time": {
        "hour": 8,
        "minute": 8,
        "second": 9,
        "nano": 0
      }
    },
    "citySender": "Тернопіль",
    "cityRecipient": "Романів"
  },
  {
    "number": 59000454877016,
    "dateTime": {
      "date": {
        "year": 2019,
        "month": 10,
        "day": 15
      },
      "time": {
        "hour": 8,
        "minute": 8,
        "second": 34,
        "nano": 0
      }
    },
    "citySender": "Київ",
    "cityRecipient": "Київ"
  },
  {
    "number": 59000454877017,
    "dateTime": {
      "date": {
        "year": 2019,
        "month": 10,
        "day": 15
      },
      "time": {
        "hour": 8,
        "minute": 7,
        "second": 41,
        "nano": 0
      }
    },
    "citySender": "Кілія",
    "cityRecipient": "Івано-Франківськ"
  },
  {
    "number": 59000454877018,
    "dateTime": {
      "date": {
        "year": 2019,
        "month": 10,
        "day": 15
      },
      "time": {
        "hour": 8,
        "minute": 7,
        "second": 50,
        "nano": 0
      }
    },
    "citySender": "Харків",
    "cityRecipient": "Маріуполь"
  },
  {
    "number": 59000454877019,
    "dateTime": {
      "date": {
        "year": 2019,
        "month": 10,
        "day": 15
      },
      "time": {
        "hour": 8,
        "minute": 8,
        "second": 1,
        "nano": 0
      }
    },
    "citySender": "Благовіщенське(Кіровоградська обл.)",
    "cityRecipient": "Київ"
  },
  {
    "number": 59000454877020,
    "dateTime": {
      "date": {
        "year": 2019,
        "month": 10,
        "day": 15
      },
      "time": {
        "hour": 8,
        "minute": 8,
        "second": 19,
        "nano": 0
      }
    },
    "citySender": "Харків",
    "cityRecipient": "Брюховичі"
  },
  {
    "number": 59000454877021,
    "dateTime": {
      "date": {
        "year": 2019,
        "month": 10,
        "day": 15
      },
      "time": {
        "hour": 8,
        "minute": 8,
        "second": 34,
        "nano": 0
      }
    },
    "citySender": "Харків",
    "cityRecipient": "Дніпро"
  },
  {
    "number": 59000454877022,
    "dateTime": {
      "date": {
        "year": 2019,
        "month": 10,
        "day": 15
      },
      "time": {
        "hour": 8,
        "minute": 8,
        "second": 41,
        "nano": 0
      }
    },
    "citySender": "Агрономічне",
    "cityRecipient": "Вінниця"
  },
  {
    "number": 59000454877023,
    "dateTime": {
      "date": {
        "year": 2019,
        "month": 10,
        "day": 15
      },
      "time": {
        "hour": 8,
        "minute": 8,
        "second": 32,
        "nano": 0
      }
    },
    "citySender": "Запоріжжя",
    "cityRecipient": "Запоріжжя"
  },
  {
    "number": 59000454877025,
    "dateTime": {
      "date": {
        "year": 2019,
        "month": 10,
        "day": 15
      },
      "time": {
        "hour": 8,
        "minute": 8,
        "second": 38,
        "nano": 0
      }
    },
    "citySender": "Київ",
    "cityRecipient": "Київ"
  },
  {
    "number": 59000454877026,
    "dateTime": {
      "date": {
        "year": 2019,
        "month": 10,
        "day": 15
      },
      "time": {
        "hour": 8,
        "minute": 8,
        "second": 31,
        "nano": 0
      }
    },
    "citySender": "Київ",
    "cityRecipient": "Шостка"
  },
  {
    "number": 59000454877027,
    "dateTime": {
      "date": {
        "year": 2019,
        "month": 10,
        "day": 15
      },
      "time": {
        "hour": 8,
        "minute": 8,
        "second": 44,
        "nano": 0
      }
    },
    "citySender": "Київ",
    "cityRecipient": "Київ"
  },
  {
    "number": 59000454877028,
    "dateTime": {
      "date": {
        "year": 2019,
        "month": 10,
        "day": 15
      },
      "time": {
        "hour": 8,
        "minute": 8,
        "second": 22,
        "nano": 0
      }
    },
    "citySender": "Харків",
    "cityRecipient": "Авангард"
  },
  {
    "number": 59000454877029,
    "dateTime": {
      "date": {
        "year": 2019,
        "month": 10,
        "day": 15
      },
      "time": {
        "hour": 8,
        "minute": 8,
        "second": 44,
        "nano": 0
      }
    },
    "citySender": "Київ",
    "cityRecipient": "Київ"
  },
  {
    "number": 59000454877030,
    "dateTime": {
      "date": {
        "year": 2019,
        "month": 10,
        "day": 15
      },
      "time": {
        "hour": 8,
        "minute": 8,
        "second": 45,
        "nano": 0
      }
    },
    "citySender": "Барвінкове",
    "cityRecipient": "Березань"
  },
  {
    "number": 59000454877031,
    "dateTime": {
      "date": {
        "year": 2019,
        "month": 10,
        "day": 15
      },
      "time": {
        "hour": 8,
        "minute": 8,
        "second": 32,
        "nano": 0
      }
    },
    "citySender": "Київ",
    "cityRecipient": "Київ"
  },
  {
    "number": 59000454877032,
    "dateTime": {
      "date": {
        "year": 2019,
        "month": 10,
        "day": 15
      },
      "time": {
        "hour": 8,
        "minute": 8,
        "second": 45,
        "nano": 0
      }
    },
    "citySender": "Станиця Луганська",
    "cityRecipient": "Сєвєродонецьк"
  },
  {
    "number": 59000454877033,
    "dateTime": {
      "date": {
        "year": 2019,
        "month": 10,
        "day": 15
      },
      "time": {
        "hour": 8,
        "minute": 8,
        "second": 37,
        "nano": 0
      }
    },
    "citySender": "Київ",
    "cityRecipient": "Бровари"
  },
  {
    "number": 59000454877034,
    "dateTime": {
      "date": {
        "year": 2019,
        "month": 10,
        "day": 15
      },
      "time": {
        "hour": 8,
        "minute": 8,
        "second": 32,
        "nano": 0
      }
    },
    "citySender": "Харків",
    "cityRecipient": "Суми"
  },
  {
    "number": 59000454877035,
    "dateTime": {
      "date": {
        "year": 2019,
        "month": 10,
        "day": 15
      },
      "time": {
        "hour": 8,
        "minute": 8,
        "second": 47,
        "nano": 0
      }
    },
    "citySender": "Решетилівка",
    "cityRecipient": "Васильків"
  },
  {
    "number": 59000454877036,
    "dateTime": {
      "date": {
        "year": 2019,
        "month": 10,
        "day": 15
      },
      "time": {
        "hour": 8,
        "minute": 8,
        "second": 37,
        "nano": 0
      }
    },
    "citySender": "Шаргород (Вінницька обл.)",
    "cityRecipient": "Вишгород"
  },
  {
    "number": 59000454877037,
    "dateTime": {
      "date": {
        "year": 2019,
        "month": 10,
        "day": 15
      },
      "time": {
        "hour": 8,
        "minute": 8,
        "second": 30,
        "nano": 0
      }
    },
    "citySender": "Київ",
    "cityRecipient": "Дніпро"
  },
  {
    "number": 59000454877038,
    "dateTime": {
      "date": {
        "year": 2019,
        "month": 10,
        "day": 15
      },
      "time": {
        "hour": 8,
        "minute": 8,
        "second": 31,
        "nano": 0
      }
    },
    "citySender": "Красноріченське",
    "cityRecipient": "Жовті Води"
  },
  {
    "number": 59000454877039,
    "dateTime": {
      "date": {
        "year": 2019,
        "month": 10,
        "day": 15
      },
      "time": {
        "hour": 8,
        "minute": 8,
        "second": 29,
        "nano": 0
      }
    },
    "citySender": "Київ",
    "cityRecipient": "Київ"
  },
  {
    "number": 59000454877040,
    "dateTime": {
      "date": {
        "year": 2019,
        "month": 10,
        "day": 15
      },
      "time": {
        "hour": 8,
        "minute": 8,
        "second": 14,
        "nano": 0
      }
    },
    "citySender": "Богодухів",
    "cityRecipient": "Чулаківка"
  },
  {
    "number": 59000454877041,
    "dateTime": {
      "date": {
        "year": 2019,
        "month": 10,
        "day": 15
      },
      "time": {
        "hour": 8,
        "minute": 8,
        "second": 28,
        "nano": 0
      }
    },
    "citySender": "Харків",
    "cityRecipient": "Кілія"
  },
  {
    "number": 59000454877042,
    "dateTime": {
      "date": {
        "year": 2019,
        "month": 10,
        "day": 15
      },
      "time": {
        "hour": 8,
        "minute": 8,
        "second": 44,
        "nano": 0
      }
    },
    "citySender": "Дніпро",
    "cityRecipient": "Дніпро"
  },
  {
    "number": 59000454877043,
    "dateTime": {
      "date": {
        "year": 2019,
        "month": 10,
        "day": 15
      },
      "time": {
        "hour": 8,
        "minute": 8,
        "second": 29,
        "nano": 0
      }
    },
    "citySender": "Шпола",
    "cityRecipient": "Дніпро"
  },
  {
    "number": 59000454877044,
    "dateTime": {
      "date": {
        "year": 2019,
        "month": 10,
        "day": 15
      },
      "time": {
        "hour": 8,
        "minute": 8,
        "second": 24,
        "nano": 0
      }
    },
    "citySender": "Харків",
    "cityRecipient": "Первомайський (Харківська обл.)"
  },
  {
    "number": 59000454877045,
    "dateTime": {
      "date": {
        "year": 2019,
        "month": 10,
        "day": 15
      },
      "time": {
        "hour": 8,
        "minute": 8,
        "second": 54,
        "nano": 0
      }
    },
    "citySender": "Київ",
    "cityRecipient": "Київ"
  },
  {
    "number": 59000454877046,
    "dateTime": {
      "date": {
        "year": 2019,
        "month": 10,
        "day": 15
      },
      "time": {
        "hour": 8,
        "minute": 8,
        "second": 55,
        "nano": 0
      }
    },
    "citySender": "Київ",
    "cityRecipient": "Київ"
  },
  {
    "number": 59000454877047,
    "dateTime": {
      "date": {
        "year": 2019,
        "month": 10,
        "day": 15
      },
      "time": {
        "hour": 8,
        "minute": 7,
        "second": 55,
        "nano": 0
      }
    },
    "citySender": "Пирятин",
    "cityRecipient": "Чернівці"
  },
  {
    "number": 59000454877048,
    "dateTime": {
      "date": {
        "year": 2019,
        "month": 10,
        "day": 15
      },
      "time": {
        "hour": 8,
        "minute": 8,
        "second": 47,
        "nano": 0
      }
    },
    "citySender": "Київ",
    "cityRecipient": "Запоріжжя"
  },
  {
    "number": 59000454877049,
    "dateTime": {
      "date": {
        "year": 2019,
        "month": 10,
        "day": 15
      },
      "time": {
        "hour": 8,
        "minute": 8,
        "second": 53,
        "nano": 0
      }
    },
    "citySender": "Київ",
    "cityRecipient": "Умань"
  },
  {
    "number": 59000454877050,
    "dateTime": {
      "date": {
        "year": 2019,
        "month": 10,
        "day": 15
      },
      "time": {
        "hour": 8,
        "minute": 8,
        "second": 53,
        "nano": 0
      }
    },
    "citySender": "Київ",
    "cityRecipient": "Жмеринка"
  },
  {
    "number": 59000454877051,
    "dateTime": {
      "date": {
        "year": 2019,
        "month": 10,
        "day": 15
      },
      "time": {
        "hour": 8,
        "minute": 8,
        "second": 48,
        "nano": 0
      }
    },
    "citySender": "Дніпро",
    "cityRecipient": "Київ"
  },
  {
    "number": 59000454877052,
    "dateTime": {
      "date": {
        "year": 2019,
        "month": 10,
        "day": 15
      },
      "time": {
        "hour": 8,
        "minute": 8,
        "second": 50,
        "nano": 0
      }
    },
    "citySender": "Дніпро",
    "cityRecipient": "Херсон"
  },
  {
    "number": 59000454877053,
    "dateTime": {
      "date": {
        "year": 2019,
        "month": 10,
        "day": 15
      },
      "time": {
        "hour": 8,
        "minute": 8,
        "second": 55,
        "nano": 0
      }
    },
    "citySender": "Дніпро",
    "cityRecipient": "Дніпро"
  }
]