[
  {
    "number": 59000454882445,
    "dateTime": {
      "date": {
        "year": 2019,
        "month": 10,
        "day": 15
      },
      "time": {
        "hour": 8,
        "minute": 57,
        "second": 55,
        "nano": 0
      }
    },
    "citySender": "Дніпро",
    "cityRecipient": "Кремінна"
  },
  {
    "number": 59000454882447,
    "dateTime": {
      "date": {
        "year": 2019,
        "month": 10,
        "day": 15
      },
      "time": {
        "hour": 8,
        "minute": 58,
        "second": 27,
        "nano": 0
      }
    },
    "citySender": "Святогірськ",
    "cityRecipient": "Слов\u0027янськ"
  },
  {
    "number": 59000454882448,
    "dateTime": {
      "date": {
        "year": 2019,
        "month": 10,
        "day": 15
      },
      "time": {
        "hour": 8,
        "minute": 58,
        "second": 25,
        "nano": 0
      }
    },
    "citySender": "Селидове",
    "cityRecipient": "Київ"
  },
  {
    "number": 59000454882449,
    "dateTime": {
      "date": {
        "year": 2019,
        "month": 10,
        "day": 15
      },
      "time": {
        "hour": 8,
        "minute": 58,
        "second": 30,
        "nano": 0
      }
    },
    "citySender": "Южне",
    "cityRecipient": "Одеса"
  },
  {
    "number": 59000454882450,
    "dateTime": {
      "date": {
        "year": 2019,
        "month": 10,
        "day": 15
      },
      "time": {
        "hour": 8,
        "minute": 57,
        "second": 37,
        "nano": 0
      }
    },
    "citySender": "Балта",
    "cityRecipient": "Десна (Чернігівська обл.)"
  },
  {
    "number": 59000454882451,
    "dateTime": {
      "date": {
        "year": 2019,
        "month": 10,
        "day": 15
      },
      "time": {
        "hour": 8,
        "minute": 58,
        "second": 29,
        "nano": 0
      }
    },
    "citySender": "Вовче",
    "cityRecipient": "Червоноград (Львівська обл.)"
  },
  {
    "number": 59000454882452,
    "dateTime": {
      "date": {
        "year": 2019,
        "month": 10,
        "day": 15
      },
      "time": {
        "hour": 8,
        "minute": 58,
        "second": 31,
        "nano": 0
      }
    },
    "citySender": "Вінниця",
    "cityRecipient": "Вінниця"
  },
  {
    "number": 59000454882453,
    "dateTime": {
      "date": {
        "year": 2019,
        "month": 10,
        "day": 15
      },
      "time": {
        "hour": 8,
        "minute": 58,
        "second": 5,
        "nano": 0
      }
    },
    "citySender": "Черкаси",
    "cityRecipient": "Харків"
  },
  {
    "number": 59000454882454,
    "dateTime": {
      "date": {
        "year": 2019,
        "month": 10,
        "day": 15
      },
      "time": {
        "hour": 8,
        "minute": 58,
        "second": 20,
        "nano": 0
      }
    },
    "citySender": "Харків",
    "cityRecipient": "Київ"
  },
  {
    "number": 59000454882455,
    "dateTime": {
      "date": {
        "year": 2019,
        "month": 10,
        "day": 15
      },
      "time": {
        "hour": 8,
        "minute": 58,
        "second": 28,
        "nano": 0
      }
    },
    "citySender": "Полтава",
    "cityRecipient": "Київ"
  },
  {
    "number": 59000454882456,
    "dateTime": {
      "date": {
        "year": 2019,
        "month": 10,
        "day": 15
      },
      "time": {
        "hour": 8,
        "minute": 56,
        "second": 45,
        "nano": 0
      }
    },
    "citySender": "Погребище",
    "cityRecipient": "Вінниця"
  },
  {
    "number": 59000454882457,
    "dateTime": {
      "date": {
        "year": 2019,
        "month": 10,
        "day": 15
      },
      "time": {
        "hour": 8,
        "minute": 57,
        "second": 50,
        "nano": 0
      }
    },
    "citySender": "Кривий Ріг",
    "cityRecipient": "Луцьк"
  },
  {
    "number": 59000454882458,
    "dateTime": {
      "date": {
        "year": 2019,
        "month": 10,
        "day": 15
      },
      "time": {
        "hour": 8,
        "minute": 57,
        "second": 48,
        "nano": 0
      }
    },
    "citySender": "Немирів (Вінницька обл.)",
    "cityRecipient": "Боярка"
  },
  {
    "number": 59000454882459,
    "dateTime": {
      "date": {
        "year": 2019,
        "month": 10,
        "day": 15
      },
      "time": {
        "hour": 8,
        "minute": 58,
        "second": 22,
        "nano": 0
      }
    },
    "citySender": "Київ",
    "cityRecipient": "Київ"
  },
  {
    "number": 59000454882460,
    "dateTime": {
      "date": {
        "year": 2019,
        "month": 10,
        "day": 15
      },
      "time": {
        "hour": 8,
        "minute": 57,
        "second": 13,
        "nano": 0
      }
    },
    "citySender": "Бершадь",
    "cityRecipient": "Дрогобич"
  },
  {
    "number": 59000454882461,
    "dateTime": {
      "date": {
        "year": 2019,
        "month": 10,
        "day": 15
      },
      "time": {
        "hour": 8,
        "minute": 58,
        "second": 20,
        "nano": 0
      }
    },
    "citySender": "Розтоки",
    "cityRecipient": "Львів"
  },
  {
    "number": 59000454882462,
    "dateTime": {
      "date": {
        "year": 2019,
        "month": 10,
        "day": 15
      },
      "time": {
        "hour": 8,
        "minute": 58,
        "second": 18,
        "nano": 0
      }
    },
    "citySender": "Миколаїв",
    "cityRecipient": "Львів"
  },
  {
    "number": 59000454882464,
    "dateTime": {
      "date": {
        "year": 2019,
        "month": 10,
        "day": 15
      },
      "time": {
        "hour": 8,
        "minute": 58,
        "second": 33,
        "nano": 0
      }
    },
    "citySender": "Суми",
    "cityRecipient": "Київ"
  },
  {
    "number": 59000454882465,
    "dateTime": {
      "date": {
        "year": 2019,
        "month": 10,
        "day": 15
      },
      "time": {
        "hour": 8,
        "minute": 58,
        "second": 34,
        "nano": 0
      }
    },
    "citySender": "Овруч",
    "cityRecipient": "Київ"
  },
  {
    "number": 59000454882466,
    "dateTime": {
      "date": {
        "year": 2019,
        "month": 10,
        "day": 15
      },
      "time": {
        "hour": 8,
        "minute": 58,
        "second": 18,
        "nano": 0
      }
    },
    "citySender": "Соледар",
    "cityRecipient": "Бердичів"
  },
  {
    "number": 59000454882467,
    "dateTime": {
      "date": {
        "year": 2019,
        "month": 10,
        "day": 15
      },
      "time": {
        "hour": 8,
        "minute": 58,
        "second": 25,
        "nano": 0
      }
    },
    "citySender": "Калинівка (Вінницька обл., Калинівський р-н)",
    "cityRecipient": "Київ"
  },
  {
    "number": 59000454882468,
    "dateTime": {
      "date": {
        "year": 2019,
        "month": 10,
        "day": 15
      },
      "time": {
        "hour": 8,
        "minute": 58,
        "second": 35,
        "nano": 0
      }
    },
    "citySender": "Маріуполь",
    "cityRecipient": "Рівне"
  },
  {
    "number": 59000454882469,
    "dateTime": {
      "date": {
        "year": 2019,
        "month": 10,
        "day": 15
      },
      "time": {
        "hour": 8,
        "minute": 58,
        "second": 3,
        "nano": 0
      }
    },
    "citySender": "Житомир",
    "cityRecipient": "Волноваха"
  },
  {
    "number": 59000454882470,
    "dateTime": {
      "date": {
        "year": 2019,
        "month": 10,
        "day": 15
      },
      "time": {
        "hour": 8,
        "minute": 58,
        "second": 2,
        "nano": 0
      }
    },
    "citySender": "Тульчин",
    "cityRecipient": "Кам\u0027янське(Дніпропетровська обл)"
  },
  {
    "number": 59000454882471,
    "dateTime": {
      "date": {
        "year": 2019,
        "month": 10,
        "day": 15
      },
      "time": {
        "hour": 8,
        "minute": 58,
        "second": 9,
        "nano": 0
      }
    },
    "citySender": "Київ",
    "cityRecipient": "Львів"
  },
  {
    "number": 59000454882472,
    "dateTime": {
      "date": {
        "year": 2019,
        "month": 10,
        "day": 15
      },
      "time": {
        "hour": 8,
        "minute": 58,
        "second": 30,
        "nano": 0
      }
    },
    "citySender": "Київ",
    "cityRecipient": "Червоне (Житомирська обл.)"
  },
  {
    "number": 59000454882473,
    "dateTime": {
      "date": {
        "year": 2019,
        "month": 10,
        "day": 15
      },
      "time": {
        "hour": 8,
        "minute": 58,
        "second": 10,
        "nano": 0
      }
    },
    "citySender": "Київ",
    "cityRecipient": "Чернівці"
  },
  {
    "number": 59000454882474,
    "dateTime": {
      "date": {
        "year": 2019,
        "month": 10,
        "day": 15
      },
      "time": {
        "hour": 8,
        "minute": 58,
        "second": 36,
        "nano": 0
      }
    },
    "citySender": "Київ",
    "cityRecipient": "Житомир"
  },
  {
    "number": 59000454882475,
    "dateTime": {
      "date": {
        "year": 2019,
        "month": 10,
        "day": 15
      },
      "time": {
        "hour": 8,
        "minute": 57,
        "second": 6,
        "nano": 0
      }
    },
    "citySender": "Миронівка",
    "cityRecipient": "Черкаси"
  },
  {
    "number": 59000454882476,
    "dateTime": {
      "date": {
        "year": 2019,
        "month": 10,
        "day": 15
      },
      "time": {
        "hour": 8,
        "minute": 57,
        "second": 42,
        "nano": 0
      }
    },
    "citySender": "Харків",
    "cityRecipient": "Шостка"
  },
  {
    "number": 59000454882477,
    "dateTime": {
      "date": {
        "year": 2019,
        "month": 10,
        "day": 15
      },
      "time": {
        "hour": 8,
        "minute": 58,
        "second": 37,
        "nano": 0
      }
    },
    "citySender": "Ізмаїл",
    "cityRecipient": "Київ"
  },
  {
    "number": 59000454882478,
    "dateTime": {
      "date": {
        "year": 2019,
        "month": 10,
        "day": 15
      },
      "time": {
        "hour": 8,
        "minute": 58,
        "second": 33,
        "nano": 0
      }
    },
    "citySender": "Запоріжжя",
    "cityRecipient": "Дніпро"
  },
  {
    "number": 59000454882479,
    "dateTime": {
      "date": {
        "year": 2019,
        "month": 10,
        "day": 15
      },
      "time": {
        "hour": 8,
        "minute": 58,
        "second": 34,
        "nano": 0
      }
    },
    "citySender": "Городок (Хмельницька обл.)",
    "cityRecipient": "Нова Одеса"
  },
  {
    "number": 59000454882480,
    "dateTime": {
      "date": {
        "year": 2019,
        "month": 10,
        "day": 15
      },
      "time": {
        "hour": 8,
        "minute": 57,
        "second": 53,
        "nano": 0
      }
    },
    "citySender": "Хуст",
    "cityRecipient": "Львів"
  },
  {
    "number": 59000454882481,
    "dateTime": {
      "date": {
        "year": 2019,
        "month": 10,
        "day": 15
      },
      "time": {
        "hour": 8,
        "minute": 58,
        "second": 24,
        "nano": 0
      }
    },
    "citySender": "Арбузинка",
    "cityRecipient": "Київ"
  },
  {
    "number": 59000454882482,
    "dateTime": {
      "date": {
        "year": 2019,
        "month": 10,
        "day": 15
      },
      "time": {
        "hour": 8,
        "minute": 58,
        "second": 40,
        "nano": 0
      }
    },
    "citySender": "Бахмут",
    "cityRecipient": "Острог"
  },
  {
    "number": 59000454882483,
    "dateTime": {
      "date": {
        "year": 2019,
        "month": 10,
        "day": 15
      },
      "time": {
        "hour": 8,
        "minute": 56,
        "second": 45,
        "nano": 0
      }
    },
    "citySender": "Київ",
    "cityRecipient": "Львів"
  },
  {
    "number": 59000454882486,
    "dateTime": {
      "date": {
        "year": 2019,
        "month": 10,
        "day": 15
      },
      "time": {
        "hour": 8,
        "minute": 58,
        "second": 32,
        "nano": 0
      }
    },
    "citySender": "Харків",
    "cityRecipient": "Одеса"
  },
  {
    "number": 59000454882487,
    "dateTime": {
      "date": {
        "year": 2019,
        "month": 10,
        "day": 15
      },
      "time": {
        "hour": 8,
        "minute": 58,
        "second": 41,
        "nano": 0
      }
    },
    "citySender": "Немішаєве",
    "cityRecipient": "Снятин"
  },
  {
    "number": 59000454882488,
    "dateTime": {
      "date": {
        "year": 2019,
        "month": 10,
        "day": 15
      },
      "time": {
        "hour": 8,
        "minute": 58,
        "second": 6,
        "nano": 0
      }
    },
    "citySender": "Ратне",
    "cityRecipient": "Врадіївка"
  },
  {
    "number": 59000454882489,
    "dateTime": {
      "date": {
        "year": 2019,
        "month": 10,
        "day": 15
      },
      "time": {
        "hour": 8,
        "minute": 58,
        "second": 34,
        "nano": 0
      }
    },
    "citySender": "Київ",
    "cityRecipient": "Хмільник (Вінницька обл.)"
  },
  {
    "number": 59000454882490,
    "dateTime": {
      "date": {
        "year": 2019,
        "month": 10,
        "day": 15
      },
      "time": {
        "hour": 8,
        "minute": 58,
        "second": 24,
        "nano": 0
      }
    },
    "citySender": "Дніпро",
    "cityRecipient": "Токмак"
  },
  {
    "number": 59000454882491,
    "dateTime": {
      "date": {
        "year": 2019,
        "month": 10,
        "day": 15
      },
      "time": {
        "hour": 8,
        "minute": 55,
        "second": 36,
        "nano": 0
      }
    },
    "citySender": "Велика Олександрівка (Херсонська обл.)",
    "cityRecipient": "Київ"
  },
  {
    "number": 59000454882492,
    "dateTime": {
      "date": {
        "year": 2019,
        "month": 10,
        "day": 15
      },
      "time": {
        "hour": 8,
        "minute": 58,
        "second": 22,
        "nano": 0
      }
    },
    "citySender": "Харків",
    "cityRecipient": "Ужгород"
  },
  {
    "number": 59000454882493,
    "dateTime": {
      "date": {
        "year": 2019,
        "month": 10,
        "day": 15
      },
      "time": {
        "hour": 8,
        "minute": 58,
        "second": 39,
        "nano": 0
      }
    },
    "citySender": "Київ",
    "cityRecipient": "Запоріжжя"
  },
  {
    "number": 59000454882494,
    "dateTime": {
      "date": {
        "year": 2019,
        "month": 10,
        "day": 15
      },
      "time": {
        "hour": 8,
        "minute": 58,
        "second": 45,
        "nano": 0
      }
    },
    "citySender": "Маріуполь",
    "cityRecipient": "Київ"
  },
  {
    "number": 59000454882495,
    "dateTime": {
      "date": {
        "year": 2019,
        "month": 10,
        "day": 15
      },
      "time": {
        "hour": 8,
        "minute": 58,
        "second": 45,
        "nano": 0
      }
    },
    "citySender": "Київ",
    "cityRecipient": "Київ"
  },
  {
    "number": 59000454882496,
    "dateTime": {
      "date": {
        "year": 2019,
        "month": 10,
        "day": 15
      },
      "time": {
        "hour": 8,
        "minute": 57,
        "second": 37,
        "nano": 0
      }
    },
    "citySender": "Кучурган",
    "cityRecipient": "Криве Озеро"
  },
  {
    "number": 59000454882497,
    "dateTime": {
      "date": {
        "year": 2019,
        "month": 10,
        "day": 15
      },
      "time": {
        "hour": 8,
        "minute": 58,
        "second": 44,
        "nano": 0
      }
    },
    "citySender": "Богодухів",
    "cityRecipient": "Київ"
  },
  {
    "number": 59000454882498,
    "dateTime": {
      "date": {
        "year": 2019,
        "month": 10,
        "day": 15
      },
      "time": {
        "hour": 8,
        "minute": 58,
        "second": 40,
        "nano": 0
      }
    },
    "citySender": "Харків",
    "cityRecipient": "Черкаси"
  },
  {
    "number": 59000454882499,
    "dateTime": {
      "date": {
        "year": 2019,
        "month": 10,
        "day": 15
      },
      "time": {
        "hour": 8,
        "minute": 58,
        "second": 45,
        "nano": 0
      }
    },
    "citySender": "Енергодар",
    "cityRecipient": "Чортків"
  },
  {
    "number": 59000454882500,
    "dateTime": {
      "date": {
        "year": 2019,
        "month": 10,
        "day": 15
      },
      "time": {
        "hour": 8,
        "minute": 56,
        "second": 43,
        "nano": 0
      }
    },
    "citySender": "Баштанка",
    "cityRecipient": "Кривий Ріг"
  },
  {
    "number": 59000454882501,
    "dateTime": {
      "date": {
        "year": 2019,
        "month": 10,
        "day": 15
      },
      "time": {
        "hour": 8,
        "minute": 58,
        "second": 47,
        "nano": 0
      }
    },
    "citySender": "Дунаївці",
    "cityRecipient": "Одеса"
  },
  {
    "number": 59000454882502,
    "dateTime": {
      "date": {
        "year": 2019,
        "month": 10,
        "day": 15
      },
      "time": {
        "hour": 8,
        "minute": 57,
        "second": 24,
        "nano": 0
      }
    },
    "citySender": "Рівне",
    "cityRecipient": "Одеса"
  },
  {
    "number": 59000454882503,
    "dateTime": {
      "date": {
        "year": 2019,
        "month": 10,
        "day": 15
      },
      "time": {
        "hour": 8,
        "minute": 58,
        "second": 47,
        "nano": 0
      }
    },
    "citySender": "Черкаси",
    "cityRecipient": "Черкаси"
  },
  {
    "number": 59000454882505,
    "dateTime": {
      "date": {
        "year": 2019,
        "month": 10,
        "day": 15
      },
      "time": {
        "hour": 8,
        "minute": 58,
        "second": 48,
        "nano": 0
      }
    },
    "citySender": "Кривий Ріг",
    "cityRecipient": "Суми"
  },
  {
    "number": 59000454882506,
    "dateTime": {
      "date": {
        "year": 2019,
        "month": 10,
        "day": 15
      },
      "time": {
        "hour": 8,
        "minute": 58,
        "second": 37,
        "nano": 0
      }
    },
    "citySender": "Генічеськ",
    "cityRecipient": "Київ"
  },
  {
    "number": 59000454882507,
    "dateTime": {
      "date": {
        "year": 2019,
        "month": 10,
        "day": 15
      },
      "time": {
        "hour": 8,
        "minute": 58,
        "second": 37,
        "nano": 0
      }
    },
    "citySender": "Київ",
    "cityRecipient": "Львів"
  },
  {
    "number": 59000454882508,
    "dateTime": {
      "date": {
        "year": 2019,
        "month": 10,
        "day": 15
      },
      "time": {
        "hour": 8,
        "minute": 58,
        "second": 48,
        "nano": 0
      }
    },
    "citySender": "Харків",
    "cityRecipient": "Одеса"
  },
  {
    "number": 59000454882509,
    "dateTime": {
      "date": {
        "year": 2019,
        "month": 10,
        "day": 15
      },
      "time": {
        "hour": 8,
        "minute": 58,
        "second": 49,
        "nano": 0
      }
    },
    "citySender": "Ізмаїл",
    "cityRecipient": "Ірпінь"
  },
  {
    "number": 59000454882510,
    "dateTime": {
      "date": {
        "year": 2019,
        "month": 10,
        "day": 15
      },
      "time": {
        "hour": 8,
        "minute": 58,
        "second": 49,
        "nano": 0
      }
    },
    "citySender": "Уланів",
    "cityRecipient": "Житомир"
  },
  {
    "number": 59000454882511,
    "dateTime": {
      "date": {
        "year": 2019,
        "month": 10,
        "day": 15
      },
      "time": {
        "hour": 8,
        "minute": 58,
        "second": 51,
        "nano": 0
      }
    },
    "citySender": "Першотравенськ (Дніпропетровська обл)",
    "cityRecipient": "Київ"
  },
  {
    "number": 59000454882512,
    "dateTime": {
      "date": {
        "year": 2019,
        "month": 10,
        "day": 15
      },
      "time": {
        "hour": 8,
        "minute": 58,
        "second": 50,
        "nano": 0
      }
    },
    "citySender": "Тернопіль",
    "cityRecipient": "Дубно"
  },
  {
    "number": 59000454882513,
    "dateTime": {
      "date": {
        "year": 2019,
        "month": 10,
        "day": 15
      },
      "time": {
        "hour": 8,
        "minute": 58,
        "second": 51,
        "nano": 0
      }
    },
    "citySender": "Бершадь",
    "cityRecipient": "Івано-Франківськ"
  },
  {
    "number": 59000454882514,
    "dateTime": {
      "date": {
        "year": 2019,
        "month": 10,
        "day": 15
      },
      "time": {
        "hour": 8,
        "minute": 58,
        "second": 52,
        "nano": 0
      }
    },
    "citySender": "Харків",
    "cityRecipient": "Київ"
  },
  {
    "number": 59000454882515,
    "dateTime": {
      "date": {
        "year": 2019,
        "month": 10,
        "day": 15
      },
      "time": {
        "hour": 8,
        "minute": 58,
        "second": 48,
        "nano": 0
      }
    },
    "citySender": "Київ",
    "cityRecipient": "Київ"
  },
  {
    "number": 59000454882516,
    "dateTime": {
      "date": {
        "year": 2019,
        "month": 10,
        "day": 15
      },
      "time": {
        "hour": 8,
        "minute": 58,
        "second": 50,
        "nano": 0
      }
    },
    "citySender": "Київ",
    "cityRecipient": "Київ"
  },
  {
    "number": 59000454882517,
    "dateTime": {
      "date": {
        "year": 2019,
        "month": 10,
        "day": 15
      },
      "time": {
        "hour": 8,
        "minute": 58,
        "second": 26,
        "nano": 0
      }
    },
    "citySender": "Київ",
    "cityRecipient": "Одеса"
  },
  {
    "number": 59000454882518,
    "dateTime": {
      "date": {
        "year": 2019,
        "month": 10,
        "day": 15
      },
      "time": {
        "hour": 8,
        "minute": 58,
        "second": 39,
        "nano": 0
      }
    },
    "citySender": "Київ",
    "cityRecipient": "Кам\u0027янець-Подільський"
  },
  {
    "number": 59000454882519,
    "dateTime": {
      "date": {
        "year": 2019,
        "month": 10,
        "day": 15
      },
      "time": {
        "hour": 8,
        "minute": 58,
        "second": 36,
        "nano": 0
      }
    },
    "citySender": "Миколаїв",
    "cityRecipient": "Перещепине"
  },
  {
    "number": 59000454882520,
    "dateTime": {
      "date": {
        "year": 2019,
        "month": 10,
        "day": 15
      },
      "time": {
        "hour": 8,
        "minute": 58,
        "second": 44,
        "nano": 0
      }
    },
    "citySender": "Сахновщина (Харківська обл.)",
    "cityRecipient": "Багате"
  },
  {
    "number": 59000454882521,
    "dateTime": {
      "date": {
        "year": 2019,
        "month": 10,
        "day": 15
      },
      "time": {
        "hour": 8,
        "minute": 58,
        "second": 46,
        "nano": 0
      }
    },
    "citySender": "Бровари",
    "cityRecipient": "Борова (Харківська обл.)"
  },
  {
    "number": 59000454882522,
    "dateTime": {
      "date": {
        "year": 2019,
        "month": 10,
        "day": 15
      },
      "time": {
        "hour": 8,
        "minute": 58,
        "second": 54,
        "nano": 0
      }
    },
    "citySender": "Павлиш",
    "cityRecipient": "Одеса"
  },
  {
    "number": 59000454882523,
    "dateTime": {
      "date": {
        "year": 2019,
        "month": 10,
        "day": 15
      },
      "time": {
        "hour": 8,
        "minute": 58,
        "second": 35,
        "nano": 0
      }
    },
    "citySender": "Дніпро",
    "cityRecipient": "Покровськ (Донецька обл.)"
  },
  {
    "number": 59000454882524,
    "dateTime": {
      "date": {
        "year": 2019,
        "month": 10,
        "day": 15
      },
      "time": {
        "hour": 8,
        "minute": 58,
        "second": 49,
        "nano": 0
      }
    },
    "citySender": "Дніпро",
    "cityRecipient": "Київ"
  },
  {
    "number": 59000454882525,
    "dateTime": {
      "date": {
        "year": 2019,
        "month": 10,
        "day": 15
      },
      "time": {
        "hour": 8,
        "minute": 58,
        "second": 30,
        "nano": 0
      }
    },
    "citySender": "Київ",
    "cityRecipient": "Харків"
  },
  {
    "number": 59000454882526,
    "dateTime": {
      "date": {
        "year": 2019,
        "month": 10,
        "day": 15
      },
      "time": {
        "hour": 8,
        "minute": 58,
        "second": 43,
        "nano": 0
      }
    },
    "citySender": "Станиця Луганська",
    "cityRecipient": "Київ"
  },
  {
    "number": 59000454882527,
    "dateTime": {
      "date": {
        "year": 2019,
        "month": 10,
        "day": 15
      },
      "time": {
        "hour": 8,
        "minute": 58,
        "second": 56,
        "nano": 0
      }
    },
    "citySender": "Бахмут",
    "cityRecipient": "Одеса"
  },
  {
    "number": 59000454882528,
    "dateTime": {
      "date": {
        "year": 2019,
        "month": 10,
        "day": 15
      },
      "time": {
        "hour": 8,
        "minute": 58,
        "second": 57,
        "nano": 0
      }
    },
    "citySender": "Вараш",
    "cityRecipient": "Миколаїв"
  },
  {
    "number": 59000454882529,
    "dateTime": {
      "date": {
        "year": 2019,
        "month": 10,
        "day": 15
      },
      "time": {
        "hour": 8,
        "minute": 58,
        "second": 58,
        "nano": 0
      }
    },
    "citySender": "Рафалівка",
    "cityRecipient": "Київ"
  },
  {
    "number": 59000454882530,
    "dateTime": {
      "date": {
        "year": 2019,
        "month": 10,
        "day": 15
      },
      "time": {
        "hour": 8,
        "minute": 58,
        "second": 16,
        "nano": 0
      }
    },
    "citySender": "Кременець",
    "cityRecipient": "Маневичі"
  },
  {
    "number": 59000454882531,
    "dateTime": {
      "date": {
        "year": 2019,
        "month": 10,
        "day": 15
      },
      "time": {
        "hour": 8,
        "minute": 58,
        "second": 58,
        "nano": 0
      }
    },
    "citySender": "Запоріжжя",
    "cityRecipient": "Енергодар"
  },
  {
    "number": 59000454882532,
    "dateTime": {
      "date": {
        "year": 2019,
        "month": 10,
        "day": 15
      },
      "time": {
        "hour": 8,
        "minute": 58,
        "second": 40,
        "nano": 0
      }
    },
    "citySender": "Лозова",
    "cityRecipient": "Рівне"
  },
  {
    "number": 59000454882533,
    "dateTime": {
      "date": {
        "year": 2019,
        "month": 10,
        "day": 15
      },
      "time": {
        "hour": 8,
        "minute": 58,
        "second": 47,
        "nano": 0
      }
    },
    "citySender": "Бердичів",
    "cityRecipient": "Бучач"
  },
  {
    "number": 59000454882534,
    "dateTime": {
      "date": {
        "year": 2019,
        "month": 10,
        "day": 15
      },
      "time": {
        "hour": 8,
        "minute": 57,
        "second": 36,
        "nano": 0
      }
    },
    "citySender": "Новомиргород",
    "cityRecipient": "Одеса"
  },
  {
    "number": 59000454882535,
    "dateTime": {
      "date": {
        "year": 2019,
        "month": 10,
        "day": 15
      },
      "time": {
        "hour": 8,
        "minute": 58,
        "second": 47,
        "nano": 0
      }
    },
    "citySender": "Дніпро",
    "cityRecipient": "Первомайськ(Микол.обл.Первомайс.р-н)"
  },
  {
    "number": 59000454882536,
    "dateTime": {
      "date": {
        "year": 2019,
        "month": 10,
        "day": 15
      },
      "time": {
        "hour": 8,
        "minute": 59,
        "second": 1,
        "nano": 0
      }
    },
    "citySender": "Куп\u0027янськ-Вузловий",
    "cityRecipient": "Харків"
  },
  {
    "number": 59000454882537,
    "dateTime": {
      "date": {
        "year": 2019,
        "month": 10,
        "day": 15
      },
      "time": {
        "hour": 8,
        "minute": 58,
        "second": 58,
        "nano": 0
      }
    },
    "citySender": "Малехів",
    "cityRecipient": "Івано-Франківськ"
  },
  {
    "number": 59000454882539,
    "dateTime": {
      "date": {
        "year": 2019,
        "month": 10,
        "day": 15
      },
      "time": {
        "hour": 8,
        "minute": 58,
        "second": 41,
        "nano": 0
      }
    },
    "citySender": "Любешів",
    "cityRecipient": "Переяслав-Хмельницький"
  },
  {
    "number": 59000454882540,
    "dateTime": {
      "date": {
        "year": 2019,
        "month": 10,
        "day": 15
      },
      "time": {
        "hour": 8,
        "minute": 58,
        "second": 22,
        "nano": 0
      }
    },
    "citySender": "Затишшя",
    "cityRecipient": "Сергіївка (Білгород-Дністровський р-н)"
  },
  {
    "number": 59000454882541,
    "dateTime": {
      "date": {
        "year": 2019,
        "month": 10,
        "day": 15
      },
      "time": {
        "hour": 8,
        "minute": 59,
        "second": 1,
        "nano": 0
      }
    },
    "citySender": "Кропивницький",
    "cityRecipient": "Дніпро"
  },
  {
    "number": 59000454882542,
    "dateTime": {
      "date": {
        "year": 2019,
        "month": 10,
        "day": 15
      },
      "time": {
        "hour": 8,
        "minute": 58,
        "second": 54,
        "nano": 0
      }
    },
    "citySender": "Дніпро",
    "cityRecipient": "Львів"
  },
  {
    "number": 59000454882543,
    "dateTime": {
      "date": {
        "year": 2019,
        "month": 10,
        "day": 15
      },
      "time": {
        "hour": 8,
        "minute": 58,
        "second": 42,
        "nano": 0
      }
    },
    "citySender": "Генічеськ",
    "cityRecipient": "Київ"
  },
  {
    "number": 59000454882544,
    "dateTime": {
      "date": {
        "year": 2019,
        "month": 10,
        "day": 15
      },
      "time": {
        "hour": 8,
        "minute": 59,
        "second": 3,
        "nano": 0
      }
    },
    "citySender": "Глибоке",
    "cityRecipient": "Київ"
  }
]