[
  {
    "number": 59000454923908,
    "dateTime": {
      "date": {
        "year": 2019,
        "month": 10,
        "day": 15
      },
      "time": {
        "hour": 10,
        "minute": 44,
        "second": 42,
        "nano": 0
      }
    },
    "citySender": "Троїцьке",
    "cityRecipient": "Троїцьке (Луганська обл.)"
  },
  {
    "number": 59000454923909,
    "dateTime": {
      "date": {
        "year": 2019,
        "month": 10,
        "day": 15
      },
      "time": {
        "hour": 10,
        "minute": 43,
        "second": 44,
        "nano": 0
      }
    },
    "citySender": "Миколаїв",
    "cityRecipient": "Вараш"
  },
  {
    "number": 59000454923910,
    "dateTime": {
      "date": {
        "year": 2019,
        "month": 10,
        "day": 15
      },
      "time": {
        "hour": 10,
        "minute": 43,
        "second": 6,
        "nano": 0
      }
    },
    "citySender": "Миколаїв",
    "cityRecipient": "Олександрія (м.Кіровогр.обл.райц)"
  },
  {
    "number": 59000454923911,
    "dateTime": {
      "date": {
        "year": 2019,
        "month": 10,
        "day": 15
      },
      "time": {
        "hour": 10,
        "minute": 44,
        "second": 16,
        "nano": 0
      }
    },
    "citySender": "Чорноморськ",
    "cityRecipient": "Київ"
  },
  {
    "number": 59000454923912,
    "dateTime": {
      "date": {
        "year": 2019,
        "month": 10,
        "day": 15
      },
      "time": {
        "hour": 10,
        "minute": 44,
        "second": 36,
        "nano": 0
      }
    },
    "citySender": "Мала Данилівка",
    "cityRecipient": "Київ"
  },
  {
    "number": 59000454923913,
    "dateTime": {
      "date": {
        "year": 2019,
        "month": 10,
        "day": 15
      },
      "time": {
        "hour": 10,
        "minute": 43,
        "second": 47,
        "nano": 0
      }
    },
    "citySender": "Кривий Ріг",
    "cityRecipient": "Кривий Ріг"
  },
  {
    "number": 59000454923914,
    "dateTime": {
      "date": {
        "year": 2019,
        "month": 10,
        "day": 15
      },
      "time": {
        "hour": 10,
        "minute": 44,
        "second": 29,
        "nano": 0
      }
    },
    "citySender": "Київ",
    "cityRecipient": "Київ"
  },
  {
    "number": 59000454923915,
    "dateTime": {
      "date": {
        "year": 2019,
        "month": 10,
        "day": 15
      },
      "time": {
        "hour": 10,
        "minute": 44,
        "second": 48,
        "nano": 0
      }
    },
    "citySender": "Монастирище",
    "cityRecipient": "Дніпро"
  },
  {
    "number": 59000454923916,
    "dateTime": {
      "date": {
        "year": 2019,
        "month": 10,
        "day": 15
      },
      "time": {
        "hour": 10,
        "minute": 44,
        "second": 43,
        "nano": 0
      }
    },
    "citySender": "Ізюм",
    "cityRecipient": "Крюківщина"
  },
  {
    "number": 59000454923918,
    "dateTime": {
      "date": {
        "year": 2019,
        "month": 10,
        "day": 15
      },
      "time": {
        "hour": 10,
        "minute": 44,
        "second": 21,
        "nano": 0
      }
    },
    "citySender": "Київ",
    "cityRecipient": "Київ"
  },
  {
    "number": 59000454923919,
    "dateTime": {
      "date": {
        "year": 2019,
        "month": 10,
        "day": 15
      },
      "time": {
        "hour": 10,
        "minute": 44,
        "second": 9,
        "nano": 0
      }
    },
    "citySender": "Крюківщина",
    "cityRecipient": "Львів"
  },
  {
    "number": 59000454923920,
    "dateTime": {
      "date": {
        "year": 2019,
        "month": 10,
        "day": 15
      },
      "time": {
        "hour": 10,
        "minute": 41,
        "second": 58,
        "nano": 0
      }
    },
    "citySender": "Первомайський (Харківська обл.)",
    "cityRecipient": "Бориня"
  },
  {
    "number": 59000454923921,
    "dateTime": {
      "date": {
        "year": 2019,
        "month": 10,
        "day": 15
      },
      "time": {
        "hour": 10,
        "minute": 44,
        "second": 34,
        "nano": 0
      }
    },
    "citySender": "Хмельницький",
    "cityRecipient": "Бориспіль"
  },
  {
    "number": 59000454923922,
    "dateTime": {
      "date": {
        "year": 2019,
        "month": 10,
        "day": 15
      },
      "time": {
        "hour": 10,
        "minute": 44,
        "second": 48,
        "nano": 0
      }
    },
    "citySender": "Кам\u0027янське(Дніпропетровська обл)",
    "cityRecipient": "Дніпро"
  },
  {
    "number": 59000454923925,
    "dateTime": {
      "date": {
        "year": 2019,
        "month": 10,
        "day": 15
      },
      "time": {
        "hour": 10,
        "minute": 43,
        "second": 57,
        "nano": 0
      }
    },
    "citySender": "Красноград (Харківська обл)",
    "cityRecipient": "Одеса"
  },
  {
    "number": 59000454923926,
    "dateTime": {
      "date": {
        "year": 2019,
        "month": 10,
        "day": 15
      },
      "time": {
        "hour": 10,
        "minute": 44,
        "second": 20,
        "nano": 0
      }
    },
    "citySender": "Середина-Буда",
    "cityRecipient": "Харків"
  },
  {
    "number": 59000454923927,
    "dateTime": {
      "date": {
        "year": 2019,
        "month": 10,
        "day": 15
      },
      "time": {
        "hour": 10,
        "minute": 44,
        "second": 49,
        "nano": 0
      }
    },
    "citySender": "Вінниця",
    "cityRecipient": "Вінниця"
  },
  {
    "number": 59000454923928,
    "dateTime": {
      "date": {
        "year": 2019,
        "month": 10,
        "day": 15
      },
      "time": {
        "hour": 10,
        "minute": 44,
        "second": 47,
        "nano": 0
      }
    },
    "citySender": "Гайсин",
    "cityRecipient": "Могилів-Подільський"
  },
  {
    "number": 59000454923929,
    "dateTime": {
      "date": {
        "year": 2019,
        "month": 10,
        "day": 15
      },
      "time": {
        "hour": 10,
        "minute": 44,
        "second": 18,
        "nano": 0
      }
    },
    "citySender": "Харків",
    "cityRecipient": "Кременець"
  },
  {
    "number": 59000454923931,
    "dateTime": {
      "date": {
        "year": 2019,
        "month": 10,
        "day": 15
      },
      "time": {
        "hour": 10,
        "minute": 44,
        "second": 50,
        "nano": 0
      }
    },
    "citySender": "Володимирівка (Донецька обл.)",
    "cityRecipient": "Усатове"
  },
  {
    "number": 59000454923932,
    "dateTime": {
      "date": {
        "year": 2019,
        "month": 10,
        "day": 15
      },
      "time": {
        "hour": 10,
        "minute": 44,
        "second": 38,
        "nano": 0
      }
    },
    "citySender": "Бершадь",
    "cityRecipient": "Іршанськ"
  },
  {
    "number": 59000454923933,
    "dateTime": {
      "date": {
        "year": 2019,
        "month": 10,
        "day": 15
      },
      "time": {
        "hour": 10,
        "minute": 44,
        "second": 17,
        "nano": 0
      }
    },
    "citySender": "Харків",
    "cityRecipient": "Суми"
  },
  {
    "number": 59000454923934,
    "dateTime": {
      "date": {
        "year": 2019,
        "month": 10,
        "day": 15
      },
      "time": {
        "hour": 10,
        "minute": 44,
        "second": 41,
        "nano": 0
      }
    },
    "citySender": "Товсте",
    "cityRecipient": "Київ"
  },
  {
    "number": 59000454923935,
    "dateTime": {
      "date": {
        "year": 2019,
        "month": 10,
        "day": 15
      },
      "time": {
        "hour": 10,
        "minute": 44,
        "second": 18,
        "nano": 0
      }
    },
    "citySender": "Ужгород",
    "cityRecipient": "Мелітополь"
  },
  {
    "number": 59000454923937,
    "dateTime": {
      "date": {
        "year": 2019,
        "month": 10,
        "day": 15
      },
      "time": {
        "hour": 10,
        "minute": 44,
        "second": 44,
        "nano": 0
      }
    },
    "citySender": "Дніпро",
    "cityRecipient": "Сєвєродонецьк"
  },
  {
    "number": 59000454923938,
    "dateTime": {
      "date": {
        "year": 2019,
        "month": 10,
        "day": 15
      },
      "time": {
        "hour": 10,
        "minute": 44,
        "second": 4,
        "nano": 0
      }
    },
    "citySender": "Власівка",
    "cityRecipient": "Черкаси"
  },
  {
    "number": 59000454923939,
    "dateTime": {
      "date": {
        "year": 2019,
        "month": 10,
        "day": 15
      },
      "time": {
        "hour": 10,
        "minute": 44,
        "second": 11,
        "nano": 0
      }
    },
    "citySender": "Сергіївка (Білгород-Дністровський р-н)",
    "cityRecipient": "Тернопіль"
  },
  {
    "number": 59000454923940,
    "dateTime": {
      "date": {
        "year": 2019,
        "month": 10,
        "day": 15
      },
      "time": {
        "hour": 10,
        "minute": 44,
        "second": 32,
        "nano": 0
      }
    },
    "citySender": "Бердянськ",
    "cityRecipient": "Херсон"
  },
  {
    "number": 59000454923941,
    "dateTime": {
      "date": {
        "year": 2019,
        "month": 10,
        "day": 15
      },
      "time": {
        "hour": 10,
        "minute": 44,
        "second": 27,
        "nano": 0
      }
    },
    "citySender": "Одеса",
    "cityRecipient": "Олександрія (м.Кіровогр.обл.райц)"
  },
  {
    "number": 59000454923942,
    "dateTime": {
      "date": {
        "year": 2019,
        "month": 10,
        "day": 15
      },
      "time": {
        "hour": 10,
        "minute": 43,
        "second": 9,
        "nano": 0
      }
    },
    "citySender": "Бердянськ",
    "cityRecipient": "Кривий Ріг"
  },
  {
    "number": 59000454923943,
    "dateTime": {
      "date": {
        "year": 2019,
        "month": 10,
        "day": 15
      },
      "time": {
        "hour": 10,
        "minute": 44,
        "second": 42,
        "nano": 0
      }
    },
    "citySender": "Одеса",
    "cityRecipient": "Луцьк"
  },
  {
    "number": 59000454923944,
    "dateTime": {
      "date": {
        "year": 2019,
        "month": 10,
        "day": 15
      },
      "time": {
        "hour": 10,
        "minute": 44,
        "second": 51,
        "nano": 0
      }
    },
    "citySender": "Чернівці",
    "cityRecipient": "Кременчук"
  },
  {
    "number": 59000454923945,
    "dateTime": {
      "date": {
        "year": 2019,
        "month": 10,
        "day": 15
      },
      "time": {
        "hour": 10,
        "minute": 44,
        "second": 45,
        "nano": 0
      }
    },
    "citySender": "Вишневе",
    "cityRecipient": "Ужгород"
  },
  {
    "number": 59000454923946,
    "dateTime": {
      "date": {
        "year": 2019,
        "month": 10,
        "day": 15
      },
      "time": {
        "hour": 10,
        "minute": 44,
        "second": 52,
        "nano": 0
      }
    },
    "citySender": "Дружківка",
    "cityRecipient": "Слов\u0027янськ"
  },
  {
    "number": 59000454923947,
    "dateTime": {
      "date": {
        "year": 2019,
        "month": 10,
        "day": 15
      },
      "time": {
        "hour": 10,
        "minute": 43,
        "second": 51,
        "nano": 0
      }
    },
    "citySender": "Сєвєродонецьк",
    "cityRecipient": "Бахмут"
  },
  {
    "number": 59000454923948,
    "dateTime": {
      "date": {
        "year": 2019,
        "month": 10,
        "day": 15
      },
      "time": {
        "hour": 10,
        "minute": 44,
        "second": 37,
        "nano": 0
      }
    },
    "citySender": "Кривий Ріг",
    "cityRecipient": "Київ"
  },
  {
    "number": 59000454923949,
    "dateTime": {
      "date": {
        "year": 2019,
        "month": 10,
        "day": 15
      },
      "time": {
        "hour": 10,
        "minute": 44,
        "second": 46,
        "nano": 0
      }
    },
    "citySender": "Одеса",
    "cityRecipient": "Новодністровськ"
  },
  {
    "number": 59000454923950,
    "dateTime": {
      "date": {
        "year": 2019,
        "month": 10,
        "day": 15
      },
      "time": {
        "hour": 10,
        "minute": 44,
        "second": 51,
        "nano": 0
      }
    },
    "citySender": "Коломия",
    "cityRecipient": "Київ"
  },
  {
    "number": 59000454923951,
    "dateTime": {
      "date": {
        "year": 2019,
        "month": 10,
        "day": 15
      },
      "time": {
        "hour": 10,
        "minute": 44,
        "second": 52,
        "nano": 0
      }
    },
    "citySender": "Харків",
    "cityRecipient": "Київ"
  },
  {
    "number": 59000454923952,
    "dateTime": {
      "date": {
        "year": 2019,
        "month": 10,
        "day": 15
      },
      "time": {
        "hour": 10,
        "minute": 44,
        "second": 42,
        "nano": 0
      }
    },
    "citySender": "Київ",
    "cityRecipient": "Київ"
  },
  {
    "number": 59000454923953,
    "dateTime": {
      "date": {
        "year": 2019,
        "month": 10,
        "day": 15
      },
      "time": {
        "hour": 10,
        "minute": 42,
        "second": 27,
        "nano": 0
      }
    },
    "citySender": "Бронниця",
    "cityRecipient": "Київ"
  },
  {
    "number": 59000454923954,
    "dateTime": {
      "date": {
        "year": 2019,
        "month": 10,
        "day": 15
      },
      "time": {
        "hour": 10,
        "minute": 44,
        "second": 21,
        "nano": 0
      }
    },
    "citySender": "Київ",
    "cityRecipient": "Дніпро"
  },
  {
    "number": 59000454923955,
    "dateTime": {
      "date": {
        "year": 2019,
        "month": 10,
        "day": 15
      },
      "time": {
        "hour": 10,
        "minute": 44,
        "second": 15,
        "nano": 0
      }
    },
    "citySender": "Київ",
    "cityRecipient": "Миколаїв"
  },
  {
    "number": 59000454923956,
    "dateTime": {
      "date": {
        "year": 2019,
        "month": 10,
        "day": 15
      },
      "time": {
        "hour": 10,
        "minute": 44,
        "second": 49,
        "nano": 0
      }
    },
    "citySender": "Хмільник (Вінницька обл.)",
    "cityRecipient": "Київ"
  },
  {
    "number": 59000454923957,
    "dateTime": {
      "date": {
        "year": 2019,
        "month": 10,
        "day": 15
      },
      "time": {
        "hour": 10,
        "minute": 44,
        "second": 28,
        "nano": 0
      }
    },
    "citySender": "Харків",
    "cityRecipient": "Кривий Ріг"
  },
  {
    "number": 59000454923958,
    "dateTime": {
      "date": {
        "year": 2019,
        "month": 10,
        "day": 15
      },
      "time": {
        "hour": 10,
        "minute": 44,
        "second": 29,
        "nano": 0
      }
    },
    "citySender": "Дніпро",
    "cityRecipient": "Рівне"
  },
  {
    "number": 59000454923960,
    "dateTime": {
      "date": {
        "year": 2019,
        "month": 10,
        "day": 15
      },
      "time": {
        "hour": 10,
        "minute": 44,
        "second": 27,
        "nano": 0
      }
    },
    "citySender": "Іллінці",
    "cityRecipient": "Маньківка"
  },
  {
    "number": 59000454923961,
    "dateTime": {
      "date": {
        "year": 2019,
        "month": 10,
        "day": 15
      },
      "time": {
        "hour": 10,
        "minute": 44,
        "second": 12,
        "nano": 0
      }
    },
    "citySender": "Східниця",
    "cityRecipient": "Дніпро"
  },
  {
    "number": 59000454923962,
    "dateTime": {
      "date": {
        "year": 2019,
        "month": 10,
        "day": 15
      },
      "time": {
        "hour": 10,
        "minute": 44,
        "second": 16,
        "nano": 0
      }
    },
    "citySender": "Олександрівка (Миколаївська обл.)",
    "cityRecipient": "Бровари"
  },
  {
    "number": 59000454923963,
    "dateTime": {
      "date": {
        "year": 2019,
        "month": 10,
        "day": 15
      },
      "time": {
        "hour": 10,
        "minute": 43,
        "second": 47,
        "nano": 0
      }
    },
    "citySender": "Миргород",
    "cityRecipient": "Лубни"
  },
  {
    "number": 59000454923964,
    "dateTime": {
      "date": {
        "year": 2019,
        "month": 10,
        "day": 15
      },
      "time": {
        "hour": 10,
        "minute": 44,
        "second": 53,
        "nano": 0
      }
    },
    "citySender": "Слов\u0027янськ",
    "cityRecipient": "Покровськ (Донецька обл.)"
  },
  {
    "number": 59000454923965,
    "dateTime": {
      "date": {
        "year": 2019,
        "month": 10,
        "day": 15
      },
      "time": {
        "hour": 10,
        "minute": 44,
        "second": 49,
        "nano": 0
      }
    },
    "citySender": "Київ",
    "cityRecipient": "Київ"
  },
  {
    "number": 59000454923966,
    "dateTime": {
      "date": {
        "year": 2019,
        "month": 10,
        "day": 15
      },
      "time": {
        "hour": 10,
        "minute": 43,
        "second": 43,
        "nano": 0
      }
    },
    "citySender": "Бориспіль",
    "cityRecipient": "Терешки (Полтавський р-н)"
  },
  {
    "number": 59000454923967,
    "dateTime": {
      "date": {
        "year": 2019,
        "month": 10,
        "day": 15
      },
      "time": {
        "hour": 10,
        "minute": 44,
        "second": 35,
        "nano": 0
      }
    },
    "citySender": "Кривий Ріг",
    "cityRecipient": "Хмельницький"
  },
  {
    "number": 59000454923968,
    "dateTime": {
      "date": {
        "year": 2019,
        "month": 10,
        "day": 15
      },
      "time": {
        "hour": 10,
        "minute": 44,
        "second": 45,
        "nano": 0
      }
    },
    "citySender": "Коростень",
    "cityRecipient": "Харків"
  },
  {
    "number": 59000454923969,
    "dateTime": {
      "date": {
        "year": 2019,
        "month": 10,
        "day": 15
      },
      "time": {
        "hour": 10,
        "minute": 43,
        "second": 46,
        "nano": 0
      }
    },
    "citySender": "Маріуполь",
    "cityRecipient": "Харків"
  },
  {
    "number": 59000454923970,
    "dateTime": {
      "date": {
        "year": 2019,
        "month": 10,
        "day": 15
      },
      "time": {
        "hour": 10,
        "minute": 44,
        "second": 41,
        "nano": 0
      }
    },
    "citySender": "Слов\u0027янськ",
    "cityRecipient": "Мала Токмачка"
  },
  {
    "number": 59000454923971,
    "dateTime": {
      "date": {
        "year": 2019,
        "month": 10,
        "day": 15
      },
      "time": {
        "hour": 10,
        "minute": 44,
        "second": 44,
        "nano": 0
      }
    },
    "citySender": "Львів",
    "cityRecipient": "Харків"
  },
  {
    "number": 59000454923972,
    "dateTime": {
      "date": {
        "year": 2019,
        "month": 10,
        "day": 15
      },
      "time": {
        "hour": 10,
        "minute": 44,
        "second": 37,
        "nano": 0
      }
    },
    "citySender": "Ватутіне",
    "cityRecipient": "Дніпро"
  },
  {
    "number": 59000454923973,
    "dateTime": {
      "date": {
        "year": 2019,
        "month": 10,
        "day": 15
      },
      "time": {
        "hour": 10,
        "minute": 44,
        "second": 36,
        "nano": 0
      }
    },
    "citySender": "Запоріжжя",
    "cityRecipient": "Харків"
  },
  {
    "number": 59000454923974,
    "dateTime": {
      "date": {
        "year": 2019,
        "month": 10,
        "day": 15
      },
      "time": {
        "hour": 10,
        "minute": 44,
        "second": 55,
        "nano": 0
      }
    },
    "citySender": "Київ",
    "cityRecipient": "Київ"
  },
  {
    "number": 59000454923975,
    "dateTime": {
      "date": {
        "year": 2019,
        "month": 10,
        "day": 15
      },
      "time": {
        "hour": 10,
        "minute": 44,
        "second": 51,
        "nano": 0
      }
    },
    "citySender": "Тячів",
    "cityRecipient": "Київ"
  },
  {
    "number": 59000454923976,
    "dateTime": {
      "date": {
        "year": 2019,
        "month": 10,
        "day": 15
      },
      "time": {
        "hour": 10,
        "minute": 44,
        "second": 15,
        "nano": 0
      }
    },
    "citySender": "Коцюбинське",
    "cityRecipient": "Пологи (Запорізька обл.)"
  },
  {
    "number": 59000454923977,
    "dateTime": {
      "date": {
        "year": 2019,
        "month": 10,
        "day": 15
      },
      "time": {
        "hour": 10,
        "minute": 44,
        "second": 50,
        "nano": 0
      }
    },
    "citySender": "Київ",
    "cityRecipient": "Київ"
  },
  {
    "number": 59000454923978,
    "dateTime": {
      "date": {
        "year": 2019,
        "month": 10,
        "day": 15
      },
      "time": {
        "hour": 10,
        "minute": 44,
        "second": 38,
        "nano": 0
      }
    },
    "citySender": "Одеса",
    "cityRecipient": "Біла Церква"
  },
  {
    "number": 59000454923979,
    "dateTime": {
      "date": {
        "year": 2019,
        "month": 10,
        "day": 15
      },
      "time": {
        "hour": 10,
        "minute": 44,
        "second": 4,
        "nano": 0
      }
    },
    "citySender": "Кіцмань",
    "cityRecipient": "Київ"
  },
  {
    "number": 59000454923980,
    "dateTime": {
      "date": {
        "year": 2019,
        "month": 10,
        "day": 15
      },
      "time": {
        "hour": 10,
        "minute": 44,
        "second": 51,
        "nano": 0
      }
    },
    "citySender": "Дніпро",
    "cityRecipient": "Київ"
  },
  {
    "number": 59000454923981,
    "dateTime": {
      "date": {
        "year": 2019,
        "month": 10,
        "day": 15
      },
      "time": {
        "hour": 10,
        "minute": 44,
        "second": 39,
        "nano": 0
      }
    },
    "citySender": "Десна (Чернігівська обл.)",
    "cityRecipient": "Київ"
  },
  {
    "number": 59000454923982,
    "dateTime": {
      "date": {
        "year": 2019,
        "month": 10,
        "day": 15
      },
      "time": {
        "hour": 10,
        "minute": 44,
        "second": 36,
        "nano": 0
      }
    },
    "citySender": "Лисянка",
    "cityRecipient": "Львів"
  },
  {
    "number": 59000454923983,
    "dateTime": {
      "date": {
        "year": 2019,
        "month": 10,
        "day": 15
      },
      "time": {
        "hour": 10,
        "minute": 44,
        "second": 8,
        "nano": 0
      }
    },
    "citySender": "Мукачево",
    "cityRecipient": "Київ"
  },
  {
    "number": 59000454923984,
    "dateTime": {
      "date": {
        "year": 2019,
        "month": 10,
        "day": 15
      },
      "time": {
        "hour": 10,
        "minute": 43,
        "second": 14,
        "nano": 0
      }
    },
    "citySender": "Заставна",
    "cityRecipient": "Мукачево"
  },
  {
    "number": 59000454923985,
    "dateTime": {
      "date": {
        "year": 2019,
        "month": 10,
        "day": 15
      },
      "time": {
        "hour": 10,
        "minute": 44,
        "second": 33,
        "nano": 0
      }
    },
    "citySender": "Коломия",
    "cityRecipient": "Самбір"
  },
  {
    "number": 59000454923986,
    "dateTime": {
      "date": {
        "year": 2019,
        "month": 10,
        "day": 15
      },
      "time": {
        "hour": 10,
        "minute": 44,
        "second": 40,
        "nano": 0
      }
    },
    "citySender": "Чорноморськ",
    "cityRecipient": "Українка"
  },
  {
    "number": 59000454923987,
    "dateTime": {
      "date": {
        "year": 2019,
        "month": 10,
        "day": 15
      },
      "time": {
        "hour": 10,
        "minute": 44,
        "second": 36,
        "nano": 0
      }
    },
    "citySender": "Запоріжжя",
    "cityRecipient": "Херсон"
  },
  {
    "number": 59000454923988,
    "dateTime": {
      "date": {
        "year": 2019,
        "month": 10,
        "day": 15
      },
      "time": {
        "hour": 10,
        "minute": 44,
        "second": 40,
        "nano": 0
      }
    },
    "citySender": "Харків",
    "cityRecipient": "Світлодарськ"
  },
  {
    "number": 59000454923989,
    "dateTime": {
      "date": {
        "year": 2019,
        "month": 10,
        "day": 15
      },
      "time": {
        "hour": 10,
        "minute": 44,
        "second": 29,
        "nano": 0
      }
    },
    "citySender": "Київ",
    "cityRecipient": "Дніпро"
  },
  {
    "number": 59000454923991,
    "dateTime": {
      "date": {
        "year": 2019,
        "month": 10,
        "day": 15
      },
      "time": {
        "hour": 10,
        "minute": 44,
        "second": 10,
        "nano": 0
      }
    },
    "citySender": "Ковель",
    "cityRecipient": "Новоайдар"
  },
  {
    "number": 59000454923992,
    "dateTime": {
      "date": {
        "year": 2019,
        "month": 10,
        "day": 15
      },
      "time": {
        "hour": 10,
        "minute": 44,
        "second": 54,
        "nano": 0
      }
    },
    "citySender": "Коломия",
    "cityRecipient": "Київ"
  },
  {
    "number": 59000454923993,
    "dateTime": {
      "date": {
        "year": 2019,
        "month": 10,
        "day": 15
      },
      "time": {
        "hour": 10,
        "minute": 44,
        "second": 52,
        "nano": 0
      }
    },
    "citySender": "Сошників",
    "cityRecipient": "Гола Пристань"
  },
  {
    "number": 59000454923994,
    "dateTime": {
      "date": {
        "year": 2019,
        "month": 10,
        "day": 15
      },
      "time": {
        "hour": 10,
        "minute": 43,
        "second": 55,
        "nano": 0
      }
    },
    "citySender": "Шостка",
    "cityRecipient": "Вороновиця"
  },
  {
    "number": 59000454923995,
    "dateTime": {
      "date": {
        "year": 2019,
        "month": 10,
        "day": 15
      },
      "time": {
        "hour": 10,
        "minute": 44,
        "second": 56,
        "nano": 0
      }
    },
    "citySender": "Луцьк",
    "cityRecipient": "Золочів (Львівська обл.)"
  },
  {
    "number": 59000454923996,
    "dateTime": {
      "date": {
        "year": 2019,
        "month": 10,
        "day": 15
      },
      "time": {
        "hour": 10,
        "minute": 44,
        "second": 35,
        "nano": 0
      }
    },
    "citySender": "Світловодськ",
    "cityRecipient": "Кропивницький"
  },
  {
    "number": 59000454923997,
    "dateTime": {
      "date": {
        "year": 2019,
        "month": 10,
        "day": 15
      },
      "time": {
        "hour": 10,
        "minute": 44,
        "second": 24,
        "nano": 0
      }
    },
    "citySender": "Вінниця",
    "cityRecipient": "Вінниця"
  },
  {
    "number": 59000454923998,
    "dateTime": {
      "date": {
        "year": 2019,
        "month": 10,
        "day": 15
      },
      "time": {
        "hour": 10,
        "minute": 44,
        "second": 58,
        "nano": 0
      }
    },
    "citySender": "Суми",
    "cityRecipient": "Рівне"
  },
  {
    "number": 59000454923999,
    "dateTime": {
      "date": {
        "year": 2019,
        "month": 10,
        "day": 15
      },
      "time": {
        "hour": 10,
        "minute": 44,
        "second": 58,
        "nano": 0
      }
    },
    "citySender": "Матвіївка(Вільнянський р-н)",
    "cityRecipient": "Одеса"
  },
  {
    "number": 59000454924000,
    "dateTime": {
      "date": {
        "year": 2019,
        "month": 10,
        "day": 15
      },
      "time": {
        "hour": 10,
        "minute": 44,
        "second": 13,
        "nano": 0
      }
    },
    "citySender": "Одеса",
    "cityRecipient": "Кривий Ріг"
  },
  {
    "number": 59000454924001,
    "dateTime": {
      "date": {
        "year": 2019,
        "month": 10,
        "day": 15
      },
      "time": {
        "hour": 10,
        "minute": 42,
        "second": 42,
        "nano": 0
      }
    },
    "citySender": "Чернігів",
    "cityRecipient": "Запоріжжя"
  },
  {
    "number": 59000454924002,
    "dateTime": {
      "date": {
        "year": 2019,
        "month": 10,
        "day": 15
      },
      "time": {
        "hour": 10,
        "minute": 44,
        "second": 46,
        "nano": 0
      }
    },
    "citySender": "Харків",
    "cityRecipient": "Покровськ (Донецька обл.)"
  },
  {
    "number": 59000454924003,
    "dateTime": {
      "date": {
        "year": 2019,
        "month": 10,
        "day": 15
      },
      "time": {
        "hour": 10,
        "minute": 44,
        "second": 59,
        "nano": 0
      }
    },
    "citySender": "Балта",
    "cityRecipient": "Харків"
  },
  {
    "number": 59000454924004,
    "dateTime": {
      "date": {
        "year": 2019,
        "month": 10,
        "day": 15
      },
      "time": {
        "hour": 10,
        "minute": 44,
        "second": 59,
        "nano": 0
      }
    },
    "citySender": "Бровари",
    "cityRecipient": "Київ"
  },
  {
    "number": 59000454924005,
    "dateTime": {
      "date": {
        "year": 2019,
        "month": 10,
        "day": 15
      },
      "time": {
        "hour": 10,
        "minute": 43,
        "second": 43,
        "nano": 0
      }
    },
    "citySender": "Бахмут",
    "cityRecipient": "Одеса"
  },
  {
    "number": 59000454924006,
    "dateTime": {
      "date": {
        "year": 2019,
        "month": 10,
        "day": 15
      },
      "time": {
        "hour": 10,
        "minute": 44,
        "second": 42,
        "nano": 0
      }
    },
    "citySender": "Війтівці (Хмельницька обл.)",
    "cityRecipient": "Львів"
  },
  {
    "number": 59000454924007,
    "dateTime": {
      "date": {
        "year": 2019,
        "month": 10,
        "day": 15
      },
      "time": {
        "hour": 10,
        "minute": 43,
        "second": 43,
        "nano": 0
      }
    },
    "citySender": "Любомль",
    "cityRecipient": "Луцьк"
  }
]