[
  {
    "number": 59000454888144,
    "dateTime": {
      "date": {
        "year": 2019,
        "month": 10,
        "day": 15
      },
      "time": {
        "hour": 9,
        "minute": 13,
        "second": 38,
        "nano": 0
      }
    },
    "citySender": "Карлівка",
    "cityRecipient": "Бровари"
  },
  {
    "number": 59000454888145,
    "dateTime": {
      "date": {
        "year": 2019,
        "month": 10,
        "day": 15
      },
      "time": {
        "hour": 9,
        "minute": 13,
        "second": 12,
        "nano": 0
      }
    },
    "citySender": "Маньківка",
    "cityRecipient": "Київ"
  },
  {
    "number": 59000454888148,
    "dateTime": {
      "date": {
        "year": 2019,
        "month": 10,
        "day": 15
      },
      "time": {
        "hour": 9,
        "minute": 13,
        "second": 41,
        "nano": 0
      }
    },
    "citySender": "Вінниця",
    "cityRecipient": "Вінниця"
  },
  {
    "number": 59000454888149,
    "dateTime": {
      "date": {
        "year": 2019,
        "month": 10,
        "day": 15
      },
      "time": {
        "hour": 9,
        "minute": 13,
        "second": 10,
        "nano": 0
      }
    },
    "citySender": "Кривий Ріг",
    "cityRecipient": "Київ"
  },
  {
    "number": 59000454888150,
    "dateTime": {
      "date": {
        "year": 2019,
        "month": 10,
        "day": 15
      },
      "time": {
        "hour": 9,
        "minute": 12,
        "second": 54,
        "nano": 0
      }
    },
    "citySender": "Муровані Курилівці",
    "cityRecipient": "Калуш"
  },
  {
    "number": 59000454888151,
    "dateTime": {
      "date": {
        "year": 2019,
        "month": 10,
        "day": 15
      },
      "time": {
        "hour": 9,
        "minute": 13,
        "second": 22,
        "nano": 0
      }
    },
    "citySender": "Піщанка (Вінницька обл.)",
    "cityRecipient": "Умань"
  },
  {
    "number": 59000454888152,
    "dateTime": {
      "date": {
        "year": 2019,
        "month": 10,
        "day": 15
      },
      "time": {
        "hour": 9,
        "minute": 13,
        "second": 34,
        "nano": 0
      }
    },
    "citySender": "Новояворівськ",
    "cityRecipient": "Житомир"
  },
  {
    "number": 59000454888153,
    "dateTime": {
      "date": {
        "year": 2019,
        "month": 10,
        "day": 15
      },
      "time": {
        "hour": 9,
        "minute": 13,
        "second": 32,
        "nano": 0
      }
    },
    "citySender": "Біла Церква",
    "cityRecipient": "Устинівка"
  },
  {
    "number": 59000454888154,
    "dateTime": {
      "date": {
        "year": 2019,
        "month": 10,
        "day": 15
      },
      "time": {
        "hour": 9,
        "minute": 13,
        "second": 7,
        "nano": 0
      }
    },
    "citySender": "Гуляйполе",
    "cityRecipient": "Миколаїв"
  },
  {
    "number": 59000454888155,
    "dateTime": {
      "date": {
        "year": 2019,
        "month": 10,
        "day": 15
      },
      "time": {
        "hour": 9,
        "minute": 13,
        "second": 10,
        "nano": 0
      }
    },
    "citySender": "Харків",
    "cityRecipient": "Васильків"
  },
  {
    "number": 59000454888156,
    "dateTime": {
      "date": {
        "year": 2019,
        "month": 10,
        "day": 15
      },
      "time": {
        "hour": 9,
        "minute": 13,
        "second": 22,
        "nano": 0
      }
    },
    "citySender": "Чорноморськ",
    "cityRecipient": "Одеса"
  },
  {
    "number": 59000454888157,
    "dateTime": {
      "date": {
        "year": 2019,
        "month": 10,
        "day": 15
      },
      "time": {
        "hour": 9,
        "minute": 13,
        "second": 21,
        "nano": 0
      }
    },
    "citySender": "Івано-Франківськ",
    "cityRecipient": "Луцьк"
  },
  {
    "number": 59000454888158,
    "dateTime": {
      "date": {
        "year": 2019,
        "month": 10,
        "day": 15
      },
      "time": {
        "hour": 9,
        "minute": 13,
        "second": 24,
        "nano": 0
      }
    },
    "citySender": "Хмельницький",
    "cityRecipient": "Київ"
  },
  {
    "number": 59000454888159,
    "dateTime": {
      "date": {
        "year": 2019,
        "month": 10,
        "day": 15
      },
      "time": {
        "hour": 9,
        "minute": 12,
        "second": 44,
        "nano": 0
      }
    },
    "citySender": "Миргород",
    "cityRecipient": "Київ"
  },
  {
    "number": 59000454888160,
    "dateTime": {
      "date": {
        "year": 2019,
        "month": 10,
        "day": 15
      },
      "time": {
        "hour": 9,
        "minute": 13,
        "second": 18,
        "nano": 0
      }
    },
    "citySender": "Миколаїв",
    "cityRecipient": "Вишеньки"
  },
  {
    "number": 59000454888161,
    "dateTime": {
      "date": {
        "year": 2019,
        "month": 10,
        "day": 15
      },
      "time": {
        "hour": 9,
        "minute": 13,
        "second": 7,
        "nano": 0
      }
    },
    "citySender": "Київ",
    "cityRecipient": "Торчин"
  },
  {
    "number": 59000454888162,
    "dateTime": {
      "date": {
        "year": 2019,
        "month": 10,
        "day": 15
      },
      "time": {
        "hour": 9,
        "minute": 13,
        "second": 43,
        "nano": 0
      }
    },
    "citySender": "Фастів",
    "cityRecipient": "Київ"
  },
  {
    "number": 59000454888163,
    "dateTime": {
      "date": {
        "year": 2019,
        "month": 10,
        "day": 15
      },
      "time": {
        "hour": 9,
        "minute": 13,
        "second": 27,
        "nano": 0
      }
    },
    "citySender": "Херсон",
    "cityRecipient": "Харків"
  },
  {
    "number": 59000454888164,
    "dateTime": {
      "date": {
        "year": 2019,
        "month": 10,
        "day": 15
      },
      "time": {
        "hour": 9,
        "minute": 13,
        "second": 7,
        "nano": 0
      }
    },
    "citySender": "Славута",
    "cityRecipient": "Сєвєродонецьк"
  },
  {
    "number": 59000454888165,
    "dateTime": {
      "date": {
        "year": 2019,
        "month": 10,
        "day": 15
      },
      "time": {
        "hour": 9,
        "minute": 13,
        "second": 12,
        "nano": 0
      }
    },
    "citySender": "Одеса",
    "cityRecipient": "Київ"
  },
  {
    "number": 59000454888166,
    "dateTime": {
      "date": {
        "year": 2019,
        "month": 10,
        "day": 15
      },
      "time": {
        "hour": 9,
        "minute": 13,
        "second": 43,
        "nano": 0
      }
    },
    "citySender": "Київ",
    "cityRecipient": "Харків"
  },
  {
    "number": 59000454888167,
    "dateTime": {
      "date": {
        "year": 2019,
        "month": 10,
        "day": 15
      },
      "time": {
        "hour": 9,
        "minute": 13,
        "second": 21,
        "nano": 0
      }
    },
    "citySender": "Миколаїв",
    "cityRecipient": "Мелітополь"
  },
  {
    "number": 59000454888168,
    "dateTime": {
      "date": {
        "year": 2019,
        "month": 10,
        "day": 15
      },
      "time": {
        "hour": 9,
        "minute": 13,
        "second": 34,
        "nano": 0
      }
    },
    "citySender": "Володимир-Волинський",
    "cityRecipient": "Житомир"
  },
  {
    "number": 59000454888169,
    "dateTime": {
      "date": {
        "year": 2019,
        "month": 10,
        "day": 15
      },
      "time": {
        "hour": 9,
        "minute": 13,
        "second": 43,
        "nano": 0
      }
    },
    "citySender": "Черкаси",
    "cityRecipient": "Черкаси"
  },
  {
    "number": 59000454888170,
    "dateTime": {
      "date": {
        "year": 2019,
        "month": 10,
        "day": 15
      },
      "time": {
        "hour": 9,
        "minute": 12,
        "second": 34,
        "nano": 0
      }
    },
    "citySender": "Вінниця",
    "cityRecipient": "Вишгород"
  },
  {
    "number": 59000454888171,
    "dateTime": {
      "date": {
        "year": 2019,
        "month": 10,
        "day": 15
      },
      "time": {
        "hour": 9,
        "minute": 13,
        "second": 16,
        "nano": 0
      }
    },
    "citySender": "Гайсин",
    "cityRecipient": "Львів"
  },
  {
    "number": 59000454888172,
    "dateTime": {
      "date": {
        "year": 2019,
        "month": 10,
        "day": 15
      },
      "time": {
        "hour": 9,
        "minute": 13,
        "second": 28,
        "nano": 0
      }
    },
    "citySender": "Жашків",
    "cityRecipient": "Бровари"
  },
  {
    "number": 59000454888173,
    "dateTime": {
      "date": {
        "year": 2019,
        "month": 10,
        "day": 15
      },
      "time": {
        "hour": 9,
        "minute": 13,
        "second": 30,
        "nano": 0
      }
    },
    "citySender": "Умань",
    "cityRecipient": "Мелітополь"
  },
  {
    "number": 59000454888174,
    "dateTime": {
      "date": {
        "year": 2019,
        "month": 10,
        "day": 15
      },
      "time": {
        "hour": 9,
        "minute": 13,
        "second": 39,
        "nano": 0
      }
    },
    "citySender": "Покровське (Покровський р-н Дніпропетровська обл.)",
    "cityRecipient": "Миколаїв"
  },
  {
    "number": 59000454888175,
    "dateTime": {
      "date": {
        "year": 2019,
        "month": 10,
        "day": 15
      },
      "time": {
        "hour": 9,
        "minute": 13,
        "second": 44,
        "nano": 0
      }
    },
    "citySender": "Львів",
    "cityRecipient": "Розсошенці(Полтавська обл.)"
  },
  {
    "number": 59000454888176,
    "dateTime": {
      "date": {
        "year": 2019,
        "month": 10,
        "day": 15
      },
      "time": {
        "hour": 9,
        "minute": 13,
        "second": 44,
        "nano": 0
      }
    },
    "citySender": "Королево",
    "cityRecipient": "Одеса"
  },
  {
    "number": 59000454888177,
    "dateTime": {
      "date": {
        "year": 2019,
        "month": 10,
        "day": 15
      },
      "time": {
        "hour": 9,
        "minute": 13,
        "second": 45,
        "nano": 0
      }
    },
    "citySender": "Кароліно-Бугаз",
    "cityRecipient": "Івано-Франківськ"
  },
  {
    "number": 59000454888178,
    "dateTime": {
      "date": {
        "year": 2019,
        "month": 10,
        "day": 15
      },
      "time": {
        "hour": 9,
        "minute": 13,
        "second": 24,
        "nano": 0
      }
    },
    "citySender": "Рудки",
    "cityRecipient": "Харків"
  },
  {
    "number": 59000454888179,
    "dateTime": {
      "date": {
        "year": 2019,
        "month": 10,
        "day": 15
      },
      "time": {
        "hour": 9,
        "minute": 12,
        "second": 58,
        "nano": 0
      }
    },
    "citySender": "Піски-Радьківські",
    "cityRecipient": "Полтава"
  },
  {
    "number": 59000454888180,
    "dateTime": {
      "date": {
        "year": 2019,
        "month": 10,
        "day": 15
      },
      "time": {
        "hour": 9,
        "minute": 13,
        "second": 45,
        "nano": 0
      }
    },
    "citySender": "Херсон",
    "cityRecipient": "Київ"
  },
  {
    "number": 59000454888181,
    "dateTime": {
      "date": {
        "year": 2019,
        "month": 10,
        "day": 15
      },
      "time": {
        "hour": 9,
        "minute": 13,
        "second": 36,
        "nano": 0
      }
    },
    "citySender": "Новоайдар",
    "cityRecipient": "Старобільськ"
  },
  {
    "number": 59000454888182,
    "dateTime": {
      "date": {
        "year": 2019,
        "month": 10,
        "day": 15
      },
      "time": {
        "hour": 9,
        "minute": 12,
        "second": 28,
        "nano": 0
      }
    },
    "citySender": "Рогань(Велика Рогань)",
    "cityRecipient": "Баштанка"
  },
  {
    "number": 59000454888183,
    "dateTime": {
      "date": {
        "year": 2019,
        "month": 10,
        "day": 15
      },
      "time": {
        "hour": 9,
        "minute": 13,
        "second": 37,
        "nano": 0
      }
    },
    "citySender": "Київ",
    "cityRecipient": "Дар\u0027ївка"
  },
  {
    "number": 59000454888184,
    "dateTime": {
      "date": {
        "year": 2019,
        "month": 10,
        "day": 15
      },
      "time": {
        "hour": 9,
        "minute": 12,
        "second": 56,
        "nano": 0
      }
    },
    "citySender": "Чернівці",
    "cityRecipient": "Миколаїв"
  },
  {
    "number": 59000454888185,
    "dateTime": {
      "date": {
        "year": 2019,
        "month": 10,
        "day": 15
      },
      "time": {
        "hour": 9,
        "minute": 13,
        "second": 45,
        "nano": 0
      }
    },
    "citySender": "Павлоград",
    "cityRecipient": "Львів"
  },
  {
    "number": 59000454888186,
    "dateTime": {
      "date": {
        "year": 2019,
        "month": 10,
        "day": 15
      },
      "time": {
        "hour": 9,
        "minute": 13,
        "second": 46,
        "nano": 0
      }
    },
    "citySender": "Гніздичів",
    "cityRecipient": "Бровари"
  },
  {
    "number": 59000454888187,
    "dateTime": {
      "date": {
        "year": 2019,
        "month": 10,
        "day": 15
      },
      "time": {
        "hour": 9,
        "minute": 13,
        "second": 8,
        "nano": 0
      }
    },
    "citySender": "Нікополь (Дніпропетровська обл.)",
    "cityRecipient": "Дніпро"
  },
  {
    "number": 59000454888188,
    "dateTime": {
      "date": {
        "year": 2019,
        "month": 10,
        "day": 15
      },
      "time": {
        "hour": 9,
        "minute": 13,
        "second": 46,
        "nano": 0
      }
    },
    "citySender": "Тернопіль",
    "cityRecipient": "Полтава"
  },
  {
    "number": 59000454888190,
    "dateTime": {
      "date": {
        "year": 2019,
        "month": 10,
        "day": 15
      },
      "time": {
        "hour": 9,
        "minute": 12,
        "second": 45,
        "nano": 0
      }
    },
    "citySender": "Шостка",
    "cityRecipient": "Торецьк"
  },
  {
    "number": 59000454888191,
    "dateTime": {
      "date": {
        "year": 2019,
        "month": 10,
        "day": 15
      },
      "time": {
        "hour": 9,
        "minute": 13,
        "second": 26,
        "nano": 0
      }
    },
    "citySender": "Черкаси",
    "cityRecipient": "Чугуїв"
  },
  {
    "number": 59000454888192,
    "dateTime": {
      "date": {
        "year": 2019,
        "month": 10,
        "day": 15
      },
      "time": {
        "hour": 9,
        "minute": 13,
        "second": 41,
        "nano": 0
      }
    },
    "citySender": "Люботин",
    "cityRecipient": "Харків"
  },
  {
    "number": 59000454888193,
    "dateTime": {
      "date": {
        "year": 2019,
        "month": 10,
        "day": 15
      },
      "time": {
        "hour": 9,
        "minute": 13,
        "second": 31,
        "nano": 0
      }
    },
    "citySender": "Харків",
    "cityRecipient": "Чернігів"
  },
  {
    "number": 59000454888194,
    "dateTime": {
      "date": {
        "year": 2019,
        "month": 10,
        "day": 15
      },
      "time": {
        "hour": 9,
        "minute": 13,
        "second": 47,
        "nano": 0
      }
    },
    "citySender": "Бердянськ",
    "cityRecipient": "Київ"
  },
  {
    "number": 59000454888196,
    "dateTime": {
      "date": {
        "year": 2019,
        "month": 10,
        "day": 15
      },
      "time": {
        "hour": 9,
        "minute": 13,
        "second": 17,
        "nano": 0
      }
    },
    "citySender": "Камінь-Каширський",
    "cityRecipient": "Київ"
  },
  {
    "number": 59000454888197,
    "dateTime": {
      "date": {
        "year": 2019,
        "month": 10,
        "day": 15
      },
      "time": {
        "hour": 9,
        "minute": 13,
        "second": 30,
        "nano": 0
      }
    },
    "citySender": "Чернівці",
    "cityRecipient": "Королево"
  },
  {
    "number": 59000454888198,
    "dateTime": {
      "date": {
        "year": 2019,
        "month": 10,
        "day": 15
      },
      "time": {
        "hour": 9,
        "minute": 13,
        "second": 47,
        "nano": 0
      }
    },
    "citySender": "Вугледар",
    "cityRecipient": "Київ"
  },
  {
    "number": 59000454888199,
    "dateTime": {
      "date": {
        "year": 2019,
        "month": 10,
        "day": 15
      },
      "time": {
        "hour": 9,
        "minute": 13,
        "second": 48,
        "nano": 0
      }
    },
    "citySender": "Київ",
    "cityRecipient": "Бровари"
  },
  {
    "number": 59000454888200,
    "dateTime": {
      "date": {
        "year": 2019,
        "month": 10,
        "day": 15
      },
      "time": {
        "hour": 9,
        "minute": 13,
        "second": 38,
        "nano": 0
      }
    },
    "citySender": "Рівне",
    "cityRecipient": "Київ"
  },
  {
    "number": 59000454888202,
    "dateTime": {
      "date": {
        "year": 2019,
        "month": 10,
        "day": 15
      },
      "time": {
        "hour": 9,
        "minute": 13,
        "second": 26,
        "nano": 0
      }
    },
    "citySender": "Черкаська Лозова",
    "cityRecipient": "Львів"
  },
  {
    "number": 59000454888203,
    "dateTime": {
      "date": {
        "year": 2019,
        "month": 10,
        "day": 15
      },
      "time": {
        "hour": 9,
        "minute": 13,
        "second": 47,
        "nano": 0
      }
    },
    "citySender": "Іршава",
    "cityRecipient": "Рава-Руська"
  },
  {
    "number": 59000454888204,
    "dateTime": {
      "date": {
        "year": 2019,
        "month": 10,
        "day": 15
      },
      "time": {
        "hour": 9,
        "minute": 13,
        "second": 48,
        "nano": 0
      }
    },
    "citySender": "Куп\u0027янськ",
    "cityRecipient": "Одеса"
  },
  {
    "number": 59000454888205,
    "dateTime": {
      "date": {
        "year": 2019,
        "month": 10,
        "day": 15
      },
      "time": {
        "hour": 9,
        "minute": 13,
        "second": 48,
        "nano": 0
      }
    },
    "citySender": "Борова (Київська обл.)",
    "cityRecipient": "Горішні Плавні"
  },
  {
    "number": 59000454888206,
    "dateTime": {
      "date": {
        "year": 2019,
        "month": 10,
        "day": 15
      },
      "time": {
        "hour": 9,
        "minute": 13,
        "second": 39,
        "nano": 0
      }
    },
    "citySender": "Кривий Ріг",
    "cityRecipient": "Дубове"
  },
  {
    "number": 59000454888207,
    "dateTime": {
      "date": {
        "year": 2019,
        "month": 10,
        "day": 15
      },
      "time": {
        "hour": 9,
        "minute": 13,
        "second": 38,
        "nano": 0
      }
    },
    "citySender": "Благовіщенка (Кам\u0027янсько-Дніпровський р-н)",
    "cityRecipient": "Новомосковськ"
  },
  {
    "number": 59000454888208,
    "dateTime": {
      "date": {
        "year": 2019,
        "month": 10,
        "day": 15
      },
      "time": {
        "hour": 9,
        "minute": 13,
        "second": 31,
        "nano": 0
      }
    },
    "citySender": "Хорошів",
    "cityRecipient": "Одеса"
  },
  {
    "number": 59000454888209,
    "dateTime": {
      "date": {
        "year": 2019,
        "month": 10,
        "day": 15
      },
      "time": {
        "hour": 9,
        "minute": 13,
        "second": 21,
        "nano": 0
      }
    },
    "citySender": "Білгород-Дністровський",
    "cityRecipient": "Харків"
  },
  {
    "number": 59000454888210,
    "dateTime": {
      "date": {
        "year": 2019,
        "month": 10,
        "day": 15
      },
      "time": {
        "hour": 9,
        "minute": 13,
        "second": 40,
        "nano": 0
      }
    },
    "citySender": "Первомайськ(Микол.обл.Первомайс.р-н)",
    "cityRecipient": "Одеса"
  },
  {
    "number": 59000454888211,
    "dateTime": {
      "date": {
        "year": 2019,
        "month": 10,
        "day": 15
      },
      "time": {
        "hour": 9,
        "minute": 12,
        "second": 47,
        "nano": 0
      }
    },
    "citySender": "Авіаторське",
    "cityRecipient": "Підгородне (Дніпропетровська обл.)"
  },
  {
    "number": 59000454888212,
    "dateTime": {
      "date": {
        "year": 2019,
        "month": 10,
        "day": 15
      },
      "time": {
        "hour": 9,
        "minute": 10,
        "second": 51,
        "nano": 0
      }
    },
    "citySender": "Київ",
    "cityRecipient": "Новомосковськ"
  },
  {
    "number": 59000454888213,
    "dateTime": {
      "date": {
        "year": 2019,
        "month": 10,
        "day": 15
      },
      "time": {
        "hour": 9,
        "minute": 13,
        "second": 50,
        "nano": 0
      }
    },
    "citySender": "Вінниця",
    "cityRecipient": "Вінниця"
  },
  {
    "number": 59000454888214,
    "dateTime": {
      "date": {
        "year": 2019,
        "month": 10,
        "day": 15
      },
      "time": {
        "hour": 9,
        "minute": 10,
        "second": 36,
        "nano": 0
      }
    },
    "citySender": "Миколаїв",
    "cityRecipient": "Херсон"
  },
  {
    "number": 59000454888215,
    "dateTime": {
      "date": {
        "year": 2019,
        "month": 10,
        "day": 15
      },
      "time": {
        "hour": 9,
        "minute": 13,
        "second": 13,
        "nano": 0
      }
    },
    "citySender": "Одеса",
    "cityRecipient": "Київ"
  },
  {
    "number": 59000454888216,
    "dateTime": {
      "date": {
        "year": 2019,
        "month": 10,
        "day": 15
      },
      "time": {
        "hour": 9,
        "minute": 13,
        "second": 48,
        "nano": 0
      }
    },
    "citySender": "Авангард",
    "cityRecipient": "Київ"
  },
  {
    "number": 59000454888217,
    "dateTime": {
      "date": {
        "year": 2019,
        "month": 10,
        "day": 15
      },
      "time": {
        "hour": 9,
        "minute": 13,
        "second": 48,
        "nano": 0
      }
    },
    "citySender": "Харків",
    "cityRecipient": "Куп\u0027янськ"
  },
  {
    "number": 59000454888218,
    "dateTime": {
      "date": {
        "year": 2019,
        "month": 10,
        "day": 15
      },
      "time": {
        "hour": 9,
        "minute": 13,
        "second": 42,
        "nano": 0
      }
    },
    "citySender": "Борівське(Луганська обл.)",
    "cityRecipient": "Харків"
  },
  {
    "number": 59000454888219,
    "dateTime": {
      "date": {
        "year": 2019,
        "month": 10,
        "day": 15
      },
      "time": {
        "hour": 9,
        "minute": 12,
        "second": 56,
        "nano": 0
      }
    },
    "citySender": "Моршин",
    "cityRecipient": "Станиця Луганська"
  },
  {
    "number": 59000454888220,
    "dateTime": {
      "date": {
        "year": 2019,
        "month": 10,
        "day": 15
      },
      "time": {
        "hour": 9,
        "minute": 13,
        "second": 18,
        "nano": 0
      }
    },
    "citySender": "Київ",
    "cityRecipient": "Львів"
  },
  {
    "number": 59000454888221,
    "dateTime": {
      "date": {
        "year": 2019,
        "month": 10,
        "day": 15
      },
      "time": {
        "hour": 9,
        "minute": 13,
        "second": 21,
        "nano": 0
      }
    },
    "citySender": "Нова Водолага",
    "cityRecipient": "Станиця Луганська"
  },
  {
    "number": 59000454888222,
    "dateTime": {
      "date": {
        "year": 2019,
        "month": 10,
        "day": 15
      },
      "time": {
        "hour": 9,
        "minute": 12,
        "second": 40,
        "nano": 0
      }
    },
    "citySender": "Миколаїв",
    "cityRecipient": "Одеса"
  },
  {
    "number": 59000454888223,
    "dateTime": {
      "date": {
        "year": 2019,
        "month": 10,
        "day": 15
      },
      "time": {
        "hour": 9,
        "minute": 13,
        "second": 35,
        "nano": 0
      }
    },
    "citySender": "Печеніжин",
    "cityRecipient": "Харків"
  },
  {
    "number": 59000454888224,
    "dateTime": {
      "date": {
        "year": 2019,
        "month": 10,
        "day": 15
      },
      "time": {
        "hour": 9,
        "minute": 13,
        "second": 51,
        "nano": 0
      }
    },
    "citySender": "Новоселиця",
    "cityRecipient": "Старі Бабани"
  },
  {
    "number": 59000454888225,
    "dateTime": {
      "date": {
        "year": 2019,
        "month": 10,
        "day": 15
      },
      "time": {
        "hour": 9,
        "minute": 13,
        "second": 49,
        "nano": 0
      }
    },
    "citySender": "Теофіполь",
    "cityRecipient": "Херсон"
  },
  {
    "number": 59000454888226,
    "dateTime": {
      "date": {
        "year": 2019,
        "month": 10,
        "day": 15
      },
      "time": {
        "hour": 9,
        "minute": 13,
        "second": 25,
        "nano": 0
      }
    },
    "citySender": "Хмельницький",
    "cityRecipient": "Харків"
  },
  {
    "number": 59000454888227,
    "dateTime": {
      "date": {
        "year": 2019,
        "month": 10,
        "day": 15
      },
      "time": {
        "hour": 9,
        "minute": 13,
        "second": 51,
        "nano": 0
      }
    },
    "citySender": "Дубровиця (Рівненська обл.)",
    "cityRecipient": "Ржищів"
  },
  {
    "number": 59000454888228,
    "dateTime": {
      "date": {
        "year": 2019,
        "month": 10,
        "day": 15
      },
      "time": {
        "hour": 9,
        "minute": 13,
        "second": 50,
        "nano": 0
      }
    },
    "citySender": "Боярка",
    "cityRecipient": "Київ"
  },
  {
    "number": 59000454888229,
    "dateTime": {
      "date": {
        "year": 2019,
        "month": 10,
        "day": 15
      },
      "time": {
        "hour": 9,
        "minute": 13,
        "second": 44,
        "nano": 0
      }
    },
    "citySender": "Нововоронцовка",
    "cityRecipient": "Южноукраїнськ"
  },
  {
    "number": 59000454888230,
    "dateTime": {
      "date": {
        "year": 2019,
        "month": 10,
        "day": 15
      },
      "time": {
        "hour": 9,
        "minute": 12,
        "second": 3,
        "nano": 0
      }
    },
    "citySender": "Марганець",
    "cityRecipient": "Харків"
  },
  {
    "number": 59000454888231,
    "dateTime": {
      "date": {
        "year": 2019,
        "month": 10,
        "day": 15
      },
      "time": {
        "hour": 9,
        "minute": 13,
        "second": 24,
        "nano": 0
      }
    },
    "citySender": "Одеса",
    "cityRecipient": "Київ"
  },
  {
    "number": 59000454888232,
    "dateTime": {
      "date": {
        "year": 2019,
        "month": 10,
        "day": 15
      },
      "time": {
        "hour": 9,
        "minute": 13,
        "second": 53,
        "nano": 0
      }
    },
    "citySender": "Вінниця",
    "cityRecipient": "Вінниця"
  },
  {
    "number": 59000454888234,
    "dateTime": {
      "date": {
        "year": 2019,
        "month": 10,
        "day": 15
      },
      "time": {
        "hour": 9,
        "minute": 13,
        "second": 34,
        "nano": 0
      }
    },
    "citySender": "Гайворон",
    "cityRecipient": "Київ"
  },
  {
    "number": 59000454888235,
    "dateTime": {
      "date": {
        "year": 2019,
        "month": 10,
        "day": 15
      },
      "time": {
        "hour": 9,
        "minute": 13,
        "second": 53,
        "nano": 0
      }
    },
    "citySender": "Полтава",
    "cityRecipient": "Харків"
  },
  {
    "number": 59000454888236,
    "dateTime": {
      "date": {
        "year": 2019,
        "month": 10,
        "day": 15
      },
      "time": {
        "hour": 9,
        "minute": 13,
        "second": 53,
        "nano": 0
      }
    },
    "citySender": "Курахове",
    "cityRecipient": "Київ"
  },
  {
    "number": 59000454888237,
    "dateTime": {
      "date": {
        "year": 2019,
        "month": 10,
        "day": 15
      },
      "time": {
        "hour": 9,
        "minute": 13,
        "second": 50,
        "nano": 0
      }
    },
    "citySender": "Бровари",
    "cityRecipient": "Кривий Ріг"
  },
  {
    "number": 59000454888239,
    "dateTime": {
      "date": {
        "year": 2019,
        "month": 10,
        "day": 15
      },
      "time": {
        "hour": 9,
        "minute": 13,
        "second": 54,
        "nano": 0
      }
    },
    "citySender": "Полтава",
    "cityRecipient": "Суми"
  },
  {
    "number": 59000454888240,
    "dateTime": {
      "date": {
        "year": 2019,
        "month": 10,
        "day": 15
      },
      "time": {
        "hour": 9,
        "minute": 12,
        "second": 55,
        "nano": 0
      }
    },
    "citySender": "Київ",
    "cityRecipient": "Київ"
  },
  {
    "number": 59000454888241,
    "dateTime": {
      "date": {
        "year": 2019,
        "month": 10,
        "day": 15
      },
      "time": {
        "hour": 9,
        "minute": 12,
        "second": 24,
        "nano": 0
      }
    },
    "citySender": "Яреськи",
    "cityRecipient": "Одеса"
  },
  {
    "number": 59000454888242,
    "dateTime": {
      "date": {
        "year": 2019,
        "month": 10,
        "day": 15
      },
      "time": {
        "hour": 9,
        "minute": 13,
        "second": 24,
        "nano": 0
      }
    },
    "citySender": "Кринички",
    "cityRecipient": "Київ"
  },
  {
    "number": 59000454888243,
    "dateTime": {
      "date": {
        "year": 2019,
        "month": 10,
        "day": 15
      },
      "time": {
        "hour": 9,
        "minute": 13,
        "second": 18,
        "nano": 0
      }
    },
    "citySender": "Івано-Франківськ",
    "cityRecipient": "Більмак (Запорізька обл.)"
  }
]