[
  {
    "number": 59000454901037,
    "dateTime": {
      "date": {
        "year": 2019,
        "month": 10,
        "day": 15
      },
      "time": {
        "hour": 9,
        "minute": 47,
        "second": 13,
        "nano": 0
      }
    },
    "citySender": "Червоногригорівка",
    "cityRecipient": "Запоріжжя"
  },
  {
    "number": 59000454901038,
    "dateTime": {
      "date": {
        "year": 2019,
        "month": 10,
        "day": 15
      },
      "time": {
        "hour": 9,
        "minute": 46,
        "second": 31,
        "nano": 0
      }
    },
    "citySender": "Нововолинськ",
    "cityRecipient": "Ірпінь"
  },
  {
    "number": 59000454901039,
    "dateTime": {
      "date": {
        "year": 2019,
        "month": 10,
        "day": 15
      },
      "time": {
        "hour": 9,
        "minute": 47,
        "second": 3,
        "nano": 0
      }
    },
    "citySender": "Яготин",
    "cityRecipient": "Коломия"
  },
  {
    "number": 59000454901040,
    "dateTime": {
      "date": {
        "year": 2019,
        "month": 10,
        "day": 15
      },
      "time": {
        "hour": 9,
        "minute": 47,
        "second": 13,
        "nano": 0
      }
    },
    "citySender": "Кам\u0027янське(Дніпропетровська обл)",
    "cityRecipient": "Дніпро"
  },
  {
    "number": 59000454901041,
    "dateTime": {
      "date": {
        "year": 2019,
        "month": 10,
        "day": 15
      },
      "time": {
        "hour": 9,
        "minute": 46,
        "second": 43,
        "nano": 0
      }
    },
    "citySender": "Хмельницький",
    "cityRecipient": "Тернопіль"
  },
  {
    "number": 59000454901042,
    "dateTime": {
      "date": {
        "year": 2019,
        "month": 10,
        "day": 15
      },
      "time": {
        "hour": 9,
        "minute": 46,
        "second": 53,
        "nano": 0
      }
    },
    "citySender": "Київ",
    "cityRecipient": "Полтава"
  },
  {
    "number": 59000454901043,
    "dateTime": {
      "date": {
        "year": 2019,
        "month": 10,
        "day": 15
      },
      "time": {
        "hour": 9,
        "minute": 47,
        "second": 14,
        "nano": 0
      }
    },
    "citySender": "Кривий Ріг",
    "cityRecipient": "Березанка(Миколаївська обл.)"
  },
  {
    "number": 59000454901044,
    "dateTime": {
      "date": {
        "year": 2019,
        "month": 10,
        "day": 15
      },
      "time": {
        "hour": 9,
        "minute": 47,
        "second": 8,
        "nano": 0
      }
    },
    "citySender": "Харків",
    "cityRecipient": "Харків"
  },
  {
    "number": 59000454901045,
    "dateTime": {
      "date": {
        "year": 2019,
        "month": 10,
        "day": 15
      },
      "time": {
        "hour": 9,
        "minute": 47,
        "second": 5,
        "nano": 0
      }
    },
    "citySender": "Хирів",
    "cityRecipient": "Авангард"
  },
  {
    "number": 59000454901046,
    "dateTime": {
      "date": {
        "year": 2019,
        "month": 10,
        "day": 15
      },
      "time": {
        "hour": 9,
        "minute": 46,
        "second": 16,
        "nano": 0
      }
    },
    "citySender": "Авдіївка (Донецька обл.)",
    "cityRecipient": "Харків"
  },
  {
    "number": 59000454901047,
    "dateTime": {
      "date": {
        "year": 2019,
        "month": 10,
        "day": 15
      },
      "time": {
        "hour": 9,
        "minute": 47,
        "second": 4,
        "nano": 0
      }
    },
    "citySender": "Київ",
    "cityRecipient": "Гадяч"
  },
  {
    "number": 59000454901048,
    "dateTime": {
      "date": {
        "year": 2019,
        "month": 10,
        "day": 15
      },
      "time": {
        "hour": 9,
        "minute": 46,
        "second": 40,
        "nano": 0
      }
    },
    "citySender": "Чернівці",
    "cityRecipient": "Херсон"
  },
  {
    "number": 59000454901049,
    "dateTime": {
      "date": {
        "year": 2019,
        "month": 10,
        "day": 15
      },
      "time": {
        "hour": 9,
        "minute": 46,
        "second": 11,
        "nano": 0
      }
    },
    "citySender": "Кривий Ріг",
    "cityRecipient": "Миколаїв"
  },
  {
    "number": 59000454901050,
    "dateTime": {
      "date": {
        "year": 2019,
        "month": 10,
        "day": 15
      },
      "time": {
        "hour": 9,
        "minute": 46,
        "second": 42,
        "nano": 0
      }
    },
    "citySender": "Дворічна",
    "cityRecipient": "Харків"
  },
  {
    "number": 59000454901051,
    "dateTime": {
      "date": {
        "year": 2019,
        "month": 10,
        "day": 15
      },
      "time": {
        "hour": 9,
        "minute": 47,
        "second": 11,
        "nano": 0
      }
    },
    "citySender": "Війтівка",
    "cityRecipient": "Київ"
  },
  {
    "number": 59000454901052,
    "dateTime": {
      "date": {
        "year": 2019,
        "month": 10,
        "day": 15
      },
      "time": {
        "hour": 9,
        "minute": 47,
        "second": 5,
        "nano": 0
      }
    },
    "citySender": "Київ",
    "cityRecipient": "Кривий Ріг"
  },
  {
    "number": 59000454901053,
    "dateTime": {
      "date": {
        "year": 2019,
        "month": 10,
        "day": 15
      },
      "time": {
        "hour": 9,
        "minute": 46,
        "second": 41,
        "nano": 0
      }
    },
    "citySender": "Кременчук",
    "cityRecipient": "Запоріжжя"
  },
  {
    "number": 59000454901054,
    "dateTime": {
      "date": {
        "year": 2019,
        "month": 10,
        "day": 15
      },
      "time": {
        "hour": 9,
        "minute": 47,
        "second": 9,
        "nano": 0
      }
    },
    "citySender": "Дрогобич",
    "cityRecipient": "Харків"
  },
  {
    "number": 59000454901055,
    "dateTime": {
      "date": {
        "year": 2019,
        "month": 10,
        "day": 15
      },
      "time": {
        "hour": 9,
        "minute": 46,
        "second": 52,
        "nano": 0
      }
    },
    "citySender": "Сарни",
    "cityRecipient": "Житомир"
  },
  {
    "number": 59000454901056,
    "dateTime": {
      "date": {
        "year": 2019,
        "month": 10,
        "day": 15
      },
      "time": {
        "hour": 9,
        "minute": 46,
        "second": 35,
        "nano": 0
      }
    },
    "citySender": "Мала Данилівка",
    "cityRecipient": "Одеса"
  },
  {
    "number": 59000454901057,
    "dateTime": {
      "date": {
        "year": 2019,
        "month": 10,
        "day": 15
      },
      "time": {
        "hour": 9,
        "minute": 46,
        "second": 42,
        "nano": 0
      }
    },
    "citySender": "Харків",
    "cityRecipient": "Павлоград"
  },
  {
    "number": 59000454901058,
    "dateTime": {
      "date": {
        "year": 2019,
        "month": 10,
        "day": 15
      },
      "time": {
        "hour": 9,
        "minute": 46,
        "second": 57,
        "nano": 0
      }
    },
    "citySender": "Східниця",
    "cityRecipient": "Оржиця"
  },
  {
    "number": 59000454901059,
    "dateTime": {
      "date": {
        "year": 2019,
        "month": 10,
        "day": 15
      },
      "time": {
        "hour": 9,
        "minute": 46,
        "second": 58,
        "nano": 0
      }
    },
    "citySender": "Харків",
    "cityRecipient": "Калуш"
  },
  {
    "number": 59000454901060,
    "dateTime": {
      "date": {
        "year": 2019,
        "month": 10,
        "day": 15
      },
      "time": {
        "hour": 9,
        "minute": 46,
        "second": 33,
        "nano": 0
      }
    },
    "citySender": "Миколаїв",
    "cityRecipient": "Одеса"
  },
  {
    "number": 59000454901061,
    "dateTime": {
      "date": {
        "year": 2019,
        "month": 10,
        "day": 15
      },
      "time": {
        "hour": 9,
        "minute": 47,
        "second": 16,
        "nano": 0
      }
    },
    "citySender": "Чернівці",
    "cityRecipient": "Буча"
  },
  {
    "number": 59000454901062,
    "dateTime": {
      "date": {
        "year": 2019,
        "month": 10,
        "day": 15
      },
      "time": {
        "hour": 9,
        "minute": 47,
        "second": 16,
        "nano": 0
      }
    },
    "citySender": "Борислав (Львівська обл.)",
    "cityRecipient": "Тернопіль"
  },
  {
    "number": 59000454901063,
    "dateTime": {
      "date": {
        "year": 2019,
        "month": 10,
        "day": 15
      },
      "time": {
        "hour": 9,
        "minute": 46,
        "second": 49,
        "nano": 0
      }
    },
    "citySender": "Київ",
    "cityRecipient": "Середина-Буда"
  },
  {
    "number": 59000454901064,
    "dateTime": {
      "date": {
        "year": 2019,
        "month": 10,
        "day": 15
      },
      "time": {
        "hour": 9,
        "minute": 46,
        "second": 59,
        "nano": 0
      }
    },
    "citySender": "Мелітополь",
    "cityRecipient": "Харків"
  },
  {
    "number": 59000454901065,
    "dateTime": {
      "date": {
        "year": 2019,
        "month": 10,
        "day": 15
      },
      "time": {
        "hour": 9,
        "minute": 46,
        "second": 39,
        "nano": 0
      }
    },
    "citySender": "Березанка(Миколаївська обл.)",
    "cityRecipient": "Южне"
  },
  {
    "number": 59000454901067,
    "dateTime": {
      "date": {
        "year": 2019,
        "month": 10,
        "day": 15
      },
      "time": {
        "hour": 9,
        "minute": 46,
        "second": 45,
        "nano": 0
      }
    },
    "citySender": "Хмельницький",
    "cityRecipient": "Рівне"
  },
  {
    "number": 59000454901068,
    "dateTime": {
      "date": {
        "year": 2019,
        "month": 10,
        "day": 15
      },
      "time": {
        "hour": 9,
        "minute": 47,
        "second": 13,
        "nano": 0
      }
    },
    "citySender": "Запоріжжя",
    "cityRecipient": "Запоріжжя"
  },
  {
    "number": 59000454901069,
    "dateTime": {
      "date": {
        "year": 2019,
        "month": 10,
        "day": 15
      },
      "time": {
        "hour": 9,
        "minute": 47,
        "second": 8,
        "nano": 0
      }
    },
    "citySender": "Нетішин",
    "cityRecipient": "Київ"
  },
  {
    "number": 59000454901070,
    "dateTime": {
      "date": {
        "year": 2019,
        "month": 10,
        "day": 15
      },
      "time": {
        "hour": 9,
        "minute": 45,
        "second": 21,
        "nano": 0
      }
    },
    "citySender": "Глобине",
    "cityRecipient": "Полтава"
  },
  {
    "number": 59000454901071,
    "dateTime": {
      "date": {
        "year": 2019,
        "month": 10,
        "day": 15
      },
      "time": {
        "hour": 9,
        "minute": 47,
        "second": 17,
        "nano": 0
      }
    },
    "citySender": "Одеса",
    "cityRecipient": "Дніпро"
  },
  {
    "number": 59000454901072,
    "dateTime": {
      "date": {
        "year": 2019,
        "month": 10,
        "day": 15
      },
      "time": {
        "hour": 9,
        "minute": 47,
        "second": 19,
        "nano": 0
      }
    },
    "citySender": "Полтава",
    "cityRecipient": "Суми"
  },
  {
    "number": 59000454901073,
    "dateTime": {
      "date": {
        "year": 2019,
        "month": 10,
        "day": 15
      },
      "time": {
        "hour": 9,
        "minute": 46,
        "second": 51,
        "nano": 0
      }
    },
    "citySender": "Молодіжне",
    "cityRecipient": "Конотоп"
  },
  {
    "number": 59000454901074,
    "dateTime": {
      "date": {
        "year": 2019,
        "month": 10,
        "day": 15
      },
      "time": {
        "hour": 9,
        "minute": 46,
        "second": 26,
        "nano": 0
      }
    },
    "citySender": "Токмак",
    "cityRecipient": "Бахмут"
  },
  {
    "number": 59000454901075,
    "dateTime": {
      "date": {
        "year": 2019,
        "month": 10,
        "day": 15
      },
      "time": {
        "hour": 9,
        "minute": 46,
        "second": 30,
        "nano": 0
      }
    },
    "citySender": "Солонка (Львівська обл.)",
    "cityRecipient": "Суми"
  },
  {
    "number": 59000454901076,
    "dateTime": {
      "date": {
        "year": 2019,
        "month": 10,
        "day": 15
      },
      "time": {
        "hour": 9,
        "minute": 47,
        "second": 19,
        "nano": 0
      }
    },
    "citySender": "Слов\u0027янськ",
    "cityRecipient": "Київ"
  },
  {
    "number": 59000454901077,
    "dateTime": {
      "date": {
        "year": 2019,
        "month": 10,
        "day": 15
      },
      "time": {
        "hour": 9,
        "minute": 46,
        "second": 50,
        "nano": 0
      }
    },
    "citySender": "Шумськ",
    "cityRecipient": "Просяна (Покровський р-н)"
  },
  {
    "number": 59000454901078,
    "dateTime": {
      "date": {
        "year": 2019,
        "month": 10,
        "day": 15
      },
      "time": {
        "hour": 9,
        "minute": 47,
        "second": 17,
        "nano": 0
      }
    },
    "citySender": "Львів",
    "cityRecipient": "Великий Любінь"
  },
  {
    "number": 59000454901079,
    "dateTime": {
      "date": {
        "year": 2019,
        "month": 10,
        "day": 15
      },
      "time": {
        "hour": 9,
        "minute": 46,
        "second": 33,
        "nano": 0
      }
    },
    "citySender": "Ямпіль (Хмельницька обл.)",
    "cityRecipient": "Тернопіль"
  },
  {
    "number": 59000454901080,
    "dateTime": {
      "date": {
        "year": 2019,
        "month": 10,
        "day": 15
      },
      "time": {
        "hour": 9,
        "minute": 47,
        "second": 17,
        "nano": 0
      }
    },
    "citySender": "Київ",
    "cityRecipient": "Київ"
  },
  {
    "number": 59000454901081,
    "dateTime": {
      "date": {
        "year": 2019,
        "month": 10,
        "day": 15
      },
      "time": {
        "hour": 9,
        "minute": 47,
        "second": 3,
        "nano": 0
      }
    },
    "citySender": "Млинів",
    "cityRecipient": "Полиці"
  },
  {
    "number": 59000454901082,
    "dateTime": {
      "date": {
        "year": 2019,
        "month": 10,
        "day": 15
      },
      "time": {
        "hour": 9,
        "minute": 47,
        "second": 3,
        "nano": 0
      }
    },
    "citySender": "Фонтанка",
    "cityRecipient": "Київ"
  },
  {
    "number": 59000454901083,
    "dateTime": {
      "date": {
        "year": 2019,
        "month": 10,
        "day": 15
      },
      "time": {
        "hour": 9,
        "minute": 46,
        "second": 0,
        "nano": 0
      }
    },
    "citySender": "Ковалівка(Полтав.р-н,Полтав.обл.)",
    "cityRecipient": "Тернопіль"
  },
  {
    "number": 59000454901084,
    "dateTime": {
      "date": {
        "year": 2019,
        "month": 10,
        "day": 15
      },
      "time": {
        "hour": 9,
        "minute": 47,
        "second": 20,
        "nano": 0
      }
    },
    "citySender": "Кривий Ріг",
    "cityRecipient": "Кривий Ріг"
  },
  {
    "number": 59000454901085,
    "dateTime": {
      "date": {
        "year": 2019,
        "month": 10,
        "day": 15
      },
      "time": {
        "hour": 9,
        "minute": 47,
        "second": 12,
        "nano": 0
      }
    },
    "citySender": "Угринів (Тисменицький р-н., Івано-Франк. обл.)",
    "cityRecipient": "Київ"
  },
  {
    "number": 59000454901086,
    "dateTime": {
      "date": {
        "year": 2019,
        "month": 10,
        "day": 15
      },
      "time": {
        "hour": 9,
        "minute": 47,
        "second": 15,
        "nano": 0
      }
    },
    "citySender": "Пісочин",
    "cityRecipient": "Калуш"
  },
  {
    "number": 59000454901087,
    "dateTime": {
      "date": {
        "year": 2019,
        "month": 10,
        "day": 15
      },
      "time": {
        "hour": 9,
        "minute": 46,
        "second": 58,
        "nano": 0
      }
    },
    "citySender": "Волноваха",
    "cityRecipient": "Покровське (Мангушський р-н)"
  },
  {
    "number": 59000454901088,
    "dateTime": {
      "date": {
        "year": 2019,
        "month": 10,
        "day": 15
      },
      "time": {
        "hour": 9,
        "minute": 47,
        "second": 7,
        "nano": 0
      }
    },
    "citySender": "Одеса",
    "cityRecipient": "Суми"
  },
  {
    "number": 59000454901089,
    "dateTime": {
      "date": {
        "year": 2019,
        "month": 10,
        "day": 15
      },
      "time": {
        "hour": 9,
        "minute": 47,
        "second": 21,
        "nano": 0
      }
    },
    "citySender": "Вінниця",
    "cityRecipient": "Вінниця"
  },
  {
    "number": 59000454901090,
    "dateTime": {
      "date": {
        "year": 2019,
        "month": 10,
        "day": 15
      },
      "time": {
        "hour": 9,
        "minute": 47,
        "second": 13,
        "nano": 0
      }
    },
    "citySender": "Бердянськ",
    "cityRecipient": "Харків"
  },
  {
    "number": 59000454901091,
    "dateTime": {
      "date": {
        "year": 2019,
        "month": 10,
        "day": 15
      },
      "time": {
        "hour": 9,
        "minute": 47,
        "second": 21,
        "nano": 0
      }
    },
    "citySender": "Охтирка",
    "cityRecipient": "Бровари"
  },
  {
    "number": 59000454901092,
    "dateTime": {
      "date": {
        "year": 2019,
        "month": 10,
        "day": 15
      },
      "time": {
        "hour": 9,
        "minute": 47,
        "second": 16,
        "nano": 0
      }
    },
    "citySender": "Верховина",
    "cityRecipient": "Київ"
  },
  {
    "number": 59000454901093,
    "dateTime": {
      "date": {
        "year": 2019,
        "month": 10,
        "day": 15
      },
      "time": {
        "hour": 9,
        "minute": 47,
        "second": 23,
        "nano": 0
      }
    },
    "citySender": "Сватове",
    "cityRecipient": "Київ"
  },
  {
    "number": 59000454901094,
    "dateTime": {
      "date": {
        "year": 2019,
        "month": 10,
        "day": 15
      },
      "time": {
        "hour": 9,
        "minute": 47,
        "second": 8,
        "nano": 0
      }
    },
    "citySender": "Перечин",
    "cityRecipient": "Київ"
  },
  {
    "number": 59000454901095,
    "dateTime": {
      "date": {
        "year": 2019,
        "month": 10,
        "day": 15
      },
      "time": {
        "hour": 9,
        "minute": 46,
        "second": 57,
        "nano": 0
      }
    },
    "citySender": "Одеса",
    "cityRecipient": "Узин"
  },
  {
    "number": 59000454901096,
    "dateTime": {
      "date": {
        "year": 2019,
        "month": 10,
        "day": 15
      },
      "time": {
        "hour": 9,
        "minute": 46,
        "second": 9,
        "nano": 0
      }
    },
    "citySender": "Бобровиця",
    "cityRecipient": "Харків"
  },
  {
    "number": 59000454901097,
    "dateTime": {
      "date": {
        "year": 2019,
        "month": 10,
        "day": 15
      },
      "time": {
        "hour": 9,
        "minute": 46,
        "second": 26,
        "nano": 0
      }
    },
    "citySender": "Івано-Франківськ",
    "cityRecipient": "Новоселівка (Березівський р-н)"
  },
  {
    "number": 59000454901098,
    "dateTime": {
      "date": {
        "year": 2019,
        "month": 10,
        "day": 15
      },
      "time": {
        "hour": 9,
        "minute": 47,
        "second": 19,
        "nano": 0
      }
    },
    "citySender": "Покровськ (Донецька обл.)",
    "cityRecipient": "Маріуполь"
  },
  {
    "number": 59000454901099,
    "dateTime": {
      "date": {
        "year": 2019,
        "month": 10,
        "day": 15
      },
      "time": {
        "hour": 9,
        "minute": 47,
        "second": 14,
        "nano": 0
      }
    },
    "citySender": "Заліщики",
    "cityRecipient": "Київ"
  },
  {
    "number": 59000454901100,
    "dateTime": {
      "date": {
        "year": 2019,
        "month": 10,
        "day": 15
      },
      "time": {
        "hour": 9,
        "minute": 47,
        "second": 19,
        "nano": 0
      }
    },
    "citySender": "Оноківці (ст. Доманинці)",
    "cityRecipient": "Чернівці"
  },
  {
    "number": 59000454901101,
    "dateTime": {
      "date": {
        "year": 2019,
        "month": 10,
        "day": 15
      },
      "time": {
        "hour": 9,
        "minute": 47,
        "second": 20,
        "nano": 0
      }
    },
    "citySender": "Кремінна",
    "cityRecipient": "Київ"
  },
  {
    "number": 59000454901102,
    "dateTime": {
      "date": {
        "year": 2019,
        "month": 10,
        "day": 15
      },
      "time": {
        "hour": 9,
        "minute": 47,
        "second": 24,
        "nano": 0
      }
    },
    "citySender": "Київ",
    "cityRecipient": "Київ"
  },
  {
    "number": 59000454901103,
    "dateTime": {
      "date": {
        "year": 2019,
        "month": 10,
        "day": 15
      },
      "time": {
        "hour": 9,
        "minute": 47,
        "second": 6,
        "nano": 0
      }
    },
    "citySender": "Очеретине (Ясинуватський р-н)",
    "cityRecipient": "Київ"
  },
  {
    "number": 59000454901104,
    "dateTime": {
      "date": {
        "year": 2019,
        "month": 10,
        "day": 15
      },
      "time": {
        "hour": 9,
        "minute": 47,
        "second": 25,
        "nano": 0
      }
    },
    "citySender": "Славутич",
    "cityRecipient": "Чернігів"
  },
  {
    "number": 59000454901105,
    "dateTime": {
      "date": {
        "year": 2019,
        "month": 10,
        "day": 15
      },
      "time": {
        "hour": 9,
        "minute": 47,
        "second": 23,
        "nano": 0
      }
    },
    "citySender": "Кам\u0027янське(Дніпропетровська обл)",
    "cityRecipient": "Запоріжжя"
  },
  {
    "number": 59000454901106,
    "dateTime": {
      "date": {
        "year": 2019,
        "month": 10,
        "day": 15
      },
      "time": {
        "hour": 9,
        "minute": 46,
        "second": 39,
        "nano": 0
      }
    },
    "citySender": "Київ",
    "cityRecipient": "Харків"
  },
  {
    "number": 59000454901107,
    "dateTime": {
      "date": {
        "year": 2019,
        "month": 10,
        "day": 15
      },
      "time": {
        "hour": 9,
        "minute": 46,
        "second": 24,
        "nano": 0
      }
    },
    "citySender": "Одеса",
    "cityRecipient": "Луцьк"
  },
  {
    "number": 59000454901108,
    "dateTime": {
      "date": {
        "year": 2019,
        "month": 10,
        "day": 15
      },
      "time": {
        "hour": 9,
        "minute": 47,
        "second": 0,
        "nano": 0
      }
    },
    "citySender": "Кременчук",
    "cityRecipient": "Київ"
  },
  {
    "number": 59000454901109,
    "dateTime": {
      "date": {
        "year": 2019,
        "month": 10,
        "day": 15
      },
      "time": {
        "hour": 9,
        "minute": 47,
        "second": 26,
        "nano": 0
      }
    },
    "citySender": "Запоріжжя",
    "cityRecipient": "Добропілля"
  },
  {
    "number": 59000454901110,
    "dateTime": {
      "date": {
        "year": 2019,
        "month": 10,
        "day": 15
      },
      "time": {
        "hour": 9,
        "minute": 46,
        "second": 52,
        "nano": 0
      }
    },
    "citySender": "Старобільськ",
    "cityRecipient": "Полтава"
  },
  {
    "number": 59000454901111,
    "dateTime": {
      "date": {
        "year": 2019,
        "month": 10,
        "day": 15
      },
      "time": {
        "hour": 9,
        "minute": 46,
        "second": 11,
        "nano": 0
      }
    },
    "citySender": "Коростишів",
    "cityRecipient": "Львів"
  },
  {
    "number": 59000454901112,
    "dateTime": {
      "date": {
        "year": 2019,
        "month": 10,
        "day": 15
      },
      "time": {
        "hour": 9,
        "minute": 47,
        "second": 27,
        "nano": 0
      }
    },
    "citySender": "Сокаль",
    "cityRecipient": "Бориспіль"
  },
  {
    "number": 59000454901113,
    "dateTime": {
      "date": {
        "year": 2019,
        "month": 10,
        "day": 15
      },
      "time": {
        "hour": 9,
        "minute": 47,
        "second": 27,
        "nano": 0
      }
    },
    "citySender": "Звенигородка",
    "cityRecipient": "Черкаси"
  },
  {
    "number": 59000454901114,
    "dateTime": {
      "date": {
        "year": 2019,
        "month": 10,
        "day": 15
      },
      "time": {
        "hour": 9,
        "minute": 46,
        "second": 37,
        "nano": 0
      }
    },
    "citySender": "Генічеськ",
    "cityRecipient": "Київ"
  },
  {
    "number": 59000454901116,
    "dateTime": {
      "date": {
        "year": 2019,
        "month": 10,
        "day": 15
      },
      "time": {
        "hour": 9,
        "minute": 42,
        "second": 13,
        "nano": 0
      }
    },
    "citySender": "Бахмач",
    "cityRecipient": "Вишневе"
  },
  {
    "number": 59000454901117,
    "dateTime": {
      "date": {
        "year": 2019,
        "month": 10,
        "day": 15
      },
      "time": {
        "hour": 9,
        "minute": 47,
        "second": 1,
        "nano": 0
      }
    },
    "citySender": "Краматорськ",
    "cityRecipient": "Київ"
  },
  {
    "number": 59000454901118,
    "dateTime": {
      "date": {
        "year": 2019,
        "month": 10,
        "day": 15
      },
      "time": {
        "hour": 9,
        "minute": 47,
        "second": 17,
        "nano": 0
      }
    },
    "citySender": "Дніпро",
    "cityRecipient": "Львів"
  },
  {
    "number": 59000454901119,
    "dateTime": {
      "date": {
        "year": 2019,
        "month": 10,
        "day": 15
      },
      "time": {
        "hour": 9,
        "minute": 47,
        "second": 23,
        "nano": 0
      }
    },
    "citySender": "Кропивницький",
    "cityRecipient": "Київ"
  },
  {
    "number": 59000454901120,
    "dateTime": {
      "date": {
        "year": 2019,
        "month": 10,
        "day": 15
      },
      "time": {
        "hour": 9,
        "minute": 47,
        "second": 22,
        "nano": 0
      }
    },
    "citySender": "Львів",
    "cityRecipient": "Полтава"
  },
  {
    "number": 59000454901121,
    "dateTime": {
      "date": {
        "year": 2019,
        "month": 10,
        "day": 15
      },
      "time": {
        "hour": 9,
        "minute": 46,
        "second": 57,
        "nano": 0
      }
    },
    "citySender": "Покров (Дніпропетровська обл.)",
    "cityRecipient": "Київ"
  },
  {
    "number": 59000454901122,
    "dateTime": {
      "date": {
        "year": 2019,
        "month": 10,
        "day": 15
      },
      "time": {
        "hour": 9,
        "minute": 47,
        "second": 9,
        "nano": 0
      }
    },
    "citySender": "Рівне",
    "cityRecipient": "Ківшовата"
  },
  {
    "number": 59000454901123,
    "dateTime": {
      "date": {
        "year": 2019,
        "month": 10,
        "day": 15
      },
      "time": {
        "hour": 9,
        "minute": 47,
        "second": 28,
        "nano": 0
      }
    },
    "citySender": "Київ",
    "cityRecipient": "Київ"
  },
  {
    "number": 59000454901124,
    "dateTime": {
      "date": {
        "year": 2019,
        "month": 10,
        "day": 15
      },
      "time": {
        "hour": 9,
        "minute": 47,
        "second": 11,
        "nano": 0
      }
    },
    "citySender": "Черкаси",
    "cityRecipient": "Вінниця"
  },
  {
    "number": 59000454901125,
    "dateTime": {
      "date": {
        "year": 2019,
        "month": 10,
        "day": 15
      },
      "time": {
        "hour": 9,
        "minute": 46,
        "second": 12,
        "nano": 0
      }
    },
    "citySender": "Івано-Франківськ",
    "cityRecipient": "Київ"
  },
  {
    "number": 59000454901126,
    "dateTime": {
      "date": {
        "year": 2019,
        "month": 10,
        "day": 15
      },
      "time": {
        "hour": 9,
        "minute": 46,
        "second": 37,
        "nano": 0
      }
    },
    "citySender": "Благовіщенське(Кіровоградська обл.)",
    "cityRecipient": "Кам\u0027янське(Дніпропетровська обл)"
  },
  {
    "number": 59000454901128,
    "dateTime": {
      "date": {
        "year": 2019,
        "month": 10,
        "day": 15
      },
      "time": {
        "hour": 9,
        "minute": 46,
        "second": 56,
        "nano": 0
      }
    },
    "citySender": "П\u0027ятихатки",
    "cityRecipient": "Кропивницький"
  },
  {
    "number": 59000454901129,
    "dateTime": {
      "date": {
        "year": 2019,
        "month": 10,
        "day": 15
      },
      "time": {
        "hour": 9,
        "minute": 46,
        "second": 50,
        "nano": 0
      }
    },
    "citySender": "Кременчук",
    "cityRecipient": "Одеса"
  },
  {
    "number": 59000454901131,
    "dateTime": {
      "date": {
        "year": 2019,
        "month": 10,
        "day": 15
      },
      "time": {
        "hour": 9,
        "minute": 45,
        "second": 39,
        "nano": 0
      }
    },
    "citySender": "Сатанів",
    "cityRecipient": "Львів"
  },
  {
    "number": 59000454901132,
    "dateTime": {
      "date": {
        "year": 2019,
        "month": 10,
        "day": 15
      },
      "time": {
        "hour": 9,
        "minute": 47,
        "second": 27,
        "nano": 0
      }
    },
    "citySender": "Херсон",
    "cityRecipient": "Херсон"
  },
  {
    "number": 59000454901133,
    "dateTime": {
      "date": {
        "year": 2019,
        "month": 10,
        "day": 15
      },
      "time": {
        "hour": 9,
        "minute": 47,
        "second": 2,
        "nano": 0
      }
    },
    "citySender": "Крюківщина",
    "cityRecipient": "Львів"
  },
  {
    "number": 59000454901134,
    "dateTime": {
      "date": {
        "year": 2019,
        "month": 10,
        "day": 15
      },
      "time": {
        "hour": 9,
        "minute": 47,
        "second": 14,
        "nano": 0
      }
    },
    "citySender": "Сокільники",
    "cityRecipient": "Світловодськ"
  },
  {
    "number": 59000454901135,
    "dateTime": {
      "date": {
        "year": 2019,
        "month": 10,
        "day": 15
      },
      "time": {
        "hour": 9,
        "minute": 47,
        "second": 15,
        "nano": 0
      }
    },
    "citySender": "Запоріжжя",
    "cityRecipient": "Гуляйполе"
  },
  {
    "number": 59000454901136,
    "dateTime": {
      "date": {
        "year": 2019,
        "month": 10,
        "day": 15
      },
      "time": {
        "hour": 9,
        "minute": 47,
        "second": 4,
        "nano": 0
      }
    },
    "citySender": "Чернівці",
    "cityRecipient": "Хмельницький"
  }
]