[
  {
    "number": 59000454907532,
    "dateTime": {
      "date": {
        "year": 2019,
        "month": 10,
        "day": 15
      },
      "time": {
        "hour": 10,
        "minute": 4,
        "second": 12,
        "nano": 0
      }
    },
    "citySender": "Одеса",
    "cityRecipient": "Одеса"
  },
  {
    "number": 59000454907533,
    "dateTime": {
      "date": {
        "year": 2019,
        "month": 10,
        "day": 15
      },
      "time": {
        "hour": 10,
        "minute": 4,
        "second": 24,
        "nano": 0
      }
    },
    "citySender": "Львів",
    "cityRecipient": "Дніпро"
  },
  {
    "number": 59000454907534,
    "dateTime": {
      "date": {
        "year": 2019,
        "month": 10,
        "day": 15
      },
      "time": {
        "hour": 10,
        "minute": 4,
        "second": 6,
        "nano": 0
      }
    },
    "citySender": "Херсон",
    "cityRecipient": "Київ"
  },
  {
    "number": 59000454907535,
    "dateTime": {
      "date": {
        "year": 2019,
        "month": 10,
        "day": 15
      },
      "time": {
        "hour": 10,
        "minute": 3,
        "second": 31,
        "nano": 0
      }
    },
    "citySender": "Ужгород",
    "cityRecipient": "Виноградів"
  },
  {
    "number": 59000454907536,
    "dateTime": {
      "date": {
        "year": 2019,
        "month": 10,
        "day": 15
      },
      "time": {
        "hour": 10,
        "minute": 4,
        "second": 11,
        "nano": 0
      }
    },
    "citySender": "Харків",
    "cityRecipient": "Київ"
  },
  {
    "number": 59000454907537,
    "dateTime": {
      "date": {
        "year": 2019,
        "month": 10,
        "day": 15
      },
      "time": {
        "hour": 10,
        "minute": 4,
        "second": 6,
        "nano": 0
      }
    },
    "citySender": "Люботин",
    "cityRecipient": "Київ"
  },
  {
    "number": 59000454907538,
    "dateTime": {
      "date": {
        "year": 2019,
        "month": 10,
        "day": 15
      },
      "time": {
        "hour": 10,
        "minute": 4,
        "second": 6,
        "nano": 0
      }
    },
    "citySender": "Хмельницький",
    "cityRecipient": "Ірпінь"
  },
  {
    "number": 59000454907539,
    "dateTime": {
      "date": {
        "year": 2019,
        "month": 10,
        "day": 15
      },
      "time": {
        "hour": 10,
        "minute": 4,
        "second": 13,
        "nano": 0
      }
    },
    "citySender": "Вараш",
    "cityRecipient": "Бровари"
  },
  {
    "number": 59000454907541,
    "dateTime": {
      "date": {
        "year": 2019,
        "month": 10,
        "day": 15
      },
      "time": {
        "hour": 10,
        "minute": 4,
        "second": 5,
        "nano": 0
      }
    },
    "citySender": "Київ",
    "cityRecipient": "Черкаси"
  },
  {
    "number": 59000454907542,
    "dateTime": {
      "date": {
        "year": 2019,
        "month": 10,
        "day": 15
      },
      "time": {
        "hour": 10,
        "minute": 4,
        "second": 14,
        "nano": 0
      }
    },
    "citySender": "Бровари",
    "cityRecipient": "Кам\u0027янське(Дніпропетровська обл)"
  },
  {
    "number": 59000454907543,
    "dateTime": {
      "date": {
        "year": 2019,
        "month": 10,
        "day": 15
      },
      "time": {
        "hour": 10,
        "minute": 4,
        "second": 3,
        "nano": 0
      }
    },
    "citySender": "Бровари",
    "cityRecipient": "Запоріжжя"
  },
  {
    "number": 59000454907544,
    "dateTime": {
      "date": {
        "year": 2019,
        "month": 10,
        "day": 15
      },
      "time": {
        "hour": 10,
        "minute": 4,
        "second": 22,
        "nano": 0
      }
    },
    "citySender": "Черкаси",
    "cityRecipient": "Київ"
  },
  {
    "number": 59000454907545,
    "dateTime": {
      "date": {
        "year": 2019,
        "month": 10,
        "day": 15
      },
      "time": {
        "hour": 10,
        "minute": 3,
        "second": 26,
        "nano": 0
      }
    },
    "citySender": "Івано-Франківськ",
    "cityRecipient": "Рівне"
  },
  {
    "number": 59000454907546,
    "dateTime": {
      "date": {
        "year": 2019,
        "month": 10,
        "day": 15
      },
      "time": {
        "hour": 10,
        "minute": 4,
        "second": 27,
        "nano": 0
      }
    },
    "citySender": "Черкаси",
    "cityRecipient": "Черкаси"
  },
  {
    "number": 59000454907547,
    "dateTime": {
      "date": {
        "year": 2019,
        "month": 10,
        "day": 15
      },
      "time": {
        "hour": 10,
        "minute": 4,
        "second": 14,
        "nano": 0
      }
    },
    "citySender": "Київ",
    "cityRecipient": "Полтава"
  },
  {
    "number": 59000454907548,
    "dateTime": {
      "date": {
        "year": 2019,
        "month": 10,
        "day": 15
      },
      "time": {
        "hour": 10,
        "minute": 4,
        "second": 27,
        "nano": 0
      }
    },
    "citySender": "Ужгород",
    "cityRecipient": "Київ"
  },
  {
    "number": 59000454907549,
    "dateTime": {
      "date": {
        "year": 2019,
        "month": 10,
        "day": 15
      },
      "time": {
        "hour": 10,
        "minute": 4,
        "second": 27,
        "nano": 0
      }
    },
    "citySender": "Конотоп",
    "cityRecipient": "Харків"
  },
  {
    "number": 59000454907550,
    "dateTime": {
      "date": {
        "year": 2019,
        "month": 10,
        "day": 15
      },
      "time": {
        "hour": 10,
        "minute": 4,
        "second": 26,
        "nano": 0
      }
    },
    "citySender": "Білозерське (Донецька обл.)",
    "cityRecipient": "Львів"
  },
  {
    "number": 59000454907551,
    "dateTime": {
      "date": {
        "year": 2019,
        "month": 10,
        "day": 15
      },
      "time": {
        "hour": 10,
        "minute": 4,
        "second": 18,
        "nano": 0
      }
    },
    "citySender": "Сєвєродонецьк",
    "cityRecipient": "Миколаїв"
  },
  {
    "number": 59000454907552,
    "dateTime": {
      "date": {
        "year": 2019,
        "month": 10,
        "day": 15
      },
      "time": {
        "hour": 10,
        "minute": 4,
        "second": 23,
        "nano": 0
      }
    },
    "citySender": "Дубровиця (Рівненська обл.)",
    "cityRecipient": "Київ"
  },
  {
    "number": 59000454907553,
    "dateTime": {
      "date": {
        "year": 2019,
        "month": 10,
        "day": 15
      },
      "time": {
        "hour": 10,
        "minute": 4,
        "second": 28,
        "nano": 0
      }
    },
    "citySender": "Конотоп",
    "cityRecipient": "Одеса"
  },
  {
    "number": 59000454907554,
    "dateTime": {
      "date": {
        "year": 2019,
        "month": 10,
        "day": 15
      },
      "time": {
        "hour": 10,
        "minute": 3,
        "second": 50,
        "nano": 0
      }
    },
    "citySender": "Делятин",
    "cityRecipient": "Костянтинівка (Донецька обл.)"
  },
  {
    "number": 59000454907555,
    "dateTime": {
      "date": {
        "year": 2019,
        "month": 10,
        "day": 15
      },
      "time": {
        "hour": 10,
        "minute": 1,
        "second": 34,
        "nano": 0
      }
    },
    "citySender": "Київ",
    "cityRecipient": "Новоолександрівка(Дніпропетровська обл.)"
  },
  {
    "number": 59000454907556,
    "dateTime": {
      "date": {
        "year": 2019,
        "month": 10,
        "day": 15
      },
      "time": {
        "hour": 10,
        "minute": 3,
        "second": 12,
        "nano": 0
      }
    },
    "citySender": "Рокитне (Київська обл., Рокитнянський р-н)",
    "cityRecipient": "Київ"
  },
  {
    "number": 59000454907557,
    "dateTime": {
      "date": {
        "year": 2019,
        "month": 10,
        "day": 15
      },
      "time": {
        "hour": 10,
        "minute": 4,
        "second": 6,
        "nano": 0
      }
    },
    "citySender": "Приморськ (Запорізька обл.)",
    "cityRecipient": "Київ"
  },
  {
    "number": 59000454907558,
    "dateTime": {
      "date": {
        "year": 2019,
        "month": 10,
        "day": 15
      },
      "time": {
        "hour": 10,
        "minute": 3,
        "second": 43,
        "nano": 0
      }
    },
    "citySender": "Павлоград",
    "cityRecipient": "Дніпро"
  },
  {
    "number": 59000454907559,
    "dateTime": {
      "date": {
        "year": 2019,
        "month": 10,
        "day": 15
      },
      "time": {
        "hour": 10,
        "minute": 3,
        "second": 56,
        "nano": 0
      }
    },
    "citySender": "Київ",
    "cityRecipient": "Каховка"
  },
  {
    "number": 59000454907560,
    "dateTime": {
      "date": {
        "year": 2019,
        "month": 10,
        "day": 15
      },
      "time": {
        "hour": 10,
        "minute": 3,
        "second": 39,
        "nano": 0
      }
    },
    "citySender": "Чигирин",
    "cityRecipient": "Вінниця"
  },
  {
    "number": 59000454907561,
    "dateTime": {
      "date": {
        "year": 2019,
        "month": 10,
        "day": 15
      },
      "time": {
        "hour": 10,
        "minute": 4,
        "second": 29,
        "nano": 0
      }
    },
    "citySender": "Кропивницький",
    "cityRecipient": "Кропивницький"
  },
  {
    "number": 59000454907562,
    "dateTime": {
      "date": {
        "year": 2019,
        "month": 10,
        "day": 15
      },
      "time": {
        "hour": 10,
        "minute": 4,
        "second": 29,
        "nano": 0
      }
    },
    "citySender": "Кременчук",
    "cityRecipient": "Київ"
  },
  {
    "number": 59000454907563,
    "dateTime": {
      "date": {
        "year": 2019,
        "month": 10,
        "day": 15
      },
      "time": {
        "hour": 10,
        "minute": 4,
        "second": 12,
        "nano": 0
      }
    },
    "citySender": "Кам\u0027янське(Дніпропетровська обл)",
    "cityRecipient": "Черкаси"
  },
  {
    "number": 59000454907564,
    "dateTime": {
      "date": {
        "year": 2019,
        "month": 10,
        "day": 15
      },
      "time": {
        "hour": 10,
        "minute": 3,
        "second": 53,
        "nano": 0
      }
    },
    "citySender": "Дніпрорудне",
    "cityRecipient": "Харків"
  },
  {
    "number": 59000454907565,
    "dateTime": {
      "date": {
        "year": 2019,
        "month": 10,
        "day": 15
      },
      "time": {
        "hour": 10,
        "minute": 1,
        "second": 39,
        "nano": 0
      }
    },
    "citySender": "Завалля (Кіровоград. обл)",
    "cityRecipient": "Білгород-Дністровський"
  },
  {
    "number": 59000454907566,
    "dateTime": {
      "date": {
        "year": 2019,
        "month": 10,
        "day": 15
      },
      "time": {
        "hour": 10,
        "minute": 4,
        "second": 18,
        "nano": 0
      }
    },
    "citySender": "Мостиська",
    "cityRecipient": "Самбір"
  },
  {
    "number": 59000454907567,
    "dateTime": {
      "date": {
        "year": 2019,
        "month": 10,
        "day": 15
      },
      "time": {
        "hour": 10,
        "minute": 4,
        "second": 10,
        "nano": 0
      }
    },
    "citySender": "Козятин (місто, Вінницька обл.)",
    "cityRecipient": "Турбів"
  },
  {
    "number": 59000454907568,
    "dateTime": {
      "date": {
        "year": 2019,
        "month": 10,
        "day": 15
      },
      "time": {
        "hour": 10,
        "minute": 4,
        "second": 30,
        "nano": 0
      }
    },
    "citySender": "Дніпро",
    "cityRecipient": "Київ"
  },
  {
    "number": 59000454907569,
    "dateTime": {
      "date": {
        "year": 2019,
        "month": 10,
        "day": 15
      },
      "time": {
        "hour": 10,
        "minute": 4,
        "second": 30,
        "nano": 0
      }
    },
    "citySender": "Острог",
    "cityRecipient": "Мелітополь"
  },
  {
    "number": 59000454907570,
    "dateTime": {
      "date": {
        "year": 2019,
        "month": 10,
        "day": 15
      },
      "time": {
        "hour": 10,
        "minute": 3,
        "second": 50,
        "nano": 0
      }
    },
    "citySender": "Дніпро",
    "cityRecipient": "Харків"
  },
  {
    "number": 59000454907571,
    "dateTime": {
      "date": {
        "year": 2019,
        "month": 10,
        "day": 15
      },
      "time": {
        "hour": 10,
        "minute": 4,
        "second": 13,
        "nano": 0
      }
    },
    "citySender": "Стецева",
    "cityRecipient": "Дніпро"
  },
  {
    "number": 59000454907572,
    "dateTime": {
      "date": {
        "year": 2019,
        "month": 10,
        "day": 15
      },
      "time": {
        "hour": 10,
        "minute": 3,
        "second": 53,
        "nano": 0
      }
    },
    "citySender": "Коростень",
    "cityRecipient": "Великодолинське"
  },
  {
    "number": 59000454907573,
    "dateTime": {
      "date": {
        "year": 2019,
        "month": 10,
        "day": 15
      },
      "time": {
        "hour": 10,
        "minute": 4,
        "second": 30,
        "nano": 0
      }
    },
    "citySender": "Сєвєродонецьк",
    "cityRecipient": "Київ"
  },
  {
    "number": 59000454907574,
    "dateTime": {
      "date": {
        "year": 2019,
        "month": 10,
        "day": 15
      },
      "time": {
        "hour": 10,
        "minute": 4,
        "second": 29,
        "nano": 0
      }
    },
    "citySender": "Вінниця",
    "cityRecipient": "Буча"
  },
  {
    "number": 59000454907575,
    "dateTime": {
      "date": {
        "year": 2019,
        "month": 10,
        "day": 15
      },
      "time": {
        "hour": 10,
        "minute": 4,
        "second": 20,
        "nano": 0
      }
    },
    "citySender": "Київ",
    "cityRecipient": "Дніпро"
  },
  {
    "number": 59000454907576,
    "dateTime": {
      "date": {
        "year": 2019,
        "month": 10,
        "day": 15
      },
      "time": {
        "hour": 10,
        "minute": 3,
        "second": 57,
        "nano": 0
      }
    },
    "citySender": "Суми",
    "cityRecipient": "Охтирка"
  },
  {
    "number": 59000454907577,
    "dateTime": {
      "date": {
        "year": 2019,
        "month": 10,
        "day": 15
      },
      "time": {
        "hour": 10,
        "minute": 4,
        "second": 24,
        "nano": 0
      }
    },
    "citySender": "Кривий Ріг",
    "cityRecipient": "Новотроїцьке (Донецька обл.)"
  },
  {
    "number": 59000454907578,
    "dateTime": {
      "date": {
        "year": 2019,
        "month": 10,
        "day": 15
      },
      "time": {
        "hour": 10,
        "minute": 4,
        "second": 7,
        "nano": 0
      }
    },
    "citySender": "Оріхів",
    "cityRecipient": "Дашів"
  },
  {
    "number": 59000454907579,
    "dateTime": {
      "date": {
        "year": 2019,
        "month": 10,
        "day": 15
      },
      "time": {
        "hour": 10,
        "minute": 4,
        "second": 23,
        "nano": 0
      }
    },
    "citySender": "Київ",
    "cityRecipient": "Львів"
  },
  {
    "number": 59000454907580,
    "dateTime": {
      "date": {
        "year": 2019,
        "month": 10,
        "day": 15
      },
      "time": {
        "hour": 10,
        "minute": 3,
        "second": 56,
        "nano": 0
      }
    },
    "citySender": "Великі Лучки",
    "cityRecipient": "Глобине"
  },
  {
    "number": 59000454907581,
    "dateTime": {
      "date": {
        "year": 2019,
        "month": 10,
        "day": 15
      },
      "time": {
        "hour": 10,
        "minute": 4,
        "second": 21,
        "nano": 0
      }
    },
    "citySender": "П\u0027ятихатки",
    "cityRecipient": "Дніпро"
  },
  {
    "number": 59000454907582,
    "dateTime": {
      "date": {
        "year": 2019,
        "month": 10,
        "day": 15
      },
      "time": {
        "hour": 10,
        "minute": 4,
        "second": 5,
        "nano": 0
      }
    },
    "citySender": "Вінниця",
    "cityRecipient": "Луцьк"
  },
  {
    "number": 59000454907583,
    "dateTime": {
      "date": {
        "year": 2019,
        "month": 10,
        "day": 15
      },
      "time": {
        "hour": 10,
        "minute": 3,
        "second": 40,
        "nano": 0
      }
    },
    "citySender": "Колки",
    "cityRecipient": "Київ"
  },
  {
    "number": 59000454907584,
    "dateTime": {
      "date": {
        "year": 2019,
        "month": 10,
        "day": 15
      },
      "time": {
        "hour": 10,
        "minute": 3,
        "second": 52,
        "nano": 0
      }
    },
    "citySender": "Новомосковськ",
    "cityRecipient": "Харків"
  },
  {
    "number": 59000454907585,
    "dateTime": {
      "date": {
        "year": 2019,
        "month": 10,
        "day": 15
      },
      "time": {
        "hour": 10,
        "minute": 3,
        "second": 42,
        "nano": 0
      }
    },
    "citySender": "Калинівка (Вінницька обл., Калинівський р-н)",
    "cityRecipient": "Одеса"
  },
  {
    "number": 59000454907586,
    "dateTime": {
      "date": {
        "year": 2019,
        "month": 10,
        "day": 15
      },
      "time": {
        "hour": 10,
        "minute": 4,
        "second": 9,
        "nano": 0
      }
    },
    "citySender": "Солоне",
    "cityRecipient": "Чернівці"
  },
  {
    "number": 59000454907587,
    "dateTime": {
      "date": {
        "year": 2019,
        "month": 10,
        "day": 15
      },
      "time": {
        "hour": 10,
        "minute": 3,
        "second": 7,
        "nano": 0
      }
    },
    "citySender": "Висока Піч",
    "cityRecipient": "Вінниця"
  },
  {
    "number": 59000454907589,
    "dateTime": {
      "date": {
        "year": 2019,
        "month": 10,
        "day": 15
      },
      "time": {
        "hour": 10,
        "minute": 4,
        "second": 15,
        "nano": 0
      }
    },
    "citySender": "Житомир",
    "cityRecipient": "Львів"
  },
  {
    "number": 59000454907590,
    "dateTime": {
      "date": {
        "year": 2019,
        "month": 10,
        "day": 15
      },
      "time": {
        "hour": 10,
        "minute": 4,
        "second": 21,
        "nano": 0
      }
    },
    "citySender": "Хмельницький",
    "cityRecipient": "Кагарлик"
  },
  {
    "number": 59000454907591,
    "dateTime": {
      "date": {
        "year": 2019,
        "month": 10,
        "day": 15
      },
      "time": {
        "hour": 10,
        "minute": 4,
        "second": 18,
        "nano": 0
      }
    },
    "citySender": "Ратне",
    "cityRecipient": "Сокиряни"
  },
  {
    "number": 59000454907592,
    "dateTime": {
      "date": {
        "year": 2019,
        "month": 10,
        "day": 15
      },
      "time": {
        "hour": 10,
        "minute": 4,
        "second": 31,
        "nano": 0
      }
    },
    "citySender": "Мізоч",
    "cityRecipient": "Київ"
  },
  {
    "number": 59000454907593,
    "dateTime": {
      "date": {
        "year": 2019,
        "month": 10,
        "day": 15
      },
      "time": {
        "hour": 10,
        "minute": 2,
        "second": 52,
        "nano": 0
      }
    },
    "citySender": "Розівка (Розівський р-н)",
    "cityRecipient": "Київ"
  },
  {
    "number": 59000454907595,
    "dateTime": {
      "date": {
        "year": 2019,
        "month": 10,
        "day": 15
      },
      "time": {
        "hour": 10,
        "minute": 4,
        "second": 11,
        "nano": 0
      }
    },
    "citySender": "Чернівці",
    "cityRecipient": "Мамаївці"
  },
  {
    "number": 59000454907596,
    "dateTime": {
      "date": {
        "year": 2019,
        "month": 10,
        "day": 15
      },
      "time": {
        "hour": 10,
        "minute": 4,
        "second": 28,
        "nano": 0
      }
    },
    "citySender": "Одеса",
    "cityRecipient": "Київ"
  },
  {
    "number": 59000454907597,
    "dateTime": {
      "date": {
        "year": 2019,
        "month": 10,
        "day": 15
      },
      "time": {
        "hour": 10,
        "minute": 4,
        "second": 34,
        "nano": 0
      }
    },
    "citySender": "Київ",
    "cityRecipient": "Вільногірськ"
  },
  {
    "number": 59000454907598,
    "dateTime": {
      "date": {
        "year": 2019,
        "month": 10,
        "day": 15
      },
      "time": {
        "hour": 10,
        "minute": 4,
        "second": 32,
        "nano": 0
      }
    },
    "citySender": "Північне",
    "cityRecipient": "Київ"
  },
  {
    "number": 59000454907599,
    "dateTime": {
      "date": {
        "year": 2019,
        "month": 10,
        "day": 15
      },
      "time": {
        "hour": 10,
        "minute": 4,
        "second": 4,
        "nano": 0
      }
    },
    "citySender": "Харків",
    "cityRecipient": "Гадяч"
  },
  {
    "number": 59000454907600,
    "dateTime": {
      "date": {
        "year": 2019,
        "month": 10,
        "day": 15
      },
      "time": {
        "hour": 10,
        "minute": 4,
        "second": 11,
        "nano": 0
      }
    },
    "citySender": "Зарванці",
    "cityRecipient": "Вінниця"
  },
  {
    "number": 59000454907601,
    "dateTime": {
      "date": {
        "year": 2019,
        "month": 10,
        "day": 15
      },
      "time": {
        "hour": 10,
        "minute": 4,
        "second": 34,
        "nano": 0
      }
    },
    "citySender": "Черкаси",
    "cityRecipient": "Черкаси"
  },
  {
    "number": 59000454907602,
    "dateTime": {
      "date": {
        "year": 2019,
        "month": 10,
        "day": 15
      },
      "time": {
        "hour": 10,
        "minute": 4,
        "second": 34,
        "nano": 0
      }
    },
    "citySender": "Київ",
    "cityRecipient": "Вінниця"
  },
  {
    "number": 59000454907603,
    "dateTime": {
      "date": {
        "year": 2019,
        "month": 10,
        "day": 15
      },
      "time": {
        "hour": 10,
        "minute": 4,
        "second": 6,
        "nano": 0
      }
    },
    "citySender": "Київ",
    "cityRecipient": "Одеса"
  },
  {
    "number": 59000454907604,
    "dateTime": {
      "date": {
        "year": 2019,
        "month": 10,
        "day": 15
      },
      "time": {
        "hour": 10,
        "minute": 4,
        "second": 21,
        "nano": 0
      }
    },
    "citySender": "Львів",
    "cityRecipient": "Борівське(Луганська обл.)"
  },
  {
    "number": 59000454907605,
    "dateTime": {
      "date": {
        "year": 2019,
        "month": 10,
        "day": 15
      },
      "time": {
        "hour": 10,
        "minute": 4,
        "second": 6,
        "nano": 0
      }
    },
    "citySender": "Романківці",
    "cityRecipient": "Миколаїв"
  },
  {
    "number": 59000454907606,
    "dateTime": {
      "date": {
        "year": 2019,
        "month": 10,
        "day": 15
      },
      "time": {
        "hour": 10,
        "minute": 4,
        "second": 21,
        "nano": 0
      }
    },
    "citySender": "Карлівка",
    "cityRecipient": "Тернопіль"
  },
  {
    "number": 59000454907607,
    "dateTime": {
      "date": {
        "year": 2019,
        "month": 10,
        "day": 15
      },
      "time": {
        "hour": 10,
        "minute": 2,
        "second": 43,
        "nano": 0
      }
    },
    "citySender": "Маріуполь",
    "cityRecipient": "Моршин"
  },
  {
    "number": 59000454907608,
    "dateTime": {
      "date": {
        "year": 2019,
        "month": 10,
        "day": 15
      },
      "time": {
        "hour": 10,
        "minute": 4,
        "second": 0,
        "nano": 0
      }
    },
    "citySender": "Маріуполь",
    "cityRecipient": "Рубіжне"
  },
  {
    "number": 59000454907609,
    "dateTime": {
      "date": {
        "year": 2019,
        "month": 10,
        "day": 15
      },
      "time": {
        "hour": 10,
        "minute": 4,
        "second": 34,
        "nano": 0
      }
    },
    "citySender": "Київ",
    "cityRecipient": "Тернопіль"
  },
  {
    "number": 59000454907610,
    "dateTime": {
      "date": {
        "year": 2019,
        "month": 10,
        "day": 15
      },
      "time": {
        "hour": 10,
        "minute": 3,
        "second": 39,
        "nano": 0
      }
    },
    "citySender": "Куликів",
    "cityRecipient": "Стоянів (Львівська обл.)"
  },
  {
    "number": 59000454907611,
    "dateTime": {
      "date": {
        "year": 2019,
        "month": 10,
        "day": 15
      },
      "time": {
        "hour": 10,
        "minute": 4,
        "second": 5,
        "nano": 0
      }
    },
    "citySender": "Хотин",
    "cityRecipient": "Київ"
  },
  {
    "number": 59000454907612,
    "dateTime": {
      "date": {
        "year": 2019,
        "month": 10,
        "day": 15
      },
      "time": {
        "hour": 10,
        "minute": 4,
        "second": 3,
        "nano": 0
      }
    },
    "citySender": "Мирноград",
    "cityRecipient": "Дніпро"
  },
  {
    "number": 59000454907613,
    "dateTime": {
      "date": {
        "year": 2019,
        "month": 10,
        "day": 15
      },
      "time": {
        "hour": 10,
        "minute": 4,
        "second": 34,
        "nano": 0
      }
    },
    "citySender": "Бердянськ",
    "cityRecipient": "Гримайлів"
  },
  {
    "number": 59000454907614,
    "dateTime": {
      "date": {
        "year": 2019,
        "month": 10,
        "day": 15
      },
      "time": {
        "hour": 10,
        "minute": 3,
        "second": 12,
        "nano": 0
      }
    },
    "citySender": "Шишаки",
    "cityRecipient": "Мангуш"
  },
  {
    "number": 59000454907615,
    "dateTime": {
      "date": {
        "year": 2019,
        "month": 10,
        "day": 15
      },
      "time": {
        "hour": 10,
        "minute": 4,
        "second": 35,
        "nano": 0
      }
    },
    "citySender": "Харків",
    "cityRecipient": "Запоріжжя"
  },
  {
    "number": 59000454907616,
    "dateTime": {
      "date": {
        "year": 2019,
        "month": 10,
        "day": 15
      },
      "time": {
        "hour": 10,
        "minute": 4,
        "second": 24,
        "nano": 0
      }
    },
    "citySender": "Київ",
    "cityRecipient": "Молодецьке"
  },
  {
    "number": 59000454907617,
    "dateTime": {
      "date": {
        "year": 2019,
        "month": 10,
        "day": 15
      },
      "time": {
        "hour": 10,
        "minute": 4,
        "second": 27,
        "nano": 0
      }
    },
    "citySender": "Кропивницький",
    "cityRecipient": "Одеса"
  },
  {
    "number": 59000454907618,
    "dateTime": {
      "date": {
        "year": 2019,
        "month": 10,
        "day": 15
      },
      "time": {
        "hour": 10,
        "minute": 4,
        "second": 35,
        "nano": 0
      }
    },
    "citySender": "Жовква",
    "cityRecipient": "Сєвєродонецьк"
  },
  {
    "number": 59000454907619,
    "dateTime": {
      "date": {
        "year": 2019,
        "month": 10,
        "day": 15
      },
      "time": {
        "hour": 10,
        "minute": 4,
        "second": 5,
        "nano": 0
      }
    },
    "citySender": "Балта",
    "cityRecipient": "Київ"
  },
  {
    "number": 59000454907620,
    "dateTime": {
      "date": {
        "year": 2019,
        "month": 10,
        "day": 15
      },
      "time": {
        "hour": 10,
        "minute": 3,
        "second": 19,
        "nano": 0
      }
    },
    "citySender": "Харків",
    "cityRecipient": "Дніпро"
  },
  {
    "number": 59000454907621,
    "dateTime": {
      "date": {
        "year": 2019,
        "month": 10,
        "day": 15
      },
      "time": {
        "hour": 10,
        "minute": 4,
        "second": 24,
        "nano": 0
      }
    },
    "citySender": "Волноваха",
    "cityRecipient": "Рені"
  },
  {
    "number": 59000454907622,
    "dateTime": {
      "date": {
        "year": 2019,
        "month": 10,
        "day": 15
      },
      "time": {
        "hour": 10,
        "minute": 3,
        "second": 11,
        "nano": 0
      }
    },
    "citySender": "Богородчани",
    "cityRecipient": "Калуш"
  },
  {
    "number": 59000454907623,
    "dateTime": {
      "date": {
        "year": 2019,
        "month": 10,
        "day": 15
      },
      "time": {
        "hour": 10,
        "minute": 4,
        "second": 32,
        "nano": 0
      }
    },
    "citySender": "Чуднів",
    "cityRecipient": "Київ"
  },
  {
    "number": 59000454907624,
    "dateTime": {
      "date": {
        "year": 2019,
        "month": 10,
        "day": 15
      },
      "time": {
        "hour": 10,
        "minute": 4,
        "second": 37,
        "nano": 0
      }
    },
    "citySender": "Балабине",
    "cityRecipient": "Київ"
  },
  {
    "number": 59000454907625,
    "dateTime": {
      "date": {
        "year": 2019,
        "month": 10,
        "day": 15
      },
      "time": {
        "hour": 10,
        "minute": 4,
        "second": 19,
        "nano": 0
      }
    },
    "citySender": "Харків",
    "cityRecipient": "Покровське (Покровський р-н Дніпропетровська обл.)"
  },
  {
    "number": 59000454907626,
    "dateTime": {
      "date": {
        "year": 2019,
        "month": 10,
        "day": 15
      },
      "time": {
        "hour": 10,
        "minute": 3,
        "second": 21,
        "nano": 0
      }
    },
    "citySender": "Новоград-Волинський",
    "cityRecipient": "Глухів (Сумська обл.)"
  },
  {
    "number": 59000454907627,
    "dateTime": {
      "date": {
        "year": 2019,
        "month": 10,
        "day": 15
      },
      "time": {
        "hour": 10,
        "minute": 4,
        "second": 31,
        "nano": 0
      }
    },
    "citySender": "Харків",
    "cityRecipient": "Стрижівка (Коростишівський р-н, Житомирська обл.)"
  },
  {
    "number": 59000454907628,
    "dateTime": {
      "date": {
        "year": 2019,
        "month": 10,
        "day": 15
      },
      "time": {
        "hour": 10,
        "minute": 3,
        "second": 39,
        "nano": 0
      }
    },
    "citySender": "Бишів (Київська обл.)",
    "cityRecipient": "Волочиськ"
  },
  {
    "number": 59000454907629,
    "dateTime": {
      "date": {
        "year": 2019,
        "month": 10,
        "day": 15
      },
      "time": {
        "hour": 10,
        "minute": 4,
        "second": 38,
        "nano": 0
      }
    },
    "citySender": "Миколаїв",
    "cityRecipient": "Київ"
  },
  {
    "number": 59000454907630,
    "dateTime": {
      "date": {
        "year": 2019,
        "month": 10,
        "day": 15
      },
      "time": {
        "hour": 10,
        "minute": 3,
        "second": 44,
        "nano": 0
      }
    },
    "citySender": "Гайворон",
    "cityRecipient": "Шевченкове (Київська обл.)"
  },
  {
    "number": 59000454907631,
    "dateTime": {
      "date": {
        "year": 2019,
        "month": 10,
        "day": 15
      },
      "time": {
        "hour": 10,
        "minute": 4,
        "second": 31,
        "nano": 0
      }
    },
    "citySender": "Полтава",
    "cityRecipient": "Одеса"
  }
]