[
  {
    "number": 59000454882745,
    "dateTime": {
      "date": {
        "year": 2019,
        "month": 10,
        "day": 15
      },
      "time": {
        "hour": 8,
        "minute": 59,
        "second": 43,
        "nano": 0
      }
    },
    "citySender": "Хмельницький",
    "cityRecipient": "Боярка"
  },
  {
    "number": 59000454882746,
    "dateTime": {
      "date": {
        "year": 2019,
        "month": 10,
        "day": 15
      },
      "time": {
        "hour": 8,
        "minute": 59,
        "second": 42,
        "nano": 0
      }
    },
    "citySender": "Харків",
    "cityRecipient": "Попільня"
  },
  {
    "number": 59000454882747,
    "dateTime": {
      "date": {
        "year": 2019,
        "month": 10,
        "day": 15
      },
      "time": {
        "hour": 8,
        "minute": 59,
        "second": 8,
        "nano": 0
      }
    },
    "citySender": "Миколаїв",
    "cityRecipient": "Ірпінь"
  },
  {
    "number": 59000454882748,
    "dateTime": {
      "date": {
        "year": 2019,
        "month": 10,
        "day": 15
      },
      "time": {
        "hour": 8,
        "minute": 59,
        "second": 34,
        "nano": 0
      }
    },
    "citySender": "Волочиськ",
    "cityRecipient": "Калуш"
  },
  {
    "number": 59000454882749,
    "dateTime": {
      "date": {
        "year": 2019,
        "month": 10,
        "day": 15
      },
      "time": {
        "hour": 8,
        "minute": 59,
        "second": 48,
        "nano": 0
      }
    },
    "citySender": "Херсон",
    "cityRecipient": "Дніпро"
  },
  {
    "number": 59000454882750,
    "dateTime": {
      "date": {
        "year": 2019,
        "month": 10,
        "day": 15
      },
      "time": {
        "hour": 8,
        "minute": 59,
        "second": 33,
        "nano": 0
      }
    },
    "citySender": "Полтава",
    "cityRecipient": "Харків"
  },
  {
    "number": 59000454882751,
    "dateTime": {
      "date": {
        "year": 2019,
        "month": 10,
        "day": 15
      },
      "time": {
        "hour": 8,
        "minute": 58,
        "second": 54,
        "nano": 0
      }
    },
    "citySender": "Богородчани",
    "cityRecipient": "Збараж"
  },
  {
    "number": 59000454882752,
    "dateTime": {
      "date": {
        "year": 2019,
        "month": 10,
        "day": 15
      },
      "time": {
        "hour": 8,
        "minute": 59,
        "second": 27,
        "nano": 0
      }
    },
    "citySender": "Хмельницький",
    "cityRecipient": "Івано-Франківськ"
  },
  {
    "number": 59000454882753,
    "dateTime": {
      "date": {
        "year": 2019,
        "month": 10,
        "day": 15
      },
      "time": {
        "hour": 8,
        "minute": 59,
        "second": 11,
        "nano": 0
      }
    },
    "citySender": "Ківшовата",
    "cityRecipient": "Мукачево"
  },
  {
    "number": 59000454882754,
    "dateTime": {
      "date": {
        "year": 2019,
        "month": 10,
        "day": 15
      },
      "time": {
        "hour": 8,
        "minute": 59,
        "second": 46,
        "nano": 0
      }
    },
    "citySender": "Рокитне (Рівненська обл., Рокитнівський р-н)",
    "cityRecipient": "Минай"
  },
  {
    "number": 59000454882756,
    "dateTime": {
      "date": {
        "year": 2019,
        "month": 10,
        "day": 15
      },
      "time": {
        "hour": 8,
        "minute": 59,
        "second": 30,
        "nano": 0
      }
    },
    "citySender": "Болград (Одеська обл.)",
    "cityRecipient": "Запоріжжя"
  },
  {
    "number": 59000454882757,
    "dateTime": {
      "date": {
        "year": 2019,
        "month": 10,
        "day": 15
      },
      "time": {
        "hour": 8,
        "minute": 59,
        "second": 49,
        "nano": 0
      }
    },
    "citySender": "Запоріжжя",
    "cityRecipient": "Трускавець"
  },
  {
    "number": 59000454882758,
    "dateTime": {
      "date": {
        "year": 2019,
        "month": 10,
        "day": 15
      },
      "time": {
        "hour": 8,
        "minute": 59,
        "second": 47,
        "nano": 0
      }
    },
    "citySender": "Малехів",
    "cityRecipient": "Одеса"
  },
  {
    "number": 59000454882759,
    "dateTime": {
      "date": {
        "year": 2019,
        "month": 10,
        "day": 15
      },
      "time": {
        "hour": 8,
        "minute": 59,
        "second": 40,
        "nano": 0
      }
    },
    "citySender": "Деражня",
    "cityRecipient": "Великі Ком\u0027яти"
  },
  {
    "number": 59000454882760,
    "dateTime": {
      "date": {
        "year": 2019,
        "month": 10,
        "day": 15
      },
      "time": {
        "hour": 8,
        "minute": 59,
        "second": 55,
        "nano": 0
      }
    },
    "citySender": "Запоріжжя",
    "cityRecipient": "Горішні Плавні"
  },
  {
    "number": 59000454882761,
    "dateTime": {
      "date": {
        "year": 2019,
        "month": 10,
        "day": 15
      },
      "time": {
        "hour": 8,
        "minute": 59,
        "second": 25,
        "nano": 0
      }
    },
    "citySender": "Заводське(Лохвицький р-н,Полтав. обл)",
    "cityRecipient": "Київ"
  },
  {
    "number": 59000454882762,
    "dateTime": {
      "date": {
        "year": 2019,
        "month": 10,
        "day": 15
      },
      "time": {
        "hour": 8,
        "minute": 59,
        "second": 49,
        "nano": 0
      }
    },
    "citySender": "Дніпро",
    "cityRecipient": "Дніпро"
  },
  {
    "number": 59000454882763,
    "dateTime": {
      "date": {
        "year": 2019,
        "month": 10,
        "day": 15
      },
      "time": {
        "hour": 8,
        "minute": 59,
        "second": 42,
        "nano": 0
      }
    },
    "citySender": "Андрушівка",
    "cityRecipient": "Золочів (Львівська обл.)"
  },
  {
    "number": 59000454882764,
    "dateTime": {
      "date": {
        "year": 2019,
        "month": 10,
        "day": 15
      },
      "time": {
        "hour": 8,
        "minute": 59,
        "second": 11,
        "nano": 0
      }
    },
    "citySender": "Мангуш",
    "cityRecipient": "Мала Данилівка"
  },
  {
    "number": 59000454882765,
    "dateTime": {
      "date": {
        "year": 2019,
        "month": 10,
        "day": 15
      },
      "time": {
        "hour": 8,
        "minute": 59,
        "second": 45,
        "nano": 0
      }
    },
    "citySender": "Ніжин",
    "cityRecipient": "Глухів (Сумська обл.)"
  },
  {
    "number": 59000454882766,
    "dateTime": {
      "date": {
        "year": 2019,
        "month": 10,
        "day": 15
      },
      "time": {
        "hour": 8,
        "minute": 58,
        "second": 44,
        "nano": 0
      }
    },
    "citySender": "Полтава",
    "cityRecipient": "Кременчук"
  },
  {
    "number": 59000454882767,
    "dateTime": {
      "date": {
        "year": 2019,
        "month": 10,
        "day": 15
      },
      "time": {
        "hour": 8,
        "minute": 59,
        "second": 18,
        "nano": 0
      }
    },
    "citySender": "Вільшана (Черкаська обл.)",
    "cityRecipient": "Кременчук"
  },
  {
    "number": 59000454882768,
    "dateTime": {
      "date": {
        "year": 2019,
        "month": 10,
        "day": 15
      },
      "time": {
        "hour": 8,
        "minute": 59,
        "second": 43,
        "nano": 0
      }
    },
    "citySender": "Київ",
    "cityRecipient": "Чернівці"
  },
  {
    "number": 59000454882769,
    "dateTime": {
      "date": {
        "year": 2019,
        "month": 10,
        "day": 15
      },
      "time": {
        "hour": 8,
        "minute": 59,
        "second": 15,
        "nano": 0
      }
    },
    "citySender": "Черкаси",
    "cityRecipient": "Миколаїв"
  },
  {
    "number": 59000454882770,
    "dateTime": {
      "date": {
        "year": 2019,
        "month": 10,
        "day": 15
      },
      "time": {
        "hour": 8,
        "minute": 59,
        "second": 45,
        "nano": 0
      }
    },
    "citySender": "Солоне",
    "cityRecipient": "Маріуполь"
  },
  {
    "number": 59000454882771,
    "dateTime": {
      "date": {
        "year": 2019,
        "month": 10,
        "day": 15
      },
      "time": {
        "hour": 8,
        "minute": 59,
        "second": 20,
        "nano": 0
      }
    },
    "citySender": "Пологи (Запорізька обл.)",
    "cityRecipient": "Ірпінь"
  },
  {
    "number": 59000454882772,
    "dateTime": {
      "date": {
        "year": 2019,
        "month": 10,
        "day": 15
      },
      "time": {
        "hour": 8,
        "minute": 59,
        "second": 50,
        "nano": 0
      }
    },
    "citySender": "Каховка",
    "cityRecipient": "Одеса"
  },
  {
    "number": 59000454882773,
    "dateTime": {
      "date": {
        "year": 2019,
        "month": 10,
        "day": 15
      },
      "time": {
        "hour": 8,
        "minute": 59,
        "second": 51,
        "nano": 0
      }
    },
    "citySender": "Дніпро",
    "cityRecipient": "Запоріжжя"
  },
  {
    "number": 59000454882774,
    "dateTime": {
      "date": {
        "year": 2019,
        "month": 10,
        "day": 15
      },
      "time": {
        "hour": 9,
        "minute": 0,
        "second": 0,
        "nano": 0
      }
    },
    "citySender": "Мала Данилівка",
    "cityRecipient": "Харків"
  },
  {
    "number": 59000454882775,
    "dateTime": {
      "date": {
        "year": 2019,
        "month": 10,
        "day": 15
      },
      "time": {
        "hour": 8,
        "minute": 58,
        "second": 9,
        "nano": 0
      }
    },
    "citySender": "Нижні Сірогози",
    "cityRecipient": "Дніпро"
  },
  {
    "number": 59000454882776,
    "dateTime": {
      "date": {
        "year": 2019,
        "month": 10,
        "day": 15
      },
      "time": {
        "hour": 9,
        "minute": 0,
        "second": 0,
        "nano": 0
      }
    },
    "citySender": "Київ",
    "cityRecipient": "Київ"
  },
  {
    "number": 59000454882777,
    "dateTime": {
      "date": {
        "year": 2019,
        "month": 10,
        "day": 15
      },
      "time": {
        "hour": 8,
        "minute": 59,
        "second": 32,
        "nano": 0
      }
    },
    "citySender": "Харків",
    "cityRecipient": "Новомиргород"
  },
  {
    "number": 59000454882778,
    "dateTime": {
      "date": {
        "year": 2019,
        "month": 10,
        "day": 15
      },
      "time": {
        "hour": 8,
        "minute": 59,
        "second": 58,
        "nano": 0
      }
    },
    "citySender": "Кривий Ріг",
    "cityRecipient": "Київ"
  },
  {
    "number": 59000454882779,
    "dateTime": {
      "date": {
        "year": 2019,
        "month": 10,
        "day": 15
      },
      "time": {
        "hour": 8,
        "minute": 59,
        "second": 48,
        "nano": 0
      }
    },
    "citySender": "Лозуватка(Криворізький р-н)",
    "cityRecipient": "Рогань(Велика Рогань)"
  },
  {
    "number": 59000454882782,
    "dateTime": {
      "date": {
        "year": 2019,
        "month": 10,
        "day": 15
      },
      "time": {
        "hour": 8,
        "minute": 59,
        "second": 34,
        "nano": 0
      }
    },
    "citySender": "Білопілля",
    "cityRecipient": "Покровськ (Донецька обл.)"
  },
  {
    "number": 59000454882783,
    "dateTime": {
      "date": {
        "year": 2019,
        "month": 10,
        "day": 15
      },
      "time": {
        "hour": 9,
        "minute": 0,
        "second": 0,
        "nano": 0
      }
    },
    "citySender": "Чорнобай",
    "cityRecipient": "Київ"
  },
  {
    "number": 59000454882784,
    "dateTime": {
      "date": {
        "year": 2019,
        "month": 10,
        "day": 15
      },
      "time": {
        "hour": 8,
        "minute": 59,
        "second": 44,
        "nano": 0
      }
    },
    "citySender": "Дніпро",
    "cityRecipient": "Павлоград"
  },
  {
    "number": 59000454882785,
    "dateTime": {
      "date": {
        "year": 2019,
        "month": 10,
        "day": 15
      },
      "time": {
        "hour": 8,
        "minute": 59,
        "second": 56,
        "nano": 0
      }
    },
    "citySender": "Ужгород",
    "cityRecipient": "Мукачево"
  },
  {
    "number": 59000454882786,
    "dateTime": {
      "date": {
        "year": 2019,
        "month": 10,
        "day": 15
      },
      "time": {
        "hour": 8,
        "minute": 59,
        "second": 41,
        "nano": 0
      }
    },
    "citySender": "Кременець",
    "cityRecipient": "Вінниця"
  },
  {
    "number": 59000454882787,
    "dateTime": {
      "date": {
        "year": 2019,
        "month": 10,
        "day": 15
      },
      "time": {
        "hour": 8,
        "minute": 59,
        "second": 55,
        "nano": 0
      }
    },
    "citySender": "Полтава",
    "cityRecipient": "Київ"
  },
  {
    "number": 59000454882788,
    "dateTime": {
      "date": {
        "year": 2019,
        "month": 10,
        "day": 15
      },
      "time": {
        "hour": 8,
        "minute": 59,
        "second": 15,
        "nano": 0
      }
    },
    "citySender": "Харків",
    "cityRecipient": "Асканія-Нова"
  },
  {
    "number": 59000454882789,
    "dateTime": {
      "date": {
        "year": 2019,
        "month": 10,
        "day": 15
      },
      "time": {
        "hour": 8,
        "minute": 59,
        "second": 30,
        "nano": 0
      }
    },
    "citySender": "Херсон",
    "cityRecipient": "Житомир"
  },
  {
    "number": 59000454882790,
    "dateTime": {
      "date": {
        "year": 2019,
        "month": 10,
        "day": 15
      },
      "time": {
        "hour": 8,
        "minute": 58,
        "second": 57,
        "nano": 0
      }
    },
    "citySender": "Теофіполь",
    "cityRecipient": "Київ"
  },
  {
    "number": 59000454882791,
    "dateTime": {
      "date": {
        "year": 2019,
        "month": 10,
        "day": 15
      },
      "time": {
        "hour": 9,
        "minute": 0,
        "second": 2,
        "nano": 0
      }
    },
    "citySender": "Мелітополь",
    "cityRecipient": "Київ"
  },
  {
    "number": 59000454882792,
    "dateTime": {
      "date": {
        "year": 2019,
        "month": 10,
        "day": 15
      },
      "time": {
        "hour": 8,
        "minute": 59,
        "second": 15,
        "nano": 0
      }
    },
    "citySender": "Ладижинка",
    "cityRecipient": "Одеса"
  },
  {
    "number": 59000454882794,
    "dateTime": {
      "date": {
        "year": 2019,
        "month": 10,
        "day": 15
      },
      "time": {
        "hour": 9,
        "minute": 0,
        "second": 4,
        "nano": 0
      }
    },
    "citySender": "Павлоград",
    "cityRecipient": "Львів"
  },
  {
    "number": 59000454882795,
    "dateTime": {
      "date": {
        "year": 2019,
        "month": 10,
        "day": 15
      },
      "time": {
        "hour": 8,
        "minute": 59,
        "second": 52,
        "nano": 0
      }
    },
    "citySender": "Нересниця (Тячівський р-н)",
    "cityRecipient": "Харків"
  },
  {
    "number": 59000454882796,
    "dateTime": {
      "date": {
        "year": 2019,
        "month": 10,
        "day": 15
      },
      "time": {
        "hour": 8,
        "minute": 59,
        "second": 16,
        "nano": 0
      }
    },
    "citySender": "Київ",
    "cityRecipient": "Чернігівка"
  },
  {
    "number": 59000454882797,
    "dateTime": {
      "date": {
        "year": 2019,
        "month": 10,
        "day": 15
      },
      "time": {
        "hour": 9,
        "minute": 0,
        "second": 5,
        "nano": 0
      }
    },
    "citySender": "Комишани",
    "cityRecipient": "Херсон"
  },
  {
    "number": 59000454882798,
    "dateTime": {
      "date": {
        "year": 2019,
        "month": 10,
        "day": 15
      },
      "time": {
        "hour": 8,
        "minute": 59,
        "second": 56,
        "nano": 0
      }
    },
    "citySender": "Черкаси",
    "cityRecipient": "Черкаси"
  },
  {
    "number": 59000454882799,
    "dateTime": {
      "date": {
        "year": 2019,
        "month": 10,
        "day": 15
      },
      "time": {
        "hour": 8,
        "minute": 59,
        "second": 28,
        "nano": 0
      }
    },
    "citySender": "Тернопіль",
    "cityRecipient": "Хмельницький"
  },
  {
    "number": 59000454882801,
    "dateTime": {
      "date": {
        "year": 2019,
        "month": 10,
        "day": 15
      },
      "time": {
        "hour": 8,
        "minute": 59,
        "second": 52,
        "nano": 0
      }
    },
    "citySender": "Корець",
    "cityRecipient": "Хмельницький"
  },
  {
    "number": 59000454882802,
    "dateTime": {
      "date": {
        "year": 2019,
        "month": 10,
        "day": 15
      },
      "time": {
        "hour": 8,
        "minute": 59,
        "second": 22,
        "nano": 0
      }
    },
    "citySender": "Косів",
    "cityRecipient": "Київ"
  },
  {
    "number": 59000454882803,
    "dateTime": {
      "date": {
        "year": 2019,
        "month": 10,
        "day": 15
      },
      "time": {
        "hour": 8,
        "minute": 59,
        "second": 41,
        "nano": 0
      }
    },
    "citySender": "Полтава",
    "cityRecipient": "Київ"
  },
  {
    "number": 59000454882804,
    "dateTime": {
      "date": {
        "year": 2019,
        "month": 10,
        "day": 15
      },
      "time": {
        "hour": 8,
        "minute": 59,
        "second": 21,
        "nano": 0
      }
    },
    "citySender": "Срібне",
    "cityRecipient": "Київ"
  },
  {
    "number": 59000454882805,
    "dateTime": {
      "date": {
        "year": 2019,
        "month": 10,
        "day": 15
      },
      "time": {
        "hour": 9,
        "minute": 0,
        "second": 2,
        "nano": 0
      }
    },
    "citySender": "Київ",
    "cityRecipient": "Новоселиця"
  },
  {
    "number": 59000454882806,
    "dateTime": {
      "date": {
        "year": 2019,
        "month": 10,
        "day": 15
      },
      "time": {
        "hour": 8,
        "minute": 59,
        "second": 23,
        "nano": 0
      }
    },
    "citySender": "Житомир",
    "cityRecipient": "Дніпро"
  },
  {
    "number": 59000454882807,
    "dateTime": {
      "date": {
        "year": 2019,
        "month": 10,
        "day": 15
      },
      "time": {
        "hour": 8,
        "minute": 59,
        "second": 58,
        "nano": 0
      }
    },
    "citySender": "Харків",
    "cityRecipient": "Кременчук"
  },
  {
    "number": 59000454882808,
    "dateTime": {
      "date": {
        "year": 2019,
        "month": 10,
        "day": 15
      },
      "time": {
        "hour": 8,
        "minute": 58,
        "second": 47,
        "nano": 0
      }
    },
    "citySender": "Київ",
    "cityRecipient": "Сартана (Донецька обл.)"
  },
  {
    "number": 59000454882809,
    "dateTime": {
      "date": {
        "year": 2019,
        "month": 10,
        "day": 15
      },
      "time": {
        "hour": 8,
        "minute": 59,
        "second": 55,
        "nano": 0
      }
    },
    "citySender": "Київ",
    "cityRecipient": "Білгород-Дністровський"
  },
  {
    "number": 59000454882810,
    "dateTime": {
      "date": {
        "year": 2019,
        "month": 10,
        "day": 15
      },
      "time": {
        "hour": 8,
        "minute": 59,
        "second": 44,
        "nano": 0
      }
    },
    "citySender": "Мелітополь",
    "cityRecipient": "Буштино"
  },
  {
    "number": 59000454882811,
    "dateTime": {
      "date": {
        "year": 2019,
        "month": 10,
        "day": 15
      },
      "time": {
        "hour": 8,
        "minute": 59,
        "second": 59,
        "nano": 0
      }
    },
    "citySender": "Харків",
    "cityRecipient": "Бахмут"
  },
  {
    "number": 59000454882812,
    "dateTime": {
      "date": {
        "year": 2019,
        "month": 10,
        "day": 15
      },
      "time": {
        "hour": 9,
        "minute": 0,
        "second": 7,
        "nano": 0
      }
    },
    "citySender": "Харків",
    "cityRecipient": "Київ"
  },
  {
    "number": 59000454882813,
    "dateTime": {
      "date": {
        "year": 2019,
        "month": 10,
        "day": 15
      },
      "time": {
        "hour": 9,
        "minute": 0,
        "second": 7,
        "nano": 0
      }
    },
    "citySender": "Київ",
    "cityRecipient": "Київ"
  },
  {
    "number": 59000454882814,
    "dateTime": {
      "date": {
        "year": 2019,
        "month": 10,
        "day": 15
      },
      "time": {
        "hour": 8,
        "minute": 59,
        "second": 4,
        "nano": 0
      }
    },
    "citySender": "Іваничі (Волинська обл.)",
    "cityRecipient": "Золочів (Львівська обл.)"
  },
  {
    "number": 59000454882815,
    "dateTime": {
      "date": {
        "year": 2019,
        "month": 10,
        "day": 15
      },
      "time": {
        "hour": 8,
        "minute": 59,
        "second": 32,
        "nano": 0
      }
    },
    "citySender": "Чернівці",
    "cityRecipient": "Львів"
  },
  {
    "number": 59000454882816,
    "dateTime": {
      "date": {
        "year": 2019,
        "month": 10,
        "day": 15
      },
      "time": {
        "hour": 8,
        "minute": 59,
        "second": 50,
        "nano": 0
      }
    },
    "citySender": "Ірпінь",
    "cityRecipient": "Солонка (Львівська обл.)"
  },
  {
    "number": 59000454882817,
    "dateTime": {
      "date": {
        "year": 2019,
        "month": 10,
        "day": 15
      },
      "time": {
        "hour": 9,
        "minute": 0,
        "second": 4,
        "nano": 0
      }
    },
    "citySender": "Вінниця",
    "cityRecipient": "Хмельницький"
  },
  {
    "number": 59000454882818,
    "dateTime": {
      "date": {
        "year": 2019,
        "month": 10,
        "day": 15
      },
      "time": {
        "hour": 9,
        "minute": 0,
        "second": 7,
        "nano": 0
      }
    },
    "citySender": "Покровськ (Донецька обл.)",
    "cityRecipient": "Краматорськ"
  },
  {
    "number": 59000454882819,
    "dateTime": {
      "date": {
        "year": 2019,
        "month": 10,
        "day": 15
      },
      "time": {
        "hour": 8,
        "minute": 59,
        "second": 51,
        "nano": 0
      }
    },
    "citySender": "Григорівка",
    "cityRecipient": "Вишгород"
  },
  {
    "number": 59000454882820,
    "dateTime": {
      "date": {
        "year": 2019,
        "month": 10,
        "day": 15
      },
      "time": {
        "hour": 8,
        "minute": 59,
        "second": 56,
        "nano": 0
      }
    },
    "citySender": "Слов\u0027янськ",
    "cityRecipient": "Щастя"
  },
  {
    "number": 59000454882821,
    "dateTime": {
      "date": {
        "year": 2019,
        "month": 10,
        "day": 15
      },
      "time": {
        "hour": 8,
        "minute": 59,
        "second": 55,
        "nano": 0
      }
    },
    "citySender": "Харків",
    "cityRecipient": "Київ"
  },
  {
    "number": 59000454882822,
    "dateTime": {
      "date": {
        "year": 2019,
        "month": 10,
        "day": 15
      },
      "time": {
        "hour": 8,
        "minute": 59,
        "second": 20,
        "nano": 0
      }
    },
    "citySender": "Вінниця",
    "cityRecipient": "Вінниця"
  },
  {
    "number": 59000454882823,
    "dateTime": {
      "date": {
        "year": 2019,
        "month": 10,
        "day": 15
      },
      "time": {
        "hour": 8,
        "minute": 59,
        "second": 41,
        "nano": 0
      }
    },
    "citySender": "Львів",
    "cityRecipient": "Київ"
  },
  {
    "number": 59000454882824,
    "dateTime": {
      "date": {
        "year": 2019,
        "month": 10,
        "day": 15
      },
      "time": {
        "hour": 8,
        "minute": 59,
        "second": 50,
        "nano": 0
      }
    },
    "citySender": "Дніпро",
    "cityRecipient": "Київ"
  },
  {
    "number": 59000454882825,
    "dateTime": {
      "date": {
        "year": 2019,
        "month": 10,
        "day": 15
      },
      "time": {
        "hour": 8,
        "minute": 59,
        "second": 33,
        "nano": 0
      }
    },
    "citySender": "Київ",
    "cityRecipient": "Рівне"
  },
  {
    "number": 59000454882826,
    "dateTime": {
      "date": {
        "year": 2019,
        "month": 10,
        "day": 15
      },
      "time": {
        "hour": 8,
        "minute": 59,
        "second": 22,
        "nano": 0
      }
    },
    "citySender": "Полтава",
    "cityRecipient": "Новоукраїнка"
  },
  {
    "number": 59000454882827,
    "dateTime": {
      "date": {
        "year": 2019,
        "month": 10,
        "day": 15
      },
      "time": {
        "hour": 8,
        "minute": 58,
        "second": 35,
        "nano": 0
      }
    },
    "citySender": "Суми",
    "cityRecipient": "Новоолександрівка(Дніпропетровська обл.)"
  },
  {
    "number": 59000454882828,
    "dateTime": {
      "date": {
        "year": 2019,
        "month": 10,
        "day": 15
      },
      "time": {
        "hour": 8,
        "minute": 59,
        "second": 24,
        "nano": 0
      }
    },
    "citySender": "Київ",
    "cityRecipient": "Бориспіль"
  },
  {
    "number": 59000454882829,
    "dateTime": {
      "date": {
        "year": 2019,
        "month": 10,
        "day": 15
      },
      "time": {
        "hour": 8,
        "minute": 58,
        "second": 34,
        "nano": 0
      }
    },
    "citySender": "Харків",
    "cityRecipient": "Дніпро"
  },
  {
    "number": 59000454882830,
    "dateTime": {
      "date": {
        "year": 2019,
        "month": 10,
        "day": 15
      },
      "time": {
        "hour": 9,
        "minute": 0,
        "second": 11,
        "nano": 0
      }
    },
    "citySender": "Городок (Хмельницька обл.)",
    "cityRecipient": "Івано-Франкове"
  },
  {
    "number": 59000454882831,
    "dateTime": {
      "date": {
        "year": 2019,
        "month": 10,
        "day": 15
      },
      "time": {
        "hour": 8,
        "minute": 59,
        "second": 36,
        "nano": 0
      }
    },
    "citySender": "Демидівка",
    "cityRecipient": "Чечельник"
  },
  {
    "number": 59000454882832,
    "dateTime": {
      "date": {
        "year": 2019,
        "month": 10,
        "day": 15
      },
      "time": {
        "hour": 9,
        "minute": 0,
        "second": 11,
        "nano": 0
      }
    },
    "citySender": "Середнє Водяне",
    "cityRecipient": "Київ"
  },
  {
    "number": 59000454882833,
    "dateTime": {
      "date": {
        "year": 2019,
        "month": 10,
        "day": 15
      },
      "time": {
        "hour": 8,
        "minute": 59,
        "second": 56,
        "nano": 0
      }
    },
    "citySender": "Сватове",
    "cityRecipient": "Харків"
  },
  {
    "number": 59000454882834,
    "dateTime": {
      "date": {
        "year": 2019,
        "month": 10,
        "day": 15
      },
      "time": {
        "hour": 8,
        "minute": 59,
        "second": 55,
        "nano": 0
      }
    },
    "citySender": "Тернопіль",
    "cityRecipient": "Київ"
  },
  {
    "number": 59000454882835,
    "dateTime": {
      "date": {
        "year": 2019,
        "month": 10,
        "day": 15
      },
      "time": {
        "hour": 8,
        "minute": 59,
        "second": 58,
        "nano": 0
      }
    },
    "citySender": "Одеса",
    "cityRecipient": "Одеса"
  },
  {
    "number": 59000454882838,
    "dateTime": {
      "date": {
        "year": 2019,
        "month": 10,
        "day": 15
      },
      "time": {
        "hour": 9,
        "minute": 0,
        "second": 13,
        "nano": 0
      }
    },
    "citySender": "Київ",
    "cityRecipient": "Київ"
  },
  {
    "number": 59000454882839,
    "dateTime": {
      "date": {
        "year": 2019,
        "month": 10,
        "day": 15
      },
      "time": {
        "hour": 9,
        "minute": 0,
        "second": 13,
        "nano": 0
      }
    },
    "citySender": "Березне",
    "cityRecipient": "Рівне"
  },
  {
    "number": 59000454882840,
    "dateTime": {
      "date": {
        "year": 2019,
        "month": 10,
        "day": 15
      },
      "time": {
        "hour": 8,
        "minute": 59,
        "second": 19,
        "nano": 0
      }
    },
    "citySender": "Підгайці (Підгаєцький р-н., Тернопільська обл.)",
    "cityRecipient": "Курахове"
  },
  {
    "number": 59000454882841,
    "dateTime": {
      "date": {
        "year": 2019,
        "month": 10,
        "day": 15
      },
      "time": {
        "hour": 9,
        "minute": 0,
        "second": 0,
        "nano": 0
      }
    },
    "citySender": "Первомайськ(Микол.обл.Первомайс.р-н)",
    "cityRecipient": "Київ"
  },
  {
    "number": 59000454882842,
    "dateTime": {
      "date": {
        "year": 2019,
        "month": 10,
        "day": 15
      },
      "time": {
        "hour": 9,
        "minute": 0,
        "second": 8,
        "nano": 0
      }
    },
    "citySender": "Новомиколаївка(Скадовський р-н)",
    "cityRecipient": "Бердичів"
  },
  {
    "number": 59000454882843,
    "dateTime": {
      "date": {
        "year": 2019,
        "month": 10,
        "day": 15
      },
      "time": {
        "hour": 9,
        "minute": 0,
        "second": 15,
        "nano": 0
      }
    },
    "citySender": "Тернопіль",
    "cityRecipient": "Трускавець"
  },
  {
    "number": 59000454882844,
    "dateTime": {
      "date": {
        "year": 2019,
        "month": 10,
        "day": 15
      },
      "time": {
        "hour": 8,
        "minute": 59,
        "second": 50,
        "nano": 0
      }
    },
    "citySender": "Стара Синява",
    "cityRecipient": "Жмеринка"
  }
]