[
  {
    "number": 59000454914429,
    "dateTime": {
      "date": {
        "year": 2019,
        "month": 10,
        "day": 15
      },
      "time": {
        "hour": 10,
        "minute": 21,
        "second": 2,
        "nano": 0
      }
    },
    "citySender": "Богодухів",
    "cityRecipient": "Кривий Ріг"
  },
  {
    "number": 59000454914430,
    "dateTime": {
      "date": {
        "year": 2019,
        "month": 10,
        "day": 15
      },
      "time": {
        "hour": 10,
        "minute": 21,
        "second": 36,
        "nano": 0
      }
    },
    "citySender": "Дніпро",
    "cityRecipient": "Бердянськ"
  },
  {
    "number": 59000454914431,
    "dateTime": {
      "date": {
        "year": 2019,
        "month": 10,
        "day": 15
      },
      "time": {
        "hour": 10,
        "minute": 22,
        "second": 2,
        "nano": 0
      }
    },
    "citySender": "Волноваха",
    "cityRecipient": "Маріуполь"
  },
  {
    "number": 59000454914433,
    "dateTime": {
      "date": {
        "year": 2019,
        "month": 10,
        "day": 15
      },
      "time": {
        "hour": 10,
        "minute": 21,
        "second": 54,
        "nano": 0
      }
    },
    "citySender": "Одеса",
    "cityRecipient": "Біла Церква"
  },
  {
    "number": 59000454914434,
    "dateTime": {
      "date": {
        "year": 2019,
        "month": 10,
        "day": 15
      },
      "time": {
        "hour": 10,
        "minute": 21,
        "second": 26,
        "nano": 0
      }
    },
    "citySender": "Івано-Франківськ",
    "cityRecipient": "Жмеринка"
  },
  {
    "number": 59000454914436,
    "dateTime": {
      "date": {
        "year": 2019,
        "month": 10,
        "day": 15
      },
      "time": {
        "hour": 10,
        "minute": 21,
        "second": 57,
        "nano": 0
      }
    },
    "citySender": "Бучач",
    "cityRecipient": "Тернопіль"
  },
  {
    "number": 59000454914437,
    "dateTime": {
      "date": {
        "year": 2019,
        "month": 10,
        "day": 15
      },
      "time": {
        "hour": 10,
        "minute": 22,
        "second": 3,
        "nano": 0
      }
    },
    "citySender": "Вінниця",
    "cityRecipient": "Житомир"
  },
  {
    "number": 59000454914438,
    "dateTime": {
      "date": {
        "year": 2019,
        "month": 10,
        "day": 15
      },
      "time": {
        "hour": 10,
        "minute": 21,
        "second": 55,
        "nano": 0
      }
    },
    "citySender": "Дніпро",
    "cityRecipient": "Київ"
  },
  {
    "number": 59000454914439,
    "dateTime": {
      "date": {
        "year": 2019,
        "month": 10,
        "day": 15
      },
      "time": {
        "hour": 10,
        "minute": 21,
        "second": 48,
        "nano": 0
      }
    },
    "citySender": "Ємільчине",
    "cityRecipient": "Кам\u0027янське(Дніпропетровська обл)"
  },
  {
    "number": 59000454914440,
    "dateTime": {
      "date": {
        "year": 2019,
        "month": 10,
        "day": 15
      },
      "time": {
        "hour": 10,
        "minute": 21,
        "second": 23,
        "nano": 0
      }
    },
    "citySender": "Славута",
    "cityRecipient": "Ужгород"
  },
  {
    "number": 59000454914441,
    "dateTime": {
      "date": {
        "year": 2019,
        "month": 10,
        "day": 15
      },
      "time": {
        "hour": 10,
        "minute": 21,
        "second": 16,
        "nano": 0
      }
    },
    "citySender": "Марківка",
    "cityRecipient": "Мукачево"
  },
  {
    "number": 59000454914442,
    "dateTime": {
      "date": {
        "year": 2019,
        "month": 10,
        "day": 15
      },
      "time": {
        "hour": 10,
        "minute": 22,
        "second": 4,
        "nano": 0
      }
    },
    "citySender": "Житомир",
    "cityRecipient": "Дніпро"
  },
  {
    "number": 59000454914443,
    "dateTime": {
      "date": {
        "year": 2019,
        "month": 10,
        "day": 15
      },
      "time": {
        "hour": 10,
        "minute": 21,
        "second": 35,
        "nano": 0
      }
    },
    "citySender": "Вишгород",
    "cityRecipient": "Світловодськ"
  },
  {
    "number": 59000454914444,
    "dateTime": {
      "date": {
        "year": 2019,
        "month": 10,
        "day": 15
      },
      "time": {
        "hour": 10,
        "minute": 22,
        "second": 3,
        "nano": 0
      }
    },
    "citySender": "Черніїв",
    "cityRecipient": "Київ"
  },
  {
    "number": 59000454914445,
    "dateTime": {
      "date": {
        "year": 2019,
        "month": 10,
        "day": 15
      },
      "time": {
        "hour": 10,
        "minute": 21,
        "second": 57,
        "nano": 0
      }
    },
    "citySender": "Кролевець",
    "cityRecipient": "Дніпро"
  },
  {
    "number": 59000454914446,
    "dateTime": {
      "date": {
        "year": 2019,
        "month": 10,
        "day": 15
      },
      "time": {
        "hour": 10,
        "minute": 22,
        "second": 5,
        "nano": 0
      }
    },
    "citySender": "Петриківка",
    "cityRecipient": "Дніпро"
  },
  {
    "number": 59000454914447,
    "dateTime": {
      "date": {
        "year": 2019,
        "month": 10,
        "day": 15
      },
      "time": {
        "hour": 10,
        "minute": 21,
        "second": 58,
        "nano": 0
      }
    },
    "citySender": "Ратне",
    "cityRecipient": "Київ"
  },
  {
    "number": 59000454914448,
    "dateTime": {
      "date": {
        "year": 2019,
        "month": 10,
        "day": 15
      },
      "time": {
        "hour": 10,
        "minute": 22,
        "second": 1,
        "nano": 0
      }
    },
    "citySender": "Хмельницький",
    "cityRecipient": "Дніпро"
  },
  {
    "number": 59000454914449,
    "dateTime": {
      "date": {
        "year": 2019,
        "month": 10,
        "day": 15
      },
      "time": {
        "hour": 10,
        "minute": 21,
        "second": 11,
        "nano": 0
      }
    },
    "citySender": "Одеса",
    "cityRecipient": "Київ"
  },
  {
    "number": 59000454914450,
    "dateTime": {
      "date": {
        "year": 2019,
        "month": 10,
        "day": 15
      },
      "time": {
        "hour": 10,
        "minute": 20,
        "second": 56,
        "nano": 0
      }
    },
    "citySender": "Одеса",
    "cityRecipient": "Київ"
  },
  {
    "number": 59000454914451,
    "dateTime": {
      "date": {
        "year": 2019,
        "month": 10,
        "day": 15
      },
      "time": {
        "hour": 10,
        "minute": 21,
        "second": 58,
        "nano": 0
      }
    },
    "citySender": "Київ",
    "cityRecipient": "Київ"
  },
  {
    "number": 59000454914452,
    "dateTime": {
      "date": {
        "year": 2019,
        "month": 10,
        "day": 15
      },
      "time": {
        "hour": 10,
        "minute": 22,
        "second": 0,
        "nano": 0
      }
    },
    "citySender": "Слов\u0027янськ",
    "cityRecipient": "Олександрівка (Олександр.р-н,Донец.обл.)"
  },
  {
    "number": 59000454914453,
    "dateTime": {
      "date": {
        "year": 2019,
        "month": 10,
        "day": 15
      },
      "time": {
        "hour": 10,
        "minute": 21,
        "second": 41,
        "nano": 0
      }
    },
    "citySender": "Андрушівка",
    "cityRecipient": "Вишневе"
  },
  {
    "number": 59000454914454,
    "dateTime": {
      "date": {
        "year": 2019,
        "month": 10,
        "day": 15
      },
      "time": {
        "hour": 10,
        "minute": 20,
        "second": 38,
        "nano": 0
      }
    },
    "citySender": "Київ",
    "cityRecipient": "Київ"
  },
  {
    "number": 59000454914455,
    "dateTime": {
      "date": {
        "year": 2019,
        "month": 10,
        "day": 15
      },
      "time": {
        "hour": 10,
        "minute": 21,
        "second": 37,
        "nano": 0
      }
    },
    "citySender": "Мостиська",
    "cityRecipient": "Нова Каховка"
  },
  {
    "number": 59000454914456,
    "dateTime": {
      "date": {
        "year": 2019,
        "month": 10,
        "day": 15
      },
      "time": {
        "hour": 10,
        "minute": 21,
        "second": 48,
        "nano": 0
      }
    },
    "citySender": "Київ",
    "cityRecipient": "Івано-Франківськ"
  },
  {
    "number": 59000454914457,
    "dateTime": {
      "date": {
        "year": 2019,
        "month": 10,
        "day": 15
      },
      "time": {
        "hour": 10,
        "minute": 22,
        "second": 7,
        "nano": 0
      }
    },
    "citySender": "Черкаси",
    "cityRecipient": "Черкаси"
  },
  {
    "number": 59000454914458,
    "dateTime": {
      "date": {
        "year": 2019,
        "month": 10,
        "day": 15
      },
      "time": {
        "hour": 10,
        "minute": 20,
        "second": 41,
        "nano": 0
      }
    },
    "citySender": "Овруч",
    "cityRecipient": "Київ"
  },
  {
    "number": 59000454914459,
    "dateTime": {
      "date": {
        "year": 2019,
        "month": 10,
        "day": 15
      },
      "time": {
        "hour": 10,
        "minute": 21,
        "second": 45,
        "nano": 0
      }
    },
    "citySender": "Одеса",
    "cityRecipient": "Миргород"
  },
  {
    "number": 59000454914460,
    "dateTime": {
      "date": {
        "year": 2019,
        "month": 10,
        "day": 15
      },
      "time": {
        "hour": 10,
        "minute": 21,
        "second": 55,
        "nano": 0
      }
    },
    "citySender": "Одеса",
    "cityRecipient": "Київ"
  },
  {
    "number": 59000454914461,
    "dateTime": {
      "date": {
        "year": 2019,
        "month": 10,
        "day": 15
      },
      "time": {
        "hour": 10,
        "minute": 22,
        "second": 5,
        "nano": 0
      }
    },
    "citySender": "Одеса",
    "cityRecipient": "Одеса"
  },
  {
    "number": 59000454914462,
    "dateTime": {
      "date": {
        "year": 2019,
        "month": 10,
        "day": 15
      },
      "time": {
        "hour": 10,
        "minute": 21,
        "second": 54,
        "nano": 0
      }
    },
    "citySender": "Одеса",
    "cityRecipient": "Одеса"
  },
  {
    "number": 59000454914463,
    "dateTime": {
      "date": {
        "year": 2019,
        "month": 10,
        "day": 15
      },
      "time": {
        "hour": 10,
        "minute": 20,
        "second": 51,
        "nano": 0
      }
    },
    "citySender": "Жашків",
    "cityRecipient": "Харків"
  },
  {
    "number": 59000454914464,
    "dateTime": {
      "date": {
        "year": 2019,
        "month": 10,
        "day": 15
      },
      "time": {
        "hour": 10,
        "minute": 21,
        "second": 15,
        "nano": 0
      }
    },
    "citySender": "Косів",
    "cityRecipient": "Київ"
  },
  {
    "number": 59000454914465,
    "dateTime": {
      "date": {
        "year": 2019,
        "month": 10,
        "day": 15
      },
      "time": {
        "hour": 10,
        "minute": 22,
        "second": 0,
        "nano": 0
      }
    },
    "citySender": "Київ",
    "cityRecipient": "Київ"
  },
  {
    "number": 59000454914466,
    "dateTime": {
      "date": {
        "year": 2019,
        "month": 10,
        "day": 15
      },
      "time": {
        "hour": 10,
        "minute": 22,
        "second": 8,
        "nano": 0
      }
    },
    "citySender": "Миколаївка (Слов’янська міська рада)",
    "cityRecipient": "Харків"
  },
  {
    "number": 59000454914467,
    "dateTime": {
      "date": {
        "year": 2019,
        "month": 10,
        "day": 15
      },
      "time": {
        "hour": 10,
        "minute": 22,
        "second": 9,
        "nano": 0
      }
    },
    "citySender": "Вінниця",
    "cityRecipient": "Вінниця"
  },
  {
    "number": 59000454914468,
    "dateTime": {
      "date": {
        "year": 2019,
        "month": 10,
        "day": 15
      },
      "time": {
        "hour": 10,
        "minute": 22,
        "second": 1,
        "nano": 0
      }
    },
    "citySender": "Обухів",
    "cityRecipient": "Рені"
  },
  {
    "number": 59000454914469,
    "dateTime": {
      "date": {
        "year": 2019,
        "month": 10,
        "day": 15
      },
      "time": {
        "hour": 10,
        "minute": 21,
        "second": 59,
        "nano": 0
      }
    },
    "citySender": "Вінниця",
    "cityRecipient": "Михайлівка (Михайлівський р-н., Запорізька обл.)"
  },
  {
    "number": 59000454914470,
    "dateTime": {
      "date": {
        "year": 2019,
        "month": 10,
        "day": 15
      },
      "time": {
        "hour": 10,
        "minute": 22,
        "second": 4,
        "nano": 0
      }
    },
    "citySender": "Київ",
    "cityRecipient": "Ізмаїл"
  },
  {
    "number": 59000454914471,
    "dateTime": {
      "date": {
        "year": 2019,
        "month": 10,
        "day": 15
      },
      "time": {
        "hour": 10,
        "minute": 21,
        "second": 58,
        "nano": 0
      }
    },
    "citySender": "Тернопіль",
    "cityRecipient": "Гусятин"
  },
  {
    "number": 59000454914472,
    "dateTime": {
      "date": {
        "year": 2019,
        "month": 10,
        "day": 15
      },
      "time": {
        "hour": 10,
        "minute": 22,
        "second": 5,
        "nano": 0
      }
    },
    "citySender": "Олександрівка (Миколаївська обл.)",
    "cityRecipient": "Суми"
  },
  {
    "number": 59000454914473,
    "dateTime": {
      "date": {
        "year": 2019,
        "month": 10,
        "day": 15
      },
      "time": {
        "hour": 10,
        "minute": 22,
        "second": 9,
        "nano": 0
      }
    },
    "citySender": "Вишневе",
    "cityRecipient": "Бровари"
  },
  {
    "number": 59000454914474,
    "dateTime": {
      "date": {
        "year": 2019,
        "month": 10,
        "day": 15
      },
      "time": {
        "hour": 10,
        "minute": 21,
        "second": 40,
        "nano": 0
      }
    },
    "citySender": "Житомир",
    "cityRecipient": "Вінниця"
  },
  {
    "number": 59000454914476,
    "dateTime": {
      "date": {
        "year": 2019,
        "month": 10,
        "day": 15
      },
      "time": {
        "hour": 10,
        "minute": 21,
        "second": 48,
        "nano": 0
      }
    },
    "citySender": "Кам\u0027янець-Подільський",
    "cityRecipient": "Білгород-Дністровський"
  },
  {
    "number": 59000454914477,
    "dateTime": {
      "date": {
        "year": 2019,
        "month": 10,
        "day": 15
      },
      "time": {
        "hour": 10,
        "minute": 21,
        "second": 31,
        "nano": 0
      }
    },
    "citySender": "Бобровиця",
    "cityRecipient": "Київ"
  },
  {
    "number": 59000454914478,
    "dateTime": {
      "date": {
        "year": 2019,
        "month": 10,
        "day": 15
      },
      "time": {
        "hour": 10,
        "minute": 20,
        "second": 52,
        "nano": 0
      }
    },
    "citySender": "Білопілля",
    "cityRecipient": "Курахове"
  },
  {
    "number": 59000454914479,
    "dateTime": {
      "date": {
        "year": 2019,
        "month": 10,
        "day": 15
      },
      "time": {
        "hour": 10,
        "minute": 21,
        "second": 57,
        "nano": 0
      }
    },
    "citySender": "Могилів-Подільський",
    "cityRecipient": "Миколаїв"
  },
  {
    "number": 59000454914480,
    "dateTime": {
      "date": {
        "year": 2019,
        "month": 10,
        "day": 15
      },
      "time": {
        "hour": 10,
        "minute": 20,
        "second": 16,
        "nano": 0
      }
    },
    "citySender": "Лисичанськ",
    "cityRecipient": "Вараш"
  },
  {
    "number": 59000454914481,
    "dateTime": {
      "date": {
        "year": 2019,
        "month": 10,
        "day": 15
      },
      "time": {
        "hour": 10,
        "minute": 22,
        "second": 10,
        "nano": 0
      }
    },
    "citySender": "Київ",
    "cityRecipient": "Дніпро"
  },
  {
    "number": 59000454914482,
    "dateTime": {
      "date": {
        "year": 2019,
        "month": 10,
        "day": 15
      },
      "time": {
        "hour": 10,
        "minute": 22,
        "second": 10,
        "nano": 0
      }
    },
    "citySender": "Первомайськ(Микол.обл.Первомайс.р-н)",
    "cityRecipient": "Одеса"
  },
  {
    "number": 59000454914483,
    "dateTime": {
      "date": {
        "year": 2019,
        "month": 10,
        "day": 15
      },
      "time": {
        "hour": 10,
        "minute": 21,
        "second": 51,
        "nano": 0
      }
    },
    "citySender": "Київ",
    "cityRecipient": "Харків"
  },
  {
    "number": 59000454914486,
    "dateTime": {
      "date": {
        "year": 2019,
        "month": 10,
        "day": 15
      },
      "time": {
        "hour": 10,
        "minute": 21,
        "second": 43,
        "nano": 0
      }
    },
    "citySender": "Луцьк",
    "cityRecipient": "Рівне"
  },
  {
    "number": 59000454914487,
    "dateTime": {
      "date": {
        "year": 2019,
        "month": 10,
        "day": 15
      },
      "time": {
        "hour": 10,
        "minute": 21,
        "second": 36,
        "nano": 0
      }
    },
    "citySender": "Скадовськ",
    "cityRecipient": "Кобеляки"
  },
  {
    "number": 59000454914488,
    "dateTime": {
      "date": {
        "year": 2019,
        "month": 10,
        "day": 15
      },
      "time": {
        "hour": 10,
        "minute": 22,
        "second": 1,
        "nano": 0
      }
    },
    "citySender": "Бориспіль",
    "cityRecipient": "Рівне"
  },
  {
    "number": 59000454914489,
    "dateTime": {
      "date": {
        "year": 2019,
        "month": 10,
        "day": 15
      },
      "time": {
        "hour": 10,
        "minute": 22,
        "second": 11,
        "nano": 0
      }
    },
    "citySender": "Нікополь (Дніпропетровська обл.)",
    "cityRecipient": "Більмак (Запорізька обл.)"
  },
  {
    "number": 59000454914490,
    "dateTime": {
      "date": {
        "year": 2019,
        "month": 10,
        "day": 15
      },
      "time": {
        "hour": 10,
        "minute": 21,
        "second": 56,
        "nano": 0
      }
    },
    "citySender": "Волноваха",
    "cityRecipient": "Кучурган"
  },
  {
    "number": 59000454914491,
    "dateTime": {
      "date": {
        "year": 2019,
        "month": 10,
        "day": 15
      },
      "time": {
        "hour": 10,
        "minute": 22,
        "second": 4,
        "nano": 0
      }
    },
    "citySender": "Самбір",
    "cityRecipient": "Ворзель"
  },
  {
    "number": 59000454914492,
    "dateTime": {
      "date": {
        "year": 2019,
        "month": 10,
        "day": 15
      },
      "time": {
        "hour": 10,
        "minute": 22,
        "second": 10,
        "nano": 0
      }
    },
    "citySender": "Чернівці",
    "cityRecipient": "Київ"
  },
  {
    "number": 59000454914493,
    "dateTime": {
      "date": {
        "year": 2019,
        "month": 10,
        "day": 15
      },
      "time": {
        "hour": 10,
        "minute": 21,
        "second": 55,
        "nano": 0
      }
    },
    "citySender": "Іршава",
    "cityRecipient": "Кам\u0027янка-Дніпровська (Запорізька обл.)"
  },
  {
    "number": 59000454914494,
    "dateTime": {
      "date": {
        "year": 2019,
        "month": 10,
        "day": 15
      },
      "time": {
        "hour": 10,
        "minute": 20,
        "second": 29,
        "nano": 0
      }
    },
    "citySender": "Березань",
    "cityRecipient": "Полтава"
  },
  {
    "number": 59000454914495,
    "dateTime": {
      "date": {
        "year": 2019,
        "month": 10,
        "day": 15
      },
      "time": {
        "hour": 10,
        "minute": 22,
        "second": 12,
        "nano": 0
      }
    },
    "citySender": "Чернівці",
    "cityRecipient": "Львів"
  },
  {
    "number": 59000454914496,
    "dateTime": {
      "date": {
        "year": 2019,
        "month": 10,
        "day": 15
      },
      "time": {
        "hour": 10,
        "minute": 21,
        "second": 21,
        "nano": 0
      }
    },
    "citySender": "Монастирище",
    "cityRecipient": "Вінниця"
  },
  {
    "number": 59000454914497,
    "dateTime": {
      "date": {
        "year": 2019,
        "month": 10,
        "day": 15
      },
      "time": {
        "hour": 10,
        "minute": 21,
        "second": 14,
        "nano": 0
      }
    },
    "citySender": "Любомль",
    "cityRecipient": "Голоби"
  },
  {
    "number": 59000454914498,
    "dateTime": {
      "date": {
        "year": 2019,
        "month": 10,
        "day": 15
      },
      "time": {
        "hour": 10,
        "minute": 22,
        "second": 3,
        "nano": 0
      }
    },
    "citySender": "Харків",
    "cityRecipient": "Київ"
  },
  {
    "number": 59000454914499,
    "dateTime": {
      "date": {
        "year": 2019,
        "month": 10,
        "day": 15
      },
      "time": {
        "hour": 10,
        "minute": 21,
        "second": 58,
        "nano": 0
      }
    },
    "citySender": "Фонтанка",
    "cityRecipient": "Херсон"
  },
  {
    "number": 59000454914500,
    "dateTime": {
      "date": {
        "year": 2019,
        "month": 10,
        "day": 15
      },
      "time": {
        "hour": 10,
        "minute": 21,
        "second": 57,
        "nano": 0
      }
    },
    "citySender": "Світловодськ",
    "cityRecipient": "Благовіщенське(Кіровоградська обл.)"
  },
  {
    "number": 59000454914501,
    "dateTime": {
      "date": {
        "year": 2019,
        "month": 10,
        "day": 15
      },
      "time": {
        "hour": 10,
        "minute": 21,
        "second": 42,
        "nano": 0
      }
    },
    "citySender": "Солоне",
    "cityRecipient": "Київ"
  },
  {
    "number": 59000454914502,
    "dateTime": {
      "date": {
        "year": 2019,
        "month": 10,
        "day": 15
      },
      "time": {
        "hour": 10,
        "minute": 21,
        "second": 48,
        "nano": 0
      }
    },
    "citySender": "Львів",
    "cityRecipient": "Косів"
  },
  {
    "number": 59000454914503,
    "dateTime": {
      "date": {
        "year": 2019,
        "month": 10,
        "day": 15
      },
      "time": {
        "hour": 10,
        "minute": 21,
        "second": 13,
        "nano": 0
      }
    },
    "citySender": "Радехів",
    "cityRecipient": "Косонь (Косино)"
  },
  {
    "number": 59000454914504,
    "dateTime": {
      "date": {
        "year": 2019,
        "month": 10,
        "day": 15
      },
      "time": {
        "hour": 10,
        "minute": 21,
        "second": 51,
        "nano": 0
      }
    },
    "citySender": "Запоріжжя",
    "cityRecipient": "Київ"
  },
  {
    "number": 59000454914505,
    "dateTime": {
      "date": {
        "year": 2019,
        "month": 10,
        "day": 15
      },
      "time": {
        "hour": 10,
        "minute": 21,
        "second": 55,
        "nano": 0
      }
    },
    "citySender": "Івано-Франківськ",
    "cityRecipient": "Харків"
  },
  {
    "number": 59000454914506,
    "dateTime": {
      "date": {
        "year": 2019,
        "month": 10,
        "day": 15
      },
      "time": {
        "hour": 10,
        "minute": 22,
        "second": 13,
        "nano": 0
      }
    },
    "citySender": "Запоріжжя",
    "cityRecipient": "Дрогобич"
  },
  {
    "number": 59000454914507,
    "dateTime": {
      "date": {
        "year": 2019,
        "month": 10,
        "day": 15
      },
      "time": {
        "hour": 10,
        "minute": 22,
        "second": 4,
        "nano": 0
      }
    },
    "citySender": "Денихівка",
    "cityRecipient": "Андрушівка"
  },
  {
    "number": 59000454914508,
    "dateTime": {
      "date": {
        "year": 2019,
        "month": 10,
        "day": 15
      },
      "time": {
        "hour": 10,
        "minute": 21,
        "second": 48,
        "nano": 0
      }
    },
    "citySender": "Суми",
    "cityRecipient": "Кам\u0027янське(Дніпропетровська обл)"
  },
  {
    "number": 59000454914509,
    "dateTime": {
      "date": {
        "year": 2019,
        "month": 10,
        "day": 15
      },
      "time": {
        "hour": 10,
        "minute": 21,
        "second": 40,
        "nano": 0
      }
    },
    "citySender": "Яремче",
    "cityRecipient": "Рудки"
  },
  {
    "number": 59000454914510,
    "dateTime": {
      "date": {
        "year": 2019,
        "month": 10,
        "day": 15
      },
      "time": {
        "hour": 10,
        "minute": 20,
        "second": 25,
        "nano": 0
      }
    },
    "citySender": "Чортків",
    "cityRecipient": "Одеса"
  },
  {
    "number": 59000454914511,
    "dateTime": {
      "date": {
        "year": 2019,
        "month": 10,
        "day": 15
      },
      "time": {
        "hour": 10,
        "minute": 22,
        "second": 3,
        "nano": 0
      }
    },
    "citySender": "Дніпро",
    "cityRecipient": "Київ"
  },
  {
    "number": 59000454914512,
    "dateTime": {
      "date": {
        "year": 2019,
        "month": 10,
        "day": 15
      },
      "time": {
        "hour": 10,
        "minute": 21,
        "second": 53,
        "nano": 0
      }
    },
    "citySender": "Запоріжжя",
    "cityRecipient": "Харків"
  },
  {
    "number": 59000454914513,
    "dateTime": {
      "date": {
        "year": 2019,
        "month": 10,
        "day": 15
      },
      "time": {
        "hour": 10,
        "minute": 21,
        "second": 54,
        "nano": 0
      }
    },
    "citySender": "Славутич",
    "cityRecipient": "Харків"
  },
  {
    "number": 59000454914514,
    "dateTime": {
      "date": {
        "year": 2019,
        "month": 10,
        "day": 15
      },
      "time": {
        "hour": 10,
        "minute": 21,
        "second": 23,
        "nano": 0
      }
    },
    "citySender": "Варва",
    "cityRecipient": "Дніпро"
  },
  {
    "number": 59000454914515,
    "dateTime": {
      "date": {
        "year": 2019,
        "month": 10,
        "day": 15
      },
      "time": {
        "hour": 10,
        "minute": 21,
        "second": 18,
        "nano": 0
      }
    },
    "citySender": "Кременчук",
    "cityRecipient": "Кропивницький"
  },
  {
    "number": 59000454914516,
    "dateTime": {
      "date": {
        "year": 2019,
        "month": 10,
        "day": 15
      },
      "time": {
        "hour": 10,
        "minute": 21,
        "second": 41,
        "nano": 0
      }
    },
    "citySender": "Львів",
    "cityRecipient": "Обухів"
  },
  {
    "number": 59000454914517,
    "dateTime": {
      "date": {
        "year": 2019,
        "month": 10,
        "day": 15
      },
      "time": {
        "hour": 10,
        "minute": 21,
        "second": 33,
        "nano": 0
      }
    },
    "citySender": "Житомир",
    "cityRecipient": "Сахновщина (Харківська обл.)"
  },
  {
    "number": 59000454914518,
    "dateTime": {
      "date": {
        "year": 2019,
        "month": 10,
        "day": 15
      },
      "time": {
        "hour": 10,
        "minute": 22,
        "second": 5,
        "nano": 0
      }
    },
    "citySender": "Харків",
    "cityRecipient": "Харків"
  },
  {
    "number": 59000454914519,
    "dateTime": {
      "date": {
        "year": 2019,
        "month": 10,
        "day": 15
      },
      "time": {
        "hour": 10,
        "minute": 19,
        "second": 58,
        "nano": 0
      }
    },
    "citySender": "Лисичанськ",
    "cityRecipient": "Одеса"
  },
  {
    "number": 59000454914520,
    "dateTime": {
      "date": {
        "year": 2019,
        "month": 10,
        "day": 15
      },
      "time": {
        "hour": 10,
        "minute": 21,
        "second": 16,
        "nano": 0
      }
    },
    "citySender": "Дрогобич",
    "cityRecipient": "Бібрка"
  },
  {
    "number": 59000454914522,
    "dateTime": {
      "date": {
        "year": 2019,
        "month": 10,
        "day": 15
      },
      "time": {
        "hour": 10,
        "minute": 22,
        "second": 8,
        "nano": 0
      }
    },
    "citySender": "Кривий Ріг",
    "cityRecipient": "Виноградів"
  },
  {
    "number": 59000454914523,
    "dateTime": {
      "date": {
        "year": 2019,
        "month": 10,
        "day": 15
      },
      "time": {
        "hour": 10,
        "minute": 21,
        "second": 38,
        "nano": 0
      }
    },
    "citySender": "Охтирка",
    "cityRecipient": "Полтава"
  },
  {
    "number": 59000454914524,
    "dateTime": {
      "date": {
        "year": 2019,
        "month": 10,
        "day": 15
      },
      "time": {
        "hour": 10,
        "minute": 21,
        "second": 47,
        "nano": 0
      }
    },
    "citySender": "Локачі",
    "cityRecipient": "Шпола"
  },
  {
    "number": 59000454914525,
    "dateTime": {
      "date": {
        "year": 2019,
        "month": 10,
        "day": 15
      },
      "time": {
        "hour": 10,
        "minute": 22,
        "second": 8,
        "nano": 0
      }
    },
    "citySender": "Харків",
    "cityRecipient": "Дніпро"
  },
  {
    "number": 59000454914526,
    "dateTime": {
      "date": {
        "year": 2019,
        "month": 10,
        "day": 15
      },
      "time": {
        "hour": 10,
        "minute": 21,
        "second": 25,
        "nano": 0
      }
    },
    "citySender": "Львів",
    "cityRecipient": "Харків"
  },
  {
    "number": 59000454914527,
    "dateTime": {
      "date": {
        "year": 2019,
        "month": 10,
        "day": 15
      },
      "time": {
        "hour": 10,
        "minute": 21,
        "second": 40,
        "nano": 0
      }
    },
    "citySender": "Васищеве",
    "cityRecipient": "Одеса"
  },
  {
    "number": 59000454914528,
    "dateTime": {
      "date": {
        "year": 2019,
        "month": 10,
        "day": 15
      },
      "time": {
        "hour": 10,
        "minute": 21,
        "second": 46,
        "nano": 0
      }
    },
    "citySender": "Одеса",
    "cityRecipient": "Київ"
  }
]