[
  {
    "number": 59000454911430,
    "dateTime": {
      "date": {
        "year": 2019,
        "month": 10,
        "day": 15
      },
      "time": {
        "hour": 10,
        "minute": 14,
        "second": 28,
        "nano": 0
      }
    },
    "citySender": "Борислав (Львівська обл.)",
    "cityRecipient": "Харків"
  },
  {
    "number": 59000454911431,
    "dateTime": {
      "date": {
        "year": 2019,
        "month": 10,
        "day": 15
      },
      "time": {
        "hour": 10,
        "minute": 14,
        "second": 28,
        "nano": 0
      }
    },
    "citySender": "Харків",
    "cityRecipient": "Харків"
  },
  {
    "number": 59000454911432,
    "dateTime": {
      "date": {
        "year": 2019,
        "month": 10,
        "day": 15
      },
      "time": {
        "hour": 10,
        "minute": 14,
        "second": 16,
        "nano": 0
      }
    },
    "citySender": "Кривий Ріг",
    "cityRecipient": "Київ"
  },
  {
    "number": 59000454911433,
    "dateTime": {
      "date": {
        "year": 2019,
        "month": 10,
        "day": 15
      },
      "time": {
        "hour": 10,
        "minute": 13,
        "second": 57,
        "nano": 0
      }
    },
    "citySender": "Конотоп",
    "cityRecipient": "Обухів"
  },
  {
    "number": 59000454911434,
    "dateTime": {
      "date": {
        "year": 2019,
        "month": 10,
        "day": 15
      },
      "time": {
        "hour": 10,
        "minute": 13,
        "second": 39,
        "nano": 0
      }
    },
    "citySender": "Вінниця",
    "cityRecipient": "Київ"
  },
  {
    "number": 59000454911435,
    "dateTime": {
      "date": {
        "year": 2019,
        "month": 10,
        "day": 15
      },
      "time": {
        "hour": 10,
        "minute": 14,
        "second": 29,
        "nano": 0
      }
    },
    "citySender": "Київ",
    "cityRecipient": "Київ"
  },
  {
    "number": 59000454911436,
    "dateTime": {
      "date": {
        "year": 2019,
        "month": 10,
        "day": 15
      },
      "time": {
        "hour": 10,
        "minute": 14,
        "second": 29,
        "nano": 0
      }
    },
    "citySender": "Самбір",
    "cityRecipient": "Київ"
  },
  {
    "number": 59000454911437,
    "dateTime": {
      "date": {
        "year": 2019,
        "month": 10,
        "day": 15
      },
      "time": {
        "hour": 10,
        "minute": 13,
        "second": 18,
        "nano": 0
      }
    },
    "citySender": "Запоріжжя",
    "cityRecipient": "Івано-Франківськ"
  },
  {
    "number": 59000454911438,
    "dateTime": {
      "date": {
        "year": 2019,
        "month": 10,
        "day": 15
      },
      "time": {
        "hour": 10,
        "minute": 14,
        "second": 29,
        "nano": 0
      }
    },
    "citySender": "Кривий Ріг",
    "cityRecipient": "Кривий Ріг"
  },
  {
    "number": 59000454911439,
    "dateTime": {
      "date": {
        "year": 2019,
        "month": 10,
        "day": 15
      },
      "time": {
        "hour": 10,
        "minute": 13,
        "second": 38,
        "nano": 0
      }
    },
    "citySender": "Умань",
    "cityRecipient": "Вінниця"
  },
  {
    "number": 59000454911440,
    "dateTime": {
      "date": {
        "year": 2019,
        "month": 10,
        "day": 15
      },
      "time": {
        "hour": 10,
        "minute": 14,
        "second": 18,
        "nano": 0
      }
    },
    "citySender": "Київ",
    "cityRecipient": "Кременчук"
  },
  {
    "number": 59000454911442,
    "dateTime": {
      "date": {
        "year": 2019,
        "month": 10,
        "day": 15
      },
      "time": {
        "hour": 10,
        "minute": 14,
        "second": 22,
        "nano": 0
      }
    },
    "citySender": "Херсон",
    "cityRecipient": "Калуш"
  },
  {
    "number": 59000454911443,
    "dateTime": {
      "date": {
        "year": 2019,
        "month": 10,
        "day": 15
      },
      "time": {
        "hour": 10,
        "minute": 14,
        "second": 14,
        "nano": 0
      }
    },
    "citySender": "Вінниця",
    "cityRecipient": "Одеса"
  },
  {
    "number": 59000454911444,
    "dateTime": {
      "date": {
        "year": 2019,
        "month": 10,
        "day": 15
      },
      "time": {
        "hour": 10,
        "minute": 13,
        "second": 42,
        "nano": 0
      }
    },
    "citySender": "Гнідин",
    "cityRecipient": "Чернігівка"
  },
  {
    "number": 59000454911445,
    "dateTime": {
      "date": {
        "year": 2019,
        "month": 10,
        "day": 15
      },
      "time": {
        "hour": 10,
        "minute": 13,
        "second": 29,
        "nano": 0
      }
    },
    "citySender": "Київ",
    "cityRecipient": "Зарічне(Рівненська обл.)"
  },
  {
    "number": 59000454911447,
    "dateTime": {
      "date": {
        "year": 2019,
        "month": 10,
        "day": 15
      },
      "time": {
        "hour": 20,
        "minute": 9,
        "second": 27,
        "nano": 0
      }
    },
    "citySender": "Київ",
    "cityRecipient": "Луцьк"
  },
  {
    "number": 59000454911448,
    "dateTime": {
      "date": {
        "year": 2019,
        "month": 10,
        "day": 15
      },
      "time": {
        "hour": 20,
        "minute": 8,
        "second": 36,
        "nano": 0
      }
    },
    "citySender": "Київ",
    "cityRecipient": "Київ"
  },
  {
    "number": 59000454911449,
    "dateTime": {
      "date": {
        "year": 2019,
        "month": 10,
        "day": 15
      },
      "time": {
        "hour": 10,
        "minute": 14,
        "second": 28,
        "nano": 0
      }
    },
    "citySender": "Харків",
    "cityRecipient": "Дніпро"
  },
  {
    "number": 59000454911450,
    "dateTime": {
      "date": {
        "year": 2019,
        "month": 10,
        "day": 15
      },
      "time": {
        "hour": 10,
        "minute": 14,
        "second": 2,
        "nano": 0
      }
    },
    "citySender": "Київ",
    "cityRecipient": "Одеса"
  },
  {
    "number": 59000454911451,
    "dateTime": {
      "date": {
        "year": 2019,
        "month": 10,
        "day": 15
      },
      "time": {
        "hour": 10,
        "minute": 14,
        "second": 19,
        "nano": 0
      }
    },
    "citySender": "Одеса",
    "cityRecipient": "Київ"
  },
  {
    "number": 59000454911452,
    "dateTime": {
      "date": {
        "year": 2019,
        "month": 10,
        "day": 15
      },
      "time": {
        "hour": 10,
        "minute": 14,
        "second": 21,
        "nano": 0
      }
    },
    "citySender": "Чернігів",
    "cityRecipient": "Харків"
  },
  {
    "number": 59000454911453,
    "dateTime": {
      "date": {
        "year": 2019,
        "month": 10,
        "day": 15
      },
      "time": {
        "hour": 10,
        "minute": 13,
        "second": 38,
        "nano": 0
      }
    },
    "citySender": "Київ",
    "cityRecipient": "Ужгород"
  },
  {
    "number": 59000454911454,
    "dateTime": {
      "date": {
        "year": 2019,
        "month": 10,
        "day": 15
      },
      "time": {
        "hour": 10,
        "minute": 14,
        "second": 30,
        "nano": 0
      }
    },
    "citySender": "Ковель",
    "cityRecipient": "Одеса"
  },
  {
    "number": 59000454911455,
    "dateTime": {
      "date": {
        "year": 2019,
        "month": 10,
        "day": 15
      },
      "time": {
        "hour": 10,
        "minute": 10,
        "second": 55,
        "nano": 0
      }
    },
    "citySender": "Славське (Львівська обл.)",
    "cityRecipient": "Старобільськ"
  },
  {
    "number": 59000454911456,
    "dateTime": {
      "date": {
        "year": 2019,
        "month": 10,
        "day": 15
      },
      "time": {
        "hour": 10,
        "minute": 13,
        "second": 34,
        "nano": 0
      }
    },
    "citySender": "Завалля (Кіровоград. обл)",
    "cityRecipient": "Київ"
  },
  {
    "number": 59000454911457,
    "dateTime": {
      "date": {
        "year": 2019,
        "month": 10,
        "day": 15
      },
      "time": {
        "hour": 10,
        "minute": 14,
        "second": 15,
        "nano": 0
      }
    },
    "citySender": "Черкаси",
    "cityRecipient": "Дніпро"
  },
  {
    "number": 59000454911458,
    "dateTime": {
      "date": {
        "year": 2019,
        "month": 10,
        "day": 15
      },
      "time": {
        "hour": 10,
        "minute": 14,
        "second": 28,
        "nano": 0
      }
    },
    "citySender": "Шевченкове (Миколаївська обл.)",
    "cityRecipient": "Українка (Миколаївська обл.)"
  },
  {
    "number": 59000454911460,
    "dateTime": {
      "date": {
        "year": 2019,
        "month": 10,
        "day": 15
      },
      "time": {
        "hour": 10,
        "minute": 14,
        "second": 24,
        "nano": 0
      }
    },
    "citySender": "Київ",
    "cityRecipient": "Київ"
  },
  {
    "number": 59000454911461,
    "dateTime": {
      "date": {
        "year": 2019,
        "month": 10,
        "day": 15
      },
      "time": {
        "hour": 10,
        "minute": 13,
        "second": 56,
        "nano": 0
      }
    },
    "citySender": "Полтава",
    "cityRecipient": "Радомишль"
  },
  {
    "number": 59000454911462,
    "dateTime": {
      "date": {
        "year": 2019,
        "month": 10,
        "day": 15
      },
      "time": {
        "hour": 10,
        "minute": 10,
        "second": 27,
        "nano": 0
      }
    },
    "citySender": "Київ",
    "cityRecipient": "Дашів"
  },
  {
    "number": 59000454911463,
    "dateTime": {
      "date": {
        "year": 2019,
        "month": 10,
        "day": 15
      },
      "time": {
        "hour": 10,
        "minute": 13,
        "second": 56,
        "nano": 0
      }
    },
    "citySender": "Суми",
    "cityRecipient": "Київ"
  },
  {
    "number": 59000454911464,
    "dateTime": {
      "date": {
        "year": 2019,
        "month": 10,
        "day": 15
      },
      "time": {
        "hour": 10,
        "minute": 14,
        "second": 20,
        "nano": 0
      }
    },
    "citySender": "Миколаїв",
    "cityRecipient": "Енергодар"
  },
  {
    "number": 59000454911465,
    "dateTime": {
      "date": {
        "year": 2019,
        "month": 10,
        "day": 15
      },
      "time": {
        "hour": 10,
        "minute": 14,
        "second": 34,
        "nano": 0
      }
    },
    "citySender": "Дніпро",
    "cityRecipient": "Одеса"
  },
  {
    "number": 59000454911466,
    "dateTime": {
      "date": {
        "year": 2019,
        "month": 10,
        "day": 15
      },
      "time": {
        "hour": 10,
        "minute": 14,
        "second": 14,
        "nano": 0
      }
    },
    "citySender": "Одеса",
    "cityRecipient": "Луцьк"
  },
  {
    "number": 59000454911467,
    "dateTime": {
      "date": {
        "year": 2019,
        "month": 10,
        "day": 15
      },
      "time": {
        "hour": 10,
        "minute": 14,
        "second": 2,
        "nano": 0
      }
    },
    "citySender": "Фастів",
    "cityRecipient": "Запоріжжя"
  },
  {
    "number": 59000454911468,
    "dateTime": {
      "date": {
        "year": 2019,
        "month": 10,
        "day": 15
      },
      "time": {
        "hour": 10,
        "minute": 14,
        "second": 35,
        "nano": 0
      }
    },
    "citySender": "Київ",
    "cityRecipient": "Дніпро"
  },
  {
    "number": 59000454911469,
    "dateTime": {
      "date": {
        "year": 2019,
        "month": 10,
        "day": 15
      },
      "time": {
        "hour": 10,
        "minute": 14,
        "second": 33,
        "nano": 0
      }
    },
    "citySender": "Партизанське (Дніпропетров.р-н)",
    "cityRecipient": "Одеса"
  },
  {
    "number": 59000454911470,
    "dateTime": {
      "date": {
        "year": 2019,
        "month": 10,
        "day": 15
      },
      "time": {
        "hour": 10,
        "minute": 14,
        "second": 26,
        "nano": 0
      }
    },
    "citySender": "Станиця Луганська",
    "cityRecipient": "Тростянець (Сумська обл.)"
  },
  {
    "number": 59000454911471,
    "dateTime": {
      "date": {
        "year": 2019,
        "month": 10,
        "day": 15
      },
      "time": {
        "hour": 10,
        "minute": 14,
        "second": 32,
        "nano": 0
      }
    },
    "citySender": "Рава-Руська",
    "cityRecipient": "Одеса"
  },
  {
    "number": 59000454911472,
    "dateTime": {
      "date": {
        "year": 2019,
        "month": 10,
        "day": 15
      },
      "time": {
        "hour": 10,
        "minute": 14,
        "second": 28,
        "nano": 0
      }
    },
    "citySender": "Кам\u0027янське(Дніпропетровська обл)",
    "cityRecipient": "Карнаухівка(Дніпропетровська обл.)"
  },
  {
    "number": 59000454911473,
    "dateTime": {
      "date": {
        "year": 2019,
        "month": 10,
        "day": 15
      },
      "time": {
        "hour": 10,
        "minute": 13,
        "second": 13,
        "nano": 0
      }
    },
    "citySender": "Любомль",
    "cityRecipient": "Київ"
  },
  {
    "number": 59000454911474,
    "dateTime": {
      "date": {
        "year": 2019,
        "month": 10,
        "day": 15
      },
      "time": {
        "hour": 10,
        "minute": 14,
        "second": 6,
        "nano": 0
      }
    },
    "citySender": "Корюківка",
    "cityRecipient": "Кобеляки"
  },
  {
    "number": 59000454911475,
    "dateTime": {
      "date": {
        "year": 2019,
        "month": 10,
        "day": 15
      },
      "time": {
        "hour": 10,
        "minute": 14,
        "second": 19,
        "nano": 0
      }
    },
    "citySender": "Дубляни (Львів.обл.,Жовків.р-н)",
    "cityRecipient": "Миколаїв"
  },
  {
    "number": 59000454911476,
    "dateTime": {
      "date": {
        "year": 2019,
        "month": 10,
        "day": 15
      },
      "time": {
        "hour": 10,
        "minute": 13,
        "second": 4,
        "nano": 0
      }
    },
    "citySender": "Новоукраїнка",
    "cityRecipient": "Київ"
  },
  {
    "number": 59000454911477,
    "dateTime": {
      "date": {
        "year": 2019,
        "month": 10,
        "day": 15
      },
      "time": {
        "hour": 10,
        "minute": 14,
        "second": 16,
        "nano": 0
      }
    },
    "citySender": "Харків",
    "cityRecipient": "Івано-Франківськ"
  },
  {
    "number": 59000454911478,
    "dateTime": {
      "date": {
        "year": 2019,
        "month": 10,
        "day": 15
      },
      "time": {
        "hour": 10,
        "minute": 14,
        "second": 36,
        "nano": 0
      }
    },
    "citySender": "Балаклія (Харківська обл.)",
    "cityRecipient": "Херсон"
  },
  {
    "number": 59000454911479,
    "dateTime": {
      "date": {
        "year": 2019,
        "month": 10,
        "day": 15
      },
      "time": {
        "hour": 10,
        "minute": 14,
        "second": 34,
        "nano": 0
      }
    },
    "citySender": "Мерефа",
    "cityRecipient": "Київ"
  },
  {
    "number": 59000454911480,
    "dateTime": {
      "date": {
        "year": 2019,
        "month": 10,
        "day": 15
      },
      "time": {
        "hour": 10,
        "minute": 14,
        "second": 25,
        "nano": 0
      }
    },
    "citySender": "Токмак",
    "cityRecipient": "Київ"
  },
  {
    "number": 59000454911482,
    "dateTime": {
      "date": {
        "year": 2019,
        "month": 10,
        "day": 15
      },
      "time": {
        "hour": 10,
        "minute": 14,
        "second": 37,
        "nano": 0
      }
    },
    "citySender": "Святогірськ",
    "cityRecipient": "Київ"
  },
  {
    "number": 59000454911483,
    "dateTime": {
      "date": {
        "year": 2019,
        "month": 10,
        "day": 15
      },
      "time": {
        "hour": 10,
        "minute": 14,
        "second": 37,
        "nano": 0
      }
    },
    "citySender": "Львів",
    "cityRecipient": "Вінниця"
  },
  {
    "number": 59000454911484,
    "dateTime": {
      "date": {
        "year": 2019,
        "month": 10,
        "day": 15
      },
      "time": {
        "hour": 10,
        "minute": 13,
        "second": 57,
        "nano": 0
      }
    },
    "citySender": "Львів",
    "cityRecipient": "Київ"
  },
  {
    "number": 59000454911485,
    "dateTime": {
      "date": {
        "year": 2019,
        "month": 10,
        "day": 15
      },
      "time": {
        "hour": 10,
        "minute": 14,
        "second": 17,
        "nano": 0
      }
    },
    "citySender": "Хмільник (Вінницька обл.)",
    "cityRecipient": "Могилів-Подільський"
  },
  {
    "number": 59000454911486,
    "dateTime": {
      "date": {
        "year": 2019,
        "month": 10,
        "day": 15
      },
      "time": {
        "hour": 10,
        "minute": 14,
        "second": 24,
        "nano": 0
      }
    },
    "citySender": "Харків",
    "cityRecipient": "Нікополь (Дніпропетровська обл.)"
  },
  {
    "number": 59000454911487,
    "dateTime": {
      "date": {
        "year": 2019,
        "month": 10,
        "day": 15
      },
      "time": {
        "hour": 10,
        "minute": 14,
        "second": 22,
        "nano": 0
      }
    },
    "citySender": "Рівне",
    "cityRecipient": "Бахмут"
  },
  {
    "number": 59000454911488,
    "dateTime": {
      "date": {
        "year": 2019,
        "month": 10,
        "day": 15
      },
      "time": {
        "hour": 10,
        "minute": 13,
        "second": 59,
        "nano": 0
      }
    },
    "citySender": "Ріпки",
    "cityRecipient": "Івано-Франківськ"
  },
  {
    "number": 59000454911489,
    "dateTime": {
      "date": {
        "year": 2019,
        "month": 10,
        "day": 15
      },
      "time": {
        "hour": 10,
        "minute": 13,
        "second": 50,
        "nano": 0
      }
    },
    "citySender": "Мамаївці",
    "cityRecipient": "Київ"
  },
  {
    "number": 59000454911490,
    "dateTime": {
      "date": {
        "year": 2019,
        "month": 10,
        "day": 15
      },
      "time": {
        "hour": 10,
        "minute": 14,
        "second": 11,
        "nano": 0
      }
    },
    "citySender": "Кривий Ріг",
    "cityRecipient": "Київ"
  },
  {
    "number": 59000454911491,
    "dateTime": {
      "date": {
        "year": 2019,
        "month": 10,
        "day": 15
      },
      "time": {
        "hour": 10,
        "minute": 14,
        "second": 34,
        "nano": 0
      }
    },
    "citySender": "Миколаївка (Петриківський р-н.)",
    "cityRecipient": "Миколаївка (Петропавлівський р-н)"
  },
  {
    "number": 59000454911493,
    "dateTime": {
      "date": {
        "year": 2019,
        "month": 10,
        "day": 15
      },
      "time": {
        "hour": 10,
        "minute": 14,
        "second": 35,
        "nano": 0
      }
    },
    "citySender": "Тернопіль",
    "cityRecipient": "Черкаси"
  },
  {
    "number": 59000454911494,
    "dateTime": {
      "date": {
        "year": 2019,
        "month": 10,
        "day": 15
      },
      "time": {
        "hour": 10,
        "minute": 13,
        "second": 56,
        "nano": 0
      }
    },
    "citySender": "Пушкарівка",
    "cityRecipient": "Синельникове"
  },
  {
    "number": 59000454911495,
    "dateTime": {
      "date": {
        "year": 2019,
        "month": 10,
        "day": 15
      },
      "time": {
        "hour": 10,
        "minute": 14,
        "second": 15,
        "nano": 0
      }
    },
    "citySender": "Київ",
    "cityRecipient": "Хмельницький"
  },
  {
    "number": 59000454911496,
    "dateTime": {
      "date": {
        "year": 2019,
        "month": 10,
        "day": 15
      },
      "time": {
        "hour": 10,
        "minute": 14,
        "second": 26,
        "nano": 0
      }
    },
    "citySender": "Луцьк",
    "cityRecipient": "Христинівка"
  },
  {
    "number": 59000454911497,
    "dateTime": {
      "date": {
        "year": 2019,
        "month": 10,
        "day": 15
      },
      "time": {
        "hour": 10,
        "minute": 14,
        "second": 39,
        "nano": 0
      }
    },
    "citySender": "Балаклея (Черкаська обл.)",
    "cityRecipient": "Черкаси"
  },
  {
    "number": 59000454911498,
    "dateTime": {
      "date": {
        "year": 2019,
        "month": 10,
        "day": 15
      },
      "time": {
        "hour": 10,
        "minute": 14,
        "second": 38,
        "nano": 0
      }
    },
    "citySender": "Харків",
    "cityRecipient": "Одеса"
  },
  {
    "number": 59000454911499,
    "dateTime": {
      "date": {
        "year": 2019,
        "month": 10,
        "day": 15
      },
      "time": {
        "hour": 10,
        "minute": 13,
        "second": 13,
        "nano": 0
      }
    },
    "citySender": "Вінниця",
    "cityRecipient": "Вінниця"
  },
  {
    "number": 59000454911500,
    "dateTime": {
      "date": {
        "year": 2019,
        "month": 10,
        "day": 15
      },
      "time": {
        "hour": 10,
        "minute": 14,
        "second": 9,
        "nano": 0
      }
    },
    "citySender": "Одеса",
    "cityRecipient": "Івано-Франківськ"
  },
  {
    "number": 59000454911501,
    "dateTime": {
      "date": {
        "year": 2019,
        "month": 10,
        "day": 15
      },
      "time": {
        "hour": 10,
        "minute": 14,
        "second": 24,
        "nano": 0
      }
    },
    "citySender": "Запоріжжя",
    "cityRecipient": "Київ"
  },
  {
    "number": 59000454911502,
    "dateTime": {
      "date": {
        "year": 2019,
        "month": 10,
        "day": 15
      },
      "time": {
        "hour": 10,
        "minute": 13,
        "second": 40,
        "nano": 0
      }
    },
    "citySender": "Вінницькі Хутори",
    "cityRecipient": "Колодисте"
  },
  {
    "number": 59000454911503,
    "dateTime": {
      "date": {
        "year": 2019,
        "month": 10,
        "day": 15
      },
      "time": {
        "hour": 10,
        "minute": 14,
        "second": 39,
        "nano": 0
      }
    },
    "citySender": "Черкаси",
    "cityRecipient": "Черкаси"
  },
  {
    "number": 59000454911504,
    "dateTime": {
      "date": {
        "year": 2019,
        "month": 10,
        "day": 15
      },
      "time": {
        "hour": 10,
        "minute": 14,
        "second": 29,
        "nano": 0
      }
    },
    "citySender": "Київ",
    "cityRecipient": "Пустомити"
  },
  {
    "number": 59000454911505,
    "dateTime": {
      "date": {
        "year": 2019,
        "month": 10,
        "day": 15
      },
      "time": {
        "hour": 10,
        "minute": 14,
        "second": 38,
        "nano": 0
      }
    },
    "citySender": "Хмільник (Вінницька обл.)",
    "cityRecipient": "Іллінці"
  },
  {
    "number": 59000454911506,
    "dateTime": {
      "date": {
        "year": 2019,
        "month": 10,
        "day": 15
      },
      "time": {
        "hour": 10,
        "minute": 14,
        "second": 17,
        "nano": 0
      }
    },
    "citySender": "Борзна",
    "cityRecipient": "Харків"
  },
  {
    "number": 59000454911507,
    "dateTime": {
      "date": {
        "year": 2019,
        "month": 10,
        "day": 15
      },
      "time": {
        "hour": 10,
        "minute": 14,
        "second": 29,
        "nano": 0
      }
    },
    "citySender": "Тернопіль",
    "cityRecipient": "Подільськ"
  },
  {
    "number": 59000454911508,
    "dateTime": {
      "date": {
        "year": 2019,
        "month": 10,
        "day": 15
      },
      "time": {
        "hour": 10,
        "minute": 13,
        "second": 29,
        "nano": 0
      }
    },
    "citySender": "Зміїв",
    "cityRecipient": "Первомайський (Харківська обл.)"
  },
  {
    "number": 59000454911509,
    "dateTime": {
      "date": {
        "year": 2019,
        "month": 10,
        "day": 15
      },
      "time": {
        "hour": 10,
        "minute": 14,
        "second": 23,
        "nano": 0
      }
    },
    "citySender": "Рівне",
    "cityRecipient": "Хмельницький"
  },
  {
    "number": 59000454911510,
    "dateTime": {
      "date": {
        "year": 2019,
        "month": 10,
        "day": 15
      },
      "time": {
        "hour": 10,
        "minute": 14,
        "second": 33,
        "nano": 0
      }
    },
    "citySender": "Вінниця",
    "cityRecipient": "Вовчанськ"
  },
  {
    "number": 59000454911511,
    "dateTime": {
      "date": {
        "year": 2019,
        "month": 10,
        "day": 15
      },
      "time": {
        "hour": 10,
        "minute": 13,
        "second": 34,
        "nano": 0
      }
    },
    "citySender": "Залізці",
    "cityRecipient": "Івано-Франківськ"
  },
  {
    "number": 59000454911512,
    "dateTime": {
      "date": {
        "year": 2019,
        "month": 10,
        "day": 15
      },
      "time": {
        "hour": 10,
        "minute": 14,
        "second": 24,
        "nano": 0
      }
    },
    "citySender": "Львів",
    "cityRecipient": "Луцьк"
  },
  {
    "number": 59000454911513,
    "dateTime": {
      "date": {
        "year": 2019,
        "month": 10,
        "day": 15
      },
      "time": {
        "hour": 10,
        "minute": 13,
        "second": 29,
        "nano": 0
      }
    },
    "citySender": "Київ",
    "cityRecipient": "Кароліно-Бугаз"
  },
  {
    "number": 59000454911514,
    "dateTime": {
      "date": {
        "year": 2019,
        "month": 10,
        "day": 15
      },
      "time": {
        "hour": 10,
        "minute": 14,
        "second": 18,
        "nano": 0
      }
    },
    "citySender": "Кам\u0027янець-Подільський",
    "cityRecipient": "Київ"
  },
  {
    "number": 59000454911515,
    "dateTime": {
      "date": {
        "year": 2019,
        "month": 10,
        "day": 15
      },
      "time": {
        "hour": 10,
        "minute": 14,
        "second": 8,
        "nano": 0
      }
    },
    "citySender": "Харків",
    "cityRecipient": "Львів"
  },
  {
    "number": 59000454911516,
    "dateTime": {
      "date": {
        "year": 2019,
        "month": 10,
        "day": 15
      },
      "time": {
        "hour": 10,
        "minute": 14,
        "second": 42,
        "nano": 0
      }
    },
    "citySender": "Бар",
    "cityRecipient": "Одеса"
  },
  {
    "number": 59000454911517,
    "dateTime": {
      "date": {
        "year": 2019,
        "month": 10,
        "day": 15
      },
      "time": {
        "hour": 10,
        "minute": 14,
        "second": 8,
        "nano": 0
      }
    },
    "citySender": "Трускавець",
    "cityRecipient": "Суми"
  },
  {
    "number": 59000454911518,
    "dateTime": {
      "date": {
        "year": 2019,
        "month": 10,
        "day": 15
      },
      "time": {
        "hour": 10,
        "minute": 14,
        "second": 33,
        "nano": 0
      }
    },
    "citySender": "Дніпро",
    "cityRecipient": "Кривий Ріг"
  },
  {
    "number": 59000454911519,
    "dateTime": {
      "date": {
        "year": 2019,
        "month": 10,
        "day": 15
      },
      "time": {
        "hour": 10,
        "minute": 13,
        "second": 58,
        "nano": 0
      }
    },
    "citySender": "Циркуни",
    "cityRecipient": "Біловодськ"
  },
  {
    "number": 59000454911520,
    "dateTime": {
      "date": {
        "year": 2019,
        "month": 10,
        "day": 15
      },
      "time": {
        "hour": 10,
        "minute": 14,
        "second": 27,
        "nano": 0
      }
    },
    "citySender": "Харків",
    "cityRecipient": "Івано-Франківськ"
  },
  {
    "number": 59000454911521,
    "dateTime": {
      "date": {
        "year": 2019,
        "month": 10,
        "day": 15
      },
      "time": {
        "hour": 10,
        "minute": 14,
        "second": 17,
        "nano": 0
      }
    },
    "citySender": "Чернівці",
    "cityRecipient": "Конотоп"
  },
  {
    "number": 59000454911522,
    "dateTime": {
      "date": {
        "year": 2019,
        "month": 10,
        "day": 15
      },
      "time": {
        "hour": 10,
        "minute": 14,
        "second": 39,
        "nano": 0
      }
    },
    "citySender": "Вараш",
    "cityRecipient": "Полтава"
  },
  {
    "number": 59000454911524,
    "dateTime": {
      "date": {
        "year": 2019,
        "month": 10,
        "day": 15
      },
      "time": {
        "hour": 10,
        "minute": 14,
        "second": 36,
        "nano": 0
      }
    },
    "citySender": "Київ",
    "cityRecipient": "Київ"
  },
  {
    "number": 59000454911525,
    "dateTime": {
      "date": {
        "year": 2019,
        "month": 10,
        "day": 15
      },
      "time": {
        "hour": 10,
        "minute": 14,
        "second": 37,
        "nano": 0
      }
    },
    "citySender": "Роздільна (Одеська обл.)",
    "cityRecipient": "Новоборисівка"
  },
  {
    "number": 59000454911526,
    "dateTime": {
      "date": {
        "year": 2019,
        "month": 10,
        "day": 15
      },
      "time": {
        "hour": 10,
        "minute": 14,
        "second": 5,
        "nano": 0
      }
    },
    "citySender": "Новий Розділ",
    "cityRecipient": "Київ"
  },
  {
    "number": 59000454911527,
    "dateTime": {
      "date": {
        "year": 2019,
        "month": 10,
        "day": 15
      },
      "time": {
        "hour": 10,
        "minute": 13,
        "second": 12,
        "nano": 0
      }
    },
    "citySender": "Вінниця",
    "cityRecipient": "Кременчук"
  },
  {
    "number": 59000454911528,
    "dateTime": {
      "date": {
        "year": 2019,
        "month": 10,
        "day": 15
      },
      "time": {
        "hour": 10,
        "minute": 14,
        "second": 39,
        "nano": 0
      }
    },
    "citySender": "Львів",
    "cityRecipient": "Київ"
  },
  {
    "number": 59000454911529,
    "dateTime": {
      "date": {
        "year": 2019,
        "month": 10,
        "day": 15
      },
      "time": {
        "hour": 10,
        "minute": 14,
        "second": 43,
        "nano": 0
      }
    },
    "citySender": "Волноваха",
    "cityRecipient": "Маріуполь"
  }
]