[
  {
    "number": 59000454918028,
    "dateTime": {
      "date": {
        "year": 2019,
        "month": 10,
        "day": 15
      },
      "time": {
        "hour": 10,
        "minute": 30,
        "second": 12,
        "nano": 0
      }
    },
    "citySender": "Кривий Ріг",
    "cityRecipient": "Подільськ"
  },
  {
    "number": 59000454918029,
    "dateTime": {
      "date": {
        "year": 2019,
        "month": 10,
        "day": 15
      },
      "time": {
        "hour": 10,
        "minute": 30,
        "second": 39,
        "nano": 0
      }
    },
    "citySender": "Дворічна",
    "cityRecipient": "Харків"
  },
  {
    "number": 59000454918030,
    "dateTime": {
      "date": {
        "year": 2019,
        "month": 10,
        "day": 15
      },
      "time": {
        "hour": 10,
        "minute": 30,
        "second": 46,
        "nano": 0
      }
    },
    "citySender": "Тернопіль",
    "cityRecipient": "Вінниця"
  },
  {
    "number": 59000454918031,
    "dateTime": {
      "date": {
        "year": 2019,
        "month": 10,
        "day": 15
      },
      "time": {
        "hour": 10,
        "minute": 30,
        "second": 26,
        "nano": 0
      }
    },
    "citySender": "Калуш",
    "cityRecipient": "Дніпро"
  },
  {
    "number": 59000454918032,
    "dateTime": {
      "date": {
        "year": 2019,
        "month": 10,
        "day": 15
      },
      "time": {
        "hour": 10,
        "minute": 30,
        "second": 27,
        "nano": 0
      }
    },
    "citySender": "Одеса",
    "cityRecipient": "Зеленогірське"
  },
  {
    "number": 59000454918033,
    "dateTime": {
      "date": {
        "year": 2019,
        "month": 10,
        "day": 15
      },
      "time": {
        "hour": 10,
        "minute": 30,
        "second": 47,
        "nano": 0
      }
    },
    "citySender": "Харків",
    "cityRecipient": "Дніпро"
  },
  {
    "number": 59000454918034,
    "dateTime": {
      "date": {
        "year": 2019,
        "month": 10,
        "day": 15
      },
      "time": {
        "hour": 10,
        "minute": 30,
        "second": 21,
        "nano": 0
      }
    },
    "citySender": "Ріпки",
    "cityRecipient": "Дніпро"
  },
  {
    "number": 59000454918035,
    "dateTime": {
      "date": {
        "year": 2019,
        "month": 10,
        "day": 15
      },
      "time": {
        "hour": 10,
        "minute": 30,
        "second": 19,
        "nano": 0
      }
    },
    "citySender": "Калуш",
    "cityRecipient": "Здолбунів"
  },
  {
    "number": 59000454918036,
    "dateTime": {
      "date": {
        "year": 2019,
        "month": 10,
        "day": 15
      },
      "time": {
        "hour": 10,
        "minute": 30,
        "second": 47,
        "nano": 0
      }
    },
    "citySender": "Львів",
    "cityRecipient": "Сокаль"
  },
  {
    "number": 59000454918037,
    "dateTime": {
      "date": {
        "year": 2019,
        "month": 10,
        "day": 15
      },
      "time": {
        "hour": 10,
        "minute": 30,
        "second": 18,
        "nano": 0
      }
    },
    "citySender": "Херсон",
    "cityRecipient": "Запоріжжя"
  },
  {
    "number": 59000454918039,
    "dateTime": {
      "date": {
        "year": 2019,
        "month": 10,
        "day": 15
      },
      "time": {
        "hour": 10,
        "minute": 29,
        "second": 29,
        "nano": 0
      }
    },
    "citySender": "Київ",
    "cityRecipient": "Черкаси"
  },
  {
    "number": 59000454918040,
    "dateTime": {
      "date": {
        "year": 2019,
        "month": 10,
        "day": 15
      },
      "time": {
        "hour": 10,
        "minute": 30,
        "second": 2,
        "nano": 0
      }
    },
    "citySender": "Київ",
    "cityRecipient": "Іркліїв"
  },
  {
    "number": 59000454918041,
    "dateTime": {
      "date": {
        "year": 2019,
        "month": 10,
        "day": 15
      },
      "time": {
        "hour": 10,
        "minute": 30,
        "second": 28,
        "nano": 0
      }
    },
    "citySender": "Рівне",
    "cityRecipient": "Київ"
  },
  {
    "number": 59000454918042,
    "dateTime": {
      "date": {
        "year": 2019,
        "month": 10,
        "day": 15
      },
      "time": {
        "hour": 10,
        "minute": 30,
        "second": 37,
        "nano": 0
      }
    },
    "citySender": "Жовква",
    "cityRecipient": "Костопіль"
  },
  {
    "number": 59000454918043,
    "dateTime": {
      "date": {
        "year": 2019,
        "month": 10,
        "day": 15
      },
      "time": {
        "hour": 10,
        "minute": 30,
        "second": 33,
        "nano": 0
      }
    },
    "citySender": "Київ",
    "cityRecipient": "Піщанка (Вінницька обл.)"
  },
  {
    "number": 59000454918044,
    "dateTime": {
      "date": {
        "year": 2019,
        "month": 10,
        "day": 15
      },
      "time": {
        "hour": 10,
        "minute": 30,
        "second": 18,
        "nano": 0
      }
    },
    "citySender": "Львів",
    "cityRecipient": "Одеса"
  },
  {
    "number": 59000454918045,
    "dateTime": {
      "date": {
        "year": 2019,
        "month": 10,
        "day": 15
      },
      "time": {
        "hour": 10,
        "minute": 30,
        "second": 20,
        "nano": 0
      }
    },
    "citySender": "Харків",
    "cityRecipient": "Суми"
  },
  {
    "number": 59000454918046,
    "dateTime": {
      "date": {
        "year": 2019,
        "month": 10,
        "day": 15
      },
      "time": {
        "hour": 10,
        "minute": 27,
        "second": 27,
        "nano": 0
      }
    },
    "citySender": "Бердянськ",
    "cityRecipient": "Київ"
  },
  {
    "number": 59000454918047,
    "dateTime": {
      "date": {
        "year": 2019,
        "month": 10,
        "day": 15
      },
      "time": {
        "hour": 10,
        "minute": 30,
        "second": 18,
        "nano": 0
      }
    },
    "citySender": "Пологи (Запорізька обл.)",
    "cityRecipient": "Андріївка (Волноваський р-н., Донецька обл.)"
  },
  {
    "number": 59000454918048,
    "dateTime": {
      "date": {
        "year": 2019,
        "month": 10,
        "day": 15
      },
      "time": {
        "hour": 10,
        "minute": 30,
        "second": 14,
        "nano": 0
      }
    },
    "citySender": "Синельникове",
    "cityRecipient": "Дніпро"
  },
  {
    "number": 59000454918049,
    "dateTime": {
      "date": {
        "year": 2019,
        "month": 10,
        "day": 15
      },
      "time": {
        "hour": 10,
        "minute": 30,
        "second": 34,
        "nano": 0
      }
    },
    "citySender": "Чернівці",
    "cityRecipient": "Миколаїв"
  },
  {
    "number": 59000454918051,
    "dateTime": {
      "date": {
        "year": 2019,
        "month": 10,
        "day": 15
      },
      "time": {
        "hour": 20,
        "minute": 47,
        "second": 45,
        "nano": 0
      }
    },
    "citySender": "Херсон",
    "cityRecipient": "Одеса"
  },
  {
    "number": 59000454918052,
    "dateTime": {
      "date": {
        "year": 2019,
        "month": 10,
        "day": 15
      },
      "time": {
        "hour": 10,
        "minute": 30,
        "second": 50,
        "nano": 0
      }
    },
    "citySender": "Одеса",
    "cityRecipient": "Одеса"
  },
  {
    "number": 59000454918053,
    "dateTime": {
      "date": {
        "year": 2019,
        "month": 10,
        "day": 15
      },
      "time": {
        "hour": 10,
        "minute": 30,
        "second": 37,
        "nano": 0
      }
    },
    "citySender": "Маньківка",
    "cityRecipient": "Київ"
  },
  {
    "number": 59000454918054,
    "dateTime": {
      "date": {
        "year": 2019,
        "month": 10,
        "day": 15
      },
      "time": {
        "hour": 10,
        "minute": 30,
        "second": 50,
        "nano": 0
      }
    },
    "citySender": "Київ",
    "cityRecipient": "Херсон"
  },
  {
    "number": 59000454918055,
    "dateTime": {
      "date": {
        "year": 2019,
        "month": 10,
        "day": 15
      },
      "time": {
        "hour": 10,
        "minute": 30,
        "second": 29,
        "nano": 0
      }
    },
    "citySender": "Запоріжжя",
    "cityRecipient": "Харків"
  },
  {
    "number": 59000454918056,
    "dateTime": {
      "date": {
        "year": 2019,
        "month": 10,
        "day": 15
      },
      "time": {
        "hour": 10,
        "minute": 29,
        "second": 36,
        "nano": 0
      }
    },
    "citySender": "Лозова",
    "cityRecipient": "Харків"
  },
  {
    "number": 59000454918057,
    "dateTime": {
      "date": {
        "year": 2019,
        "month": 10,
        "day": 15
      },
      "time": {
        "hour": 10,
        "minute": 30,
        "second": 33,
        "nano": 0
      }
    },
    "citySender": "Рівне",
    "cityRecipient": "Харків"
  },
  {
    "number": 59000454918058,
    "dateTime": {
      "date": {
        "year": 2019,
        "month": 10,
        "day": 15
      },
      "time": {
        "hour": 10,
        "minute": 30,
        "second": 25,
        "nano": 0
      }
    },
    "citySender": "Солоницівка",
    "cityRecipient": "Новгород-Сіверський"
  },
  {
    "number": 59000454918059,
    "dateTime": {
      "date": {
        "year": 2019,
        "month": 10,
        "day": 15
      },
      "time": {
        "hour": 10,
        "minute": 29,
        "second": 59,
        "nano": 0
      }
    },
    "citySender": "Оржиця",
    "cityRecipient": "Київ"
  },
  {
    "number": 59000454918060,
    "dateTime": {
      "date": {
        "year": 2019,
        "month": 10,
        "day": 15
      },
      "time": {
        "hour": 10,
        "minute": 30,
        "second": 17,
        "nano": 0
      }
    },
    "citySender": "Бориспіль",
    "cityRecipient": "Львів"
  },
  {
    "number": 59000454918061,
    "dateTime": {
      "date": {
        "year": 2019,
        "month": 10,
        "day": 15
      },
      "time": {
        "hour": 10,
        "minute": 30,
        "second": 48,
        "nano": 0
      }
    },
    "citySender": "Київ",
    "cityRecipient": "Дніпро"
  },
  {
    "number": 59000454918062,
    "dateTime": {
      "date": {
        "year": 2019,
        "month": 10,
        "day": 15
      },
      "time": {
        "hour": 10,
        "minute": 30,
        "second": 36,
        "nano": 0
      }
    },
    "citySender": "Одеса",
    "cityRecipient": "Полтава"
  },
  {
    "number": 59000454918063,
    "dateTime": {
      "date": {
        "year": 2019,
        "month": 10,
        "day": 15
      },
      "time": {
        "hour": 10,
        "minute": 30,
        "second": 46,
        "nano": 0
      }
    },
    "citySender": "Нові Петрівці",
    "cityRecipient": "Херсон"
  },
  {
    "number": 59000454918064,
    "dateTime": {
      "date": {
        "year": 2019,
        "month": 10,
        "day": 15
      },
      "time": {
        "hour": 10,
        "minute": 29,
        "second": 49,
        "nano": 0
      }
    },
    "citySender": "Зміїв",
    "cityRecipient": "Чернівці"
  },
  {
    "number": 59000454918065,
    "dateTime": {
      "date": {
        "year": 2019,
        "month": 10,
        "day": 15
      },
      "time": {
        "hour": 10,
        "minute": 30,
        "second": 25,
        "nano": 0
      }
    },
    "citySender": "Косів",
    "cityRecipient": "Київ"
  },
  {
    "number": 59000454918066,
    "dateTime": {
      "date": {
        "year": 2019,
        "month": 10,
        "day": 15
      },
      "time": {
        "hour": 10,
        "minute": 30,
        "second": 30,
        "nano": 0
      }
    },
    "citySender": "Олесько",
    "cityRecipient": "Васильків"
  },
  {
    "number": 59000454918067,
    "dateTime": {
      "date": {
        "year": 2019,
        "month": 10,
        "day": 15
      },
      "time": {
        "hour": 10,
        "minute": 30,
        "second": 49,
        "nano": 0
      }
    },
    "citySender": "Вільнянськ",
    "cityRecipient": "Тиврів"
  },
  {
    "number": 59000454918068,
    "dateTime": {
      "date": {
        "year": 2019,
        "month": 10,
        "day": 15
      },
      "time": {
        "hour": 10,
        "minute": 30,
        "second": 37,
        "nano": 0
      }
    },
    "citySender": "Хорол",
    "cityRecipient": "Запоріжжя"
  },
  {
    "number": 59000454918069,
    "dateTime": {
      "date": {
        "year": 2019,
        "month": 10,
        "day": 15
      },
      "time": {
        "hour": 10,
        "minute": 30,
        "second": 48,
        "nano": 0
      }
    },
    "citySender": "Київ",
    "cityRecipient": "Запоріжжя"
  },
  {
    "number": 59000454918070,
    "dateTime": {
      "date": {
        "year": 2019,
        "month": 10,
        "day": 15
      },
      "time": {
        "hour": 10,
        "minute": 30,
        "second": 51,
        "nano": 0
      }
    },
    "citySender": "Славутич",
    "cityRecipient": "Чернігів"
  },
  {
    "number": 59000454918071,
    "dateTime": {
      "date": {
        "year": 2019,
        "month": 10,
        "day": 15
      },
      "time": {
        "hour": 10,
        "minute": 30,
        "second": 13,
        "nano": 0
      }
    },
    "citySender": "Київ",
    "cityRecipient": "Кривий Ріг"
  },
  {
    "number": 59000454918072,
    "dateTime": {
      "date": {
        "year": 2019,
        "month": 10,
        "day": 15
      },
      "time": {
        "hour": 10,
        "minute": 30,
        "second": 52,
        "nano": 0
      }
    },
    "citySender": "Новоград-Волинський",
    "cityRecipient": "Харків"
  },
  {
    "number": 59000454918074,
    "dateTime": {
      "date": {
        "year": 2019,
        "month": 10,
        "day": 15
      },
      "time": {
        "hour": 10,
        "minute": 30,
        "second": 50,
        "nano": 0
      }
    },
    "citySender": "Українка",
    "cityRecipient": "Київ"
  },
  {
    "number": 59000454918075,
    "dateTime": {
      "date": {
        "year": 2019,
        "month": 10,
        "day": 15
      },
      "time": {
        "hour": 10,
        "minute": 30,
        "second": 46,
        "nano": 0
      }
    },
    "citySender": "Київ",
    "cityRecipient": "Київ"
  },
  {
    "number": 59000454918076,
    "dateTime": {
      "date": {
        "year": 2019,
        "month": 10,
        "day": 15
      },
      "time": {
        "hour": 10,
        "minute": 30,
        "second": 47,
        "nano": 0
      }
    },
    "citySender": "Київ",
    "cityRecipient": "Київ"
  },
  {
    "number": 59000454918077,
    "dateTime": {
      "date": {
        "year": 2019,
        "month": 10,
        "day": 15
      },
      "time": {
        "hour": 10,
        "minute": 30,
        "second": 34,
        "nano": 0
      }
    },
    "citySender": "Київ",
    "cityRecipient": "Липкуватівка"
  },
  {
    "number": 59000454918078,
    "dateTime": {
      "date": {
        "year": 2019,
        "month": 10,
        "day": 15
      },
      "time": {
        "hour": 10,
        "minute": 30,
        "second": 18,
        "nano": 0
      }
    },
    "citySender": "Миколаїв",
    "cityRecipient": "Київ"
  },
  {
    "number": 59000454918079,
    "dateTime": {
      "date": {
        "year": 2019,
        "month": 10,
        "day": 15
      },
      "time": {
        "hour": 10,
        "minute": 29,
        "second": 55,
        "nano": 0
      }
    },
    "citySender": "Харків",
    "cityRecipient": "Одеса"
  },
  {
    "number": 59000454918080,
    "dateTime": {
      "date": {
        "year": 2019,
        "month": 10,
        "day": 15
      },
      "time": {
        "hour": 10,
        "minute": 30,
        "second": 30,
        "nano": 0
      }
    },
    "citySender": "Стрий",
    "cityRecipient": "Київ"
  },
  {
    "number": 59000454918081,
    "dateTime": {
      "date": {
        "year": 2019,
        "month": 10,
        "day": 15
      },
      "time": {
        "hour": 10,
        "minute": 30,
        "second": 46,
        "nano": 0
      }
    },
    "citySender": "Львів",
    "cityRecipient": "Новогродівка"
  },
  {
    "number": 59000454918082,
    "dateTime": {
      "date": {
        "year": 2019,
        "month": 10,
        "day": 15
      },
      "time": {
        "hour": 10,
        "minute": 30,
        "second": 10,
        "nano": 0
      }
    },
    "citySender": "Кам\u0027янське(Дніпропетровська обл)",
    "cityRecipient": "Нікополь (Дніпропетровська обл.)"
  },
  {
    "number": 59000454918083,
    "dateTime": {
      "date": {
        "year": 2019,
        "month": 10,
        "day": 15
      },
      "time": {
        "hour": 10,
        "minute": 30,
        "second": 40,
        "nano": 0
      }
    },
    "citySender": "Почаїв",
    "cityRecipient": "Божедарівка(Криничанський р-н)"
  },
  {
    "number": 59000454918084,
    "dateTime": {
      "date": {
        "year": 2019,
        "month": 10,
        "day": 15
      },
      "time": {
        "hour": 10,
        "minute": 30,
        "second": 37,
        "nano": 0
      }
    },
    "citySender": "Київ",
    "cityRecipient": "Затока"
  },
  {
    "number": 59000454918085,
    "dateTime": {
      "date": {
        "year": 2019,
        "month": 10,
        "day": 15
      },
      "time": {
        "hour": 10,
        "minute": 30,
        "second": 38,
        "nano": 0
      }
    },
    "citySender": "Кривий Ріг",
    "cityRecipient": "Кривий Ріг"
  },
  {
    "number": 59000454918086,
    "dateTime": {
      "date": {
        "year": 2019,
        "month": 10,
        "day": 15
      },
      "time": {
        "hour": 10,
        "minute": 30,
        "second": 39,
        "nano": 0
      }
    },
    "citySender": "Станиця Луганська",
    "cityRecipient": "Київ"
  },
  {
    "number": 59000454918087,
    "dateTime": {
      "date": {
        "year": 2019,
        "month": 10,
        "day": 15
      },
      "time": {
        "hour": 10,
        "minute": 30,
        "second": 55,
        "nano": 0
      }
    },
    "citySender": "Агрономічне",
    "cityRecipient": "Вінниця"
  },
  {
    "number": 59000454918088,
    "dateTime": {
      "date": {
        "year": 2019,
        "month": 10,
        "day": 15
      },
      "time": {
        "hour": 10,
        "minute": 30,
        "second": 55,
        "nano": 0
      }
    },
    "citySender": "Київ",
    "cityRecipient": "Харків"
  },
  {
    "number": 59000454918089,
    "dateTime": {
      "date": {
        "year": 2019,
        "month": 10,
        "day": 15
      },
      "time": {
        "hour": 10,
        "minute": 30,
        "second": 34,
        "nano": 0
      }
    },
    "citySender": "Піщанка (Вінницька обл.)",
    "cityRecipient": "Київ"
  },
  {
    "number": 59000454918090,
    "dateTime": {
      "date": {
        "year": 2019,
        "month": 10,
        "day": 15
      },
      "time": {
        "hour": 10,
        "minute": 30,
        "second": 44,
        "nano": 0
      }
    },
    "citySender": "Дніпро",
    "cityRecipient": "Київ"
  },
  {
    "number": 59000454918091,
    "dateTime": {
      "date": {
        "year": 2019,
        "month": 10,
        "day": 15
      },
      "time": {
        "hour": 10,
        "minute": 30,
        "second": 27,
        "nano": 0
      }
    },
    "citySender": "Деражня",
    "cityRecipient": "Кривий Ріг"
  },
  {
    "number": 59000454918092,
    "dateTime": {
      "date": {
        "year": 2019,
        "month": 10,
        "day": 15
      },
      "time": {
        "hour": 10,
        "minute": 30,
        "second": 31,
        "nano": 0
      }
    },
    "citySender": "Суми",
    "cityRecipient": "Київ"
  },
  {
    "number": 59000454918093,
    "dateTime": {
      "date": {
        "year": 2019,
        "month": 10,
        "day": 15
      },
      "time": {
        "hour": 10,
        "minute": 30,
        "second": 36,
        "nano": 0
      }
    },
    "citySender": "Запоріжжя",
    "cityRecipient": "Дніпро"
  },
  {
    "number": 59000454918094,
    "dateTime": {
      "date": {
        "year": 2019,
        "month": 10,
        "day": 15
      },
      "time": {
        "hour": 10,
        "minute": 30,
        "second": 56,
        "nano": 0
      }
    },
    "citySender": "Черкаси",
    "cityRecipient": "Черкаси"
  },
  {
    "number": 59000454918095,
    "dateTime": {
      "date": {
        "year": 2019,
        "month": 10,
        "day": 15
      },
      "time": {
        "hour": 10,
        "minute": 29,
        "second": 44,
        "nano": 0
      }
    },
    "citySender": "Петриківка",
    "cityRecipient": "Дніпряни"
  },
  {
    "number": 59000454918096,
    "dateTime": {
      "date": {
        "year": 2019,
        "month": 10,
        "day": 15
      },
      "time": {
        "hour": 10,
        "minute": 30,
        "second": 52,
        "nano": 0
      }
    },
    "citySender": "Дніпро",
    "cityRecipient": "Одеса"
  },
  {
    "number": 59000454918097,
    "dateTime": {
      "date": {
        "year": 2019,
        "month": 10,
        "day": 15
      },
      "time": {
        "hour": 10,
        "minute": 30,
        "second": 56,
        "nano": 0
      }
    },
    "citySender": "Біляївка",
    "cityRecipient": "Дніпро"
  },
  {
    "number": 59000454918098,
    "dateTime": {
      "date": {
        "year": 2019,
        "month": 10,
        "day": 15
      },
      "time": {
        "hour": 10,
        "minute": 30,
        "second": 20,
        "nano": 0
      }
    },
    "citySender": "Дніпро",
    "cityRecipient": "Київ"
  },
  {
    "number": 59000454918099,
    "dateTime": {
      "date": {
        "year": 2019,
        "month": 10,
        "day": 15
      },
      "time": {
        "hour": 10,
        "minute": 30,
        "second": 56,
        "nano": 0
      }
    },
    "citySender": "Івано-Франківськ",
    "cityRecipient": "Чернігів"
  },
  {
    "number": 59000454918100,
    "dateTime": {
      "date": {
        "year": 2019,
        "month": 10,
        "day": 15
      },
      "time": {
        "hour": 10,
        "minute": 30,
        "second": 56,
        "nano": 0
      }
    },
    "citySender": "Одеса",
    "cityRecipient": "Виноградів"
  },
  {
    "number": 59000454918101,
    "dateTime": {
      "date": {
        "year": 2019,
        "month": 10,
        "day": 15
      },
      "time": {
        "hour": 10,
        "minute": 30,
        "second": 57,
        "nano": 0
      }
    },
    "citySender": "Дружківка",
    "cityRecipient": "Львів"
  },
  {
    "number": 59000454918102,
    "dateTime": {
      "date": {
        "year": 2019,
        "month": 10,
        "day": 15
      },
      "time": {
        "hour": 10,
        "minute": 30,
        "second": 43,
        "nano": 0
      }
    },
    "citySender": "Ужгород",
    "cityRecipient": "Хмельницький"
  },
  {
    "number": 59000454918103,
    "dateTime": {
      "date": {
        "year": 2019,
        "month": 10,
        "day": 15
      },
      "time": {
        "hour": 10,
        "minute": 30,
        "second": 50,
        "nano": 0
      }
    },
    "citySender": "Коломия",
    "cityRecipient": "Одеса"
  },
  {
    "number": 59000454918104,
    "dateTime": {
      "date": {
        "year": 2019,
        "month": 10,
        "day": 15
      },
      "time": {
        "hour": 10,
        "minute": 30,
        "second": 16,
        "nano": 0
      }
    },
    "citySender": "Харків",
    "cityRecipient": "Колочава"
  },
  {
    "number": 59000454918105,
    "dateTime": {
      "date": {
        "year": 2019,
        "month": 10,
        "day": 15
      },
      "time": {
        "hour": 10,
        "minute": 30,
        "second": 47,
        "nano": 0
      }
    },
    "citySender": "Бориспіль",
    "cityRecipient": "Бровари"
  },
  {
    "number": 59000454918106,
    "dateTime": {
      "date": {
        "year": 2019,
        "month": 10,
        "day": 15
      },
      "time": {
        "hour": 10,
        "minute": 30,
        "second": 42,
        "nano": 0
      }
    },
    "citySender": "Дружківка",
    "cityRecipient": "Київ"
  },
  {
    "number": 59000454918107,
    "dateTime": {
      "date": {
        "year": 2019,
        "month": 10,
        "day": 15
      },
      "time": {
        "hour": 10,
        "minute": 27,
        "second": 47,
        "nano": 0
      }
    },
    "citySender": "Окни",
    "cityRecipient": "Корнин (Житомирська обл.)"
  },
  {
    "number": 59000454918108,
    "dateTime": {
      "date": {
        "year": 2019,
        "month": 10,
        "day": 15
      },
      "time": {
        "hour": 10,
        "minute": 30,
        "second": 57,
        "nano": 0
      }
    },
    "citySender": "Одеса",
    "cityRecipient": "Чернівці"
  },
  {
    "number": 59000454918109,
    "dateTime": {
      "date": {
        "year": 2019,
        "month": 10,
        "day": 15
      },
      "time": {
        "hour": 10,
        "minute": 30,
        "second": 51,
        "nano": 0
      }
    },
    "citySender": "Івано-Франкове",
    "cityRecipient": "Полтава"
  },
  {
    "number": 59000454918110,
    "dateTime": {
      "date": {
        "year": 2019,
        "month": 10,
        "day": 15
      },
      "time": {
        "hour": 10,
        "minute": 30,
        "second": 58,
        "nano": 0
      }
    },
    "citySender": "Львів",
    "cityRecipient": "Новодністровськ"
  },
  {
    "number": 59000454918111,
    "dateTime": {
      "date": {
        "year": 2019,
        "month": 10,
        "day": 15
      },
      "time": {
        "hour": 10,
        "minute": 30,
        "second": 46,
        "nano": 0
      }
    },
    "citySender": "Чернівці",
    "cityRecipient": "Вижниця"
  },
  {
    "number": 59000454918112,
    "dateTime": {
      "date": {
        "year": 2019,
        "month": 10,
        "day": 15
      },
      "time": {
        "hour": 10,
        "minute": 29,
        "second": 18,
        "nano": 0
      }
    },
    "citySender": "Одеса",
    "cityRecipient": "Червоноград (Львівська обл.)"
  },
  {
    "number": 59000454918113,
    "dateTime": {
      "date": {
        "year": 2019,
        "month": 10,
        "day": 15
      },
      "time": {
        "hour": 10,
        "minute": 30,
        "second": 0,
        "nano": 0
      }
    },
    "citySender": "Київ",
    "cityRecipient": "Київ"
  },
  {
    "number": 59000454918114,
    "dateTime": {
      "date": {
        "year": 2019,
        "month": 10,
        "day": 15
      },
      "time": {
        "hour": 10,
        "minute": 29,
        "second": 52,
        "nano": 0
      }
    },
    "citySender": "Любомль",
    "cityRecipient": "Івано-Франківськ"
  },
  {
    "number": 59000454918115,
    "dateTime": {
      "date": {
        "year": 2019,
        "month": 10,
        "day": 15
      },
      "time": {
        "hour": 10,
        "minute": 30,
        "second": 19,
        "nano": 0
      }
    },
    "citySender": "Чернігів",
    "cityRecipient": "Дніпро"
  },
  {
    "number": 59000454918116,
    "dateTime": {
      "date": {
        "year": 2019,
        "month": 10,
        "day": 15
      },
      "time": {
        "hour": 10,
        "minute": 30,
        "second": 47,
        "nano": 0
      }
    },
    "citySender": "Глеваха",
    "cityRecipient": "Київ"
  },
  {
    "number": 59000454918117,
    "dateTime": {
      "date": {
        "year": 2019,
        "month": 10,
        "day": 15
      },
      "time": {
        "hour": 10,
        "minute": 30,
        "second": 28,
        "nano": 0
      }
    },
    "citySender": "Маріуполь",
    "cityRecipient": "Дніпро"
  },
  {
    "number": 59000454918118,
    "dateTime": {
      "date": {
        "year": 2019,
        "month": 10,
        "day": 15
      },
      "time": {
        "hour": 10,
        "minute": 30,
        "second": 41,
        "nano": 0
      }
    },
    "citySender": "Хмельницький",
    "cityRecipient": "Кам\u0027янське(Дніпропетровська обл)"
  },
  {
    "number": 59000454918119,
    "dateTime": {
      "date": {
        "year": 2019,
        "month": 10,
        "day": 15
      },
      "time": {
        "hour": 10,
        "minute": 30,
        "second": 48,
        "nano": 0
      }
    },
    "citySender": "Маріуполь",
    "cityRecipient": "Дніпро"
  },
  {
    "number": 59000454918120,
    "dateTime": {
      "date": {
        "year": 2019,
        "month": 10,
        "day": 15
      },
      "time": {
        "hour": 10,
        "minute": 30,
        "second": 51,
        "nano": 0
      }
    },
    "citySender": "Умань",
    "cityRecipient": "Одеса"
  },
  {
    "number": 59000454918121,
    "dateTime": {
      "date": {
        "year": 2019,
        "month": 10,
        "day": 15
      },
      "time": {
        "hour": 10,
        "minute": 30,
        "second": 45,
        "nano": 0
      }
    },
    "citySender": "Лисичанськ",
    "cityRecipient": "Дніпро"
  },
  {
    "number": 59000454918122,
    "dateTime": {
      "date": {
        "year": 2019,
        "month": 10,
        "day": 15
      },
      "time": {
        "hour": 10,
        "minute": 30,
        "second": 40,
        "nano": 0
      }
    },
    "citySender": "Одеса",
    "cityRecipient": "Вінниця"
  },
  {
    "number": 59000454918123,
    "dateTime": {
      "date": {
        "year": 2019,
        "month": 10,
        "day": 15
      },
      "time": {
        "hour": 10,
        "minute": 30,
        "second": 45,
        "nano": 0
      }
    },
    "citySender": "Черкаси",
    "cityRecipient": "Дніпро"
  },
  {
    "number": 59000454918124,
    "dateTime": {
      "date": {
        "year": 2019,
        "month": 10,
        "day": 15
      },
      "time": {
        "hour": 10,
        "minute": 30,
        "second": 49,
        "nano": 0
      }
    },
    "citySender": "Київ",
    "cityRecipient": "Понорниця"
  },
  {
    "number": 59000454918126,
    "dateTime": {
      "date": {
        "year": 2019,
        "month": 10,
        "day": 15
      },
      "time": {
        "hour": 10,
        "minute": 27,
        "second": 35,
        "nano": 0
      }
    },
    "citySender": "Благовіщенське(Кіровоградська обл.)",
    "cityRecipient": "Харків"
  },
  {
    "number": 59000454918127,
    "dateTime": {
      "date": {
        "year": 2019,
        "month": 10,
        "day": 15
      },
      "time": {
        "hour": 10,
        "minute": 30,
        "second": 52,
        "nano": 0
      }
    },
    "citySender": "Старобільськ",
    "cityRecipient": "Одеса"
  }
]