[
  {
    "number": 59000454886644,
    "dateTime": {
      "date": {
        "year": 2019,
        "month": 10,
        "day": 15
      },
      "time": {
        "hour": 9,
        "minute": 9,
        "second": 13,
        "nano": 0
      }
    },
    "citySender": "Березнегувате",
    "cityRecipient": "Бахмут"
  },
  {
    "number": 59000454886645,
    "dateTime": {
      "date": {
        "year": 2019,
        "month": 10,
        "day": 15
      },
      "time": {
        "hour": 9,
        "minute": 9,
        "second": 26,
        "nano": 0
      }
    },
    "citySender": "Одеса",
    "cityRecipient": "Одеса"
  },
  {
    "number": 59000454886646,
    "dateTime": {
      "date": {
        "year": 2019,
        "month": 10,
        "day": 15
      },
      "time": {
        "hour": 9,
        "minute": 9,
        "second": 40,
        "nano": 0
      }
    },
    "citySender": "Іванівка (Херсонська обл.)",
    "cityRecipient": "Миколаїв"
  },
  {
    "number": 59000454886647,
    "dateTime": {
      "date": {
        "year": 2019,
        "month": 10,
        "day": 15
      },
      "time": {
        "hour": 9,
        "minute": 8,
        "second": 1,
        "nano": 0
      }
    },
    "citySender": "Розівка (Розівський р-н)",
    "cityRecipient": "Миколаїв"
  },
  {
    "number": 59000454886649,
    "dateTime": {
      "date": {
        "year": 2019,
        "month": 10,
        "day": 15
      },
      "time": {
        "hour": 9,
        "minute": 8,
        "second": 44,
        "nano": 0
      }
    },
    "citySender": "Київ",
    "cityRecipient": "Харків"
  },
  {
    "number": 59000454886650,
    "dateTime": {
      "date": {
        "year": 2019,
        "month": 10,
        "day": 15
      },
      "time": {
        "hour": 9,
        "minute": 9,
        "second": 29,
        "nano": 0
      }
    },
    "citySender": "Шепетівка",
    "cityRecipient": "Київ"
  },
  {
    "number": 59000454886651,
    "dateTime": {
      "date": {
        "year": 2019,
        "month": 10,
        "day": 15
      },
      "time": {
        "hour": 9,
        "minute": 9,
        "second": 47,
        "nano": 0
      }
    },
    "citySender": "Гвардійське (Дніпропетровськ)",
    "cityRecipient": "Дніпро"
  },
  {
    "number": 59000454886652,
    "dateTime": {
      "date": {
        "year": 2019,
        "month": 10,
        "day": 15
      },
      "time": {
        "hour": 9,
        "minute": 9,
        "second": 7,
        "nano": 0
      }
    },
    "citySender": "Харків",
    "cityRecipient": "Черкаська Лозова"
  },
  {
    "number": 59000454886653,
    "dateTime": {
      "date": {
        "year": 2019,
        "month": 10,
        "day": 15
      },
      "time": {
        "hour": 9,
        "minute": 9,
        "second": 42,
        "nano": 0
      }
    },
    "citySender": "Херсон",
    "cityRecipient": "Скадовськ"
  },
  {
    "number": 59000454886654,
    "dateTime": {
      "date": {
        "year": 2019,
        "month": 10,
        "day": 15
      },
      "time": {
        "hour": 9,
        "minute": 9,
        "second": 48,
        "nano": 0
      }
    },
    "citySender": "Київ",
    "cityRecipient": "Київ"
  },
  {
    "number": 59000454886655,
    "dateTime": {
      "date": {
        "year": 2019,
        "month": 10,
        "day": 15
      },
      "time": {
        "hour": 9,
        "minute": 9,
        "second": 31,
        "nano": 0
      }
    },
    "citySender": "Полтава",
    "cityRecipient": "Дніпро"
  },
  {
    "number": 59000454886656,
    "dateTime": {
      "date": {
        "year": 2019,
        "month": 10,
        "day": 15
      },
      "time": {
        "hour": 9,
        "minute": 8,
        "second": 34,
        "nano": 0
      }
    },
    "citySender": "Станіславчик",
    "cityRecipient": "Гірник"
  },
  {
    "number": 59000454886657,
    "dateTime": {
      "date": {
        "year": 2019,
        "month": 10,
        "day": 15
      },
      "time": {
        "hour": 9,
        "minute": 9,
        "second": 49,
        "nano": 0
      }
    },
    "citySender": "Київ",
    "cityRecipient": "Херсон"
  },
  {
    "number": 59000454886658,
    "dateTime": {
      "date": {
        "year": 2019,
        "month": 10,
        "day": 15
      },
      "time": {
        "hour": 9,
        "minute": 8,
        "second": 20,
        "nano": 0
      }
    },
    "citySender": "Київ",
    "cityRecipient": "Київ"
  },
  {
    "number": 59000454886659,
    "dateTime": {
      "date": {
        "year": 2019,
        "month": 10,
        "day": 15
      },
      "time": {
        "hour": 9,
        "minute": 9,
        "second": 7,
        "nano": 0
      }
    },
    "citySender": "Новгород-Сіверський",
    "cityRecipient": "Лисичанськ"
  },
  {
    "number": 59000454886660,
    "dateTime": {
      "date": {
        "year": 2019,
        "month": 10,
        "day": 15
      },
      "time": {
        "hour": 9,
        "minute": 9,
        "second": 41,
        "nano": 0
      }
    },
    "citySender": "Одеса",
    "cityRecipient": "Одеса"
  },
  {
    "number": 59000454886661,
    "dateTime": {
      "date": {
        "year": 2019,
        "month": 10,
        "day": 15
      },
      "time": {
        "hour": 9,
        "minute": 9,
        "second": 24,
        "nano": 0
      }
    },
    "citySender": "Київ",
    "cityRecipient": "Бердянськ"
  },
  {
    "number": 59000454886662,
    "dateTime": {
      "date": {
        "year": 2019,
        "month": 10,
        "day": 15
      },
      "time": {
        "hour": 9,
        "minute": 9,
        "second": 5,
        "nano": 0
      }
    },
    "citySender": "Кремінна",
    "cityRecipient": "Дніпро"
  },
  {
    "number": 59000454886663,
    "dateTime": {
      "date": {
        "year": 2019,
        "month": 10,
        "day": 15
      },
      "time": {
        "hour": 9,
        "minute": 9,
        "second": 50,
        "nano": 0
      }
    },
    "citySender": "Івано-Франківськ",
    "cityRecipient": "Харків"
  },
  {
    "number": 59000454886664,
    "dateTime": {
      "date": {
        "year": 2019,
        "month": 10,
        "day": 15
      },
      "time": {
        "hour": 9,
        "minute": 7,
        "second": 51,
        "nano": 0
      }
    },
    "citySender": "Окни",
    "cityRecipient": "Миколаїв"
  },
  {
    "number": 59000454886665,
    "dateTime": {
      "date": {
        "year": 2019,
        "month": 10,
        "day": 15
      },
      "time": {
        "hour": 9,
        "minute": 9,
        "second": 47,
        "nano": 0
      }
    },
    "citySender": "Малехів",
    "cityRecipient": "Іванків (Іванківський р-н)"
  },
  {
    "number": 59000454886666,
    "dateTime": {
      "date": {
        "year": 2019,
        "month": 10,
        "day": 15
      },
      "time": {
        "hour": 9,
        "minute": 9,
        "second": 14,
        "nano": 0
      }
    },
    "citySender": "Бобринець",
    "cityRecipient": "Запоріжжя"
  },
  {
    "number": 59000454886667,
    "dateTime": {
      "date": {
        "year": 2019,
        "month": 10,
        "day": 15
      },
      "time": {
        "hour": 9,
        "minute": 9,
        "second": 43,
        "nano": 0
      }
    },
    "citySender": "Недригайлів (Сумська обл.)",
    "cityRecipient": "Маріуполь"
  },
  {
    "number": 59000454886668,
    "dateTime": {
      "date": {
        "year": 2019,
        "month": 10,
        "day": 15
      },
      "time": {
        "hour": 9,
        "minute": 7,
        "second": 53,
        "nano": 0
      }
    },
    "citySender": "Харків",
    "cityRecipient": "Бердичів"
  },
  {
    "number": 59000454886669,
    "dateTime": {
      "date": {
        "year": 2019,
        "month": 10,
        "day": 15
      },
      "time": {
        "hour": 9,
        "minute": 9,
        "second": 46,
        "nano": 0
      }
    },
    "citySender": "Приморськ (Запорізька обл.)",
    "cityRecipient": "Житомир"
  },
  {
    "number": 59000454886670,
    "dateTime": {
      "date": {
        "year": 2019,
        "month": 10,
        "day": 15
      },
      "time": {
        "hour": 9,
        "minute": 9,
        "second": 8,
        "nano": 0
      }
    },
    "citySender": "Київ",
    "cityRecipient": "Вижниця"
  },
  {
    "number": 59000454886671,
    "dateTime": {
      "date": {
        "year": 2019,
        "month": 10,
        "day": 15
      },
      "time": {
        "hour": 9,
        "minute": 9,
        "second": 48,
        "nano": 0
      }
    },
    "citySender": "Херсон",
    "cityRecipient": "Черкаси"
  },
  {
    "number": 59000454886673,
    "dateTime": {
      "date": {
        "year": 2019,
        "month": 10,
        "day": 15
      },
      "time": {
        "hour": 9,
        "minute": 9,
        "second": 23,
        "nano": 0
      }
    },
    "citySender": "Ужгород",
    "cityRecipient": "Королево"
  },
  {
    "number": 59000454886674,
    "dateTime": {
      "date": {
        "year": 2019,
        "month": 10,
        "day": 15
      },
      "time": {
        "hour": 9,
        "minute": 9,
        "second": 51,
        "nano": 0
      }
    },
    "citySender": "Київ",
    "cityRecipient": "Вільхівці"
  },
  {
    "number": 59000454886675,
    "dateTime": {
      "date": {
        "year": 2019,
        "month": 10,
        "day": 15
      },
      "time": {
        "hour": 9,
        "minute": 9,
        "second": 22,
        "nano": 0
      }
    },
    "citySender": "Зеленодольськ",
    "cityRecipient": "Бровари"
  },
  {
    "number": 59000454886676,
    "dateTime": {
      "date": {
        "year": 2019,
        "month": 10,
        "day": 15
      },
      "time": {
        "hour": 9,
        "minute": 9,
        "second": 48,
        "nano": 0
      }
    },
    "citySender": "Виноградів",
    "cityRecipient": "Виноградів"
  },
  {
    "number": 59000454886677,
    "dateTime": {
      "date": {
        "year": 2019,
        "month": 10,
        "day": 15
      },
      "time": {
        "hour": 9,
        "minute": 9,
        "second": 28,
        "nano": 0
      }
    },
    "citySender": "Горохів",
    "cityRecipient": "Подільськ"
  },
  {
    "number": 59000454886678,
    "dateTime": {
      "date": {
        "year": 2019,
        "month": 10,
        "day": 15
      },
      "time": {
        "hour": 9,
        "minute": 9,
        "second": 52,
        "nano": 0
      }
    },
    "citySender": "Калинівка (Броварський р-н)",
    "cityRecipient": "Київ"
  },
  {
    "number": 59000454886679,
    "dateTime": {
      "date": {
        "year": 2019,
        "month": 10,
        "day": 15
      },
      "time": {
        "hour": 9,
        "minute": 9,
        "second": 49,
        "nano": 0
      }
    },
    "citySender": "Олександрівка (смт.Кіровог.обл.райц)",
    "cityRecipient": "Андрушівка"
  },
  {
    "number": 59000454886680,
    "dateTime": {
      "date": {
        "year": 2019,
        "month": 10,
        "day": 15
      },
      "time": {
        "hour": 9,
        "minute": 9,
        "second": 45,
        "nano": 0
      }
    },
    "citySender": "Хмельницький",
    "cityRecipient": "Миколаїв"
  },
  {
    "number": 59000454886681,
    "dateTime": {
      "date": {
        "year": 2019,
        "month": 10,
        "day": 15
      },
      "time": {
        "hour": 9,
        "minute": 9,
        "second": 36,
        "nano": 0
      }
    },
    "citySender": "Одеса",
    "cityRecipient": "Полтава"
  },
  {
    "number": 59000454886682,
    "dateTime": {
      "date": {
        "year": 2019,
        "month": 10,
        "day": 15
      },
      "time": {
        "hour": 9,
        "minute": 8,
        "second": 54,
        "nano": 0
      }
    },
    "citySender": "Львів",
    "cityRecipient": "Івано-Франківськ"
  },
  {
    "number": 59000454886684,
    "dateTime": {
      "date": {
        "year": 2019,
        "month": 10,
        "day": 15
      },
      "time": {
        "hour": 9,
        "minute": 9,
        "second": 54,
        "nano": 0
      }
    },
    "citySender": "Вінниця",
    "cityRecipient": "Вінниця"
  },
  {
    "number": 59000454886685,
    "dateTime": {
      "date": {
        "year": 2019,
        "month": 10,
        "day": 15
      },
      "time": {
        "hour": 9,
        "minute": 9,
        "second": 40,
        "nano": 0
      }
    },
    "citySender": "Київ",
    "cityRecipient": "Тростянець (Сумська обл.)"
  },
  {
    "number": 59000454886686,
    "dateTime": {
      "date": {
        "year": 2019,
        "month": 10,
        "day": 15
      },
      "time": {
        "hour": 9,
        "minute": 9,
        "second": 17,
        "nano": 0
      }
    },
    "citySender": "Синельникове",
    "cityRecipient": "Дніпро"
  },
  {
    "number": 59000454886687,
    "dateTime": {
      "date": {
        "year": 2019,
        "month": 10,
        "day": 15
      },
      "time": {
        "hour": 9,
        "minute": 9,
        "second": 52,
        "nano": 0
      }
    },
    "citySender": "Волноваха",
    "cityRecipient": "Івано-Франківськ"
  },
  {
    "number": 59000454886688,
    "dateTime": {
      "date": {
        "year": 2019,
        "month": 10,
        "day": 15
      },
      "time": {
        "hour": 9,
        "minute": 9,
        "second": 32,
        "nano": 0
      }
    },
    "citySender": "Житомир",
    "cityRecipient": "Овруч"
  },
  {
    "number": 59000454886689,
    "dateTime": {
      "date": {
        "year": 2019,
        "month": 10,
        "day": 15
      },
      "time": {
        "hour": 9,
        "minute": 8,
        "second": 44,
        "nano": 0
      }
    },
    "citySender": "Завалля (Кіровоград. обл)",
    "cityRecipient": "Київ"
  },
  {
    "number": 59000454886690,
    "dateTime": {
      "date": {
        "year": 2019,
        "month": 10,
        "day": 15
      },
      "time": {
        "hour": 9,
        "minute": 9,
        "second": 39,
        "nano": 0
      }
    },
    "citySender": "Київ",
    "cityRecipient": "Київ"
  },
  {
    "number": 59000454886691,
    "dateTime": {
      "date": {
        "year": 2019,
        "month": 10,
        "day": 15
      },
      "time": {
        "hour": 9,
        "minute": 9,
        "second": 46,
        "nano": 0
      }
    },
    "citySender": "Київ",
    "cityRecipient": "Українка"
  },
  {
    "number": 59000454886693,
    "dateTime": {
      "date": {
        "year": 2019,
        "month": 10,
        "day": 15
      },
      "time": {
        "hour": 9,
        "minute": 8,
        "second": 21,
        "nano": 0
      }
    },
    "citySender": "Городня",
    "cityRecipient": "Харків"
  },
  {
    "number": 59000454886694,
    "dateTime": {
      "date": {
        "year": 2019,
        "month": 10,
        "day": 15
      },
      "time": {
        "hour": 9,
        "minute": 9,
        "second": 55,
        "nano": 0
      }
    },
    "citySender": "Макарів",
    "cityRecipient": "Житомир"
  },
  {
    "number": 59000454886695,
    "dateTime": {
      "date": {
        "year": 2019,
        "month": 10,
        "day": 15
      },
      "time": {
        "hour": 9,
        "minute": 9,
        "second": 55,
        "nano": 0
      }
    },
    "citySender": "Косів",
    "cityRecipient": "Київ"
  },
  {
    "number": 59000454886696,
    "dateTime": {
      "date": {
        "year": 2019,
        "month": 10,
        "day": 15
      },
      "time": {
        "hour": 9,
        "minute": 9,
        "second": 13,
        "nano": 0
      }
    },
    "citySender": "Ізмаїл",
    "cityRecipient": "Херсон"
  },
  {
    "number": 59000454886697,
    "dateTime": {
      "date": {
        "year": 2019,
        "month": 10,
        "day": 15
      },
      "time": {
        "hour": 9,
        "minute": 9,
        "second": 31,
        "nano": 0
      }
    },
    "citySender": "Київ",
    "cityRecipient": "Суми"
  },
  {
    "number": 59000454886698,
    "dateTime": {
      "date": {
        "year": 2019,
        "month": 10,
        "day": 15
      },
      "time": {
        "hour": 9,
        "minute": 9,
        "second": 51,
        "nano": 0
      }
    },
    "citySender": "Рівне",
    "cityRecipient": "Рівне"
  },
  {
    "number": 59000454886699,
    "dateTime": {
      "date": {
        "year": 2019,
        "month": 10,
        "day": 15
      },
      "time": {
        "hour": 9,
        "minute": 8,
        "second": 24,
        "nano": 0
      }
    },
    "citySender": "Клевань",
    "cityRecipient": "Городок(Львівська обл.)"
  },
  {
    "number": 59000454886700,
    "dateTime": {
      "date": {
        "year": 2019,
        "month": 10,
        "day": 15
      },
      "time": {
        "hour": 9,
        "minute": 9,
        "second": 36,
        "nano": 0
      }
    },
    "citySender": "Любомль",
    "cityRecipient": "Дубно"
  },
  {
    "number": 59000454886701,
    "dateTime": {
      "date": {
        "year": 2019,
        "month": 10,
        "day": 15
      },
      "time": {
        "hour": 9,
        "minute": 9,
        "second": 42,
        "nano": 0
      }
    },
    "citySender": "Погребище",
    "cityRecipient": "Вінниця"
  },
  {
    "number": 59000454886702,
    "dateTime": {
      "date": {
        "year": 2019,
        "month": 10,
        "day": 15
      },
      "time": {
        "hour": 9,
        "minute": 9,
        "second": 47,
        "nano": 0
      }
    },
    "citySender": "Житомир",
    "cityRecipient": "Харків"
  },
  {
    "number": 59000454886703,
    "dateTime": {
      "date": {
        "year": 2019,
        "month": 10,
        "day": 15
      },
      "time": {
        "hour": 9,
        "minute": 9,
        "second": 45,
        "nano": 0
      }
    },
    "citySender": "Житомир",
    "cityRecipient": "Тернопіль"
  },
  {
    "number": 59000454886704,
    "dateTime": {
      "date": {
        "year": 2019,
        "month": 10,
        "day": 15
      },
      "time": {
        "hour": 9,
        "minute": 8,
        "second": 25,
        "nano": 0
      }
    },
    "citySender": "Канів",
    "cityRecipient": "Київ"
  },
  {
    "number": 59000454886706,
    "dateTime": {
      "date": {
        "year": 2019,
        "month": 10,
        "day": 15
      },
      "time": {
        "hour": 9,
        "minute": 9,
        "second": 35,
        "nano": 0
      }
    },
    "citySender": "Міжгір\u0027я",
    "cityRecipient": "Київ"
  },
  {
    "number": 59000454886707,
    "dateTime": {
      "date": {
        "year": 2019,
        "month": 10,
        "day": 15
      },
      "time": {
        "hour": 9,
        "minute": 9,
        "second": 34,
        "nano": 0
      }
    },
    "citySender": "Верхня Сироватка",
    "cityRecipient": "Мукачево"
  },
  {
    "number": 59000454886708,
    "dateTime": {
      "date": {
        "year": 2019,
        "month": 10,
        "day": 15
      },
      "time": {
        "hour": 9,
        "minute": 9,
        "second": 55,
        "nano": 0
      }
    },
    "citySender": "Кролевець",
    "cityRecipient": "Дніпро"
  },
  {
    "number": 59000454886709,
    "dateTime": {
      "date": {
        "year": 2019,
        "month": 10,
        "day": 15
      },
      "time": {
        "hour": 9,
        "minute": 9,
        "second": 37,
        "nano": 0
      }
    },
    "citySender": "Харків",
    "cityRecipient": "Ратне"
  },
  {
    "number": 59000454886711,
    "dateTime": {
      "date": {
        "year": 2019,
        "month": 10,
        "day": 15
      },
      "time": {
        "hour": 9,
        "minute": 9,
        "second": 37,
        "nano": 0
      }
    },
    "citySender": "Доманівка",
    "cityRecipient": "Львів"
  },
  {
    "number": 59000454886713,
    "dateTime": {
      "date": {
        "year": 2019,
        "month": 10,
        "day": 15
      },
      "time": {
        "hour": 9,
        "minute": 9,
        "second": 19,
        "nano": 0
      }
    },
    "citySender": "Іванків (Іванківський р-н)",
    "cityRecipient": "Нові Білокоровичі"
  },
  {
    "number": 59000454886715,
    "dateTime": {
      "date": {
        "year": 2019,
        "month": 10,
        "day": 15
      },
      "time": {
        "hour": 9,
        "minute": 9,
        "second": 47,
        "nano": 0
      }
    },
    "citySender": "Ужгород",
    "cityRecipient": "Львів"
  },
  {
    "number": 59000454886716,
    "dateTime": {
      "date": {
        "year": 2019,
        "month": 10,
        "day": 15
      },
      "time": {
        "hour": 9,
        "minute": 9,
        "second": 24,
        "nano": 0
      }
    },
    "citySender": "Опитне (Бахмутський р-н)",
    "cityRecipient": "Київ"
  },
  {
    "number": 59000454886717,
    "dateTime": {
      "date": {
        "year": 2019,
        "month": 10,
        "day": 15
      },
      "time": {
        "hour": 9,
        "minute": 9,
        "second": 45,
        "nano": 0
      }
    },
    "citySender": "Нікольське (Володарський р-н., Донецька обл.)",
    "cityRecipient": "Ржищів"
  },
  {
    "number": 59000454886718,
    "dateTime": {
      "date": {
        "year": 2019,
        "month": 10,
        "day": 15
      },
      "time": {
        "hour": 9,
        "minute": 9,
        "second": 13,
        "nano": 0
      }
    },
    "citySender": "Лисичанськ",
    "cityRecipient": "Жовті Води"
  },
  {
    "number": 59000454886719,
    "dateTime": {
      "date": {
        "year": 2019,
        "month": 10,
        "day": 15
      },
      "time": {
        "hour": 9,
        "minute": 9,
        "second": 44,
        "nano": 0
      }
    },
    "citySender": "Одеса",
    "cityRecipient": "Львів"
  },
  {
    "number": 59000454886720,
    "dateTime": {
      "date": {
        "year": 2019,
        "month": 10,
        "day": 15
      },
      "time": {
        "hour": 9,
        "minute": 9,
        "second": 30,
        "nano": 0
      }
    },
    "citySender": "Калинівка (Вінницька обл., Калинівський р-н)",
    "cityRecipient": "Одеса"
  },
  {
    "number": 59000454886721,
    "dateTime": {
      "date": {
        "year": 2019,
        "month": 10,
        "day": 15
      },
      "time": {
        "hour": 9,
        "minute": 9,
        "second": 58,
        "nano": 0
      }
    },
    "citySender": "Хмельницький",
    "cityRecipient": "Старий Остропіль"
  },
  {
    "number": 59000454886722,
    "dateTime": {
      "date": {
        "year": 2019,
        "month": 10,
        "day": 15
      },
      "time": {
        "hour": 9,
        "minute": 9,
        "second": 59,
        "nano": 0
      }
    },
    "citySender": "Львів",
    "cityRecipient": "Київ"
  },
  {
    "number": 59000454886723,
    "dateTime": {
      "date": {
        "year": 2019,
        "month": 10,
        "day": 15
      },
      "time": {
        "hour": 9,
        "minute": 8,
        "second": 39,
        "nano": 0
      }
    },
    "citySender": "Малин",
    "cityRecipient": "Тернопіль"
  },
  {
    "number": 59000454886724,
    "dateTime": {
      "date": {
        "year": 2019,
        "month": 10,
        "day": 15
      },
      "time": {
        "hour": 9,
        "minute": 9,
        "second": 54,
        "nano": 0
      }
    },
    "citySender": "Ічня",
    "cityRecipient": "Бориспіль"
  },
  {
    "number": 59000454886725,
    "dateTime": {
      "date": {
        "year": 2019,
        "month": 10,
        "day": 15
      },
      "time": {
        "hour": 9,
        "minute": 8,
        "second": 23,
        "nano": 0
      }
    },
    "citySender": "Романів",
    "cityRecipient": "Київ"
  },
  {
    "number": 59000454886726,
    "dateTime": {
      "date": {
        "year": 2019,
        "month": 10,
        "day": 15
      },
      "time": {
        "hour": 9,
        "minute": 9,
        "second": 34,
        "nano": 0
      }
    },
    "citySender": "Київ",
    "cityRecipient": "Кам\u0027янець-Подільський"
  },
  {
    "number": 59000454886727,
    "dateTime": {
      "date": {
        "year": 2019,
        "month": 10,
        "day": 15
      },
      "time": {
        "hour": 9,
        "minute": 9,
        "second": 40,
        "nano": 0
      }
    },
    "citySender": "Нижні Станівці",
    "cityRecipient": "Вінниця"
  },
  {
    "number": 59000454886728,
    "dateTime": {
      "date": {
        "year": 2019,
        "month": 10,
        "day": 15
      },
      "time": {
        "hour": 9,
        "minute": 9,
        "second": 58,
        "nano": 0
      }
    },
    "citySender": "Харків",
    "cityRecipient": "Золочів(Харківська обл.)"
  },
  {
    "number": 59000454886729,
    "dateTime": {
      "date": {
        "year": 2019,
        "month": 10,
        "day": 15
      },
      "time": {
        "hour": 9,
        "minute": 9,
        "second": 49,
        "nano": 0
      }
    },
    "citySender": "Вінниця",
    "cityRecipient": "Одеса"
  },
  {
    "number": 59000454886730,
    "dateTime": {
      "date": {
        "year": 2019,
        "month": 10,
        "day": 15
      },
      "time": {
        "hour": 9,
        "minute": 9,
        "second": 39,
        "nano": 0
      }
    },
    "citySender": "Поляна (Закарпатська обл.)",
    "cityRecipient": "Київ"
  },
  {
    "number": 59000454886731,
    "dateTime": {
      "date": {
        "year": 2019,
        "month": 10,
        "day": 15
      },
      "time": {
        "hour": 9,
        "minute": 9,
        "second": 48,
        "nano": 0
      }
    },
    "citySender": "Дніпро",
    "cityRecipient": "Завалля (Кіровоград. обл)"
  },
  {
    "number": 59000454886733,
    "dateTime": {
      "date": {
        "year": 2019,
        "month": 10,
        "day": 15
      },
      "time": {
        "hour": 9,
        "minute": 9,
        "second": 32,
        "nano": 0
      }
    },
    "citySender": "Піщанка (Вінницька обл.)",
    "cityRecipient": "Чорноморськ"
  },
  {
    "number": 59000454886734,
    "dateTime": {
      "date": {
        "year": 2019,
        "month": 10,
        "day": 15
      },
      "time": {
        "hour": 9,
        "minute": 9,
        "second": 43,
        "nano": 0
      }
    },
    "citySender": "Ужгород",
    "cityRecipient": "Хмельницький"
  },
  {
    "number": 59000454886735,
    "dateTime": {
      "date": {
        "year": 2019,
        "month": 10,
        "day": 15
      },
      "time": {
        "hour": 9,
        "minute": 9,
        "second": 56,
        "nano": 0
      }
    },
    "citySender": "Харків",
    "cityRecipient": "Івано-Франківськ"
  },
  {
    "number": 59000454886736,
    "dateTime": {
      "date": {
        "year": 2019,
        "month": 10,
        "day": 15
      },
      "time": {
        "hour": 9,
        "minute": 8,
        "second": 38,
        "nano": 0
      }
    },
    "citySender": "Нижній Вербіж",
    "cityRecipient": "Рованці"
  },
  {
    "number": 59000454886737,
    "dateTime": {
      "date": {
        "year": 2019,
        "month": 10,
        "day": 15
      },
      "time": {
        "hour": 9,
        "minute": 9,
        "second": 29,
        "nano": 0
      }
    },
    "citySender": "Стрілковичі",
    "cityRecipient": "Подільськ"
  },
  {
    "number": 59000454886738,
    "dateTime": {
      "date": {
        "year": 2019,
        "month": 10,
        "day": 15
      },
      "time": {
        "hour": 9,
        "minute": 9,
        "second": 47,
        "nano": 0
      }
    },
    "citySender": "Сміла",
    "cityRecipient": "Лугини"
  },
  {
    "number": 59000454886739,
    "dateTime": {
      "date": {
        "year": 2019,
        "month": 10,
        "day": 15
      },
      "time": {
        "hour": 9,
        "minute": 8,
        "second": 47,
        "nano": 0
      }
    },
    "citySender": "Шевченкове (Черкаська обл.)",
    "cityRecipient": "Володимир-Волинський"
  },
  {
    "number": 59000454886740,
    "dateTime": {
      "date": {
        "year": 2019,
        "month": 10,
        "day": 15
      },
      "time": {
        "hour": 9,
        "minute": 9,
        "second": 55,
        "nano": 0
      }
    },
    "citySender": "Трускавець",
    "cityRecipient": "Кременчук"
  },
  {
    "number": 59000454886742,
    "dateTime": {
      "date": {
        "year": 2019,
        "month": 10,
        "day": 15
      },
      "time": {
        "hour": 9,
        "minute": 9,
        "second": 46,
        "nano": 0
      }
    },
    "citySender": "Харків",
    "cityRecipient": "Львів"
  },
  {
    "number": 59000454886743,
    "dateTime": {
      "date": {
        "year": 2019,
        "month": 10,
        "day": 15
      },
      "time": {
        "hour": 9,
        "minute": 9,
        "second": 35,
        "nano": 0
      }
    },
    "citySender": "Балки (Запорізька обл.)",
    "cityRecipient": "Кам\u0027янка-Дніпровська (Запорізька обл.)"
  }
]