[
  {
    "number": 59000454875956,
    "dateTime": {
      "date": {
        "year": 2019,
        "month": 10,
        "day": 15
      },
      "time": {
        "hour": 5,
        "minute": 6,
        "second": 44,
        "nano": 0
      }
    },
    "citySender": "Київ",
    "cityRecipient": "Біла Церква"
  },
  {
    "number": 59000454875957,
    "dateTime": {
      "date": {
        "year": 2019,
        "month": 10,
        "day": 15
      },
      "time": {
        "hour": 5,
        "minute": 40,
        "second": 30,
        "nano": 0
      }
    },
    "citySender": "Київ",
    "cityRecipient": "Київ"
  },
  {
    "number": 59000454875958,
    "dateTime": {
      "date": {
        "year": 2019,
        "month": 10,
        "day": 15
      },
      "time": {
        "hour": 5,
        "minute": 45,
        "second": 56,
        "nano": 0
      }
    },
    "citySender": "Київ",
    "cityRecipient": "Боярка"
  },
  {
    "number": 59000454875959,
    "dateTime": {
      "date": {
        "year": 2019,
        "month": 10,
        "day": 15
      },
      "time": {
        "hour": 5,
        "minute": 55,
        "second": 40,
        "nano": 0
      }
    },
    "citySender": "Київ",
    "cityRecipient": "Київ"
  },
  {
    "number": 59000454875960,
    "dateTime": {
      "date": {
        "year": 2019,
        "month": 10,
        "day": 15
      },
      "time": {
        "hour": 6,
        "minute": 38,
        "second": 51,
        "nano": 0
      }
    },
    "citySender": "Бережани (Тернопільська обл.)",
    "cityRecipient": "Дніпро"
  },
  {
    "number": 59000454875961,
    "dateTime": {
      "date": {
        "year": 2019,
        "month": 10,
        "day": 15
      },
      "time": {
        "hour": 6,
        "minute": 42,
        "second": 48,
        "nano": 0
      }
    },
    "citySender": "Бережани (Тернопільська обл.)",
    "cityRecipient": "Чернівці"
  },
  {
    "number": 59000454875962,
    "dateTime": {
      "date": {
        "year": 2019,
        "month": 10,
        "day": 15
      },
      "time": {
        "hour": 6,
        "minute": 44,
        "second": 53,
        "nano": 0
      }
    },
    "citySender": "Бережани (Тернопільська обл.)",
    "cityRecipient": "Умань"
  },
  {
    "number": 59000454875963,
    "dateTime": {
      "date": {
        "year": 2019,
        "month": 10,
        "day": 15
      },
      "time": {
        "hour": 6,
        "minute": 45,
        "second": 47,
        "nano": 0
      }
    },
    "citySender": "Бережани (Тернопільська обл.)",
    "cityRecipient": "Луцьк"
  },
  {
    "number": 59000454875964,
    "dateTime": {
      "date": {
        "year": 2019,
        "month": 10,
        "day": 15
      },
      "time": {
        "hour": 6,
        "minute": 46,
        "second": 50,
        "nano": 0
      }
    },
    "citySender": "Бережани (Тернопільська обл.)",
    "cityRecipient": "Бердянськ"
  },
  {
    "number": 59000454875965,
    "dateTime": {
      "date": {
        "year": 2019,
        "month": 10,
        "day": 15
      },
      "time": {
        "hour": 6,
        "minute": 47,
        "second": 52,
        "nano": 0
      }
    },
    "citySender": "Бережани (Тернопільська обл.)",
    "cityRecipient": "Дніпро"
  },
  {
    "number": 59000454875966,
    "dateTime": {
      "date": {
        "year": 2019,
        "month": 10,
        "day": 15
      },
      "time": {
        "hour": 6,
        "minute": 49,
        "second": 38,
        "nano": 0
      }
    },
    "citySender": "Бережани (Тернопільська обл.)",
    "cityRecipient": "Одеса"
  },
  {
    "number": 59000454875967,
    "dateTime": {
      "date": {
        "year": 2019,
        "month": 10,
        "day": 15
      },
      "time": {
        "hour": 6,
        "minute": 51,
        "second": 11,
        "nano": 0
      }
    },
    "citySender": "Бережани (Тернопільська обл.)",
    "cityRecipient": "Віньківці"
  },
  {
    "number": 59000454875969,
    "dateTime": {
      "date": {
        "year": 2019,
        "month": 10,
        "day": 15
      },
      "time": {
        "hour": 6,
        "minute": 54,
        "second": 10,
        "nano": 0
      }
    },
    "citySender": "Бережани (Тернопільська обл.)",
    "cityRecipient": "Мирноград"
  },
  {
    "number": 59000454875971,
    "dateTime": {
      "date": {
        "year": 2019,
        "month": 10,
        "day": 15
      },
      "time": {
        "hour": 6,
        "minute": 58,
        "second": 0,
        "nano": 0
      }
    },
    "citySender": "Бережани (Тернопільська обл.)",
    "cityRecipient": "Недригайлів (Сумська обл.)"
  },
  {
    "number": 59000454875973,
    "dateTime": {
      "date": {
        "year": 2019,
        "month": 10,
        "day": 15
      },
      "time": {
        "hour": 7,
        "minute": 2,
        "second": 17,
        "nano": 0
      }
    },
    "citySender": "Бережани (Тернопільська обл.)",
    "cityRecipient": "Бердянськ"
  },
  {
    "number": 59000454875974,
    "dateTime": {
      "date": {
        "year": 2019,
        "month": 10,
        "day": 15
      },
      "time": {
        "hour": 7,
        "minute": 3,
        "second": 36,
        "nano": 0
      }
    },
    "citySender": "Одеса",
    "cityRecipient": "Черкаси"
  },
  {
    "number": 59000454875975,
    "dateTime": {
      "date": {
        "year": 2019,
        "month": 10,
        "day": 15
      },
      "time": {
        "hour": 7,
        "minute": 3,
        "second": 21,
        "nano": 0
      }
    },
    "citySender": "Бережани (Тернопільська обл.)",
    "cityRecipient": "Одеса"
  },
  {
    "number": 59000454875976,
    "dateTime": {
      "date": {
        "year": 2019,
        "month": 10,
        "day": 15
      },
      "time": {
        "hour": 7,
        "minute": 5,
        "second": 16,
        "nano": 0
      }
    },
    "citySender": "Одеса",
    "cityRecipient": "Дніпро"
  },
  {
    "number": 59000454875977,
    "dateTime": {
      "date": {
        "year": 2019,
        "month": 10,
        "day": 15
      },
      "time": {
        "hour": 7,
        "minute": 4,
        "second": 44,
        "nano": 0
      }
    },
    "citySender": "Бережани (Тернопільська обл.)",
    "cityRecipient": "Дніпро"
  },
  {
    "number": 59000454875978,
    "dateTime": {
      "date": {
        "year": 2019,
        "month": 10,
        "day": 15
      },
      "time": {
        "hour": 7,
        "minute": 6,
        "second": 35,
        "nano": 0
      }
    },
    "citySender": "Одеса",
    "cityRecipient": "Запоріжжя"
  },
  {
    "number": 59000454875980,
    "dateTime": {
      "date": {
        "year": 2019,
        "month": 10,
        "day": 15
      },
      "time": {
        "hour": 7,
        "minute": 8,
        "second": 58,
        "nano": 0
      }
    },
    "citySender": "Іллінці",
    "cityRecipient": "Бровари"
  },
  {
    "number": 59000454875982,
    "dateTime": {
      "date": {
        "year": 2019,
        "month": 10,
        "day": 15
      },
      "time": {
        "hour": 7,
        "minute": 9,
        "second": 0,
        "nano": 0
      }
    },
    "citySender": "Бережани (Тернопільська обл.)",
    "cityRecipient": "Луцьк"
  },
  {
    "number": 59000454875983,
    "dateTime": {
      "date": {
        "year": 2019,
        "month": 10,
        "day": 15
      },
      "time": {
        "hour": 7,
        "minute": 9,
        "second": 17,
        "nano": 0
      }
    },
    "citySender": "Іллінці",
    "cityRecipient": "Київ"
  },
  {
    "number": 59000454875984,
    "dateTime": {
      "date": {
        "year": 2019,
        "month": 10,
        "day": 15
      },
      "time": {
        "hour": 7,
        "minute": 9,
        "second": 31,
        "nano": 0
      }
    },
    "citySender": "Іллінці",
    "cityRecipient": "Суми"
  },
  {
    "number": 59000454875985,
    "dateTime": {
      "date": {
        "year": 2019,
        "month": 10,
        "day": 15
      },
      "time": {
        "hour": 7,
        "minute": 9,
        "second": 43,
        "nano": 0
      }
    },
    "citySender": "Бережани (Тернопільська обл.)",
    "cityRecipient": "Херсон"
  },
  {
    "number": 59000454875986,
    "dateTime": {
      "date": {
        "year": 2019,
        "month": 10,
        "day": 15
      },
      "time": {
        "hour": 7,
        "minute": 10,
        "second": 40,
        "nano": 0
      }
    },
    "citySender": "Бережани (Тернопільська обл.)",
    "cityRecipient": "Луцьк"
  },
  {
    "number": 59000454875987,
    "dateTime": {
      "date": {
        "year": 2019,
        "month": 10,
        "day": 15
      },
      "time": {
        "hour": 7,
        "minute": 11,
        "second": 31,
        "nano": 0
      }
    },
    "citySender": "Бережани (Тернопільська обл.)",
    "cityRecipient": "Млинів"
  },
  {
    "number": 59000454875988,
    "dateTime": {
      "date": {
        "year": 2019,
        "month": 10,
        "day": 15
      },
      "time": {
        "hour": 7,
        "minute": 12,
        "second": 20,
        "nano": 0
      }
    },
    "citySender": "Одеса",
    "cityRecipient": "Харків"
  },
  {
    "number": 59000454875989,
    "dateTime": {
      "date": {
        "year": 2019,
        "month": 10,
        "day": 15
      },
      "time": {
        "hour": 7,
        "minute": 13,
        "second": 57,
        "nano": 0
      }
    },
    "citySender": "Київ",
    "cityRecipient": "Київ"
  },
  {
    "number": 59000454875990,
    "dateTime": {
      "date": {
        "year": 2019,
        "month": 10,
        "day": 15
      },
      "time": {
        "hour": 7,
        "minute": 14,
        "second": 27,
        "nano": 0
      }
    },
    "citySender": "Київ",
    "cityRecipient": "Київ"
  },
  {
    "number": 59000454875991,
    "dateTime": {
      "date": {
        "year": 2019,
        "month": 10,
        "day": 15
      },
      "time": {
        "hour": 7,
        "minute": 14,
        "second": 48,
        "nano": 0
      }
    },
    "citySender": "Дніпро",
    "cityRecipient": "Партизанське (Дніпропетров.р-н)"
  },
  {
    "number": 59000454875992,
    "dateTime": {
      "date": {
        "year": 2019,
        "month": 10,
        "day": 15
      },
      "time": {
        "hour": 7,
        "minute": 14,
        "second": 59,
        "nano": 0
      }
    },
    "citySender": "Київ",
    "cityRecipient": "Хмельницький"
  },
  {
    "number": 59000454875993,
    "dateTime": {
      "date": {
        "year": 2019,
        "month": 10,
        "day": 15
      },
      "time": {
        "hour": 7,
        "minute": 13,
        "second": 25,
        "nano": 0
      }
    },
    "citySender": "Бережани (Тернопільська обл.)",
    "cityRecipient": "Черкаси"
  },
  {
    "number": 59000454875994,
    "dateTime": {
      "date": {
        "year": 2019,
        "month": 10,
        "day": 15
      },
      "time": {
        "hour": 7,
        "minute": 15,
        "second": 30,
        "nano": 0
      }
    },
    "citySender": "Київ",
    "cityRecipient": "Одеса"
  },
  {
    "number": 59000454875995,
    "dateTime": {
      "date": {
        "year": 2019,
        "month": 10,
        "day": 15
      },
      "time": {
        "hour": 7,
        "minute": 15,
        "second": 55,
        "nano": 0
      }
    },
    "citySender": "Бережани (Тернопільська обл.)",
    "cityRecipient": "Вишгород"
  },
  {
    "number": 59000454875996,
    "dateTime": {
      "date": {
        "year": 2019,
        "month": 10,
        "day": 15
      },
      "time": {
        "hour": 7,
        "minute": 16,
        "second": 3,
        "nano": 0
      }
    },
    "citySender": "Дніпро",
    "cityRecipient": "Дніпро"
  },
  {
    "number": 59000454875997,
    "dateTime": {
      "date": {
        "year": 2019,
        "month": 10,
        "day": 15
      },
      "time": {
        "hour": 7,
        "minute": 16,
        "second": 18,
        "nano": 0
      }
    },
    "citySender": "Дніпро",
    "cityRecipient": "Дніпро"
  },
  {
    "number": 59000454875998,
    "dateTime": {
      "date": {
        "year": 2019,
        "month": 10,
        "day": 15
      },
      "time": {
        "hour": 7,
        "minute": 16,
        "second": 42,
        "nano": 0
      }
    },
    "citySender": "Дніпро",
    "cityRecipient": "Покровське (Покровський р-н Дніпропетровська обл.)"
  },
  {
    "number": 59000454875999,
    "dateTime": {
      "date": {
        "year": 2019,
        "month": 10,
        "day": 15
      },
      "time": {
        "hour": 7,
        "minute": 16,
        "second": 39,
        "nano": 0
      }
    },
    "citySender": "Бережани (Тернопільська обл.)",
    "cityRecipient": "Кропивницький"
  },
  {
    "number": 59000454876000,
    "dateTime": {
      "date": {
        "year": 2019,
        "month": 10,
        "day": 15
      },
      "time": {
        "hour": 7,
        "minute": 17,
        "second": 1,
        "nano": 0
      }
    },
    "citySender": "Дніпро",
    "cityRecipient": "Одеса"
  },
  {
    "number": 59000454876001,
    "dateTime": {
      "date": {
        "year": 2019,
        "month": 10,
        "day": 15
      },
      "time": {
        "hour": 7,
        "minute": 17,
        "second": 23,
        "nano": 0
      }
    },
    "citySender": "Дніпро",
    "cityRecipient": "Дніпро"
  },
  {
    "number": 59000454876002,
    "dateTime": {
      "date": {
        "year": 2019,
        "month": 10,
        "day": 15
      },
      "time": {
        "hour": 7,
        "minute": 17,
        "second": 31,
        "nano": 0
      }
    },
    "citySender": "Бережани (Тернопільська обл.)",
    "cityRecipient": "Луцьк"
  },
  {
    "number": 59000454876003,
    "dateTime": {
      "date": {
        "year": 2019,
        "month": 10,
        "day": 15
      },
      "time": {
        "hour": 7,
        "minute": 17,
        "second": 41,
        "nano": 0
      }
    },
    "citySender": "Дніпро",
    "cityRecipient": "Авіаторське"
  },
  {
    "number": 59000454876004,
    "dateTime": {
      "date": {
        "year": 2019,
        "month": 10,
        "day": 15
      },
      "time": {
        "hour": 7,
        "minute": 18,
        "second": 18,
        "nano": 0
      }
    },
    "citySender": "Бережани (Тернопільська обл.)",
    "cityRecipient": "Турійськ"
  },
  {
    "number": 59000454876005,
    "dateTime": {
      "date": {
        "year": 2019,
        "month": 10,
        "day": 15
      },
      "time": {
        "hour": 7,
        "minute": 20,
        "second": 7,
        "nano": 0
      }
    },
    "citySender": "Тетіїв",
    "cityRecipient": "Полігон"
  },
  {
    "number": 59000454876006,
    "dateTime": {
      "date": {
        "year": 2019,
        "month": 10,
        "day": 15
      },
      "time": {
        "hour": 7,
        "minute": 19,
        "second": 12,
        "nano": 0
      }
    },
    "citySender": "Бережани (Тернопільська обл.)",
    "cityRecipient": "Луцьк"
  },
  {
    "number": 59000454876007,
    "dateTime": {
      "date": {
        "year": 2019,
        "month": 10,
        "day": 15
      },
      "time": {
        "hour": 7,
        "minute": 21,
        "second": 16,
        "nano": 0
      }
    },
    "citySender": "Тетіїв",
    "cityRecipient": "Бровари"
  },
  {
    "number": 59000454876008,
    "dateTime": {
      "date": {
        "year": 2019,
        "month": 10,
        "day": 15
      },
      "time": {
        "hour": 7,
        "minute": 21,
        "second": 36,
        "nano": 0
      }
    },
    "citySender": "Бережани (Тернопільська обл.)",
    "cityRecipient": "Луцьк"
  },
  {
    "number": 59000454876009,
    "dateTime": {
      "date": {
        "year": 2019,
        "month": 10,
        "day": 15
      },
      "time": {
        "hour": 7,
        "minute": 25,
        "second": 30,
        "nano": 0
      }
    },
    "citySender": "Харків",
    "cityRecipient": "Новомиколаївка (Верхньодніпров. р-н, Дніпроп. обл)"
  },
  {
    "number": 59000454876010,
    "dateTime": {
      "date": {
        "year": 2019,
        "month": 10,
        "day": 15
      },
      "time": {
        "hour": 7,
        "minute": 27,
        "second": 11,
        "nano": 0
      }
    },
    "citySender": "Київ",
    "cityRecipient": "Одеса"
  },
  {
    "number": 59000454876011,
    "dateTime": {
      "date": {
        "year": 2019,
        "month": 10,
        "day": 15
      },
      "time": {
        "hour": 7,
        "minute": 27,
        "second": 22,
        "nano": 0
      }
    },
    "citySender": "Київ",
    "cityRecipient": "Одеса"
  },
  {
    "number": 59000454876013,
    "dateTime": {
      "date": {
        "year": 2019,
        "month": 10,
        "day": 15
      },
      "time": {
        "hour": 7,
        "minute": 27,
        "second": 33,
        "nano": 0
      }
    },
    "citySender": "Київ",
    "cityRecipient": "Харків"
  },
  {
    "number": 59000454876014,
    "dateTime": {
      "date": {
        "year": 2019,
        "month": 10,
        "day": 15
      },
      "time": {
        "hour": 7,
        "minute": 27,
        "second": 53,
        "nano": 0
      }
    },
    "citySender": "Київ",
    "cityRecipient": "Одеса"
  },
  {
    "number": 59000454876015,
    "dateTime": {
      "date": {
        "year": 2019,
        "month": 10,
        "day": 15
      },
      "time": {
        "hour": 7,
        "minute": 28,
        "second": 35,
        "nano": 0
      }
    },
    "citySender": "Київ",
    "cityRecipient": "Київ"
  },
  {
    "number": 59000454876016,
    "dateTime": {
      "date": {
        "year": 2019,
        "month": 10,
        "day": 15
      },
      "time": {
        "hour": 7,
        "minute": 29,
        "second": 9,
        "nano": 0
      }
    },
    "citySender": "Київ",
    "cityRecipient": "Київ"
  },
  {
    "number": 59000454876017,
    "dateTime": {
      "date": {
        "year": 2019,
        "month": 10,
        "day": 15
      },
      "time": {
        "hour": 7,
        "minute": 29,
        "second": 16,
        "nano": 0
      }
    },
    "citySender": "Верхівцеве",
    "cityRecipient": "Миколаїв"
  },
  {
    "number": 59000454876018,
    "dateTime": {
      "date": {
        "year": 2019,
        "month": 10,
        "day": 15
      },
      "time": {
        "hour": 7,
        "minute": 29,
        "second": 52,
        "nano": 0
      }
    },
    "citySender": "Верхівцеве",
    "cityRecipient": "Острог"
  },
  {
    "number": 59000454876019,
    "dateTime": {
      "date": {
        "year": 2019,
        "month": 10,
        "day": 15
      },
      "time": {
        "hour": 7,
        "minute": 30,
        "second": 13,
        "nano": 0
      }
    },
    "citySender": "Бережани (Тернопільська обл.)",
    "cityRecipient": "Луцьк"
  },
  {
    "number": 59000454876020,
    "dateTime": {
      "date": {
        "year": 2019,
        "month": 10,
        "day": 15
      },
      "time": {
        "hour": 7,
        "minute": 30,
        "second": 31,
        "nano": 0
      }
    },
    "citySender": "Київ",
    "cityRecipient": "Київ"
  },
  {
    "number": 59000454876021,
    "dateTime": {
      "date": {
        "year": 2019,
        "month": 10,
        "day": 15
      },
      "time": {
        "hour": 7,
        "minute": 30,
        "second": 40,
        "nano": 0
      }
    },
    "citySender": "Верхівцеве",
    "cityRecipient": "Київ"
  },
  {
    "number": 59000454876022,
    "dateTime": {
      "date": {
        "year": 2019,
        "month": 10,
        "day": 15
      },
      "time": {
        "hour": 7,
        "minute": 31,
        "second": 28,
        "nano": 0
      }
    },
    "citySender": "Верхівцеве",
    "cityRecipient": "Київ"
  },
  {
    "number": 59000454876023,
    "dateTime": {
      "date": {
        "year": 2019,
        "month": 10,
        "day": 15
      },
      "time": {
        "hour": 7,
        "minute": 31,
        "second": 32,
        "nano": 0
      }
    },
    "citySender": "Київ",
    "cityRecipient": "Київ"
  },
  {
    "number": 59000454876024,
    "dateTime": {
      "date": {
        "year": 2019,
        "month": 10,
        "day": 15
      },
      "time": {
        "hour": 7,
        "minute": 31,
        "second": 39,
        "nano": 0
      }
    },
    "citySender": "Бережани (Тернопільська обл.)",
    "cityRecipient": "Харків"
  },
  {
    "number": 59000454876025,
    "dateTime": {
      "date": {
        "year": 2019,
        "month": 10,
        "day": 15
      },
      "time": {
        "hour": 7,
        "minute": 32,
        "second": 6,
        "nano": 0
      }
    },
    "citySender": "Київ",
    "cityRecipient": "Дніпро"
  },
  {
    "number": 59000454876026,
    "dateTime": {
      "date": {
        "year": 2019,
        "month": 10,
        "day": 15
      },
      "time": {
        "hour": 7,
        "minute": 32,
        "second": 10,
        "nano": 0
      }
    },
    "citySender": "Верхівцеве",
    "cityRecipient": "Київ"
  },
  {
    "number": 59000454876027,
    "dateTime": {
      "date": {
        "year": 2019,
        "month": 10,
        "day": 15
      },
      "time": {
        "hour": 7,
        "minute": 32,
        "second": 22,
        "nano": 0
      }
    },
    "citySender": "Київ",
    "cityRecipient": "Золочів (Львівська обл.)"
  },
  {
    "number": 59000454876028,
    "dateTime": {
      "date": {
        "year": 2019,
        "month": 10,
        "day": 15
      },
      "time": {
        "hour": 7,
        "minute": 32,
        "second": 4,
        "nano": 0
      }
    },
    "citySender": "Київ",
    "cityRecipient": "Маріуполь"
  },
  {
    "number": 59000454876029,
    "dateTime": {
      "date": {
        "year": 2019,
        "month": 10,
        "day": 15
      },
      "time": {
        "hour": 7,
        "minute": 32,
        "second": 45,
        "nano": 0
      }
    },
    "citySender": "Київ",
    "cityRecipient": "Рівне"
  },
  {
    "number": 59000454876030,
    "dateTime": {
      "date": {
        "year": 2019,
        "month": 10,
        "day": 15
      },
      "time": {
        "hour": 7,
        "minute": 33,
        "second": 5,
        "nano": 0
      }
    },
    "citySender": "Київ",
    "cityRecipient": "Ілічанка"
  },
  {
    "number": 59000454876031,
    "dateTime": {
      "date": {
        "year": 2019,
        "month": 10,
        "day": 15
      },
      "time": {
        "hour": 7,
        "minute": 32,
        "second": 45,
        "nano": 0
      }
    },
    "citySender": "Бережани (Тернопільська обл.)",
    "cityRecipient": "Хмельницький"
  },
  {
    "number": 59000454876032,
    "dateTime": {
      "date": {
        "year": 2019,
        "month": 10,
        "day": 15
      },
      "time": {
        "hour": 7,
        "minute": 33,
        "second": 10,
        "nano": 0
      }
    },
    "citySender": "Одеса",
    "cityRecipient": "Одеса"
  },
  {
    "number": 59000454876033,
    "dateTime": {
      "date": {
        "year": 2019,
        "month": 10,
        "day": 15
      },
      "time": {
        "hour": 7,
        "minute": 33,
        "second": 27,
        "nano": 0
      }
    },
    "citySender": "Київ",
    "cityRecipient": "Київ"
  },
  {
    "number": 59000454876034,
    "dateTime": {
      "date": {
        "year": 2019,
        "month": 10,
        "day": 15
      },
      "time": {
        "hour": 7,
        "minute": 33,
        "second": 45,
        "nano": 0
      }
    },
    "citySender": "Київ",
    "cityRecipient": "Одеса"
  },
  {
    "number": 59000454876035,
    "dateTime": {
      "date": {
        "year": 2019,
        "month": 10,
        "day": 15
      },
      "time": {
        "hour": 7,
        "minute": 34,
        "second": 0,
        "nano": 0
      }
    },
    "citySender": "Київ",
    "cityRecipient": "Київ"
  },
  {
    "number": 59000454876036,
    "dateTime": {
      "date": {
        "year": 2019,
        "month": 10,
        "day": 15
      },
      "time": {
        "hour": 7,
        "minute": 34,
        "second": 18,
        "nano": 0
      }
    },
    "citySender": "Київ",
    "cityRecipient": "Київ"
  },
  {
    "number": 59000454876037,
    "dateTime": {
      "date": {
        "year": 2019,
        "month": 10,
        "day": 15
      },
      "time": {
        "hour": 7,
        "minute": 34,
        "second": 37,
        "nano": 0
      }
    },
    "citySender": "Київ",
    "cityRecipient": "Київ"
  },
  {
    "number": 59000454876038,
    "dateTime": {
      "date": {
        "year": 2019,
        "month": 10,
        "day": 15
      },
      "time": {
        "hour": 7,
        "minute": 34,
        "second": 5,
        "nano": 0
      }
    },
    "citySender": "Бережани (Тернопільська обл.)",
    "cityRecipient": "Скадовськ"
  },
  {
    "number": 59000454876039,
    "dateTime": {
      "date": {
        "year": 2019,
        "month": 10,
        "day": 15
      },
      "time": {
        "hour": 7,
        "minute": 34,
        "second": 45,
        "nano": 0
      }
    },
    "citySender": "Арбузинка",
    "cityRecipient": "Суми"
  },
  {
    "number": 59000454876040,
    "dateTime": {
      "date": {
        "year": 2019,
        "month": 10,
        "day": 15
      },
      "time": {
        "hour": 7,
        "minute": 34,
        "second": 51,
        "nano": 0
      }
    },
    "citySender": "Київ",
    "cityRecipient": "Одеса"
  },
  {
    "number": 59000454876041,
    "dateTime": {
      "date": {
        "year": 2019,
        "month": 10,
        "day": 15
      },
      "time": {
        "hour": 7,
        "minute": 34,
        "second": 45,
        "nano": 0
      }
    },
    "citySender": "Андрушівка",
    "cityRecipient": "Київ"
  },
  {
    "number": 59000454876042,
    "dateTime": {
      "date": {
        "year": 2019,
        "month": 10,
        "day": 15
      },
      "time": {
        "hour": 7,
        "minute": 35,
        "second": 24,
        "nano": 0
      }
    },
    "citySender": "Арбузинка",
    "cityRecipient": "Суми"
  },
  {
    "number": 59000454876043,
    "dateTime": {
      "date": {
        "year": 2019,
        "month": 10,
        "day": 15
      },
      "time": {
        "hour": 7,
        "minute": 35,
        "second": 43,
        "nano": 0
      }
    },
    "citySender": "Київ",
    "cityRecipient": "Полтава"
  },
  {
    "number": 59000454876044,
    "dateTime": {
      "date": {
        "year": 2019,
        "month": 10,
        "day": 15
      },
      "time": {
        "hour": 7,
        "minute": 35,
        "second": 58,
        "nano": 0
      }
    },
    "citySender": "Арбузинка",
    "cityRecipient": "Рівне"
  },
  {
    "number": 59000454876045,
    "dateTime": {
      "date": {
        "year": 2019,
        "month": 10,
        "day": 15
      },
      "time": {
        "hour": 7,
        "minute": 35,
        "second": 37,
        "nano": 0
      }
    },
    "citySender": "Бережани (Тернопільська обл.)",
    "cityRecipient": "Хмельницький"
  },
  {
    "number": 59000454876046,
    "dateTime": {
      "date": {
        "year": 2019,
        "month": 10,
        "day": 15
      },
      "time": {
        "hour": 7,
        "minute": 36,
        "second": 20,
        "nano": 0
      }
    },
    "citySender": "Київ",
    "cityRecipient": "Львів"
  },
  {
    "number": 59000454876047,
    "dateTime": {
      "date": {
        "year": 2019,
        "month": 10,
        "day": 15
      },
      "time": {
        "hour": 7,
        "minute": 36,
        "second": 30,
        "nano": 0
      }
    },
    "citySender": "Іллінці",
    "cityRecipient": "Вінниця"
  },
  {
    "number": 59000454876048,
    "dateTime": {
      "date": {
        "year": 2019,
        "month": 10,
        "day": 15
      },
      "time": {
        "hour": 7,
        "minute": 36,
        "second": 5,
        "nano": 0
      }
    },
    "citySender": "Одеса",
    "cityRecipient": "Київ"
  },
  {
    "number": 59000454876049,
    "dateTime": {
      "date": {
        "year": 2019,
        "month": 10,
        "day": 15
      },
      "time": {
        "hour": 7,
        "minute": 36,
        "second": 54,
        "nano": 0
      }
    },
    "citySender": "Арбузинка",
    "cityRecipient": "Умань"
  },
  {
    "number": 59000454876050,
    "dateTime": {
      "date": {
        "year": 2019,
        "month": 10,
        "day": 15
      },
      "time": {
        "hour": 7,
        "minute": 36,
        "second": 59,
        "nano": 0
      }
    },
    "citySender": "Київ",
    "cityRecipient": "Ковель"
  },
  {
    "number": 59000454876051,
    "dateTime": {
      "date": {
        "year": 2019,
        "month": 10,
        "day": 15
      },
      "time": {
        "hour": 7,
        "minute": 37,
        "second": 39,
        "nano": 0
      }
    },
    "citySender": "Харків",
    "cityRecipient": "Київ"
  },
  {
    "number": 59000454876052,
    "dateTime": {
      "date": {
        "year": 2019,
        "month": 10,
        "day": 15
      },
      "time": {
        "hour": 7,
        "minute": 37,
        "second": 12,
        "nano": 0
      }
    },
    "citySender": "Бережани (Тернопільська обл.)",
    "cityRecipient": "Калуш"
  },
  {
    "number": 59000454876053,
    "dateTime": {
      "date": {
        "year": 2019,
        "month": 10,
        "day": 15
      },
      "time": {
        "hour": 7,
        "minute": 37,
        "second": 40,
        "nano": 0
      }
    },
    "citySender": "Київ",
    "cityRecipient": "Дніпро"
  },
  {
    "number": 59000454876054,
    "dateTime": {
      "date": {
        "year": 2019,
        "month": 10,
        "day": 15
      },
      "time": {
        "hour": 7,
        "minute": 37,
        "second": 59,
        "nano": 0
      }
    },
    "citySender": "Київ",
    "cityRecipient": "Київ"
  },
  {
    "number": 59000454876055,
    "dateTime": {
      "date": {
        "year": 2019,
        "month": 10,
        "day": 15
      },
      "time": {
        "hour": 7,
        "minute": 38,
        "second": 12,
        "nano": 0
      }
    },
    "citySender": "Іллінці",
    "cityRecipient": "Вінниця"
  }
]