[
  {
    "number": 59000454881548,
    "dateTime": {
      "date": {
        "year": 2019,
        "month": 10,
        "day": 15
      },
      "time": {
        "hour": 8,
        "minute": 52,
        "second": 33,
        "nano": 0
      }
    },
    "citySender": "Градениці",
    "cityRecipient": "Горішні Плавні"
  },
  {
    "number": 59000454881550,
    "dateTime": {
      "date": {
        "year": 2019,
        "month": 10,
        "day": 15
      },
      "time": {
        "hour": 8,
        "minute": 51,
        "second": 57,
        "nano": 0
      }
    },
    "citySender": "Валки",
    "cityRecipient": "Львів"
  },
  {
    "number": 59000454881551,
    "dateTime": {
      "date": {
        "year": 2019,
        "month": 10,
        "day": 15
      },
      "time": {
        "hour": 8,
        "minute": 52,
        "second": 41,
        "nano": 0
      }
    },
    "citySender": "Любешів",
    "cityRecipient": "Переяслав-Хмельницький"
  },
  {
    "number": 59000454881552,
    "dateTime": {
      "date": {
        "year": 2019,
        "month": 10,
        "day": 15
      },
      "time": {
        "hour": 8,
        "minute": 51,
        "second": 58,
        "nano": 0
      }
    },
    "citySender": "Калинівка(Васильківський р-н.)",
    "cityRecipient": "Шостка"
  },
  {
    "number": 59000454881553,
    "dateTime": {
      "date": {
        "year": 2019,
        "month": 10,
        "day": 15
      },
      "time": {
        "hour": 8,
        "minute": 52,
        "second": 33,
        "nano": 0
      }
    },
    "citySender": "Харків",
    "cityRecipient": "Ківшарівка"
  },
  {
    "number": 59000454881554,
    "dateTime": {
      "date": {
        "year": 2019,
        "month": 10,
        "day": 15
      },
      "time": {
        "hour": 8,
        "minute": 52,
        "second": 43,
        "nano": 0
      }
    },
    "citySender": "Лубни",
    "cityRecipient": "Київ"
  },
  {
    "number": 59000454881555,
    "dateTime": {
      "date": {
        "year": 2019,
        "month": 10,
        "day": 15
      },
      "time": {
        "hour": 8,
        "minute": 52,
        "second": 43,
        "nano": 0
      }
    },
    "citySender": "Маріуполь",
    "cityRecipient": "Харків"
  },
  {
    "number": 59000454881556,
    "dateTime": {
      "date": {
        "year": 2019,
        "month": 10,
        "day": 15
      },
      "time": {
        "hour": 8,
        "minute": 52,
        "second": 37,
        "nano": 0
      }
    },
    "citySender": "Київ",
    "cityRecipient": "Київ"
  },
  {
    "number": 59000454881557,
    "dateTime": {
      "date": {
        "year": 2019,
        "month": 10,
        "day": 15
      },
      "time": {
        "hour": 8,
        "minute": 52,
        "second": 43,
        "nano": 0
      }
    },
    "citySender": "Київ",
    "cityRecipient": "Біла Церква"
  },
  {
    "number": 59000454881558,
    "dateTime": {
      "date": {
        "year": 2019,
        "month": 10,
        "day": 15
      },
      "time": {
        "hour": 8,
        "minute": 52,
        "second": 31,
        "nano": 0
      }
    },
    "citySender": "Казанка",
    "cityRecipient": "Хмельницький"
  },
  {
    "number": 59000454881559,
    "dateTime": {
      "date": {
        "year": 2019,
        "month": 10,
        "day": 15
      },
      "time": {
        "hour": 8,
        "minute": 52,
        "second": 16,
        "nano": 0
      }
    },
    "citySender": "Київ",
    "cityRecipient": "Херсон"
  },
  {
    "number": 59000454881560,
    "dateTime": {
      "date": {
        "year": 2019,
        "month": 10,
        "day": 15
      },
      "time": {
        "hour": 8,
        "minute": 52,
        "second": 45,
        "nano": 0
      }
    },
    "citySender": "Вінниця",
    "cityRecipient": "Ірпінь"
  },
  {
    "number": 59000454881561,
    "dateTime": {
      "date": {
        "year": 2019,
        "month": 10,
        "day": 15
      },
      "time": {
        "hour": 8,
        "minute": 52,
        "second": 43,
        "nano": 0
      }
    },
    "citySender": "Дніпро",
    "cityRecipient": "Запоріжжя"
  },
  {
    "number": 59000454881562,
    "dateTime": {
      "date": {
        "year": 2019,
        "month": 10,
        "day": 15
      },
      "time": {
        "hour": 8,
        "minute": 52,
        "second": 34,
        "nano": 0
      }
    },
    "citySender": "Новоград-Волинський",
    "cityRecipient": "Полтава"
  },
  {
    "number": 59000454881563,
    "dateTime": {
      "date": {
        "year": 2019,
        "month": 10,
        "day": 15
      },
      "time": {
        "hour": 8,
        "minute": 52,
        "second": 44,
        "nano": 0
      }
    },
    "citySender": "Київ",
    "cityRecipient": "Харків"
  },
  {
    "number": 59000454881565,
    "dateTime": {
      "date": {
        "year": 2019,
        "month": 10,
        "day": 15
      },
      "time": {
        "hour": 8,
        "minute": 52,
        "second": 38,
        "nano": 0
      }
    },
    "citySender": "Погребище",
    "cityRecipient": "Київ"
  },
  {
    "number": 59000454881566,
    "dateTime": {
      "date": {
        "year": 2019,
        "month": 10,
        "day": 15
      },
      "time": {
        "hour": 8,
        "minute": 52,
        "second": 47,
        "nano": 0
      }
    },
    "citySender": "Дніпро",
    "cityRecipient": "Харків"
  },
  {
    "number": 59000454881567,
    "dateTime": {
      "date": {
        "year": 2019,
        "month": 10,
        "day": 15
      },
      "time": {
        "hour": 8,
        "minute": 52,
        "second": 9,
        "nano": 0
      }
    },
    "citySender": "Київ",
    "cityRecipient": "Пухівка"
  },
  {
    "number": 59000454881568,
    "dateTime": {
      "date": {
        "year": 2019,
        "month": 10,
        "day": 15
      },
      "time": {
        "hour": 8,
        "minute": 52,
        "second": 48,
        "nano": 0
      }
    },
    "citySender": "Буча",
    "cityRecipient": "Хмельницький"
  },
  {
    "number": 59000454881569,
    "dateTime": {
      "date": {
        "year": 2019,
        "month": 10,
        "day": 15
      },
      "time": {
        "hour": 8,
        "minute": 52,
        "second": 41,
        "nano": 0
      }
    },
    "citySender": "Харків",
    "cityRecipient": "Одеса"
  },
  {
    "number": 59000454881571,
    "dateTime": {
      "date": {
        "year": 2019,
        "month": 10,
        "day": 15
      },
      "time": {
        "hour": 8,
        "minute": 52,
        "second": 2,
        "nano": 0
      }
    },
    "citySender": "Арциз",
    "cityRecipient": "Київ"
  },
  {
    "number": 59000454881572,
    "dateTime": {
      "date": {
        "year": 2019,
        "month": 10,
        "day": 15
      },
      "time": {
        "hour": 8,
        "minute": 52,
        "second": 50,
        "nano": 0
      }
    },
    "citySender": "Вінниця",
    "cityRecipient": "Вінниця"
  },
  {
    "number": 59000454881573,
    "dateTime": {
      "date": {
        "year": 2019,
        "month": 10,
        "day": 15
      },
      "time": {
        "hour": 8,
        "minute": 52,
        "second": 51,
        "nano": 0
      }
    },
    "citySender": "Бершадь",
    "cityRecipient": "Бровари"
  },
  {
    "number": 59000454881574,
    "dateTime": {
      "date": {
        "year": 2019,
        "month": 10,
        "day": 15
      },
      "time": {
        "hour": 8,
        "minute": 52,
        "second": 41,
        "nano": 0
      }
    },
    "citySender": "Київ",
    "cityRecipient": "Київ"
  },
  {
    "number": 59000454881575,
    "dateTime": {
      "date": {
        "year": 2019,
        "month": 10,
        "day": 15
      },
      "time": {
        "hour": 8,
        "minute": 52,
        "second": 51,
        "nano": 0
      }
    },
    "citySender": "Дніпро",
    "cityRecipient": "Доброслав"
  },
  {
    "number": 59000454881576,
    "dateTime": {
      "date": {
        "year": 2019,
        "month": 10,
        "day": 15
      },
      "time": {
        "hour": 8,
        "minute": 52,
        "second": 45,
        "nano": 0
      }
    },
    "citySender": "Київ",
    "cityRecipient": "Верхньодніпровськ"
  },
  {
    "number": 59000454881577,
    "dateTime": {
      "date": {
        "year": 2019,
        "month": 10,
        "day": 15
      },
      "time": {
        "hour": 8,
        "minute": 51,
        "second": 49,
        "nano": 0
      }
    },
    "citySender": "Долина",
    "cityRecipient": "Київ"
  },
  {
    "number": 59000454881578,
    "dateTime": {
      "date": {
        "year": 2019,
        "month": 10,
        "day": 15
      },
      "time": {
        "hour": 8,
        "minute": 51,
        "second": 42,
        "nano": 0
      }
    },
    "citySender": "Кривий Ріг",
    "cityRecipient": "Київ"
  },
  {
    "number": 59000454881579,
    "dateTime": {
      "date": {
        "year": 2019,
        "month": 10,
        "day": 15
      },
      "time": {
        "hour": 8,
        "minute": 52,
        "second": 38,
        "nano": 0
      }
    },
    "citySender": "Київ",
    "cityRecipient": "Київ"
  },
  {
    "number": 59000454881580,
    "dateTime": {
      "date": {
        "year": 2019,
        "month": 10,
        "day": 15
      },
      "time": {
        "hour": 8,
        "minute": 52,
        "second": 30,
        "nano": 0
      }
    },
    "citySender": "Харків",
    "cityRecipient": "Київ"
  },
  {
    "number": 59000454881581,
    "dateTime": {
      "date": {
        "year": 2019,
        "month": 10,
        "day": 15
      },
      "time": {
        "hour": 8,
        "minute": 52,
        "second": 51,
        "nano": 0
      }
    },
    "citySender": "Київ",
    "cityRecipient": "Понінка"
  },
  {
    "number": 59000454881582,
    "dateTime": {
      "date": {
        "year": 2019,
        "month": 10,
        "day": 15
      },
      "time": {
        "hour": 8,
        "minute": 52,
        "second": 43,
        "nano": 0
      }
    },
    "citySender": "Новгород-Сіверський",
    "cityRecipient": "Київ"
  },
  {
    "number": 59000454881583,
    "dateTime": {
      "date": {
        "year": 2019,
        "month": 10,
        "day": 15
      },
      "time": {
        "hour": 8,
        "minute": 52,
        "second": 39,
        "nano": 0
      }
    },
    "citySender": "Київ",
    "cityRecipient": "Чорноморськ"
  },
  {
    "number": 59000454881584,
    "dateTime": {
      "date": {
        "year": 2019,
        "month": 10,
        "day": 15
      },
      "time": {
        "hour": 8,
        "minute": 52,
        "second": 17,
        "nano": 0
      }
    },
    "citySender": "Літин",
    "cityRecipient": "Черкаси"
  },
  {
    "number": 59000454881585,
    "dateTime": {
      "date": {
        "year": 2019,
        "month": 10,
        "day": 15
      },
      "time": {
        "hour": 8,
        "minute": 52,
        "second": 40,
        "nano": 0
      }
    },
    "citySender": "Київ",
    "cityRecipient": "Київ"
  },
  {
    "number": 59000454881586,
    "dateTime": {
      "date": {
        "year": 2019,
        "month": 10,
        "day": 15
      },
      "time": {
        "hour": 8,
        "minute": 52,
        "second": 57,
        "nano": 0
      }
    },
    "citySender": "Хмельницький",
    "cityRecipient": "Одеса"
  },
  {
    "number": 59000454881588,
    "dateTime": {
      "date": {
        "year": 2019,
        "month": 10,
        "day": 15
      },
      "time": {
        "hour": 8,
        "minute": 52,
        "second": 57,
        "nano": 0
      }
    },
    "citySender": "Авдіївка (Донецька обл.)",
    "cityRecipient": "Авангард"
  },
  {
    "number": 59000454881589,
    "dateTime": {
      "date": {
        "year": 2019,
        "month": 10,
        "day": 15
      },
      "time": {
        "hour": 8,
        "minute": 51,
        "second": 14,
        "nano": 0
      }
    },
    "citySender": "Дніпро",
    "cityRecipient": "Житомир"
  },
  {
    "number": 59000454881590,
    "dateTime": {
      "date": {
        "year": 2019,
        "month": 10,
        "day": 15
      },
      "time": {
        "hour": 8,
        "minute": 52,
        "second": 58,
        "nano": 0
      }
    },
    "citySender": "Переяслав-Хмельницький",
    "cityRecipient": "Київ"
  },
  {
    "number": 59000454881591,
    "dateTime": {
      "date": {
        "year": 2019,
        "month": 10,
        "day": 15
      },
      "time": {
        "hour": 8,
        "minute": 52,
        "second": 58,
        "nano": 0
      }
    },
    "citySender": "Буча",
    "cityRecipient": "Київ"
  },
  {
    "number": 59000454881592,
    "dateTime": {
      "date": {
        "year": 2019,
        "month": 10,
        "day": 15
      },
      "time": {
        "hour": 8,
        "minute": 52,
        "second": 19,
        "nano": 0
      }
    },
    "citySender": "Городище (Черкаська обл.)",
    "cityRecipient": "Черкаси"
  },
  {
    "number": 59000454881593,
    "dateTime": {
      "date": {
        "year": 2019,
        "month": 10,
        "day": 15
      },
      "time": {
        "hour": 8,
        "minute": 52,
        "second": 56,
        "nano": 0
      }
    },
    "citySender": "Малехів",
    "cityRecipient": "Тернопіль"
  },
  {
    "number": 59000454881594,
    "dateTime": {
      "date": {
        "year": 2019,
        "month": 10,
        "day": 15
      },
      "time": {
        "hour": 8,
        "minute": 51,
        "second": 47,
        "nano": 0
      }
    },
    "citySender": "Новгород-Сіверський",
    "cityRecipient": "Супрунівка (Полтавська обл.)"
  },
  {
    "number": 59000454881595,
    "dateTime": {
      "date": {
        "year": 2019,
        "month": 10,
        "day": 15
      },
      "time": {
        "hour": 8,
        "minute": 52,
        "second": 34,
        "nano": 0
      }
    },
    "citySender": "Дніпро",
    "cityRecipient": "Дніпро"
  },
  {
    "number": 59000454881596,
    "dateTime": {
      "date": {
        "year": 2019,
        "month": 10,
        "day": 15
      },
      "time": {
        "hour": 8,
        "minute": 52,
        "second": 55,
        "nano": 0
      }
    },
    "citySender": "Дубровиця (Рівненська обл.)",
    "cityRecipient": "Харків"
  },
  {
    "number": 59000454881597,
    "dateTime": {
      "date": {
        "year": 2019,
        "month": 10,
        "day": 15
      },
      "time": {
        "hour": 8,
        "minute": 51,
        "second": 38,
        "nano": 0
      }
    },
    "citySender": "Курахове",
    "cityRecipient": "Стара Жадова"
  },
  {
    "number": 59000454881598,
    "dateTime": {
      "date": {
        "year": 2019,
        "month": 10,
        "day": 15
      },
      "time": {
        "hour": 8,
        "minute": 52,
        "second": 59,
        "nano": 0
      }
    },
    "citySender": "Тернопіль",
    "cityRecipient": "Київ"
  },
  {
    "number": 59000454881599,
    "dateTime": {
      "date": {
        "year": 2019,
        "month": 10,
        "day": 15
      },
      "time": {
        "hour": 8,
        "minute": 50,
        "second": 57,
        "nano": 0
      }
    },
    "citySender": "Комишня",
    "cityRecipient": "Новопетрівка"
  },
  {
    "number": 59000454881600,
    "dateTime": {
      "date": {
        "year": 2019,
        "month": 10,
        "day": 15
      },
      "time": {
        "hour": 8,
        "minute": 53,
        "second": 4,
        "nano": 0
      }
    },
    "citySender": "Кривий Ріг",
    "cityRecipient": "Кривий Ріг"
  },
  {
    "number": 59000454881601,
    "dateTime": {
      "date": {
        "year": 2019,
        "month": 10,
        "day": 15
      },
      "time": {
        "hour": 8,
        "minute": 52,
        "second": 6,
        "nano": 0
      }
    },
    "citySender": "Київ",
    "cityRecipient": "Київ"
  },
  {
    "number": 59000454881602,
    "dateTime": {
      "date": {
        "year": 2019,
        "month": 10,
        "day": 15
      },
      "time": {
        "hour": 8,
        "minute": 52,
        "second": 59,
        "nano": 0
      }
    },
    "citySender": "Київ",
    "cityRecipient": "Врадіївка"
  },
  {
    "number": 59000454881604,
    "dateTime": {
      "date": {
        "year": 2019,
        "month": 10,
        "day": 15
      },
      "time": {
        "hour": 8,
        "minute": 53,
        "second": 5,
        "nano": 0
      }
    },
    "citySender": "Криве Озеро",
    "cityRecipient": "Бровари"
  },
  {
    "number": 59000454881605,
    "dateTime": {
      "date": {
        "year": 2019,
        "month": 10,
        "day": 15
      },
      "time": {
        "hour": 8,
        "minute": 53,
        "second": 5,
        "nano": 0
      }
    },
    "citySender": "Страбичово",
    "cityRecipient": "Одеса"
  },
  {
    "number": 59000454881606,
    "dateTime": {
      "date": {
        "year": 2019,
        "month": 10,
        "day": 15
      },
      "time": {
        "hour": 8,
        "minute": 52,
        "second": 55,
        "nano": 0
      }
    },
    "citySender": "Київ",
    "cityRecipient": "Нетішин"
  },
  {
    "number": 59000454881607,
    "dateTime": {
      "date": {
        "year": 2019,
        "month": 10,
        "day": 15
      },
      "time": {
        "hour": 8,
        "minute": 52,
        "second": 5,
        "nano": 0
      }
    },
    "citySender": "Гірське",
    "cityRecipient": "Дніпро"
  },
  {
    "number": 59000454881608,
    "dateTime": {
      "date": {
        "year": 2019,
        "month": 10,
        "day": 15
      },
      "time": {
        "hour": 8,
        "minute": 52,
        "second": 43,
        "nano": 0
      }
    },
    "citySender": "Сахновщина (Харківська обл.)",
    "cityRecipient": "Веселе (Запорізька обл.)"
  },
  {
    "number": 59000454881609,
    "dateTime": {
      "date": {
        "year": 2019,
        "month": 10,
        "day": 15
      },
      "time": {
        "hour": 8,
        "minute": 52,
        "second": 48,
        "nano": 0
      }
    },
    "citySender": "Одеса",
    "cityRecipient": "Одеса"
  },
  {
    "number": 59000454881610,
    "dateTime": {
      "date": {
        "year": 2019,
        "month": 10,
        "day": 15
      },
      "time": {
        "hour": 8,
        "minute": 53,
        "second": 7,
        "nano": 0
      }
    },
    "citySender": "Київ",
    "cityRecipient": "Дніпро"
  },
  {
    "number": 59000454881611,
    "dateTime": {
      "date": {
        "year": 2019,
        "month": 10,
        "day": 15
      },
      "time": {
        "hour": 8,
        "minute": 53,
        "second": 7,
        "nano": 0
      }
    },
    "citySender": "Вінниця",
    "cityRecipient": "Вінниця"
  },
  {
    "number": 59000454881612,
    "dateTime": {
      "date": {
        "year": 2019,
        "month": 10,
        "day": 15
      },
      "time": {
        "hour": 8,
        "minute": 53,
        "second": 4,
        "nano": 0
      }
    },
    "citySender": "Черкаси",
    "cityRecipient": "Чернігів"
  },
  {
    "number": 59000454881613,
    "dateTime": {
      "date": {
        "year": 2019,
        "month": 10,
        "day": 15
      },
      "time": {
        "hour": 8,
        "minute": 52,
        "second": 56,
        "nano": 0
      }
    },
    "citySender": "Харків",
    "cityRecipient": "Немирів (Вінницька обл.)"
  },
  {
    "number": 59000454881614,
    "dateTime": {
      "date": {
        "year": 2019,
        "month": 10,
        "day": 15
      },
      "time": {
        "hour": 8,
        "minute": 53,
        "second": 7,
        "nano": 0
      }
    },
    "citySender": "Кропивницький",
    "cityRecipient": "Івано-Франківськ"
  },
  {
    "number": 59000454881615,
    "dateTime": {
      "date": {
        "year": 2019,
        "month": 10,
        "day": 15
      },
      "time": {
        "hour": 8,
        "minute": 53,
        "second": 0,
        "nano": 0
      }
    },
    "citySender": "Погребище",
    "cityRecipient": "Вінниця"
  },
  {
    "number": 59000454881616,
    "dateTime": {
      "date": {
        "year": 2019,
        "month": 10,
        "day": 15
      },
      "time": {
        "hour": 8,
        "minute": 52,
        "second": 51,
        "nano": 0
      }
    },
    "citySender": "Харків",
    "cityRecipient": "Миколаївка (Петропавлівський р-н)"
  },
  {
    "number": 59000454881617,
    "dateTime": {
      "date": {
        "year": 2019,
        "month": 10,
        "day": 15
      },
      "time": {
        "hour": 8,
        "minute": 51,
        "second": 38,
        "nano": 0
      }
    },
    "citySender": "Білогір\u0027я",
    "cityRecipient": "Коломия"
  },
  {
    "number": 59000454881618,
    "dateTime": {
      "date": {
        "year": 2019,
        "month": 10,
        "day": 15
      },
      "time": {
        "hour": 8,
        "minute": 52,
        "second": 35,
        "nano": 0
      }
    },
    "citySender": "Дніпро",
    "cityRecipient": "Слов\u0027янськ"
  },
  {
    "number": 59000454881619,
    "dateTime": {
      "date": {
        "year": 2019,
        "month": 10,
        "day": 15
      },
      "time": {
        "hour": 8,
        "minute": 53,
        "second": 6,
        "nano": 0
      }
    },
    "citySender": "Малехів",
    "cityRecipient": "Вінниця"
  },
  {
    "number": 59000454881620,
    "dateTime": {
      "date": {
        "year": 2019,
        "month": 10,
        "day": 15
      },
      "time": {
        "hour": 8,
        "minute": 53,
        "second": 9,
        "nano": 0
      }
    },
    "citySender": "Буча",
    "cityRecipient": "Харків"
  },
  {
    "number": 59000454881621,
    "dateTime": {
      "date": {
        "year": 2019,
        "month": 10,
        "day": 15
      },
      "time": {
        "hour": 8,
        "minute": 53,
        "second": 10,
        "nano": 0
      }
    },
    "citySender": "Ірпінь",
    "cityRecipient": "Одеса"
  },
  {
    "number": 59000454881622,
    "dateTime": {
      "date": {
        "year": 2019,
        "month": 10,
        "day": 15
      },
      "time": {
        "hour": 8,
        "minute": 53,
        "second": 11,
        "nano": 0
      }
    },
    "citySender": "Сміла",
    "cityRecipient": "Черкаси"
  },
  {
    "number": 59000454881623,
    "dateTime": {
      "date": {
        "year": 2019,
        "month": 10,
        "day": 15
      },
      "time": {
        "hour": 8,
        "minute": 53,
        "second": 11,
        "nano": 0
      }
    },
    "citySender": "Люблинець",
    "cityRecipient": "Хмельницький"
  },
  {
    "number": 59000454881624,
    "dateTime": {
      "date": {
        "year": 2019,
        "month": 10,
        "day": 15
      },
      "time": {
        "hour": 8,
        "minute": 53,
        "second": 0,
        "nano": 0
      }
    },
    "citySender": "Дніпро",
    "cityRecipient": "Дніпро"
  },
  {
    "number": 59000454881625,
    "dateTime": {
      "date": {
        "year": 2019,
        "month": 10,
        "day": 15
      },
      "time": {
        "hour": 8,
        "minute": 52,
        "second": 46,
        "nano": 0
      }
    },
    "citySender": "Харків",
    "cityRecipient": "Маломихайлівка"
  },
  {
    "number": 59000454881627,
    "dateTime": {
      "date": {
        "year": 2019,
        "month": 10,
        "day": 15
      },
      "time": {
        "hour": 8,
        "minute": 52,
        "second": 56,
        "nano": 0
      }
    },
    "citySender": "Одеса",
    "cityRecipient": "Миколаїв"
  },
  {
    "number": 59000454881628,
    "dateTime": {
      "date": {
        "year": 2019,
        "month": 10,
        "day": 15
      },
      "time": {
        "hour": 8,
        "minute": 52,
        "second": 37,
        "nano": 0
      }
    },
    "citySender": "Дмитрівка (Знам\u0027янський р-н Кіровоградська обл.)",
    "cityRecipient": "Кременчук"
  },
  {
    "number": 59000454881630,
    "dateTime": {
      "date": {
        "year": 2019,
        "month": 10,
        "day": 15
      },
      "time": {
        "hour": 8,
        "minute": 53,
        "second": 10,
        "nano": 0
      }
    },
    "citySender": "Київ",
    "cityRecipient": "Київ"
  },
  {
    "number": 59000454881631,
    "dateTime": {
      "date": {
        "year": 2019,
        "month": 10,
        "day": 15
      },
      "time": {
        "hour": 8,
        "minute": 53,
        "second": 5,
        "nano": 0
      }
    },
    "citySender": "Муровані Курилівці",
    "cityRecipient": "Київ"
  },
  {
    "number": 59000454881632,
    "dateTime": {
      "date": {
        "year": 2019,
        "month": 10,
        "day": 15
      },
      "time": {
        "hour": 8,
        "minute": 53,
        "second": 15,
        "nano": 0
      }
    },
    "citySender": "Знам\u0027янка (Кіровоградська обл.)",
    "cityRecipient": "Кропивницький"
  },
  {
    "number": 59000454881633,
    "dateTime": {
      "date": {
        "year": 2019,
        "month": 10,
        "day": 15
      },
      "time": {
        "hour": 8,
        "minute": 53,
        "second": 4,
        "nano": 0
      }
    },
    "citySender": "Харків",
    "cityRecipient": "Вишневе"
  },
  {
    "number": 59000454881634,
    "dateTime": {
      "date": {
        "year": 2019,
        "month": 10,
        "day": 15
      },
      "time": {
        "hour": 8,
        "minute": 53,
        "second": 16,
        "nano": 0
      }
    },
    "citySender": "Львів",
    "cityRecipient": "Рудне"
  },
  {
    "number": 59000454881635,
    "dateTime": {
      "date": {
        "year": 2019,
        "month": 10,
        "day": 15
      },
      "time": {
        "hour": 8,
        "minute": 53,
        "second": 17,
        "nano": 0
      }
    },
    "citySender": "Глобине",
    "cityRecipient": "Миколаїв"
  },
  {
    "number": 59000454881636,
    "dateTime": {
      "date": {
        "year": 2019,
        "month": 10,
        "day": 15
      },
      "time": {
        "hour": 8,
        "minute": 52,
        "second": 46,
        "nano": 0
      }
    },
    "citySender": "Луцьк",
    "cityRecipient": "Київ"
  },
  {
    "number": 59000454881637,
    "dateTime": {
      "date": {
        "year": 2019,
        "month": 10,
        "day": 15
      },
      "time": {
        "hour": 8,
        "minute": 53,
        "second": 17,
        "nano": 0
      }
    },
    "citySender": "Черкаси",
    "cityRecipient": "Черкаси"
  },
  {
    "number": 59000454881638,
    "dateTime": {
      "date": {
        "year": 2019,
        "month": 10,
        "day": 15
      },
      "time": {
        "hour": 8,
        "minute": 53,
        "second": 17,
        "nano": 0
      }
    },
    "citySender": "Ставище",
    "cityRecipient": "Харків"
  },
  {
    "number": 59000454881639,
    "dateTime": {
      "date": {
        "year": 2019,
        "month": 10,
        "day": 15
      },
      "time": {
        "hour": 8,
        "minute": 53,
        "second": 19,
        "nano": 0
      }
    },
    "citySender": "Тернівка",
    "cityRecipient": "Запоріжжя"
  },
  {
    "number": 59000454881640,
    "dateTime": {
      "date": {
        "year": 2019,
        "month": 10,
        "day": 15
      },
      "time": {
        "hour": 8,
        "minute": 52,
        "second": 22,
        "nano": 0
      }
    },
    "citySender": "Мерефа",
    "cityRecipient": "Київ"
  },
  {
    "number": 59000454881641,
    "dateTime": {
      "date": {
        "year": 2019,
        "month": 10,
        "day": 15
      },
      "time": {
        "hour": 8,
        "minute": 52,
        "second": 44,
        "nano": 0
      }
    },
    "citySender": "Стара Синява",
    "cityRecipient": "Київ"
  },
  {
    "number": 59000454881642,
    "dateTime": {
      "date": {
        "year": 2019,
        "month": 10,
        "day": 15
      },
      "time": {
        "hour": 8,
        "minute": 52,
        "second": 50,
        "nano": 0
      }
    },
    "citySender": "Чонгар(Херсонська обл.)",
    "cityRecipient": "Полтава"
  },
  {
    "number": 59000454881643,
    "dateTime": {
      "date": {
        "year": 2019,
        "month": 10,
        "day": 15
      },
      "time": {
        "hour": 8,
        "minute": 53,
        "second": 9,
        "nano": 0
      }
    },
    "citySender": "Вінниця",
    "cityRecipient": "Одеса"
  },
  {
    "number": 59000454881644,
    "dateTime": {
      "date": {
        "year": 2019,
        "month": 10,
        "day": 15
      },
      "time": {
        "hour": 8,
        "minute": 53,
        "second": 22,
        "nano": 0
      }
    },
    "citySender": "Київ",
    "cityRecipient": "Чернівці"
  },
  {
    "number": 59000454881645,
    "dateTime": {
      "date": {
        "year": 2019,
        "month": 10,
        "day": 15
      },
      "time": {
        "hour": 8,
        "minute": 53,
        "second": 22,
        "nano": 0
      }
    },
    "citySender": "Кам\u0027яна",
    "cityRecipient": "Зміїнець"
  },
  {
    "number": 59000454881646,
    "dateTime": {
      "date": {
        "year": 2019,
        "month": 10,
        "day": 15
      },
      "time": {
        "hour": 8,
        "minute": 51,
        "second": 47,
        "nano": 0
      }
    },
    "citySender": "Долинська",
    "cityRecipient": "Дніпро"
  },
  {
    "number": 59000454881647,
    "dateTime": {
      "date": {
        "year": 2019,
        "month": 10,
        "day": 15
      },
      "time": {
        "hour": 8,
        "minute": 53,
        "second": 19,
        "nano": 0
      }
    },
    "citySender": "Первомайськ(Микол.обл.Первомайс.р-н)",
    "cityRecipient": "Первомайськ(Микол.обл.Первомайс.р-н)"
  }
]