[
  {
    "number": 59000454911130,
    "dateTime": {
      "date": {
        "year": 2019,
        "month": 10,
        "day": 15
      },
      "time": {
        "hour": 10,
        "minute": 13,
        "second": 16,
        "nano": 0
      }
    },
    "citySender": "Дубровиця (Рівненська обл.)",
    "cityRecipient": "Ратне"
  },
  {
    "number": 59000454911131,
    "dateTime": {
      "date": {
        "year": 2019,
        "month": 10,
        "day": 15
      },
      "time": {
        "hour": 10,
        "minute": 13,
        "second": 18,
        "nano": 0
      }
    },
    "citySender": "Білогородка (Київська обл.)",
    "cityRecipient": "Кривий Ріг"
  },
  {
    "number": 59000454911132,
    "dateTime": {
      "date": {
        "year": 2019,
        "month": 10,
        "day": 15
      },
      "time": {
        "hour": 10,
        "minute": 13,
        "second": 44,
        "nano": 0
      }
    },
    "citySender": "Харків",
    "cityRecipient": "Авангард"
  },
  {
    "number": 59000454911133,
    "dateTime": {
      "date": {
        "year": 2019,
        "month": 10,
        "day": 15
      },
      "time": {
        "hour": 10,
        "minute": 13,
        "second": 15,
        "nano": 0
      }
    },
    "citySender": "Одеса",
    "cityRecipient": "Дніпро"
  },
  {
    "number": 59000454911134,
    "dateTime": {
      "date": {
        "year": 2019,
        "month": 10,
        "day": 15
      },
      "time": {
        "hour": 10,
        "minute": 13,
        "second": 23,
        "nano": 0
      }
    },
    "citySender": "Розсошенці(Полтавська обл.)",
    "cityRecipient": "Одеса"
  },
  {
    "number": 59000454911135,
    "dateTime": {
      "date": {
        "year": 2019,
        "month": 10,
        "day": 15
      },
      "time": {
        "hour": 10,
        "minute": 13,
        "second": 25,
        "nano": 0
      }
    },
    "citySender": "Таранівка",
    "cityRecipient": "Харків"
  },
  {
    "number": 59000454911136,
    "dateTime": {
      "date": {
        "year": 2019,
        "month": 10,
        "day": 15
      },
      "time": {
        "hour": 10,
        "minute": 13,
        "second": 43,
        "nano": 0
      }
    },
    "citySender": "Київ",
    "cityRecipient": "Запоріжжя"
  },
  {
    "number": 59000454911137,
    "dateTime": {
      "date": {
        "year": 2019,
        "month": 10,
        "day": 15
      },
      "time": {
        "hour": 10,
        "minute": 13,
        "second": 25,
        "nano": 0
      }
    },
    "citySender": "Рівне",
    "cityRecipient": "Житомир"
  },
  {
    "number": 59000454911138,
    "dateTime": {
      "date": {
        "year": 2019,
        "month": 10,
        "day": 15
      },
      "time": {
        "hour": 10,
        "minute": 13,
        "second": 5,
        "nano": 0
      }
    },
    "citySender": "Мала Данилівка",
    "cityRecipient": "Заводське(Лохвицький р-н,Полтав. обл)"
  },
  {
    "number": 59000454911139,
    "dateTime": {
      "date": {
        "year": 2019,
        "month": 10,
        "day": 15
      },
      "time": {
        "hour": 10,
        "minute": 13,
        "second": 44,
        "nano": 0
      }
    },
    "citySender": "Київ",
    "cityRecipient": "Львів"
  },
  {
    "number": 59000454911140,
    "dateTime": {
      "date": {
        "year": 2019,
        "month": 10,
        "day": 15
      },
      "time": {
        "hour": 10,
        "minute": 13,
        "second": 41,
        "nano": 0
      }
    },
    "citySender": "Чернівці",
    "cityRecipient": "Великий Кучурів"
  },
  {
    "number": 59000454911141,
    "dateTime": {
      "date": {
        "year": 2019,
        "month": 10,
        "day": 15
      },
      "time": {
        "hour": 10,
        "minute": 13,
        "second": 42,
        "nano": 0
      }
    },
    "citySender": "Запоріжжя",
    "cityRecipient": "Маріуполь"
  },
  {
    "number": 59000454911143,
    "dateTime": {
      "date": {
        "year": 2019,
        "month": 10,
        "day": 15
      },
      "time": {
        "hour": 10,
        "minute": 13,
        "second": 33,
        "nano": 0
      }
    },
    "citySender": "Локачі",
    "cityRecipient": "Острог"
  },
  {
    "number": 59000454911144,
    "dateTime": {
      "date": {
        "year": 2019,
        "month": 10,
        "day": 15
      },
      "time": {
        "hour": 10,
        "minute": 13,
        "second": 14,
        "nano": 0
      }
    },
    "citySender": "Пологи (Запорізька обл.)",
    "cityRecipient": "Костянтинівка (Донецька обл.)"
  },
  {
    "number": 59000454911145,
    "dateTime": {
      "date": {
        "year": 2019,
        "month": 10,
        "day": 15
      },
      "time": {
        "hour": 10,
        "minute": 13,
        "second": 46,
        "nano": 0
      }
    },
    "citySender": "Київ",
    "cityRecipient": "Київ"
  },
  {
    "number": 59000454911147,
    "dateTime": {
      "date": {
        "year": 2019,
        "month": 10,
        "day": 15
      },
      "time": {
        "hour": 10,
        "minute": 13,
        "second": 18,
        "nano": 0
      }
    },
    "citySender": "Одеса",
    "cityRecipient": "Київ"
  },
  {
    "number": 59000454911148,
    "dateTime": {
      "date": {
        "year": 2019,
        "month": 10,
        "day": 15
      },
      "time": {
        "hour": 10,
        "minute": 13,
        "second": 25,
        "nano": 0
      }
    },
    "citySender": "Чкаловське",
    "cityRecipient": "Скадовськ"
  },
  {
    "number": 59000454911149,
    "dateTime": {
      "date": {
        "year": 2019,
        "month": 10,
        "day": 15
      },
      "time": {
        "hour": 10,
        "minute": 13,
        "second": 39,
        "nano": 0
      }
    },
    "citySender": "Южне",
    "cityRecipient": "Михайлівка (Миколаївська обл.)"
  },
  {
    "number": 59000454911150,
    "dateTime": {
      "date": {
        "year": 2019,
        "month": 10,
        "day": 15
      },
      "time": {
        "hour": 10,
        "minute": 12,
        "second": 56,
        "nano": 0
      }
    },
    "citySender": "Іванків (Іванківський р-н)",
    "cityRecipient": "Малинівка (Харківська обл.)"
  },
  {
    "number": 59000454911151,
    "dateTime": {
      "date": {
        "year": 2019,
        "month": 10,
        "day": 15
      },
      "time": {
        "hour": 10,
        "minute": 13,
        "second": 37,
        "nano": 0
      }
    },
    "citySender": "Буринь",
    "cityRecipient": "Семенівка(Полт.обл., Семенів.р-н)"
  },
  {
    "number": 59000454911152,
    "dateTime": {
      "date": {
        "year": 2019,
        "month": 10,
        "day": 15
      },
      "time": {
        "hour": 10,
        "minute": 13,
        "second": 43,
        "nano": 0
      }
    },
    "citySender": "Петропавлівка (Дніпропетровська обл.)",
    "cityRecipient": "Кривий Ріг"
  },
  {
    "number": 59000454911154,
    "dateTime": {
      "date": {
        "year": 2019,
        "month": 10,
        "day": 15
      },
      "time": {
        "hour": 10,
        "minute": 13,
        "second": 46,
        "nano": 0
      }
    },
    "citySender": "Дніпрорудне",
    "cityRecipient": "Ковель"
  },
  {
    "number": 59000454911155,
    "dateTime": {
      "date": {
        "year": 2019,
        "month": 10,
        "day": 15
      },
      "time": {
        "hour": 10,
        "minute": 13,
        "second": 43,
        "nano": 0
      }
    },
    "citySender": "Київ",
    "cityRecipient": "Київ"
  },
  {
    "number": 59000454911156,
    "dateTime": {
      "date": {
        "year": 2019,
        "month": 10,
        "day": 15
      },
      "time": {
        "hour": 10,
        "minute": 13,
        "second": 24,
        "nano": 0
      }
    },
    "citySender": "Велика Знам\u0027янка",
    "cityRecipient": "Вінниця"
  },
  {
    "number": 59000454911157,
    "dateTime": {
      "date": {
        "year": 2019,
        "month": 10,
        "day": 15
      },
      "time": {
        "hour": 10,
        "minute": 13,
        "second": 47,
        "nano": 0
      }
    },
    "citySender": "Борислав (Львівська обл.)",
    "cityRecipient": "Дніпро"
  },
  {
    "number": 59000454911158,
    "dateTime": {
      "date": {
        "year": 2019,
        "month": 10,
        "day": 15
      },
      "time": {
        "hour": 10,
        "minute": 12,
        "second": 59,
        "nano": 0
      }
    },
    "citySender": "Львів",
    "cityRecipient": "Добропілля"
  },
  {
    "number": 59000454911159,
    "dateTime": {
      "date": {
        "year": 2019,
        "month": 10,
        "day": 15
      },
      "time": {
        "hour": 10,
        "minute": 13,
        "second": 43,
        "nano": 0
      }
    },
    "citySender": "Київ",
    "cityRecipient": "Київ"
  },
  {
    "number": 59000454911160,
    "dateTime": {
      "date": {
        "year": 2019,
        "month": 10,
        "day": 15
      },
      "time": {
        "hour": 10,
        "minute": 11,
        "second": 56,
        "nano": 0
      }
    },
    "citySender": "Покровськ (Донецька обл.)",
    "cityRecipient": "Васильківка (Дніпропетровська обл.)"
  },
  {
    "number": 59000454911161,
    "dateTime": {
      "date": {
        "year": 2019,
        "month": 10,
        "day": 15
      },
      "time": {
        "hour": 10,
        "minute": 13,
        "second": 30,
        "nano": 0
      }
    },
    "citySender": "Київ",
    "cityRecipient": "Київ"
  },
  {
    "number": 59000454911162,
    "dateTime": {
      "date": {
        "year": 2019,
        "month": 10,
        "day": 15
      },
      "time": {
        "hour": 10,
        "minute": 13,
        "second": 14,
        "nano": 0
      }
    },
    "citySender": "Зіньків",
    "cityRecipient": "Крюківщина"
  },
  {
    "number": 59000454911163,
    "dateTime": {
      "date": {
        "year": 2019,
        "month": 10,
        "day": 15
      },
      "time": {
        "hour": 10,
        "minute": 13,
        "second": 47,
        "nano": 0
      }
    },
    "citySender": "Балаклія (Харківська обл.)",
    "cityRecipient": "Путивль"
  },
  {
    "number": 59000454911164,
    "dateTime": {
      "date": {
        "year": 2019,
        "month": 10,
        "day": 15
      },
      "time": {
        "hour": 10,
        "minute": 13,
        "second": 48,
        "nano": 0
      }
    },
    "citySender": "Вінниця",
    "cityRecipient": "Суми"
  },
  {
    "number": 59000454911166,
    "dateTime": {
      "date": {
        "year": 2019,
        "month": 10,
        "day": 15
      },
      "time": {
        "hour": 10,
        "minute": 13,
        "second": 19,
        "nano": 0
      }
    },
    "citySender": "Кропивницький",
    "cityRecipient": "Дніпро"
  },
  {
    "number": 59000454911167,
    "dateTime": {
      "date": {
        "year": 2019,
        "month": 10,
        "day": 15
      },
      "time": {
        "hour": 10,
        "minute": 12,
        "second": 59,
        "nano": 0
      }
    },
    "citySender": "Тернопіль",
    "cityRecipient": "Житомир"
  },
  {
    "number": 59000454911168,
    "dateTime": {
      "date": {
        "year": 2019,
        "month": 10,
        "day": 15
      },
      "time": {
        "hour": 10,
        "minute": 13,
        "second": 9,
        "nano": 0
      }
    },
    "citySender": "Бориспіль",
    "cityRecipient": "Кропивницький"
  },
  {
    "number": 59000454911169,
    "dateTime": {
      "date": {
        "year": 2019,
        "month": 10,
        "day": 15
      },
      "time": {
        "hour": 10,
        "minute": 13,
        "second": 16,
        "nano": 0
      }
    },
    "citySender": "Вишеньки",
    "cityRecipient": "Львів"
  },
  {
    "number": 59000454911170,
    "dateTime": {
      "date": {
        "year": 2019,
        "month": 10,
        "day": 15
      },
      "time": {
        "hour": 10,
        "minute": 13,
        "second": 36,
        "nano": 0
      }
    },
    "citySender": "Верхня Сироватка",
    "cityRecipient": "Миронівка"
  },
  {
    "number": 59000454911171,
    "dateTime": {
      "date": {
        "year": 2019,
        "month": 10,
        "day": 15
      },
      "time": {
        "hour": 10,
        "minute": 12,
        "second": 51,
        "nano": 0
      }
    },
    "citySender": "Добропілля",
    "cityRecipient": "Харків"
  },
  {
    "number": 59000454911172,
    "dateTime": {
      "date": {
        "year": 2019,
        "month": 10,
        "day": 15
      },
      "time": {
        "hour": 10,
        "minute": 13,
        "second": 40,
        "nano": 0
      }
    },
    "citySender": "Вінниця",
    "cityRecipient": "Ворохта"
  },
  {
    "number": 59000454911173,
    "dateTime": {
      "date": {
        "year": 2019,
        "month": 10,
        "day": 15
      },
      "time": {
        "hour": 10,
        "minute": 13,
        "second": 27,
        "nano": 0
      }
    },
    "citySender": "Дніпро",
    "cityRecipient": "Київ"
  },
  {
    "number": 59000454911174,
    "dateTime": {
      "date": {
        "year": 2019,
        "month": 10,
        "day": 15
      },
      "time": {
        "hour": 10,
        "minute": 13,
        "second": 45,
        "nano": 0
      }
    },
    "citySender": "Київ",
    "cityRecipient": "Київ"
  },
  {
    "number": 59000454911175,
    "dateTime": {
      "date": {
        "year": 2019,
        "month": 10,
        "day": 15
      },
      "time": {
        "hour": 10,
        "minute": 13,
        "second": 33,
        "nano": 0
      }
    },
    "citySender": "Чоп",
    "cityRecipient": "Житомир"
  },
  {
    "number": 59000454911176,
    "dateTime": {
      "date": {
        "year": 2019,
        "month": 10,
        "day": 15
      },
      "time": {
        "hour": 10,
        "minute": 13,
        "second": 26,
        "nano": 0
      }
    },
    "citySender": "Ужгород",
    "cityRecipient": "Київ"
  },
  {
    "number": 59000454911177,
    "dateTime": {
      "date": {
        "year": 2019,
        "month": 10,
        "day": 15
      },
      "time": {
        "hour": 10,
        "minute": 13,
        "second": 34,
        "nano": 0
      }
    },
    "citySender": "Київ",
    "cityRecipient": "Одеса"
  },
  {
    "number": 59000454911178,
    "dateTime": {
      "date": {
        "year": 2019,
        "month": 10,
        "day": 15
      },
      "time": {
        "hour": 10,
        "minute": 13,
        "second": 16,
        "nano": 0
      }
    },
    "citySender": "Київ",
    "cityRecipient": "Вінниця"
  },
  {
    "number": 59000454911179,
    "dateTime": {
      "date": {
        "year": 2019,
        "month": 10,
        "day": 15
      },
      "time": {
        "hour": 10,
        "minute": 13,
        "second": 2,
        "nano": 0
      }
    },
    "citySender": "Київ",
    "cityRecipient": "Київ"
  },
  {
    "number": 59000454911180,
    "dateTime": {
      "date": {
        "year": 2019,
        "month": 10,
        "day": 15
      },
      "time": {
        "hour": 10,
        "minute": 13,
        "second": 42,
        "nano": 0
      }
    },
    "citySender": "Дніпро",
    "cityRecipient": "Славутич"
  },
  {
    "number": 59000454911181,
    "dateTime": {
      "date": {
        "year": 2019,
        "month": 10,
        "day": 15
      },
      "time": {
        "hour": 10,
        "minute": 13,
        "second": 50,
        "nano": 0
      }
    },
    "citySender": "Гоголів(Броварський р-н)",
    "cityRecipient": "Авангард"
  },
  {
    "number": 59000454911182,
    "dateTime": {
      "date": {
        "year": 2019,
        "month": 10,
        "day": 15
      },
      "time": {
        "hour": 10,
        "minute": 13,
        "second": 13,
        "nano": 0
      }
    },
    "citySender": "Маріуполь",
    "cityRecipient": "Мелітополь"
  },
  {
    "number": 59000454911183,
    "dateTime": {
      "date": {
        "year": 2019,
        "month": 10,
        "day": 15
      },
      "time": {
        "hour": 10,
        "minute": 13,
        "second": 50,
        "nano": 0
      }
    },
    "citySender": "Львів",
    "cityRecipient": "Київ"
  },
  {
    "number": 59000454911184,
    "dateTime": {
      "date": {
        "year": 2019,
        "month": 10,
        "day": 15
      },
      "time": {
        "hour": 10,
        "minute": 13,
        "second": 32,
        "nano": 0
      }
    },
    "citySender": "Київ",
    "cityRecipient": "Вишгород"
  },
  {
    "number": 59000454911185,
    "dateTime": {
      "date": {
        "year": 2019,
        "month": 10,
        "day": 15
      },
      "time": {
        "hour": 10,
        "minute": 13,
        "second": 50,
        "nano": 0
      }
    },
    "citySender": "Волноваха",
    "cityRecipient": "Маріуполь"
  },
  {
    "number": 59000454911186,
    "dateTime": {
      "date": {
        "year": 2019,
        "month": 10,
        "day": 15
      },
      "time": {
        "hour": 10,
        "minute": 13,
        "second": 15,
        "nano": 0
      }
    },
    "citySender": "Біла Церква",
    "cityRecipient": "Київ"
  },
  {
    "number": 59000454911187,
    "dateTime": {
      "date": {
        "year": 2019,
        "month": 10,
        "day": 15
      },
      "time": {
        "hour": 10,
        "minute": 13,
        "second": 51,
        "nano": 0
      }
    },
    "citySender": "Золочів(Харківська обл.)",
    "cityRecipient": "Харків"
  },
  {
    "number": 59000454911188,
    "dateTime": {
      "date": {
        "year": 2019,
        "month": 10,
        "day": 15
      },
      "time": {
        "hour": 10,
        "minute": 13,
        "second": 42,
        "nano": 0
      }
    },
    "citySender": "Кропивницький",
    "cityRecipient": "Харків"
  },
  {
    "number": 59000454911189,
    "dateTime": {
      "date": {
        "year": 2019,
        "month": 10,
        "day": 15
      },
      "time": {
        "hour": 10,
        "minute": 12,
        "second": 8,
        "nano": 0
      }
    },
    "citySender": "Проліски",
    "cityRecipient": "Енергодар"
  },
  {
    "number": 59000454911190,
    "dateTime": {
      "date": {
        "year": 2019,
        "month": 10,
        "day": 15
      },
      "time": {
        "hour": 10,
        "minute": 13,
        "second": 42,
        "nano": 0
      }
    },
    "citySender": "Запоріжжя",
    "cityRecipient": "Одеса"
  },
  {
    "number": 59000454911191,
    "dateTime": {
      "date": {
        "year": 2019,
        "month": 10,
        "day": 15
      },
      "time": {
        "hour": 10,
        "minute": 13,
        "second": 36,
        "nano": 0
      }
    },
    "citySender": "Харків",
    "cityRecipient": "Долина"
  },
  {
    "number": 59000454911192,
    "dateTime": {
      "date": {
        "year": 2019,
        "month": 10,
        "day": 15
      },
      "time": {
        "hour": 10,
        "minute": 12,
        "second": 56,
        "nano": 0
      }
    },
    "citySender": "Березнегувате",
    "cityRecipient": "Харків"
  },
  {
    "number": 59000454911193,
    "dateTime": {
      "date": {
        "year": 2019,
        "month": 10,
        "day": 15
      },
      "time": {
        "hour": 10,
        "minute": 13,
        "second": 14,
        "nano": 0
      }
    },
    "citySender": "Чорнобай",
    "cityRecipient": "Житомир"
  },
  {
    "number": 59000454911194,
    "dateTime": {
      "date": {
        "year": 2019,
        "month": 10,
        "day": 15
      },
      "time": {
        "hour": 10,
        "minute": 13,
        "second": 25,
        "nano": 0
      }
    },
    "citySender": "Васильківка (Дніпропетровська обл.)",
    "cityRecipient": "Новомосковськ"
  },
  {
    "number": 59000454911196,
    "dateTime": {
      "date": {
        "year": 2019,
        "month": 10,
        "day": 15
      },
      "time": {
        "hour": 10,
        "minute": 12,
        "second": 54,
        "nano": 0
      }
    },
    "citySender": "Харків",
    "cityRecipient": "Одеса"
  },
  {
    "number": 59000454911197,
    "dateTime": {
      "date": {
        "year": 2019,
        "month": 10,
        "day": 15
      },
      "time": {
        "hour": 10,
        "minute": 13,
        "second": 46,
        "nano": 0
      }
    },
    "citySender": "Ковель",
    "cityRecipient": "Київ"
  },
  {
    "number": 59000454911198,
    "dateTime": {
      "date": {
        "year": 2019,
        "month": 10,
        "day": 15
      },
      "time": {
        "hour": 10,
        "minute": 13,
        "second": 44,
        "nano": 0
      }
    },
    "citySender": "Луцьк",
    "cityRecipient": "Київ"
  },
  {
    "number": 59000454911200,
    "dateTime": {
      "date": {
        "year": 2019,
        "month": 10,
        "day": 15
      },
      "time": {
        "hour": 10,
        "minute": 12,
        "second": 57,
        "nano": 0
      }
    },
    "citySender": "Надвірна",
    "cityRecipient": "Городище (Рівненський р-н., Рівненська обл.)"
  },
  {
    "number": 59000454911201,
    "dateTime": {
      "date": {
        "year": 2019,
        "month": 10,
        "day": 15
      },
      "time": {
        "hour": 10,
        "minute": 13,
        "second": 52,
        "nano": 0
      }
    },
    "citySender": "Червона Слобода (Київська обл.)",
    "cityRecipient": "Путивль"
  },
  {
    "number": 59000454911202,
    "dateTime": {
      "date": {
        "year": 2019,
        "month": 10,
        "day": 15
      },
      "time": {
        "hour": 10,
        "minute": 13,
        "second": 38,
        "nano": 0
      }
    },
    "citySender": "Енергодар",
    "cityRecipient": "Львів"
  },
  {
    "number": 59000454911203,
    "dateTime": {
      "date": {
        "year": 2019,
        "month": 10,
        "day": 15
      },
      "time": {
        "hour": 10,
        "minute": 13,
        "second": 40,
        "nano": 0
      }
    },
    "citySender": "Малин",
    "cityRecipient": "Кам\u0027янське(Дніпропетровська обл)"
  },
  {
    "number": 59000454911204,
    "dateTime": {
      "date": {
        "year": 2019,
        "month": 10,
        "day": 15
      },
      "time": {
        "hour": 10,
        "minute": 13,
        "second": 54,
        "nano": 0
      }
    },
    "citySender": "Львів",
    "cityRecipient": "Київ"
  },
  {
    "number": 59000454911205,
    "dateTime": {
      "date": {
        "year": 2019,
        "month": 10,
        "day": 15
      },
      "time": {
        "hour": 10,
        "minute": 13,
        "second": 48,
        "nano": 0
      }
    },
    "citySender": "Збараж",
    "cityRecipient": "Сокільники"
  },
  {
    "number": 59000454911206,
    "dateTime": {
      "date": {
        "year": 2019,
        "month": 10,
        "day": 15
      },
      "time": {
        "hour": 10,
        "minute": 13,
        "second": 54,
        "nano": 0
      }
    },
    "citySender": "Білозерське (Донецька обл.)",
    "cityRecipient": "Львів"
  },
  {
    "number": 59000454911207,
    "dateTime": {
      "date": {
        "year": 2019,
        "month": 10,
        "day": 15
      },
      "time": {
        "hour": 10,
        "minute": 13,
        "second": 55,
        "nano": 0
      }
    },
    "citySender": "Приморськ (Запорізька обл.)",
    "cityRecipient": "Харків"
  },
  {
    "number": 59000454911208,
    "dateTime": {
      "date": {
        "year": 2019,
        "month": 10,
        "day": 15
      },
      "time": {
        "hour": 10,
        "minute": 13,
        "second": 53,
        "nano": 0
      }
    },
    "citySender": "Одеса",
    "cityRecipient": "Київ"
  },
  {
    "number": 59000454911209,
    "dateTime": {
      "date": {
        "year": 2019,
        "month": 10,
        "day": 15
      },
      "time": {
        "hour": 10,
        "minute": 13,
        "second": 55,
        "nano": 0
      }
    },
    "citySender": "Благодатне",
    "cityRecipient": "Суми"
  },
  {
    "number": 59000454911210,
    "dateTime": {
      "date": {
        "year": 2019,
        "month": 10,
        "day": 15
      },
      "time": {
        "hour": 10,
        "minute": 13,
        "second": 38,
        "nano": 0
      }
    },
    "citySender": "Київ",
    "cityRecipient": "Київ"
  },
  {
    "number": 59000454911211,
    "dateTime": {
      "date": {
        "year": 2019,
        "month": 10,
        "day": 15
      },
      "time": {
        "hour": 10,
        "minute": 13,
        "second": 43,
        "nano": 0
      }
    },
    "citySender": "Старий Самбір",
    "cityRecipient": "Чернівці"
  },
  {
    "number": 59000454911212,
    "dateTime": {
      "date": {
        "year": 2019,
        "month": 10,
        "day": 15
      },
      "time": {
        "hour": 10,
        "minute": 13,
        "second": 38,
        "nano": 0
      }
    },
    "citySender": "Вінниця",
    "cityRecipient": "Київ"
  },
  {
    "number": 59000454911213,
    "dateTime": {
      "date": {
        "year": 2019,
        "month": 10,
        "day": 15
      },
      "time": {
        "hour": 10,
        "minute": 13,
        "second": 19,
        "nano": 0
      }
    },
    "citySender": "Дрогобич",
    "cityRecipient": "Київ"
  },
  {
    "number": 59000454911214,
    "dateTime": {
      "date": {
        "year": 2019,
        "month": 10,
        "day": 15
      },
      "time": {
        "hour": 10,
        "minute": 12,
        "second": 59,
        "nano": 0
      }
    },
    "citySender": "Сєвєродонецьк",
    "cityRecipient": "Харків"
  },
  {
    "number": 59000454911215,
    "dateTime": {
      "date": {
        "year": 2019,
        "month": 10,
        "day": 15
      },
      "time": {
        "hour": 10,
        "minute": 12,
        "second": 59,
        "nano": 0
      }
    },
    "citySender": "Харків",
    "cityRecipient": "Київ"
  },
  {
    "number": 59000454911216,
    "dateTime": {
      "date": {
        "year": 2019,
        "month": 10,
        "day": 15
      },
      "time": {
        "hour": 10,
        "minute": 13,
        "second": 35,
        "nano": 0
      }
    },
    "citySender": "Нововолинськ",
    "cityRecipient": "Дубов\u0027язівка"
  },
  {
    "number": 59000454911217,
    "dateTime": {
      "date": {
        "year": 2019,
        "month": 10,
        "day": 15
      },
      "time": {
        "hour": 10,
        "minute": 13,
        "second": 50,
        "nano": 0
      }
    },
    "citySender": "Київ",
    "cityRecipient": "Миколаїв"
  },
  {
    "number": 59000454911218,
    "dateTime": {
      "date": {
        "year": 2019,
        "month": 10,
        "day": 15
      },
      "time": {
        "hour": 10,
        "minute": 13,
        "second": 57,
        "nano": 0
      }
    },
    "citySender": "Житомир",
    "cityRecipient": "Житомир"
  },
  {
    "number": 59000454911219,
    "dateTime": {
      "date": {
        "year": 2019,
        "month": 10,
        "day": 15
      },
      "time": {
        "hour": 10,
        "minute": 13,
        "second": 53,
        "nano": 0
      }
    },
    "citySender": "Тернопіль",
    "cityRecipient": "Охтирка"
  },
  {
    "number": 59000454911220,
    "dateTime": {
      "date": {
        "year": 2019,
        "month": 10,
        "day": 15
      },
      "time": {
        "hour": 10,
        "minute": 13,
        "second": 57,
        "nano": 0
      }
    },
    "citySender": "Київ",
    "cityRecipient": "Суми"
  },
  {
    "number": 59000454911221,
    "dateTime": {
      "date": {
        "year": 2019,
        "month": 10,
        "day": 15
      },
      "time": {
        "hour": 10,
        "minute": 13,
        "second": 36,
        "nano": 0
      }
    },
    "citySender": "Одеса",
    "cityRecipient": "Чкалове (Новотроїцький р-н, Херсонська обл.)"
  },
  {
    "number": 59000454911222,
    "dateTime": {
      "date": {
        "year": 2019,
        "month": 10,
        "day": 15
      },
      "time": {
        "hour": 10,
        "minute": 13,
        "second": 56,
        "nano": 0
      }
    },
    "citySender": "Хмільник (Вінницька обл.)",
    "cityRecipient": "Іванівка (Миколаївська обл.)"
  },
  {
    "number": 59000454911223,
    "dateTime": {
      "date": {
        "year": 2019,
        "month": 10,
        "day": 15
      },
      "time": {
        "hour": 10,
        "minute": 13,
        "second": 50,
        "nano": 0
      }
    },
    "citySender": "Вишневе",
    "cityRecipient": "Львів"
  },
  {
    "number": 59000454911224,
    "dateTime": {
      "date": {
        "year": 2019,
        "month": 10,
        "day": 15
      },
      "time": {
        "hour": 10,
        "minute": 13,
        "second": 21,
        "nano": 0
      }
    },
    "citySender": "Озерне (Житомирська обл.)",
    "cityRecipient": "Одеса"
  },
  {
    "number": 59000454911225,
    "dateTime": {
      "date": {
        "year": 2019,
        "month": 10,
        "day": 15
      },
      "time": {
        "hour": 10,
        "minute": 13,
        "second": 32,
        "nano": 0
      }
    },
    "citySender": "Петрове (Петрівський р-н., Кіровоградська обл)",
    "cityRecipient": "Петрове (Петрівський р-н., Кіровоградська обл)"
  },
  {
    "number": 59000454911226,
    "dateTime": {
      "date": {
        "year": 2019,
        "month": 10,
        "day": 15
      },
      "time": {
        "hour": 10,
        "minute": 13,
        "second": 58,
        "nano": 0
      }
    },
    "citySender": "Білогір\u0027я",
    "cityRecipient": "Лиман(Донецька обл)"
  },
  {
    "number": 59000454911227,
    "dateTime": {
      "date": {
        "year": 2019,
        "month": 10,
        "day": 15
      },
      "time": {
        "hour": 10,
        "minute": 13,
        "second": 58,
        "nano": 0
      }
    },
    "citySender": "Коломия",
    "cityRecipient": "Одеса"
  },
  {
    "number": 59000454911228,
    "dateTime": {
      "date": {
        "year": 2019,
        "month": 10,
        "day": 15
      },
      "time": {
        "hour": 10,
        "minute": 13,
        "second": 58,
        "nano": 0
      }
    },
    "citySender": "Київ",
    "cityRecipient": "Львів"
  },
  {
    "number": 59000454911229,
    "dateTime": {
      "date": {
        "year": 2019,
        "month": 10,
        "day": 15
      },
      "time": {
        "hour": 10,
        "minute": 13,
        "second": 58,
        "nano": 0
      }
    },
    "citySender": "Черкаси",
    "cityRecipient": "Черкаси"
  }
]