[
  {
    "number": 59000454908830,
    "dateTime": {
      "date": {
        "year": 2019,
        "month": 10,
        "day": 15
      },
      "time": {
        "hour": 10,
        "minute": 7,
        "second": 35,
        "nano": 0
      }
    },
    "citySender": "Лубни",
    "cityRecipient": "Київ"
  },
  {
    "number": 59000454908831,
    "dateTime": {
      "date": {
        "year": 2019,
        "month": 10,
        "day": 15
      },
      "time": {
        "hour": 10,
        "minute": 6,
        "second": 55,
        "nano": 0
      }
    },
    "citySender": "Берегове",
    "cityRecipient": "Ужгород"
  },
  {
    "number": 59000454908832,
    "dateTime": {
      "date": {
        "year": 2019,
        "month": 10,
        "day": 15
      },
      "time": {
        "hour": 10,
        "minute": 6,
        "second": 50,
        "nano": 0
      }
    },
    "citySender": "Подільськ",
    "cityRecipient": "Київ"
  },
  {
    "number": 59000454908833,
    "dateTime": {
      "date": {
        "year": 2019,
        "month": 10,
        "day": 15
      },
      "time": {
        "hour": 10,
        "minute": 7,
        "second": 36,
        "nano": 0
      }
    },
    "citySender": "Чернівці",
    "cityRecipient": "Тульчин"
  },
  {
    "number": 59000454908834,
    "dateTime": {
      "date": {
        "year": 2019,
        "month": 10,
        "day": 15
      },
      "time": {
        "hour": 10,
        "minute": 6,
        "second": 24,
        "nano": 0
      }
    },
    "citySender": "Одеса",
    "cityRecipient": "Харків"
  },
  {
    "number": 59000454908835,
    "dateTime": {
      "date": {
        "year": 2019,
        "month": 10,
        "day": 15
      },
      "time": {
        "hour": 10,
        "minute": 7,
        "second": 36,
        "nano": 0
      }
    },
    "citySender": "Білозерське (Донецька обл.)",
    "cityRecipient": "Київ"
  },
  {
    "number": 59000454908836,
    "dateTime": {
      "date": {
        "year": 2019,
        "month": 10,
        "day": 15
      },
      "time": {
        "hour": 10,
        "minute": 7,
        "second": 30,
        "nano": 0
      }
    },
    "citySender": "Вінниця",
    "cityRecipient": "Дніпро"
  },
  {
    "number": 59000454908837,
    "dateTime": {
      "date": {
        "year": 2019,
        "month": 10,
        "day": 15
      },
      "time": {
        "hour": 10,
        "minute": 7,
        "second": 27,
        "nano": 0
      }
    },
    "citySender": "Київ",
    "cityRecipient": "Хмельницький"
  },
  {
    "number": 59000454908838,
    "dateTime": {
      "date": {
        "year": 2019,
        "month": 10,
        "day": 15
      },
      "time": {
        "hour": 10,
        "minute": 7,
        "second": 25,
        "nano": 0
      }
    },
    "citySender": "Чугуїв",
    "cityRecipient": "Київ"
  },
  {
    "number": 59000454908839,
    "dateTime": {
      "date": {
        "year": 2019,
        "month": 10,
        "day": 15
      },
      "time": {
        "hour": 10,
        "minute": 7,
        "second": 22,
        "nano": 0
      }
    },
    "citySender": "Львів",
    "cityRecipient": "Червоноград (Львівська обл.)"
  },
  {
    "number": 59000454908840,
    "dateTime": {
      "date": {
        "year": 2019,
        "month": 10,
        "day": 15
      },
      "time": {
        "hour": 10,
        "minute": 6,
        "second": 49,
        "nano": 0
      }
    },
    "citySender": "Одеса",
    "cityRecipient": "Київ"
  },
  {
    "number": 59000454908841,
    "dateTime": {
      "date": {
        "year": 2019,
        "month": 10,
        "day": 15
      },
      "time": {
        "hour": 10,
        "minute": 7,
        "second": 9,
        "nano": 0
      }
    },
    "citySender": "Шпола",
    "cityRecipient": "Харків"
  },
  {
    "number": 59000454908842,
    "dateTime": {
      "date": {
        "year": 2019,
        "month": 10,
        "day": 15
      },
      "time": {
        "hour": 10,
        "minute": 7,
        "second": 31,
        "nano": 0
      }
    },
    "citySender": "Великі Ком\u0027яти",
    "cityRecipient": "Виноградів"
  },
  {
    "number": 59000454908843,
    "dateTime": {
      "date": {
        "year": 2019,
        "month": 10,
        "day": 15
      },
      "time": {
        "hour": 10,
        "minute": 7,
        "second": 38,
        "nano": 0
      }
    },
    "citySender": "Київ",
    "cityRecipient": "Київ"
  },
  {
    "number": 59000454908844,
    "dateTime": {
      "date": {
        "year": 2019,
        "month": 10,
        "day": 15
      },
      "time": {
        "hour": 10,
        "minute": 3,
        "second": 57,
        "nano": 0
      }
    },
    "citySender": "Тернопіль",
    "cityRecipient": "Помічна"
  },
  {
    "number": 59000454908845,
    "dateTime": {
      "date": {
        "year": 2019,
        "month": 10,
        "day": 15
      },
      "time": {
        "hour": 10,
        "minute": 7,
        "second": 38,
        "nano": 0
      }
    },
    "citySender": "Одеса",
    "cityRecipient": "Київ"
  },
  {
    "number": 59000454908846,
    "dateTime": {
      "date": {
        "year": 2019,
        "month": 10,
        "day": 15
      },
      "time": {
        "hour": 10,
        "minute": 7,
        "second": 17,
        "nano": 0
      }
    },
    "citySender": "Ізмаїл",
    "cityRecipient": "Маріуполь"
  },
  {
    "number": 59000454908847,
    "dateTime": {
      "date": {
        "year": 2019,
        "month": 10,
        "day": 15
      },
      "time": {
        "hour": 10,
        "minute": 7,
        "second": 39,
        "nano": 0
      }
    },
    "citySender": "Бердянськ",
    "cityRecipient": "Полтава"
  },
  {
    "number": 59000454908848,
    "dateTime": {
      "date": {
        "year": 2019,
        "month": 10,
        "day": 15
      },
      "time": {
        "hour": 10,
        "minute": 7,
        "second": 36,
        "nano": 0
      }
    },
    "citySender": "Харків",
    "cityRecipient": "Краматорськ"
  },
  {
    "number": 59000454908849,
    "dateTime": {
      "date": {
        "year": 2019,
        "month": 10,
        "day": 15
      },
      "time": {
        "hour": 10,
        "minute": 6,
        "second": 34,
        "nano": 0
      }
    },
    "citySender": "Велика Олександрівка (Херсонська обл.)",
    "cityRecipient": "Київ"
  },
  {
    "number": 59000454908850,
    "dateTime": {
      "date": {
        "year": 2019,
        "month": 10,
        "day": 15
      },
      "time": {
        "hour": 10,
        "minute": 7,
        "second": 23,
        "nano": 0
      }
    },
    "citySender": "Новий Розділ",
    "cityRecipient": "Броди"
  },
  {
    "number": 59000454908851,
    "dateTime": {
      "date": {
        "year": 2019,
        "month": 10,
        "day": 15
      },
      "time": {
        "hour": 10,
        "minute": 6,
        "second": 49,
        "nano": 0
      }
    },
    "citySender": "Харків",
    "cityRecipient": "Харків"
  },
  {
    "number": 59000454908852,
    "dateTime": {
      "date": {
        "year": 2019,
        "month": 10,
        "day": 15
      },
      "time": {
        "hour": 10,
        "minute": 7,
        "second": 40,
        "nano": 0
      }
    },
    "citySender": "Покровськ (Донецька обл.)",
    "cityRecipient": "Дніпро"
  },
  {
    "number": 59000454908853,
    "dateTime": {
      "date": {
        "year": 2019,
        "month": 10,
        "day": 15
      },
      "time": {
        "hour": 10,
        "minute": 7,
        "second": 40,
        "nano": 0
      }
    },
    "citySender": "Черніїв",
    "cityRecipient": "Чубинське"
  },
  {
    "number": 59000454908854,
    "dateTime": {
      "date": {
        "year": 2019,
        "month": 10,
        "day": 15
      },
      "time": {
        "hour": 10,
        "minute": 7,
        "second": 40,
        "nano": 0
      }
    },
    "citySender": "Славутич",
    "cityRecipient": "Чернігів"
  },
  {
    "number": 59000454908855,
    "dateTime": {
      "date": {
        "year": 2019,
        "month": 10,
        "day": 15
      },
      "time": {
        "hour": 10,
        "minute": 7,
        "second": 35,
        "nano": 0
      }
    },
    "citySender": "Вінниця",
    "cityRecipient": "Київ"
  },
  {
    "number": 59000454908856,
    "dateTime": {
      "date": {
        "year": 2019,
        "month": 10,
        "day": 15
      },
      "time": {
        "hour": 10,
        "minute": 7,
        "second": 32,
        "nano": 0
      }
    },
    "citySender": "Шостка",
    "cityRecipient": "Лисичанськ"
  },
  {
    "number": 59000454908857,
    "dateTime": {
      "date": {
        "year": 2019,
        "month": 10,
        "day": 15
      },
      "time": {
        "hour": 10,
        "minute": 7,
        "second": 40,
        "nano": 0
      }
    },
    "citySender": "Дніпро",
    "cityRecipient": "Київ"
  },
  {
    "number": 59000454908858,
    "dateTime": {
      "date": {
        "year": 2019,
        "month": 10,
        "day": 15
      },
      "time": {
        "hour": 10,
        "minute": 7,
        "second": 35,
        "nano": 0
      }
    },
    "citySender": "Виноградів",
    "cityRecipient": "Харків"
  },
  {
    "number": 59000454908859,
    "dateTime": {
      "date": {
        "year": 2019,
        "month": 10,
        "day": 15
      },
      "time": {
        "hour": 10,
        "minute": 5,
        "second": 23,
        "nano": 0
      }
    },
    "citySender": "Кирнасівка",
    "cityRecipient": "Таврійське (Голопристанський р-н)"
  },
  {
    "number": 59000454908860,
    "dateTime": {
      "date": {
        "year": 2019,
        "month": 10,
        "day": 15
      },
      "time": {
        "hour": 10,
        "minute": 7,
        "second": 30,
        "nano": 0
      }
    },
    "citySender": "Фастів",
    "cityRecipient": "Київ"
  },
  {
    "number": 59000454908861,
    "dateTime": {
      "date": {
        "year": 2019,
        "month": 10,
        "day": 15
      },
      "time": {
        "hour": 10,
        "minute": 7,
        "second": 28,
        "nano": 0
      }
    },
    "citySender": "Ніжин",
    "cityRecipient": "Київ"
  },
  {
    "number": 59000454908862,
    "dateTime": {
      "date": {
        "year": 2019,
        "month": 10,
        "day": 15
      },
      "time": {
        "hour": 10,
        "minute": 7,
        "second": 39,
        "nano": 0
      }
    },
    "citySender": "Очеретине (Ясинуватський р-н)",
    "cityRecipient": "Київ"
  },
  {
    "number": 59000454908863,
    "dateTime": {
      "date": {
        "year": 2019,
        "month": 10,
        "day": 15
      },
      "time": {
        "hour": 10,
        "minute": 6,
        "second": 44,
        "nano": 0
      }
    },
    "citySender": "Клевань",
    "cityRecipient": "Київ"
  },
  {
    "number": 59000454908864,
    "dateTime": {
      "date": {
        "year": 2019,
        "month": 10,
        "day": 15
      },
      "time": {
        "hour": 10,
        "minute": 7,
        "second": 3,
        "nano": 0
      }
    },
    "citySender": "Луцьк",
    "cityRecipient": "Камінь-Каширський"
  },
  {
    "number": 59000454908865,
    "dateTime": {
      "date": {
        "year": 2019,
        "month": 10,
        "day": 15
      },
      "time": {
        "hour": 10,
        "minute": 7,
        "second": 31,
        "nano": 0
      }
    },
    "citySender": "Бориспіль",
    "cityRecipient": "Кривий Ріг"
  },
  {
    "number": 59000454908866,
    "dateTime": {
      "date": {
        "year": 2019,
        "month": 10,
        "day": 15
      },
      "time": {
        "hour": 10,
        "minute": 7,
        "second": 41,
        "nano": 0
      }
    },
    "citySender": "Перечин",
    "cityRecipient": "Мукачево"
  },
  {
    "number": 59000454908867,
    "dateTime": {
      "date": {
        "year": 2019,
        "month": 10,
        "day": 15
      },
      "time": {
        "hour": 10,
        "minute": 3,
        "second": 27,
        "nano": 0
      }
    },
    "citySender": "Фастів",
    "cityRecipient": "Макарів"
  },
  {
    "number": 59000454908868,
    "dateTime": {
      "date": {
        "year": 2019,
        "month": 10,
        "day": 15
      },
      "time": {
        "hour": 10,
        "minute": 7,
        "second": 40,
        "nano": 0
      }
    },
    "citySender": "Одеса",
    "cityRecipient": "Диканька"
  },
  {
    "number": 59000454908869,
    "dateTime": {
      "date": {
        "year": 2019,
        "month": 10,
        "day": 15
      },
      "time": {
        "hour": 10,
        "minute": 7,
        "second": 39,
        "nano": 0
      }
    },
    "citySender": "Вугледар",
    "cityRecipient": "Київ"
  },
  {
    "number": 59000454908870,
    "dateTime": {
      "date": {
        "year": 2019,
        "month": 10,
        "day": 15
      },
      "time": {
        "hour": 10,
        "minute": 7,
        "second": 34,
        "nano": 0
      }
    },
    "citySender": "Страбичово",
    "cityRecipient": "Ужгород"
  },
  {
    "number": 59000454908871,
    "dateTime": {
      "date": {
        "year": 2019,
        "month": 10,
        "day": 15
      },
      "time": {
        "hour": 10,
        "minute": 7,
        "second": 41,
        "nano": 0
      }
    },
    "citySender": "Харків",
    "cityRecipient": "Чернівці"
  },
  {
    "number": 59000454908872,
    "dateTime": {
      "date": {
        "year": 2019,
        "month": 10,
        "day": 15
      },
      "time": {
        "hour": 10,
        "minute": 6,
        "second": 54,
        "nano": 0
      }
    },
    "citySender": "Виноградів",
    "cityRecipient": "Вишневе"
  },
  {
    "number": 59000454908873,
    "dateTime": {
      "date": {
        "year": 2019,
        "month": 10,
        "day": 15
      },
      "time": {
        "hour": 10,
        "minute": 7,
        "second": 42,
        "nano": 0
      }
    },
    "citySender": "Рені",
    "cityRecipient": "Одеса"
  },
  {
    "number": 59000454908874,
    "dateTime": {
      "date": {
        "year": 2019,
        "month": 10,
        "day": 15
      },
      "time": {
        "hour": 10,
        "minute": 7,
        "second": 10,
        "nano": 0
      }
    },
    "citySender": "Київ",
    "cityRecipient": "Київ"
  },
  {
    "number": 59000454908875,
    "dateTime": {
      "date": {
        "year": 2019,
        "month": 10,
        "day": 15
      },
      "time": {
        "hour": 10,
        "minute": 7,
        "second": 2,
        "nano": 0
      }
    },
    "citySender": "Боярка",
    "cityRecipient": "Полтава"
  },
  {
    "number": 59000454908876,
    "dateTime": {
      "date": {
        "year": 2019,
        "month": 10,
        "day": 15
      },
      "time": {
        "hour": 10,
        "minute": 7,
        "second": 38,
        "nano": 0
      }
    },
    "citySender": "Чернігів",
    "cityRecipient": "Київ"
  },
  {
    "number": 59000454908878,
    "dateTime": {
      "date": {
        "year": 2019,
        "month": 10,
        "day": 15
      },
      "time": {
        "hour": 10,
        "minute": 6,
        "second": 56,
        "nano": 0
      }
    },
    "citySender": "Житомир",
    "cityRecipient": "Біла Церква"
  },
  {
    "number": 59000454908879,
    "dateTime": {
      "date": {
        "year": 2019,
        "month": 10,
        "day": 15
      },
      "time": {
        "hour": 10,
        "minute": 2,
        "second": 59,
        "nano": 0
      }
    },
    "citySender": "Рожище",
    "cityRecipient": "Новомосковськ"
  },
  {
    "number": 59000454908880,
    "dateTime": {
      "date": {
        "year": 2019,
        "month": 10,
        "day": 15
      },
      "time": {
        "hour": 10,
        "minute": 7,
        "second": 32,
        "nano": 0
      }
    },
    "citySender": "Дубов\u0027язівка",
    "cityRecipient": "Десна (Чернігівська обл.)"
  },
  {
    "number": 59000454908881,
    "dateTime": {
      "date": {
        "year": 2019,
        "month": 10,
        "day": 15
      },
      "time": {
        "hour": 10,
        "minute": 6,
        "second": 31,
        "nano": 0
      }
    },
    "citySender": "Підволочиськ",
    "cityRecipient": "Горинка"
  },
  {
    "number": 59000454908882,
    "dateTime": {
      "date": {
        "year": 2019,
        "month": 10,
        "day": 15
      },
      "time": {
        "hour": 10,
        "minute": 7,
        "second": 41,
        "nano": 0
      }
    },
    "citySender": "Харків",
    "cityRecipient": "Межова"
  },
  {
    "number": 59000454908883,
    "dateTime": {
      "date": {
        "year": 2019,
        "month": 10,
        "day": 15
      },
      "time": {
        "hour": 10,
        "minute": 7,
        "second": 10,
        "nano": 0
      }
    },
    "citySender": "Мелітополь",
    "cityRecipient": "Великий Дальник"
  },
  {
    "number": 59000454908884,
    "dateTime": {
      "date": {
        "year": 2019,
        "month": 10,
        "day": 15
      },
      "time": {
        "hour": 10,
        "minute": 7,
        "second": 44,
        "nano": 0
      }
    },
    "citySender": "Торецьк",
    "cityRecipient": "Ратне"
  },
  {
    "number": 59000454908885,
    "dateTime": {
      "date": {
        "year": 2019,
        "month": 10,
        "day": 15
      },
      "time": {
        "hour": 10,
        "minute": 7,
        "second": 44,
        "nano": 0
      }
    },
    "citySender": "Комишня",
    "cityRecipient": "Рожнятів"
  },
  {
    "number": 59000454908886,
    "dateTime": {
      "date": {
        "year": 2019,
        "month": 10,
        "day": 15
      },
      "time": {
        "hour": 10,
        "minute": 6,
        "second": 17,
        "nano": 0
      }
    },
    "citySender": "Тячів",
    "cityRecipient": "Попасна"
  },
  {
    "number": 59000454908887,
    "dateTime": {
      "date": {
        "year": 2019,
        "month": 10,
        "day": 15
      },
      "time": {
        "hour": 10,
        "minute": 7,
        "second": 42,
        "nano": 0
      }
    },
    "citySender": "Бар",
    "cityRecipient": "Овідіополь"
  },
  {
    "number": 59000454908888,
    "dateTime": {
      "date": {
        "year": 2019,
        "month": 10,
        "day": 15
      },
      "time": {
        "hour": 10,
        "minute": 7,
        "second": 44,
        "nano": 0
      }
    },
    "citySender": "Київ",
    "cityRecipient": "Нікополь (Дніпропетровська обл.)"
  },
  {
    "number": 59000454908889,
    "dateTime": {
      "date": {
        "year": 2019,
        "month": 10,
        "day": 15
      },
      "time": {
        "hour": 10,
        "minute": 5,
        "second": 22,
        "nano": 0
      }
    },
    "citySender": "Слов\u0027янськ",
    "cityRecipient": "Дніпро"
  },
  {
    "number": 59000454908890,
    "dateTime": {
      "date": {
        "year": 2019,
        "month": 10,
        "day": 15
      },
      "time": {
        "hour": 10,
        "minute": 7,
        "second": 44,
        "nano": 0
      }
    },
    "citySender": "Київ",
    "cityRecipient": "Київ"
  },
  {
    "number": 59000454908891,
    "dateTime": {
      "date": {
        "year": 2019,
        "month": 10,
        "day": 15
      },
      "time": {
        "hour": 10,
        "minute": 7,
        "second": 44,
        "nano": 0
      }
    },
    "citySender": "Дніпро",
    "cityRecipient": "Хмельницький"
  },
  {
    "number": 59000454908892,
    "dateTime": {
      "date": {
        "year": 2019,
        "month": 10,
        "day": 15
      },
      "time": {
        "hour": 10,
        "minute": 7,
        "second": 20,
        "nano": 0
      }
    },
    "citySender": "Кременчук",
    "cityRecipient": "Збараж"
  },
  {
    "number": 59000454908893,
    "dateTime": {
      "date": {
        "year": 2019,
        "month": 10,
        "day": 15
      },
      "time": {
        "hour": 10,
        "minute": 7,
        "second": 38,
        "nano": 0
      }
    },
    "citySender": "Львів",
    "cityRecipient": "Добропілля"
  },
  {
    "number": 59000454908894,
    "dateTime": {
      "date": {
        "year": 2019,
        "month": 10,
        "day": 15
      },
      "time": {
        "hour": 10,
        "minute": 7,
        "second": 45,
        "nano": 0
      }
    },
    "citySender": "Черкаси",
    "cityRecipient": "Черкаси"
  },
  {
    "number": 59000454908895,
    "dateTime": {
      "date": {
        "year": 2019,
        "month": 10,
        "day": 15
      },
      "time": {
        "hour": 10,
        "minute": 7,
        "second": 34,
        "nano": 0
      }
    },
    "citySender": "Здолбунів",
    "cityRecipient": "Одеса"
  },
  {
    "number": 59000454908896,
    "dateTime": {
      "date": {
        "year": 2019,
        "month": 10,
        "day": 15
      },
      "time": {
        "hour": 10,
        "minute": 7,
        "second": 28,
        "nano": 0
      }
    },
    "citySender": "Івано-Франківськ",
    "cityRecipient": "Чубинське"
  },
  {
    "number": 59000454908897,
    "dateTime": {
      "date": {
        "year": 2019,
        "month": 10,
        "day": 15
      },
      "time": {
        "hour": 10,
        "minute": 7,
        "second": 38,
        "nano": 0
      }
    },
    "citySender": "Харків",
    "cityRecipient": "Сокаль"
  },
  {
    "number": 59000454908898,
    "dateTime": {
      "date": {
        "year": 2019,
        "month": 10,
        "day": 15
      },
      "time": {
        "hour": 10,
        "minute": 7,
        "second": 10,
        "nano": 0
      }
    },
    "citySender": "Вижниця",
    "cityRecipient": "Дніпро"
  },
  {
    "number": 59000454908899,
    "dateTime": {
      "date": {
        "year": 2019,
        "month": 10,
        "day": 15
      },
      "time": {
        "hour": 10,
        "minute": 6,
        "second": 52,
        "nano": 0
      }
    },
    "citySender": "Дрогобич",
    "cityRecipient": "Ананьїв"
  },
  {
    "number": 59000454908900,
    "dateTime": {
      "date": {
        "year": 2019,
        "month": 10,
        "day": 15
      },
      "time": {
        "hour": 10,
        "minute": 7,
        "second": 35,
        "nano": 0
      }
    },
    "citySender": "Новоархангельськ",
    "cityRecipient": "Доброслав"
  },
  {
    "number": 59000454908901,
    "dateTime": {
      "date": {
        "year": 2019,
        "month": 10,
        "day": 15
      },
      "time": {
        "hour": 10,
        "minute": 6,
        "second": 51,
        "nano": 0
      }
    },
    "citySender": "Кривий Ріг",
    "cityRecipient": "Велика Знам\u0027янка"
  },
  {
    "number": 59000454908902,
    "dateTime": {
      "date": {
        "year": 2019,
        "month": 10,
        "day": 15
      },
      "time": {
        "hour": 10,
        "minute": 7,
        "second": 14,
        "nano": 0
      }
    },
    "citySender": "Ходорів",
    "cityRecipient": "Чернігів"
  },
  {
    "number": 59000454908903,
    "dateTime": {
      "date": {
        "year": 2019,
        "month": 10,
        "day": 15
      },
      "time": {
        "hour": 10,
        "minute": 7,
        "second": 19,
        "nano": 0
      }
    },
    "citySender": "Дніпро",
    "cityRecipient": "Київ"
  },
  {
    "number": 59000454908904,
    "dateTime": {
      "date": {
        "year": 2019,
        "month": 10,
        "day": 15
      },
      "time": {
        "hour": 10,
        "minute": 7,
        "second": 24,
        "nano": 0
      }
    },
    "citySender": "Сміла",
    "cityRecipient": "Одеса"
  },
  {
    "number": 59000454908905,
    "dateTime": {
      "date": {
        "year": 2019,
        "month": 10,
        "day": 15
      },
      "time": {
        "hour": 10,
        "minute": 7,
        "second": 43,
        "nano": 0
      }
    },
    "citySender": "Харків",
    "cityRecipient": "Вінниця"
  },
  {
    "number": 59000454908906,
    "dateTime": {
      "date": {
        "year": 2019,
        "month": 10,
        "day": 15
      },
      "time": {
        "hour": 10,
        "minute": 7,
        "second": 14,
        "nano": 0
      }
    },
    "citySender": "Київ",
    "cityRecipient": "Краматорськ"
  },
  {
    "number": 59000454908907,
    "dateTime": {
      "date": {
        "year": 2019,
        "month": 10,
        "day": 15
      },
      "time": {
        "hour": 10,
        "minute": 1,
        "second": 0,
        "nano": 0
      }
    },
    "citySender": "Збараж",
    "cityRecipient": "Київ"
  },
  {
    "number": 59000454908908,
    "dateTime": {
      "date": {
        "year": 2019,
        "month": 10,
        "day": 15
      },
      "time": {
        "hour": 10,
        "minute": 7,
        "second": 37,
        "nano": 0
      }
    },
    "citySender": "Новояворівськ",
    "cityRecipient": "Вінниця"
  },
  {
    "number": 59000454908909,
    "dateTime": {
      "date": {
        "year": 2019,
        "month": 10,
        "day": 15
      },
      "time": {
        "hour": 10,
        "minute": 7,
        "second": 48,
        "nano": 0
      }
    },
    "citySender": "Конотоп",
    "cityRecipient": "Мирноград"
  },
  {
    "number": 59000454908910,
    "dateTime": {
      "date": {
        "year": 2019,
        "month": 10,
        "day": 15
      },
      "time": {
        "hour": 10,
        "minute": 7,
        "second": 24,
        "nano": 0
      }
    },
    "citySender": "Надвірна",
    "cityRecipient": "Київ"
  },
  {
    "number": 59000454908911,
    "dateTime": {
      "date": {
        "year": 2019,
        "month": 10,
        "day": 15
      },
      "time": {
        "hour": 10,
        "minute": 7,
        "second": 44,
        "nano": 0
      }
    },
    "citySender": "Бровари",
    "cityRecipient": "Полтава"
  },
  {
    "number": 59000454908912,
    "dateTime": {
      "date": {
        "year": 2019,
        "month": 10,
        "day": 15
      },
      "time": {
        "hour": 10,
        "minute": 7,
        "second": 29,
        "nano": 0
      }
    },
    "citySender": "Іршава",
    "cityRecipient": "Київ"
  },
  {
    "number": 59000454908913,
    "dateTime": {
      "date": {
        "year": 2019,
        "month": 10,
        "day": 15
      },
      "time": {
        "hour": 10,
        "minute": 7,
        "second": 14,
        "nano": 0
      }
    },
    "citySender": "Івано-Франківськ",
    "cityRecipient": "Харків"
  },
  {
    "number": 59000454908914,
    "dateTime": {
      "date": {
        "year": 2019,
        "month": 10,
        "day": 15
      },
      "time": {
        "hour": 10,
        "minute": 7,
        "second": 19,
        "nano": 0
      }
    },
    "citySender": "Часів Яр",
    "cityRecipient": "Ужгород"
  },
  {
    "number": 59000454908915,
    "dateTime": {
      "date": {
        "year": 2019,
        "month": 10,
        "day": 15
      },
      "time": {
        "hour": 10,
        "minute": 6,
        "second": 45,
        "nano": 0
      }
    },
    "citySender": "Дніпро",
    "cityRecipient": "Якимівка (Запорізька обл.)"
  },
  {
    "number": 59000454908916,
    "dateTime": {
      "date": {
        "year": 2019,
        "month": 10,
        "day": 15
      },
      "time": {
        "hour": 10,
        "minute": 4,
        "second": 40,
        "nano": 0
      }
    },
    "citySender": "Холми",
    "cityRecipient": "Куликівка"
  },
  {
    "number": 59000454908918,
    "dateTime": {
      "date": {
        "year": 2019,
        "month": 10,
        "day": 15
      },
      "time": {
        "hour": 10,
        "minute": 7,
        "second": 12,
        "nano": 0
      }
    },
    "citySender": "Розсошенці(Полтавська обл.)",
    "cityRecipient": "Запоріжжя"
  },
  {
    "number": 59000454908919,
    "dateTime": {
      "date": {
        "year": 2019,
        "month": 10,
        "day": 15
      },
      "time": {
        "hour": 10,
        "minute": 7,
        "second": 38,
        "nano": 0
      }
    },
    "citySender": "Київ",
    "cityRecipient": "Кременчук"
  },
  {
    "number": 59000454908920,
    "dateTime": {
      "date": {
        "year": 2019,
        "month": 10,
        "day": 15
      },
      "time": {
        "hour": 10,
        "minute": 7,
        "second": 42,
        "nano": 0
      }
    },
    "citySender": "Дрогобич",
    "cityRecipient": "Одеса"
  },
  {
    "number": 59000454908921,
    "dateTime": {
      "date": {
        "year": 2019,
        "month": 10,
        "day": 15
      },
      "time": {
        "hour": 10,
        "minute": 6,
        "second": 43,
        "nano": 0
      }
    },
    "citySender": "Кропивницький",
    "cityRecipient": "Київ"
  },
  {
    "number": 59000454908922,
    "dateTime": {
      "date": {
        "year": 2019,
        "month": 10,
        "day": 15
      },
      "time": {
        "hour": 10,
        "minute": 7,
        "second": 46,
        "nano": 0
      }
    },
    "citySender": "Вінниця",
    "cityRecipient": "Старобільськ"
  },
  {
    "number": 59000454908923,
    "dateTime": {
      "date": {
        "year": 2019,
        "month": 10,
        "day": 15
      },
      "time": {
        "hour": 10,
        "minute": 7,
        "second": 28,
        "nano": 0
      }
    },
    "citySender": "Суми",
    "cityRecipient": "Київ"
  },
  {
    "number": 59000454908924,
    "dateTime": {
      "date": {
        "year": 2019,
        "month": 10,
        "day": 15
      },
      "time": {
        "hour": 10,
        "minute": 5,
        "second": 7,
        "nano": 0
      }
    },
    "citySender": "Драбів",
    "cityRecipient": "Ізмаїл"
  },
  {
    "number": 59000454908925,
    "dateTime": {
      "date": {
        "year": 2019,
        "month": 10,
        "day": 15
      },
      "time": {
        "hour": 10,
        "minute": 7,
        "second": 42,
        "nano": 0
      }
    },
    "citySender": "Тетіїв",
    "cityRecipient": "Київ"
  },
  {
    "number": 59000454908926,
    "dateTime": {
      "date": {
        "year": 2019,
        "month": 10,
        "day": 15
      },
      "time": {
        "hour": 10,
        "minute": 7,
        "second": 44,
        "nano": 0
      }
    },
    "citySender": "Івано-Франківськ",
    "cityRecipient": "Стуфчинці"
  },
  {
    "number": 59000454908927,
    "dateTime": {
      "date": {
        "year": 2019,
        "month": 10,
        "day": 15
      },
      "time": {
        "hour": 10,
        "minute": 7,
        "second": 39,
        "nano": 0
      }
    },
    "citySender": "Буча",
    "cityRecipient": "Володимирівка (Донецька обл.)"
  },
  {
    "number": 59000454908928,
    "dateTime": {
      "date": {
        "year": 2019,
        "month": 10,
        "day": 15
      },
      "time": {
        "hour": 10,
        "minute": 6,
        "second": 50,
        "nano": 0
      }
    },
    "citySender": "Дніпро",
    "cityRecipient": "Київ"
  },
  {
    "number": 59000454908929,
    "dateTime": {
      "date": {
        "year": 2019,
        "month": 10,
        "day": 15
      },
      "time": {
        "hour": 10,
        "minute": 7,
        "second": 45,
        "nano": 0
      }
    },
    "citySender": "Червоноград (Львівська обл.)",
    "cityRecipient": "Хмельницький"
  }
]