[
  {
    "number": 59000454917128,
    "dateTime": {
      "date": {
        "year": 2019,
        "month": 10,
        "day": 15
      },
      "time": {
        "hour": 10,
        "minute": 27,
        "second": 53,
        "nano": 0
      }
    },
    "citySender": "Межова",
    "cityRecipient": "Віта-Поштова"
  },
  {
    "number": 59000454917129,
    "dateTime": {
      "date": {
        "year": 2019,
        "month": 10,
        "day": 15
      },
      "time": {
        "hour": 10,
        "minute": 28,
        "second": 10,
        "nano": 0
      }
    },
    "citySender": "Вінницькі Хутори",
    "cityRecipient": "Суми"
  },
  {
    "number": 59000454917130,
    "dateTime": {
      "date": {
        "year": 2019,
        "month": 10,
        "day": 15
      },
      "time": {
        "hour": 10,
        "minute": 28,
        "second": 32,
        "nano": 0
      }
    },
    "citySender": "Харків",
    "cityRecipient": "Харків"
  },
  {
    "number": 59000454917131,
    "dateTime": {
      "date": {
        "year": 2019,
        "month": 10,
        "day": 15
      },
      "time": {
        "hour": 10,
        "minute": 28,
        "second": 26,
        "nano": 0
      }
    },
    "citySender": "Бахмач",
    "cityRecipient": "Липова Долина"
  },
  {
    "number": 59000454917132,
    "dateTime": {
      "date": {
        "year": 2019,
        "month": 10,
        "day": 15
      },
      "time": {
        "hour": 10,
        "minute": 27,
        "second": 15,
        "nano": 0
      }
    },
    "citySender": "Калуш",
    "cityRecipient": "Київ"
  },
  {
    "number": 59000454917133,
    "dateTime": {
      "date": {
        "year": 2019,
        "month": 10,
        "day": 15
      },
      "time": {
        "hour": 10,
        "minute": 28,
        "second": 26,
        "nano": 0
      }
    },
    "citySender": "Київ",
    "cityRecipient": "Львів"
  },
  {
    "number": 59000454917134,
    "dateTime": {
      "date": {
        "year": 2019,
        "month": 10,
        "day": 15
      },
      "time": {
        "hour": 10,
        "minute": 27,
        "second": 49,
        "nano": 0
      }
    },
    "citySender": "Славутич",
    "cityRecipient": "Київ"
  },
  {
    "number": 59000454917135,
    "dateTime": {
      "date": {
        "year": 2019,
        "month": 10,
        "day": 15
      },
      "time": {
        "hour": 10,
        "minute": 28,
        "second": 13,
        "nano": 0
      }
    },
    "citySender": "Київ",
    "cityRecipient": "Київ"
  },
  {
    "number": 59000454917136,
    "dateTime": {
      "date": {
        "year": 2019,
        "month": 10,
        "day": 15
      },
      "time": {
        "hour": 10,
        "minute": 28,
        "second": 31,
        "nano": 0
      }
    },
    "citySender": "Харків",
    "cityRecipient": "Мукачево"
  },
  {
    "number": 59000454917137,
    "dateTime": {
      "date": {
        "year": 2019,
        "month": 10,
        "day": 15
      },
      "time": {
        "hour": 10,
        "minute": 28,
        "second": 23,
        "nano": 0
      }
    },
    "citySender": "Київ",
    "cityRecipient": "Одеса"
  },
  {
    "number": 59000454917138,
    "dateTime": {
      "date": {
        "year": 2019,
        "month": 10,
        "day": 15
      },
      "time": {
        "hour": 10,
        "minute": 28,
        "second": 0,
        "nano": 0
      }
    },
    "citySender": "Тетіїв",
    "cityRecipient": "Богуслав (Київська обл.)"
  },
  {
    "number": 59000454917139,
    "dateTime": {
      "date": {
        "year": 2019,
        "month": 10,
        "day": 15
      },
      "time": {
        "hour": 10,
        "minute": 28,
        "second": 31,
        "nano": 0
      }
    },
    "citySender": "Куп\u0027янськ",
    "cityRecipient": "Херсон"
  },
  {
    "number": 59000454917140,
    "dateTime": {
      "date": {
        "year": 2019,
        "month": 10,
        "day": 15
      },
      "time": {
        "hour": 10,
        "minute": 27,
        "second": 0,
        "nano": 0
      }
    },
    "citySender": "Перечин",
    "cityRecipient": "Жеребкове"
  },
  {
    "number": 59000454917141,
    "dateTime": {
      "date": {
        "year": 2019,
        "month": 10,
        "day": 15
      },
      "time": {
        "hour": 10,
        "minute": 28,
        "second": 22,
        "nano": 0
      }
    },
    "citySender": "Львів",
    "cityRecipient": "Львів"
  },
  {
    "number": 59000454917142,
    "dateTime": {
      "date": {
        "year": 2019,
        "month": 10,
        "day": 15
      },
      "time": {
        "hour": 10,
        "minute": 27,
        "second": 40,
        "nano": 0
      }
    },
    "citySender": "Чернігів",
    "cityRecipient": "Прилуки"
  },
  {
    "number": 59000454917143,
    "dateTime": {
      "date": {
        "year": 2019,
        "month": 10,
        "day": 15
      },
      "time": {
        "hour": 10,
        "minute": 28,
        "second": 37,
        "nano": 0
      }
    },
    "citySender": "Біляївка",
    "cityRecipient": "Київ"
  },
  {
    "number": 59000454917144,
    "dateTime": {
      "date": {
        "year": 2019,
        "month": 10,
        "day": 15
      },
      "time": {
        "hour": 10,
        "minute": 28,
        "second": 20,
        "nano": 0
      }
    },
    "citySender": "Львів",
    "cityRecipient": "Миколаїв"
  },
  {
    "number": 59000454917145,
    "dateTime": {
      "date": {
        "year": 2019,
        "month": 10,
        "day": 15
      },
      "time": {
        "hour": 10,
        "minute": 28,
        "second": 30,
        "nano": 0
      }
    },
    "citySender": "Херсон",
    "cityRecipient": "Київ"
  },
  {
    "number": 59000454917146,
    "dateTime": {
      "date": {
        "year": 2019,
        "month": 10,
        "day": 15
      },
      "time": {
        "hour": 10,
        "minute": 28,
        "second": 13,
        "nano": 0
      }
    },
    "citySender": "Скадовськ",
    "cityRecipient": "Львів"
  },
  {
    "number": 59000454917147,
    "dateTime": {
      "date": {
        "year": 2019,
        "month": 10,
        "day": 15
      },
      "time": {
        "hour": 10,
        "minute": 28,
        "second": 37,
        "nano": 0
      }
    },
    "citySender": "Новий Яричів",
    "cityRecipient": "Київ"
  },
  {
    "number": 59000454917149,
    "dateTime": {
      "date": {
        "year": 2019,
        "month": 10,
        "day": 15
      },
      "time": {
        "hour": 10,
        "minute": 27,
        "second": 34,
        "nano": 0
      }
    },
    "citySender": "Чернівці",
    "cityRecipient": "Чугуїв"
  },
  {
    "number": 59000454917150,
    "dateTime": {
      "date": {
        "year": 2019,
        "month": 10,
        "day": 15
      },
      "time": {
        "hour": 10,
        "minute": 28,
        "second": 38,
        "nano": 0
      }
    },
    "citySender": "Київ",
    "cityRecipient": "Львів"
  },
  {
    "number": 59000454917151,
    "dateTime": {
      "date": {
        "year": 2019,
        "month": 10,
        "day": 15
      },
      "time": {
        "hour": 10,
        "minute": 26,
        "second": 28,
        "nano": 0
      }
    },
    "citySender": "Любимівка (Каховський р-н)",
    "cityRecipient": "Дніпро"
  },
  {
    "number": 59000454917152,
    "dateTime": {
      "date": {
        "year": 2019,
        "month": 10,
        "day": 15
      },
      "time": {
        "hour": 10,
        "minute": 27,
        "second": 30,
        "nano": 0
      }
    },
    "citySender": "Бурштин",
    "cityRecipient": "Тернопіль"
  },
  {
    "number": 59000454917153,
    "dateTime": {
      "date": {
        "year": 2019,
        "month": 10,
        "day": 15
      },
      "time": {
        "hour": 10,
        "minute": 28,
        "second": 33,
        "nano": 0
      }
    },
    "citySender": "Виноградів",
    "cityRecipient": "Олешки(Херсонська обл)"
  },
  {
    "number": 59000454917154,
    "dateTime": {
      "date": {
        "year": 2019,
        "month": 10,
        "day": 15
      },
      "time": {
        "hour": 10,
        "minute": 27,
        "second": 42,
        "nano": 0
      }
    },
    "citySender": "Запоріжжя",
    "cityRecipient": "Кучурган"
  },
  {
    "number": 59000454917155,
    "dateTime": {
      "date": {
        "year": 2019,
        "month": 10,
        "day": 15
      },
      "time": {
        "hour": 10,
        "minute": 28,
        "second": 16,
        "nano": 0
      }
    },
    "citySender": "Харків",
    "cityRecipient": "Слов\u0027янськ"
  },
  {
    "number": 59000454917156,
    "dateTime": {
      "date": {
        "year": 2019,
        "month": 10,
        "day": 15
      },
      "time": {
        "hour": 10,
        "minute": 27,
        "second": 18,
        "nano": 0
      }
    },
    "citySender": "Фастів",
    "cityRecipient": "Тростянець (Сумська обл.)"
  },
  {
    "number": 59000454917157,
    "dateTime": {
      "date": {
        "year": 2019,
        "month": 10,
        "day": 15
      },
      "time": {
        "hour": 10,
        "minute": 28,
        "second": 38,
        "nano": 0
      }
    },
    "citySender": "Ладижин",
    "cityRecipient": "Кам\u0027янське(Дніпропетровська обл)"
  },
  {
    "number": 59000454917158,
    "dateTime": {
      "date": {
        "year": 2019,
        "month": 10,
        "day": 15
      },
      "time": {
        "hour": 10,
        "minute": 28,
        "second": 13,
        "nano": 0
      }
    },
    "citySender": "Любашівка",
    "cityRecipient": "Харків"
  },
  {
    "number": 59000454917159,
    "dateTime": {
      "date": {
        "year": 2019,
        "month": 10,
        "day": 15
      },
      "time": {
        "hour": 10,
        "minute": 28,
        "second": 39,
        "nano": 0
      }
    },
    "citySender": "Одеса",
    "cityRecipient": "Одеса"
  },
  {
    "number": 59000454917160,
    "dateTime": {
      "date": {
        "year": 2019,
        "month": 10,
        "day": 15
      },
      "time": {
        "hour": 10,
        "minute": 28,
        "second": 30,
        "nano": 0
      }
    },
    "citySender": "Харків",
    "cityRecipient": "Київ"
  },
  {
    "number": 59000454917161,
    "dateTime": {
      "date": {
        "year": 2019,
        "month": 10,
        "day": 15
      },
      "time": {
        "hour": 10,
        "minute": 28,
        "second": 39,
        "nano": 0
      }
    },
    "citySender": "Курахове",
    "cityRecipient": "Бровари"
  },
  {
    "number": 59000454917162,
    "dateTime": {
      "date": {
        "year": 2019,
        "month": 10,
        "day": 15
      },
      "time": {
        "hour": 10,
        "minute": 28,
        "second": 14,
        "nano": 0
      }
    },
    "citySender": "Полтава",
    "cityRecipient": "Карлівка"
  },
  {
    "number": 59000454917163,
    "dateTime": {
      "date": {
        "year": 2019,
        "month": 10,
        "day": 15
      },
      "time": {
        "hour": 10,
        "minute": 28,
        "second": 13,
        "nano": 0
      }
    },
    "citySender": "Київ",
    "cityRecipient": "Львів"
  },
  {
    "number": 59000454917164,
    "dateTime": {
      "date": {
        "year": 2019,
        "month": 10,
        "day": 15
      },
      "time": {
        "hour": 10,
        "minute": 28,
        "second": 9,
        "nano": 0
      }
    },
    "citySender": "Херсон",
    "cityRecipient": "Полтава"
  },
  {
    "number": 59000454917165,
    "dateTime": {
      "date": {
        "year": 2019,
        "month": 10,
        "day": 15
      },
      "time": {
        "hour": 10,
        "minute": 27,
        "second": 38,
        "nano": 0
      }
    },
    "citySender": "Умань",
    "cityRecipient": "Сторожинець"
  },
  {
    "number": 59000454917166,
    "dateTime": {
      "date": {
        "year": 2019,
        "month": 10,
        "day": 15
      },
      "time": {
        "hour": 10,
        "minute": 25,
        "second": 11,
        "nano": 0
      }
    },
    "citySender": "Київ",
    "cityRecipient": "Маріуполь"
  },
  {
    "number": 59000454917167,
    "dateTime": {
      "date": {
        "year": 2019,
        "month": 10,
        "day": 15
      },
      "time": {
        "hour": 10,
        "minute": 27,
        "second": 34,
        "nano": 0
      }
    },
    "citySender": "Маріуполь",
    "cityRecipient": "Одеса"
  },
  {
    "number": 59000454917168,
    "dateTime": {
      "date": {
        "year": 2019,
        "month": 10,
        "day": 15
      },
      "time": {
        "hour": 10,
        "minute": 28,
        "second": 40,
        "nano": 0
      }
    },
    "citySender": "Івано-Франківськ",
    "cityRecipient": "Одеса"
  },
  {
    "number": 59000454917169,
    "dateTime": {
      "date": {
        "year": 2019,
        "month": 10,
        "day": 15
      },
      "time": {
        "hour": 10,
        "minute": 28,
        "second": 4,
        "nano": 0
      }
    },
    "citySender": "Подільськ",
    "cityRecipient": "Окни"
  },
  {
    "number": 59000454917170,
    "dateTime": {
      "date": {
        "year": 2019,
        "month": 10,
        "day": 15
      },
      "time": {
        "hour": 10,
        "minute": 28,
        "second": 35,
        "nano": 0
      }
    },
    "citySender": "Лубни",
    "cityRecipient": "Буча"
  },
  {
    "number": 59000454917171,
    "dateTime": {
      "date": {
        "year": 2019,
        "month": 10,
        "day": 15
      },
      "time": {
        "hour": 10,
        "minute": 28,
        "second": 29,
        "nano": 0
      }
    },
    "citySender": "Краматорськ",
    "cityRecipient": "Мелітополь"
  },
  {
    "number": 59000454917173,
    "dateTime": {
      "date": {
        "year": 2019,
        "month": 10,
        "day": 15
      },
      "time": {
        "hour": 10,
        "minute": 28,
        "second": 25,
        "nano": 0
      }
    },
    "citySender": "Дунаївці",
    "cityRecipient": "Свалява"
  },
  {
    "number": 59000454917174,
    "dateTime": {
      "date": {
        "year": 2019,
        "month": 10,
        "day": 15
      },
      "time": {
        "hour": 10,
        "minute": 28,
        "second": 30,
        "nano": 0
      }
    },
    "citySender": "Березань",
    "cityRecipient": "Кропивницький"
  },
  {
    "number": 59000454917175,
    "dateTime": {
      "date": {
        "year": 2019,
        "month": 10,
        "day": 15
      },
      "time": {
        "hour": 10,
        "minute": 28,
        "second": 14,
        "nano": 0
      }
    },
    "citySender": "Нова Каховка",
    "cityRecipient": "Київ"
  },
  {
    "number": 59000454917176,
    "dateTime": {
      "date": {
        "year": 2019,
        "month": 10,
        "day": 15
      },
      "time": {
        "hour": 10,
        "minute": 28,
        "second": 4,
        "nano": 0
      }
    },
    "citySender": "Дніпро",
    "cityRecipient": "Первомайськ(Микол.обл.Первомайс.р-н)"
  },
  {
    "number": 59000454917177,
    "dateTime": {
      "date": {
        "year": 2019,
        "month": 10,
        "day": 15
      },
      "time": {
        "hour": 10,
        "minute": 28,
        "second": 41,
        "nano": 0
      }
    },
    "citySender": "Луцьк",
    "cityRecipient": "Хмельницький"
  },
  {
    "number": 59000454917178,
    "dateTime": {
      "date": {
        "year": 2019,
        "month": 10,
        "day": 15
      },
      "time": {
        "hour": 10,
        "minute": 28,
        "second": 19,
        "nano": 0
      }
    },
    "citySender": "Копичинці (Гусятинський р-н)",
    "cityRecipient": "Київ"
  },
  {
    "number": 59000454917179,
    "dateTime": {
      "date": {
        "year": 2019,
        "month": 10,
        "day": 15
      },
      "time": {
        "hour": 10,
        "minute": 28,
        "second": 32,
        "nano": 0
      }
    },
    "citySender": "Київ",
    "cityRecipient": "Дніпро"
  },
  {
    "number": 59000454917180,
    "dateTime": {
      "date": {
        "year": 2019,
        "month": 10,
        "day": 15
      },
      "time": {
        "hour": 10,
        "minute": 28,
        "second": 13,
        "nano": 0
      }
    },
    "citySender": "Дніпро",
    "cityRecipient": "Дніпро"
  },
  {
    "number": 59000454917181,
    "dateTime": {
      "date": {
        "year": 2019,
        "month": 10,
        "day": 15
      },
      "time": {
        "hour": 10,
        "minute": 28,
        "second": 41,
        "nano": 0
      }
    },
    "citySender": "Чернівці",
    "cityRecipient": "Недобоївці"
  },
  {
    "number": 59000454917182,
    "dateTime": {
      "date": {
        "year": 2019,
        "month": 10,
        "day": 15
      },
      "time": {
        "hour": 10,
        "minute": 28,
        "second": 42,
        "nano": 0
      }
    },
    "citySender": "Славутич",
    "cityRecipient": "Чернігів"
  },
  {
    "number": 59000454917183,
    "dateTime": {
      "date": {
        "year": 2019,
        "month": 10,
        "day": 15
      },
      "time": {
        "hour": 10,
        "minute": 28,
        "second": 22,
        "nano": 0
      }
    },
    "citySender": "Харків",
    "cityRecipient": "Київ"
  },
  {
    "number": 59000454917184,
    "dateTime": {
      "date": {
        "year": 2019,
        "month": 10,
        "day": 15
      },
      "time": {
        "hour": 10,
        "minute": 26,
        "second": 55,
        "nano": 0
      }
    },
    "citySender": "Харків",
    "cityRecipient": "Київ"
  },
  {
    "number": 59000454917185,
    "dateTime": {
      "date": {
        "year": 2019,
        "month": 10,
        "day": 15
      },
      "time": {
        "hour": 10,
        "minute": 28,
        "second": 43,
        "nano": 0
      }
    },
    "citySender": "Київ",
    "cityRecipient": "Київ"
  },
  {
    "number": 59000454917186,
    "dateTime": {
      "date": {
        "year": 2019,
        "month": 10,
        "day": 15
      },
      "time": {
        "hour": 10,
        "minute": 28,
        "second": 37,
        "nano": 0
      }
    },
    "citySender": "Пересічне",
    "cityRecipient": "Вашківці (Сокирянський р-н)"
  },
  {
    "number": 59000454917187,
    "dateTime": {
      "date": {
        "year": 2019,
        "month": 10,
        "day": 15
      },
      "time": {
        "hour": 10,
        "minute": 28,
        "second": 17,
        "nano": 0
      }
    },
    "citySender": "Харків",
    "cityRecipient": "Пирятин"
  },
  {
    "number": 59000454917188,
    "dateTime": {
      "date": {
        "year": 2019,
        "month": 10,
        "day": 15
      },
      "time": {
        "hour": 10,
        "minute": 28,
        "second": 30,
        "nano": 0
      }
    },
    "citySender": "Харків",
    "cityRecipient": "Харків"
  },
  {
    "number": 59000454917189,
    "dateTime": {
      "date": {
        "year": 2019,
        "month": 10,
        "day": 15
      },
      "time": {
        "hour": 10,
        "minute": 27,
        "second": 35,
        "nano": 0
      }
    },
    "citySender": "Очаків",
    "cityRecipient": "Дніпро"
  },
  {
    "number": 59000454917190,
    "dateTime": {
      "date": {
        "year": 2019,
        "month": 10,
        "day": 15
      },
      "time": {
        "hour": 10,
        "minute": 28,
        "second": 10,
        "nano": 0
      }
    },
    "citySender": "Полтава",
    "cityRecipient": "Гола Пристань"
  },
  {
    "number": 59000454917191,
    "dateTime": {
      "date": {
        "year": 2019,
        "month": 10,
        "day": 15
      },
      "time": {
        "hour": 10,
        "minute": 28,
        "second": 40,
        "nano": 0
      }
    },
    "citySender": "Дніпро",
    "cityRecipient": "Луцьк"
  },
  {
    "number": 59000454917192,
    "dateTime": {
      "date": {
        "year": 2019,
        "month": 10,
        "day": 15
      },
      "time": {
        "hour": 10,
        "minute": 27,
        "second": 7,
        "nano": 0
      }
    },
    "citySender": "Маневичі",
    "cityRecipient": "Бориспіль"
  },
  {
    "number": 59000454917193,
    "dateTime": {
      "date": {
        "year": 2019,
        "month": 10,
        "day": 15
      },
      "time": {
        "hour": 10,
        "minute": 27,
        "second": 23,
        "nano": 0
      }
    },
    "citySender": "Южноукраїнськ",
    "cityRecipient": "Чигирин"
  },
  {
    "number": 59000454917194,
    "dateTime": {
      "date": {
        "year": 2019,
        "month": 10,
        "day": 15
      },
      "time": {
        "hour": 10,
        "minute": 28,
        "second": 32,
        "nano": 0
      }
    },
    "citySender": "Київ",
    "cityRecipient": "Краматорськ"
  },
  {
    "number": 59000454917195,
    "dateTime": {
      "date": {
        "year": 2019,
        "month": 10,
        "day": 15
      },
      "time": {
        "hour": 10,
        "minute": 28,
        "second": 32,
        "nano": 0
      }
    },
    "citySender": "Бровари",
    "cityRecipient": "Бровари"
  },
  {
    "number": 59000454917196,
    "dateTime": {
      "date": {
        "year": 2019,
        "month": 10,
        "day": 15
      },
      "time": {
        "hour": 10,
        "minute": 27,
        "second": 24,
        "nano": 0
      }
    },
    "citySender": "Маріуполь",
    "cityRecipient": "Запоріжжя"
  },
  {
    "number": 59000454917197,
    "dateTime": {
      "date": {
        "year": 2019,
        "month": 10,
        "day": 15
      },
      "time": {
        "hour": 10,
        "minute": 28,
        "second": 45,
        "nano": 0
      }
    },
    "citySender": "Дружківка",
    "cityRecipient": "Івано-Франківськ"
  },
  {
    "number": 59000454917198,
    "dateTime": {
      "date": {
        "year": 2019,
        "month": 10,
        "day": 15
      },
      "time": {
        "hour": 10,
        "minute": 28,
        "second": 25,
        "nano": 0
      }
    },
    "citySender": "Харків",
    "cityRecipient": "Київ"
  },
  {
    "number": 59000454917199,
    "dateTime": {
      "date": {
        "year": 2019,
        "month": 10,
        "day": 15
      },
      "time": {
        "hour": 10,
        "minute": 27,
        "second": 31,
        "nano": 0
      }
    },
    "citySender": "Хмельницький",
    "cityRecipient": "Миколаїв"
  },
  {
    "number": 59000454917200,
    "dateTime": {
      "date": {
        "year": 2019,
        "month": 10,
        "day": 15
      },
      "time": {
        "hour": 10,
        "minute": 28,
        "second": 32,
        "nano": 0
      }
    },
    "citySender": "Хмельницький",
    "cityRecipient": "Одеса"
  },
  {
    "number": 59000454917201,
    "dateTime": {
      "date": {
        "year": 2019,
        "month": 10,
        "day": 15
      },
      "time": {
        "hour": 10,
        "minute": 28,
        "second": 45,
        "nano": 0
      }
    },
    "citySender": "Кам\u0027янське(Дніпропетровська обл)",
    "cityRecipient": "Дніпро"
  },
  {
    "number": 59000454917202,
    "dateTime": {
      "date": {
        "year": 2019,
        "month": 10,
        "day": 15
      },
      "time": {
        "hour": 10,
        "minute": 28,
        "second": 40,
        "nano": 0
      }
    },
    "citySender": "Василівка (Запорізька обл.)",
    "cityRecipient": "Дніпро"
  },
  {
    "number": 59000454917203,
    "dateTime": {
      "date": {
        "year": 2019,
        "month": 10,
        "day": 15
      },
      "time": {
        "hour": 10,
        "minute": 28,
        "second": 46,
        "nano": 0
      }
    },
    "citySender": "Запоріжжя",
    "cityRecipient": "Запоріжжя"
  },
  {
    "number": 59000454917204,
    "dateTime": {
      "date": {
        "year": 2019,
        "month": 10,
        "day": 15
      },
      "time": {
        "hour": 10,
        "minute": 28,
        "second": 37,
        "nano": 0
      }
    },
    "citySender": "Київ",
    "cityRecipient": "Київ"
  },
  {
    "number": 59000454917205,
    "dateTime": {
      "date": {
        "year": 2019,
        "month": 10,
        "day": 15
      },
      "time": {
        "hour": 10,
        "minute": 27,
        "second": 41,
        "nano": 0
      }
    },
    "citySender": "Костянтинівка (Донецька обл.)",
    "cityRecipient": "Київ"
  },
  {
    "number": 59000454917206,
    "dateTime": {
      "date": {
        "year": 2019,
        "month": 10,
        "day": 15
      },
      "time": {
        "hour": 10,
        "minute": 28,
        "second": 45,
        "nano": 0
      }
    },
    "citySender": "Зноб-Новгородське",
    "cityRecipient": "Кам\u0027янське(Дніпропетровська обл)"
  },
  {
    "number": 59000454917207,
    "dateTime": {
      "date": {
        "year": 2019,
        "month": 10,
        "day": 15
      },
      "time": {
        "hour": 10,
        "minute": 28,
        "second": 46,
        "nano": 0
      }
    },
    "citySender": "Миколаїв",
    "cityRecipient": "Прибужжя"
  },
  {
    "number": 59000454917208,
    "dateTime": {
      "date": {
        "year": 2019,
        "month": 10,
        "day": 15
      },
      "time": {
        "hour": 10,
        "minute": 28,
        "second": 28,
        "nano": 0
      }
    },
    "citySender": "Токмак",
    "cityRecipient": "Миронівка"
  },
  {
    "number": 59000454917210,
    "dateTime": {
      "date": {
        "year": 2019,
        "month": 10,
        "day": 15
      },
      "time": {
        "hour": 10,
        "minute": 28,
        "second": 22,
        "nano": 0
      }
    },
    "citySender": "Мелітополь",
    "cityRecipient": "Іза"
  },
  {
    "number": 59000454917211,
    "dateTime": {
      "date": {
        "year": 2019,
        "month": 10,
        "day": 15
      },
      "time": {
        "hour": 10,
        "minute": 28,
        "second": 41,
        "nano": 0
      }
    },
    "citySender": "Київ",
    "cityRecipient": "Полтава"
  },
  {
    "number": 59000454917212,
    "dateTime": {
      "date": {
        "year": 2019,
        "month": 10,
        "day": 15
      },
      "time": {
        "hour": 10,
        "minute": 28,
        "second": 5,
        "nano": 0
      }
    },
    "citySender": "Кам\u0027янське(Дніпропетровська обл)",
    "cityRecipient": "Київ"
  },
  {
    "number": 59000454917213,
    "dateTime": {
      "date": {
        "year": 2019,
        "month": 10,
        "day": 15
      },
      "time": {
        "hour": 10,
        "minute": 28,
        "second": 27,
        "nano": 0
      }
    },
    "citySender": "Буча",
    "cityRecipient": "Бердянськ"
  },
  {
    "number": 59000454917214,
    "dateTime": {
      "date": {
        "year": 2019,
        "month": 10,
        "day": 15
      },
      "time": {
        "hour": 10,
        "minute": 28,
        "second": 26,
        "nano": 0
      }
    },
    "citySender": "Вінниця",
    "cityRecipient": "Моршин"
  },
  {
    "number": 59000454917215,
    "dateTime": {
      "date": {
        "year": 2019,
        "month": 10,
        "day": 15
      },
      "time": {
        "hour": 10,
        "minute": 28,
        "second": 11,
        "nano": 0
      }
    },
    "citySender": "Синельникове",
    "cityRecipient": "Степанці"
  },
  {
    "number": 59000454917216,
    "dateTime": {
      "date": {
        "year": 2019,
        "month": 10,
        "day": 15
      },
      "time": {
        "hour": 10,
        "minute": 28,
        "second": 42,
        "nano": 0
      }
    },
    "citySender": "Черкаси",
    "cityRecipient": "Київ"
  },
  {
    "number": 59000454917217,
    "dateTime": {
      "date": {
        "year": 2019,
        "month": 10,
        "day": 15
      },
      "time": {
        "hour": 10,
        "minute": 28,
        "second": 35,
        "nano": 0
      }
    },
    "citySender": "Миколаїв",
    "cityRecipient": "Київ"
  },
  {
    "number": 59000454917218,
    "dateTime": {
      "date": {
        "year": 2019,
        "month": 10,
        "day": 15
      },
      "time": {
        "hour": 10,
        "minute": 28,
        "second": 46,
        "nano": 0
      }
    },
    "citySender": "Одеса",
    "cityRecipient": "Прилуки"
  },
  {
    "number": 59000454917219,
    "dateTime": {
      "date": {
        "year": 2019,
        "month": 10,
        "day": 15
      },
      "time": {
        "hour": 10,
        "minute": 28,
        "second": 3,
        "nano": 0
      }
    },
    "citySender": "Київ",
    "cityRecipient": "Малехів"
  },
  {
    "number": 59000454917220,
    "dateTime": {
      "date": {
        "year": 2019,
        "month": 10,
        "day": 15
      },
      "time": {
        "hour": 10,
        "minute": 28,
        "second": 34,
        "nano": 0
      }
    },
    "citySender": "Житомир",
    "cityRecipient": "Київ"
  },
  {
    "number": 59000454917221,
    "dateTime": {
      "date": {
        "year": 2019,
        "month": 10,
        "day": 15
      },
      "time": {
        "hour": 10,
        "minute": 28,
        "second": 48,
        "nano": 0
      }
    },
    "citySender": "Бровари",
    "cityRecipient": "Київ"
  },
  {
    "number": 59000454917222,
    "dateTime": {
      "date": {
        "year": 2019,
        "month": 10,
        "day": 15
      },
      "time": {
        "hour": 10,
        "minute": 28,
        "second": 28,
        "nano": 0
      }
    },
    "citySender": "Рівне",
    "cityRecipient": "Теплик"
  },
  {
    "number": 59000454917223,
    "dateTime": {
      "date": {
        "year": 2019,
        "month": 10,
        "day": 15
      },
      "time": {
        "hour": 10,
        "minute": 28,
        "second": 22,
        "nano": 0
      }
    },
    "citySender": "Харків",
    "cityRecipient": "Київ"
  },
  {
    "number": 59000454917224,
    "dateTime": {
      "date": {
        "year": 2019,
        "month": 10,
        "day": 15
      },
      "time": {
        "hour": 10,
        "minute": 28,
        "second": 10,
        "nano": 0
      }
    },
    "citySender": "Шостка",
    "cityRecipient": "Київ"
  },
  {
    "number": 59000454917225,
    "dateTime": {
      "date": {
        "year": 2019,
        "month": 10,
        "day": 15
      },
      "time": {
        "hour": 10,
        "minute": 28,
        "second": 49,
        "nano": 0
      }
    },
    "citySender": "Запоріжжя",
    "cityRecipient": "Київ"
  },
  {
    "number": 59000454917226,
    "dateTime": {
      "date": {
        "year": 2019,
        "month": 10,
        "day": 15
      },
      "time": {
        "hour": 10,
        "minute": 27,
        "second": 51,
        "nano": 0
      }
    },
    "citySender": "Великий Бичків",
    "cityRecipient": "Київ"
  },
  {
    "number": 59000454917227,
    "dateTime": {
      "date": {
        "year": 2019,
        "month": 10,
        "day": 15
      },
      "time": {
        "hour": 10,
        "minute": 28,
        "second": 49,
        "nano": 0
      }
    },
    "citySender": "Кам\u0027янець-Подільський",
    "cityRecipient": "Одеса"
  }
]