[
  {
    "number": 59000454916028,
    "dateTime": {
      "date": {
        "year": 2019,
        "month": 10,
        "day": 15
      },
      "time": {
        "hour": 10,
        "minute": 25,
        "second": 54,
        "nano": 0
      }
    },
    "citySender": "Сєвєродонецьк",
    "cityRecipient": "Бровари"
  },
  {
    "number": 59000454916029,
    "dateTime": {
      "date": {
        "year": 2019,
        "month": 10,
        "day": 15
      },
      "time": {
        "hour": 10,
        "minute": 25,
        "second": 43,
        "nano": 0
      }
    },
    "citySender": "Запоріжжя",
    "cityRecipient": "Харків"
  },
  {
    "number": 59000454916030,
    "dateTime": {
      "date": {
        "year": 2019,
        "month": 10,
        "day": 15
      },
      "time": {
        "hour": 10,
        "minute": 24,
        "second": 42,
        "nano": 0
      }
    },
    "citySender": "Львів",
    "cityRecipient": "Володимир-Волинський"
  },
  {
    "number": 59000454916031,
    "dateTime": {
      "date": {
        "year": 2019,
        "month": 10,
        "day": 15
      },
      "time": {
        "hour": 10,
        "minute": 24,
        "second": 56,
        "nano": 0
      }
    },
    "citySender": "Кам\u0027янець-Подільський",
    "cityRecipient": "Краматорськ"
  },
  {
    "number": 59000454916032,
    "dateTime": {
      "date": {
        "year": 2019,
        "month": 10,
        "day": 15
      },
      "time": {
        "hour": 10,
        "minute": 25,
        "second": 30,
        "nano": 0
      }
    },
    "citySender": "Стрий",
    "cityRecipient": "Київ"
  },
  {
    "number": 59000454916034,
    "dateTime": {
      "date": {
        "year": 2019,
        "month": 10,
        "day": 15
      },
      "time": {
        "hour": 10,
        "minute": 25,
        "second": 40,
        "nano": 0
      }
    },
    "citySender": "Волноваха",
    "cityRecipient": "Київ"
  },
  {
    "number": 59000454916035,
    "dateTime": {
      "date": {
        "year": 2019,
        "month": 10,
        "day": 15
      },
      "time": {
        "hour": 10,
        "minute": 25,
        "second": 43,
        "nano": 0
      }
    },
    "citySender": "Запоріжжя",
    "cityRecipient": "Миколаїв"
  },
  {
    "number": 59000454916036,
    "dateTime": {
      "date": {
        "year": 2019,
        "month": 10,
        "day": 15
      },
      "time": {
        "hour": 10,
        "minute": 25,
        "second": 45,
        "nano": 0
      }
    },
    "citySender": "Київ",
    "cityRecipient": "Вінниця"
  },
  {
    "number": 59000454916037,
    "dateTime": {
      "date": {
        "year": 2019,
        "month": 10,
        "day": 15
      },
      "time": {
        "hour": 10,
        "minute": 25,
        "second": 37,
        "nano": 0
      }
    },
    "citySender": "Кропивницький",
    "cityRecipient": "Чернігів"
  },
  {
    "number": 59000454916038,
    "dateTime": {
      "date": {
        "year": 2019,
        "month": 10,
        "day": 15
      },
      "time": {
        "hour": 10,
        "minute": 25,
        "second": 18,
        "nano": 0
      }
    },
    "citySender": "Бершадь",
    "cityRecipient": "Буча"
  },
  {
    "number": 59000454916040,
    "dateTime": {
      "date": {
        "year": 2019,
        "month": 10,
        "day": 15
      },
      "time": {
        "hour": 10,
        "minute": 25,
        "second": 40,
        "nano": 0
      }
    },
    "citySender": "Запоріжжя",
    "cityRecipient": "Верхівцеве"
  },
  {
    "number": 59000454916041,
    "dateTime": {
      "date": {
        "year": 2019,
        "month": 10,
        "day": 15
      },
      "time": {
        "hour": 10,
        "minute": 25,
        "second": 29,
        "nano": 0
      }
    },
    "citySender": "Авдіївка (Донецька обл.)",
    "cityRecipient": "Київ"
  },
  {
    "number": 59000454916042,
    "dateTime": {
      "date": {
        "year": 2019,
        "month": 10,
        "day": 15
      },
      "time": {
        "hour": 10,
        "minute": 25,
        "second": 50,
        "nano": 0
      }
    },
    "citySender": "Кропивницький",
    "cityRecipient": "Львів"
  },
  {
    "number": 59000454916043,
    "dateTime": {
      "date": {
        "year": 2019,
        "month": 10,
        "day": 15
      },
      "time": {
        "hour": 10,
        "minute": 23,
        "second": 57,
        "nano": 0
      }
    },
    "citySender": "Збараж",
    "cityRecipient": "Хмельницький"
  },
  {
    "number": 59000454916044,
    "dateTime": {
      "date": {
        "year": 2019,
        "month": 10,
        "day": 15
      },
      "time": {
        "hour": 10,
        "minute": 25,
        "second": 34,
        "nano": 0
      }
    },
    "citySender": "Одеса",
    "cityRecipient": "Дніпро"
  },
  {
    "number": 59000454916045,
    "dateTime": {
      "date": {
        "year": 2019,
        "month": 10,
        "day": 15
      },
      "time": {
        "hour": 10,
        "minute": 25,
        "second": 40,
        "nano": 0
      }
    },
    "citySender": "Чернівці",
    "cityRecipient": "Рубіжне"
  },
  {
    "number": 59000454916046,
    "dateTime": {
      "date": {
        "year": 2019,
        "month": 10,
        "day": 15
      },
      "time": {
        "hour": 10,
        "minute": 25,
        "second": 56,
        "nano": 0
      }
    },
    "citySender": "Вишеньки",
    "cityRecipient": "Київ"
  },
  {
    "number": 59000454916047,
    "dateTime": {
      "date": {
        "year": 2019,
        "month": 10,
        "day": 15
      },
      "time": {
        "hour": 10,
        "minute": 25,
        "second": 37,
        "nano": 0
      }
    },
    "citySender": "Яблунів",
    "cityRecipient": "Хмельницький"
  },
  {
    "number": 59000454916048,
    "dateTime": {
      "date": {
        "year": 2019,
        "month": 10,
        "day": 15
      },
      "time": {
        "hour": 10,
        "minute": 25,
        "second": 1,
        "nano": 0
      }
    },
    "citySender": "Чинадійово",
    "cityRecipient": "Вишневе"
  },
  {
    "number": 59000454916049,
    "dateTime": {
      "date": {
        "year": 2019,
        "month": 10,
        "day": 15
      },
      "time": {
        "hour": 10,
        "minute": 25,
        "second": 33,
        "nano": 0
      }
    },
    "citySender": "Луків",
    "cityRecipient": "Сарни"
  },
  {
    "number": 59000454916050,
    "dateTime": {
      "date": {
        "year": 2019,
        "month": 10,
        "day": 15
      },
      "time": {
        "hour": 10,
        "minute": 25,
        "second": 27,
        "nano": 0
      }
    },
    "citySender": "Пулини",
    "cityRecipient": "Мирноград"
  },
  {
    "number": 59000454916051,
    "dateTime": {
      "date": {
        "year": 2019,
        "month": 10,
        "day": 15
      },
      "time": {
        "hour": 10,
        "minute": 25,
        "second": 52,
        "nano": 0
      }
    },
    "citySender": "Суми",
    "cityRecipient": "Суми"
  },
  {
    "number": 59000454916052,
    "dateTime": {
      "date": {
        "year": 2019,
        "month": 10,
        "day": 15
      },
      "time": {
        "hour": 10,
        "minute": 25,
        "second": 56,
        "nano": 0
      }
    },
    "citySender": "Розівка (Розівський р-н)",
    "cityRecipient": "Маріуполь"
  },
  {
    "number": 59000454916053,
    "dateTime": {
      "date": {
        "year": 2019,
        "month": 10,
        "day": 15
      },
      "time": {
        "hour": 10,
        "minute": 23,
        "second": 22,
        "nano": 0
      }
    },
    "citySender": "Заставна",
    "cityRecipient": "Кривий Ріг"
  },
  {
    "number": 59000454916054,
    "dateTime": {
      "date": {
        "year": 2019,
        "month": 10,
        "day": 15
      },
      "time": {
        "hour": 10,
        "minute": 25,
        "second": 36,
        "nano": 0
      }
    },
    "citySender": "Дніпро",
    "cityRecipient": "Одеса"
  },
  {
    "number": 59000454916055,
    "dateTime": {
      "date": {
        "year": 2019,
        "month": 10,
        "day": 15
      },
      "time": {
        "hour": 10,
        "minute": 25,
        "second": 16,
        "nano": 0
      }
    },
    "citySender": "Бахмач",
    "cityRecipient": "Зачепилівка"
  },
  {
    "number": 59000454916056,
    "dateTime": {
      "date": {
        "year": 2019,
        "month": 10,
        "day": 15
      },
      "time": {
        "hour": 10,
        "minute": 25,
        "second": 57,
        "nano": 0
      }
    },
    "citySender": "Глобине",
    "cityRecipient": "Бровари"
  },
  {
    "number": 59000454916057,
    "dateTime": {
      "date": {
        "year": 2019,
        "month": 10,
        "day": 15
      },
      "time": {
        "hour": 10,
        "minute": 25,
        "second": 18,
        "nano": 0
      }
    },
    "citySender": "Ралівка",
    "cityRecipient": "Київ"
  },
  {
    "number": 59000454916058,
    "dateTime": {
      "date": {
        "year": 2019,
        "month": 10,
        "day": 15
      },
      "time": {
        "hour": 10,
        "minute": 25,
        "second": 38,
        "nano": 0
      }
    },
    "citySender": "Самбір",
    "cityRecipient": "Харків"
  },
  {
    "number": 59000454916059,
    "dateTime": {
      "date": {
        "year": 2019,
        "month": 10,
        "day": 15
      },
      "time": {
        "hour": 10,
        "minute": 25,
        "second": 40,
        "nano": 0
      }
    },
    "citySender": "Київ",
    "cityRecipient": "Ямпіль (Вінницька обл.)"
  },
  {
    "number": 59000454916060,
    "dateTime": {
      "date": {
        "year": 2019,
        "month": 10,
        "day": 15
      },
      "time": {
        "hour": 10,
        "minute": 25,
        "second": 18,
        "nano": 0
      }
    },
    "citySender": "Коцюбинське",
    "cityRecipient": "Пісківка"
  },
  {
    "number": 59000454916062,
    "dateTime": {
      "date": {
        "year": 2019,
        "month": 10,
        "day": 15
      },
      "time": {
        "hour": 10,
        "minute": 25,
        "second": 41,
        "nano": 0
      }
    },
    "citySender": "Косів",
    "cityRecipient": "Миколаїв"
  },
  {
    "number": 59000454916063,
    "dateTime": {
      "date": {
        "year": 2019,
        "month": 10,
        "day": 15
      },
      "time": {
        "hour": 10,
        "minute": 25,
        "second": 22,
        "nano": 0
      }
    },
    "citySender": "Стрий",
    "cityRecipient": "Київ"
  },
  {
    "number": 59000454916064,
    "dateTime": {
      "date": {
        "year": 2019,
        "month": 10,
        "day": 15
      },
      "time": {
        "hour": 10,
        "minute": 25,
        "second": 51,
        "nano": 0
      }
    },
    "citySender": "Київ",
    "cityRecipient": "Бровари"
  },
  {
    "number": 59000454916065,
    "dateTime": {
      "date": {
        "year": 2019,
        "month": 10,
        "day": 15
      },
      "time": {
        "hour": 10,
        "minute": 25,
        "second": 58,
        "nano": 0
      }
    },
    "citySender": "Кропивницький",
    "cityRecipient": "Кропивницький"
  },
  {
    "number": 59000454916066,
    "dateTime": {
      "date": {
        "year": 2019,
        "month": 10,
        "day": 15
      },
      "time": {
        "hour": 10,
        "minute": 25,
        "second": 30,
        "nano": 0
      }
    },
    "citySender": "Херсон",
    "cityRecipient": "Дніпро"
  },
  {
    "number": 59000454916067,
    "dateTime": {
      "date": {
        "year": 2019,
        "month": 10,
        "day": 15
      },
      "time": {
        "hour": 10,
        "minute": 25,
        "second": 32,
        "nano": 0
      }
    },
    "citySender": "Переяслав-Хмельницький",
    "cityRecipient": "Київ"
  },
  {
    "number": 59000454916069,
    "dateTime": {
      "date": {
        "year": 2019,
        "month": 10,
        "day": 15
      },
      "time": {
        "hour": 10,
        "minute": 25,
        "second": 37,
        "nano": 0
      }
    },
    "citySender": "Кремінна",
    "cityRecipient": "Бровари"
  },
  {
    "number": 59000454916070,
    "dateTime": {
      "date": {
        "year": 2019,
        "month": 10,
        "day": 15
      },
      "time": {
        "hour": 10,
        "minute": 25,
        "second": 24,
        "nano": 0
      }
    },
    "citySender": "Дніпро",
    "cityRecipient": "Київ"
  },
  {
    "number": 59000454916072,
    "dateTime": {
      "date": {
        "year": 2019,
        "month": 10,
        "day": 15
      },
      "time": {
        "hour": 10,
        "minute": 25,
        "second": 55,
        "nano": 0
      }
    },
    "citySender": "Дружківка",
    "cityRecipient": "Олексієво-Дружківка"
  },
  {
    "number": 59000454916073,
    "dateTime": {
      "date": {
        "year": 2019,
        "month": 10,
        "day": 15
      },
      "time": {
        "hour": 10,
        "minute": 25,
        "second": 51,
        "nano": 0
      }
    },
    "citySender": "Червоноград (Львівська обл.)",
    "cityRecipient": "Коритняни"
  },
  {
    "number": 59000454916074,
    "dateTime": {
      "date": {
        "year": 2019,
        "month": 10,
        "day": 15
      },
      "time": {
        "hour": 10,
        "minute": 25,
        "second": 23,
        "nano": 0
      }
    },
    "citySender": "Первомайський (Харківська обл.)",
    "cityRecipient": "Львів"
  },
  {
    "number": 59000454916075,
    "dateTime": {
      "date": {
        "year": 2019,
        "month": 10,
        "day": 15
      },
      "time": {
        "hour": 10,
        "minute": 25,
        "second": 58,
        "nano": 0
      }
    },
    "citySender": "Харків",
    "cityRecipient": "Карлівка"
  },
  {
    "number": 59000454916078,
    "dateTime": {
      "date": {
        "year": 2019,
        "month": 10,
        "day": 15
      },
      "time": {
        "hour": 10,
        "minute": 25,
        "second": 59,
        "nano": 0
      }
    },
    "citySender": "Горенка",
    "cityRecipient": "Бровари"
  },
  {
    "number": 59000454916079,
    "dateTime": {
      "date": {
        "year": 2019,
        "month": 10,
        "day": 15
      },
      "time": {
        "hour": 10,
        "minute": 25,
        "second": 23,
        "nano": 0
      }
    },
    "citySender": "Миргород",
    "cityRecipient": "Покровське (Покровський р-н Дніпропетровська обл.)"
  },
  {
    "number": 59000454916080,
    "dateTime": {
      "date": {
        "year": 2019,
        "month": 10,
        "day": 15
      },
      "time": {
        "hour": 10,
        "minute": 25,
        "second": 45,
        "nano": 0
      }
    },
    "citySender": "Поляна (Закарпатська обл.)",
    "cityRecipient": "Березань"
  },
  {
    "number": 59000454916081,
    "dateTime": {
      "date": {
        "year": 2019,
        "month": 10,
        "day": 15
      },
      "time": {
        "hour": 10,
        "minute": 26,
        "second": 0,
        "nano": 0
      }
    },
    "citySender": "Харків",
    "cityRecipient": "Устилуг"
  },
  {
    "number": 59000454916082,
    "dateTime": {
      "date": {
        "year": 2019,
        "month": 10,
        "day": 15
      },
      "time": {
        "hour": 10,
        "minute": 25,
        "second": 51,
        "nano": 0
      }
    },
    "citySender": "Вараш",
    "cityRecipient": "Чернівці"
  },
  {
    "number": 59000454916083,
    "dateTime": {
      "date": {
        "year": 2019,
        "month": 10,
        "day": 15
      },
      "time": {
        "hour": 16,
        "minute": 42,
        "second": 14,
        "nano": 0
      }
    },
    "citySender": "Миргород",
    "cityRecipient": "Київ"
  },
  {
    "number": 59000454916084,
    "dateTime": {
      "date": {
        "year": 2019,
        "month": 10,
        "day": 15
      },
      "time": {
        "hour": 10,
        "minute": 25,
        "second": 28,
        "nano": 0
      }
    },
    "citySender": "Кривий Ріг",
    "cityRecipient": "Київ"
  },
  {
    "number": 59000454916085,
    "dateTime": {
      "date": {
        "year": 2019,
        "month": 10,
        "day": 15
      },
      "time": {
        "hour": 10,
        "minute": 26,
        "second": 1,
        "nano": 0
      }
    },
    "citySender": "Чубинське",
    "cityRecipient": "Полтава"
  },
  {
    "number": 59000454916086,
    "dateTime": {
      "date": {
        "year": 2019,
        "month": 10,
        "day": 15
      },
      "time": {
        "hour": 10,
        "minute": 25,
        "second": 55,
        "nano": 0
      }
    },
    "citySender": "Тернопіль",
    "cityRecipient": "Київ"
  },
  {
    "number": 59000454916088,
    "dateTime": {
      "date": {
        "year": 2019,
        "month": 10,
        "day": 15
      },
      "time": {
        "hour": 10,
        "minute": 25,
        "second": 21,
        "nano": 0
      }
    },
    "citySender": "Антоніни",
    "cityRecipient": "Енергодар"
  },
  {
    "number": 59000454916089,
    "dateTime": {
      "date": {
        "year": 2019,
        "month": 10,
        "day": 15
      },
      "time": {
        "hour": 10,
        "minute": 24,
        "second": 55,
        "nano": 0
      }
    },
    "citySender": "Радомишль",
    "cityRecipient": "Первомайськ(Микол.обл.Первомайс.р-н)"
  },
  {
    "number": 59000454916090,
    "dateTime": {
      "date": {
        "year": 2019,
        "month": 10,
        "day": 15
      },
      "time": {
        "hour": 10,
        "minute": 25,
        "second": 17,
        "nano": 0
      }
    },
    "citySender": "Поляна (Закарпатська обл.)",
    "cityRecipient": "Київ"
  },
  {
    "number": 59000454916091,
    "dateTime": {
      "date": {
        "year": 2019,
        "month": 10,
        "day": 15
      },
      "time": {
        "hour": 10,
        "minute": 25,
        "second": 17,
        "nano": 0
      }
    },
    "citySender": "Одеса",
    "cityRecipient": "Київ"
  },
  {
    "number": 59000454916092,
    "dateTime": {
      "date": {
        "year": 2019,
        "month": 10,
        "day": 15
      },
      "time": {
        "hour": 10,
        "minute": 25,
        "second": 1,
        "nano": 0
      }
    },
    "citySender": "Дніпро",
    "cityRecipient": "Львів"
  },
  {
    "number": 59000454916093,
    "dateTime": {
      "date": {
        "year": 2019,
        "month": 10,
        "day": 15
      },
      "time": {
        "hour": 10,
        "minute": 26,
        "second": 2,
        "nano": 0
      }
    },
    "citySender": "Кам\u0027янське(Дніпропетровська обл)",
    "cityRecipient": "Старий Остропіль"
  },
  {
    "number": 59000454916094,
    "dateTime": {
      "date": {
        "year": 2019,
        "month": 10,
        "day": 15
      },
      "time": {
        "hour": 10,
        "minute": 25,
        "second": 56,
        "nano": 0
      }
    },
    "citySender": "Полтава",
    "cityRecipient": "Запоріжжя"
  },
  {
    "number": 59000454916095,
    "dateTime": {
      "date": {
        "year": 2019,
        "month": 10,
        "day": 15
      },
      "time": {
        "hour": 10,
        "minute": 25,
        "second": 31,
        "nano": 0
      }
    },
    "citySender": "Ніжин",
    "cityRecipient": "Мала Виска"
  },
  {
    "number": 59000454916096,
    "dateTime": {
      "date": {
        "year": 2019,
        "month": 10,
        "day": 15
      },
      "time": {
        "hour": 10,
        "minute": 23,
        "second": 48,
        "nano": 0
      }
    },
    "citySender": "Миронівка",
    "cityRecipient": "Черкаси"
  },
  {
    "number": 59000454916097,
    "dateTime": {
      "date": {
        "year": 2019,
        "month": 10,
        "day": 15
      },
      "time": {
        "hour": 10,
        "minute": 25,
        "second": 50,
        "nano": 0
      }
    },
    "citySender": "Миколаївка (Слов’янська міська рада)",
    "cityRecipient": "Дніпро"
  },
  {
    "number": 59000454916098,
    "dateTime": {
      "date": {
        "year": 2019,
        "month": 10,
        "day": 15
      },
      "time": {
        "hour": 10,
        "minute": 25,
        "second": 34,
        "nano": 0
      }
    },
    "citySender": "Чернівці",
    "cityRecipient": "Делятин"
  },
  {
    "number": 59000454916099,
    "dateTime": {
      "date": {
        "year": 2019,
        "month": 10,
        "day": 15
      },
      "time": {
        "hour": 10,
        "minute": 25,
        "second": 46,
        "nano": 0
      }
    },
    "citySender": "Львів",
    "cityRecipient": "Угринів (Тисменицький р-н., Івано-Франк. обл.)"
  },
  {
    "number": 59000454916100,
    "dateTime": {
      "date": {
        "year": 2019,
        "month": 10,
        "day": 15
      },
      "time": {
        "hour": 10,
        "minute": 24,
        "second": 49,
        "nano": 0
      }
    },
    "citySender": "Ставище",
    "cityRecipient": "Київ"
  },
  {
    "number": 59000454916101,
    "dateTime": {
      "date": {
        "year": 2019,
        "month": 10,
        "day": 15
      },
      "time": {
        "hour": 10,
        "minute": 25,
        "second": 58,
        "nano": 0
      }
    },
    "citySender": "Київ",
    "cityRecipient": "Київ"
  },
  {
    "number": 59000454916102,
    "dateTime": {
      "date": {
        "year": 2019,
        "month": 10,
        "day": 15
      },
      "time": {
        "hour": 10,
        "minute": 25,
        "second": 42,
        "nano": 0
      }
    },
    "citySender": "Нижній Вербіж",
    "cityRecipient": "Дружківка"
  },
  {
    "number": 59000454916103,
    "dateTime": {
      "date": {
        "year": 2019,
        "month": 10,
        "day": 15
      },
      "time": {
        "hour": 10,
        "minute": 25,
        "second": 44,
        "nano": 0
      }
    },
    "citySender": "Харків",
    "cityRecipient": "Мала Білозерка"
  },
  {
    "number": 59000454916104,
    "dateTime": {
      "date": {
        "year": 2019,
        "month": 10,
        "day": 15
      },
      "time": {
        "hour": 10,
        "minute": 26,
        "second": 3,
        "nano": 0
      }
    },
    "citySender": "Маріуполь",
    "cityRecipient": "Новий Розділ"
  },
  {
    "number": 59000454916105,
    "dateTime": {
      "date": {
        "year": 2019,
        "month": 10,
        "day": 15
      },
      "time": {
        "hour": 10,
        "minute": 26,
        "second": 3,
        "nano": 0
      }
    },
    "citySender": "Чернівці",
    "cityRecipient": "Синельникове"
  },
  {
    "number": 59000454916106,
    "dateTime": {
      "date": {
        "year": 2019,
        "month": 10,
        "day": 15
      },
      "time": {
        "hour": 10,
        "minute": 25,
        "second": 51,
        "nano": 0
      }
    },
    "citySender": "Тернівка",
    "cityRecipient": "Кривий Ріг"
  },
  {
    "number": 59000454916108,
    "dateTime": {
      "date": {
        "year": 2019,
        "month": 10,
        "day": 15
      },
      "time": {
        "hour": 10,
        "minute": 25,
        "second": 0,
        "nano": 0
      }
    },
    "citySender": "Сергіївка (Білгород-Дністровський р-н)",
    "cityRecipient": "Гайворон"
  },
  {
    "number": 59000454916109,
    "dateTime": {
      "date": {
        "year": 2019,
        "month": 10,
        "day": 15
      },
      "time": {
        "hour": 10,
        "minute": 25,
        "second": 34,
        "nano": 0
      }
    },
    "citySender": "Одеса",
    "cityRecipient": "Київ"
  },
  {
    "number": 59000454916110,
    "dateTime": {
      "date": {
        "year": 2019,
        "month": 10,
        "day": 15
      },
      "time": {
        "hour": 10,
        "minute": 25,
        "second": 52,
        "nano": 0
      }
    },
    "citySender": "Каховка",
    "cityRecipient": "Каланчак"
  },
  {
    "number": 59000454916111,
    "dateTime": {
      "date": {
        "year": 2019,
        "month": 10,
        "day": 15
      },
      "time": {
        "hour": 10,
        "minute": 25,
        "second": 51,
        "nano": 0
      }
    },
    "citySender": "Гадяч",
    "cityRecipient": "Шишаки"
  },
  {
    "number": 59000454916112,
    "dateTime": {
      "date": {
        "year": 2019,
        "month": 10,
        "day": 15
      },
      "time": {
        "hour": 10,
        "minute": 25,
        "second": 49,
        "nano": 0
      }
    },
    "citySender": "Ізмаїл",
    "cityRecipient": "Райське(Херсонська обл.)"
  },
  {
    "number": 59000454916113,
    "dateTime": {
      "date": {
        "year": 2019,
        "month": 10,
        "day": 15
      },
      "time": {
        "hour": 10,
        "minute": 25,
        "second": 54,
        "nano": 0
      }
    },
    "citySender": "Сарата",
    "cityRecipient": "Одеса"
  },
  {
    "number": 59000454916114,
    "dateTime": {
      "date": {
        "year": 2019,
        "month": 10,
        "day": 15
      },
      "time": {
        "hour": 10,
        "minute": 26,
        "second": 3,
        "nano": 0
      }
    },
    "citySender": "Вишневе",
    "cityRecipient": "Тернопіль"
  },
  {
    "number": 59000454916115,
    "dateTime": {
      "date": {
        "year": 2019,
        "month": 10,
        "day": 15
      },
      "time": {
        "hour": 10,
        "minute": 26,
        "second": 2,
        "nano": 0
      }
    },
    "citySender": "Миколаїв",
    "cityRecipient": "Березнегувате"
  },
  {
    "number": 59000454916116,
    "dateTime": {
      "date": {
        "year": 2019,
        "month": 10,
        "day": 15
      },
      "time": {
        "hour": 10,
        "minute": 25,
        "second": 48,
        "nano": 0
      }
    },
    "citySender": "Буча",
    "cityRecipient": "Київ"
  },
  {
    "number": 59000454916117,
    "dateTime": {
      "date": {
        "year": 2019,
        "month": 10,
        "day": 15
      },
      "time": {
        "hour": 10,
        "minute": 25,
        "second": 28,
        "nano": 0
      }
    },
    "citySender": "Київ",
    "cityRecipient": "Сколе"
  },
  {
    "number": 59000454916118,
    "dateTime": {
      "date": {
        "year": 2019,
        "month": 10,
        "day": 15
      },
      "time": {
        "hour": 10,
        "minute": 26,
        "second": 2,
        "nano": 0
      }
    },
    "citySender": "Крюківщина",
    "cityRecipient": "Дніпро"
  },
  {
    "number": 59000454916119,
    "dateTime": {
      "date": {
        "year": 2019,
        "month": 10,
        "day": 15
      },
      "time": {
        "hour": 10,
        "minute": 25,
        "second": 55,
        "nano": 0
      }
    },
    "citySender": "Дубровиця (Рівненська обл.)",
    "cityRecipient": "Вишневе"
  },
  {
    "number": 59000454916121,
    "dateTime": {
      "date": {
        "year": 2019,
        "month": 10,
        "day": 15
      },
      "time": {
        "hour": 10,
        "minute": 26,
        "second": 4,
        "nano": 0
      }
    },
    "citySender": "Зноб-Новгородське",
    "cityRecipient": "Кам\u0027янське(Дніпропетровська обл)"
  },
  {
    "number": 59000454916122,
    "dateTime": {
      "date": {
        "year": 2019,
        "month": 10,
        "day": 15
      },
      "time": {
        "hour": 10,
        "minute": 26,
        "second": 6,
        "nano": 0
      }
    },
    "citySender": "Тернопіль",
    "cityRecipient": "Харків"
  },
  {
    "number": 59000454916123,
    "dateTime": {
      "date": {
        "year": 2019,
        "month": 10,
        "day": 15
      },
      "time": {
        "hour": 10,
        "minute": 25,
        "second": 54,
        "nano": 0
      }
    },
    "citySender": "Фонтанка",
    "cityRecipient": "Київ"
  },
  {
    "number": 59000454916124,
    "dateTime": {
      "date": {
        "year": 2019,
        "month": 10,
        "day": 15
      },
      "time": {
        "hour": 10,
        "minute": 26,
        "second": 4,
        "nano": 0
      }
    },
    "citySender": "Одеса",
    "cityRecipient": "Одеса"
  },
  {
    "number": 59000454916125,
    "dateTime": {
      "date": {
        "year": 2019,
        "month": 10,
        "day": 15
      },
      "time": {
        "hour": 10,
        "minute": 25,
        "second": 26,
        "nano": 0
      }
    },
    "citySender": "Київ",
    "cityRecipient": "Кривий Ріг"
  },
  {
    "number": 59000454916126,
    "dateTime": {
      "date": {
        "year": 2019,
        "month": 10,
        "day": 15
      },
      "time": {
        "hour": 10,
        "minute": 25,
        "second": 38,
        "nano": 0
      }
    },
    "citySender": "Южноукраїнськ",
    "cityRecipient": "Харків"
  },
  {
    "number": 59000454916127,
    "dateTime": {
      "date": {
        "year": 2019,
        "month": 10,
        "day": 15
      },
      "time": {
        "hour": 10,
        "minute": 25,
        "second": 45,
        "nano": 0
      }
    },
    "citySender": "Харків",
    "cityRecipient": "Полтава"
  }
]