[
  {
    "number": 59000454918528,
    "dateTime": {
      "date": {
        "year": 2019,
        "month": 10,
        "day": 15
      },
      "time": {
        "hour": 10,
        "minute": 32,
        "second": 1,
        "nano": 0
      }
    },
    "citySender": "Тарасівка",
    "cityRecipient": "Київ"
  },
  {
    "number": 59000454918529,
    "dateTime": {
      "date": {
        "year": 2019,
        "month": 10,
        "day": 15
      },
      "time": {
        "hour": 10,
        "minute": 31,
        "second": 53,
        "nano": 0
      }
    },
    "citySender": "Ковель",
    "cityRecipient": "Ужгород"
  },
  {
    "number": 59000454918530,
    "dateTime": {
      "date": {
        "year": 2019,
        "month": 10,
        "day": 15
      },
      "time": {
        "hour": 10,
        "minute": 31,
        "second": 8,
        "nano": 0
      }
    },
    "citySender": "Львів",
    "cityRecipient": "Київ"
  },
  {
    "number": 59000454918531,
    "dateTime": {
      "date": {
        "year": 2019,
        "month": 10,
        "day": 15
      },
      "time": {
        "hour": 10,
        "minute": 31,
        "second": 44,
        "nano": 0
      }
    },
    "citySender": "Лисичанськ",
    "cityRecipient": "Шаргород (Вінницька обл.)"
  },
  {
    "number": 59000454918532,
    "dateTime": {
      "date": {
        "year": 2019,
        "month": 10,
        "day": 15
      },
      "time": {
        "hour": 10,
        "minute": 31,
        "second": 46,
        "nano": 0
      }
    },
    "citySender": "Львів",
    "cityRecipient": "Бровари"
  },
  {
    "number": 59000454918534,
    "dateTime": {
      "date": {
        "year": 2019,
        "month": 10,
        "day": 15
      },
      "time": {
        "hour": 10,
        "minute": 31,
        "second": 45,
        "nano": 0
      }
    },
    "citySender": "Харків",
    "cityRecipient": "Добротвір"
  },
  {
    "number": 59000454918535,
    "dateTime": {
      "date": {
        "year": 2019,
        "month": 10,
        "day": 15
      },
      "time": {
        "hour": 10,
        "minute": 31,
        "second": 56,
        "nano": 0
      }
    },
    "citySender": "Дніпро",
    "cityRecipient": "Володимирець"
  },
  {
    "number": 59000454918536,
    "dateTime": {
      "date": {
        "year": 2019,
        "month": 10,
        "day": 15
      },
      "time": {
        "hour": 10,
        "minute": 31,
        "second": 21,
        "nano": 0
      }
    },
    "citySender": "Тульчин",
    "cityRecipient": "Стрий"
  },
  {
    "number": 59000454918537,
    "dateTime": {
      "date": {
        "year": 2019,
        "month": 10,
        "day": 15
      },
      "time": {
        "hour": 10,
        "minute": 31,
        "second": 36,
        "nano": 0
      }
    },
    "citySender": "Івано-Франківськ",
    "cityRecipient": "Львів"
  },
  {
    "number": 59000454918539,
    "dateTime": {
      "date": {
        "year": 2019,
        "month": 10,
        "day": 15
      },
      "time": {
        "hour": 10,
        "minute": 31,
        "second": 57,
        "nano": 0
      }
    },
    "citySender": "Одеса",
    "cityRecipient": "Хмельницький"
  },
  {
    "number": 59000454918540,
    "dateTime": {
      "date": {
        "year": 2019,
        "month": 10,
        "day": 15
      },
      "time": {
        "hour": 10,
        "minute": 32,
        "second": 3,
        "nano": 0
      }
    },
    "citySender": "Кривий Ріг",
    "cityRecipient": "Кривий Ріг"
  },
  {
    "number": 59000454918541,
    "dateTime": {
      "date": {
        "year": 2019,
        "month": 10,
        "day": 15
      },
      "time": {
        "hour": 10,
        "minute": 31,
        "second": 25,
        "nano": 0
      }
    },
    "citySender": "Запоріжжя",
    "cityRecipient": "Пологи (Запорізька обл.)"
  },
  {
    "number": 59000454918542,
    "dateTime": {
      "date": {
        "year": 2019,
        "month": 10,
        "day": 15
      },
      "time": {
        "hour": 10,
        "minute": 31,
        "second": 55,
        "nano": 0
      }
    },
    "citySender": "Бровари",
    "cityRecipient": "Яворів"
  },
  {
    "number": 59000454918544,
    "dateTime": {
      "date": {
        "year": 2019,
        "month": 10,
        "day": 15
      },
      "time": {
        "hour": 10,
        "minute": 31,
        "second": 51,
        "nano": 0
      }
    },
    "citySender": "Березань",
    "cityRecipient": "Чутове"
  },
  {
    "number": 59000454918545,
    "dateTime": {
      "date": {
        "year": 2019,
        "month": 10,
        "day": 15
      },
      "time": {
        "hour": 10,
        "minute": 32,
        "second": 3,
        "nano": 0
      }
    },
    "citySender": "Нововолинськ",
    "cityRecipient": "Куп\u0027янськ-Вузловий"
  },
  {
    "number": 59000454918546,
    "dateTime": {
      "date": {
        "year": 2019,
        "month": 10,
        "day": 15
      },
      "time": {
        "hour": 10,
        "minute": 31,
        "second": 26,
        "nano": 0
      }
    },
    "citySender": "Липини",
    "cityRecipient": "Берестечко"
  },
  {
    "number": 59000454918547,
    "dateTime": {
      "date": {
        "year": 2019,
        "month": 10,
        "day": 15
      },
      "time": {
        "hour": 10,
        "minute": 32,
        "second": 0,
        "nano": 0
      }
    },
    "citySender": "Київ",
    "cityRecipient": "Ірпінь"
  },
  {
    "number": 59000454918548,
    "dateTime": {
      "date": {
        "year": 2019,
        "month": 10,
        "day": 15
      },
      "time": {
        "hour": 10,
        "minute": 30,
        "second": 45,
        "nano": 0
      }
    },
    "citySender": "Угринів (Тисменицький р-н., Івано-Франк. обл.)",
    "cityRecipient": "Конотоп"
  },
  {
    "number": 59000454918549,
    "dateTime": {
      "date": {
        "year": 2019,
        "month": 10,
        "day": 15
      },
      "time": {
        "hour": 10,
        "minute": 32,
        "second": 4,
        "nano": 0
      }
    },
    "citySender": "Черкаси",
    "cityRecipient": "Черкаси"
  },
  {
    "number": 59000454918551,
    "dateTime": {
      "date": {
        "year": 2019,
        "month": 10,
        "day": 15
      },
      "time": {
        "hour": 10,
        "minute": 31,
        "second": 35,
        "nano": 0
      }
    },
    "citySender": "Мала Данилівка",
    "cityRecipient": "Первомайський (Харківська обл.)"
  },
  {
    "number": 59000454918552,
    "dateTime": {
      "date": {
        "year": 2019,
        "month": 10,
        "day": 15
      },
      "time": {
        "hour": 10,
        "minute": 30,
        "second": 57,
        "nano": 0
      }
    },
    "citySender": "Піщанка (Вінницька обл.)",
    "cityRecipient": "Новоселиця"
  },
  {
    "number": 59000454918553,
    "dateTime": {
      "date": {
        "year": 2019,
        "month": 10,
        "day": 15
      },
      "time": {
        "hour": 10,
        "minute": 31,
        "second": 28,
        "nano": 0
      }
    },
    "citySender": "Тернопіль",
    "cityRecipient": "Київ"
  },
  {
    "number": 59000454918554,
    "dateTime": {
      "date": {
        "year": 2019,
        "month": 10,
        "day": 15
      },
      "time": {
        "hour": 10,
        "minute": 32,
        "second": 5,
        "nano": 0
      }
    },
    "citySender": "Одеса",
    "cityRecipient": "Одеса"
  },
  {
    "number": 59000454918555,
    "dateTime": {
      "date": {
        "year": 2019,
        "month": 10,
        "day": 15
      },
      "time": {
        "hour": 10,
        "minute": 31,
        "second": 56,
        "nano": 0
      }
    },
    "citySender": "Львів",
    "cityRecipient": "Київ"
  },
  {
    "number": 59000454918556,
    "dateTime": {
      "date": {
        "year": 2019,
        "month": 10,
        "day": 15
      },
      "time": {
        "hour": 10,
        "minute": 31,
        "second": 55,
        "nano": 0
      }
    },
    "citySender": "Нова Водолага",
    "cityRecipient": "Запоріжжя"
  },
  {
    "number": 59000454918557,
    "dateTime": {
      "date": {
        "year": 2019,
        "month": 10,
        "day": 15
      },
      "time": {
        "hour": 10,
        "minute": 31,
        "second": 47,
        "nano": 0
      }
    },
    "citySender": "Харків",
    "cityRecipient": "Полонне"
  },
  {
    "number": 59000454918558,
    "dateTime": {
      "date": {
        "year": 2019,
        "month": 10,
        "day": 15
      },
      "time": {
        "hour": 10,
        "minute": 31,
        "second": 40,
        "nano": 0
      }
    },
    "citySender": "Одеса",
    "cityRecipient": "Харків"
  },
  {
    "number": 59000454918559,
    "dateTime": {
      "date": {
        "year": 2019,
        "month": 10,
        "day": 15
      },
      "time": {
        "hour": 10,
        "minute": 31,
        "second": 58,
        "nano": 0
      }
    },
    "citySender": "Одеса",
    "cityRecipient": "Київ"
  },
  {
    "number": 59000454918560,
    "dateTime": {
      "date": {
        "year": 2019,
        "month": 10,
        "day": 15
      },
      "time": {
        "hour": 10,
        "minute": 31,
        "second": 50,
        "nano": 0
      }
    },
    "citySender": "Сарни",
    "cityRecipient": "Київ"
  },
  {
    "number": 59000454918561,
    "dateTime": {
      "date": {
        "year": 2019,
        "month": 10,
        "day": 15
      },
      "time": {
        "hour": 10,
        "minute": 31,
        "second": 57,
        "nano": 0
      }
    },
    "citySender": "Дубно",
    "cityRecipient": "Львів"
  },
  {
    "number": 59000454918562,
    "dateTime": {
      "date": {
        "year": 2019,
        "month": 10,
        "day": 15
      },
      "time": {
        "hour": 10,
        "minute": 31,
        "second": 16,
        "nano": 0
      }
    },
    "citySender": "Гайворон",
    "cityRecipient": "Одеса"
  },
  {
    "number": 59000454918563,
    "dateTime": {
      "date": {
        "year": 2019,
        "month": 10,
        "day": 15
      },
      "time": {
        "hour": 10,
        "minute": 31,
        "second": 49,
        "nano": 0
      }
    },
    "citySender": "Одеса",
    "cityRecipient": "Нововолинськ"
  },
  {
    "number": 59000454918564,
    "dateTime": {
      "date": {
        "year": 2019,
        "month": 10,
        "day": 15
      },
      "time": {
        "hour": 10,
        "minute": 31,
        "second": 53,
        "nano": 0
      }
    },
    "citySender": "Ізмаїл",
    "cityRecipient": "Ківшарівка"
  },
  {
    "number": 59000454918565,
    "dateTime": {
      "date": {
        "year": 2019,
        "month": 10,
        "day": 15
      },
      "time": {
        "hour": 10,
        "minute": 31,
        "second": 19,
        "nano": 0
      }
    },
    "citySender": "Нове (Київська обл.)",
    "cityRecipient": "Лиман(Донецька обл)"
  },
  {
    "number": 59000454918567,
    "dateTime": {
      "date": {
        "year": 2019,
        "month": 10,
        "day": 15
      },
      "time": {
        "hour": 10,
        "minute": 31,
        "second": 52,
        "nano": 0
      }
    },
    "citySender": "Ізюм",
    "cityRecipient": "Харків"
  },
  {
    "number": 59000454918568,
    "dateTime": {
      "date": {
        "year": 2019,
        "month": 10,
        "day": 15
      },
      "time": {
        "hour": 10,
        "minute": 32,
        "second": 2,
        "nano": 0
      }
    },
    "citySender": "Дніпро",
    "cityRecipient": "Київ"
  },
  {
    "number": 59000454918569,
    "dateTime": {
      "date": {
        "year": 2019,
        "month": 10,
        "day": 15
      },
      "time": {
        "hour": 10,
        "minute": 31,
        "second": 20,
        "nano": 0
      }
    },
    "citySender": "Чернігів",
    "cityRecipient": "Київ"
  },
  {
    "number": 59000454918570,
    "dateTime": {
      "date": {
        "year": 2019,
        "month": 10,
        "day": 15
      },
      "time": {
        "hour": 10,
        "minute": 28,
        "second": 9,
        "nano": 0
      }
    },
    "citySender": "Скадовськ",
    "cityRecipient": "Бровари"
  },
  {
    "number": 59000454918571,
    "dateTime": {
      "date": {
        "year": 2019,
        "month": 10,
        "day": 15
      },
      "time": {
        "hour": 10,
        "minute": 30,
        "second": 46,
        "nano": 0
      }
    },
    "citySender": "Сновськ",
    "cityRecipient": "Київ"
  },
  {
    "number": 59000454918572,
    "dateTime": {
      "date": {
        "year": 2019,
        "month": 10,
        "day": 15
      },
      "time": {
        "hour": 10,
        "minute": 31,
        "second": 38,
        "nano": 0
      }
    },
    "citySender": "Тернопіль",
    "cityRecipient": "Полтава"
  },
  {
    "number": 59000454918573,
    "dateTime": {
      "date": {
        "year": 2019,
        "month": 10,
        "day": 15
      },
      "time": {
        "hour": 10,
        "minute": 31,
        "second": 24,
        "nano": 0
      }
    },
    "citySender": "Київ",
    "cityRecipient": "Київ"
  },
  {
    "number": 59000454918574,
    "dateTime": {
      "date": {
        "year": 2019,
        "month": 10,
        "day": 15
      },
      "time": {
        "hour": 10,
        "minute": 32,
        "second": 3,
        "nano": 0
      }
    },
    "citySender": "Одеса",
    "cityRecipient": "Красноград (Харківська обл)"
  },
  {
    "number": 59000454918575,
    "dateTime": {
      "date": {
        "year": 2019,
        "month": 10,
        "day": 15
      },
      "time": {
        "hour": 10,
        "minute": 31,
        "second": 43,
        "nano": 0
      }
    },
    "citySender": "Вишневе",
    "cityRecipient": "Красилівка (Броварський р-н)"
  },
  {
    "number": 59000454918576,
    "dateTime": {
      "date": {
        "year": 2019,
        "month": 10,
        "day": 15
      },
      "time": {
        "hour": 10,
        "minute": 32,
        "second": 7,
        "nano": 0
      }
    },
    "citySender": "Вінниця",
    "cityRecipient": "Харків"
  },
  {
    "number": 59000454918577,
    "dateTime": {
      "date": {
        "year": 2019,
        "month": 10,
        "day": 15
      },
      "time": {
        "hour": 10,
        "minute": 31,
        "second": 36,
        "nano": 0
      }
    },
    "citySender": "Нововоронцовка",
    "cityRecipient": "Маріуполь"
  },
  {
    "number": 59000454918578,
    "dateTime": {
      "date": {
        "year": 2019,
        "month": 10,
        "day": 15
      },
      "time": {
        "hour": 10,
        "minute": 32,
        "second": 9,
        "nano": 0
      }
    },
    "citySender": "Кам\u0027янське(Дніпропетровська обл)",
    "cityRecipient": "Дніпро"
  },
  {
    "number": 59000454918579,
    "dateTime": {
      "date": {
        "year": 2019,
        "month": 10,
        "day": 15
      },
      "time": {
        "hour": 10,
        "minute": 31,
        "second": 2,
        "nano": 0
      }
    },
    "citySender": "Жашків",
    "cityRecipient": "Київ"
  },
  {
    "number": 59000454918580,
    "dateTime": {
      "date": {
        "year": 2019,
        "month": 10,
        "day": 15
      },
      "time": {
        "hour": 10,
        "minute": 31,
        "second": 41,
        "nano": 0
      }
    },
    "citySender": "Тлумач",
    "cityRecipient": "Львів"
  },
  {
    "number": 59000454918581,
    "dateTime": {
      "date": {
        "year": 2019,
        "month": 10,
        "day": 15
      },
      "time": {
        "hour": 10,
        "minute": 31,
        "second": 35,
        "nano": 0
      }
    },
    "citySender": "Київ",
    "cityRecipient": "Новоград-Волинський"
  },
  {
    "number": 59000454918582,
    "dateTime": {
      "date": {
        "year": 2019,
        "month": 10,
        "day": 15
      },
      "time": {
        "hour": 10,
        "minute": 32,
        "second": 1,
        "nano": 0
      }
    },
    "citySender": "Київ",
    "cityRecipient": "Ананьїв"
  },
  {
    "number": 59000454918583,
    "dateTime": {
      "date": {
        "year": 2019,
        "month": 10,
        "day": 15
      },
      "time": {
        "hour": 10,
        "minute": 31,
        "second": 24,
        "nano": 0
      }
    },
    "citySender": "Косів",
    "cityRecipient": "Київ"
  },
  {
    "number": 59000454918584,
    "dateTime": {
      "date": {
        "year": 2019,
        "month": 10,
        "day": 15
      },
      "time": {
        "hour": 10,
        "minute": 32,
        "second": 5,
        "nano": 0
      }
    },
    "citySender": "Добросин",
    "cityRecipient": "Пісочин"
  },
  {
    "number": 59000454918585,
    "dateTime": {
      "date": {
        "year": 2019,
        "month": 10,
        "day": 15
      },
      "time": {
        "hour": 10,
        "minute": 31,
        "second": 14,
        "nano": 0
      }
    },
    "citySender": "Поляна (Закарпатська обл.)",
    "cityRecipient": "Іршава"
  },
  {
    "number": 59000454918586,
    "dateTime": {
      "date": {
        "year": 2019,
        "month": 10,
        "day": 15
      },
      "time": {
        "hour": 10,
        "minute": 31,
        "second": 20,
        "nano": 0
      }
    },
    "citySender": "Кропивницький",
    "cityRecipient": "Миронівка"
  },
  {
    "number": 59000454918587,
    "dateTime": {
      "date": {
        "year": 2019,
        "month": 10,
        "day": 15
      },
      "time": {
        "hour": 10,
        "minute": 32,
        "second": 9,
        "nano": 0
      }
    },
    "citySender": "Ужгород",
    "cityRecipient": "Подвірки"
  },
  {
    "number": 59000454918588,
    "dateTime": {
      "date": {
        "year": 2019,
        "month": 10,
        "day": 15
      },
      "time": {
        "hour": 10,
        "minute": 31,
        "second": 2,
        "nano": 0
      }
    },
    "citySender": "Валки",
    "cityRecipient": "Березань"
  },
  {
    "number": 59000454918589,
    "dateTime": {
      "date": {
        "year": 2019,
        "month": 10,
        "day": 15
      },
      "time": {
        "hour": 10,
        "minute": 32,
        "second": 10,
        "nano": 0
      }
    },
    "citySender": "Одеса",
    "cityRecipient": "Боярка"
  },
  {
    "number": 59000454918590,
    "dateTime": {
      "date": {
        "year": 2019,
        "month": 10,
        "day": 15
      },
      "time": {
        "hour": 10,
        "minute": 32,
        "second": 2,
        "nano": 0
      }
    },
    "citySender": "Вінниця",
    "cityRecipient": "Яготин"
  },
  {
    "number": 59000454918591,
    "dateTime": {
      "date": {
        "year": 2019,
        "month": 10,
        "day": 15
      },
      "time": {
        "hour": 10,
        "minute": 31,
        "second": 23,
        "nano": 0
      }
    },
    "citySender": "Бабанка",
    "cityRecipient": "Баришівка"
  },
  {
    "number": 59000454918593,
    "dateTime": {
      "date": {
        "year": 2019,
        "month": 10,
        "day": 15
      },
      "time": {
        "hour": 10,
        "minute": 32,
        "second": 2,
        "nano": 0
      }
    },
    "citySender": "Лубни",
    "cityRecipient": "Київ"
  },
  {
    "number": 59000454918594,
    "dateTime": {
      "date": {
        "year": 2019,
        "month": 10,
        "day": 15
      },
      "time": {
        "hour": 10,
        "minute": 31,
        "second": 45,
        "nano": 0
      }
    },
    "citySender": "Ужгород",
    "cityRecipient": "Вишневе"
  },
  {
    "number": 59000454918595,
    "dateTime": {
      "date": {
        "year": 2019,
        "month": 10,
        "day": 15
      },
      "time": {
        "hour": 10,
        "minute": 30,
        "second": 7,
        "nano": 0
      }
    },
    "citySender": "Бердянськ",
    "cityRecipient": "Бровари"
  },
  {
    "number": 59000454918596,
    "dateTime": {
      "date": {
        "year": 2019,
        "month": 10,
        "day": 15
      },
      "time": {
        "hour": 10,
        "minute": 31,
        "second": 48,
        "nano": 0
      }
    },
    "citySender": "Маріуполь",
    "cityRecipient": "Заставна"
  },
  {
    "number": 59000454918597,
    "dateTime": {
      "date": {
        "year": 2019,
        "month": 10,
        "day": 15
      },
      "time": {
        "hour": 10,
        "minute": 32,
        "second": 1,
        "nano": 0
      }
    },
    "citySender": "Ковель",
    "cityRecipient": "Хмельницький"
  },
  {
    "number": 59000454918598,
    "dateTime": {
      "date": {
        "year": 2019,
        "month": 10,
        "day": 15
      },
      "time": {
        "hour": 10,
        "minute": 32,
        "second": 2,
        "nano": 0
      }
    },
    "citySender": "Авдіївка (Донецька обл.)",
    "cityRecipient": "Очаків"
  },
  {
    "number": 59000454918599,
    "dateTime": {
      "date": {
        "year": 2019,
        "month": 10,
        "day": 15
      },
      "time": {
        "hour": 10,
        "minute": 31,
        "second": 28,
        "nano": 0
      }
    },
    "citySender": "Полтава",
    "cityRecipient": "Львів"
  },
  {
    "number": 59000454918600,
    "dateTime": {
      "date": {
        "year": 2019,
        "month": 10,
        "day": 15
      },
      "time": {
        "hour": 10,
        "minute": 32,
        "second": 11,
        "nano": 0
      }
    },
    "citySender": "Черкаси",
    "cityRecipient": "Черкаси"
  },
  {
    "number": 59000454918601,
    "dateTime": {
      "date": {
        "year": 2019,
        "month": 10,
        "day": 15
      },
      "time": {
        "hour": 10,
        "minute": 31,
        "second": 45,
        "nano": 0
      }
    },
    "citySender": "Умань",
    "cityRecipient": "Харків"
  },
  {
    "number": 59000454918602,
    "dateTime": {
      "date": {
        "year": 2019,
        "month": 10,
        "day": 15
      },
      "time": {
        "hour": 10,
        "minute": 32,
        "second": 10,
        "nano": 0
      }
    },
    "citySender": "Львів",
    "cityRecipient": "Рудне"
  },
  {
    "number": 59000454918603,
    "dateTime": {
      "date": {
        "year": 2019,
        "month": 10,
        "day": 15
      },
      "time": {
        "hour": 10,
        "minute": 30,
        "second": 55,
        "nano": 0
      }
    },
    "citySender": "Солоне",
    "cityRecipient": "Дніпро"
  },
  {
    "number": 59000454918604,
    "dateTime": {
      "date": {
        "year": 2019,
        "month": 10,
        "day": 15
      },
      "time": {
        "hour": 10,
        "minute": 31,
        "second": 49,
        "nano": 0
      }
    },
    "citySender": "Кропивницький",
    "cityRecipient": "Чернівці"
  },
  {
    "number": 59000454918605,
    "dateTime": {
      "date": {
        "year": 2019,
        "month": 10,
        "day": 15
      },
      "time": {
        "hour": 10,
        "minute": 31,
        "second": 47,
        "nano": 0
      }
    },
    "citySender": "Одеса",
    "cityRecipient": "Миколаїв"
  },
  {
    "number": 59000454918606,
    "dateTime": {
      "date": {
        "year": 2019,
        "month": 10,
        "day": 15
      },
      "time": {
        "hour": 10,
        "minute": 29,
        "second": 20,
        "nano": 0
      }
    },
    "citySender": "Благовіщенка (Кам\u0027янсько-Дніпровський р-н)",
    "cityRecipient": "Чкалове (Новотроїцький р-н, Херсонська обл.)"
  },
  {
    "number": 59000454918607,
    "dateTime": {
      "date": {
        "year": 2019,
        "month": 10,
        "day": 15
      },
      "time": {
        "hour": 10,
        "minute": 32,
        "second": 12,
        "nano": 0
      }
    },
    "citySender": "Харків",
    "cityRecipient": "Вільне (Криворізький р-н)"
  },
  {
    "number": 59000454918608,
    "dateTime": {
      "date": {
        "year": 2019,
        "month": 10,
        "day": 15
      },
      "time": {
        "hour": 10,
        "minute": 32,
        "second": 12,
        "nano": 0
      }
    },
    "citySender": "Бровари",
    "cityRecipient": "Київ"
  },
  {
    "number": 59000454918609,
    "dateTime": {
      "date": {
        "year": 2019,
        "month": 10,
        "day": 15
      },
      "time": {
        "hour": 10,
        "minute": 32,
        "second": 1,
        "nano": 0
      }
    },
    "citySender": "Приморськ (Запорізька обл.)",
    "cityRecipient": "Харків"
  },
  {
    "number": 59000454918610,
    "dateTime": {
      "date": {
        "year": 2019,
        "month": 10,
        "day": 15
      },
      "time": {
        "hour": 10,
        "minute": 31,
        "second": 53,
        "nano": 0
      }
    },
    "citySender": "Дніпро",
    "cityRecipient": "Нікополь (Дніпропетровська обл.)"
  },
  {
    "number": 59000454918611,
    "dateTime": {
      "date": {
        "year": 2019,
        "month": 10,
        "day": 15
      },
      "time": {
        "hour": 10,
        "minute": 29,
        "second": 2,
        "nano": 0
      }
    },
    "citySender": "Чинадійово",
    "cityRecipient": "Святогірськ"
  },
  {
    "number": 59000454918612,
    "dateTime": {
      "date": {
        "year": 2019,
        "month": 10,
        "day": 15
      },
      "time": {
        "hour": 10,
        "minute": 31,
        "second": 53,
        "nano": 0
      }
    },
    "citySender": "Оржиця",
    "cityRecipient": "Київ"
  },
  {
    "number": 59000454918613,
    "dateTime": {
      "date": {
        "year": 2019,
        "month": 10,
        "day": 15
      },
      "time": {
        "hour": 10,
        "minute": 31,
        "second": 44,
        "nano": 0
      }
    },
    "citySender": "Київ",
    "cityRecipient": "Запоріжжя"
  },
  {
    "number": 59000454918614,
    "dateTime": {
      "date": {
        "year": 2019,
        "month": 10,
        "day": 15
      },
      "time": {
        "hour": 10,
        "minute": 31,
        "second": 13,
        "nano": 0
      }
    },
    "citySender": "Рокитне (Київська обл., Рокитнянський р-н)",
    "cityRecipient": "Київ"
  },
  {
    "number": 59000454918615,
    "dateTime": {
      "date": {
        "year": 2019,
        "month": 10,
        "day": 15
      },
      "time": {
        "hour": 10,
        "minute": 31,
        "second": 44,
        "nano": 0
      }
    },
    "citySender": "Кривий Ріг",
    "cityRecipient": "Маріуполь"
  },
  {
    "number": 59000454918616,
    "dateTime": {
      "date": {
        "year": 2019,
        "month": 10,
        "day": 15
      },
      "time": {
        "hour": 10,
        "minute": 31,
        "second": 50,
        "nano": 0
      }
    },
    "citySender": "Одеса",
    "cityRecipient": "Кривий Ріг"
  },
  {
    "number": 59000454918617,
    "dateTime": {
      "date": {
        "year": 2019,
        "month": 10,
        "day": 15
      },
      "time": {
        "hour": 10,
        "minute": 31,
        "second": 39,
        "nano": 0
      }
    },
    "citySender": "Іваничі (Волинська обл.)",
    "cityRecipient": "Київ"
  },
  {
    "number": 59000454918618,
    "dateTime": {
      "date": {
        "year": 2019,
        "month": 10,
        "day": 15
      },
      "time": {
        "hour": 10,
        "minute": 31,
        "second": 27,
        "nano": 0
      }
    },
    "citySender": "Зноб-Новгородське",
    "cityRecipient": "Кам\u0027янське(Дніпропетровська обл)"
  },
  {
    "number": 59000454918619,
    "dateTime": {
      "date": {
        "year": 2019,
        "month": 10,
        "day": 15
      },
      "time": {
        "hour": 10,
        "minute": 30,
        "second": 26,
        "nano": 0
      }
    },
    "citySender": "Одеса",
    "cityRecipient": "Машівка"
  },
  {
    "number": 59000454918620,
    "dateTime": {
      "date": {
        "year": 2019,
        "month": 10,
        "day": 15
      },
      "time": {
        "hour": 10,
        "minute": 31,
        "second": 58,
        "nano": 0
      }
    },
    "citySender": "Олександрія (м.Кіровогр.обл.райц)",
    "cityRecipient": "Дніпро"
  },
  {
    "number": 59000454918621,
    "dateTime": {
      "date": {
        "year": 2019,
        "month": 10,
        "day": 15
      },
      "time": {
        "hour": 10,
        "minute": 32,
        "second": 14,
        "nano": 0
      }
    },
    "citySender": "Вінниця",
    "cityRecipient": "Вінниця"
  },
  {
    "number": 59000454918622,
    "dateTime": {
      "date": {
        "year": 2019,
        "month": 10,
        "day": 15
      },
      "time": {
        "hour": 10,
        "minute": 32,
        "second": 13,
        "nano": 0
      }
    },
    "citySender": "Київ",
    "cityRecipient": "Миколаїв"
  },
  {
    "number": 59000454918623,
    "dateTime": {
      "date": {
        "year": 2019,
        "month": 10,
        "day": 15
      },
      "time": {
        "hour": 10,
        "minute": 32,
        "second": 8,
        "nano": 0
      }
    },
    "citySender": "Вінниця",
    "cityRecipient": "Бровари"
  },
  {
    "number": 59000454918624,
    "dateTime": {
      "date": {
        "year": 2019,
        "month": 10,
        "day": 15
      },
      "time": {
        "hour": 10,
        "minute": 32,
        "second": 9,
        "nano": 0
      }
    },
    "citySender": "Коростень",
    "cityRecipient": "Дніпро"
  },
  {
    "number": 59000454918625,
    "dateTime": {
      "date": {
        "year": 2019,
        "month": 10,
        "day": 15
      },
      "time": {
        "hour": 10,
        "minute": 31,
        "second": 57,
        "nano": 0
      }
    },
    "citySender": "Луцьк",
    "cityRecipient": "Львів"
  },
  {
    "number": 59000454918626,
    "dateTime": {
      "date": {
        "year": 2019,
        "month": 10,
        "day": 15
      },
      "time": {
        "hour": 10,
        "minute": 32,
        "second": 5,
        "nano": 0
      }
    },
    "citySender": "Біла Церква",
    "cityRecipient": "Костопіль"
  },
  {
    "number": 59000454918627,
    "dateTime": {
      "date": {
        "year": 2019,
        "month": 10,
        "day": 15
      },
      "time": {
        "hour": 10,
        "minute": 32,
        "second": 8,
        "nano": 0
      }
    },
    "citySender": "Бориспіль",
    "cityRecipient": "Запоріжжя"
  }
]