[
  {
    "number": 59000454888643,
    "dateTime": {
      "date": {
        "year": 2019,
        "month": 10,
        "day": 15
      },
      "time": {
        "hour": 9,
        "minute": 14,
        "second": 31,
        "nano": 0
      }
    },
    "citySender": "Кам\u0027янське(Дніпропетровська обл)",
    "cityRecipient": "Київ"
  },
  {
    "number": 59000454888644,
    "dateTime": {
      "date": {
        "year": 2019,
        "month": 10,
        "day": 15
      },
      "time": {
        "hour": 9,
        "minute": 14,
        "second": 52,
        "nano": 0
      }
    },
    "citySender": "Ватутіне",
    "cityRecipient": "Харків"
  },
  {
    "number": 59000454888645,
    "dateTime": {
      "date": {
        "year": 2019,
        "month": 10,
        "day": 15
      },
      "time": {
        "hour": 9,
        "minute": 14,
        "second": 42,
        "nano": 0
      }
    },
    "citySender": "Ходосівка",
    "cityRecipient": "Бахмут"
  },
  {
    "number": 59000454888646,
    "dateTime": {
      "date": {
        "year": 2019,
        "month": 10,
        "day": 15
      },
      "time": {
        "hour": 9,
        "minute": 14,
        "second": 38,
        "nano": 0
      }
    },
    "citySender": "Чернівці",
    "cityRecipient": "Вінниця"
  },
  {
    "number": 59000454888648,
    "dateTime": {
      "date": {
        "year": 2019,
        "month": 10,
        "day": 15
      },
      "time": {
        "hour": 9,
        "minute": 14,
        "second": 53,
        "nano": 0
      }
    },
    "citySender": "Львів",
    "cityRecipient": "Львів"
  },
  {
    "number": 59000454888649,
    "dateTime": {
      "date": {
        "year": 2019,
        "month": 10,
        "day": 15
      },
      "time": {
        "hour": 9,
        "minute": 14,
        "second": 53,
        "nano": 0
      }
    },
    "citySender": "Вінниця",
    "cityRecipient": "Вінниця"
  },
  {
    "number": 59000454888650,
    "dateTime": {
      "date": {
        "year": 2019,
        "month": 10,
        "day": 15
      },
      "time": {
        "hour": 9,
        "minute": 14,
        "second": 4,
        "nano": 0
      }
    },
    "citySender": "Мелітополь",
    "cityRecipient": "Ірпінь"
  },
  {
    "number": 59000454888651,
    "dateTime": {
      "date": {
        "year": 2019,
        "month": 10,
        "day": 15
      },
      "time": {
        "hour": 9,
        "minute": 14,
        "second": 20,
        "nano": 0
      }
    },
    "citySender": "Дніпро",
    "cityRecipient": "Львів"
  },
  {
    "number": 59000454888652,
    "dateTime": {
      "date": {
        "year": 2019,
        "month": 10,
        "day": 15
      },
      "time": {
        "hour": 9,
        "minute": 14,
        "second": 53,
        "nano": 0
      }
    },
    "citySender": "Нова Каховка",
    "cityRecipient": "Київ"
  },
  {
    "number": 59000454888653,
    "dateTime": {
      "date": {
        "year": 2019,
        "month": 10,
        "day": 15
      },
      "time": {
        "hour": 9,
        "minute": 14,
        "second": 13,
        "nano": 0
      }
    },
    "citySender": "Маневичі",
    "cityRecipient": "Кривий Ріг"
  },
  {
    "number": 59000454888654,
    "dateTime": {
      "date": {
        "year": 2019,
        "month": 10,
        "day": 15
      },
      "time": {
        "hour": 9,
        "minute": 13,
        "second": 45,
        "nano": 0
      }
    },
    "citySender": "Татарбунари",
    "cityRecipient": "Козятин (місто, Вінницька обл.)"
  },
  {
    "number": 59000454888656,
    "dateTime": {
      "date": {
        "year": 2019,
        "month": 10,
        "day": 15
      },
      "time": {
        "hour": 9,
        "minute": 14,
        "second": 42,
        "nano": 0
      }
    },
    "citySender": "Жовті Води",
    "cityRecipient": "Кременчук"
  },
  {
    "number": 59000454888657,
    "dateTime": {
      "date": {
        "year": 2019,
        "month": 10,
        "day": 15
      },
      "time": {
        "hour": 9,
        "minute": 14,
        "second": 34,
        "nano": 0
      }
    },
    "citySender": "Коломия",
    "cityRecipient": "Зазим\u0027я"
  },
  {
    "number": 59000454888658,
    "dateTime": {
      "date": {
        "year": 2019,
        "month": 10,
        "day": 15
      },
      "time": {
        "hour": 9,
        "minute": 14,
        "second": 28,
        "nano": 0
      }
    },
    "citySender": "Київ",
    "cityRecipient": "Бабинці"
  },
  {
    "number": 59000454888659,
    "dateTime": {
      "date": {
        "year": 2019,
        "month": 10,
        "day": 15
      },
      "time": {
        "hour": 9,
        "minute": 14,
        "second": 53,
        "nano": 0
      }
    },
    "citySender": "Чорнобаївка",
    "cityRecipient": "Івано-Франківськ"
  },
  {
    "number": 59000454888660,
    "dateTime": {
      "date": {
        "year": 2019,
        "month": 10,
        "day": 15
      },
      "time": {
        "hour": 9,
        "minute": 14,
        "second": 54,
        "nano": 0
      }
    },
    "citySender": "Горонда",
    "cityRecipient": "Одеса"
  },
  {
    "number": 59000454888661,
    "dateTime": {
      "date": {
        "year": 2019,
        "month": 10,
        "day": 15
      },
      "time": {
        "hour": 9,
        "minute": 14,
        "second": 12,
        "nano": 0
      }
    },
    "citySender": "Сєвєродонецьк",
    "cityRecipient": "Станиця Луганська"
  },
  {
    "number": 59000454888662,
    "dateTime": {
      "date": {
        "year": 2019,
        "month": 10,
        "day": 15
      },
      "time": {
        "hour": 9,
        "minute": 14,
        "second": 52,
        "nano": 0
      }
    },
    "citySender": "Львів",
    "cityRecipient": "Львів"
  },
  {
    "number": 59000454888663,
    "dateTime": {
      "date": {
        "year": 2019,
        "month": 10,
        "day": 15
      },
      "time": {
        "hour": 9,
        "minute": 14,
        "second": 55,
        "nano": 0
      }
    },
    "citySender": "Вінниця",
    "cityRecipient": "Вінниця"
  },
  {
    "number": 59000454888664,
    "dateTime": {
      "date": {
        "year": 2019,
        "month": 10,
        "day": 15
      },
      "time": {
        "hour": 9,
        "minute": 11,
        "second": 46,
        "nano": 0
      }
    },
    "citySender": "Дубов\u0027язівка",
    "cityRecipient": "Запоріжжя"
  },
  {
    "number": 59000454888665,
    "dateTime": {
      "date": {
        "year": 2019,
        "month": 10,
        "day": 15
      },
      "time": {
        "hour": 9,
        "minute": 14,
        "second": 35,
        "nano": 0
      }
    },
    "citySender": "Турка",
    "cityRecipient": "Дрогобич"
  },
  {
    "number": 59000454888666,
    "dateTime": {
      "date": {
        "year": 2019,
        "month": 10,
        "day": 15
      },
      "time": {
        "hour": 9,
        "minute": 14,
        "second": 47,
        "nano": 0
      }
    },
    "citySender": "Тернопіль",
    "cityRecipient": "Тернопіль"
  },
  {
    "number": 59000454888667,
    "dateTime": {
      "date": {
        "year": 2019,
        "month": 10,
        "day": 15
      },
      "time": {
        "hour": 9,
        "minute": 14,
        "second": 35,
        "nano": 0
      }
    },
    "citySender": "Київ",
    "cityRecipient": "Вишневе"
  },
  {
    "number": 59000454888668,
    "dateTime": {
      "date": {
        "year": 2019,
        "month": 10,
        "day": 15
      },
      "time": {
        "hour": 9,
        "minute": 14,
        "second": 27,
        "nano": 0
      }
    },
    "citySender": "Рожнятів",
    "cityRecipient": "Васильків"
  },
  {
    "number": 59000454888669,
    "dateTime": {
      "date": {
        "year": 2019,
        "month": 10,
        "day": 15
      },
      "time": {
        "hour": 9,
        "minute": 14,
        "second": 14,
        "nano": 0
      }
    },
    "citySender": "Житомир",
    "cityRecipient": "Харків"
  },
  {
    "number": 59000454888670,
    "dateTime": {
      "date": {
        "year": 2019,
        "month": 10,
        "day": 15
      },
      "time": {
        "hour": 9,
        "minute": 14,
        "second": 5,
        "nano": 0
      }
    },
    "citySender": "Володимирівка (Донецька обл.)",
    "cityRecipient": "Харків"
  },
  {
    "number": 59000454888671,
    "dateTime": {
      "date": {
        "year": 2019,
        "month": 10,
        "day": 15
      },
      "time": {
        "hour": 9,
        "minute": 14,
        "second": 8,
        "nano": 0
      }
    },
    "citySender": "Борзна",
    "cityRecipient": "Чабани"
  },
  {
    "number": 59000454888672,
    "dateTime": {
      "date": {
        "year": 2019,
        "month": 10,
        "day": 15
      },
      "time": {
        "hour": 9,
        "minute": 14,
        "second": 47,
        "nano": 0
      }
    },
    "citySender": "Кропивницький",
    "cityRecipient": "Дніпро"
  },
  {
    "number": 59000454888673,
    "dateTime": {
      "date": {
        "year": 2019,
        "month": 10,
        "day": 15
      },
      "time": {
        "hour": 9,
        "minute": 14,
        "second": 23,
        "nano": 0
      }
    },
    "citySender": "Тростянець (Сумська обл.)",
    "cityRecipient": "Вишгород"
  },
  {
    "number": 59000454888674,
    "dateTime": {
      "date": {
        "year": 2019,
        "month": 10,
        "day": 15
      },
      "time": {
        "hour": 9,
        "minute": 14,
        "second": 55,
        "nano": 0
      }
    },
    "citySender": "Запоріжжя",
    "cityRecipient": "Запоріжжя"
  },
  {
    "number": 59000454888675,
    "dateTime": {
      "date": {
        "year": 2019,
        "month": 10,
        "day": 15
      },
      "time": {
        "hour": 9,
        "minute": 14,
        "second": 54,
        "nano": 0
      }
    },
    "citySender": "Нікополь (Дніпропетровська обл.)",
    "cityRecipient": "Кременчук"
  },
  {
    "number": 59000454888676,
    "dateTime": {
      "date": {
        "year": 2019,
        "month": 10,
        "day": 15
      },
      "time": {
        "hour": 9,
        "minute": 14,
        "second": 49,
        "nano": 0
      }
    },
    "citySender": "Малехів",
    "cityRecipient": "Бучач"
  },
  {
    "number": 59000454888677,
    "dateTime": {
      "date": {
        "year": 2019,
        "month": 10,
        "day": 15
      },
      "time": {
        "hour": 9,
        "minute": 14,
        "second": 52,
        "nano": 0
      }
    },
    "citySender": "Харків",
    "cityRecipient": "Полтава"
  },
  {
    "number": 59000454888678,
    "dateTime": {
      "date": {
        "year": 2019,
        "month": 10,
        "day": 15
      },
      "time": {
        "hour": 9,
        "minute": 14,
        "second": 56,
        "nano": 0
      }
    },
    "citySender": "Запоріжжя",
    "cityRecipient": "Авангард"
  },
  {
    "number": 59000454888679,
    "dateTime": {
      "date": {
        "year": 2019,
        "month": 10,
        "day": 15
      },
      "time": {
        "hour": 9,
        "minute": 13,
        "second": 17,
        "nano": 0
      }
    },
    "citySender": "Меліоративне (Новомосковський р-н)",
    "cityRecipient": "Славута"
  },
  {
    "number": 59000454888680,
    "dateTime": {
      "date": {
        "year": 2019,
        "month": 10,
        "day": 15
      },
      "time": {
        "hour": 9,
        "minute": 14,
        "second": 55,
        "nano": 0
      }
    },
    "citySender": "Монастирище",
    "cityRecipient": "Умань"
  },
  {
    "number": 59000454888681,
    "dateTime": {
      "date": {
        "year": 2019,
        "month": 10,
        "day": 15
      },
      "time": {
        "hour": 9,
        "minute": 14,
        "second": 18,
        "nano": 0
      }
    },
    "citySender": "Любар",
    "cityRecipient": "Київ"
  },
  {
    "number": 59000454888682,
    "dateTime": {
      "date": {
        "year": 2019,
        "month": 10,
        "day": 15
      },
      "time": {
        "hour": 9,
        "minute": 14,
        "second": 37,
        "nano": 0
      }
    },
    "citySender": "Костянтинівка (Донецька обл.)",
    "cityRecipient": "Київ"
  },
  {
    "number": 59000454888683,
    "dateTime": {
      "date": {
        "year": 2019,
        "month": 10,
        "day": 15
      },
      "time": {
        "hour": 9,
        "minute": 13,
        "second": 6,
        "nano": 0
      }
    },
    "citySender": "Полтава",
    "cityRecipient": "Київ"
  },
  {
    "number": 59000454888685,
    "dateTime": {
      "date": {
        "year": 2019,
        "month": 10,
        "day": 15
      },
      "time": {
        "hour": 9,
        "minute": 14,
        "second": 10,
        "nano": 0
      }
    },
    "citySender": "Кам\u0027янське(Дніпропетровська обл)",
    "cityRecipient": "Ізмаїл"
  },
  {
    "number": 59000454888686,
    "dateTime": {
      "date": {
        "year": 2019,
        "month": 10,
        "day": 15
      },
      "time": {
        "hour": 9,
        "minute": 14,
        "second": 41,
        "nano": 0
      }
    },
    "citySender": "Вільне(Новомосковський р-н)",
    "cityRecipient": "Київ"
  },
  {
    "number": 59000454888687,
    "dateTime": {
      "date": {
        "year": 2019,
        "month": 10,
        "day": 15
      },
      "time": {
        "hour": 9,
        "minute": 14,
        "second": 57,
        "nano": 0
      }
    },
    "citySender": "Запоріжжя",
    "cityRecipient": "Новоград-Волинський"
  },
  {
    "number": 59000454888688,
    "dateTime": {
      "date": {
        "year": 2019,
        "month": 10,
        "day": 15
      },
      "time": {
        "hour": 9,
        "minute": 12,
        "second": 54,
        "nano": 0
      }
    },
    "citySender": "Калинівка (Вінницька обл., Калинівський р-н)",
    "cityRecipient": "Одеса"
  },
  {
    "number": 59000454888689,
    "dateTime": {
      "date": {
        "year": 2019,
        "month": 10,
        "day": 15
      },
      "time": {
        "hour": 9,
        "minute": 14,
        "second": 57,
        "nano": 0
      }
    },
    "citySender": "Почаїв",
    "cityRecipient": "Бердянськ"
  },
  {
    "number": 59000454888691,
    "dateTime": {
      "date": {
        "year": 2019,
        "month": 10,
        "day": 15
      },
      "time": {
        "hour": 9,
        "minute": 10,
        "second": 51,
        "nano": 0
      }
    },
    "citySender": "Першотравенськ (Дніпропетровська обл)",
    "cityRecipient": "Дніпро"
  },
  {
    "number": 59000454888692,
    "dateTime": {
      "date": {
        "year": 2019,
        "month": 10,
        "day": 15
      },
      "time": {
        "hour": 9,
        "minute": 14,
        "second": 46,
        "nano": 0
      }
    },
    "citySender": "Маріуполь",
    "cityRecipient": "Ірпінь"
  },
  {
    "number": 59000454888694,
    "dateTime": {
      "date": {
        "year": 2019,
        "month": 10,
        "day": 15
      },
      "time": {
        "hour": 9,
        "minute": 13,
        "second": 46,
        "nano": 0
      }
    },
    "citySender": "Тернопіль",
    "cityRecipient": "Славута"
  },
  {
    "number": 59000454888695,
    "dateTime": {
      "date": {
        "year": 2019,
        "month": 10,
        "day": 15
      },
      "time": {
        "hour": 9,
        "minute": 14,
        "second": 6,
        "nano": 0
      }
    },
    "citySender": "Сіверськ",
    "cityRecipient": "Харків"
  },
  {
    "number": 59000454888696,
    "dateTime": {
      "date": {
        "year": 2019,
        "month": 10,
        "day": 15
      },
      "time": {
        "hour": 9,
        "minute": 14,
        "second": 13,
        "nano": 0
      }
    },
    "citySender": "Миколаїв",
    "cityRecipient": "Херсон"
  },
  {
    "number": 59000454888697,
    "dateTime": {
      "date": {
        "year": 2019,
        "month": 10,
        "day": 15
      },
      "time": {
        "hour": 9,
        "minute": 14,
        "second": 23,
        "nano": 0
      }
    },
    "citySender": "Тлумач",
    "cityRecipient": "Чайки"
  },
  {
    "number": 59000454888698,
    "dateTime": {
      "date": {
        "year": 2019,
        "month": 10,
        "day": 15
      },
      "time": {
        "hour": 9,
        "minute": 14,
        "second": 26,
        "nano": 0
      }
    },
    "citySender": "Локачі",
    "cityRecipient": "Слобожанське(Зміївський р-н., Харківська обл.)"
  },
  {
    "number": 59000454888699,
    "dateTime": {
      "date": {
        "year": 2019,
        "month": 10,
        "day": 15
      },
      "time": {
        "hour": 9,
        "minute": 14,
        "second": 11,
        "nano": 0
      }
    },
    "citySender": "Вінниця",
    "cityRecipient": "Трускавець"
  },
  {
    "number": 59000454888700,
    "dateTime": {
      "date": {
        "year": 2019,
        "month": 10,
        "day": 15
      },
      "time": {
        "hour": 9,
        "minute": 14,
        "second": 7,
        "nano": 0
      }
    },
    "citySender": "Синельникове",
    "cityRecipient": "Гуляйполе"
  },
  {
    "number": 59000454888701,
    "dateTime": {
      "date": {
        "year": 2019,
        "month": 10,
        "day": 15
      },
      "time": {
        "hour": 9,
        "minute": 14,
        "second": 59,
        "nano": 0
      }
    },
    "citySender": "Херсон",
    "cityRecipient": "Дніпро"
  },
  {
    "number": 59000454888702,
    "dateTime": {
      "date": {
        "year": 2019,
        "month": 10,
        "day": 15
      },
      "time": {
        "hour": 9,
        "minute": 14,
        "second": 28,
        "nano": 0
      }
    },
    "citySender": "Болград (Одеська обл.)",
    "cityRecipient": "Київ"
  },
  {
    "number": 59000454888703,
    "dateTime": {
      "date": {
        "year": 2019,
        "month": 10,
        "day": 15
      },
      "time": {
        "hour": 9,
        "minute": 14,
        "second": 11,
        "nano": 0
      }
    },
    "citySender": "Дніпро",
    "cityRecipient": "Ворохта"
  },
  {
    "number": 59000454888704,
    "dateTime": {
      "date": {
        "year": 2019,
        "month": 10,
        "day": 15
      },
      "time": {
        "hour": 9,
        "minute": 14,
        "second": 52,
        "nano": 0
      }
    },
    "citySender": "Київ",
    "cityRecipient": "Виноградів"
  },
  {
    "number": 59000454888705,
    "dateTime": {
      "date": {
        "year": 2019,
        "month": 10,
        "day": 15
      },
      "time": {
        "hour": 9,
        "minute": 14,
        "second": 59,
        "nano": 0
      }
    },
    "citySender": "Вінниця",
    "cityRecipient": "Вінниця"
  },
  {
    "number": 59000454888706,
    "dateTime": {
      "date": {
        "year": 2019,
        "month": 10,
        "day": 15
      },
      "time": {
        "hour": 9,
        "minute": 14,
        "second": 59,
        "nano": 0
      }
    },
    "citySender": "Дніпро",
    "cityRecipient": "Харків"
  },
  {
    "number": 59000454888707,
    "dateTime": {
      "date": {
        "year": 2019,
        "month": 10,
        "day": 15
      },
      "time": {
        "hour": 9,
        "minute": 14,
        "second": 21,
        "nano": 0
      }
    },
    "citySender": "Хмельницький",
    "cityRecipient": "Львів"
  },
  {
    "number": 59000454888708,
    "dateTime": {
      "date": {
        "year": 2019,
        "month": 10,
        "day": 15
      },
      "time": {
        "hour": 9,
        "minute": 13,
        "second": 49,
        "nano": 0
      }
    },
    "citySender": "Ворохта",
    "cityRecipient": "Чернігів"
  },
  {
    "number": 59000454888709,
    "dateTime": {
      "date": {
        "year": 2019,
        "month": 10,
        "day": 15
      },
      "time": {
        "hour": 9,
        "minute": 14,
        "second": 22,
        "nano": 0
      }
    },
    "citySender": "Київ",
    "cityRecipient": "Цепцевичі"
  },
  {
    "number": 59000454888710,
    "dateTime": {
      "date": {
        "year": 2019,
        "month": 10,
        "day": 15
      },
      "time": {
        "hour": 9,
        "minute": 14,
        "second": 18,
        "nano": 0
      }
    },
    "citySender": "Київ",
    "cityRecipient": "Дніпро"
  },
  {
    "number": 59000454888711,
    "dateTime": {
      "date": {
        "year": 2019,
        "month": 10,
        "day": 15
      },
      "time": {
        "hour": 9,
        "minute": 14,
        "second": 22,
        "nano": 0
      }
    },
    "citySender": "Березань",
    "cityRecipient": "Випасне (Білгород-Дністровський р-н)"
  },
  {
    "number": 59000454888712,
    "dateTime": {
      "date": {
        "year": 2019,
        "month": 10,
        "day": 15
      },
      "time": {
        "hour": 9,
        "minute": 14,
        "second": 57,
        "nano": 0
      }
    },
    "citySender": "Добропілля",
    "cityRecipient": "Бровари"
  },
  {
    "number": 59000454888713,
    "dateTime": {
      "date": {
        "year": 2019,
        "month": 10,
        "day": 15
      },
      "time": {
        "hour": 9,
        "minute": 14,
        "second": 49,
        "nano": 0
      }
    },
    "citySender": "Горішні Плавні",
    "cityRecipient": "Чернівці"
  },
  {
    "number": 59000454888714,
    "dateTime": {
      "date": {
        "year": 2019,
        "month": 10,
        "day": 15
      },
      "time": {
        "hour": 9,
        "minute": 15,
        "second": 0,
        "nano": 0
      }
    },
    "citySender": "Кривий Ріг",
    "cityRecipient": "Рівне"
  },
  {
    "number": 59000454888715,
    "dateTime": {
      "date": {
        "year": 2019,
        "month": 10,
        "day": 15
      },
      "time": {
        "hour": 9,
        "minute": 14,
        "second": 59,
        "nano": 0
      }
    },
    "citySender": "Ільниця",
    "cityRecipient": "Львів"
  },
  {
    "number": 59000454888716,
    "dateTime": {
      "date": {
        "year": 2019,
        "month": 10,
        "day": 15
      },
      "time": {
        "hour": 9,
        "minute": 14,
        "second": 7,
        "nano": 0
      }
    },
    "citySender": "Малин",
    "cityRecipient": "Краматорськ"
  },
  {
    "number": 59000454888717,
    "dateTime": {
      "date": {
        "year": 2019,
        "month": 10,
        "day": 15
      },
      "time": {
        "hour": 9,
        "minute": 12,
        "second": 54,
        "nano": 0
      }
    },
    "citySender": "Першотравенськ (Житомирська обл.)",
    "cityRecipient": "Обухів"
  },
  {
    "number": 59000454888718,
    "dateTime": {
      "date": {
        "year": 2019,
        "month": 10,
        "day": 15
      },
      "time": {
        "hour": 9,
        "minute": 14,
        "second": 54,
        "nano": 0
      }
    },
    "citySender": "Харків",
    "cityRecipient": "Запоріжжя"
  },
  {
    "number": 59000454888719,
    "dateTime": {
      "date": {
        "year": 2019,
        "month": 10,
        "day": 15
      },
      "time": {
        "hour": 9,
        "minute": 14,
        "second": 29,
        "nano": 0
      }
    },
    "citySender": "Мельниця-Подільська (Тернопільська обл.)",
    "cityRecipient": "Київ"
  },
  {
    "number": 59000454888720,
    "dateTime": {
      "date": {
        "year": 2019,
        "month": 10,
        "day": 15
      },
      "time": {
        "hour": 9,
        "minute": 14,
        "second": 38,
        "nano": 0
      }
    },
    "citySender": "Миколаїв",
    "cityRecipient": "Київ"
  },
  {
    "number": 59000454888721,
    "dateTime": {
      "date": {
        "year": 2019,
        "month": 10,
        "day": 15
      },
      "time": {
        "hour": 9,
        "minute": 14,
        "second": 58,
        "nano": 0
      }
    },
    "citySender": "Мала Данилівка",
    "cityRecipient": "Рівне"
  },
  {
    "number": 59000454888722,
    "dateTime": {
      "date": {
        "year": 2019,
        "month": 10,
        "day": 15
      },
      "time": {
        "hour": 9,
        "minute": 14,
        "second": 5,
        "nano": 0
      }
    },
    "citySender": "Мелітополь",
    "cityRecipient": "Яворів"
  },
  {
    "number": 59000454888723,
    "dateTime": {
      "date": {
        "year": 2019,
        "month": 10,
        "day": 15
      },
      "time": {
        "hour": 9,
        "minute": 15,
        "second": 1,
        "nano": 0
      }
    },
    "citySender": "Старий Самбір",
    "cityRecipient": "Тернопіль"
  },
  {
    "number": 59000454888724,
    "dateTime": {
      "date": {
        "year": 2019,
        "month": 10,
        "day": 15
      },
      "time": {
        "hour": 9,
        "minute": 14,
        "second": 21,
        "nano": 0
      }
    },
    "citySender": "Арциз",
    "cityRecipient": "Долина"
  },
  {
    "number": 59000454888726,
    "dateTime": {
      "date": {
        "year": 2019,
        "month": 10,
        "day": 15
      },
      "time": {
        "hour": 9,
        "minute": 14,
        "second": 46,
        "nano": 0
      }
    },
    "citySender": "Чайки",
    "cityRecipient": "Сокільники"
  },
  {
    "number": 59000454888727,
    "dateTime": {
      "date": {
        "year": 2019,
        "month": 10,
        "day": 15
      },
      "time": {
        "hour": 9,
        "minute": 14,
        "second": 43,
        "nano": 0
      }
    },
    "citySender": "Хмільник (Вінницька обл.)",
    "cityRecipient": "Вінницькі Хутори"
  },
  {
    "number": 59000454888728,
    "dateTime": {
      "date": {
        "year": 2019,
        "month": 10,
        "day": 15
      },
      "time": {
        "hour": 9,
        "minute": 14,
        "second": 53,
        "nano": 0
      }
    },
    "citySender": "Одеса",
    "cityRecipient": "Одеса"
  },
  {
    "number": 59000454888729,
    "dateTime": {
      "date": {
        "year": 2019,
        "month": 10,
        "day": 15
      },
      "time": {
        "hour": 9,
        "minute": 14,
        "second": 56,
        "nano": 0
      }
    },
    "citySender": "Львів",
    "cityRecipient": "Запоріжжя"
  },
  {
    "number": 59000454888730,
    "dateTime": {
      "date": {
        "year": 2019,
        "month": 10,
        "day": 15
      },
      "time": {
        "hour": 9,
        "minute": 15,
        "second": 2,
        "nano": 0
      }
    },
    "citySender": "Полтава",
    "cityRecipient": "Хорол"
  },
  {
    "number": 59000454888732,
    "dateTime": {
      "date": {
        "year": 2019,
        "month": 10,
        "day": 15
      },
      "time": {
        "hour": 9,
        "minute": 15,
        "second": 1,
        "nano": 0
      }
    },
    "citySender": "Кременчук",
    "cityRecipient": "Новоград-Волинський"
  },
  {
    "number": 59000454888733,
    "dateTime": {
      "date": {
        "year": 2019,
        "month": 10,
        "day": 15
      },
      "time": {
        "hour": 9,
        "minute": 15,
        "second": 0,
        "nano": 0
      }
    },
    "citySender": "Мар\u0027їнка",
    "cityRecipient": "Одеса"
  },
  {
    "number": 59000454888734,
    "dateTime": {
      "date": {
        "year": 2019,
        "month": 10,
        "day": 15
      },
      "time": {
        "hour": 9,
        "minute": 13,
        "second": 49,
        "nano": 0
      }
    },
    "citySender": "Київ",
    "cityRecipient": "Львів"
  },
  {
    "number": 59000454888735,
    "dateTime": {
      "date": {
        "year": 2019,
        "month": 10,
        "day": 15
      },
      "time": {
        "hour": 9,
        "minute": 13,
        "second": 52,
        "nano": 0
      }
    },
    "citySender": "Кривий Ріг",
    "cityRecipient": "Київ"
  },
  {
    "number": 59000454888736,
    "dateTime": {
      "date": {
        "year": 2019,
        "month": 10,
        "day": 15
      },
      "time": {
        "hour": 9,
        "minute": 14,
        "second": 35,
        "nano": 0
      }
    },
    "citySender": "Покров (Дніпропетровська обл.)",
    "cityRecipient": "Миколаїв"
  },
  {
    "number": 59000454888737,
    "dateTime": {
      "date": {
        "year": 2019,
        "month": 10,
        "day": 15
      },
      "time": {
        "hour": 9,
        "minute": 14,
        "second": 41,
        "nano": 0
      }
    },
    "citySender": "Жеребкове",
    "cityRecipient": "Житомир"
  },
  {
    "number": 59000454888738,
    "dateTime": {
      "date": {
        "year": 2019,
        "month": 10,
        "day": 15
      },
      "time": {
        "hour": 9,
        "minute": 14,
        "second": 43,
        "nano": 0
      }
    },
    "citySender": "Тягинка",
    "cityRecipient": "Сміла"
  },
  {
    "number": 59000454888739,
    "dateTime": {
      "date": {
        "year": 2019,
        "month": 10,
        "day": 15
      },
      "time": {
        "hour": 9,
        "minute": 14,
        "second": 33,
        "nano": 0
      }
    },
    "citySender": "Дніпро",
    "cityRecipient": "Рівне"
  },
  {
    "number": 59000454888740,
    "dateTime": {
      "date": {
        "year": 2019,
        "month": 10,
        "day": 15
      },
      "time": {
        "hour": 9,
        "minute": 13,
        "second": 36,
        "nano": 0
      }
    },
    "citySender": "Каховка",
    "cityRecipient": "Київ"
  },
  {
    "number": 59000454888741,
    "dateTime": {
      "date": {
        "year": 2019,
        "month": 10,
        "day": 15
      },
      "time": {
        "hour": 9,
        "minute": 13,
        "second": 48,
        "nano": 0
      }
    },
    "citySender": "Синевир",
    "cityRecipient": "Ужгород"
  },
  {
    "number": 59000454888742,
    "dateTime": {
      "date": {
        "year": 2019,
        "month": 10,
        "day": 15
      },
      "time": {
        "hour": 9,
        "minute": 14,
        "second": 57,
        "nano": 0
      }
    },
    "citySender": "Київ",
    "cityRecipient": "Кагарлик"
  }
]