[
  {
    "number": 59000454884244,
    "dateTime": {
      "date": {
        "year": 2019,
        "month": 10,
        "day": 15
      },
      "time": {
        "hour": 9,
        "minute": 3,
        "second": 36,
        "nano": 0
      }
    },
    "citySender": "Кривий Ріг",
    "cityRecipient": "Київ"
  },
  {
    "number": 59000454884245,
    "dateTime": {
      "date": {
        "year": 2019,
        "month": 10,
        "day": 15
      },
      "time": {
        "hour": 9,
        "minute": 2,
        "second": 48,
        "nano": 0
      }
    },
    "citySender": "Піщане ( Полтавська обл.)",
    "cityRecipient": "Одеса"
  },
  {
    "number": 59000454884247,
    "dateTime": {
      "date": {
        "year": 2019,
        "month": 10,
        "day": 15
      },
      "time": {
        "hour": 9,
        "minute": 3,
        "second": 45,
        "nano": 0
      }
    },
    "citySender": "Городець",
    "cityRecipient": "Одеса"
  },
  {
    "number": 59000454884248,
    "dateTime": {
      "date": {
        "year": 2019,
        "month": 10,
        "day": 15
      },
      "time": {
        "hour": 9,
        "minute": 3,
        "second": 15,
        "nano": 0
      }
    },
    "citySender": "Чернівці(Вінницька обл.)",
    "cityRecipient": "Турбів"
  },
  {
    "number": 59000454884249,
    "dateTime": {
      "date": {
        "year": 2019,
        "month": 10,
        "day": 15
      },
      "time": {
        "hour": 9,
        "minute": 3,
        "second": 34,
        "nano": 0
      }
    },
    "citySender": "Зборів",
    "cityRecipient": "Нові Петрівці"
  },
  {
    "number": 59000454884250,
    "dateTime": {
      "date": {
        "year": 2019,
        "month": 10,
        "day": 15
      },
      "time": {
        "hour": 9,
        "minute": 3,
        "second": 35,
        "nano": 0
      }
    },
    "citySender": "Умань",
    "cityRecipient": "Тараща"
  },
  {
    "number": 59000454884251,
    "dateTime": {
      "date": {
        "year": 2019,
        "month": 10,
        "day": 15
      },
      "time": {
        "hour": 9,
        "minute": 2,
        "second": 27,
        "nano": 0
      }
    },
    "citySender": "Носівка",
    "cityRecipient": "Первомайськ(Микол.обл.Первомайс.р-н)"
  },
  {
    "number": 59000454884252,
    "dateTime": {
      "date": {
        "year": 2019,
        "month": 10,
        "day": 15
      },
      "time": {
        "hour": 9,
        "minute": 3,
        "second": 5,
        "nano": 0
      }
    },
    "citySender": "Олександрівка (смт.Кіровог.обл.райц)",
    "cityRecipient": "Київ"
  },
  {
    "number": 59000454884253,
    "dateTime": {
      "date": {
        "year": 2019,
        "month": 10,
        "day": 15
      },
      "time": {
        "hour": 9,
        "minute": 1,
        "second": 54,
        "nano": 0
      }
    },
    "citySender": "Стеблів (Черкаська обл.)",
    "cityRecipient": "Кропивницький"
  },
  {
    "number": 59000454884254,
    "dateTime": {
      "date": {
        "year": 2019,
        "month": 10,
        "day": 15
      },
      "time": {
        "hour": 9,
        "minute": 2,
        "second": 43,
        "nano": 0
      }
    },
    "citySender": "Світловодськ",
    "cityRecipient": "Дніпро"
  },
  {
    "number": 59000454884255,
    "dateTime": {
      "date": {
        "year": 2019,
        "month": 10,
        "day": 15
      },
      "time": {
        "hour": 9,
        "minute": 3,
        "second": 40,
        "nano": 0
      }
    },
    "citySender": "Одеса",
    "cityRecipient": "Івано-Франківськ"
  },
  {
    "number": 59000454884256,
    "dateTime": {
      "date": {
        "year": 2019,
        "month": 10,
        "day": 15
      },
      "time": {
        "hour": 9,
        "minute": 3,
        "second": 32,
        "nano": 0
      }
    },
    "citySender": "Борислав (Львівська обл.)",
    "cityRecipient": "Львів"
  },
  {
    "number": 59000454884257,
    "dateTime": {
      "date": {
        "year": 2019,
        "month": 10,
        "day": 15
      },
      "time": {
        "hour": 9,
        "minute": 3,
        "second": 43,
        "nano": 0
      }
    },
    "citySender": "Тячів",
    "cityRecipient": "Мукачево"
  },
  {
    "number": 59000454884259,
    "dateTime": {
      "date": {
        "year": 2019,
        "month": 10,
        "day": 15
      },
      "time": {
        "hour": 9,
        "minute": 3,
        "second": 46,
        "nano": 0
      }
    },
    "citySender": "Ромни",
    "cityRecipient": "Київ"
  },
  {
    "number": 59000454884260,
    "dateTime": {
      "date": {
        "year": 2019,
        "month": 10,
        "day": 15
      },
      "time": {
        "hour": 9,
        "minute": 2,
        "second": 58,
        "nano": 0
      }
    },
    "citySender": "Київ",
    "cityRecipient": "Хмельницький"
  },
  {
    "number": 59000454884261,
    "dateTime": {
      "date": {
        "year": 2019,
        "month": 10,
        "day": 15
      },
      "time": {
        "hour": 9,
        "minute": 3,
        "second": 2,
        "nano": 0
      }
    },
    "citySender": "Зіньків",
    "cityRecipient": "Трускавець"
  },
  {
    "number": 59000454884262,
    "dateTime": {
      "date": {
        "year": 2019,
        "month": 10,
        "day": 15
      },
      "time": {
        "hour": 9,
        "minute": 3,
        "second": 3,
        "nano": 0
      }
    },
    "citySender": "Прилуки",
    "cityRecipient": "Київ"
  },
  {
    "number": 59000454884263,
    "dateTime": {
      "date": {
        "year": 2019,
        "month": 10,
        "day": 15
      },
      "time": {
        "hour": 9,
        "minute": 3,
        "second": 14,
        "nano": 0
      }
    },
    "citySender": "Бобринець",
    "cityRecipient": "Київ"
  },
  {
    "number": 59000454884264,
    "dateTime": {
      "date": {
        "year": 2019,
        "month": 10,
        "day": 15
      },
      "time": {
        "hour": 9,
        "minute": 2,
        "second": 31,
        "nano": 0
      }
    },
    "citySender": "Київ",
    "cityRecipient": "Київ"
  },
  {
    "number": 59000454884265,
    "dateTime": {
      "date": {
        "year": 2019,
        "month": 10,
        "day": 15
      },
      "time": {
        "hour": 9,
        "minute": 3,
        "second": 48,
        "nano": 0
      }
    },
    "citySender": "Гвардійське (Дніпропетровськ)",
    "cityRecipient": "Київ"
  },
  {
    "number": 59000454884266,
    "dateTime": {
      "date": {
        "year": 2019,
        "month": 10,
        "day": 15
      },
      "time": {
        "hour": 9,
        "minute": 3,
        "second": 6,
        "nano": 0
      }
    },
    "citySender": "Ужгород",
    "cityRecipient": "Харків"
  },
  {
    "number": 59000454884267,
    "dateTime": {
      "date": {
        "year": 2019,
        "month": 10,
        "day": 15
      },
      "time": {
        "hour": 9,
        "minute": 3,
        "second": 34,
        "nano": 0
      }
    },
    "citySender": "Погребище",
    "cityRecipient": "Вінниця"
  },
  {
    "number": 59000454884268,
    "dateTime": {
      "date": {
        "year": 2019,
        "month": 10,
        "day": 15
      },
      "time": {
        "hour": 9,
        "minute": 3,
        "second": 0,
        "nano": 0
      }
    },
    "citySender": "Велика Михайлівка",
    "cityRecipient": "Білозерка (Херсонська обл.)"
  },
  {
    "number": 59000454884269,
    "dateTime": {
      "date": {
        "year": 2019,
        "month": 10,
        "day": 15
      },
      "time": {
        "hour": 9,
        "minute": 3,
        "second": 35,
        "nano": 0
      }
    },
    "citySender": "Ізмаїл",
    "cityRecipient": "Львів"
  },
  {
    "number": 59000454884270,
    "dateTime": {
      "date": {
        "year": 2019,
        "month": 10,
        "day": 15
      },
      "time": {
        "hour": 9,
        "minute": 3,
        "second": 27,
        "nano": 0
      }
    },
    "citySender": "Глухів (Сумська обл.)",
    "cityRecipient": "Запоріжжя"
  },
  {
    "number": 59000454884271,
    "dateTime": {
      "date": {
        "year": 2019,
        "month": 10,
        "day": 15
      },
      "time": {
        "hour": 9,
        "minute": 3,
        "second": 42,
        "nano": 0
      }
    },
    "citySender": "Тернопіль",
    "cityRecipient": "Київ"
  },
  {
    "number": 59000454884272,
    "dateTime": {
      "date": {
        "year": 2019,
        "month": 10,
        "day": 15
      },
      "time": {
        "hour": 9,
        "minute": 3,
        "second": 30,
        "nano": 0
      }
    },
    "citySender": "Маріуполь",
    "cityRecipient": "Київ"
  },
  {
    "number": 59000454884274,
    "dateTime": {
      "date": {
        "year": 2019,
        "month": 10,
        "day": 15
      },
      "time": {
        "hour": 9,
        "minute": 3,
        "second": 5,
        "nano": 0
      }
    },
    "citySender": "Селидове",
    "cityRecipient": "Маріуполь"
  },
  {
    "number": 59000454884275,
    "dateTime": {
      "date": {
        "year": 2019,
        "month": 10,
        "day": 15
      },
      "time": {
        "hour": 9,
        "minute": 3,
        "second": 28,
        "nano": 0
      }
    },
    "citySender": "Коломия",
    "cityRecipient": "Почаїв"
  },
  {
    "number": 59000454884276,
    "dateTime": {
      "date": {
        "year": 2019,
        "month": 10,
        "day": 15
      },
      "time": {
        "hour": 9,
        "minute": 3,
        "second": 24,
        "nano": 0
      }
    },
    "citySender": "Корнин (Житомирська обл.)",
    "cityRecipient": "Чернівці"
  },
  {
    "number": 59000454884277,
    "dateTime": {
      "date": {
        "year": 2019,
        "month": 10,
        "day": 15
      },
      "time": {
        "hour": 9,
        "minute": 3,
        "second": 42,
        "nano": 0
      }
    },
    "citySender": "Одеса",
    "cityRecipient": "Южне"
  },
  {
    "number": 59000454884278,
    "dateTime": {
      "date": {
        "year": 2019,
        "month": 10,
        "day": 15
      },
      "time": {
        "hour": 9,
        "minute": 3,
        "second": 40,
        "nano": 0
      }
    },
    "citySender": "Миколаїв",
    "cityRecipient": "Львів"
  },
  {
    "number": 59000454884279,
    "dateTime": {
      "date": {
        "year": 2019,
        "month": 10,
        "day": 15
      },
      "time": {
        "hour": 9,
        "minute": 3,
        "second": 40,
        "nano": 0
      }
    },
    "citySender": "Київ",
    "cityRecipient": "Хмельницький"
  },
  {
    "number": 59000454884280,
    "dateTime": {
      "date": {
        "year": 2019,
        "month": 10,
        "day": 15
      },
      "time": {
        "hour": 9,
        "minute": 3,
        "second": 36,
        "nano": 0
      }
    },
    "citySender": "Вишневе",
    "cityRecipient": "Київ"
  },
  {
    "number": 59000454884281,
    "dateTime": {
      "date": {
        "year": 2019,
        "month": 10,
        "day": 15
      },
      "time": {
        "hour": 9,
        "minute": 3,
        "second": 2,
        "nano": 0
      }
    },
    "citySender": "Шишаки",
    "cityRecipient": "Одеса"
  },
  {
    "number": 59000454884282,
    "dateTime": {
      "date": {
        "year": 2019,
        "month": 10,
        "day": 15
      },
      "time": {
        "hour": 9,
        "minute": 3,
        "second": 24,
        "nano": 0
      }
    },
    "citySender": "Царичанка",
    "cityRecipient": "Дніпро"
  },
  {
    "number": 59000454884283,
    "dateTime": {
      "date": {
        "year": 2019,
        "month": 10,
        "day": 15
      },
      "time": {
        "hour": 9,
        "minute": 3,
        "second": 15,
        "nano": 0
      }
    },
    "citySender": "Херсон",
    "cityRecipient": "Муровані Курилівці"
  },
  {
    "number": 59000454884284,
    "dateTime": {
      "date": {
        "year": 2019,
        "month": 10,
        "day": 15
      },
      "time": {
        "hour": 9,
        "minute": 3,
        "second": 44,
        "nano": 0
      }
    },
    "citySender": "Дрогобич",
    "cityRecipient": "Харків"
  },
  {
    "number": 59000454884285,
    "dateTime": {
      "date": {
        "year": 2019,
        "month": 10,
        "day": 15
      },
      "time": {
        "hour": 9,
        "minute": 3,
        "second": 33,
        "nano": 0
      }
    },
    "citySender": "Ковель",
    "cityRecipient": "Луцьк"
  },
  {
    "number": 59000454884286,
    "dateTime": {
      "date": {
        "year": 2019,
        "month": 10,
        "day": 15
      },
      "time": {
        "hour": 9,
        "minute": 3,
        "second": 51,
        "nano": 0
      }
    },
    "citySender": "Харків",
    "cityRecipient": "Львів"
  },
  {
    "number": 59000454884287,
    "dateTime": {
      "date": {
        "year": 2019,
        "month": 10,
        "day": 15
      },
      "time": {
        "hour": 9,
        "minute": 3,
        "second": 16,
        "nano": 0
      }
    },
    "citySender": "Полтава",
    "cityRecipient": "Київ"
  },
  {
    "number": 59000454884288,
    "dateTime": {
      "date": {
        "year": 2019,
        "month": 10,
        "day": 15
      },
      "time": {
        "hour": 9,
        "minute": 3,
        "second": 25,
        "nano": 0
      }
    },
    "citySender": "Маріуполь",
    "cityRecipient": "Березівка"
  },
  {
    "number": 59000454884289,
    "dateTime": {
      "date": {
        "year": 2019,
        "month": 10,
        "day": 15
      },
      "time": {
        "hour": 9,
        "minute": 3,
        "second": 40,
        "nano": 0
      }
    },
    "citySender": "Покровськ (Донецька обл.)",
    "cityRecipient": "Горностаївка"
  },
  {
    "number": 59000454884290,
    "dateTime": {
      "date": {
        "year": 2019,
        "month": 10,
        "day": 15
      },
      "time": {
        "hour": 9,
        "minute": 3,
        "second": 53,
        "nano": 0
      }
    },
    "citySender": "Вараш",
    "cityRecipient": "Рівне"
  },
  {
    "number": 59000454884291,
    "dateTime": {
      "date": {
        "year": 2019,
        "month": 10,
        "day": 15
      },
      "time": {
        "hour": 9,
        "minute": 3,
        "second": 44,
        "nano": 0
      }
    },
    "citySender": "Херсон",
    "cityRecipient": "Кобеляки"
  },
  {
    "number": 59000454884292,
    "dateTime": {
      "date": {
        "year": 2019,
        "month": 10,
        "day": 15
      },
      "time": {
        "hour": 9,
        "minute": 3,
        "second": 38,
        "nano": 0
      }
    },
    "citySender": "Одеса",
    "cityRecipient": "Харків"
  },
  {
    "number": 59000454884293,
    "dateTime": {
      "date": {
        "year": 2019,
        "month": 10,
        "day": 15
      },
      "time": {
        "hour": 9,
        "minute": 3,
        "second": 33,
        "nano": 0
      }
    },
    "citySender": "Дніпро",
    "cityRecipient": "Кременчук"
  },
  {
    "number": 59000454884294,
    "dateTime": {
      "date": {
        "year": 2019,
        "month": 10,
        "day": 15
      },
      "time": {
        "hour": 9,
        "minute": 3,
        "second": 54,
        "nano": 0
      }
    },
    "citySender": "Київ",
    "cityRecipient": "Київ"
  },
  {
    "number": 59000454884295,
    "dateTime": {
      "date": {
        "year": 2019,
        "month": 10,
        "day": 15
      },
      "time": {
        "hour": 9,
        "minute": 3,
        "second": 34,
        "nano": 0
      }
    },
    "citySender": "Павлоград",
    "cityRecipient": "Дніпро"
  },
  {
    "number": 59000454884296,
    "dateTime": {
      "date": {
        "year": 2019,
        "month": 10,
        "day": 15
      },
      "time": {
        "hour": 9,
        "minute": 3,
        "second": 54,
        "nano": 0
      }
    },
    "citySender": "Полтава",
    "cityRecipient": "Харків"
  },
  {
    "number": 59000454884297,
    "dateTime": {
      "date": {
        "year": 2019,
        "month": 10,
        "day": 15
      },
      "time": {
        "hour": 9,
        "minute": 3,
        "second": 38,
        "nano": 0
      }
    },
    "citySender": "Чернігів",
    "cityRecipient": "Київ"
  },
  {
    "number": 59000454884298,
    "dateTime": {
      "date": {
        "year": 2019,
        "month": 10,
        "day": 15
      },
      "time": {
        "hour": 9,
        "minute": 3,
        "second": 20,
        "nano": 0
      }
    },
    "citySender": "Рокитне (Київська обл., Рокитнянський р-н)",
    "cityRecipient": "Київ"
  },
  {
    "number": 59000454884299,
    "dateTime": {
      "date": {
        "year": 2019,
        "month": 10,
        "day": 15
      },
      "time": {
        "hour": 9,
        "minute": 3,
        "second": 35,
        "nano": 0
      }
    },
    "citySender": "Ічня",
    "cityRecipient": "Харків"
  },
  {
    "number": 59000454884300,
    "dateTime": {
      "date": {
        "year": 2019,
        "month": 10,
        "day": 15
      },
      "time": {
        "hour": 9,
        "minute": 3,
        "second": 29,
        "nano": 0
      }
    },
    "citySender": "Ладижин",
    "cityRecipient": "Станіславчик"
  },
  {
    "number": 59000454884301,
    "dateTime": {
      "date": {
        "year": 2019,
        "month": 10,
        "day": 15
      },
      "time": {
        "hour": 9,
        "minute": 3,
        "second": 44,
        "nano": 0
      }
    },
    "citySender": "Мала Дівиця",
    "cityRecipient": "Сатанів"
  },
  {
    "number": 59000454884302,
    "dateTime": {
      "date": {
        "year": 2019,
        "month": 10,
        "day": 15
      },
      "time": {
        "hour": 9,
        "minute": 3,
        "second": 41,
        "nano": 0
      }
    },
    "citySender": "Ірпінь",
    "cityRecipient": "Київ"
  },
  {
    "number": 59000454884303,
    "dateTime": {
      "date": {
        "year": 2019,
        "month": 10,
        "day": 15
      },
      "time": {
        "hour": 9,
        "minute": 3,
        "second": 40,
        "nano": 0
      }
    },
    "citySender": "Солоне",
    "cityRecipient": "Кам\u0027янець-Подільський"
  },
  {
    "number": 59000454884304,
    "dateTime": {
      "date": {
        "year": 2019,
        "month": 10,
        "day": 15
      },
      "time": {
        "hour": 9,
        "minute": 3,
        "second": 49,
        "nano": 0
      }
    },
    "citySender": "Кривий Ріг",
    "cityRecipient": "Сквира"
  },
  {
    "number": 59000454884305,
    "dateTime": {
      "date": {
        "year": 2019,
        "month": 10,
        "day": 15
      },
      "time": {
        "hour": 9,
        "minute": 3,
        "second": 19,
        "nano": 0
      }
    },
    "citySender": "Зелений Під",
    "cityRecipient": "Володимирець"
  },
  {
    "number": 59000454884306,
    "dateTime": {
      "date": {
        "year": 2019,
        "month": 10,
        "day": 15
      },
      "time": {
        "hour": 9,
        "minute": 3,
        "second": 46,
        "nano": 0
      }
    },
    "citySender": "Маріуполь",
    "cityRecipient": "Суми"
  },
  {
    "number": 59000454884307,
    "dateTime": {
      "date": {
        "year": 2019,
        "month": 10,
        "day": 15
      },
      "time": {
        "hour": 9,
        "minute": 3,
        "second": 13,
        "nano": 0
      }
    },
    "citySender": "Пісочин",
    "cityRecipient": "Львів"
  },
  {
    "number": 59000454884308,
    "dateTime": {
      "date": {
        "year": 2019,
        "month": 10,
        "day": 15
      },
      "time": {
        "hour": 9,
        "minute": 3,
        "second": 40,
        "nano": 0
      }
    },
    "citySender": "Кропивницький",
    "cityRecipient": "Миколаїв"
  },
  {
    "number": 59000454884309,
    "dateTime": {
      "date": {
        "year": 2019,
        "month": 10,
        "day": 15
      },
      "time": {
        "hour": 9,
        "minute": 3,
        "second": 57,
        "nano": 0
      }
    },
    "citySender": "Одеса",
    "cityRecipient": "Авангард"
  },
  {
    "number": 59000454884310,
    "dateTime": {
      "date": {
        "year": 2019,
        "month": 10,
        "day": 15
      },
      "time": {
        "hour": 9,
        "minute": 3,
        "second": 57,
        "nano": 0
      }
    },
    "citySender": "Житомир",
    "cityRecipient": "Харків"
  },
  {
    "number": 59000454884311,
    "dateTime": {
      "date": {
        "year": 2019,
        "month": 10,
        "day": 15
      },
      "time": {
        "hour": 9,
        "minute": 3,
        "second": 18,
        "nano": 0
      }
    },
    "citySender": "Миколаїв",
    "cityRecipient": "Херсон"
  },
  {
    "number": 59000454884312,
    "dateTime": {
      "date": {
        "year": 2019,
        "month": 10,
        "day": 15
      },
      "time": {
        "hour": 9,
        "minute": 3,
        "second": 17,
        "nano": 0
      }
    },
    "citySender": "Лохвиця",
    "cityRecipient": "Київ"
  },
  {
    "number": 59000454884313,
    "dateTime": {
      "date": {
        "year": 2019,
        "month": 10,
        "day": 15
      },
      "time": {
        "hour": 9,
        "minute": 3,
        "second": 53,
        "nano": 0
      }
    },
    "citySender": "Київ",
    "cityRecipient": "Київ"
  },
  {
    "number": 59000454884314,
    "dateTime": {
      "date": {
        "year": 2019,
        "month": 10,
        "day": 15
      },
      "time": {
        "hour": 9,
        "minute": 3,
        "second": 23,
        "nano": 0
      }
    },
    "citySender": "Харків",
    "cityRecipient": "Київ"
  },
  {
    "number": 59000454884316,
    "dateTime": {
      "date": {
        "year": 2019,
        "month": 10,
        "day": 15
      },
      "time": {
        "hour": 9,
        "minute": 3,
        "second": 43,
        "nano": 0
      }
    },
    "citySender": "Мілове",
    "cityRecipient": "Ковель"
  },
  {
    "number": 59000454884317,
    "dateTime": {
      "date": {
        "year": 2019,
        "month": 10,
        "day": 15
      },
      "time": {
        "hour": 9,
        "minute": 3,
        "second": 54,
        "nano": 0
      }
    },
    "citySender": "Бровари",
    "cityRecipient": "Виноградів"
  },
  {
    "number": 59000454884318,
    "dateTime": {
      "date": {
        "year": 2019,
        "month": 10,
        "day": 15
      },
      "time": {
        "hour": 9,
        "minute": 3,
        "second": 59,
        "nano": 0
      }
    },
    "citySender": "Вінниця",
    "cityRecipient": "Вінниця"
  },
  {
    "number": 59000454884319,
    "dateTime": {
      "date": {
        "year": 2019,
        "month": 10,
        "day": 15
      },
      "time": {
        "hour": 9,
        "minute": 3,
        "second": 11,
        "nano": 0
      }
    },
    "citySender": "Київ",
    "cityRecipient": "Романів"
  },
  {
    "number": 59000454884320,
    "dateTime": {
      "date": {
        "year": 2019,
        "month": 10,
        "day": 15
      },
      "time": {
        "hour": 9,
        "minute": 3,
        "second": 37,
        "nano": 0
      }
    },
    "citySender": "Сміла",
    "cityRecipient": "Харків"
  },
  {
    "number": 59000454884321,
    "dateTime": {
      "date": {
        "year": 2019,
        "month": 10,
        "day": 15
      },
      "time": {
        "hour": 9,
        "minute": 3,
        "second": 59,
        "nano": 0
      }
    },
    "citySender": "Полігон",
    "cityRecipient": "Одеса"
  },
  {
    "number": 59000454884322,
    "dateTime": {
      "date": {
        "year": 2019,
        "month": 10,
        "day": 15
      },
      "time": {
        "hour": 9,
        "minute": 3,
        "second": 39,
        "nano": 0
      }
    },
    "citySender": "Одеса",
    "cityRecipient": "Дмитрівка (Дніпропетровська обл.)"
  },
  {
    "number": 59000454884323,
    "dateTime": {
      "date": {
        "year": 2019,
        "month": 10,
        "day": 15
      },
      "time": {
        "hour": 9,
        "minute": 3,
        "second": 18,
        "nano": 0
      }
    },
    "citySender": "Бахмут",
    "cityRecipient": "Маріуполь"
  },
  {
    "number": 59000454884324,
    "dateTime": {
      "date": {
        "year": 2019,
        "month": 10,
        "day": 15
      },
      "time": {
        "hour": 9,
        "minute": 3,
        "second": 51,
        "nano": 0
      }
    },
    "citySender": "Житомир",
    "cityRecipient": "Миколаїв"
  },
  {
    "number": 59000454884325,
    "dateTime": {
      "date": {
        "year": 2019,
        "month": 10,
        "day": 15
      },
      "time": {
        "hour": 9,
        "minute": 3,
        "second": 12,
        "nano": 0
      }
    },
    "citySender": "Львів",
    "cityRecipient": "Київ"
  },
  {
    "number": 59000454884326,
    "dateTime": {
      "date": {
        "year": 2019,
        "month": 10,
        "day": 15
      },
      "time": {
        "hour": 9,
        "minute": 3,
        "second": 30,
        "nano": 0
      }
    },
    "citySender": "Васильків",
    "cityRecipient": "Київ"
  },
  {
    "number": 59000454884327,
    "dateTime": {
      "date": {
        "year": 2019,
        "month": 10,
        "day": 15
      },
      "time": {
        "hour": 9,
        "minute": 3,
        "second": 42,
        "nano": 0
      }
    },
    "citySender": "Чернігів",
    "cityRecipient": "Мелітополь"
  },
  {
    "number": 59000454884328,
    "dateTime": {
      "date": {
        "year": 2019,
        "month": 10,
        "day": 15
      },
      "time": {
        "hour": 9,
        "minute": 3,
        "second": 37,
        "nano": 0
      }
    },
    "citySender": "Цибулів",
    "cityRecipient": "Харків"
  },
  {
    "number": 59000454884329,
    "dateTime": {
      "date": {
        "year": 2019,
        "month": 10,
        "day": 15
      },
      "time": {
        "hour": 9,
        "minute": 3,
        "second": 40,
        "nano": 0
      }
    },
    "citySender": "Миколаїв",
    "cityRecipient": "Вінниця"
  },
  {
    "number": 59000454884330,
    "dateTime": {
      "date": {
        "year": 2019,
        "month": 10,
        "day": 15
      },
      "time": {
        "hour": 9,
        "minute": 3,
        "second": 18,
        "nano": 0
      }
    },
    "citySender": "Рівне",
    "cityRecipient": "Балки (Вінницька обл.)"
  },
  {
    "number": 59000454884331,
    "dateTime": {
      "date": {
        "year": 2019,
        "month": 10,
        "day": 15
      },
      "time": {
        "hour": 9,
        "minute": 3,
        "second": 43,
        "nano": 0
      }
    },
    "citySender": "Чернівці",
    "cityRecipient": "Тернівка"
  },
  {
    "number": 59000454884332,
    "dateTime": {
      "date": {
        "year": 2019,
        "month": 10,
        "day": 15
      },
      "time": {
        "hour": 9,
        "minute": 3,
        "second": 47,
        "nano": 0
      }
    },
    "citySender": "Харків",
    "cityRecipient": "Нікополь (Дніпропетровська обл.)"
  },
  {
    "number": 59000454884333,
    "dateTime": {
      "date": {
        "year": 2019,
        "month": 10,
        "day": 15
      },
      "time": {
        "hour": 9,
        "minute": 2,
        "second": 54,
        "nano": 0
      }
    },
    "citySender": "Костянтинівка (Донецька обл.)",
    "cityRecipient": "Київ"
  },
  {
    "number": 59000454884334,
    "dateTime": {
      "date": {
        "year": 2019,
        "month": 10,
        "day": 15
      },
      "time": {
        "hour": 9,
        "minute": 3,
        "second": 51,
        "nano": 0
      }
    },
    "citySender": "Одеса",
    "cityRecipient": "Івано-Франківськ"
  },
  {
    "number": 59000454884335,
    "dateTime": {
      "date": {
        "year": 2019,
        "month": 10,
        "day": 15
      },
      "time": {
        "hour": 9,
        "minute": 4,
        "second": 1,
        "nano": 0
      }
    },
    "citySender": "Черкаси",
    "cityRecipient": "Черкаси"
  },
  {
    "number": 59000454884336,
    "dateTime": {
      "date": {
        "year": 2019,
        "month": 10,
        "day": 15
      },
      "time": {
        "hour": 9,
        "minute": 3,
        "second": 57,
        "nano": 0
      }
    },
    "citySender": "Городок (Хмельницька обл.)",
    "cityRecipient": "Харків"
  },
  {
    "number": 59000454884337,
    "dateTime": {
      "date": {
        "year": 2019,
        "month": 10,
        "day": 15
      },
      "time": {
        "hour": 9,
        "minute": 2,
        "second": 37,
        "nano": 0
      }
    },
    "citySender": "Кривий Ріг",
    "cityRecipient": "Одеса"
  },
  {
    "number": 59000454884338,
    "dateTime": {
      "date": {
        "year": 2019,
        "month": 10,
        "day": 15
      },
      "time": {
        "hour": 9,
        "minute": 3,
        "second": 13,
        "nano": 0
      }
    },
    "citySender": "Харків",
    "cityRecipient": "Запоріжжя"
  },
  {
    "number": 59000454884339,
    "dateTime": {
      "date": {
        "year": 2019,
        "month": 10,
        "day": 15
      },
      "time": {
        "hour": 9,
        "minute": 3,
        "second": 46,
        "nano": 0
      }
    },
    "citySender": "Павлоград",
    "cityRecipient": "Коростень"
  },
  {
    "number": 59000454884340,
    "dateTime": {
      "date": {
        "year": 2019,
        "month": 10,
        "day": 15
      },
      "time": {
        "hour": 9,
        "minute": 3,
        "second": 31,
        "nano": 0
      }
    },
    "citySender": "Вишнівець",
    "cityRecipient": "Київ"
  },
  {
    "number": 59000454884341,
    "dateTime": {
      "date": {
        "year": 2019,
        "month": 10,
        "day": 15
      },
      "time": {
        "hour": 9,
        "minute": 3,
        "second": 20,
        "nano": 0
      }
    },
    "citySender": "Ужгород",
    "cityRecipient": "Одеса"
  },
  {
    "number": 59000454884342,
    "dateTime": {
      "date": {
        "year": 2019,
        "month": 10,
        "day": 15
      },
      "time": {
        "hour": 9,
        "minute": 2,
        "second": 22,
        "nano": 0
      }
    },
    "citySender": "Новомосковськ",
    "cityRecipient": "Царичанка"
  },
  {
    "number": 59000454884343,
    "dateTime": {
      "date": {
        "year": 2019,
        "month": 10,
        "day": 15
      },
      "time": {
        "hour": 9,
        "minute": 4,
        "second": 2,
        "nano": 0
      }
    },
    "citySender": "Суми",
    "cityRecipient": "Івано-Франківськ"
  }
]