[
  {
    "number": 59000454876256,
    "dateTime": {
      "date": {
        "year": 2019,
        "month": 10,
        "day": 15
      },
      "time": {
        "hour": 7,
        "minute": 56,
        "second": 28,
        "nano": 0
      }
    },
    "citySender": "Київ",
    "cityRecipient": "Тальне"
  },
  {
    "number": 59000454876257,
    "dateTime": {
      "date": {
        "year": 2019,
        "month": 10,
        "day": 15
      },
      "time": {
        "hour": 7,
        "minute": 56,
        "second": 59,
        "nano": 0
      }
    },
    "citySender": "Дніпро",
    "cityRecipient": "Дачне"
  },
  {
    "number": 59000454876258,
    "dateTime": {
      "date": {
        "year": 2019,
        "month": 10,
        "day": 15
      },
      "time": {
        "hour": 7,
        "minute": 56,
        "second": 32,
        "nano": 0
      }
    },
    "citySender": "Шаргород (Вінницька обл.)",
    "cityRecipient": "Бориспіль"
  },
  {
    "number": 59000454876259,
    "dateTime": {
      "date": {
        "year": 2019,
        "month": 10,
        "day": 15
      },
      "time": {
        "hour": 7,
        "minute": 57,
        "second": 6,
        "nano": 0
      }
    },
    "citySender": "Братське",
    "cityRecipient": "Київ"
  },
  {
    "number": 59000454876260,
    "dateTime": {
      "date": {
        "year": 2019,
        "month": 10,
        "day": 15
      },
      "time": {
        "hour": 7,
        "minute": 57,
        "second": 10,
        "nano": 0
      }
    },
    "citySender": "Велика Білозерка",
    "cityRecipient": "Старий Остропіль"
  },
  {
    "number": 59000454876261,
    "dateTime": {
      "date": {
        "year": 2019,
        "month": 10,
        "day": 15
      },
      "time": {
        "hour": 7,
        "minute": 57,
        "second": 11,
        "nano": 0
      }
    },
    "citySender": "Дніпро",
    "cityRecipient": "Золочів (Львівська обл.)"
  },
  {
    "number": 59000454876262,
    "dateTime": {
      "date": {
        "year": 2019,
        "month": 10,
        "day": 15
      },
      "time": {
        "hour": 7,
        "minute": 57,
        "second": 13,
        "nano": 0
      }
    },
    "citySender": "Дніпро",
    "cityRecipient": "Харків"
  },
  {
    "number": 59000454876263,
    "dateTime": {
      "date": {
        "year": 2019,
        "month": 10,
        "day": 15
      },
      "time": {
        "hour": 7,
        "minute": 57,
        "second": 16,
        "nano": 0
      }
    },
    "citySender": "Київ",
    "cityRecipient": "Харків"
  },
  {
    "number": 59000454876264,
    "dateTime": {
      "date": {
        "year": 2019,
        "month": 10,
        "day": 15
      },
      "time": {
        "hour": 7,
        "minute": 56,
        "second": 39,
        "nano": 0
      }
    },
    "citySender": "Тернопіль",
    "cityRecipient": "Калуш"
  },
  {
    "number": 59000454876265,
    "dateTime": {
      "date": {
        "year": 2019,
        "month": 10,
        "day": 15
      },
      "time": {
        "hour": 7,
        "minute": 57,
        "second": 23,
        "nano": 0
      }
    },
    "citySender": "Олександрівка (смт.Кіровог.обл.райц)",
    "cityRecipient": "Одеса"
  },
  {
    "number": 59000454876266,
    "dateTime": {
      "date": {
        "year": 2019,
        "month": 10,
        "day": 15
      },
      "time": {
        "hour": 7,
        "minute": 57,
        "second": 23,
        "nano": 0
      }
    },
    "citySender": "Харків",
    "cityRecipient": "Миколаїв"
  },
  {
    "number": 59000454876267,
    "dateTime": {
      "date": {
        "year": 2019,
        "month": 10,
        "day": 15
      },
      "time": {
        "hour": 7,
        "minute": 57,
        "second": 10,
        "nano": 0
      }
    },
    "citySender": "Бережани (Тернопільська обл.)",
    "cityRecipient": "Луцьк"
  },
  {
    "number": 59000454876268,
    "dateTime": {
      "date": {
        "year": 2019,
        "month": 10,
        "day": 15
      },
      "time": {
        "hour": 7,
        "minute": 57,
        "second": 25,
        "nano": 0
      }
    },
    "citySender": "Недригайлів (Сумська обл.)",
    "cityRecipient": "Харків"
  },
  {
    "number": 59000454876269,
    "dateTime": {
      "date": {
        "year": 2019,
        "month": 10,
        "day": 15
      },
      "time": {
        "hour": 7,
        "minute": 57,
        "second": 29,
        "nano": 0
      }
    },
    "citySender": "Шпола",
    "cityRecipient": "Київ"
  },
  {
    "number": 59000454876270,
    "dateTime": {
      "date": {
        "year": 2019,
        "month": 10,
        "day": 15
      },
      "time": {
        "hour": 7,
        "minute": 57,
        "second": 29,
        "nano": 0
      }
    },
    "citySender": "Благовіщенське(Кіровоградська обл.)",
    "cityRecipient": "Умань"
  },
  {
    "number": 59000454876271,
    "dateTime": {
      "date": {
        "year": 2019,
        "month": 10,
        "day": 15
      },
      "time": {
        "hour": 7,
        "minute": 57,
        "second": 32,
        "nano": 0
      }
    },
    "citySender": "Дніпро",
    "cityRecipient": "Запоріжжя"
  },
  {
    "number": 59000454876272,
    "dateTime": {
      "date": {
        "year": 2019,
        "month": 10,
        "day": 15
      },
      "time": {
        "hour": 7,
        "minute": 57,
        "second": 35,
        "nano": 0
      }
    },
    "citySender": "Харків",
    "cityRecipient": "Харків"
  },
  {
    "number": 59000454876273,
    "dateTime": {
      "date": {
        "year": 2019,
        "month": 10,
        "day": 15
      },
      "time": {
        "hour": 7,
        "minute": 57,
        "second": 39,
        "nano": 0
      }
    },
    "citySender": "Дніпро",
    "cityRecipient": "Токмак"
  },
  {
    "number": 59000454876274,
    "dateTime": {
      "date": {
        "year": 2019,
        "month": 10,
        "day": 15
      },
      "time": {
        "hour": 7,
        "minute": 57,
        "second": 46,
        "nano": 0
      }
    },
    "citySender": "Дніпро",
    "cityRecipient": "Харків"
  },
  {
    "number": 59000454876279,
    "dateTime": {
      "date": {
        "year": 2019,
        "month": 10,
        "day": 15
      },
      "time": {
        "hour": 7,
        "minute": 57,
        "second": 47,
        "nano": 0
      }
    },
    "citySender": "Львів",
    "cityRecipient": "Львів"
  },
  {
    "number": 59000454876280,
    "dateTime": {
      "date": {
        "year": 2019,
        "month": 10,
        "day": 15
      },
      "time": {
        "hour": 7,
        "minute": 57,
        "second": 44,
        "nano": 0
      }
    },
    "citySender": "Харків",
    "cityRecipient": "Первомайський (Харківська обл.)"
  },
  {
    "number": 59000454876281,
    "dateTime": {
      "date": {
        "year": 2019,
        "month": 10,
        "day": 15
      },
      "time": {
        "hour": 7,
        "minute": 57,
        "second": 48,
        "nano": 0
      }
    },
    "citySender": "Київ",
    "cityRecipient": "Київ"
  },
  {
    "number": 59000454876282,
    "dateTime": {
      "date": {
        "year": 2019,
        "month": 10,
        "day": 15
      },
      "time": {
        "hour": 7,
        "minute": 57,
        "second": 49,
        "nano": 0
      }
    },
    "citySender": "Балки (Запорізька обл.)",
    "cityRecipient": "Запоріжжя"
  },
  {
    "number": 59000454876283,
    "dateTime": {
      "date": {
        "year": 2019,
        "month": 10,
        "day": 15
      },
      "time": {
        "hour": 7,
        "minute": 57,
        "second": 51,
        "nano": 0
      }
    },
    "citySender": "Дніпро",
    "cityRecipient": "Овідіополь"
  },
  {
    "number": 59000454876284,
    "dateTime": {
      "date": {
        "year": 2019,
        "month": 10,
        "day": 15
      },
      "time": {
        "hour": 7,
        "minute": 57,
        "second": 55,
        "nano": 0
      }
    },
    "citySender": "Харків",
    "cityRecipient": "Бровари"
  },
  {
    "number": 59000454876285,
    "dateTime": {
      "date": {
        "year": 2019,
        "month": 10,
        "day": 15
      },
      "time": {
        "hour": 7,
        "minute": 57,
        "second": 56,
        "nano": 0
      }
    },
    "citySender": "Авдіївка (Донецька обл.)",
    "cityRecipient": "Харків"
  },
  {
    "number": 59000454876286,
    "dateTime": {
      "date": {
        "year": 2019,
        "month": 10,
        "day": 15
      },
      "time": {
        "hour": 7,
        "minute": 57,
        "second": 53,
        "nano": 0
      }
    },
    "citySender": "Київ",
    "cityRecipient": "Київ"
  },
  {
    "number": 59000454876287,
    "dateTime": {
      "date": {
        "year": 2019,
        "month": 10,
        "day": 15
      },
      "time": {
        "hour": 7,
        "minute": 57,
        "second": 48,
        "nano": 0
      }
    },
    "citySender": "Бережани (Тернопільська обл.)",
    "cityRecipient": "Хмельницький"
  },
  {
    "number": 59000454876288,
    "dateTime": {
      "date": {
        "year": 2019,
        "month": 10,
        "day": 15
      },
      "time": {
        "hour": 7,
        "minute": 58,
        "second": 4,
        "nano": 0
      }
    },
    "citySender": "Дніпро",
    "cityRecipient": "Київ"
  },
  {
    "number": 59000454876289,
    "dateTime": {
      "date": {
        "year": 2019,
        "month": 10,
        "day": 15
      },
      "time": {
        "hour": 7,
        "minute": 58,
        "second": 0,
        "nano": 0
      }
    },
    "citySender": "Красилів",
    "cityRecipient": "Квасилів (Рівненська обл.)"
  },
  {
    "number": 59000454876290,
    "dateTime": {
      "date": {
        "year": 2019,
        "month": 10,
        "day": 15
      },
      "time": {
        "hour": 7,
        "minute": 58,
        "second": 5,
        "nano": 0
      }
    },
    "citySender": "Харків",
    "cityRecipient": "Київ"
  },
  {
    "number": 59000454876291,
    "dateTime": {
      "date": {
        "year": 2019,
        "month": 10,
        "day": 15
      },
      "time": {
        "hour": 7,
        "minute": 58,
        "second": 5,
        "nano": 0
      }
    },
    "citySender": "Львів",
    "cityRecipient": "Київ"
  },
  {
    "number": 59000454876292,
    "dateTime": {
      "date": {
        "year": 2019,
        "month": 10,
        "day": 15
      },
      "time": {
        "hour": 7,
        "minute": 57,
        "second": 49,
        "nano": 0
      }
    },
    "citySender": "Тернопіль",
    "cityRecipient": "Новоград-Волинський"
  },
  {
    "number": 59000454876293,
    "dateTime": {
      "date": {
        "year": 2019,
        "month": 10,
        "day": 15
      },
      "time": {
        "hour": 7,
        "minute": 58,
        "second": 7,
        "nano": 0
      }
    },
    "citySender": "Олександрівка (смт.Кіровог.обл.райц)",
    "cityRecipient": "Суми"
  },
  {
    "number": 59000454876295,
    "dateTime": {
      "date": {
        "year": 2019,
        "month": 10,
        "day": 15
      },
      "time": {
        "hour": 7,
        "minute": 58,
        "second": 8,
        "nano": 0
      }
    },
    "citySender": "Хотин",
    "cityRecipient": "Хотінь"
  },
  {
    "number": 59000454876296,
    "dateTime": {
      "date": {
        "year": 2019,
        "month": 10,
        "day": 15
      },
      "time": {
        "hour": 7,
        "minute": 57,
        "second": 51,
        "nano": 0
      }
    },
    "citySender": "Київ",
    "cityRecipient": "Дніпро"
  },
  {
    "number": 59000454876297,
    "dateTime": {
      "date": {
        "year": 2019,
        "month": 10,
        "day": 15
      },
      "time": {
        "hour": 7,
        "minute": 58,
        "second": 14,
        "nano": 0
      }
    },
    "citySender": "Львів",
    "cityRecipient": "Львів"
  },
  {
    "number": 59000454876298,
    "dateTime": {
      "date": {
        "year": 2019,
        "month": 10,
        "day": 15
      },
      "time": {
        "hour": 7,
        "minute": 58,
        "second": 19,
        "nano": 0
      }
    },
    "citySender": "Долина",
    "cityRecipient": "Івано-Франківськ"
  },
  {
    "number": 59000454876299,
    "dateTime": {
      "date": {
        "year": 2019,
        "month": 10,
        "day": 15
      },
      "time": {
        "hour": 7,
        "minute": 58,
        "second": 10,
        "nano": 0
      }
    },
    "citySender": "Львів",
    "cityRecipient": "Новопавлівка(Межівський р-н)"
  },
  {
    "number": 59000454876300,
    "dateTime": {
      "date": {
        "year": 2019,
        "month": 10,
        "day": 15
      },
      "time": {
        "hour": 7,
        "minute": 58,
        "second": 20,
        "nano": 0
      }
    },
    "citySender": "Дніпро",
    "cityRecipient": "Київ"
  },
  {
    "number": 59000454876301,
    "dateTime": {
      "date": {
        "year": 2019,
        "month": 10,
        "day": 15
      },
      "time": {
        "hour": 7,
        "minute": 58,
        "second": 0,
        "nano": 0
      }
    },
    "citySender": "Теофіполь",
    "cityRecipient": "Кам\u0027янське(Дніпропетровська обл)"
  },
  {
    "number": 59000454876302,
    "dateTime": {
      "date": {
        "year": 2019,
        "month": 10,
        "day": 15
      },
      "time": {
        "hour": 7,
        "minute": 58,
        "second": 25,
        "nano": 0
      }
    },
    "citySender": "Красилів",
    "cityRecipient": "Луцьк"
  },
  {
    "number": 59000454876303,
    "dateTime": {
      "date": {
        "year": 2019,
        "month": 10,
        "day": 15
      },
      "time": {
        "hour": 7,
        "minute": 58,
        "second": 32,
        "nano": 0
      }
    },
    "citySender": "Львів",
    "cityRecipient": "Одеса"
  },
  {
    "number": 59000454876304,
    "dateTime": {
      "date": {
        "year": 2019,
        "month": 10,
        "day": 15
      },
      "time": {
        "hour": 7,
        "minute": 58,
        "second": 35,
        "nano": 0
      }
    },
    "citySender": "Харків",
    "cityRecipient": "Одеса"
  },
  {
    "number": 59000454876305,
    "dateTime": {
      "date": {
        "year": 2019,
        "month": 10,
        "day": 15
      },
      "time": {
        "hour": 7,
        "minute": 58,
        "second": 35,
        "nano": 0
      }
    },
    "citySender": "Олександрівка (смт.Кіровог.обл.райц)",
    "cityRecipient": "Суми"
  },
  {
    "number": 59000454876306,
    "dateTime": {
      "date": {
        "year": 2019,
        "month": 10,
        "day": 15
      },
      "time": {
        "hour": 7,
        "minute": 57,
        "second": 40,
        "nano": 0
      }
    },
    "citySender": "Бершадь",
    "cityRecipient": "Херсон"
  },
  {
    "number": 59000454876307,
    "dateTime": {
      "date": {
        "year": 2019,
        "month": 10,
        "day": 15
      },
      "time": {
        "hour": 7,
        "minute": 58,
        "second": 22,
        "nano": 0
      }
    },
    "citySender": "Бережани (Тернопільська обл.)",
    "cityRecipient": "Чернігів"
  },
  {
    "number": 59000454876308,
    "dateTime": {
      "date": {
        "year": 2019,
        "month": 10,
        "day": 15
      },
      "time": {
        "hour": 7,
        "minute": 58,
        "second": 38,
        "nano": 0
      }
    },
    "citySender": "Щастя",
    "cityRecipient": "Борислав (Львівська обл.)"
  },
  {
    "number": 59000454876309,
    "dateTime": {
      "date": {
        "year": 2019,
        "month": 10,
        "day": 15
      },
      "time": {
        "hour": 7,
        "minute": 58,
        "second": 39,
        "nano": 0
      }
    },
    "citySender": "Дніпро",
    "cityRecipient": "Одеса"
  },
  {
    "number": 59000454876310,
    "dateTime": {
      "date": {
        "year": 2019,
        "month": 10,
        "day": 15
      },
      "time": {
        "hour": 7,
        "minute": 58,
        "second": 39,
        "nano": 0
      }
    },
    "citySender": "Львів",
    "cityRecipient": "Львів"
  },
  {
    "number": 59000454876311,
    "dateTime": {
      "date": {
        "year": 2019,
        "month": 10,
        "day": 15
      },
      "time": {
        "hour": 7,
        "minute": 58,
        "second": 42,
        "nano": 0
      }
    },
    "citySender": "Львів",
    "cityRecipient": "Суми"
  },
  {
    "number": 59000454876312,
    "dateTime": {
      "date": {
        "year": 2019,
        "month": 10,
        "day": 15
      },
      "time": {
        "hour": 7,
        "minute": 58,
        "second": 44,
        "nano": 0
      }
    },
    "citySender": "Балки (Запорізька обл.)",
    "cityRecipient": "Запоріжжя"
  },
  {
    "number": 59000454876313,
    "dateTime": {
      "date": {
        "year": 2019,
        "month": 10,
        "day": 15
      },
      "time": {
        "hour": 7,
        "minute": 58,
        "second": 47,
        "nano": 0
      }
    },
    "citySender": "Красноріченське",
    "cityRecipient": "Київ"
  },
  {
    "number": 59000454876314,
    "dateTime": {
      "date": {
        "year": 2019,
        "month": 10,
        "day": 15
      },
      "time": {
        "hour": 7,
        "minute": 58,
        "second": 48,
        "nano": 0
      }
    },
    "citySender": "Братське",
    "cityRecipient": "Київ"
  },
  {
    "number": 59000454876315,
    "dateTime": {
      "date": {
        "year": 2019,
        "month": 10,
        "day": 15
      },
      "time": {
        "hour": 7,
        "minute": 58,
        "second": 50,
        "nano": 0
      }
    },
    "citySender": "Київ",
    "cityRecipient": "Київ"
  },
  {
    "number": 59000454876316,
    "dateTime": {
      "date": {
        "year": 2019,
        "month": 10,
        "day": 15
      },
      "time": {
        "hour": 7,
        "minute": 58,
        "second": 51,
        "nano": 0
      }
    },
    "citySender": "Дніпро",
    "cityRecipient": "Київ"
  },
  {
    "number": 59000454876317,
    "dateTime": {
      "date": {
        "year": 2019,
        "month": 10,
        "day": 15
      },
      "time": {
        "hour": 7,
        "minute": 58,
        "second": 55,
        "nano": 0
      }
    },
    "citySender": "Шпола",
    "cityRecipient": "Київ"
  },
  {
    "number": 59000454876318,
    "dateTime": {
      "date": {
        "year": 2019,
        "month": 10,
        "day": 15
      },
      "time": {
        "hour": 7,
        "minute": 58,
        "second": 15,
        "nano": 0
      }
    },
    "citySender": "Кегичівка",
    "cityRecipient": "Запоріжжя"
  },
  {
    "number": 59000454876319,
    "dateTime": {
      "date": {
        "year": 2019,
        "month": 10,
        "day": 15
      },
      "time": {
        "hour": 7,
        "minute": 58,
        "second": 56,
        "nano": 0
      }
    },
    "citySender": "Новий Розділ",
    "cityRecipient": "Мостиська"
  },
  {
    "number": 59000454876320,
    "dateTime": {
      "date": {
        "year": 2019,
        "month": 10,
        "day": 15
      },
      "time": {
        "hour": 7,
        "minute": 58,
        "second": 57,
        "nano": 0
      }
    },
    "citySender": "Олександрівка (смт.Кіровог.обл.райц)",
    "cityRecipient": "Олешки(Херсонська обл)"
  },
  {
    "number": 59000454876321,
    "dateTime": {
      "date": {
        "year": 2019,
        "month": 10,
        "day": 15
      },
      "time": {
        "hour": 7,
        "minute": 58,
        "second": 57,
        "nano": 0
      }
    },
    "citySender": "Велика Білозерка",
    "cityRecipient": "Одеса"
  },
  {
    "number": 59000454876322,
    "dateTime": {
      "date": {
        "year": 2019,
        "month": 10,
        "day": 15
      },
      "time": {
        "hour": 7,
        "minute": 58,
        "second": 52,
        "nano": 0
      }
    },
    "citySender": "Новий Розділ",
    "cityRecipient": "Одеса"
  },
  {
    "number": 59000454876323,
    "dateTime": {
      "date": {
        "year": 2019,
        "month": 10,
        "day": 15
      },
      "time": {
        "hour": 7,
        "minute": 58,
        "second": 55,
        "nano": 0
      }
    },
    "citySender": "Харків",
    "cityRecipient": "Київ"
  },
  {
    "number": 59000454876324,
    "dateTime": {
      "date": {
        "year": 2019,
        "month": 10,
        "day": 15
      },
      "time": {
        "hour": 7,
        "minute": 59,
        "second": 2,
        "nano": 0
      }
    },
    "citySender": "Лебедин (Сумська обл.)",
    "cityRecipient": "Луцьк"
  },
  {
    "number": 59000454876325,
    "dateTime": {
      "date": {
        "year": 2019,
        "month": 10,
        "day": 15
      },
      "time": {
        "hour": 7,
        "minute": 59,
        "second": 3,
        "nano": 0
      }
    },
    "citySender": "Дніпро",
    "cityRecipient": "Одеса"
  },
  {
    "number": 59000454876326,
    "dateTime": {
      "date": {
        "year": 2019,
        "month": 10,
        "day": 15
      },
      "time": {
        "hour": 7,
        "minute": 59,
        "second": 6,
        "nano": 0
      }
    },
    "citySender": "Київ",
    "cityRecipient": "Київ"
  },
  {
    "number": 59000454876327,
    "dateTime": {
      "date": {
        "year": 2019,
        "month": 10,
        "day": 15
      },
      "time": {
        "hour": 7,
        "minute": 59,
        "second": 7,
        "nano": 0
      }
    },
    "citySender": "Львів",
    "cityRecipient": "Львів"
  },
  {
    "number": 59000454876329,
    "dateTime": {
      "date": {
        "year": 2019,
        "month": 10,
        "day": 15
      },
      "time": {
        "hour": 7,
        "minute": 58,
        "second": 46,
        "nano": 0
      }
    },
    "citySender": "Тернопіль",
    "cityRecipient": "Новоград-Волинський"
  },
  {
    "number": 59000454876330,
    "dateTime": {
      "date": {
        "year": 2019,
        "month": 10,
        "day": 15
      },
      "time": {
        "hour": 7,
        "minute": 59,
        "second": 11,
        "nano": 0
      }
    },
    "citySender": "Канів",
    "cityRecipient": "Дніпро"
  },
  {
    "number": 59000454876331,
    "dateTime": {
      "date": {
        "year": 2019,
        "month": 10,
        "day": 15
      },
      "time": {
        "hour": 7,
        "minute": 59,
        "second": 13,
        "nano": 0
      }
    },
    "citySender": "Татарбунари",
    "cityRecipient": "Авангард"
  },
  {
    "number": 59000454876332,
    "dateTime": {
      "date": {
        "year": 2019,
        "month": 10,
        "day": 15
      },
      "time": {
        "hour": 7,
        "minute": 59,
        "second": 15,
        "nano": 0
      }
    },
    "citySender": "Олександрівка (смт.Кіровог.обл.райц)",
    "cityRecipient": "Одеса"
  },
  {
    "number": 59000454876333,
    "dateTime": {
      "date": {
        "year": 2019,
        "month": 10,
        "day": 15
      },
      "time": {
        "hour": 7,
        "minute": 59,
        "second": 16,
        "nano": 0
      }
    },
    "citySender": "Харків",
    "cityRecipient": "Ужгород"
  },
  {
    "number": 59000454876335,
    "dateTime": {
      "date": {
        "year": 2019,
        "month": 10,
        "day": 15
      },
      "time": {
        "hour": 7,
        "minute": 59,
        "second": 10,
        "nano": 0
      }
    },
    "citySender": "Бережани (Тернопільська обл.)",
    "cityRecipient": "Тисмениця"
  },
  {
    "number": 59000454876336,
    "dateTime": {
      "date": {
        "year": 2019,
        "month": 10,
        "day": 15
      },
      "time": {
        "hour": 7,
        "minute": 59,
        "second": 25,
        "nano": 0
      }
    },
    "citySender": "Харків",
    "cityRecipient": "Високий"
  },
  {
    "number": 59000454876337,
    "dateTime": {
      "date": {
        "year": 2019,
        "month": 10,
        "day": 15
      },
      "time": {
        "hour": 7,
        "minute": 59,
        "second": 26,
        "nano": 0
      }
    },
    "citySender": "Канів",
    "cityRecipient": "Авангард"
  },
  {
    "number": 59000454876338,
    "dateTime": {
      "date": {
        "year": 2019,
        "month": 10,
        "day": 15
      },
      "time": {
        "hour": 7,
        "minute": 59,
        "second": 22,
        "nano": 0
      }
    },
    "citySender": "Київ",
    "cityRecipient": "Київ"
  },
  {
    "number": 59000454876339,
    "dateTime": {
      "date": {
        "year": 2019,
        "month": 10,
        "day": 15
      },
      "time": {
        "hour": 7,
        "minute": 59,
        "second": 29,
        "nano": 0
      }
    },
    "citySender": "Лебедин (Сумська обл.)",
    "cityRecipient": "Одеса"
  },
  {
    "number": 59000454876340,
    "dateTime": {
      "date": {
        "year": 2019,
        "month": 10,
        "day": 15
      },
      "time": {
        "hour": 7,
        "minute": 58,
        "second": 31,
        "nano": 0
      }
    },
    "citySender": "Київ",
    "cityRecipient": "Соледар"
  },
  {
    "number": 59000454876341,
    "dateTime": {
      "date": {
        "year": 2019,
        "month": 10,
        "day": 15
      },
      "time": {
        "hour": 7,
        "minute": 59,
        "second": 28,
        "nano": 0
      }
    },
    "citySender": "Київ",
    "cityRecipient": "Київ"
  },
  {
    "number": 59000454876342,
    "dateTime": {
      "date": {
        "year": 2019,
        "month": 10,
        "day": 15
      },
      "time": {
        "hour": 7,
        "minute": 59,
        "second": 16,
        "nano": 0
      }
    },
    "citySender": "Одеса",
    "cityRecipient": "П\u0027ятихатки"
  },
  {
    "number": 59000454876343,
    "dateTime": {
      "date": {
        "year": 2019,
        "month": 10,
        "day": 15
      },
      "time": {
        "hour": 7,
        "minute": 59,
        "second": 39,
        "nano": 0
      }
    },
    "citySender": "Харків",
    "cityRecipient": "Чернівці"
  },
  {
    "number": 59000454876344,
    "dateTime": {
      "date": {
        "year": 2019,
        "month": 10,
        "day": 15
      },
      "time": {
        "hour": 7,
        "minute": 59,
        "second": 42,
        "nano": 0
      }
    },
    "citySender": "Львів",
    "cityRecipient": "Львів"
  },
  {
    "number": 59000454876345,
    "dateTime": {
      "date": {
        "year": 2019,
        "month": 10,
        "day": 15
      },
      "time": {
        "hour": 7,
        "minute": 59,
        "second": 42,
        "nano": 0
      }
    },
    "citySender": "Шпола",
    "cityRecipient": "Івано-Франківськ"
  },
  {
    "number": 59000454876346,
    "dateTime": {
      "date": {
        "year": 2019,
        "month": 10,
        "day": 15
      },
      "time": {
        "hour": 7,
        "minute": 59,
        "second": 47,
        "nano": 0
      }
    },
    "citySender": "Новий Розділ",
    "cityRecipient": "Харків"
  },
  {
    "number": 59000454876347,
    "dateTime": {
      "date": {
        "year": 2019,
        "month": 10,
        "day": 15
      },
      "time": {
        "hour": 7,
        "minute": 59,
        "second": 47,
        "nano": 0
      }
    },
    "citySender": "Лебедин (Сумська обл.)",
    "cityRecipient": "Суми"
  },
  {
    "number": 59000454876348,
    "dateTime": {
      "date": {
        "year": 2019,
        "month": 10,
        "day": 15
      },
      "time": {
        "hour": 7,
        "minute": 59,
        "second": 51,
        "nano": 0
      }
    },
    "citySender": "Київ",
    "cityRecipient": "Київ"
  },
  {
    "number": 59000454876349,
    "dateTime": {
      "date": {
        "year": 2019,
        "month": 10,
        "day": 15
      },
      "time": {
        "hour": 7,
        "minute": 59,
        "second": 50,
        "nano": 0
      }
    },
    "citySender": "Братське",
    "cityRecipient": "Луцьк"
  },
  {
    "number": 59000454876350,
    "dateTime": {
      "date": {
        "year": 2019,
        "month": 10,
        "day": 15
      },
      "time": {
        "hour": 7,
        "minute": 59,
        "second": 48,
        "nano": 0
      }
    },
    "citySender": "Недригайлів (Сумська обл.)",
    "cityRecipient": "Харків"
  },
  {
    "number": 59000454876351,
    "dateTime": {
      "date": {
        "year": 2019,
        "month": 10,
        "day": 15
      },
      "time": {
        "hour": 7,
        "minute": 59,
        "second": 50,
        "nano": 0
      }
    },
    "citySender": "Київ",
    "cityRecipient": "Вишгород"
  },
  {
    "number": 59000454876352,
    "dateTime": {
      "date": {
        "year": 2019,
        "month": 10,
        "day": 15
      },
      "time": {
        "hour": 7,
        "minute": 59,
        "second": 58,
        "nano": 0
      }
    },
    "citySender": "Харків",
    "cityRecipient": "Львів"
  },
  {
    "number": 59000454876353,
    "dateTime": {
      "date": {
        "year": 2019,
        "month": 10,
        "day": 15
      },
      "time": {
        "hour": 7,
        "minute": 59,
        "second": 59,
        "nano": 0
      }
    },
    "citySender": "Новий Розділ",
    "cityRecipient": "Харків"
  },
  {
    "number": 59000454876354,
    "dateTime": {
      "date": {
        "year": 2019,
        "month": 10,
        "day": 15
      },
      "time": {
        "hour": 8,
        "minute": 0,
        "second": 1,
        "nano": 0
      }
    },
    "citySender": "Крижопіль",
    "cityRecipient": "Ладан"
  },
  {
    "number": 59000454876355,
    "dateTime": {
      "date": {
        "year": 2019,
        "month": 10,
        "day": 15
      },
      "time": {
        "hour": 7,
        "minute": 59,
        "second": 40,
        "nano": 0
      }
    },
    "citySender": "Львів",
    "cityRecipient": "Харків"
  }
]