[
  {
    "number": 59000454891443,
    "dateTime": {
      "date": {
        "year": 2019,
        "month": 10,
        "day": 15
      },
      "time": {
        "hour": 9,
        "minute": 21,
        "second": 45,
        "nano": 0
      }
    },
    "citySender": "Сигнаївка",
    "cityRecipient": "Пирятин"
  },
  {
    "number": 59000454891444,
    "dateTime": {
      "date": {
        "year": 2019,
        "month": 10,
        "day": 15
      },
      "time": {
        "hour": 9,
        "minute": 21,
        "second": 57,
        "nano": 0
      }
    },
    "citySender": "Черкаси",
    "cityRecipient": "Покровськ (Донецька обл.)"
  },
  {
    "number": 59000454891445,
    "dateTime": {
      "date": {
        "year": 2019,
        "month": 10,
        "day": 15
      },
      "time": {
        "hour": 9,
        "minute": 20,
        "second": 58,
        "nano": 0
      }
    },
    "citySender": "Нова Одеса",
    "cityRecipient": "Пісочин"
  },
  {
    "number": 59000454891446,
    "dateTime": {
      "date": {
        "year": 2019,
        "month": 10,
        "day": 15
      },
      "time": {
        "hour": 9,
        "minute": 21,
        "second": 26,
        "nano": 0
      }
    },
    "citySender": "Полтава",
    "cityRecipient": "Харків"
  },
  {
    "number": 59000454891447,
    "dateTime": {
      "date": {
        "year": 2019,
        "month": 10,
        "day": 15
      },
      "time": {
        "hour": 9,
        "minute": 21,
        "second": 43,
        "nano": 0
      }
    },
    "citySender": "Ужгород",
    "cityRecipient": "Дніпро"
  },
  {
    "number": 59000454891448,
    "dateTime": {
      "date": {
        "year": 2019,
        "month": 10,
        "day": 15
      },
      "time": {
        "hour": 9,
        "minute": 22,
        "second": 14,
        "nano": 0
      }
    },
    "citySender": "Запоріжжя",
    "cityRecipient": "Харків"
  },
  {
    "number": 59000454891449,
    "dateTime": {
      "date": {
        "year": 2019,
        "month": 10,
        "day": 15
      },
      "time": {
        "hour": 9,
        "minute": 21,
        "second": 51,
        "nano": 0
      }
    },
    "citySender": "Ужгород",
    "cityRecipient": "Бровари"
  },
  {
    "number": 59000454891450,
    "dateTime": {
      "date": {
        "year": 2019,
        "month": 10,
        "day": 15
      },
      "time": {
        "hour": 9,
        "minute": 21,
        "second": 50,
        "nano": 0
      }
    },
    "citySender": "Маріуполь",
    "cityRecipient": "Теплодар"
  },
  {
    "number": 59000454891451,
    "dateTime": {
      "date": {
        "year": 2019,
        "month": 10,
        "day": 15
      },
      "time": {
        "hour": 9,
        "minute": 22,
        "second": 4,
        "nano": 0
      }
    },
    "citySender": "Мирноград",
    "cityRecipient": "Васильків"
  },
  {
    "number": 59000454891452,
    "dateTime": {
      "date": {
        "year": 2019,
        "month": 10,
        "day": 15
      },
      "time": {
        "hour": 9,
        "minute": 21,
        "second": 42,
        "nano": 0
      }
    },
    "citySender": "Київ",
    "cityRecipient": "Заболоття (Волинська обл.)"
  },
  {
    "number": 59000454891453,
    "dateTime": {
      "date": {
        "year": 2019,
        "month": 10,
        "day": 15
      },
      "time": {
        "hour": 9,
        "minute": 22,
        "second": 6,
        "nano": 0
      }
    },
    "citySender": "Червоноград (Львівська обл.)",
    "cityRecipient": "Львів"
  },
  {
    "number": 59000454891454,
    "dateTime": {
      "date": {
        "year": 2019,
        "month": 10,
        "day": 15
      },
      "time": {
        "hour": 9,
        "minute": 21,
        "second": 57,
        "nano": 0
      }
    },
    "citySender": "Краматорськ",
    "cityRecipient": "Світлодарськ"
  },
  {
    "number": 59000454891455,
    "dateTime": {
      "date": {
        "year": 2019,
        "month": 10,
        "day": 15
      },
      "time": {
        "hour": 9,
        "minute": 21,
        "second": 54,
        "nano": 0
      }
    },
    "citySender": "Красилівка (Броварський р-н)",
    "cityRecipient": "Чернігів"
  },
  {
    "number": 59000454891456,
    "dateTime": {
      "date": {
        "year": 2019,
        "month": 10,
        "day": 15
      },
      "time": {
        "hour": 9,
        "minute": 22,
        "second": 7,
        "nano": 0
      }
    },
    "citySender": "Бережани (Тернопільська обл.)",
    "cityRecipient": "Запоріжжя"
  },
  {
    "number": 59000454891457,
    "dateTime": {
      "date": {
        "year": 2019,
        "month": 10,
        "day": 15
      },
      "time": {
        "hour": 9,
        "minute": 20,
        "second": 21,
        "nano": 0
      }
    },
    "citySender": "Карлівка",
    "cityRecipient": "Мукачево"
  },
  {
    "number": 59000454891458,
    "dateTime": {
      "date": {
        "year": 2019,
        "month": 10,
        "day": 15
      },
      "time": {
        "hour": 9,
        "minute": 21,
        "second": 47,
        "nano": 0
      }
    },
    "citySender": "Кам\u0027янець-Подільський",
    "cityRecipient": "Миколаїв (Львівська обл., Миколаївський р-н)"
  },
  {
    "number": 59000454891459,
    "dateTime": {
      "date": {
        "year": 2019,
        "month": 10,
        "day": 15
      },
      "time": {
        "hour": 9,
        "minute": 20,
        "second": 34,
        "nano": 0
      }
    },
    "citySender": "Варва",
    "cityRecipient": "Новотроїцьке (Донецька обл.)"
  },
  {
    "number": 59000454891460,
    "dateTime": {
      "date": {
        "year": 2019,
        "month": 10,
        "day": 15
      },
      "time": {
        "hour": 9,
        "minute": 22,
        "second": 16,
        "nano": 0
      }
    },
    "citySender": "Вінниця",
    "cityRecipient": "Вінниця"
  },
  {
    "number": 59000454891461,
    "dateTime": {
      "date": {
        "year": 2019,
        "month": 10,
        "day": 15
      },
      "time": {
        "hour": 9,
        "minute": 22,
        "second": 16,
        "nano": 0
      }
    },
    "citySender": "Житомир",
    "cityRecipient": "Ірпінь"
  },
  {
    "number": 59000454891462,
    "dateTime": {
      "date": {
        "year": 2019,
        "month": 10,
        "day": 15
      },
      "time": {
        "hour": 9,
        "minute": 22,
        "second": 15,
        "nano": 0
      }
    },
    "citySender": "Ковель",
    "cityRecipient": "Житомир"
  },
  {
    "number": 59000454891463,
    "dateTime": {
      "date": {
        "year": 2019,
        "month": 10,
        "day": 15
      },
      "time": {
        "hour": 9,
        "minute": 22,
        "second": 3,
        "nano": 0
      }
    },
    "citySender": "Київ",
    "cityRecipient": "Одеса"
  },
  {
    "number": 59000454891464,
    "dateTime": {
      "date": {
        "year": 2019,
        "month": 10,
        "day": 15
      },
      "time": {
        "hour": 9,
        "minute": 22,
        "second": 7,
        "nano": 0
      }
    },
    "citySender": "Кривий Ріг",
    "cityRecipient": "Черкаси"
  },
  {
    "number": 59000454891465,
    "dateTime": {
      "date": {
        "year": 2019,
        "month": 10,
        "day": 15
      },
      "time": {
        "hour": 9,
        "minute": 22,
        "second": 6,
        "nano": 0
      }
    },
    "citySender": "Вінниця",
    "cityRecipient": "Київ"
  },
  {
    "number": 59000454891466,
    "dateTime": {
      "date": {
        "year": 2019,
        "month": 10,
        "day": 15
      },
      "time": {
        "hour": 9,
        "minute": 22,
        "second": 2,
        "nano": 0
      }
    },
    "citySender": "Погребище",
    "cityRecipient": "Вінниця"
  },
  {
    "number": 59000454891467,
    "dateTime": {
      "date": {
        "year": 2019,
        "month": 10,
        "day": 15
      },
      "time": {
        "hour": 9,
        "minute": 21,
        "second": 12,
        "nano": 0
      }
    },
    "citySender": "Київ",
    "cityRecipient": "Сміла"
  },
  {
    "number": 59000454891468,
    "dateTime": {
      "date": {
        "year": 2019,
        "month": 10,
        "day": 15
      },
      "time": {
        "hour": 9,
        "minute": 22,
        "second": 14,
        "nano": 0
      }
    },
    "citySender": "Чернігів",
    "cityRecipient": "Чернігів"
  },
  {
    "number": 59000454891469,
    "dateTime": {
      "date": {
        "year": 2019,
        "month": 10,
        "day": 15
      },
      "time": {
        "hour": 9,
        "minute": 21,
        "second": 54,
        "nano": 0
      }
    },
    "citySender": "Красне (Львівська обл.)",
    "cityRecipient": "Пирятин"
  },
  {
    "number": 59000454891470,
    "dateTime": {
      "date": {
        "year": 2019,
        "month": 10,
        "day": 15
      },
      "time": {
        "hour": 9,
        "minute": 21,
        "second": 55,
        "nano": 0
      }
    },
    "citySender": "Камінь-Каширський",
    "cityRecipient": "Івано-Франківськ"
  },
  {
    "number": 59000454891471,
    "dateTime": {
      "date": {
        "year": 2019,
        "month": 10,
        "day": 15
      },
      "time": {
        "hour": 9,
        "minute": 21,
        "second": 45,
        "nano": 0
      }
    },
    "citySender": "Запоріжжя",
    "cityRecipient": "Бердянськ"
  },
  {
    "number": 59000454891473,
    "dateTime": {
      "date": {
        "year": 2019,
        "month": 10,
        "day": 15
      },
      "time": {
        "hour": 9,
        "minute": 21,
        "second": 39,
        "nano": 0
      }
    },
    "citySender": "Запоріжжя",
    "cityRecipient": "Запоріжжя"
  },
  {
    "number": 59000454891474,
    "dateTime": {
      "date": {
        "year": 2019,
        "month": 10,
        "day": 15
      },
      "time": {
        "hour": 9,
        "minute": 21,
        "second": 9,
        "nano": 0
      }
    },
    "citySender": "Львів",
    "cityRecipient": "Харків"
  },
  {
    "number": 59000454891475,
    "dateTime": {
      "date": {
        "year": 2019,
        "month": 10,
        "day": 15
      },
      "time": {
        "hour": 9,
        "minute": 22,
        "second": 8,
        "nano": 0
      }
    },
    "citySender": "Буча",
    "cityRecipient": "Київ"
  },
  {
    "number": 59000454891476,
    "dateTime": {
      "date": {
        "year": 2019,
        "month": 10,
        "day": 15
      },
      "time": {
        "hour": 9,
        "minute": 21,
        "second": 43,
        "nano": 0
      }
    },
    "citySender": "Івано-Франківськ",
    "cityRecipient": "Одеса"
  },
  {
    "number": 59000454891477,
    "dateTime": {
      "date": {
        "year": 2019,
        "month": 10,
        "day": 15
      },
      "time": {
        "hour": 9,
        "minute": 21,
        "second": 35,
        "nano": 0
      }
    },
    "citySender": "Ольшанське",
    "cityRecipient": "Врадіївка"
  },
  {
    "number": 59000454891478,
    "dateTime": {
      "date": {
        "year": 2019,
        "month": 10,
        "day": 15
      },
      "time": {
        "hour": 9,
        "minute": 21,
        "second": 49,
        "nano": 0
      }
    },
    "citySender": "Коломия",
    "cityRecipient": "Київ"
  },
  {
    "number": 59000454891479,
    "dateTime": {
      "date": {
        "year": 2019,
        "month": 10,
        "day": 15
      },
      "time": {
        "hour": 9,
        "minute": 22,
        "second": 18,
        "nano": 0
      }
    },
    "citySender": "Луцьк",
    "cityRecipient": "Березне"
  },
  {
    "number": 59000454891480,
    "dateTime": {
      "date": {
        "year": 2019,
        "month": 10,
        "day": 15
      },
      "time": {
        "hour": 9,
        "minute": 22,
        "second": 19,
        "nano": 0
      }
    },
    "citySender": "Хуст",
    "cityRecipient": "Угринів (Тисменицький р-н., Івано-Франк. обл.)"
  },
  {
    "number": 59000454891481,
    "dateTime": {
      "date": {
        "year": 2019,
        "month": 10,
        "day": 15
      },
      "time": {
        "hour": 9,
        "minute": 22,
        "second": 8,
        "nano": 0
      }
    },
    "citySender": "Львів",
    "cityRecipient": "Дніпро"
  },
  {
    "number": 59000454891482,
    "dateTime": {
      "date": {
        "year": 2019,
        "month": 10,
        "day": 15
      },
      "time": {
        "hour": 9,
        "minute": 22,
        "second": 10,
        "nano": 0
      }
    },
    "citySender": "Київ",
    "cityRecipient": "Клугино-Башкирівка"
  },
  {
    "number": 59000454891483,
    "dateTime": {
      "date": {
        "year": 2019,
        "month": 10,
        "day": 15
      },
      "time": {
        "hour": 9,
        "minute": 22,
        "second": 14,
        "nano": 0
      }
    },
    "citySender": "Голованівськ",
    "cityRecipient": "Маріуполь"
  },
  {
    "number": 59000454891484,
    "dateTime": {
      "date": {
        "year": 2019,
        "month": 10,
        "day": 15
      },
      "time": {
        "hour": 9,
        "minute": 22,
        "second": 4,
        "nano": 0
      }
    },
    "citySender": "Миколаїв",
    "cityRecipient": "Божківське"
  },
  {
    "number": 59000454891485,
    "dateTime": {
      "date": {
        "year": 2019,
        "month": 10,
        "day": 15
      },
      "time": {
        "hour": 9,
        "minute": 22,
        "second": 9,
        "nano": 0
      }
    },
    "citySender": "Одеса",
    "cityRecipient": "Кам\u0027янське(Дніпропетровська обл)"
  },
  {
    "number": 59000454891487,
    "dateTime": {
      "date": {
        "year": 2019,
        "month": 10,
        "day": 15
      },
      "time": {
        "hour": 9,
        "minute": 22,
        "second": 19,
        "nano": 0
      }
    },
    "citySender": "Дніпро",
    "cityRecipient": "Полонне"
  },
  {
    "number": 59000454891488,
    "dateTime": {
      "date": {
        "year": 2019,
        "month": 10,
        "day": 15
      },
      "time": {
        "hour": 9,
        "minute": 21,
        "second": 36,
        "nano": 0
      }
    },
    "citySender": "Свалява",
    "cityRecipient": "Ладижин"
  },
  {
    "number": 59000454891489,
    "dateTime": {
      "date": {
        "year": 2019,
        "month": 10,
        "day": 15
      },
      "time": {
        "hour": 9,
        "minute": 21,
        "second": 13,
        "nano": 0
      }
    },
    "citySender": "Озерне (Житомирська обл.)",
    "cityRecipient": "Одеса"
  },
  {
    "number": 59000454891491,
    "dateTime": {
      "date": {
        "year": 2019,
        "month": 10,
        "day": 15
      },
      "time": {
        "hour": 9,
        "minute": 22,
        "second": 20,
        "nano": 0
      }
    },
    "citySender": "Хмільник (Вінницька обл.)",
    "cityRecipient": "Запоріжжя"
  },
  {
    "number": 59000454891492,
    "dateTime": {
      "date": {
        "year": 2019,
        "month": 10,
        "day": 15
      },
      "time": {
        "hour": 9,
        "minute": 21,
        "second": 39,
        "nano": 0
      }
    },
    "citySender": "Петрове (Петрівський р-н., Кіровоградська обл)",
    "cityRecipient": "Нікольське (Володарський р-н., Донецька обл.)"
  },
  {
    "number": 59000454891493,
    "dateTime": {
      "date": {
        "year": 2019,
        "month": 10,
        "day": 15
      },
      "time": {
        "hour": 9,
        "minute": 21,
        "second": 54,
        "nano": 0
      }
    },
    "citySender": "Борзна",
    "cityRecipient": "Кагарлик"
  },
  {
    "number": 59000454891494,
    "dateTime": {
      "date": {
        "year": 2019,
        "month": 10,
        "day": 15
      },
      "time": {
        "hour": 9,
        "minute": 21,
        "second": 57,
        "nano": 0
      }
    },
    "citySender": "Бердянськ",
    "cityRecipient": "Покров (Дніпропетровська обл.)"
  },
  {
    "number": 59000454891495,
    "dateTime": {
      "date": {
        "year": 2019,
        "month": 10,
        "day": 15
      },
      "time": {
        "hour": 9,
        "minute": 21,
        "second": 51,
        "nano": 0
      }
    },
    "citySender": "Львів",
    "cityRecipient": "Дрогобич"
  },
  {
    "number": 59000454891496,
    "dateTime": {
      "date": {
        "year": 2019,
        "month": 10,
        "day": 15
      },
      "time": {
        "hour": 9,
        "minute": 22,
        "second": 18,
        "nano": 0
      }
    },
    "citySender": "Запоріжжя",
    "cityRecipient": "Кам\u0027янське(Дніпропетровська обл)"
  },
  {
    "number": 59000454891497,
    "dateTime": {
      "date": {
        "year": 2019,
        "month": 10,
        "day": 15
      },
      "time": {
        "hour": 9,
        "minute": 22,
        "second": 21,
        "nano": 0
      }
    },
    "citySender": "Приморськ (Запорізька обл.)",
    "cityRecipient": "Київ"
  },
  {
    "number": 59000454891498,
    "dateTime": {
      "date": {
        "year": 2019,
        "month": 10,
        "day": 15
      },
      "time": {
        "hour": 9,
        "minute": 22,
        "second": 21,
        "nano": 0
      }
    },
    "citySender": "Мирноград",
    "cityRecipient": "Ілічанка"
  },
  {
    "number": 59000454891499,
    "dateTime": {
      "date": {
        "year": 2019,
        "month": 10,
        "day": 15
      },
      "time": {
        "hour": 9,
        "minute": 22,
        "second": 10,
        "nano": 0
      }
    },
    "citySender": "Харків",
    "cityRecipient": "Боярка"
  },
  {
    "number": 59000454891500,
    "dateTime": {
      "date": {
        "year": 2019,
        "month": 10,
        "day": 15
      },
      "time": {
        "hour": 9,
        "minute": 22,
        "second": 21,
        "nano": 0
      }
    },
    "citySender": "Запоріжжя",
    "cityRecipient": "Київ"
  },
  {
    "number": 59000454891501,
    "dateTime": {
      "date": {
        "year": 2019,
        "month": 10,
        "day": 15
      },
      "time": {
        "hour": 9,
        "minute": 22,
        "second": 6,
        "nano": 0
      }
    },
    "citySender": "Одеса",
    "cityRecipient": "Київ"
  },
  {
    "number": 59000454891502,
    "dateTime": {
      "date": {
        "year": 2019,
        "month": 10,
        "day": 15
      },
      "time": {
        "hour": 9,
        "minute": 21,
        "second": 37,
        "nano": 0
      }
    },
    "citySender": "Лозова",
    "cityRecipient": "Харків"
  },
  {
    "number": 59000454891503,
    "dateTime": {
      "date": {
        "year": 2019,
        "month": 10,
        "day": 15
      },
      "time": {
        "hour": 9,
        "minute": 21,
        "second": 48,
        "nano": 0
      }
    },
    "citySender": "Калуш",
    "cityRecipient": "Ірпінь"
  },
  {
    "number": 59000454891504,
    "dateTime": {
      "date": {
        "year": 2019,
        "month": 10,
        "day": 15
      },
      "time": {
        "hour": 9,
        "minute": 22,
        "second": 0,
        "nano": 0
      }
    },
    "citySender": "Карлівка",
    "cityRecipient": "Харків"
  },
  {
    "number": 59000454891505,
    "dateTime": {
      "date": {
        "year": 2019,
        "month": 10,
        "day": 15
      },
      "time": {
        "hour": 9,
        "minute": 21,
        "second": 46,
        "nano": 0
      }
    },
    "citySender": "Велика Багачка",
    "cityRecipient": "Стара Синява"
  },
  {
    "number": 59000454891506,
    "dateTime": {
      "date": {
        "year": 2019,
        "month": 10,
        "day": 15
      },
      "time": {
        "hour": 9,
        "minute": 21,
        "second": 44,
        "nano": 0
      }
    },
    "citySender": "Ковель",
    "cityRecipient": "Київ"
  },
  {
    "number": 59000454891507,
    "dateTime": {
      "date": {
        "year": 2019,
        "month": 10,
        "day": 15
      },
      "time": {
        "hour": 9,
        "minute": 21,
        "second": 47,
        "nano": 0
      }
    },
    "citySender": "Миколаїв",
    "cityRecipient": "Херсон"
  },
  {
    "number": 59000454891508,
    "dateTime": {
      "date": {
        "year": 2019,
        "month": 10,
        "day": 15
      },
      "time": {
        "hour": 9,
        "minute": 22,
        "second": 16,
        "nano": 0
      }
    },
    "citySender": "Авдіївка (Донецька обл.)",
    "cityRecipient": "Маріуполь"
  },
  {
    "number": 59000454891509,
    "dateTime": {
      "date": {
        "year": 2019,
        "month": 10,
        "day": 15
      },
      "time": {
        "hour": 9,
        "minute": 21,
        "second": 50,
        "nano": 0
      }
    },
    "citySender": "Волноваха",
    "cityRecipient": "Київ"
  },
  {
    "number": 59000454891510,
    "dateTime": {
      "date": {
        "year": 2019,
        "month": 10,
        "day": 15
      },
      "time": {
        "hour": 9,
        "minute": 22,
        "second": 19,
        "nano": 0
      }
    },
    "citySender": "Очаків",
    "cityRecipient": "Дніпро"
  },
  {
    "number": 59000454891511,
    "dateTime": {
      "date": {
        "year": 2019,
        "month": 10,
        "day": 15
      },
      "time": {
        "hour": 9,
        "minute": 21,
        "second": 30,
        "nano": 0
      }
    },
    "citySender": "Ромодан",
    "cityRecipient": "Марганець"
  },
  {
    "number": 59000454891512,
    "dateTime": {
      "date": {
        "year": 2019,
        "month": 10,
        "day": 15
      },
      "time": {
        "hour": 9,
        "minute": 22,
        "second": 8,
        "nano": 0
      }
    },
    "citySender": "Руська Лозова",
    "cityRecipient": "Святогірськ"
  },
  {
    "number": 59000454891513,
    "dateTime": {
      "date": {
        "year": 2019,
        "month": 10,
        "day": 15
      },
      "time": {
        "hour": 9,
        "minute": 22,
        "second": 9,
        "nano": 0
      }
    },
    "citySender": "Одеса",
    "cityRecipient": "Київ"
  },
  {
    "number": 59000454891514,
    "dateTime": {
      "date": {
        "year": 2019,
        "month": 10,
        "day": 15
      },
      "time": {
        "hour": 9,
        "minute": 22,
        "second": 13,
        "nano": 0
      }
    },
    "citySender": "Черкаси",
    "cityRecipient": "Харків"
  },
  {
    "number": 59000454891515,
    "dateTime": {
      "date": {
        "year": 2019,
        "month": 10,
        "day": 15
      },
      "time": {
        "hour": 9,
        "minute": 21,
        "second": 41,
        "nano": 0
      }
    },
    "citySender": "Олешки(Херсонська обл)",
    "cityRecipient": "Біла Церква"
  },
  {
    "number": 59000454891516,
    "dateTime": {
      "date": {
        "year": 2019,
        "month": 10,
        "day": 15
      },
      "time": {
        "hour": 9,
        "minute": 22,
        "second": 20,
        "nano": 0
      }
    },
    "citySender": "Київ",
    "cityRecipient": "Гореничі"
  },
  {
    "number": 59000454891517,
    "dateTime": {
      "date": {
        "year": 2019,
        "month": 10,
        "day": 15
      },
      "time": {
        "hour": 9,
        "minute": 21,
        "second": 55,
        "nano": 0
      }
    },
    "citySender": "Почаїв",
    "cityRecipient": "Помічна"
  },
  {
    "number": 59000454891518,
    "dateTime": {
      "date": {
        "year": 2019,
        "month": 10,
        "day": 15
      },
      "time": {
        "hour": 9,
        "minute": 22,
        "second": 18,
        "nano": 0
      }
    },
    "citySender": "Північне",
    "cityRecipient": "Київ"
  },
  {
    "number": 59000454891519,
    "dateTime": {
      "date": {
        "year": 2019,
        "month": 10,
        "day": 15
      },
      "time": {
        "hour": 9,
        "minute": 22,
        "second": 9,
        "nano": 0
      }
    },
    "citySender": "Помічна",
    "cityRecipient": "Одеса"
  },
  {
    "number": 59000454891520,
    "dateTime": {
      "date": {
        "year": 2019,
        "month": 10,
        "day": 15
      },
      "time": {
        "hour": 9,
        "minute": 22,
        "second": 10,
        "nano": 0
      }
    },
    "citySender": "Чернівці",
    "cityRecipient": "Вінниця"
  },
  {
    "number": 59000454891521,
    "dateTime": {
      "date": {
        "year": 2019,
        "month": 10,
        "day": 15
      },
      "time": {
        "hour": 9,
        "minute": 22,
        "second": 24,
        "nano": 0
      }
    },
    "citySender": "Новоукраїнка",
    "cityRecipient": "Гоща"
  },
  {
    "number": 59000454891522,
    "dateTime": {
      "date": {
        "year": 2019,
        "month": 10,
        "day": 15
      },
      "time": {
        "hour": 9,
        "minute": 22,
        "second": 26,
        "nano": 0
      }
    },
    "citySender": "Київ",
    "cityRecipient": "Ратне"
  },
  {
    "number": 59000454891523,
    "dateTime": {
      "date": {
        "year": 2019,
        "month": 10,
        "day": 15
      },
      "time": {
        "hour": 9,
        "minute": 21,
        "second": 55,
        "nano": 0
      }
    },
    "citySender": "Одеса",
    "cityRecipient": "Київ"
  },
  {
    "number": 59000454891524,
    "dateTime": {
      "date": {
        "year": 2019,
        "month": 10,
        "day": 15
      },
      "time": {
        "hour": 9,
        "minute": 22,
        "second": 24,
        "nano": 0
      }
    },
    "citySender": "Київ",
    "cityRecipient": "Енергодар"
  },
  {
    "number": 59000454891525,
    "dateTime": {
      "date": {
        "year": 2019,
        "month": 10,
        "day": 15
      },
      "time": {
        "hour": 9,
        "minute": 22,
        "second": 25,
        "nano": 0
      }
    },
    "citySender": "Сарата",
    "cityRecipient": "Білгород-Дністровський"
  },
  {
    "number": 59000454891526,
    "dateTime": {
      "date": {
        "year": 2019,
        "month": 10,
        "day": 15
      },
      "time": {
        "hour": 9,
        "minute": 21,
        "second": 30,
        "nano": 0
      }
    },
    "citySender": "Миколаїв",
    "cityRecipient": "Краснопілля (Сумська обл.)"
  },
  {
    "number": 59000454891527,
    "dateTime": {
      "date": {
        "year": 2019,
        "month": 10,
        "day": 15
      },
      "time": {
        "hour": 9,
        "minute": 22,
        "second": 0,
        "nano": 0
      }
    },
    "citySender": "Очаків",
    "cityRecipient": "Київ"
  },
  {
    "number": 59000454891528,
    "dateTime": {
      "date": {
        "year": 2019,
        "month": 10,
        "day": 15
      },
      "time": {
        "hour": 9,
        "minute": 21,
        "second": 59,
        "nano": 0
      }
    },
    "citySender": "Київ",
    "cityRecipient": "Дніпро"
  },
  {
    "number": 59000454891529,
    "dateTime": {
      "date": {
        "year": 2019,
        "month": 10,
        "day": 15
      },
      "time": {
        "hour": 9,
        "minute": 21,
        "second": 49,
        "nano": 0
      }
    },
    "citySender": "Ланівці",
    "cityRecipient": "Львів"
  },
  {
    "number": 59000454891530,
    "dateTime": {
      "date": {
        "year": 2019,
        "month": 10,
        "day": 15
      },
      "time": {
        "hour": 9,
        "minute": 22,
        "second": 14,
        "nano": 0
      }
    },
    "citySender": "Любешів",
    "cityRecipient": "Чернігів"
  },
  {
    "number": 59000454891531,
    "dateTime": {
      "date": {
        "year": 2019,
        "month": 10,
        "day": 15
      },
      "time": {
        "hour": 9,
        "minute": 22,
        "second": 3,
        "nano": 0
      }
    },
    "citySender": "Кривий Ріг",
    "cityRecipient": "Запоріжжя"
  },
  {
    "number": 59000454891532,
    "dateTime": {
      "date": {
        "year": 2019,
        "month": 10,
        "day": 15
      },
      "time": {
        "hour": 9,
        "minute": 21,
        "second": 33,
        "nano": 0
      }
    },
    "citySender": "Кропивницький",
    "cityRecipient": "Вінниця"
  },
  {
    "number": 59000454891534,
    "dateTime": {
      "date": {
        "year": 2019,
        "month": 10,
        "day": 15
      },
      "time": {
        "hour": 9,
        "minute": 22,
        "second": 26,
        "nano": 0
      }
    },
    "citySender": "Дрогобич",
    "cityRecipient": "Червоноград (Львівська обл.)"
  },
  {
    "number": 59000454891535,
    "dateTime": {
      "date": {
        "year": 2019,
        "month": 10,
        "day": 15
      },
      "time": {
        "hour": 9,
        "minute": 21,
        "second": 40,
        "nano": 0
      }
    },
    "citySender": "Нікополь (Дніпропетровська обл.)",
    "cityRecipient": "Житомир"
  },
  {
    "number": 59000454891536,
    "dateTime": {
      "date": {
        "year": 2019,
        "month": 10,
        "day": 15
      },
      "time": {
        "hour": 9,
        "minute": 21,
        "second": 48,
        "nano": 0
      }
    },
    "citySender": "Костянтинівка (Донецька обл.)",
    "cityRecipient": "Новомосковськ"
  },
  {
    "number": 59000454891537,
    "dateTime": {
      "date": {
        "year": 2019,
        "month": 10,
        "day": 15
      },
      "time": {
        "hour": 9,
        "minute": 22,
        "second": 9,
        "nano": 0
      }
    },
    "citySender": "Одеса",
    "cityRecipient": "Кривий Ріг"
  },
  {
    "number": 59000454891538,
    "dateTime": {
      "date": {
        "year": 2019,
        "month": 10,
        "day": 15
      },
      "time": {
        "hour": 9,
        "minute": 22,
        "second": 19,
        "nano": 0
      }
    },
    "citySender": "Київ",
    "cityRecipient": "Київ"
  },
  {
    "number": 59000454891539,
    "dateTime": {
      "date": {
        "year": 2019,
        "month": 10,
        "day": 15
      },
      "time": {
        "hour": 9,
        "minute": 22,
        "second": 16,
        "nano": 0
      }
    },
    "citySender": "Малин",
    "cityRecipient": "Чемерівці"
  },
  {
    "number": 59000454891540,
    "dateTime": {
      "date": {
        "year": 2019,
        "month": 10,
        "day": 15
      },
      "time": {
        "hour": 9,
        "minute": 21,
        "second": 49,
        "nano": 0
      }
    },
    "citySender": "Мамаївці",
    "cityRecipient": "Київ"
  },
  {
    "number": 59000454891541,
    "dateTime": {
      "date": {
        "year": 2019,
        "month": 10,
        "day": 15
      },
      "time": {
        "hour": 9,
        "minute": 22,
        "second": 24,
        "nano": 0
      }
    },
    "citySender": "Городок (Хмельницька обл.)",
    "cityRecipient": "Полтава"
  },
  {
    "number": 59000454891542,
    "dateTime": {
      "date": {
        "year": 2019,
        "month": 10,
        "day": 15
      },
      "time": {
        "hour": 9,
        "minute": 21,
        "second": 41,
        "nano": 0
      }
    },
    "citySender": "Білгород-Дністровський",
    "cityRecipient": "Миколаїв"
  }
]