[
  {
    "number": 59000454890043,
    "dateTime": {
      "date": {
        "year": 2019,
        "month": 10,
        "day": 15
      },
      "time": {
        "hour": 9,
        "minute": 18,
        "second": 16,
        "nano": 0
      }
    },
    "citySender": "Львів",
    "cityRecipient": "Львів"
  },
  {
    "number": 59000454890044,
    "dateTime": {
      "date": {
        "year": 2019,
        "month": 10,
        "day": 15
      },
      "time": {
        "hour": 9,
        "minute": 18,
        "second": 20,
        "nano": 0
      }
    },
    "citySender": "Горішні Плавні",
    "cityRecipient": "Чернівці"
  },
  {
    "number": 59000454890045,
    "dateTime": {
      "date": {
        "year": 2019,
        "month": 10,
        "day": 15
      },
      "time": {
        "hour": 9,
        "minute": 14,
        "second": 56,
        "nano": 0
      }
    },
    "citySender": "Мирноград",
    "cityRecipient": "Слов\u0027янськ"
  },
  {
    "number": 59000454890046,
    "dateTime": {
      "date": {
        "year": 2019,
        "month": 10,
        "day": 15
      },
      "time": {
        "hour": 9,
        "minute": 17,
        "second": 24,
        "nano": 0
      }
    },
    "citySender": "Херсон",
    "cityRecipient": "Марганець"
  },
  {
    "number": 59000454890047,
    "dateTime": {
      "date": {
        "year": 2019,
        "month": 10,
        "day": 15
      },
      "time": {
        "hour": 9,
        "minute": 17,
        "second": 53,
        "nano": 0
      }
    },
    "citySender": "Бар",
    "cityRecipient": "Добровеличківка"
  },
  {
    "number": 59000454890048,
    "dateTime": {
      "date": {
        "year": 2019,
        "month": 10,
        "day": 15
      },
      "time": {
        "hour": 9,
        "minute": 16,
        "second": 11,
        "nano": 0
      }
    },
    "citySender": "Попасна",
    "cityRecipient": "Чернігів"
  },
  {
    "number": 59000454890049,
    "dateTime": {
      "date": {
        "year": 2019,
        "month": 10,
        "day": 15
      },
      "time": {
        "hour": 9,
        "minute": 16,
        "second": 35,
        "nano": 0
      }
    },
    "citySender": "Тернопіль",
    "cityRecipient": "Львів"
  },
  {
    "number": 59000454890050,
    "dateTime": {
      "date": {
        "year": 2019,
        "month": 10,
        "day": 15
      },
      "time": {
        "hour": 9,
        "minute": 17,
        "second": 34,
        "nano": 0
      }
    },
    "citySender": "Оратів",
    "cityRecipient": "Борщів"
  },
  {
    "number": 59000454890051,
    "dateTime": {
      "date": {
        "year": 2019,
        "month": 10,
        "day": 15
      },
      "time": {
        "hour": 9,
        "minute": 18,
        "second": 4,
        "nano": 0
      }
    },
    "citySender": "Миколаїв",
    "cityRecipient": "Одеса"
  },
  {
    "number": 59000454890052,
    "dateTime": {
      "date": {
        "year": 2019,
        "month": 10,
        "day": 15
      },
      "time": {
        "hour": 9,
        "minute": 18,
        "second": 19,
        "nano": 0
      }
    },
    "citySender": "Київ",
    "cityRecipient": "Бердянськ"
  },
  {
    "number": 59000454890053,
    "dateTime": {
      "date": {
        "year": 2019,
        "month": 10,
        "day": 15
      },
      "time": {
        "hour": 9,
        "minute": 17,
        "second": 25,
        "nano": 0
      }
    },
    "citySender": "Кам\u0027янець-Подільський",
    "cityRecipient": "Костопіль"
  },
  {
    "number": 59000454890054,
    "dateTime": {
      "date": {
        "year": 2019,
        "month": 10,
        "day": 15
      },
      "time": {
        "hour": 9,
        "minute": 18,
        "second": 8,
        "nano": 0
      }
    },
    "citySender": "Нікополь (Дніпропетровська обл.)",
    "cityRecipient": "Київ"
  },
  {
    "number": 59000454890055,
    "dateTime": {
      "date": {
        "year": 2019,
        "month": 10,
        "day": 15
      },
      "time": {
        "hour": 9,
        "minute": 18,
        "second": 27,
        "nano": 0
      }
    },
    "citySender": "Дніпро",
    "cityRecipient": "Київ"
  },
  {
    "number": 59000454890056,
    "dateTime": {
      "date": {
        "year": 2019,
        "month": 10,
        "day": 15
      },
      "time": {
        "hour": 9,
        "minute": 18,
        "second": 18,
        "nano": 0
      }
    },
    "citySender": "Чигирин",
    "cityRecipient": "Мукачево"
  },
  {
    "number": 59000454890057,
    "dateTime": {
      "date": {
        "year": 2019,
        "month": 10,
        "day": 15
      },
      "time": {
        "hour": 9,
        "minute": 18,
        "second": 26,
        "nano": 0
      }
    },
    "citySender": "Лубни",
    "cityRecipient": "Кропивницький"
  },
  {
    "number": 59000454890058,
    "dateTime": {
      "date": {
        "year": 2019,
        "month": 10,
        "day": 15
      },
      "time": {
        "hour": 9,
        "minute": 17,
        "second": 35,
        "nano": 0
      }
    },
    "citySender": "Новомосковськ",
    "cityRecipient": "Нова Водолага"
  },
  {
    "number": 59000454890059,
    "dateTime": {
      "date": {
        "year": 2019,
        "month": 10,
        "day": 15
      },
      "time": {
        "hour": 9,
        "minute": 18,
        "second": 7,
        "nano": 0
      }
    },
    "citySender": "Старобільськ",
    "cityRecipient": "Дніпро"
  },
  {
    "number": 59000454890060,
    "dateTime": {
      "date": {
        "year": 2019,
        "month": 10,
        "day": 15
      },
      "time": {
        "hour": 9,
        "minute": 18,
        "second": 28,
        "nano": 0
      }
    },
    "citySender": "Ізмаїл",
    "cityRecipient": "Київ"
  },
  {
    "number": 59000454890061,
    "dateTime": {
      "date": {
        "year": 2019,
        "month": 10,
        "day": 15
      },
      "time": {
        "hour": 9,
        "minute": 17,
        "second": 25,
        "nano": 0
      }
    },
    "citySender": "Луцьк",
    "cityRecipient": "Київ"
  },
  {
    "number": 59000454890062,
    "dateTime": {
      "date": {
        "year": 2019,
        "month": 10,
        "day": 15
      },
      "time": {
        "hour": 9,
        "minute": 17,
        "second": 58,
        "nano": 0
      }
    },
    "citySender": "Новомосковськ",
    "cityRecipient": "Київ"
  },
  {
    "number": 59000454890063,
    "dateTime": {
      "date": {
        "year": 2019,
        "month": 10,
        "day": 15
      },
      "time": {
        "hour": 9,
        "minute": 18,
        "second": 16,
        "nano": 0
      }
    },
    "citySender": "Монастириська",
    "cityRecipient": "Ужгород"
  },
  {
    "number": 59000454890064,
    "dateTime": {
      "date": {
        "year": 2019,
        "month": 10,
        "day": 15
      },
      "time": {
        "hour": 9,
        "minute": 17,
        "second": 4,
        "nano": 0
      }
    },
    "citySender": "Олександрія (м.Кіровогр.обл.райц)",
    "cityRecipient": "Новгородка(Кіровоградська обл.)"
  },
  {
    "number": 59000454890065,
    "dateTime": {
      "date": {
        "year": 2019,
        "month": 10,
        "day": 15
      },
      "time": {
        "hour": 9,
        "minute": 17,
        "second": 34,
        "nano": 0
      }
    },
    "citySender": "Запоріжжя",
    "cityRecipient": "Пологи (Запорізька обл.)"
  },
  {
    "number": 59000454890066,
    "dateTime": {
      "date": {
        "year": 2019,
        "month": 10,
        "day": 15
      },
      "time": {
        "hour": 9,
        "minute": 18,
        "second": 13,
        "nano": 0
      }
    },
    "citySender": "Верховина",
    "cityRecipient": "Київ"
  },
  {
    "number": 59000454890067,
    "dateTime": {
      "date": {
        "year": 2019,
        "month": 10,
        "day": 15
      },
      "time": {
        "hour": 9,
        "minute": 18,
        "second": 26,
        "nano": 0
      }
    },
    "citySender": "Кам\u0027янець-Подільський",
    "cityRecipient": "Кривий Ріг"
  },
  {
    "number": 59000454890068,
    "dateTime": {
      "date": {
        "year": 2019,
        "month": 10,
        "day": 15
      },
      "time": {
        "hour": 9,
        "minute": 18,
        "second": 30,
        "nano": 0
      }
    },
    "citySender": "Балки (Запорізька обл.)",
    "cityRecipient": "Запоріжжя"
  },
  {
    "number": 59000454890069,
    "dateTime": {
      "date": {
        "year": 2019,
        "month": 10,
        "day": 15
      },
      "time": {
        "hour": 9,
        "minute": 18,
        "second": 30,
        "nano": 0
      }
    },
    "citySender": "Вінниця",
    "cityRecipient": "Вінниця"
  },
  {
    "number": 59000454890070,
    "dateTime": {
      "date": {
        "year": 2019,
        "month": 10,
        "day": 15
      },
      "time": {
        "hour": 9,
        "minute": 15,
        "second": 18,
        "nano": 0
      }
    },
    "citySender": "Костянтинівка(Арбузинський р-н, Микол.обл.)",
    "cityRecipient": "Херсон"
  },
  {
    "number": 59000454890071,
    "dateTime": {
      "date": {
        "year": 2019,
        "month": 10,
        "day": 15
      },
      "time": {
        "hour": 9,
        "minute": 18,
        "second": 15,
        "nano": 0
      }
    },
    "citySender": "Тернопіль",
    "cityRecipient": "Харків"
  },
  {
    "number": 59000454890072,
    "dateTime": {
      "date": {
        "year": 2019,
        "month": 10,
        "day": 15
      },
      "time": {
        "hour": 9,
        "minute": 18,
        "second": 8,
        "nano": 0
      }
    },
    "citySender": "Полтава",
    "cityRecipient": "Чернівці"
  },
  {
    "number": 59000454890073,
    "dateTime": {
      "date": {
        "year": 2019,
        "month": 10,
        "day": 15
      },
      "time": {
        "hour": 9,
        "minute": 16,
        "second": 51,
        "nano": 0
      }
    },
    "citySender": "Одеса",
    "cityRecipient": "Дрогобич"
  },
  {
    "number": 59000454890074,
    "dateTime": {
      "date": {
        "year": 2019,
        "month": 10,
        "day": 15
      },
      "time": {
        "hour": 9,
        "minute": 18,
        "second": 7,
        "nano": 0
      }
    },
    "citySender": "Вознесенськ",
    "cityRecipient": "Дніпро"
  },
  {
    "number": 59000454890075,
    "dateTime": {
      "date": {
        "year": 2019,
        "month": 10,
        "day": 15
      },
      "time": {
        "hour": 9,
        "minute": 18,
        "second": 28,
        "nano": 0
      }
    },
    "citySender": "Львів",
    "cityRecipient": "Львів"
  },
  {
    "number": 59000454890076,
    "dateTime": {
      "date": {
        "year": 2019,
        "month": 10,
        "day": 15
      },
      "time": {
        "hour": 9,
        "minute": 18,
        "second": 11,
        "nano": 0
      }
    },
    "citySender": "Кропивницький",
    "cityRecipient": "Львів"
  },
  {
    "number": 59000454890077,
    "dateTime": {
      "date": {
        "year": 2019,
        "month": 10,
        "day": 15
      },
      "time": {
        "hour": 9,
        "minute": 18,
        "second": 12,
        "nano": 0
      }
    },
    "citySender": "Черкаси",
    "cityRecipient": "Київ"
  },
  {
    "number": 59000454890078,
    "dateTime": {
      "date": {
        "year": 2019,
        "month": 10,
        "day": 15
      },
      "time": {
        "hour": 9,
        "minute": 18,
        "second": 5,
        "nano": 0
      }
    },
    "citySender": "Лебедин (Сумська обл.)",
    "cityRecipient": "Васильків"
  },
  {
    "number": 59000454890080,
    "dateTime": {
      "date": {
        "year": 2019,
        "month": 10,
        "day": 15
      },
      "time": {
        "hour": 9,
        "minute": 18,
        "second": 32,
        "nano": 0
      }
    },
    "citySender": "Вознесенськ",
    "cityRecipient": "Тульчин"
  },
  {
    "number": 59000454890081,
    "dateTime": {
      "date": {
        "year": 2019,
        "month": 10,
        "day": 15
      },
      "time": {
        "hour": 9,
        "minute": 18,
        "second": 31,
        "nano": 0
      }
    },
    "citySender": "Кегичівка",
    "cityRecipient": "Одеса"
  },
  {
    "number": 59000454890082,
    "dateTime": {
      "date": {
        "year": 2019,
        "month": 10,
        "day": 15
      },
      "time": {
        "hour": 9,
        "minute": 17,
        "second": 29,
        "nano": 0
      }
    },
    "citySender": "Кучурган",
    "cityRecipient": "Колоденка"
  },
  {
    "number": 59000454890083,
    "dateTime": {
      "date": {
        "year": 2019,
        "month": 10,
        "day": 15
      },
      "time": {
        "hour": 9,
        "minute": 18,
        "second": 16,
        "nano": 0
      }
    },
    "citySender": "Крюківщина",
    "cityRecipient": "Харків"
  },
  {
    "number": 59000454890084,
    "dateTime": {
      "date": {
        "year": 2019,
        "month": 10,
        "day": 15
      },
      "time": {
        "hour": 9,
        "minute": 18,
        "second": 30,
        "nano": 0
      }
    },
    "citySender": "Тернопіль",
    "cityRecipient": "Затока"
  },
  {
    "number": 59000454890085,
    "dateTime": {
      "date": {
        "year": 2019,
        "month": 10,
        "day": 15
      },
      "time": {
        "hour": 9,
        "minute": 17,
        "second": 44,
        "nano": 0
      }
    },
    "citySender": "Бровари",
    "cityRecipient": "Харків"
  },
  {
    "number": 59000454890086,
    "dateTime": {
      "date": {
        "year": 2019,
        "month": 10,
        "day": 15
      },
      "time": {
        "hour": 9,
        "minute": 17,
        "second": 8,
        "nano": 0
      }
    },
    "citySender": "Рокитне (Київська обл., Рокитнянський р-н)",
    "cityRecipient": "Макарів"
  },
  {
    "number": 59000454890087,
    "dateTime": {
      "date": {
        "year": 2019,
        "month": 10,
        "day": 15
      },
      "time": {
        "hour": 9,
        "minute": 17,
        "second": 40,
        "nano": 0
      }
    },
    "citySender": "Київ",
    "cityRecipient": "Умань"
  },
  {
    "number": 59000454890088,
    "dateTime": {
      "date": {
        "year": 2019,
        "month": 10,
        "day": 15
      },
      "time": {
        "hour": 9,
        "minute": 18,
        "second": 14,
        "nano": 0
      }
    },
    "citySender": "Маріуполь",
    "cityRecipient": "Коломия"
  },
  {
    "number": 59000454890089,
    "dateTime": {
      "date": {
        "year": 2019,
        "month": 10,
        "day": 15
      },
      "time": {
        "hour": 9,
        "minute": 18,
        "second": 33,
        "nano": 0
      }
    },
    "citySender": "Київ",
    "cityRecipient": "Київ"
  },
  {
    "number": 59000454890090,
    "dateTime": {
      "date": {
        "year": 2019,
        "month": 10,
        "day": 15
      },
      "time": {
        "hour": 9,
        "minute": 18,
        "second": 26,
        "nano": 0
      }
    },
    "citySender": "Дніпро",
    "cityRecipient": "Харків"
  },
  {
    "number": 59000454890091,
    "dateTime": {
      "date": {
        "year": 2019,
        "month": 10,
        "day": 15
      },
      "time": {
        "hour": 9,
        "minute": 18,
        "second": 25,
        "nano": 0
      }
    },
    "citySender": "Київ",
    "cityRecipient": "Боярка"
  },
  {
    "number": 59000454890092,
    "dateTime": {
      "date": {
        "year": 2019,
        "month": 10,
        "day": 15
      },
      "time": {
        "hour": 9,
        "minute": 18,
        "second": 34,
        "nano": 0
      }
    },
    "citySender": "Львів",
    "cityRecipient": "Львів"
  },
  {
    "number": 59000454890093,
    "dateTime": {
      "date": {
        "year": 2019,
        "month": 10,
        "day": 15
      },
      "time": {
        "hour": 9,
        "minute": 18,
        "second": 24,
        "nano": 0
      }
    },
    "citySender": "Ужгород",
    "cityRecipient": "Вільногірськ"
  },
  {
    "number": 59000454890094,
    "dateTime": {
      "date": {
        "year": 2019,
        "month": 10,
        "day": 15
      },
      "time": {
        "hour": 9,
        "minute": 17,
        "second": 49,
        "nano": 0
      }
    },
    "citySender": "Трускавець",
    "cityRecipient": "Сколе"
  },
  {
    "number": 59000454890095,
    "dateTime": {
      "date": {
        "year": 2019,
        "month": 10,
        "day": 15
      },
      "time": {
        "hour": 9,
        "minute": 17,
        "second": 55,
        "nano": 0
      }
    },
    "citySender": "Жовті Води",
    "cityRecipient": "Кривий Ріг"
  },
  {
    "number": 59000454890097,
    "dateTime": {
      "date": {
        "year": 2019,
        "month": 10,
        "day": 15
      },
      "time": {
        "hour": 9,
        "minute": 15,
        "second": 49,
        "nano": 0
      }
    },
    "citySender": "Гірник",
    "cityRecipient": "Хмельницький"
  },
  {
    "number": 59000454890098,
    "dateTime": {
      "date": {
        "year": 2019,
        "month": 10,
        "day": 15
      },
      "time": {
        "hour": 9,
        "minute": 18,
        "second": 10,
        "nano": 0
      }
    },
    "citySender": "Одеса",
    "cityRecipient": "Львів"
  },
  {
    "number": 59000454890099,
    "dateTime": {
      "date": {
        "year": 2019,
        "month": 10,
        "day": 15
      },
      "time": {
        "hour": 9,
        "minute": 18,
        "second": 26,
        "nano": 0
      }
    },
    "citySender": "Запоріжжя",
    "cityRecipient": "Одеса"
  },
  {
    "number": 59000454890101,
    "dateTime": {
      "date": {
        "year": 2019,
        "month": 10,
        "day": 15
      },
      "time": {
        "hour": 9,
        "minute": 18,
        "second": 6,
        "nano": 0
      }
    },
    "citySender": "Бучач",
    "cityRecipient": "Одеса"
  },
  {
    "number": 59000454890102,
    "dateTime": {
      "date": {
        "year": 2019,
        "month": 10,
        "day": 15
      },
      "time": {
        "hour": 9,
        "minute": 18,
        "second": 12,
        "nano": 0
      }
    },
    "citySender": "Київ",
    "cityRecipient": "Херсон"
  },
  {
    "number": 59000454890103,
    "dateTime": {
      "date": {
        "year": 2019,
        "month": 10,
        "day": 15
      },
      "time": {
        "hour": 9,
        "minute": 18,
        "second": 9,
        "nano": 0
      }
    },
    "citySender": "Первомайськ(Микол.обл.Первомайс.р-н)",
    "cityRecipient": "Одеса"
  },
  {
    "number": 59000454890104,
    "dateTime": {
      "date": {
        "year": 2019,
        "month": 10,
        "day": 15
      },
      "time": {
        "hour": 9,
        "minute": 17,
        "second": 50,
        "nano": 0
      }
    },
    "citySender": "Чкаловське",
    "cityRecipient": "Кучурган"
  },
  {
    "number": 59000454890105,
    "dateTime": {
      "date": {
        "year": 2019,
        "month": 10,
        "day": 15
      },
      "time": {
        "hour": 9,
        "minute": 18,
        "second": 18,
        "nano": 0
      }
    },
    "citySender": "Бар",
    "cityRecipient": "Богородчани"
  },
  {
    "number": 59000454890106,
    "dateTime": {
      "date": {
        "year": 2019,
        "month": 10,
        "day": 15
      },
      "time": {
        "hour": 9,
        "minute": 18,
        "second": 32,
        "nano": 0
      }
    },
    "citySender": "Харків",
    "cityRecipient": "Верхівцеве"
  },
  {
    "number": 59000454890107,
    "dateTime": {
      "date": {
        "year": 2019,
        "month": 10,
        "day": 15
      },
      "time": {
        "hour": 9,
        "minute": 18,
        "second": 36,
        "nano": 0
      }
    },
    "citySender": "Харків",
    "cityRecipient": "Дніпро"
  },
  {
    "number": 59000454890108,
    "dateTime": {
      "date": {
        "year": 2019,
        "month": 10,
        "day": 15
      },
      "time": {
        "hour": 9,
        "minute": 18,
        "second": 26,
        "nano": 0
      }
    },
    "citySender": "Чупахівка",
    "cityRecipient": "Полтава"
  },
  {
    "number": 59000454890109,
    "dateTime": {
      "date": {
        "year": 2019,
        "month": 10,
        "day": 15
      },
      "time": {
        "hour": 9,
        "minute": 17,
        "second": 31,
        "nano": 0
      }
    },
    "citySender": "Часів Яр",
    "cityRecipient": "Стрижавка"
  },
  {
    "number": 59000454890110,
    "dateTime": {
      "date": {
        "year": 2019,
        "month": 10,
        "day": 15
      },
      "time": {
        "hour": 9,
        "minute": 18,
        "second": 27,
        "nano": 0
      }
    },
    "citySender": "Ладижин",
    "cityRecipient": "Вишневе"
  },
  {
    "number": 59000454890111,
    "dateTime": {
      "date": {
        "year": 2019,
        "month": 10,
        "day": 15
      },
      "time": {
        "hour": 9,
        "minute": 18,
        "second": 35,
        "nano": 0
      }
    },
    "citySender": "Хуст",
    "cityRecipient": "Поляниця (Буковель)"
  },
  {
    "number": 59000454890112,
    "dateTime": {
      "date": {
        "year": 2019,
        "month": 10,
        "day": 15
      },
      "time": {
        "hour": 9,
        "minute": 18,
        "second": 37,
        "nano": 0
      }
    },
    "citySender": "Старий Самбір",
    "cityRecipient": "Стецьківка"
  },
  {
    "number": 59000454890113,
    "dateTime": {
      "date": {
        "year": 2019,
        "month": 10,
        "day": 15
      },
      "time": {
        "hour": 9,
        "minute": 18,
        "second": 16,
        "nano": 0
      }
    },
    "citySender": "Драбів",
    "cityRecipient": "Київ"
  },
  {
    "number": 59000454890115,
    "dateTime": {
      "date": {
        "year": 2019,
        "month": 10,
        "day": 15
      },
      "time": {
        "hour": 9,
        "minute": 18,
        "second": 10,
        "nano": 0
      }
    },
    "citySender": "Роздільна (Одеська обл.)",
    "cityRecipient": "Полтава"
  },
  {
    "number": 59000454890116,
    "dateTime": {
      "date": {
        "year": 2019,
        "month": 10,
        "day": 15
      },
      "time": {
        "hour": 9,
        "minute": 17,
        "second": 46,
        "nano": 0
      }
    },
    "citySender": "Новоград-Волинський",
    "cityRecipient": "Київ"
  },
  {
    "number": 59000454890117,
    "dateTime": {
      "date": {
        "year": 2019,
        "month": 10,
        "day": 15
      },
      "time": {
        "hour": 9,
        "minute": 18,
        "second": 38,
        "nano": 0
      }
    },
    "citySender": "Лисичанськ",
    "cityRecipient": "Нива Трудова"
  },
  {
    "number": 59000454890118,
    "dateTime": {
      "date": {
        "year": 2019,
        "month": 10,
        "day": 15
      },
      "time": {
        "hour": 9,
        "minute": 17,
        "second": 47,
        "nano": 0
      }
    },
    "citySender": "Ізюм",
    "cityRecipient": "Одеса"
  },
  {
    "number": 59000454890119,
    "dateTime": {
      "date": {
        "year": 2019,
        "month": 10,
        "day": 15
      },
      "time": {
        "hour": 9,
        "minute": 18,
        "second": 0,
        "nano": 0
      }
    },
    "citySender": "Хотин",
    "cityRecipient": "Бровари"
  },
  {
    "number": 59000454890120,
    "dateTime": {
      "date": {
        "year": 2019,
        "month": 10,
        "day": 15
      },
      "time": {
        "hour": 9,
        "minute": 18,
        "second": 36,
        "nano": 0
      }
    },
    "citySender": "Дунаївці",
    "cityRecipient": "Сквира"
  },
  {
    "number": 59000454890121,
    "dateTime": {
      "date": {
        "year": 2019,
        "month": 10,
        "day": 15
      },
      "time": {
        "hour": 9,
        "minute": 17,
        "second": 55,
        "nano": 0
      }
    },
    "citySender": "Кам\u0027янське(Дніпропетровська обл)",
    "cityRecipient": "Чернівці"
  },
  {
    "number": 59000454890122,
    "dateTime": {
      "date": {
        "year": 2019,
        "month": 10,
        "day": 15
      },
      "time": {
        "hour": 9,
        "minute": 18,
        "second": 16,
        "nano": 0
      }
    },
    "citySender": "Лохвиця",
    "cityRecipient": "Київ"
  },
  {
    "number": 59000454890123,
    "dateTime": {
      "date": {
        "year": 2019,
        "month": 10,
        "day": 15
      },
      "time": {
        "hour": 9,
        "minute": 18,
        "second": 38,
        "nano": 0
      }
    },
    "citySender": "Буди (Харківська обл.)",
    "cityRecipient": "Харків"
  },
  {
    "number": 59000454890124,
    "dateTime": {
      "date": {
        "year": 2019,
        "month": 10,
        "day": 15
      },
      "time": {
        "hour": 9,
        "minute": 18,
        "second": 31,
        "nano": 0
      }
    },
    "citySender": "Одеса",
    "cityRecipient": "Вінниця"
  },
  {
    "number": 59000454890125,
    "dateTime": {
      "date": {
        "year": 2019,
        "month": 10,
        "day": 15
      },
      "time": {
        "hour": 9,
        "minute": 18,
        "second": 38,
        "nano": 0
      }
    },
    "citySender": "Ужгород",
    "cityRecipient": "Львів"
  },
  {
    "number": 59000454890126,
    "dateTime": {
      "date": {
        "year": 2019,
        "month": 10,
        "day": 15
      },
      "time": {
        "hour": 9,
        "minute": 17,
        "second": 3,
        "nano": 0
      }
    },
    "citySender": "Павлиш",
    "cityRecipient": "Київ"
  },
  {
    "number": 59000454890127,
    "dateTime": {
      "date": {
        "year": 2019,
        "month": 10,
        "day": 15
      },
      "time": {
        "hour": 9,
        "minute": 17,
        "second": 40,
        "nano": 0
      }
    },
    "citySender": "Ялта (Донецька обл.)",
    "cityRecipient": "Запоріжжя"
  },
  {
    "number": 59000454890128,
    "dateTime": {
      "date": {
        "year": 2019,
        "month": 10,
        "day": 15
      },
      "time": {
        "hour": 9,
        "minute": 18,
        "second": 39,
        "nano": 0
      }
    },
    "citySender": "Вінниця",
    "cityRecipient": "Вінниця"
  },
  {
    "number": 59000454890129,
    "dateTime": {
      "date": {
        "year": 2019,
        "month": 10,
        "day": 15
      },
      "time": {
        "hour": 9,
        "minute": 17,
        "second": 53,
        "nano": 0
      }
    },
    "citySender": "Сміла",
    "cityRecipient": "Чернігів"
  },
  {
    "number": 59000454890130,
    "dateTime": {
      "date": {
        "year": 2019,
        "month": 10,
        "day": 15
      },
      "time": {
        "hour": 9,
        "minute": 18,
        "second": 30,
        "nano": 0
      }
    },
    "citySender": "Кобеляки",
    "cityRecipient": "Харків"
  },
  {
    "number": 59000454890131,
    "dateTime": {
      "date": {
        "year": 2019,
        "month": 10,
        "day": 15
      },
      "time": {
        "hour": 9,
        "minute": 17,
        "second": 57,
        "nano": 0
      }
    },
    "citySender": "Канів",
    "cityRecipient": "Могилів-Подільський"
  },
  {
    "number": 59000454890132,
    "dateTime": {
      "date": {
        "year": 2019,
        "month": 10,
        "day": 15
      },
      "time": {
        "hour": 9,
        "minute": 17,
        "second": 52,
        "nano": 0
      }
    },
    "citySender": "Любомль",
    "cityRecipient": "Кривий Ріг"
  },
  {
    "number": 59000454890133,
    "dateTime": {
      "date": {
        "year": 2019,
        "month": 10,
        "day": 15
      },
      "time": {
        "hour": 9,
        "minute": 16,
        "second": 30,
        "nano": 0
      }
    },
    "citySender": "Велика Багачка",
    "cityRecipient": "Вишневе"
  },
  {
    "number": 59000454890134,
    "dateTime": {
      "date": {
        "year": 2019,
        "month": 10,
        "day": 15
      },
      "time": {
        "hour": 9,
        "minute": 18,
        "second": 21,
        "nano": 0
      }
    },
    "citySender": "Кам\u0027янець-Подільський",
    "cityRecipient": "Вишгород"
  },
  {
    "number": 59000454890135,
    "dateTime": {
      "date": {
        "year": 2019,
        "month": 10,
        "day": 15
      },
      "time": {
        "hour": 9,
        "minute": 16,
        "second": 6,
        "nano": 0
      }
    },
    "citySender": "Бабинці",
    "cityRecipient": "Дніпро"
  },
  {
    "number": 59000454890136,
    "dateTime": {
      "date": {
        "year": 2019,
        "month": 10,
        "day": 15
      },
      "time": {
        "hour": 9,
        "minute": 18,
        "second": 23,
        "nano": 0
      }
    },
    "citySender": "Звенигородка",
    "cityRecipient": "Іванків (Іванківський р-н)"
  },
  {
    "number": 59000454890137,
    "dateTime": {
      "date": {
        "year": 2019,
        "month": 10,
        "day": 15
      },
      "time": {
        "hour": 9,
        "minute": 18,
        "second": 10,
        "nano": 0
      }
    },
    "citySender": "Вільногірськ",
    "cityRecipient": "Калуш"
  },
  {
    "number": 59000454890138,
    "dateTime": {
      "date": {
        "year": 2019,
        "month": 10,
        "day": 15
      },
      "time": {
        "hour": 9,
        "minute": 18,
        "second": 33,
        "nano": 0
      }
    },
    "citySender": "Кролевець",
    "cityRecipient": "Одеса"
  },
  {
    "number": 59000454890139,
    "dateTime": {
      "date": {
        "year": 2019,
        "month": 10,
        "day": 15
      },
      "time": {
        "hour": 9,
        "minute": 18,
        "second": 27,
        "nano": 0
      }
    },
    "citySender": "Вінниця",
    "cityRecipient": "Дніпро"
  },
  {
    "number": 59000454890140,
    "dateTime": {
      "date": {
        "year": 2019,
        "month": 10,
        "day": 15
      },
      "time": {
        "hour": 9,
        "minute": 18,
        "second": 13,
        "nano": 0
      }
    },
    "citySender": "Лисичанськ",
    "cityRecipient": "Білозір\u0027я"
  },
  {
    "number": 59000454890141,
    "dateTime": {
      "date": {
        "year": 2019,
        "month": 10,
        "day": 15
      },
      "time": {
        "hour": 9,
        "minute": 17,
        "second": 4,
        "nano": 0
      }
    },
    "citySender": "Київ",
    "cityRecipient": "Київ"
  },
  {
    "number": 59000454890142,
    "dateTime": {
      "date": {
        "year": 2019,
        "month": 10,
        "day": 15
      },
      "time": {
        "hour": 9,
        "minute": 18,
        "second": 13,
        "nano": 0
      }
    },
    "citySender": "Стрий",
    "cityRecipient": "Великі Мости"
  }
]