[
  {
    "number": 59000454898938,
    "dateTime": {
      "date": {
        "year": 2019,
        "month": 10,
        "day": 15
      },
      "time": {
        "hour": 9,
        "minute": 40,
        "second": 56,
        "nano": 0
      }
    },
    "citySender": "Чернівці",
    "cityRecipient": "Рубіжне"
  },
  {
    "number": 59000454898939,
    "dateTime": {
      "date": {
        "year": 2019,
        "month": 10,
        "day": 15
      },
      "time": {
        "hour": 9,
        "minute": 41,
        "second": 41,
        "nano": 0
      }
    },
    "citySender": "Чорнобай",
    "cityRecipient": "Канів"
  },
  {
    "number": 59000454898940,
    "dateTime": {
      "date": {
        "year": 2019,
        "month": 10,
        "day": 15
      },
      "time": {
        "hour": 9,
        "minute": 41,
        "second": 40,
        "nano": 0
      }
    },
    "citySender": "Кропивницький",
    "cityRecipient": "Маріуполь"
  },
  {
    "number": 59000454898941,
    "dateTime": {
      "date": {
        "year": 2019,
        "month": 10,
        "day": 15
      },
      "time": {
        "hour": 9,
        "minute": 41,
        "second": 16,
        "nano": 0
      }
    },
    "citySender": "Чернівці",
    "cityRecipient": "Кременчук"
  },
  {
    "number": 59000454898942,
    "dateTime": {
      "date": {
        "year": 2019,
        "month": 10,
        "day": 15
      },
      "time": {
        "hour": 9,
        "minute": 35,
        "second": 23,
        "nano": 0
      }
    },
    "citySender": "Андріївка (Великоновосілківський р-н)",
    "cityRecipient": "Київ"
  },
  {
    "number": 59000454898943,
    "dateTime": {
      "date": {
        "year": 2019,
        "month": 10,
        "day": 15
      },
      "time": {
        "hour": 9,
        "minute": 41,
        "second": 27,
        "nano": 0
      }
    },
    "citySender": "Сєвєродонецьк",
    "cityRecipient": "Одеса"
  },
  {
    "number": 59000454898944,
    "dateTime": {
      "date": {
        "year": 2019,
        "month": 10,
        "day": 15
      },
      "time": {
        "hour": 9,
        "minute": 41,
        "second": 39,
        "nano": 0
      }
    },
    "citySender": "Арциз",
    "cityRecipient": "Черкаси"
  },
  {
    "number": 59000454898945,
    "dateTime": {
      "date": {
        "year": 2019,
        "month": 10,
        "day": 15
      },
      "time": {
        "hour": 9,
        "minute": 41,
        "second": 10,
        "nano": 0
      }
    },
    "citySender": "Смига",
    "cityRecipient": "Романів"
  },
  {
    "number": 59000454898946,
    "dateTime": {
      "date": {
        "year": 2019,
        "month": 10,
        "day": 15
      },
      "time": {
        "hour": 9,
        "minute": 41,
        "second": 38,
        "nano": 0
      }
    },
    "citySender": "Івано-Франківськ",
    "cityRecipient": "Тернопіль"
  },
  {
    "number": 59000454898947,
    "dateTime": {
      "date": {
        "year": 2019,
        "month": 10,
        "day": 15
      },
      "time": {
        "hour": 9,
        "minute": 38,
        "second": 4,
        "nano": 0
      }
    },
    "citySender": "Біляївка",
    "cityRecipient": "Окни"
  },
  {
    "number": 59000454898948,
    "dateTime": {
      "date": {
        "year": 2019,
        "month": 10,
        "day": 15
      },
      "time": {
        "hour": 9,
        "minute": 41,
        "second": 43,
        "nano": 0
      }
    },
    "citySender": "Дніпро",
    "cityRecipient": "Полтава"
  },
  {
    "number": 59000454898949,
    "dateTime": {
      "date": {
        "year": 2019,
        "month": 10,
        "day": 15
      },
      "time": {
        "hour": 9,
        "minute": 41,
        "second": 38,
        "nano": 0
      }
    },
    "citySender": "Сарни",
    "cityRecipient": "Кам\u0027янець-Подільський"
  },
  {
    "number": 59000454898950,
    "dateTime": {
      "date": {
        "year": 2019,
        "month": 10,
        "day": 15
      },
      "time": {
        "hour": 9,
        "minute": 41,
        "second": 56,
        "nano": 0
      }
    },
    "citySender": "Лебедин (Сумська обл.)",
    "cityRecipient": "Суми"
  },
  {
    "number": 59000454898951,
    "dateTime": {
      "date": {
        "year": 2019,
        "month": 10,
        "day": 15
      },
      "time": {
        "hour": 9,
        "minute": 41,
        "second": 54,
        "nano": 0
      }
    },
    "citySender": "Товсте",
    "cityRecipient": "Станиця Луганська"
  },
  {
    "number": 59000454898952,
    "dateTime": {
      "date": {
        "year": 2019,
        "month": 10,
        "day": 15
      },
      "time": {
        "hour": 9,
        "minute": 41,
        "second": 41,
        "nano": 0
      }
    },
    "citySender": "Брилівка",
    "cityRecipient": "Кременець"
  },
  {
    "number": 59000454898953,
    "dateTime": {
      "date": {
        "year": 2019,
        "month": 10,
        "day": 15
      },
      "time": {
        "hour": 9,
        "minute": 41,
        "second": 32,
        "nano": 0
      }
    },
    "citySender": "Київ",
    "cityRecipient": "Київ"
  },
  {
    "number": 59000454898954,
    "dateTime": {
      "date": {
        "year": 2019,
        "month": 10,
        "day": 15
      },
      "time": {
        "hour": 9,
        "minute": 41,
        "second": 56,
        "nano": 0
      }
    },
    "citySender": "Івано-Франківськ",
    "cityRecipient": "Харків"
  },
  {
    "number": 59000454898955,
    "dateTime": {
      "date": {
        "year": 2019,
        "month": 10,
        "day": 15
      },
      "time": {
        "hour": 9,
        "minute": 41,
        "second": 46,
        "nano": 0
      }
    },
    "citySender": "Ізюм",
    "cityRecipient": "Київ"
  },
  {
    "number": 59000454898956,
    "dateTime": {
      "date": {
        "year": 2019,
        "month": 10,
        "day": 15
      },
      "time": {
        "hour": 9,
        "minute": 41,
        "second": 56,
        "nano": 0
      }
    },
    "citySender": "Харків",
    "cityRecipient": "Рівне"
  },
  {
    "number": 59000454898957,
    "dateTime": {
      "date": {
        "year": 2019,
        "month": 10,
        "day": 15
      },
      "time": {
        "hour": 9,
        "minute": 41,
        "second": 53,
        "nano": 0
      }
    },
    "citySender": "Кам\u0027янське(Дніпропетровська обл)",
    "cityRecipient": "Київ"
  },
  {
    "number": 59000454898958,
    "dateTime": {
      "date": {
        "year": 2019,
        "month": 10,
        "day": 15
      },
      "time": {
        "hour": 9,
        "minute": 41,
        "second": 17,
        "nano": 0
      }
    },
    "citySender": "Харків",
    "cityRecipient": "Київ"
  },
  {
    "number": 59000454898959,
    "dateTime": {
      "date": {
        "year": 2019,
        "month": 10,
        "day": 15
      },
      "time": {
        "hour": 9,
        "minute": 41,
        "second": 57,
        "nano": 0
      }
    },
    "citySender": "Деражня",
    "cityRecipient": "Черкаси"
  },
  {
    "number": 59000454898960,
    "dateTime": {
      "date": {
        "year": 2019,
        "month": 10,
        "day": 15
      },
      "time": {
        "hour": 9,
        "minute": 41,
        "second": 42,
        "nano": 0
      }
    },
    "citySender": "Святогірськ",
    "cityRecipient": "Дніпро"
  },
  {
    "number": 59000454898961,
    "dateTime": {
      "date": {
        "year": 2019,
        "month": 10,
        "day": 15
      },
      "time": {
        "hour": 9,
        "minute": 41,
        "second": 32,
        "nano": 0
      }
    },
    "citySender": "Лубни",
    "cityRecipient": "Полтава"
  },
  {
    "number": 59000454898962,
    "dateTime": {
      "date": {
        "year": 2019,
        "month": 10,
        "day": 15
      },
      "time": {
        "hour": 9,
        "minute": 41,
        "second": 52,
        "nano": 0
      }
    },
    "citySender": "Харків",
    "cityRecipient": "Івано-Франківськ"
  },
  {
    "number": 59000454898963,
    "dateTime": {
      "date": {
        "year": 2019,
        "month": 10,
        "day": 15
      },
      "time": {
        "hour": 9,
        "minute": 41,
        "second": 34,
        "nano": 0
      }
    },
    "citySender": "Харків",
    "cityRecipient": "Пирятин"
  },
  {
    "number": 59000454898964,
    "dateTime": {
      "date": {
        "year": 2019,
        "month": 10,
        "day": 15
      },
      "time": {
        "hour": 9,
        "minute": 41,
        "second": 51,
        "nano": 0
      }
    },
    "citySender": "Київ",
    "cityRecipient": "Київ"
  },
  {
    "number": 59000454898965,
    "dateTime": {
      "date": {
        "year": 2019,
        "month": 10,
        "day": 15
      },
      "time": {
        "hour": 9,
        "minute": 41,
        "second": 26,
        "nano": 0
      }
    },
    "citySender": "Орлівщина",
    "cityRecipient": "Іршанськ"
  },
  {
    "number": 59000454898966,
    "dateTime": {
      "date": {
        "year": 2019,
        "month": 10,
        "day": 15
      },
      "time": {
        "hour": 9,
        "minute": 41,
        "second": 47,
        "nano": 0
      }
    },
    "citySender": "Снігурівка",
    "cityRecipient": "Чернігів"
  },
  {
    "number": 59000454898967,
    "dateTime": {
      "date": {
        "year": 2019,
        "month": 10,
        "day": 15
      },
      "time": {
        "hour": 9,
        "minute": 41,
        "second": 54,
        "nano": 0
      }
    },
    "citySender": "Заліщики",
    "cityRecipient": "Ставище"
  },
  {
    "number": 59000454898968,
    "dateTime": {
      "date": {
        "year": 2019,
        "month": 10,
        "day": 15
      },
      "time": {
        "hour": 9,
        "minute": 41,
        "second": 40,
        "nano": 0
      }
    },
    "citySender": "Дніпро",
    "cityRecipient": "Дніпро"
  },
  {
    "number": 59000454898969,
    "dateTime": {
      "date": {
        "year": 2019,
        "month": 10,
        "day": 15
      },
      "time": {
        "hour": 9,
        "minute": 41,
        "second": 58,
        "nano": 0
      }
    },
    "citySender": "Вінниця",
    "cityRecipient": "Вінниця"
  },
  {
    "number": 59000454898970,
    "dateTime": {
      "date": {
        "year": 2019,
        "month": 10,
        "day": 15
      },
      "time": {
        "hour": 9,
        "minute": 41,
        "second": 58,
        "nano": 0
      }
    },
    "citySender": "Житомир",
    "cityRecipient": "Кропивницький"
  },
  {
    "number": 59000454898971,
    "dateTime": {
      "date": {
        "year": 2019,
        "month": 10,
        "day": 15
      },
      "time": {
        "hour": 9,
        "minute": 40,
        "second": 43,
        "nano": 0
      }
    },
    "citySender": "Конотоп",
    "cityRecipient": "Херсон"
  },
  {
    "number": 59000454898972,
    "dateTime": {
      "date": {
        "year": 2019,
        "month": 10,
        "day": 15
      },
      "time": {
        "hour": 9,
        "minute": 40,
        "second": 52,
        "nano": 0
      }
    },
    "citySender": "Бобровиця",
    "cityRecipient": "Львів"
  },
  {
    "number": 59000454898973,
    "dateTime": {
      "date": {
        "year": 2019,
        "month": 10,
        "day": 15
      },
      "time": {
        "hour": 9,
        "minute": 41,
        "second": 22,
        "nano": 0
      }
    },
    "citySender": "Теофіполь",
    "cityRecipient": "Десна (Чернігівська обл.)"
  },
  {
    "number": 59000454898974,
    "dateTime": {
      "date": {
        "year": 2019,
        "month": 10,
        "day": 15
      },
      "time": {
        "hour": 9,
        "minute": 41,
        "second": 20,
        "nano": 0
      }
    },
    "citySender": "Кобеляки",
    "cityRecipient": "Дружківка"
  },
  {
    "number": 59000454898975,
    "dateTime": {
      "date": {
        "year": 2019,
        "month": 10,
        "day": 15
      },
      "time": {
        "hour": 9,
        "minute": 41,
        "second": 55,
        "nano": 0
      }
    },
    "citySender": "Рованці",
    "cityRecipient": "Харків"
  },
  {
    "number": 59000454898976,
    "dateTime": {
      "date": {
        "year": 2019,
        "month": 10,
        "day": 15
      },
      "time": {
        "hour": 9,
        "minute": 41,
        "second": 22,
        "nano": 0
      }
    },
    "citySender": "Нерубайське",
    "cityRecipient": "Дніпро"
  },
  {
    "number": 59000454898977,
    "dateTime": {
      "date": {
        "year": 2019,
        "month": 10,
        "day": 15
      },
      "time": {
        "hour": 9,
        "minute": 41,
        "second": 25,
        "nano": 0
      }
    },
    "citySender": "Дубровиця (Рівненська обл.)",
    "cityRecipient": "Київ"
  },
  {
    "number": 59000454898978,
    "dateTime": {
      "date": {
        "year": 2019,
        "month": 10,
        "day": 15
      },
      "time": {
        "hour": 9,
        "minute": 40,
        "second": 22,
        "nano": 0
      }
    },
    "citySender": "Полтава",
    "cityRecipient": "Харків"
  },
  {
    "number": 59000454898979,
    "dateTime": {
      "date": {
        "year": 2019,
        "month": 10,
        "day": 15
      },
      "time": {
        "hour": 9,
        "minute": 41,
        "second": 59,
        "nano": 0
      }
    },
    "citySender": "Кривий Ріг",
    "cityRecipient": "Кривий Ріг"
  },
  {
    "number": 59000454898980,
    "dateTime": {
      "date": {
        "year": 2019,
        "month": 10,
        "day": 15
      },
      "time": {
        "hour": 9,
        "minute": 41,
        "second": 39,
        "nano": 0
      }
    },
    "citySender": "Кути (Косівський р-н)",
    "cityRecipient": "Краматорськ"
  },
  {
    "number": 59000454898981,
    "dateTime": {
      "date": {
        "year": 2019,
        "month": 10,
        "day": 15
      },
      "time": {
        "hour": 9,
        "minute": 41,
        "second": 57,
        "nano": 0
      }
    },
    "citySender": "Чернівці",
    "cityRecipient": "Білгород-Дністровський"
  },
  {
    "number": 59000454898982,
    "dateTime": {
      "date": {
        "year": 2019,
        "month": 10,
        "day": 15
      },
      "time": {
        "hour": 9,
        "minute": 41,
        "second": 57,
        "nano": 0
      }
    },
    "citySender": "Дубно",
    "cityRecipient": "Вінниця"
  },
  {
    "number": 59000454898983,
    "dateTime": {
      "date": {
        "year": 2019,
        "month": 10,
        "day": 15
      },
      "time": {
        "hour": 9,
        "minute": 41,
        "second": 43,
        "nano": 0
      }
    },
    "citySender": "Харків",
    "cityRecipient": "Херсон"
  },
  {
    "number": 59000454898984,
    "dateTime": {
      "date": {
        "year": 2019,
        "month": 10,
        "day": 15
      },
      "time": {
        "hour": 9,
        "minute": 41,
        "second": 17,
        "nano": 0
      }
    },
    "citySender": "Гайсин",
    "cityRecipient": "Львів"
  },
  {
    "number": 59000454898985,
    "dateTime": {
      "date": {
        "year": 2019,
        "month": 10,
        "day": 15
      },
      "time": {
        "hour": 9,
        "minute": 41,
        "second": 51,
        "nano": 0
      }
    },
    "citySender": "Харків",
    "cityRecipient": "Сокирниця (Хуст.р-н,Закарпатська обл.)"
  },
  {
    "number": 59000454898986,
    "dateTime": {
      "date": {
        "year": 2019,
        "month": 10,
        "day": 15
      },
      "time": {
        "hour": 9,
        "minute": 42,
        "second": 1,
        "nano": 0
      }
    },
    "citySender": "Львів",
    "cityRecipient": "Львів"
  },
  {
    "number": 59000454898987,
    "dateTime": {
      "date": {
        "year": 2019,
        "month": 10,
        "day": 15
      },
      "time": {
        "hour": 9,
        "minute": 41,
        "second": 24,
        "nano": 0
      }
    },
    "citySender": "Журавно",
    "cityRecipient": "Кілія"
  },
  {
    "number": 59000454898989,
    "dateTime": {
      "date": {
        "year": 2019,
        "month": 10,
        "day": 15
      },
      "time": {
        "hour": 9,
        "minute": 41,
        "second": 1,
        "nano": 0
      }
    },
    "citySender": "Дніпро",
    "cityRecipient": "Київ"
  },
  {
    "number": 59000454898990,
    "dateTime": {
      "date": {
        "year": 2019,
        "month": 10,
        "day": 15
      },
      "time": {
        "hour": 9,
        "minute": 41,
        "second": 52,
        "nano": 0
      }
    },
    "citySender": "Мирноград",
    "cityRecipient": "Білгород-Дністровський"
  },
  {
    "number": 59000454898991,
    "dateTime": {
      "date": {
        "year": 2019,
        "month": 10,
        "day": 15
      },
      "time": {
        "hour": 9,
        "minute": 41,
        "second": 40,
        "nano": 0
      }
    },
    "citySender": "Бердянськ",
    "cityRecipient": "Вугледар"
  },
  {
    "number": 59000454898992,
    "dateTime": {
      "date": {
        "year": 2019,
        "month": 10,
        "day": 15
      },
      "time": {
        "hour": 9,
        "minute": 41,
        "second": 0,
        "nano": 0
      }
    },
    "citySender": "Одеса",
    "cityRecipient": "Харків"
  },
  {
    "number": 59000454898993,
    "dateTime": {
      "date": {
        "year": 2019,
        "month": 10,
        "day": 15
      },
      "time": {
        "hour": 9,
        "minute": 41,
        "second": 12,
        "nano": 0
      }
    },
    "citySender": "Київ",
    "cityRecipient": "Боярка"
  },
  {
    "number": 59000454898994,
    "dateTime": {
      "date": {
        "year": 2019,
        "month": 10,
        "day": 15
      },
      "time": {
        "hour": 9,
        "minute": 42,
        "second": 2,
        "nano": 0
      }
    },
    "citySender": "Нікополь (Дніпропетровська обл.)",
    "cityRecipient": "Запоріжжя"
  },
  {
    "number": 59000454898995,
    "dateTime": {
      "date": {
        "year": 2019,
        "month": 10,
        "day": 15
      },
      "time": {
        "hour": 9,
        "minute": 41,
        "second": 48,
        "nano": 0
      }
    },
    "citySender": "Львів",
    "cityRecipient": "Рівне"
  },
  {
    "number": 59000454898996,
    "dateTime": {
      "date": {
        "year": 2019,
        "month": 10,
        "day": 15
      },
      "time": {
        "hour": 9,
        "minute": 41,
        "second": 33,
        "nano": 0
      }
    },
    "citySender": "Бахмут",
    "cityRecipient": "Київ"
  },
  {
    "number": 59000454898998,
    "dateTime": {
      "date": {
        "year": 2019,
        "month": 10,
        "day": 15
      },
      "time": {
        "hour": 9,
        "minute": 41,
        "second": 16,
        "nano": 0
      }
    },
    "citySender": "Первомайський (Харківська обл.)",
    "cityRecipient": "Сєвєродонецьк"
  },
  {
    "number": 59000454898999,
    "dateTime": {
      "date": {
        "year": 2019,
        "month": 10,
        "day": 15
      },
      "time": {
        "hour": 9,
        "minute": 41,
        "second": 52,
        "nano": 0
      }
    },
    "citySender": "Львів",
    "cityRecipient": "Городок(Львівська обл.)"
  },
  {
    "number": 59000454899000,
    "dateTime": {
      "date": {
        "year": 2019,
        "month": 10,
        "day": 15
      },
      "time": {
        "hour": 9,
        "minute": 42,
        "second": 1,
        "nano": 0
      }
    },
    "citySender": "Жихор",
    "cityRecipient": "Полтава"
  },
  {
    "number": 59000454899001,
    "dateTime": {
      "date": {
        "year": 2019,
        "month": 10,
        "day": 15
      },
      "time": {
        "hour": 9,
        "minute": 41,
        "second": 45,
        "nano": 0
      }
    },
    "citySender": "Дніпро",
    "cityRecipient": "Білогородка (Київська обл.)"
  },
  {
    "number": 59000454899002,
    "dateTime": {
      "date": {
        "year": 2019,
        "month": 10,
        "day": 15
      },
      "time": {
        "hour": 9,
        "minute": 36,
        "second": 20,
        "nano": 0
      }
    },
    "citySender": "Новий Калинів",
    "cityRecipient": "Мар\u0027їнка"
  },
  {
    "number": 59000454899003,
    "dateTime": {
      "date": {
        "year": 2019,
        "month": 10,
        "day": 15
      },
      "time": {
        "hour": 9,
        "minute": 41,
        "second": 51,
        "nano": 0
      }
    },
    "citySender": "Дніпро",
    "cityRecipient": "Дніпро"
  },
  {
    "number": 59000454899004,
    "dateTime": {
      "date": {
        "year": 2019,
        "month": 10,
        "day": 15
      },
      "time": {
        "hour": 9,
        "minute": 42,
        "second": 3,
        "nano": 0
      }
    },
    "citySender": "Хуст",
    "cityRecipient": "Григорівка"
  },
  {
    "number": 59000454899005,
    "dateTime": {
      "date": {
        "year": 2019,
        "month": 10,
        "day": 15
      },
      "time": {
        "hour": 9,
        "minute": 41,
        "second": 44,
        "nano": 0
      }
    },
    "citySender": "Харків",
    "cityRecipient": "Ізмаїл"
  },
  {
    "number": 59000454899006,
    "dateTime": {
      "date": {
        "year": 2019,
        "month": 10,
        "day": 15
      },
      "time": {
        "hour": 9,
        "minute": 42,
        "second": 3,
        "nano": 0
      }
    },
    "citySender": "Рівне",
    "cityRecipient": "Київ"
  },
  {
    "number": 59000454899007,
    "dateTime": {
      "date": {
        "year": 2019,
        "month": 10,
        "day": 15
      },
      "time": {
        "hour": 9,
        "minute": 41,
        "second": 33,
        "nano": 0
      }
    },
    "citySender": "Володимир-Волинський",
    "cityRecipient": "Київ"
  },
  {
    "number": 59000454899008,
    "dateTime": {
      "date": {
        "year": 2019,
        "month": 10,
        "day": 15
      },
      "time": {
        "hour": 9,
        "minute": 42,
        "second": 4,
        "nano": 0
      }
    },
    "citySender": "Полтава",
    "cityRecipient": "Київ"
  },
  {
    "number": 59000454899009,
    "dateTime": {
      "date": {
        "year": 2019,
        "month": 10,
        "day": 15
      },
      "time": {
        "hour": 9,
        "minute": 40,
        "second": 48,
        "nano": 0
      }
    },
    "citySender": "Новомосковськ",
    "cityRecipient": "Чернігів"
  },
  {
    "number": 59000454899010,
    "dateTime": {
      "date": {
        "year": 2019,
        "month": 10,
        "day": 15
      },
      "time": {
        "hour": 9,
        "minute": 40,
        "second": 40,
        "nano": 0
      }
    },
    "citySender": "Київ",
    "cityRecipient": "Львів"
  },
  {
    "number": 59000454899011,
    "dateTime": {
      "date": {
        "year": 2019,
        "month": 10,
        "day": 15
      },
      "time": {
        "hour": 9,
        "minute": 41,
        "second": 50,
        "nano": 0
      }
    },
    "citySender": "Тернопіль",
    "cityRecipient": "Хмельницький"
  },
  {
    "number": 59000454899012,
    "dateTime": {
      "date": {
        "year": 2019,
        "month": 10,
        "day": 15
      },
      "time": {
        "hour": 9,
        "minute": 42,
        "second": 4,
        "nano": 0
      }
    },
    "citySender": "Добросин",
    "cityRecipient": "Київ"
  },
  {
    "number": 59000454899013,
    "dateTime": {
      "date": {
        "year": 2019,
        "month": 10,
        "day": 15
      },
      "time": {
        "hour": 9,
        "minute": 41,
        "second": 36,
        "nano": 0
      }
    },
    "citySender": "Запоріжжя",
    "cityRecipient": "Чернігів"
  },
  {
    "number": 59000454899014,
    "dateTime": {
      "date": {
        "year": 2019,
        "month": 10,
        "day": 15
      },
      "time": {
        "hour": 9,
        "minute": 41,
        "second": 45,
        "nano": 0
      }
    },
    "citySender": "Запоріжжя",
    "cityRecipient": "Київ"
  },
  {
    "number": 59000454899015,
    "dateTime": {
      "date": {
        "year": 2019,
        "month": 10,
        "day": 15
      },
      "time": {
        "hour": 9,
        "minute": 41,
        "second": 32,
        "nano": 0
      }
    },
    "citySender": "Побузьке",
    "cityRecipient": "Харків"
  },
  {
    "number": 59000454899016,
    "dateTime": {
      "date": {
        "year": 2019,
        "month": 10,
        "day": 15
      },
      "time": {
        "hour": 9,
        "minute": 41,
        "second": 9,
        "nano": 0
      }
    },
    "citySender": "Чернівці",
    "cityRecipient": "Самбір"
  },
  {
    "number": 59000454899017,
    "dateTime": {
      "date": {
        "year": 2019,
        "month": 10,
        "day": 15
      },
      "time": {
        "hour": 9,
        "minute": 42,
        "second": 0,
        "nano": 0
      }
    },
    "citySender": "Львів",
    "cityRecipient": "Броди"
  },
  {
    "number": 59000454899018,
    "dateTime": {
      "date": {
        "year": 2019,
        "month": 10,
        "day": 15
      },
      "time": {
        "hour": 9,
        "minute": 41,
        "second": 26,
        "nano": 0
      }
    },
    "citySender": "Новотроїцьке (Херсонська обл.)",
    "cityRecipient": "Одеса"
  },
  {
    "number": 59000454899019,
    "dateTime": {
      "date": {
        "year": 2019,
        "month": 10,
        "day": 15
      },
      "time": {
        "hour": 9,
        "minute": 41,
        "second": 56,
        "nano": 0
      }
    },
    "citySender": "Бориспіль",
    "cityRecipient": "Війтівці (Хмельницька обл.)"
  },
  {
    "number": 59000454899020,
    "dateTime": {
      "date": {
        "year": 2019,
        "month": 10,
        "day": 15
      },
      "time": {
        "hour": 9,
        "minute": 41,
        "second": 56,
        "nano": 0
      }
    },
    "citySender": "Вінниця",
    "cityRecipient": "Жмеринка"
  },
  {
    "number": 59000454899021,
    "dateTime": {
      "date": {
        "year": 2019,
        "month": 10,
        "day": 15
      },
      "time": {
        "hour": 9,
        "minute": 41,
        "second": 58,
        "nano": 0
      }
    },
    "citySender": "Маріуполь",
    "cityRecipient": "Дніпро"
  },
  {
    "number": 59000454899022,
    "dateTime": {
      "date": {
        "year": 2019,
        "month": 10,
        "day": 15
      },
      "time": {
        "hour": 9,
        "minute": 42,
        "second": 5,
        "nano": 0
      }
    },
    "citySender": "Чернівці",
    "cityRecipient": "Мелітополь"
  },
  {
    "number": 59000454899023,
    "dateTime": {
      "date": {
        "year": 2019,
        "month": 10,
        "day": 15
      },
      "time": {
        "hour": 9,
        "minute": 41,
        "second": 49,
        "nano": 0
      }
    },
    "citySender": "Харків",
    "cityRecipient": "Київ"
  },
  {
    "number": 59000454899024,
    "dateTime": {
      "date": {
        "year": 2019,
        "month": 10,
        "day": 15
      },
      "time": {
        "hour": 9,
        "minute": 41,
        "second": 56,
        "nano": 0
      }
    },
    "citySender": "Шепетівка",
    "cityRecipient": "Бар"
  },
  {
    "number": 59000454899025,
    "dateTime": {
      "date": {
        "year": 2019,
        "month": 10,
        "day": 15
      },
      "time": {
        "hour": 9,
        "minute": 41,
        "second": 48,
        "nano": 0
      }
    },
    "citySender": "Харків",
    "cityRecipient": "Рівне"
  },
  {
    "number": 59000454899026,
    "dateTime": {
      "date": {
        "year": 2019,
        "month": 10,
        "day": 15
      },
      "time": {
        "hour": 9,
        "minute": 41,
        "second": 34,
        "nano": 0
      }
    },
    "citySender": "Полтава",
    "cityRecipient": "Васильків"
  },
  {
    "number": 59000454899027,
    "dateTime": {
      "date": {
        "year": 2019,
        "month": 10,
        "day": 15
      },
      "time": {
        "hour": 9,
        "minute": 41,
        "second": 28,
        "nano": 0
      }
    },
    "citySender": "Ізюм",
    "cityRecipient": "Київ"
  },
  {
    "number": 59000454899028,
    "dateTime": {
      "date": {
        "year": 2019,
        "month": 10,
        "day": 15
      },
      "time": {
        "hour": 9,
        "minute": 42,
        "second": 7,
        "nano": 0
      }
    },
    "citySender": "Кривий Ріг",
    "cityRecipient": "Кривий Ріг"
  },
  {
    "number": 59000454899029,
    "dateTime": {
      "date": {
        "year": 2019,
        "month": 10,
        "day": 15
      },
      "time": {
        "hour": 9,
        "minute": 42,
        "second": 1,
        "nano": 0
      }
    },
    "citySender": "Харків",
    "cityRecipient": "Київ"
  },
  {
    "number": 59000454899030,
    "dateTime": {
      "date": {
        "year": 2019,
        "month": 10,
        "day": 15
      },
      "time": {
        "hour": 9,
        "minute": 42,
        "second": 4,
        "nano": 0
      }
    },
    "citySender": "Старий Остропіль",
    "cityRecipient": "Ясіня"
  },
  {
    "number": 59000454899031,
    "dateTime": {
      "date": {
        "year": 2019,
        "month": 10,
        "day": 15
      },
      "time": {
        "hour": 9,
        "minute": 41,
        "second": 35,
        "nano": 0
      }
    },
    "citySender": "Сахновщина (Харківська обл.)",
    "cityRecipient": "Харків"
  },
  {
    "number": 59000454899032,
    "dateTime": {
      "date": {
        "year": 2019,
        "month": 10,
        "day": 15
      },
      "time": {
        "hour": 9,
        "minute": 41,
        "second": 37,
        "nano": 0
      }
    },
    "citySender": "Курахове",
    "cityRecipient": "Дніпро"
  },
  {
    "number": 59000454899033,
    "dateTime": {
      "date": {
        "year": 2019,
        "month": 10,
        "day": 15
      },
      "time": {
        "hour": 9,
        "minute": 40,
        "second": 52,
        "nano": 0
      }
    },
    "citySender": "Криве Озеро",
    "cityRecipient": "Арбузинка"
  },
  {
    "number": 59000454899034,
    "dateTime": {
      "date": {
        "year": 2019,
        "month": 10,
        "day": 15
      },
      "time": {
        "hour": 9,
        "minute": 40,
        "second": 2,
        "nano": 0
      }
    },
    "citySender": "Вінниця",
    "cityRecipient": "Бірки (Харківська обл.)"
  },
  {
    "number": 59000454899035,
    "dateTime": {
      "date": {
        "year": 2019,
        "month": 10,
        "day": 15
      },
      "time": {
        "hour": 9,
        "minute": 42,
        "second": 4,
        "nano": 0
      }
    },
    "citySender": "Київ",
    "cityRecipient": "Київ"
  },
  {
    "number": 59000454899036,
    "dateTime": {
      "date": {
        "year": 2019,
        "month": 10,
        "day": 15
      },
      "time": {
        "hour": 9,
        "minute": 41,
        "second": 38,
        "nano": 0
      }
    },
    "citySender": "Запоріжжя",
    "cityRecipient": "Вінниця"
  },
  {
    "number": 59000454899037,
    "dateTime": {
      "date": {
        "year": 2019,
        "month": 10,
        "day": 15
      },
      "time": {
        "hour": 9,
        "minute": 41,
        "second": 35,
        "nano": 0
      }
    },
    "citySender": "Нова Борова",
    "cityRecipient": "Київ"
  }
]