[
  {
    "number": 59000454912229,
    "dateTime": {
      "date": {
        "year": 2019,
        "month": 10,
        "day": 15
      },
      "time": {
        "hour": 10,
        "minute": 15,
        "second": 54,
        "nano": 0
      }
    },
    "citySender": "Радехів",
    "cityRecipient": "Нова Маячка"
  },
  {
    "number": 59000454912230,
    "dateTime": {
      "date": {
        "year": 2019,
        "month": 10,
        "day": 15
      },
      "time": {
        "hour": 10,
        "minute": 16,
        "second": 23,
        "nano": 0
      }
    },
    "citySender": "Чернівці",
    "cityRecipient": "Вінниця"
  },
  {
    "number": 59000454912231,
    "dateTime": {
      "date": {
        "year": 2019,
        "month": 10,
        "day": 15
      },
      "time": {
        "hour": 10,
        "minute": 16,
        "second": 16,
        "nano": 0
      }
    },
    "citySender": "Запоріжжя",
    "cityRecipient": "Дніпро"
  },
  {
    "number": 59000454912232,
    "dateTime": {
      "date": {
        "year": 2019,
        "month": 10,
        "day": 15
      },
      "time": {
        "hour": 10,
        "minute": 16,
        "second": 24,
        "nano": 0
      }
    },
    "citySender": "Одеса",
    "cityRecipient": "Миколаїв"
  },
  {
    "number": 59000454912233,
    "dateTime": {
      "date": {
        "year": 2019,
        "month": 10,
        "day": 15
      },
      "time": {
        "hour": 10,
        "minute": 16,
        "second": 11,
        "nano": 0
      }
    },
    "citySender": "Олександрія (м.Кіровогр.обл.райц)",
    "cityRecipient": "Одеса"
  },
  {
    "number": 59000454912234,
    "dateTime": {
      "date": {
        "year": 2019,
        "month": 10,
        "day": 15
      },
      "time": {
        "hour": 10,
        "minute": 15,
        "second": 46,
        "nano": 0
      }
    },
    "citySender": "Долина",
    "cityRecipient": "Олешки(Херсонська обл)"
  },
  {
    "number": 59000454912235,
    "dateTime": {
      "date": {
        "year": 2019,
        "month": 10,
        "day": 15
      },
      "time": {
        "hour": 10,
        "minute": 14,
        "second": 34,
        "nano": 0
      }
    },
    "citySender": "Узин",
    "cityRecipient": "Київ"
  },
  {
    "number": 59000454912236,
    "dateTime": {
      "date": {
        "year": 2019,
        "month": 10,
        "day": 15
      },
      "time": {
        "hour": 10,
        "minute": 16,
        "second": 19,
        "nano": 0
      }
    },
    "citySender": "Опішня",
    "cityRecipient": "Корюківка"
  },
  {
    "number": 59000454912237,
    "dateTime": {
      "date": {
        "year": 2019,
        "month": 10,
        "day": 15
      },
      "time": {
        "hour": 10,
        "minute": 15,
        "second": 59,
        "nano": 0
      }
    },
    "citySender": "Нерубайське",
    "cityRecipient": "Дубно"
  },
  {
    "number": 59000454912238,
    "dateTime": {
      "date": {
        "year": 2019,
        "month": 10,
        "day": 15
      },
      "time": {
        "hour": 10,
        "minute": 16,
        "second": 26,
        "nano": 0
      }
    },
    "citySender": "Кривий Ріг",
    "cityRecipient": "Кривий Ріг"
  },
  {
    "number": 59000454912239,
    "dateTime": {
      "date": {
        "year": 2019,
        "month": 10,
        "day": 15
      },
      "time": {
        "hour": 10,
        "minute": 15,
        "second": 29,
        "nano": 0
      }
    },
    "citySender": "Розтоки",
    "cityRecipient": "Глибока"
  },
  {
    "number": 59000454912240,
    "dateTime": {
      "date": {
        "year": 2019,
        "month": 10,
        "day": 15
      },
      "time": {
        "hour": 10,
        "minute": 16,
        "second": 16,
        "nano": 0
      }
    },
    "citySender": "Харків",
    "cityRecipient": "Харків"
  },
  {
    "number": 59000454912241,
    "dateTime": {
      "date": {
        "year": 2019,
        "month": 10,
        "day": 15
      },
      "time": {
        "hour": 10,
        "minute": 16,
        "second": 21,
        "nano": 0
      }
    },
    "citySender": "Житомир",
    "cityRecipient": "Львів"
  },
  {
    "number": 59000454912242,
    "dateTime": {
      "date": {
        "year": 2019,
        "month": 10,
        "day": 15
      },
      "time": {
        "hour": 10,
        "minute": 15,
        "second": 46,
        "nano": 0
      }
    },
    "citySender": "Марківка",
    "cityRecipient": "Сєвєродонецьк"
  },
  {
    "number": 59000454912243,
    "dateTime": {
      "date": {
        "year": 2019,
        "month": 10,
        "day": 15
      },
      "time": {
        "hour": 10,
        "minute": 15,
        "second": 32,
        "nano": 0
      }
    },
    "citySender": "Турійськ",
    "cityRecipient": "Остер"
  },
  {
    "number": 59000454912244,
    "dateTime": {
      "date": {
        "year": 2019,
        "month": 10,
        "day": 15
      },
      "time": {
        "hour": 10,
        "minute": 15,
        "second": 52,
        "nano": 0
      }
    },
    "citySender": "Снятин",
    "cityRecipient": "Київ"
  },
  {
    "number": 59000454912245,
    "dateTime": {
      "date": {
        "year": 2019,
        "month": 10,
        "day": 15
      },
      "time": {
        "hour": 10,
        "minute": 16,
        "second": 23,
        "nano": 0
      }
    },
    "citySender": "Олександрівка (Миколаївська обл.)",
    "cityRecipient": "Люботин"
  },
  {
    "number": 59000454912246,
    "dateTime": {
      "date": {
        "year": 2019,
        "month": 10,
        "day": 15
      },
      "time": {
        "hour": 10,
        "minute": 16,
        "second": 17,
        "nano": 0
      }
    },
    "citySender": "Харків",
    "cityRecipient": "Дніпро"
  },
  {
    "number": 59000454912247,
    "dateTime": {
      "date": {
        "year": 2019,
        "month": 10,
        "day": 15
      },
      "time": {
        "hour": 10,
        "minute": 15,
        "second": 54,
        "nano": 0
      }
    },
    "citySender": "Привілля (Троїцький р-н)",
    "cityRecipient": "Рубіжне"
  },
  {
    "number": 59000454912248,
    "dateTime": {
      "date": {
        "year": 2019,
        "month": 10,
        "day": 15
      },
      "time": {
        "hour": 10,
        "minute": 15,
        "second": 42,
        "nano": 0
      }
    },
    "citySender": "Львів",
    "cityRecipient": "Коломия"
  },
  {
    "number": 59000454912249,
    "dateTime": {
      "date": {
        "year": 2019,
        "month": 10,
        "day": 15
      },
      "time": {
        "hour": 10,
        "minute": 15,
        "second": 40,
        "nano": 0
      }
    },
    "citySender": "Харків",
    "cityRecipient": "Харків"
  },
  {
    "number": 59000454912251,
    "dateTime": {
      "date": {
        "year": 2019,
        "month": 10,
        "day": 15
      },
      "time": {
        "hour": 10,
        "minute": 14,
        "second": 37,
        "nano": 0
      }
    },
    "citySender": "Ромни",
    "cityRecipient": "Болград (Одеська обл.)"
  },
  {
    "number": 59000454912252,
    "dateTime": {
      "date": {
        "year": 2019,
        "month": 10,
        "day": 15
      },
      "time": {
        "hour": 10,
        "minute": 16,
        "second": 17,
        "nano": 0
      }
    },
    "citySender": "Білгород-Дністровський",
    "cityRecipient": "Одеса"
  },
  {
    "number": 59000454912253,
    "dateTime": {
      "date": {
        "year": 2019,
        "month": 10,
        "day": 15
      },
      "time": {
        "hour": 10,
        "minute": 15,
        "second": 55,
        "nano": 0
      }
    },
    "citySender": "Дунаївці",
    "cityRecipient": "Київ"
  },
  {
    "number": 59000454912254,
    "dateTime": {
      "date": {
        "year": 2019,
        "month": 10,
        "day": 15
      },
      "time": {
        "hour": 10,
        "minute": 16,
        "second": 27,
        "nano": 0
      }
    },
    "citySender": "Нижні Ворота",
    "cityRecipient": "Київ"
  },
  {
    "number": 59000454912255,
    "dateTime": {
      "date": {
        "year": 2019,
        "month": 10,
        "day": 15
      },
      "time": {
        "hour": 10,
        "minute": 15,
        "second": 45,
        "nano": 0
      }
    },
    "citySender": "Луцьк",
    "cityRecipient": "Чернігів"
  },
  {
    "number": 59000454912256,
    "dateTime": {
      "date": {
        "year": 2019,
        "month": 10,
        "day": 15
      },
      "time": {
        "hour": 10,
        "minute": 16,
        "second": 27,
        "nano": 0
      }
    },
    "citySender": "Козова",
    "cityRecipient": "Біла Церква"
  },
  {
    "number": 59000454912257,
    "dateTime": {
      "date": {
        "year": 2019,
        "month": 10,
        "day": 15
      },
      "time": {
        "hour": 10,
        "minute": 16,
        "second": 24,
        "nano": 0
      }
    },
    "citySender": "Дніпро",
    "cityRecipient": "Покровськ (Донецька обл.)"
  },
  {
    "number": 59000454912258,
    "dateTime": {
      "date": {
        "year": 2019,
        "month": 10,
        "day": 15
      },
      "time": {
        "hour": 10,
        "minute": 16,
        "second": 27,
        "nano": 0
      }
    },
    "citySender": "Рівне",
    "cityRecipient": "Богуслав (Київська обл.)"
  },
  {
    "number": 59000454912260,
    "dateTime": {
      "date": {
        "year": 2019,
        "month": 10,
        "day": 15
      },
      "time": {
        "hour": 10,
        "minute": 16,
        "second": 10,
        "nano": 0
      }
    },
    "citySender": "Жовті Води",
    "cityRecipient": "Кривий Ріг"
  },
  {
    "number": 59000454912261,
    "dateTime": {
      "date": {
        "year": 2019,
        "month": 10,
        "day": 15
      },
      "time": {
        "hour": 10,
        "minute": 16,
        "second": 29,
        "nano": 0
      }
    },
    "citySender": "Нікополь (Дніпропетровська обл.)",
    "cityRecipient": "Запоріжжя"
  },
  {
    "number": 59000454912262,
    "dateTime": {
      "date": {
        "year": 2019,
        "month": 10,
        "day": 15
      },
      "time": {
        "hour": 10,
        "minute": 16,
        "second": 29,
        "nano": 0
      }
    },
    "citySender": "Кам\u0027янське(Дніпропетровська обл)",
    "cityRecipient": "Авангард"
  },
  {
    "number": 59000454912264,
    "dateTime": {
      "date": {
        "year": 2019,
        "month": 10,
        "day": 15
      },
      "time": {
        "hour": 10,
        "minute": 15,
        "second": 41,
        "nano": 0
      }
    },
    "citySender": "Київ",
    "cityRecipient": "Миколаїв"
  },
  {
    "number": 59000454912265,
    "dateTime": {
      "date": {
        "year": 2019,
        "month": 10,
        "day": 15
      },
      "time": {
        "hour": 10,
        "minute": 15,
        "second": 53,
        "nano": 0
      }
    },
    "citySender": "Попасна",
    "cityRecipient": "Київ"
  },
  {
    "number": 59000454912266,
    "dateTime": {
      "date": {
        "year": 2019,
        "month": 10,
        "day": 15
      },
      "time": {
        "hour": 10,
        "minute": 16,
        "second": 13,
        "nano": 0
      }
    },
    "citySender": "Чернівці",
    "cityRecipient": "Суми"
  },
  {
    "number": 59000454912267,
    "dateTime": {
      "date": {
        "year": 2019,
        "month": 10,
        "day": 15
      },
      "time": {
        "hour": 10,
        "minute": 16,
        "second": 2,
        "nano": 0
      }
    },
    "citySender": "Бориспіль",
    "cityRecipient": "Тульчин"
  },
  {
    "number": 59000454912268,
    "dateTime": {
      "date": {
        "year": 2019,
        "month": 10,
        "day": 15
      },
      "time": {
        "hour": 10,
        "minute": 15,
        "second": 51,
        "nano": 0
      }
    },
    "citySender": "Малинівка (Харківська обл.)",
    "cityRecipient": "Новомиколаївка (Запорізька обл.)"
  },
  {
    "number": 59000454912269,
    "dateTime": {
      "date": {
        "year": 2019,
        "month": 10,
        "day": 15
      },
      "time": {
        "hour": 10,
        "minute": 16,
        "second": 20,
        "nano": 0
      }
    },
    "citySender": "Буринь",
    "cityRecipient": "Семенівка(Полт.обл., Семенів.р-н)"
  },
  {
    "number": 59000454912270,
    "dateTime": {
      "date": {
        "year": 2019,
        "month": 10,
        "day": 15
      },
      "time": {
        "hour": 10,
        "minute": 15,
        "second": 51,
        "nano": 0
      }
    },
    "citySender": "Сосниця",
    "cityRecipient": "Київ"
  },
  {
    "number": 59000454912271,
    "dateTime": {
      "date": {
        "year": 2019,
        "month": 10,
        "day": 15
      },
      "time": {
        "hour": 10,
        "minute": 16,
        "second": 22,
        "nano": 0
      }
    },
    "citySender": "Немирів (Вінницька обл.)",
    "cityRecipient": "Гайсин"
  },
  {
    "number": 59000454912273,
    "dateTime": {
      "date": {
        "year": 2019,
        "month": 10,
        "day": 15
      },
      "time": {
        "hour": 10,
        "minute": 16,
        "second": 7,
        "nano": 0
      }
    },
    "citySender": "Житомир",
    "cityRecipient": "Харків"
  },
  {
    "number": 59000454912274,
    "dateTime": {
      "date": {
        "year": 2019,
        "month": 10,
        "day": 15
      },
      "time": {
        "hour": 10,
        "minute": 15,
        "second": 17,
        "nano": 0
      }
    },
    "citySender": "Косів",
    "cityRecipient": "Одеса"
  },
  {
    "number": 59000454912275,
    "dateTime": {
      "date": {
        "year": 2019,
        "month": 10,
        "day": 15
      },
      "time": {
        "hour": 10,
        "minute": 16,
        "second": 18,
        "nano": 0
      }
    },
    "citySender": "Суми",
    "cityRecipient": "Харків"
  },
  {
    "number": 59000454912276,
    "dateTime": {
      "date": {
        "year": 2019,
        "month": 10,
        "day": 15
      },
      "time": {
        "hour": 10,
        "minute": 16,
        "second": 21,
        "nano": 0
      }
    },
    "citySender": "Мелітополь",
    "cityRecipient": "Київ"
  },
  {
    "number": 59000454912277,
    "dateTime": {
      "date": {
        "year": 2019,
        "month": 10,
        "day": 15
      },
      "time": {
        "hour": 10,
        "minute": 16,
        "second": 30,
        "nano": 0
      }
    },
    "citySender": "Полонне",
    "cityRecipient": "Хмельницький"
  },
  {
    "number": 59000454912278,
    "dateTime": {
      "date": {
        "year": 2019,
        "month": 10,
        "day": 15
      },
      "time": {
        "hour": 10,
        "minute": 15,
        "second": 52,
        "nano": 0
      }
    },
    "citySender": "Київ",
    "cityRecipient": "Миколаїв"
  },
  {
    "number": 59000454912279,
    "dateTime": {
      "date": {
        "year": 2019,
        "month": 10,
        "day": 15
      },
      "time": {
        "hour": 10,
        "minute": 16,
        "second": 2,
        "nano": 0
      }
    },
    "citySender": "Кропивницький",
    "cityRecipient": "Вишневе"
  },
  {
    "number": 59000454912280,
    "dateTime": {
      "date": {
        "year": 2019,
        "month": 10,
        "day": 15
      },
      "time": {
        "hour": 10,
        "minute": 16,
        "second": 31,
        "nano": 0
      }
    },
    "citySender": "Ладан",
    "cityRecipient": "Одеса"
  },
  {
    "number": 59000454912281,
    "dateTime": {
      "date": {
        "year": 2019,
        "month": 10,
        "day": 15
      },
      "time": {
        "hour": 10,
        "minute": 16,
        "second": 16,
        "nano": 0
      }
    },
    "citySender": "Козятин (місто, Вінницька обл.)",
    "cityRecipient": "Кременчук"
  },
  {
    "number": 59000454912282,
    "dateTime": {
      "date": {
        "year": 2019,
        "month": 10,
        "day": 15
      },
      "time": {
        "hour": 10,
        "minute": 16,
        "second": 19,
        "nano": 0
      }
    },
    "citySender": "Голованівськ",
    "cityRecipient": "Талалаївка (Талалаївський р-н., Чернігівська обл.)"
  },
  {
    "number": 59000454912283,
    "dateTime": {
      "date": {
        "year": 2019,
        "month": 10,
        "day": 15
      },
      "time": {
        "hour": 10,
        "minute": 16,
        "second": 30,
        "nano": 0
      }
    },
    "citySender": "Київ",
    "cityRecipient": "Львів"
  },
  {
    "number": 59000454912284,
    "dateTime": {
      "date": {
        "year": 2019,
        "month": 10,
        "day": 15
      },
      "time": {
        "hour": 10,
        "minute": 16,
        "second": 26,
        "nano": 0
      }
    },
    "citySender": "Чернігів",
    "cityRecipient": "Вінниця"
  },
  {
    "number": 59000454912285,
    "dateTime": {
      "date": {
        "year": 2019,
        "month": 10,
        "day": 15
      },
      "time": {
        "hour": 10,
        "minute": 16,
        "second": 26,
        "nano": 0
      }
    },
    "citySender": "Одеса",
    "cityRecipient": "Харків"
  },
  {
    "number": 59000454912286,
    "dateTime": {
      "date": {
        "year": 2019,
        "month": 10,
        "day": 15
      },
      "time": {
        "hour": 10,
        "minute": 16,
        "second": 27,
        "nano": 0
      }
    },
    "citySender": "Хмільник (Вінницька обл.)",
    "cityRecipient": "Южноукраїнськ"
  },
  {
    "number": 59000454912287,
    "dateTime": {
      "date": {
        "year": 2019,
        "month": 10,
        "day": 15
      },
      "time": {
        "hour": 10,
        "minute": 16,
        "second": 31,
        "nano": 0
      }
    },
    "citySender": "Десна (Чернігівська обл.)",
    "cityRecipient": "Одеса"
  },
  {
    "number": 59000454912288,
    "dateTime": {
      "date": {
        "year": 2019,
        "month": 10,
        "day": 15
      },
      "time": {
        "hour": 10,
        "minute": 16,
        "second": 32,
        "nano": 0
      }
    },
    "citySender": "Балаклея (Черкаська обл.)",
    "cityRecipient": "Черкаси"
  },
  {
    "number": 59000454912289,
    "dateTime": {
      "date": {
        "year": 2019,
        "month": 10,
        "day": 15
      },
      "time": {
        "hour": 10,
        "minute": 16,
        "second": 12,
        "nano": 0
      }
    },
    "citySender": "Солоницівка",
    "cityRecipient": "Василівка (Запорізька обл.)"
  },
  {
    "number": 59000454912290,
    "dateTime": {
      "date": {
        "year": 2019,
        "month": 10,
        "day": 15
      },
      "time": {
        "hour": 10,
        "minute": 16,
        "second": 10,
        "nano": 0
      }
    },
    "citySender": "Попасне (Новомосковський р-н.)",
    "cityRecipient": "Дніпро"
  },
  {
    "number": 59000454912291,
    "dateTime": {
      "date": {
        "year": 2019,
        "month": 10,
        "day": 15
      },
      "time": {
        "hour": 10,
        "minute": 15,
        "second": 47,
        "nano": 0
      }
    },
    "citySender": "Запоріжжя",
    "cityRecipient": "Харків"
  },
  {
    "number": 59000454912292,
    "dateTime": {
      "date": {
        "year": 2019,
        "month": 10,
        "day": 15
      },
      "time": {
        "hour": 10,
        "minute": 15,
        "second": 7,
        "nano": 0
      }
    },
    "citySender": "Овруч",
    "cityRecipient": "Червоне (Житомирська обл.)"
  },
  {
    "number": 59000454912293,
    "dateTime": {
      "date": {
        "year": 2019,
        "month": 10,
        "day": 15
      },
      "time": {
        "hour": 10,
        "minute": 15,
        "second": 22,
        "nano": 0
      }
    },
    "citySender": "Старобільськ",
    "cityRecipient": "Харків"
  },
  {
    "number": 59000454912294,
    "dateTime": {
      "date": {
        "year": 2019,
        "month": 10,
        "day": 15
      },
      "time": {
        "hour": 10,
        "minute": 16,
        "second": 34,
        "nano": 0
      }
    },
    "citySender": "Харків",
    "cityRecipient": "Кагарлик"
  },
  {
    "number": 59000454912295,
    "dateTime": {
      "date": {
        "year": 2019,
        "month": 10,
        "day": 15
      },
      "time": {
        "hour": 10,
        "minute": 16,
        "second": 25,
        "nano": 0
      }
    },
    "citySender": "Одеса",
    "cityRecipient": "Рогатин"
  },
  {
    "number": 59000454912296,
    "dateTime": {
      "date": {
        "year": 2019,
        "month": 10,
        "day": 15
      },
      "time": {
        "hour": 10,
        "minute": 16,
        "second": 21,
        "nano": 0
      }
    },
    "citySender": "Івано-Франківськ",
    "cityRecipient": "Ланівці"
  },
  {
    "number": 59000454912297,
    "dateTime": {
      "date": {
        "year": 2019,
        "month": 10,
        "day": 15
      },
      "time": {
        "hour": 10,
        "minute": 15,
        "second": 6,
        "nano": 0
      }
    },
    "citySender": "Геронимівка",
    "cityRecipient": "Берегове"
  },
  {
    "number": 59000454912298,
    "dateTime": {
      "date": {
        "year": 2019,
        "month": 10,
        "day": 15
      },
      "time": {
        "hour": 10,
        "minute": 16,
        "second": 7,
        "nano": 0
      }
    },
    "citySender": "Струмівка",
    "cityRecipient": "Київ"
  },
  {
    "number": 59000454912299,
    "dateTime": {
      "date": {
        "year": 2019,
        "month": 10,
        "day": 15
      },
      "time": {
        "hour": 10,
        "minute": 16,
        "second": 32,
        "nano": 0
      }
    },
    "citySender": "Безлюдівка",
    "cityRecipient": "Кривий Ріг"
  },
  {
    "number": 59000454912300,
    "dateTime": {
      "date": {
        "year": 2019,
        "month": 10,
        "day": 15
      },
      "time": {
        "hour": 10,
        "minute": 16,
        "second": 18,
        "nano": 0
      }
    },
    "citySender": "Ізюм",
    "cityRecipient": "Дніпро"
  },
  {
    "number": 59000454912301,
    "dateTime": {
      "date": {
        "year": 2019,
        "month": 10,
        "day": 15
      },
      "time": {
        "hour": 10,
        "minute": 16,
        "second": 5,
        "nano": 0
      }
    },
    "citySender": "Овруч",
    "cityRecipient": "Київ"
  },
  {
    "number": 59000454912302,
    "dateTime": {
      "date": {
        "year": 2019,
        "month": 10,
        "day": 15
      },
      "time": {
        "hour": 10,
        "minute": 16,
        "second": 13,
        "nano": 0
      }
    },
    "citySender": "Івано-Франківськ",
    "cityRecipient": "Львів"
  },
  {
    "number": 59000454912303,
    "dateTime": {
      "date": {
        "year": 2019,
        "month": 10,
        "day": 15
      },
      "time": {
        "hour": 10,
        "minute": 16,
        "second": 29,
        "nano": 0
      }
    },
    "citySender": "Чернігів",
    "cityRecipient": "Дніпро"
  },
  {
    "number": 59000454912304,
    "dateTime": {
      "date": {
        "year": 2019,
        "month": 10,
        "day": 15
      },
      "time": {
        "hour": 10,
        "minute": 15,
        "second": 32,
        "nano": 0
      }
    },
    "citySender": "Буки",
    "cityRecipient": "П\u0027ятихатки"
  },
  {
    "number": 59000454912305,
    "dateTime": {
      "date": {
        "year": 2019,
        "month": 10,
        "day": 15
      },
      "time": {
        "hour": 10,
        "minute": 15,
        "second": 30,
        "nano": 0
      }
    },
    "citySender": "Богданівка (Кіровоградська обл.)",
    "cityRecipient": "Торчин"
  },
  {
    "number": 59000454912306,
    "dateTime": {
      "date": {
        "year": 2019,
        "month": 10,
        "day": 15
      },
      "time": {
        "hour": 10,
        "minute": 15,
        "second": 28,
        "nano": 0
      }
    },
    "citySender": "Любомль",
    "cityRecipient": "Київ"
  },
  {
    "number": 59000454912307,
    "dateTime": {
      "date": {
        "year": 2019,
        "month": 10,
        "day": 15
      },
      "time": {
        "hour": 10,
        "minute": 16,
        "second": 20,
        "nano": 0
      }
    },
    "citySender": "Черняхів (Житомирська обл.)",
    "cityRecipient": "Київ"
  },
  {
    "number": 59000454912308,
    "dateTime": {
      "date": {
        "year": 2019,
        "month": 10,
        "day": 15
      },
      "time": {
        "hour": 10,
        "minute": 16,
        "second": 35,
        "nano": 0
      }
    },
    "citySender": "Маріуполь",
    "cityRecipient": "Київ"
  },
  {
    "number": 59000454912309,
    "dateTime": {
      "date": {
        "year": 2019,
        "month": 10,
        "day": 15
      },
      "time": {
        "hour": 10,
        "minute": 16,
        "second": 24,
        "nano": 0
      }
    },
    "citySender": "Київ",
    "cityRecipient": "Кропивницький"
  },
  {
    "number": 59000454912310,
    "dateTime": {
      "date": {
        "year": 2019,
        "month": 10,
        "day": 15
      },
      "time": {
        "hour": 10,
        "minute": 16,
        "second": 33,
        "nano": 0
      }
    },
    "citySender": "Маріуполь",
    "cityRecipient": "Київ"
  },
  {
    "number": 59000454912311,
    "dateTime": {
      "date": {
        "year": 2019,
        "month": 10,
        "day": 15
      },
      "time": {
        "hour": 10,
        "minute": 16,
        "second": 36,
        "nano": 0
      }
    },
    "citySender": "Радивилів",
    "cityRecipient": "Рівне"
  },
  {
    "number": 59000454912312,
    "dateTime": {
      "date": {
        "year": 2019,
        "month": 10,
        "day": 15
      },
      "time": {
        "hour": 10,
        "minute": 15,
        "second": 41,
        "nano": 0
      }
    },
    "citySender": "Руська Лозова",
    "cityRecipient": "Бориспіль"
  },
  {
    "number": 59000454912313,
    "dateTime": {
      "date": {
        "year": 2019,
        "month": 10,
        "day": 15
      },
      "time": {
        "hour": 10,
        "minute": 16,
        "second": 6,
        "nano": 0
      }
    },
    "citySender": "Каховка",
    "cityRecipient": "Київ"
  },
  {
    "number": 59000454912314,
    "dateTime": {
      "date": {
        "year": 2019,
        "month": 10,
        "day": 15
      },
      "time": {
        "hour": 10,
        "minute": 16,
        "second": 15,
        "nano": 0
      }
    },
    "citySender": "Деражня",
    "cityRecipient": "Ратне"
  },
  {
    "number": 59000454912315,
    "dateTime": {
      "date": {
        "year": 2019,
        "month": 10,
        "day": 15
      },
      "time": {
        "hour": 10,
        "minute": 13,
        "second": 27,
        "nano": 0
      }
    },
    "citySender": "Пантаївка",
    "cityRecipient": "Черкаси"
  },
  {
    "number": 59000454912316,
    "dateTime": {
      "date": {
        "year": 2019,
        "month": 10,
        "day": 15
      },
      "time": {
        "hour": 10,
        "minute": 16,
        "second": 35,
        "nano": 0
      }
    },
    "citySender": "Львів",
    "cityRecipient": "Львів"
  },
  {
    "number": 59000454912317,
    "dateTime": {
      "date": {
        "year": 2019,
        "month": 10,
        "day": 15
      },
      "time": {
        "hour": 10,
        "minute": 16,
        "second": 15,
        "nano": 0
      }
    },
    "citySender": "Вишневе",
    "cityRecipient": "Запоріжжя"
  },
  {
    "number": 59000454912318,
    "dateTime": {
      "date": {
        "year": 2019,
        "month": 10,
        "day": 15
      },
      "time": {
        "hour": 10,
        "minute": 16,
        "second": 33,
        "nano": 0
      }
    },
    "citySender": "Харків",
    "cityRecipient": "Багатир"
  },
  {
    "number": 59000454912319,
    "dateTime": {
      "date": {
        "year": 2019,
        "month": 10,
        "day": 15
      },
      "time": {
        "hour": 10,
        "minute": 16,
        "second": 38,
        "nano": 0
      }
    },
    "citySender": "Петриківка",
    "cityRecipient": "Київ"
  },
  {
    "number": 59000454912320,
    "dateTime": {
      "date": {
        "year": 2019,
        "month": 10,
        "day": 15
      },
      "time": {
        "hour": 10,
        "minute": 16,
        "second": 14,
        "nano": 0
      }
    },
    "citySender": "Чернігів",
    "cityRecipient": "Львів"
  },
  {
    "number": 59000454912321,
    "dateTime": {
      "date": {
        "year": 2019,
        "month": 10,
        "day": 15
      },
      "time": {
        "hour": 10,
        "minute": 15,
        "second": 40,
        "nano": 0
      }
    },
    "citySender": "Стрижавка",
    "cityRecipient": "Львів"
  },
  {
    "number": 59000454912322,
    "dateTime": {
      "date": {
        "year": 2019,
        "month": 10,
        "day": 15
      },
      "time": {
        "hour": 10,
        "minute": 16,
        "second": 15,
        "nano": 0
      }
    },
    "citySender": "Корець",
    "cityRecipient": "Долина"
  },
  {
    "number": 59000454912323,
    "dateTime": {
      "date": {
        "year": 2019,
        "month": 10,
        "day": 15
      },
      "time": {
        "hour": 10,
        "minute": 16,
        "second": 17,
        "nano": 0
      }
    },
    "citySender": "Зіньків",
    "cityRecipient": "Ізюм"
  },
  {
    "number": 59000454912324,
    "dateTime": {
      "date": {
        "year": 2019,
        "month": 10,
        "day": 15
      },
      "time": {
        "hour": 10,
        "minute": 16,
        "second": 26,
        "nano": 0
      }
    },
    "citySender": "Черкаси",
    "cityRecipient": "Одеса"
  },
  {
    "number": 59000454912325,
    "dateTime": {
      "date": {
        "year": 2019,
        "month": 10,
        "day": 15
      },
      "time": {
        "hour": 10,
        "minute": 16,
        "second": 27,
        "nano": 0
      }
    },
    "citySender": "Кривий Ріг",
    "cityRecipient": "Харків"
  },
  {
    "number": 59000454912326,
    "dateTime": {
      "date": {
        "year": 2019,
        "month": 10,
        "day": 15
      },
      "time": {
        "hour": 10,
        "minute": 15,
        "second": 59,
        "nano": 0
      }
    },
    "citySender": "Терпіння",
    "cityRecipient": "Талаківка"
  },
  {
    "number": 59000454912327,
    "dateTime": {
      "date": {
        "year": 2019,
        "month": 10,
        "day": 15
      },
      "time": {
        "hour": 10,
        "minute": 16,
        "second": 20,
        "nano": 0
      }
    },
    "citySender": "Виноградів",
    "cityRecipient": "Миронівка"
  },
  {
    "number": 59000454912328,
    "dateTime": {
      "date": {
        "year": 2019,
        "month": 10,
        "day": 15
      },
      "time": {
        "hour": 10,
        "minute": 16,
        "second": 38,
        "nano": 0
      }
    },
    "citySender": "Дніпрорудне",
    "cityRecipient": "Корець"
  }
]