[
  {
    "number": 59000454885444,
    "dateTime": {
      "date": {
        "year": 2019,
        "month": 10,
        "day": 15
      },
      "time": {
        "hour": 9,
        "minute": 6,
        "second": 24,
        "nano": 0
      }
    },
    "citySender": "Воскресенське (Миколаївська обл.)",
    "cityRecipient": "Київ"
  },
  {
    "number": 59000454885445,
    "dateTime": {
      "date": {
        "year": 2019,
        "month": 10,
        "day": 15
      },
      "time": {
        "hour": 9,
        "minute": 6,
        "second": 22,
        "nano": 0
      }
    },
    "citySender": "Мелітополь",
    "cityRecipient": "Харків"
  },
  {
    "number": 59000454885446,
    "dateTime": {
      "date": {
        "year": 2019,
        "month": 10,
        "day": 15
      },
      "time": {
        "hour": 9,
        "minute": 6,
        "second": 11,
        "nano": 0
      }
    },
    "citySender": "Стрижавка",
    "cityRecipient": "Одеса"
  },
  {
    "number": 59000454885447,
    "dateTime": {
      "date": {
        "year": 2019,
        "month": 10,
        "day": 15
      },
      "time": {
        "hour": 9,
        "minute": 6,
        "second": 41,
        "nano": 0
      }
    },
    "citySender": "Вінниця",
    "cityRecipient": "Вінниця"
  },
  {
    "number": 59000454885448,
    "dateTime": {
      "date": {
        "year": 2019,
        "month": 10,
        "day": 15
      },
      "time": {
        "hour": 9,
        "minute": 6,
        "second": 10,
        "nano": 0
      }
    },
    "citySender": "Кропивницький",
    "cityRecipient": "Васильків"
  },
  {
    "number": 59000454885449,
    "dateTime": {
      "date": {
        "year": 2019,
        "month": 10,
        "day": 15
      },
      "time": {
        "hour": 9,
        "minute": 6,
        "second": 27,
        "nano": 0
      }
    },
    "citySender": "Велика Лепетиха",
    "cityRecipient": "Дніпро"
  },
  {
    "number": 59000454885450,
    "dateTime": {
      "date": {
        "year": 2019,
        "month": 10,
        "day": 15
      },
      "time": {
        "hour": 9,
        "minute": 6,
        "second": 39,
        "nano": 0
      }
    },
    "citySender": "Львів",
    "cityRecipient": "Львів"
  },
  {
    "number": 59000454885451,
    "dateTime": {
      "date": {
        "year": 2019,
        "month": 10,
        "day": 15
      },
      "time": {
        "hour": 9,
        "minute": 5,
        "second": 50,
        "nano": 0
      }
    },
    "citySender": "Гуляйполе",
    "cityRecipient": "Дніпро"
  },
  {
    "number": 59000454885452,
    "dateTime": {
      "date": {
        "year": 2019,
        "month": 10,
        "day": 15
      },
      "time": {
        "hour": 9,
        "minute": 6,
        "second": 33,
        "nano": 0
      }
    },
    "citySender": "Зеленодольськ",
    "cityRecipient": "Маріуполь"
  },
  {
    "number": 59000454885453,
    "dateTime": {
      "date": {
        "year": 2019,
        "month": 10,
        "day": 15
      },
      "time": {
        "hour": 9,
        "minute": 6,
        "second": 42,
        "nano": 0
      }
    },
    "citySender": "Київ",
    "cityRecipient": "Київ"
  },
  {
    "number": 59000454885454,
    "dateTime": {
      "date": {
        "year": 2019,
        "month": 10,
        "day": 15
      },
      "time": {
        "hour": 9,
        "minute": 6,
        "second": 42,
        "nano": 0
      }
    },
    "citySender": "Дніпро",
    "cityRecipient": "Київ"
  },
  {
    "number": 59000454885455,
    "dateTime": {
      "date": {
        "year": 2019,
        "month": 10,
        "day": 15
      },
      "time": {
        "hour": 9,
        "minute": 6,
        "second": 41,
        "nano": 0
      }
    },
    "citySender": "Київ",
    "cityRecipient": "Березне"
  },
  {
    "number": 59000454885456,
    "dateTime": {
      "date": {
        "year": 2019,
        "month": 10,
        "day": 15
      },
      "time": {
        "hour": 9,
        "minute": 6,
        "second": 43,
        "nano": 0
      }
    },
    "citySender": "Вінниця",
    "cityRecipient": "Вінниця"
  },
  {
    "number": 59000454885457,
    "dateTime": {
      "date": {
        "year": 2019,
        "month": 10,
        "day": 15
      },
      "time": {
        "hour": 9,
        "minute": 6,
        "second": 1,
        "nano": 0
      }
    },
    "citySender": "Тростянець (Сумська обл.)",
    "cityRecipient": "Чернігів"
  },
  {
    "number": 59000454885458,
    "dateTime": {
      "date": {
        "year": 2019,
        "month": 10,
        "day": 15
      },
      "time": {
        "hour": 9,
        "minute": 6,
        "second": 13,
        "nano": 0
      }
    },
    "citySender": "Кропивницький",
    "cityRecipient": "Київ"
  },
  {
    "number": 59000454885460,
    "dateTime": {
      "date": {
        "year": 2019,
        "month": 10,
        "day": 15
      },
      "time": {
        "hour": 9,
        "minute": 6,
        "second": 24,
        "nano": 0
      }
    },
    "citySender": "Тернопіль",
    "cityRecipient": "Київ"
  },
  {
    "number": 59000454885461,
    "dateTime": {
      "date": {
        "year": 2019,
        "month": 10,
        "day": 15
      },
      "time": {
        "hour": 9,
        "minute": 6,
        "second": 24,
        "nano": 0
      }
    },
    "citySender": "Ізяслав",
    "cityRecipient": "Чернівці"
  },
  {
    "number": 59000454885462,
    "dateTime": {
      "date": {
        "year": 2019,
        "month": 10,
        "day": 15
      },
      "time": {
        "hour": 9,
        "minute": 6,
        "second": 19,
        "nano": 0
      }
    },
    "citySender": "Стасі",
    "cityRecipient": "Клесів"
  },
  {
    "number": 59000454885463,
    "dateTime": {
      "date": {
        "year": 2019,
        "month": 10,
        "day": 15
      },
      "time": {
        "hour": 9,
        "minute": 6,
        "second": 36,
        "nano": 0
      }
    },
    "citySender": "Ковель",
    "cityRecipient": "Одеса"
  },
  {
    "number": 59000454885464,
    "dateTime": {
      "date": {
        "year": 2019,
        "month": 10,
        "day": 15
      },
      "time": {
        "hour": 9,
        "minute": 6,
        "second": 35,
        "nano": 0
      }
    },
    "citySender": "Апостолове",
    "cityRecipient": "Верхівцеве"
  },
  {
    "number": 59000454885465,
    "dateTime": {
      "date": {
        "year": 2019,
        "month": 10,
        "day": 15
      },
      "time": {
        "hour": 9,
        "minute": 6,
        "second": 36,
        "nano": 0
      }
    },
    "citySender": "Каховка",
    "cityRecipient": "Київ"
  },
  {
    "number": 59000454885466,
    "dateTime": {
      "date": {
        "year": 2019,
        "month": 10,
        "day": 15
      },
      "time": {
        "hour": 9,
        "minute": 6,
        "second": 35,
        "nano": 0
      }
    },
    "citySender": "Сміла",
    "cityRecipient": "Запоріжжя"
  },
  {
    "number": 59000454885467,
    "dateTime": {
      "date": {
        "year": 2019,
        "month": 10,
        "day": 15
      },
      "time": {
        "hour": 9,
        "minute": 6,
        "second": 2,
        "nano": 0
      }
    },
    "citySender": "Світлодарськ",
    "cityRecipient": "Бурштин"
  },
  {
    "number": 59000454885468,
    "dateTime": {
      "date": {
        "year": 2019,
        "month": 10,
        "day": 15
      },
      "time": {
        "hour": 9,
        "minute": 6,
        "second": 6,
        "nano": 0
      }
    },
    "citySender": "Київ",
    "cityRecipient": "Черкаси"
  },
  {
    "number": 59000454885469,
    "dateTime": {
      "date": {
        "year": 2019,
        "month": 10,
        "day": 15
      },
      "time": {
        "hour": 9,
        "minute": 5,
        "second": 57,
        "nano": 0
      }
    },
    "citySender": "Болград (Одеська обл.)",
    "cityRecipient": "Кринички"
  },
  {
    "number": 59000454885470,
    "dateTime": {
      "date": {
        "year": 2019,
        "month": 10,
        "day": 15
      },
      "time": {
        "hour": 9,
        "minute": 6,
        "second": 24,
        "nano": 0
      }
    },
    "citySender": "Біла Церква",
    "cityRecipient": "Житомир"
  },
  {
    "number": 59000454885471,
    "dateTime": {
      "date": {
        "year": 2019,
        "month": 10,
        "day": 15
      },
      "time": {
        "hour": 9,
        "minute": 5,
        "second": 27,
        "nano": 0
      }
    },
    "citySender": "Бердичів",
    "cityRecipient": "Київ"
  },
  {
    "number": 59000454885472,
    "dateTime": {
      "date": {
        "year": 2019,
        "month": 10,
        "day": 15
      },
      "time": {
        "hour": 9,
        "minute": 5,
        "second": 5,
        "nano": 0
      }
    },
    "citySender": "Запоріжжя",
    "cityRecipient": "Дніпро"
  },
  {
    "number": 59000454885473,
    "dateTime": {
      "date": {
        "year": 2019,
        "month": 10,
        "day": 15
      },
      "time": {
        "hour": 9,
        "minute": 6,
        "second": 12,
        "nano": 0
      }
    },
    "citySender": "Приморськ (Запорізька обл.)",
    "cityRecipient": "Київ"
  },
  {
    "number": 59000454885474,
    "dateTime": {
      "date": {
        "year": 2019,
        "month": 10,
        "day": 15
      },
      "time": {
        "hour": 9,
        "minute": 5,
        "second": 47,
        "nano": 0
      }
    },
    "citySender": "Ружин",
    "cityRecipient": "Київ"
  },
  {
    "number": 59000454885475,
    "dateTime": {
      "date": {
        "year": 2019,
        "month": 10,
        "day": 15
      },
      "time": {
        "hour": 9,
        "minute": 6,
        "second": 37,
        "nano": 0
      }
    },
    "citySender": "Голоби",
    "cityRecipient": "Херсон"
  },
  {
    "number": 59000454885476,
    "dateTime": {
      "date": {
        "year": 2019,
        "month": 10,
        "day": 15
      },
      "time": {
        "hour": 9,
        "minute": 5,
        "second": 37,
        "nano": 0
      }
    },
    "citySender": "Хотин",
    "cityRecipient": "Чернівці"
  },
  {
    "number": 59000454885477,
    "dateTime": {
      "date": {
        "year": 2019,
        "month": 10,
        "day": 15
      },
      "time": {
        "hour": 9,
        "minute": 6,
        "second": 24,
        "nano": 0
      }
    },
    "citySender": "Львів",
    "cityRecipient": "Львів"
  },
  {
    "number": 59000454885479,
    "dateTime": {
      "date": {
        "year": 2019,
        "month": 10,
        "day": 15
      },
      "time": {
        "hour": 9,
        "minute": 6,
        "second": 11,
        "nano": 0
      }
    },
    "citySender": "Кривий Ріг",
    "cityRecipient": "Житомир"
  },
  {
    "number": 59000454885480,
    "dateTime": {
      "date": {
        "year": 2019,
        "month": 10,
        "day": 15
      },
      "time": {
        "hour": 9,
        "minute": 6,
        "second": 34,
        "nano": 0
      }
    },
    "citySender": "Куликівка",
    "cityRecipient": "Очаків"
  },
  {
    "number": 59000454885481,
    "dateTime": {
      "date": {
        "year": 2019,
        "month": 10,
        "day": 15
      },
      "time": {
        "hour": 9,
        "minute": 6,
        "second": 5,
        "nano": 0
      }
    },
    "citySender": "Великий Березний",
    "cityRecipient": "Веселе (Запорізька обл.)"
  },
  {
    "number": 59000454885482,
    "dateTime": {
      "date": {
        "year": 2019,
        "month": 10,
        "day": 15
      },
      "time": {
        "hour": 9,
        "minute": 6,
        "second": 44,
        "nano": 0
      }
    },
    "citySender": "Маяки (Одеська обл.)",
    "cityRecipient": "Покотилівка"
  },
  {
    "number": 59000454885483,
    "dateTime": {
      "date": {
        "year": 2019,
        "month": 10,
        "day": 15
      },
      "time": {
        "hour": 9,
        "minute": 6,
        "second": 20,
        "nano": 0
      }
    },
    "citySender": "Київ",
    "cityRecipient": "Київ"
  },
  {
    "number": 59000454885484,
    "dateTime": {
      "date": {
        "year": 2019,
        "month": 10,
        "day": 15
      },
      "time": {
        "hour": 9,
        "minute": 6,
        "second": 11,
        "nano": 0
      }
    },
    "citySender": "Запоріжжя",
    "cityRecipient": "Кременчук"
  },
  {
    "number": 59000454885485,
    "dateTime": {
      "date": {
        "year": 2019,
        "month": 10,
        "day": 15
      },
      "time": {
        "hour": 9,
        "minute": 6,
        "second": 27,
        "nano": 0
      }
    },
    "citySender": "Кролевець",
    "cityRecipient": "Київ"
  },
  {
    "number": 59000454885486,
    "dateTime": {
      "date": {
        "year": 2019,
        "month": 10,
        "day": 15
      },
      "time": {
        "hour": 9,
        "minute": 6,
        "second": 40,
        "nano": 0
      }
    },
    "citySender": "Київ",
    "cityRecipient": "Часів Яр"
  },
  {
    "number": 59000454885487,
    "dateTime": {
      "date": {
        "year": 2019,
        "month": 10,
        "day": 15
      },
      "time": {
        "hour": 9,
        "minute": 6,
        "second": 26,
        "nano": 0
      }
    },
    "citySender": "Маріуполь",
    "cityRecipient": "Одеса"
  },
  {
    "number": 59000454885488,
    "dateTime": {
      "date": {
        "year": 2019,
        "month": 10,
        "day": 15
      },
      "time": {
        "hour": 9,
        "minute": 6,
        "second": 27,
        "nano": 0
      }
    },
    "citySender": "Івано-Франківськ",
    "cityRecipient": "Біла"
  },
  {
    "number": 59000454885489,
    "dateTime": {
      "date": {
        "year": 2019,
        "month": 10,
        "day": 15
      },
      "time": {
        "hour": 9,
        "minute": 6,
        "second": 45,
        "nano": 0
      }
    },
    "citySender": "Маріуполь",
    "cityRecipient": "Львів"
  },
  {
    "number": 59000454885491,
    "dateTime": {
      "date": {
        "year": 2019,
        "month": 10,
        "day": 15
      },
      "time": {
        "hour": 9,
        "minute": 6,
        "second": 21,
        "nano": 0
      }
    },
    "citySender": "Запоріжжя",
    "cityRecipient": "Харків"
  },
  {
    "number": 59000454885492,
    "dateTime": {
      "date": {
        "year": 2019,
        "month": 10,
        "day": 15
      },
      "time": {
        "hour": 9,
        "minute": 6,
        "second": 42,
        "nano": 0
      }
    },
    "citySender": "Мукачево",
    "cityRecipient": "Ужгород"
  },
  {
    "number": 59000454885493,
    "dateTime": {
      "date": {
        "year": 2019,
        "month": 10,
        "day": 15
      },
      "time": {
        "hour": 9,
        "minute": 6,
        "second": 30,
        "nano": 0
      }
    },
    "citySender": "Кривий Ріг",
    "cityRecipient": "Київ"
  },
  {
    "number": 59000454885494,
    "dateTime": {
      "date": {
        "year": 2019,
        "month": 10,
        "day": 15
      },
      "time": {
        "hour": 9,
        "minute": 6,
        "second": 40,
        "nano": 0
      }
    },
    "citySender": "Коломия",
    "cityRecipient": "Київ"
  },
  {
    "number": 59000454885495,
    "dateTime": {
      "date": {
        "year": 2019,
        "month": 10,
        "day": 15
      },
      "time": {
        "hour": 9,
        "minute": 6,
        "second": 49,
        "nano": 0
      }
    },
    "citySender": "Запоріжжя",
    "cityRecipient": "Запоріжжя"
  },
  {
    "number": 59000454885496,
    "dateTime": {
      "date": {
        "year": 2019,
        "month": 10,
        "day": 15
      },
      "time": {
        "hour": 9,
        "minute": 6,
        "second": 36,
        "nano": 0
      }
    },
    "citySender": "Одеса",
    "cityRecipient": "Архангельське"
  },
  {
    "number": 59000454885497,
    "dateTime": {
      "date": {
        "year": 2019,
        "month": 10,
        "day": 15
      },
      "time": {
        "hour": 9,
        "minute": 6,
        "second": 40,
        "nano": 0
      }
    },
    "citySender": "Новооржицьке",
    "cityRecipient": "Кам\u0027янець-Подільський"
  },
  {
    "number": 59000454885498,
    "dateTime": {
      "date": {
        "year": 2019,
        "month": 10,
        "day": 15
      },
      "time": {
        "hour": 9,
        "minute": 5,
        "second": 11,
        "nano": 0
      }
    },
    "citySender": "Карлівка",
    "cityRecipient": "Новомосковськ"
  },
  {
    "number": 59000454885499,
    "dateTime": {
      "date": {
        "year": 2019,
        "month": 10,
        "day": 15
      },
      "time": {
        "hour": 9,
        "minute": 5,
        "second": 52,
        "nano": 0
      }
    },
    "citySender": "Ізяслав",
    "cityRecipient": "Осламів"
  },
  {
    "number": 59000454885500,
    "dateTime": {
      "date": {
        "year": 2019,
        "month": 10,
        "day": 15
      },
      "time": {
        "hour": 9,
        "minute": 4,
        "second": 43,
        "nano": 0
      }
    },
    "citySender": "Київ",
    "cityRecipient": "Київ"
  },
  {
    "number": 59000454885501,
    "dateTime": {
      "date": {
        "year": 2019,
        "month": 10,
        "day": 15
      },
      "time": {
        "hour": 9,
        "minute": 6,
        "second": 37,
        "nano": 0
      }
    },
    "citySender": "Олешки(Херсонська обл)",
    "cityRecipient": "Львів"
  },
  {
    "number": 59000454885502,
    "dateTime": {
      "date": {
        "year": 2019,
        "month": 10,
        "day": 15
      },
      "time": {
        "hour": 9,
        "minute": 6,
        "second": 48,
        "nano": 0
      }
    },
    "citySender": "Малехів",
    "cityRecipient": "Одеса"
  },
  {
    "number": 59000454885503,
    "dateTime": {
      "date": {
        "year": 2019,
        "month": 10,
        "day": 15
      },
      "time": {
        "hour": 9,
        "minute": 6,
        "second": 40,
        "nano": 0
      }
    },
    "citySender": "Херсон",
    "cityRecipient": "Чернігів"
  },
  {
    "number": 59000454885504,
    "dateTime": {
      "date": {
        "year": 2019,
        "month": 10,
        "day": 15
      },
      "time": {
        "hour": 9,
        "minute": 6,
        "second": 19,
        "nano": 0
      }
    },
    "citySender": "Михайлівка (Михайлівський р-н., Запорізька обл.)",
    "cityRecipient": "Луцьк"
  },
  {
    "number": 59000454885505,
    "dateTime": {
      "date": {
        "year": 2019,
        "month": 10,
        "day": 15
      },
      "time": {
        "hour": 9,
        "minute": 6,
        "second": 49,
        "nano": 0
      }
    },
    "citySender": "Станиця Луганська",
    "cityRecipient": "Запоріжжя"
  },
  {
    "number": 59000454885506,
    "dateTime": {
      "date": {
        "year": 2019,
        "month": 10,
        "day": 15
      },
      "time": {
        "hour": 9,
        "minute": 6,
        "second": 42,
        "nano": 0
      }
    },
    "citySender": "Харків",
    "cityRecipient": "Маріуполь"
  },
  {
    "number": 59000454885507,
    "dateTime": {
      "date": {
        "year": 2019,
        "month": 10,
        "day": 15
      },
      "time": {
        "hour": 9,
        "minute": 6,
        "second": 51,
        "nano": 0
      }
    },
    "citySender": "Немішаєве",
    "cityRecipient": "Львів"
  },
  {
    "number": 59000454885508,
    "dateTime": {
      "date": {
        "year": 2019,
        "month": 10,
        "day": 15
      },
      "time": {
        "hour": 9,
        "minute": 6,
        "second": 49,
        "nano": 0
      }
    },
    "citySender": "Очаків",
    "cityRecipient": "Підгайці (Підгаєцький р-н., Тернопільська обл.)"
  },
  {
    "number": 59000454885509,
    "dateTime": {
      "date": {
        "year": 2019,
        "month": 10,
        "day": 15
      },
      "time": {
        "hour": 9,
        "minute": 6,
        "second": 21,
        "nano": 0
      }
    },
    "citySender": "Опитне (Бахмутський р-н)",
    "cityRecipient": "Суми"
  },
  {
    "number": 59000454885510,
    "dateTime": {
      "date": {
        "year": 2019,
        "month": 10,
        "day": 15
      },
      "time": {
        "hour": 9,
        "minute": 6,
        "second": 51,
        "nano": 0
      }
    },
    "citySender": "Харків",
    "cityRecipient": "Старобільськ"
  },
  {
    "number": 59000454885511,
    "dateTime": {
      "date": {
        "year": 2019,
        "month": 10,
        "day": 15
      },
      "time": {
        "hour": 9,
        "minute": 6,
        "second": 47,
        "nano": 0
      }
    },
    "citySender": "Билбасівка",
    "cityRecipient": "Миколаїв"
  },
  {
    "number": 59000454885512,
    "dateTime": {
      "date": {
        "year": 2019,
        "month": 10,
        "day": 15
      },
      "time": {
        "hour": 9,
        "minute": 6,
        "second": 15,
        "nano": 0
      }
    },
    "citySender": "Нетішин",
    "cityRecipient": "Рівне"
  },
  {
    "number": 59000454885513,
    "dateTime": {
      "date": {
        "year": 2019,
        "month": 10,
        "day": 15
      },
      "time": {
        "hour": 9,
        "minute": 5,
        "second": 54,
        "nano": 0
      }
    },
    "citySender": "Харків",
    "cityRecipient": "Київ"
  },
  {
    "number": 59000454885514,
    "dateTime": {
      "date": {
        "year": 2019,
        "month": 10,
        "day": 15
      },
      "time": {
        "hour": 9,
        "minute": 6,
        "second": 33,
        "nano": 0
      }
    },
    "citySender": "Калуш",
    "cityRecipient": "Маріуполь"
  },
  {
    "number": 59000454885515,
    "dateTime": {
      "date": {
        "year": 2019,
        "month": 10,
        "day": 15
      },
      "time": {
        "hour": 9,
        "minute": 6,
        "second": 7,
        "nano": 0
      }
    },
    "citySender": "Слов\u0027янськ",
    "cityRecipient": "Торецьк"
  },
  {
    "number": 59000454885516,
    "dateTime": {
      "date": {
        "year": 2019,
        "month": 10,
        "day": 15
      },
      "time": {
        "hour": 9,
        "minute": 5,
        "second": 44,
        "nano": 0
      }
    },
    "citySender": "Тернівка",
    "cityRecipient": "Трускавець"
  },
  {
    "number": 59000454885517,
    "dateTime": {
      "date": {
        "year": 2019,
        "month": 10,
        "day": 15
      },
      "time": {
        "hour": 9,
        "minute": 6,
        "second": 9,
        "nano": 0
      }
    },
    "citySender": "Кремінна",
    "cityRecipient": "Бровари"
  },
  {
    "number": 59000454885518,
    "dateTime": {
      "date": {
        "year": 2019,
        "month": 10,
        "day": 15
      },
      "time": {
        "hour": 9,
        "minute": 6,
        "second": 53,
        "nano": 0
      }
    },
    "citySender": "Київ",
    "cityRecipient": "Київ"
  },
  {
    "number": 59000454885519,
    "dateTime": {
      "date": {
        "year": 2019,
        "month": 10,
        "day": 15
      },
      "time": {
        "hour": 9,
        "minute": 6,
        "second": 1,
        "nano": 0
      }
    },
    "citySender": "Коцюбинське",
    "cityRecipient": "Київ"
  },
  {
    "number": 59000454885520,
    "dateTime": {
      "date": {
        "year": 2019,
        "month": 10,
        "day": 15
      },
      "time": {
        "hour": 9,
        "minute": 6,
        "second": 2,
        "nano": 0
      }
    },
    "citySender": "Любомль",
    "cityRecipient": "Винники"
  },
  {
    "number": 59000454885521,
    "dateTime": {
      "date": {
        "year": 2019,
        "month": 10,
        "day": 15
      },
      "time": {
        "hour": 9,
        "minute": 5,
        "second": 14,
        "nano": 0
      }
    },
    "citySender": "Нікополь (Дніпропетровська обл.)",
    "cityRecipient": "Кривий Ріг"
  },
  {
    "number": 59000454885522,
    "dateTime": {
      "date": {
        "year": 2019,
        "month": 10,
        "day": 15
      },
      "time": {
        "hour": 9,
        "minute": 6,
        "second": 25,
        "nano": 0
      }
    },
    "citySender": "Умань",
    "cityRecipient": "Київ"
  },
  {
    "number": 59000454885523,
    "dateTime": {
      "date": {
        "year": 2019,
        "month": 10,
        "day": 15
      },
      "time": {
        "hour": 9,
        "minute": 6,
        "second": 41,
        "nano": 0
      }
    },
    "citySender": "Луцьк",
    "cityRecipient": "Київ"
  },
  {
    "number": 59000454885524,
    "dateTime": {
      "date": {
        "year": 2019,
        "month": 10,
        "day": 15
      },
      "time": {
        "hour": 9,
        "minute": 6,
        "second": 35,
        "nano": 0
      }
    },
    "citySender": "Нова Маячка",
    "cityRecipient": "Запоріжжя"
  },
  {
    "number": 59000454885525,
    "dateTime": {
      "date": {
        "year": 2019,
        "month": 10,
        "day": 15
      },
      "time": {
        "hour": 9,
        "minute": 6,
        "second": 32,
        "nano": 0
      }
    },
    "citySender": "Солоне",
    "cityRecipient": "Київ"
  },
  {
    "number": 59000454885526,
    "dateTime": {
      "date": {
        "year": 2019,
        "month": 10,
        "day": 15
      },
      "time": {
        "hour": 9,
        "minute": 5,
        "second": 41,
        "nano": 0
      }
    },
    "citySender": "Дворічна",
    "cityRecipient": "Суми"
  },
  {
    "number": 59000454885527,
    "dateTime": {
      "date": {
        "year": 2019,
        "month": 10,
        "day": 15
      },
      "time": {
        "hour": 9,
        "minute": 6,
        "second": 52,
        "nano": 0
      }
    },
    "citySender": "Запоріжжя",
    "cityRecipient": "Новоолександрівка(Дніпропетровська обл.)"
  },
  {
    "number": 59000454885528,
    "dateTime": {
      "date": {
        "year": 2019,
        "month": 10,
        "day": 15
      },
      "time": {
        "hour": 9,
        "minute": 6,
        "second": 48,
        "nano": 0
      }
    },
    "citySender": "Крихівці",
    "cityRecipient": "Покровськ (Донецька обл.)"
  },
  {
    "number": 59000454885529,
    "dateTime": {
      "date": {
        "year": 2019,
        "month": 10,
        "day": 15
      },
      "time": {
        "hour": 9,
        "minute": 6,
        "second": 39,
        "nano": 0
      }
    },
    "citySender": "Очеретине (Ясинуватський р-н)",
    "cityRecipient": "Нікополь (Дніпропетровська обл.)"
  },
  {
    "number": 59000454885530,
    "dateTime": {
      "date": {
        "year": 2019,
        "month": 10,
        "day": 15
      },
      "time": {
        "hour": 9,
        "minute": 5,
        "second": 55,
        "nano": 0
      }
    },
    "citySender": "Широке (Широківський р-н. Дніпропетровська обл)",
    "cityRecipient": "Запоріжжя"
  },
  {
    "number": 59000454885531,
    "dateTime": {
      "date": {
        "year": 2019,
        "month": 10,
        "day": 15
      },
      "time": {
        "hour": 9,
        "minute": 6,
        "second": 11,
        "nano": 0
      }
    },
    "citySender": "Нові Петрівці",
    "cityRecipient": "Тернопіль"
  },
  {
    "number": 59000454885532,
    "dateTime": {
      "date": {
        "year": 2019,
        "month": 10,
        "day": 15
      },
      "time": {
        "hour": 9,
        "minute": 6,
        "second": 55,
        "nano": 0
      }
    },
    "citySender": "Гнідин",
    "cityRecipient": "Київ"
  },
  {
    "number": 59000454885533,
    "dateTime": {
      "date": {
        "year": 2019,
        "month": 10,
        "day": 15
      },
      "time": {
        "hour": 9,
        "minute": 6,
        "second": 51,
        "nano": 0
      }
    },
    "citySender": "Якимівка (Запорізька обл.)",
    "cityRecipient": "Велика Димерка"
  },
  {
    "number": 59000454885534,
    "dateTime": {
      "date": {
        "year": 2019,
        "month": 10,
        "day": 15
      },
      "time": {
        "hour": 9,
        "minute": 6,
        "second": 32,
        "nano": 0
      }
    },
    "citySender": "Київ",
    "cityRecipient": "Любомль"
  },
  {
    "number": 59000454885535,
    "dateTime": {
      "date": {
        "year": 2019,
        "month": 10,
        "day": 15
      },
      "time": {
        "hour": 9,
        "minute": 6,
        "second": 42,
        "nano": 0
      }
    },
    "citySender": "Рубіжне",
    "cityRecipient": "Київ"
  },
  {
    "number": 59000454885536,
    "dateTime": {
      "date": {
        "year": 2019,
        "month": 10,
        "day": 15
      },
      "time": {
        "hour": 9,
        "minute": 6,
        "second": 32,
        "nano": 0
      }
    },
    "citySender": "Харків",
    "cityRecipient": "Львів"
  },
  {
    "number": 59000454885537,
    "dateTime": {
      "date": {
        "year": 2019,
        "month": 10,
        "day": 15
      },
      "time": {
        "hour": 9,
        "minute": 6,
        "second": 33,
        "nano": 0
      }
    },
    "citySender": "Свалява",
    "cityRecipient": "Хмельницький"
  },
  {
    "number": 59000454885538,
    "dateTime": {
      "date": {
        "year": 2019,
        "month": 10,
        "day": 15
      },
      "time": {
        "hour": 9,
        "minute": 6,
        "second": 32,
        "nano": 0
      }
    },
    "citySender": "Мала Дівиця",
    "cityRecipient": "Київ"
  },
  {
    "number": 59000454885539,
    "dateTime": {
      "date": {
        "year": 2019,
        "month": 10,
        "day": 15
      },
      "time": {
        "hour": 9,
        "minute": 5,
        "second": 51,
        "nano": 0
      }
    },
    "citySender": "Тернівка",
    "cityRecipient": "Маріуполь"
  },
  {
    "number": 59000454885540,
    "dateTime": {
      "date": {
        "year": 2019,
        "month": 10,
        "day": 15
      },
      "time": {
        "hour": 9,
        "minute": 5,
        "second": 53,
        "nano": 0
      }
    },
    "citySender": "Кривий Ріг",
    "cityRecipient": "Львів"
  },
  {
    "number": 59000454885541,
    "dateTime": {
      "date": {
        "year": 2019,
        "month": 10,
        "day": 15
      },
      "time": {
        "hour": 9,
        "minute": 6,
        "second": 46,
        "nano": 0
      }
    },
    "citySender": "Маріуполь",
    "cityRecipient": "Бахмач"
  },
  {
    "number": 59000454885542,
    "dateTime": {
      "date": {
        "year": 2019,
        "month": 10,
        "day": 15
      },
      "time": {
        "hour": 9,
        "minute": 6,
        "second": 48,
        "nano": 0
      }
    },
    "citySender": "Новоград-Волинський",
    "cityRecipient": "Вугледар"
  },
  {
    "number": 59000454885543,
    "dateTime": {
      "date": {
        "year": 2019,
        "month": 10,
        "day": 15
      },
      "time": {
        "hour": 9,
        "minute": 6,
        "second": 30,
        "nano": 0
      }
    },
    "citySender": "Кривий Ріг",
    "cityRecipient": "Енергодар"
  }
]